ISO-10303-21;
HEADER;
FILE_DESCRIPTION(('Open CASCADE Model'),'2;1');
FILE_NAME('Open CASCADE Shape Model','2026-10-02T11:31:54',('Author'),(
    'Open CASCADE'),'Open CASCADE STEP processor 7.9','Open CASCADE 7.9'
  ,'Unknown');
FILE_SCHEMA(('AUTOMOTIVE_DESIGN { 1 0 10303 214 1 1 1 1 }'));
ENDSEC;
DATA;
#1 = APPLICATION_PROTOCOL_DEFINITION('international standard',
  'automotive_design',2000,#2);
#2 = APPLICATION_CONTEXT(
  'core data for automotive mechanical design processes');
#3 = SHAPE_DEFINITION_REPRESENTATION(#4,#10);
#4 = PRODUCT_DEFINITION_SHAPE('','',#5);
#5 = PRODUCT_DEFINITION('design','',#6,#9);
#6 = PRODUCT_DEFINITION_FORMATION('','',#7);
#7 = PRODUCT('Lezhandr_R05_sleep','Lezhandr_R05_sleep','',(#8));
#8 = PRODUCT_CONTEXT('',#2,'mechanical');
#9 = PRODUCT_DEFINITION_CONTEXT('part definition',#2,'design');
#10 = SHAPE_REPRESENTATION('',(#11,#15,#19,#23,#27,#31,#35,#39,#43,#47,
    #51,#55,#59,#63,#67,#71,#75,#79,#83,#87,#91,#95,#99,#103,#107,#111,
    #115,#119),#123);
#11 = AXIS2_PLACEMENT_3D('',#12,#13,#14);
#12 = CARTESIAN_POINT('',(0.,0.,0.));
#13 = DIRECTION('',(0.,0.,1.));
#14 = DIRECTION('',(1.,0.,-0.));
#15 = AXIS2_PLACEMENT_3D('',#16,#17,#18);
#16 = CARTESIAN_POINT('',(0.,0.,0.));
#17 = DIRECTION('',(0.,0.,1.));
#18 = DIRECTION('',(1.,0.,-0.));
#19 = AXIS2_PLACEMENT_3D('',#20,#21,#22);
#20 = CARTESIAN_POINT('',(0.,0.,0.));
#21 = DIRECTION('',(0.,0.,1.));
#22 = DIRECTION('',(1.,0.,-0.));
#23 = AXIS2_PLACEMENT_3D('',#24,#25,#26);
#24 = CARTESIAN_POINT('',(0.,0.,0.));
#25 = DIRECTION('',(0.,0.,1.));
#26 = DIRECTION('',(1.,0.,-0.));
#27 = AXIS2_PLACEMENT_3D('',#28,#29,#30);
#28 = CARTESIAN_POINT('',(0.,0.,0.));
#29 = DIRECTION('',(0.,0.,1.));
#30 = DIRECTION('',(1.,0.,-0.));
#31 = AXIS2_PLACEMENT_3D('',#32,#33,#34);
#32 = CARTESIAN_POINT('',(0.,0.,0.));
#33 = DIRECTION('',(0.,0.,1.));
#34 = DIRECTION('',(1.,0.,-0.));
#35 = AXIS2_PLACEMENT_3D('',#36,#37,#38);
#36 = CARTESIAN_POINT('',(0.,0.,0.));
#37 = DIRECTION('',(0.,0.,1.));
#38 = DIRECTION('',(1.,0.,-0.));
#39 = AXIS2_PLACEMENT_3D('',#40,#41,#42);
#40 = CARTESIAN_POINT('',(0.,0.,0.));
#41 = DIRECTION('',(0.,0.,1.));
#42 = DIRECTION('',(1.,0.,-0.));
#43 = AXIS2_PLACEMENT_3D('',#44,#45,#46);
#44 = CARTESIAN_POINT('',(0.,0.,0.));
#45 = DIRECTION('',(0.,0.,1.));
#46 = DIRECTION('',(1.,0.,-0.));
#47 = AXIS2_PLACEMENT_3D('',#48,#49,#50);
#48 = CARTESIAN_POINT('',(0.,0.,0.));
#49 = DIRECTION('',(0.,0.,1.));
#50 = DIRECTION('',(1.,0.,-0.));
#51 = AXIS2_PLACEMENT_3D('',#52,#53,#54);
#52 = CARTESIAN_POINT('',(0.,0.,0.));
#53 = DIRECTION('',(0.,0.,1.));
#54 = DIRECTION('',(1.,0.,-0.));
#55 = AXIS2_PLACEMENT_3D('',#56,#57,#58);
#56 = CARTESIAN_POINT('',(0.,0.,0.));
#57 = DIRECTION('',(0.,0.,1.));
#58 = DIRECTION('',(1.,0.,-0.));
#59 = AXIS2_PLACEMENT_3D('',#60,#61,#62);
#60 = CARTESIAN_POINT('',(0.,0.,0.));
#61 = DIRECTION('',(0.,0.,1.));
#62 = DIRECTION('',(1.,0.,-0.));
#63 = AXIS2_PLACEMENT_3D('',#64,#65,#66);
#64 = CARTESIAN_POINT('',(0.,0.,0.));
#65 = DIRECTION('',(0.,0.,1.));
#66 = DIRECTION('',(1.,0.,-0.));
#67 = AXIS2_PLACEMENT_3D('',#68,#69,#70);
#68 = CARTESIAN_POINT('',(0.,0.,0.));
#69 = DIRECTION('',(0.,0.,1.));
#70 = DIRECTION('',(1.,0.,-0.));
#71 = AXIS2_PLACEMENT_3D('',#72,#73,#74);
#72 = CARTESIAN_POINT('',(0.,0.,0.));
#73 = DIRECTION('',(0.,0.,1.));
#74 = DIRECTION('',(1.,0.,-0.));
#75 = AXIS2_PLACEMENT_3D('',#76,#77,#78);
#76 = CARTESIAN_POINT('',(0.,0.,0.));
#77 = DIRECTION('',(0.,0.,1.));
#78 = DIRECTION('',(1.,0.,-0.));
#79 = AXIS2_PLACEMENT_3D('',#80,#81,#82);
#80 = CARTESIAN_POINT('',(0.,0.,0.));
#81 = DIRECTION('',(0.,0.,1.));
#82 = DIRECTION('',(1.,0.,-0.));
#83 = AXIS2_PLACEMENT_3D('',#84,#85,#86);
#84 = CARTESIAN_POINT('',(0.,0.,0.));
#85 = DIRECTION('',(0.,0.,1.));
#86 = DIRECTION('',(1.,0.,-0.));
#87 = AXIS2_PLACEMENT_3D('',#88,#89,#90);
#88 = CARTESIAN_POINT('',(0.,0.,0.));
#89 = DIRECTION('',(0.,0.,1.));
#90 = DIRECTION('',(1.,0.,-0.));
#91 = AXIS2_PLACEMENT_3D('',#92,#93,#94);
#92 = CARTESIAN_POINT('',(0.,0.,0.));
#93 = DIRECTION('',(0.,0.,1.));
#94 = DIRECTION('',(1.,0.,-0.));
#95 = AXIS2_PLACEMENT_3D('',#96,#97,#98);
#96 = CARTESIAN_POINT('',(0.,0.,0.));
#97 = DIRECTION('',(0.,0.,1.));
#98 = DIRECTION('',(1.,0.,-0.));
#99 = AXIS2_PLACEMENT_3D('',#100,#101,#102);
#100 = CARTESIAN_POINT('',(0.,0.,0.));
#101 = DIRECTION('',(0.,0.,1.));
#102 = DIRECTION('',(1.,0.,-0.));
#103 = AXIS2_PLACEMENT_3D('',#104,#105,#106);
#104 = CARTESIAN_POINT('',(0.,0.,0.));
#105 = DIRECTION('',(0.,0.,1.));
#106 = DIRECTION('',(1.,0.,-0.));
#107 = AXIS2_PLACEMENT_3D('',#108,#109,#110);
#108 = CARTESIAN_POINT('',(0.,0.,0.));
#109 = DIRECTION('',(0.,0.,1.));
#110 = DIRECTION('',(1.,0.,-0.));
#111 = AXIS2_PLACEMENT_3D('',#112,#113,#114);
#112 = CARTESIAN_POINT('',(0.,0.,0.));
#113 = DIRECTION('',(0.,0.,1.));
#114 = DIRECTION('',(1.,0.,-0.));
#115 = AXIS2_PLACEMENT_3D('',#116,#117,#118);
#116 = CARTESIAN_POINT('',(0.,0.,0.));
#117 = DIRECTION('',(0.,0.,1.));
#118 = DIRECTION('',(1.,0.,-0.));
#119 = AXIS2_PLACEMENT_3D('',#120,#121,#122);
#120 = CARTESIAN_POINT('',(0.,0.,0.));
#121 = DIRECTION('',(0.,0.,1.));
#122 = DIRECTION('',(1.,0.,-0.));
#123 = ( GEOMETRIC_REPRESENTATION_CONTEXT(3) 
GLOBAL_UNCERTAINTY_ASSIGNED_CONTEXT((#127)) GLOBAL_UNIT_ASSIGNED_CONTEXT
((#124,#125,#126)) REPRESENTATION_CONTEXT('Context #1',
  '3D Context with UNIT and UNCERTAINTY') );
#124 = ( LENGTH_UNIT() NAMED_UNIT(*) SI_UNIT(.MILLI.,.METRE.) );
#125 = ( NAMED_UNIT(*) PLANE_ANGLE_UNIT() SI_UNIT($,.RADIAN.) );
#126 = ( NAMED_UNIT(*) SI_UNIT($,.STERADIAN.) SOLID_ANGLE_UNIT() );
#127 = UNCERTAINTY_MEASURE_WITH_UNIT(LENGTH_MEASURE(1.E-07),#124,
  'distance_accuracy_value','confusion accuracy');
#128 = PRODUCT_RELATED_PRODUCT_CATEGORY('part',$,(#7));
#129 = SHAPE_DEFINITION_REPRESENTATION(#130,#136);
#130 = PRODUCT_DEFINITION_SHAPE('','',#131);
#131 = PRODUCT_DEFINITION('design','',#132,#135);
#132 = PRODUCT_DEFINITION_FORMATION('','',#133);
#133 = PRODUCT('R04_O01','R04_O01','',(#134));
#134 = PRODUCT_CONTEXT('',#2,'mechanical');
#135 = PRODUCT_DEFINITION_CONTEXT('part definition',#2,'design');
#136 = MANIFOLD_SURFACE_SHAPE_REPRESENTATION('',(#11,#137),#308);
#137 = SHELL_BASED_SURFACE_MODEL('',(#138));
#138 = OPEN_SHELL('',(#139));
#139 = ADVANCED_FACE('',(#140),#162,.T.);
#140 = FACE_BOUND('',#141,.T.);
#141 = EDGE_LOOP('',(#142,#246,#266,#290));
#142 = ORIENTED_EDGE('',*,*,#143,.F.);
#143 = EDGE_CURVE('',#144,#146,#148,.T.);
#144 = VERTEX_POINT('',#145);
#145 = CARTESIAN_POINT('',(2.26E+03,0.,0.));
#146 = VERTEX_POINT('',#147);
#147 = CARTESIAN_POINT('',(2.26E+03,0.,310.));
#148 = SURFACE_CURVE('',#149,(#161),.PCURVE_S1.);
#149 = B_SPLINE_CURVE_WITH_KNOTS('',3,(#150,#151,#152,#153,#154,#155,
    #156,#157,#158,#159,#160),.UNSPECIFIED.,.F.,.F.,(4,1,1,1,1,1,1,1,4),
  (0.,0.101121566166,0.21755126158,0.35282086721,0.5,0.64717913279,
    0.78244873842,0.898878433834,1.),.UNSPECIFIED.);
#150 = CARTESIAN_POINT('',(2.26E+03,0.,0.));
#151 = CARTESIAN_POINT('',(2.273580104666E+03,0.,-0.143290352319));
#152 = CARTESIAN_POINT('',(2.3021383186E+03,0.,9.864405917129));
#153 = CARTESIAN_POINT('',(2.334608786827E+03,0.,46.043486490019));
#154 = CARTESIAN_POINT('',(2.355269130712E+03,0.,96.601994235879));
#155 = CARTESIAN_POINT('',(2.362462947043E+03,0.,155.));
#156 = CARTESIAN_POINT('',(2.355269130712E+03,0.,213.39800576412));
#157 = CARTESIAN_POINT('',(2.334608786827E+03,0.,263.95651350998));
#158 = CARTESIAN_POINT('',(2.3021383186E+03,0.,300.13559408287));
#159 = CARTESIAN_POINT('',(2.273580104666E+03,0.,310.14329035231));
#160 = CARTESIAN_POINT('',(2.26E+03,0.,310.));
#161 = PCURVE('',#162,#240);
#162 = B_SPLINE_SURFACE_WITH_KNOTS('',3,3,(
    (#163,#164,#165,#166,#167,#168,#169,#170,#171,#172,#173)
    ,(#174,#175,#176,#177,#178,#179,#180,#181,#182,#183,#184)
    ,(#185,#186,#187,#188,#189,#190,#191,#192,#193,#194,#195)
    ,(#196,#197,#198,#199,#200,#201,#202,#203,#204,#205,#206)
    ,(#207,#208,#209,#210,#211,#212,#213,#214,#215,#216,#217)
    ,(#218,#219,#220,#221,#222,#223,#224,#225,#226,#227,#228)
    ,(#229,#230,#231,#232,#233,#234,#235,#236,#237,#238,#239
  )),.UNSPECIFIED.,.F.,.F.,.F.,(4,1,1,1,4),(4,1,1,1,1,1,1,1,4),(0.,
    0.231192132293,0.469097580877,0.723289589175,1.),(0.,0.101121566166,
    0.21755126158,0.35282086721,0.5,0.64717913279,0.78244873842,
    0.898878433834,1.),.UNSPECIFIED.);
#163 = CARTESIAN_POINT('',(2.26E+03,0.,0.));
#164 = CARTESIAN_POINT('',(2.273580104666E+03,0.,-0.143290352319));
#165 = CARTESIAN_POINT('',(2.3021383186E+03,0.,9.864405917129));
#166 = CARTESIAN_POINT('',(2.334608786827E+03,0.,46.043486490019));
#167 = CARTESIAN_POINT('',(2.355269130712E+03,0.,96.601994235879));
#168 = CARTESIAN_POINT('',(2.362462947043E+03,0.,155.));
#169 = CARTESIAN_POINT('',(2.355269130712E+03,0.,213.39800576412));
#170 = CARTESIAN_POINT('',(2.334608786827E+03,0.,263.95651350998));
#171 = CARTESIAN_POINT('',(2.3021383186E+03,0.,300.13559408287));
#172 = CARTESIAN_POINT('',(2.273580104666E+03,0.,310.14329035231));
#173 = CARTESIAN_POINT('',(2.26E+03,0.,310.));
#174 = CARTESIAN_POINT('',(2.260003396838E+03,19.072100520985,0.));
#175 = CARTESIAN_POINT('',(2.273591013924E+03,20.550904166377,
    -0.143290355132));
#176 = CARTESIAN_POINT('',(2.302165026063E+03,23.660746977558,
    9.864406110784));
#177 = CARTESIAN_POINT('',(2.334653456726E+03,27.196614186271,
    46.043487393934));
#178 = CARTESIAN_POINT('',(2.35532522977E+03,29.446419515747,
    96.601996132347));
#179 = CARTESIAN_POINT('',(2.36252302567E+03,30.229789163912,
    155.00000304292));
#180 = CARTESIAN_POINT('',(2.35532522977E+03,29.446419515747,
    213.3980099535));
#181 = CARTESIAN_POINT('',(2.334653456726E+03,27.196614186271,
    263.95651869191));
#182 = CARTESIAN_POINT('',(2.302165026063E+03,23.660746977557,
    300.13559997506));
#183 = CARTESIAN_POINT('',(2.273591013924E+03,20.550904166377,
    310.14329644097));
#184 = CARTESIAN_POINT('',(2.260003396838E+03,19.072100520985,
    310.00000608584));
#185 = CARTESIAN_POINT('',(2.253618627157E+03,57.800239271034,0.));
#186 = CARTESIAN_POINT('',(2.266704578508E+03,62.265519741758,
    -0.143290347309));
#187 = CARTESIAN_POINT('',(2.294223615173E+03,71.655759220176,
    9.864405572199));
#188 = CARTESIAN_POINT('',(2.325512546887E+03,82.332388834487,
    46.04348488001));
#189 = CARTESIAN_POINT('',(2.34542110147E+03,89.125726024277,
    96.601990857984));
#190 = CARTESIAN_POINT('',(2.352353148966E+03,91.491128085742,
    154.99999458009));
#191 = CARTESIAN_POINT('',(2.34542110147E+03,89.125726024277,
    213.3979983022));
#192 = CARTESIAN_POINT('',(2.325512546887E+03,82.332388834487,
    263.95650428017));
#193 = CARTESIAN_POINT('',(2.294223615173E+03,71.655759220176,
    300.13558358799));
#194 = CARTESIAN_POINT('',(2.266704578508E+03,62.265519741759,
    310.14327950749));
#195 = CARTESIAN_POINT('',(2.253618627157E+03,57.800239271034,
    309.99998916018));
#196 = CARTESIAN_POINT('',(2.225015945396E+03,114.7619923135,0.));
#197 = CARTESIAN_POINT('',(2.236454319338E+03,122.66876366648,
    -0.143290357877));
#198 = CARTESIAN_POINT('',(2.260508591241E+03,139.29626937239,
    9.864406299742));
#199 = CARTESIAN_POINT('',(2.287858112234E+03,158.20161467694,
    46.043488275921));
#200 = CARTESIAN_POINT('',(2.305260094395E+03,170.23072779435,
    96.601997982809));
#201 = CARTESIAN_POINT('',(2.311319367375E+03,174.41919778643,
    155.00000601202));
#202 = CARTESIAN_POINT('',(2.305260094395E+03,170.23072779435,
    213.39801404125));
#203 = CARTESIAN_POINT('',(2.287858112234E+03,158.20161467694,
    263.95652374813));
#204 = CARTESIAN_POINT('',(2.260508591241E+03,139.29626937239,
    300.13560572431));
#205 = CARTESIAN_POINT('',(2.236454319338E+03,122.66876366648,
    310.14330238193));
#206 = CARTESIAN_POINT('',(2.225015945396E+03,114.7619923135,
    310.00001202405));
#207 = CARTESIAN_POINT('',(2.178175023978E+03,169.35746573025,0.));
#208 = CARTESIAN_POINT('',(2.187840234171E+03,179.61265329325,
    -0.143290502105));
#209 = CARTESIAN_POINT('',(2.208165640136E+03,201.1787492516,
    9.864416228702));
#210 = CARTESIAN_POINT('',(2.231275469416E+03,225.69923345258,
    46.043534620719));
#211 = CARTESIAN_POINT('',(2.245979816047E+03,241.30115308937,
    96.602095216973));
#212 = CARTESIAN_POINT('',(2.251099787404E+03,246.73365435356,
    155.00016202636));
#213 = CARTESIAN_POINT('',(2.245979816047E+03,241.30115308936,
    213.39822883574));
#214 = CARTESIAN_POINT('',(2.231275469416E+03,225.69923345258,
    263.956789432));
#215 = CARTESIAN_POINT('',(2.208165640136E+03,201.17874925159,
    300.13590782402));
#216 = CARTESIAN_POINT('',(2.187840234171E+03,179.61265329325,
    310.14361455482));
#217 = CARTESIAN_POINT('',(2.178175023978E+03,169.35746573025,
    310.00032405272));
#218 = CARTESIAN_POINT('',(2.137723254525E+03,201.85413344496,0.));
#219 = CARTESIAN_POINT('',(2.146388580894E+03,213.14717959012,
    -0.143292424846));
#220 = CARTESIAN_POINT('',(2.164611286118E+03,236.89583512009,
    9.864548594187));
#221 = CARTESIAN_POINT('',(2.185330360928E+03,263.89787266281,
    46.044152455032));
#222 = CARTESIAN_POINT('',(2.198513515776E+03,281.07875768604,
    96.60339147039));
#223 = CARTESIAN_POINT('',(2.203103816651E+03,287.0610458776,
    155.00224189315));
#224 = CARTESIAN_POINT('',(2.198513515776E+03,281.07875768604,
    213.40109231591));
#225 = CARTESIAN_POINT('',(2.185330360928E+03,263.89787266281,
    263.96033133126));
#226 = CARTESIAN_POINT('',(2.164611286118E+03,236.89583512009,
    300.13993519211));
#227 = CARTESIAN_POINT('',(2.146388580894E+03,213.14717959012,
    310.14777621114));
#228 = CARTESIAN_POINT('',(2.137723254525E+03,201.85413344496,
    310.0044837863));
#229 = CARTESIAN_POINT('',(2.115307436087E+03,217.5,0.));
#230 = CARTESIAN_POINT('',(2.123504749171E+03,229.25020365223,
    -0.143295657497));
#231 = CARTESIAN_POINT('',(2.140743248172E+03,253.96023630036,
    9.864771136615));
#232 = CARTESIAN_POINT('',(2.160343288125E+03,282.05535218616,
    46.045191202764));
#233 = CARTESIAN_POINT('',(2.172814422288E+03,299.9317422543,
    96.605570825389));
#234 = CARTESIAN_POINT('',(2.17715680154E+03,306.15620141736,
    155.00573871562));
#235 = CARTESIAN_POINT('',(2.172814422288E+03,299.9317422543,
    213.40590660586));
#236 = CARTESIAN_POINT('',(2.160343288125E+03,282.05535218616,
    263.96628622849));
#237 = CARTESIAN_POINT('',(2.140743248172E+03,253.96023630036,
    300.14670629464));
#238 = CARTESIAN_POINT('',(2.123504749171E+03,229.25020365223,
    310.15477308875));
#239 = CARTESIAN_POINT('',(2.115307436087E+03,217.5,310.01147743125));
#240 = DEFINITIONAL_REPRESENTATION('',(#241),#245);
#241 = LINE('',#242,#243);
#242 = CARTESIAN_POINT('',(0.,0.));
#243 = VECTOR('',#244,1.);
#244 = DIRECTION('',(0.,1.));
#245 = ( GEOMETRIC_REPRESENTATION_CONTEXT(2) 
PARAMETRIC_REPRESENTATION_CONTEXT() REPRESENTATION_CONTEXT('2D SPACE',''
  ) );
#246 = ORIENTED_EDGE('',*,*,#247,.T.);
#247 = EDGE_CURVE('',#144,#248,#250,.T.);
#248 = VERTEX_POINT('',#249);
#249 = CARTESIAN_POINT('',(2.115307436087E+03,217.5,0.));
#250 = SURFACE_CURVE('',#251,(#259),.PCURVE_S1.);
#251 = B_SPLINE_CURVE_WITH_KNOTS('',3,(#252,#253,#254,#255,#256,#257,
    #258),.UNSPECIFIED.,.F.,.F.,(4,1,1,1,4),(0.,0.231192132293,
    0.469097580877,0.723289589175,1.),.UNSPECIFIED.);
#252 = CARTESIAN_POINT('',(2.26E+03,0.,0.));
#253 = CARTESIAN_POINT('',(2.260003396838E+03,19.072100520985,0.));
#254 = CARTESIAN_POINT('',(2.253618627157E+03,57.800239271034,0.));
#255 = CARTESIAN_POINT('',(2.225015945396E+03,114.7619923135,0.));
#256 = CARTESIAN_POINT('',(2.178175023978E+03,169.35746573025,0.));
#257 = CARTESIAN_POINT('',(2.137723254525E+03,201.85413344496,0.));
#258 = CARTESIAN_POINT('',(2.115307436087E+03,217.5,0.));
#259 = PCURVE('',#162,#260);
#260 = DEFINITIONAL_REPRESENTATION('',(#261),#265);
#261 = LINE('',#262,#263);
#262 = CARTESIAN_POINT('',(0.,0.));
#263 = VECTOR('',#264,1.);
#264 = DIRECTION('',(1.,0.));
#265 = ( GEOMETRIC_REPRESENTATION_CONTEXT(2) 
PARAMETRIC_REPRESENTATION_CONTEXT() REPRESENTATION_CONTEXT('2D SPACE',''
  ) );
#266 = ORIENTED_EDGE('',*,*,#267,.T.);
#267 = EDGE_CURVE('',#248,#268,#270,.T.);
#268 = VERTEX_POINT('',#269);
#269 = CARTESIAN_POINT('',(2.115307436087E+03,217.5,310.01147743125));
#270 = SURFACE_CURVE('',#271,(#283),.PCURVE_S1.);
#271 = B_SPLINE_CURVE_WITH_KNOTS('',3,(#272,#273,#274,#275,#276,#277,
    #278,#279,#280,#281,#282),.UNSPECIFIED.,.F.,.F.,(4,1,1,1,1,1,1,1,4),
  (0.,0.101121566166,0.21755126158,0.35282086721,0.5,0.64717913279,
    0.78244873842,0.898878433834,1.),.UNSPECIFIED.);
#272 = CARTESIAN_POINT('',(2.115307436087E+03,217.5,0.));
#273 = CARTESIAN_POINT('',(2.123504749171E+03,229.25020365223,
    -0.143295657497));
#274 = CARTESIAN_POINT('',(2.140743248172E+03,253.96023630036,
    9.864771136615));
#275 = CARTESIAN_POINT('',(2.160343288125E+03,282.05535218616,
    46.045191202764));
#276 = CARTESIAN_POINT('',(2.172814422288E+03,299.9317422543,
    96.605570825389));
#277 = CARTESIAN_POINT('',(2.17715680154E+03,306.15620141736,
    155.00573871562));
#278 = CARTESIAN_POINT('',(2.172814422288E+03,299.9317422543,
    213.40590660586));
#279 = CARTESIAN_POINT('',(2.160343288125E+03,282.05535218616,
    263.96628622849));
#280 = CARTESIAN_POINT('',(2.140743248172E+03,253.96023630036,
    300.14670629464));
#281 = CARTESIAN_POINT('',(2.123504749171E+03,229.25020365223,
    310.15477308875));
#282 = CARTESIAN_POINT('',(2.115307436087E+03,217.5,310.01147743125));
#283 = PCURVE('',#162,#284);
#284 = DEFINITIONAL_REPRESENTATION('',(#285),#289);
#285 = LINE('',#286,#287);
#286 = CARTESIAN_POINT('',(1.,0.));
#287 = VECTOR('',#288,1.);
#288 = DIRECTION('',(0.,1.));
#289 = ( GEOMETRIC_REPRESENTATION_CONTEXT(2) 
PARAMETRIC_REPRESENTATION_CONTEXT() REPRESENTATION_CONTEXT('2D SPACE',''
  ) );
#290 = ORIENTED_EDGE('',*,*,#291,.F.);
#291 = EDGE_CURVE('',#146,#268,#292,.T.);
#292 = SURFACE_CURVE('',#293,(#301),.PCURVE_S1.);
#293 = B_SPLINE_CURVE_WITH_KNOTS('',3,(#294,#295,#296,#297,#298,#299,
    #300),.UNSPECIFIED.,.F.,.F.,(4,1,1,1,4),(0.,0.231192132293,
    0.469097580877,0.723289589175,1.),.UNSPECIFIED.);
#294 = CARTESIAN_POINT('',(2.26E+03,0.,310.));
#295 = CARTESIAN_POINT('',(2.260003396838E+03,19.072100520985,
    310.00000608584));
#296 = CARTESIAN_POINT('',(2.253618627157E+03,57.800239271034,
    309.99998916018));
#297 = CARTESIAN_POINT('',(2.225015945396E+03,114.7619923135,
    310.00001202405));
#298 = CARTESIAN_POINT('',(2.178175023978E+03,169.35746573025,
    310.00032405272));
#299 = CARTESIAN_POINT('',(2.137723254525E+03,201.85413344496,
    310.0044837863));
#300 = CARTESIAN_POINT('',(2.115307436087E+03,217.5,310.01147743125));
#301 = PCURVE('',#162,#302);
#302 = DEFINITIONAL_REPRESENTATION('',(#303),#307);
#303 = LINE('',#304,#305);
#304 = CARTESIAN_POINT('',(0.,1.));
#305 = VECTOR('',#306,1.);
#306 = DIRECTION('',(1.,0.));
#307 = ( GEOMETRIC_REPRESENTATION_CONTEXT(2) 
PARAMETRIC_REPRESENTATION_CONTEXT() REPRESENTATION_CONTEXT('2D SPACE',''
  ) );
#308 = ( GEOMETRIC_REPRESENTATION_CONTEXT(3) 
GLOBAL_UNCERTAINTY_ASSIGNED_CONTEXT((#312)) GLOBAL_UNIT_ASSIGNED_CONTEXT
((#309,#310,#311)) REPRESENTATION_CONTEXT('Context #1',
  '3D Context with UNIT and UNCERTAINTY') );
#309 = ( LENGTH_UNIT() NAMED_UNIT(*) SI_UNIT(.MILLI.,.METRE.) );
#310 = ( NAMED_UNIT(*) PLANE_ANGLE_UNIT() SI_UNIT($,.RADIAN.) );
#311 = ( NAMED_UNIT(*) SI_UNIT($,.STERADIAN.) SOLID_ANGLE_UNIT() );
#312 = UNCERTAINTY_MEASURE_WITH_UNIT(LENGTH_MEASURE(1.E-07),#309,
  'distance_accuracy_value','confusion accuracy');
#313 = CONTEXT_DEPENDENT_SHAPE_REPRESENTATION(#314,#316);
#314 = ( REPRESENTATION_RELATIONSHIP('','',#136,#10) 
REPRESENTATION_RELATIONSHIP_WITH_TRANSFORMATION(#315) 
SHAPE_REPRESENTATION_RELATIONSHIP() );
#315 = ITEM_DEFINED_TRANSFORMATION('','',#11,#15);
#316 = PRODUCT_DEFINITION_SHAPE('Placement','Placement of an item',#317
  );
#317 = NEXT_ASSEMBLY_USAGE_OCCURRENCE('694','R04_O01','',#5,#131,$);
#318 = PRODUCT_RELATED_PRODUCT_CATEGORY('part',$,(#133));
#319 = SHAPE_DEFINITION_REPRESENTATION(#320,#326);
#320 = PRODUCT_DEFINITION_SHAPE('','',#321);
#321 = PRODUCT_DEFINITION('design','',#322,#325);
#322 = PRODUCT_DEFINITION_FORMATION('','',#323);
#323 = PRODUCT('R04_L01','R04_L01','',(#324));
#324 = PRODUCT_CONTEXT('',#2,'mechanical');
#325 = PRODUCT_DEFINITION_CONTEXT('part definition',#2,'design');
#326 = MANIFOLD_SURFACE_SHAPE_REPRESENTATION('',(#11,#327),#511);
#327 = SHELL_BASED_SURFACE_MODEL('',(#328));
#328 = OPEN_SHELL('',(#329));
#329 = ADVANCED_FACE('',(#330),#352,.T.);
#330 = FACE_BOUND('',#331,.T.);
#331 = EDGE_LOOP('',(#332,#447,#468,#492));
#332 = ORIENTED_EDGE('',*,*,#333,.F.);
#333 = EDGE_CURVE('',#334,#336,#338,.T.);
#334 = VERTEX_POINT('',#335);
#335 = CARTESIAN_POINT('',(2.26E+03,0.,310.));
#336 = VERTEX_POINT('',#337);
#337 = CARTESIAN_POINT('',(2.26E+03,0.,0.));
#338 = SURFACE_CURVE('',#339,(#351),.PCURVE_S1.);
#339 = B_SPLINE_CURVE_WITH_KNOTS('',3,(#340,#341,#342,#343,#344,#345,
    #346,#347,#348,#349,#350),.UNSPECIFIED.,.F.,.F.,(4,1,1,1,1,1,1,1,4),
  (0.,0.101121566166,0.21755126158,0.35282086721,0.5,0.64717913279,
    0.78244873842,0.898878433834,1.),.UNSPECIFIED.);
#340 = CARTESIAN_POINT('',(2.26E+03,0.,310.));
#341 = CARTESIAN_POINT('',(2.246419895334E+03,0.,310.14329035231));
#342 = CARTESIAN_POINT('',(2.2178616814E+03,0.,300.13559408287));
#343 = CARTESIAN_POINT('',(2.185391213173E+03,0.,263.95651350998));
#344 = CARTESIAN_POINT('',(2.164730869288E+03,0.,213.39800576412));
#345 = CARTESIAN_POINT('',(2.157537052957E+03,0.,155.));
#346 = CARTESIAN_POINT('',(2.164730869288E+03,0.,96.601994235879));
#347 = CARTESIAN_POINT('',(2.185391213173E+03,0.,46.043486490019));
#348 = CARTESIAN_POINT('',(2.2178616814E+03,0.,9.864405917128));
#349 = CARTESIAN_POINT('',(2.246419895334E+03,0.,-0.143290352319));
#350 = CARTESIAN_POINT('',(2.26E+03,0.,0.));
#351 = PCURVE('',#352,#441);
#352 = B_SPLINE_SURFACE_WITH_KNOTS('',3,3,(
    (#353,#354,#355,#356,#357,#358,#359,#360,#361,#362,#363)
    ,(#364,#365,#366,#367,#368,#369,#370,#371,#372,#373,#374)
    ,(#375,#376,#377,#378,#379,#380,#381,#382,#383,#384,#385)
    ,(#386,#387,#388,#389,#390,#391,#392,#393,#394,#395,#396)
    ,(#397,#398,#399,#400,#401,#402,#403,#404,#405,#406,#407)
    ,(#408,#409,#410,#411,#412,#413,#414,#415,#416,#417,#418)
    ,(#419,#420,#421,#422,#423,#424,#425,#426,#427,#428,#429)
    ,(#430,#431,#432,#433,#434,#435,#436,#437,#438,#439,#440
  )),.UNSPECIFIED.,.F.,.F.,.F.,(4,1,1,1,1,4),(4,1,1,1,1,1,1,1,4),(0.,
    0.152574893792,0.319788556195,0.512986560146,0.738806375856,1.),(0.,
    0.101121566166,0.21755126158,0.35282086721,0.5,0.64717913279,
    0.78244873842,0.898878433834,1.),.UNSPECIFIED.);
#353 = CARTESIAN_POINT('',(2.26E+03,0.,310.));
#354 = CARTESIAN_POINT('',(2.246419895334E+03,0.,310.14329035231));
#355 = CARTESIAN_POINT('',(2.2178616814E+03,0.,300.13559408287));
#356 = CARTESIAN_POINT('',(2.185391213173E+03,0.,263.95651350998));
#357 = CARTESIAN_POINT('',(2.164730869288E+03,0.,213.39800576412));
#358 = CARTESIAN_POINT('',(2.157537052957E+03,0.,155.));
#359 = CARTESIAN_POINT('',(2.164730869288E+03,0.,96.601994235879));
#360 = CARTESIAN_POINT('',(2.185391213173E+03,0.,46.043486490019));
#361 = CARTESIAN_POINT('',(2.2178616814E+03,0.,9.864405917128));
#362 = CARTESIAN_POINT('',(2.246419895334E+03,0.,-0.143290352319));
#363 = CARTESIAN_POINT('',(2.26E+03,0.,0.));
#364 = CARTESIAN_POINT('',(2.260031447921E+03,15.44377479101,
    309.99999868395));
#365 = CARTESIAN_POINT('',(2.246445704763E+03,14.246028984887,
    310.14328903566));
#366 = CARTESIAN_POINT('',(2.217875633391E+03,11.727235366546,
    300.13559280869));
#367 = CARTESIAN_POINT('',(2.18539168335E+03,8.863386515862,
    263.9565123894));
#368 = CARTESIAN_POINT('',(2.164722761241E+03,7.041173738412,
    213.39800485817));
#369 = CARTESIAN_POINT('',(2.157525958021E+03,6.406689428303,
    154.99999934197));
#370 = CARTESIAN_POINT('',(2.164722761241E+03,7.041173738412,
    96.601993825773));
#371 = CARTESIAN_POINT('',(2.18539168335E+03,8.863386515862,
    46.04348629455));
#372 = CARTESIAN_POINT('',(2.217875633391E+03,11.727235366546,
    9.864405875251));
#373 = CARTESIAN_POINT('',(2.246445704763E+03,14.246028984887,
    -0.143290351711));
#374 = CARTESIAN_POINT('',(2.260031447921E+03,15.44377479101,0.));
#375 = CARTESIAN_POINT('',(2.255549528871E+03,47.763551835098,
    310.0000026263));
#376 = CARTESIAN_POINT('',(2.242305017391E+03,44.071293096766,
    310.14329297983));
#377 = CARTESIAN_POINT('',(2.214452537488E+03,36.306675846736,
    300.1355966256));
#378 = CARTESIAN_POINT('',(2.182784483393E+03,27.478366125136,
    263.9565157462));
#379 = CARTESIAN_POINT('',(2.16263470042E+03,21.861079872708,
    213.39800757201));
#380 = CARTESIAN_POINT('',(2.155618658546E+03,19.905172178136,
    155.00000131315));
#381 = CARTESIAN_POINT('',(2.16263470042E+03,21.861079872708,
    96.601995054286));
#382 = CARTESIAN_POINT('',(2.182784483393E+03,27.478366125136,
    46.043486880097));
#383 = CARTESIAN_POINT('',(2.214452537488E+03,36.306675846736,
    9.864406000699));
#384 = CARTESIAN_POINT('',(2.242305017391E+03,44.071293096766,
    -0.143290353533));
#385 = CARTESIAN_POINT('',(2.255549528871E+03,47.763551835098,0.));
#386 = CARTESIAN_POINT('',(2.236583373675E+03,93.925537918853,
    309.99999568653));
#387 = CARTESIAN_POINT('',(2.224512620121E+03,87.213573084586,
    310.14328603686));
#388 = CARTESIAN_POINT('',(2.199128488644E+03,73.09867983707,
    300.13558990666));
#389 = CARTESIAN_POINT('',(2.170266927607E+03,57.05015545219,
    263.95650983718));
#390 = CARTESIAN_POINT('',(2.151902863006E+03,46.838783372845,
    213.39800279481));
#391 = CARTESIAN_POINT('',(2.145508598295E+03,43.283240656201,
    154.99999784326));
#392 = CARTESIAN_POINT('',(2.151902863006E+03,46.838783372845,
    96.601992891721));
#393 = CARTESIAN_POINT('',(2.170266927607E+03,57.05015545219,
    46.043485849352));
#394 = CARTESIAN_POINT('',(2.199128488644E+03,73.09867983707,
    9.864405779871));
#395 = CARTESIAN_POINT('',(2.224512620121E+03,87.213573084585,
    -0.143290350325));
#396 = CARTESIAN_POINT('',(2.236583373675E+03,93.925537918853,0.));
#397 = CARTESIAN_POINT('',(2.206225326058E+03,138.05252204765,
    310.00007537002));
#398 = CARTESIAN_POINT('',(2.195545780773E+03,129.09976371256,
    310.14336575718));
#399 = CARTESIAN_POINT('',(2.173087283841E+03,110.27260485657,
    300.13566705457));
#400 = CARTESIAN_POINT('',(2.147552146641E+03,88.866270943868,
    263.95657768549));
#401 = CARTESIAN_POINT('',(2.13130462252E+03,75.245826148132,
    213.39805764738));
#402 = CARTESIAN_POINT('',(2.12564732538E+03,70.503263354941,
    155.00003768501));
#403 = CARTESIAN_POINT('',(2.13130462252E+03,75.245826148133,
    96.602017722636));
#404 = CARTESIAN_POINT('',(2.147552146641E+03,88.866270943868,
    46.043497684531));
#405 = CARTESIAN_POINT('',(2.173087283841E+03,110.27260485657,
    9.864408315453));
#406 = CARTESIAN_POINT('',(2.195545780773E+03,129.09976371256,
    -0.143290387157));
#407 = CARTESIAN_POINT('',(2.206225326058E+03,138.05252204765,0.));
#408 = CARTESIAN_POINT('',(2.165052789155E+03,180.26395966335,
    310.00121878656));
#409 = CARTESIAN_POINT('',(2.155725110981E+03,169.65265323296,
    310.14450970224));
#410 = CARTESIAN_POINT('',(2.136109516305E+03,147.33765886396,
    300.13677408684));
#411 = CARTESIAN_POINT('',(2.113806736967E+03,121.96568296593,
    263.95755127338));
#412 = CARTESIAN_POINT('',(2.099615900927E+03,105.82197529102,
    213.39884475322));
#413 = CARTESIAN_POINT('',(2.094674731089E+03,100.20082645842,
    155.00060939328));
#414 = CARTESIAN_POINT('',(2.099615900927E+03,105.82197529102,
    96.602374033341));
#415 = CARTESIAN_POINT('',(2.113806736967E+03,121.96568296592,
    46.04366751319));
#416 = CARTESIAN_POINT('',(2.136109516305E+03,147.33765886396,
    9.864444699726));
#417 = CARTESIAN_POINT('',(2.155725110981E+03,169.65265323296,
    -0.143290915675));
#418 = CARTESIAN_POINT('',(2.165052789155E+03,180.26395966335,0.));
#419 = CARTESIAN_POINT('',(2.132940444707E+03,205.1873237973,
    310.005920983));
#420 = CARTESIAN_POINT('',(2.12437546986E+03,193.79793644935,
    310.14921407216));
#421 = CARTESIAN_POINT('',(2.106363798372E+03,169.84668066355,
    300.14132665626));
#422 = CARTESIAN_POINT('',(2.085884667286E+03,142.61428819791,
    263.96155506491));
#423 = CARTESIAN_POINT('',(2.072854184086E+03,125.28683270055,
    213.40208165433));
#424 = CARTESIAN_POINT('',(2.068317042625E+03,119.25350948865,
    155.0029604915));
#425 = CARTESIAN_POINT('',(2.072854184086E+03,125.28683270055,
    96.603839328673));
#426 = CARTESIAN_POINT('',(2.085884667286E+03,142.61428819791,
    46.044365918087));
#427 = CARTESIAN_POINT('',(2.106363798372E+03,169.84668066355,
    9.86459432674));
#428 = CARTESIAN_POINT('',(2.12437546986E+03,193.79793644935,
    -0.143293089157));
#429 = CARTESIAN_POINT('',(2.132940444707E+03,205.1873237973,0.));
#430 = CARTESIAN_POINT('',(2.115307436087E+03,217.5,310.01147743125));
#431 = CARTESIAN_POINT('',(2.107110123004E+03,205.74979634776,
    310.15477308875));
#432 = CARTESIAN_POINT('',(2.089871624002E+03,181.03976369964,
    300.14670629464));
#433 = CARTESIAN_POINT('',(2.070271584049E+03,152.94464781383,
    263.96628622849));
#434 = CARTESIAN_POINT('',(2.057800449886E+03,135.06825774569,
    213.40590660586));
#435 = CARTESIAN_POINT('',(2.053458070635E+03,128.84379858263,
    155.00573871562));
#436 = CARTESIAN_POINT('',(2.057800449886E+03,135.06825774569,
    96.605570825389));
#437 = CARTESIAN_POINT('',(2.070271584049E+03,152.94464781383,
    46.045191202764));
#438 = CARTESIAN_POINT('',(2.089871624002E+03,181.03976369964,
    9.864771136615));
#439 = CARTESIAN_POINT('',(2.107110123004E+03,205.74979634776,
    -0.143295657497));
#440 = CARTESIAN_POINT('',(2.115307436087E+03,217.5,0.));
#441 = DEFINITIONAL_REPRESENTATION('',(#442),#446);
#442 = LINE('',#443,#444);
#443 = CARTESIAN_POINT('',(0.,0.));
#444 = VECTOR('',#445,1.);
#445 = DIRECTION('',(0.,1.));
#446 = ( GEOMETRIC_REPRESENTATION_CONTEXT(2) 
PARAMETRIC_REPRESENTATION_CONTEXT() REPRESENTATION_CONTEXT('2D SPACE',''
  ) );
#447 = ORIENTED_EDGE('',*,*,#448,.T.);
#448 = EDGE_CURVE('',#334,#449,#451,.T.);
#449 = VERTEX_POINT('',#450);
#450 = CARTESIAN_POINT('',(2.115307436087E+03,217.5,310.01147743125));
#451 = SURFACE_CURVE('',#452,(#461),.PCURVE_S1.);
#452 = B_SPLINE_CURVE_WITH_KNOTS('',3,(#453,#454,#455,#456,#457,#458,
    #459,#460),.UNSPECIFIED.,.F.,.F.,(4,1,1,1,1,4),(0.,0.152574893792,
    0.319788556195,0.512986560146,0.738806375856,1.),.UNSPECIFIED.);
#453 = CARTESIAN_POINT('',(2.26E+03,0.,310.));
#454 = CARTESIAN_POINT('',(2.260031447921E+03,15.44377479101,
    309.99999868395));
#455 = CARTESIAN_POINT('',(2.255549528871E+03,47.763551835098,
    310.0000026263));
#456 = CARTESIAN_POINT('',(2.236583373675E+03,93.925537918853,
    309.99999568653));
#457 = CARTESIAN_POINT('',(2.206225326058E+03,138.05252204765,
    310.00007537002));
#458 = CARTESIAN_POINT('',(2.165052789155E+03,180.26395966335,
    310.00121878656));
#459 = CARTESIAN_POINT('',(2.132940444707E+03,205.1873237973,
    310.005920983));
#460 = CARTESIAN_POINT('',(2.115307436087E+03,217.5,310.01147743125));
#461 = PCURVE('',#352,#462);
#462 = DEFINITIONAL_REPRESENTATION('',(#463),#467);
#463 = LINE('',#464,#465);
#464 = CARTESIAN_POINT('',(0.,0.));
#465 = VECTOR('',#466,1.);
#466 = DIRECTION('',(1.,0.));
#467 = ( GEOMETRIC_REPRESENTATION_CONTEXT(2) 
PARAMETRIC_REPRESENTATION_CONTEXT() REPRESENTATION_CONTEXT('2D SPACE',''
  ) );
#468 = ORIENTED_EDGE('',*,*,#469,.T.);
#469 = EDGE_CURVE('',#449,#470,#472,.T.);
#470 = VERTEX_POINT('',#471);
#471 = CARTESIAN_POINT('',(2.115307436087E+03,217.5,0.));
#472 = SURFACE_CURVE('',#473,(#485),.PCURVE_S1.);
#473 = B_SPLINE_CURVE_WITH_KNOTS('',3,(#474,#475,#476,#477,#478,#479,
    #480,#481,#482,#483,#484),.UNSPECIFIED.,.F.,.F.,(4,1,1,1,1,1,1,1,4),
  (0.,0.101121566166,0.21755126158,0.35282086721,0.5,0.64717913279,
    0.78244873842,0.898878433834,1.),.UNSPECIFIED.);
#474 = CARTESIAN_POINT('',(2.115307436087E+03,217.5,310.01147743125));
#475 = CARTESIAN_POINT('',(2.107110123004E+03,205.74979634776,
    310.15477308875));
#476 = CARTESIAN_POINT('',(2.089871624002E+03,181.03976369964,
    300.14670629464));
#477 = CARTESIAN_POINT('',(2.070271584049E+03,152.94464781383,
    263.96628622849));
#478 = CARTESIAN_POINT('',(2.057800449886E+03,135.06825774569,
    213.40590660586));
#479 = CARTESIAN_POINT('',(2.053458070635E+03,128.84379858263,
    155.00573871562));
#480 = CARTESIAN_POINT('',(2.057800449886E+03,135.06825774569,
    96.605570825389));
#481 = CARTESIAN_POINT('',(2.070271584049E+03,152.94464781383,
    46.045191202764));
#482 = CARTESIAN_POINT('',(2.089871624002E+03,181.03976369964,
    9.864771136615));
#483 = CARTESIAN_POINT('',(2.107110123004E+03,205.74979634776,
    -0.143295657497));
#484 = CARTESIAN_POINT('',(2.115307436087E+03,217.5,0.));
#485 = PCURVE('',#352,#486);
#486 = DEFINITIONAL_REPRESENTATION('',(#487),#491);
#487 = LINE('',#488,#489);
#488 = CARTESIAN_POINT('',(1.,0.));
#489 = VECTOR('',#490,1.);
#490 = DIRECTION('',(0.,1.));
#491 = ( GEOMETRIC_REPRESENTATION_CONTEXT(2) 
PARAMETRIC_REPRESENTATION_CONTEXT() REPRESENTATION_CONTEXT('2D SPACE',''
  ) );
#492 = ORIENTED_EDGE('',*,*,#493,.F.);
#493 = EDGE_CURVE('',#336,#470,#494,.T.);
#494 = SURFACE_CURVE('',#495,(#504),.PCURVE_S1.);
#495 = B_SPLINE_CURVE_WITH_KNOTS('',3,(#496,#497,#498,#499,#500,#501,
    #502,#503),.UNSPECIFIED.,.F.,.F.,(4,1,1,1,1,4),(0.,0.152574893792,
    0.319788556195,0.512986560146,0.738806375856,1.),.UNSPECIFIED.);
#496 = CARTESIAN_POINT('',(2.26E+03,0.,0.));
#497 = CARTESIAN_POINT('',(2.260031447921E+03,15.44377479101,0.));
#498 = CARTESIAN_POINT('',(2.255549528871E+03,47.763551835098,0.));
#499 = CARTESIAN_POINT('',(2.236583373675E+03,93.925537918853,0.));
#500 = CARTESIAN_POINT('',(2.206225326058E+03,138.05252204765,0.));
#501 = CARTESIAN_POINT('',(2.165052789155E+03,180.26395966335,0.));
#502 = CARTESIAN_POINT('',(2.132940444707E+03,205.1873237973,0.));
#503 = CARTESIAN_POINT('',(2.115307436087E+03,217.5,0.));
#504 = PCURVE('',#352,#505);
#505 = DEFINITIONAL_REPRESENTATION('',(#506),#510);
#506 = LINE('',#507,#508);
#507 = CARTESIAN_POINT('',(0.,1.));
#508 = VECTOR('',#509,1.);
#509 = DIRECTION('',(1.,0.));
#510 = ( GEOMETRIC_REPRESENTATION_CONTEXT(2) 
PARAMETRIC_REPRESENTATION_CONTEXT() REPRESENTATION_CONTEXT('2D SPACE',''
  ) );
#511 = ( GEOMETRIC_REPRESENTATION_CONTEXT(3) 
GLOBAL_UNCERTAINTY_ASSIGNED_CONTEXT((#515)) GLOBAL_UNIT_ASSIGNED_CONTEXT
((#512,#513,#514)) REPRESENTATION_CONTEXT('Context #1',
  '3D Context with UNIT and UNCERTAINTY') );
#512 = ( LENGTH_UNIT() NAMED_UNIT(*) SI_UNIT(.MILLI.,.METRE.) );
#513 = ( NAMED_UNIT(*) PLANE_ANGLE_UNIT() SI_UNIT($,.RADIAN.) );
#514 = ( NAMED_UNIT(*) SI_UNIT($,.STERADIAN.) SOLID_ANGLE_UNIT() );
#515 = UNCERTAINTY_MEASURE_WITH_UNIT(LENGTH_MEASURE(1.E-07),#512,
  'distance_accuracy_value','confusion accuracy');
#516 = CONTEXT_DEPENDENT_SHAPE_REPRESENTATION(#517,#519);
#517 = ( REPRESENTATION_RELATIONSHIP('','',#326,#10) 
REPRESENTATION_RELATIONSHIP_WITH_TRANSFORMATION(#518) 
SHAPE_REPRESENTATION_RELATIONSHIP() );
#518 = ITEM_DEFINED_TRANSFORMATION('','',#11,#19);
#519 = PRODUCT_DEFINITION_SHAPE('Placement','Placement of an item',#520
  );
#520 = NEXT_ASSEMBLY_USAGE_OCCURRENCE('695','R04_L01','',#5,#321,$);
#521 = PRODUCT_RELATED_PRODUCT_CATEGORY('part',$,(#323));
#522 = SHAPE_DEFINITION_REPRESENTATION(#523,#529);
#523 = PRODUCT_DEFINITION_SHAPE('','',#524);
#524 = PRODUCT_DEFINITION('design','',#525,#528);
#525 = PRODUCT_DEFINITION_FORMATION('','',#526);
#526 = PRODUCT('R04_O02','R04_O02','',(#527));
#527 = PRODUCT_CONTEXT('',#2,'mechanical');
#528 = PRODUCT_DEFINITION_CONTEXT('part definition',#2,'design');
#529 = MANIFOLD_SURFACE_SHAPE_REPRESENTATION('',(#11,#530),#688);
#530 = SHELL_BASED_SURFACE_MODEL('',(#531));
#531 = OPEN_SHELL('',(#532));
#532 = ADVANCED_FACE('',(#533),#555,.T.);
#533 = FACE_BOUND('',#534,.T.);
#534 = EDGE_LOOP('',(#535,#628,#647,#671));
#535 = ORIENTED_EDGE('',*,*,#536,.F.);
#536 = EDGE_CURVE('',#537,#539,#541,.T.);
#537 = VERTEX_POINT('',#538);
#538 = CARTESIAN_POINT('',(2.115307436087E+03,217.5,0.));
#539 = VERTEX_POINT('',#540);
#540 = CARTESIAN_POINT('',(2.115307436087E+03,217.5,310.01147743125));
#541 = SURFACE_CURVE('',#542,(#554),.PCURVE_S1.);
#542 = B_SPLINE_CURVE_WITH_KNOTS('',3,(#543,#544,#545,#546,#547,#548,
    #549,#550,#551,#552,#553),.UNSPECIFIED.,.F.,.F.,(4,1,1,1,1,1,1,1,4),
  (0.,0.105803511146,0.223700462572,0.356914338063,0.5,0.643085661937,
    0.776299537428,0.894196488854,1.),.UNSPECIFIED.);
#543 = CARTESIAN_POINT('',(2.115307436087E+03,217.5,0.));
#544 = CARTESIAN_POINT('',(2.123414141993E+03,229.1203253887,
    -0.113784700176));
#545 = CARTESIAN_POINT('',(2.140344908185E+03,253.3892472554,
    9.408594637111));
#546 = CARTESIAN_POINT('',(2.160134091085E+03,281.75548468082,
    45.399109202065));
#547 = CARTESIAN_POINT('',(2.172775766488E+03,299.8763322047,
    96.253559168145));
#548 = CARTESIAN_POINT('',(2.177168123395E+03,306.17243040707,
    155.00573871562));
#549 = CARTESIAN_POINT('',(2.172775766488E+03,299.8763322047,
    213.75791826311));
#550 = CARTESIAN_POINT('',(2.160134091085E+03,281.75548468082,
    264.61236822919));
#551 = CARTESIAN_POINT('',(2.140344908185E+03,253.3892472554,
    300.60288279414));
#552 = CARTESIAN_POINT('',(2.123414141993E+03,229.1203253887,
    310.12526213143));
#553 = CARTESIAN_POINT('',(2.115307436087E+03,217.5,310.01147743125));
#554 = PCURVE('',#555,#622);
#555 = B_SPLINE_SURFACE_WITH_KNOTS('',3,3,(
    (#556,#557,#558,#559,#560,#561,#562,#563,#564,#565,#566)
    ,(#567,#568,#569,#570,#571,#572,#573,#574,#575,#576,#577)
    ,(#578,#579,#580,#581,#582,#583,#584,#585,#586,#587,#588)
    ,(#589,#590,#591,#592,#593,#594,#595,#596,#597,#598,#599)
    ,(#600,#601,#602,#603,#604,#605,#606,#607,#608,#609,#610)
    ,(#611,#612,#613,#614,#615,#616,#617,#618,#619,#620,#621
  )),.UNSPECIFIED.,.F.,.F.,.F.,(4,1,1,4),(4,1,1,1,1,1,1,1,4),(0.,
    0.297185341266,0.63152763148,1.),(0.,0.105803511146,0.223700462572,
    0.356914338063,0.5,0.643085661937,0.776299537428,0.894196488854,1.),
  .UNSPECIFIED.);
#556 = CARTESIAN_POINT('',(2.115307436087E+03,217.5,0.));
#557 = CARTESIAN_POINT('',(2.123414141993E+03,229.1203253887,
    -0.113784700176));
#558 = CARTESIAN_POINT('',(2.140344908185E+03,253.3892472554,
    9.408594637111));
#559 = CARTESIAN_POINT('',(2.160134091085E+03,281.75548468082,
    45.399109202065));
#560 = CARTESIAN_POINT('',(2.172775766488E+03,299.8763322047,
    96.253559168145));
#561 = CARTESIAN_POINT('',(2.177168123395E+03,306.17243040707,
    155.00573871562));
#562 = CARTESIAN_POINT('',(2.172775766488E+03,299.8763322047,
    213.75791826311));
#563 = CARTESIAN_POINT('',(2.160134091085E+03,281.75548468082,
    264.61236822919));
#564 = CARTESIAN_POINT('',(2.140344908185E+03,253.3892472554,
    300.60288279414));
#565 = CARTESIAN_POINT('',(2.123414141993E+03,229.1203253887,
    310.12526213143));
#566 = CARTESIAN_POINT('',(2.115307436087E+03,217.5,310.01147743125));
#567 = CARTESIAN_POINT('',(2.081707261732E+03,240.92426892271,0.));
#568 = CARTESIAN_POINT('',(2.089121797827E+03,253.21781024402,
    -0.113788631239));
#569 = CARTESIAN_POINT('',(2.104606974975E+03,278.89273618731,
    9.408919687658));
#570 = CARTESIAN_POINT('',(2.12270651042E+03,308.90235297985,
    45.400677662163));
#571 = CARTESIAN_POINT('',(2.134268809541E+03,328.07301992421,
    96.256884560857));
#572 = CARTESIAN_POINT('',(2.13828613658E+03,334.73387844794,
    155.01109389374));
#573 = CARTESIAN_POINT('',(2.134268809541E+03,328.07301992421,
    213.76530322663));
#574 = CARTESIAN_POINT('',(2.12270651042E+03,308.90235297985,
    264.62151012532));
#575 = CARTESIAN_POINT('',(2.104606974975E+03,278.89273618731,
    300.61326809983));
#576 = CARTESIAN_POINT('',(2.089121797827E+03,253.21781024402,
    310.13597641873));
#577 = CARTESIAN_POINT('',(2.081707261732E+03,240.92426892271,
    310.02218778749));
#578 = CARTESIAN_POINT('',(2.00411262722E+03,284.51703218034,0.));
#579 = CARTESIAN_POINT('',(2.010311149578E+03,297.86744395043,
    -0.113805025318));
#580 = CARTESIAN_POINT('',(2.023256695402E+03,325.74963221095,
    9.41027527627));
#581 = CARTESIAN_POINT('',(2.038387834249E+03,358.33916282474,
    45.407218757596));
#582 = CARTESIAN_POINT('',(2.048053869818E+03,379.15792374359,
    96.270752756234));
#583 = CARTESIAN_POINT('',(2.051412339067E+03,386.39141340372,
    155.03342709251));
#584 = CARTESIAN_POINT('',(2.048053869818E+03,379.15792374359,
    213.79610142879));
#585 = CARTESIAN_POINT('',(2.038387834249E+03,358.33916282474,
    264.65963542743));
#586 = CARTESIAN_POINT('',(2.023256695402E+03,325.74963221095,
    300.65657890875));
#587 = CARTESIAN_POINT('',(2.010311149578E+03,297.86744395043,
    310.18065921034));
#588 = CARTESIAN_POINT('',(2.00411262722E+03,284.51703218034,
    310.06685418502));
#589 = CARTESIAN_POINT('',(1.87049793173E+03,337.29658445635,0.));
#590 = CARTESIAN_POINT('',(1.875258990487E+03,351.75400660025,
    -0.113944228031));
#591 = CARTESIAN_POINT('',(1.885202409375E+03,381.9481738604,
    9.421785627864));
#592 = CARTESIAN_POINT('',(1.896824573003E+03,417.2400142672,
    45.462759433878));
#593 = CARTESIAN_POINT('',(1.904249013963E+03,439.78505784338,
    96.38850810132));
#594 = CARTESIAN_POINT('',(1.90682863996E+03,447.61834533975,
    155.22305908545));
#595 = CARTESIAN_POINT('',(1.904249013963E+03,439.78505784338,
    214.05761006959));
#596 = CARTESIAN_POINT('',(1.896824573003E+03,417.2400142672,
    264.98335873703));
#597 = CARTESIAN_POINT('',(1.885202409375E+03,381.9481738604,
    301.02433254304));
#598 = CARTESIAN_POINT('',(1.875258990487E+03,351.75400660025,
    310.56006239894));
#599 = CARTESIAN_POINT('',(1.87049793173E+03,337.29658445635,
    310.4461181709));
#600 = CARTESIAN_POINT('',(1.77219362491E+03,364.57985864151,0.));
#601 = CARTESIAN_POINT('',(1.77613842745E+03,379.57942451723,
    -0.114282427278));
#602 = CARTESIAN_POINT('',(1.784377104204E+03,410.90585300311,
    9.449750544153));
#603 = CARTESIAN_POINT('',(1.79400671454E+03,447.52111399419,
    45.597698002005));
#604 = CARTESIAN_POINT('',(1.800158277681E+03,470.91158173637,
    96.674600002231));
#605 = CARTESIAN_POINT('',(1.802295641598E+03,479.03861231317,
    155.6837785313));
#606 = CARTESIAN_POINT('',(1.800158277681E+03,470.91158173637,
    214.69295706038));
#607 = CARTESIAN_POINT('',(1.79400671454E+03,447.52111399419,
    265.76985906061));
#608 = CARTESIAN_POINT('',(1.784377104204E+03,410.90585300311,
    301.91780651846));
#609 = CARTESIAN_POINT('',(1.776138427451E+03,379.57942451723,
    311.48183948989));
#610 = CARTESIAN_POINT('',(1.77219362491E+03,364.57985864151,
    311.36755706261));
#611 = CARTESIAN_POINT('',(1.72E+03,376.72105064623,0.));
#612 = CARTESIAN_POINT('',(1.723543812343E+03,391.96037954997,
    -0.114597711334));
#613 = CARTESIAN_POINT('',(1.730945025475E+03,423.7875504849,
    9.475820656197));
#614 = CARTESIAN_POINT('',(1.739595783432E+03,460.98809413817,
    45.723493607962));
#615 = CARTESIAN_POINT('',(1.74512203859E+03,484.75245065949,
    96.941307323451));
#616 = CARTESIAN_POINT('',(1.747042138912E+03,493.00938909337,
    156.11328125));
#617 = CARTESIAN_POINT('',(1.74512203859E+03,484.75245065949,
    215.28525517654));
#618 = CARTESIAN_POINT('',(1.739595783432E+03,460.98809413817,
    266.50306889203));
#619 = CARTESIAN_POINT('',(1.730945025475E+03,423.7875504849,
    302.7507418438));
#620 = CARTESIAN_POINT('',(1.723543812343E+03,391.96037954997,
    312.34116021133));
#621 = CARTESIAN_POINT('',(1.72E+03,376.72105064623,312.2265625));
#622 = DEFINITIONAL_REPRESENTATION('',(#623),#627);
#623 = LINE('',#624,#625);
#624 = CARTESIAN_POINT('',(0.,0.));
#625 = VECTOR('',#626,1.);
#626 = DIRECTION('',(0.,1.));
#627 = ( GEOMETRIC_REPRESENTATION_CONTEXT(2) 
PARAMETRIC_REPRESENTATION_CONTEXT() REPRESENTATION_CONTEXT('2D SPACE',''
  ) );
#628 = ORIENTED_EDGE('',*,*,#629,.T.);
#629 = EDGE_CURVE('',#537,#630,#632,.T.);
#630 = VERTEX_POINT('',#631);
#631 = CARTESIAN_POINT('',(1.72E+03,376.72105064623,0.));
#632 = SURFACE_CURVE('',#633,(#640),.PCURVE_S1.);
#633 = B_SPLINE_CURVE_WITH_KNOTS('',3,(#634,#635,#636,#637,#638,#639),
  .UNSPECIFIED.,.F.,.F.,(4,1,1,4),(0.,0.297185341266,0.63152763148,1.),
  .UNSPECIFIED.);
#634 = CARTESIAN_POINT('',(2.115307436087E+03,217.5,0.));
#635 = CARTESIAN_POINT('',(2.081707261732E+03,240.92426892271,0.));
#636 = CARTESIAN_POINT('',(2.00411262722E+03,284.51703218034,0.));
#637 = CARTESIAN_POINT('',(1.87049793173E+03,337.29658445635,0.));
#638 = CARTESIAN_POINT('',(1.77219362491E+03,364.57985864151,0.));
#639 = CARTESIAN_POINT('',(1.72E+03,376.72105064623,0.));
#640 = PCURVE('',#555,#641);
#641 = DEFINITIONAL_REPRESENTATION('',(#642),#646);
#642 = LINE('',#643,#644);
#643 = CARTESIAN_POINT('',(0.,0.));
#644 = VECTOR('',#645,1.);
#645 = DIRECTION('',(1.,0.));
#646 = ( GEOMETRIC_REPRESENTATION_CONTEXT(2) 
PARAMETRIC_REPRESENTATION_CONTEXT() REPRESENTATION_CONTEXT('2D SPACE',''
  ) );
#647 = ORIENTED_EDGE('',*,*,#648,.T.);
#648 = EDGE_CURVE('',#630,#649,#651,.T.);
#649 = VERTEX_POINT('',#650);
#650 = CARTESIAN_POINT('',(1.72E+03,376.72105064623,312.2265625));
#651 = SURFACE_CURVE('',#652,(#664),.PCURVE_S1.);
#652 = B_SPLINE_CURVE_WITH_KNOTS('',3,(#653,#654,#655,#656,#657,#658,
    #659,#660,#661,#662,#663),.UNSPECIFIED.,.F.,.F.,(4,1,1,1,1,1,1,1,4),
  (0.,0.105803511146,0.223700462572,0.356914338063,0.5,0.643085661937,
    0.776299537428,0.894196488854,1.),.UNSPECIFIED.);
#653 = CARTESIAN_POINT('',(1.72E+03,376.72105064623,0.));
#654 = CARTESIAN_POINT('',(1.723543812343E+03,391.96037954997,
    -0.114597711334));
#655 = CARTESIAN_POINT('',(1.730945025475E+03,423.7875504849,
    9.475820656197));
#656 = CARTESIAN_POINT('',(1.739595783432E+03,460.98809413817,
    45.723493607962));
#657 = CARTESIAN_POINT('',(1.74512203859E+03,484.75245065949,
    96.941307323451));
#658 = CARTESIAN_POINT('',(1.747042138912E+03,493.00938909337,
    156.11328125));
#659 = CARTESIAN_POINT('',(1.74512203859E+03,484.75245065949,
    215.28525517654));
#660 = CARTESIAN_POINT('',(1.739595783432E+03,460.98809413817,
    266.50306889203));
#661 = CARTESIAN_POINT('',(1.730945025475E+03,423.7875504849,
    302.7507418438));
#662 = CARTESIAN_POINT('',(1.723543812343E+03,391.96037954997,
    312.34116021133));
#663 = CARTESIAN_POINT('',(1.72E+03,376.72105064623,312.2265625));
#664 = PCURVE('',#555,#665);
#665 = DEFINITIONAL_REPRESENTATION('',(#666),#670);
#666 = LINE('',#667,#668);
#667 = CARTESIAN_POINT('',(1.,0.));
#668 = VECTOR('',#669,1.);
#669 = DIRECTION('',(0.,1.));
#670 = ( GEOMETRIC_REPRESENTATION_CONTEXT(2) 
PARAMETRIC_REPRESENTATION_CONTEXT() REPRESENTATION_CONTEXT('2D SPACE',''
  ) );
#671 = ORIENTED_EDGE('',*,*,#672,.F.);
#672 = EDGE_CURVE('',#539,#649,#673,.T.);
#673 = SURFACE_CURVE('',#674,(#681),.PCURVE_S1.);
#674 = B_SPLINE_CURVE_WITH_KNOTS('',3,(#675,#676,#677,#678,#679,#680),
  .UNSPECIFIED.,.F.,.F.,(4,1,1,4),(0.,0.297185341266,0.63152763148,1.),
  .UNSPECIFIED.);
#675 = CARTESIAN_POINT('',(2.115307436087E+03,217.5,310.01147743125));
#676 = CARTESIAN_POINT('',(2.081707261732E+03,240.92426892271,
    310.02218778749));
#677 = CARTESIAN_POINT('',(2.00411262722E+03,284.51703218034,
    310.06685418502));
#678 = CARTESIAN_POINT('',(1.87049793173E+03,337.29658445635,
    310.4461181709));
#679 = CARTESIAN_POINT('',(1.77219362491E+03,364.57985864151,
    311.36755706261));
#680 = CARTESIAN_POINT('',(1.72E+03,376.72105064623,312.2265625));
#681 = PCURVE('',#555,#682);
#682 = DEFINITIONAL_REPRESENTATION('',(#683),#687);
#683 = LINE('',#684,#685);
#684 = CARTESIAN_POINT('',(0.,1.));
#685 = VECTOR('',#686,1.);
#686 = DIRECTION('',(1.,0.));
#687 = ( GEOMETRIC_REPRESENTATION_CONTEXT(2) 
PARAMETRIC_REPRESENTATION_CONTEXT() REPRESENTATION_CONTEXT('2D SPACE',''
  ) );
#688 = ( GEOMETRIC_REPRESENTATION_CONTEXT(3) 
GLOBAL_UNCERTAINTY_ASSIGNED_CONTEXT((#692)) GLOBAL_UNIT_ASSIGNED_CONTEXT
((#689,#690,#691)) REPRESENTATION_CONTEXT('Context #1',
  '3D Context with UNIT and UNCERTAINTY') );
#689 = ( LENGTH_UNIT() NAMED_UNIT(*) SI_UNIT(.MILLI.,.METRE.) );
#690 = ( NAMED_UNIT(*) PLANE_ANGLE_UNIT() SI_UNIT($,.RADIAN.) );
#691 = ( NAMED_UNIT(*) SI_UNIT($,.STERADIAN.) SOLID_ANGLE_UNIT() );
#692 = UNCERTAINTY_MEASURE_WITH_UNIT(LENGTH_MEASURE(1.E-07),#689,
  'distance_accuracy_value','confusion accuracy');
#693 = CONTEXT_DEPENDENT_SHAPE_REPRESENTATION(#694,#696);
#694 = ( REPRESENTATION_RELATIONSHIP('','',#529,#10) 
REPRESENTATION_RELATIONSHIP_WITH_TRANSFORMATION(#695) 
SHAPE_REPRESENTATION_RELATIONSHIP() );
#695 = ITEM_DEFINED_TRANSFORMATION('','',#11,#23);
#696 = PRODUCT_DEFINITION_SHAPE('Placement','Placement of an item',#697
  );
#697 = NEXT_ASSEMBLY_USAGE_OCCURRENCE('696','R04_O02','',#5,#524,$);
#698 = PRODUCT_RELATED_PRODUCT_CATEGORY('part',$,(#526));
#699 = SHAPE_DEFINITION_REPRESENTATION(#700,#706);
#700 = PRODUCT_DEFINITION_SHAPE('','',#701);
#701 = PRODUCT_DEFINITION('design','',#702,#705);
#702 = PRODUCT_DEFINITION_FORMATION('','',#703);
#703 = PRODUCT('R04_L02','R04_L02','',(#704));
#704 = PRODUCT_CONTEXT('',#2,'mechanical');
#705 = PRODUCT_DEFINITION_CONTEXT('part definition',#2,'design');
#706 = MANIFOLD_SURFACE_SHAPE_REPRESENTATION('',(#11,#707),#865);
#707 = SHELL_BASED_SURFACE_MODEL('',(#708));
#708 = OPEN_SHELL('',(#709));
#709 = ADVANCED_FACE('',(#710),#732,.T.);
#710 = FACE_BOUND('',#711,.T.);
#711 = EDGE_LOOP('',(#712,#805,#824,#848));
#712 = ORIENTED_EDGE('',*,*,#713,.F.);
#713 = EDGE_CURVE('',#714,#716,#718,.T.);
#714 = VERTEX_POINT('',#715);
#715 = CARTESIAN_POINT('',(2.115307436087E+03,217.5,310.01147743125));
#716 = VERTEX_POINT('',#717);
#717 = CARTESIAN_POINT('',(2.115307436087E+03,217.5,0.));
#718 = SURFACE_CURVE('',#719,(#731),.PCURVE_S1.);
#719 = B_SPLINE_CURVE_WITH_KNOTS('',3,(#720,#721,#722,#723,#724,#725,
    #726,#727,#728,#729,#730),.UNSPECIFIED.,.F.,.F.,(4,1,1,1,1,1,1,1,4),
  (0.,0.105803511146,0.223700462572,0.356914338063,0.5,0.643085661937,
    0.776299537428,0.894196488854,1.),.UNSPECIFIED.);
#720 = CARTESIAN_POINT('',(2.115307436087E+03,217.5,310.01147743125));
#721 = CARTESIAN_POINT('',(2.107200730181E+03,205.87967461129,
    310.12526213143));
#722 = CARTESIAN_POINT('',(2.090269963989E+03,181.61075274459,
    300.60288279414));
#723 = CARTESIAN_POINT('',(2.07048078109E+03,153.24451531917,
    264.61236822919));
#724 = CARTESIAN_POINT('',(2.057839105686E+03,135.12366779529,
    213.75791826311));
#725 = CARTESIAN_POINT('',(2.053446748779E+03,128.82756959292,
    155.00573871562));
#726 = CARTESIAN_POINT('',(2.057839105686E+03,135.12366779529,
    96.253559168145));
#727 = CARTESIAN_POINT('',(2.07048078109E+03,153.24451531917,
    45.399109202065));
#728 = CARTESIAN_POINT('',(2.090269963989E+03,181.61075274459,
    9.408594637111));
#729 = CARTESIAN_POINT('',(2.107200730181E+03,205.87967461129,
    -0.113784700176));
#730 = CARTESIAN_POINT('',(2.115307436087E+03,217.5,0.));
#731 = PCURVE('',#732,#799);
#732 = B_SPLINE_SURFACE_WITH_KNOTS('',3,3,(
    (#733,#734,#735,#736,#737,#738,#739,#740,#741,#742,#743)
    ,(#744,#745,#746,#747,#748,#749,#750,#751,#752,#753,#754)
    ,(#755,#756,#757,#758,#759,#760,#761,#762,#763,#764,#765)
    ,(#766,#767,#768,#769,#770,#771,#772,#773,#774,#775,#776)
    ,(#777,#778,#779,#780,#781,#782,#783,#784,#785,#786,#787)
    ,(#788,#789,#790,#791,#792,#793,#794,#795,#796,#797,#798
  )),.UNSPECIFIED.,.F.,.F.,.F.,(4,1,1,4),(4,1,1,1,1,1,1,1,4),(0.,
    0.285418392733,0.621061007393,1.),(0.,0.105803511146,0.223700462572,
    0.356914338063,0.5,0.643085661937,0.776299537428,0.894196488854,1.),
  .UNSPECIFIED.);
#733 = CARTESIAN_POINT('',(2.115307436087E+03,217.5,310.01147743125));
#734 = CARTESIAN_POINT('',(2.107200730181E+03,205.87967461129,
    310.12526213143));
#735 = CARTESIAN_POINT('',(2.090269963989E+03,181.61075274459,
    300.60288279414));
#736 = CARTESIAN_POINT('',(2.07048078109E+03,153.24451531917,
    264.61236822919));
#737 = CARTESIAN_POINT('',(2.057839105686E+03,135.12366779529,
    213.75791826311));
#738 = CARTESIAN_POINT('',(2.053446748779E+03,128.82756959292,
    155.00573871562));
#739 = CARTESIAN_POINT('',(2.057839105686E+03,135.12366779529,
    96.253559168145));
#740 = CARTESIAN_POINT('',(2.07048078109E+03,153.24451531917,
    45.399109202065));
#741 = CARTESIAN_POINT('',(2.090269963989E+03,181.61075274459,
    9.408594637111));
#742 = CARTESIAN_POINT('',(2.107200730181E+03,205.87967461129,
    -0.113784700176));
#743 = CARTESIAN_POINT('',(2.115307436087E+03,217.5,0.));
#744 = CARTESIAN_POINT('',(2.080501870615E+03,241.71806752734,
    310.02251034609));
#745 = CARTESIAN_POINT('',(2.073110237215E+03,229.4032581713,
    310.13629909572));
#746 = CARTESIAN_POINT('',(2.057672892094E+03,203.68391417124,
    300.61358086904));
#747 = CARTESIAN_POINT('',(2.039629264144E+03,173.62238023333,
    264.62178544737));
#748 = CARTESIAN_POINT('',(2.028102679707E+03,154.41854771043,
    213.76552563599));
#749 = CARTESIAN_POINT('',(2.024097761755E+03,147.74616578863,
    155.01125517304));
#750 = CARTESIAN_POINT('',(2.028102679707E+03,154.41854771043,
    96.256984710095));
#751 = CARTESIAN_POINT('',(2.039629264144E+03,173.62238023333,
    45.400724898714));
#752 = CARTESIAN_POINT('',(2.057672892094E+03,203.68391417124,
    9.408929477047));
#753 = CARTESIAN_POINT('',(2.073110237215E+03,229.4032581713,
    -0.113788749629));
#754 = CARTESIAN_POINT('',(2.080501870615E+03,241.71806752734,0.));
#755 = CARTESIAN_POINT('',(2.001431868977E+03,285.71040291642,
    310.0709773756));
#756 = CARTESIAN_POINT('',(1.99526558413E+03,272.33434027982,
    310.18478391427));
#757 = CARTESIAN_POINT('',(1.982387365994E+03,244.3985804665,
    300.66057696387));
#758 = CARTESIAN_POINT('',(1.967334921751E+03,211.74643382903,
    264.6631548043));
#759 = CARTESIAN_POINT('',(1.957719157668E+03,190.88767270147,
    213.79894443525));
#760 = CARTESIAN_POINT('',(1.954378155274E+03,183.64028494734,
    155.0354886878));
#761 = CARTESIAN_POINT('',(1.957719157668E+03,190.88767270146,
    96.272032940347));
#762 = CARTESIAN_POINT('',(1.967334921751E+03,211.74643382903,
    45.407822571303));
#763 = CARTESIAN_POINT('',(1.982387365994E+03,244.3985804665,
    9.410400411729));
#764 = CARTESIAN_POINT('',(1.99526558413E+03,272.33434027982,
    -0.113806538668));
#765 = CARTESIAN_POINT('',(2.001431868977E+03,285.71040291642,0.));
#766 = CARTESIAN_POINT('',(1.868774256424E+03,337.83627309729,
    310.45644754322));
#767 = CARTESIAN_POINT('',(1.864028503628E+03,323.36796234032,
    310.57039556248));
#768 = CARTESIAN_POINT('',(1.854117051068E+03,293.15105433142,
    301.03434842736));
#769 = CARTESIAN_POINT('',(1.842532250636E+03,257.83263386137,
    264.9921754418));
#770 = CARTESIAN_POINT('',(1.835131677938E+03,235.2706104769,
    214.06473233855));
#771 = CARTESIAN_POINT('',(1.83256034498E+03,227.43142333703,
    155.22822377161));
#772 = CARTESIAN_POINT('',(1.835131677938E+03,235.2706104769,
    96.391715204676));
#773 = CARTESIAN_POINT('',(1.842532250636E+03,257.83263386138,
    45.464272101427));
#774 = CARTESIAN_POINT('',(1.854117051068E+03,293.15105433142,
    9.422099115861));
#775 = CARTESIAN_POINT('',(1.864028503628E+03,323.36796234032,
    -0.113948019261));
#776 = CARTESIAN_POINT('',(1.868774256424E+03,337.83627309729,0.));
#777 = CARTESIAN_POINT('',(1.771771276913E+03,364.67850626431,
    311.37436006241));
#778 = CARTESIAN_POINT('',(1.767829755028E+03,349.6770239744,
    311.48864498662));
#779 = CARTESIAN_POINT('',(1.759597929889E+03,318.34659307853,
    301.92440305278));
#780 = CARTESIAN_POINT('',(1.749976327924E+03,281.72665395166,
    265.77566580654));
#781 = CARTESIAN_POINT('',(1.743829880669E+03,258.33319773469,
    214.69764783856));
#782 = CARTESIAN_POINT('',(1.74169429427E+03,250.20512881072,
    155.6871800312));
#783 = CARTESIAN_POINT('',(1.743829880669E+03,258.33319773469,
    96.676712223846));
#784 = CARTESIAN_POINT('',(1.749976327924E+03,281.72665395166,
    45.598694255864));
#785 = CARTESIAN_POINT('',(1.759597929889E+03,318.34659307853,
    9.44995700963));
#786 = CARTESIAN_POINT('',(1.767829755028E+03,349.6770239744,
    -0.114284924209));
#787 = CARTESIAN_POINT('',(1.771771276913E+03,364.67850626431,0.));
#788 = CARTESIAN_POINT('',(1.72E+03,376.72105064623,312.2265625));
#789 = CARTESIAN_POINT('',(1.716456187657E+03,361.48172174248,
    312.34116021133));
#790 = CARTESIAN_POINT('',(1.709054974525E+03,329.65455080755,
    302.7507418438));
#791 = CARTESIAN_POINT('',(1.700404216568E+03,292.45400715428,
    266.50306889203));
#792 = CARTESIAN_POINT('',(1.69487796141E+03,268.68965063296,
    215.28525517654));
#793 = CARTESIAN_POINT('',(1.692957861088E+03,260.43271219908,
    156.11328125));
#794 = CARTESIAN_POINT('',(1.69487796141E+03,268.68965063296,
    96.941307323451));
#795 = CARTESIAN_POINT('',(1.700404216568E+03,292.45400715428,
    45.723493607962));
#796 = CARTESIAN_POINT('',(1.709054974525E+03,329.65455080755,
    9.475820656197));
#797 = CARTESIAN_POINT('',(1.716456187657E+03,361.48172174248,
    -0.114597711334));
#798 = CARTESIAN_POINT('',(1.72E+03,376.72105064623,0.));
#799 = DEFINITIONAL_REPRESENTATION('',(#800),#804);
#800 = LINE('',#801,#802);
#801 = CARTESIAN_POINT('',(0.,0.));
#802 = VECTOR('',#803,1.);
#803 = DIRECTION('',(0.,1.));
#804 = ( GEOMETRIC_REPRESENTATION_CONTEXT(2) 
PARAMETRIC_REPRESENTATION_CONTEXT() REPRESENTATION_CONTEXT('2D SPACE',''
  ) );
#805 = ORIENTED_EDGE('',*,*,#806,.T.);
#806 = EDGE_CURVE('',#714,#807,#809,.T.);
#807 = VERTEX_POINT('',#808);
#808 = CARTESIAN_POINT('',(1.72E+03,376.72105064623,312.2265625));
#809 = SURFACE_CURVE('',#810,(#817),.PCURVE_S1.);
#810 = B_SPLINE_CURVE_WITH_KNOTS('',3,(#811,#812,#813,#814,#815,#816),
  .UNSPECIFIED.,.F.,.F.,(4,1,1,4),(0.,0.285418392733,0.621061007393,1.),
  .UNSPECIFIED.);
#811 = CARTESIAN_POINT('',(2.115307436087E+03,217.5,310.01147743125));
#812 = CARTESIAN_POINT('',(2.080501870615E+03,241.71806752734,
    310.02251034609));
#813 = CARTESIAN_POINT('',(2.001431868977E+03,285.71040291642,
    310.0709773756));
#814 = CARTESIAN_POINT('',(1.868774256424E+03,337.83627309729,
    310.45644754322));
#815 = CARTESIAN_POINT('',(1.771771276913E+03,364.67850626431,
    311.37436006241));
#816 = CARTESIAN_POINT('',(1.72E+03,376.72105064623,312.2265625));
#817 = PCURVE('',#732,#818);
#818 = DEFINITIONAL_REPRESENTATION('',(#819),#823);
#819 = LINE('',#820,#821);
#820 = CARTESIAN_POINT('',(0.,0.));
#821 = VECTOR('',#822,1.);
#822 = DIRECTION('',(1.,0.));
#823 = ( GEOMETRIC_REPRESENTATION_CONTEXT(2) 
PARAMETRIC_REPRESENTATION_CONTEXT() REPRESENTATION_CONTEXT('2D SPACE',''
  ) );
#824 = ORIENTED_EDGE('',*,*,#825,.T.);
#825 = EDGE_CURVE('',#807,#826,#828,.T.);
#826 = VERTEX_POINT('',#827);
#827 = CARTESIAN_POINT('',(1.72E+03,376.72105064623,0.));
#828 = SURFACE_CURVE('',#829,(#841),.PCURVE_S1.);
#829 = B_SPLINE_CURVE_WITH_KNOTS('',3,(#830,#831,#832,#833,#834,#835,
    #836,#837,#838,#839,#840),.UNSPECIFIED.,.F.,.F.,(4,1,1,1,1,1,1,1,4),
  (0.,0.105803511146,0.223700462572,0.356914338063,0.5,0.643085661937,
    0.776299537428,0.894196488854,1.),.UNSPECIFIED.);
#830 = CARTESIAN_POINT('',(1.72E+03,376.72105064623,312.2265625));
#831 = CARTESIAN_POINT('',(1.716456187657E+03,361.48172174248,
    312.34116021133));
#832 = CARTESIAN_POINT('',(1.709054974525E+03,329.65455080755,
    302.7507418438));
#833 = CARTESIAN_POINT('',(1.700404216568E+03,292.45400715428,
    266.50306889203));
#834 = CARTESIAN_POINT('',(1.69487796141E+03,268.68965063296,
    215.28525517654));
#835 = CARTESIAN_POINT('',(1.692957861088E+03,260.43271219908,
    156.11328125));
#836 = CARTESIAN_POINT('',(1.69487796141E+03,268.68965063296,
    96.941307323451));
#837 = CARTESIAN_POINT('',(1.700404216568E+03,292.45400715428,
    45.723493607962));
#838 = CARTESIAN_POINT('',(1.709054974525E+03,329.65455080755,
    9.475820656197));
#839 = CARTESIAN_POINT('',(1.716456187657E+03,361.48172174248,
    -0.114597711334));
#840 = CARTESIAN_POINT('',(1.72E+03,376.72105064623,0.));
#841 = PCURVE('',#732,#842);
#842 = DEFINITIONAL_REPRESENTATION('',(#843),#847);
#843 = LINE('',#844,#845);
#844 = CARTESIAN_POINT('',(1.,0.));
#845 = VECTOR('',#846,1.);
#846 = DIRECTION('',(0.,1.));
#847 = ( GEOMETRIC_REPRESENTATION_CONTEXT(2) 
PARAMETRIC_REPRESENTATION_CONTEXT() REPRESENTATION_CONTEXT('2D SPACE',''
  ) );
#848 = ORIENTED_EDGE('',*,*,#849,.F.);
#849 = EDGE_CURVE('',#716,#826,#850,.T.);
#850 = SURFACE_CURVE('',#851,(#858),.PCURVE_S1.);
#851 = B_SPLINE_CURVE_WITH_KNOTS('',3,(#852,#853,#854,#855,#856,#857),
  .UNSPECIFIED.,.F.,.F.,(4,1,1,4),(0.,0.285418392733,0.621061007393,1.),
  .UNSPECIFIED.);
#852 = CARTESIAN_POINT('',(2.115307436087E+03,217.5,0.));
#853 = CARTESIAN_POINT('',(2.080501870615E+03,241.71806752734,0.));
#854 = CARTESIAN_POINT('',(2.001431868977E+03,285.71040291642,0.));
#855 = CARTESIAN_POINT('',(1.868774256424E+03,337.83627309729,0.));
#856 = CARTESIAN_POINT('',(1.771771276913E+03,364.67850626431,0.));
#857 = CARTESIAN_POINT('',(1.72E+03,376.72105064623,0.));
#858 = PCURVE('',#732,#859);
#859 = DEFINITIONAL_REPRESENTATION('',(#860),#864);
#860 = LINE('',#861,#862);
#861 = CARTESIAN_POINT('',(0.,1.));
#862 = VECTOR('',#863,1.);
#863 = DIRECTION('',(1.,0.));
#864 = ( GEOMETRIC_REPRESENTATION_CONTEXT(2) 
PARAMETRIC_REPRESENTATION_CONTEXT() REPRESENTATION_CONTEXT('2D SPACE',''
  ) );
#865 = ( GEOMETRIC_REPRESENTATION_CONTEXT(3) 
GLOBAL_UNCERTAINTY_ASSIGNED_CONTEXT((#869)) GLOBAL_UNIT_ASSIGNED_CONTEXT
((#866,#867,#868)) REPRESENTATION_CONTEXT('Context #1',
  '3D Context with UNIT and UNCERTAINTY') );
#866 = ( LENGTH_UNIT() NAMED_UNIT(*) SI_UNIT(.MILLI.,.METRE.) );
#867 = ( NAMED_UNIT(*) PLANE_ANGLE_UNIT() SI_UNIT($,.RADIAN.) );
#868 = ( NAMED_UNIT(*) SI_UNIT($,.STERADIAN.) SOLID_ANGLE_UNIT() );
#869 = UNCERTAINTY_MEASURE_WITH_UNIT(LENGTH_MEASURE(1.E-07),#866,
  'distance_accuracy_value','confusion accuracy');
#870 = CONTEXT_DEPENDENT_SHAPE_REPRESENTATION(#871,#873);
#871 = ( REPRESENTATION_RELATIONSHIP('','',#706,#10) 
REPRESENTATION_RELATIONSHIP_WITH_TRANSFORMATION(#872) 
SHAPE_REPRESENTATION_RELATIONSHIP() );
#872 = ITEM_DEFINED_TRANSFORMATION('','',#11,#27);
#873 = PRODUCT_DEFINITION_SHAPE('Placement','Placement of an item',#874
  );
#874 = NEXT_ASSEMBLY_USAGE_OCCURRENCE('697','R04_L02','',#5,#701,$);
#875 = PRODUCT_RELATED_PRODUCT_CATEGORY('part',$,(#703));
#876 = SHAPE_DEFINITION_REPRESENTATION(#877,#883);
#877 = PRODUCT_DEFINITION_SHAPE('','',#878);
#878 = PRODUCT_DEFINITION('design','',#879,#882);
#879 = PRODUCT_DEFINITION_FORMATION('','',#880);
#880 = PRODUCT('R04_O03','R04_O03','',(#881));
#881 = PRODUCT_CONTEXT('',#2,'mechanical');
#882 = PRODUCT_DEFINITION_CONTEXT('part definition',#2,'design');
#883 = MANIFOLD_SURFACE_SHAPE_REPRESENTATION('',(#11,#884),#1010);
#884 = SHELL_BASED_SURFACE_MODEL('',(#885));
#885 = OPEN_SHELL('',(#886));
#886 = ADVANCED_FACE('',(#887),#908,.T.);
#887 = FACE_BOUND('',#888,.T.);
#888 = EDGE_LOOP('',(#889,#955,#972,#995));
#889 = ORIENTED_EDGE('',*,*,#890,.F.);
#890 = EDGE_CURVE('',#891,#893,#895,.T.);
#891 = VERTEX_POINT('',#892);
#892 = CARTESIAN_POINT('',(1.72E+03,376.72105064623,0.));
#893 = VERTEX_POINT('',#894);
#894 = CARTESIAN_POINT('',(1.72E+03,376.72105064623,312.2265625));
#895 = SURFACE_CURVE('',#896,(#907),.PCURVE_S1.);
#896 = B_SPLINE_CURVE_WITH_KNOTS('',3,(#897,#898,#899,#900,#901,#902,
    #903,#904,#905,#906),.UNSPECIFIED.,.F.,.F.,(4,1,1,1,1,1,1,4),(0.,
    0.124223111754,0.263255383037,0.418727059994,0.581272940006,
    0.736744616963,0.875776888246,1.),.UNSPECIFIED.);
#897 = CARTESIAN_POINT('',(1.72E+03,376.72105064623,0.));
#898 = CARTESIAN_POINT('',(1.724135903532E+03,394.5065280195,
    -6.907531416493E-02));
#899 = CARTESIAN_POINT('',(1.73252079169E+03,430.56376132978,
    12.548996964041));
#900 = CARTESIAN_POINT('',(1.741764925533E+03,470.31597798681,
    58.983018469518));
#901 = CARTESIAN_POINT('',(1.746608498491E+03,491.14462077041,
    121.98893028181));
#902 = CARTESIAN_POINT('',(1.746608498491E+03,491.14462077041,
    190.23763221818));
#903 = CARTESIAN_POINT('',(1.741764925533E+03,470.3159779868,
    253.24354403047));
#904 = CARTESIAN_POINT('',(1.73252079169E+03,430.5637613298,
    299.67756553595));
#905 = CARTESIAN_POINT('',(1.724135903532E+03,394.50652801947,
    312.29563781417));
#906 = CARTESIAN_POINT('',(1.72E+03,376.72105064623,312.2265625));
#907 = PCURVE('',#908,#949);
#908 = B_SPLINE_SURFACE_WITH_KNOTS('',3,3,(
    (#909,#910,#911,#912,#913,#914,#915,#916,#917,#918)
    ,(#919,#920,#921,#922,#923,#924,#925,#926,#927,#928)
    ,(#929,#930,#931,#932,#933,#934,#935,#936,#937,#938)
    ,(#939,#940,#941,#942,#943,#944,#945,#946,#947,#948
  )),.UNSPECIFIED.,.F.,.F.,.F.,(4,4),(4,1,1,1,1,1,1,4),(0.,1.),(0.,
    0.124223111754,0.263255383037,0.418727059994,0.581272940006,
    0.736744616963,0.875776888246,1.),.UNSPECIFIED.);
#909 = CARTESIAN_POINT('',(1.72E+03,376.72105064623,0.));
#910 = CARTESIAN_POINT('',(1.724135903532E+03,394.5065280195,
    -6.907531416493E-02));
#911 = CARTESIAN_POINT('',(1.73252079169E+03,430.56376132978,
    12.548996964041));
#912 = CARTESIAN_POINT('',(1.741764925533E+03,470.31597798681,
    58.983018469518));
#913 = CARTESIAN_POINT('',(1.746608498491E+03,491.14462077041,
    121.98893028181));
#914 = CARTESIAN_POINT('',(1.746608498491E+03,491.14462077041,
    190.23763221818));
#915 = CARTESIAN_POINT('',(1.741764925533E+03,470.3159779868,
    253.24354403047));
#916 = CARTESIAN_POINT('',(1.73252079169E+03,430.5637613298,
    299.67756553595));
#917 = CARTESIAN_POINT('',(1.724135903532E+03,394.50652801947,
    312.29563781417));
#918 = CARTESIAN_POINT('',(1.72E+03,376.72105064623,312.2265625));
#919 = CARTESIAN_POINT('',(1.546638648535E+03,417.01667209224,0.));
#920 = CARTESIAN_POINT('',(1.549230564283E+03,435.72795212788,
    -6.971887136133E-02));
#921 = CARTESIAN_POINT('',(1.554485262197E+03,473.66210343681,
    12.665912788431));
#922 = CARTESIAN_POINT('',(1.560278437955E+03,515.48357622026,
    59.532548304382));
#923 = CARTESIAN_POINT('',(1.563313840723E+03,537.39643015759,
    123.12547022929));
#924 = CARTESIAN_POINT('',(1.563313840723E+03,537.3964301576,
    192.01002802516));
#925 = CARTESIAN_POINT('',(1.560278437955E+03,515.48357622025,
    255.60294995005));
#926 = CARTESIAN_POINT('',(1.554485262197E+03,473.66210343682,
    302.469585466));
#927 = CARTESIAN_POINT('',(1.549230564283E+03,435.72795212785,
    315.20521712581));
#928 = CARTESIAN_POINT('',(1.546638648535E+03,417.01667209224,
    315.13549825444));
#929 = CARTESIAN_POINT('',(1.358633714378E+03,435.02261624607,0.));
#930 = CARTESIAN_POINT('',(1.359914932526E+03,454.14394029063,
    -7.123992306045E-02));
#931 = CARTESIAN_POINT('',(1.362512399028E+03,492.909390765,
    12.942244114427));
#932 = CARTESIAN_POINT('',(1.365376042233E+03,535.64735051923,
    60.831365711989));
#933 = CARTESIAN_POINT('',(1.366876481866E+03,558.04040861462,
    125.8116899294));
#934 = CARTESIAN_POINT('',(1.366876481866E+03,558.04040861462,
    196.19909726437));
#935 = CARTESIAN_POINT('',(1.365376042233E+03,535.64735051923,
    261.17942148178));
#936 = CARTESIAN_POINT('',(1.362512399028E+03,492.90939076502,
    309.06854307935));
#937 = CARTESIAN_POINT('',(1.359914932526E+03,454.14394029061,
    322.08202711684));
#938 = CARTESIAN_POINT('',(1.358633714378E+03,435.02261624607,
    322.01078719378));
#939 = CARTESIAN_POINT('',(1.18E+03,435.,0.));
#940 = CARTESIAN_POINT('',(1.18E+03,454.12209746144,-7.646420364468E-02)
  );
#941 = CARTESIAN_POINT('',(1.18E+03,492.88911591581,13.891345569603));
#942 = CARTESIAN_POINT('',(1.18E+03,535.6288043296,65.292349232866));
#943 = CARTESIAN_POINT('',(1.18E+03,558.02276817654,135.03791506737));
#944 = CARTESIAN_POINT('',(1.18E+03,558.02276817654,210.58708493263));
#945 = CARTESIAN_POINT('',(1.18E+03,535.62880432959,280.33265076712));
#946 = CARTESIAN_POINT('',(1.18E+03,492.88911591583,331.73365443039));
#947 = CARTESIAN_POINT('',(1.18E+03,454.12209746141,345.70146420365));
#948 = CARTESIAN_POINT('',(1.18E+03,435.,345.625));
#949 = DEFINITIONAL_REPRESENTATION('',(#950),#954);
#950 = LINE('',#951,#952);
#951 = CARTESIAN_POINT('',(0.,0.));
#952 = VECTOR('',#953,1.);
#953 = DIRECTION('',(0.,1.));
#954 = ( GEOMETRIC_REPRESENTATION_CONTEXT(2) 
PARAMETRIC_REPRESENTATION_CONTEXT() REPRESENTATION_CONTEXT('2D SPACE',''
  ) );
#955 = ORIENTED_EDGE('',*,*,#956,.T.);
#956 = EDGE_CURVE('',#891,#957,#959,.T.);
#957 = VERTEX_POINT('',#958);
#958 = CARTESIAN_POINT('',(1.18E+03,435.,0.));
#959 = SURFACE_CURVE('',#960,(#965),.PCURVE_S1.);
#960 = B_SPLINE_CURVE_WITH_KNOTS('',3,(#961,#962,#963,#964),
  .UNSPECIFIED.,.F.,.F.,(4,4),(0.,1.),.PIECEWISE_BEZIER_KNOTS.);
#961 = CARTESIAN_POINT('',(1.72E+03,376.72105064623,0.));
#962 = CARTESIAN_POINT('',(1.546638648535E+03,417.01667209224,0.));
#963 = CARTESIAN_POINT('',(1.358633714378E+03,435.02261624607,0.));
#964 = CARTESIAN_POINT('',(1.18E+03,435.,0.));
#965 = PCURVE('',#908,#966);
#966 = DEFINITIONAL_REPRESENTATION('',(#967),#971);
#967 = LINE('',#968,#969);
#968 = CARTESIAN_POINT('',(0.,0.));
#969 = VECTOR('',#970,1.);
#970 = DIRECTION('',(1.,0.));
#971 = ( GEOMETRIC_REPRESENTATION_CONTEXT(2) 
PARAMETRIC_REPRESENTATION_CONTEXT() REPRESENTATION_CONTEXT('2D SPACE',''
  ) );
#972 = ORIENTED_EDGE('',*,*,#973,.T.);
#973 = EDGE_CURVE('',#957,#974,#976,.T.);
#974 = VERTEX_POINT('',#975);
#975 = CARTESIAN_POINT('',(1.18E+03,435.,345.625));
#976 = SURFACE_CURVE('',#977,(#988),.PCURVE_S1.);
#977 = B_SPLINE_CURVE_WITH_KNOTS('',3,(#978,#979,#980,#981,#982,#983,
    #984,#985,#986,#987),.UNSPECIFIED.,.F.,.F.,(4,1,1,1,1,1,1,4),(0.,
    0.124223111754,0.263255383037,0.418727059994,0.581272940006,
    0.736744616963,0.875776888246,1.),.UNSPECIFIED.);
#978 = CARTESIAN_POINT('',(1.18E+03,435.,0.));
#979 = CARTESIAN_POINT('',(1.18E+03,454.12209746144,-7.646420364468E-02)
  );
#980 = CARTESIAN_POINT('',(1.18E+03,492.88911591581,13.891345569603));
#981 = CARTESIAN_POINT('',(1.18E+03,535.6288043296,65.292349232866));
#982 = CARTESIAN_POINT('',(1.18E+03,558.02276817654,135.03791506737));
#983 = CARTESIAN_POINT('',(1.18E+03,558.02276817654,210.58708493263));
#984 = CARTESIAN_POINT('',(1.18E+03,535.62880432959,280.33265076712));
#985 = CARTESIAN_POINT('',(1.18E+03,492.88911591583,331.73365443039));
#986 = CARTESIAN_POINT('',(1.18E+03,454.12209746141,345.70146420365));
#987 = CARTESIAN_POINT('',(1.18E+03,435.,345.625));
#988 = PCURVE('',#908,#989);
#989 = DEFINITIONAL_REPRESENTATION('',(#990),#994);
#990 = LINE('',#991,#992);
#991 = CARTESIAN_POINT('',(1.,0.));
#992 = VECTOR('',#993,1.);
#993 = DIRECTION('',(0.,1.));
#994 = ( GEOMETRIC_REPRESENTATION_CONTEXT(2) 
PARAMETRIC_REPRESENTATION_CONTEXT() REPRESENTATION_CONTEXT('2D SPACE',''
  ) );
#995 = ORIENTED_EDGE('',*,*,#996,.F.);
#996 = EDGE_CURVE('',#893,#974,#997,.T.);
#997 = SURFACE_CURVE('',#998,(#1003),.PCURVE_S1.);
#998 = B_SPLINE_CURVE_WITH_KNOTS('',3,(#999,#1000,#1001,#1002),
  .UNSPECIFIED.,.F.,.F.,(4,4),(0.,1.),.PIECEWISE_BEZIER_KNOTS.);
#999 = CARTESIAN_POINT('',(1.72E+03,376.72105064623,312.2265625));
#1000 = CARTESIAN_POINT('',(1.546638648535E+03,417.01667209224,
    315.13549825444));
#1001 = CARTESIAN_POINT('',(1.358633714378E+03,435.02261624607,
    322.01078719378));
#1002 = CARTESIAN_POINT('',(1.18E+03,435.,345.625));
#1003 = PCURVE('',#908,#1004);
#1004 = DEFINITIONAL_REPRESENTATION('',(#1005),#1009);
#1005 = LINE('',#1006,#1007);
#1006 = CARTESIAN_POINT('',(0.,1.));
#1007 = VECTOR('',#1008,1.);
#1008 = DIRECTION('',(1.,0.));
#1009 = ( GEOMETRIC_REPRESENTATION_CONTEXT(2) 
PARAMETRIC_REPRESENTATION_CONTEXT() REPRESENTATION_CONTEXT('2D SPACE',''
  ) );
#1010 = ( GEOMETRIC_REPRESENTATION_CONTEXT(3) 
GLOBAL_UNCERTAINTY_ASSIGNED_CONTEXT((#1014)) 
GLOBAL_UNIT_ASSIGNED_CONTEXT((#1011,#1012,#1013)) REPRESENTATION_CONTEXT
('Context #1','3D Context with UNIT and UNCERTAINTY') );
#1011 = ( LENGTH_UNIT() NAMED_UNIT(*) SI_UNIT(.MILLI.,.METRE.) );
#1012 = ( NAMED_UNIT(*) PLANE_ANGLE_UNIT() SI_UNIT($,.RADIAN.) );
#1013 = ( NAMED_UNIT(*) SI_UNIT($,.STERADIAN.) SOLID_ANGLE_UNIT() );
#1014 = UNCERTAINTY_MEASURE_WITH_UNIT(LENGTH_MEASURE(1.E-07),#1011,
  'distance_accuracy_value','confusion accuracy');
#1015 = CONTEXT_DEPENDENT_SHAPE_REPRESENTATION(#1016,#1018);
#1016 = ( REPRESENTATION_RELATIONSHIP('','',#883,#10) 
REPRESENTATION_RELATIONSHIP_WITH_TRANSFORMATION(#1017) 
SHAPE_REPRESENTATION_RELATIONSHIP() );
#1017 = ITEM_DEFINED_TRANSFORMATION('','',#11,#31);
#1018 = PRODUCT_DEFINITION_SHAPE('Placement','Placement of an item',
  #1019);
#1019 = NEXT_ASSEMBLY_USAGE_OCCURRENCE('698','R04_O03','',#5,#878,$);
#1020 = PRODUCT_RELATED_PRODUCT_CATEGORY('part',$,(#880));
#1021 = SHAPE_DEFINITION_REPRESENTATION(#1022,#1028);
#1022 = PRODUCT_DEFINITION_SHAPE('','',#1023);
#1023 = PRODUCT_DEFINITION('design','',#1024,#1027);
#1024 = PRODUCT_DEFINITION_FORMATION('','',#1025);
#1025 = PRODUCT('R04_L03','R04_L03','',(#1026));
#1026 = PRODUCT_CONTEXT('',#2,'mechanical');
#1027 = PRODUCT_DEFINITION_CONTEXT('part definition',#2,'design');
#1028 = MANIFOLD_SURFACE_SHAPE_REPRESENTATION('',(#11,#1029),#1155);
#1029 = SHELL_BASED_SURFACE_MODEL('',(#1030));
#1030 = OPEN_SHELL('',(#1031));
#1031 = ADVANCED_FACE('',(#1032),#1053,.T.);
#1032 = FACE_BOUND('',#1033,.T.);
#1033 = EDGE_LOOP('',(#1034,#1100,#1117,#1140));
#1034 = ORIENTED_EDGE('',*,*,#1035,.F.);
#1035 = EDGE_CURVE('',#1036,#1038,#1040,.T.);
#1036 = VERTEX_POINT('',#1037);
#1037 = CARTESIAN_POINT('',(1.72E+03,376.72105064623,312.2265625));
#1038 = VERTEX_POINT('',#1039);
#1039 = CARTESIAN_POINT('',(1.72E+03,376.72105064623,0.));
#1040 = SURFACE_CURVE('',#1041,(#1052),.PCURVE_S1.);
#1041 = B_SPLINE_CURVE_WITH_KNOTS('',3,(#1042,#1043,#1044,#1045,#1046,
    #1047,#1048,#1049,#1050,#1051),.UNSPECIFIED.,.F.,.F.,(4,1,1,1,1,1,1,
    4),(0.,0.124223111754,0.263255383037,0.418727059994,0.581272940006,
    0.736744616963,0.875776888246,1.),.UNSPECIFIED.);
#1042 = CARTESIAN_POINT('',(1.72E+03,376.72105064623,312.2265625));
#1043 = CARTESIAN_POINT('',(1.715864096468E+03,358.93557327301,
    312.29563781417));
#1044 = CARTESIAN_POINT('',(1.70747920831E+03,322.87833996264,
    299.67756553596));
#1045 = CARTESIAN_POINT('',(1.698235074467E+03,283.12612330564,
    253.24354403044));
#1046 = CARTESIAN_POINT('',(1.693391501509E+03,262.29748052205,
    190.23763221823));
#1047 = CARTESIAN_POINT('',(1.693391501509E+03,262.29748052204,
    121.98893028178));
#1048 = CARTESIAN_POINT('',(1.698235074467E+03,283.12612330566,
    58.983018469526));
#1049 = CARTESIAN_POINT('',(1.70747920831E+03,322.87833996264,
    12.548996964053));
#1050 = CARTESIAN_POINT('',(1.715864096468E+03,358.93557327301,
    -6.907531418249E-02));
#1051 = CARTESIAN_POINT('',(1.72E+03,376.72105064623,0.));
#1052 = PCURVE('',#1053,#1094);
#1053 = B_SPLINE_SURFACE_WITH_KNOTS('',3,3,(
    (#1054,#1055,#1056,#1057,#1058,#1059,#1060,#1061,#1062,#1063)
    ,(#1064,#1065,#1066,#1067,#1068,#1069,#1070,#1071,#1072,#1073)
    ,(#1074,#1075,#1076,#1077,#1078,#1079,#1080,#1081,#1082,#1083)
    ,(#1084,#1085,#1086,#1087,#1088,#1089,#1090,#1091,#1092,#1093
  )),.UNSPECIFIED.,.F.,.F.,.F.,(4,4),(4,1,1,1,1,1,1,4),(0.,1.),(0.,
    0.124223111754,0.263255383037,0.418727059994,0.581272940006,
    0.736744616963,0.875776888246,1.),.UNSPECIFIED.);
#1054 = CARTESIAN_POINT('',(1.72E+03,376.72105064623,312.2265625));
#1055 = CARTESIAN_POINT('',(1.715864096468E+03,358.93557327301,
    312.29563781417));
#1056 = CARTESIAN_POINT('',(1.70747920831E+03,322.87833996264,
    299.67756553596));
#1057 = CARTESIAN_POINT('',(1.698235074467E+03,283.12612330564,
    253.24354403044));
#1058 = CARTESIAN_POINT('',(1.693391501509E+03,262.29748052205,
    190.23763221823));
#1059 = CARTESIAN_POINT('',(1.693391501509E+03,262.29748052204,
    121.98893028178));
#1060 = CARTESIAN_POINT('',(1.698235074467E+03,283.12612330566,
    58.983018469526));
#1061 = CARTESIAN_POINT('',(1.70747920831E+03,322.87833996264,
    12.548996964053));
#1062 = CARTESIAN_POINT('',(1.715864096468E+03,358.93557327301,
    -6.907531418249E-02));
#1063 = CARTESIAN_POINT('',(1.72E+03,376.72105064623,0.));
#1064 = CARTESIAN_POINT('',(1.545236126867E+03,417.32446467397,
    315.13831843462));
#1065 = CARTESIAN_POINT('',(1.542655977368E+03,398.6061325117,
    315.20803792992));
#1066 = CARTESIAN_POINT('',(1.537425133655E+03,360.65768413479,
    302.47229229762));
#1067 = CARTESIAN_POINT('',(1.531658256569E+03,318.82044918417,
    255.60523736726));
#1068 = CARTESIAN_POINT('',(1.528636633301E+03,296.89933647343,
    192.0117463428));
#1069 = CARTESIAN_POINT('',(1.528636633301E+03,296.89933647342,
    123.12657209182));
#1070 = CARTESIAN_POINT('',(1.531658256569E+03,318.82044918418,
    59.533081067324));
#1071 = CARTESIAN_POINT('',(1.537425133655E+03,360.65768413479,
    12.666026137007));
#1072 = CARTESIAN_POINT('',(1.542655977368E+03,398.60613251169,
    -6.971949530033E-02));
#1073 = CARTESIAN_POINT('',(1.545236126867E+03,417.32446467397,0.));
#1074 = CARTESIAN_POINT('',(1.357276146189E+03,435.00863735471,
    322.16801721501));
#1075 = CARTESIAN_POINT('',(1.356004029825E+03,415.88763308033,
    322.23929192281));
#1076 = CARTESIAN_POINT('',(1.353425015746E+03,377.12283088908,
    309.21945371814));
#1077 = CARTESIAN_POINT('',(1.350581715886E+03,334.38558585123,
    261.30694902933));
#1078 = CARTESIAN_POINT('',(1.349091935388E+03,311.99290223993,
    196.294896503));
#1079 = CARTESIAN_POINT('',(1.349091935388E+03,311.99290223992,
    125.87312071202));
#1080 = CARTESIAN_POINT('',(1.350581715886E+03,334.38558585125,
    60.861068185651));
#1081 = CARTESIAN_POINT('',(1.353425015746E+03,377.12283088908,
    12.948563496887));
#1082 = CARTESIAN_POINT('',(1.356004029825E+03,415.88763308033,
    -7.127470779695E-02));
#1083 = CARTESIAN_POINT('',(1.357276146189E+03,435.00863735471,0.));
#1084 = CARTESIAN_POINT('',(1.18E+03,435.,345.625));
#1085 = CARTESIAN_POINT('',(1.18E+03,415.87790253861,345.70146420366));
#1086 = CARTESIAN_POINT('',(1.18E+03,377.11088408415,331.73365443039));
#1087 = CARTESIAN_POINT('',(1.18E+03,334.37119567039,280.33265076708));
#1088 = CARTESIAN_POINT('',(1.18E+03,311.97723182346,210.58708493267));
#1089 = CARTESIAN_POINT('',(1.18E+03,311.97723182345,135.03791506733));
#1090 = CARTESIAN_POINT('',(1.18E+03,334.37119567041,65.292349232874));
#1091 = CARTESIAN_POINT('',(1.18E+03,377.11088408415,13.891345569616));
#1092 = CARTESIAN_POINT('',(1.18E+03,415.87790253861,-7.646420366404E-02
    ));
#1093 = CARTESIAN_POINT('',(1.18E+03,435.,0.));
#1094 = DEFINITIONAL_REPRESENTATION('',(#1095),#1099);
#1095 = LINE('',#1096,#1097);
#1096 = CARTESIAN_POINT('',(0.,0.));
#1097 = VECTOR('',#1098,1.);
#1098 = DIRECTION('',(0.,1.));
#1099 = ( GEOMETRIC_REPRESENTATION_CONTEXT(2) 
PARAMETRIC_REPRESENTATION_CONTEXT() REPRESENTATION_CONTEXT('2D SPACE',''
  ) );
#1100 = ORIENTED_EDGE('',*,*,#1101,.T.);
#1101 = EDGE_CURVE('',#1036,#1102,#1104,.T.);
#1102 = VERTEX_POINT('',#1103);
#1103 = CARTESIAN_POINT('',(1.18E+03,435.,345.625));
#1104 = SURFACE_CURVE('',#1105,(#1110),.PCURVE_S1.);
#1105 = B_SPLINE_CURVE_WITH_KNOTS('',3,(#1106,#1107,#1108,#1109),
  .UNSPECIFIED.,.F.,.F.,(4,4),(0.,1.),.PIECEWISE_BEZIER_KNOTS.);
#1106 = CARTESIAN_POINT('',(1.72E+03,376.72105064623,312.2265625));
#1107 = CARTESIAN_POINT('',(1.545236126867E+03,417.32446467397,
    315.13831843462));
#1108 = CARTESIAN_POINT('',(1.357276146189E+03,435.00863735471,
    322.16801721501));
#1109 = CARTESIAN_POINT('',(1.18E+03,435.,345.625));
#1110 = PCURVE('',#1053,#1111);
#1111 = DEFINITIONAL_REPRESENTATION('',(#1112),#1116);
#1112 = LINE('',#1113,#1114);
#1113 = CARTESIAN_POINT('',(0.,0.));
#1114 = VECTOR('',#1115,1.);
#1115 = DIRECTION('',(1.,0.));
#1116 = ( GEOMETRIC_REPRESENTATION_CONTEXT(2) 
PARAMETRIC_REPRESENTATION_CONTEXT() REPRESENTATION_CONTEXT('2D SPACE',''
  ) );
#1117 = ORIENTED_EDGE('',*,*,#1118,.T.);
#1118 = EDGE_CURVE('',#1102,#1119,#1121,.T.);
#1119 = VERTEX_POINT('',#1120);
#1120 = CARTESIAN_POINT('',(1.18E+03,435.,0.));
#1121 = SURFACE_CURVE('',#1122,(#1133),.PCURVE_S1.);
#1122 = B_SPLINE_CURVE_WITH_KNOTS('',3,(#1123,#1124,#1125,#1126,#1127,
    #1128,#1129,#1130,#1131,#1132),.UNSPECIFIED.,.F.,.F.,(4,1,1,1,1,1,1,
    4),(0.,0.124223111754,0.263255383037,0.418727059994,0.581272940006,
    0.736744616963,0.875776888246,1.),.UNSPECIFIED.);
#1123 = CARTESIAN_POINT('',(1.18E+03,435.,345.625));
#1124 = CARTESIAN_POINT('',(1.18E+03,415.87790253861,345.70146420366));
#1125 = CARTESIAN_POINT('',(1.18E+03,377.11088408415,331.73365443039));
#1126 = CARTESIAN_POINT('',(1.18E+03,334.37119567039,280.33265076708));
#1127 = CARTESIAN_POINT('',(1.18E+03,311.97723182346,210.58708493267));
#1128 = CARTESIAN_POINT('',(1.18E+03,311.97723182345,135.03791506733));
#1129 = CARTESIAN_POINT('',(1.18E+03,334.37119567041,65.292349232874));
#1130 = CARTESIAN_POINT('',(1.18E+03,377.11088408415,13.891345569616));
#1131 = CARTESIAN_POINT('',(1.18E+03,415.87790253861,-7.646420366404E-02
    ));
#1132 = CARTESIAN_POINT('',(1.18E+03,435.,0.));
#1133 = PCURVE('',#1053,#1134);
#1134 = DEFINITIONAL_REPRESENTATION('',(#1135),#1139);
#1135 = LINE('',#1136,#1137);
#1136 = CARTESIAN_POINT('',(1.,0.));
#1137 = VECTOR('',#1138,1.);
#1138 = DIRECTION('',(0.,1.));
#1139 = ( GEOMETRIC_REPRESENTATION_CONTEXT(2) 
PARAMETRIC_REPRESENTATION_CONTEXT() REPRESENTATION_CONTEXT('2D SPACE',''
  ) );
#1140 = ORIENTED_EDGE('',*,*,#1141,.F.);
#1141 = EDGE_CURVE('',#1038,#1119,#1142,.T.);
#1142 = SURFACE_CURVE('',#1143,(#1148),.PCURVE_S1.);
#1143 = B_SPLINE_CURVE_WITH_KNOTS('',3,(#1144,#1145,#1146,#1147),
  .UNSPECIFIED.,.F.,.F.,(4,4),(0.,1.),.PIECEWISE_BEZIER_KNOTS.);
#1144 = CARTESIAN_POINT('',(1.72E+03,376.72105064623,0.));
#1145 = CARTESIAN_POINT('',(1.545236126867E+03,417.32446467397,0.));
#1146 = CARTESIAN_POINT('',(1.357276146189E+03,435.00863735471,0.));
#1147 = CARTESIAN_POINT('',(1.18E+03,435.,0.));
#1148 = PCURVE('',#1053,#1149);
#1149 = DEFINITIONAL_REPRESENTATION('',(#1150),#1154);
#1150 = LINE('',#1151,#1152);
#1151 = CARTESIAN_POINT('',(0.,1.));
#1152 = VECTOR('',#1153,1.);
#1153 = DIRECTION('',(1.,0.));
#1154 = ( GEOMETRIC_REPRESENTATION_CONTEXT(2) 
PARAMETRIC_REPRESENTATION_CONTEXT() REPRESENTATION_CONTEXT('2D SPACE',''
  ) );
#1155 = ( GEOMETRIC_REPRESENTATION_CONTEXT(3) 
GLOBAL_UNCERTAINTY_ASSIGNED_CONTEXT((#1159)) 
GLOBAL_UNIT_ASSIGNED_CONTEXT((#1156,#1157,#1158)) REPRESENTATION_CONTEXT
('Context #1','3D Context with UNIT and UNCERTAINTY') );
#1156 = ( LENGTH_UNIT() NAMED_UNIT(*) SI_UNIT(.MILLI.,.METRE.) );
#1157 = ( NAMED_UNIT(*) PLANE_ANGLE_UNIT() SI_UNIT($,.RADIAN.) );
#1158 = ( NAMED_UNIT(*) SI_UNIT($,.STERADIAN.) SOLID_ANGLE_UNIT() );
#1159 = UNCERTAINTY_MEASURE_WITH_UNIT(LENGTH_MEASURE(1.E-07),#1156,
  'distance_accuracy_value','confusion accuracy');
#1160 = CONTEXT_DEPENDENT_SHAPE_REPRESENTATION(#1161,#1163);
#1161 = ( REPRESENTATION_RELATIONSHIP('','',#1028,#10) 
REPRESENTATION_RELATIONSHIP_WITH_TRANSFORMATION(#1162) 
SHAPE_REPRESENTATION_RELATIONSHIP() );
#1162 = ITEM_DEFINED_TRANSFORMATION('','',#11,#35);
#1163 = PRODUCT_DEFINITION_SHAPE('Placement','Placement of an item',
  #1164);
#1164 = NEXT_ASSEMBLY_USAGE_OCCURRENCE('699','R04_L03','',#5,#1023,$);
#1165 = PRODUCT_RELATED_PRODUCT_CATEGORY('part',$,(#1025));
#1166 = SHAPE_DEFINITION_REPRESENTATION(#1167,#1173);
#1167 = PRODUCT_DEFINITION_SHAPE('','',#1168);
#1168 = PRODUCT_DEFINITION('design','',#1169,#1172);
#1169 = PRODUCT_DEFINITION_FORMATION('','',#1170);
#1170 = PRODUCT('R04_O04','R04_O04','',(#1171));
#1171 = PRODUCT_CONTEXT('',#2,'mechanical');
#1172 = PRODUCT_DEFINITION_CONTEXT('part definition',#2,'design');
#1173 = MANIFOLD_SURFACE_SHAPE_REPRESENTATION('',(#11,#1174),#1326);
#1174 = SHELL_BASED_SURFACE_MODEL('',(#1175));
#1175 = OPEN_SHELL('',(#1176));
#1176 = ADVANCED_FACE('',(#1177),#1200,.T.);
#1177 = FACE_BOUND('',#1178,.T.);
#1178 = EDGE_LOOP('',(#1179,#1267,#1285,#1310));
#1179 = ORIENTED_EDGE('',*,*,#1180,.F.);
#1180 = EDGE_CURVE('',#1181,#1183,#1185,.T.);
#1181 = VERTEX_POINT('',#1182);
#1182 = CARTESIAN_POINT('',(1.18E+03,435.,0.));
#1183 = VERTEX_POINT('',#1184);
#1184 = CARTESIAN_POINT('',(1.18E+03,435.,345.625));
#1185 = SURFACE_CURVE('',#1186,(#1199),.PCURVE_S1.);
#1186 = B_SPLINE_CURVE_WITH_KNOTS('',3,(#1187,#1188,#1189,#1190,#1191,
    #1192,#1193,#1194,#1195,#1196,#1197,#1198),.UNSPECIFIED.,.F.,.F.,(4,
    1,1,1,1,1,1,1,1,4),(0.,8.389215928157E-02,0.182531559215,
    0.299712423795,0.431343627899,0.568656372101,0.700287576205,
    0.817468440785,0.916107840718,1.),.UNSPECIFIED.);
#1187 = CARTESIAN_POINT('',(1.18E+03,435.,0.));
#1188 = CARTESIAN_POINT('',(1.18E+03,449.90068492691,-0.146831318207));
#1189 = CARTESIAN_POINT('',(1.18E+03,481.40413882324,9.012886008857));
#1190 = CARTESIAN_POINT('',(1.18E+03,518.07198182227,41.644807166137));
#1191 = CARTESIAN_POINT('',(1.18E+03,543.97441146168,87.971691081635));
#1192 = CARTESIAN_POINT('',(1.18E+03,557.62522050744,143.47304081714));
#1193 = CARTESIAN_POINT('',(1.18E+03,557.62522050744,202.15195918285));
#1194 = CARTESIAN_POINT('',(1.18E+03,543.97441146168,257.65330891836));
#1195 = CARTESIAN_POINT('',(1.18E+03,518.07198182227,303.98019283386));
#1196 = CARTESIAN_POINT('',(1.18E+03,481.40413882324,336.61211399114));
#1197 = CARTESIAN_POINT('',(1.18E+03,449.90068492691,345.7718313182));
#1198 = CARTESIAN_POINT('',(1.18E+03,435.,345.625));
#1199 = PCURVE('',#1200,#1261);
#1200 = B_SPLINE_SURFACE_WITH_KNOTS('',3,3,(
    (#1201,#1202,#1203,#1204,#1205,#1206,#1207,#1208,#1209,#1210,#1211
      ,#1212)
    ,(#1213,#1214,#1215,#1216,#1217,#1218,#1219,#1220,#1221,#1222,#1223
      ,#1224)
    ,(#1225,#1226,#1227,#1228,#1229,#1230,#1231,#1232,#1233,#1234,#1235
      ,#1236)
    ,(#1237,#1238,#1239,#1240,#1241,#1242,#1243,#1244,#1245,#1246,#1247
      ,#1248)
    ,(#1249,#1250,#1251,#1252,#1253,#1254,#1255,#1256,#1257,#1258,#1259
      ,#1260
    )),.UNSPECIFIED.,.F.,.F.,.F.,(4,1,4),(4,1,1,1,1,1,1,1,1,4),(0.,
    0.509730155239,1.),(0.,8.389215928157E-02,0.182531559215,
    0.299712423795,0.431343627899,0.568656372101,0.700287576205,
    0.817468440785,0.916107840718,1.),.UNSPECIFIED.);
#1201 = CARTESIAN_POINT('',(1.18E+03,435.,0.));
#1202 = CARTESIAN_POINT('',(1.18E+03,449.90068492691,-0.146831318207));
#1203 = CARTESIAN_POINT('',(1.18E+03,481.40413882324,9.012886008857));
#1204 = CARTESIAN_POINT('',(1.18E+03,518.07198182227,41.644807166137));
#1205 = CARTESIAN_POINT('',(1.18E+03,543.97441146168,87.971691081635));
#1206 = CARTESIAN_POINT('',(1.18E+03,557.62522050744,143.47304081714));
#1207 = CARTESIAN_POINT('',(1.18E+03,557.62522050744,202.15195918285));
#1208 = CARTESIAN_POINT('',(1.18E+03,543.97441146168,257.65330891836));
#1209 = CARTESIAN_POINT('',(1.18E+03,518.07198182227,303.98019283386));
#1210 = CARTESIAN_POINT('',(1.18E+03,481.40413882324,336.61211399114));
#1211 = CARTESIAN_POINT('',(1.18E+03,449.90068492691,345.7718313182));
#1212 = CARTESIAN_POINT('',(1.18E+03,435.,345.625));
#1213 = CARTESIAN_POINT('',(1.086231572395E+03,434.98672265523,0.));
#1214 = CARTESIAN_POINT('',(1.085710479984E+03,449.8873342676,
    -0.152089127736));
#1215 = CARTESIAN_POINT('',(1.084608771518E+03,481.39063316025,
    9.335623954103));
#1216 = CARTESIAN_POINT('',(1.083326459007E+03,518.0582957457,
    43.136045320238));
#1217 = CARTESIAN_POINT('',(1.08242062417E+03,543.96059793966,
    91.121825543739));
#1218 = CARTESIAN_POINT('',(1.081943241216E+03,557.61133982054,
    148.61059546346));
#1219 = CARTESIAN_POINT('',(1.081943241216E+03,557.61133982054,
    209.39071798553));
#1220 = CARTESIAN_POINT('',(1.08242062417E+03,543.96059793966,
    266.87948790525));
#1221 = CARTESIAN_POINT('',(1.083326459007E+03,518.0582957457,
    314.86526812875));
#1222 = CARTESIAN_POINT('',(1.084608771518E+03,481.39063316025,
    348.66568949489));
#1223 = CARTESIAN_POINT('',(1.085710479984E+03,449.8873342676,
    358.15340257673));
#1224 = CARTESIAN_POINT('',(1.086231572395E+03,434.98672265523,
    358.00131344899));
#1225 = CARTESIAN_POINT('',(902.64665302505,425.44300860061,0.));
#1226 = CARTESIAN_POINT('',(901.10615110044,440.17191225858,
    -0.166409347953));
#1227 = CARTESIAN_POINT('',(897.8491779078,471.31218128703,
    10.214636102322));
#1228 = CARTESIAN_POINT('',(894.05828621469,507.55730220108,
    47.197595790676));
#1229 = CARTESIAN_POINT('',(891.38037289009,533.16111790067,
    99.701561832886));
#1230 = CARTESIAN_POINT('',(889.96908893163,546.65455476444,
    162.60328833633));
#1231 = CARTESIAN_POINT('',(889.96908893163,546.65455476444,
    229.10627055475));
#1232 = CARTESIAN_POINT('',(891.38037289009,533.16111790067,
    292.00799705821));
#1233 = CARTESIAN_POINT('',(894.05828621469,507.55730220108,
    344.51196310042));
#1234 = CARTESIAN_POINT('',(897.8491779078,471.31218128703,
    381.49492278877));
#1235 = CARTESIAN_POINT('',(901.10615110044,440.17191225858,
    391.87596823904));
#1236 = CARTESIAN_POINT('',(902.64665302505,425.44300860061,
    391.70955889109));
#1237 = CARTESIAN_POINT('',(724.46619529446,396.33939824119,0.));
#1238 = CARTESIAN_POINT('',(721.83202035372,410.55044522339,
    -0.192315032988));
#1239 = CARTESIAN_POINT('',(716.26277241595,440.59584686888,
    11.804794040351));
#1240 = CARTESIAN_POINT('',(709.78055273054,475.56661782008,
    54.545055930283));
#1241 = CARTESIAN_POINT('',(705.20146583654,500.27022348413,
    115.2225484245));
#1242 = CARTESIAN_POINT('',(702.78824662644,513.28924171355,
    187.9164671033));
#1243 = CARTESIAN_POINT('',(702.78824662644,513.28924171355,
    264.7722650283));
#1244 = CARTESIAN_POINT('',(705.20146583654,500.27022348413,
    337.4661837071));
#1245 = CARTESIAN_POINT('',(709.78055273055,475.56661782008,
    398.14367620132));
#1246 = CARTESIAN_POINT('',(716.26277241594,440.59584686888,
    440.88393809126));
#1247 = CARTESIAN_POINT('',(721.83202035372,410.55044522339,
    452.88104716459));
#1248 = CARTESIAN_POINT('',(724.46619529446,396.33939824119,
    452.68873213161));
#1249 = CARTESIAN_POINT('',(640.,376.72105064623,0.));
#1250 = CARTESIAN_POINT('',(636.77714248936,390.58018901471,
    -0.208315273221));
#1251 = CARTESIAN_POINT('',(629.96328503927,419.88157541245,
    12.786930161526));
#1252 = CARTESIAN_POINT('',(622.03242590173,453.98636403728,
    59.083099497799));
#1253 = CARTESIAN_POINT('',(616.43000961573,478.07823351935,
    124.80884246697));
#1254 = CARTESIAN_POINT('',(613.47748678372,490.77486138142,
    203.55075512857));
#1255 = CARTESIAN_POINT('',(613.47748678372,490.77486138142,
    286.80080737143));
#1256 = CARTESIAN_POINT('',(616.43000961573,478.07823351935,
    365.54272003302));
#1257 = CARTESIAN_POINT('',(622.03242590173,453.98636403728,
    431.2684630022));
#1258 = CARTESIAN_POINT('',(629.96328503927,419.88157541245,
    477.56463233847));
#1259 = CARTESIAN_POINT('',(636.77714248936,390.58018901471,
    490.55987777322));
#1260 = CARTESIAN_POINT('',(640.,376.72105064623,490.3515625));
#1261 = DEFINITIONAL_REPRESENTATION('',(#1262),#1266);
#1262 = LINE('',#1263,#1264);
#1263 = CARTESIAN_POINT('',(0.,0.));
#1264 = VECTOR('',#1265,1.);
#1265 = DIRECTION('',(0.,1.));
#1266 = ( GEOMETRIC_REPRESENTATION_CONTEXT(2) 
PARAMETRIC_REPRESENTATION_CONTEXT() REPRESENTATION_CONTEXT('2D SPACE',''
  ) );
#1267 = ORIENTED_EDGE('',*,*,#1268,.T.);
#1268 = EDGE_CURVE('',#1181,#1269,#1271,.T.);
#1269 = VERTEX_POINT('',#1270);
#1270 = CARTESIAN_POINT('',(640.,376.72105064623,0.));
#1271 = SURFACE_CURVE('',#1272,(#1278),.PCURVE_S1.);
#1272 = B_SPLINE_CURVE_WITH_KNOTS('',3,(#1273,#1274,#1275,#1276,#1277),
  .UNSPECIFIED.,.F.,.F.,(4,1,4),(0.,0.509730155239,1.),.UNSPECIFIED.);
#1273 = CARTESIAN_POINT('',(1.18E+03,435.,0.));
#1274 = CARTESIAN_POINT('',(1.086231572395E+03,434.98672265523,0.));
#1275 = CARTESIAN_POINT('',(902.64665302505,425.44300860061,0.));
#1276 = CARTESIAN_POINT('',(724.46619529446,396.33939824119,0.));
#1277 = CARTESIAN_POINT('',(640.,376.72105064623,0.));
#1278 = PCURVE('',#1200,#1279);
#1279 = DEFINITIONAL_REPRESENTATION('',(#1280),#1284);
#1280 = LINE('',#1281,#1282);
#1281 = CARTESIAN_POINT('',(0.,0.));
#1282 = VECTOR('',#1283,1.);
#1283 = DIRECTION('',(1.,0.));
#1284 = ( GEOMETRIC_REPRESENTATION_CONTEXT(2) 
PARAMETRIC_REPRESENTATION_CONTEXT() REPRESENTATION_CONTEXT('2D SPACE',''
  ) );
#1285 = ORIENTED_EDGE('',*,*,#1286,.T.);
#1286 = EDGE_CURVE('',#1269,#1287,#1289,.T.);
#1287 = VERTEX_POINT('',#1288);
#1288 = CARTESIAN_POINT('',(640.,376.72105064623,490.3515625));
#1289 = SURFACE_CURVE('',#1290,(#1303),.PCURVE_S1.);
#1290 = B_SPLINE_CURVE_WITH_KNOTS('',3,(#1291,#1292,#1293,#1294,#1295,
    #1296,#1297,#1298,#1299,#1300,#1301,#1302),.UNSPECIFIED.,.F.,.F.,(4,
    1,1,1,1,1,1,1,1,4),(0.,8.389215928157E-02,0.182531559215,
    0.299712423795,0.431343627899,0.568656372101,0.700287576205,
    0.817468440785,0.916107840718,1.),.UNSPECIFIED.);
#1291 = CARTESIAN_POINT('',(640.,376.72105064623,0.));
#1292 = CARTESIAN_POINT('',(636.77714248936,390.58018901471,
    -0.208315273221));
#1293 = CARTESIAN_POINT('',(629.96328503927,419.88157541245,
    12.786930161526));
#1294 = CARTESIAN_POINT('',(622.03242590173,453.98636403728,
    59.083099497799));
#1295 = CARTESIAN_POINT('',(616.43000961573,478.07823351935,
    124.80884246697));
#1296 = CARTESIAN_POINT('',(613.47748678372,490.77486138142,
    203.55075512857));
#1297 = CARTESIAN_POINT('',(613.47748678372,490.77486138142,
    286.80080737143));
#1298 = CARTESIAN_POINT('',(616.43000961573,478.07823351935,
    365.54272003302));
#1299 = CARTESIAN_POINT('',(622.03242590173,453.98636403728,
    431.2684630022));
#1300 = CARTESIAN_POINT('',(629.96328503927,419.88157541245,
    477.56463233847));
#1301 = CARTESIAN_POINT('',(636.77714248936,390.58018901471,
    490.55987777322));
#1302 = CARTESIAN_POINT('',(640.,376.72105064623,490.3515625));
#1303 = PCURVE('',#1200,#1304);
#1304 = DEFINITIONAL_REPRESENTATION('',(#1305),#1309);
#1305 = LINE('',#1306,#1307);
#1306 = CARTESIAN_POINT('',(1.,0.));
#1307 = VECTOR('',#1308,1.);
#1308 = DIRECTION('',(0.,1.));
#1309 = ( GEOMETRIC_REPRESENTATION_CONTEXT(2) 
PARAMETRIC_REPRESENTATION_CONTEXT() REPRESENTATION_CONTEXT('2D SPACE',''
  ) );
#1310 = ORIENTED_EDGE('',*,*,#1311,.F.);
#1311 = EDGE_CURVE('',#1183,#1287,#1312,.T.);
#1312 = SURFACE_CURVE('',#1313,(#1319),.PCURVE_S1.);
#1313 = B_SPLINE_CURVE_WITH_KNOTS('',3,(#1314,#1315,#1316,#1317,#1318),
  .UNSPECIFIED.,.F.,.F.,(4,1,4),(0.,0.509730155239,1.),.UNSPECIFIED.);
#1314 = CARTESIAN_POINT('',(1.18E+03,435.,345.625));
#1315 = CARTESIAN_POINT('',(1.086231572395E+03,434.98672265523,
    358.00131344899));
#1316 = CARTESIAN_POINT('',(902.64665302505,425.44300860061,
    391.70955889109));
#1317 = CARTESIAN_POINT('',(724.46619529446,396.33939824119,
    452.68873213161));
#1318 = CARTESIAN_POINT('',(640.,376.72105064623,490.3515625));
#1319 = PCURVE('',#1200,#1320);
#1320 = DEFINITIONAL_REPRESENTATION('',(#1321),#1325);
#1321 = LINE('',#1322,#1323);
#1322 = CARTESIAN_POINT('',(0.,1.));
#1323 = VECTOR('',#1324,1.);
#1324 = DIRECTION('',(1.,0.));
#1325 = ( GEOMETRIC_REPRESENTATION_CONTEXT(2) 
PARAMETRIC_REPRESENTATION_CONTEXT() REPRESENTATION_CONTEXT('2D SPACE',''
  ) );
#1326 = ( GEOMETRIC_REPRESENTATION_CONTEXT(3) 
GLOBAL_UNCERTAINTY_ASSIGNED_CONTEXT((#1330)) 
GLOBAL_UNIT_ASSIGNED_CONTEXT((#1327,#1328,#1329)) REPRESENTATION_CONTEXT
('Context #1','3D Context with UNIT and UNCERTAINTY') );
#1327 = ( LENGTH_UNIT() NAMED_UNIT(*) SI_UNIT(.MILLI.,.METRE.) );
#1328 = ( NAMED_UNIT(*) PLANE_ANGLE_UNIT() SI_UNIT($,.RADIAN.) );
#1329 = ( NAMED_UNIT(*) SI_UNIT($,.STERADIAN.) SOLID_ANGLE_UNIT() );
#1330 = UNCERTAINTY_MEASURE_WITH_UNIT(LENGTH_MEASURE(1.E-07),#1327,
  'distance_accuracy_value','confusion accuracy');
#1331 = CONTEXT_DEPENDENT_SHAPE_REPRESENTATION(#1332,#1334);
#1332 = ( REPRESENTATION_RELATIONSHIP('','',#1173,#10) 
REPRESENTATION_RELATIONSHIP_WITH_TRANSFORMATION(#1333) 
SHAPE_REPRESENTATION_RELATIONSHIP() );
#1333 = ITEM_DEFINED_TRANSFORMATION('','',#11,#39);
#1334 = PRODUCT_DEFINITION_SHAPE('Placement','Placement of an item',
  #1335);
#1335 = NEXT_ASSEMBLY_USAGE_OCCURRENCE('700','R04_O04','',#5,#1168,$);
#1336 = PRODUCT_RELATED_PRODUCT_CATEGORY('part',$,(#1170));
#1337 = SHAPE_DEFINITION_REPRESENTATION(#1338,#1344);
#1338 = PRODUCT_DEFINITION_SHAPE('','',#1339);
#1339 = PRODUCT_DEFINITION('design','',#1340,#1343);
#1340 = PRODUCT_DEFINITION_FORMATION('','',#1341);
#1341 = PRODUCT('R04_L04','R04_L04','',(#1342));
#1342 = PRODUCT_CONTEXT('',#2,'mechanical');
#1343 = PRODUCT_DEFINITION_CONTEXT('part definition',#2,'design');
#1344 = MANIFOLD_SURFACE_SHAPE_REPRESENTATION('',(#11,#1345),#1497);
#1345 = SHELL_BASED_SURFACE_MODEL('',(#1346));
#1346 = OPEN_SHELL('',(#1347));
#1347 = ADVANCED_FACE('',(#1348),#1371,.T.);
#1348 = FACE_BOUND('',#1349,.T.);
#1349 = EDGE_LOOP('',(#1350,#1438,#1456,#1481));
#1350 = ORIENTED_EDGE('',*,*,#1351,.F.);
#1351 = EDGE_CURVE('',#1352,#1354,#1356,.T.);
#1352 = VERTEX_POINT('',#1353);
#1353 = CARTESIAN_POINT('',(1.18E+03,435.,345.625));
#1354 = VERTEX_POINT('',#1355);
#1355 = CARTESIAN_POINT('',(1.18E+03,435.,0.));
#1356 = SURFACE_CURVE('',#1357,(#1370),.PCURVE_S1.);
#1357 = B_SPLINE_CURVE_WITH_KNOTS('',3,(#1358,#1359,#1360,#1361,#1362,
    #1363,#1364,#1365,#1366,#1367,#1368,#1369),.UNSPECIFIED.,.F.,.F.,(4,
    1,1,1,1,1,1,1,1,4),(0.,8.389215928157E-02,0.182531559215,
    0.299712423795,0.431343627899,0.568656372101,0.700287576205,
    0.817468440785,0.916107840718,1.),.UNSPECIFIED.);
#1358 = CARTESIAN_POINT('',(1.18E+03,435.,345.625));
#1359 = CARTESIAN_POINT('',(1.18E+03,420.09931507308,345.7718313182));
#1360 = CARTESIAN_POINT('',(1.18E+03,388.59586117675,336.61211399114));
#1361 = CARTESIAN_POINT('',(1.18E+03,351.92801817773,303.98019283386));
#1362 = CARTESIAN_POINT('',(1.18E+03,326.02558853831,257.65330891836));
#1363 = CARTESIAN_POINT('',(1.18E+03,312.37477949255,202.15195918285));
#1364 = CARTESIAN_POINT('',(1.18E+03,312.37477949255,143.47304081714));
#1365 = CARTESIAN_POINT('',(1.18E+03,326.02558853831,87.971691081635));
#1366 = CARTESIAN_POINT('',(1.18E+03,351.92801817773,41.644807166138));
#1367 = CARTESIAN_POINT('',(1.18E+03,388.59586117675,9.012886008857));
#1368 = CARTESIAN_POINT('',(1.18E+03,420.09931507308,-0.146831318207));
#1369 = CARTESIAN_POINT('',(1.18E+03,435.,0.));
#1370 = PCURVE('',#1371,#1432);
#1371 = B_SPLINE_SURFACE_WITH_KNOTS('',3,3,(
    (#1372,#1373,#1374,#1375,#1376,#1377,#1378,#1379,#1380,#1381,#1382
      ,#1383)
    ,(#1384,#1385,#1386,#1387,#1388,#1389,#1390,#1391,#1392,#1393,#1394
      ,#1395)
    ,(#1396,#1397,#1398,#1399,#1400,#1401,#1402,#1403,#1404,#1405,#1406
      ,#1407)
    ,(#1408,#1409,#1410,#1411,#1412,#1413,#1414,#1415,#1416,#1417,#1418
      ,#1419)
    ,(#1420,#1421,#1422,#1423,#1424,#1425,#1426,#1427,#1428,#1429,#1430
      ,#1431
    )),.UNSPECIFIED.,.F.,.F.,.F.,(4,1,4),(4,1,1,1,1,1,1,1,1,4),(0.,
    0.511224937255,1.),(0.,8.389215928157E-02,0.182531559215,
    0.299712423795,0.431343627899,0.568656372101,0.700287576205,
    0.817468440785,0.916107840718,1.),.UNSPECIFIED.);
#1372 = CARTESIAN_POINT('',(1.18E+03,435.,345.625));
#1373 = CARTESIAN_POINT('',(1.18E+03,420.09931507308,345.7718313182));
#1374 = CARTESIAN_POINT('',(1.18E+03,388.59586117675,336.61211399114));
#1375 = CARTESIAN_POINT('',(1.18E+03,351.92801817773,303.98019283386));
#1376 = CARTESIAN_POINT('',(1.18E+03,326.02558853831,257.65330891836));
#1377 = CARTESIAN_POINT('',(1.18E+03,312.37477949255,202.15195918285));
#1378 = CARTESIAN_POINT('',(1.18E+03,312.37477949255,143.47304081714));
#1379 = CARTESIAN_POINT('',(1.18E+03,326.02558853831,87.971691081635));
#1380 = CARTESIAN_POINT('',(1.18E+03,351.92801817773,41.644807166138));
#1381 = CARTESIAN_POINT('',(1.18E+03,388.59586117675,9.012886008857));
#1382 = CARTESIAN_POINT('',(1.18E+03,420.09931507308,-0.146831318207));
#1383 = CARTESIAN_POINT('',(1.18E+03,435.,0.));
#1384 = CARTESIAN_POINT('',(1.086304002595E+03,434.98471170138,
    357.99456578375));
#1385 = CARTESIAN_POINT('',(1.086824678252E+03,420.08413361997,
    358.14665204489));
#1386 = CARTESIAN_POINT('',(1.087925505605E+03,388.58090561946,
    348.65911778896));
#1387 = CARTESIAN_POINT('',(1.089206792561E+03,351.91332554755,
    314.8593334985));
#1388 = CARTESIAN_POINT('',(1.090111902939E+03,326.01108164175,
    266.87445771856));
#1389 = CARTESIAN_POINT('',(1.090588904097E+03,312.36037047924,
    209.38677135624));
#1390 = CARTESIAN_POINT('',(1.090588904097E+03,312.36037047924,
    148.60779442751));
#1391 = CARTESIAN_POINT('',(1.090111902939E+03,326.01108164175,
    91.120108065194));
#1392 = CARTESIAN_POINT('',(1.089206792561E+03,351.91332554755,
    43.135232285251));
#1393 = CARTESIAN_POINT('',(1.087925505605E+03,388.58090561946,
    9.33544799479));
#1394 = CARTESIAN_POINT('',(1.086824678252E+03,420.08413361997,
    -0.152086261136));
#1395 = CARTESIAN_POINT('',(1.086304002595E+03,434.98471170138,0.));
#1396 = CARTESIAN_POINT('',(903.43877551466,425.5042864634,
    391.53743555546));
#1397 = CARTESIAN_POINT('',(904.97486589821,410.77429141578,
    391.70377178054));
#1398 = CARTESIAN_POINT('',(908.2225120847,379.63171494012,
    381.32728792476));
#1399 = CARTESIAN_POINT('',(912.00254778726,343.38390831699,
    344.36057913006));
#1400 = CARTESIAN_POINT('',(914.67279236158,317.77819541308,
    291.87968415559));
#1401 = CARTESIAN_POINT('',(916.08003482095,304.28375870588,
    229.00559765922));
#1402 = CARTESIAN_POINT('',(916.08003482096,304.28375870588,
    162.53183789624));
#1403 = CARTESIAN_POINT('',(914.67279236158,317.77819541308,
    99.657751399874));
#1404 = CARTESIAN_POINT('',(912.00254778726,343.38390831699,
    47.176856425407));
#1405 = CARTESIAN_POINT('',(908.22251208469,379.63171494012,
    10.210147630703));
#1406 = CARTESIAN_POINT('',(904.97486589821,410.77429141577,
    -0.166336225071));
#1407 = CARTESIAN_POINT('',(903.43877551466,425.5042864634,0.));
#1408 = CARTESIAN_POINT('',(724.95201151592,396.44395606054,
    452.48490469203));
#1409 = CARTESIAN_POINT('',(727.58295916541,382.23104258875,
    452.67713313334));
#1410 = CARTESIAN_POINT('',(733.14538387178,352.18169475761,
    440.68542587332));
#1411 = CARTESIAN_POINT('',(739.61966178743,317.20633071908,
    397.96440819587));
#1412 = CARTESIAN_POINT('',(744.1931385578,292.49948046489,
    337.31423632409));
#1413 = CARTESIAN_POINT('',(746.60340118323,279.47875230783,
    264.65304877877));
#1414 = CARTESIAN_POINT('',(746.60340118322,279.47875230783,
    187.83185591326));
#1415 = CARTESIAN_POINT('',(744.1931385578,292.49948046489,
    115.17066836794));
#1416 = CARTESIAN_POINT('',(739.61966178742,317.20633071908,
    54.520496496168));
#1417 = CARTESIAN_POINT('',(733.14538387179,352.18169475762,
    11.799478818714));
#1418 = CARTESIAN_POINT('',(727.58295916541,382.23104258875,
    -0.192228441301));
#1419 = CARTESIAN_POINT('',(724.95201151592,396.44395606054,0.));
#1420 = CARTESIAN_POINT('',(640.,376.72105064623,490.3515625));
#1421 = CARTESIAN_POINT('',(643.22285751063,362.86191227774,
    490.55987777322));
#1422 = CARTESIAN_POINT('',(650.03671496072,333.56052588,477.56463233847
    ));
#1423 = CARTESIAN_POINT('',(657.96757409826,299.45573725517,
    431.2684630022));
#1424 = CARTESIAN_POINT('',(663.56999038426,275.3638677731,
    365.54272003302));
#1425 = CARTESIAN_POINT('',(666.52251321627,262.66723991103,
    286.80080737143));
#1426 = CARTESIAN_POINT('',(666.52251321627,262.66723991103,
    203.55075512857));
#1427 = CARTESIAN_POINT('',(663.56999038426,275.3638677731,
    124.80884246697));
#1428 = CARTESIAN_POINT('',(657.96757409826,299.45573725517,
    59.083099497799));
#1429 = CARTESIAN_POINT('',(650.03671496072,333.56052588,12.786930161526
    ));
#1430 = CARTESIAN_POINT('',(643.22285751063,362.86191227774,
    -0.208315273221));
#1431 = CARTESIAN_POINT('',(640.,376.72105064623,0.));
#1432 = DEFINITIONAL_REPRESENTATION('',(#1433),#1437);
#1433 = LINE('',#1434,#1435);
#1434 = CARTESIAN_POINT('',(0.,0.));
#1435 = VECTOR('',#1436,1.);
#1436 = DIRECTION('',(0.,1.));
#1437 = ( GEOMETRIC_REPRESENTATION_CONTEXT(2) 
PARAMETRIC_REPRESENTATION_CONTEXT() REPRESENTATION_CONTEXT('2D SPACE',''
  ) );
#1438 = ORIENTED_EDGE('',*,*,#1439,.T.);
#1439 = EDGE_CURVE('',#1352,#1440,#1442,.T.);
#1440 = VERTEX_POINT('',#1441);
#1441 = CARTESIAN_POINT('',(640.,376.72105064623,490.3515625));
#1442 = SURFACE_CURVE('',#1443,(#1449),.PCURVE_S1.);
#1443 = B_SPLINE_CURVE_WITH_KNOTS('',3,(#1444,#1445,#1446,#1447,#1448),
  .UNSPECIFIED.,.F.,.F.,(4,1,4),(0.,0.511224937255,1.),.UNSPECIFIED.);
#1444 = CARTESIAN_POINT('',(1.18E+03,435.,345.625));
#1445 = CARTESIAN_POINT('',(1.086304002595E+03,434.98471170138,
    357.99456578375));
#1446 = CARTESIAN_POINT('',(903.43877551466,425.5042864634,
    391.53743555546));
#1447 = CARTESIAN_POINT('',(724.95201151592,396.44395606054,
    452.48490469203));
#1448 = CARTESIAN_POINT('',(640.,376.72105064623,490.3515625));
#1449 = PCURVE('',#1371,#1450);
#1450 = DEFINITIONAL_REPRESENTATION('',(#1451),#1455);
#1451 = LINE('',#1452,#1453);
#1452 = CARTESIAN_POINT('',(0.,0.));
#1453 = VECTOR('',#1454,1.);
#1454 = DIRECTION('',(1.,0.));
#1455 = ( GEOMETRIC_REPRESENTATION_CONTEXT(2) 
PARAMETRIC_REPRESENTATION_CONTEXT() REPRESENTATION_CONTEXT('2D SPACE',''
  ) );
#1456 = ORIENTED_EDGE('',*,*,#1457,.T.);
#1457 = EDGE_CURVE('',#1440,#1458,#1460,.T.);
#1458 = VERTEX_POINT('',#1459);
#1459 = CARTESIAN_POINT('',(640.,376.72105064623,0.));
#1460 = SURFACE_CURVE('',#1461,(#1474),.PCURVE_S1.);
#1461 = B_SPLINE_CURVE_WITH_KNOTS('',3,(#1462,#1463,#1464,#1465,#1466,
    #1467,#1468,#1469,#1470,#1471,#1472,#1473),.UNSPECIFIED.,.F.,.F.,(4,
    1,1,1,1,1,1,1,1,4),(0.,8.389215928157E-02,0.182531559215,
    0.299712423795,0.431343627899,0.568656372101,0.700287576205,
    0.817468440785,0.916107840718,1.),.UNSPECIFIED.);
#1462 = CARTESIAN_POINT('',(640.,376.72105064623,490.3515625));
#1463 = CARTESIAN_POINT('',(643.22285751063,362.86191227774,
    490.55987777322));
#1464 = CARTESIAN_POINT('',(650.03671496072,333.56052588,477.56463233847
    ));
#1465 = CARTESIAN_POINT('',(657.96757409826,299.45573725517,
    431.2684630022));
#1466 = CARTESIAN_POINT('',(663.56999038426,275.3638677731,
    365.54272003302));
#1467 = CARTESIAN_POINT('',(666.52251321627,262.66723991103,
    286.80080737143));
#1468 = CARTESIAN_POINT('',(666.52251321627,262.66723991103,
    203.55075512857));
#1469 = CARTESIAN_POINT('',(663.56999038426,275.3638677731,
    124.80884246697));
#1470 = CARTESIAN_POINT('',(657.96757409826,299.45573725517,
    59.083099497799));
#1471 = CARTESIAN_POINT('',(650.03671496072,333.56052588,12.786930161526
    ));
#1472 = CARTESIAN_POINT('',(643.22285751063,362.86191227774,
    -0.208315273221));
#1473 = CARTESIAN_POINT('',(640.,376.72105064623,0.));
#1474 = PCURVE('',#1371,#1475);
#1475 = DEFINITIONAL_REPRESENTATION('',(#1476),#1480);
#1476 = LINE('',#1477,#1478);
#1477 = CARTESIAN_POINT('',(1.,0.));
#1478 = VECTOR('',#1479,1.);
#1479 = DIRECTION('',(0.,1.));
#1480 = ( GEOMETRIC_REPRESENTATION_CONTEXT(2) 
PARAMETRIC_REPRESENTATION_CONTEXT() REPRESENTATION_CONTEXT('2D SPACE',''
  ) );
#1481 = ORIENTED_EDGE('',*,*,#1482,.F.);
#1482 = EDGE_CURVE('',#1354,#1458,#1483,.T.);
#1483 = SURFACE_CURVE('',#1484,(#1490),.PCURVE_S1.);
#1484 = B_SPLINE_CURVE_WITH_KNOTS('',3,(#1485,#1486,#1487,#1488,#1489),
  .UNSPECIFIED.,.F.,.F.,(4,1,4),(0.,0.511224937255,1.),.UNSPECIFIED.);
#1485 = CARTESIAN_POINT('',(1.18E+03,435.,0.));
#1486 = CARTESIAN_POINT('',(1.086304002595E+03,434.98471170138,0.));
#1487 = CARTESIAN_POINT('',(903.43877551466,425.5042864634,0.));
#1488 = CARTESIAN_POINT('',(724.95201151592,396.44395606054,0.));
#1489 = CARTESIAN_POINT('',(640.,376.72105064623,0.));
#1490 = PCURVE('',#1371,#1491);
#1491 = DEFINITIONAL_REPRESENTATION('',(#1492),#1496);
#1492 = LINE('',#1493,#1494);
#1493 = CARTESIAN_POINT('',(0.,1.));
#1494 = VECTOR('',#1495,1.);
#1495 = DIRECTION('',(1.,0.));
#1496 = ( GEOMETRIC_REPRESENTATION_CONTEXT(2) 
PARAMETRIC_REPRESENTATION_CONTEXT() REPRESENTATION_CONTEXT('2D SPACE',''
  ) );
#1497 = ( GEOMETRIC_REPRESENTATION_CONTEXT(3) 
GLOBAL_UNCERTAINTY_ASSIGNED_CONTEXT((#1501)) 
GLOBAL_UNIT_ASSIGNED_CONTEXT((#1498,#1499,#1500)) REPRESENTATION_CONTEXT
('Context #1','3D Context with UNIT and UNCERTAINTY') );
#1498 = ( LENGTH_UNIT() NAMED_UNIT(*) SI_UNIT(.MILLI.,.METRE.) );
#1499 = ( NAMED_UNIT(*) PLANE_ANGLE_UNIT() SI_UNIT($,.RADIAN.) );
#1500 = ( NAMED_UNIT(*) SI_UNIT($,.STERADIAN.) SOLID_ANGLE_UNIT() );
#1501 = UNCERTAINTY_MEASURE_WITH_UNIT(LENGTH_MEASURE(1.E-07),#1498,
  'distance_accuracy_value','confusion accuracy');
#1502 = CONTEXT_DEPENDENT_SHAPE_REPRESENTATION(#1503,#1505);
#1503 = ( REPRESENTATION_RELATIONSHIP('','',#1344,#10) 
REPRESENTATION_RELATIONSHIP_WITH_TRANSFORMATION(#1504) 
SHAPE_REPRESENTATION_RELATIONSHIP() );
#1504 = ITEM_DEFINED_TRANSFORMATION('','',#11,#43);
#1505 = PRODUCT_DEFINITION_SHAPE('Placement','Placement of an item',
  #1506);
#1506 = NEXT_ASSEMBLY_USAGE_OCCURRENCE('701','R04_L04','',#5,#1339,$);
#1507 = PRODUCT_RELATED_PRODUCT_CATEGORY('part',$,(#1341));
#1508 = SHAPE_DEFINITION_REPRESENTATION(#1509,#1515);
#1509 = PRODUCT_DEFINITION_SHAPE('','',#1510);
#1510 = PRODUCT_DEFINITION('design','',#1511,#1514);
#1511 = PRODUCT_DEFINITION_FORMATION('','',#1512);
#1512 = PRODUCT('R04_O05','R04_O05','',(#1513));
#1513 = PRODUCT_CONTEXT('',#2,'mechanical');
#1514 = PRODUCT_DEFINITION_CONTEXT('part definition',#2,'design');
#1515 = MANIFOLD_SURFACE_SHAPE_REPRESENTATION('',(#11,#1516),#1690);
#1516 = SHELL_BASED_SURFACE_MODEL('',(#1517));
#1517 = OPEN_SHELL('',(#1518));
#1518 = ADVANCED_FACE('',(#1519),#1543,.T.);
#1519 = FACE_BOUND('',#1520,.T.);
#1520 = EDGE_LOOP('',(#1521,#1628,#1647,#1673));
#1521 = ORIENTED_EDGE('',*,*,#1522,.F.);
#1522 = EDGE_CURVE('',#1523,#1525,#1527,.T.);
#1523 = VERTEX_POINT('',#1524);
#1524 = CARTESIAN_POINT('',(640.,376.72105064623,0.));
#1525 = VERTEX_POINT('',#1526);
#1526 = CARTESIAN_POINT('',(640.,376.72105064623,490.3515625));
#1527 = SURFACE_CURVE('',#1528,(#1542),.PCURVE_S1.);
#1528 = B_SPLINE_CURVE_WITH_KNOTS('',3,(#1529,#1530,#1531,#1532,#1533,
    #1534,#1535,#1536,#1537,#1538,#1539,#1540,#1541),.UNSPECIFIED.,.F.,
  .F.,(4,1,1,1,1,1,1,1,1,1,4),(0.,5.571669646817E-02,0.132865079423,
    0.23723115362,0.362990870693,0.5,0.637009129307,0.76276884638,
    0.867134920577,0.944283303532,1.),.UNSPECIFIED.);
#1529 = CARTESIAN_POINT('',(640.,376.72105064623,0.));
#1530 = CARTESIAN_POINT('',(636.74675987713,390.71084227057,
    -0.104169152786));
#1531 = CARTESIAN_POINT('',(630.1865388024,418.92152527547,
    13.253888352215));
#1532 = CARTESIAN_POINT('',(623.25639264089,448.72298384116,
    51.101289465252));
#1533 = CARTESIAN_POINT('',(617.86166424729,471.92174054094,
    104.85711712836));
#1534 = CARTESIAN_POINT('',(614.40626673521,486.78086232342,
    171.62463474527));
#1535 = CARTESIAN_POINT('',(613.19772207485,491.97792350812,245.17578125
    ));
#1536 = CARTESIAN_POINT('',(614.40626673521,486.78086232342,
    318.72692775472));
#1537 = CARTESIAN_POINT('',(617.86166424729,471.92174054094,
    385.49444537163));
#1538 = CARTESIAN_POINT('',(623.25639264089,448.72298384116,
    439.25027303474));
#1539 = CARTESIAN_POINT('',(630.1865388024,418.92152527547,
    477.09767414778));
#1540 = CARTESIAN_POINT('',(636.74675987713,390.71084227057,
    490.45573165278));
#1541 = CARTESIAN_POINT('',(640.,376.72105064623,490.3515625));
#1542 = PCURVE('',#1543,#1622);
#1543 = B_SPLINE_SURFACE_WITH_KNOTS('',3,3,(
    (#1544,#1545,#1546,#1547,#1548,#1549,#1550,#1551,#1552,#1553,#1554
      ,#1555,#1556)
    ,(#1557,#1558,#1559,#1560,#1561,#1562,#1563,#1564,#1565,#1566,#1567
      ,#1568,#1569)
    ,(#1570,#1571,#1572,#1573,#1574,#1575,#1576,#1577,#1578,#1579,#1580
      ,#1581,#1582)
    ,(#1583,#1584,#1585,#1586,#1587,#1588,#1589,#1590,#1591,#1592,#1593
      ,#1594,#1595)
    ,(#1596,#1597,#1598,#1599,#1600,#1601,#1602,#1603,#1604,#1605,#1606
      ,#1607,#1608)
    ,(#1609,#1610,#1611,#1612,#1613,#1614,#1615,#1616,#1617,#1618,#1619
      ,#1620,#1621
    )),.UNSPECIFIED.,.F.,.F.,.F.,(4,1,1,4),(4,1,1,1,1,1,1,1,1,1,4),(0.,
    0.362431301413,0.697801519276,1.),(0.,5.571669646817E-02,
    0.132865079423,0.23723115362,0.362990870693,0.5,0.637009129307,
    0.76276884638,0.867134920577,0.944283303532,1.),.UNSPECIFIED.);
#1544 = CARTESIAN_POINT('',(640.,376.72105064623,0.));
#1545 = CARTESIAN_POINT('',(636.74675987713,390.71084227057,
    -0.104169152786));
#1546 = CARTESIAN_POINT('',(630.1865388024,418.92152527547,
    13.253888352215));
#1547 = CARTESIAN_POINT('',(623.25639264089,448.72298384116,
    51.101289465252));
#1548 = CARTESIAN_POINT('',(617.86166424729,471.92174054094,
    104.85711712836));
#1549 = CARTESIAN_POINT('',(614.40626673521,486.78086232342,
    171.62463474527));
#1550 = CARTESIAN_POINT('',(613.19772207485,491.97792350812,245.17578125
    ));
#1551 = CARTESIAN_POINT('',(614.40626673521,486.78086232342,
    318.72692775472));
#1552 = CARTESIAN_POINT('',(617.86166424729,471.92174054094,
    385.49444537163));
#1553 = CARTESIAN_POINT('',(623.25639264089,448.72298384116,
    439.25027303474));
#1554 = CARTESIAN_POINT('',(630.1865388024,418.92152527547,
    477.09767414778));
#1555 = CARTESIAN_POINT('',(636.74675987713,390.71084227057,
    490.45573165278));
#1556 = CARTESIAN_POINT('',(640.,376.72105064623,490.3515625));
#1557 = CARTESIAN_POINT('',(587.28607346782,364.46157415771,0.));
#1558 = CARTESIAN_POINT('',(583.66108851645,378.22907698199,
    -0.10915479324));
#1559 = CARTESIAN_POINT('',(576.35123686842,405.99151036013,
    13.888232783206));
#1560 = CARTESIAN_POINT('',(568.62918912601,435.31944289752,
    53.547048590975));
#1561 = CARTESIAN_POINT('',(562.61800996155,458.14958625922,
    109.87568424863));
#1562 = CARTESIAN_POINT('',(558.76776727757,472.77260614399,
    179.83876243206));
#1563 = CARTESIAN_POINT('',(557.42112330375,477.88708936573,
    256.91014080674));
#1564 = CARTESIAN_POINT('',(558.76776727757,472.77260614399,
    333.98151918142));
#1565 = CARTESIAN_POINT('',(562.61800996155,458.14958625922,
    403.94459736485));
#1566 = CARTESIAN_POINT('',(568.62918912601,435.31944289752,
    460.2732330225));
#1567 = CARTESIAN_POINT('',(576.35123686842,405.99151036013,
    499.93204883027));
#1568 = CARTESIAN_POINT('',(583.66108851645,378.22907698199,
    513.92943640672));
#1569 = CARTESIAN_POINT('',(587.28607346782,364.46157415771,
    513.82028161348));
#1570 = CARTESIAN_POINT('',(488.01569798928,336.801128154,0.));
#1571 = CARTESIAN_POINT('',(483.63236766668,350.06403119028,
    -0.119966116664));
#1572 = CARTESIAN_POINT('',(474.79329803955,376.80892942237,
    15.263803859248));
#1573 = CARTESIAN_POINT('',(465.45580106344,405.06194890328,
    58.850658661381));
#1574 = CARTESIAN_POINT('',(458.18708567301,427.05533300316,
    120.7584088956));
#1575 = CARTESIAN_POINT('',(453.53137379214,441.14239710655,
    197.65103587349));
#1576 = CARTESIAN_POINT('',(451.90301244903,446.0694267877,
    282.35601029583));
#1577 = CARTESIAN_POINT('',(453.53137379214,441.14239710655,
    367.06098471817));
#1578 = CARTESIAN_POINT('',(458.18708567301,427.05533300316,
    443.95361169606));
#1579 = CARTESIAN_POINT('',(465.45580106344,405.06194890328,
    505.86136193028));
#1580 = CARTESIAN_POINT('',(474.79329803955,376.80892942237,
    549.44821673242));
#1581 = CARTESIAN_POINT('',(483.63236766668,350.06403119028,
    564.83198670833));
#1582 = CARTESIAN_POINT('',(488.01569798928,336.801128154,
    564.71202059166));
#1583 = CARTESIAN_POINT('',(354.99360537347,284.07500718948,0.));
#1584 = CARTESIAN_POINT('',(349.29230965381,296.32160315536,
    -0.138516240989));
#1585 = CARTESIAN_POINT('',(337.79553753715,321.01709869666,
    17.624015785342));
#1586 = CARTESIAN_POINT('',(325.65047256959,347.10515147457,
    67.950620093794));
#1587 = CARTESIAN_POINT('',(316.19622365542,367.41323095437,
    139.43104380888));
#1588 = CARTESIAN_POINT('',(310.14064758315,380.42083433863,
    228.21342624322));
#1589 = CARTESIAN_POINT('',(308.02267588759,384.97031657882,
    326.01616401962));
#1590 = CARTESIAN_POINT('',(310.14064758315,380.42083433863,
    423.81890179601));
#1591 = CARTESIAN_POINT('',(316.19622365542,367.41323095437,
    512.60128423036));
#1592 = CARTESIAN_POINT('',(325.65047256959,347.10515147457,
    584.08170794545));
#1593 = CARTESIAN_POINT('',(337.79553753715,321.01709869666,
    634.4083122539));
#1594 = CARTESIAN_POINT('',(349.29230965381,296.32160315536,
    652.17084428023));
#1595 = CARTESIAN_POINT('',(354.99360537347,284.07500718948,
    652.03232803924));
#1596 = CARTESIAN_POINT('',(278.21552963655,240.86038561244,0.));
#1597 = CARTESIAN_POINT('',(271.4071541816,252.14417762729,
    -0.151508002369));
#1598 = CARTESIAN_POINT('',(257.6779345552,274.8981605437,
    19.277013339991));
#1599 = CARTESIAN_POINT('',(243.17453632964,298.93522051029,
    74.32386727083));
#1600 = CARTESIAN_POINT('',(231.88445782516,317.64671762424,
    152.50860667908));
#1601 = CARTESIAN_POINT('',(224.65300772622,329.6316881098,
    249.61809587771));
#1602 = CARTESIAN_POINT('',(222.12376749463,333.82349875797,
    356.59398058903));
#1603 = CARTESIAN_POINT('',(224.65300772622,329.6316881098,
    463.56986530035));
#1604 = CARTESIAN_POINT('',(231.88445782516,317.64671762424,
    560.67935449898));
#1605 = CARTESIAN_POINT('',(243.17453632964,298.93522051029,
    638.86409390724));
#1606 = CARTESIAN_POINT('',(257.6779345552,274.8981605437,
    693.91094783808));
#1607 = CARTESIAN_POINT('',(271.4071541816,252.14417762729,
    713.33946918044));
#1608 = CARTESIAN_POINT('',(278.21552963655,240.86038561244,
    713.18796117807));
#1609 = CARTESIAN_POINT('',(244.6925639128,217.5,0.));
#1610 = CARTESIAN_POINT('',(237.25056124312,228.16752557293,
    -0.157616369059));
#1611 = CARTESIAN_POINT('',(222.24362019112,249.67879539493,
    20.0542070481));
#1612 = CARTESIAN_POINT('',(206.39045095445,272.40306677057,
    77.320391731671));
#1613 = CARTESIAN_POINT('',(194.04965175392,290.09263191924,
    158.65731485565));
#1614 = CARTESIAN_POINT('',(186.14520064101,301.42304096766,
    259.68197922545));
#1615 = CARTESIAN_POINT('',(183.38057453009,305.38591508191,
    370.97082378437));
#1616 = CARTESIAN_POINT('',(186.14520064101,301.42304096766,
    482.25966834329));
#1617 = CARTESIAN_POINT('',(194.04965175392,290.09263191924,
    583.28433271308));
#1618 = CARTESIAN_POINT('',(206.39045095445,272.40306677057,
    664.62125583707));
#1619 = CARTESIAN_POINT('',(222.24362019112,249.67879539493,
    721.88744052064));
#1620 = CARTESIAN_POINT('',(237.25056124312,228.16752557293,
    742.0992639378));
#1621 = CARTESIAN_POINT('',(244.6925639128,217.5,741.94164756874));
#1622 = DEFINITIONAL_REPRESENTATION('',(#1623),#1627);
#1623 = LINE('',#1624,#1625);
#1624 = CARTESIAN_POINT('',(0.,0.));
#1625 = VECTOR('',#1626,1.);
#1626 = DIRECTION('',(0.,1.));
#1627 = ( GEOMETRIC_REPRESENTATION_CONTEXT(2) 
PARAMETRIC_REPRESENTATION_CONTEXT() REPRESENTATION_CONTEXT('2D SPACE',''
  ) );
#1628 = ORIENTED_EDGE('',*,*,#1629,.T.);
#1629 = EDGE_CURVE('',#1523,#1630,#1632,.T.);
#1630 = VERTEX_POINT('',#1631);
#1631 = CARTESIAN_POINT('',(244.6925639128,217.5,0.));
#1632 = SURFACE_CURVE('',#1633,(#1640),.PCURVE_S1.);
#1633 = B_SPLINE_CURVE_WITH_KNOTS('',3,(#1634,#1635,#1636,#1637,#1638,
    #1639),.UNSPECIFIED.,.F.,.F.,(4,1,1,4),(0.,0.362431301413,
    0.697801519276,1.),.UNSPECIFIED.);
#1634 = CARTESIAN_POINT('',(640.,376.72105064623,0.));
#1635 = CARTESIAN_POINT('',(587.28607346782,364.46157415771,0.));
#1636 = CARTESIAN_POINT('',(488.01569798928,336.801128154,0.));
#1637 = CARTESIAN_POINT('',(354.99360537347,284.07500718948,0.));
#1638 = CARTESIAN_POINT('',(278.21552963655,240.86038561244,0.));
#1639 = CARTESIAN_POINT('',(244.6925639128,217.5,0.));
#1640 = PCURVE('',#1543,#1641);
#1641 = DEFINITIONAL_REPRESENTATION('',(#1642),#1646);
#1642 = LINE('',#1643,#1644);
#1643 = CARTESIAN_POINT('',(0.,0.));
#1644 = VECTOR('',#1645,1.);
#1645 = DIRECTION('',(1.,0.));
#1646 = ( GEOMETRIC_REPRESENTATION_CONTEXT(2) 
PARAMETRIC_REPRESENTATION_CONTEXT() REPRESENTATION_CONTEXT('2D SPACE',''
  ) );
#1647 = ORIENTED_EDGE('',*,*,#1648,.T.);
#1648 = EDGE_CURVE('',#1630,#1649,#1651,.T.);
#1649 = VERTEX_POINT('',#1650);
#1650 = CARTESIAN_POINT('',(244.6925639128,217.5,741.94164756874));
#1651 = SURFACE_CURVE('',#1652,(#1666),.PCURVE_S1.);
#1652 = B_SPLINE_CURVE_WITH_KNOTS('',3,(#1653,#1654,#1655,#1656,#1657,
    #1658,#1659,#1660,#1661,#1662,#1663,#1664,#1665),.UNSPECIFIED.,.F.,
  .F.,(4,1,1,1,1,1,1,1,1,1,4),(0.,5.571669646817E-02,0.132865079423,
    0.23723115362,0.362990870693,0.5,0.637009129307,0.76276884638,
    0.867134920577,0.944283303532,1.),.UNSPECIFIED.);
#1653 = CARTESIAN_POINT('',(244.6925639128,217.5,0.));
#1654 = CARTESIAN_POINT('',(237.25056124312,228.16752557293,
    -0.157616369059));
#1655 = CARTESIAN_POINT('',(222.24362019112,249.67879539493,
    20.0542070481));
#1656 = CARTESIAN_POINT('',(206.39045095445,272.40306677057,
    77.320391731671));
#1657 = CARTESIAN_POINT('',(194.04965175392,290.09263191924,
    158.65731485565));
#1658 = CARTESIAN_POINT('',(186.14520064101,301.42304096766,
    259.68197922545));
#1659 = CARTESIAN_POINT('',(183.38057453009,305.38591508191,
    370.97082378437));
#1660 = CARTESIAN_POINT('',(186.14520064101,301.42304096766,
    482.25966834329));
#1661 = CARTESIAN_POINT('',(194.04965175392,290.09263191924,
    583.28433271308));
#1662 = CARTESIAN_POINT('',(206.39045095445,272.40306677057,
    664.62125583707));
#1663 = CARTESIAN_POINT('',(222.24362019112,249.67879539493,
    721.88744052064));
#1664 = CARTESIAN_POINT('',(237.25056124312,228.16752557293,
    742.0992639378));
#1665 = CARTESIAN_POINT('',(244.6925639128,217.5,741.94164756874));
#1666 = PCURVE('',#1543,#1667);
#1667 = DEFINITIONAL_REPRESENTATION('',(#1668),#1672);
#1668 = LINE('',#1669,#1670);
#1669 = CARTESIAN_POINT('',(1.,0.));
#1670 = VECTOR('',#1671,1.);
#1671 = DIRECTION('',(0.,1.));
#1672 = ( GEOMETRIC_REPRESENTATION_CONTEXT(2) 
PARAMETRIC_REPRESENTATION_CONTEXT() REPRESENTATION_CONTEXT('2D SPACE',''
  ) );
#1673 = ORIENTED_EDGE('',*,*,#1674,.F.);
#1674 = EDGE_CURVE('',#1525,#1649,#1675,.T.);
#1675 = SURFACE_CURVE('',#1676,(#1683),.PCURVE_S1.);
#1676 = B_SPLINE_CURVE_WITH_KNOTS('',3,(#1677,#1678,#1679,#1680,#1681,
    #1682),.UNSPECIFIED.,.F.,.F.,(4,1,1,4),(0.,0.362431301413,
    0.697801519276,1.),.UNSPECIFIED.);
#1677 = CARTESIAN_POINT('',(640.,376.72105064623,490.3515625));
#1678 = CARTESIAN_POINT('',(587.28607346782,364.46157415771,
    513.82028161348));
#1679 = CARTESIAN_POINT('',(488.01569798928,336.801128154,
    564.71202059166));
#1680 = CARTESIAN_POINT('',(354.99360537347,284.07500718948,
    652.03232803924));
#1681 = CARTESIAN_POINT('',(278.21552963655,240.86038561244,
    713.18796117807));
#1682 = CARTESIAN_POINT('',(244.6925639128,217.5,741.94164756874));
#1683 = PCURVE('',#1543,#1684);
#1684 = DEFINITIONAL_REPRESENTATION('',(#1685),#1689);
#1685 = LINE('',#1686,#1687);
#1686 = CARTESIAN_POINT('',(0.,1.));
#1687 = VECTOR('',#1688,1.);
#1688 = DIRECTION('',(1.,0.));
#1689 = ( GEOMETRIC_REPRESENTATION_CONTEXT(2) 
PARAMETRIC_REPRESENTATION_CONTEXT() REPRESENTATION_CONTEXT('2D SPACE',''
  ) );
#1690 = ( GEOMETRIC_REPRESENTATION_CONTEXT(3) 
GLOBAL_UNCERTAINTY_ASSIGNED_CONTEXT((#1694)) 
GLOBAL_UNIT_ASSIGNED_CONTEXT((#1691,#1692,#1693)) REPRESENTATION_CONTEXT
('Context #1','3D Context with UNIT and UNCERTAINTY') );
#1691 = ( LENGTH_UNIT() NAMED_UNIT(*) SI_UNIT(.MILLI.,.METRE.) );
#1692 = ( NAMED_UNIT(*) PLANE_ANGLE_UNIT() SI_UNIT($,.RADIAN.) );
#1693 = ( NAMED_UNIT(*) SI_UNIT($,.STERADIAN.) SOLID_ANGLE_UNIT() );
#1694 = UNCERTAINTY_MEASURE_WITH_UNIT(LENGTH_MEASURE(1.E-07),#1691,
  'distance_accuracy_value','confusion accuracy');
#1695 = CONTEXT_DEPENDENT_SHAPE_REPRESENTATION(#1696,#1698);
#1696 = ( REPRESENTATION_RELATIONSHIP('','',#1515,#10) 
REPRESENTATION_RELATIONSHIP_WITH_TRANSFORMATION(#1697) 
SHAPE_REPRESENTATION_RELATIONSHIP() );
#1697 = ITEM_DEFINED_TRANSFORMATION('','',#11,#47);
#1698 = PRODUCT_DEFINITION_SHAPE('Placement','Placement of an item',
  #1699);
#1699 = NEXT_ASSEMBLY_USAGE_OCCURRENCE('702','R04_O05','',#5,#1510,$);
#1700 = PRODUCT_RELATED_PRODUCT_CATEGORY('part',$,(#1512));
#1701 = SHAPE_DEFINITION_REPRESENTATION(#1702,#1708);
#1702 = PRODUCT_DEFINITION_SHAPE('','',#1703);
#1703 = PRODUCT_DEFINITION('design','',#1704,#1707);
#1704 = PRODUCT_DEFINITION_FORMATION('','',#1705);
#1705 = PRODUCT('R04_L05','R04_L05','',(#1706));
#1706 = PRODUCT_CONTEXT('',#2,'mechanical');
#1707 = PRODUCT_DEFINITION_CONTEXT('part definition',#2,'design');
#1708 = MANIFOLD_SURFACE_SHAPE_REPRESENTATION('',(#11,#1709),#1883);
#1709 = SHELL_BASED_SURFACE_MODEL('',(#1710));
#1710 = OPEN_SHELL('',(#1711));
#1711 = ADVANCED_FACE('',(#1712),#1736,.T.);
#1712 = FACE_BOUND('',#1713,.T.);
#1713 = EDGE_LOOP('',(#1714,#1821,#1840,#1866));
#1714 = ORIENTED_EDGE('',*,*,#1715,.F.);
#1715 = EDGE_CURVE('',#1716,#1718,#1720,.T.);
#1716 = VERTEX_POINT('',#1717);
#1717 = CARTESIAN_POINT('',(640.,376.72105064623,490.3515625));
#1718 = VERTEX_POINT('',#1719);
#1719 = CARTESIAN_POINT('',(640.,376.72105064623,0.));
#1720 = SURFACE_CURVE('',#1721,(#1735),.PCURVE_S1.);
#1721 = B_SPLINE_CURVE_WITH_KNOTS('',3,(#1722,#1723,#1724,#1725,#1726,
    #1727,#1728,#1729,#1730,#1731,#1732,#1733,#1734),.UNSPECIFIED.,.F.,
  .F.,(4,1,1,1,1,1,1,1,1,1,4),(0.,5.571669646817E-02,0.132865079423,
    0.23723115362,0.362990870693,0.5,0.637009129307,0.76276884638,
    0.867134920577,0.944283303532,1.),.UNSPECIFIED.);
#1722 = CARTESIAN_POINT('',(640.,376.72105064623,490.3515625));
#1723 = CARTESIAN_POINT('',(643.25324012286,362.73125902189,
    490.45573165278));
#1724 = CARTESIAN_POINT('',(649.81346119759,334.52057601698,
    477.09767414778));
#1725 = CARTESIAN_POINT('',(656.7436073591,304.71911745129,
    439.25027303474));
#1726 = CARTESIAN_POINT('',(662.1383357527,281.52036075151,
    385.49444537163));
#1727 = CARTESIAN_POINT('',(665.59373326478,266.66123896903,
    318.72692775472));
#1728 = CARTESIAN_POINT('',(666.80227792514,261.46417778434,245.17578125
    ));
#1729 = CARTESIAN_POINT('',(665.59373326478,266.66123896903,
    171.62463474527));
#1730 = CARTESIAN_POINT('',(662.1383357527,281.52036075151,
    104.85711712836));
#1731 = CARTESIAN_POINT('',(656.7436073591,304.71911745129,
    51.101289465252));
#1732 = CARTESIAN_POINT('',(649.81346119759,334.52057601698,
    13.253888352215));
#1733 = CARTESIAN_POINT('',(643.25324012286,362.73125902189,
    -0.104169152786));
#1734 = CARTESIAN_POINT('',(640.,376.72105064623,0.));
#1735 = PCURVE('',#1736,#1815);
#1736 = B_SPLINE_SURFACE_WITH_KNOTS('',3,3,(
    (#1737,#1738,#1739,#1740,#1741,#1742,#1743,#1744,#1745,#1746,#1747
      ,#1748,#1749)
    ,(#1750,#1751,#1752,#1753,#1754,#1755,#1756,#1757,#1758,#1759,#1760
      ,#1761,#1762)
    ,(#1763,#1764,#1765,#1766,#1767,#1768,#1769,#1770,#1771,#1772,#1773
      ,#1774,#1775)
    ,(#1776,#1777,#1778,#1779,#1780,#1781,#1782,#1783,#1784,#1785,#1786
      ,#1787,#1788)
    ,(#1789,#1790,#1791,#1792,#1793,#1794,#1795,#1796,#1797,#1798,#1799
      ,#1800,#1801)
    ,(#1802,#1803,#1804,#1805,#1806,#1807,#1808,#1809,#1810,#1811,#1812
      ,#1813,#1814
    )),.UNSPECIFIED.,.F.,.F.,.F.,(4,1,1,4),(4,1,1,1,1,1,1,1,1,1,4),(0.,
    0.370893008028,0.707526328055,1.),(0.,5.571669646817E-02,
    0.132865079423,0.23723115362,0.362990870693,0.5,0.637009129307,
    0.76276884638,0.867134920577,0.944283303532,1.),.UNSPECIFIED.);
#1737 = CARTESIAN_POINT('',(640.,376.72105064623,490.3515625));
#1738 = CARTESIAN_POINT('',(643.25324012286,362.73125902189,
    490.45573165278));
#1739 = CARTESIAN_POINT('',(649.81346119759,334.52057601698,
    477.09767414778));
#1740 = CARTESIAN_POINT('',(656.7436073591,304.71911745129,
    439.25027303474));
#1741 = CARTESIAN_POINT('',(662.1383357527,281.52036075151,
    385.49444537163));
#1742 = CARTESIAN_POINT('',(665.59373326478,266.66123896903,
    318.72692775472));
#1743 = CARTESIAN_POINT('',(666.80227792514,261.46417778434,245.17578125
    ));
#1744 = CARTESIAN_POINT('',(665.59373326478,266.66123896903,
    171.62463474527));
#1745 = CARTESIAN_POINT('',(662.1383357527,281.52036075151,
    104.85711712836));
#1746 = CARTESIAN_POINT('',(656.7436073591,304.71911745129,
    51.101289465252));
#1747 = CARTESIAN_POINT('',(649.81346119759,334.52057601698,
    13.253888352215));
#1748 = CARTESIAN_POINT('',(643.25324012286,362.73125902189,
    -0.104169152786));
#1749 = CARTESIAN_POINT('',(640.,376.72105064623,0.));
#1750 = CARTESIAN_POINT('',(587.62832822466,364.5410749272,
    513.66846404913));
#1751 = CARTESIAN_POINT('',(591.25089029107,350.7721652607,
    513.7775865906));
#1752 = CARTESIAN_POINT('',(598.55585614511,323.00689495824,
    499.78433479735));
#1753 = CARTESIAN_POINT('',(606.27274258792,293.67596552489,
    460.13723690933));
#1754 = CARTESIAN_POINT('',(612.27990397138,270.84348924849,
    403.82524457342));
#1755 = CARTESIAN_POINT('',(616.12757321155,256.21897509987,
    333.88283825621));
#1756 = CARTESIAN_POINT('',(617.47331710896,251.10396925097,
    256.83423202457));
#1757 = CARTESIAN_POINT('',(616.12757321155,256.21897509987,
    179.78562579292));
#1758 = CARTESIAN_POINT('',(612.27990397138,270.84348924849,
    109.84321947571));
#1759 = CARTESIAN_POINT('',(606.27274258792,293.67596552489,
    53.531227139806));
#1760 = CARTESIAN_POINT('',(598.55585614511,323.00689495824,
    13.884129251778));
#1761 = CARTESIAN_POINT('',(591.25089029107,350.7721652607,
    -0.109122541468));
#1762 = CARTESIAN_POINT('',(587.62832822466,364.5410749272,0.));
#1763 = CARTESIAN_POINT('',(489.39999391339,337.23750694291,
    563.93257142648));
#1764 = CARTESIAN_POINT('',(493.77197143218,323.96649578359,
    564.05237195877));
#1765 = CARTESIAN_POINT('',(502.58814791279,297.20524736592,
    548.68983557844));
#1766 = CARTESIAN_POINT('',(511.90146081801,268.93495572688,
    505.16314194934));
#1767 = CARTESIAN_POINT('',(519.1513502716,246.92812622488,
    443.34084047923));
#1768 = CARTESIAN_POINT('',(523.79500388177,232.83245015706,
    366.55434528484));
#1769 = CARTESIAN_POINT('',(525.41914777708,227.90240839304,
    281.96628571324));
#1770 = CARTESIAN_POINT('',(523.79500388177,232.83245015706,
    197.37822614164));
#1771 = CARTESIAN_POINT('',(519.1513502716,246.92812622488,
    120.59173094725));
#1772 = CARTESIAN_POINT('',(511.90146081801,268.93495572688,
    58.76942947714));
#1773 = CARTESIAN_POINT('',(502.58814791279,297.20524736592,
    15.242735848046));
#1774 = CARTESIAN_POINT('',(493.77197143218,323.96649578359,
    -0.119800532284));
#1775 = CARTESIAN_POINT('',(489.39999391339,337.23750694291,0.));
#1776 = CARTESIAN_POINT('',(357.18999330777,285.05329097693,
    650.47696026462));
#1777 = CARTESIAN_POINT('',(362.86703450222,272.78740141932,
    650.61514608688));
#1778 = CARTESIAN_POINT('',(374.3148969038,248.05299998043,
    632.89498507302));
#1779 = CARTESIAN_POINT('',(386.40829418054,221.92384743563,
    582.68843060748));
#1780 = CARTESIAN_POINT('',(395.82232270799,201.58377410257,
    511.37851737596));
#1781 = CARTESIAN_POINT('',(401.85213707103,188.55567821658,
    422.80791777915));
#1782 = CARTESIAN_POINT('',(403.96109846429,183.99902860897,
    325.23848013231));
#1783 = CARTESIAN_POINT('',(401.85213707103,188.55567821658,
    227.66904248547));
#1784 = CARTESIAN_POINT('',(395.82232270799,201.58377410257,
    139.09844288865));
#1785 = CARTESIAN_POINT('',(386.40829418054,221.92384743563,
    67.788529657148));
#1786 = CARTESIAN_POINT('',(374.3148969038,248.05299998043,
    17.581975191597));
#1787 = CARTESIAN_POINT('',(362.86703450222,272.78740141932,
    -0.138185822254));
#1788 = CARTESIAN_POINT('',(357.18999330777,285.05329097693,0.));
#1789 = CARTESIAN_POINT('',(279.22859368643,241.52719868154,
    712.32525241996));
#1790 = CARTESIAN_POINT('',(286.01930284917,230.22699596082,
    712.47657715047));
#1791 = CARTESIAN_POINT('',(299.71289805863,207.43992054144,
    693.07155754459));
#1792 = CARTESIAN_POINT('',(314.17866303778,183.36790201479,
    638.09129111322));
#1793 = CARTESIAN_POINT('',(325.43944617991,164.62919163114,
    560.00112797814));
#1794 = CARTESIAN_POINT('',(332.65213219755,152.62679067317,
    463.00910740123));
#1795 = CARTESIAN_POINT('',(335.17480958645,148.42888361951,
    356.16262620998));
#1796 = CARTESIAN_POINT('',(332.65213219755,152.62679067317,
    249.31614501873));
#1797 = CARTESIAN_POINT('',(325.43944617991,164.62919163114,
    152.32412444182));
#1798 = CARTESIAN_POINT('',(314.17866303778,183.36790201479,
    74.233961306735));
#1799 = CARTESIAN_POINT('',(299.71289805863,207.43992054144,
    19.253694875373));
#1800 = CARTESIAN_POINT('',(286.01930284917,230.22699596082,
    -0.151324730514));
#1801 = CARTESIAN_POINT('',(279.22859368643,241.52719868154,0.));
#1802 = CARTESIAN_POINT('',(244.6925639128,217.5,741.94164756874));
#1803 = CARTESIAN_POINT('',(252.13456658249,206.83247442706,
    742.0992639378));
#1804 = CARTESIAN_POINT('',(267.14150763448,185.32120460506,
    721.88744052064));
#1805 = CARTESIAN_POINT('',(282.99467687115,162.59693322942,
    664.62125583707));
#1806 = CARTESIAN_POINT('',(295.33547607168,144.90736808075,
    583.28433271308));
#1807 = CARTESIAN_POINT('',(303.23992718459,133.57695903233,
    482.25966834329));
#1808 = CARTESIAN_POINT('',(306.00455329552,129.61408491808,
    370.97082378437));
#1809 = CARTESIAN_POINT('',(303.23992718459,133.57695903233,
    259.68197922545));
#1810 = CARTESIAN_POINT('',(295.33547607168,144.90736808075,
    158.65731485565));
#1811 = CARTESIAN_POINT('',(282.99467687115,162.59693322942,
    77.32039173167));
#1812 = CARTESIAN_POINT('',(267.14150763448,185.32120460506,
    20.054207048101));
#1813 = CARTESIAN_POINT('',(252.13456658249,206.83247442706,
    -0.157616369059));
#1814 = CARTESIAN_POINT('',(244.6925639128,217.5,0.));
#1815 = DEFINITIONAL_REPRESENTATION('',(#1816),#1820);
#1816 = LINE('',#1817,#1818);
#1817 = CARTESIAN_POINT('',(0.,0.));
#1818 = VECTOR('',#1819,1.);
#1819 = DIRECTION('',(0.,1.));
#1820 = ( GEOMETRIC_REPRESENTATION_CONTEXT(2) 
PARAMETRIC_REPRESENTATION_CONTEXT() REPRESENTATION_CONTEXT('2D SPACE',''
  ) );
#1821 = ORIENTED_EDGE('',*,*,#1822,.T.);
#1822 = EDGE_CURVE('',#1716,#1823,#1825,.T.);
#1823 = VERTEX_POINT('',#1824);
#1824 = CARTESIAN_POINT('',(244.6925639128,217.5,741.94164756874));
#1825 = SURFACE_CURVE('',#1826,(#1833),.PCURVE_S1.);
#1826 = B_SPLINE_CURVE_WITH_KNOTS('',3,(#1827,#1828,#1829,#1830,#1831,
    #1832),.UNSPECIFIED.,.F.,.F.,(4,1,1,4),(0.,0.370893008028,
    0.707526328055,1.),.UNSPECIFIED.);
#1827 = CARTESIAN_POINT('',(640.,376.72105064623,490.3515625));
#1828 = CARTESIAN_POINT('',(587.62832822466,364.5410749272,
    513.66846404913));
#1829 = CARTESIAN_POINT('',(489.39999391339,337.23750694291,
    563.93257142648));
#1830 = CARTESIAN_POINT('',(357.18999330777,285.05329097693,
    650.47696026462));
#1831 = CARTESIAN_POINT('',(279.22859368643,241.52719868154,
    712.32525241996));
#1832 = CARTESIAN_POINT('',(244.6925639128,217.5,741.94164756874));
#1833 = PCURVE('',#1736,#1834);
#1834 = DEFINITIONAL_REPRESENTATION('',(#1835),#1839);
#1835 = LINE('',#1836,#1837);
#1836 = CARTESIAN_POINT('',(0.,0.));
#1837 = VECTOR('',#1838,1.);
#1838 = DIRECTION('',(1.,0.));
#1839 = ( GEOMETRIC_REPRESENTATION_CONTEXT(2) 
PARAMETRIC_REPRESENTATION_CONTEXT() REPRESENTATION_CONTEXT('2D SPACE',''
  ) );
#1840 = ORIENTED_EDGE('',*,*,#1841,.T.);
#1841 = EDGE_CURVE('',#1823,#1842,#1844,.T.);
#1842 = VERTEX_POINT('',#1843);
#1843 = CARTESIAN_POINT('',(244.6925639128,217.5,0.));
#1844 = SURFACE_CURVE('',#1845,(#1859),.PCURVE_S1.);
#1845 = B_SPLINE_CURVE_WITH_KNOTS('',3,(#1846,#1847,#1848,#1849,#1850,
    #1851,#1852,#1853,#1854,#1855,#1856,#1857,#1858),.UNSPECIFIED.,.F.,
  .F.,(4,1,1,1,1,1,1,1,1,1,4),(0.,5.571669646817E-02,0.132865079423,
    0.23723115362,0.362990870693,0.5,0.637009129307,0.76276884638,
    0.867134920577,0.944283303532,1.),.UNSPECIFIED.);
#1846 = CARTESIAN_POINT('',(244.6925639128,217.5,741.94164756874));
#1847 = CARTESIAN_POINT('',(252.13456658249,206.83247442706,
    742.0992639378));
#1848 = CARTESIAN_POINT('',(267.14150763448,185.32120460506,
    721.88744052064));
#1849 = CARTESIAN_POINT('',(282.99467687115,162.59693322942,
    664.62125583707));
#1850 = CARTESIAN_POINT('',(295.33547607168,144.90736808075,
    583.28433271308));
#1851 = CARTESIAN_POINT('',(303.23992718459,133.57695903233,
    482.25966834329));
#1852 = CARTESIAN_POINT('',(306.00455329552,129.61408491808,
    370.97082378437));
#1853 = CARTESIAN_POINT('',(303.23992718459,133.57695903233,
    259.68197922545));
#1854 = CARTESIAN_POINT('',(295.33547607168,144.90736808075,
    158.65731485565));
#1855 = CARTESIAN_POINT('',(282.99467687115,162.59693322942,
    77.32039173167));
#1856 = CARTESIAN_POINT('',(267.14150763448,185.32120460506,
    20.054207048101));
#1857 = CARTESIAN_POINT('',(252.13456658249,206.83247442706,
    -0.157616369059));
#1858 = CARTESIAN_POINT('',(244.6925639128,217.5,0.));
#1859 = PCURVE('',#1736,#1860);
#1860 = DEFINITIONAL_REPRESENTATION('',(#1861),#1865);
#1861 = LINE('',#1862,#1863);
#1862 = CARTESIAN_POINT('',(1.,0.));
#1863 = VECTOR('',#1864,1.);
#1864 = DIRECTION('',(0.,1.));
#1865 = ( GEOMETRIC_REPRESENTATION_CONTEXT(2) 
PARAMETRIC_REPRESENTATION_CONTEXT() REPRESENTATION_CONTEXT('2D SPACE',''
  ) );
#1866 = ORIENTED_EDGE('',*,*,#1867,.F.);
#1867 = EDGE_CURVE('',#1718,#1842,#1868,.T.);
#1868 = SURFACE_CURVE('',#1869,(#1876),.PCURVE_S1.);
#1869 = B_SPLINE_CURVE_WITH_KNOTS('',3,(#1870,#1871,#1872,#1873,#1874,
    #1875),.UNSPECIFIED.,.F.,.F.,(4,1,1,4),(0.,0.370893008028,
    0.707526328055,1.),.UNSPECIFIED.);
#1870 = CARTESIAN_POINT('',(640.,376.72105064623,0.));
#1871 = CARTESIAN_POINT('',(587.62832822466,364.5410749272,0.));
#1872 = CARTESIAN_POINT('',(489.39999391339,337.23750694291,0.));
#1873 = CARTESIAN_POINT('',(357.18999330777,285.05329097693,0.));
#1874 = CARTESIAN_POINT('',(279.22859368643,241.52719868154,0.));
#1875 = CARTESIAN_POINT('',(244.6925639128,217.5,0.));
#1876 = PCURVE('',#1736,#1877);
#1877 = DEFINITIONAL_REPRESENTATION('',(#1878),#1882);
#1878 = LINE('',#1879,#1880);
#1879 = CARTESIAN_POINT('',(0.,1.));
#1880 = VECTOR('',#1881,1.);
#1881 = DIRECTION('',(1.,0.));
#1882 = ( GEOMETRIC_REPRESENTATION_CONTEXT(2) 
PARAMETRIC_REPRESENTATION_CONTEXT() REPRESENTATION_CONTEXT('2D SPACE',''
  ) );
#1883 = ( GEOMETRIC_REPRESENTATION_CONTEXT(3) 
GLOBAL_UNCERTAINTY_ASSIGNED_CONTEXT((#1887)) 
GLOBAL_UNIT_ASSIGNED_CONTEXT((#1884,#1885,#1886)) REPRESENTATION_CONTEXT
('Context #1','3D Context with UNIT and UNCERTAINTY') );
#1884 = ( LENGTH_UNIT() NAMED_UNIT(*) SI_UNIT(.MILLI.,.METRE.) );
#1885 = ( NAMED_UNIT(*) PLANE_ANGLE_UNIT() SI_UNIT($,.RADIAN.) );
#1886 = ( NAMED_UNIT(*) SI_UNIT($,.STERADIAN.) SOLID_ANGLE_UNIT() );
#1887 = UNCERTAINTY_MEASURE_WITH_UNIT(LENGTH_MEASURE(1.E-07),#1884,
  'distance_accuracy_value','confusion accuracy');
#1888 = CONTEXT_DEPENDENT_SHAPE_REPRESENTATION(#1889,#1891);
#1889 = ( REPRESENTATION_RELATIONSHIP('','',#1708,#10) 
REPRESENTATION_RELATIONSHIP_WITH_TRANSFORMATION(#1890) 
SHAPE_REPRESENTATION_RELATIONSHIP() );
#1890 = ITEM_DEFINED_TRANSFORMATION('','',#11,#51);
#1891 = PRODUCT_DEFINITION_SHAPE('Placement','Placement of an item',
  #1892);
#1892 = NEXT_ASSEMBLY_USAGE_OCCURRENCE('703','R04_L05','',#5,#1703,$);
#1893 = PRODUCT_RELATED_PRODUCT_CATEGORY('part',$,(#1705));
#1894 = SHAPE_DEFINITION_REPRESENTATION(#1895,#1901);
#1895 = PRODUCT_DEFINITION_SHAPE('','',#1896);
#1896 = PRODUCT_DEFINITION('design','',#1897,#1900);
#1897 = PRODUCT_DEFINITION_FORMATION('','',#1898);
#1898 = PRODUCT('R04_O06','R04_O06','',(#1899));
#1899 = PRODUCT_CONTEXT('',#2,'mechanical');
#1900 = PRODUCT_DEFINITION_CONTEXT('part definition',#2,'design');
#1901 = MANIFOLD_SURFACE_SHAPE_REPRESENTATION('',(#11,#1902),#2091);
#1902 = SHELL_BASED_SURFACE_MODEL('',(#1903));
#1903 = OPEN_SHELL('',(#1904));
#1904 = ADVANCED_FACE('',(#1905),#1929,.T.);
#1905 = FACE_BOUND('',#1906,.T.);
#1906 = EDGE_LOOP('',(#1907,#2027,#2047,#2073));
#1907 = ORIENTED_EDGE('',*,*,#1908,.F.);
#1908 = EDGE_CURVE('',#1909,#1911,#1913,.T.);
#1909 = VERTEX_POINT('',#1910);
#1910 = CARTESIAN_POINT('',(244.6925639128,217.5,0.));
#1911 = VERTEX_POINT('',#1912);
#1912 = CARTESIAN_POINT('',(244.6925639128,217.5,741.94164756874));
#1913 = SURFACE_CURVE('',#1914,(#1928),.PCURVE_S1.);
#1914 = B_SPLINE_CURVE_WITH_KNOTS('',3,(#1915,#1916,#1917,#1918,#1919,
    #1920,#1921,#1922,#1923,#1924,#1925,#1926,#1927),.UNSPECIFIED.,.F.,
  .F.,(4,1,1,1,1,1,1,1,1,1,4),(0.,4.470622879619E-02,0.118143289796,
    0.224603331603,0.355871442187,0.5,0.644128557813,0.775396668397,
    0.881856710204,0.955293771204,1.),.UNSPECIFIED.);
#1915 = CARTESIAN_POINT('',(244.6925639128,217.5,0.));
#1916 = CARTESIAN_POINT('',(235.76445840417,230.29773712244,
    1.208971186641));
#1917 = CARTESIAN_POINT('',(221.1399680007,251.26079401647,
    23.251072089469));
#1918 = CARTESIAN_POINT('',(205.92314157931,273.07291800968,
    80.05409414053));
#1919 = CARTESIAN_POINT('',(194.00091679403,290.16248965164,
    159.30387590416));
#1920 = CARTESIAN_POINT('',(186.10364281831,301.48261083832,
    260.3209024157));
#1921 = CARTESIAN_POINT('',(183.4030460289,305.35370395557,
    370.97082378436));
#1922 = CARTESIAN_POINT('',(186.10364281831,301.48261083832,
    481.62074515306));
#1923 = CARTESIAN_POINT('',(194.00091679403,290.16248965164,
    582.63777166456));
#1924 = CARTESIAN_POINT('',(205.92314157931,273.07291800968,
    661.88755342821));
#1925 = CARTESIAN_POINT('',(221.1399680007,251.26079401647,
    718.69057547927));
#1926 = CARTESIAN_POINT('',(235.76445840417,230.29773712244,
    740.7326763821));
#1927 = CARTESIAN_POINT('',(244.6925639128,217.5,741.94164756874));
#1928 = PCURVE('',#1929,#2021);
#1929 = B_SPLINE_SURFACE_WITH_KNOTS('',3,3,(
    (#1930,#1931,#1932,#1933,#1934,#1935,#1936,#1937,#1938,#1939,#1940
      ,#1941,#1942)
    ,(#1943,#1944,#1945,#1946,#1947,#1948,#1949,#1950,#1951,#1952,#1953
      ,#1954,#1955)
    ,(#1956,#1957,#1958,#1959,#1960,#1961,#1962,#1963,#1964,#1965,#1966
      ,#1967,#1968)
    ,(#1969,#1970,#1971,#1972,#1973,#1974,#1975,#1976,#1977,#1978,#1979
      ,#1980,#1981)
    ,(#1982,#1983,#1984,#1985,#1986,#1987,#1988,#1989,#1990,#1991,#1992
      ,#1993,#1994)
    ,(#1995,#1996,#1997,#1998,#1999,#2000,#2001,#2002,#2003,#2004,#2005
      ,#2006,#2007)
    ,(#2008,#2009,#2010,#2011,#2012,#2013,#2014,#2015,#2016,#2017,#2018
      ,#2019,#2020
    )),.UNSPECIFIED.,.F.,.F.,.F.,(4,1,1,1,4),(4,1,1,1,1,1,1,1,1,1,4),(0.
    ,0.284336950038,0.541641171962,0.776293201999,1.),(0.,
    4.470622879619E-02,0.118143289796,0.224603331603,0.355871442187,0.5,
    0.644128557813,0.775396668397,0.881856710204,0.955293771204,1.),
  .UNSPECIFIED.);
#1930 = CARTESIAN_POINT('',(244.6925639128,217.5,0.));
#1931 = CARTESIAN_POINT('',(235.76445840417,230.29773712244,
    1.208971186641));
#1932 = CARTESIAN_POINT('',(221.1399680007,251.26079401647,
    23.251072089469));
#1933 = CARTESIAN_POINT('',(205.92314157931,273.07291800968,
    80.05409414053));
#1934 = CARTESIAN_POINT('',(194.00091679403,290.16248965164,
    159.30387590416));
#1935 = CARTESIAN_POINT('',(186.10364281831,301.48261083832,
    260.3209024157));
#1936 = CARTESIAN_POINT('',(183.4030460289,305.35370395557,
    370.97082378436));
#1937 = CARTESIAN_POINT('',(186.10364281831,301.48261083832,
    481.62074515306));
#1938 = CARTESIAN_POINT('',(194.00091679403,290.16248965164,
    582.63777166456));
#1939 = CARTESIAN_POINT('',(205.92314157931,273.07291800968,
    661.88755342821));
#1940 = CARTESIAN_POINT('',(221.1399680007,251.26079401647,
    718.69057547927));
#1941 = CARTESIAN_POINT('',(235.76445840417,230.29773712244,
    740.7326763821));
#1942 = CARTESIAN_POINT('',(244.6925639128,217.5,741.94164756874));
#1943 = CARTESIAN_POINT('',(222.35006909695,201.90510882684,0.));
#1944 = CARTESIAN_POINT('',(212.91392695683,214.20693818947,
    1.240179017285));
#1945 = CARTESIAN_POINT('',(197.45725812149,234.35768408793,
    23.851264656563));
#1946 = CARTESIAN_POINT('',(181.37454752909,255.32459603758,
    82.120574003642));
#1947 = CARTESIAN_POINT('',(168.77391152725,271.75195285921,
    163.41607347764));
#1948 = CARTESIAN_POINT('',(160.42725840108,282.63342337783,
    267.04070742461));
#1949 = CARTESIAN_POINT('',(157.57298935785,286.3545130142,
    380.54689538173));
#1950 = CARTESIAN_POINT('',(160.42725840108,282.63342337783,
    494.05308333889));
#1951 = CARTESIAN_POINT('',(168.77391152725,271.75195285921,
    597.67771728582));
#1952 = CARTESIAN_POINT('',(181.37454752909,255.32459603758,
    678.97321675984));
#1953 = CARTESIAN_POINT('',(197.45725812149,234.35768408793,
    737.24252610691));
#1954 = CARTESIAN_POINT('',(212.91392695683,214.20693818948,
    759.85361174619));
#1955 = CARTESIAN_POINT('',(222.35006909695,201.90510882684,
    761.09379076348));
#1956 = CARTESIAN_POINT('',(182.2857348095,169.75958640994,0.));
#1957 = CARTESIAN_POINT('',(171.7725587738,180.94317723551,
    1.299170844963));
#1958 = CARTESIAN_POINT('',(154.55167782707,199.26221664952,
    24.985802231312));
#1959 = CARTESIAN_POINT('',(136.63329920599,218.32323247152,
    86.026818733582));
#1960 = CARTESIAN_POINT('',(122.59443645021,233.25733955619,
    171.18931646278));
#1961 = CARTESIAN_POINT('',(113.29510285378,243.14968241623,
    279.74308278807));
#1962 = CARTESIAN_POINT('',(110.11504977074,246.53252432467,
    398.64844085453));
#1963 = CARTESIAN_POINT('',(113.29510285378,243.14968241623,
    517.55379892105));
#1964 = CARTESIAN_POINT('',(122.59443645021,233.25733955619,
    626.1075652463));
#1965 = CARTESIAN_POINT('',(136.63329920599,218.32323247152,
    711.27006297552));
#1966 = CARTESIAN_POINT('',(154.55167782707,199.26221664952,
    772.31107947778));
#1967 = CARTESIAN_POINT('',(171.7725587738,180.94317723552,
    795.99771086413));
#1968 = CARTESIAN_POINT('',(182.2857348095,169.75958640994,
    797.29688170909));
#1969 = CARTESIAN_POINT('',(135.49779563403,115.49924771063,0.));
#1970 = CARTESIAN_POINT('',(123.06596695441,124.15113437078,
    1.373829696233));
#1971 = CARTESIAN_POINT('',(102.70227848244,138.32317045515,
    26.421649795077));
#1972 = CARTESIAN_POINT('',(81.51379914209,153.06921679137,
    90.970482217087));
#1973 = CARTESIAN_POINT('',(64.912846580851,164.62259029031,
    181.02697389359));
#1974 = CARTESIAN_POINT('',(53.916386356754,172.27553741286,
    295.81894940154));
#1975 = CARTESIAN_POINT('',(50.155974185757,174.89258279994,
    421.55738679513));
#1976 = CARTESIAN_POINT('',(53.916386356755,172.27553741286,
    547.29582418876));
#1977 = CARTESIAN_POINT('',(64.912846580851,164.62259029031,
    662.08779969668));
#1978 = CARTESIAN_POINT('',(81.51379914209,153.06921679137,
    752.1442913732));
#1979 = CARTESIAN_POINT('',(102.70227848244,138.32317045515,
    816.6931237952));
#1980 = CARTESIAN_POINT('',(123.06596695441,124.15113437078,
    841.74094389404));
#1981 = CARTESIAN_POINT('',(135.49779563403,115.49924771063,
    843.11477359028));
#1982 = CARTESIAN_POINT('',(106.56292206516,58.426238016144,0.));
#1983 = CARTESIAN_POINT('',(92.325470838658,63.338473510879,
    1.422568880818));
#1984 = CARTESIAN_POINT('',(69.004121350731,71.384854770923,
    27.359007365603));
#1985 = CARTESIAN_POINT('',(44.738186793044,79.757138766904,
    94.197830655279));
#1986 = CARTESIAN_POINT('',(25.726080167764,86.316735952427,
    187.4492452417));
#1987 = CARTESIAN_POINT('',(13.132473053355,90.661808879455,
    306.31368133074));
#1988 = CARTESIAN_POINT('',(8.825891434846,92.147674765902,
    436.51292556687));
#1989 = CARTESIAN_POINT('',(13.132473053356,90.661808879455,
    566.71216980304));
#1990 = CARTESIAN_POINT('',(25.726080167764,86.316735952428,
    685.57660589205));
#1991 = CARTESIAN_POINT('',(44.738186793043,79.757138766904,
    778.82802047849));
#1992 = CARTESIAN_POINT('',(69.004121350731,71.384854770923,
    845.66684376816));
#1993 = CARTESIAN_POINT('',(92.325470838653,63.338473510881,
    871.60328225294));
#1994 = CARTESIAN_POINT('',(106.56292206516,58.426238016144,
    873.02585113376));
#1995 = CARTESIAN_POINT('',(99.984969179905,19.152657401899,0.));
#1996 = CARTESIAN_POINT('',(85.184639857335,20.77080770932,
    1.433970215189));
#1997 = CARTESIAN_POINT('',(60.941280060915,23.421383872358,
    27.578279131804));
#1998 = CARTESIAN_POINT('',(35.715990993361,26.179316373037,
    94.952789503897));
#1999 = CARTESIAN_POINT('',(15.952240115945,28.34012772129,
    188.95157778351));
#2000 = CARTESIAN_POINT('',(2.860744335761,29.771447758812,
    308.7686659367));
#2001 = CARTESIAN_POINT('',(-1.616098126731,30.260910111242,
    440.01140630045));
#2002 = CARTESIAN_POINT('',(2.860744335763,29.771447758812,
    571.25414666425));
#2003 = CARTESIAN_POINT('',(15.952240115945,28.34012772129,
    691.0712348174));
#2004 = CARTESIAN_POINT('',(35.715990993361,26.179316373037,
    785.07002309703));
#2005 = CARTESIAN_POINT('',(60.941280060915,23.421383872358,
    852.44453346913));
#2006 = CARTESIAN_POINT('',(85.18463985733,20.770807709321,
    878.58884238574));
#2007 = CARTESIAN_POINT('',(99.984969179905,19.152657401899,
    880.02281260093));
#2008 = CARTESIAN_POINT('',(100.,5.327213576291E-14,0.));
#2009 = CARTESIAN_POINT('',(85.209225749709,5.776927422037E-14,
    1.433933042754));
#2010 = CARTESIAN_POINT('',(60.98151743307,6.513571474356E-14,
    27.577564227295));
#2011 = CARTESIAN_POINT('',(35.772513777486,7.280051834987E-14,
    94.950328067598));
#2012 = CARTESIAN_POINT('',(16.021522350487,7.88058120293E-14,
    188.94667964124));
#2013 = CARTESIAN_POINT('',(2.938478421995,8.278371467292E-14,
    308.76066180743));
#2014 = CARTESIAN_POINT('',(-1.535473797153,8.414402091795E-14,
    439.99999999998));
#2015 = CARTESIAN_POINT('',(2.938478421996,8.278371467292E-14,
    571.23933819259));
#2016 = CARTESIAN_POINT('',(16.021522350487,7.88058120293E-14,
    691.05332035874));
#2017 = CARTESIAN_POINT('',(35.772513777486,7.280051834987E-14,
    785.0496719324));
#2018 = CARTESIAN_POINT('',(60.98151743307,6.513571474356E-14,
    852.4224357727));
#2019 = CARTESIAN_POINT('',(85.209225749704,5.776927422037E-14,
    878.56606695724));
#2020 = CARTESIAN_POINT('',(100.,5.327213576291E-14,880.));
#2021 = DEFINITIONAL_REPRESENTATION('',(#2022),#2026);
#2022 = LINE('',#2023,#2024);
#2023 = CARTESIAN_POINT('',(0.,0.));
#2024 = VECTOR('',#2025,1.);
#2025 = DIRECTION('',(0.,1.));
#2026 = ( GEOMETRIC_REPRESENTATION_CONTEXT(2) 
PARAMETRIC_REPRESENTATION_CONTEXT() REPRESENTATION_CONTEXT('2D SPACE',''
  ) );
#2027 = ORIENTED_EDGE('',*,*,#2028,.T.);
#2028 = EDGE_CURVE('',#1909,#2029,#2031,.T.);
#2029 = VERTEX_POINT('',#2030);
#2030 = CARTESIAN_POINT('',(100.,5.327213576291E-14,0.));
#2031 = SURFACE_CURVE('',#2032,(#2040),.PCURVE_S1.);
#2032 = B_SPLINE_CURVE_WITH_KNOTS('',3,(#2033,#2034,#2035,#2036,#2037,
    #2038,#2039),.UNSPECIFIED.,.F.,.F.,(4,1,1,1,4),(0.,0.284336950038,
    0.541641171962,0.776293201999,1.),.UNSPECIFIED.);
#2033 = CARTESIAN_POINT('',(244.6925639128,217.5,0.));
#2034 = CARTESIAN_POINT('',(222.35006909695,201.90510882684,0.));
#2035 = CARTESIAN_POINT('',(182.2857348095,169.75958640994,0.));
#2036 = CARTESIAN_POINT('',(135.49779563403,115.49924771063,0.));
#2037 = CARTESIAN_POINT('',(106.56292206516,58.426238016144,0.));
#2038 = CARTESIAN_POINT('',(99.984969179905,19.152657401899,0.));
#2039 = CARTESIAN_POINT('',(100.,5.327213576291E-14,0.));
#2040 = PCURVE('',#1929,#2041);
#2041 = DEFINITIONAL_REPRESENTATION('',(#2042),#2046);
#2042 = LINE('',#2043,#2044);
#2043 = CARTESIAN_POINT('',(0.,0.));
#2044 = VECTOR('',#2045,1.);
#2045 = DIRECTION('',(1.,0.));
#2046 = ( GEOMETRIC_REPRESENTATION_CONTEXT(2) 
PARAMETRIC_REPRESENTATION_CONTEXT() REPRESENTATION_CONTEXT('2D SPACE',''
  ) );
#2047 = ORIENTED_EDGE('',*,*,#2048,.T.);
#2048 = EDGE_CURVE('',#2029,#2049,#2051,.T.);
#2049 = VERTEX_POINT('',#2050);
#2050 = CARTESIAN_POINT('',(100.,5.327213576291E-14,880.));
#2051 = SURFACE_CURVE('',#2052,(#2066),.PCURVE_S1.);
#2052 = B_SPLINE_CURVE_WITH_KNOTS('',3,(#2053,#2054,#2055,#2056,#2057,
    #2058,#2059,#2060,#2061,#2062,#2063,#2064,#2065),.UNSPECIFIED.,.F.,
  .F.,(4,1,1,1,1,1,1,1,1,1,4),(0.,4.470622879619E-02,0.118143289796,
    0.224603331603,0.355871442187,0.5,0.644128557813,0.775396668397,
    0.881856710204,0.955293771204,1.),.UNSPECIFIED.);
#2053 = CARTESIAN_POINT('',(100.,5.327213576291E-14,0.));
#2054 = CARTESIAN_POINT('',(85.209225749709,5.776927422037E-14,
    1.433933042754));
#2055 = CARTESIAN_POINT('',(60.98151743307,6.513571474356E-14,
    27.577564227295));
#2056 = CARTESIAN_POINT('',(35.772513777486,7.280051834987E-14,
    94.950328067598));
#2057 = CARTESIAN_POINT('',(16.021522350487,7.88058120293E-14,
    188.94667964124));
#2058 = CARTESIAN_POINT('',(2.938478421995,8.278371467292E-14,
    308.76066180743));
#2059 = CARTESIAN_POINT('',(-1.535473797153,8.414402091795E-14,
    439.99999999998));
#2060 = CARTESIAN_POINT('',(2.938478421996,8.278371467292E-14,
    571.23933819259));
#2061 = CARTESIAN_POINT('',(16.021522350487,7.88058120293E-14,
    691.05332035874));
#2062 = CARTESIAN_POINT('',(35.772513777486,7.280051834987E-14,
    785.0496719324));
#2063 = CARTESIAN_POINT('',(60.98151743307,6.513571474356E-14,
    852.4224357727));
#2064 = CARTESIAN_POINT('',(85.209225749704,5.776927422037E-14,
    878.56606695724));
#2065 = CARTESIAN_POINT('',(100.,5.327213576291E-14,880.));
#2066 = PCURVE('',#1929,#2067);
#2067 = DEFINITIONAL_REPRESENTATION('',(#2068),#2072);
#2068 = LINE('',#2069,#2070);
#2069 = CARTESIAN_POINT('',(1.,0.));
#2070 = VECTOR('',#2071,1.);
#2071 = DIRECTION('',(0.,1.));
#2072 = ( GEOMETRIC_REPRESENTATION_CONTEXT(2) 
PARAMETRIC_REPRESENTATION_CONTEXT() REPRESENTATION_CONTEXT('2D SPACE',''
  ) );
#2073 = ORIENTED_EDGE('',*,*,#2074,.F.);
#2074 = EDGE_CURVE('',#1911,#2049,#2075,.T.);
#2075 = SURFACE_CURVE('',#2076,(#2084),.PCURVE_S1.);
#2076 = B_SPLINE_CURVE_WITH_KNOTS('',3,(#2077,#2078,#2079,#2080,#2081,
    #2082,#2083),.UNSPECIFIED.,.F.,.F.,(4,1,1,1,4),(0.,0.284336950038,
    0.541641171962,0.776293201999,1.),.UNSPECIFIED.);
#2077 = CARTESIAN_POINT('',(244.6925639128,217.5,741.94164756874));
#2078 = CARTESIAN_POINT('',(222.35006909695,201.90510882684,
    761.09379076348));
#2079 = CARTESIAN_POINT('',(182.2857348095,169.75958640994,
    797.29688170909));
#2080 = CARTESIAN_POINT('',(135.49779563403,115.49924771063,
    843.11477359028));
#2081 = CARTESIAN_POINT('',(106.56292206516,58.426238016144,
    873.02585113376));
#2082 = CARTESIAN_POINT('',(99.984969179905,19.152657401899,
    880.02281260093));
#2083 = CARTESIAN_POINT('',(100.,5.327213576291E-14,880.));
#2084 = PCURVE('',#1929,#2085);
#2085 = DEFINITIONAL_REPRESENTATION('',(#2086),#2090);
#2086 = LINE('',#2087,#2088);
#2087 = CARTESIAN_POINT('',(0.,1.));
#2088 = VECTOR('',#2089,1.);
#2089 = DIRECTION('',(1.,0.));
#2090 = ( GEOMETRIC_REPRESENTATION_CONTEXT(2) 
PARAMETRIC_REPRESENTATION_CONTEXT() REPRESENTATION_CONTEXT('2D SPACE',''
  ) );
#2091 = ( GEOMETRIC_REPRESENTATION_CONTEXT(3) 
GLOBAL_UNCERTAINTY_ASSIGNED_CONTEXT((#2095)) 
GLOBAL_UNIT_ASSIGNED_CONTEXT((#2092,#2093,#2094)) REPRESENTATION_CONTEXT
('Context #1','3D Context with UNIT and UNCERTAINTY') );
#2092 = ( LENGTH_UNIT() NAMED_UNIT(*) SI_UNIT(.MILLI.,.METRE.) );
#2093 = ( NAMED_UNIT(*) PLANE_ANGLE_UNIT() SI_UNIT($,.RADIAN.) );
#2094 = ( NAMED_UNIT(*) SI_UNIT($,.STERADIAN.) SOLID_ANGLE_UNIT() );
#2095 = UNCERTAINTY_MEASURE_WITH_UNIT(LENGTH_MEASURE(1.E-07),#2092,
  'distance_accuracy_value','confusion accuracy');
#2096 = CONTEXT_DEPENDENT_SHAPE_REPRESENTATION(#2097,#2099);
#2097 = ( REPRESENTATION_RELATIONSHIP('','',#1901,#10) 
REPRESENTATION_RELATIONSHIP_WITH_TRANSFORMATION(#2098) 
SHAPE_REPRESENTATION_RELATIONSHIP() );
#2098 = ITEM_DEFINED_TRANSFORMATION('','',#11,#55);
#2099 = PRODUCT_DEFINITION_SHAPE('Placement','Placement of an item',
  #2100);
#2100 = NEXT_ASSEMBLY_USAGE_OCCURRENCE('704','R04_O06','',#5,#1896,$);
#2101 = PRODUCT_RELATED_PRODUCT_CATEGORY('part',$,(#1898));
#2102 = SHAPE_DEFINITION_REPRESENTATION(#2103,#2109);
#2103 = PRODUCT_DEFINITION_SHAPE('','',#2104);
#2104 = PRODUCT_DEFINITION('design','',#2105,#2108);
#2105 = PRODUCT_DEFINITION_FORMATION('','',#2106);
#2106 = PRODUCT('R04_L06','R04_L06','',(#2107));
#2107 = PRODUCT_CONTEXT('',#2,'mechanical');
#2108 = PRODUCT_DEFINITION_CONTEXT('part definition',#2,'design');
#2109 = MANIFOLD_SURFACE_SHAPE_REPRESENTATION('',(#11,#2110),#2314);
#2110 = SHELL_BASED_SURFACE_MODEL('',(#2111));
#2111 = OPEN_SHELL('',(#2112));
#2112 = ADVANCED_FACE('',(#2113),#2137,.T.);
#2113 = FACE_BOUND('',#2114,.T.);
#2114 = EDGE_LOOP('',(#2115,#2248,#2269,#2295));
#2115 = ORIENTED_EDGE('',*,*,#2116,.F.);
#2116 = EDGE_CURVE('',#2117,#2119,#2121,.T.);
#2117 = VERTEX_POINT('',#2118);
#2118 = CARTESIAN_POINT('',(244.6925639128,217.5,741.94164756874));
#2119 = VERTEX_POINT('',#2120);
#2120 = CARTESIAN_POINT('',(244.6925639128,217.5,0.));
#2121 = SURFACE_CURVE('',#2122,(#2136),.PCURVE_S1.);
#2122 = B_SPLINE_CURVE_WITH_KNOTS('',3,(#2123,#2124,#2125,#2126,#2127,
    #2128,#2129,#2130,#2131,#2132,#2133,#2134,#2135),.UNSPECIFIED.,.F.,
  .F.,(4,1,1,1,1,1,1,1,1,1,4),(0.,4.470622879619E-02,0.118143289796,
    0.224603331603,0.355871442187,0.5,0.644128557813,0.775396668397,
    0.881856710204,0.955293771204,1.),.UNSPECIFIED.);
#2123 = CARTESIAN_POINT('',(244.6925639128,217.5,741.94164756874));
#2124 = CARTESIAN_POINT('',(253.6206694216,204.70226287732,
    740.73267638183));
#2125 = CARTESIAN_POINT('',(268.24515982474,183.73920598376,
    718.6905754797));
#2126 = CARTESIAN_POINT('',(283.4619862464,161.92708199016,
    661.88755342784));
#2127 = CARTESIAN_POINT('',(295.38421103151,144.83751034845,
    582.63777166482));
#2128 = CARTESIAN_POINT('',(303.28148500734,133.51738916161,
    481.62074515292));
#2129 = CARTESIAN_POINT('',(305.98208179667,129.64629604447,
    370.97082378436));
#2130 = CARTESIAN_POINT('',(303.28148500734,133.51738916161,
    260.32090241583));
#2131 = CARTESIAN_POINT('',(295.38421103151,144.83751034845,
    159.30387590391));
#2132 = CARTESIAN_POINT('',(283.4619862464,161.92708199016,
    80.054094140899));
#2133 = CARTESIAN_POINT('',(268.24515982474,183.73920598377,
    23.251072089035));
#2134 = CARTESIAN_POINT('',(253.6206694216,204.70226287731,
    1.208971186916));
#2135 = CARTESIAN_POINT('',(244.6925639128,217.5,0.));
#2136 = PCURVE('',#2137,#2242);
#2137 = B_SPLINE_SURFACE_WITH_KNOTS('',3,3,(
    (#2138,#2139,#2140,#2141,#2142,#2143,#2144,#2145,#2146,#2147,#2148
      ,#2149,#2150)
    ,(#2151,#2152,#2153,#2154,#2155,#2156,#2157,#2158,#2159,#2160,#2161
      ,#2162,#2163)
    ,(#2164,#2165,#2166,#2167,#2168,#2169,#2170,#2171,#2172,#2173,#2174
      ,#2175,#2176)
    ,(#2177,#2178,#2179,#2180,#2181,#2182,#2183,#2184,#2185,#2186,#2187
      ,#2188,#2189)
    ,(#2190,#2191,#2192,#2193,#2194,#2195,#2196,#2197,#2198,#2199,#2200
      ,#2201,#2202)
    ,(#2203,#2204,#2205,#2206,#2207,#2208,#2209,#2210,#2211,#2212,#2213
      ,#2214,#2215)
    ,(#2216,#2217,#2218,#2219,#2220,#2221,#2222,#2223,#2224,#2225,#2226
      ,#2227,#2228)
    ,(#2229,#2230,#2231,#2232,#2233,#2234,#2235,#2236,#2237,#2238,#2239
      ,#2240,#2241
    )),.UNSPECIFIED.,.F.,.F.,.F.,(4,1,1,1,1,4),(4,1,1,1,1,1,1,1,1,1,4),(
    0.,0.271370244746,0.50424428553,0.698598464898,0.859510020035,1.),(
    0.,4.470622879619E-02,0.118143289796,0.224603331603,0.355871442187,
    0.5,0.644128557813,0.775396668397,0.881856710204,0.955293771204,1.),
  .UNSPECIFIED.);
#2138 = CARTESIAN_POINT('',(244.6925639128,217.5,741.94164756874));
#2139 = CARTESIAN_POINT('',(253.6206694216,204.70226287732,
    740.73267638183));
#2140 = CARTESIAN_POINT('',(268.24515982474,183.73920598376,
    718.6905754797));
#2141 = CARTESIAN_POINT('',(283.4619862464,161.92708199016,
    661.88755342784));
#2142 = CARTESIAN_POINT('',(295.38421103151,144.83751034845,
    582.63777166482));
#2143 = CARTESIAN_POINT('',(303.28148500734,133.51738916161,
    481.62074515292));
#2144 = CARTESIAN_POINT('',(305.98208179667,129.64629604447,
    370.97082378436));
#2145 = CARTESIAN_POINT('',(303.28148500734,133.51738916161,
    260.32090241583));
#2146 = CARTESIAN_POINT('',(295.38421103151,144.83751034845,
    159.30387590391));
#2147 = CARTESIAN_POINT('',(283.4619862464,161.92708199016,
    80.054094140899));
#2148 = CARTESIAN_POINT('',(268.24515982474,183.73920598377,
    23.251072089035));
#2149 = CARTESIAN_POINT('',(253.6206694216,204.70226287731,
    1.208971186916));
#2150 = CARTESIAN_POINT('',(244.6925639128,217.5,0.));
#2151 = CARTESIAN_POINT('',(227.04856592357,205.17801158518,
    757.0668766311));
#2152 = CARTESIAN_POINT('',(236.37752888307,192.77371931598,
    755.83325934677));
#2153 = CARTESIAN_POINT('',(251.65863517578,172.45513626721,
    733.34180797852));
#2154 = CARTESIAN_POINT('',(267.55867241313,151.31358925503,
    675.38079901115));
#2155 = CARTESIAN_POINT('',(280.01618574623,134.74940768393,
    594.51543048838));
#2156 = CARTESIAN_POINT('',(288.26803450955,123.77730453959,
    491.43906997064));
#2157 = CARTESIAN_POINT('',(291.08988371277,120.02522165446,
    378.53343831554));
#2158 = CARTESIAN_POINT('',(288.26803450955,123.77730453959,
    265.62780666047));
#2159 = CARTESIAN_POINT('',(280.01618574623,134.74940768393,
    162.55144614271));
#2160 = CARTESIAN_POINT('',(267.55867241313,151.31358925503,
    81.686077619962));
#2161 = CARTESIAN_POINT('',(251.65863517578,172.45513626721,
    23.725068652572));
#2162 = CARTESIAN_POINT('',(236.37752888307,192.77371931598,
    1.233617284344));
#2163 = CARTESIAN_POINT('',(227.04856592357,205.17801158518,0.));
#2164 = CARTESIAN_POINT('',(195.11192519165,180.39452425478,
    785.56530180817));
#2165 = CARTESIAN_POINT('',(205.26661392081,168.83250151316,
    784.28524721299));
#2166 = CARTESIAN_POINT('',(221.90028247684,149.89357987304,
    760.94714548436));
#2167 = CARTESIAN_POINT('',(239.2076648331,130.18757472232,
    700.80429825641));
#2168 = CARTESIAN_POINT('',(252.76781838781,114.74812522652,
    616.89489792431));
#2169 = CARTESIAN_POINT('',(261.75005531976,104.52104388038,
    509.93841262708));
#2170 = CARTESIAN_POINT('',(264.8216722212,101.0237328928,
    392.78265090407));
#2171 = CARTESIAN_POINT('',(261.75005531976,104.52104388038,
    275.62688918109));
#2172 = CARTESIAN_POINT('',(252.76781838781,114.74812522652,
    168.67040388385));
#2173 = CARTESIAN_POINT('',(239.2076648331,130.18757472232,
    84.761003551763));
#2174 = CARTESIAN_POINT('',(221.90028247684,149.89357987305,
    24.618156323802));
#2175 = CARTESIAN_POINT('',(205.26661392082,168.83250151316,
    1.280054595182));
#2176 = CARTESIAN_POINT('',(195.11192519165,180.39452425478,0.));
#2177 = CARTESIAN_POINT('',(154.20806443516,138.53413873009,
    824.60546027606));
#2178 = CARTESIAN_POINT('',(165.82295441613,128.76170225152,
    823.26179093858));
#2179 = CARTESIAN_POINT('',(184.84847409584,112.75417373885,
    798.76385795501));
#2180 = CARTESIAN_POINT('',(204.64458476823,96.098291988287,
    735.6320977989));
#2181 = CARTESIAN_POINT('',(220.15463100044,83.048582362769,
    647.55266057952));
#2182 = CARTESIAN_POINT('',(230.42847557904,74.404463158915,
    535.28076977041));
#2183 = CARTESIAN_POINT('',(233.94177798795,71.44847092159,
    412.30273013802));
#2184 = CARTESIAN_POINT('',(230.42847557904,74.404463158914,
    289.32469050566));
#2185 = CARTESIAN_POINT('',(220.15463100044,83.04858236277,
    177.05279969654));
#2186 = CARTESIAN_POINT('',(204.64458476823,96.098291988286,
    88.973362477166));
#2187 = CARTESIAN_POINT('',(184.84847409583,112.75417373885,
    25.841602321043));
#2188 = CARTESIAN_POINT('',(165.82295441613,128.76170225152,
    1.343669337493));
#2189 = CARTESIAN_POINT('',(154.20806443516,138.53413873009,0.));
#2190 = CARTESIAN_POINT('',(123.99087382174,94.905383840863,
    854.95328696576));
#2191 = CARTESIAN_POINT('',(137.10466574172,87.535179748534,
    853.56016677432));
#2192 = CARTESIAN_POINT('',(158.58542936997,75.462576113724,
    828.1606401678));
#2193 = CARTESIAN_POINT('',(180.93622878418,62.900995579683,
    762.70545164731));
#2194 = CARTESIAN_POINT('',(198.44784699939,53.059128252473,
    671.38444057906));
#2195 = CARTESIAN_POINT('',(210.04753156315,46.539881709349,
    554.98062480882));
#2196 = CARTESIAN_POINT('',(214.01422576499,44.310523029741,
    427.47664348287));
#2197 = CARTESIAN_POINT('',(210.04753156315,46.539881709349,
    299.97266215695));
#2198 = CARTESIAN_POINT('',(198.44784699939,53.059128252473,
    183.56884638669));
#2199 = CARTESIAN_POINT('',(180.93622878418,62.900995579683,
    92.24783531846));
#2200 = CARTESIAN_POINT('',(158.58542936996,75.462576113726,
    26.79264679795));
#2201 = CARTESIAN_POINT('',(137.10466574172,87.535179748534,
    1.393120191443));
#2202 = CARTESIAN_POINT('',(123.99087382174,94.905383840863,0.));
#2203 = CARTESIAN_POINT('',(104.74942921878,48.886422159106,
    874.96514819692));
#2204 = CARTESIAN_POINT('',(119.15122465558,44.776226106894,
    873.53941929062));
#2205 = CARTESIAN_POINT('',(142.7417746268,38.043608233889,
    847.54536686669));
#2206 = CARTESIAN_POINT('',(167.28781310116,31.038299008559,
    780.55807107261));
#2207 = CARTESIAN_POINT('',(186.51937822296,25.549712298078,
    687.09951234083));
#2208 = CARTESIAN_POINT('',(199.25835450367,21.914076015925,
    567.97103658801));
#2209 = CARTESIAN_POINT('',(203.61464739011,20.670813125359,
    437.48257409845));
#2210 = CARTESIAN_POINT('',(199.25835450367,21.914076015925,
    306.99411160892));
#2211 = CARTESIAN_POINT('',(186.51937822296,25.549712298079,
    187.86563585608));
#2212 = CARTESIAN_POINT('',(167.28781310116,31.038299008559,
    94.407077124313));
#2213 = CARTESIAN_POINT('',(142.74177462679,38.04360823389,
    27.419781330222));
#2214 = CARTESIAN_POINT('',(119.15122465558,44.776226106894,
    1.425728906299));
#2215 = CARTESIAN_POINT('',(104.74942921878,48.886422159106,0.));
#2216 = CARTESIAN_POINT('',(99.944944528017,15.619000520099,
    880.06238917822));
#2217 = CARTESIAN_POINT('',(114.74383106353,14.298433577109,
    878.62835447389));
#2218 = CARTESIAN_POINT('',(138.9848275328,12.135307417205,
    852.48286979055));
#2219 = CARTESIAN_POINT('',(164.20765755233,9.884568116482,
    785.10532943639));
#2220 = CARTESIAN_POINT('',(183.96948179064,8.12113735028,
    691.10231382355));
#2221 = CARTESIAN_POINT('',(197.05970136668,6.953041952893,
    571.27983722979));
#2222 = CARTESIAN_POINT('',(201.53610741096,6.553593397673,
    440.0311945891));
#2223 = CARTESIAN_POINT('',(197.05970136668,6.953041952893,
    308.78255194844));
#2224 = CARTESIAN_POINT('',(183.96948179064,8.12113735028,
    188.96007535466));
#2225 = CARTESIAN_POINT('',(164.20765755234,9.884568116482,
    94.957059741831));
#2226 = CARTESIAN_POINT('',(138.98482753279,12.135307417206,
    27.579519387656));
#2227 = CARTESIAN_POINT('',(114.74383106354,14.298433577109,
    1.434034704335));
#2228 = CARTESIAN_POINT('',(99.944944528017,15.619000520099,0.));
#2229 = CARTESIAN_POINT('',(100.,5.327213576291E-14,880.));
#2230 = CARTESIAN_POINT('',(114.79077425056,4.877499730537E-14,
    878.56606695692));
#2231 = CARTESIAN_POINT('',(139.01848256665,4.140855678234E-14,
    852.4224357732));
#2232 = CARTESIAN_POINT('',(164.22748622269,3.37437531759E-14,
    785.04967193196));
#2233 = CARTESIAN_POINT('',(183.97847764941,2.773845949655E-14,
    691.05332035904));
#2234 = CARTESIAN_POINT('',(197.06152157806,2.376055685288E-14,
    571.23933819243));
#2235 = CARTESIAN_POINT('',(201.5354737971,2.240025060788E-14,
    439.99999999999));
#2236 = CARTESIAN_POINT('',(197.06152157806,2.376055685288E-14,
    308.76066180758));
#2237 = CARTESIAN_POINT('',(183.9784776494,2.773845949655E-14,
    188.94667964094));
#2238 = CARTESIAN_POINT('',(164.22748622269,3.37437531759E-14,
    94.950328068036));
#2239 = CARTESIAN_POINT('',(139.01848256664,4.140855678234E-14,
    27.577564226781));
#2240 = CARTESIAN_POINT('',(114.79077425056,4.877499730537E-14,
    1.43393304308));
#2241 = CARTESIAN_POINT('',(100.,5.327213576291E-14,0.));
#2242 = DEFINITIONAL_REPRESENTATION('',(#2243),#2247);
#2243 = LINE('',#2244,#2245);
#2244 = CARTESIAN_POINT('',(0.,0.));
#2245 = VECTOR('',#2246,1.);
#2246 = DIRECTION('',(0.,1.));
#2247 = ( GEOMETRIC_REPRESENTATION_CONTEXT(2) 
PARAMETRIC_REPRESENTATION_CONTEXT() REPRESENTATION_CONTEXT('2D SPACE',''
  ) );
#2248 = ORIENTED_EDGE('',*,*,#2249,.T.);
#2249 = EDGE_CURVE('',#2117,#2250,#2252,.T.);
#2250 = VERTEX_POINT('',#2251);
#2251 = CARTESIAN_POINT('',(100.,5.327213576291E-14,880.));
#2252 = SURFACE_CURVE('',#2253,(#2262),.PCURVE_S1.);
#2253 = B_SPLINE_CURVE_WITH_KNOTS('',3,(#2254,#2255,#2256,#2257,#2258,
    #2259,#2260,#2261),.UNSPECIFIED.,.F.,.F.,(4,1,1,1,1,4),(0.,
    0.271370244746,0.50424428553,0.698598464898,0.859510020035,1.),
  .UNSPECIFIED.);
#2254 = CARTESIAN_POINT('',(244.6925639128,217.5,741.94164756874));
#2255 = CARTESIAN_POINT('',(227.04856592357,205.17801158518,
    757.0668766311));
#2256 = CARTESIAN_POINT('',(195.11192519165,180.39452425478,
    785.56530180817));
#2257 = CARTESIAN_POINT('',(154.20806443516,138.53413873009,
    824.60546027606));
#2258 = CARTESIAN_POINT('',(123.99087382174,94.905383840863,
    854.95328696576));
#2259 = CARTESIAN_POINT('',(104.74942921878,48.886422159106,
    874.96514819692));
#2260 = CARTESIAN_POINT('',(99.944944528017,15.619000520099,
    880.06238917822));
#2261 = CARTESIAN_POINT('',(100.,5.327213576291E-14,880.));
#2262 = PCURVE('',#2137,#2263);
#2263 = DEFINITIONAL_REPRESENTATION('',(#2264),#2268);
#2264 = LINE('',#2265,#2266);
#2265 = CARTESIAN_POINT('',(0.,0.));
#2266 = VECTOR('',#2267,1.);
#2267 = DIRECTION('',(1.,0.));
#2268 = ( GEOMETRIC_REPRESENTATION_CONTEXT(2) 
PARAMETRIC_REPRESENTATION_CONTEXT() REPRESENTATION_CONTEXT('2D SPACE',''
  ) );
#2269 = ORIENTED_EDGE('',*,*,#2270,.T.);
#2270 = EDGE_CURVE('',#2250,#2271,#2273,.T.);
#2271 = VERTEX_POINT('',#2272);
#2272 = CARTESIAN_POINT('',(100.,5.327213576291E-14,0.));
#2273 = SURFACE_CURVE('',#2274,(#2288),.PCURVE_S1.);
#2274 = B_SPLINE_CURVE_WITH_KNOTS('',3,(#2275,#2276,#2277,#2278,#2279,
    #2280,#2281,#2282,#2283,#2284,#2285,#2286,#2287),.UNSPECIFIED.,.F.,
  .F.,(4,1,1,1,1,1,1,1,1,1,4),(0.,4.470622879619E-02,0.118143289796,
    0.224603331603,0.355871442187,0.5,0.644128557813,0.775396668397,
    0.881856710204,0.955293771204,1.),.UNSPECIFIED.);
#2275 = CARTESIAN_POINT('',(100.,5.327213576291E-14,880.));
#2276 = CARTESIAN_POINT('',(114.79077425056,4.877499730537E-14,
    878.56606695692));
#2277 = CARTESIAN_POINT('',(139.01848256665,4.140855678234E-14,
    852.4224357732));
#2278 = CARTESIAN_POINT('',(164.22748622269,3.37437531759E-14,
    785.04967193196));
#2279 = CARTESIAN_POINT('',(183.97847764941,2.773845949655E-14,
    691.05332035904));
#2280 = CARTESIAN_POINT('',(197.06152157806,2.376055685288E-14,
    571.23933819243));
#2281 = CARTESIAN_POINT('',(201.5354737971,2.240025060788E-14,
    439.99999999999));
#2282 = CARTESIAN_POINT('',(197.06152157806,2.376055685288E-14,
    308.76066180758));
#2283 = CARTESIAN_POINT('',(183.9784776494,2.773845949655E-14,
    188.94667964094));
#2284 = CARTESIAN_POINT('',(164.22748622269,3.37437531759E-14,
    94.950328068036));
#2285 = CARTESIAN_POINT('',(139.01848256664,4.140855678234E-14,
    27.577564226781));
#2286 = CARTESIAN_POINT('',(114.79077425056,4.877499730537E-14,
    1.43393304308));
#2287 = CARTESIAN_POINT('',(100.,5.327213576291E-14,0.));
#2288 = PCURVE('',#2137,#2289);
#2289 = DEFINITIONAL_REPRESENTATION('',(#2290),#2294);
#2290 = LINE('',#2291,#2292);
#2291 = CARTESIAN_POINT('',(1.,0.));
#2292 = VECTOR('',#2293,1.);
#2293 = DIRECTION('',(0.,1.));
#2294 = ( GEOMETRIC_REPRESENTATION_CONTEXT(2) 
PARAMETRIC_REPRESENTATION_CONTEXT() REPRESENTATION_CONTEXT('2D SPACE',''
  ) );
#2295 = ORIENTED_EDGE('',*,*,#2296,.F.);
#2296 = EDGE_CURVE('',#2119,#2271,#2297,.T.);
#2297 = SURFACE_CURVE('',#2298,(#2307),.PCURVE_S1.);
#2298 = B_SPLINE_CURVE_WITH_KNOTS('',3,(#2299,#2300,#2301,#2302,#2303,
    #2304,#2305,#2306),.UNSPECIFIED.,.F.,.F.,(4,1,1,1,1,4),(0.,
    0.271370244746,0.50424428553,0.698598464898,0.859510020035,1.),
  .UNSPECIFIED.);
#2299 = CARTESIAN_POINT('',(244.6925639128,217.5,0.));
#2300 = CARTESIAN_POINT('',(227.04856592357,205.17801158518,0.));
#2301 = CARTESIAN_POINT('',(195.11192519165,180.39452425478,0.));
#2302 = CARTESIAN_POINT('',(154.20806443516,138.53413873009,0.));
#2303 = CARTESIAN_POINT('',(123.99087382174,94.905383840863,0.));
#2304 = CARTESIAN_POINT('',(104.74942921878,48.886422159106,0.));
#2305 = CARTESIAN_POINT('',(99.944944528017,15.619000520099,0.));
#2306 = CARTESIAN_POINT('',(100.,5.327213576291E-14,0.));
#2307 = PCURVE('',#2137,#2308);
#2308 = DEFINITIONAL_REPRESENTATION('',(#2309),#2313);
#2309 = LINE('',#2310,#2311);
#2310 = CARTESIAN_POINT('',(0.,1.));
#2311 = VECTOR('',#2312,1.);
#2312 = DIRECTION('',(1.,0.));
#2313 = ( GEOMETRIC_REPRESENTATION_CONTEXT(2) 
PARAMETRIC_REPRESENTATION_CONTEXT() REPRESENTATION_CONTEXT('2D SPACE',''
  ) );
#2314 = ( GEOMETRIC_REPRESENTATION_CONTEXT(3) 
GLOBAL_UNCERTAINTY_ASSIGNED_CONTEXT((#2318)) 
GLOBAL_UNIT_ASSIGNED_CONTEXT((#2315,#2316,#2317)) REPRESENTATION_CONTEXT
('Context #1','3D Context with UNIT and UNCERTAINTY') );
#2315 = ( LENGTH_UNIT() NAMED_UNIT(*) SI_UNIT(.MILLI.,.METRE.) );
#2316 = ( NAMED_UNIT(*) PLANE_ANGLE_UNIT() SI_UNIT($,.RADIAN.) );
#2317 = ( NAMED_UNIT(*) SI_UNIT($,.STERADIAN.) SOLID_ANGLE_UNIT() );
#2318 = UNCERTAINTY_MEASURE_WITH_UNIT(LENGTH_MEASURE(1.E-07),#2315,
  'distance_accuracy_value','confusion accuracy');
#2319 = CONTEXT_DEPENDENT_SHAPE_REPRESENTATION(#2320,#2322);
#2320 = ( REPRESENTATION_RELATIONSHIP('','',#2109,#10) 
REPRESENTATION_RELATIONSHIP_WITH_TRANSFORMATION(#2321) 
SHAPE_REPRESENTATION_RELATIONSHIP() );
#2321 = ITEM_DEFINED_TRANSFORMATION('','',#11,#59);
#2322 = PRODUCT_DEFINITION_SHAPE('Placement','Placement of an item',
  #2323);
#2323 = NEXT_ASSEMBLY_USAGE_OCCURRENCE('705','R04_L06','',#5,#2104,$);
#2324 = PRODUCT_RELATED_PRODUCT_CATEGORY('part',$,(#2106));
#2325 = SHAPE_DEFINITION_REPRESENTATION(#2326,#2332);
#2326 = PRODUCT_DEFINITION_SHAPE('','',#2327);
#2327 = PRODUCT_DEFINITION('design','',#2328,#2331);
#2328 = PRODUCT_DEFINITION_FORMATION('','',#2329);
#2329 = PRODUCT('R04_O07','R04_O07','',(#2330));
#2330 = PRODUCT_CONTEXT('',#2,'mechanical');
#2331 = PRODUCT_DEFINITION_CONTEXT('part definition',#2,'design');
#2332 = MANIFOLD_SURFACE_SHAPE_REPRESENTATION('',(#11,#2333),#2522);
#2333 = SHELL_BASED_SURFACE_MODEL('',(#2334));
#2334 = OPEN_SHELL('',(#2335));
#2335 = ADVANCED_FACE('',(#2336),#2360,.T.);
#2336 = FACE_BOUND('',#2337,.T.);
#2337 = EDGE_LOOP('',(#2338,#2458,#2478,#2504));
#2338 = ORIENTED_EDGE('',*,*,#2339,.F.);
#2339 = EDGE_CURVE('',#2340,#2342,#2344,.T.);
#2340 = VERTEX_POINT('',#2341);
#2341 = CARTESIAN_POINT('',(100.,5.327213576291E-14,0.));
#2342 = VERTEX_POINT('',#2343);
#2343 = CARTESIAN_POINT('',(100.,5.327213576291E-14,880.));
#2344 = SURFACE_CURVE('',#2345,(#2359),.PCURVE_S1.);
#2345 = B_SPLINE_CURVE_WITH_KNOTS('',3,(#2346,#2347,#2348,#2349,#2350,
    #2351,#2352,#2353,#2354,#2355,#2356,#2357,#2358),.UNSPECIFIED.,.F.,
  .F.,(4,1,1,1,1,1,1,1,1,1,4),(0.,4.470622879619E-02,0.118143289796,
    0.224603331603,0.355871442187,0.5,0.644128557813,0.775396668397,
    0.881856710204,0.955293771204,1.),.UNSPECIFIED.);
#2346 = CARTESIAN_POINT('',(100.,5.327213576291E-14,0.));
#2347 = CARTESIAN_POINT('',(85.209225749429,5.776927422045E-14,
    1.433933043087));
#2348 = CARTESIAN_POINT('',(60.981517433358,6.513571474347E-14,
    27.577564226771));
#2349 = CARTESIAN_POINT('',(35.772513777304,7.280051834992E-14,
    94.950328068042));
#2350 = CARTESIAN_POINT('',(16.021522350595,7.880581202927E-14,
    188.94667964093));
#2351 = CARTESIAN_POINT('',(2.938478421929,8.278371467294E-14,
    308.76066180757));
#2352 = CARTESIAN_POINT('',(-1.5354737971,8.414402091794E-14,
    440.00000000001));
#2353 = CARTESIAN_POINT('',(2.938478421926,8.278371467294E-14,
    571.23933819239));
#2354 = CARTESIAN_POINT('',(16.021522350602,7.880581202927E-14,
    691.05332035911));
#2355 = CARTESIAN_POINT('',(35.772513777295,7.280051834992E-14,
    785.04967193191));
#2356 = CARTESIAN_POINT('',(60.981517433364,6.513571474347E-14,
    852.42243577324));
#2357 = CARTESIAN_POINT('',(85.209225749425,5.776927422045E-14,
    878.5660669569));
#2358 = CARTESIAN_POINT('',(100.,5.327213576291E-14,880.));
#2359 = PCURVE('',#2360,#2452);
#2360 = B_SPLINE_SURFACE_WITH_KNOTS('',3,3,(
    (#2361,#2362,#2363,#2364,#2365,#2366,#2367,#2368,#2369,#2370,#2371
      ,#2372,#2373)
    ,(#2374,#2375,#2376,#2377,#2378,#2379,#2380,#2381,#2382,#2383,#2384
      ,#2385,#2386)
    ,(#2387,#2388,#2389,#2390,#2391,#2392,#2393,#2394,#2395,#2396,#2397
      ,#2398,#2399)
    ,(#2400,#2401,#2402,#2403,#2404,#2405,#2406,#2407,#2408,#2409,#2410
      ,#2411,#2412)
    ,(#2413,#2414,#2415,#2416,#2417,#2418,#2419,#2420,#2421,#2422,#2423
      ,#2424,#2425)
    ,(#2426,#2427,#2428,#2429,#2430,#2431,#2432,#2433,#2434,#2435,#2436
      ,#2437,#2438)
    ,(#2439,#2440,#2441,#2442,#2443,#2444,#2445,#2446,#2447,#2448,#2449
      ,#2450,#2451
    )),.UNSPECIFIED.,.F.,.F.,.F.,(4,1,1,1,4),(4,1,1,1,1,1,1,1,1,1,4),(0.
    ,0.223706798001,0.458358828038,0.715663049962,1.),(0.,
    4.470622879619E-02,0.118143289796,0.224603331603,0.355871442187,0.5,
    0.644128557813,0.775396668397,0.881856710204,0.955293771204,1.),
  .UNSPECIFIED.);
#2361 = CARTESIAN_POINT('',(100.,5.327213576291E-14,0.));
#2362 = CARTESIAN_POINT('',(85.209225749429,5.776927422045E-14,
    1.433933043087));
#2363 = CARTESIAN_POINT('',(60.981517433358,6.513571474347E-14,
    27.577564226771));
#2364 = CARTESIAN_POINT('',(35.772513777304,7.280051834992E-14,
    94.950328068042));
#2365 = CARTESIAN_POINT('',(16.021522350595,7.880581202927E-14,
    188.94667964093));
#2366 = CARTESIAN_POINT('',(2.938478421929,8.278371467294E-14,
    308.76066180757));
#2367 = CARTESIAN_POINT('',(-1.5354737971,8.414402091794E-14,
    440.00000000001));
#2368 = CARTESIAN_POINT('',(2.938478421926,8.278371467294E-14,
    571.23933819239));
#2369 = CARTESIAN_POINT('',(16.021522350602,7.880581202927E-14,
    691.05332035911));
#2370 = CARTESIAN_POINT('',(35.772513777295,7.280051834992E-14,
    785.04967193191));
#2371 = CARTESIAN_POINT('',(60.981517433364,6.513571474347E-14,
    852.42243577324));
#2372 = CARTESIAN_POINT('',(85.209225749425,5.776927422045E-14,
    878.5660669569));
#2373 = CARTESIAN_POINT('',(100.,5.327213576291E-14,880.));
#2374 = CARTESIAN_POINT('',(99.984969179905,-19.15265740189,0.));
#2375 = CARTESIAN_POINT('',(85.184639857055,-20.77080770935,
    1.433970215521));
#2376 = CARTESIAN_POINT('',(60.941280061203,-23.42138387232,
    27.578279131279));
#2377 = CARTESIAN_POINT('',(35.715990993179,-26.17931637305,
    94.952789504341));
#2378 = CARTESIAN_POINT('',(15.952240116053,-28.34012772127,
    188.9515777832));
#2379 = CARTESIAN_POINT('',(2.860744335695,-29.77144775881,
    308.76866593684));
#2380 = CARTESIAN_POINT('',(-1.616098126677,-30.26091011123,
    440.01140630048));
#2381 = CARTESIAN_POINT('',(2.860744335692,-29.77144775881,
    571.25414666405));
#2382 = CARTESIAN_POINT('',(15.952240116061,-28.34012772127,
    691.07123481777));
#2383 = CARTESIAN_POINT('',(35.71599099317,-26.17931637305,
    785.07002309655));
#2384 = CARTESIAN_POINT('',(60.941280061209,-23.42138387232,
    852.44453346967));
#2385 = CARTESIAN_POINT('',(85.184639857051,-20.77080770935,
    878.5888423854));
#2386 = CARTESIAN_POINT('',(99.984969179905,-19.15265740189,
    880.02281260093));
#2387 = CARTESIAN_POINT('',(106.56292206516,-58.42623801614,0.));
#2388 = CARTESIAN_POINT('',(92.325470838389,-63.33847351097,
    1.422568881147));
#2389 = CARTESIAN_POINT('',(69.004121351008,-71.38485477082,
    27.359007365083));
#2390 = CARTESIAN_POINT('',(44.738186792868,-79.75713876696,
    94.19783065572));
#2391 = CARTESIAN_POINT('',(25.726080167868,-86.31673595239,
    187.44924524139));
#2392 = CARTESIAN_POINT('',(13.132473053291,-90.66180887947,
    306.31368133088));
#2393 = CARTESIAN_POINT('',(8.825891434897,-92.14767476588,
    436.5129255669));
#2394 = CARTESIAN_POINT('',(13.132473053288,-90.66180887947,
    566.71216980285));
#2395 = CARTESIAN_POINT('',(25.726080167875,-86.31673595238,
    685.57660589242));
#2396 = CARTESIAN_POINT('',(44.738186792859,-79.75713876696,
    778.82802047801));
#2397 = CARTESIAN_POINT('',(69.004121351014,-71.38485477082,
    845.6668437687));
#2398 = CARTESIAN_POINT('',(92.325470838385,-63.33847351097,
    871.60328225261));
#2399 = CARTESIAN_POINT('',(106.56292206516,-58.42623801614,
    873.02585113376));
#2400 = CARTESIAN_POINT('',(135.49779563403,-115.4992477106,0.));
#2401 = CARTESIAN_POINT('',(123.06596695418,-124.1511343709,
    1.373829696552));
#2402 = CARTESIAN_POINT('',(102.70227848268,-138.3231704549,
    26.421649794574));
#2403 = CARTESIAN_POINT('',(81.513799141937,-153.0692167914,
    90.970482217512));
#2404 = CARTESIAN_POINT('',(64.912846580942,-164.6225902902,
    181.0269738933));
#2405 = CARTESIAN_POINT('',(53.916386356697,-172.2755374129,
    295.81894940167));
#2406 = CARTESIAN_POINT('',(50.155974185802,-174.8925827999,
    421.55738679515));
#2407 = CARTESIAN_POINT('',(53.916386356695,-172.2755374129,
    547.29582418857));
#2408 = CARTESIAN_POINT('',(64.912846580948,-164.6225902902,
    662.08779969703));
#2409 = CARTESIAN_POINT('',(81.513799141929,-153.0692167914,
    752.14429137273));
#2410 = CARTESIAN_POINT('',(102.70227848268,-138.3231704549,
    816.69312379573));
#2411 = CARTESIAN_POINT('',(123.06596695417,-124.1511343709,
    841.74094389372));
#2412 = CARTESIAN_POINT('',(135.49779563403,-115.4992477106,
    843.11477359028));
#2413 = CARTESIAN_POINT('',(182.2857348095,-169.7595864099,0.));
#2414 = CARTESIAN_POINT('',(171.7725587736,-180.9431772357,
    1.299170845264));
#2415 = CARTESIAN_POINT('',(154.55167782727,-199.2622166493,
    24.985802230837));
#2416 = CARTESIAN_POINT('',(136.63329920586,-218.3232324716,
    86.026818733984));
#2417 = CARTESIAN_POINT('',(122.59443645028,-233.2573395561,
    171.1893164625));
#2418 = CARTESIAN_POINT('',(113.29510285373,-243.1496824162,
    279.74308278819));
#2419 = CARTESIAN_POINT('',(110.11504977077,-246.5325243246,
    398.64844085456));
#2420 = CARTESIAN_POINT('',(113.29510285373,-243.1496824162,
    517.55379892087));
#2421 = CARTESIAN_POINT('',(122.59443645029,-233.2573395561,
    626.10756524663));
#2422 = CARTESIAN_POINT('',(136.63329920585,-218.3232324716,
    711.27006297507));
#2423 = CARTESIAN_POINT('',(154.55167782727,-199.2622166493,
    772.31107947827));
#2424 = CARTESIAN_POINT('',(171.7725587736,-180.9431772357,
    795.99771086382));
#2425 = CARTESIAN_POINT('',(182.2857348095,-169.7595864099,
    797.2968817091));
#2426 = CARTESIAN_POINT('',(222.35006909695,-201.9051088268,0.));
#2427 = CARTESIAN_POINT('',(212.91392695666,-214.2069381897,
    1.240179017572));
#2428 = CARTESIAN_POINT('',(197.45725812167,-234.3576840876,
    23.85126465611));
#2429 = CARTESIAN_POINT('',(181.37454752898,-255.3245960377,
    82.120574004025));
#2430 = CARTESIAN_POINT('',(168.77391152731,-271.7519528591,
    163.41607347737));
#2431 = CARTESIAN_POINT('',(160.42725840103,-282.6334233778,
    267.04070742473));
#2432 = CARTESIAN_POINT('',(157.57298935788,-286.3545130141,
    380.54689538175));
#2433 = CARTESIAN_POINT('',(160.42725840103,-282.6334233778,
    494.05308333871));
#2434 = CARTESIAN_POINT('',(168.77391152732,-271.7519528591,
    597.67771728614));
#2435 = CARTESIAN_POINT('',(181.37454752897,-255.3245960377,
    678.97321675942));
#2436 = CARTESIAN_POINT('',(197.45725812167,-234.3576840876,
    737.24252610739));
#2437 = CARTESIAN_POINT('',(212.91392695665,-214.2069381897,
    759.8536117459));
#2438 = CARTESIAN_POINT('',(222.35006909695,-201.9051088268,
    761.09379076348));
#2439 = CARTESIAN_POINT('',(244.6925639128,-217.5,0.));
#2440 = CARTESIAN_POINT('',(235.764458404,-230.2977371226,1.208971186922
    ));
#2441 = CARTESIAN_POINT('',(221.13996800087,-251.2607940162,
    23.251072089026));
#2442 = CARTESIAN_POINT('',(205.9231415792,-273.0729180098,
    80.054094140905));
#2443 = CARTESIAN_POINT('',(194.0009167941,-290.1624896515,
    159.3038759039));
#2444 = CARTESIAN_POINT('',(186.10364281827,-301.4826108383,
    260.32090241582));
#2445 = CARTESIAN_POINT('',(183.40304602893,-305.3537039555,
    370.97082378438));
#2446 = CARTESIAN_POINT('',(186.10364281826,-301.4826108383,
    481.62074515289));
#2447 = CARTESIAN_POINT('',(194.0009167941,-290.1624896515,
    582.63777166487));
#2448 = CARTESIAN_POINT('',(205.9231415792,-273.0729180098,
    661.8875534278));
#2449 = CARTESIAN_POINT('',(221.13996800087,-251.2607940162,
    718.69057547973));
#2450 = CARTESIAN_POINT('',(235.764458404,-230.2977371226,
    740.73267638181));
#2451 = CARTESIAN_POINT('',(244.6925639128,-217.5,741.94164756874));
#2452 = DEFINITIONAL_REPRESENTATION('',(#2453),#2457);
#2453 = LINE('',#2454,#2455);
#2454 = CARTESIAN_POINT('',(0.,0.));
#2455 = VECTOR('',#2456,1.);
#2456 = DIRECTION('',(0.,1.));
#2457 = ( GEOMETRIC_REPRESENTATION_CONTEXT(2) 
PARAMETRIC_REPRESENTATION_CONTEXT() REPRESENTATION_CONTEXT('2D SPACE',''
  ) );
#2458 = ORIENTED_EDGE('',*,*,#2459,.T.);
#2459 = EDGE_CURVE('',#2340,#2460,#2462,.T.);
#2460 = VERTEX_POINT('',#2461);
#2461 = CARTESIAN_POINT('',(244.6925639128,-217.5,0.));
#2462 = SURFACE_CURVE('',#2463,(#2471),.PCURVE_S1.);
#2463 = B_SPLINE_CURVE_WITH_KNOTS('',3,(#2464,#2465,#2466,#2467,#2468,
    #2469,#2470),.UNSPECIFIED.,.F.,.F.,(4,1,1,1,4),(0.,0.223706798001,
    0.458358828038,0.715663049962,1.),.UNSPECIFIED.);
#2464 = CARTESIAN_POINT('',(100.,5.327213576291E-14,0.));
#2465 = CARTESIAN_POINT('',(99.984969179905,-19.15265740189,0.));
#2466 = CARTESIAN_POINT('',(106.56292206516,-58.42623801614,0.));
#2467 = CARTESIAN_POINT('',(135.49779563403,-115.4992477106,0.));
#2468 = CARTESIAN_POINT('',(182.2857348095,-169.7595864099,0.));
#2469 = CARTESIAN_POINT('',(222.35006909695,-201.9051088268,0.));
#2470 = CARTESIAN_POINT('',(244.6925639128,-217.5,0.));
#2471 = PCURVE('',#2360,#2472);
#2472 = DEFINITIONAL_REPRESENTATION('',(#2473),#2477);
#2473 = LINE('',#2474,#2475);
#2474 = CARTESIAN_POINT('',(0.,0.));
#2475 = VECTOR('',#2476,1.);
#2476 = DIRECTION('',(1.,0.));
#2477 = ( GEOMETRIC_REPRESENTATION_CONTEXT(2) 
PARAMETRIC_REPRESENTATION_CONTEXT() REPRESENTATION_CONTEXT('2D SPACE',''
  ) );
#2478 = ORIENTED_EDGE('',*,*,#2479,.T.);
#2479 = EDGE_CURVE('',#2460,#2480,#2482,.T.);
#2480 = VERTEX_POINT('',#2481);
#2481 = CARTESIAN_POINT('',(244.6925639128,-217.5,741.94164756874));
#2482 = SURFACE_CURVE('',#2483,(#2497),.PCURVE_S1.);
#2483 = B_SPLINE_CURVE_WITH_KNOTS('',3,(#2484,#2485,#2486,#2487,#2488,
    #2489,#2490,#2491,#2492,#2493,#2494,#2495,#2496),.UNSPECIFIED.,.F.,
  .F.,(4,1,1,1,1,1,1,1,1,1,4),(0.,4.470622879619E-02,0.118143289796,
    0.224603331603,0.355871442187,0.5,0.644128557813,0.775396668397,
    0.881856710204,0.955293771204,1.),.UNSPECIFIED.);
#2484 = CARTESIAN_POINT('',(244.6925639128,-217.5,0.));
#2485 = CARTESIAN_POINT('',(235.764458404,-230.2977371226,1.208971186922
    ));
#2486 = CARTESIAN_POINT('',(221.13996800087,-251.2607940162,
    23.251072089026));
#2487 = CARTESIAN_POINT('',(205.9231415792,-273.0729180098,
    80.054094140905));
#2488 = CARTESIAN_POINT('',(194.0009167941,-290.1624896515,
    159.3038759039));
#2489 = CARTESIAN_POINT('',(186.10364281827,-301.4826108383,
    260.32090241582));
#2490 = CARTESIAN_POINT('',(183.40304602893,-305.3537039555,
    370.97082378438));
#2491 = CARTESIAN_POINT('',(186.10364281826,-301.4826108383,
    481.62074515289));
#2492 = CARTESIAN_POINT('',(194.0009167941,-290.1624896515,
    582.63777166487));
#2493 = CARTESIAN_POINT('',(205.9231415792,-273.0729180098,
    661.8875534278));
#2494 = CARTESIAN_POINT('',(221.13996800087,-251.2607940162,
    718.69057547973));
#2495 = CARTESIAN_POINT('',(235.764458404,-230.2977371226,
    740.73267638181));
#2496 = CARTESIAN_POINT('',(244.6925639128,-217.5,741.94164756874));
#2497 = PCURVE('',#2360,#2498);
#2498 = DEFINITIONAL_REPRESENTATION('',(#2499),#2503);
#2499 = LINE('',#2500,#2501);
#2500 = CARTESIAN_POINT('',(1.,0.));
#2501 = VECTOR('',#2502,1.);
#2502 = DIRECTION('',(0.,1.));
#2503 = ( GEOMETRIC_REPRESENTATION_CONTEXT(2) 
PARAMETRIC_REPRESENTATION_CONTEXT() REPRESENTATION_CONTEXT('2D SPACE',''
  ) );
#2504 = ORIENTED_EDGE('',*,*,#2505,.F.);
#2505 = EDGE_CURVE('',#2342,#2480,#2506,.T.);
#2506 = SURFACE_CURVE('',#2507,(#2515),.PCURVE_S1.);
#2507 = B_SPLINE_CURVE_WITH_KNOTS('',3,(#2508,#2509,#2510,#2511,#2512,
    #2513,#2514),.UNSPECIFIED.,.F.,.F.,(4,1,1,1,4),(0.,0.223706798001,
    0.458358828038,0.715663049962,1.),.UNSPECIFIED.);
#2508 = CARTESIAN_POINT('',(100.,5.327213576291E-14,880.));
#2509 = CARTESIAN_POINT('',(99.984969179905,-19.15265740189,
    880.02281260093));
#2510 = CARTESIAN_POINT('',(106.56292206516,-58.42623801614,
    873.02585113376));
#2511 = CARTESIAN_POINT('',(135.49779563403,-115.4992477106,
    843.11477359028));
#2512 = CARTESIAN_POINT('',(182.2857348095,-169.7595864099,
    797.2968817091));
#2513 = CARTESIAN_POINT('',(222.35006909695,-201.9051088268,
    761.09379076348));
#2514 = CARTESIAN_POINT('',(244.6925639128,-217.5,741.94164756874));
#2515 = PCURVE('',#2360,#2516);
#2516 = DEFINITIONAL_REPRESENTATION('',(#2517),#2521);
#2517 = LINE('',#2518,#2519);
#2518 = CARTESIAN_POINT('',(0.,1.));
#2519 = VECTOR('',#2520,1.);
#2520 = DIRECTION('',(1.,0.));
#2521 = ( GEOMETRIC_REPRESENTATION_CONTEXT(2) 
PARAMETRIC_REPRESENTATION_CONTEXT() REPRESENTATION_CONTEXT('2D SPACE',''
  ) );
#2522 = ( GEOMETRIC_REPRESENTATION_CONTEXT(3) 
GLOBAL_UNCERTAINTY_ASSIGNED_CONTEXT((#2526)) 
GLOBAL_UNIT_ASSIGNED_CONTEXT((#2523,#2524,#2525)) REPRESENTATION_CONTEXT
('Context #1','3D Context with UNIT and UNCERTAINTY') );
#2523 = ( LENGTH_UNIT() NAMED_UNIT(*) SI_UNIT(.MILLI.,.METRE.) );
#2524 = ( NAMED_UNIT(*) PLANE_ANGLE_UNIT() SI_UNIT($,.RADIAN.) );
#2525 = ( NAMED_UNIT(*) SI_UNIT($,.STERADIAN.) SOLID_ANGLE_UNIT() );
#2526 = UNCERTAINTY_MEASURE_WITH_UNIT(LENGTH_MEASURE(1.E-07),#2523,
  'distance_accuracy_value','confusion accuracy');
#2527 = CONTEXT_DEPENDENT_SHAPE_REPRESENTATION(#2528,#2530);
#2528 = ( REPRESENTATION_RELATIONSHIP('','',#2332,#10) 
REPRESENTATION_RELATIONSHIP_WITH_TRANSFORMATION(#2529) 
SHAPE_REPRESENTATION_RELATIONSHIP() );
#2529 = ITEM_DEFINED_TRANSFORMATION('','',#11,#63);
#2530 = PRODUCT_DEFINITION_SHAPE('Placement','Placement of an item',
  #2531);
#2531 = NEXT_ASSEMBLY_USAGE_OCCURRENCE('706','R04_O07','',#5,#2327,$);
#2532 = PRODUCT_RELATED_PRODUCT_CATEGORY('part',$,(#2329));
#2533 = SHAPE_DEFINITION_REPRESENTATION(#2534,#2540);
#2534 = PRODUCT_DEFINITION_SHAPE('','',#2535);
#2535 = PRODUCT_DEFINITION('design','',#2536,#2539);
#2536 = PRODUCT_DEFINITION_FORMATION('','',#2537);
#2537 = PRODUCT('R04_L07','R04_L07','',(#2538));
#2538 = PRODUCT_CONTEXT('',#2,'mechanical');
#2539 = PRODUCT_DEFINITION_CONTEXT('part definition',#2,'design');
#2540 = MANIFOLD_SURFACE_SHAPE_REPRESENTATION('',(#11,#2541),#2745);
#2541 = SHELL_BASED_SURFACE_MODEL('',(#2542));
#2542 = OPEN_SHELL('',(#2543));
#2543 = ADVANCED_FACE('',(#2544),#2568,.T.);
#2544 = FACE_BOUND('',#2545,.T.);
#2545 = EDGE_LOOP('',(#2546,#2679,#2700,#2726));
#2546 = ORIENTED_EDGE('',*,*,#2547,.F.);
#2547 = EDGE_CURVE('',#2548,#2550,#2552,.T.);
#2548 = VERTEX_POINT('',#2549);
#2549 = CARTESIAN_POINT('',(100.,5.327213576291E-14,880.));
#2550 = VERTEX_POINT('',#2551);
#2551 = CARTESIAN_POINT('',(100.,5.327213576291E-14,0.));
#2552 = SURFACE_CURVE('',#2553,(#2567),.PCURVE_S1.);
#2553 = B_SPLINE_CURVE_WITH_KNOTS('',3,(#2554,#2555,#2556,#2557,#2558,
    #2559,#2560,#2561,#2562,#2563,#2564,#2565,#2566),.UNSPECIFIED.,.F.,
  .F.,(4,1,1,1,1,1,1,1,1,1,4),(0.,4.470622879619E-02,0.118143289796,
    0.224603331603,0.355871442187,0.5,0.644128557813,0.775396668397,
    0.881856710204,0.955293771204,1.),.UNSPECIFIED.);
#2554 = CARTESIAN_POINT('',(100.,5.327213576291E-14,880.));
#2555 = CARTESIAN_POINT('',(114.79077425047,4.87749973054E-14,
    878.56606695702));
#2556 = CARTESIAN_POINT('',(139.01848256673,4.140855678232E-14,
    852.42243577305));
#2557 = CARTESIAN_POINT('',(164.22748622263,3.374375317592E-14,
    785.0496719321));
#2558 = CARTESIAN_POINT('',(183.97847764944,2.773845949654E-14,
    691.05332035894));
#2559 = CARTESIAN_POINT('',(197.06152157804,2.376055685289E-14,
    571.23933819249));
#2560 = CARTESIAN_POINT('',(201.53547379711,2.240025060788E-14,
    439.99999999998));
#2561 = CARTESIAN_POINT('',(197.06152157804,2.376055685289E-14,
    308.76066180753));
#2562 = CARTESIAN_POINT('',(183.97847764944,2.773845949654E-14,
    188.94667964104));
#2563 = CARTESIAN_POINT('',(164.22748622263,3.374375317592E-14,
    94.950328067892));
#2564 = CARTESIAN_POINT('',(139.01848256674,4.140855678232E-14,
    27.57756422695));
#2565 = CARTESIAN_POINT('',(114.79077425047,4.87749973054E-14,
    1.433933042973));
#2566 = CARTESIAN_POINT('',(100.,5.327213576291E-14,0.));
#2567 = PCURVE('',#2568,#2673);
#2568 = B_SPLINE_SURFACE_WITH_KNOTS('',3,3,(
    (#2569,#2570,#2571,#2572,#2573,#2574,#2575,#2576,#2577,#2578,#2579
      ,#2580,#2581)
    ,(#2582,#2583,#2584,#2585,#2586,#2587,#2588,#2589,#2590,#2591,#2592
      ,#2593,#2594)
    ,(#2595,#2596,#2597,#2598,#2599,#2600,#2601,#2602,#2603,#2604,#2605
      ,#2606,#2607)
    ,(#2608,#2609,#2610,#2611,#2612,#2613,#2614,#2615,#2616,#2617,#2618
      ,#2619,#2620)
    ,(#2621,#2622,#2623,#2624,#2625,#2626,#2627,#2628,#2629,#2630,#2631
      ,#2632,#2633)
    ,(#2634,#2635,#2636,#2637,#2638,#2639,#2640,#2641,#2642,#2643,#2644
      ,#2645,#2646)
    ,(#2647,#2648,#2649,#2650,#2651,#2652,#2653,#2654,#2655,#2656,#2657
      ,#2658,#2659)
    ,(#2660,#2661,#2662,#2663,#2664,#2665,#2666,#2667,#2668,#2669,#2670
      ,#2671,#2672
    )),.UNSPECIFIED.,.F.,.F.,.F.,(4,1,1,1,1,4),(4,1,1,1,1,1,1,1,1,1,4),(
    0.,0.140489979965,0.301401535102,0.49575571447,0.728629755254,1.),(
    0.,4.470622879619E-02,0.118143289796,0.224603331603,0.355871442187,
    0.5,0.644128557813,0.775396668397,0.881856710204,0.955293771204,1.),
  .UNSPECIFIED.);
#2569 = CARTESIAN_POINT('',(100.,5.327213576291E-14,880.));
#2570 = CARTESIAN_POINT('',(114.79077425047,4.87749973054E-14,
    878.56606695702));
#2571 = CARTESIAN_POINT('',(139.01848256673,4.140855678232E-14,
    852.42243577305));
#2572 = CARTESIAN_POINT('',(164.22748622263,3.374375317592E-14,
    785.0496719321));
#2573 = CARTESIAN_POINT('',(183.97847764944,2.773845949654E-14,
    691.05332035894));
#2574 = CARTESIAN_POINT('',(197.06152157804,2.376055685289E-14,
    571.23933819249));
#2575 = CARTESIAN_POINT('',(201.53547379711,2.240025060788E-14,
    439.99999999998));
#2576 = CARTESIAN_POINT('',(197.06152157804,2.376055685289E-14,
    308.76066180753));
#2577 = CARTESIAN_POINT('',(183.97847764944,2.773845949654E-14,
    188.94667964104));
#2578 = CARTESIAN_POINT('',(164.22748622263,3.374375317592E-14,
    94.950328067892));
#2579 = CARTESIAN_POINT('',(139.01848256674,4.140855678232E-14,
    27.57756422695));
#2580 = CARTESIAN_POINT('',(114.79077425047,4.87749973054E-14,
    1.433933042973));
#2581 = CARTESIAN_POINT('',(100.,5.327213576291E-14,0.));
#2582 = CARTESIAN_POINT('',(99.944944528017,-15.61900052009,
    880.06238917822));
#2583 = CARTESIAN_POINT('',(114.74383106345,-14.29843357711,
    878.62835447399));
#2584 = CARTESIAN_POINT('',(138.98482753288,-12.13530741719,
    852.4828697904));
#2585 = CARTESIAN_POINT('',(164.20765755228,-9.884568116487,
    785.10532943653));
#2586 = CARTESIAN_POINT('',(183.96948179067,-8.121137350277,
    691.10231382345));
#2587 = CARTESIAN_POINT('',(197.05970136666,-6.953041952895,
    571.27983722985));
#2588 = CARTESIAN_POINT('',(201.53610741098,-6.553593397672,
    440.03119458909));
#2589 = CARTESIAN_POINT('',(197.05970136666,-6.953041952895,
    308.78255194839));
#2590 = CARTESIAN_POINT('',(183.96948179067,-8.121137350277,
    188.96007535475));
#2591 = CARTESIAN_POINT('',(164.20765755228,-9.884568116487,
    94.957059741688));
#2592 = CARTESIAN_POINT('',(138.98482753289,-12.13530741719,
    27.579519387825));
#2593 = CARTESIAN_POINT('',(114.74383106345,-14.29843357711,
    1.434034704228));
#2594 = CARTESIAN_POINT('',(99.944944528017,-15.61900052009,0.));
#2595 = CARTESIAN_POINT('',(104.74942921878,-48.8864221591,
    874.96514819692));
#2596 = CARTESIAN_POINT('',(119.1512246555,-44.77622610691,
    873.53941929072));
#2597 = CARTESIAN_POINT('',(142.74177462688,-38.04360823386,
    847.54536686653));
#2598 = CARTESIAN_POINT('',(167.2878131011,-31.03829900857,
    780.55807107275));
#2599 = CARTESIAN_POINT('',(186.519378223,-25.54971229806,
    687.09951234072));
#2600 = CARTESIAN_POINT('',(199.25835450365,-21.91407601593,
    567.97103658807));
#2601 = CARTESIAN_POINT('',(203.61464739012,-20.67081312535,
    437.48257409844));
#2602 = CARTESIAN_POINT('',(199.25835450365,-21.91407601593,
    306.99411160887));
#2603 = CARTESIAN_POINT('',(186.519378223,-25.54971229806,
    187.86563585618));
#2604 = CARTESIAN_POINT('',(167.2878131011,-31.03829900857,
    94.407077124171));
#2605 = CARTESIAN_POINT('',(142.74177462688,-38.04360823386,
    27.41978133039));
#2606 = CARTESIAN_POINT('',(119.1512246555,-44.77622610691,
    1.425728906193));
#2607 = CARTESIAN_POINT('',(104.74942921878,-48.8864221591,0.));
#2608 = CARTESIAN_POINT('',(123.99087382174,-94.90538384086,
    854.95328696577));
#2609 = CARTESIAN_POINT('',(137.10466574164,-87.53517974857,
    853.56016677442));
#2610 = CARTESIAN_POINT('',(158.58542937004,-75.46257611368,
    828.16064016766));
#2611 = CARTESIAN_POINT('',(180.93622878413,-62.90099557971,
    762.70545164745));
#2612 = CARTESIAN_POINT('',(198.44784699942,-53.05912825245,
    671.38444057896));
#2613 = CARTESIAN_POINT('',(210.04753156313,-46.53988170935,
    554.98062480889));
#2614 = CARTESIAN_POINT('',(214.014225765,-44.31052302973,
    427.47664348286));
#2615 = CARTESIAN_POINT('',(210.04753156314,-46.53988170935,
    299.9726621569));
#2616 = CARTESIAN_POINT('',(198.44784699942,-53.05912825245,
    183.56884638679));
#2617 = CARTESIAN_POINT('',(180.93622878413,-62.90099557971,
    92.247835318321));
#2618 = CARTESIAN_POINT('',(158.58542937004,-75.46257611368,
    26.792646798114));
#2619 = CARTESIAN_POINT('',(137.10466574164,-87.53517974857,
    1.393120191339));
#2620 = CARTESIAN_POINT('',(123.99087382174,-94.90538384086,0.));
#2621 = CARTESIAN_POINT('',(154.20806443516,-138.53413873,
    824.60546027606));
#2622 = CARTESIAN_POINT('',(165.82295441606,-128.7617022515,
    823.26179093867));
#2623 = CARTESIAN_POINT('',(184.8484740959,-112.7541737387,
    798.76385795487));
#2624 = CARTESIAN_POINT('',(204.64458476819,-96.09829198832,
    735.63209779903));
#2625 = CARTESIAN_POINT('',(220.15463100046,-83.04858236274,
    647.55266057942));
#2626 = CARTESIAN_POINT('',(230.42847557902,-74.40446315892,
    535.28076977047));
#2627 = CARTESIAN_POINT('',(233.94177798796,-71.44847092158,
    412.30273013801));
#2628 = CARTESIAN_POINT('',(230.42847557902,-74.40446315892,
    289.32469050561));
#2629 = CARTESIAN_POINT('',(220.15463100046,-83.04858236274,
    177.05279969663));
#2630 = CARTESIAN_POINT('',(204.64458476819,-96.09829198832,
    88.973362477032));
#2631 = CARTESIAN_POINT('',(184.84847409591,-112.7541737387,
    25.841602321201));
#2632 = CARTESIAN_POINT('',(165.82295441606,-128.7617022515,
    1.343669337394));
#2633 = CARTESIAN_POINT('',(154.20806443516,-138.53413873,0.));
#2634 = CARTESIAN_POINT('',(195.11192519165,-180.3945242547,
    785.56530180817));
#2635 = CARTESIAN_POINT('',(205.26661392076,-168.8325015132,
    784.28524721308));
#2636 = CARTESIAN_POINT('',(221.9002824769,-149.8935798729,
    760.94714548422));
#2637 = CARTESIAN_POINT('',(239.20766483306,-130.1875747223,
    700.80429825654));
#2638 = CARTESIAN_POINT('',(252.76781838783,-114.7481252264,
    616.89489792422));
#2639 = CARTESIAN_POINT('',(261.75005531975,-104.5210438804,
    509.93841262714));
#2640 = CARTESIAN_POINT('',(264.82167222122,-101.0237328927,
    392.78265090407));
#2641 = CARTESIAN_POINT('',(261.75005531975,-104.5210438804,
    275.62688918105));
#2642 = CARTESIAN_POINT('',(252.76781838783,-114.7481252264,
    168.67040388393));
#2643 = CARTESIAN_POINT('',(239.20766483306,-130.1875747223,
    84.761003551635));
#2644 = CARTESIAN_POINT('',(221.9002824769,-149.8935798729,
    24.618156323952));
#2645 = CARTESIAN_POINT('',(205.26661392075,-168.8325015132,
    1.280054595086));
#2646 = CARTESIAN_POINT('',(195.11192519165,-180.3945242547,0.));
#2647 = CARTESIAN_POINT('',(227.04856592357,-205.1780115851,
    757.0668766311));
#2648 = CARTESIAN_POINT('',(236.37752888301,-192.773719316,
    755.83325934685));
#2649 = CARTESIAN_POINT('',(251.65863517584,-172.4551362671,
    733.34180797839));
#2650 = CARTESIAN_POINT('',(267.55867241309,-151.313589255,
    675.38079901126));
#2651 = CARTESIAN_POINT('',(280.01618574625,-134.7494076839,
    594.5154304883));
#2652 = CARTESIAN_POINT('',(288.26803450953,-123.7773045396,
    491.43906997069));
#2653 = CARTESIAN_POINT('',(291.08988371278,-120.0252216544,
    378.53343831553));
#2654 = CARTESIAN_POINT('',(288.26803450953,-123.7773045396,
    265.62780666043));
#2655 = CARTESIAN_POINT('',(280.01618574625,-134.7494076839,
    162.55144614279));
#2656 = CARTESIAN_POINT('',(267.55867241309,-151.313589255,
    81.686077619839));
#2657 = CARTESIAN_POINT('',(251.65863517584,-172.4551362671,
    23.725068652717));
#2658 = CARTESIAN_POINT('',(236.37752888301,-192.773719316,
    1.233617284252));
#2659 = CARTESIAN_POINT('',(227.04856592357,-205.1780115851,0.));
#2660 = CARTESIAN_POINT('',(244.6925639128,-217.5,741.94164756874));
#2661 = CARTESIAN_POINT('',(253.62066942155,-204.7022628773,
    740.73267638191));
#2662 = CARTESIAN_POINT('',(268.24515982479,-183.7392059836,
    718.69057547957));
#2663 = CARTESIAN_POINT('',(283.46198624636,-161.9270819902,
    661.88755342796));
#2664 = CARTESIAN_POINT('',(295.38421103153,-144.8375103484,
    582.63777166473));
#2665 = CARTESIAN_POINT('',(303.28148500732,-133.5173891616,
    481.62074515297));
#2666 = CARTESIAN_POINT('',(305.98208179668,-129.6462960444,
    370.97082378435));
#2667 = CARTESIAN_POINT('',(303.28148500732,-133.5173891616,
    260.32090241579));
#2668 = CARTESIAN_POINT('',(295.38421103153,-144.8375103484,
    159.30387590399));
#2669 = CARTESIAN_POINT('',(283.46198624636,-161.9270819902,
    80.054094140778));
#2670 = CARTESIAN_POINT('',(268.24515982479,-183.7392059836,
    23.251072089177));
#2671 = CARTESIAN_POINT('',(253.62066942154,-204.7022628773,
    1.208971186826));
#2672 = CARTESIAN_POINT('',(244.6925639128,-217.5,0.));
#2673 = DEFINITIONAL_REPRESENTATION('',(#2674),#2678);
#2674 = LINE('',#2675,#2676);
#2675 = CARTESIAN_POINT('',(0.,0.));
#2676 = VECTOR('',#2677,1.);
#2677 = DIRECTION('',(0.,1.));
#2678 = ( GEOMETRIC_REPRESENTATION_CONTEXT(2) 
PARAMETRIC_REPRESENTATION_CONTEXT() REPRESENTATION_CONTEXT('2D SPACE',''
  ) );
#2679 = ORIENTED_EDGE('',*,*,#2680,.T.);
#2680 = EDGE_CURVE('',#2548,#2681,#2683,.T.);
#2681 = VERTEX_POINT('',#2682);
#2682 = CARTESIAN_POINT('',(244.6925639128,-217.5,741.94164756874));
#2683 = SURFACE_CURVE('',#2684,(#2693),.PCURVE_S1.);
#2684 = B_SPLINE_CURVE_WITH_KNOTS('',3,(#2685,#2686,#2687,#2688,#2689,
    #2690,#2691,#2692),.UNSPECIFIED.,.F.,.F.,(4,1,1,1,1,4),(0.,
    0.140489979965,0.301401535102,0.49575571447,0.728629755254,1.),
  .UNSPECIFIED.);
#2685 = CARTESIAN_POINT('',(100.,5.327213576291E-14,880.));
#2686 = CARTESIAN_POINT('',(99.944944528017,-15.61900052009,
    880.06238917822));
#2687 = CARTESIAN_POINT('',(104.74942921878,-48.8864221591,
    874.96514819692));
#2688 = CARTESIAN_POINT('',(123.99087382174,-94.90538384086,
    854.95328696577));
#2689 = CARTESIAN_POINT('',(154.20806443516,-138.53413873,
    824.60546027606));
#2690 = CARTESIAN_POINT('',(195.11192519165,-180.3945242547,
    785.56530180817));
#2691 = CARTESIAN_POINT('',(227.04856592357,-205.1780115851,
    757.0668766311));
#2692 = CARTESIAN_POINT('',(244.6925639128,-217.5,741.94164756874));
#2693 = PCURVE('',#2568,#2694);
#2694 = DEFINITIONAL_REPRESENTATION('',(#2695),#2699);
#2695 = LINE('',#2696,#2697);
#2696 = CARTESIAN_POINT('',(0.,0.));
#2697 = VECTOR('',#2698,1.);
#2698 = DIRECTION('',(1.,0.));
#2699 = ( GEOMETRIC_REPRESENTATION_CONTEXT(2) 
PARAMETRIC_REPRESENTATION_CONTEXT() REPRESENTATION_CONTEXT('2D SPACE',''
  ) );
#2700 = ORIENTED_EDGE('',*,*,#2701,.T.);
#2701 = EDGE_CURVE('',#2681,#2702,#2704,.T.);
#2702 = VERTEX_POINT('',#2703);
#2703 = CARTESIAN_POINT('',(244.6925639128,-217.5,0.));
#2704 = SURFACE_CURVE('',#2705,(#2719),.PCURVE_S1.);
#2705 = B_SPLINE_CURVE_WITH_KNOTS('',3,(#2706,#2707,#2708,#2709,#2710,
    #2711,#2712,#2713,#2714,#2715,#2716,#2717,#2718),.UNSPECIFIED.,.F.,
  .F.,(4,1,1,1,1,1,1,1,1,1,4),(0.,4.470622879619E-02,0.118143289796,
    0.224603331603,0.355871442187,0.5,0.644128557813,0.775396668397,
    0.881856710204,0.955293771204,1.),.UNSPECIFIED.);
#2706 = CARTESIAN_POINT('',(244.6925639128,-217.5,741.94164756874));
#2707 = CARTESIAN_POINT('',(253.62066942155,-204.7022628773,
    740.73267638191));
#2708 = CARTESIAN_POINT('',(268.24515982479,-183.7392059836,
    718.69057547957));
#2709 = CARTESIAN_POINT('',(283.46198624636,-161.9270819902,
    661.88755342796));
#2710 = CARTESIAN_POINT('',(295.38421103153,-144.8375103484,
    582.63777166473));
#2711 = CARTESIAN_POINT('',(303.28148500732,-133.5173891616,
    481.62074515297));
#2712 = CARTESIAN_POINT('',(305.98208179668,-129.6462960444,
    370.97082378435));
#2713 = CARTESIAN_POINT('',(303.28148500732,-133.5173891616,
    260.32090241579));
#2714 = CARTESIAN_POINT('',(295.38421103153,-144.8375103484,
    159.30387590399));
#2715 = CARTESIAN_POINT('',(283.46198624636,-161.9270819902,
    80.054094140778));
#2716 = CARTESIAN_POINT('',(268.24515982479,-183.7392059836,
    23.251072089177));
#2717 = CARTESIAN_POINT('',(253.62066942154,-204.7022628773,
    1.208971186826));
#2718 = CARTESIAN_POINT('',(244.6925639128,-217.5,0.));
#2719 = PCURVE('',#2568,#2720);
#2720 = DEFINITIONAL_REPRESENTATION('',(#2721),#2725);
#2721 = LINE('',#2722,#2723);
#2722 = CARTESIAN_POINT('',(1.,0.));
#2723 = VECTOR('',#2724,1.);
#2724 = DIRECTION('',(0.,1.));
#2725 = ( GEOMETRIC_REPRESENTATION_CONTEXT(2) 
PARAMETRIC_REPRESENTATION_CONTEXT() REPRESENTATION_CONTEXT('2D SPACE',''
  ) );
#2726 = ORIENTED_EDGE('',*,*,#2727,.F.);
#2727 = EDGE_CURVE('',#2550,#2702,#2728,.T.);
#2728 = SURFACE_CURVE('',#2729,(#2738),.PCURVE_S1.);
#2729 = B_SPLINE_CURVE_WITH_KNOTS('',3,(#2730,#2731,#2732,#2733,#2734,
    #2735,#2736,#2737),.UNSPECIFIED.,.F.,.F.,(4,1,1,1,1,4),(0.,
    0.140489979965,0.301401535102,0.49575571447,0.728629755254,1.),
  .UNSPECIFIED.);
#2730 = CARTESIAN_POINT('',(100.,5.327213576291E-14,0.));
#2731 = CARTESIAN_POINT('',(99.944944528017,-15.61900052009,0.));
#2732 = CARTESIAN_POINT('',(104.74942921878,-48.8864221591,0.));
#2733 = CARTESIAN_POINT('',(123.99087382174,-94.90538384086,0.));
#2734 = CARTESIAN_POINT('',(154.20806443516,-138.53413873,0.));
#2735 = CARTESIAN_POINT('',(195.11192519165,-180.3945242547,0.));
#2736 = CARTESIAN_POINT('',(227.04856592357,-205.1780115851,0.));
#2737 = CARTESIAN_POINT('',(244.6925639128,-217.5,0.));
#2738 = PCURVE('',#2568,#2739);
#2739 = DEFINITIONAL_REPRESENTATION('',(#2740),#2744);
#2740 = LINE('',#2741,#2742);
#2741 = CARTESIAN_POINT('',(0.,1.));
#2742 = VECTOR('',#2743,1.);
#2743 = DIRECTION('',(1.,0.));
#2744 = ( GEOMETRIC_REPRESENTATION_CONTEXT(2) 
PARAMETRIC_REPRESENTATION_CONTEXT() REPRESENTATION_CONTEXT('2D SPACE',''
  ) );
#2745 = ( GEOMETRIC_REPRESENTATION_CONTEXT(3) 
GLOBAL_UNCERTAINTY_ASSIGNED_CONTEXT((#2749)) 
GLOBAL_UNIT_ASSIGNED_CONTEXT((#2746,#2747,#2748)) REPRESENTATION_CONTEXT
('Context #1','3D Context with UNIT and UNCERTAINTY') );
#2746 = ( LENGTH_UNIT() NAMED_UNIT(*) SI_UNIT(.MILLI.,.METRE.) );
#2747 = ( NAMED_UNIT(*) PLANE_ANGLE_UNIT() SI_UNIT($,.RADIAN.) );
#2748 = ( NAMED_UNIT(*) SI_UNIT($,.STERADIAN.) SOLID_ANGLE_UNIT() );
#2749 = UNCERTAINTY_MEASURE_WITH_UNIT(LENGTH_MEASURE(1.E-07),#2746,
  'distance_accuracy_value','confusion accuracy');
#2750 = CONTEXT_DEPENDENT_SHAPE_REPRESENTATION(#2751,#2753);
#2751 = ( REPRESENTATION_RELATIONSHIP('','',#2540,#10) 
REPRESENTATION_RELATIONSHIP_WITH_TRANSFORMATION(#2752) 
SHAPE_REPRESENTATION_RELATIONSHIP() );
#2752 = ITEM_DEFINED_TRANSFORMATION('','',#11,#67);
#2753 = PRODUCT_DEFINITION_SHAPE('Placement','Placement of an item',
  #2754);
#2754 = NEXT_ASSEMBLY_USAGE_OCCURRENCE('707','R04_L07','',#5,#2535,$);
#2755 = PRODUCT_RELATED_PRODUCT_CATEGORY('part',$,(#2537));
#2756 = SHAPE_DEFINITION_REPRESENTATION(#2757,#2763);
#2757 = PRODUCT_DEFINITION_SHAPE('','',#2758);
#2758 = PRODUCT_DEFINITION('design','',#2759,#2762);
#2759 = PRODUCT_DEFINITION_FORMATION('','',#2760);
#2760 = PRODUCT('R04_O08','R04_O08','',(#2761));
#2761 = PRODUCT_CONTEXT('',#2,'mechanical');
#2762 = PRODUCT_DEFINITION_CONTEXT('part definition',#2,'design');
#2763 = MANIFOLD_SURFACE_SHAPE_REPRESENTATION('',(#11,#2764),#2938);
#2764 = SHELL_BASED_SURFACE_MODEL('',(#2765));
#2765 = OPEN_SHELL('',(#2766));
#2766 = ADVANCED_FACE('',(#2767),#2791,.T.);
#2767 = FACE_BOUND('',#2768,.T.);
#2768 = EDGE_LOOP('',(#2769,#2876,#2895,#2921));
#2769 = ORIENTED_EDGE('',*,*,#2770,.F.);
#2770 = EDGE_CURVE('',#2771,#2773,#2775,.T.);
#2771 = VERTEX_POINT('',#2772);
#2772 = CARTESIAN_POINT('',(244.6925639128,-217.5,0.));
#2773 = VERTEX_POINT('',#2774);
#2774 = CARTESIAN_POINT('',(244.6925639128,-217.5,741.94164756874));
#2775 = SURFACE_CURVE('',#2776,(#2790),.PCURVE_S1.);
#2776 = B_SPLINE_CURVE_WITH_KNOTS('',3,(#2777,#2778,#2779,#2780,#2781,
    #2782,#2783,#2784,#2785,#2786,#2787,#2788,#2789),.UNSPECIFIED.,.F.,
  .F.,(4,1,1,1,1,1,1,1,1,1,4),(0.,5.571669646817E-02,0.132865079423,
    0.23723115362,0.362990870693,0.5,0.637009129307,0.76276884638,
    0.867134920577,0.944283303532,1.),.UNSPECIFIED.);
#2777 = CARTESIAN_POINT('',(244.6925639128,-217.5,0.));
#2778 = CARTESIAN_POINT('',(237.25056124312,-228.1675255729,
    -0.157616369059));
#2779 = CARTESIAN_POINT('',(222.24362019112,-249.6787953949,
    20.054207048101));
#2780 = CARTESIAN_POINT('',(206.39045095445,-272.4030667705,
    77.32039173167));
#2781 = CARTESIAN_POINT('',(194.04965175392,-290.0926319192,
    158.65731485565));
#2782 = CARTESIAN_POINT('',(186.14520064101,-301.4230409676,
    259.68197922545));
#2783 = CARTESIAN_POINT('',(183.38057453009,-305.3859150819,
    370.97082378437));
#2784 = CARTESIAN_POINT('',(186.14520064101,-301.4230409676,
    482.25966834329));
#2785 = CARTESIAN_POINT('',(194.04965175392,-290.0926319192,
    583.28433271308));
#2786 = CARTESIAN_POINT('',(206.39045095445,-272.4030667705,
    664.62125583707));
#2787 = CARTESIAN_POINT('',(222.24362019112,-249.6787953949,
    721.88744052064));
#2788 = CARTESIAN_POINT('',(237.25056124312,-228.1675255729,
    742.0992639378));
#2789 = CARTESIAN_POINT('',(244.6925639128,-217.5,741.94164756874));
#2790 = PCURVE('',#2791,#2870);
#2791 = B_SPLINE_SURFACE_WITH_KNOTS('',3,3,(
    (#2792,#2793,#2794,#2795,#2796,#2797,#2798,#2799,#2800,#2801,#2802
      ,#2803,#2804)
    ,(#2805,#2806,#2807,#2808,#2809,#2810,#2811,#2812,#2813,#2814,#2815
      ,#2816,#2817)
    ,(#2818,#2819,#2820,#2821,#2822,#2823,#2824,#2825,#2826,#2827,#2828
      ,#2829,#2830)
    ,(#2831,#2832,#2833,#2834,#2835,#2836,#2837,#2838,#2839,#2840,#2841
      ,#2842,#2843)
    ,(#2844,#2845,#2846,#2847,#2848,#2849,#2850,#2851,#2852,#2853,#2854
      ,#2855,#2856)
    ,(#2857,#2858,#2859,#2860,#2861,#2862,#2863,#2864,#2865,#2866,#2867
      ,#2868,#2869
    )),.UNSPECIFIED.,.F.,.F.,.F.,(4,1,1,4),(4,1,1,1,1,1,1,1,1,1,4),(0.,
    0.302198480724,0.637568698587,1.),(0.,5.571669646817E-02,
    0.132865079423,0.23723115362,0.362990870693,0.5,0.637009129307,
    0.76276884638,0.867134920577,0.944283303532,1.),.UNSPECIFIED.);
#2792 = CARTESIAN_POINT('',(244.6925639128,-217.5,0.));
#2793 = CARTESIAN_POINT('',(237.25056124312,-228.1675255729,
    -0.157616369059));
#2794 = CARTESIAN_POINT('',(222.24362019112,-249.6787953949,
    20.054207048101));
#2795 = CARTESIAN_POINT('',(206.39045095445,-272.4030667705,
    77.32039173167));
#2796 = CARTESIAN_POINT('',(194.04965175392,-290.0926319192,
    158.65731485565));
#2797 = CARTESIAN_POINT('',(186.14520064101,-301.4230409676,
    259.68197922545));
#2798 = CARTESIAN_POINT('',(183.38057453009,-305.3859150819,
    370.97082378437));
#2799 = CARTESIAN_POINT('',(186.14520064101,-301.4230409676,
    482.25966834329));
#2800 = CARTESIAN_POINT('',(194.04965175392,-290.0926319192,
    583.28433271308));
#2801 = CARTESIAN_POINT('',(206.39045095445,-272.4030667705,
    664.62125583707));
#2802 = CARTESIAN_POINT('',(222.24362019112,-249.6787953949,
    721.88744052064));
#2803 = CARTESIAN_POINT('',(237.25056124312,-228.1675255729,
    742.0992639378));
#2804 = CARTESIAN_POINT('',(244.6925639128,-217.5,741.94164756874));
#2805 = CARTESIAN_POINT('',(278.21552963655,-240.8603856124,0.));
#2806 = CARTESIAN_POINT('',(271.4071541816,-252.1441776272,
    -0.151508002369));
#2807 = CARTESIAN_POINT('',(257.6779345552,-274.8981605437,
    19.277013339991));
#2808 = CARTESIAN_POINT('',(243.17453632964,-298.9352205102,
    74.32386727083));
#2809 = CARTESIAN_POINT('',(231.88445782516,-317.6467176242,
    152.50860667908));
#2810 = CARTESIAN_POINT('',(224.65300772622,-329.6316881098,
    249.61809587771));
#2811 = CARTESIAN_POINT('',(222.12376749463,-333.8234987579,
    356.59398058903));
#2812 = CARTESIAN_POINT('',(224.65300772622,-329.6316881098,
    463.56986530035));
#2813 = CARTESIAN_POINT('',(231.88445782516,-317.6467176242,
    560.67935449898));
#2814 = CARTESIAN_POINT('',(243.17453632964,-298.9352205102,
    638.86409390724));
#2815 = CARTESIAN_POINT('',(257.6779345552,-274.8981605437,
    693.91094783808));
#2816 = CARTESIAN_POINT('',(271.4071541816,-252.1441776272,
    713.33946918044));
#2817 = CARTESIAN_POINT('',(278.21552963655,-240.8603856124,
    713.18796117807));
#2818 = CARTESIAN_POINT('',(354.99360537347,-284.0750071894,0.));
#2819 = CARTESIAN_POINT('',(349.29230965381,-296.3216031553,
    -0.138516240989));
#2820 = CARTESIAN_POINT('',(337.79553753715,-321.0170986966,
    17.624015785342));
#2821 = CARTESIAN_POINT('',(325.65047256959,-347.1051514745,
    67.950620093794));
#2822 = CARTESIAN_POINT('',(316.19622365542,-367.4132309543,
    139.43104380888));
#2823 = CARTESIAN_POINT('',(310.14064758315,-380.4208343386,
    228.21342624322));
#2824 = CARTESIAN_POINT('',(308.02267588759,-384.9703165788,
    326.01616401962));
#2825 = CARTESIAN_POINT('',(310.14064758315,-380.4208343386,
    423.81890179601));
#2826 = CARTESIAN_POINT('',(316.19622365541,-367.4132309543,
    512.60128423036));
#2827 = CARTESIAN_POINT('',(325.65047256959,-347.1051514745,
    584.08170794545));
#2828 = CARTESIAN_POINT('',(337.79553753715,-321.0170986966,
    634.4083122539));
#2829 = CARTESIAN_POINT('',(349.29230965381,-296.3216031553,
    652.17084428023));
#2830 = CARTESIAN_POINT('',(354.99360537347,-284.0750071894,
    652.03232803924));
#2831 = CARTESIAN_POINT('',(488.01569798928,-336.801128154,0.));
#2832 = CARTESIAN_POINT('',(483.63236766668,-350.0640311902,
    -0.119966116664));
#2833 = CARTESIAN_POINT('',(474.79329803955,-376.8089294223,
    15.263803859248));
#2834 = CARTESIAN_POINT('',(465.45580106344,-405.0619489032,
    58.850658661381));
#2835 = CARTESIAN_POINT('',(458.18708567301,-427.0553330031,
    120.7584088956));
#2836 = CARTESIAN_POINT('',(453.53137379214,-441.1423971065,
    197.65103587349));
#2837 = CARTESIAN_POINT('',(451.90301244903,-446.0694267877,
    282.35601029583));
#2838 = CARTESIAN_POINT('',(453.53137379214,-441.1423971065,
    367.06098471817));
#2839 = CARTESIAN_POINT('',(458.18708567301,-427.0553330031,
    443.95361169606));
#2840 = CARTESIAN_POINT('',(465.45580106344,-405.0619489032,
    505.86136193028));
#2841 = CARTESIAN_POINT('',(474.79329803954,-376.8089294223,
    549.44821673242));
#2842 = CARTESIAN_POINT('',(483.63236766668,-350.0640311902,
    564.83198670833));
#2843 = CARTESIAN_POINT('',(488.01569798928,-336.801128154,
    564.71202059166));
#2844 = CARTESIAN_POINT('',(587.28607346782,-364.4615741577,0.));
#2845 = CARTESIAN_POINT('',(583.66108851645,-378.2290769819,
    -0.10915479324));
#2846 = CARTESIAN_POINT('',(576.35123686842,-405.9915103601,
    13.888232783206));
#2847 = CARTESIAN_POINT('',(568.62918912601,-435.3194428975,
    53.547048590976));
#2848 = CARTESIAN_POINT('',(562.61800996155,-458.1495862592,
    109.87568424863));
#2849 = CARTESIAN_POINT('',(558.76776727757,-472.7726061439,
    179.83876243206));
#2850 = CARTESIAN_POINT('',(557.42112330375,-477.8870893657,
    256.91014080674));
#2851 = CARTESIAN_POINT('',(558.76776727757,-472.7726061439,
    333.98151918142));
#2852 = CARTESIAN_POINT('',(562.61800996155,-458.1495862592,
    403.94459736485));
#2853 = CARTESIAN_POINT('',(568.62918912601,-435.3194428975,
    460.27323302251));
#2854 = CARTESIAN_POINT('',(576.35123686842,-405.9915103601,
    499.93204883027));
#2855 = CARTESIAN_POINT('',(583.66108851644,-378.2290769819,
    513.92943640672));
#2856 = CARTESIAN_POINT('',(587.28607346782,-364.4615741577,
    513.82028161348));
#2857 = CARTESIAN_POINT('',(640.,-376.7210506462,0.));
#2858 = CARTESIAN_POINT('',(636.74675987713,-390.7108422705,
    -0.104169152786));
#2859 = CARTESIAN_POINT('',(630.1865388024,-418.9215252754,
    13.253888352215));
#2860 = CARTESIAN_POINT('',(623.25639264089,-448.7229838411,
    51.101289465253));
#2861 = CARTESIAN_POINT('',(617.86166424729,-471.9217405409,
    104.85711712836));
#2862 = CARTESIAN_POINT('',(614.40626673521,-486.7808623234,
    171.62463474527));
#2863 = CARTESIAN_POINT('',(613.19772207485,-491.9779235081,245.17578125
    ));
#2864 = CARTESIAN_POINT('',(614.40626673521,-486.7808623234,
    318.72692775472));
#2865 = CARTESIAN_POINT('',(617.86166424729,-471.9217405409,
    385.49444537163));
#2866 = CARTESIAN_POINT('',(623.25639264089,-448.7229838411,
    439.25027303474));
#2867 = CARTESIAN_POINT('',(630.1865388024,-418.9215252754,
    477.09767414778));
#2868 = CARTESIAN_POINT('',(636.74675987713,-390.7108422705,
    490.45573165278));
#2869 = CARTESIAN_POINT('',(640.,-376.7210506462,490.3515625));
#2870 = DEFINITIONAL_REPRESENTATION('',(#2871),#2875);
#2871 = LINE('',#2872,#2873);
#2872 = CARTESIAN_POINT('',(0.,0.));
#2873 = VECTOR('',#2874,1.);
#2874 = DIRECTION('',(0.,1.));
#2875 = ( GEOMETRIC_REPRESENTATION_CONTEXT(2) 
PARAMETRIC_REPRESENTATION_CONTEXT() REPRESENTATION_CONTEXT('2D SPACE',''
  ) );
#2876 = ORIENTED_EDGE('',*,*,#2877,.T.);
#2877 = EDGE_CURVE('',#2771,#2878,#2880,.T.);
#2878 = VERTEX_POINT('',#2879);
#2879 = CARTESIAN_POINT('',(640.,-376.7210506462,0.));
#2880 = SURFACE_CURVE('',#2881,(#2888),.PCURVE_S1.);
#2881 = B_SPLINE_CURVE_WITH_KNOTS('',3,(#2882,#2883,#2884,#2885,#2886,
    #2887),.UNSPECIFIED.,.F.,.F.,(4,1,1,4),(0.,0.302198480724,
    0.637568698587,1.),.UNSPECIFIED.);
#2882 = CARTESIAN_POINT('',(244.6925639128,-217.5,0.));
#2883 = CARTESIAN_POINT('',(278.21552963655,-240.8603856124,0.));
#2884 = CARTESIAN_POINT('',(354.99360537347,-284.0750071894,0.));
#2885 = CARTESIAN_POINT('',(488.01569798928,-336.801128154,0.));
#2886 = CARTESIAN_POINT('',(587.28607346782,-364.4615741577,0.));
#2887 = CARTESIAN_POINT('',(640.,-376.7210506462,0.));
#2888 = PCURVE('',#2791,#2889);
#2889 = DEFINITIONAL_REPRESENTATION('',(#2890),#2894);
#2890 = LINE('',#2891,#2892);
#2891 = CARTESIAN_POINT('',(0.,0.));
#2892 = VECTOR('',#2893,1.);
#2893 = DIRECTION('',(1.,0.));
#2894 = ( GEOMETRIC_REPRESENTATION_CONTEXT(2) 
PARAMETRIC_REPRESENTATION_CONTEXT() REPRESENTATION_CONTEXT('2D SPACE',''
  ) );
#2895 = ORIENTED_EDGE('',*,*,#2896,.T.);
#2896 = EDGE_CURVE('',#2878,#2897,#2899,.T.);
#2897 = VERTEX_POINT('',#2898);
#2898 = CARTESIAN_POINT('',(640.,-376.7210506462,490.3515625));
#2899 = SURFACE_CURVE('',#2900,(#2914),.PCURVE_S1.);
#2900 = B_SPLINE_CURVE_WITH_KNOTS('',3,(#2901,#2902,#2903,#2904,#2905,
    #2906,#2907,#2908,#2909,#2910,#2911,#2912,#2913),.UNSPECIFIED.,.F.,
  .F.,(4,1,1,1,1,1,1,1,1,1,4),(0.,5.571669646817E-02,0.132865079423,
    0.23723115362,0.362990870693,0.5,0.637009129307,0.76276884638,
    0.867134920577,0.944283303532,1.),.UNSPECIFIED.);
#2901 = CARTESIAN_POINT('',(640.,-376.7210506462,0.));
#2902 = CARTESIAN_POINT('',(636.74675987713,-390.7108422705,
    -0.104169152786));
#2903 = CARTESIAN_POINT('',(630.1865388024,-418.9215252754,
    13.253888352215));
#2904 = CARTESIAN_POINT('',(623.25639264089,-448.7229838411,
    51.101289465253));
#2905 = CARTESIAN_POINT('',(617.86166424729,-471.9217405409,
    104.85711712836));
#2906 = CARTESIAN_POINT('',(614.40626673521,-486.7808623234,
    171.62463474527));
#2907 = CARTESIAN_POINT('',(613.19772207485,-491.9779235081,245.17578125
    ));
#2908 = CARTESIAN_POINT('',(614.40626673521,-486.7808623234,
    318.72692775472));
#2909 = CARTESIAN_POINT('',(617.86166424729,-471.9217405409,
    385.49444537163));
#2910 = CARTESIAN_POINT('',(623.25639264089,-448.7229838411,
    439.25027303474));
#2911 = CARTESIAN_POINT('',(630.1865388024,-418.9215252754,
    477.09767414778));
#2912 = CARTESIAN_POINT('',(636.74675987713,-390.7108422705,
    490.45573165278));
#2913 = CARTESIAN_POINT('',(640.,-376.7210506462,490.3515625));
#2914 = PCURVE('',#2791,#2915);
#2915 = DEFINITIONAL_REPRESENTATION('',(#2916),#2920);
#2916 = LINE('',#2917,#2918);
#2917 = CARTESIAN_POINT('',(1.,0.));
#2918 = VECTOR('',#2919,1.);
#2919 = DIRECTION('',(0.,1.));
#2920 = ( GEOMETRIC_REPRESENTATION_CONTEXT(2) 
PARAMETRIC_REPRESENTATION_CONTEXT() REPRESENTATION_CONTEXT('2D SPACE',''
  ) );
#2921 = ORIENTED_EDGE('',*,*,#2922,.F.);
#2922 = EDGE_CURVE('',#2773,#2897,#2923,.T.);
#2923 = SURFACE_CURVE('',#2924,(#2931),.PCURVE_S1.);
#2924 = B_SPLINE_CURVE_WITH_KNOTS('',3,(#2925,#2926,#2927,#2928,#2929,
    #2930),.UNSPECIFIED.,.F.,.F.,(4,1,1,4),(0.,0.302198480724,
    0.637568698587,1.),.UNSPECIFIED.);
#2925 = CARTESIAN_POINT('',(244.6925639128,-217.5,741.94164756874));
#2926 = CARTESIAN_POINT('',(278.21552963655,-240.8603856124,
    713.18796117807));
#2927 = CARTESIAN_POINT('',(354.99360537347,-284.0750071894,
    652.03232803924));
#2928 = CARTESIAN_POINT('',(488.01569798928,-336.801128154,
    564.71202059166));
#2929 = CARTESIAN_POINT('',(587.28607346782,-364.4615741577,
    513.82028161348));
#2930 = CARTESIAN_POINT('',(640.,-376.7210506462,490.3515625));
#2931 = PCURVE('',#2791,#2932);
#2932 = DEFINITIONAL_REPRESENTATION('',(#2933),#2937);
#2933 = LINE('',#2934,#2935);
#2934 = CARTESIAN_POINT('',(0.,1.));
#2935 = VECTOR('',#2936,1.);
#2936 = DIRECTION('',(1.,0.));
#2937 = ( GEOMETRIC_REPRESENTATION_CONTEXT(2) 
PARAMETRIC_REPRESENTATION_CONTEXT() REPRESENTATION_CONTEXT('2D SPACE',''
  ) );
#2938 = ( GEOMETRIC_REPRESENTATION_CONTEXT(3) 
GLOBAL_UNCERTAINTY_ASSIGNED_CONTEXT((#2942)) 
GLOBAL_UNIT_ASSIGNED_CONTEXT((#2939,#2940,#2941)) REPRESENTATION_CONTEXT
('Context #1','3D Context with UNIT and UNCERTAINTY') );
#2939 = ( LENGTH_UNIT() NAMED_UNIT(*) SI_UNIT(.MILLI.,.METRE.) );
#2940 = ( NAMED_UNIT(*) PLANE_ANGLE_UNIT() SI_UNIT($,.RADIAN.) );
#2941 = ( NAMED_UNIT(*) SI_UNIT($,.STERADIAN.) SOLID_ANGLE_UNIT() );
#2942 = UNCERTAINTY_MEASURE_WITH_UNIT(LENGTH_MEASURE(1.E-07),#2939,
  'distance_accuracy_value','confusion accuracy');
#2943 = CONTEXT_DEPENDENT_SHAPE_REPRESENTATION(#2944,#2946);
#2944 = ( REPRESENTATION_RELATIONSHIP('','',#2763,#10) 
REPRESENTATION_RELATIONSHIP_WITH_TRANSFORMATION(#2945) 
SHAPE_REPRESENTATION_RELATIONSHIP() );
#2945 = ITEM_DEFINED_TRANSFORMATION('','',#11,#71);
#2946 = PRODUCT_DEFINITION_SHAPE('Placement','Placement of an item',
  #2947);
#2947 = NEXT_ASSEMBLY_USAGE_OCCURRENCE('708','R04_O08','',#5,#2758,$);
#2948 = PRODUCT_RELATED_PRODUCT_CATEGORY('part',$,(#2760));
#2949 = SHAPE_DEFINITION_REPRESENTATION(#2950,#2956);
#2950 = PRODUCT_DEFINITION_SHAPE('','',#2951);
#2951 = PRODUCT_DEFINITION('design','',#2952,#2955);
#2952 = PRODUCT_DEFINITION_FORMATION('','',#2953);
#2953 = PRODUCT('R04_L08','R04_L08','',(#2954));
#2954 = PRODUCT_CONTEXT('',#2,'mechanical');
#2955 = PRODUCT_DEFINITION_CONTEXT('part definition',#2,'design');
#2956 = MANIFOLD_SURFACE_SHAPE_REPRESENTATION('',(#11,#2957),#3131);
#2957 = SHELL_BASED_SURFACE_MODEL('',(#2958));
#2958 = OPEN_SHELL('',(#2959));
#2959 = ADVANCED_FACE('',(#2960),#2984,.T.);
#2960 = FACE_BOUND('',#2961,.T.);
#2961 = EDGE_LOOP('',(#2962,#3069,#3088,#3114));
#2962 = ORIENTED_EDGE('',*,*,#2963,.F.);
#2963 = EDGE_CURVE('',#2964,#2966,#2968,.T.);
#2964 = VERTEX_POINT('',#2965);
#2965 = CARTESIAN_POINT('',(244.6925639128,-217.5,741.94164756874));
#2966 = VERTEX_POINT('',#2967);
#2967 = CARTESIAN_POINT('',(244.6925639128,-217.5,0.));
#2968 = SURFACE_CURVE('',#2969,(#2983),.PCURVE_S1.);
#2969 = B_SPLINE_CURVE_WITH_KNOTS('',3,(#2970,#2971,#2972,#2973,#2974,
    #2975,#2976,#2977,#2978,#2979,#2980,#2981,#2982),.UNSPECIFIED.,.F.,
  .F.,(4,1,1,1,1,1,1,1,1,1,4),(0.,5.571669646817E-02,0.132865079423,
    0.23723115362,0.362990870693,0.5,0.637009129307,0.76276884638,
    0.867134920577,0.944283303532,1.),.UNSPECIFIED.);
#2970 = CARTESIAN_POINT('',(244.6925639128,-217.5,741.94164756874));
#2971 = CARTESIAN_POINT('',(252.13456658249,-206.832474427,
    742.0992639378));
#2972 = CARTESIAN_POINT('',(267.14150763448,-185.321204605,
    721.88744052064));
#2973 = CARTESIAN_POINT('',(282.99467687115,-162.5969332294,
    664.62125583707));
#2974 = CARTESIAN_POINT('',(295.33547607168,-144.9073680807,
    583.28433271308));
#2975 = CARTESIAN_POINT('',(303.23992718459,-133.5769590323,
    482.25966834329));
#2976 = CARTESIAN_POINT('',(306.00455329551,-129.614084918,
    370.97082378437));
#2977 = CARTESIAN_POINT('',(303.23992718459,-133.5769590323,
    259.68197922545));
#2978 = CARTESIAN_POINT('',(295.33547607168,-144.9073680807,
    158.65731485565));
#2979 = CARTESIAN_POINT('',(282.99467687115,-162.5969332294,
    77.320391731671));
#2980 = CARTESIAN_POINT('',(267.14150763448,-185.321204605,
    20.054207048101));
#2981 = CARTESIAN_POINT('',(252.13456658249,-206.832474427,
    -0.157616369059));
#2982 = CARTESIAN_POINT('',(244.6925639128,-217.5,0.));
#2983 = PCURVE('',#2984,#3063);
#2984 = B_SPLINE_SURFACE_WITH_KNOTS('',3,3,(
    (#2985,#2986,#2987,#2988,#2989,#2990,#2991,#2992,#2993,#2994,#2995
      ,#2996,#2997)
    ,(#2998,#2999,#3000,#3001,#3002,#3003,#3004,#3005,#3006,#3007,#3008
      ,#3009,#3010)
    ,(#3011,#3012,#3013,#3014,#3015,#3016,#3017,#3018,#3019,#3020,#3021
      ,#3022,#3023)
    ,(#3024,#3025,#3026,#3027,#3028,#3029,#3030,#3031,#3032,#3033,#3034
      ,#3035,#3036)
    ,(#3037,#3038,#3039,#3040,#3041,#3042,#3043,#3044,#3045,#3046,#3047
      ,#3048,#3049)
    ,(#3050,#3051,#3052,#3053,#3054,#3055,#3056,#3057,#3058,#3059,#3060
      ,#3061,#3062
    )),.UNSPECIFIED.,.F.,.F.,.F.,(4,1,1,4),(4,1,1,1,1,1,1,1,1,1,4),(0.,
    0.292473671945,0.629106991972,1.),(0.,5.571669646817E-02,
    0.132865079423,0.23723115362,0.362990870693,0.5,0.637009129307,
    0.76276884638,0.867134920577,0.944283303532,1.),.UNSPECIFIED.);
#2985 = CARTESIAN_POINT('',(244.6925639128,-217.5,741.94164756874));
#2986 = CARTESIAN_POINT('',(252.13456658249,-206.832474427,
    742.0992639378));
#2987 = CARTESIAN_POINT('',(267.14150763448,-185.321204605,
    721.88744052064));
#2988 = CARTESIAN_POINT('',(282.99467687115,-162.5969332294,
    664.62125583707));
#2989 = CARTESIAN_POINT('',(295.33547607168,-144.9073680807,
    583.28433271308));
#2990 = CARTESIAN_POINT('',(303.23992718459,-133.5769590323,
    482.25966834329));
#2991 = CARTESIAN_POINT('',(306.00455329551,-129.614084918,
    370.97082378437));
#2992 = CARTESIAN_POINT('',(303.23992718459,-133.5769590323,
    259.68197922545));
#2993 = CARTESIAN_POINT('',(295.33547607168,-144.9073680807,
    158.65731485565));
#2994 = CARTESIAN_POINT('',(282.99467687115,-162.5969332294,
    77.320391731671));
#2995 = CARTESIAN_POINT('',(267.14150763448,-185.321204605,
    20.054207048101));
#2996 = CARTESIAN_POINT('',(252.13456658249,-206.832474427,
    -0.157616369059));
#2997 = CARTESIAN_POINT('',(244.6925639128,-217.5,0.));
#2998 = CARTESIAN_POINT('',(279.22859368643,-241.5271986815,
    712.32525241996));
#2999 = CARTESIAN_POINT('',(286.01930284917,-230.2269959608,
    712.47657715048));
#3000 = CARTESIAN_POINT('',(299.71289805863,-207.4399205414,
    693.07155754459));
#3001 = CARTESIAN_POINT('',(314.17866303778,-183.3679020147,
    638.09129111323));
#3002 = CARTESIAN_POINT('',(325.43944617992,-164.6291916311,
    560.00112797814));
#3003 = CARTESIAN_POINT('',(332.65213219755,-152.6267906731,
    463.00910740123));
#3004 = CARTESIAN_POINT('',(335.17480958646,-148.4288836195,
    356.16262620998));
#3005 = CARTESIAN_POINT('',(332.65213219755,-152.6267906731,
    249.31614501873));
#3006 = CARTESIAN_POINT('',(325.43944617991,-164.6291916311,
    152.32412444182));
#3007 = CARTESIAN_POINT('',(314.17866303778,-183.3679020147,
    74.233961306735));
#3008 = CARTESIAN_POINT('',(299.71289805863,-207.4399205414,
    19.253694875373));
#3009 = CARTESIAN_POINT('',(286.01930284917,-230.2269959608,
    -0.151324730514));
#3010 = CARTESIAN_POINT('',(279.22859368643,-241.5271986815,0.));
#3011 = CARTESIAN_POINT('',(357.18999330777,-285.0532909769,
    650.47696026462));
#3012 = CARTESIAN_POINT('',(362.86703450222,-272.7874014193,
    650.61514608687));
#3013 = CARTESIAN_POINT('',(374.3148969038,-248.0529999804,
    632.89498507303));
#3014 = CARTESIAN_POINT('',(386.40829418054,-221.9238474356,
    582.68843060747));
#3015 = CARTESIAN_POINT('',(395.82232270798,-201.5837741025,
    511.37851737597));
#3016 = CARTESIAN_POINT('',(401.85213707103,-188.5556782165,
    422.80791777914));
#3017 = CARTESIAN_POINT('',(403.96109846429,-183.9990286089,
    325.23848013231));
#3018 = CARTESIAN_POINT('',(401.85213707103,-188.5556782165,
    227.66904248547));
#3019 = CARTESIAN_POINT('',(395.82232270799,-201.5837741025,
    139.09844288865));
#3020 = CARTESIAN_POINT('',(386.40829418054,-221.9238474356,
    67.788529657148));
#3021 = CARTESIAN_POINT('',(374.3148969038,-248.0529999804,
    17.581975191597));
#3022 = CARTESIAN_POINT('',(362.86703450222,-272.7874014193,
    -0.138185822254));
#3023 = CARTESIAN_POINT('',(357.18999330777,-285.0532909769,0.));
#3024 = CARTESIAN_POINT('',(489.39999391339,-337.2375069429,
    563.93257142648));
#3025 = CARTESIAN_POINT('',(493.77197143218,-323.9664957835,
    564.05237195877));
#3026 = CARTESIAN_POINT('',(502.58814791279,-297.2052473659,
    548.68983557844));
#3027 = CARTESIAN_POINT('',(511.90146081801,-268.9349557268,
    505.16314194934));
#3028 = CARTESIAN_POINT('',(519.1513502716,-246.9281262248,
    443.34084047923));
#3029 = CARTESIAN_POINT('',(523.79500388177,-232.832450157,
    366.55434528484));
#3030 = CARTESIAN_POINT('',(525.41914777708,-227.902408393,
    281.96628571324));
#3031 = CARTESIAN_POINT('',(523.79500388177,-232.832450157,
    197.37822614164));
#3032 = CARTESIAN_POINT('',(519.1513502716,-246.9281262248,
    120.59173094725));
#3033 = CARTESIAN_POINT('',(511.90146081801,-268.9349557268,
    58.76942947714));
#3034 = CARTESIAN_POINT('',(502.58814791279,-297.2052473659,
    15.242735848046));
#3035 = CARTESIAN_POINT('',(493.77197143218,-323.9664957835,
    -0.119800532284));
#3036 = CARTESIAN_POINT('',(489.39999391339,-337.2375069429,0.));
#3037 = CARTESIAN_POINT('',(587.62832822466,-364.5410749272,
    513.66846404913));
#3038 = CARTESIAN_POINT('',(591.25089029107,-350.7721652607,
    513.7775865906));
#3039 = CARTESIAN_POINT('',(598.55585614511,-323.0068949582,
    499.78433479735));
#3040 = CARTESIAN_POINT('',(606.27274258792,-293.6759655248,
    460.13723690933));
#3041 = CARTESIAN_POINT('',(612.27990397138,-270.8434892484,
    403.82524457342));
#3042 = CARTESIAN_POINT('',(616.12757321155,-256.2189750998,
    333.88283825621));
#3043 = CARTESIAN_POINT('',(617.47331710895,-251.1039692509,
    256.83423202456));
#3044 = CARTESIAN_POINT('',(616.12757321155,-256.2189750998,
    179.78562579292));
#3045 = CARTESIAN_POINT('',(612.27990397138,-270.8434892484,
    109.84321947571));
#3046 = CARTESIAN_POINT('',(606.27274258792,-293.6759655248,
    53.531227139807));
#3047 = CARTESIAN_POINT('',(598.55585614511,-323.0068949582,
    13.884129251778));
#3048 = CARTESIAN_POINT('',(591.25089029107,-350.7721652607,
    -0.109122541468));
#3049 = CARTESIAN_POINT('',(587.62832822466,-364.5410749272,0.));
#3050 = CARTESIAN_POINT('',(640.,-376.7210506462,490.3515625));
#3051 = CARTESIAN_POINT('',(643.25324012286,-362.7312590218,
    490.45573165278));
#3052 = CARTESIAN_POINT('',(649.81346119759,-334.5205760169,
    477.09767414778));
#3053 = CARTESIAN_POINT('',(656.7436073591,-304.7191174512,
    439.25027303474));
#3054 = CARTESIAN_POINT('',(662.1383357527,-281.5203607515,
    385.49444537163));
#3055 = CARTESIAN_POINT('',(665.59373326478,-266.661238969,
    318.72692775472));
#3056 = CARTESIAN_POINT('',(666.80227792514,-261.4641777843,245.17578125
    ));
#3057 = CARTESIAN_POINT('',(665.59373326478,-266.661238969,
    171.62463474527));
#3058 = CARTESIAN_POINT('',(662.1383357527,-281.5203607515,
    104.85711712836));
#3059 = CARTESIAN_POINT('',(656.7436073591,-304.7191174512,
    51.101289465253));
#3060 = CARTESIAN_POINT('',(649.81346119759,-334.5205760169,
    13.253888352215));
#3061 = CARTESIAN_POINT('',(643.25324012286,-362.7312590218,
    -0.104169152786));
#3062 = CARTESIAN_POINT('',(640.,-376.7210506462,0.));
#3063 = DEFINITIONAL_REPRESENTATION('',(#3064),#3068);
#3064 = LINE('',#3065,#3066);
#3065 = CARTESIAN_POINT('',(0.,0.));
#3066 = VECTOR('',#3067,1.);
#3067 = DIRECTION('',(0.,1.));
#3068 = ( GEOMETRIC_REPRESENTATION_CONTEXT(2) 
PARAMETRIC_REPRESENTATION_CONTEXT() REPRESENTATION_CONTEXT('2D SPACE',''
  ) );
#3069 = ORIENTED_EDGE('',*,*,#3070,.T.);
#3070 = EDGE_CURVE('',#2964,#3071,#3073,.T.);
#3071 = VERTEX_POINT('',#3072);
#3072 = CARTESIAN_POINT('',(640.,-376.7210506462,490.3515625));
#3073 = SURFACE_CURVE('',#3074,(#3081),.PCURVE_S1.);
#3074 = B_SPLINE_CURVE_WITH_KNOTS('',3,(#3075,#3076,#3077,#3078,#3079,
    #3080),.UNSPECIFIED.,.F.,.F.,(4,1,1,4),(0.,0.292473671945,
    0.629106991972,1.),.UNSPECIFIED.);
#3075 = CARTESIAN_POINT('',(244.6925639128,-217.5,741.94164756874));
#3076 = CARTESIAN_POINT('',(279.22859368643,-241.5271986815,
    712.32525241996));
#3077 = CARTESIAN_POINT('',(357.18999330777,-285.0532909769,
    650.47696026462));
#3078 = CARTESIAN_POINT('',(489.39999391339,-337.2375069429,
    563.93257142648));
#3079 = CARTESIAN_POINT('',(587.62832822466,-364.5410749272,
    513.66846404913));
#3080 = CARTESIAN_POINT('',(640.,-376.7210506462,490.3515625));
#3081 = PCURVE('',#2984,#3082);
#3082 = DEFINITIONAL_REPRESENTATION('',(#3083),#3087);
#3083 = LINE('',#3084,#3085);
#3084 = CARTESIAN_POINT('',(0.,0.));
#3085 = VECTOR('',#3086,1.);
#3086 = DIRECTION('',(1.,0.));
#3087 = ( GEOMETRIC_REPRESENTATION_CONTEXT(2) 
PARAMETRIC_REPRESENTATION_CONTEXT() REPRESENTATION_CONTEXT('2D SPACE',''
  ) );
#3088 = ORIENTED_EDGE('',*,*,#3089,.T.);
#3089 = EDGE_CURVE('',#3071,#3090,#3092,.T.);
#3090 = VERTEX_POINT('',#3091);
#3091 = CARTESIAN_POINT('',(640.,-376.7210506462,0.));
#3092 = SURFACE_CURVE('',#3093,(#3107),.PCURVE_S1.);
#3093 = B_SPLINE_CURVE_WITH_KNOTS('',3,(#3094,#3095,#3096,#3097,#3098,
    #3099,#3100,#3101,#3102,#3103,#3104,#3105,#3106),.UNSPECIFIED.,.F.,
  .F.,(4,1,1,1,1,1,1,1,1,1,4),(0.,5.571669646817E-02,0.132865079423,
    0.23723115362,0.362990870693,0.5,0.637009129307,0.76276884638,
    0.867134920577,0.944283303532,1.),.UNSPECIFIED.);
#3094 = CARTESIAN_POINT('',(640.,-376.7210506462,490.3515625));
#3095 = CARTESIAN_POINT('',(643.25324012286,-362.7312590218,
    490.45573165278));
#3096 = CARTESIAN_POINT('',(649.81346119759,-334.5205760169,
    477.09767414778));
#3097 = CARTESIAN_POINT('',(656.7436073591,-304.7191174512,
    439.25027303474));
#3098 = CARTESIAN_POINT('',(662.1383357527,-281.5203607515,
    385.49444537163));
#3099 = CARTESIAN_POINT('',(665.59373326478,-266.661238969,
    318.72692775472));
#3100 = CARTESIAN_POINT('',(666.80227792514,-261.4641777843,245.17578125
    ));
#3101 = CARTESIAN_POINT('',(665.59373326478,-266.661238969,
    171.62463474527));
#3102 = CARTESIAN_POINT('',(662.1383357527,-281.5203607515,
    104.85711712836));
#3103 = CARTESIAN_POINT('',(656.7436073591,-304.7191174512,
    51.101289465253));
#3104 = CARTESIAN_POINT('',(649.81346119759,-334.5205760169,
    13.253888352215));
#3105 = CARTESIAN_POINT('',(643.25324012286,-362.7312590218,
    -0.104169152786));
#3106 = CARTESIAN_POINT('',(640.,-376.7210506462,0.));
#3107 = PCURVE('',#2984,#3108);
#3108 = DEFINITIONAL_REPRESENTATION('',(#3109),#3113);
#3109 = LINE('',#3110,#3111);
#3110 = CARTESIAN_POINT('',(1.,0.));
#3111 = VECTOR('',#3112,1.);
#3112 = DIRECTION('',(0.,1.));
#3113 = ( GEOMETRIC_REPRESENTATION_CONTEXT(2) 
PARAMETRIC_REPRESENTATION_CONTEXT() REPRESENTATION_CONTEXT('2D SPACE',''
  ) );
#3114 = ORIENTED_EDGE('',*,*,#3115,.F.);
#3115 = EDGE_CURVE('',#2966,#3090,#3116,.T.);
#3116 = SURFACE_CURVE('',#3117,(#3124),.PCURVE_S1.);
#3117 = B_SPLINE_CURVE_WITH_KNOTS('',3,(#3118,#3119,#3120,#3121,#3122,
    #3123),.UNSPECIFIED.,.F.,.F.,(4,1,1,4),(0.,0.292473671945,
    0.629106991972,1.),.UNSPECIFIED.);
#3118 = CARTESIAN_POINT('',(244.6925639128,-217.5,0.));
#3119 = CARTESIAN_POINT('',(279.22859368643,-241.5271986815,0.));
#3120 = CARTESIAN_POINT('',(357.18999330777,-285.0532909769,0.));
#3121 = CARTESIAN_POINT('',(489.39999391339,-337.2375069429,0.));
#3122 = CARTESIAN_POINT('',(587.62832822466,-364.5410749272,0.));
#3123 = CARTESIAN_POINT('',(640.,-376.7210506462,0.));
#3124 = PCURVE('',#2984,#3125);
#3125 = DEFINITIONAL_REPRESENTATION('',(#3126),#3130);
#3126 = LINE('',#3127,#3128);
#3127 = CARTESIAN_POINT('',(0.,1.));
#3128 = VECTOR('',#3129,1.);
#3129 = DIRECTION('',(1.,0.));
#3130 = ( GEOMETRIC_REPRESENTATION_CONTEXT(2) 
PARAMETRIC_REPRESENTATION_CONTEXT() REPRESENTATION_CONTEXT('2D SPACE',''
  ) );
#3131 = ( GEOMETRIC_REPRESENTATION_CONTEXT(3) 
GLOBAL_UNCERTAINTY_ASSIGNED_CONTEXT((#3135)) 
GLOBAL_UNIT_ASSIGNED_CONTEXT((#3132,#3133,#3134)) REPRESENTATION_CONTEXT
('Context #1','3D Context with UNIT and UNCERTAINTY') );
#3132 = ( LENGTH_UNIT() NAMED_UNIT(*) SI_UNIT(.MILLI.,.METRE.) );
#3133 = ( NAMED_UNIT(*) PLANE_ANGLE_UNIT() SI_UNIT($,.RADIAN.) );
#3134 = ( NAMED_UNIT(*) SI_UNIT($,.STERADIAN.) SOLID_ANGLE_UNIT() );
#3135 = UNCERTAINTY_MEASURE_WITH_UNIT(LENGTH_MEASURE(1.E-07),#3132,
  'distance_accuracy_value','confusion accuracy');
#3136 = CONTEXT_DEPENDENT_SHAPE_REPRESENTATION(#3137,#3139);
#3137 = ( REPRESENTATION_RELATIONSHIP('','',#2956,#10) 
REPRESENTATION_RELATIONSHIP_WITH_TRANSFORMATION(#3138) 
SHAPE_REPRESENTATION_RELATIONSHIP() );
#3138 = ITEM_DEFINED_TRANSFORMATION('','',#11,#75);
#3139 = PRODUCT_DEFINITION_SHAPE('Placement','Placement of an item',
  #3140);
#3140 = NEXT_ASSEMBLY_USAGE_OCCURRENCE('709','R04_L08','',#5,#2951,$);
#3141 = PRODUCT_RELATED_PRODUCT_CATEGORY('part',$,(#2953));
#3142 = SHAPE_DEFINITION_REPRESENTATION(#3143,#3149);
#3143 = PRODUCT_DEFINITION_SHAPE('','',#3144);
#3144 = PRODUCT_DEFINITION('design','',#3145,#3148);
#3145 = PRODUCT_DEFINITION_FORMATION('','',#3146);
#3146 = PRODUCT('R04_O09','R04_O09','',(#3147));
#3147 = PRODUCT_CONTEXT('',#2,'mechanical');
#3148 = PRODUCT_DEFINITION_CONTEXT('part definition',#2,'design');
#3149 = MANIFOLD_SURFACE_SHAPE_REPRESENTATION('',(#11,#3150),#3302);
#3150 = SHELL_BASED_SURFACE_MODEL('',(#3151));
#3151 = OPEN_SHELL('',(#3152));
#3152 = ADVANCED_FACE('',(#3153),#3176,.T.);
#3153 = FACE_BOUND('',#3154,.T.);
#3154 = EDGE_LOOP('',(#3155,#3243,#3261,#3286));
#3155 = ORIENTED_EDGE('',*,*,#3156,.F.);
#3156 = EDGE_CURVE('',#3157,#3159,#3161,.T.);
#3157 = VERTEX_POINT('',#3158);
#3158 = CARTESIAN_POINT('',(640.,-376.7210506462,0.));
#3159 = VERTEX_POINT('',#3160);
#3160 = CARTESIAN_POINT('',(640.,-376.7210506462,490.3515625));
#3161 = SURFACE_CURVE('',#3162,(#3175),.PCURVE_S1.);
#3162 = B_SPLINE_CURVE_WITH_KNOTS('',3,(#3163,#3164,#3165,#3166,#3167,
    #3168,#3169,#3170,#3171,#3172,#3173,#3174),.UNSPECIFIED.,.F.,.F.,(4,
    1,1,1,1,1,1,1,1,4),(0.,8.389215928157E-02,0.182531559215,
    0.299712423795,0.431343627899,0.568656372101,0.700287576205,
    0.817468440785,0.916107840718,1.),.UNSPECIFIED.);
#3163 = CARTESIAN_POINT('',(640.,-376.7210506462,0.));
#3164 = CARTESIAN_POINT('',(636.77714248936,-390.5801890147,
    -0.208315273221));
#3165 = CARTESIAN_POINT('',(629.96328503927,-419.8815754124,
    12.786930161526));
#3166 = CARTESIAN_POINT('',(622.03242590173,-453.9863640372,
    59.083099497798));
#3167 = CARTESIAN_POINT('',(616.43000961573,-478.0782335193,
    124.80884246697));
#3168 = CARTESIAN_POINT('',(613.47748678372,-490.7748613814,
    203.55075512857));
#3169 = CARTESIAN_POINT('',(613.47748678372,-490.7748613814,
    286.80080737143));
#3170 = CARTESIAN_POINT('',(616.43000961573,-478.0782335193,
    365.54272003302));
#3171 = CARTESIAN_POINT('',(622.03242590173,-453.9863640372,
    431.2684630022));
#3172 = CARTESIAN_POINT('',(629.96328503927,-419.8815754124,
    477.56463233847));
#3173 = CARTESIAN_POINT('',(636.77714248936,-390.5801890147,
    490.55987777322));
#3174 = CARTESIAN_POINT('',(640.,-376.7210506462,490.3515625));
#3175 = PCURVE('',#3176,#3237);
#3176 = B_SPLINE_SURFACE_WITH_KNOTS('',3,3,(
    (#3177,#3178,#3179,#3180,#3181,#3182,#3183,#3184,#3185,#3186,#3187
      ,#3188)
    ,(#3189,#3190,#3191,#3192,#3193,#3194,#3195,#3196,#3197,#3198,#3199
      ,#3200)
    ,(#3201,#3202,#3203,#3204,#3205,#3206,#3207,#3208,#3209,#3210,#3211
      ,#3212)
    ,(#3213,#3214,#3215,#3216,#3217,#3218,#3219,#3220,#3221,#3222,#3223
      ,#3224)
    ,(#3225,#3226,#3227,#3228,#3229,#3230,#3231,#3232,#3233,#3234,#3235
      ,#3236
    )),.UNSPECIFIED.,.F.,.F.,.F.,(4,1,4),(4,1,1,1,1,1,1,1,1,4),(0.,
    0.490269844761,1.),(0.,8.389215928157E-02,0.182531559215,
    0.299712423795,0.431343627899,0.568656372101,0.700287576205,
    0.817468440785,0.916107840718,1.),.UNSPECIFIED.);
#3177 = CARTESIAN_POINT('',(640.,-376.7210506462,0.));
#3178 = CARTESIAN_POINT('',(636.77714248936,-390.5801890147,
    -0.208315273221));
#3179 = CARTESIAN_POINT('',(629.96328503927,-419.8815754124,
    12.786930161526));
#3180 = CARTESIAN_POINT('',(622.03242590173,-453.9863640372,
    59.083099497798));
#3181 = CARTESIAN_POINT('',(616.43000961573,-478.0782335193,
    124.80884246697));
#3182 = CARTESIAN_POINT('',(613.47748678372,-490.7748613814,
    203.55075512857));
#3183 = CARTESIAN_POINT('',(613.47748678372,-490.7748613814,
    286.80080737143));
#3184 = CARTESIAN_POINT('',(616.43000961573,-478.0782335193,
    365.54272003302));
#3185 = CARTESIAN_POINT('',(622.03242590173,-453.9863640372,
    431.2684630022));
#3186 = CARTESIAN_POINT('',(629.96328503927,-419.8815754124,
    477.56463233847));
#3187 = CARTESIAN_POINT('',(636.77714248936,-390.5801890147,
    490.55987777322));
#3188 = CARTESIAN_POINT('',(640.,-376.7210506462,490.3515625));
#3189 = CARTESIAN_POINT('',(724.46619529446,-396.3393982411,0.));
#3190 = CARTESIAN_POINT('',(721.83202035372,-410.5504452233,
    -0.192315032988));
#3191 = CARTESIAN_POINT('',(716.26277241595,-440.5958468688,
    11.804794040351));
#3192 = CARTESIAN_POINT('',(709.78055273055,-475.56661782,
    54.545055930283));
#3193 = CARTESIAN_POINT('',(705.20146583654,-500.2702234841,
    115.2225484245));
#3194 = CARTESIAN_POINT('',(702.78824662644,-513.2892417135,
    187.9164671033));
#3195 = CARTESIAN_POINT('',(702.78824662644,-513.2892417135,
    264.7722650283));
#3196 = CARTESIAN_POINT('',(705.20146583654,-500.2702234841,
    337.4661837071));
#3197 = CARTESIAN_POINT('',(709.78055273055,-475.56661782,
    398.14367620132));
#3198 = CARTESIAN_POINT('',(716.26277241595,-440.5958468688,
    440.88393809126));
#3199 = CARTESIAN_POINT('',(721.83202035372,-410.5504452233,
    452.8810471646));
#3200 = CARTESIAN_POINT('',(724.46619529446,-396.3393982411,
    452.68873213161));
#3201 = CARTESIAN_POINT('',(902.64665302505,-425.4430086006,0.));
#3202 = CARTESIAN_POINT('',(901.10615110044,-440.1719122585,
    -0.166409347953));
#3203 = CARTESIAN_POINT('',(897.8491779078,-471.312181287,
    10.214636102323));
#3204 = CARTESIAN_POINT('',(894.05828621469,-507.557302201,
    47.197595790676));
#3205 = CARTESIAN_POINT('',(891.38037289008,-533.1611179006,
    99.701561832886));
#3206 = CARTESIAN_POINT('',(889.96908893163,-546.6545547644,
    162.60328833633));
#3207 = CARTESIAN_POINT('',(889.96908893163,-546.6545547644,
    229.10627055475));
#3208 = CARTESIAN_POINT('',(891.38037289009,-533.1611179006,
    292.0079970582));
#3209 = CARTESIAN_POINT('',(894.05828621469,-507.557302201,
    344.51196310041));
#3210 = CARTESIAN_POINT('',(897.8491779078,-471.312181287,
    381.49492278877));
#3211 = CARTESIAN_POINT('',(901.10615110044,-440.1719122585,
    391.87596823904));
#3212 = CARTESIAN_POINT('',(902.64665302505,-425.4430086006,
    391.70955889109));
#3213 = CARTESIAN_POINT('',(1.086231572395E+03,-434.9867226552,0.));
#3214 = CARTESIAN_POINT('',(1.085710479984E+03,-449.8873342676,
    -0.152089127736));
#3215 = CARTESIAN_POINT('',(1.084608771518E+03,-481.3906331602,
    9.335623954103));
#3216 = CARTESIAN_POINT('',(1.083326459007E+03,-518.0582957457,
    43.136045320239));
#3217 = CARTESIAN_POINT('',(1.08242062417E+03,-543.9605979396,
    91.121825543739));
#3218 = CARTESIAN_POINT('',(1.081943241216E+03,-557.6113398205,
    148.61059546346));
#3219 = CARTESIAN_POINT('',(1.081943241216E+03,-557.6113398205,
    209.39071798553));
#3220 = CARTESIAN_POINT('',(1.08242062417E+03,-543.9605979396,
    266.87948790525));
#3221 = CARTESIAN_POINT('',(1.083326459007E+03,-518.0582957457,
    314.86526812875));
#3222 = CARTESIAN_POINT('',(1.084608771518E+03,-481.3906331602,
    348.66568949489));
#3223 = CARTESIAN_POINT('',(1.085710479984E+03,-449.8873342676,
    358.15340257673));
#3224 = CARTESIAN_POINT('',(1.086231572395E+03,-434.9867226552,
    358.00131344899));
#3225 = CARTESIAN_POINT('',(1.18E+03,-435.,0.));
#3226 = CARTESIAN_POINT('',(1.18E+03,-449.9006849269,-0.146831318207));
#3227 = CARTESIAN_POINT('',(1.18E+03,-481.4041388232,9.012886008857));
#3228 = CARTESIAN_POINT('',(1.18E+03,-518.0719818222,41.644807166137));
#3229 = CARTESIAN_POINT('',(1.18E+03,-543.9744114616,87.971691081635));
#3230 = CARTESIAN_POINT('',(1.18E+03,-557.6252205074,143.47304081714));
#3231 = CARTESIAN_POINT('',(1.18E+03,-557.6252205074,202.15195918285));
#3232 = CARTESIAN_POINT('',(1.18E+03,-543.9744114616,257.65330891836));
#3233 = CARTESIAN_POINT('',(1.18E+03,-518.0719818222,303.98019283386));
#3234 = CARTESIAN_POINT('',(1.18E+03,-481.4041388232,336.61211399114));
#3235 = CARTESIAN_POINT('',(1.18E+03,-449.9006849269,345.7718313182));
#3236 = CARTESIAN_POINT('',(1.18E+03,-435.,345.625));
#3237 = DEFINITIONAL_REPRESENTATION('',(#3238),#3242);
#3238 = LINE('',#3239,#3240);
#3239 = CARTESIAN_POINT('',(0.,0.));
#3240 = VECTOR('',#3241,1.);
#3241 = DIRECTION('',(0.,1.));
#3242 = ( GEOMETRIC_REPRESENTATION_CONTEXT(2) 
PARAMETRIC_REPRESENTATION_CONTEXT() REPRESENTATION_CONTEXT('2D SPACE',''
  ) );
#3243 = ORIENTED_EDGE('',*,*,#3244,.T.);
#3244 = EDGE_CURVE('',#3157,#3245,#3247,.T.);
#3245 = VERTEX_POINT('',#3246);
#3246 = CARTESIAN_POINT('',(1.18E+03,-435.,0.));
#3247 = SURFACE_CURVE('',#3248,(#3254),.PCURVE_S1.);
#3248 = B_SPLINE_CURVE_WITH_KNOTS('',3,(#3249,#3250,#3251,#3252,#3253),
  .UNSPECIFIED.,.F.,.F.,(4,1,4),(0.,0.490269844761,1.),.UNSPECIFIED.);
#3249 = CARTESIAN_POINT('',(640.,-376.7210506462,0.));
#3250 = CARTESIAN_POINT('',(724.46619529446,-396.3393982411,0.));
#3251 = CARTESIAN_POINT('',(902.64665302505,-425.4430086006,0.));
#3252 = CARTESIAN_POINT('',(1.086231572395E+03,-434.9867226552,0.));
#3253 = CARTESIAN_POINT('',(1.18E+03,-435.,0.));
#3254 = PCURVE('',#3176,#3255);
#3255 = DEFINITIONAL_REPRESENTATION('',(#3256),#3260);
#3256 = LINE('',#3257,#3258);
#3257 = CARTESIAN_POINT('',(0.,0.));
#3258 = VECTOR('',#3259,1.);
#3259 = DIRECTION('',(1.,0.));
#3260 = ( GEOMETRIC_REPRESENTATION_CONTEXT(2) 
PARAMETRIC_REPRESENTATION_CONTEXT() REPRESENTATION_CONTEXT('2D SPACE',''
  ) );
#3261 = ORIENTED_EDGE('',*,*,#3262,.T.);
#3262 = EDGE_CURVE('',#3245,#3263,#3265,.T.);
#3263 = VERTEX_POINT('',#3264);
#3264 = CARTESIAN_POINT('',(1.18E+03,-435.,345.625));
#3265 = SURFACE_CURVE('',#3266,(#3279),.PCURVE_S1.);
#3266 = B_SPLINE_CURVE_WITH_KNOTS('',3,(#3267,#3268,#3269,#3270,#3271,
    #3272,#3273,#3274,#3275,#3276,#3277,#3278),.UNSPECIFIED.,.F.,.F.,(4,
    1,1,1,1,1,1,1,1,4),(0.,8.389215928157E-02,0.182531559215,
    0.299712423795,0.431343627899,0.568656372101,0.700287576205,
    0.817468440785,0.916107840718,1.),.UNSPECIFIED.);
#3267 = CARTESIAN_POINT('',(1.18E+03,-435.,0.));
#3268 = CARTESIAN_POINT('',(1.18E+03,-449.9006849269,-0.146831318207));
#3269 = CARTESIAN_POINT('',(1.18E+03,-481.4041388232,9.012886008857));
#3270 = CARTESIAN_POINT('',(1.18E+03,-518.0719818222,41.644807166137));
#3271 = CARTESIAN_POINT('',(1.18E+03,-543.9744114616,87.971691081635));
#3272 = CARTESIAN_POINT('',(1.18E+03,-557.6252205074,143.47304081714));
#3273 = CARTESIAN_POINT('',(1.18E+03,-557.6252205074,202.15195918285));
#3274 = CARTESIAN_POINT('',(1.18E+03,-543.9744114616,257.65330891836));
#3275 = CARTESIAN_POINT('',(1.18E+03,-518.0719818222,303.98019283386));
#3276 = CARTESIAN_POINT('',(1.18E+03,-481.4041388232,336.61211399114));
#3277 = CARTESIAN_POINT('',(1.18E+03,-449.9006849269,345.7718313182));
#3278 = CARTESIAN_POINT('',(1.18E+03,-435.,345.625));
#3279 = PCURVE('',#3176,#3280);
#3280 = DEFINITIONAL_REPRESENTATION('',(#3281),#3285);
#3281 = LINE('',#3282,#3283);
#3282 = CARTESIAN_POINT('',(1.,0.));
#3283 = VECTOR('',#3284,1.);
#3284 = DIRECTION('',(0.,1.));
#3285 = ( GEOMETRIC_REPRESENTATION_CONTEXT(2) 
PARAMETRIC_REPRESENTATION_CONTEXT() REPRESENTATION_CONTEXT('2D SPACE',''
  ) );
#3286 = ORIENTED_EDGE('',*,*,#3287,.F.);
#3287 = EDGE_CURVE('',#3159,#3263,#3288,.T.);
#3288 = SURFACE_CURVE('',#3289,(#3295),.PCURVE_S1.);
#3289 = B_SPLINE_CURVE_WITH_KNOTS('',3,(#3290,#3291,#3292,#3293,#3294),
  .UNSPECIFIED.,.F.,.F.,(4,1,4),(0.,0.490269844761,1.),.UNSPECIFIED.);
#3290 = CARTESIAN_POINT('',(640.,-376.7210506462,490.3515625));
#3291 = CARTESIAN_POINT('',(724.46619529446,-396.3393982411,
    452.68873213161));
#3292 = CARTESIAN_POINT('',(902.64665302505,-425.4430086006,
    391.70955889109));
#3293 = CARTESIAN_POINT('',(1.086231572395E+03,-434.9867226552,
    358.00131344899));
#3294 = CARTESIAN_POINT('',(1.18E+03,-435.,345.625));
#3295 = PCURVE('',#3176,#3296);
#3296 = DEFINITIONAL_REPRESENTATION('',(#3297),#3301);
#3297 = LINE('',#3298,#3299);
#3298 = CARTESIAN_POINT('',(0.,1.));
#3299 = VECTOR('',#3300,1.);
#3300 = DIRECTION('',(1.,0.));
#3301 = ( GEOMETRIC_REPRESENTATION_CONTEXT(2) 
PARAMETRIC_REPRESENTATION_CONTEXT() REPRESENTATION_CONTEXT('2D SPACE',''
  ) );
#3302 = ( GEOMETRIC_REPRESENTATION_CONTEXT(3) 
GLOBAL_UNCERTAINTY_ASSIGNED_CONTEXT((#3306)) 
GLOBAL_UNIT_ASSIGNED_CONTEXT((#3303,#3304,#3305)) REPRESENTATION_CONTEXT
('Context #1','3D Context with UNIT and UNCERTAINTY') );
#3303 = ( LENGTH_UNIT() NAMED_UNIT(*) SI_UNIT(.MILLI.,.METRE.) );
#3304 = ( NAMED_UNIT(*) PLANE_ANGLE_UNIT() SI_UNIT($,.RADIAN.) );
#3305 = ( NAMED_UNIT(*) SI_UNIT($,.STERADIAN.) SOLID_ANGLE_UNIT() );
#3306 = UNCERTAINTY_MEASURE_WITH_UNIT(LENGTH_MEASURE(1.E-07),#3303,
  'distance_accuracy_value','confusion accuracy');
#3307 = CONTEXT_DEPENDENT_SHAPE_REPRESENTATION(#3308,#3310);
#3308 = ( REPRESENTATION_RELATIONSHIP('','',#3149,#10) 
REPRESENTATION_RELATIONSHIP_WITH_TRANSFORMATION(#3309) 
SHAPE_REPRESENTATION_RELATIONSHIP() );
#3309 = ITEM_DEFINED_TRANSFORMATION('','',#11,#79);
#3310 = PRODUCT_DEFINITION_SHAPE('Placement','Placement of an item',
  #3311);
#3311 = NEXT_ASSEMBLY_USAGE_OCCURRENCE('710','R04_O09','',#5,#3144,$);
#3312 = PRODUCT_RELATED_PRODUCT_CATEGORY('part',$,(#3146));
#3313 = SHAPE_DEFINITION_REPRESENTATION(#3314,#3320);
#3314 = PRODUCT_DEFINITION_SHAPE('','',#3315);
#3315 = PRODUCT_DEFINITION('design','',#3316,#3319);
#3316 = PRODUCT_DEFINITION_FORMATION('','',#3317);
#3317 = PRODUCT('R04_L09','R04_L09','',(#3318));
#3318 = PRODUCT_CONTEXT('',#2,'mechanical');
#3319 = PRODUCT_DEFINITION_CONTEXT('part definition',#2,'design');
#3320 = MANIFOLD_SURFACE_SHAPE_REPRESENTATION('',(#11,#3321),#3473);
#3321 = SHELL_BASED_SURFACE_MODEL('',(#3322));
#3322 = OPEN_SHELL('',(#3323));
#3323 = ADVANCED_FACE('',(#3324),#3347,.T.);
#3324 = FACE_BOUND('',#3325,.T.);
#3325 = EDGE_LOOP('',(#3326,#3414,#3432,#3457));
#3326 = ORIENTED_EDGE('',*,*,#3327,.F.);
#3327 = EDGE_CURVE('',#3328,#3330,#3332,.T.);
#3328 = VERTEX_POINT('',#3329);
#3329 = CARTESIAN_POINT('',(640.,-376.7210506462,490.3515625));
#3330 = VERTEX_POINT('',#3331);
#3331 = CARTESIAN_POINT('',(640.,-376.7210506462,0.));
#3332 = SURFACE_CURVE('',#3333,(#3346),.PCURVE_S1.);
#3333 = B_SPLINE_CURVE_WITH_KNOTS('',3,(#3334,#3335,#3336,#3337,#3338,
    #3339,#3340,#3341,#3342,#3343,#3344,#3345),.UNSPECIFIED.,.F.,.F.,(4,
    1,1,1,1,1,1,1,1,4),(0.,8.389215928157E-02,0.182531559215,
    0.299712423795,0.431343627899,0.568656372101,0.700287576205,
    0.817468440785,0.916107840718,1.),.UNSPECIFIED.);
#3334 = CARTESIAN_POINT('',(640.,-376.7210506462,490.3515625));
#3335 = CARTESIAN_POINT('',(643.22285751063,-362.8619122777,
    490.55987777322));
#3336 = CARTESIAN_POINT('',(650.03671496072,-333.56052588,
    477.56463233847));
#3337 = CARTESIAN_POINT('',(657.96757409826,-299.4557372551,
    431.2684630022));
#3338 = CARTESIAN_POINT('',(663.56999038426,-275.3638677731,
    365.54272003302));
#3339 = CARTESIAN_POINT('',(666.52251321627,-262.667239911,
    286.80080737143));
#3340 = CARTESIAN_POINT('',(666.52251321627,-262.667239911,
    203.55075512857));
#3341 = CARTESIAN_POINT('',(663.56999038426,-275.3638677731,
    124.80884246697));
#3342 = CARTESIAN_POINT('',(657.96757409826,-299.4557372551,
    59.083099497799));
#3343 = CARTESIAN_POINT('',(650.03671496072,-333.56052588,
    12.786930161526));
#3344 = CARTESIAN_POINT('',(643.22285751063,-362.8619122777,
    -0.208315273221));
#3345 = CARTESIAN_POINT('',(640.,-376.7210506462,0.));
#3346 = PCURVE('',#3347,#3408);
#3347 = B_SPLINE_SURFACE_WITH_KNOTS('',3,3,(
    (#3348,#3349,#3350,#3351,#3352,#3353,#3354,#3355,#3356,#3357,#3358
      ,#3359)
    ,(#3360,#3361,#3362,#3363,#3364,#3365,#3366,#3367,#3368,#3369,#3370
      ,#3371)
    ,(#3372,#3373,#3374,#3375,#3376,#3377,#3378,#3379,#3380,#3381,#3382
      ,#3383)
    ,(#3384,#3385,#3386,#3387,#3388,#3389,#3390,#3391,#3392,#3393,#3394
      ,#3395)
    ,(#3396,#3397,#3398,#3399,#3400,#3401,#3402,#3403,#3404,#3405,#3406
      ,#3407
    )),.UNSPECIFIED.,.F.,.F.,.F.,(4,1,4),(4,1,1,1,1,1,1,1,1,4),(0.,
    0.488775062745,1.),(0.,8.389215928157E-02,0.182531559215,
    0.299712423795,0.431343627899,0.568656372101,0.700287576205,
    0.817468440785,0.916107840718,1.),.UNSPECIFIED.);
#3348 = CARTESIAN_POINT('',(640.,-376.7210506462,490.3515625));
#3349 = CARTESIAN_POINT('',(643.22285751063,-362.8619122777,
    490.55987777322));
#3350 = CARTESIAN_POINT('',(650.03671496072,-333.56052588,
    477.56463233847));
#3351 = CARTESIAN_POINT('',(657.96757409826,-299.4557372551,
    431.2684630022));
#3352 = CARTESIAN_POINT('',(663.56999038426,-275.3638677731,
    365.54272003302));
#3353 = CARTESIAN_POINT('',(666.52251321627,-262.667239911,
    286.80080737143));
#3354 = CARTESIAN_POINT('',(666.52251321627,-262.667239911,
    203.55075512857));
#3355 = CARTESIAN_POINT('',(663.56999038426,-275.3638677731,
    124.80884246697));
#3356 = CARTESIAN_POINT('',(657.96757409826,-299.4557372551,
    59.083099497799));
#3357 = CARTESIAN_POINT('',(650.03671496072,-333.56052588,
    12.786930161526));
#3358 = CARTESIAN_POINT('',(643.22285751063,-362.8619122777,
    -0.208315273221));
#3359 = CARTESIAN_POINT('',(640.,-376.7210506462,0.));
#3360 = CARTESIAN_POINT('',(724.95201151592,-396.4439560605,
    452.48490469203));
#3361 = CARTESIAN_POINT('',(727.58295916541,-382.2310425887,
    452.67713313334));
#3362 = CARTESIAN_POINT('',(733.14538387178,-352.1816947576,
    440.68542587332));
#3363 = CARTESIAN_POINT('',(739.61966178742,-317.206330719,
    397.96440819587));
#3364 = CARTESIAN_POINT('',(744.1931385578,-292.4994804648,
    337.31423632409));
#3365 = CARTESIAN_POINT('',(746.60340118323,-279.4787523078,
    264.65304877877));
#3366 = CARTESIAN_POINT('',(746.60340118322,-279.4787523078,
    187.83185591326));
#3367 = CARTESIAN_POINT('',(744.1931385578,-292.4994804648,
    115.17066836794));
#3368 = CARTESIAN_POINT('',(739.61966178742,-317.206330719,
    54.520496496168));
#3369 = CARTESIAN_POINT('',(733.14538387179,-352.1816947576,
    11.799478818714));
#3370 = CARTESIAN_POINT('',(727.58295916541,-382.2310425887,
    -0.192228441301));
#3371 = CARTESIAN_POINT('',(724.95201151592,-396.4439560605,0.));
#3372 = CARTESIAN_POINT('',(903.43877551466,-425.5042864634,
    391.53743555546));
#3373 = CARTESIAN_POINT('',(904.97486589821,-410.7742914157,
    391.70377178053));
#3374 = CARTESIAN_POINT('',(908.2225120847,-379.6317149401,
    381.32728792476));
#3375 = CARTESIAN_POINT('',(912.00254778726,-343.3839083169,
    344.36057913006));
#3376 = CARTESIAN_POINT('',(914.67279236159,-317.778195413,
    291.87968415559));
#3377 = CARTESIAN_POINT('',(916.08003482095,-304.2837587058,
    229.00559765922));
#3378 = CARTESIAN_POINT('',(916.08003482096,-304.2837587058,
    162.53183789624));
#3379 = CARTESIAN_POINT('',(914.67279236158,-317.778195413,
    99.657751399874));
#3380 = CARTESIAN_POINT('',(912.00254778726,-343.3839083169,
    47.176856425408));
#3381 = CARTESIAN_POINT('',(908.22251208469,-379.6317149401,
    10.210147630703));
#3382 = CARTESIAN_POINT('',(904.97486589821,-410.7742914157,
    -0.166336225071));
#3383 = CARTESIAN_POINT('',(903.43877551466,-425.5042864634,0.));
#3384 = CARTESIAN_POINT('',(1.086304002595E+03,-434.9847117013,
    357.99456578375));
#3385 = CARTESIAN_POINT('',(1.086824678252E+03,-420.0841336199,
    358.14665204489));
#3386 = CARTESIAN_POINT('',(1.087925505605E+03,-388.5809056194,
    348.65911778896));
#3387 = CARTESIAN_POINT('',(1.089206792561E+03,-351.9133255475,
    314.8593334985));
#3388 = CARTESIAN_POINT('',(1.090111902939E+03,-326.0110816417,
    266.87445771856));
#3389 = CARTESIAN_POINT('',(1.090588904097E+03,-312.3603704792,
    209.38677135624));
#3390 = CARTESIAN_POINT('',(1.090588904097E+03,-312.3603704792,
    148.60779442751));
#3391 = CARTESIAN_POINT('',(1.090111902939E+03,-326.0110816417,
    91.120108065194));
#3392 = CARTESIAN_POINT('',(1.089206792561E+03,-351.9133255475,
    43.13523228525));
#3393 = CARTESIAN_POINT('',(1.087925505605E+03,-388.5809056194,
    9.33544799479));
#3394 = CARTESIAN_POINT('',(1.086824678252E+03,-420.0841336199,
    -0.152086261136));
#3395 = CARTESIAN_POINT('',(1.086304002595E+03,-434.9847117013,0.));
#3396 = CARTESIAN_POINT('',(1.18E+03,-435.,345.625));
#3397 = CARTESIAN_POINT('',(1.18E+03,-420.099315073,345.7718313182));
#3398 = CARTESIAN_POINT('',(1.18E+03,-388.5958611767,336.61211399114));
#3399 = CARTESIAN_POINT('',(1.18E+03,-351.9280181777,303.98019283386));
#3400 = CARTESIAN_POINT('',(1.18E+03,-326.0255885383,257.65330891836));
#3401 = CARTESIAN_POINT('',(1.18E+03,-312.3747794925,202.15195918285));
#3402 = CARTESIAN_POINT('',(1.18E+03,-312.3747794925,143.47304081714));
#3403 = CARTESIAN_POINT('',(1.18E+03,-326.0255885383,87.971691081635));
#3404 = CARTESIAN_POINT('',(1.18E+03,-351.9280181777,41.644807166137));
#3405 = CARTESIAN_POINT('',(1.18E+03,-388.5958611767,9.012886008857));
#3406 = CARTESIAN_POINT('',(1.18E+03,-420.099315073,-0.146831318207));
#3407 = CARTESIAN_POINT('',(1.18E+03,-435.,0.));
#3408 = DEFINITIONAL_REPRESENTATION('',(#3409),#3413);
#3409 = LINE('',#3410,#3411);
#3410 = CARTESIAN_POINT('',(0.,0.));
#3411 = VECTOR('',#3412,1.);
#3412 = DIRECTION('',(0.,1.));
#3413 = ( GEOMETRIC_REPRESENTATION_CONTEXT(2) 
PARAMETRIC_REPRESENTATION_CONTEXT() REPRESENTATION_CONTEXT('2D SPACE',''
  ) );
#3414 = ORIENTED_EDGE('',*,*,#3415,.T.);
#3415 = EDGE_CURVE('',#3328,#3416,#3418,.T.);
#3416 = VERTEX_POINT('',#3417);
#3417 = CARTESIAN_POINT('',(1.18E+03,-435.,345.625));
#3418 = SURFACE_CURVE('',#3419,(#3425),.PCURVE_S1.);
#3419 = B_SPLINE_CURVE_WITH_KNOTS('',3,(#3420,#3421,#3422,#3423,#3424),
  .UNSPECIFIED.,.F.,.F.,(4,1,4),(0.,0.488775062745,1.),.UNSPECIFIED.);
#3420 = CARTESIAN_POINT('',(640.,-376.7210506462,490.3515625));
#3421 = CARTESIAN_POINT('',(724.95201151592,-396.4439560605,
    452.48490469203));
#3422 = CARTESIAN_POINT('',(903.43877551466,-425.5042864634,
    391.53743555546));
#3423 = CARTESIAN_POINT('',(1.086304002595E+03,-434.9847117013,
    357.99456578375));
#3424 = CARTESIAN_POINT('',(1.18E+03,-435.,345.625));
#3425 = PCURVE('',#3347,#3426);
#3426 = DEFINITIONAL_REPRESENTATION('',(#3427),#3431);
#3427 = LINE('',#3428,#3429);
#3428 = CARTESIAN_POINT('',(0.,0.));
#3429 = VECTOR('',#3430,1.);
#3430 = DIRECTION('',(1.,0.));
#3431 = ( GEOMETRIC_REPRESENTATION_CONTEXT(2) 
PARAMETRIC_REPRESENTATION_CONTEXT() REPRESENTATION_CONTEXT('2D SPACE',''
  ) );
#3432 = ORIENTED_EDGE('',*,*,#3433,.T.);
#3433 = EDGE_CURVE('',#3416,#3434,#3436,.T.);
#3434 = VERTEX_POINT('',#3435);
#3435 = CARTESIAN_POINT('',(1.18E+03,-435.,0.));
#3436 = SURFACE_CURVE('',#3437,(#3450),.PCURVE_S1.);
#3437 = B_SPLINE_CURVE_WITH_KNOTS('',3,(#3438,#3439,#3440,#3441,#3442,
    #3443,#3444,#3445,#3446,#3447,#3448,#3449),.UNSPECIFIED.,.F.,.F.,(4,
    1,1,1,1,1,1,1,1,4),(0.,8.389215928157E-02,0.182531559215,
    0.299712423795,0.431343627899,0.568656372101,0.700287576205,
    0.817468440785,0.916107840718,1.),.UNSPECIFIED.);
#3438 = CARTESIAN_POINT('',(1.18E+03,-435.,345.625));
#3439 = CARTESIAN_POINT('',(1.18E+03,-420.099315073,345.7718313182));
#3440 = CARTESIAN_POINT('',(1.18E+03,-388.5958611767,336.61211399114));
#3441 = CARTESIAN_POINT('',(1.18E+03,-351.9280181777,303.98019283386));
#3442 = CARTESIAN_POINT('',(1.18E+03,-326.0255885383,257.65330891836));
#3443 = CARTESIAN_POINT('',(1.18E+03,-312.3747794925,202.15195918285));
#3444 = CARTESIAN_POINT('',(1.18E+03,-312.3747794925,143.47304081714));
#3445 = CARTESIAN_POINT('',(1.18E+03,-326.0255885383,87.971691081635));
#3446 = CARTESIAN_POINT('',(1.18E+03,-351.9280181777,41.644807166137));
#3447 = CARTESIAN_POINT('',(1.18E+03,-388.5958611767,9.012886008857));
#3448 = CARTESIAN_POINT('',(1.18E+03,-420.099315073,-0.146831318207));
#3449 = CARTESIAN_POINT('',(1.18E+03,-435.,0.));
#3450 = PCURVE('',#3347,#3451);
#3451 = DEFINITIONAL_REPRESENTATION('',(#3452),#3456);
#3452 = LINE('',#3453,#3454);
#3453 = CARTESIAN_POINT('',(1.,0.));
#3454 = VECTOR('',#3455,1.);
#3455 = DIRECTION('',(0.,1.));
#3456 = ( GEOMETRIC_REPRESENTATION_CONTEXT(2) 
PARAMETRIC_REPRESENTATION_CONTEXT() REPRESENTATION_CONTEXT('2D SPACE',''
  ) );
#3457 = ORIENTED_EDGE('',*,*,#3458,.F.);
#3458 = EDGE_CURVE('',#3330,#3434,#3459,.T.);
#3459 = SURFACE_CURVE('',#3460,(#3466),.PCURVE_S1.);
#3460 = B_SPLINE_CURVE_WITH_KNOTS('',3,(#3461,#3462,#3463,#3464,#3465),
  .UNSPECIFIED.,.F.,.F.,(4,1,4),(0.,0.488775062745,1.),.UNSPECIFIED.);
#3461 = CARTESIAN_POINT('',(640.,-376.7210506462,0.));
#3462 = CARTESIAN_POINT('',(724.95201151592,-396.4439560605,0.));
#3463 = CARTESIAN_POINT('',(903.43877551466,-425.5042864634,0.));
#3464 = CARTESIAN_POINT('',(1.086304002595E+03,-434.9847117013,0.));
#3465 = CARTESIAN_POINT('',(1.18E+03,-435.,0.));
#3466 = PCURVE('',#3347,#3467);
#3467 = DEFINITIONAL_REPRESENTATION('',(#3468),#3472);
#3468 = LINE('',#3469,#3470);
#3469 = CARTESIAN_POINT('',(0.,1.));
#3470 = VECTOR('',#3471,1.);
#3471 = DIRECTION('',(1.,0.));
#3472 = ( GEOMETRIC_REPRESENTATION_CONTEXT(2) 
PARAMETRIC_REPRESENTATION_CONTEXT() REPRESENTATION_CONTEXT('2D SPACE',''
  ) );
#3473 = ( GEOMETRIC_REPRESENTATION_CONTEXT(3) 
GLOBAL_UNCERTAINTY_ASSIGNED_CONTEXT((#3477)) 
GLOBAL_UNIT_ASSIGNED_CONTEXT((#3474,#3475,#3476)) REPRESENTATION_CONTEXT
('Context #1','3D Context with UNIT and UNCERTAINTY') );
#3474 = ( LENGTH_UNIT() NAMED_UNIT(*) SI_UNIT(.MILLI.,.METRE.) );
#3475 = ( NAMED_UNIT(*) PLANE_ANGLE_UNIT() SI_UNIT($,.RADIAN.) );
#3476 = ( NAMED_UNIT(*) SI_UNIT($,.STERADIAN.) SOLID_ANGLE_UNIT() );
#3477 = UNCERTAINTY_MEASURE_WITH_UNIT(LENGTH_MEASURE(1.E-07),#3474,
  'distance_accuracy_value','confusion accuracy');
#3478 = CONTEXT_DEPENDENT_SHAPE_REPRESENTATION(#3479,#3481);
#3479 = ( REPRESENTATION_RELATIONSHIP('','',#3320,#10) 
REPRESENTATION_RELATIONSHIP_WITH_TRANSFORMATION(#3480) 
SHAPE_REPRESENTATION_RELATIONSHIP() );
#3480 = ITEM_DEFINED_TRANSFORMATION('','',#11,#83);
#3481 = PRODUCT_DEFINITION_SHAPE('Placement','Placement of an item',
  #3482);
#3482 = NEXT_ASSEMBLY_USAGE_OCCURRENCE('711','R04_L09','',#5,#3315,$);
#3483 = PRODUCT_RELATED_PRODUCT_CATEGORY('part',$,(#3317));
#3484 = SHAPE_DEFINITION_REPRESENTATION(#3485,#3491);
#3485 = PRODUCT_DEFINITION_SHAPE('','',#3486);
#3486 = PRODUCT_DEFINITION('design','',#3487,#3490);
#3487 = PRODUCT_DEFINITION_FORMATION('','',#3488);
#3488 = PRODUCT('R04_O10','R04_O10','',(#3489));
#3489 = PRODUCT_CONTEXT('',#2,'mechanical');
#3490 = PRODUCT_DEFINITION_CONTEXT('part definition',#2,'design');
#3491 = MANIFOLD_SURFACE_SHAPE_REPRESENTATION('',(#11,#3492),#3618);
#3492 = SHELL_BASED_SURFACE_MODEL('',(#3493));
#3493 = OPEN_SHELL('',(#3494));
#3494 = ADVANCED_FACE('',(#3495),#3516,.T.);
#3495 = FACE_BOUND('',#3496,.T.);
#3496 = EDGE_LOOP('',(#3497,#3563,#3580,#3603));
#3497 = ORIENTED_EDGE('',*,*,#3498,.F.);
#3498 = EDGE_CURVE('',#3499,#3501,#3503,.T.);
#3499 = VERTEX_POINT('',#3500);
#3500 = CARTESIAN_POINT('',(1.18E+03,-435.,0.));
#3501 = VERTEX_POINT('',#3502);
#3502 = CARTESIAN_POINT('',(1.18E+03,-435.,345.625));
#3503 = SURFACE_CURVE('',#3504,(#3515),.PCURVE_S1.);
#3504 = B_SPLINE_CURVE_WITH_KNOTS('',3,(#3505,#3506,#3507,#3508,#3509,
    #3510,#3511,#3512,#3513,#3514),.UNSPECIFIED.,.F.,.F.,(4,1,1,1,1,1,1,
    4),(0.,0.124223111754,0.263255383037,0.418727059994,0.581272940006,
    0.736744616963,0.875776888246,1.),.UNSPECIFIED.);
#3505 = CARTESIAN_POINT('',(1.18E+03,-435.,0.));
#3506 = CARTESIAN_POINT('',(1.18E+03,-454.1220974614,-7.6464203656E-02)
  );
#3507 = CARTESIAN_POINT('',(1.18E+03,-492.8891159158,13.891345569599));
#3508 = CARTESIAN_POINT('',(1.18E+03,-535.6288043296,65.29234923289));
#3509 = CARTESIAN_POINT('',(1.18E+03,-558.0227681765,135.03791506732));
#3510 = CARTESIAN_POINT('',(1.18E+03,-558.0227681765,210.58708493267));
#3511 = CARTESIAN_POINT('',(1.18E+03,-535.6288043295,280.33265076711));
#3512 = CARTESIAN_POINT('',(1.18E+03,-492.8891159158,331.73365443038));
#3513 = CARTESIAN_POINT('',(1.18E+03,-454.1220974613,345.70146420366));
#3514 = CARTESIAN_POINT('',(1.18E+03,-435.,345.625));
#3515 = PCURVE('',#3516,#3557);
#3516 = B_SPLINE_SURFACE_WITH_KNOTS('',3,3,(
    (#3517,#3518,#3519,#3520,#3521,#3522,#3523,#3524,#3525,#3526)
    ,(#3527,#3528,#3529,#3530,#3531,#3532,#3533,#3534,#3535,#3536)
    ,(#3537,#3538,#3539,#3540,#3541,#3542,#3543,#3544,#3545,#3546)
    ,(#3547,#3548,#3549,#3550,#3551,#3552,#3553,#3554,#3555,#3556
  )),.UNSPECIFIED.,.F.,.F.,.F.,(4,4),(4,1,1,1,1,1,1,4),(0.,1.),(0.,
    0.124223111754,0.263255383037,0.418727059994,0.581272940006,
    0.736744616963,0.875776888246,1.),.UNSPECIFIED.);
#3517 = CARTESIAN_POINT('',(1.18E+03,-435.,0.));
#3518 = CARTESIAN_POINT('',(1.18E+03,-454.1220974614,-7.6464203656E-02)
  );
#3519 = CARTESIAN_POINT('',(1.18E+03,-492.8891159158,13.891345569599));
#3520 = CARTESIAN_POINT('',(1.18E+03,-535.6288043296,65.29234923289));
#3521 = CARTESIAN_POINT('',(1.18E+03,-558.0227681765,135.03791506732));
#3522 = CARTESIAN_POINT('',(1.18E+03,-558.0227681765,210.58708493267));
#3523 = CARTESIAN_POINT('',(1.18E+03,-535.6288043295,280.33265076711));
#3524 = CARTESIAN_POINT('',(1.18E+03,-492.8891159158,331.73365443038));
#3525 = CARTESIAN_POINT('',(1.18E+03,-454.1220974613,345.70146420366));
#3526 = CARTESIAN_POINT('',(1.18E+03,-435.,345.625));
#3527 = CARTESIAN_POINT('',(1.358633714377E+03,-435.022616246,0.));
#3528 = CARTESIAN_POINT('',(1.359914932526E+03,-454.1439402906,
    -7.123992307091E-02));
#3529 = CARTESIAN_POINT('',(1.362512399028E+03,-492.909390765,
    12.942244114423));
#3530 = CARTESIAN_POINT('',(1.365376042233E+03,-535.6473505192,
    60.831365712014));
#3531 = CARTESIAN_POINT('',(1.366876481866E+03,-558.0404086146,
    125.81168992936));
#3532 = CARTESIAN_POINT('',(1.366876481866E+03,-558.0404086146,
    196.19909726441));
#3533 = CARTESIAN_POINT('',(1.365376042233E+03,-535.6473505192,
    261.17942148178));
#3534 = CARTESIAN_POINT('',(1.362512399028E+03,-492.909390765,
    309.06854307934));
#3535 = CARTESIAN_POINT('',(1.359914932526E+03,-454.1439402905,
    322.08202711686));
#3536 = CARTESIAN_POINT('',(1.358633714377E+03,-435.022616246,
    322.01078719378));
#3537 = CARTESIAN_POINT('',(1.546638648535E+03,-417.0166720922,0.));
#3538 = CARTESIAN_POINT('',(1.549230564283E+03,-435.7279521278,
    -6.971887137151E-02));
#3539 = CARTESIAN_POINT('',(1.554485262197E+03,-473.6621034368,
    12.665912788427));
#3540 = CARTESIAN_POINT('',(1.560278437955E+03,-515.4835762202,
    59.532548304404));
#3541 = CARTESIAN_POINT('',(1.563313840723E+03,-537.3964301575,
    123.12547022924));
#3542 = CARTESIAN_POINT('',(1.563313840723E+03,-537.3964301575,
    192.01002802519));
#3543 = CARTESIAN_POINT('',(1.560278437955E+03,-515.4835762202,
    255.60294995004));
#3544 = CARTESIAN_POINT('',(1.554485262197E+03,-473.6621034368,
    302.46958546599));
#3545 = CARTESIAN_POINT('',(1.549230564283E+03,-435.7279521278,
    315.20521712581));
#3546 = CARTESIAN_POINT('',(1.546638648535E+03,-417.0166720922,
    315.13549825443));
#3547 = CARTESIAN_POINT('',(1.72E+03,-376.7210506462,0.));
#3548 = CARTESIAN_POINT('',(1.724135903532E+03,-394.5065280194,
    -6.907531417519E-02));
#3549 = CARTESIAN_POINT('',(1.73252079169E+03,-430.5637613298,
    12.548996964038));
#3550 = CARTESIAN_POINT('',(1.741764925533E+03,-470.3159779868,
    58.98301846954));
#3551 = CARTESIAN_POINT('',(1.746608498491E+03,-491.1446207704,
    121.98893028177));
#3552 = CARTESIAN_POINT('',(1.746608498491E+03,-491.1446207704,
    190.23763221822));
#3553 = CARTESIAN_POINT('',(1.741764925533E+03,-470.3159779868,
    253.24354403046));
#3554 = CARTESIAN_POINT('',(1.73252079169E+03,-430.5637613298,
    299.67756553594));
#3555 = CARTESIAN_POINT('',(1.724135903532E+03,-394.5065280194,
    312.29563781418));
#3556 = CARTESIAN_POINT('',(1.72E+03,-376.7210506462,312.2265625));
#3557 = DEFINITIONAL_REPRESENTATION('',(#3558),#3562);
#3558 = LINE('',#3559,#3560);
#3559 = CARTESIAN_POINT('',(0.,0.));
#3560 = VECTOR('',#3561,1.);
#3561 = DIRECTION('',(0.,1.));
#3562 = ( GEOMETRIC_REPRESENTATION_CONTEXT(2) 
PARAMETRIC_REPRESENTATION_CONTEXT() REPRESENTATION_CONTEXT('2D SPACE',''
  ) );
#3563 = ORIENTED_EDGE('',*,*,#3564,.T.);
#3564 = EDGE_CURVE('',#3499,#3565,#3567,.T.);
#3565 = VERTEX_POINT('',#3566);
#3566 = CARTESIAN_POINT('',(1.72E+03,-376.7210506462,0.));
#3567 = SURFACE_CURVE('',#3568,(#3573),.PCURVE_S1.);
#3568 = B_SPLINE_CURVE_WITH_KNOTS('',3,(#3569,#3570,#3571,#3572),
  .UNSPECIFIED.,.F.,.F.,(4,4),(0.,1.),.PIECEWISE_BEZIER_KNOTS.);
#3569 = CARTESIAN_POINT('',(1.18E+03,-435.,0.));
#3570 = CARTESIAN_POINT('',(1.358633714377E+03,-435.022616246,0.));
#3571 = CARTESIAN_POINT('',(1.546638648535E+03,-417.0166720922,0.));
#3572 = CARTESIAN_POINT('',(1.72E+03,-376.7210506462,0.));
#3573 = PCURVE('',#3516,#3574);
#3574 = DEFINITIONAL_REPRESENTATION('',(#3575),#3579);
#3575 = LINE('',#3576,#3577);
#3576 = CARTESIAN_POINT('',(0.,0.));
#3577 = VECTOR('',#3578,1.);
#3578 = DIRECTION('',(1.,0.));
#3579 = ( GEOMETRIC_REPRESENTATION_CONTEXT(2) 
PARAMETRIC_REPRESENTATION_CONTEXT() REPRESENTATION_CONTEXT('2D SPACE',''
  ) );
#3580 = ORIENTED_EDGE('',*,*,#3581,.T.);
#3581 = EDGE_CURVE('',#3565,#3582,#3584,.T.);
#3582 = VERTEX_POINT('',#3583);
#3583 = CARTESIAN_POINT('',(1.72E+03,-376.7210506462,312.2265625));
#3584 = SURFACE_CURVE('',#3585,(#3596),.PCURVE_S1.);
#3585 = B_SPLINE_CURVE_WITH_KNOTS('',3,(#3586,#3587,#3588,#3589,#3590,
    #3591,#3592,#3593,#3594,#3595),.UNSPECIFIED.,.F.,.F.,(4,1,1,1,1,1,1,
    4),(0.,0.124223111754,0.263255383037,0.418727059994,0.581272940006,
    0.736744616963,0.875776888246,1.),.UNSPECIFIED.);
#3586 = CARTESIAN_POINT('',(1.72E+03,-376.7210506462,0.));
#3587 = CARTESIAN_POINT('',(1.724135903532E+03,-394.5065280194,
    -6.907531417519E-02));
#3588 = CARTESIAN_POINT('',(1.73252079169E+03,-430.5637613298,
    12.548996964038));
#3589 = CARTESIAN_POINT('',(1.741764925533E+03,-470.3159779868,
    58.98301846954));
#3590 = CARTESIAN_POINT('',(1.746608498491E+03,-491.1446207704,
    121.98893028177));
#3591 = CARTESIAN_POINT('',(1.746608498491E+03,-491.1446207704,
    190.23763221822));
#3592 = CARTESIAN_POINT('',(1.741764925533E+03,-470.3159779868,
    253.24354403046));
#3593 = CARTESIAN_POINT('',(1.73252079169E+03,-430.5637613298,
    299.67756553594));
#3594 = CARTESIAN_POINT('',(1.724135903532E+03,-394.5065280194,
    312.29563781418));
#3595 = CARTESIAN_POINT('',(1.72E+03,-376.7210506462,312.2265625));
#3596 = PCURVE('',#3516,#3597);
#3597 = DEFINITIONAL_REPRESENTATION('',(#3598),#3602);
#3598 = LINE('',#3599,#3600);
#3599 = CARTESIAN_POINT('',(1.,0.));
#3600 = VECTOR('',#3601,1.);
#3601 = DIRECTION('',(0.,1.));
#3602 = ( GEOMETRIC_REPRESENTATION_CONTEXT(2) 
PARAMETRIC_REPRESENTATION_CONTEXT() REPRESENTATION_CONTEXT('2D SPACE',''
  ) );
#3603 = ORIENTED_EDGE('',*,*,#3604,.F.);
#3604 = EDGE_CURVE('',#3501,#3582,#3605,.T.);
#3605 = SURFACE_CURVE('',#3606,(#3611),.PCURVE_S1.);
#3606 = B_SPLINE_CURVE_WITH_KNOTS('',3,(#3607,#3608,#3609,#3610),
  .UNSPECIFIED.,.F.,.F.,(4,4),(0.,1.),.PIECEWISE_BEZIER_KNOTS.);
#3607 = CARTESIAN_POINT('',(1.18E+03,-435.,345.625));
#3608 = CARTESIAN_POINT('',(1.358633714377E+03,-435.022616246,
    322.01078719378));
#3609 = CARTESIAN_POINT('',(1.546638648535E+03,-417.0166720922,
    315.13549825443));
#3610 = CARTESIAN_POINT('',(1.72E+03,-376.7210506462,312.2265625));
#3611 = PCURVE('',#3516,#3612);
#3612 = DEFINITIONAL_REPRESENTATION('',(#3613),#3617);
#3613 = LINE('',#3614,#3615);
#3614 = CARTESIAN_POINT('',(0.,1.));
#3615 = VECTOR('',#3616,1.);
#3616 = DIRECTION('',(1.,0.));
#3617 = ( GEOMETRIC_REPRESENTATION_CONTEXT(2) 
PARAMETRIC_REPRESENTATION_CONTEXT() REPRESENTATION_CONTEXT('2D SPACE',''
  ) );
#3618 = ( GEOMETRIC_REPRESENTATION_CONTEXT(3) 
GLOBAL_UNCERTAINTY_ASSIGNED_CONTEXT((#3622)) 
GLOBAL_UNIT_ASSIGNED_CONTEXT((#3619,#3620,#3621)) REPRESENTATION_CONTEXT
('Context #1','3D Context with UNIT and UNCERTAINTY') );
#3619 = ( LENGTH_UNIT() NAMED_UNIT(*) SI_UNIT(.MILLI.,.METRE.) );
#3620 = ( NAMED_UNIT(*) PLANE_ANGLE_UNIT() SI_UNIT($,.RADIAN.) );
#3621 = ( NAMED_UNIT(*) SI_UNIT($,.STERADIAN.) SOLID_ANGLE_UNIT() );
#3622 = UNCERTAINTY_MEASURE_WITH_UNIT(LENGTH_MEASURE(1.E-07),#3619,
  'distance_accuracy_value','confusion accuracy');
#3623 = CONTEXT_DEPENDENT_SHAPE_REPRESENTATION(#3624,#3626);
#3624 = ( REPRESENTATION_RELATIONSHIP('','',#3491,#10) 
REPRESENTATION_RELATIONSHIP_WITH_TRANSFORMATION(#3625) 
SHAPE_REPRESENTATION_RELATIONSHIP() );
#3625 = ITEM_DEFINED_TRANSFORMATION('','',#11,#87);
#3626 = PRODUCT_DEFINITION_SHAPE('Placement','Placement of an item',
  #3627);
#3627 = NEXT_ASSEMBLY_USAGE_OCCURRENCE('712','R04_O10','',#5,#3486,$);
#3628 = PRODUCT_RELATED_PRODUCT_CATEGORY('part',$,(#3488));
#3629 = SHAPE_DEFINITION_REPRESENTATION(#3630,#3636);
#3630 = PRODUCT_DEFINITION_SHAPE('','',#3631);
#3631 = PRODUCT_DEFINITION('design','',#3632,#3635);
#3632 = PRODUCT_DEFINITION_FORMATION('','',#3633);
#3633 = PRODUCT('R04_L10','R04_L10','',(#3634));
#3634 = PRODUCT_CONTEXT('',#2,'mechanical');
#3635 = PRODUCT_DEFINITION_CONTEXT('part definition',#2,'design');
#3636 = MANIFOLD_SURFACE_SHAPE_REPRESENTATION('',(#11,#3637),#3763);
#3637 = SHELL_BASED_SURFACE_MODEL('',(#3638));
#3638 = OPEN_SHELL('',(#3639));
#3639 = ADVANCED_FACE('',(#3640),#3661,.T.);
#3640 = FACE_BOUND('',#3641,.T.);
#3641 = EDGE_LOOP('',(#3642,#3708,#3725,#3748));
#3642 = ORIENTED_EDGE('',*,*,#3643,.F.);
#3643 = EDGE_CURVE('',#3644,#3646,#3648,.T.);
#3644 = VERTEX_POINT('',#3645);
#3645 = CARTESIAN_POINT('',(1.18E+03,-435.,345.625));
#3646 = VERTEX_POINT('',#3647);
#3647 = CARTESIAN_POINT('',(1.18E+03,-435.,0.));
#3648 = SURFACE_CURVE('',#3649,(#3660),.PCURVE_S1.);
#3649 = B_SPLINE_CURVE_WITH_KNOTS('',3,(#3650,#3651,#3652,#3653,#3654,
    #3655,#3656,#3657,#3658,#3659),.UNSPECIFIED.,.F.,.F.,(4,1,1,1,1,1,1,
    4),(0.,0.124223111754,0.263255383037,0.418727059994,0.581272940006,
    0.736744616963,0.875776888246,1.),.UNSPECIFIED.);
#3650 = CARTESIAN_POINT('',(1.18E+03,-435.,345.625));
#3651 = CARTESIAN_POINT('',(1.18E+03,-415.8779025386,345.70146420365));
#3652 = CARTESIAN_POINT('',(1.18E+03,-377.1108840841,331.73365443041));
#3653 = CARTESIAN_POINT('',(1.18E+03,-334.3711956703,280.33265076708));
#3654 = CARTESIAN_POINT('',(1.18E+03,-311.9772318234,210.58708493268));
#3655 = CARTESIAN_POINT('',(1.18E+03,-311.9772318234,135.03791506733));
#3656 = CARTESIAN_POINT('',(1.18E+03,-334.3711956704,65.292349232877));
#3657 = CARTESIAN_POINT('',(1.18E+03,-377.1108840841,13.891345569621));
#3658 = CARTESIAN_POINT('',(1.18E+03,-415.8779025386,-7.646420367009E-02
    ));
#3659 = CARTESIAN_POINT('',(1.18E+03,-435.,0.));
#3660 = PCURVE('',#3661,#3702);
#3661 = B_SPLINE_SURFACE_WITH_KNOTS('',3,3,(
    (#3662,#3663,#3664,#3665,#3666,#3667,#3668,#3669,#3670,#3671)
    ,(#3672,#3673,#3674,#3675,#3676,#3677,#3678,#3679,#3680,#3681)
    ,(#3682,#3683,#3684,#3685,#3686,#3687,#3688,#3689,#3690,#3691)
    ,(#3692,#3693,#3694,#3695,#3696,#3697,#3698,#3699,#3700,#3701
  )),.UNSPECIFIED.,.F.,.F.,.F.,(4,4),(4,1,1,1,1,1,1,4),(0.,1.),(0.,
    0.124223111754,0.263255383037,0.418727059994,0.581272940006,
    0.736744616963,0.875776888246,1.),.UNSPECIFIED.);
#3662 = CARTESIAN_POINT('',(1.18E+03,-435.,345.625));
#3663 = CARTESIAN_POINT('',(1.18E+03,-415.8779025386,345.70146420365));
#3664 = CARTESIAN_POINT('',(1.18E+03,-377.1108840841,331.73365443041));
#3665 = CARTESIAN_POINT('',(1.18E+03,-334.3711956703,280.33265076708));
#3666 = CARTESIAN_POINT('',(1.18E+03,-311.9772318234,210.58708493268));
#3667 = CARTESIAN_POINT('',(1.18E+03,-311.9772318234,135.03791506733));
#3668 = CARTESIAN_POINT('',(1.18E+03,-334.3711956704,65.292349232877));
#3669 = CARTESIAN_POINT('',(1.18E+03,-377.1108840841,13.891345569621));
#3670 = CARTESIAN_POINT('',(1.18E+03,-415.8779025386,-7.646420367009E-02
    ));
#3671 = CARTESIAN_POINT('',(1.18E+03,-435.,0.));
#3672 = CARTESIAN_POINT('',(1.357276146189E+03,-435.0086373547,
    322.16801721502));
#3673 = CARTESIAN_POINT('',(1.356004029825E+03,-415.8876330803,
    322.23929192281));
#3674 = CARTESIAN_POINT('',(1.353425015746E+03,-377.1228308891,
    309.21945371816));
#3675 = CARTESIAN_POINT('',(1.350581715885E+03,-334.3855858512,
    261.30694902933));
#3676 = CARTESIAN_POINT('',(1.349091935388E+03,-311.9929022399,
    196.29489650301));
#3677 = CARTESIAN_POINT('',(1.349091935388E+03,-311.9929022399,
    125.87312071202));
#3678 = CARTESIAN_POINT('',(1.350581715885E+03,-334.3855858512,
    60.861068185656));
#3679 = CARTESIAN_POINT('',(1.353425015746E+03,-377.122830889,
    12.948563496893));
#3680 = CARTESIAN_POINT('',(1.356004029825E+03,-415.8876330803,
    -7.127470780259E-02));
#3681 = CARTESIAN_POINT('',(1.357276146189E+03,-435.0086373547,0.));
#3682 = CARTESIAN_POINT('',(1.545236126868E+03,-417.3244646739,
    315.13831843461));
#3683 = CARTESIAN_POINT('',(1.542655977368E+03,-398.6061325116,
    315.2080379299));
#3684 = CARTESIAN_POINT('',(1.537425133655E+03,-360.6576841347,
    302.47229229763));
#3685 = CARTESIAN_POINT('',(1.531658256569E+03,-318.8204491841,
    255.60523736725));
#3686 = CARTESIAN_POINT('',(1.528636633302E+03,-296.8993364734,
    192.0117463428));
#3687 = CARTESIAN_POINT('',(1.528636633302E+03,-296.8993364734,
    123.12657209181));
#3688 = CARTESIAN_POINT('',(1.531658256569E+03,-318.8204491841,
    59.533081067326));
#3689 = CARTESIAN_POINT('',(1.537425133655E+03,-360.6576841347,
    12.666026137011));
#3690 = CARTESIAN_POINT('',(1.542655977368E+03,-398.6061325116,
    -6.971949530575E-02));
#3691 = CARTESIAN_POINT('',(1.545236126868E+03,-417.3244646739,0.));
#3692 = CARTESIAN_POINT('',(1.72E+03,-376.7210506462,312.2265625));
#3693 = CARTESIAN_POINT('',(1.715864096468E+03,-358.935573273,
    312.29563781417));
#3694 = CARTESIAN_POINT('',(1.70747920831E+03,-322.8783399626,
    299.67756553597));
#3695 = CARTESIAN_POINT('',(1.698235074467E+03,-283.1261233056,
    253.24354403044));
#3696 = CARTESIAN_POINT('',(1.693391501509E+03,-262.297480522,
    190.23763221823));
#3697 = CARTESIAN_POINT('',(1.693391501509E+03,-262.297480522,
    121.98893028177));
#3698 = CARTESIAN_POINT('',(1.698235074467E+03,-283.1261233056,
    58.983018469529));
#3699 = CARTESIAN_POINT('',(1.70747920831E+03,-322.8783399626,
    12.548996964058));
#3700 = CARTESIAN_POINT('',(1.715864096468E+03,-358.935573273,
    -6.907531418793E-02));
#3701 = CARTESIAN_POINT('',(1.72E+03,-376.7210506462,0.));
#3702 = DEFINITIONAL_REPRESENTATION('',(#3703),#3707);
#3703 = LINE('',#3704,#3705);
#3704 = CARTESIAN_POINT('',(0.,0.));
#3705 = VECTOR('',#3706,1.);
#3706 = DIRECTION('',(0.,1.));
#3707 = ( GEOMETRIC_REPRESENTATION_CONTEXT(2) 
PARAMETRIC_REPRESENTATION_CONTEXT() REPRESENTATION_CONTEXT('2D SPACE',''
  ) );
#3708 = ORIENTED_EDGE('',*,*,#3709,.T.);
#3709 = EDGE_CURVE('',#3644,#3710,#3712,.T.);
#3710 = VERTEX_POINT('',#3711);
#3711 = CARTESIAN_POINT('',(1.72E+03,-376.7210506462,312.2265625));
#3712 = SURFACE_CURVE('',#3713,(#3718),.PCURVE_S1.);
#3713 = B_SPLINE_CURVE_WITH_KNOTS('',3,(#3714,#3715,#3716,#3717),
  .UNSPECIFIED.,.F.,.F.,(4,4),(0.,1.),.PIECEWISE_BEZIER_KNOTS.);
#3714 = CARTESIAN_POINT('',(1.18E+03,-435.,345.625));
#3715 = CARTESIAN_POINT('',(1.357276146189E+03,-435.0086373547,
    322.16801721502));
#3716 = CARTESIAN_POINT('',(1.545236126868E+03,-417.3244646739,
    315.13831843461));
#3717 = CARTESIAN_POINT('',(1.72E+03,-376.7210506462,312.2265625));
#3718 = PCURVE('',#3661,#3719);
#3719 = DEFINITIONAL_REPRESENTATION('',(#3720),#3724);
#3720 = LINE('',#3721,#3722);
#3721 = CARTESIAN_POINT('',(0.,0.));
#3722 = VECTOR('',#3723,1.);
#3723 = DIRECTION('',(1.,0.));
#3724 = ( GEOMETRIC_REPRESENTATION_CONTEXT(2) 
PARAMETRIC_REPRESENTATION_CONTEXT() REPRESENTATION_CONTEXT('2D SPACE',''
  ) );
#3725 = ORIENTED_EDGE('',*,*,#3726,.T.);
#3726 = EDGE_CURVE('',#3710,#3727,#3729,.T.);
#3727 = VERTEX_POINT('',#3728);
#3728 = CARTESIAN_POINT('',(1.72E+03,-376.7210506462,0.));
#3729 = SURFACE_CURVE('',#3730,(#3741),.PCURVE_S1.);
#3730 = B_SPLINE_CURVE_WITH_KNOTS('',3,(#3731,#3732,#3733,#3734,#3735,
    #3736,#3737,#3738,#3739,#3740),.UNSPECIFIED.,.F.,.F.,(4,1,1,1,1,1,1,
    4),(0.,0.124223111754,0.263255383037,0.418727059994,0.581272940006,
    0.736744616963,0.875776888246,1.),.UNSPECIFIED.);
#3731 = CARTESIAN_POINT('',(1.72E+03,-376.7210506462,312.2265625));
#3732 = CARTESIAN_POINT('',(1.715864096468E+03,-358.935573273,
    312.29563781417));
#3733 = CARTESIAN_POINT('',(1.70747920831E+03,-322.8783399626,
    299.67756553597));
#3734 = CARTESIAN_POINT('',(1.698235074467E+03,-283.1261233056,
    253.24354403044));
#3735 = CARTESIAN_POINT('',(1.693391501509E+03,-262.297480522,
    190.23763221823));
#3736 = CARTESIAN_POINT('',(1.693391501509E+03,-262.297480522,
    121.98893028177));
#3737 = CARTESIAN_POINT('',(1.698235074467E+03,-283.1261233056,
    58.983018469529));
#3738 = CARTESIAN_POINT('',(1.70747920831E+03,-322.8783399626,
    12.548996964058));
#3739 = CARTESIAN_POINT('',(1.715864096468E+03,-358.935573273,
    -6.907531418793E-02));
#3740 = CARTESIAN_POINT('',(1.72E+03,-376.7210506462,0.));
#3741 = PCURVE('',#3661,#3742);
#3742 = DEFINITIONAL_REPRESENTATION('',(#3743),#3747);
#3743 = LINE('',#3744,#3745);
#3744 = CARTESIAN_POINT('',(1.,0.));
#3745 = VECTOR('',#3746,1.);
#3746 = DIRECTION('',(0.,1.));
#3747 = ( GEOMETRIC_REPRESENTATION_CONTEXT(2) 
PARAMETRIC_REPRESENTATION_CONTEXT() REPRESENTATION_CONTEXT('2D SPACE',''
  ) );
#3748 = ORIENTED_EDGE('',*,*,#3749,.F.);
#3749 = EDGE_CURVE('',#3646,#3727,#3750,.T.);
#3750 = SURFACE_CURVE('',#3751,(#3756),.PCURVE_S1.);
#3751 = B_SPLINE_CURVE_WITH_KNOTS('',3,(#3752,#3753,#3754,#3755),
  .UNSPECIFIED.,.F.,.F.,(4,4),(0.,1.),.PIECEWISE_BEZIER_KNOTS.);
#3752 = CARTESIAN_POINT('',(1.18E+03,-435.,0.));
#3753 = CARTESIAN_POINT('',(1.357276146189E+03,-435.0086373547,0.));
#3754 = CARTESIAN_POINT('',(1.545236126868E+03,-417.3244646739,0.));
#3755 = CARTESIAN_POINT('',(1.72E+03,-376.7210506462,0.));
#3756 = PCURVE('',#3661,#3757);
#3757 = DEFINITIONAL_REPRESENTATION('',(#3758),#3762);
#3758 = LINE('',#3759,#3760);
#3759 = CARTESIAN_POINT('',(0.,1.));
#3760 = VECTOR('',#3761,1.);
#3761 = DIRECTION('',(1.,0.));
#3762 = ( GEOMETRIC_REPRESENTATION_CONTEXT(2) 
PARAMETRIC_REPRESENTATION_CONTEXT() REPRESENTATION_CONTEXT('2D SPACE',''
  ) );
#3763 = ( GEOMETRIC_REPRESENTATION_CONTEXT(3) 
GLOBAL_UNCERTAINTY_ASSIGNED_CONTEXT((#3767)) 
GLOBAL_UNIT_ASSIGNED_CONTEXT((#3764,#3765,#3766)) REPRESENTATION_CONTEXT
('Context #1','3D Context with UNIT and UNCERTAINTY') );
#3764 = ( LENGTH_UNIT() NAMED_UNIT(*) SI_UNIT(.MILLI.,.METRE.) );
#3765 = ( NAMED_UNIT(*) PLANE_ANGLE_UNIT() SI_UNIT($,.RADIAN.) );
#3766 = ( NAMED_UNIT(*) SI_UNIT($,.STERADIAN.) SOLID_ANGLE_UNIT() );
#3767 = UNCERTAINTY_MEASURE_WITH_UNIT(LENGTH_MEASURE(1.E-07),#3764,
  'distance_accuracy_value','confusion accuracy');
#3768 = CONTEXT_DEPENDENT_SHAPE_REPRESENTATION(#3769,#3771);
#3769 = ( REPRESENTATION_RELATIONSHIP('','',#3636,#10) 
REPRESENTATION_RELATIONSHIP_WITH_TRANSFORMATION(#3770) 
SHAPE_REPRESENTATION_RELATIONSHIP() );
#3770 = ITEM_DEFINED_TRANSFORMATION('','',#11,#91);
#3771 = PRODUCT_DEFINITION_SHAPE('Placement','Placement of an item',
  #3772);
#3772 = NEXT_ASSEMBLY_USAGE_OCCURRENCE('713','R04_L10','',#5,#3631,$);
#3773 = PRODUCT_RELATED_PRODUCT_CATEGORY('part',$,(#3633));
#3774 = SHAPE_DEFINITION_REPRESENTATION(#3775,#3781);
#3775 = PRODUCT_DEFINITION_SHAPE('','',#3776);
#3776 = PRODUCT_DEFINITION('design','',#3777,#3780);
#3777 = PRODUCT_DEFINITION_FORMATION('','',#3778);
#3778 = PRODUCT('R04_O11','R04_O11','',(#3779));
#3779 = PRODUCT_CONTEXT('',#2,'mechanical');
#3780 = PRODUCT_DEFINITION_CONTEXT('part definition',#2,'design');
#3781 = MANIFOLD_SURFACE_SHAPE_REPRESENTATION('',(#11,#3782),#3940);
#3782 = SHELL_BASED_SURFACE_MODEL('',(#3783));
#3783 = OPEN_SHELL('',(#3784));
#3784 = ADVANCED_FACE('',(#3785),#3807,.T.);
#3785 = FACE_BOUND('',#3786,.T.);
#3786 = EDGE_LOOP('',(#3787,#3880,#3899,#3923));
#3787 = ORIENTED_EDGE('',*,*,#3788,.F.);
#3788 = EDGE_CURVE('',#3789,#3791,#3793,.T.);
#3789 = VERTEX_POINT('',#3790);
#3790 = CARTESIAN_POINT('',(1.72E+03,-376.7210506462,0.));
#3791 = VERTEX_POINT('',#3792);
#3792 = CARTESIAN_POINT('',(1.72E+03,-376.7210506462,312.2265625));
#3793 = SURFACE_CURVE('',#3794,(#3806),.PCURVE_S1.);
#3794 = B_SPLINE_CURVE_WITH_KNOTS('',3,(#3795,#3796,#3797,#3798,#3799,
    #3800,#3801,#3802,#3803,#3804,#3805),.UNSPECIFIED.,.F.,.F.,(4,1,1,1,
    1,1,1,1,4),(0.,0.105803511146,0.223700462572,0.356914338063,0.5,
    0.643085661937,0.776299537428,0.894196488854,1.),.UNSPECIFIED.);
#3795 = CARTESIAN_POINT('',(1.72E+03,-376.7210506462,0.));
#3796 = CARTESIAN_POINT('',(1.723543812343E+03,-391.9603795499,
    -0.114597711334));
#3797 = CARTESIAN_POINT('',(1.730945025475E+03,-423.7875504849,
    9.475820656197));
#3798 = CARTESIAN_POINT('',(1.739595783432E+03,-460.9880941381,
    45.723493607962));
#3799 = CARTESIAN_POINT('',(1.74512203859E+03,-484.7524506594,
    96.941307323451));
#3800 = CARTESIAN_POINT('',(1.747042138912E+03,-493.0093890933,
    156.11328125));
#3801 = CARTESIAN_POINT('',(1.74512203859E+03,-484.7524506594,
    215.28525517654));
#3802 = CARTESIAN_POINT('',(1.739595783432E+03,-460.9880941381,
    266.50306889203));
#3803 = CARTESIAN_POINT('',(1.730945025475E+03,-423.7875504849,
    302.7507418438));
#3804 = CARTESIAN_POINT('',(1.723543812343E+03,-391.9603795499,
    312.34116021133));
#3805 = CARTESIAN_POINT('',(1.72E+03,-376.7210506462,312.2265625));
#3806 = PCURVE('',#3807,#3874);
#3807 = B_SPLINE_SURFACE_WITH_KNOTS('',3,3,(
    (#3808,#3809,#3810,#3811,#3812,#3813,#3814,#3815,#3816,#3817,#3818)
    ,(#3819,#3820,#3821,#3822,#3823,#3824,#3825,#3826,#3827,#3828,#3829)
    ,(#3830,#3831,#3832,#3833,#3834,#3835,#3836,#3837,#3838,#3839,#3840)
    ,(#3841,#3842,#3843,#3844,#3845,#3846,#3847,#3848,#3849,#3850,#3851)
    ,(#3852,#3853,#3854,#3855,#3856,#3857,#3858,#3859,#3860,#3861,#3862)
    ,(#3863,#3864,#3865,#3866,#3867,#3868,#3869,#3870,#3871,#3872,#3873
    )),.UNSPECIFIED.,.F.,.F.,.F.,(4,1,1,4),(4,1,1,1,1,1,1,1,4),(0.,
    0.36847236852,0.702814658734,1.),(0.,0.105803511146,0.223700462572,
    0.356914338063,0.5,0.643085661937,0.776299537428,0.894196488854,1.),
  .UNSPECIFIED.);
#3808 = CARTESIAN_POINT('',(1.72E+03,-376.7210506462,0.));
#3809 = CARTESIAN_POINT('',(1.723543812343E+03,-391.9603795499,
    -0.114597711334));
#3810 = CARTESIAN_POINT('',(1.730945025475E+03,-423.7875504849,
    9.475820656197));
#3811 = CARTESIAN_POINT('',(1.739595783432E+03,-460.9880941381,
    45.723493607962));
#3812 = CARTESIAN_POINT('',(1.74512203859E+03,-484.7524506594,
    96.941307323451));
#3813 = CARTESIAN_POINT('',(1.747042138912E+03,-493.0093890933,
    156.11328125));
#3814 = CARTESIAN_POINT('',(1.74512203859E+03,-484.7524506594,
    215.28525517654));
#3815 = CARTESIAN_POINT('',(1.739595783432E+03,-460.9880941381,
    266.50306889203));
#3816 = CARTESIAN_POINT('',(1.730945025475E+03,-423.7875504849,
    302.7507418438));
#3817 = CARTESIAN_POINT('',(1.723543812343E+03,-391.9603795499,
    312.34116021133));
#3818 = CARTESIAN_POINT('',(1.72E+03,-376.7210506462,312.2265625));
#3819 = CARTESIAN_POINT('',(1.77219362491E+03,-364.5798586415,0.));
#3820 = CARTESIAN_POINT('',(1.776138427451E+03,-379.5794245172,
    -0.114282427278));
#3821 = CARTESIAN_POINT('',(1.784377104204E+03,-410.9058530031,
    9.449750544153));
#3822 = CARTESIAN_POINT('',(1.79400671454E+03,-447.5211139941,
    45.597698002005));
#3823 = CARTESIAN_POINT('',(1.800158277681E+03,-470.9115817363,
    96.674600002231));
#3824 = CARTESIAN_POINT('',(1.802295641598E+03,-479.0386123131,
    155.6837785313));
#3825 = CARTESIAN_POINT('',(1.800158277681E+03,-470.9115817363,
    214.69295706038));
#3826 = CARTESIAN_POINT('',(1.79400671454E+03,-447.5211139941,
    265.76985906061));
#3827 = CARTESIAN_POINT('',(1.784377104204E+03,-410.9058530031,
    301.91780651846));
#3828 = CARTESIAN_POINT('',(1.776138427451E+03,-379.5794245172,
    311.48183948989));
#3829 = CARTESIAN_POINT('',(1.77219362491E+03,-364.5798586415,
    311.36755706261));
#3830 = CARTESIAN_POINT('',(1.87049793173E+03,-337.2965844563,0.));
#3831 = CARTESIAN_POINT('',(1.875258990487E+03,-351.7540066002,
    -0.113944228032));
#3832 = CARTESIAN_POINT('',(1.885202409375E+03,-381.9481738604,
    9.421785627864));
#3833 = CARTESIAN_POINT('',(1.896824573003E+03,-417.2400142672,
    45.462759433878));
#3834 = CARTESIAN_POINT('',(1.904249013963E+03,-439.7850578433,
    96.38850810132));
#3835 = CARTESIAN_POINT('',(1.90682863996E+03,-447.6183453397,
    155.22305908545));
#3836 = CARTESIAN_POINT('',(1.904249013963E+03,-439.7850578433,
    214.05761006958));
#3837 = CARTESIAN_POINT('',(1.896824573003E+03,-417.2400142672,
    264.98335873703));
#3838 = CARTESIAN_POINT('',(1.885202409375E+03,-381.9481738604,
    301.02433254304));
#3839 = CARTESIAN_POINT('',(1.875258990487E+03,-351.7540066002,
    310.56006239894));
#3840 = CARTESIAN_POINT('',(1.87049793173E+03,-337.2965844563,
    310.4461181709));
#3841 = CARTESIAN_POINT('',(2.00411262722E+03,-284.5170321803,0.));
#3842 = CARTESIAN_POINT('',(2.010311149578E+03,-297.8674439504,
    -0.113805025318));
#3843 = CARTESIAN_POINT('',(2.023256695402E+03,-325.7496322109,
    9.41027527627));
#3844 = CARTESIAN_POINT('',(2.038387834249E+03,-358.3391628247,
    45.407218757596));
#3845 = CARTESIAN_POINT('',(2.048053869818E+03,-379.1579237435,
    96.270752756234));
#3846 = CARTESIAN_POINT('',(2.051412339067E+03,-386.3914134037,
    155.03342709251));
#3847 = CARTESIAN_POINT('',(2.048053869818E+03,-379.1579237435,
    213.79610142879));
#3848 = CARTESIAN_POINT('',(2.038387834249E+03,-358.3391628247,
    264.65963542743));
#3849 = CARTESIAN_POINT('',(2.023256695402E+03,-325.7496322109,
    300.65657890875));
#3850 = CARTESIAN_POINT('',(2.010311149578E+03,-297.8674439504,
    310.18065921034));
#3851 = CARTESIAN_POINT('',(2.00411262722E+03,-284.5170321803,
    310.06685418502));
#3852 = CARTESIAN_POINT('',(2.081707261732E+03,-240.9242689227,0.));
#3853 = CARTESIAN_POINT('',(2.089121797827E+03,-253.217810244,
    -0.113788631239));
#3854 = CARTESIAN_POINT('',(2.104606974975E+03,-278.8927361873,
    9.408919687658));
#3855 = CARTESIAN_POINT('',(2.12270651042E+03,-308.9023529798,
    45.400677662163));
#3856 = CARTESIAN_POINT('',(2.134268809541E+03,-328.0730199242,
    96.256884560857));
#3857 = CARTESIAN_POINT('',(2.13828613658E+03,-334.7338784479,
    155.01109389374));
#3858 = CARTESIAN_POINT('',(2.134268809541E+03,-328.0730199242,
    213.76530322663));
#3859 = CARTESIAN_POINT('',(2.12270651042E+03,-308.9023529798,
    264.62151012532));
#3860 = CARTESIAN_POINT('',(2.104606974975E+03,-278.8927361873,
    300.61326809983));
#3861 = CARTESIAN_POINT('',(2.089121797827E+03,-253.217810244,
    310.13597641873));
#3862 = CARTESIAN_POINT('',(2.081707261732E+03,-240.9242689227,
    310.02218778749));
#3863 = CARTESIAN_POINT('',(2.115307436087E+03,-217.5,0.));
#3864 = CARTESIAN_POINT('',(2.123414141993E+03,-229.1203253887,
    -0.113784700176));
#3865 = CARTESIAN_POINT('',(2.140344908185E+03,-253.3892472554,
    9.408594637111));
#3866 = CARTESIAN_POINT('',(2.160134091085E+03,-281.7554846808,
    45.399109202065));
#3867 = CARTESIAN_POINT('',(2.172775766488E+03,-299.8763322047,
    96.253559168146));
#3868 = CARTESIAN_POINT('',(2.177168123395E+03,-306.172430407,
    155.00573871562));
#3869 = CARTESIAN_POINT('',(2.172775766488E+03,-299.8763322047,
    213.75791826311));
#3870 = CARTESIAN_POINT('',(2.160134091085E+03,-281.7554846808,
    264.61236822919));
#3871 = CARTESIAN_POINT('',(2.140344908185E+03,-253.3892472554,
    300.60288279414));
#3872 = CARTESIAN_POINT('',(2.123414141993E+03,-229.1203253887,
    310.12526213143));
#3873 = CARTESIAN_POINT('',(2.115307436087E+03,-217.5,310.01147743125));
#3874 = DEFINITIONAL_REPRESENTATION('',(#3875),#3879);
#3875 = LINE('',#3876,#3877);
#3876 = CARTESIAN_POINT('',(0.,0.));
#3877 = VECTOR('',#3878,1.);
#3878 = DIRECTION('',(0.,1.));
#3879 = ( GEOMETRIC_REPRESENTATION_CONTEXT(2) 
PARAMETRIC_REPRESENTATION_CONTEXT() REPRESENTATION_CONTEXT('2D SPACE',''
  ) );
#3880 = ORIENTED_EDGE('',*,*,#3881,.T.);
#3881 = EDGE_CURVE('',#3789,#3882,#3884,.T.);
#3882 = VERTEX_POINT('',#3883);
#3883 = CARTESIAN_POINT('',(2.115307436087E+03,-217.5,0.));
#3884 = SURFACE_CURVE('',#3885,(#3892),.PCURVE_S1.);
#3885 = B_SPLINE_CURVE_WITH_KNOTS('',3,(#3886,#3887,#3888,#3889,#3890,
    #3891),.UNSPECIFIED.,.F.,.F.,(4,1,1,4),(0.,0.36847236852,
    0.702814658734,1.),.UNSPECIFIED.);
#3886 = CARTESIAN_POINT('',(1.72E+03,-376.7210506462,0.));
#3887 = CARTESIAN_POINT('',(1.77219362491E+03,-364.5798586415,0.));
#3888 = CARTESIAN_POINT('',(1.87049793173E+03,-337.2965844563,0.));
#3889 = CARTESIAN_POINT('',(2.00411262722E+03,-284.5170321803,0.));
#3890 = CARTESIAN_POINT('',(2.081707261732E+03,-240.9242689227,0.));
#3891 = CARTESIAN_POINT('',(2.115307436087E+03,-217.5,0.));
#3892 = PCURVE('',#3807,#3893);
#3893 = DEFINITIONAL_REPRESENTATION('',(#3894),#3898);
#3894 = LINE('',#3895,#3896);
#3895 = CARTESIAN_POINT('',(0.,0.));
#3896 = VECTOR('',#3897,1.);
#3897 = DIRECTION('',(1.,0.));
#3898 = ( GEOMETRIC_REPRESENTATION_CONTEXT(2) 
PARAMETRIC_REPRESENTATION_CONTEXT() REPRESENTATION_CONTEXT('2D SPACE',''
  ) );
#3899 = ORIENTED_EDGE('',*,*,#3900,.T.);
#3900 = EDGE_CURVE('',#3882,#3901,#3903,.T.);
#3901 = VERTEX_POINT('',#3902);
#3902 = CARTESIAN_POINT('',(2.115307436087E+03,-217.5,310.01147743125));
#3903 = SURFACE_CURVE('',#3904,(#3916),.PCURVE_S1.);
#3904 = B_SPLINE_CURVE_WITH_KNOTS('',3,(#3905,#3906,#3907,#3908,#3909,
    #3910,#3911,#3912,#3913,#3914,#3915),.UNSPECIFIED.,.F.,.F.,(4,1,1,1,
    1,1,1,1,4),(0.,0.105803511146,0.223700462572,0.356914338063,0.5,
    0.643085661937,0.776299537428,0.894196488854,1.),.UNSPECIFIED.);
#3905 = CARTESIAN_POINT('',(2.115307436087E+03,-217.5,0.));
#3906 = CARTESIAN_POINT('',(2.123414141993E+03,-229.1203253887,
    -0.113784700176));
#3907 = CARTESIAN_POINT('',(2.140344908185E+03,-253.3892472554,
    9.408594637111));
#3908 = CARTESIAN_POINT('',(2.160134091085E+03,-281.7554846808,
    45.399109202065));
#3909 = CARTESIAN_POINT('',(2.172775766488E+03,-299.8763322047,
    96.253559168146));
#3910 = CARTESIAN_POINT('',(2.177168123395E+03,-306.172430407,
    155.00573871562));
#3911 = CARTESIAN_POINT('',(2.172775766488E+03,-299.8763322047,
    213.75791826311));
#3912 = CARTESIAN_POINT('',(2.160134091085E+03,-281.7554846808,
    264.61236822919));
#3913 = CARTESIAN_POINT('',(2.140344908185E+03,-253.3892472554,
    300.60288279414));
#3914 = CARTESIAN_POINT('',(2.123414141993E+03,-229.1203253887,
    310.12526213143));
#3915 = CARTESIAN_POINT('',(2.115307436087E+03,-217.5,310.01147743125));
#3916 = PCURVE('',#3807,#3917);
#3917 = DEFINITIONAL_REPRESENTATION('',(#3918),#3922);
#3918 = LINE('',#3919,#3920);
#3919 = CARTESIAN_POINT('',(1.,0.));
#3920 = VECTOR('',#3921,1.);
#3921 = DIRECTION('',(0.,1.));
#3922 = ( GEOMETRIC_REPRESENTATION_CONTEXT(2) 
PARAMETRIC_REPRESENTATION_CONTEXT() REPRESENTATION_CONTEXT('2D SPACE',''
  ) );
#3923 = ORIENTED_EDGE('',*,*,#3924,.F.);
#3924 = EDGE_CURVE('',#3791,#3901,#3925,.T.);
#3925 = SURFACE_CURVE('',#3926,(#3933),.PCURVE_S1.);
#3926 = B_SPLINE_CURVE_WITH_KNOTS('',3,(#3927,#3928,#3929,#3930,#3931,
    #3932),.UNSPECIFIED.,.F.,.F.,(4,1,1,4),(0.,0.36847236852,
    0.702814658734,1.),.UNSPECIFIED.);
#3927 = CARTESIAN_POINT('',(1.72E+03,-376.7210506462,312.2265625));
#3928 = CARTESIAN_POINT('',(1.77219362491E+03,-364.5798586415,
    311.36755706261));
#3929 = CARTESIAN_POINT('',(1.87049793173E+03,-337.2965844563,
    310.4461181709));
#3930 = CARTESIAN_POINT('',(2.00411262722E+03,-284.5170321803,
    310.06685418502));
#3931 = CARTESIAN_POINT('',(2.081707261732E+03,-240.9242689227,
    310.02218778749));
#3932 = CARTESIAN_POINT('',(2.115307436087E+03,-217.5,310.01147743125));
#3933 = PCURVE('',#3807,#3934);
#3934 = DEFINITIONAL_REPRESENTATION('',(#3935),#3939);
#3935 = LINE('',#3936,#3937);
#3936 = CARTESIAN_POINT('',(0.,1.));
#3937 = VECTOR('',#3938,1.);
#3938 = DIRECTION('',(1.,0.));
#3939 = ( GEOMETRIC_REPRESENTATION_CONTEXT(2) 
PARAMETRIC_REPRESENTATION_CONTEXT() REPRESENTATION_CONTEXT('2D SPACE',''
  ) );
#3940 = ( GEOMETRIC_REPRESENTATION_CONTEXT(3) 
GLOBAL_UNCERTAINTY_ASSIGNED_CONTEXT((#3944)) 
GLOBAL_UNIT_ASSIGNED_CONTEXT((#3941,#3942,#3943)) REPRESENTATION_CONTEXT
('Context #1','3D Context with UNIT and UNCERTAINTY') );
#3941 = ( LENGTH_UNIT() NAMED_UNIT(*) SI_UNIT(.MILLI.,.METRE.) );
#3942 = ( NAMED_UNIT(*) PLANE_ANGLE_UNIT() SI_UNIT($,.RADIAN.) );
#3943 = ( NAMED_UNIT(*) SI_UNIT($,.STERADIAN.) SOLID_ANGLE_UNIT() );
#3944 = UNCERTAINTY_MEASURE_WITH_UNIT(LENGTH_MEASURE(1.E-07),#3941,
  'distance_accuracy_value','confusion accuracy');
#3945 = CONTEXT_DEPENDENT_SHAPE_REPRESENTATION(#3946,#3948);
#3946 = ( REPRESENTATION_RELATIONSHIP('','',#3781,#10) 
REPRESENTATION_RELATIONSHIP_WITH_TRANSFORMATION(#3947) 
SHAPE_REPRESENTATION_RELATIONSHIP() );
#3947 = ITEM_DEFINED_TRANSFORMATION('','',#11,#95);
#3948 = PRODUCT_DEFINITION_SHAPE('Placement','Placement of an item',
  #3949);
#3949 = NEXT_ASSEMBLY_USAGE_OCCURRENCE('714','R04_O11','',#5,#3776,$);
#3950 = PRODUCT_RELATED_PRODUCT_CATEGORY('part',$,(#3778));
#3951 = SHAPE_DEFINITION_REPRESENTATION(#3952,#3958);
#3952 = PRODUCT_DEFINITION_SHAPE('','',#3953);
#3953 = PRODUCT_DEFINITION('design','',#3954,#3957);
#3954 = PRODUCT_DEFINITION_FORMATION('','',#3955);
#3955 = PRODUCT('R04_L11','R04_L11','',(#3956));
#3956 = PRODUCT_CONTEXT('',#2,'mechanical');
#3957 = PRODUCT_DEFINITION_CONTEXT('part definition',#2,'design');
#3958 = MANIFOLD_SURFACE_SHAPE_REPRESENTATION('',(#11,#3959),#4117);
#3959 = SHELL_BASED_SURFACE_MODEL('',(#3960));
#3960 = OPEN_SHELL('',(#3961));
#3961 = ADVANCED_FACE('',(#3962),#3984,.T.);
#3962 = FACE_BOUND('',#3963,.T.);
#3963 = EDGE_LOOP('',(#3964,#4057,#4076,#4100));
#3964 = ORIENTED_EDGE('',*,*,#3965,.F.);
#3965 = EDGE_CURVE('',#3966,#3968,#3970,.T.);
#3966 = VERTEX_POINT('',#3967);
#3967 = CARTESIAN_POINT('',(1.72E+03,-376.7210506462,312.2265625));
#3968 = VERTEX_POINT('',#3969);
#3969 = CARTESIAN_POINT('',(1.72E+03,-376.7210506462,0.));
#3970 = SURFACE_CURVE('',#3971,(#3983),.PCURVE_S1.);
#3971 = B_SPLINE_CURVE_WITH_KNOTS('',3,(#3972,#3973,#3974,#3975,#3976,
    #3977,#3978,#3979,#3980,#3981,#3982),.UNSPECIFIED.,.F.,.F.,(4,1,1,1,
    1,1,1,1,4),(0.,0.105803511146,0.223700462572,0.356914338063,0.5,
    0.643085661937,0.776299537428,0.894196488854,1.),.UNSPECIFIED.);
#3972 = CARTESIAN_POINT('',(1.72E+03,-376.7210506462,312.2265625));
#3973 = CARTESIAN_POINT('',(1.716456187657E+03,-361.4817217424,
    312.34116021133));
#3974 = CARTESIAN_POINT('',(1.709054974525E+03,-329.6545508075,
    302.7507418438));
#3975 = CARTESIAN_POINT('',(1.700404216568E+03,-292.4540071542,
    266.50306889203));
#3976 = CARTESIAN_POINT('',(1.69487796141E+03,-268.6896506329,
    215.28525517654));
#3977 = CARTESIAN_POINT('',(1.692957861088E+03,-260.432712199,
    156.11328125));
#3978 = CARTESIAN_POINT('',(1.69487796141E+03,-268.6896506329,
    96.941307323451));
#3979 = CARTESIAN_POINT('',(1.700404216568E+03,-292.4540071542,
    45.723493607962));
#3980 = CARTESIAN_POINT('',(1.709054974525E+03,-329.6545508075,
    9.475820656197));
#3981 = CARTESIAN_POINT('',(1.716456187657E+03,-361.4817217424,
    -0.114597711334));
#3982 = CARTESIAN_POINT('',(1.72E+03,-376.7210506462,0.));
#3983 = PCURVE('',#3984,#4051);
#3984 = B_SPLINE_SURFACE_WITH_KNOTS('',3,3,(
    (#3985,#3986,#3987,#3988,#3989,#3990,#3991,#3992,#3993,#3994,#3995)
    ,(#3996,#3997,#3998,#3999,#4000,#4001,#4002,#4003,#4004,#4005,#4006)
    ,(#4007,#4008,#4009,#4010,#4011,#4012,#4013,#4014,#4015,#4016,#4017)
    ,(#4018,#4019,#4020,#4021,#4022,#4023,#4024,#4025,#4026,#4027,#4028)
    ,(#4029,#4030,#4031,#4032,#4033,#4034,#4035,#4036,#4037,#4038,#4039)
    ,(#4040,#4041,#4042,#4043,#4044,#4045,#4046,#4047,#4048,#4049,#4050
    )),.UNSPECIFIED.,.F.,.F.,.F.,(4,1,1,4),(4,1,1,1,1,1,1,1,4),(0.,
    0.378938992607,0.714581607267,1.),(0.,0.105803511146,0.223700462572,
    0.356914338063,0.5,0.643085661937,0.776299537428,0.894196488854,1.),
  .UNSPECIFIED.);
#3985 = CARTESIAN_POINT('',(1.72E+03,-376.7210506462,312.2265625));
#3986 = CARTESIAN_POINT('',(1.716456187657E+03,-361.4817217424,
    312.34116021133));
#3987 = CARTESIAN_POINT('',(1.709054974525E+03,-329.6545508075,
    302.7507418438));
#3988 = CARTESIAN_POINT('',(1.700404216568E+03,-292.4540071542,
    266.50306889203));
#3989 = CARTESIAN_POINT('',(1.69487796141E+03,-268.6896506329,
    215.28525517654));
#3990 = CARTESIAN_POINT('',(1.692957861088E+03,-260.432712199,
    156.11328125));
#3991 = CARTESIAN_POINT('',(1.69487796141E+03,-268.6896506329,
    96.941307323451));
#3992 = CARTESIAN_POINT('',(1.700404216568E+03,-292.4540071542,
    45.723493607962));
#3993 = CARTESIAN_POINT('',(1.709054974525E+03,-329.6545508075,
    9.475820656197));
#3994 = CARTESIAN_POINT('',(1.716456187657E+03,-361.4817217424,
    -0.114597711334));
#3995 = CARTESIAN_POINT('',(1.72E+03,-376.7210506462,0.));
#3996 = CARTESIAN_POINT('',(1.771771276913E+03,-364.6785062643,
    311.37436006241));
#3997 = CARTESIAN_POINT('',(1.767829755028E+03,-349.6770239744,
    311.48864498662));
#3998 = CARTESIAN_POINT('',(1.759597929889E+03,-318.3465930785,
    301.92440305278));
#3999 = CARTESIAN_POINT('',(1.749976327924E+03,-281.7266539516,
    265.77566580654));
#4000 = CARTESIAN_POINT('',(1.743829880669E+03,-258.3331977346,
    214.69764783856));
#4001 = CARTESIAN_POINT('',(1.74169429427E+03,-250.2051288107,
    155.6871800312));
#4002 = CARTESIAN_POINT('',(1.743829880669E+03,-258.3331977346,
    96.676712223846));
#4003 = CARTESIAN_POINT('',(1.749976327924E+03,-281.7266539516,
    45.598694255864));
#4004 = CARTESIAN_POINT('',(1.759597929889E+03,-318.3465930785,
    9.44995700963));
#4005 = CARTESIAN_POINT('',(1.767829755028E+03,-349.6770239744,
    -0.114284924209));
#4006 = CARTESIAN_POINT('',(1.771771276913E+03,-364.6785062643,0.));
#4007 = CARTESIAN_POINT('',(1.868774256424E+03,-337.8362730972,
    310.45644754322));
#4008 = CARTESIAN_POINT('',(1.864028503628E+03,-323.3679623403,
    310.57039556248));
#4009 = CARTESIAN_POINT('',(1.854117051068E+03,-293.1510543314,
    301.03434842736));
#4010 = CARTESIAN_POINT('',(1.842532250636E+03,-257.8326338613,
    264.9921754418));
#4011 = CARTESIAN_POINT('',(1.835131677938E+03,-235.2706104769,
    214.06473233855));
#4012 = CARTESIAN_POINT('',(1.83256034498E+03,-227.431423337,
    155.22822377161));
#4013 = CARTESIAN_POINT('',(1.835131677938E+03,-235.2706104769,
    96.391715204676));
#4014 = CARTESIAN_POINT('',(1.842532250636E+03,-257.8326338613,
    45.464272101427));
#4015 = CARTESIAN_POINT('',(1.854117051068E+03,-293.1510543314,
    9.422099115861));
#4016 = CARTESIAN_POINT('',(1.864028503628E+03,-323.3679623403,
    -0.113948019261));
#4017 = CARTESIAN_POINT('',(1.868774256424E+03,-337.8362730972,0.));
#4018 = CARTESIAN_POINT('',(2.001431868977E+03,-285.7104029164,
    310.0709773756));
#4019 = CARTESIAN_POINT('',(1.99526558413E+03,-272.3343402798,
    310.18478391427));
#4020 = CARTESIAN_POINT('',(1.982387365994E+03,-244.3985804664,
    300.66057696387));
#4021 = CARTESIAN_POINT('',(1.967334921751E+03,-211.746433829,
    264.6631548043));
#4022 = CARTESIAN_POINT('',(1.957719157668E+03,-190.8876727014,
    213.79894443525));
#4023 = CARTESIAN_POINT('',(1.954378155274E+03,-183.6402849473,
    155.0354886878));
#4024 = CARTESIAN_POINT('',(1.957719157668E+03,-190.8876727014,
    96.272032940347));
#4025 = CARTESIAN_POINT('',(1.967334921751E+03,-211.746433829,
    45.407822571303));
#4026 = CARTESIAN_POINT('',(1.982387365994E+03,-244.3985804664,
    9.410400411729));
#4027 = CARTESIAN_POINT('',(1.99526558413E+03,-272.3343402798,
    -0.113806538668));
#4028 = CARTESIAN_POINT('',(2.001431868977E+03,-285.7104029164,0.));
#4029 = CARTESIAN_POINT('',(2.080501870615E+03,-241.7180675273,
    310.02251034609));
#4030 = CARTESIAN_POINT('',(2.073110237215E+03,-229.4032581713,
    310.13629909572));
#4031 = CARTESIAN_POINT('',(2.057672892094E+03,-203.6839141712,
    300.61358086904));
#4032 = CARTESIAN_POINT('',(2.039629264144E+03,-173.6223802333,
    264.62178544737));
#4033 = CARTESIAN_POINT('',(2.028102679707E+03,-154.4185477104,
    213.76552563599));
#4034 = CARTESIAN_POINT('',(2.024097761755E+03,-147.7461657886,
    155.01125517304));
#4035 = CARTESIAN_POINT('',(2.028102679707E+03,-154.4185477104,
    96.256984710095));
#4036 = CARTESIAN_POINT('',(2.039629264144E+03,-173.6223802333,
    45.400724898714));
#4037 = CARTESIAN_POINT('',(2.057672892094E+03,-203.6839141712,
    9.408929477047));
#4038 = CARTESIAN_POINT('',(2.073110237215E+03,-229.4032581713,
    -0.113788749629));
#4039 = CARTESIAN_POINT('',(2.080501870615E+03,-241.7180675273,0.));
#4040 = CARTESIAN_POINT('',(2.115307436087E+03,-217.5,310.01147743125));
#4041 = CARTESIAN_POINT('',(2.107200730181E+03,-205.8796746112,
    310.12526213143));
#4042 = CARTESIAN_POINT('',(2.090269963989E+03,-181.6107527445,
    300.60288279414));
#4043 = CARTESIAN_POINT('',(2.07048078109E+03,-153.2445153191,
    264.61236822919));
#4044 = CARTESIAN_POINT('',(2.057839105686E+03,-135.1236677952,
    213.75791826311));
#4045 = CARTESIAN_POINT('',(2.053446748779E+03,-128.8275695929,
    155.00573871562));
#4046 = CARTESIAN_POINT('',(2.057839105686E+03,-135.1236677952,
    96.253559168145));
#4047 = CARTESIAN_POINT('',(2.07048078109E+03,-153.2445153191,
    45.399109202065));
#4048 = CARTESIAN_POINT('',(2.090269963989E+03,-181.6107527445,
    9.408594637111));
#4049 = CARTESIAN_POINT('',(2.107200730181E+03,-205.8796746112,
    -0.113784700176));
#4050 = CARTESIAN_POINT('',(2.115307436087E+03,-217.5,0.));
#4051 = DEFINITIONAL_REPRESENTATION('',(#4052),#4056);
#4052 = LINE('',#4053,#4054);
#4053 = CARTESIAN_POINT('',(0.,0.));
#4054 = VECTOR('',#4055,1.);
#4055 = DIRECTION('',(0.,1.));
#4056 = ( GEOMETRIC_REPRESENTATION_CONTEXT(2) 
PARAMETRIC_REPRESENTATION_CONTEXT() REPRESENTATION_CONTEXT('2D SPACE',''
  ) );
#4057 = ORIENTED_EDGE('',*,*,#4058,.T.);
#4058 = EDGE_CURVE('',#3966,#4059,#4061,.T.);
#4059 = VERTEX_POINT('',#4060);
#4060 = CARTESIAN_POINT('',(2.115307436087E+03,-217.5,310.01147743125));
#4061 = SURFACE_CURVE('',#4062,(#4069),.PCURVE_S1.);
#4062 = B_SPLINE_CURVE_WITH_KNOTS('',3,(#4063,#4064,#4065,#4066,#4067,
    #4068),.UNSPECIFIED.,.F.,.F.,(4,1,1,4),(0.,0.378938992607,
    0.714581607267,1.),.UNSPECIFIED.);
#4063 = CARTESIAN_POINT('',(1.72E+03,-376.7210506462,312.2265625));
#4064 = CARTESIAN_POINT('',(1.771771276913E+03,-364.6785062643,
    311.37436006241));
#4065 = CARTESIAN_POINT('',(1.868774256424E+03,-337.8362730972,
    310.45644754322));
#4066 = CARTESIAN_POINT('',(2.001431868977E+03,-285.7104029164,
    310.0709773756));
#4067 = CARTESIAN_POINT('',(2.080501870615E+03,-241.7180675273,
    310.02251034609));
#4068 = CARTESIAN_POINT('',(2.115307436087E+03,-217.5,310.01147743125));
#4069 = PCURVE('',#3984,#4070);
#4070 = DEFINITIONAL_REPRESENTATION('',(#4071),#4075);
#4071 = LINE('',#4072,#4073);
#4072 = CARTESIAN_POINT('',(0.,0.));
#4073 = VECTOR('',#4074,1.);
#4074 = DIRECTION('',(1.,0.));
#4075 = ( GEOMETRIC_REPRESENTATION_CONTEXT(2) 
PARAMETRIC_REPRESENTATION_CONTEXT() REPRESENTATION_CONTEXT('2D SPACE',''
  ) );
#4076 = ORIENTED_EDGE('',*,*,#4077,.T.);
#4077 = EDGE_CURVE('',#4059,#4078,#4080,.T.);
#4078 = VERTEX_POINT('',#4079);
#4079 = CARTESIAN_POINT('',(2.115307436087E+03,-217.5,0.));
#4080 = SURFACE_CURVE('',#4081,(#4093),.PCURVE_S1.);
#4081 = B_SPLINE_CURVE_WITH_KNOTS('',3,(#4082,#4083,#4084,#4085,#4086,
    #4087,#4088,#4089,#4090,#4091,#4092),.UNSPECIFIED.,.F.,.F.,(4,1,1,1,
    1,1,1,1,4),(0.,0.105803511146,0.223700462572,0.356914338063,0.5,
    0.643085661937,0.776299537428,0.894196488854,1.),.UNSPECIFIED.);
#4082 = CARTESIAN_POINT('',(2.115307436087E+03,-217.5,310.01147743125));
#4083 = CARTESIAN_POINT('',(2.107200730181E+03,-205.8796746112,
    310.12526213143));
#4084 = CARTESIAN_POINT('',(2.090269963989E+03,-181.6107527445,
    300.60288279414));
#4085 = CARTESIAN_POINT('',(2.07048078109E+03,-153.2445153191,
    264.61236822919));
#4086 = CARTESIAN_POINT('',(2.057839105686E+03,-135.1236677952,
    213.75791826311));
#4087 = CARTESIAN_POINT('',(2.053446748779E+03,-128.8275695929,
    155.00573871562));
#4088 = CARTESIAN_POINT('',(2.057839105686E+03,-135.1236677952,
    96.253559168145));
#4089 = CARTESIAN_POINT('',(2.07048078109E+03,-153.2445153191,
    45.399109202065));
#4090 = CARTESIAN_POINT('',(2.090269963989E+03,-181.6107527445,
    9.408594637111));
#4091 = CARTESIAN_POINT('',(2.107200730181E+03,-205.8796746112,
    -0.113784700176));
#4092 = CARTESIAN_POINT('',(2.115307436087E+03,-217.5,0.));
#4093 = PCURVE('',#3984,#4094);
#4094 = DEFINITIONAL_REPRESENTATION('',(#4095),#4099);
#4095 = LINE('',#4096,#4097);
#4096 = CARTESIAN_POINT('',(1.,0.));
#4097 = VECTOR('',#4098,1.);
#4098 = DIRECTION('',(0.,1.));
#4099 = ( GEOMETRIC_REPRESENTATION_CONTEXT(2) 
PARAMETRIC_REPRESENTATION_CONTEXT() REPRESENTATION_CONTEXT('2D SPACE',''
  ) );
#4100 = ORIENTED_EDGE('',*,*,#4101,.F.);
#4101 = EDGE_CURVE('',#3968,#4078,#4102,.T.);
#4102 = SURFACE_CURVE('',#4103,(#4110),.PCURVE_S1.);
#4103 = B_SPLINE_CURVE_WITH_KNOTS('',3,(#4104,#4105,#4106,#4107,#4108,
    #4109),.UNSPECIFIED.,.F.,.F.,(4,1,1,4),(0.,0.378938992607,
    0.714581607267,1.),.UNSPECIFIED.);
#4104 = CARTESIAN_POINT('',(1.72E+03,-376.7210506462,0.));
#4105 = CARTESIAN_POINT('',(1.771771276913E+03,-364.6785062643,0.));
#4106 = CARTESIAN_POINT('',(1.868774256424E+03,-337.8362730972,0.));
#4107 = CARTESIAN_POINT('',(2.001431868977E+03,-285.7104029164,0.));
#4108 = CARTESIAN_POINT('',(2.080501870615E+03,-241.7180675273,0.));
#4109 = CARTESIAN_POINT('',(2.115307436087E+03,-217.5,0.));
#4110 = PCURVE('',#3984,#4111);
#4111 = DEFINITIONAL_REPRESENTATION('',(#4112),#4116);
#4112 = LINE('',#4113,#4114);
#4113 = CARTESIAN_POINT('',(0.,1.));
#4114 = VECTOR('',#4115,1.);
#4115 = DIRECTION('',(1.,0.));
#4116 = ( GEOMETRIC_REPRESENTATION_CONTEXT(2) 
PARAMETRIC_REPRESENTATION_CONTEXT() REPRESENTATION_CONTEXT('2D SPACE',''
  ) );
#4117 = ( GEOMETRIC_REPRESENTATION_CONTEXT(3) 
GLOBAL_UNCERTAINTY_ASSIGNED_CONTEXT((#4121)) 
GLOBAL_UNIT_ASSIGNED_CONTEXT((#4118,#4119,#4120)) REPRESENTATION_CONTEXT
('Context #1','3D Context with UNIT and UNCERTAINTY') );
#4118 = ( LENGTH_UNIT() NAMED_UNIT(*) SI_UNIT(.MILLI.,.METRE.) );
#4119 = ( NAMED_UNIT(*) PLANE_ANGLE_UNIT() SI_UNIT($,.RADIAN.) );
#4120 = ( NAMED_UNIT(*) SI_UNIT($,.STERADIAN.) SOLID_ANGLE_UNIT() );
#4121 = UNCERTAINTY_MEASURE_WITH_UNIT(LENGTH_MEASURE(1.E-07),#4118,
  'distance_accuracy_value','confusion accuracy');
#4122 = CONTEXT_DEPENDENT_SHAPE_REPRESENTATION(#4123,#4125);
#4123 = ( REPRESENTATION_RELATIONSHIP('','',#3958,#10) 
REPRESENTATION_RELATIONSHIP_WITH_TRANSFORMATION(#4124) 
SHAPE_REPRESENTATION_RELATIONSHIP() );
#4124 = ITEM_DEFINED_TRANSFORMATION('','',#11,#99);
#4125 = PRODUCT_DEFINITION_SHAPE('Placement','Placement of an item',
  #4126);
#4126 = NEXT_ASSEMBLY_USAGE_OCCURRENCE('715','R04_L11','',#5,#3953,$);
#4127 = PRODUCT_RELATED_PRODUCT_CATEGORY('part',$,(#3955));
#4128 = SHAPE_DEFINITION_REPRESENTATION(#4129,#4135);
#4129 = PRODUCT_DEFINITION_SHAPE('','',#4130);
#4130 = PRODUCT_DEFINITION('design','',#4131,#4134);
#4131 = PRODUCT_DEFINITION_FORMATION('','',#4132);
#4132 = PRODUCT('R04_O12','R04_O12','',(#4133));
#4133 = PRODUCT_CONTEXT('',#2,'mechanical');
#4134 = PRODUCT_DEFINITION_CONTEXT('part definition',#2,'design');
#4135 = MANIFOLD_SURFACE_SHAPE_REPRESENTATION('',(#11,#4136),#4307);
#4136 = SHELL_BASED_SURFACE_MODEL('',(#4137));
#4137 = OPEN_SHELL('',(#4138));
#4138 = ADVANCED_FACE('',(#4139),#4161,.T.);
#4139 = FACE_BOUND('',#4140,.T.);
#4140 = EDGE_LOOP('',(#4141,#4245,#4265,#4289));
#4141 = ORIENTED_EDGE('',*,*,#4142,.F.);
#4142 = EDGE_CURVE('',#4143,#4145,#4147,.T.);
#4143 = VERTEX_POINT('',#4144);
#4144 = CARTESIAN_POINT('',(2.115307436087E+03,-217.5,0.));
#4145 = VERTEX_POINT('',#4146);
#4146 = CARTESIAN_POINT('',(2.115307436087E+03,-217.5,310.01147743125));
#4147 = SURFACE_CURVE('',#4148,(#4160),.PCURVE_S1.);
#4148 = B_SPLINE_CURVE_WITH_KNOTS('',3,(#4149,#4150,#4151,#4152,#4153,
    #4154,#4155,#4156,#4157,#4158,#4159),.UNSPECIFIED.,.F.,.F.,(4,1,1,1,
    1,1,1,1,4),(0.,0.101121566166,0.21755126158,0.35282086721,0.5,
    0.64717913279,0.78244873842,0.898878433834,1.),.UNSPECIFIED.);
#4149 = CARTESIAN_POINT('',(2.115307436087E+03,-217.5,0.));
#4150 = CARTESIAN_POINT('',(2.123504749171E+03,-229.2502036522,
    -0.143295657497));
#4151 = CARTESIAN_POINT('',(2.140743248172E+03,-253.9602363003,
    9.864771136615));
#4152 = CARTESIAN_POINT('',(2.160343288125E+03,-282.0553521861,
    46.045191202764));
#4153 = CARTESIAN_POINT('',(2.172814422288E+03,-299.9317422543,
    96.605570825389));
#4154 = CARTESIAN_POINT('',(2.17715680154E+03,-306.1562014173,
    155.00573871562));
#4155 = CARTESIAN_POINT('',(2.172814422288E+03,-299.9317422543,
    213.40590660586));
#4156 = CARTESIAN_POINT('',(2.160343288125E+03,-282.0553521861,
    263.96628622849));
#4157 = CARTESIAN_POINT('',(2.140743248172E+03,-253.9602363003,
    300.14670629464));
#4158 = CARTESIAN_POINT('',(2.123504749171E+03,-229.2502036522,
    310.15477308875));
#4159 = CARTESIAN_POINT('',(2.115307436087E+03,-217.5,310.01147743125));
#4160 = PCURVE('',#4161,#4239);
#4161 = B_SPLINE_SURFACE_WITH_KNOTS('',3,3,(
    (#4162,#4163,#4164,#4165,#4166,#4167,#4168,#4169,#4170,#4171,#4172)
    ,(#4173,#4174,#4175,#4176,#4177,#4178,#4179,#4180,#4181,#4182,#4183)
    ,(#4184,#4185,#4186,#4187,#4188,#4189,#4190,#4191,#4192,#4193,#4194)
    ,(#4195,#4196,#4197,#4198,#4199,#4200,#4201,#4202,#4203,#4204,#4205)
    ,(#4206,#4207,#4208,#4209,#4210,#4211,#4212,#4213,#4214,#4215,#4216)
    ,(#4217,#4218,#4219,#4220,#4221,#4222,#4223,#4224,#4225,#4226,#4227)
    ,(#4228,#4229,#4230,#4231,#4232,#4233,#4234,#4235,#4236,#4237,#4238
    )),.UNSPECIFIED.,.F.,.F.,.F.,(4,1,1,1,4),(4,1,1,1,1,1,1,1,4),(0.,
    0.276710410825,0.530902419123,0.768807867707,1.),(0.,0.101121566166,
    0.21755126158,0.35282086721,0.5,0.64717913279,0.78244873842,
    0.898878433834,1.),.UNSPECIFIED.);
#4162 = CARTESIAN_POINT('',(2.115307436087E+03,-217.5,0.));
#4163 = CARTESIAN_POINT('',(2.123504749171E+03,-229.2502036522,
    -0.143295657497));
#4164 = CARTESIAN_POINT('',(2.140743248172E+03,-253.9602363003,
    9.864771136615));
#4165 = CARTESIAN_POINT('',(2.160343288125E+03,-282.0553521861,
    46.045191202764));
#4166 = CARTESIAN_POINT('',(2.172814422288E+03,-299.9317422543,
    96.605570825389));
#4167 = CARTESIAN_POINT('',(2.17715680154E+03,-306.1562014173,
    155.00573871562));
#4168 = CARTESIAN_POINT('',(2.172814422288E+03,-299.9317422543,
    213.40590660586));
#4169 = CARTESIAN_POINT('',(2.160343288125E+03,-282.0553521861,
    263.96628622849));
#4170 = CARTESIAN_POINT('',(2.140743248172E+03,-253.9602363003,
    300.14670629464));
#4171 = CARTESIAN_POINT('',(2.123504749171E+03,-229.2502036522,
    310.15477308875));
#4172 = CARTESIAN_POINT('',(2.115307436087E+03,-217.5,310.01147743125));
#4173 = CARTESIAN_POINT('',(2.137723254525E+03,-201.8541334449,0.));
#4174 = CARTESIAN_POINT('',(2.146388580894E+03,-213.1471795901,
    -0.143292424846));
#4175 = CARTESIAN_POINT('',(2.164611286118E+03,-236.89583512,
    9.864548594187));
#4176 = CARTESIAN_POINT('',(2.185330360928E+03,-263.8978726628,
    46.044152455032));
#4177 = CARTESIAN_POINT('',(2.198513515776E+03,-281.078757686,
    96.60339147039));
#4178 = CARTESIAN_POINT('',(2.203103816651E+03,-287.0610458776,
    155.00224189315));
#4179 = CARTESIAN_POINT('',(2.198513515776E+03,-281.078757686,
    213.40109231591));
#4180 = CARTESIAN_POINT('',(2.185330360928E+03,-263.8978726628,
    263.96033133126));
#4181 = CARTESIAN_POINT('',(2.164611286118E+03,-236.89583512,
    300.13993519211));
#4182 = CARTESIAN_POINT('',(2.146388580894E+03,-213.1471795901,
    310.14777621114));
#4183 = CARTESIAN_POINT('',(2.137723254525E+03,-201.8541334449,
    310.0044837863));
#4184 = CARTESIAN_POINT('',(2.178175023978E+03,-169.3574657302,0.));
#4185 = CARTESIAN_POINT('',(2.187840234171E+03,-179.6126532932,
    -0.143290502105));
#4186 = CARTESIAN_POINT('',(2.208165640136E+03,-201.1787492516,
    9.864416228701));
#4187 = CARTESIAN_POINT('',(2.231275469416E+03,-225.6992334525,
    46.04353462072));
#4188 = CARTESIAN_POINT('',(2.245979816047E+03,-241.3011530893,
    96.602095216973));
#4189 = CARTESIAN_POINT('',(2.251099787404E+03,-246.7336543535,
    155.00016202636));
#4190 = CARTESIAN_POINT('',(2.245979816047E+03,-241.3011530893,
    213.39822883574));
#4191 = CARTESIAN_POINT('',(2.231275469416E+03,-225.6992334525,
    263.956789432));
#4192 = CARTESIAN_POINT('',(2.208165640136E+03,-201.1787492516,
    300.13590782402));
#4193 = CARTESIAN_POINT('',(2.187840234171E+03,-179.6126532932,
    310.14361455482));
#4194 = CARTESIAN_POINT('',(2.178175023978E+03,-169.3574657302,
    310.00032405272));
#4195 = CARTESIAN_POINT('',(2.225015945396E+03,-114.7619923135,0.));
#4196 = CARTESIAN_POINT('',(2.236454319338E+03,-122.6687636664,
    -0.143290357877));
#4197 = CARTESIAN_POINT('',(2.260508591241E+03,-139.2962693723,
    9.864406299742));
#4198 = CARTESIAN_POINT('',(2.287858112234E+03,-158.2016146769,
    46.043488275921));
#4199 = CARTESIAN_POINT('',(2.305260094395E+03,-170.2307277943,
    96.601997982808));
#4200 = CARTESIAN_POINT('',(2.311319367375E+03,-174.4191977864,
    155.00000601202));
#4201 = CARTESIAN_POINT('',(2.305260094395E+03,-170.2307277943,
    213.39801404125));
#4202 = CARTESIAN_POINT('',(2.287858112234E+03,-158.2016146769,
    263.95652374813));
#4203 = CARTESIAN_POINT('',(2.260508591241E+03,-139.2962693723,
    300.13560572431));
#4204 = CARTESIAN_POINT('',(2.236454319338E+03,-122.6687636664,
    310.14330238193));
#4205 = CARTESIAN_POINT('',(2.225015945396E+03,-114.7619923135,
    310.00001202405));
#4206 = CARTESIAN_POINT('',(2.253618627157E+03,-57.80023927103,0.));
#4207 = CARTESIAN_POINT('',(2.266704578508E+03,-62.26551974175,
    -0.143290347309));
#4208 = CARTESIAN_POINT('',(2.294223615173E+03,-71.65575922017,
    9.864405572198));
#4209 = CARTESIAN_POINT('',(2.325512546887E+03,-82.33238883448,
    46.043484880011));
#4210 = CARTESIAN_POINT('',(2.34542110147E+03,-89.12572602427,
    96.601990857984));
#4211 = CARTESIAN_POINT('',(2.352353148966E+03,-91.49112808574,
    154.99999458009));
#4212 = CARTESIAN_POINT('',(2.34542110147E+03,-89.12572602427,
    213.3979983022));
#4213 = CARTESIAN_POINT('',(2.325512546887E+03,-82.33238883448,
    263.95650428017));
#4214 = CARTESIAN_POINT('',(2.294223615173E+03,-71.65575922017,
    300.13558358799));
#4215 = CARTESIAN_POINT('',(2.266704578508E+03,-62.26551974175,
    310.14327950749));
#4216 = CARTESIAN_POINT('',(2.253618627157E+03,-57.80023927103,
    309.99998916018));
#4217 = CARTESIAN_POINT('',(2.260003396838E+03,-19.07210052098,0.));
#4218 = CARTESIAN_POINT('',(2.273591013924E+03,-20.55090416637,
    -0.143290355133));
#4219 = CARTESIAN_POINT('',(2.302165026063E+03,-23.66074697755,
    9.864406110785));
#4220 = CARTESIAN_POINT('',(2.334653456726E+03,-27.19661418627,
    46.043487393934));
#4221 = CARTESIAN_POINT('',(2.35532522977E+03,-29.44641951574,
    96.601996132347));
#4222 = CARTESIAN_POINT('',(2.36252302567E+03,-30.22978916391,
    155.00000304292));
#4223 = CARTESIAN_POINT('',(2.35532522977E+03,-29.44641951574,
    213.3980099535));
#4224 = CARTESIAN_POINT('',(2.334653456726E+03,-27.19661418627,
    263.95651869191));
#4225 = CARTESIAN_POINT('',(2.302165026063E+03,-23.66074697755,
    300.13559997506));
#4226 = CARTESIAN_POINT('',(2.273591013924E+03,-20.55090416637,
    310.14329644097));
#4227 = CARTESIAN_POINT('',(2.260003396838E+03,-19.07210052098,
    310.00000608584));
#4228 = CARTESIAN_POINT('',(2.26E+03,-1.065442715258E-13,0.));
#4229 = CARTESIAN_POINT('',(2.273580104666E+03,-1.148023396861E-13,
    -0.143290352319));
#4230 = CARTESIAN_POINT('',(2.3021383186E+03,-1.321686032753E-13,
    9.864405917129));
#4231 = CARTESIAN_POINT('',(2.334608786827E+03,-1.519139105758E-13,
    46.043486490019));
#4232 = CARTESIAN_POINT('',(2.355269130712E+03,-1.644774756009E-13,
    96.601994235879));
#4233 = CARTESIAN_POINT('',(2.362462947043E+03,-1.688520387618E-13,155.)
  );
#4234 = CARTESIAN_POINT('',(2.355269130712E+03,-1.644774756009E-13,
    213.39800576412));
#4235 = CARTESIAN_POINT('',(2.334608786827E+03,-1.519139105758E-13,
    263.95651350998));
#4236 = CARTESIAN_POINT('',(2.3021383186E+03,-1.321686032753E-13,
    300.13559408287));
#4237 = CARTESIAN_POINT('',(2.273580104666E+03,-1.148023396861E-13,
    310.14329035231));
#4238 = CARTESIAN_POINT('',(2.26E+03,-1.065442715258E-13,310.));
#4239 = DEFINITIONAL_REPRESENTATION('',(#4240),#4244);
#4240 = LINE('',#4241,#4242);
#4241 = CARTESIAN_POINT('',(0.,0.));
#4242 = VECTOR('',#4243,1.);
#4243 = DIRECTION('',(0.,1.));
#4244 = ( GEOMETRIC_REPRESENTATION_CONTEXT(2) 
PARAMETRIC_REPRESENTATION_CONTEXT() REPRESENTATION_CONTEXT('2D SPACE',''
  ) );
#4245 = ORIENTED_EDGE('',*,*,#4246,.T.);
#4246 = EDGE_CURVE('',#4143,#4247,#4249,.T.);
#4247 = VERTEX_POINT('',#4248);
#4248 = CARTESIAN_POINT('',(2.26E+03,-1.065442715258E-13,0.));
#4249 = SURFACE_CURVE('',#4250,(#4258),.PCURVE_S1.);
#4250 = B_SPLINE_CURVE_WITH_KNOTS('',3,(#4251,#4252,#4253,#4254,#4255,
    #4256,#4257),.UNSPECIFIED.,.F.,.F.,(4,1,1,1,4),(0.,0.276710410825,
    0.530902419123,0.768807867707,1.),.UNSPECIFIED.);
#4251 = CARTESIAN_POINT('',(2.115307436087E+03,-217.5,0.));
#4252 = CARTESIAN_POINT('',(2.137723254525E+03,-201.8541334449,0.));
#4253 = CARTESIAN_POINT('',(2.178175023978E+03,-169.3574657302,0.));
#4254 = CARTESIAN_POINT('',(2.225015945396E+03,-114.7619923135,0.));
#4255 = CARTESIAN_POINT('',(2.253618627157E+03,-57.80023927103,0.));
#4256 = CARTESIAN_POINT('',(2.260003396838E+03,-19.07210052098,0.));
#4257 = CARTESIAN_POINT('',(2.26E+03,-1.065442715258E-13,0.));
#4258 = PCURVE('',#4161,#4259);
#4259 = DEFINITIONAL_REPRESENTATION('',(#4260),#4264);
#4260 = LINE('',#4261,#4262);
#4261 = CARTESIAN_POINT('',(0.,0.));
#4262 = VECTOR('',#4263,1.);
#4263 = DIRECTION('',(1.,0.));
#4264 = ( GEOMETRIC_REPRESENTATION_CONTEXT(2) 
PARAMETRIC_REPRESENTATION_CONTEXT() REPRESENTATION_CONTEXT('2D SPACE',''
  ) );
#4265 = ORIENTED_EDGE('',*,*,#4266,.T.);
#4266 = EDGE_CURVE('',#4247,#4267,#4269,.T.);
#4267 = VERTEX_POINT('',#4268);
#4268 = CARTESIAN_POINT('',(2.26E+03,-1.065442715258E-13,310.));
#4269 = SURFACE_CURVE('',#4270,(#4282),.PCURVE_S1.);
#4270 = B_SPLINE_CURVE_WITH_KNOTS('',3,(#4271,#4272,#4273,#4274,#4275,
    #4276,#4277,#4278,#4279,#4280,#4281),.UNSPECIFIED.,.F.,.F.,(4,1,1,1,
    1,1,1,1,4),(0.,0.101121566166,0.21755126158,0.35282086721,0.5,
    0.64717913279,0.78244873842,0.898878433834,1.),.UNSPECIFIED.);
#4271 = CARTESIAN_POINT('',(2.26E+03,-1.065442715258E-13,0.));
#4272 = CARTESIAN_POINT('',(2.273580104666E+03,-1.148023396861E-13,
    -0.143290352319));
#4273 = CARTESIAN_POINT('',(2.3021383186E+03,-1.321686032753E-13,
    9.864405917129));
#4274 = CARTESIAN_POINT('',(2.334608786827E+03,-1.519139105758E-13,
    46.043486490019));
#4275 = CARTESIAN_POINT('',(2.355269130712E+03,-1.644774756009E-13,
    96.601994235879));
#4276 = CARTESIAN_POINT('',(2.362462947043E+03,-1.688520387618E-13,155.)
  );
#4277 = CARTESIAN_POINT('',(2.355269130712E+03,-1.644774756009E-13,
    213.39800576412));
#4278 = CARTESIAN_POINT('',(2.334608786827E+03,-1.519139105758E-13,
    263.95651350998));
#4279 = CARTESIAN_POINT('',(2.3021383186E+03,-1.321686032753E-13,
    300.13559408287));
#4280 = CARTESIAN_POINT('',(2.273580104666E+03,-1.148023396861E-13,
    310.14329035231));
#4281 = CARTESIAN_POINT('',(2.26E+03,-1.065442715258E-13,310.));
#4282 = PCURVE('',#4161,#4283);
#4283 = DEFINITIONAL_REPRESENTATION('',(#4284),#4288);
#4284 = LINE('',#4285,#4286);
#4285 = CARTESIAN_POINT('',(1.,0.));
#4286 = VECTOR('',#4287,1.);
#4287 = DIRECTION('',(0.,1.));
#4288 = ( GEOMETRIC_REPRESENTATION_CONTEXT(2) 
PARAMETRIC_REPRESENTATION_CONTEXT() REPRESENTATION_CONTEXT('2D SPACE',''
  ) );
#4289 = ORIENTED_EDGE('',*,*,#4290,.F.);
#4290 = EDGE_CURVE('',#4145,#4267,#4291,.T.);
#4291 = SURFACE_CURVE('',#4292,(#4300),.PCURVE_S1.);
#4292 = B_SPLINE_CURVE_WITH_KNOTS('',3,(#4293,#4294,#4295,#4296,#4297,
    #4298,#4299),.UNSPECIFIED.,.F.,.F.,(4,1,1,1,4),(0.,0.276710410825,
    0.530902419123,0.768807867707,1.),.UNSPECIFIED.);
#4293 = CARTESIAN_POINT('',(2.115307436087E+03,-217.5,310.01147743125));
#4294 = CARTESIAN_POINT('',(2.137723254525E+03,-201.8541334449,
    310.0044837863));
#4295 = CARTESIAN_POINT('',(2.178175023978E+03,-169.3574657302,
    310.00032405272));
#4296 = CARTESIAN_POINT('',(2.225015945396E+03,-114.7619923135,
    310.00001202405));
#4297 = CARTESIAN_POINT('',(2.253618627157E+03,-57.80023927103,
    309.99998916018));
#4298 = CARTESIAN_POINT('',(2.260003396838E+03,-19.07210052098,
    310.00000608584));
#4299 = CARTESIAN_POINT('',(2.26E+03,-1.065442715258E-13,310.));
#4300 = PCURVE('',#4161,#4301);
#4301 = DEFINITIONAL_REPRESENTATION('',(#4302),#4306);
#4302 = LINE('',#4303,#4304);
#4303 = CARTESIAN_POINT('',(0.,1.));
#4304 = VECTOR('',#4305,1.);
#4305 = DIRECTION('',(1.,0.));
#4306 = ( GEOMETRIC_REPRESENTATION_CONTEXT(2) 
PARAMETRIC_REPRESENTATION_CONTEXT() REPRESENTATION_CONTEXT('2D SPACE',''
  ) );
#4307 = ( GEOMETRIC_REPRESENTATION_CONTEXT(3) 
GLOBAL_UNCERTAINTY_ASSIGNED_CONTEXT((#4311)) 
GLOBAL_UNIT_ASSIGNED_CONTEXT((#4308,#4309,#4310)) REPRESENTATION_CONTEXT
('Context #1','3D Context with UNIT and UNCERTAINTY') );
#4308 = ( LENGTH_UNIT() NAMED_UNIT(*) SI_UNIT(.MILLI.,.METRE.) );
#4309 = ( NAMED_UNIT(*) PLANE_ANGLE_UNIT() SI_UNIT($,.RADIAN.) );
#4310 = ( NAMED_UNIT(*) SI_UNIT($,.STERADIAN.) SOLID_ANGLE_UNIT() );
#4311 = UNCERTAINTY_MEASURE_WITH_UNIT(LENGTH_MEASURE(1.E-07),#4308,
  'distance_accuracy_value','confusion accuracy');
#4312 = CONTEXT_DEPENDENT_SHAPE_REPRESENTATION(#4313,#4315);
#4313 = ( REPRESENTATION_RELATIONSHIP('','',#4135,#10) 
REPRESENTATION_RELATIONSHIP_WITH_TRANSFORMATION(#4314) 
SHAPE_REPRESENTATION_RELATIONSHIP() );
#4314 = ITEM_DEFINED_TRANSFORMATION('','',#11,#103);
#4315 = PRODUCT_DEFINITION_SHAPE('Placement','Placement of an item',
  #4316);
#4316 = NEXT_ASSEMBLY_USAGE_OCCURRENCE('716','R04_O12','',#5,#4130,$);
#4317 = PRODUCT_RELATED_PRODUCT_CATEGORY('part',$,(#4132));
#4318 = SHAPE_DEFINITION_REPRESENTATION(#4319,#4325);
#4319 = PRODUCT_DEFINITION_SHAPE('','',#4320);
#4320 = PRODUCT_DEFINITION('design','',#4321,#4324);
#4321 = PRODUCT_DEFINITION_FORMATION('','',#4322);
#4322 = PRODUCT('R04_L12','R04_L12','',(#4323));
#4323 = PRODUCT_CONTEXT('',#2,'mechanical');
#4324 = PRODUCT_DEFINITION_CONTEXT('part definition',#2,'design');
#4325 = MANIFOLD_SURFACE_SHAPE_REPRESENTATION('',(#11,#4326),#4510);
#4326 = SHELL_BASED_SURFACE_MODEL('',(#4327));
#4327 = OPEN_SHELL('',(#4328));
#4328 = ADVANCED_FACE('',(#4329),#4351,.T.);
#4329 = FACE_BOUND('',#4330,.T.);
#4330 = EDGE_LOOP('',(#4331,#4446,#4467,#4491));
#4331 = ORIENTED_EDGE('',*,*,#4332,.F.);
#4332 = EDGE_CURVE('',#4333,#4335,#4337,.T.);
#4333 = VERTEX_POINT('',#4334);
#4334 = CARTESIAN_POINT('',(2.115307436087E+03,-217.5,310.01147743125));
#4335 = VERTEX_POINT('',#4336);
#4336 = CARTESIAN_POINT('',(2.115307436087E+03,-217.5,0.));
#4337 = SURFACE_CURVE('',#4338,(#4350),.PCURVE_S1.);
#4338 = B_SPLINE_CURVE_WITH_KNOTS('',3,(#4339,#4340,#4341,#4342,#4343,
    #4344,#4345,#4346,#4347,#4348,#4349),.UNSPECIFIED.,.F.,.F.,(4,1,1,1,
    1,1,1,1,4),(0.,0.101121566166,0.21755126158,0.35282086721,0.5,
    0.64717913279,0.78244873842,0.898878433834,1.),.UNSPECIFIED.);
#4339 = CARTESIAN_POINT('',(2.115307436087E+03,-217.5,310.01147743125));
#4340 = CARTESIAN_POINT('',(2.107110123004E+03,-205.7497963477,
    310.15477308875));
#4341 = CARTESIAN_POINT('',(2.089871624002E+03,-181.0397636996,
    300.14670629464));
#4342 = CARTESIAN_POINT('',(2.070271584049E+03,-152.9446478138,
    263.96628622849));
#4343 = CARTESIAN_POINT('',(2.057800449886E+03,-135.0682577456,
    213.40590660586));
#4344 = CARTESIAN_POINT('',(2.053458070635E+03,-128.8437985826,
    155.00573871562));
#4345 = CARTESIAN_POINT('',(2.057800449886E+03,-135.0682577456,
    96.605570825389));
#4346 = CARTESIAN_POINT('',(2.070271584049E+03,-152.9446478138,
    46.045191202765));
#4347 = CARTESIAN_POINT('',(2.089871624002E+03,-181.0397636996,
    9.864771136615));
#4348 = CARTESIAN_POINT('',(2.107110123004E+03,-205.7497963477,
    -0.143295657497));
#4349 = CARTESIAN_POINT('',(2.115307436087E+03,-217.5,0.));
#4350 = PCURVE('',#4351,#4440);
#4351 = B_SPLINE_SURFACE_WITH_KNOTS('',3,3,(
    (#4352,#4353,#4354,#4355,#4356,#4357,#4358,#4359,#4360,#4361,#4362)
    ,(#4363,#4364,#4365,#4366,#4367,#4368,#4369,#4370,#4371,#4372,#4373)
    ,(#4374,#4375,#4376,#4377,#4378,#4379,#4380,#4381,#4382,#4383,#4384)
    ,(#4385,#4386,#4387,#4388,#4389,#4390,#4391,#4392,#4393,#4394,#4395)
    ,(#4396,#4397,#4398,#4399,#4400,#4401,#4402,#4403,#4404,#4405,#4406)
    ,(#4407,#4408,#4409,#4410,#4411,#4412,#4413,#4414,#4415,#4416,#4417)
    ,(#4418,#4419,#4420,#4421,#4422,#4423,#4424,#4425,#4426,#4427,#4428)
    ,(#4429,#4430,#4431,#4432,#4433,#4434,#4435,#4436,#4437,#4438,#4439
    )),.UNSPECIFIED.,.F.,.F.,.F.,(4,1,1,1,1,4),(4,1,1,1,1,1,1,1,4),(0.,
    0.261193624144,0.487013439854,0.680211443805,0.847425106208,1.),(0.,
    0.101121566166,0.21755126158,0.35282086721,0.5,0.64717913279,
    0.78244873842,0.898878433834,1.),.UNSPECIFIED.);
#4352 = CARTESIAN_POINT('',(2.115307436087E+03,-217.5,310.01147743125));
#4353 = CARTESIAN_POINT('',(2.107110123004E+03,-205.7497963477,
    310.15477308875));
#4354 = CARTESIAN_POINT('',(2.089871624002E+03,-181.0397636996,
    300.14670629464));
#4355 = CARTESIAN_POINT('',(2.070271584049E+03,-152.9446478138,
    263.96628622849));
#4356 = CARTESIAN_POINT('',(2.057800449886E+03,-135.0682577456,
    213.40590660586));
#4357 = CARTESIAN_POINT('',(2.053458070635E+03,-128.8437985826,
    155.00573871562));
#4358 = CARTESIAN_POINT('',(2.057800449886E+03,-135.0682577456,
    96.605570825389));
#4359 = CARTESIAN_POINT('',(2.070271584049E+03,-152.9446478138,
    46.045191202765));
#4360 = CARTESIAN_POINT('',(2.089871624002E+03,-181.0397636996,
    9.864771136615));
#4361 = CARTESIAN_POINT('',(2.107110123004E+03,-205.7497963477,
    -0.143295657497));
#4362 = CARTESIAN_POINT('',(2.115307436087E+03,-217.5,0.));
#4363 = CARTESIAN_POINT('',(2.132940444707E+03,-205.1873237973,
    310.005920983));
#4364 = CARTESIAN_POINT('',(2.12437546986E+03,-193.7979364493,
    310.14921407216));
#4365 = CARTESIAN_POINT('',(2.106363798372E+03,-169.8466806635,
    300.14132665626));
#4366 = CARTESIAN_POINT('',(2.085884667286E+03,-142.6142881979,
    263.96155506491));
#4367 = CARTESIAN_POINT('',(2.072854184086E+03,-125.2868327005,
    213.40208165433));
#4368 = CARTESIAN_POINT('',(2.068317042625E+03,-119.2535094886,
    155.0029604915));
#4369 = CARTESIAN_POINT('',(2.072854184086E+03,-125.2868327005,
    96.603839328673));
#4370 = CARTESIAN_POINT('',(2.085884667286E+03,-142.6142881979,
    46.044365918087));
#4371 = CARTESIAN_POINT('',(2.106363798372E+03,-169.8466806635,
    9.86459432674));
#4372 = CARTESIAN_POINT('',(2.12437546986E+03,-193.7979364493,
    -0.143293089157));
#4373 = CARTESIAN_POINT('',(2.132940444707E+03,-205.1873237973,0.));
#4374 = CARTESIAN_POINT('',(2.165052789155E+03,-180.2639596633,
    310.00121878656));
#4375 = CARTESIAN_POINT('',(2.155725110981E+03,-169.6526532329,
    310.14450970224));
#4376 = CARTESIAN_POINT('',(2.136109516305E+03,-147.3376588639,
    300.13677408684));
#4377 = CARTESIAN_POINT('',(2.113806736967E+03,-121.9656829659,
    263.95755127337));
#4378 = CARTESIAN_POINT('',(2.099615900927E+03,-105.821975291,
    213.39884475322));
#4379 = CARTESIAN_POINT('',(2.094674731089E+03,-100.2008264584,
    155.00060939328));
#4380 = CARTESIAN_POINT('',(2.099615900927E+03,-105.821975291,
    96.602374033341));
#4381 = CARTESIAN_POINT('',(2.113806736967E+03,-121.9656829659,
    46.04366751319));
#4382 = CARTESIAN_POINT('',(2.136109516305E+03,-147.3376588639,
    9.864444699726));
#4383 = CARTESIAN_POINT('',(2.155725110981E+03,-169.6526532329,
    -0.143290915675));
#4384 = CARTESIAN_POINT('',(2.165052789155E+03,-180.2639596633,0.));
#4385 = CARTESIAN_POINT('',(2.206225326058E+03,-138.0525220476,
    310.00007537002));
#4386 = CARTESIAN_POINT('',(2.195545780773E+03,-129.0997637125,
    310.14336575718));
#4387 = CARTESIAN_POINT('',(2.173087283841E+03,-110.2726048565,
    300.13566705456));
#4388 = CARTESIAN_POINT('',(2.147552146641E+03,-88.86627094386,
    263.95657768549));
#4389 = CARTESIAN_POINT('',(2.13130462252E+03,-75.24582614813,
    213.39805764738));
#4390 = CARTESIAN_POINT('',(2.12564732538E+03,-70.50326335494,
    155.00003768501));
#4391 = CARTESIAN_POINT('',(2.13130462252E+03,-75.24582614813,
    96.602017722635));
#4392 = CARTESIAN_POINT('',(2.147552146641E+03,-88.86627094386,
    46.043497684531));
#4393 = CARTESIAN_POINT('',(2.173087283841E+03,-110.2726048565,
    9.864408315452));
#4394 = CARTESIAN_POINT('',(2.195545780773E+03,-129.0997637125,
    -0.143290387157));
#4395 = CARTESIAN_POINT('',(2.206225326058E+03,-138.0525220476,0.));
#4396 = CARTESIAN_POINT('',(2.236583373675E+03,-93.92553791885,
    309.99999568653));
#4397 = CARTESIAN_POINT('',(2.224512620121E+03,-87.21357308458,
    310.14328603686));
#4398 = CARTESIAN_POINT('',(2.199128488644E+03,-73.09867983707,
    300.13558990666));
#4399 = CARTESIAN_POINT('',(2.170266927607E+03,-57.05015545219,
    263.95650983718));
#4400 = CARTESIAN_POINT('',(2.151902863006E+03,-46.83878337284,
    213.39800279481));
#4401 = CARTESIAN_POINT('',(2.145508598295E+03,-43.2832406562,
    154.99999784326));
#4402 = CARTESIAN_POINT('',(2.151902863006E+03,-46.83878337284,
    96.601992891721));
#4403 = CARTESIAN_POINT('',(2.170266927607E+03,-57.05015545219,
    46.043485849352));
#4404 = CARTESIAN_POINT('',(2.199128488644E+03,-73.09867983707,
    9.864405779871));
#4405 = CARTESIAN_POINT('',(2.224512620121E+03,-87.21357308458,
    -0.143290350325));
#4406 = CARTESIAN_POINT('',(2.236583373675E+03,-93.92553791885,0.));
#4407 = CARTESIAN_POINT('',(2.255549528871E+03,-47.76355183509,
    310.0000026263));
#4408 = CARTESIAN_POINT('',(2.242305017391E+03,-44.07129309676,
    310.14329297983));
#4409 = CARTESIAN_POINT('',(2.214452537488E+03,-36.30667584673,
    300.1355966256));
#4410 = CARTESIAN_POINT('',(2.182784483393E+03,-27.47836612513,
    263.9565157462));
#4411 = CARTESIAN_POINT('',(2.16263470042E+03,-21.8610798727,
    213.39800757201));
#4412 = CARTESIAN_POINT('',(2.155618658547E+03,-19.90517217813,
    155.00000131315));
#4413 = CARTESIAN_POINT('',(2.16263470042E+03,-21.8610798727,
    96.601995054285));
#4414 = CARTESIAN_POINT('',(2.182784483393E+03,-27.47836612513,
    46.043486880098));
#4415 = CARTESIAN_POINT('',(2.214452537488E+03,-36.30667584673,
    9.864406000699));
#4416 = CARTESIAN_POINT('',(2.242305017391E+03,-44.07129309676,
    -0.143290353533));
#4417 = CARTESIAN_POINT('',(2.255549528871E+03,-47.76355183509,0.));
#4418 = CARTESIAN_POINT('',(2.260031447921E+03,-15.44377479101,
    309.99999868395));
#4419 = CARTESIAN_POINT('',(2.246445704763E+03,-14.24602898488,
    310.14328903566));
#4420 = CARTESIAN_POINT('',(2.217875633391E+03,-11.72723536654,
    300.1355928087));
#4421 = CARTESIAN_POINT('',(2.18539168335E+03,-8.863386515862,
    263.9565123894));
#4422 = CARTESIAN_POINT('',(2.164722761241E+03,-7.041173738412,
    213.39800485817));
#4423 = CARTESIAN_POINT('',(2.157525958021E+03,-6.406689428303,
    154.99999934197));
#4424 = CARTESIAN_POINT('',(2.164722761241E+03,-7.041173738412,
    96.601993825773));
#4425 = CARTESIAN_POINT('',(2.18539168335E+03,-8.863386515862,
    46.04348629455));
#4426 = CARTESIAN_POINT('',(2.217875633391E+03,-11.72723536654,
    9.864405875251));
#4427 = CARTESIAN_POINT('',(2.246445704763E+03,-14.24602898488,
    -0.143290351711));
#4428 = CARTESIAN_POINT('',(2.260031447921E+03,-15.44377479101,0.));
#4429 = CARTESIAN_POINT('',(2.26E+03,-1.065442715258E-13,310.));
#4430 = CARTESIAN_POINT('',(2.246419895334E+03,-9.828620336552E-14,
    310.14329035231));
#4431 = CARTESIAN_POINT('',(2.2178616814E+03,-8.091993977631E-14,
    300.13559408287));
#4432 = CARTESIAN_POINT('',(2.185391213173E+03,-6.117463247583E-14,
    263.95651350998));
#4433 = CARTESIAN_POINT('',(2.164730869288E+03,-4.861106745074E-14,
    213.39800576412));
#4434 = CARTESIAN_POINT('',(2.157537052957E+03,-4.423650428988E-14,155.)
  );
#4435 = CARTESIAN_POINT('',(2.164730869288E+03,-4.861106745074E-14,
    96.601994235879));
#4436 = CARTESIAN_POINT('',(2.185391213173E+03,-6.117463247583E-14,
    46.04348649002));
#4437 = CARTESIAN_POINT('',(2.2178616814E+03,-8.091993977631E-14,
    9.864405917128));
#4438 = CARTESIAN_POINT('',(2.246419895334E+03,-9.828620336552E-14,
    -0.143290352319));
#4439 = CARTESIAN_POINT('',(2.26E+03,-1.065442715258E-13,0.));
#4440 = DEFINITIONAL_REPRESENTATION('',(#4441),#4445);
#4441 = LINE('',#4442,#4443);
#4442 = CARTESIAN_POINT('',(0.,0.));
#4443 = VECTOR('',#4444,1.);
#4444 = DIRECTION('',(0.,1.));
#4445 = ( GEOMETRIC_REPRESENTATION_CONTEXT(2) 
PARAMETRIC_REPRESENTATION_CONTEXT() REPRESENTATION_CONTEXT('2D SPACE',''
  ) );
#4446 = ORIENTED_EDGE('',*,*,#4447,.T.);
#4447 = EDGE_CURVE('',#4333,#4448,#4450,.T.);
#4448 = VERTEX_POINT('',#4449);
#4449 = CARTESIAN_POINT('',(2.26E+03,-1.065442715258E-13,310.));
#4450 = SURFACE_CURVE('',#4451,(#4460),.PCURVE_S1.);
#4451 = B_SPLINE_CURVE_WITH_KNOTS('',3,(#4452,#4453,#4454,#4455,#4456,
    #4457,#4458,#4459),.UNSPECIFIED.,.F.,.F.,(4,1,1,1,1,4),(0.,
    0.261193624144,0.487013439854,0.680211443805,0.847425106208,1.),
  .UNSPECIFIED.);
#4452 = CARTESIAN_POINT('',(2.115307436087E+03,-217.5,310.01147743125));
#4453 = CARTESIAN_POINT('',(2.132940444707E+03,-205.1873237973,
    310.005920983));
#4454 = CARTESIAN_POINT('',(2.165052789155E+03,-180.2639596633,
    310.00121878656));
#4455 = CARTESIAN_POINT('',(2.206225326058E+03,-138.0525220476,
    310.00007537002));
#4456 = CARTESIAN_POINT('',(2.236583373675E+03,-93.92553791885,
    309.99999568653));
#4457 = CARTESIAN_POINT('',(2.255549528871E+03,-47.76355183509,
    310.0000026263));
#4458 = CARTESIAN_POINT('',(2.260031447921E+03,-15.44377479101,
    309.99999868395));
#4459 = CARTESIAN_POINT('',(2.26E+03,-1.065442715258E-13,310.));
#4460 = PCURVE('',#4351,#4461);
#4461 = DEFINITIONAL_REPRESENTATION('',(#4462),#4466);
#4462 = LINE('',#4463,#4464);
#4463 = CARTESIAN_POINT('',(0.,0.));
#4464 = VECTOR('',#4465,1.);
#4465 = DIRECTION('',(1.,0.));
#4466 = ( GEOMETRIC_REPRESENTATION_CONTEXT(2) 
PARAMETRIC_REPRESENTATION_CONTEXT() REPRESENTATION_CONTEXT('2D SPACE',''
  ) );
#4467 = ORIENTED_EDGE('',*,*,#4468,.T.);
#4468 = EDGE_CURVE('',#4448,#4469,#4471,.T.);
#4469 = VERTEX_POINT('',#4470);
#4470 = CARTESIAN_POINT('',(2.26E+03,-1.065442715258E-13,0.));
#4471 = SURFACE_CURVE('',#4472,(#4484),.PCURVE_S1.);
#4472 = B_SPLINE_CURVE_WITH_KNOTS('',3,(#4473,#4474,#4475,#4476,#4477,
    #4478,#4479,#4480,#4481,#4482,#4483),.UNSPECIFIED.,.F.,.F.,(4,1,1,1,
    1,1,1,1,4),(0.,0.101121566166,0.21755126158,0.35282086721,0.5,
    0.64717913279,0.78244873842,0.898878433834,1.),.UNSPECIFIED.);
#4473 = CARTESIAN_POINT('',(2.26E+03,-1.065442715258E-13,310.));
#4474 = CARTESIAN_POINT('',(2.246419895334E+03,-9.828620336552E-14,
    310.14329035231));
#4475 = CARTESIAN_POINT('',(2.2178616814E+03,-8.091993977631E-14,
    300.13559408287));
#4476 = CARTESIAN_POINT('',(2.185391213173E+03,-6.117463247583E-14,
    263.95651350998));
#4477 = CARTESIAN_POINT('',(2.164730869288E+03,-4.861106745074E-14,
    213.39800576412));
#4478 = CARTESIAN_POINT('',(2.157537052957E+03,-4.423650428988E-14,155.)
  );
#4479 = CARTESIAN_POINT('',(2.164730869288E+03,-4.861106745074E-14,
    96.601994235879));
#4480 = CARTESIAN_POINT('',(2.185391213173E+03,-6.117463247583E-14,
    46.04348649002));
#4481 = CARTESIAN_POINT('',(2.2178616814E+03,-8.091993977631E-14,
    9.864405917128));
#4482 = CARTESIAN_POINT('',(2.246419895334E+03,-9.828620336552E-14,
    -0.143290352319));
#4483 = CARTESIAN_POINT('',(2.26E+03,-1.065442715258E-13,0.));
#4484 = PCURVE('',#4351,#4485);
#4485 = DEFINITIONAL_REPRESENTATION('',(#4486),#4490);
#4486 = LINE('',#4487,#4488);
#4487 = CARTESIAN_POINT('',(1.,0.));
#4488 = VECTOR('',#4489,1.);
#4489 = DIRECTION('',(0.,1.));
#4490 = ( GEOMETRIC_REPRESENTATION_CONTEXT(2) 
PARAMETRIC_REPRESENTATION_CONTEXT() REPRESENTATION_CONTEXT('2D SPACE',''
  ) );
#4491 = ORIENTED_EDGE('',*,*,#4492,.F.);
#4492 = EDGE_CURVE('',#4335,#4469,#4493,.T.);
#4493 = SURFACE_CURVE('',#4494,(#4503),.PCURVE_S1.);
#4494 = B_SPLINE_CURVE_WITH_KNOTS('',3,(#4495,#4496,#4497,#4498,#4499,
    #4500,#4501,#4502),.UNSPECIFIED.,.F.,.F.,(4,1,1,1,1,4),(0.,
    0.261193624144,0.487013439854,0.680211443805,0.847425106208,1.),
  .UNSPECIFIED.);
#4495 = CARTESIAN_POINT('',(2.115307436087E+03,-217.5,0.));
#4496 = CARTESIAN_POINT('',(2.132940444707E+03,-205.1873237973,0.));
#4497 = CARTESIAN_POINT('',(2.165052789155E+03,-180.2639596633,0.));
#4498 = CARTESIAN_POINT('',(2.206225326058E+03,-138.0525220476,0.));
#4499 = CARTESIAN_POINT('',(2.236583373675E+03,-93.92553791885,0.));
#4500 = CARTESIAN_POINT('',(2.255549528871E+03,-47.76355183509,0.));
#4501 = CARTESIAN_POINT('',(2.260031447921E+03,-15.44377479101,0.));
#4502 = CARTESIAN_POINT('',(2.26E+03,-1.065442715258E-13,0.));
#4503 = PCURVE('',#4351,#4504);
#4504 = DEFINITIONAL_REPRESENTATION('',(#4505),#4509);
#4505 = LINE('',#4506,#4507);
#4506 = CARTESIAN_POINT('',(0.,1.));
#4507 = VECTOR('',#4508,1.);
#4508 = DIRECTION('',(1.,0.));
#4509 = ( GEOMETRIC_REPRESENTATION_CONTEXT(2) 
PARAMETRIC_REPRESENTATION_CONTEXT() REPRESENTATION_CONTEXT('2D SPACE',''
  ) );
#4510 = ( GEOMETRIC_REPRESENTATION_CONTEXT(3) 
GLOBAL_UNCERTAINTY_ASSIGNED_CONTEXT((#4514)) 
GLOBAL_UNIT_ASSIGNED_CONTEXT((#4511,#4512,#4513)) REPRESENTATION_CONTEXT
('Context #1','3D Context with UNIT and UNCERTAINTY') );
#4511 = ( LENGTH_UNIT() NAMED_UNIT(*) SI_UNIT(.MILLI.,.METRE.) );
#4512 = ( NAMED_UNIT(*) PLANE_ANGLE_UNIT() SI_UNIT($,.RADIAN.) );
#4513 = ( NAMED_UNIT(*) SI_UNIT($,.STERADIAN.) SOLID_ANGLE_UNIT() );
#4514 = UNCERTAINTY_MEASURE_WITH_UNIT(LENGTH_MEASURE(1.E-07),#4511,
  'distance_accuracy_value','confusion accuracy');
#4515 = CONTEXT_DEPENDENT_SHAPE_REPRESENTATION(#4516,#4518);
#4516 = ( REPRESENTATION_RELATIONSHIP('','',#4325,#10) 
REPRESENTATION_RELATIONSHIP_WITH_TRANSFORMATION(#4517) 
SHAPE_REPRESENTATION_RELATIONSHIP() );
#4517 = ITEM_DEFINED_TRANSFORMATION('','',#11,#107);
#4518 = PRODUCT_DEFINITION_SHAPE('Placement','Placement of an item',
  #4519);
#4519 = NEXT_ASSEMBLY_USAGE_OCCURRENCE('717','R04_L12','',#5,#4320,$);
#4520 = PRODUCT_RELATED_PRODUCT_CATEGORY('part',$,(#4322));
#4521 = SHAPE_DEFINITION_REPRESENTATION(#4522,#4528);
#4522 = PRODUCT_DEFINITION_SHAPE('','',#4523);
#4523 = PRODUCT_DEFINITION('design','',#4524,#4527);
#4524 = PRODUCT_DEFINITION_FORMATION('','',#4525);
#4525 = PRODUCT('FLOOR_TEXTILE','FLOOR_TEXTILE','',(#4526));
#4526 = PRODUCT_CONTEXT('',#2,'mechanical');
#4527 = PRODUCT_DEFINITION_CONTEXT('part definition',#2,'design');
#4528 = ADVANCED_BREP_SHAPE_REPRESENTATION('',(#11,#4529),#4630);
#4529 = MANIFOLD_SOLID_BREP('',#4530);
#4530 = CLOSED_SHELL('',(#4531,#4622,#4626));
#4531 = ADVANCED_FACE('',(#4532),#4546,.F.);
#4532 = FACE_BOUND('',#4533,.F.);
#4533 = EDGE_LOOP('',(#4534,#4567,#4594,#4595));
#4534 = ORIENTED_EDGE('',*,*,#4535,.T.);
#4535 = EDGE_CURVE('',#4536,#4538,#4540,.T.);
#4536 = VERTEX_POINT('',#4537);
#4537 = CARTESIAN_POINT('',(2.36E+03,0.,0.));
#4538 = VERTEX_POINT('',#4539);
#4539 = CARTESIAN_POINT('',(2.36E+03,0.,1.));
#4540 = SEAM_CURVE('',#4541,(#4545,#4560),.PCURVE_S1.);
#4541 = LINE('',#4542,#4543);
#4542 = CARTESIAN_POINT('',(2.36E+03,0.,0.));
#4543 = VECTOR('',#4544,1.);
#4544 = DIRECTION('',(0.,0.,1.));
#4545 = PCURVE('',#4546,#4554);
#4546 = SURFACE_OF_LINEAR_EXTRUSION('',#4547,#4552);
#4547 = ELLIPSE('',#4548,1.18E+03,545.);
#4548 = AXIS2_PLACEMENT_3D('',#4549,#4550,#4551);
#4549 = CARTESIAN_POINT('',(1.18E+03,0.,0.));
#4550 = DIRECTION('',(0.,0.,1.));
#4551 = DIRECTION('',(1.,0.,0.));
#4552 = VECTOR('',#4553,1.);
#4553 = DIRECTION('',(-0.,-0.,-1.));
#4554 = DEFINITIONAL_REPRESENTATION('',(#4555),#4559);
#4555 = LINE('',#4556,#4557);
#4556 = CARTESIAN_POINT('',(0.,0.));
#4557 = VECTOR('',#4558,1.);
#4558 = DIRECTION('',(0.,-1.));
#4559 = ( GEOMETRIC_REPRESENTATION_CONTEXT(2) 
PARAMETRIC_REPRESENTATION_CONTEXT() REPRESENTATION_CONTEXT('2D SPACE',''
  ) );
#4560 = PCURVE('',#4546,#4561);
#4561 = DEFINITIONAL_REPRESENTATION('',(#4562),#4566);
#4562 = LINE('',#4563,#4564);
#4563 = CARTESIAN_POINT('',(6.28318530718,0.));
#4564 = VECTOR('',#4565,1.);
#4565 = DIRECTION('',(0.,-1.));
#4566 = ( GEOMETRIC_REPRESENTATION_CONTEXT(2) 
PARAMETRIC_REPRESENTATION_CONTEXT() REPRESENTATION_CONTEXT('2D SPACE',''
  ) );
#4567 = ORIENTED_EDGE('',*,*,#4568,.T.);
#4568 = EDGE_CURVE('',#4538,#4538,#4569,.T.);
#4569 = SURFACE_CURVE('',#4570,(#4575,#4582),.PCURVE_S1.);
#4570 = ELLIPSE('',#4571,1.18E+03,545.);
#4571 = AXIS2_PLACEMENT_3D('',#4572,#4573,#4574);
#4572 = CARTESIAN_POINT('',(1.18E+03,0.,1.));
#4573 = DIRECTION('',(0.,0.,1.));
#4574 = DIRECTION('',(1.,0.,0.));
#4575 = PCURVE('',#4546,#4576);
#4576 = DEFINITIONAL_REPRESENTATION('',(#4577),#4581);
#4577 = LINE('',#4578,#4579);
#4578 = CARTESIAN_POINT('',(0.,-1.));
#4579 = VECTOR('',#4580,1.);
#4580 = DIRECTION('',(1.,0.));
#4581 = ( GEOMETRIC_REPRESENTATION_CONTEXT(2) 
PARAMETRIC_REPRESENTATION_CONTEXT() REPRESENTATION_CONTEXT('2D SPACE',''
  ) );
#4582 = PCURVE('',#4583,#4588);
#4583 = PLANE('',#4584);
#4584 = AXIS2_PLACEMENT_3D('',#4585,#4586,#4587);
#4585 = CARTESIAN_POINT('',(1.293690924914E+03,-1.269232654059E-15,1.));
#4586 = DIRECTION('',(0.,0.,1.));
#4587 = DIRECTION('',(1.,0.,-0.));
#4588 = DEFINITIONAL_REPRESENTATION('',(#4589),#4593);
#4589 = ELLIPSE('',#4590,1.18E+03,545.);
#4590 = AXIS2_PLACEMENT_2D('',#4591,#4592);
#4591 = CARTESIAN_POINT('',(-113.6909249136,1.269232654059E-15));
#4592 = DIRECTION('',(1.,0.));
#4593 = ( GEOMETRIC_REPRESENTATION_CONTEXT(2) 
PARAMETRIC_REPRESENTATION_CONTEXT() REPRESENTATION_CONTEXT('2D SPACE',''
  ) );
#4594 = ORIENTED_EDGE('',*,*,#4535,.F.);
#4595 = ORIENTED_EDGE('',*,*,#4596,.F.);
#4596 = EDGE_CURVE('',#4536,#4536,#4597,.T.);
#4597 = SURFACE_CURVE('',#4598,(#4603,#4610),.PCURVE_S1.);
#4598 = ELLIPSE('',#4599,1.18E+03,545.);
#4599 = AXIS2_PLACEMENT_3D('',#4600,#4601,#4602);
#4600 = CARTESIAN_POINT('',(1.18E+03,0.,0.));
#4601 = DIRECTION('',(0.,0.,1.));
#4602 = DIRECTION('',(1.,0.,0.));
#4603 = PCURVE('',#4546,#4604);
#4604 = DEFINITIONAL_REPRESENTATION('',(#4605),#4609);
#4605 = LINE('',#4606,#4607);
#4606 = CARTESIAN_POINT('',(0.,0.));
#4607 = VECTOR('',#4608,1.);
#4608 = DIRECTION('',(1.,0.));
#4609 = ( GEOMETRIC_REPRESENTATION_CONTEXT(2) 
PARAMETRIC_REPRESENTATION_CONTEXT() REPRESENTATION_CONTEXT('2D SPACE',''
  ) );
#4610 = PCURVE('',#4611,#4616);
#4611 = PLANE('',#4612);
#4612 = AXIS2_PLACEMENT_3D('',#4613,#4614,#4615);
#4613 = CARTESIAN_POINT('',(1.293690924914E+03,-1.269232654059E-15,0.));
#4614 = DIRECTION('',(0.,0.,1.));
#4615 = DIRECTION('',(1.,0.,-0.));
#4616 = DEFINITIONAL_REPRESENTATION('',(#4617),#4621);
#4617 = ELLIPSE('',#4618,1.18E+03,545.);
#4618 = AXIS2_PLACEMENT_2D('',#4619,#4620);
#4619 = CARTESIAN_POINT('',(-113.6909249136,1.269232654059E-15));
#4620 = DIRECTION('',(1.,0.));
#4621 = ( GEOMETRIC_REPRESENTATION_CONTEXT(2) 
PARAMETRIC_REPRESENTATION_CONTEXT() REPRESENTATION_CONTEXT('2D SPACE',''
  ) );
#4622 = ADVANCED_FACE('',(#4623),#4611,.F.);
#4623 = FACE_BOUND('',#4624,.F.);
#4624 = EDGE_LOOP('',(#4625));
#4625 = ORIENTED_EDGE('',*,*,#4596,.T.);
#4626 = ADVANCED_FACE('',(#4627),#4583,.T.);
#4627 = FACE_BOUND('',#4628,.T.);
#4628 = EDGE_LOOP('',(#4629));
#4629 = ORIENTED_EDGE('',*,*,#4568,.T.);
#4630 = ( GEOMETRIC_REPRESENTATION_CONTEXT(3) 
GLOBAL_UNCERTAINTY_ASSIGNED_CONTEXT((#4634)) 
GLOBAL_UNIT_ASSIGNED_CONTEXT((#4631,#4632,#4633)) REPRESENTATION_CONTEXT
('Context #1','3D Context with UNIT and UNCERTAINTY') );
#4631 = ( LENGTH_UNIT() NAMED_UNIT(*) SI_UNIT(.MILLI.,.METRE.) );
#4632 = ( NAMED_UNIT(*) PLANE_ANGLE_UNIT() SI_UNIT($,.RADIAN.) );
#4633 = ( NAMED_UNIT(*) SI_UNIT($,.STERADIAN.) SOLID_ANGLE_UNIT() );
#4634 = UNCERTAINTY_MEASURE_WITH_UNIT(LENGTH_MEASURE(1.E-07),#4631,
  'distance_accuracy_value','confusion accuracy');
#4635 = CONTEXT_DEPENDENT_SHAPE_REPRESENTATION(#4636,#4638);
#4636 = ( REPRESENTATION_RELATIONSHIP('','',#4528,#10) 
REPRESENTATION_RELATIONSHIP_WITH_TRANSFORMATION(#4637) 
SHAPE_REPRESENTATION_RELATIONSHIP() );
#4637 = ITEM_DEFINED_TRANSFORMATION('','',#11,#111);
#4638 = PRODUCT_DEFINITION_SHAPE('Placement','Placement of an item',
  #4639);
#4639 = NEXT_ASSEMBLY_USAGE_OCCURRENCE('718','FLOOR_TEXTILE','',#5,#4523
  ,$);
#4640 = PRODUCT_RELATED_PRODUCT_CATEGORY('part',$,(#4525));
#4641 = SHAPE_DEFINITION_REPRESENTATION(#4642,#4648);
#4642 = PRODUCT_DEFINITION_SHAPE('','',#4643);
#4643 = PRODUCT_DEFINITION('design','',#4644,#4647);
#4644 = PRODUCT_DEFINITION_FORMATION('','',#4645);
#4645 = PRODUCT('FLEXIBLE_FLOOR_PAD','FLEXIBLE_FLOOR_PAD','',(#4646));
#4646 = PRODUCT_CONTEXT('',#2,'mechanical');
#4647 = PRODUCT_DEFINITION_CONTEXT('part definition',#2,'design');
#4648 = ADVANCED_BREP_SHAPE_REPRESENTATION('',(#11,#4649),#4750);
#4649 = MANIFOLD_SOLID_BREP('',#4650);
#4650 = CLOSED_SHELL('',(#4651,#4742,#4746));
#4651 = ADVANCED_FACE('',(#4652),#4666,.F.);
#4652 = FACE_BOUND('',#4653,.F.);
#4653 = EDGE_LOOP('',(#4654,#4687,#4714,#4715));
#4654 = ORIENTED_EDGE('',*,*,#4655,.T.);
#4655 = EDGE_CURVE('',#4656,#4658,#4660,.T.);
#4656 = VERTEX_POINT('',#4657);
#4657 = CARTESIAN_POINT('',(2.36E+03,0.,1.));
#4658 = VERTEX_POINT('',#4659);
#4659 = CARTESIAN_POINT('',(2.36E+03,0.,26.));
#4660 = SEAM_CURVE('',#4661,(#4665,#4680),.PCURVE_S1.);
#4661 = LINE('',#4662,#4663);
#4662 = CARTESIAN_POINT('',(2.36E+03,0.,1.));
#4663 = VECTOR('',#4664,1.);
#4664 = DIRECTION('',(0.,0.,1.));
#4665 = PCURVE('',#4666,#4674);
#4666 = SURFACE_OF_LINEAR_EXTRUSION('',#4667,#4672);
#4667 = ELLIPSE('',#4668,1.18E+03,545.);
#4668 = AXIS2_PLACEMENT_3D('',#4669,#4670,#4671);
#4669 = CARTESIAN_POINT('',(1.18E+03,0.,1.));
#4670 = DIRECTION('',(0.,0.,1.));
#4671 = DIRECTION('',(1.,0.,0.));
#4672 = VECTOR('',#4673,1.);
#4673 = DIRECTION('',(-0.,-0.,-1.));
#4674 = DEFINITIONAL_REPRESENTATION('',(#4675),#4679);
#4675 = LINE('',#4676,#4677);
#4676 = CARTESIAN_POINT('',(0.,0.));
#4677 = VECTOR('',#4678,1.);
#4678 = DIRECTION('',(0.,-1.));
#4679 = ( GEOMETRIC_REPRESENTATION_CONTEXT(2) 
PARAMETRIC_REPRESENTATION_CONTEXT() REPRESENTATION_CONTEXT('2D SPACE',''
  ) );
#4680 = PCURVE('',#4666,#4681);
#4681 = DEFINITIONAL_REPRESENTATION('',(#4682),#4686);
#4682 = LINE('',#4683,#4684);
#4683 = CARTESIAN_POINT('',(6.28318530718,0.));
#4684 = VECTOR('',#4685,1.);
#4685 = DIRECTION('',(0.,-1.));
#4686 = ( GEOMETRIC_REPRESENTATION_CONTEXT(2) 
PARAMETRIC_REPRESENTATION_CONTEXT() REPRESENTATION_CONTEXT('2D SPACE',''
  ) );
#4687 = ORIENTED_EDGE('',*,*,#4688,.T.);
#4688 = EDGE_CURVE('',#4658,#4658,#4689,.T.);
#4689 = SURFACE_CURVE('',#4690,(#4695,#4702),.PCURVE_S1.);
#4690 = ELLIPSE('',#4691,1.18E+03,545.);
#4691 = AXIS2_PLACEMENT_3D('',#4692,#4693,#4694);
#4692 = CARTESIAN_POINT('',(1.18E+03,0.,26.));
#4693 = DIRECTION('',(0.,0.,1.));
#4694 = DIRECTION('',(1.,0.,0.));
#4695 = PCURVE('',#4666,#4696);
#4696 = DEFINITIONAL_REPRESENTATION('',(#4697),#4701);
#4697 = LINE('',#4698,#4699);
#4698 = CARTESIAN_POINT('',(0.,-25.));
#4699 = VECTOR('',#4700,1.);
#4700 = DIRECTION('',(1.,0.));
#4701 = ( GEOMETRIC_REPRESENTATION_CONTEXT(2) 
PARAMETRIC_REPRESENTATION_CONTEXT() REPRESENTATION_CONTEXT('2D SPACE',''
  ) );
#4702 = PCURVE('',#4703,#4708);
#4703 = PLANE('',#4704);
#4704 = AXIS2_PLACEMENT_3D('',#4705,#4706,#4707);
#4705 = CARTESIAN_POINT('',(1.293690924914E+03,-1.269232654059E-15,26.)
  );
#4706 = DIRECTION('',(0.,0.,1.));
#4707 = DIRECTION('',(1.,0.,-0.));
#4708 = DEFINITIONAL_REPRESENTATION('',(#4709),#4713);
#4709 = ELLIPSE('',#4710,1.18E+03,545.);
#4710 = AXIS2_PLACEMENT_2D('',#4711,#4712);
#4711 = CARTESIAN_POINT('',(-113.6909249136,1.269232654059E-15));
#4712 = DIRECTION('',(1.,0.));
#4713 = ( GEOMETRIC_REPRESENTATION_CONTEXT(2) 
PARAMETRIC_REPRESENTATION_CONTEXT() REPRESENTATION_CONTEXT('2D SPACE',''
  ) );
#4714 = ORIENTED_EDGE('',*,*,#4655,.F.);
#4715 = ORIENTED_EDGE('',*,*,#4716,.F.);
#4716 = EDGE_CURVE('',#4656,#4656,#4717,.T.);
#4717 = SURFACE_CURVE('',#4718,(#4723,#4730),.PCURVE_S1.);
#4718 = ELLIPSE('',#4719,1.18E+03,545.);
#4719 = AXIS2_PLACEMENT_3D('',#4720,#4721,#4722);
#4720 = CARTESIAN_POINT('',(1.18E+03,0.,1.));
#4721 = DIRECTION('',(0.,0.,1.));
#4722 = DIRECTION('',(1.,0.,0.));
#4723 = PCURVE('',#4666,#4724);
#4724 = DEFINITIONAL_REPRESENTATION('',(#4725),#4729);
#4725 = LINE('',#4726,#4727);
#4726 = CARTESIAN_POINT('',(0.,0.));
#4727 = VECTOR('',#4728,1.);
#4728 = DIRECTION('',(1.,0.));
#4729 = ( GEOMETRIC_REPRESENTATION_CONTEXT(2) 
PARAMETRIC_REPRESENTATION_CONTEXT() REPRESENTATION_CONTEXT('2D SPACE',''
  ) );
#4730 = PCURVE('',#4731,#4736);
#4731 = PLANE('',#4732);
#4732 = AXIS2_PLACEMENT_3D('',#4733,#4734,#4735);
#4733 = CARTESIAN_POINT('',(1.293690924914E+03,-1.269232654059E-15,1.));
#4734 = DIRECTION('',(0.,0.,1.));
#4735 = DIRECTION('',(1.,0.,-0.));
#4736 = DEFINITIONAL_REPRESENTATION('',(#4737),#4741);
#4737 = ELLIPSE('',#4738,1.18E+03,545.);
#4738 = AXIS2_PLACEMENT_2D('',#4739,#4740);
#4739 = CARTESIAN_POINT('',(-113.6909249136,1.269232654059E-15));
#4740 = DIRECTION('',(1.,0.));
#4741 = ( GEOMETRIC_REPRESENTATION_CONTEXT(2) 
PARAMETRIC_REPRESENTATION_CONTEXT() REPRESENTATION_CONTEXT('2D SPACE',''
  ) );
#4742 = ADVANCED_FACE('',(#4743),#4731,.F.);
#4743 = FACE_BOUND('',#4744,.F.);
#4744 = EDGE_LOOP('',(#4745));
#4745 = ORIENTED_EDGE('',*,*,#4716,.T.);
#4746 = ADVANCED_FACE('',(#4747),#4703,.T.);
#4747 = FACE_BOUND('',#4748,.T.);
#4748 = EDGE_LOOP('',(#4749));
#4749 = ORIENTED_EDGE('',*,*,#4688,.T.);
#4750 = ( GEOMETRIC_REPRESENTATION_CONTEXT(3) 
GLOBAL_UNCERTAINTY_ASSIGNED_CONTEXT((#4754)) 
GLOBAL_UNIT_ASSIGNED_CONTEXT((#4751,#4752,#4753)) REPRESENTATION_CONTEXT
('Context #1','3D Context with UNIT and UNCERTAINTY') );
#4751 = ( LENGTH_UNIT() NAMED_UNIT(*) SI_UNIT(.MILLI.,.METRE.) );
#4752 = ( NAMED_UNIT(*) PLANE_ANGLE_UNIT() SI_UNIT($,.RADIAN.) );
#4753 = ( NAMED_UNIT(*) SI_UNIT($,.STERADIAN.) SOLID_ANGLE_UNIT() );
#4754 = UNCERTAINTY_MEASURE_WITH_UNIT(LENGTH_MEASURE(1.E-07),#4751,
  'distance_accuracy_value','confusion accuracy');
#4755 = CONTEXT_DEPENDENT_SHAPE_REPRESENTATION(#4756,#4758);
#4756 = ( REPRESENTATION_RELATIONSHIP('','',#4648,#10) 
REPRESENTATION_RELATIONSHIP_WITH_TRANSFORMATION(#4757) 
SHAPE_REPRESENTATION_RELATIONSHIP() );
#4757 = ITEM_DEFINED_TRANSFORMATION('','',#11,#115);
#4758 = PRODUCT_DEFINITION_SHAPE('Placement','Placement of an item',
  #4759);
#4759 = NEXT_ASSEMBLY_USAGE_OCCURRENCE('719','FLEXIBLE_FLOOR_PAD','',#5,
  #4643,$);
#4760 = PRODUCT_RELATED_PRODUCT_CATEGORY('part',$,(#4645));
#4761 = SHAPE_DEFINITION_REPRESENTATION(#4762,#4768);
#4762 = PRODUCT_DEFINITION_SHAPE('','',#4763);
#4763 = PRODUCT_DEFINITION('design','',#4764,#4767);
#4764 = PRODUCT_DEFINITION_FORMATION('','',#4765);
#4765 = PRODUCT('SLEEP_SOFT_MAT','SLEEP_SOFT_MAT','',(#4766));
#4766 = PRODUCT_CONTEXT('',#2,'mechanical');
#4767 = PRODUCT_DEFINITION_CONTEXT('part definition',#2,'design');
#4768 = ADVANCED_BREP_SHAPE_REPRESENTATION('',(#11,#4769),#6107);
#4769 = MANIFOLD_SOLID_BREP('',#4770);
#4770 = CLOSED_SHELL('',(#4771,#4891,#4979,#5062,#5145,#5223,#5255,#5287
    ,#5363,#5444,#5471,#5552,#5579,#5655,#5688,#5721,#5799,#5832,#5903,
    #5936,#6007,#6076,#6082,#6088,#6095,#6101));
#4771 = ADVANCED_FACE('',(#4772),#4786,.F.);
#4772 = FACE_BOUND('',#4773,.F.);
#4773 = EDGE_LOOP('',(#4774,#4809,#4837,#4865));
#4774 = ORIENTED_EDGE('',*,*,#4775,.F.);
#4775 = EDGE_CURVE('',#4776,#4778,#4780,.T.);
#4776 = VERTEX_POINT('',#4777);
#4777 = CARTESIAN_POINT('',(105.,-260.,82.5));
#4778 = VERTEX_POINT('',#4779);
#4779 = CARTESIAN_POINT('',(105.,-260.,117.5));
#4780 = SURFACE_CURVE('',#4781,(#4785,#4797),.PCURVE_S1.);
#4781 = LINE('',#4782,#4783);
#4782 = CARTESIAN_POINT('',(105.,-260.,27.5));
#4783 = VECTOR('',#4784,1.);
#4784 = DIRECTION('',(0.,0.,1.));
#4785 = PCURVE('',#4786,#4791);
#4786 = PLANE('',#4787);
#4787 = AXIS2_PLACEMENT_3D('',#4788,#4789,#4790);
#4788 = CARTESIAN_POINT('',(105.,-315.,27.5));
#4789 = DIRECTION('',(1.,0.,0.));
#4790 = DIRECTION('',(0.,0.,1.));
#4791 = DEFINITIONAL_REPRESENTATION('',(#4792),#4796);
#4792 = LINE('',#4793,#4794);
#4793 = CARTESIAN_POINT('',(0.,-55.));
#4794 = VECTOR('',#4795,1.);
#4795 = DIRECTION('',(1.,0.));
#4796 = ( GEOMETRIC_REPRESENTATION_CONTEXT(2) 
PARAMETRIC_REPRESENTATION_CONTEXT() REPRESENTATION_CONTEXT('2D SPACE',''
  ) );
#4797 = PCURVE('',#4798,#4803);
#4798 = CYLINDRICAL_SURFACE('',#4799,55.);
#4799 = AXIS2_PLACEMENT_3D('',#4800,#4801,#4802);
#4800 = CARTESIAN_POINT('',(160.,-260.,27.5));
#4801 = DIRECTION('',(0.,0.,1.));
#4802 = DIRECTION('',(-1.,0.,0.));
#4803 = DEFINITIONAL_REPRESENTATION('',(#4804),#4808);
#4804 = LINE('',#4805,#4806);
#4805 = CARTESIAN_POINT('',(0.,0.));
#4806 = VECTOR('',#4807,1.);
#4807 = DIRECTION('',(0.,1.));
#4808 = ( GEOMETRIC_REPRESENTATION_CONTEXT(2) 
PARAMETRIC_REPRESENTATION_CONTEXT() REPRESENTATION_CONTEXT('2D SPACE',''
  ) );
#4809 = ORIENTED_EDGE('',*,*,#4810,.T.);
#4810 = EDGE_CURVE('',#4776,#4811,#4813,.T.);
#4811 = VERTEX_POINT('',#4812);
#4812 = CARTESIAN_POINT('',(105.,260.,82.5));
#4813 = SURFACE_CURVE('',#4814,(#4818,#4825),.PCURVE_S1.);
#4814 = LINE('',#4815,#4816);
#4815 = CARTESIAN_POINT('',(105.,-315.,82.5));
#4816 = VECTOR('',#4817,1.);
#4817 = DIRECTION('',(0.,1.,0.));
#4818 = PCURVE('',#4786,#4819);
#4819 = DEFINITIONAL_REPRESENTATION('',(#4820),#4824);
#4820 = LINE('',#4821,#4822);
#4821 = CARTESIAN_POINT('',(55.,0.));
#4822 = VECTOR('',#4823,1.);
#4823 = DIRECTION('',(0.,-1.));
#4824 = ( GEOMETRIC_REPRESENTATION_CONTEXT(2) 
PARAMETRIC_REPRESENTATION_CONTEXT() REPRESENTATION_CONTEXT('2D SPACE',''
  ) );
#4825 = PCURVE('',#4826,#4831);
#4826 = CYLINDRICAL_SURFACE('',#4827,55.);
#4827 = AXIS2_PLACEMENT_3D('',#4828,#4829,#4830);
#4828 = CARTESIAN_POINT('',(160.,-315.,82.5));
#4829 = DIRECTION('',(0.,1.,0.));
#4830 = DIRECTION('',(-1.,0.,0.));
#4831 = DEFINITIONAL_REPRESENTATION('',(#4832),#4836);
#4832 = LINE('',#4833,#4834);
#4833 = CARTESIAN_POINT('',(-0.,0.));
#4834 = VECTOR('',#4835,1.);
#4835 = DIRECTION('',(-0.,1.));
#4836 = ( GEOMETRIC_REPRESENTATION_CONTEXT(2) 
PARAMETRIC_REPRESENTATION_CONTEXT() REPRESENTATION_CONTEXT('2D SPACE',''
  ) );
#4837 = ORIENTED_EDGE('',*,*,#4838,.T.);
#4838 = EDGE_CURVE('',#4811,#4839,#4841,.T.);
#4839 = VERTEX_POINT('',#4840);
#4840 = CARTESIAN_POINT('',(105.,260.,117.5));
#4841 = SURFACE_CURVE('',#4842,(#4846,#4853),.PCURVE_S1.);
#4842 = LINE('',#4843,#4844);
#4843 = CARTESIAN_POINT('',(105.,260.,27.5));
#4844 = VECTOR('',#4845,1.);
#4845 = DIRECTION('',(0.,0.,1.));
#4846 = PCURVE('',#4786,#4847);
#4847 = DEFINITIONAL_REPRESENTATION('',(#4848),#4852);
#4848 = LINE('',#4849,#4850);
#4849 = CARTESIAN_POINT('',(0.,-575.));
#4850 = VECTOR('',#4851,1.);
#4851 = DIRECTION('',(1.,0.));
#4852 = ( GEOMETRIC_REPRESENTATION_CONTEXT(2) 
PARAMETRIC_REPRESENTATION_CONTEXT() REPRESENTATION_CONTEXT('2D SPACE',''
  ) );
#4853 = PCURVE('',#4854,#4859);
#4854 = CYLINDRICAL_SURFACE('',#4855,55.);
#4855 = AXIS2_PLACEMENT_3D('',#4856,#4857,#4858);
#4856 = CARTESIAN_POINT('',(160.,260.,27.5));
#4857 = DIRECTION('',(0.,0.,1.));
#4858 = DIRECTION('',(-1.,0.,0.));
#4859 = DEFINITIONAL_REPRESENTATION('',(#4860),#4864);
#4860 = LINE('',#4861,#4862);
#4861 = CARTESIAN_POINT('',(-0.,0.));
#4862 = VECTOR('',#4863,1.);
#4863 = DIRECTION('',(-0.,1.));
#4864 = ( GEOMETRIC_REPRESENTATION_CONTEXT(2) 
PARAMETRIC_REPRESENTATION_CONTEXT() REPRESENTATION_CONTEXT('2D SPACE',''
  ) );
#4865 = ORIENTED_EDGE('',*,*,#4866,.F.);
#4866 = EDGE_CURVE('',#4778,#4839,#4867,.T.);
#4867 = SURFACE_CURVE('',#4868,(#4872,#4879),.PCURVE_S1.);
#4868 = LINE('',#4869,#4870);
#4869 = CARTESIAN_POINT('',(105.,-315.,117.5));
#4870 = VECTOR('',#4871,1.);
#4871 = DIRECTION('',(0.,1.,0.));
#4872 = PCURVE('',#4786,#4873);
#4873 = DEFINITIONAL_REPRESENTATION('',(#4874),#4878);
#4874 = LINE('',#4875,#4876);
#4875 = CARTESIAN_POINT('',(90.,0.));
#4876 = VECTOR('',#4877,1.);
#4877 = DIRECTION('',(0.,-1.));
#4878 = ( GEOMETRIC_REPRESENTATION_CONTEXT(2) 
PARAMETRIC_REPRESENTATION_CONTEXT() REPRESENTATION_CONTEXT('2D SPACE',''
  ) );
#4879 = PCURVE('',#4880,#4885);
#4880 = CYLINDRICAL_SURFACE('',#4881,55.);
#4881 = AXIS2_PLACEMENT_3D('',#4882,#4883,#4884);
#4882 = CARTESIAN_POINT('',(160.,-315.,117.5));
#4883 = DIRECTION('',(0.,1.,0.));
#4884 = DIRECTION('',(-1.,0.,0.));
#4885 = DEFINITIONAL_REPRESENTATION('',(#4886),#4890);
#4886 = LINE('',#4887,#4888);
#4887 = CARTESIAN_POINT('',(0.,0.));
#4888 = VECTOR('',#4889,1.);
#4889 = DIRECTION('',(0.,1.));
#4890 = ( GEOMETRIC_REPRESENTATION_CONTEXT(2) 
PARAMETRIC_REPRESENTATION_CONTEXT() REPRESENTATION_CONTEXT('2D SPACE',''
  ) );
#4891 = ADVANCED_FACE('',(#4892),#4798,.T.);
#4892 = FACE_BOUND('',#4893,.T.);
#4893 = EDGE_LOOP('',(#4894,#4895,#4924,#4952));
#4894 = ORIENTED_EDGE('',*,*,#4775,.F.);
#4895 = ORIENTED_EDGE('',*,*,#4896,.T.);
#4896 = EDGE_CURVE('',#4776,#4897,#4899,.T.);
#4897 = VERTEX_POINT('',#4898);
#4898 = CARTESIAN_POINT('',(160.,-315.,82.5));
#4899 = SURFACE_CURVE('',#4900,(#4905,#4912),.PCURVE_S1.);
#4900 = CIRCLE('',#4901,55.);
#4901 = AXIS2_PLACEMENT_3D('',#4902,#4903,#4904);
#4902 = CARTESIAN_POINT('',(160.,-260.,82.5));
#4903 = DIRECTION('',(0.,0.,1.));
#4904 = DIRECTION('',(-1.,0.,0.));
#4905 = PCURVE('',#4798,#4906);
#4906 = DEFINITIONAL_REPRESENTATION('',(#4907),#4911);
#4907 = LINE('',#4908,#4909);
#4908 = CARTESIAN_POINT('',(0.,55.));
#4909 = VECTOR('',#4910,1.);
#4910 = DIRECTION('',(1.,0.));
#4911 = ( GEOMETRIC_REPRESENTATION_CONTEXT(2) 
PARAMETRIC_REPRESENTATION_CONTEXT() REPRESENTATION_CONTEXT('2D SPACE',''
  ) );
#4912 = PCURVE('',#4913,#4918);
#4913 = SPHERICAL_SURFACE('',#4914,55.);
#4914 = AXIS2_PLACEMENT_3D('',#4915,#4916,#4917);
#4915 = CARTESIAN_POINT('',(160.,-260.,82.5));
#4916 = DIRECTION('',(0.,0.,1.));
#4917 = DIRECTION('',(-1.,0.,0.));
#4918 = DEFINITIONAL_REPRESENTATION('',(#4919),#4923);
#4919 = LINE('',#4920,#4921);
#4920 = CARTESIAN_POINT('',(0.,0.));
#4921 = VECTOR('',#4922,1.);
#4922 = DIRECTION('',(1.,0.));
#4923 = ( GEOMETRIC_REPRESENTATION_CONTEXT(2) 
PARAMETRIC_REPRESENTATION_CONTEXT() REPRESENTATION_CONTEXT('2D SPACE',''
  ) );
#4924 = ORIENTED_EDGE('',*,*,#4925,.T.);
#4925 = EDGE_CURVE('',#4897,#4926,#4928,.T.);
#4926 = VERTEX_POINT('',#4927);
#4927 = CARTESIAN_POINT('',(160.,-315.,117.5));
#4928 = SURFACE_CURVE('',#4929,(#4933,#4940),.PCURVE_S1.);
#4929 = LINE('',#4930,#4931);
#4930 = CARTESIAN_POINT('',(160.,-315.,27.5));
#4931 = VECTOR('',#4932,1.);
#4932 = DIRECTION('',(0.,0.,1.));
#4933 = PCURVE('',#4798,#4934);
#4934 = DEFINITIONAL_REPRESENTATION('',(#4935),#4939);
#4935 = LINE('',#4936,#4937);
#4936 = CARTESIAN_POINT('',(1.570796326795,0.));
#4937 = VECTOR('',#4938,1.);
#4938 = DIRECTION('',(0.,1.));
#4939 = ( GEOMETRIC_REPRESENTATION_CONTEXT(2) 
PARAMETRIC_REPRESENTATION_CONTEXT() REPRESENTATION_CONTEXT('2D SPACE',''
  ) );
#4940 = PCURVE('',#4941,#4946);
#4941 = PLANE('',#4942);
#4942 = AXIS2_PLACEMENT_3D('',#4943,#4944,#4945);
#4943 = CARTESIAN_POINT('',(105.,-315.,27.5));
#4944 = DIRECTION('',(0.,1.,0.));
#4945 = DIRECTION('',(0.,0.,1.));
#4946 = DEFINITIONAL_REPRESENTATION('',(#4947),#4951);
#4947 = LINE('',#4948,#4949);
#4948 = CARTESIAN_POINT('',(0.,55.));
#4949 = VECTOR('',#4950,1.);
#4950 = DIRECTION('',(1.,0.));
#4951 = ( GEOMETRIC_REPRESENTATION_CONTEXT(2) 
PARAMETRIC_REPRESENTATION_CONTEXT() REPRESENTATION_CONTEXT('2D SPACE',''
  ) );
#4952 = ORIENTED_EDGE('',*,*,#4953,.F.);
#4953 = EDGE_CURVE('',#4778,#4926,#4954,.T.);
#4954 = SURFACE_CURVE('',#4955,(#4960,#4967),.PCURVE_S1.);
#4955 = CIRCLE('',#4956,55.);
#4956 = AXIS2_PLACEMENT_3D('',#4957,#4958,#4959);
#4957 = CARTESIAN_POINT('',(160.,-260.,117.5));
#4958 = DIRECTION('',(0.,0.,1.));
#4959 = DIRECTION('',(-1.,0.,0.));
#4960 = PCURVE('',#4798,#4961);
#4961 = DEFINITIONAL_REPRESENTATION('',(#4962),#4966);
#4962 = LINE('',#4963,#4964);
#4963 = CARTESIAN_POINT('',(0.,90.));
#4964 = VECTOR('',#4965,1.);
#4965 = DIRECTION('',(1.,0.));
#4966 = ( GEOMETRIC_REPRESENTATION_CONTEXT(2) 
PARAMETRIC_REPRESENTATION_CONTEXT() REPRESENTATION_CONTEXT('2D SPACE',''
  ) );
#4967 = PCURVE('',#4968,#4973);
#4968 = SPHERICAL_SURFACE('',#4969,55.);
#4969 = AXIS2_PLACEMENT_3D('',#4970,#4971,#4972);
#4970 = CARTESIAN_POINT('',(160.,-260.,117.5));
#4971 = DIRECTION('',(-0.,-0.,-1.));
#4972 = DIRECTION('',(-1.,0.,0.));
#4973 = DEFINITIONAL_REPRESENTATION('',(#4974),#4978);
#4974 = LINE('',#4975,#4976);
#4975 = CARTESIAN_POINT('',(-0.,0.));
#4976 = VECTOR('',#4977,1.);
#4977 = DIRECTION('',(-1.,0.));
#4978 = ( GEOMETRIC_REPRESENTATION_CONTEXT(2) 
PARAMETRIC_REPRESENTATION_CONTEXT() REPRESENTATION_CONTEXT('2D SPACE',''
  ) );
#4979 = ADVANCED_FACE('',(#4980),#4826,.T.);
#4980 = FACE_BOUND('',#4981,.F.);
#4981 = EDGE_LOOP('',(#4982,#5006,#5034,#5061));
#4982 = ORIENTED_EDGE('',*,*,#4983,.F.);
#4983 = EDGE_CURVE('',#4984,#4776,#4986,.T.);
#4984 = VERTEX_POINT('',#4985);
#4985 = CARTESIAN_POINT('',(160.,-260.,27.5));
#4986 = SURFACE_CURVE('',#4987,(#4992,#4999),.PCURVE_S1.);
#4987 = CIRCLE('',#4988,55.);
#4988 = AXIS2_PLACEMENT_3D('',#4989,#4990,#4991);
#4989 = CARTESIAN_POINT('',(160.,-260.,82.5));
#4990 = DIRECTION('',(0.,1.,-0.));
#4991 = DIRECTION('',(-1.,0.,0.));
#4992 = PCURVE('',#4826,#4993);
#4993 = DEFINITIONAL_REPRESENTATION('',(#4994),#4998);
#4994 = LINE('',#4995,#4996);
#4995 = CARTESIAN_POINT('',(-6.28318530718,55.));
#4996 = VECTOR('',#4997,1.);
#4997 = DIRECTION('',(1.,-0.));
#4998 = ( GEOMETRIC_REPRESENTATION_CONTEXT(2) 
PARAMETRIC_REPRESENTATION_CONTEXT() REPRESENTATION_CONTEXT('2D SPACE',''
  ) );
#4999 = PCURVE('',#4913,#5000);
#5000 = DEFINITIONAL_REPRESENTATION('',(#5001),#5005);
#5001 = LINE('',#5002,#5003);
#5002 = CARTESIAN_POINT('',(0.,-6.28318530718));
#5003 = VECTOR('',#5004,1.);
#5004 = DIRECTION('',(0.,1.));
#5005 = ( GEOMETRIC_REPRESENTATION_CONTEXT(2) 
PARAMETRIC_REPRESENTATION_CONTEXT() REPRESENTATION_CONTEXT('2D SPACE',''
  ) );
#5006 = ORIENTED_EDGE('',*,*,#5007,.T.);
#5007 = EDGE_CURVE('',#4984,#5008,#5010,.T.);
#5008 = VERTEX_POINT('',#5009);
#5009 = CARTESIAN_POINT('',(160.,260.,27.5));
#5010 = SURFACE_CURVE('',#5011,(#5015,#5022),.PCURVE_S1.);
#5011 = LINE('',#5012,#5013);
#5012 = CARTESIAN_POINT('',(160.,-315.,27.5));
#5013 = VECTOR('',#5014,1.);
#5014 = DIRECTION('',(0.,1.,0.));
#5015 = PCURVE('',#4826,#5016);
#5016 = DEFINITIONAL_REPRESENTATION('',(#5017),#5021);
#5017 = LINE('',#5018,#5019);
#5018 = CARTESIAN_POINT('',(-1.570796326795,0.));
#5019 = VECTOR('',#5020,1.);
#5020 = DIRECTION('',(-0.,1.));
#5021 = ( GEOMETRIC_REPRESENTATION_CONTEXT(2) 
PARAMETRIC_REPRESENTATION_CONTEXT() REPRESENTATION_CONTEXT('2D SPACE',''
  ) );
#5022 = PCURVE('',#5023,#5028);
#5023 = PLANE('',#5024);
#5024 = AXIS2_PLACEMENT_3D('',#5025,#5026,#5027);
#5025 = CARTESIAN_POINT('',(105.,-315.,27.5));
#5026 = DIRECTION('',(0.,0.,1.));
#5027 = DIRECTION('',(1.,0.,0.));
#5028 = DEFINITIONAL_REPRESENTATION('',(#5029),#5033);
#5029 = LINE('',#5030,#5031);
#5030 = CARTESIAN_POINT('',(55.,0.));
#5031 = VECTOR('',#5032,1.);
#5032 = DIRECTION('',(0.,1.));
#5033 = ( GEOMETRIC_REPRESENTATION_CONTEXT(2) 
PARAMETRIC_REPRESENTATION_CONTEXT() REPRESENTATION_CONTEXT('2D SPACE',''
  ) );
#5034 = ORIENTED_EDGE('',*,*,#5035,.T.);
#5035 = EDGE_CURVE('',#5008,#4811,#5036,.T.);
#5036 = SURFACE_CURVE('',#5037,(#5042,#5049),.PCURVE_S1.);
#5037 = CIRCLE('',#5038,55.);
#5038 = AXIS2_PLACEMENT_3D('',#5039,#5040,#5041);
#5039 = CARTESIAN_POINT('',(160.,260.,82.5));
#5040 = DIRECTION('',(0.,1.,-0.));
#5041 = DIRECTION('',(-1.,0.,0.));
#5042 = PCURVE('',#4826,#5043);
#5043 = DEFINITIONAL_REPRESENTATION('',(#5044),#5048);
#5044 = LINE('',#5045,#5046);
#5045 = CARTESIAN_POINT('',(-6.28318530718,575.));
#5046 = VECTOR('',#5047,1.);
#5047 = DIRECTION('',(1.,-0.));
#5048 = ( GEOMETRIC_REPRESENTATION_CONTEXT(2) 
PARAMETRIC_REPRESENTATION_CONTEXT() REPRESENTATION_CONTEXT('2D SPACE',''
  ) );
#5049 = PCURVE('',#5050,#5055);
#5050 = SPHERICAL_SURFACE('',#5051,55.);
#5051 = AXIS2_PLACEMENT_3D('',#5052,#5053,#5054);
#5052 = CARTESIAN_POINT('',(160.,260.,82.5));
#5053 = DIRECTION('',(0.,0.,1.));
#5054 = DIRECTION('',(-1.,0.,0.));
#5055 = DEFINITIONAL_REPRESENTATION('',(#5056),#5060);
#5056 = LINE('',#5057,#5058);
#5057 = CARTESIAN_POINT('',(-0.,-6.28318530718));
#5058 = VECTOR('',#5059,1.);
#5059 = DIRECTION('',(-0.,1.));
#5060 = ( GEOMETRIC_REPRESENTATION_CONTEXT(2) 
PARAMETRIC_REPRESENTATION_CONTEXT() REPRESENTATION_CONTEXT('2D SPACE',''
  ) );
#5061 = ORIENTED_EDGE('',*,*,#4810,.F.);
#5062 = ADVANCED_FACE('',(#5063),#4880,.T.);
#5063 = FACE_BOUND('',#5064,.T.);
#5064 = EDGE_LOOP('',(#5065,#5089,#5117,#5144));
#5065 = ORIENTED_EDGE('',*,*,#5066,.F.);
#5066 = EDGE_CURVE('',#5067,#4778,#5069,.T.);
#5067 = VERTEX_POINT('',#5068);
#5068 = CARTESIAN_POINT('',(160.,-260.,172.5));
#5069 = SURFACE_CURVE('',#5070,(#5075,#5082),.PCURVE_S1.);
#5070 = CIRCLE('',#5071,55.);
#5071 = AXIS2_PLACEMENT_3D('',#5072,#5073,#5074);
#5072 = CARTESIAN_POINT('',(160.,-260.,117.5));
#5073 = DIRECTION('',(0.,-1.,0.));
#5074 = DIRECTION('',(-1.,0.,0.));
#5075 = PCURVE('',#4880,#5076);
#5076 = DEFINITIONAL_REPRESENTATION('',(#5077),#5081);
#5077 = LINE('',#5078,#5079);
#5078 = CARTESIAN_POINT('',(6.28318530718,55.));
#5079 = VECTOR('',#5080,1.);
#5080 = DIRECTION('',(-1.,-0.));
#5081 = ( GEOMETRIC_REPRESENTATION_CONTEXT(2) 
PARAMETRIC_REPRESENTATION_CONTEXT() REPRESENTATION_CONTEXT('2D SPACE',''
  ) );
#5082 = PCURVE('',#4968,#5083);
#5083 = DEFINITIONAL_REPRESENTATION('',(#5084),#5088);
#5084 = LINE('',#5085,#5086);
#5085 = CARTESIAN_POINT('',(-0.,-6.28318530718));
#5086 = VECTOR('',#5087,1.);
#5087 = DIRECTION('',(-0.,1.));
#5088 = ( GEOMETRIC_REPRESENTATION_CONTEXT(2) 
PARAMETRIC_REPRESENTATION_CONTEXT() REPRESENTATION_CONTEXT('2D SPACE',''
  ) );
#5089 = ORIENTED_EDGE('',*,*,#5090,.T.);
#5090 = EDGE_CURVE('',#5067,#5091,#5093,.T.);
#5091 = VERTEX_POINT('',#5092);
#5092 = CARTESIAN_POINT('',(160.,260.,172.5));
#5093 = SURFACE_CURVE('',#5094,(#5098,#5105),.PCURVE_S1.);
#5094 = LINE('',#5095,#5096);
#5095 = CARTESIAN_POINT('',(160.,-315.,172.5));
#5096 = VECTOR('',#5097,1.);
#5097 = DIRECTION('',(0.,1.,0.));
#5098 = PCURVE('',#4880,#5099);
#5099 = DEFINITIONAL_REPRESENTATION('',(#5100),#5104);
#5100 = LINE('',#5101,#5102);
#5101 = CARTESIAN_POINT('',(1.570796326795,0.));
#5102 = VECTOR('',#5103,1.);
#5103 = DIRECTION('',(0.,1.));
#5104 = ( GEOMETRIC_REPRESENTATION_CONTEXT(2) 
PARAMETRIC_REPRESENTATION_CONTEXT() REPRESENTATION_CONTEXT('2D SPACE',''
  ) );
#5105 = PCURVE('',#5106,#5111);
#5106 = PLANE('',#5107);
#5107 = AXIS2_PLACEMENT_3D('',#5108,#5109,#5110);
#5108 = CARTESIAN_POINT('',(105.,-315.,172.5));
#5109 = DIRECTION('',(0.,0.,1.));
#5110 = DIRECTION('',(1.,0.,0.));
#5111 = DEFINITIONAL_REPRESENTATION('',(#5112),#5116);
#5112 = LINE('',#5113,#5114);
#5113 = CARTESIAN_POINT('',(55.,0.));
#5114 = VECTOR('',#5115,1.);
#5115 = DIRECTION('',(0.,1.));
#5116 = ( GEOMETRIC_REPRESENTATION_CONTEXT(2) 
PARAMETRIC_REPRESENTATION_CONTEXT() REPRESENTATION_CONTEXT('2D SPACE',''
  ) );
#5117 = ORIENTED_EDGE('',*,*,#5118,.F.);
#5118 = EDGE_CURVE('',#4839,#5091,#5119,.T.);
#5119 = SURFACE_CURVE('',#5120,(#5125,#5132),.PCURVE_S1.);
#5120 = CIRCLE('',#5121,55.);
#5121 = AXIS2_PLACEMENT_3D('',#5122,#5123,#5124);
#5122 = CARTESIAN_POINT('',(160.,260.,117.5));
#5123 = DIRECTION('',(0.,1.,-0.));
#5124 = DIRECTION('',(-1.,0.,0.));
#5125 = PCURVE('',#4880,#5126);
#5126 = DEFINITIONAL_REPRESENTATION('',(#5127),#5131);
#5127 = LINE('',#5128,#5129);
#5128 = CARTESIAN_POINT('',(0.,575.));
#5129 = VECTOR('',#5130,1.);
#5130 = DIRECTION('',(1.,0.));
#5131 = ( GEOMETRIC_REPRESENTATION_CONTEXT(2) 
PARAMETRIC_REPRESENTATION_CONTEXT() REPRESENTATION_CONTEXT('2D SPACE',''
  ) );
#5132 = PCURVE('',#5133,#5138);
#5133 = SPHERICAL_SURFACE('',#5134,55.);
#5134 = AXIS2_PLACEMENT_3D('',#5135,#5136,#5137);
#5135 = CARTESIAN_POINT('',(160.,260.,117.5));
#5136 = DIRECTION('',(-0.,-1.,-0.));
#5137 = DIRECTION('',(-1.,0.,0.));
#5138 = DEFINITIONAL_REPRESENTATION('',(#5139),#5143);
#5139 = LINE('',#5140,#5141);
#5140 = CARTESIAN_POINT('',(-0.,0.));
#5141 = VECTOR('',#5142,1.);
#5142 = DIRECTION('',(-1.,0.));
#5143 = ( GEOMETRIC_REPRESENTATION_CONTEXT(2) 
PARAMETRIC_REPRESENTATION_CONTEXT() REPRESENTATION_CONTEXT('2D SPACE',''
  ) );
#5144 = ORIENTED_EDGE('',*,*,#4866,.F.);
#5145 = ADVANCED_FACE('',(#5146),#4854,.T.);
#5146 = FACE_BOUND('',#5147,.F.);
#5147 = EDGE_LOOP('',(#5148,#5149,#5173,#5201));
#5148 = ORIENTED_EDGE('',*,*,#4838,.F.);
#5149 = ORIENTED_EDGE('',*,*,#5150,.T.);
#5150 = EDGE_CURVE('',#4811,#5151,#5153,.T.);
#5151 = VERTEX_POINT('',#5152);
#5152 = CARTESIAN_POINT('',(160.,315.,82.5));
#5153 = SURFACE_CURVE('',#5154,(#5159,#5166),.PCURVE_S1.);
#5154 = CIRCLE('',#5155,55.);
#5155 = AXIS2_PLACEMENT_3D('',#5156,#5157,#5158);
#5156 = CARTESIAN_POINT('',(160.,260.,82.5));
#5157 = DIRECTION('',(0.,0.,-1.));
#5158 = DIRECTION('',(-1.,0.,0.));
#5159 = PCURVE('',#4854,#5160);
#5160 = DEFINITIONAL_REPRESENTATION('',(#5161),#5165);
#5161 = LINE('',#5162,#5163);
#5162 = CARTESIAN_POINT('',(-0.,55.));
#5163 = VECTOR('',#5164,1.);
#5164 = DIRECTION('',(-1.,0.));
#5165 = ( GEOMETRIC_REPRESENTATION_CONTEXT(2) 
PARAMETRIC_REPRESENTATION_CONTEXT() REPRESENTATION_CONTEXT('2D SPACE',''
  ) );
#5166 = PCURVE('',#5050,#5167);
#5167 = DEFINITIONAL_REPRESENTATION('',(#5168),#5172);
#5168 = LINE('',#5169,#5170);
#5169 = CARTESIAN_POINT('',(-0.,0.));
#5170 = VECTOR('',#5171,1.);
#5171 = DIRECTION('',(-1.,0.));
#5172 = ( GEOMETRIC_REPRESENTATION_CONTEXT(2) 
PARAMETRIC_REPRESENTATION_CONTEXT() REPRESENTATION_CONTEXT('2D SPACE',''
  ) );
#5173 = ORIENTED_EDGE('',*,*,#5174,.T.);
#5174 = EDGE_CURVE('',#5151,#5175,#5177,.T.);
#5175 = VERTEX_POINT('',#5176);
#5176 = CARTESIAN_POINT('',(160.,315.,117.5));
#5177 = SURFACE_CURVE('',#5178,(#5182,#5189),.PCURVE_S1.);
#5178 = LINE('',#5179,#5180);
#5179 = CARTESIAN_POINT('',(160.,315.,27.5));
#5180 = VECTOR('',#5181,1.);
#5181 = DIRECTION('',(0.,0.,1.));
#5182 = PCURVE('',#4854,#5183);
#5183 = DEFINITIONAL_REPRESENTATION('',(#5184),#5188);
#5184 = LINE('',#5185,#5186);
#5185 = CARTESIAN_POINT('',(-1.570796326795,0.));
#5186 = VECTOR('',#5187,1.);
#5187 = DIRECTION('',(-0.,1.));
#5188 = ( GEOMETRIC_REPRESENTATION_CONTEXT(2) 
PARAMETRIC_REPRESENTATION_CONTEXT() REPRESENTATION_CONTEXT('2D SPACE',''
  ) );
#5189 = PCURVE('',#5190,#5195);
#5190 = PLANE('',#5191);
#5191 = AXIS2_PLACEMENT_3D('',#5192,#5193,#5194);
#5192 = CARTESIAN_POINT('',(105.,315.,27.5));
#5193 = DIRECTION('',(0.,1.,0.));
#5194 = DIRECTION('',(0.,0.,1.));
#5195 = DEFINITIONAL_REPRESENTATION('',(#5196),#5200);
#5196 = LINE('',#5197,#5198);
#5197 = CARTESIAN_POINT('',(0.,55.));
#5198 = VECTOR('',#5199,1.);
#5199 = DIRECTION('',(1.,0.));
#5200 = ( GEOMETRIC_REPRESENTATION_CONTEXT(2) 
PARAMETRIC_REPRESENTATION_CONTEXT() REPRESENTATION_CONTEXT('2D SPACE',''
  ) );
#5201 = ORIENTED_EDGE('',*,*,#5202,.T.);
#5202 = EDGE_CURVE('',#5175,#4839,#5203,.T.);
#5203 = SURFACE_CURVE('',#5204,(#5209,#5216),.PCURVE_S1.);
#5204 = CIRCLE('',#5205,55.);
#5205 = AXIS2_PLACEMENT_3D('',#5206,#5207,#5208);
#5206 = CARTESIAN_POINT('',(160.,260.,117.5));
#5207 = DIRECTION('',(0.,0.,1.));
#5208 = DIRECTION('',(-1.,0.,0.));
#5209 = PCURVE('',#4854,#5210);
#5210 = DEFINITIONAL_REPRESENTATION('',(#5211),#5215);
#5211 = LINE('',#5212,#5213);
#5212 = CARTESIAN_POINT('',(-6.28318530718,90.));
#5213 = VECTOR('',#5214,1.);
#5214 = DIRECTION('',(1.,-0.));
#5215 = ( GEOMETRIC_REPRESENTATION_CONTEXT(2) 
PARAMETRIC_REPRESENTATION_CONTEXT() REPRESENTATION_CONTEXT('2D SPACE',''
  ) );
#5216 = PCURVE('',#5133,#5217);
#5217 = DEFINITIONAL_REPRESENTATION('',(#5218),#5222);
#5218 = LINE('',#5219,#5220);
#5219 = CARTESIAN_POINT('',(-0.,-6.28318530718));
#5220 = VECTOR('',#5221,1.);
#5221 = DIRECTION('',(-0.,1.));
#5222 = ( GEOMETRIC_REPRESENTATION_CONTEXT(2) 
PARAMETRIC_REPRESENTATION_CONTEXT() REPRESENTATION_CONTEXT('2D SPACE',''
  ) );
#5223 = ADVANCED_FACE('',(#5224),#4913,.T.);
#5224 = FACE_BOUND('',#5225,.T.);
#5225 = EDGE_LOOP('',(#5226,#5227,#5254));
#5226 = ORIENTED_EDGE('',*,*,#4983,.F.);
#5227 = ORIENTED_EDGE('',*,*,#5228,.T.);
#5228 = EDGE_CURVE('',#4984,#4897,#5229,.T.);
#5229 = SURFACE_CURVE('',#5230,(#5235,#5242),.PCURVE_S1.);
#5230 = CIRCLE('',#5231,55.);
#5231 = AXIS2_PLACEMENT_3D('',#5232,#5233,#5234);
#5232 = CARTESIAN_POINT('',(160.,-260.,82.5));
#5233 = DIRECTION('',(-1.,6.123233995737E-17,0.));
#5234 = DIRECTION('',(-6.123233995737E-17,-1.,0.));
#5235 = PCURVE('',#4913,#5236);
#5236 = DEFINITIONAL_REPRESENTATION('',(#5237),#5241);
#5237 = LINE('',#5238,#5239);
#5238 = CARTESIAN_POINT('',(1.570796326795,-6.28318530718));
#5239 = VECTOR('',#5240,1.);
#5240 = DIRECTION('',(0.,1.));
#5241 = ( GEOMETRIC_REPRESENTATION_CONTEXT(2) 
PARAMETRIC_REPRESENTATION_CONTEXT() REPRESENTATION_CONTEXT('2D SPACE',''
  ) );
#5242 = PCURVE('',#5243,#5248);
#5243 = CYLINDRICAL_SURFACE('',#5244,55.);
#5244 = AXIS2_PLACEMENT_3D('',#5245,#5246,#5247);
#5245 = CARTESIAN_POINT('',(105.,-260.,82.5));
#5246 = DIRECTION('',(1.,0.,0.));
#5247 = DIRECTION('',(0.,-1.,0.));
#5248 = DEFINITIONAL_REPRESENTATION('',(#5249),#5253);
#5249 = LINE('',#5250,#5251);
#5250 = CARTESIAN_POINT('',(6.28318530718,55.));
#5251 = VECTOR('',#5252,1.);
#5252 = DIRECTION('',(-1.,-0.));
#5253 = ( GEOMETRIC_REPRESENTATION_CONTEXT(2) 
PARAMETRIC_REPRESENTATION_CONTEXT() REPRESENTATION_CONTEXT('2D SPACE',''
  ) );
#5254 = ORIENTED_EDGE('',*,*,#4896,.F.);
#5255 = ADVANCED_FACE('',(#5256),#4968,.T.);
#5256 = FACE_BOUND('',#5257,.F.);
#5257 = EDGE_LOOP('',(#5258,#5259,#5286));
#5258 = ORIENTED_EDGE('',*,*,#5066,.F.);
#5259 = ORIENTED_EDGE('',*,*,#5260,.T.);
#5260 = EDGE_CURVE('',#5067,#4926,#5261,.T.);
#5261 = SURFACE_CURVE('',#5262,(#5267,#5274),.PCURVE_S1.);
#5262 = CIRCLE('',#5263,55.);
#5263 = AXIS2_PLACEMENT_3D('',#5264,#5265,#5266);
#5264 = CARTESIAN_POINT('',(160.,-260.,117.5));
#5265 = DIRECTION('',(1.,-6.123233995737E-17,0.));
#5266 = DIRECTION('',(-6.123233995737E-17,-1.,0.));
#5267 = PCURVE('',#4968,#5268);
#5268 = DEFINITIONAL_REPRESENTATION('',(#5269),#5273);
#5269 = LINE('',#5270,#5271);
#5270 = CARTESIAN_POINT('',(-1.570796326795,-6.28318530718));
#5271 = VECTOR('',#5272,1.);
#5272 = DIRECTION('',(-0.,1.));
#5273 = ( GEOMETRIC_REPRESENTATION_CONTEXT(2) 
PARAMETRIC_REPRESENTATION_CONTEXT() REPRESENTATION_CONTEXT('2D SPACE',''
  ) );
#5274 = PCURVE('',#5275,#5280);
#5275 = CYLINDRICAL_SURFACE('',#5276,55.);
#5276 = AXIS2_PLACEMENT_3D('',#5277,#5278,#5279);
#5277 = CARTESIAN_POINT('',(105.,-260.,117.5));
#5278 = DIRECTION('',(1.,0.,0.));
#5279 = DIRECTION('',(0.,-1.,0.));
#5280 = DEFINITIONAL_REPRESENTATION('',(#5281),#5285);
#5281 = LINE('',#5282,#5283);
#5282 = CARTESIAN_POINT('',(-6.28318530718,55.));
#5283 = VECTOR('',#5284,1.);
#5284 = DIRECTION('',(1.,-0.));
#5285 = ( GEOMETRIC_REPRESENTATION_CONTEXT(2) 
PARAMETRIC_REPRESENTATION_CONTEXT() REPRESENTATION_CONTEXT('2D SPACE',''
  ) );
#5286 = ORIENTED_EDGE('',*,*,#4953,.F.);
#5287 = ADVANCED_FACE('',(#5288),#4941,.F.);
#5288 = FACE_BOUND('',#5289,.F.);
#5289 = EDGE_LOOP('',(#5290,#5291,#5314,#5342));
#5290 = ORIENTED_EDGE('',*,*,#4925,.T.);
#5291 = ORIENTED_EDGE('',*,*,#5292,.T.);
#5292 = EDGE_CURVE('',#4926,#5293,#5295,.T.);
#5293 = VERTEX_POINT('',#5294);
#5294 = CARTESIAN_POINT('',(2.2E+03,-315.,117.5));
#5295 = SURFACE_CURVE('',#5296,(#5300,#5307),.PCURVE_S1.);
#5296 = LINE('',#5297,#5298);
#5297 = CARTESIAN_POINT('',(105.,-315.,117.5));
#5298 = VECTOR('',#5299,1.);
#5299 = DIRECTION('',(1.,0.,0.));
#5300 = PCURVE('',#4941,#5301);
#5301 = DEFINITIONAL_REPRESENTATION('',(#5302),#5306);
#5302 = LINE('',#5303,#5304);
#5303 = CARTESIAN_POINT('',(90.,0.));
#5304 = VECTOR('',#5305,1.);
#5305 = DIRECTION('',(0.,1.));
#5306 = ( GEOMETRIC_REPRESENTATION_CONTEXT(2) 
PARAMETRIC_REPRESENTATION_CONTEXT() REPRESENTATION_CONTEXT('2D SPACE',''
  ) );
#5307 = PCURVE('',#5275,#5308);
#5308 = DEFINITIONAL_REPRESENTATION('',(#5309),#5313);
#5309 = LINE('',#5310,#5311);
#5310 = CARTESIAN_POINT('',(-0.,0.));
#5311 = VECTOR('',#5312,1.);
#5312 = DIRECTION('',(-0.,1.));
#5313 = ( GEOMETRIC_REPRESENTATION_CONTEXT(2) 
PARAMETRIC_REPRESENTATION_CONTEXT() REPRESENTATION_CONTEXT('2D SPACE',''
  ) );
#5314 = ORIENTED_EDGE('',*,*,#5315,.F.);
#5315 = EDGE_CURVE('',#5316,#5293,#5318,.T.);
#5316 = VERTEX_POINT('',#5317);
#5317 = CARTESIAN_POINT('',(2.2E+03,-315.,82.5));
#5318 = SURFACE_CURVE('',#5319,(#5323,#5330),.PCURVE_S1.);
#5319 = LINE('',#5320,#5321);
#5320 = CARTESIAN_POINT('',(2.2E+03,-315.,27.5));
#5321 = VECTOR('',#5322,1.);
#5322 = DIRECTION('',(0.,0.,1.));
#5323 = PCURVE('',#4941,#5324);
#5324 = DEFINITIONAL_REPRESENTATION('',(#5325),#5329);
#5325 = LINE('',#5326,#5327);
#5326 = CARTESIAN_POINT('',(0.,2.095E+03));
#5327 = VECTOR('',#5328,1.);
#5328 = DIRECTION('',(1.,0.));
#5329 = ( GEOMETRIC_REPRESENTATION_CONTEXT(2) 
PARAMETRIC_REPRESENTATION_CONTEXT() REPRESENTATION_CONTEXT('2D SPACE',''
  ) );
#5330 = PCURVE('',#5331,#5336);
#5331 = CYLINDRICAL_SURFACE('',#5332,55.);
#5332 = AXIS2_PLACEMENT_3D('',#5333,#5334,#5335);
#5333 = CARTESIAN_POINT('',(2.2E+03,-260.,27.5));
#5334 = DIRECTION('',(0.,0.,1.));
#5335 = DIRECTION('',(1.,0.,0.));
#5336 = DEFINITIONAL_REPRESENTATION('',(#5337),#5341);
#5337 = LINE('',#5338,#5339);
#5338 = CARTESIAN_POINT('',(-1.570796326795,0.));
#5339 = VECTOR('',#5340,1.);
#5340 = DIRECTION('',(-0.,1.));
#5341 = ( GEOMETRIC_REPRESENTATION_CONTEXT(2) 
PARAMETRIC_REPRESENTATION_CONTEXT() REPRESENTATION_CONTEXT('2D SPACE',''
  ) );
#5342 = ORIENTED_EDGE('',*,*,#5343,.F.);
#5343 = EDGE_CURVE('',#4897,#5316,#5344,.T.);
#5344 = SURFACE_CURVE('',#5345,(#5349,#5356),.PCURVE_S1.);
#5345 = LINE('',#5346,#5347);
#5346 = CARTESIAN_POINT('',(105.,-315.,82.5));
#5347 = VECTOR('',#5348,1.);
#5348 = DIRECTION('',(1.,0.,0.));
#5349 = PCURVE('',#4941,#5350);
#5350 = DEFINITIONAL_REPRESENTATION('',(#5351),#5355);
#5351 = LINE('',#5352,#5353);
#5352 = CARTESIAN_POINT('',(55.,0.));
#5353 = VECTOR('',#5354,1.);
#5354 = DIRECTION('',(0.,1.));
#5355 = ( GEOMETRIC_REPRESENTATION_CONTEXT(2) 
PARAMETRIC_REPRESENTATION_CONTEXT() REPRESENTATION_CONTEXT('2D SPACE',''
  ) );
#5356 = PCURVE('',#5243,#5357);
#5357 = DEFINITIONAL_REPRESENTATION('',(#5358),#5362);
#5358 = LINE('',#5359,#5360);
#5359 = CARTESIAN_POINT('',(0.,0.));
#5360 = VECTOR('',#5361,1.);
#5361 = DIRECTION('',(0.,1.));
#5362 = ( GEOMETRIC_REPRESENTATION_CONTEXT(2) 
PARAMETRIC_REPRESENTATION_CONTEXT() REPRESENTATION_CONTEXT('2D SPACE',''
  ) );
#5363 = ADVANCED_FACE('',(#5364),#5023,.F.);
#5364 = FACE_BOUND('',#5365,.F.);
#5365 = EDGE_LOOP('',(#5366,#5367,#5390,#5418));
#5366 = ORIENTED_EDGE('',*,*,#5007,.F.);
#5367 = ORIENTED_EDGE('',*,*,#5368,.T.);
#5368 = EDGE_CURVE('',#4984,#5369,#5371,.T.);
#5369 = VERTEX_POINT('',#5370);
#5370 = CARTESIAN_POINT('',(2.2E+03,-260.,27.5));
#5371 = SURFACE_CURVE('',#5372,(#5376,#5383),.PCURVE_S1.);
#5372 = LINE('',#5373,#5374);
#5373 = CARTESIAN_POINT('',(105.,-260.,27.5));
#5374 = VECTOR('',#5375,1.);
#5375 = DIRECTION('',(1.,0.,0.));
#5376 = PCURVE('',#5023,#5377);
#5377 = DEFINITIONAL_REPRESENTATION('',(#5378),#5382);
#5378 = LINE('',#5379,#5380);
#5379 = CARTESIAN_POINT('',(0.,55.));
#5380 = VECTOR('',#5381,1.);
#5381 = DIRECTION('',(1.,0.));
#5382 = ( GEOMETRIC_REPRESENTATION_CONTEXT(2) 
PARAMETRIC_REPRESENTATION_CONTEXT() REPRESENTATION_CONTEXT('2D SPACE',''
  ) );
#5383 = PCURVE('',#5243,#5384);
#5384 = DEFINITIONAL_REPRESENTATION('',(#5385),#5389);
#5385 = LINE('',#5386,#5387);
#5386 = CARTESIAN_POINT('',(1.570796326795,0.));
#5387 = VECTOR('',#5388,1.);
#5388 = DIRECTION('',(0.,1.));
#5389 = ( GEOMETRIC_REPRESENTATION_CONTEXT(2) 
PARAMETRIC_REPRESENTATION_CONTEXT() REPRESENTATION_CONTEXT('2D SPACE',''
  ) );
#5390 = ORIENTED_EDGE('',*,*,#5391,.T.);
#5391 = EDGE_CURVE('',#5369,#5392,#5394,.T.);
#5392 = VERTEX_POINT('',#5393);
#5393 = CARTESIAN_POINT('',(2.2E+03,260.,27.5));
#5394 = SURFACE_CURVE('',#5395,(#5399,#5406),.PCURVE_S1.);
#5395 = LINE('',#5396,#5397);
#5396 = CARTESIAN_POINT('',(2.2E+03,-315.,27.5));
#5397 = VECTOR('',#5398,1.);
#5398 = DIRECTION('',(0.,1.,0.));
#5399 = PCURVE('',#5023,#5400);
#5400 = DEFINITIONAL_REPRESENTATION('',(#5401),#5405);
#5401 = LINE('',#5402,#5403);
#5402 = CARTESIAN_POINT('',(2.095E+03,0.));
#5403 = VECTOR('',#5404,1.);
#5404 = DIRECTION('',(0.,1.));
#5405 = ( GEOMETRIC_REPRESENTATION_CONTEXT(2) 
PARAMETRIC_REPRESENTATION_CONTEXT() REPRESENTATION_CONTEXT('2D SPACE',''
  ) );
#5406 = PCURVE('',#5407,#5412);
#5407 = CYLINDRICAL_SURFACE('',#5408,55.);
#5408 = AXIS2_PLACEMENT_3D('',#5409,#5410,#5411);
#5409 = CARTESIAN_POINT('',(2.2E+03,-315.,82.5));
#5410 = DIRECTION('',(0.,1.,0.));
#5411 = DIRECTION('',(1.,0.,0.));
#5412 = DEFINITIONAL_REPRESENTATION('',(#5413),#5417);
#5413 = LINE('',#5414,#5415);
#5414 = CARTESIAN_POINT('',(1.570796326795,0.));
#5415 = VECTOR('',#5416,1.);
#5416 = DIRECTION('',(0.,1.));
#5417 = ( GEOMETRIC_REPRESENTATION_CONTEXT(2) 
PARAMETRIC_REPRESENTATION_CONTEXT() REPRESENTATION_CONTEXT('2D SPACE',''
  ) );
#5418 = ORIENTED_EDGE('',*,*,#5419,.F.);
#5419 = EDGE_CURVE('',#5008,#5392,#5420,.T.);
#5420 = SURFACE_CURVE('',#5421,(#5425,#5432),.PCURVE_S1.);
#5421 = LINE('',#5422,#5423);
#5422 = CARTESIAN_POINT('',(105.,260.,27.5));
#5423 = VECTOR('',#5424,1.);
#5424 = DIRECTION('',(1.,0.,0.));
#5425 = PCURVE('',#5023,#5426);
#5426 = DEFINITIONAL_REPRESENTATION('',(#5427),#5431);
#5427 = LINE('',#5428,#5429);
#5428 = CARTESIAN_POINT('',(0.,575.));
#5429 = VECTOR('',#5430,1.);
#5430 = DIRECTION('',(1.,0.));
#5431 = ( GEOMETRIC_REPRESENTATION_CONTEXT(2) 
PARAMETRIC_REPRESENTATION_CONTEXT() REPRESENTATION_CONTEXT('2D SPACE',''
  ) );
#5432 = PCURVE('',#5433,#5438);
#5433 = CYLINDRICAL_SURFACE('',#5434,55.);
#5434 = AXIS2_PLACEMENT_3D('',#5435,#5436,#5437);
#5435 = CARTESIAN_POINT('',(105.,260.,82.5));
#5436 = DIRECTION('',(1.,0.,0.));
#5437 = DIRECTION('',(0.,1.,0.));
#5438 = DEFINITIONAL_REPRESENTATION('',(#5439),#5443);
#5439 = LINE('',#5440,#5441);
#5440 = CARTESIAN_POINT('',(-1.570796326795,0.));
#5441 = VECTOR('',#5442,1.);
#5442 = DIRECTION('',(-0.,1.));
#5443 = ( GEOMETRIC_REPRESENTATION_CONTEXT(2) 
PARAMETRIC_REPRESENTATION_CONTEXT() REPRESENTATION_CONTEXT('2D SPACE',''
  ) );
#5444 = ADVANCED_FACE('',(#5445),#5050,.T.);
#5445 = FACE_BOUND('',#5446,.F.);
#5446 = EDGE_LOOP('',(#5447,#5448,#5470));
#5447 = ORIENTED_EDGE('',*,*,#5035,.F.);
#5448 = ORIENTED_EDGE('',*,*,#5449,.T.);
#5449 = EDGE_CURVE('',#5008,#5151,#5450,.T.);
#5450 = SURFACE_CURVE('',#5451,(#5456,#5463),.PCURVE_S1.);
#5451 = CIRCLE('',#5452,55.);
#5452 = AXIS2_PLACEMENT_3D('',#5453,#5454,#5455);
#5453 = CARTESIAN_POINT('',(160.,260.,82.5));
#5454 = DIRECTION('',(1.,6.123233995737E-17,-0.));
#5455 = DIRECTION('',(-6.123233995737E-17,1.,0.));
#5456 = PCURVE('',#5050,#5457);
#5457 = DEFINITIONAL_REPRESENTATION('',(#5458),#5462);
#5458 = LINE('',#5459,#5460);
#5459 = CARTESIAN_POINT('',(-1.570796326795,-6.28318530718));
#5460 = VECTOR('',#5461,1.);
#5461 = DIRECTION('',(-0.,1.));
#5462 = ( GEOMETRIC_REPRESENTATION_CONTEXT(2) 
PARAMETRIC_REPRESENTATION_CONTEXT() REPRESENTATION_CONTEXT('2D SPACE',''
  ) );
#5463 = PCURVE('',#5433,#5464);
#5464 = DEFINITIONAL_REPRESENTATION('',(#5465),#5469);
#5465 = LINE('',#5466,#5467);
#5466 = CARTESIAN_POINT('',(-6.28318530718,55.));
#5467 = VECTOR('',#5468,1.);
#5468 = DIRECTION('',(1.,-0.));
#5469 = ( GEOMETRIC_REPRESENTATION_CONTEXT(2) 
PARAMETRIC_REPRESENTATION_CONTEXT() REPRESENTATION_CONTEXT('2D SPACE',''
  ) );
#5470 = ORIENTED_EDGE('',*,*,#5150,.F.);
#5471 = ADVANCED_FACE('',(#5472),#5106,.T.);
#5472 = FACE_BOUND('',#5473,.T.);
#5473 = EDGE_LOOP('',(#5474,#5475,#5498,#5526));
#5474 = ORIENTED_EDGE('',*,*,#5090,.F.);
#5475 = ORIENTED_EDGE('',*,*,#5476,.T.);
#5476 = EDGE_CURVE('',#5067,#5477,#5479,.T.);
#5477 = VERTEX_POINT('',#5478);
#5478 = CARTESIAN_POINT('',(2.2E+03,-260.,172.5));
#5479 = SURFACE_CURVE('',#5480,(#5484,#5491),.PCURVE_S1.);
#5480 = LINE('',#5481,#5482);
#5481 = CARTESIAN_POINT('',(105.,-260.,172.5));
#5482 = VECTOR('',#5483,1.);
#5483 = DIRECTION('',(1.,0.,0.));
#5484 = PCURVE('',#5106,#5485);
#5485 = DEFINITIONAL_REPRESENTATION('',(#5486),#5490);
#5486 = LINE('',#5487,#5488);
#5487 = CARTESIAN_POINT('',(0.,55.));
#5488 = VECTOR('',#5489,1.);
#5489 = DIRECTION('',(1.,0.));
#5490 = ( GEOMETRIC_REPRESENTATION_CONTEXT(2) 
PARAMETRIC_REPRESENTATION_CONTEXT() REPRESENTATION_CONTEXT('2D SPACE',''
  ) );
#5491 = PCURVE('',#5275,#5492);
#5492 = DEFINITIONAL_REPRESENTATION('',(#5493),#5497);
#5493 = LINE('',#5494,#5495);
#5494 = CARTESIAN_POINT('',(-1.570796326795,0.));
#5495 = VECTOR('',#5496,1.);
#5496 = DIRECTION('',(-0.,1.));
#5497 = ( GEOMETRIC_REPRESENTATION_CONTEXT(2) 
PARAMETRIC_REPRESENTATION_CONTEXT() REPRESENTATION_CONTEXT('2D SPACE',''
  ) );
#5498 = ORIENTED_EDGE('',*,*,#5499,.T.);
#5499 = EDGE_CURVE('',#5477,#5500,#5502,.T.);
#5500 = VERTEX_POINT('',#5501);
#5501 = CARTESIAN_POINT('',(2.2E+03,260.,172.5));
#5502 = SURFACE_CURVE('',#5503,(#5507,#5514),.PCURVE_S1.);
#5503 = LINE('',#5504,#5505);
#5504 = CARTESIAN_POINT('',(2.2E+03,-315.,172.5));
#5505 = VECTOR('',#5506,1.);
#5506 = DIRECTION('',(0.,1.,0.));
#5507 = PCURVE('',#5106,#5508);
#5508 = DEFINITIONAL_REPRESENTATION('',(#5509),#5513);
#5509 = LINE('',#5510,#5511);
#5510 = CARTESIAN_POINT('',(2.095E+03,0.));
#5511 = VECTOR('',#5512,1.);
#5512 = DIRECTION('',(0.,1.));
#5513 = ( GEOMETRIC_REPRESENTATION_CONTEXT(2) 
PARAMETRIC_REPRESENTATION_CONTEXT() REPRESENTATION_CONTEXT('2D SPACE',''
  ) );
#5514 = PCURVE('',#5515,#5520);
#5515 = CYLINDRICAL_SURFACE('',#5516,55.);
#5516 = AXIS2_PLACEMENT_3D('',#5517,#5518,#5519);
#5517 = CARTESIAN_POINT('',(2.2E+03,-315.,117.5));
#5518 = DIRECTION('',(0.,1.,0.));
#5519 = DIRECTION('',(1.,0.,0.));
#5520 = DEFINITIONAL_REPRESENTATION('',(#5521),#5525);
#5521 = LINE('',#5522,#5523);
#5522 = CARTESIAN_POINT('',(-1.570796326795,0.));
#5523 = VECTOR('',#5524,1.);
#5524 = DIRECTION('',(-0.,1.));
#5525 = ( GEOMETRIC_REPRESENTATION_CONTEXT(2) 
PARAMETRIC_REPRESENTATION_CONTEXT() REPRESENTATION_CONTEXT('2D SPACE',''
  ) );
#5526 = ORIENTED_EDGE('',*,*,#5527,.F.);
#5527 = EDGE_CURVE('',#5091,#5500,#5528,.T.);
#5528 = SURFACE_CURVE('',#5529,(#5533,#5540),.PCURVE_S1.);
#5529 = LINE('',#5530,#5531);
#5530 = CARTESIAN_POINT('',(105.,260.,172.5));
#5531 = VECTOR('',#5532,1.);
#5532 = DIRECTION('',(1.,0.,0.));
#5533 = PCURVE('',#5106,#5534);
#5534 = DEFINITIONAL_REPRESENTATION('',(#5535),#5539);
#5535 = LINE('',#5536,#5537);
#5536 = CARTESIAN_POINT('',(0.,575.));
#5537 = VECTOR('',#5538,1.);
#5538 = DIRECTION('',(1.,0.));
#5539 = ( GEOMETRIC_REPRESENTATION_CONTEXT(2) 
PARAMETRIC_REPRESENTATION_CONTEXT() REPRESENTATION_CONTEXT('2D SPACE',''
  ) );
#5540 = PCURVE('',#5541,#5546);
#5541 = CYLINDRICAL_SURFACE('',#5542,55.);
#5542 = AXIS2_PLACEMENT_3D('',#5543,#5544,#5545);
#5543 = CARTESIAN_POINT('',(105.,260.,117.5));
#5544 = DIRECTION('',(1.,0.,0.));
#5545 = DIRECTION('',(0.,1.,0.));
#5546 = DEFINITIONAL_REPRESENTATION('',(#5547),#5551);
#5547 = LINE('',#5548,#5549);
#5548 = CARTESIAN_POINT('',(1.570796326795,0.));
#5549 = VECTOR('',#5550,1.);
#5550 = DIRECTION('',(0.,1.));
#5551 = ( GEOMETRIC_REPRESENTATION_CONTEXT(2) 
PARAMETRIC_REPRESENTATION_CONTEXT() REPRESENTATION_CONTEXT('2D SPACE',''
  ) );
#5552 = ADVANCED_FACE('',(#5553),#5133,.T.);
#5553 = FACE_BOUND('',#5554,.F.);
#5554 = EDGE_LOOP('',(#5555,#5556,#5578));
#5555 = ORIENTED_EDGE('',*,*,#5202,.F.);
#5556 = ORIENTED_EDGE('',*,*,#5557,.T.);
#5557 = EDGE_CURVE('',#5175,#5091,#5558,.T.);
#5558 = SURFACE_CURVE('',#5559,(#5564,#5571),.PCURVE_S1.);
#5559 = CIRCLE('',#5560,55.);
#5560 = AXIS2_PLACEMENT_3D('',#5561,#5562,#5563);
#5561 = CARTESIAN_POINT('',(160.,260.,117.5));
#5562 = DIRECTION('',(1.,0.,6.123233995737E-17));
#5563 = DIRECTION('',(-6.123233995737E-17,0.,1.));
#5564 = PCURVE('',#5133,#5565);
#5565 = DEFINITIONAL_REPRESENTATION('',(#5566),#5570);
#5566 = LINE('',#5567,#5568);
#5567 = CARTESIAN_POINT('',(-1.570796326795,-6.28318530718));
#5568 = VECTOR('',#5569,1.);
#5569 = DIRECTION('',(-0.,1.));
#5570 = ( GEOMETRIC_REPRESENTATION_CONTEXT(2) 
PARAMETRIC_REPRESENTATION_CONTEXT() REPRESENTATION_CONTEXT('2D SPACE',''
  ) );
#5571 = PCURVE('',#5541,#5572);
#5572 = DEFINITIONAL_REPRESENTATION('',(#5573),#5577);
#5573 = LINE('',#5574,#5575);
#5574 = CARTESIAN_POINT('',(-4.712388980385,55.));
#5575 = VECTOR('',#5576,1.);
#5576 = DIRECTION('',(1.,0.));
#5577 = ( GEOMETRIC_REPRESENTATION_CONTEXT(2) 
PARAMETRIC_REPRESENTATION_CONTEXT() REPRESENTATION_CONTEXT('2D SPACE',''
  ) );
#5578 = ORIENTED_EDGE('',*,*,#5118,.F.);
#5579 = ADVANCED_FACE('',(#5580),#5190,.T.);
#5580 = FACE_BOUND('',#5581,.T.);
#5581 = EDGE_LOOP('',(#5582,#5583,#5606,#5634));
#5582 = ORIENTED_EDGE('',*,*,#5174,.T.);
#5583 = ORIENTED_EDGE('',*,*,#5584,.T.);
#5584 = EDGE_CURVE('',#5175,#5585,#5587,.T.);
#5585 = VERTEX_POINT('',#5586);
#5586 = CARTESIAN_POINT('',(2.2E+03,315.,117.5));
#5587 = SURFACE_CURVE('',#5588,(#5592,#5599),.PCURVE_S1.);
#5588 = LINE('',#5589,#5590);
#5589 = CARTESIAN_POINT('',(105.,315.,117.5));
#5590 = VECTOR('',#5591,1.);
#5591 = DIRECTION('',(1.,0.,0.));
#5592 = PCURVE('',#5190,#5593);
#5593 = DEFINITIONAL_REPRESENTATION('',(#5594),#5598);
#5594 = LINE('',#5595,#5596);
#5595 = CARTESIAN_POINT('',(90.,0.));
#5596 = VECTOR('',#5597,1.);
#5597 = DIRECTION('',(0.,1.));
#5598 = ( GEOMETRIC_REPRESENTATION_CONTEXT(2) 
PARAMETRIC_REPRESENTATION_CONTEXT() REPRESENTATION_CONTEXT('2D SPACE',''
  ) );
#5599 = PCURVE('',#5541,#5600);
#5600 = DEFINITIONAL_REPRESENTATION('',(#5601),#5605);
#5601 = LINE('',#5602,#5603);
#5602 = CARTESIAN_POINT('',(0.,0.));
#5603 = VECTOR('',#5604,1.);
#5604 = DIRECTION('',(0.,1.));
#5605 = ( GEOMETRIC_REPRESENTATION_CONTEXT(2) 
PARAMETRIC_REPRESENTATION_CONTEXT() REPRESENTATION_CONTEXT('2D SPACE',''
  ) );
#5606 = ORIENTED_EDGE('',*,*,#5607,.F.);
#5607 = EDGE_CURVE('',#5608,#5585,#5610,.T.);
#5608 = VERTEX_POINT('',#5609);
#5609 = CARTESIAN_POINT('',(2.2E+03,315.,82.5));
#5610 = SURFACE_CURVE('',#5611,(#5615,#5622),.PCURVE_S1.);
#5611 = LINE('',#5612,#5613);
#5612 = CARTESIAN_POINT('',(2.2E+03,315.,27.5));
#5613 = VECTOR('',#5614,1.);
#5614 = DIRECTION('',(0.,0.,1.));
#5615 = PCURVE('',#5190,#5616);
#5616 = DEFINITIONAL_REPRESENTATION('',(#5617),#5621);
#5617 = LINE('',#5618,#5619);
#5618 = CARTESIAN_POINT('',(0.,2.095E+03));
#5619 = VECTOR('',#5620,1.);
#5620 = DIRECTION('',(1.,0.));
#5621 = ( GEOMETRIC_REPRESENTATION_CONTEXT(2) 
PARAMETRIC_REPRESENTATION_CONTEXT() REPRESENTATION_CONTEXT('2D SPACE',''
  ) );
#5622 = PCURVE('',#5623,#5628);
#5623 = CYLINDRICAL_SURFACE('',#5624,55.);
#5624 = AXIS2_PLACEMENT_3D('',#5625,#5626,#5627);
#5625 = CARTESIAN_POINT('',(2.2E+03,260.,27.5));
#5626 = DIRECTION('',(0.,0.,1.));
#5627 = DIRECTION('',(1.,0.,0.));
#5628 = DEFINITIONAL_REPRESENTATION('',(#5629),#5633);
#5629 = LINE('',#5630,#5631);
#5630 = CARTESIAN_POINT('',(1.570796326795,0.));
#5631 = VECTOR('',#5632,1.);
#5632 = DIRECTION('',(0.,1.));
#5633 = ( GEOMETRIC_REPRESENTATION_CONTEXT(2) 
PARAMETRIC_REPRESENTATION_CONTEXT() REPRESENTATION_CONTEXT('2D SPACE',''
  ) );
#5634 = ORIENTED_EDGE('',*,*,#5635,.F.);
#5635 = EDGE_CURVE('',#5151,#5608,#5636,.T.);
#5636 = SURFACE_CURVE('',#5637,(#5641,#5648),.PCURVE_S1.);
#5637 = LINE('',#5638,#5639);
#5638 = CARTESIAN_POINT('',(105.,315.,82.5));
#5639 = VECTOR('',#5640,1.);
#5640 = DIRECTION('',(1.,0.,0.));
#5641 = PCURVE('',#5190,#5642);
#5642 = DEFINITIONAL_REPRESENTATION('',(#5643),#5647);
#5643 = LINE('',#5644,#5645);
#5644 = CARTESIAN_POINT('',(55.,0.));
#5645 = VECTOR('',#5646,1.);
#5646 = DIRECTION('',(0.,1.));
#5647 = ( GEOMETRIC_REPRESENTATION_CONTEXT(2) 
PARAMETRIC_REPRESENTATION_CONTEXT() REPRESENTATION_CONTEXT('2D SPACE',''
  ) );
#5648 = PCURVE('',#5433,#5649);
#5649 = DEFINITIONAL_REPRESENTATION('',(#5650),#5654);
#5650 = LINE('',#5651,#5652);
#5651 = CARTESIAN_POINT('',(-0.,0.));
#5652 = VECTOR('',#5653,1.);
#5653 = DIRECTION('',(-0.,1.));
#5654 = ( GEOMETRIC_REPRESENTATION_CONTEXT(2) 
PARAMETRIC_REPRESENTATION_CONTEXT() REPRESENTATION_CONTEXT('2D SPACE',''
  ) );
#5655 = ADVANCED_FACE('',(#5656),#5243,.T.);
#5656 = FACE_BOUND('',#5657,.T.);
#5657 = EDGE_LOOP('',(#5658,#5659,#5660,#5687));
#5658 = ORIENTED_EDGE('',*,*,#5228,.F.);
#5659 = ORIENTED_EDGE('',*,*,#5368,.T.);
#5660 = ORIENTED_EDGE('',*,*,#5661,.T.);
#5661 = EDGE_CURVE('',#5369,#5316,#5662,.T.);
#5662 = SURFACE_CURVE('',#5663,(#5668,#5675),.PCURVE_S1.);
#5663 = CIRCLE('',#5664,55.);
#5664 = AXIS2_PLACEMENT_3D('',#5665,#5666,#5667);
#5665 = CARTESIAN_POINT('',(2.2E+03,-260.,82.5));
#5666 = DIRECTION('',(-1.,-6.123233995737E-17,0.));
#5667 = DIRECTION('',(6.123233995737E-17,-1.,0.));
#5668 = PCURVE('',#5243,#5669);
#5669 = DEFINITIONAL_REPRESENTATION('',(#5670),#5674);
#5670 = LINE('',#5671,#5672);
#5671 = CARTESIAN_POINT('',(6.28318530718,2.095E+03));
#5672 = VECTOR('',#5673,1.);
#5673 = DIRECTION('',(-1.,-0.));
#5674 = ( GEOMETRIC_REPRESENTATION_CONTEXT(2) 
PARAMETRIC_REPRESENTATION_CONTEXT() REPRESENTATION_CONTEXT('2D SPACE',''
  ) );
#5675 = PCURVE('',#5676,#5681);
#5676 = SPHERICAL_SURFACE('',#5677,55.);
#5677 = AXIS2_PLACEMENT_3D('',#5678,#5679,#5680);
#5678 = CARTESIAN_POINT('',(2.2E+03,-260.,82.5));
#5679 = DIRECTION('',(0.,0.,1.));
#5680 = DIRECTION('',(1.,0.,0.));
#5681 = DEFINITIONAL_REPRESENTATION('',(#5682),#5686);
#5682 = LINE('',#5683,#5684);
#5683 = CARTESIAN_POINT('',(-1.570796326795,-6.28318530718));
#5684 = VECTOR('',#5685,1.);
#5685 = DIRECTION('',(-0.,1.));
#5686 = ( GEOMETRIC_REPRESENTATION_CONTEXT(2) 
PARAMETRIC_REPRESENTATION_CONTEXT() REPRESENTATION_CONTEXT('2D SPACE',''
  ) );
#5687 = ORIENTED_EDGE('',*,*,#5343,.F.);
#5688 = ADVANCED_FACE('',(#5689),#5275,.T.);
#5689 = FACE_BOUND('',#5690,.F.);
#5690 = EDGE_LOOP('',(#5691,#5692,#5693,#5720));
#5691 = ORIENTED_EDGE('',*,*,#5260,.F.);
#5692 = ORIENTED_EDGE('',*,*,#5476,.T.);
#5693 = ORIENTED_EDGE('',*,*,#5694,.T.);
#5694 = EDGE_CURVE('',#5477,#5293,#5695,.T.);
#5695 = SURFACE_CURVE('',#5696,(#5701,#5708),.PCURVE_S1.);
#5696 = CIRCLE('',#5697,55.);
#5697 = AXIS2_PLACEMENT_3D('',#5698,#5699,#5700);
#5698 = CARTESIAN_POINT('',(2.2E+03,-260.,117.5));
#5699 = DIRECTION('',(1.,6.123233995737E-17,0.));
#5700 = DIRECTION('',(6.123233995737E-17,-1.,0.));
#5701 = PCURVE('',#5275,#5702);
#5702 = DEFINITIONAL_REPRESENTATION('',(#5703),#5707);
#5703 = LINE('',#5704,#5705);
#5704 = CARTESIAN_POINT('',(-6.28318530718,2.095E+03));
#5705 = VECTOR('',#5706,1.);
#5706 = DIRECTION('',(1.,-0.));
#5707 = ( GEOMETRIC_REPRESENTATION_CONTEXT(2) 
PARAMETRIC_REPRESENTATION_CONTEXT() REPRESENTATION_CONTEXT('2D SPACE',''
  ) );
#5708 = PCURVE('',#5709,#5714);
#5709 = SPHERICAL_SURFACE('',#5710,55.);
#5710 = AXIS2_PLACEMENT_3D('',#5711,#5712,#5713);
#5711 = CARTESIAN_POINT('',(2.2E+03,-260.,117.5));
#5712 = DIRECTION('',(-0.,-0.,-1.));
#5713 = DIRECTION('',(1.,0.,0.));
#5714 = DEFINITIONAL_REPRESENTATION('',(#5715),#5719);
#5715 = LINE('',#5716,#5717);
#5716 = CARTESIAN_POINT('',(1.570796326795,-6.28318530718));
#5717 = VECTOR('',#5718,1.);
#5718 = DIRECTION('',(0.,1.));
#5719 = ( GEOMETRIC_REPRESENTATION_CONTEXT(2) 
PARAMETRIC_REPRESENTATION_CONTEXT() REPRESENTATION_CONTEXT('2D SPACE',''
  ) );
#5720 = ORIENTED_EDGE('',*,*,#5292,.F.);
#5721 = ADVANCED_FACE('',(#5722),#5331,.T.);
#5722 = FACE_BOUND('',#5723,.F.);
#5723 = EDGE_LOOP('',(#5724,#5754,#5776,#5777));
#5724 = ORIENTED_EDGE('',*,*,#5725,.F.);
#5725 = EDGE_CURVE('',#5726,#5728,#5730,.T.);
#5726 = VERTEX_POINT('',#5727);
#5727 = CARTESIAN_POINT('',(2.255E+03,-260.,82.5));
#5728 = VERTEX_POINT('',#5729);
#5729 = CARTESIAN_POINT('',(2.255E+03,-260.,117.5));
#5730 = SURFACE_CURVE('',#5731,(#5735,#5742),.PCURVE_S1.);
#5731 = LINE('',#5732,#5733);
#5732 = CARTESIAN_POINT('',(2.255E+03,-260.,27.5));
#5733 = VECTOR('',#5734,1.);
#5734 = DIRECTION('',(0.,0.,1.));
#5735 = PCURVE('',#5331,#5736);
#5736 = DEFINITIONAL_REPRESENTATION('',(#5737),#5741);
#5737 = LINE('',#5738,#5739);
#5738 = CARTESIAN_POINT('',(-0.,0.));
#5739 = VECTOR('',#5740,1.);
#5740 = DIRECTION('',(-0.,1.));
#5741 = ( GEOMETRIC_REPRESENTATION_CONTEXT(2) 
PARAMETRIC_REPRESENTATION_CONTEXT() REPRESENTATION_CONTEXT('2D SPACE',''
  ) );
#5742 = PCURVE('',#5743,#5748);
#5743 = PLANE('',#5744);
#5744 = AXIS2_PLACEMENT_3D('',#5745,#5746,#5747);
#5745 = CARTESIAN_POINT('',(2.255E+03,-315.,27.5));
#5746 = DIRECTION('',(1.,0.,0.));
#5747 = DIRECTION('',(0.,0.,1.));
#5748 = DEFINITIONAL_REPRESENTATION('',(#5749),#5753);
#5749 = LINE('',#5750,#5751);
#5750 = CARTESIAN_POINT('',(0.,-55.));
#5751 = VECTOR('',#5752,1.);
#5752 = DIRECTION('',(1.,0.));
#5753 = ( GEOMETRIC_REPRESENTATION_CONTEXT(2) 
PARAMETRIC_REPRESENTATION_CONTEXT() REPRESENTATION_CONTEXT('2D SPACE',''
  ) );
#5754 = ORIENTED_EDGE('',*,*,#5755,.T.);
#5755 = EDGE_CURVE('',#5726,#5316,#5756,.T.);
#5756 = SURFACE_CURVE('',#5757,(#5762,#5769),.PCURVE_S1.);
#5757 = CIRCLE('',#5758,55.);
#5758 = AXIS2_PLACEMENT_3D('',#5759,#5760,#5761);
#5759 = CARTESIAN_POINT('',(2.2E+03,-260.,82.5));
#5760 = DIRECTION('',(0.,0.,-1.));
#5761 = DIRECTION('',(1.,0.,0.));
#5762 = PCURVE('',#5331,#5763);
#5763 = DEFINITIONAL_REPRESENTATION('',(#5764),#5768);
#5764 = LINE('',#5765,#5766);
#5765 = CARTESIAN_POINT('',(-0.,55.));
#5766 = VECTOR('',#5767,1.);
#5767 = DIRECTION('',(-1.,0.));
#5768 = ( GEOMETRIC_REPRESENTATION_CONTEXT(2) 
PARAMETRIC_REPRESENTATION_CONTEXT() REPRESENTATION_CONTEXT('2D SPACE',''
  ) );
#5769 = PCURVE('',#5676,#5770);
#5770 = DEFINITIONAL_REPRESENTATION('',(#5771),#5775);
#5771 = LINE('',#5772,#5773);
#5772 = CARTESIAN_POINT('',(-0.,0.));
#5773 = VECTOR('',#5774,1.);
#5774 = DIRECTION('',(-1.,0.));
#5775 = ( GEOMETRIC_REPRESENTATION_CONTEXT(2) 
PARAMETRIC_REPRESENTATION_CONTEXT() REPRESENTATION_CONTEXT('2D SPACE',''
  ) );
#5776 = ORIENTED_EDGE('',*,*,#5315,.T.);
#5777 = ORIENTED_EDGE('',*,*,#5778,.F.);
#5778 = EDGE_CURVE('',#5728,#5293,#5779,.T.);
#5779 = SURFACE_CURVE('',#5780,(#5785,#5792),.PCURVE_S1.);
#5780 = CIRCLE('',#5781,55.);
#5781 = AXIS2_PLACEMENT_3D('',#5782,#5783,#5784);
#5782 = CARTESIAN_POINT('',(2.2E+03,-260.,117.5));
#5783 = DIRECTION('',(0.,0.,-1.));
#5784 = DIRECTION('',(1.,0.,0.));
#5785 = PCURVE('',#5331,#5786);
#5786 = DEFINITIONAL_REPRESENTATION('',(#5787),#5791);
#5787 = LINE('',#5788,#5789);
#5788 = CARTESIAN_POINT('',(-0.,90.));
#5789 = VECTOR('',#5790,1.);
#5790 = DIRECTION('',(-1.,0.));
#5791 = ( GEOMETRIC_REPRESENTATION_CONTEXT(2) 
PARAMETRIC_REPRESENTATION_CONTEXT() REPRESENTATION_CONTEXT('2D SPACE',''
  ) );
#5792 = PCURVE('',#5709,#5793);
#5793 = DEFINITIONAL_REPRESENTATION('',(#5794),#5798);
#5794 = LINE('',#5795,#5796);
#5795 = CARTESIAN_POINT('',(0.,0.));
#5796 = VECTOR('',#5797,1.);
#5797 = DIRECTION('',(1.,0.));
#5798 = ( GEOMETRIC_REPRESENTATION_CONTEXT(2) 
PARAMETRIC_REPRESENTATION_CONTEXT() REPRESENTATION_CONTEXT('2D SPACE',''
  ) );
#5799 = ADVANCED_FACE('',(#5800),#5433,.T.);
#5800 = FACE_BOUND('',#5801,.F.);
#5801 = EDGE_LOOP('',(#5802,#5803,#5804,#5831));
#5802 = ORIENTED_EDGE('',*,*,#5449,.F.);
#5803 = ORIENTED_EDGE('',*,*,#5419,.T.);
#5804 = ORIENTED_EDGE('',*,*,#5805,.T.);
#5805 = EDGE_CURVE('',#5392,#5608,#5806,.T.);
#5806 = SURFACE_CURVE('',#5807,(#5812,#5819),.PCURVE_S1.);
#5807 = CIRCLE('',#5808,55.);
#5808 = AXIS2_PLACEMENT_3D('',#5809,#5810,#5811);
#5809 = CARTESIAN_POINT('',(2.2E+03,260.,82.5));
#5810 = DIRECTION('',(1.,-6.123233995737E-17,0.));
#5811 = DIRECTION('',(6.123233995737E-17,1.,0.));
#5812 = PCURVE('',#5433,#5813);
#5813 = DEFINITIONAL_REPRESENTATION('',(#5814),#5818);
#5814 = LINE('',#5815,#5816);
#5815 = CARTESIAN_POINT('',(-6.28318530718,2.095E+03));
#5816 = VECTOR('',#5817,1.);
#5817 = DIRECTION('',(1.,-0.));
#5818 = ( GEOMETRIC_REPRESENTATION_CONTEXT(2) 
PARAMETRIC_REPRESENTATION_CONTEXT() REPRESENTATION_CONTEXT('2D SPACE',''
  ) );
#5819 = PCURVE('',#5820,#5825);
#5820 = SPHERICAL_SURFACE('',#5821,55.);
#5821 = AXIS2_PLACEMENT_3D('',#5822,#5823,#5824);
#5822 = CARTESIAN_POINT('',(2.2E+03,260.,82.5));
#5823 = DIRECTION('',(0.,0.,1.));
#5824 = DIRECTION('',(1.,0.,0.));
#5825 = DEFINITIONAL_REPRESENTATION('',(#5826),#5830);
#5826 = LINE('',#5827,#5828);
#5827 = CARTESIAN_POINT('',(1.570796326795,-6.28318530718));
#5828 = VECTOR('',#5829,1.);
#5829 = DIRECTION('',(0.,1.));
#5830 = ( GEOMETRIC_REPRESENTATION_CONTEXT(2) 
PARAMETRIC_REPRESENTATION_CONTEXT() REPRESENTATION_CONTEXT('2D SPACE',''
  ) );
#5831 = ORIENTED_EDGE('',*,*,#5635,.F.);
#5832 = ADVANCED_FACE('',(#5833),#5407,.T.);
#5833 = FACE_BOUND('',#5834,.T.);
#5834 = EDGE_LOOP('',(#5835,#5857,#5858,#5882));
#5835 = ORIENTED_EDGE('',*,*,#5836,.F.);
#5836 = EDGE_CURVE('',#5369,#5726,#5837,.T.);
#5837 = SURFACE_CURVE('',#5838,(#5843,#5850),.PCURVE_S1.);
#5838 = CIRCLE('',#5839,55.);
#5839 = AXIS2_PLACEMENT_3D('',#5840,#5841,#5842);
#5840 = CARTESIAN_POINT('',(2.2E+03,-260.,82.5));
#5841 = DIRECTION('',(0.,-1.,0.));
#5842 = DIRECTION('',(1.,0.,0.));
#5843 = PCURVE('',#5407,#5844);
#5844 = DEFINITIONAL_REPRESENTATION('',(#5845),#5849);
#5845 = LINE('',#5846,#5847);
#5846 = CARTESIAN_POINT('',(6.28318530718,55.));
#5847 = VECTOR('',#5848,1.);
#5848 = DIRECTION('',(-1.,-0.));
#5849 = ( GEOMETRIC_REPRESENTATION_CONTEXT(2) 
PARAMETRIC_REPRESENTATION_CONTEXT() REPRESENTATION_CONTEXT('2D SPACE',''
  ) );
#5850 = PCURVE('',#5676,#5851);
#5851 = DEFINITIONAL_REPRESENTATION('',(#5852),#5856);
#5852 = LINE('',#5853,#5854);
#5853 = CARTESIAN_POINT('',(-0.,-6.28318530718));
#5854 = VECTOR('',#5855,1.);
#5855 = DIRECTION('',(-0.,1.));
#5856 = ( GEOMETRIC_REPRESENTATION_CONTEXT(2) 
PARAMETRIC_REPRESENTATION_CONTEXT() REPRESENTATION_CONTEXT('2D SPACE',''
  ) );
#5857 = ORIENTED_EDGE('',*,*,#5391,.T.);
#5858 = ORIENTED_EDGE('',*,*,#5859,.T.);
#5859 = EDGE_CURVE('',#5392,#5860,#5862,.T.);
#5860 = VERTEX_POINT('',#5861);
#5861 = CARTESIAN_POINT('',(2.255E+03,260.,82.5));
#5862 = SURFACE_CURVE('',#5863,(#5868,#5875),.PCURVE_S1.);
#5863 = CIRCLE('',#5864,55.);
#5864 = AXIS2_PLACEMENT_3D('',#5865,#5866,#5867);
#5865 = CARTESIAN_POINT('',(2.2E+03,260.,82.5));
#5866 = DIRECTION('',(0.,-1.,0.));
#5867 = DIRECTION('',(1.,0.,0.));
#5868 = PCURVE('',#5407,#5869);
#5869 = DEFINITIONAL_REPRESENTATION('',(#5870),#5874);
#5870 = LINE('',#5871,#5872);
#5871 = CARTESIAN_POINT('',(6.28318530718,575.));
#5872 = VECTOR('',#5873,1.);
#5873 = DIRECTION('',(-1.,-0.));
#5874 = ( GEOMETRIC_REPRESENTATION_CONTEXT(2) 
PARAMETRIC_REPRESENTATION_CONTEXT() REPRESENTATION_CONTEXT('2D SPACE',''
  ) );
#5875 = PCURVE('',#5820,#5876);
#5876 = DEFINITIONAL_REPRESENTATION('',(#5877),#5881);
#5877 = LINE('',#5878,#5879);
#5878 = CARTESIAN_POINT('',(0.,-6.28318530718));
#5879 = VECTOR('',#5880,1.);
#5880 = DIRECTION('',(0.,1.));
#5881 = ( GEOMETRIC_REPRESENTATION_CONTEXT(2) 
PARAMETRIC_REPRESENTATION_CONTEXT() REPRESENTATION_CONTEXT('2D SPACE',''
  ) );
#5882 = ORIENTED_EDGE('',*,*,#5883,.F.);
#5883 = EDGE_CURVE('',#5726,#5860,#5884,.T.);
#5884 = SURFACE_CURVE('',#5885,(#5889,#5896),.PCURVE_S1.);
#5885 = LINE('',#5886,#5887);
#5886 = CARTESIAN_POINT('',(2.255E+03,-315.,82.5));
#5887 = VECTOR('',#5888,1.);
#5888 = DIRECTION('',(0.,1.,0.));
#5889 = PCURVE('',#5407,#5890);
#5890 = DEFINITIONAL_REPRESENTATION('',(#5891),#5895);
#5891 = LINE('',#5892,#5893);
#5892 = CARTESIAN_POINT('',(0.,0.));
#5893 = VECTOR('',#5894,1.);
#5894 = DIRECTION('',(0.,1.));
#5895 = ( GEOMETRIC_REPRESENTATION_CONTEXT(2) 
PARAMETRIC_REPRESENTATION_CONTEXT() REPRESENTATION_CONTEXT('2D SPACE',''
  ) );
#5896 = PCURVE('',#5743,#5897);
#5897 = DEFINITIONAL_REPRESENTATION('',(#5898),#5902);
#5898 = LINE('',#5899,#5900);
#5899 = CARTESIAN_POINT('',(55.,0.));
#5900 = VECTOR('',#5901,1.);
#5901 = DIRECTION('',(0.,-1.));
#5902 = ( GEOMETRIC_REPRESENTATION_CONTEXT(2) 
PARAMETRIC_REPRESENTATION_CONTEXT() REPRESENTATION_CONTEXT('2D SPACE',''
  ) );
#5903 = ADVANCED_FACE('',(#5904),#5541,.T.);
#5904 = FACE_BOUND('',#5905,.T.);
#5905 = EDGE_LOOP('',(#5906,#5907,#5908,#5935));
#5906 = ORIENTED_EDGE('',*,*,#5557,.T.);
#5907 = ORIENTED_EDGE('',*,*,#5527,.T.);
#5908 = ORIENTED_EDGE('',*,*,#5909,.F.);
#5909 = EDGE_CURVE('',#5585,#5500,#5910,.T.);
#5910 = SURFACE_CURVE('',#5911,(#5916,#5923),.PCURVE_S1.);
#5911 = CIRCLE('',#5912,55.);
#5912 = AXIS2_PLACEMENT_3D('',#5913,#5914,#5915);
#5913 = CARTESIAN_POINT('',(2.2E+03,260.,117.5));
#5914 = DIRECTION('',(1.,0.,-6.123233995737E-17));
#5915 = DIRECTION('',(6.123233995737E-17,0.,1.));
#5916 = PCURVE('',#5541,#5917);
#5917 = DEFINITIONAL_REPRESENTATION('',(#5918),#5922);
#5918 = LINE('',#5919,#5920);
#5919 = CARTESIAN_POINT('',(-4.712388980385,2.095E+03));
#5920 = VECTOR('',#5921,1.);
#5921 = DIRECTION('',(1.,0.));
#5922 = ( GEOMETRIC_REPRESENTATION_CONTEXT(2) 
PARAMETRIC_REPRESENTATION_CONTEXT() REPRESENTATION_CONTEXT('2D SPACE',''
  ) );
#5923 = PCURVE('',#5924,#5929);
#5924 = SPHERICAL_SURFACE('',#5925,55.);
#5925 = AXIS2_PLACEMENT_3D('',#5926,#5927,#5928);
#5926 = CARTESIAN_POINT('',(2.2E+03,260.,117.5));
#5927 = DIRECTION('',(-0.,-1.,-0.));
#5928 = DIRECTION('',(1.,0.,0.));
#5929 = DEFINITIONAL_REPRESENTATION('',(#5930),#5934);
#5930 = LINE('',#5931,#5932);
#5931 = CARTESIAN_POINT('',(1.570796326795,-6.28318530718));
#5932 = VECTOR('',#5933,1.);
#5933 = DIRECTION('',(0.,1.));
#5934 = ( GEOMETRIC_REPRESENTATION_CONTEXT(2) 
PARAMETRIC_REPRESENTATION_CONTEXT() REPRESENTATION_CONTEXT('2D SPACE',''
  ) );
#5935 = ORIENTED_EDGE('',*,*,#5584,.F.);
#5936 = ADVANCED_FACE('',(#5937),#5515,.T.);
#5937 = FACE_BOUND('',#5938,.F.);
#5938 = EDGE_LOOP('',(#5939,#5961,#5962,#5986));
#5939 = ORIENTED_EDGE('',*,*,#5940,.F.);
#5940 = EDGE_CURVE('',#5477,#5728,#5941,.T.);
#5941 = SURFACE_CURVE('',#5942,(#5947,#5954),.PCURVE_S1.);
#5942 = CIRCLE('',#5943,55.);
#5943 = AXIS2_PLACEMENT_3D('',#5944,#5945,#5946);
#5944 = CARTESIAN_POINT('',(2.2E+03,-260.,117.5));
#5945 = DIRECTION('',(-0.,1.,0.));
#5946 = DIRECTION('',(1.,0.,0.));
#5947 = PCURVE('',#5515,#5948);
#5948 = DEFINITIONAL_REPRESENTATION('',(#5949),#5953);
#5949 = LINE('',#5950,#5951);
#5950 = CARTESIAN_POINT('',(-6.28318530718,55.));
#5951 = VECTOR('',#5952,1.);
#5952 = DIRECTION('',(1.,-0.));
#5953 = ( GEOMETRIC_REPRESENTATION_CONTEXT(2) 
PARAMETRIC_REPRESENTATION_CONTEXT() REPRESENTATION_CONTEXT('2D SPACE',''
  ) );
#5954 = PCURVE('',#5709,#5955);
#5955 = DEFINITIONAL_REPRESENTATION('',(#5956),#5960);
#5956 = LINE('',#5957,#5958);
#5957 = CARTESIAN_POINT('',(0.,-6.28318530718));
#5958 = VECTOR('',#5959,1.);
#5959 = DIRECTION('',(0.,1.));
#5960 = ( GEOMETRIC_REPRESENTATION_CONTEXT(2) 
PARAMETRIC_REPRESENTATION_CONTEXT() REPRESENTATION_CONTEXT('2D SPACE',''
  ) );
#5961 = ORIENTED_EDGE('',*,*,#5499,.T.);
#5962 = ORIENTED_EDGE('',*,*,#5963,.F.);
#5963 = EDGE_CURVE('',#5964,#5500,#5966,.T.);
#5964 = VERTEX_POINT('',#5965);
#5965 = CARTESIAN_POINT('',(2.255E+03,260.,117.5));
#5966 = SURFACE_CURVE('',#5967,(#5972,#5979),.PCURVE_S1.);
#5967 = CIRCLE('',#5968,55.);
#5968 = AXIS2_PLACEMENT_3D('',#5969,#5970,#5971);
#5969 = CARTESIAN_POINT('',(2.2E+03,260.,117.5));
#5970 = DIRECTION('',(0.,-1.,0.));
#5971 = DIRECTION('',(1.,0.,0.));
#5972 = PCURVE('',#5515,#5973);
#5973 = DEFINITIONAL_REPRESENTATION('',(#5974),#5978);
#5974 = LINE('',#5975,#5976);
#5975 = CARTESIAN_POINT('',(-0.,575.));
#5976 = VECTOR('',#5977,1.);
#5977 = DIRECTION('',(-1.,0.));
#5978 = ( GEOMETRIC_REPRESENTATION_CONTEXT(2) 
PARAMETRIC_REPRESENTATION_CONTEXT() REPRESENTATION_CONTEXT('2D SPACE',''
  ) );
#5979 = PCURVE('',#5924,#5980);
#5980 = DEFINITIONAL_REPRESENTATION('',(#5981),#5985);
#5981 = LINE('',#5982,#5983);
#5982 = CARTESIAN_POINT('',(0.,0.));
#5983 = VECTOR('',#5984,1.);
#5984 = DIRECTION('',(1.,0.));
#5985 = ( GEOMETRIC_REPRESENTATION_CONTEXT(2) 
PARAMETRIC_REPRESENTATION_CONTEXT() REPRESENTATION_CONTEXT('2D SPACE',''
  ) );
#5986 = ORIENTED_EDGE('',*,*,#5987,.F.);
#5987 = EDGE_CURVE('',#5728,#5964,#5988,.T.);
#5988 = SURFACE_CURVE('',#5989,(#5993,#6000),.PCURVE_S1.);
#5989 = LINE('',#5990,#5991);
#5990 = CARTESIAN_POINT('',(2.255E+03,-315.,117.5));
#5991 = VECTOR('',#5992,1.);
#5992 = DIRECTION('',(0.,1.,0.));
#5993 = PCURVE('',#5515,#5994);
#5994 = DEFINITIONAL_REPRESENTATION('',(#5995),#5999);
#5995 = LINE('',#5996,#5997);
#5996 = CARTESIAN_POINT('',(-0.,0.));
#5997 = VECTOR('',#5998,1.);
#5998 = DIRECTION('',(-0.,1.));
#5999 = ( GEOMETRIC_REPRESENTATION_CONTEXT(2) 
PARAMETRIC_REPRESENTATION_CONTEXT() REPRESENTATION_CONTEXT('2D SPACE',''
  ) );
#6000 = PCURVE('',#5743,#6001);
#6001 = DEFINITIONAL_REPRESENTATION('',(#6002),#6006);
#6002 = LINE('',#6003,#6004);
#6003 = CARTESIAN_POINT('',(90.,0.));
#6004 = VECTOR('',#6005,1.);
#6005 = DIRECTION('',(0.,-1.));
#6006 = ( GEOMETRIC_REPRESENTATION_CONTEXT(2) 
PARAMETRIC_REPRESENTATION_CONTEXT() REPRESENTATION_CONTEXT('2D SPACE',''
  ) );
#6007 = ADVANCED_FACE('',(#6008),#5623,.T.);
#6008 = FACE_BOUND('',#6009,.T.);
#6009 = EDGE_LOOP('',(#6010,#6031,#6053,#6054));
#6010 = ORIENTED_EDGE('',*,*,#6011,.F.);
#6011 = EDGE_CURVE('',#5860,#5964,#6012,.T.);
#6012 = SURFACE_CURVE('',#6013,(#6017,#6024),.PCURVE_S1.);
#6013 = LINE('',#6014,#6015);
#6014 = CARTESIAN_POINT('',(2.255E+03,260.,27.5));
#6015 = VECTOR('',#6016,1.);
#6016 = DIRECTION('',(0.,0.,1.));
#6017 = PCURVE('',#5623,#6018);
#6018 = DEFINITIONAL_REPRESENTATION('',(#6019),#6023);
#6019 = LINE('',#6020,#6021);
#6020 = CARTESIAN_POINT('',(0.,0.));
#6021 = VECTOR('',#6022,1.);
#6022 = DIRECTION('',(0.,1.));
#6023 = ( GEOMETRIC_REPRESENTATION_CONTEXT(2) 
PARAMETRIC_REPRESENTATION_CONTEXT() REPRESENTATION_CONTEXT('2D SPACE',''
  ) );
#6024 = PCURVE('',#5743,#6025);
#6025 = DEFINITIONAL_REPRESENTATION('',(#6026),#6030);
#6026 = LINE('',#6027,#6028);
#6027 = CARTESIAN_POINT('',(0.,-575.));
#6028 = VECTOR('',#6029,1.);
#6029 = DIRECTION('',(1.,0.));
#6030 = ( GEOMETRIC_REPRESENTATION_CONTEXT(2) 
PARAMETRIC_REPRESENTATION_CONTEXT() REPRESENTATION_CONTEXT('2D SPACE',''
  ) );
#6031 = ORIENTED_EDGE('',*,*,#6032,.T.);
#6032 = EDGE_CURVE('',#5860,#5608,#6033,.T.);
#6033 = SURFACE_CURVE('',#6034,(#6039,#6046),.PCURVE_S1.);
#6034 = CIRCLE('',#6035,55.);
#6035 = AXIS2_PLACEMENT_3D('',#6036,#6037,#6038);
#6036 = CARTESIAN_POINT('',(2.2E+03,260.,82.5));
#6037 = DIRECTION('',(0.,0.,1.));
#6038 = DIRECTION('',(1.,0.,0.));
#6039 = PCURVE('',#5623,#6040);
#6040 = DEFINITIONAL_REPRESENTATION('',(#6041),#6045);
#6041 = LINE('',#6042,#6043);
#6042 = CARTESIAN_POINT('',(0.,55.));
#6043 = VECTOR('',#6044,1.);
#6044 = DIRECTION('',(1.,0.));
#6045 = ( GEOMETRIC_REPRESENTATION_CONTEXT(2) 
PARAMETRIC_REPRESENTATION_CONTEXT() REPRESENTATION_CONTEXT('2D SPACE',''
  ) );
#6046 = PCURVE('',#5820,#6047);
#6047 = DEFINITIONAL_REPRESENTATION('',(#6048),#6052);
#6048 = LINE('',#6049,#6050);
#6049 = CARTESIAN_POINT('',(0.,0.));
#6050 = VECTOR('',#6051,1.);
#6051 = DIRECTION('',(1.,0.));
#6052 = ( GEOMETRIC_REPRESENTATION_CONTEXT(2) 
PARAMETRIC_REPRESENTATION_CONTEXT() REPRESENTATION_CONTEXT('2D SPACE',''
  ) );
#6053 = ORIENTED_EDGE('',*,*,#5607,.T.);
#6054 = ORIENTED_EDGE('',*,*,#6055,.T.);
#6055 = EDGE_CURVE('',#5585,#5964,#6056,.T.);
#6056 = SURFACE_CURVE('',#6057,(#6062,#6069),.PCURVE_S1.);
#6057 = CIRCLE('',#6058,55.);
#6058 = AXIS2_PLACEMENT_3D('',#6059,#6060,#6061);
#6059 = CARTESIAN_POINT('',(2.2E+03,260.,117.5));
#6060 = DIRECTION('',(0.,0.,-1.));
#6061 = DIRECTION('',(1.,0.,0.));
#6062 = PCURVE('',#5623,#6063);
#6063 = DEFINITIONAL_REPRESENTATION('',(#6064),#6068);
#6064 = LINE('',#6065,#6066);
#6065 = CARTESIAN_POINT('',(6.28318530718,90.));
#6066 = VECTOR('',#6067,1.);
#6067 = DIRECTION('',(-1.,-0.));
#6068 = ( GEOMETRIC_REPRESENTATION_CONTEXT(2) 
PARAMETRIC_REPRESENTATION_CONTEXT() REPRESENTATION_CONTEXT('2D SPACE',''
  ) );
#6069 = PCURVE('',#5924,#6070);
#6070 = DEFINITIONAL_REPRESENTATION('',(#6071),#6075);
#6071 = LINE('',#6072,#6073);
#6072 = CARTESIAN_POINT('',(0.,-6.28318530718));
#6073 = VECTOR('',#6074,1.);
#6074 = DIRECTION('',(0.,1.));
#6075 = ( GEOMETRIC_REPRESENTATION_CONTEXT(2) 
PARAMETRIC_REPRESENTATION_CONTEXT() REPRESENTATION_CONTEXT('2D SPACE',''
  ) );
#6076 = ADVANCED_FACE('',(#6077),#5676,.T.);
#6077 = FACE_BOUND('',#6078,.F.);
#6078 = EDGE_LOOP('',(#6079,#6080,#6081));
#6079 = ORIENTED_EDGE('',*,*,#5836,.F.);
#6080 = ORIENTED_EDGE('',*,*,#5661,.T.);
#6081 = ORIENTED_EDGE('',*,*,#5755,.F.);
#6082 = ADVANCED_FACE('',(#6083),#5709,.T.);
#6083 = FACE_BOUND('',#6084,.T.);
#6084 = EDGE_LOOP('',(#6085,#6086,#6087));
#6085 = ORIENTED_EDGE('',*,*,#5940,.F.);
#6086 = ORIENTED_EDGE('',*,*,#5694,.T.);
#6087 = ORIENTED_EDGE('',*,*,#5778,.F.);
#6088 = ADVANCED_FACE('',(#6089),#5743,.T.);
#6089 = FACE_BOUND('',#6090,.T.);
#6090 = EDGE_LOOP('',(#6091,#6092,#6093,#6094));
#6091 = ORIENTED_EDGE('',*,*,#5725,.F.);
#6092 = ORIENTED_EDGE('',*,*,#5883,.T.);
#6093 = ORIENTED_EDGE('',*,*,#6011,.T.);
#6094 = ORIENTED_EDGE('',*,*,#5987,.F.);
#6095 = ADVANCED_FACE('',(#6096),#5820,.T.);
#6096 = FACE_BOUND('',#6097,.T.);
#6097 = EDGE_LOOP('',(#6098,#6099,#6100));
#6098 = ORIENTED_EDGE('',*,*,#5859,.F.);
#6099 = ORIENTED_EDGE('',*,*,#5805,.T.);
#6100 = ORIENTED_EDGE('',*,*,#6032,.F.);
#6101 = ADVANCED_FACE('',(#6102),#5924,.T.);
#6102 = FACE_BOUND('',#6103,.T.);
#6103 = EDGE_LOOP('',(#6104,#6105,#6106));
#6104 = ORIENTED_EDGE('',*,*,#6055,.F.);
#6105 = ORIENTED_EDGE('',*,*,#5909,.T.);
#6106 = ORIENTED_EDGE('',*,*,#5963,.F.);
#6107 = ( GEOMETRIC_REPRESENTATION_CONTEXT(3) 
GLOBAL_UNCERTAINTY_ASSIGNED_CONTEXT((#6111)) 
GLOBAL_UNIT_ASSIGNED_CONTEXT((#6108,#6109,#6110)) REPRESENTATION_CONTEXT
('Context #1','3D Context with UNIT and UNCERTAINTY') );
#6108 = ( LENGTH_UNIT() NAMED_UNIT(*) SI_UNIT(.MILLI.,.METRE.) );
#6109 = ( NAMED_UNIT(*) PLANE_ANGLE_UNIT() SI_UNIT($,.RADIAN.) );
#6110 = ( NAMED_UNIT(*) SI_UNIT($,.STERADIAN.) SOLID_ANGLE_UNIT() );
#6111 = UNCERTAINTY_MEASURE_WITH_UNIT(LENGTH_MEASURE(1.E-07),#6108,
  'distance_accuracy_value','confusion accuracy');
#6112 = CONTEXT_DEPENDENT_SHAPE_REPRESENTATION(#6113,#6115);
#6113 = ( REPRESENTATION_RELATIONSHIP('','',#4768,#10) 
REPRESENTATION_RELATIONSHIP_WITH_TRANSFORMATION(#6114) 
SHAPE_REPRESENTATION_RELATIONSHIP() );
#6114 = ITEM_DEFINED_TRANSFORMATION('','',#11,#119);
#6115 = PRODUCT_DEFINITION_SHAPE('Placement','Placement of an item',
  #6116);
#6116 = NEXT_ASSEMBLY_USAGE_OCCURRENCE('720','SLEEP_SOFT_MAT','',#5,
  #4763,$);
#6117 = PRODUCT_RELATED_PRODUCT_CATEGORY('part',$,(#4765));
#6118 = MECHANICAL_DESIGN_GEOMETRIC_PRESENTATION_REPRESENTATION('',(
    #6119),#1497);
#6119 = STYLED_ITEM('color',(#6120),#1347);
#6120 = PRESENTATION_STYLE_ASSIGNMENT((#6121));
#6121 = SURFACE_STYLE_USAGE(.BOTH.,#6122);
#6122 = SURFACE_SIDE_STYLE('',(#6123));
#6123 = SURFACE_STYLE_FILL_AREA(#6124);
#6124 = FILL_AREA_STYLE('',(#6125));
#6125 = FILL_AREA_STYLE_COLOUR('',#6126);
#6126 = COLOUR_RGB('',0.1599999992,0.309999994343,0.369999997777);
#6127 = MECHANICAL_DESIGN_GEOMETRIC_PRESENTATION_REPRESENTATION('',(
    #6128),#4750);
#6128 = STYLED_ITEM('color',(#6129),#4649);
#6129 = PRESENTATION_STYLE_ASSIGNMENT((#6130));
#6130 = SURFACE_STYLE_USAGE(.BOTH.,#6131);
#6131 = SURFACE_SIDE_STYLE('',(#6132));
#6132 = SURFACE_STYLE_FILL_AREA(#6133);
#6133 = FILL_AREA_STYLE('',(#6134));
#6134 = FILL_AREA_STYLE_COLOUR('',#6135);
#6135 = COLOUR_RGB('',0.800000010877,0.720000003324,0.520000005207);
#6136 = MECHANICAL_DESIGN_GEOMETRIC_PRESENTATION_REPRESENTATION('',(
    #6137),#3302);
#6137 = STYLED_ITEM('color',(#6138),#3152);
#6138 = PRESENTATION_STYLE_ASSIGNMENT((#6139));
#6139 = SURFACE_STYLE_USAGE(.BOTH.,#6140);
#6140 = SURFACE_SIDE_STYLE('',(#6141));
#6141 = SURFACE_STYLE_FILL_AREA(#6142);
#6142 = FILL_AREA_STYLE('',(#6143));
#6143 = FILL_AREA_STYLE_COLOUR('',#6144);
#6144 = COLOUR_RGB('',0.620000000292,0.580000000354,0.520000005207);
#6145 = MECHANICAL_DESIGN_GEOMETRIC_PRESENTATION_REPRESENTATION('',(
    #6146),#1326);
#6146 = STYLED_ITEM('color',(#6147),#1176);
#6147 = PRESENTATION_STYLE_ASSIGNMENT((#6148));
#6148 = SURFACE_STYLE_USAGE(.BOTH.,#6149);
#6149 = SURFACE_SIDE_STYLE('',(#6150));
#6150 = SURFACE_STYLE_FILL_AREA(#6151);
#6151 = FILL_AREA_STYLE('',(#6152));
#6152 = FILL_AREA_STYLE_COLOUR('',#6144);
#6153 = MECHANICAL_DESIGN_GEOMETRIC_PRESENTATION_REPRESENTATION('',(
    #6154),#4510);
#6154 = STYLED_ITEM('color',(#6155),#4328);
#6155 = PRESENTATION_STYLE_ASSIGNMENT((#6156));
#6156 = SURFACE_STYLE_USAGE(.BOTH.,#6157);
#6157 = SURFACE_SIDE_STYLE('',(#6158));
#6158 = SURFACE_STYLE_FILL_AREA(#6159);
#6159 = FILL_AREA_STYLE('',(#6160));
#6160 = FILL_AREA_STYLE_COLOUR('',#6126);
#6161 = MECHANICAL_DESIGN_GEOMETRIC_PRESENTATION_REPRESENTATION('',(
    #6162),#688);
#6162 = STYLED_ITEM('color',(#6163),#532);
#6163 = PRESENTATION_STYLE_ASSIGNMENT((#6164));
#6164 = SURFACE_STYLE_USAGE(.BOTH.,#6165);
#6165 = SURFACE_SIDE_STYLE('',(#6166));
#6166 = SURFACE_STYLE_FILL_AREA(#6167);
#6167 = FILL_AREA_STYLE('',(#6168));
#6168 = FILL_AREA_STYLE_COLOUR('',#6144);
#6169 = MECHANICAL_DESIGN_GEOMETRIC_PRESENTATION_REPRESENTATION('',(
    #6170),#3940);
#6170 = STYLED_ITEM('color',(#6171),#3784);
#6171 = PRESENTATION_STYLE_ASSIGNMENT((#6172));
#6172 = SURFACE_STYLE_USAGE(.BOTH.,#6173);
#6173 = SURFACE_SIDE_STYLE('',(#6174));
#6174 = SURFACE_STYLE_FILL_AREA(#6175);
#6175 = FILL_AREA_STYLE('',(#6176));
#6176 = FILL_AREA_STYLE_COLOUR('',#6144);
#6177 = MECHANICAL_DESIGN_GEOMETRIC_PRESENTATION_REPRESENTATION('',(
    #6178),#2091);
#6178 = STYLED_ITEM('color',(#6179),#1904);
#6179 = PRESENTATION_STYLE_ASSIGNMENT((#6180));
#6180 = SURFACE_STYLE_USAGE(.BOTH.,#6181);
#6181 = SURFACE_SIDE_STYLE('',(#6182));
#6182 = SURFACE_STYLE_FILL_AREA(#6183);
#6183 = FILL_AREA_STYLE('',(#6184));
#6184 = FILL_AREA_STYLE_COLOUR('',#6144);
#6185 = MECHANICAL_DESIGN_GEOMETRIC_PRESENTATION_REPRESENTATION('',(
    #6186),#1883);
#6186 = STYLED_ITEM('color',(#6187),#1711);
#6187 = PRESENTATION_STYLE_ASSIGNMENT((#6188));
#6188 = SURFACE_STYLE_USAGE(.BOTH.,#6189);
#6189 = SURFACE_SIDE_STYLE('',(#6190));
#6190 = SURFACE_STYLE_FILL_AREA(#6191);
#6191 = FILL_AREA_STYLE('',(#6192));
#6192 = FILL_AREA_STYLE_COLOUR('',#6126);
#6193 = MECHANICAL_DESIGN_GEOMETRIC_PRESENTATION_REPRESENTATION('',(
    #6194),#6107);
#6194 = STYLED_ITEM('color',(#6195),#4769);
#6195 = PRESENTATION_STYLE_ASSIGNMENT((#6196));
#6196 = SURFACE_STYLE_USAGE(.BOTH.,#6197);
#6197 = SURFACE_SIDE_STYLE('',(#6198));
#6198 = SURFACE_STYLE_FILL_AREA(#6199);
#6199 = FILL_AREA_STYLE('',(#6200));
#6200 = FILL_AREA_STYLE_COLOUR('',#6201);
#6201 = COLOUR_RGB('',0.299999996101,0.460000000054,0.500000003429);
#6202 = MECHANICAL_DESIGN_GEOMETRIC_PRESENTATION_REPRESENTATION('',(
    #6203),#2745);
#6203 = STYLED_ITEM('color',(#6204),#2543);
#6204 = PRESENTATION_STYLE_ASSIGNMENT((#6205));
#6205 = SURFACE_STYLE_USAGE(.BOTH.,#6206);
#6206 = SURFACE_SIDE_STYLE('',(#6207));
#6207 = SURFACE_STYLE_FILL_AREA(#6208);
#6208 = FILL_AREA_STYLE('',(#6209));
#6209 = FILL_AREA_STYLE_COLOUR('',#6126);
#6210 = MECHANICAL_DESIGN_GEOMETRIC_PRESENTATION_REPRESENTATION('',(
    #6211),#511);
#6211 = STYLED_ITEM('color',(#6212),#329);
#6212 = PRESENTATION_STYLE_ASSIGNMENT((#6213));
#6213 = SURFACE_STYLE_USAGE(.BOTH.,#6214);
#6214 = SURFACE_SIDE_STYLE('',(#6215));
#6215 = SURFACE_STYLE_FILL_AREA(#6216);
#6216 = FILL_AREA_STYLE('',(#6217));
#6217 = FILL_AREA_STYLE_COLOUR('',#6126);
#6218 = MECHANICAL_DESIGN_GEOMETRIC_PRESENTATION_REPRESENTATION('',(
    #6219),#3763);
#6219 = STYLED_ITEM('color',(#6220),#3639);
#6220 = PRESENTATION_STYLE_ASSIGNMENT((#6221));
#6221 = SURFACE_STYLE_USAGE(.BOTH.,#6222);
#6222 = SURFACE_SIDE_STYLE('',(#6223));
#6223 = SURFACE_STYLE_FILL_AREA(#6224);
#6224 = FILL_AREA_STYLE('',(#6225));
#6225 = FILL_AREA_STYLE_COLOUR('',#6126);
#6226 = MECHANICAL_DESIGN_GEOMETRIC_PRESENTATION_REPRESENTATION('',(
    #6227),#4117);
#6227 = STYLED_ITEM('color',(#6228),#3961);
#6228 = PRESENTATION_STYLE_ASSIGNMENT((#6229));
#6229 = SURFACE_STYLE_USAGE(.BOTH.,#6230);
#6230 = SURFACE_SIDE_STYLE('',(#6231));
#6231 = SURFACE_STYLE_FILL_AREA(#6232);
#6232 = FILL_AREA_STYLE('',(#6233));
#6233 = FILL_AREA_STYLE_COLOUR('',#6126);
#6234 = MECHANICAL_DESIGN_GEOMETRIC_PRESENTATION_REPRESENTATION('',(
    #6235),#865);
#6235 = STYLED_ITEM('color',(#6236),#709);
#6236 = PRESENTATION_STYLE_ASSIGNMENT((#6237));
#6237 = SURFACE_STYLE_USAGE(.BOTH.,#6238);
#6238 = SURFACE_SIDE_STYLE('',(#6239));
#6239 = SURFACE_STYLE_FILL_AREA(#6240);
#6240 = FILL_AREA_STYLE('',(#6241));
#6241 = FILL_AREA_STYLE_COLOUR('',#6126);
#6242 = MECHANICAL_DESIGN_GEOMETRIC_PRESENTATION_REPRESENTATION('',(
    #6243),#1690);
#6243 = STYLED_ITEM('color',(#6244),#1518);
#6244 = PRESENTATION_STYLE_ASSIGNMENT((#6245));
#6245 = SURFACE_STYLE_USAGE(.BOTH.,#6246);
#6246 = SURFACE_SIDE_STYLE('',(#6247));
#6247 = SURFACE_STYLE_FILL_AREA(#6248);
#6248 = FILL_AREA_STYLE('',(#6249));
#6249 = FILL_AREA_STYLE_COLOUR('',#6144);
#6250 = MECHANICAL_DESIGN_GEOMETRIC_PRESENTATION_REPRESENTATION('',(
    #6251),#2938);
#6251 = STYLED_ITEM('color',(#6252),#2766);
#6252 = PRESENTATION_STYLE_ASSIGNMENT((#6253));
#6253 = SURFACE_STYLE_USAGE(.BOTH.,#6254);
#6254 = SURFACE_SIDE_STYLE('',(#6255));
#6255 = SURFACE_STYLE_FILL_AREA(#6256);
#6256 = FILL_AREA_STYLE('',(#6257));
#6257 = FILL_AREA_STYLE_COLOUR('',#6144);
#6258 = MECHANICAL_DESIGN_GEOMETRIC_PRESENTATION_REPRESENTATION('',(
    #6259),#308);
#6259 = STYLED_ITEM('color',(#6260),#139);
#6260 = PRESENTATION_STYLE_ASSIGNMENT((#6261));
#6261 = SURFACE_STYLE_USAGE(.BOTH.,#6262);
#6262 = SURFACE_SIDE_STYLE('',(#6263));
#6263 = SURFACE_STYLE_FILL_AREA(#6264);
#6264 = FILL_AREA_STYLE('',(#6265));
#6265 = FILL_AREA_STYLE_COLOUR('',#6144);
#6266 = MECHANICAL_DESIGN_GEOMETRIC_PRESENTATION_REPRESENTATION('',(
    #6267),#2522);
#6267 = STYLED_ITEM('color',(#6268),#2335);
#6268 = PRESENTATION_STYLE_ASSIGNMENT((#6269));
#6269 = SURFACE_STYLE_USAGE(.BOTH.,#6270);
#6270 = SURFACE_SIDE_STYLE('',(#6271));
#6271 = SURFACE_STYLE_FILL_AREA(#6272);
#6272 = FILL_AREA_STYLE('',(#6273));
#6273 = FILL_AREA_STYLE_COLOUR('',#6144);
#6274 = MECHANICAL_DESIGN_GEOMETRIC_PRESENTATION_REPRESENTATION('',(
    #6275),#4307);
#6275 = STYLED_ITEM('color',(#6276),#4138);
#6276 = PRESENTATION_STYLE_ASSIGNMENT((#6277));
#6277 = SURFACE_STYLE_USAGE(.BOTH.,#6278);
#6278 = SURFACE_SIDE_STYLE('',(#6279));
#6279 = SURFACE_STYLE_FILL_AREA(#6280);
#6280 = FILL_AREA_STYLE('',(#6281));
#6281 = FILL_AREA_STYLE_COLOUR('',#6144);
#6282 = MECHANICAL_DESIGN_GEOMETRIC_PRESENTATION_REPRESENTATION('',(
    #6283),#3131);
#6283 = STYLED_ITEM('color',(#6284),#2959);
#6284 = PRESENTATION_STYLE_ASSIGNMENT((#6285));
#6285 = SURFACE_STYLE_USAGE(.BOTH.,#6286);
#6286 = SURFACE_SIDE_STYLE('',(#6287));
#6287 = SURFACE_STYLE_FILL_AREA(#6288);
#6288 = FILL_AREA_STYLE('',(#6289));
#6289 = FILL_AREA_STYLE_COLOUR('',#6126);
#6290 = MECHANICAL_DESIGN_GEOMETRIC_PRESENTATION_REPRESENTATION('',(
    #6291),#3473);
#6291 = STYLED_ITEM('color',(#6292),#3323);
#6292 = PRESENTATION_STYLE_ASSIGNMENT((#6293));
#6293 = SURFACE_STYLE_USAGE(.BOTH.,#6294);
#6294 = SURFACE_SIDE_STYLE('',(#6295));
#6295 = SURFACE_STYLE_FILL_AREA(#6296);
#6296 = FILL_AREA_STYLE('',(#6297));
#6297 = FILL_AREA_STYLE_COLOUR('',#6126);
#6298 = MECHANICAL_DESIGN_GEOMETRIC_PRESENTATION_REPRESENTATION('',(
    #6299),#1010);
#6299 = STYLED_ITEM('color',(#6300),#886);
#6300 = PRESENTATION_STYLE_ASSIGNMENT((#6301));
#6301 = SURFACE_STYLE_USAGE(.BOTH.,#6302);
#6302 = SURFACE_SIDE_STYLE('',(#6303));
#6303 = SURFACE_STYLE_FILL_AREA(#6304);
#6304 = FILL_AREA_STYLE('',(#6305));
#6305 = FILL_AREA_STYLE_COLOUR('',#6144);
#6306 = MECHANICAL_DESIGN_GEOMETRIC_PRESENTATION_REPRESENTATION('',(
    #6307),#4630);
#6307 = STYLED_ITEM('color',(#6308),#4529);
#6308 = PRESENTATION_STYLE_ASSIGNMENT((#6309));
#6309 = SURFACE_STYLE_USAGE(.BOTH.,#6310);
#6310 = SURFACE_SIDE_STYLE('',(#6311));
#6311 = SURFACE_STYLE_FILL_AREA(#6312);
#6312 = FILL_AREA_STYLE('',(#6313));
#6313 = FILL_AREA_STYLE_COLOUR('',#6314);
#6314 = COLOUR_RGB('',0.180000002302,0.199999998682,0.210000004305);
#6315 = MECHANICAL_DESIGN_GEOMETRIC_PRESENTATION_REPRESENTATION('',(
    #6316),#1155);
#6316 = STYLED_ITEM('color',(#6317),#1031);
#6317 = PRESENTATION_STYLE_ASSIGNMENT((#6318));
#6318 = SURFACE_STYLE_USAGE(.BOTH.,#6319);
#6319 = SURFACE_SIDE_STYLE('',(#6320));
#6320 = SURFACE_STYLE_FILL_AREA(#6321);
#6321 = FILL_AREA_STYLE('',(#6322));
#6322 = FILL_AREA_STYLE_COLOUR('',#6126);
#6323 = MECHANICAL_DESIGN_GEOMETRIC_PRESENTATION_REPRESENTATION('',(
    #6324),#2314);
#6324 = STYLED_ITEM('color',(#6325),#2112);
#6325 = PRESENTATION_STYLE_ASSIGNMENT((#6326));
#6326 = SURFACE_STYLE_USAGE(.BOTH.,#6327);
#6327 = SURFACE_SIDE_STYLE('',(#6328));
#6328 = SURFACE_STYLE_FILL_AREA(#6329);
#6329 = FILL_AREA_STYLE('',(#6330));
#6330 = FILL_AREA_STYLE_COLOUR('',#6126);
#6331 = MECHANICAL_DESIGN_GEOMETRIC_PRESENTATION_REPRESENTATION('',(
    #6332),#3618);
#6332 = STYLED_ITEM('color',(#6333),#3494);
#6333 = PRESENTATION_STYLE_ASSIGNMENT((#6334));
#6334 = SURFACE_STYLE_USAGE(.BOTH.,#6335);
#6335 = SURFACE_SIDE_STYLE('',(#6336));
#6336 = SURFACE_STYLE_FILL_AREA(#6337);
#6337 = FILL_AREA_STYLE('',(#6338));
#6338 = FILL_AREA_STYLE_COLOUR('',#6144);
ENDSEC;
END-ISO-10303-21;
