ISO-10303-21;
HEADER;
FILE_DESCRIPTION(('Open CASCADE Model'),'2;1');
FILE_NAME('Open CASCADE Shape Model','2026-10-02T16:52:38',('Author'),(
    'Open CASCADE'),'Open CASCADE STEP processor 7.9','Open CASCADE 7.9'
  ,'Unknown');
FILE_SCHEMA(('AUTOMOTIVE_DESIGN { 1 0 10303 214 1 1 1 1 }'));
ENDSEC;
DATA;
#1 = APPLICATION_PROTOCOL_DEFINITION('international standard',
  'automotive_design',2000,#2);
#2 = APPLICATION_CONTEXT(
  'core data for automotive mechanical design processes');
#3 = SHAPE_DEFINITION_REPRESENTATION(#4,#10);
#4 = PRODUCT_DEFINITION_SHAPE('','',#5);
#5 = PRODUCT_DEFINITION('design','',#6,#9);
#6 = PRODUCT_DEFINITION_FORMATION('','',#7);
#7 = PRODUCT('Lezhandr_R04_work_open','Lezhandr_R04_work_open','',(#8));
#8 = PRODUCT_CONTEXT('',#2,'mechanical');
#9 = PRODUCT_DEFINITION_CONTEXT('part definition',#2,'design');
#10 = SHAPE_REPRESENTATION('',(#11,#15,#19,#23,#27,#31,#35,#39,#43,#47,
    #51,#55,#59,#63,#67,#71,#75,#79,#83,#87,#91,#95,#99,#103,#107,#111,
    #115,#119,#123,#127,#131,#135,#139,#143,#147,#151,#155,#159,#163,
    #167,#171,#175,#179,#183,#187),#191);
#11 = AXIS2_PLACEMENT_3D('',#12,#13,#14);
#12 = CARTESIAN_POINT('',(0.,0.,0.));
#13 = DIRECTION('',(0.,0.,1.));
#14 = DIRECTION('',(1.,0.,-0.));
#15 = AXIS2_PLACEMENT_3D('',#16,#17,#18);
#16 = CARTESIAN_POINT('',(0.,0.,0.));
#17 = DIRECTION('',(0.,0.,1.));
#18 = DIRECTION('',(1.,0.,-0.));
#19 = AXIS2_PLACEMENT_3D('',#20,#21,#22);
#20 = CARTESIAN_POINT('',(0.,0.,0.));
#21 = DIRECTION('',(0.,0.,1.));
#22 = DIRECTION('',(1.,0.,-0.));
#23 = AXIS2_PLACEMENT_3D('',#24,#25,#26);
#24 = CARTESIAN_POINT('',(0.,0.,0.));
#25 = DIRECTION('',(0.,0.,1.));
#26 = DIRECTION('',(1.,0.,-0.));
#27 = AXIS2_PLACEMENT_3D('',#28,#29,#30);
#28 = CARTESIAN_POINT('',(0.,0.,0.));
#29 = DIRECTION('',(0.,0.,1.));
#30 = DIRECTION('',(1.,0.,-0.));
#31 = AXIS2_PLACEMENT_3D('',#32,#33,#34);
#32 = CARTESIAN_POINT('',(0.,0.,0.));
#33 = DIRECTION('',(0.,0.,1.));
#34 = DIRECTION('',(1.,0.,-0.));
#35 = AXIS2_PLACEMENT_3D('',#36,#37,#38);
#36 = CARTESIAN_POINT('',(0.,0.,0.));
#37 = DIRECTION('',(0.,0.,1.));
#38 = DIRECTION('',(1.,0.,-0.));
#39 = AXIS2_PLACEMENT_3D('',#40,#41,#42);
#40 = CARTESIAN_POINT('',(0.,0.,0.));
#41 = DIRECTION('',(0.,0.,1.));
#42 = DIRECTION('',(1.,0.,-0.));
#43 = AXIS2_PLACEMENT_3D('',#44,#45,#46);
#44 = CARTESIAN_POINT('',(0.,0.,0.));
#45 = DIRECTION('',(0.,0.,1.));
#46 = DIRECTION('',(1.,0.,-0.));
#47 = AXIS2_PLACEMENT_3D('',#48,#49,#50);
#48 = CARTESIAN_POINT('',(0.,0.,0.));
#49 = DIRECTION('',(0.,0.,1.));
#50 = DIRECTION('',(1.,0.,-0.));
#51 = AXIS2_PLACEMENT_3D('',#52,#53,#54);
#52 = CARTESIAN_POINT('',(0.,0.,0.));
#53 = DIRECTION('',(0.,0.,1.));
#54 = DIRECTION('',(1.,0.,-0.));
#55 = AXIS2_PLACEMENT_3D('',#56,#57,#58);
#56 = CARTESIAN_POINT('',(0.,0.,0.));
#57 = DIRECTION('',(0.,0.,1.));
#58 = DIRECTION('',(1.,0.,-0.));
#59 = AXIS2_PLACEMENT_3D('',#60,#61,#62);
#60 = CARTESIAN_POINT('',(0.,0.,0.));
#61 = DIRECTION('',(0.,0.,1.));
#62 = DIRECTION('',(1.,0.,-0.));
#63 = AXIS2_PLACEMENT_3D('',#64,#65,#66);
#64 = CARTESIAN_POINT('',(0.,0.,0.));
#65 = DIRECTION('',(0.,0.,1.));
#66 = DIRECTION('',(1.,0.,-0.));
#67 = AXIS2_PLACEMENT_3D('',#68,#69,#70);
#68 = CARTESIAN_POINT('',(0.,0.,0.));
#69 = DIRECTION('',(0.,0.,1.));
#70 = DIRECTION('',(1.,0.,-0.));
#71 = AXIS2_PLACEMENT_3D('',#72,#73,#74);
#72 = CARTESIAN_POINT('',(0.,0.,0.));
#73 = DIRECTION('',(0.,0.,1.));
#74 = DIRECTION('',(1.,0.,-0.));
#75 = AXIS2_PLACEMENT_3D('',#76,#77,#78);
#76 = CARTESIAN_POINT('',(0.,0.,0.));
#77 = DIRECTION('',(0.,0.,1.));
#78 = DIRECTION('',(1.,0.,-0.));
#79 = AXIS2_PLACEMENT_3D('',#80,#81,#82);
#80 = CARTESIAN_POINT('',(0.,0.,0.));
#81 = DIRECTION('',(0.,0.,1.));
#82 = DIRECTION('',(1.,0.,-0.));
#83 = AXIS2_PLACEMENT_3D('',#84,#85,#86);
#84 = CARTESIAN_POINT('',(0.,0.,0.));
#85 = DIRECTION('',(0.,0.,1.));
#86 = DIRECTION('',(1.,0.,-0.));
#87 = AXIS2_PLACEMENT_3D('',#88,#89,#90);
#88 = CARTESIAN_POINT('',(0.,0.,0.));
#89 = DIRECTION('',(0.,0.,1.));
#90 = DIRECTION('',(1.,0.,-0.));
#91 = AXIS2_PLACEMENT_3D('',#92,#93,#94);
#92 = CARTESIAN_POINT('',(0.,0.,0.));
#93 = DIRECTION('',(0.,0.,1.));
#94 = DIRECTION('',(1.,0.,-0.));
#95 = AXIS2_PLACEMENT_3D('',#96,#97,#98);
#96 = CARTESIAN_POINT('',(0.,0.,0.));
#97 = DIRECTION('',(0.,0.,1.));
#98 = DIRECTION('',(1.,0.,-0.));
#99 = AXIS2_PLACEMENT_3D('',#100,#101,#102);
#100 = CARTESIAN_POINT('',(0.,0.,0.));
#101 = DIRECTION('',(0.,0.,1.));
#102 = DIRECTION('',(1.,0.,-0.));
#103 = AXIS2_PLACEMENT_3D('',#104,#105,#106);
#104 = CARTESIAN_POINT('',(0.,0.,0.));
#105 = DIRECTION('',(0.,0.,1.));
#106 = DIRECTION('',(1.,0.,-0.));
#107 = AXIS2_PLACEMENT_3D('',#108,#109,#110);
#108 = CARTESIAN_POINT('',(0.,0.,0.));
#109 = DIRECTION('',(0.,0.,1.));
#110 = DIRECTION('',(1.,0.,-0.));
#111 = AXIS2_PLACEMENT_3D('',#112,#113,#114);
#112 = CARTESIAN_POINT('',(0.,0.,0.));
#113 = DIRECTION('',(0.,0.,1.));
#114 = DIRECTION('',(1.,0.,-0.));
#115 = AXIS2_PLACEMENT_3D('',#116,#117,#118);
#116 = CARTESIAN_POINT('',(0.,0.,0.));
#117 = DIRECTION('',(0.,0.,1.));
#118 = DIRECTION('',(1.,0.,-0.));
#119 = AXIS2_PLACEMENT_3D('',#120,#121,#122);
#120 = CARTESIAN_POINT('',(0.,0.,0.));
#121 = DIRECTION('',(0.,0.,1.));
#122 = DIRECTION('',(1.,0.,-0.));
#123 = AXIS2_PLACEMENT_3D('',#124,#125,#126);
#124 = CARTESIAN_POINT('',(0.,0.,0.));
#125 = DIRECTION('',(0.,0.,1.));
#126 = DIRECTION('',(1.,0.,-0.));
#127 = AXIS2_PLACEMENT_3D('',#128,#129,#130);
#128 = CARTESIAN_POINT('',(0.,0.,0.));
#129 = DIRECTION('',(0.,0.,1.));
#130 = DIRECTION('',(1.,0.,-0.));
#131 = AXIS2_PLACEMENT_3D('',#132,#133,#134);
#132 = CARTESIAN_POINT('',(0.,0.,0.));
#133 = DIRECTION('',(0.,0.,1.));
#134 = DIRECTION('',(1.,0.,-0.));
#135 = AXIS2_PLACEMENT_3D('',#136,#137,#138);
#136 = CARTESIAN_POINT('',(0.,0.,0.));
#137 = DIRECTION('',(0.,0.,1.));
#138 = DIRECTION('',(1.,0.,-0.));
#139 = AXIS2_PLACEMENT_3D('',#140,#141,#142);
#140 = CARTESIAN_POINT('',(0.,0.,0.));
#141 = DIRECTION('',(0.,0.,1.));
#142 = DIRECTION('',(1.,0.,-0.));
#143 = AXIS2_PLACEMENT_3D('',#144,#145,#146);
#144 = CARTESIAN_POINT('',(0.,0.,0.));
#145 = DIRECTION('',(0.,0.,1.));
#146 = DIRECTION('',(1.,0.,-0.));
#147 = AXIS2_PLACEMENT_3D('',#148,#149,#150);
#148 = CARTESIAN_POINT('',(0.,0.,0.));
#149 = DIRECTION('',(0.,0.,1.));
#150 = DIRECTION('',(1.,0.,-0.));
#151 = AXIS2_PLACEMENT_3D('',#152,#153,#154);
#152 = CARTESIAN_POINT('',(0.,0.,0.));
#153 = DIRECTION('',(0.,0.,1.));
#154 = DIRECTION('',(1.,0.,-0.));
#155 = AXIS2_PLACEMENT_3D('',#156,#157,#158);
#156 = CARTESIAN_POINT('',(0.,0.,0.));
#157 = DIRECTION('',(0.,0.,1.));
#158 = DIRECTION('',(1.,0.,-0.));
#159 = AXIS2_PLACEMENT_3D('',#160,#161,#162);
#160 = CARTESIAN_POINT('',(0.,0.,0.));
#161 = DIRECTION('',(0.,0.,1.));
#162 = DIRECTION('',(1.,0.,-0.));
#163 = AXIS2_PLACEMENT_3D('',#164,#165,#166);
#164 = CARTESIAN_POINT('',(0.,0.,0.));
#165 = DIRECTION('',(0.,0.,1.));
#166 = DIRECTION('',(1.,0.,-0.));
#167 = AXIS2_PLACEMENT_3D('',#168,#169,#170);
#168 = CARTESIAN_POINT('',(0.,0.,0.));
#169 = DIRECTION('',(0.,0.,1.));
#170 = DIRECTION('',(1.,0.,-0.));
#171 = AXIS2_PLACEMENT_3D('',#172,#173,#174);
#172 = CARTESIAN_POINT('',(0.,0.,0.));
#173 = DIRECTION('',(0.,0.,1.));
#174 = DIRECTION('',(1.,0.,-0.));
#175 = AXIS2_PLACEMENT_3D('',#176,#177,#178);
#176 = CARTESIAN_POINT('',(0.,0.,0.));
#177 = DIRECTION('',(0.,0.,1.));
#178 = DIRECTION('',(1.,0.,-0.));
#179 = AXIS2_PLACEMENT_3D('',#180,#181,#182);
#180 = CARTESIAN_POINT('',(0.,0.,0.));
#181 = DIRECTION('',(0.,0.,1.));
#182 = DIRECTION('',(1.,0.,-0.));
#183 = AXIS2_PLACEMENT_3D('',#184,#185,#186);
#184 = CARTESIAN_POINT('',(0.,0.,0.));
#185 = DIRECTION('',(0.,0.,1.));
#186 = DIRECTION('',(1.,0.,-0.));
#187 = AXIS2_PLACEMENT_3D('',#188,#189,#190);
#188 = CARTESIAN_POINT('',(0.,0.,0.));
#189 = DIRECTION('',(0.,0.,1.));
#190 = DIRECTION('',(1.,0.,-0.));
#191 = ( GEOMETRIC_REPRESENTATION_CONTEXT(3) 
GLOBAL_UNCERTAINTY_ASSIGNED_CONTEXT((#195)) GLOBAL_UNIT_ASSIGNED_CONTEXT
((#192,#193,#194)) REPRESENTATION_CONTEXT('Context #1',
  '3D Context with UNIT and UNCERTAINTY') );
#192 = ( LENGTH_UNIT() NAMED_UNIT(*) SI_UNIT(.MILLI.,.METRE.) );
#193 = ( NAMED_UNIT(*) PLANE_ANGLE_UNIT() SI_UNIT($,.RADIAN.) );
#194 = ( NAMED_UNIT(*) SI_UNIT($,.STERADIAN.) SOLID_ANGLE_UNIT() );
#195 = UNCERTAINTY_MEASURE_WITH_UNIT(LENGTH_MEASURE(1.E-07),#192,
  'distance_accuracy_value','confusion accuracy');
#196 = PRODUCT_RELATED_PRODUCT_CATEGORY('part',$,(#7));
#197 = SHAPE_DEFINITION_REPRESENTATION(#198,#204);
#198 = PRODUCT_DEFINITION_SHAPE('','',#199);
#199 = PRODUCT_DEFINITION('design','',#200,#203);
#200 = PRODUCT_DEFINITION_FORMATION('','',#201);
#201 = PRODUCT('O01','O01','',(#202));
#202 = PRODUCT_CONTEXT('',#2,'mechanical');
#203 = PRODUCT_DEFINITION_CONTEXT('part definition',#2,'design');
#204 = MANIFOLD_SURFACE_SHAPE_REPRESENTATION('',(#11,#205),#347);
#205 = SHELL_BASED_SURFACE_MODEL('',(#206));
#206 = OPEN_SHELL('',(#207));
#207 = ADVANCED_FACE('',(#208),#228,.T.);
#208 = FACE_BOUND('',#209,.T.);
#209 = EDGE_LOOP('',(#210,#289,#308,#330));
#210 = ORIENTED_EDGE('',*,*,#211,.F.);
#211 = EDGE_CURVE('',#212,#214,#216,.T.);
#212 = VERTEX_POINT('',#213);
#213 = CARTESIAN_POINT('',(2.26E+03,0.,0.));
#214 = VERTEX_POINT('',#215);
#215 = CARTESIAN_POINT('',(2.26E+03,0.,310.));
#216 = SURFACE_CURVE('',#217,(#227),.PCURVE_S1.);
#217 = B_SPLINE_CURVE_WITH_KNOTS('',3,(#218,#219,#220,#221,#222,#223,
    #224,#225,#226),.UNSPECIFIED.,.F.,.F.,(4,1,1,1,1,1,4),(0.,
    0.138303717447,0.306329958805,0.5,0.693670041195,0.861696282553,1.),
  .UNSPECIFIED.);
#218 = CARTESIAN_POINT('',(2.26E+03,0.,0.));
#219 = CARTESIAN_POINT('',(2.27904502003E+03,0.,-0.151567456172));
#220 = CARTESIAN_POINT('',(2.317274445738E+03,0.,19.175203208964));
#221 = CARTESIAN_POINT('',(2.35221587872E+03,0.,79.691921309217));
#222 = CARTESIAN_POINT('',(2.364157851379E+03,0.,155.));
#223 = CARTESIAN_POINT('',(2.35221587872E+03,0.,230.30807869078));
#224 = CARTESIAN_POINT('',(2.317274445738E+03,0.,290.82479679103));
#225 = CARTESIAN_POINT('',(2.27904502003E+03,0.,310.15156745617));
#226 = CARTESIAN_POINT('',(2.26E+03,0.,310.));
#227 = PCURVE('',#228,#283);
#228 = B_SPLINE_SURFACE_WITH_KNOTS('',3,3,(
    (#229,#230,#231,#232,#233,#234,#235,#236,#237)
    ,(#238,#239,#240,#241,#242,#243,#244,#245,#246)
    ,(#247,#248,#249,#250,#251,#252,#253,#254,#255)
    ,(#256,#257,#258,#259,#260,#261,#262,#263,#264)
    ,(#265,#266,#267,#268,#269,#270,#271,#272,#273)
    ,(#274,#275,#276,#277,#278,#279,#280,#281,#282
  )),.UNSPECIFIED.,.F.,.F.,.F.,(4,1,1,4),(4,1,1,1,1,1,4),(0.,
    0.309028611238,0.635934689096,1.),(0.,0.138303717447,0.306329958805,
    0.5,0.693670041195,0.861696282553,1.),.UNSPECIFIED.);
#229 = CARTESIAN_POINT('',(2.26E+03,0.,0.));
#230 = CARTESIAN_POINT('',(2.27904502003E+03,0.,-0.151567456172));
#231 = CARTESIAN_POINT('',(2.317274445738E+03,0.,19.175203208964));
#232 = CARTESIAN_POINT('',(2.35221587872E+03,0.,79.691921309217));
#233 = CARTESIAN_POINT('',(2.364157851379E+03,0.,155.));
#234 = CARTESIAN_POINT('',(2.35221587872E+03,0.,230.30807869078));
#235 = CARTESIAN_POINT('',(2.317274445738E+03,0.,290.82479679103));
#236 = CARTESIAN_POINT('',(2.27904502003E+03,0.,310.15156745617));
#237 = CARTESIAN_POINT('',(2.26E+03,0.,310.));
#238 = CARTESIAN_POINT('',(2.260040349394E+03,25.507004489071,0.));
#239 = CARTESIAN_POINT('',(2.279118625724E+03,28.300900757269,
    -0.151567448886));
#240 = CARTESIAN_POINT('',(2.317414807425E+03,33.909141108252,
    19.175202287116));
#241 = CARTESIAN_POINT('',(2.352417254928E+03,39.035034337071,
    79.691917478024));
#242 = CARTESIAN_POINT('',(2.364380080588E+03,40.786916603032,
    154.99999254836));
#243 = CARTESIAN_POINT('',(2.352417254928E+03,39.035034337071,
    230.3080676187));
#244 = CARTESIAN_POINT('',(2.317414807425E+03,33.909141108252,
    290.82478280961));
#245 = CARTESIAN_POINT('',(2.279118625724E+03,28.300900757269,
    310.15155254562));
#246 = CARTESIAN_POINT('',(2.260040349394E+03,25.507004489071,
    309.99998509673));
#247 = CARTESIAN_POINT('',(2.24824183665E+03,78.169902154076,0.));
#248 = CARTESIAN_POINT('',(2.265962472904E+03,86.541378953412,
    -0.151567477892));
#249 = CARTESIAN_POINT('',(2.301533438231E+03,103.34560125677,
    19.175205956744));
#250 = CARTESIAN_POINT('',(2.334045056653E+03,118.70454522666,
    79.691932728956));
#251 = CARTESIAN_POINT('',(2.34515658887E+03,123.95378869772,
    155.00002221127));
#252 = CARTESIAN_POINT('',(2.334045056653E+03,118.70454522666,
    230.3081116936));
#253 = CARTESIAN_POINT('',(2.301533438231E+03,103.34560125677,
    290.82483846581));
#254 = CARTESIAN_POINT('',(2.265962472904E+03,86.541378953411,
    310.15161190045));
#255 = CARTESIAN_POINT('',(2.24824183665E+03,78.169902154076,
    310.00004442255));
#256 = CARTESIAN_POINT('',(2.19643663738E+03,153.65854559888,0.));
#257 = CARTESIAN_POINT('',(2.21067183482E+03,167.35039657018,
    -0.151567400929));
#258 = CARTESIAN_POINT('',(2.23924641348E+03,194.83430567981,
    19.175196220008));
#259 = CARTESIAN_POINT('',(2.265363382459E+03,219.9544101671,
    79.691892263197));
#260 = CARTESIAN_POINT('',(2.274289408178E+03,228.53973639336,
    154.99994350577));
#261 = CARTESIAN_POINT('',(2.265363382459E+03,219.9544101671,
    230.30799474835));
#262 = CARTESIAN_POINT('',(2.23924641348E+03,194.83430567981,
    290.82469079154));
#263 = CARTESIAN_POINT('',(2.21067183482E+03,167.35039657018,
    310.15145441248));
#264 = CARTESIAN_POINT('',(2.19643663738E+03,153.65854559888,
    309.99988701155));
#265 = CARTESIAN_POINT('',(2.144709602116E+03,196.94870358038,0.));
#266 = CARTESIAN_POINT('',(2.157074715999E+03,212.57183601587,
    -0.151568680646));
#267 = CARTESIAN_POINT('',(2.181895440883E+03,243.93244261062,
    19.17535812035));
#268 = CARTESIAN_POINT('',(2.204581413247E+03,272.59582201936,
    79.692565119133));
#269 = CARTESIAN_POINT('',(2.212334823414E+03,282.39213728133,
    155.00125220392));
#270 = CARTESIAN_POINT('',(2.204581413247E+03,272.59582201937,
    230.30993928872));
#271 = CARTESIAN_POINT('',(2.181895440883E+03,243.93244261062,
    290.8271462875));
#272 = CARTESIAN_POINT('',(2.157074715999E+03,212.57183601587,
    310.1540730885));
#273 = CARTESIAN_POINT('',(2.144709602116E+03,196.94870358038,
    310.00250440785));
#274 = CARTESIAN_POINT('',(2.115307436087E+03,217.5,0.));
#275 = CARTESIAN_POINT('',(2.126803517723E+03,233.97872895055,
    -0.151573067802));
#276 = CARTESIAN_POINT('',(2.149879817887E+03,267.05679046819,
    19.175913151147));
#277 = CARTESIAN_POINT('',(2.170971398017E+03,297.28991190102,
    79.694871820664));
#278 = CARTESIAN_POINT('',(2.178179890965E+03,307.62271965149,
    155.00573871562));
#279 = CARTESIAN_POINT('',(2.170971398017E+03,297.28991190102,
    230.31660561059));
#280 = CARTESIAN_POINT('',(2.149879817887E+03,267.05679046819,
    290.8355642801));
#281 = CARTESIAN_POINT('',(2.126803517723E+03,233.97872895054,
    310.16305049905));
#282 = CARTESIAN_POINT('',(2.115307436087E+03,217.5,310.01147743125));
#283 = DEFINITIONAL_REPRESENTATION('',(#284),#288);
#284 = LINE('',#285,#286);
#285 = CARTESIAN_POINT('',(0.,0.));
#286 = VECTOR('',#287,1.);
#287 = DIRECTION('',(0.,1.));
#288 = ( GEOMETRIC_REPRESENTATION_CONTEXT(2) 
PARAMETRIC_REPRESENTATION_CONTEXT() REPRESENTATION_CONTEXT('2D SPACE',''
  ) );
#289 = ORIENTED_EDGE('',*,*,#290,.T.);
#290 = EDGE_CURVE('',#212,#291,#293,.T.);
#291 = VERTEX_POINT('',#292);
#292 = CARTESIAN_POINT('',(2.115307436087E+03,217.5,0.));
#293 = SURFACE_CURVE('',#294,(#301),.PCURVE_S1.);
#294 = B_SPLINE_CURVE_WITH_KNOTS('',3,(#295,#296,#297,#298,#299,#300),
  .UNSPECIFIED.,.F.,.F.,(4,1,1,4),(0.,0.309028611238,0.635934689096,1.),
  .UNSPECIFIED.);
#295 = CARTESIAN_POINT('',(2.26E+03,0.,0.));
#296 = CARTESIAN_POINT('',(2.260040349394E+03,25.507004489071,0.));
#297 = CARTESIAN_POINT('',(2.24824183665E+03,78.169902154076,0.));
#298 = CARTESIAN_POINT('',(2.19643663738E+03,153.65854559888,0.));
#299 = CARTESIAN_POINT('',(2.144709602116E+03,196.94870358038,0.));
#300 = CARTESIAN_POINT('',(2.115307436087E+03,217.5,0.));
#301 = PCURVE('',#228,#302);
#302 = DEFINITIONAL_REPRESENTATION('',(#303),#307);
#303 = LINE('',#304,#305);
#304 = CARTESIAN_POINT('',(0.,0.));
#305 = VECTOR('',#306,1.);
#306 = DIRECTION('',(1.,0.));
#307 = ( GEOMETRIC_REPRESENTATION_CONTEXT(2) 
PARAMETRIC_REPRESENTATION_CONTEXT() REPRESENTATION_CONTEXT('2D SPACE',''
  ) );
#308 = ORIENTED_EDGE('',*,*,#309,.T.);
#309 = EDGE_CURVE('',#291,#310,#312,.T.);
#310 = VERTEX_POINT('',#311);
#311 = CARTESIAN_POINT('',(2.115307436087E+03,217.5,310.01147743125));
#312 = SURFACE_CURVE('',#313,(#323),.PCURVE_S1.);
#313 = B_SPLINE_CURVE_WITH_KNOTS('',3,(#314,#315,#316,#317,#318,#319,
    #320,#321,#322),.UNSPECIFIED.,.F.,.F.,(4,1,1,1,1,1,4),(0.,
    0.138303717447,0.306329958805,0.5,0.693670041195,0.861696282553,1.),
  .UNSPECIFIED.);
#314 = CARTESIAN_POINT('',(2.115307436087E+03,217.5,0.));
#315 = CARTESIAN_POINT('',(2.126803517723E+03,233.97872895055,
    -0.151573067802));
#316 = CARTESIAN_POINT('',(2.149879817887E+03,267.05679046819,
    19.175913151147));
#317 = CARTESIAN_POINT('',(2.170971398017E+03,297.28991190102,
    79.694871820664));
#318 = CARTESIAN_POINT('',(2.178179890965E+03,307.62271965149,
    155.00573871562));
#319 = CARTESIAN_POINT('',(2.170971398017E+03,297.28991190102,
    230.31660561059));
#320 = CARTESIAN_POINT('',(2.149879817887E+03,267.05679046819,
    290.8355642801));
#321 = CARTESIAN_POINT('',(2.126803517723E+03,233.97872895054,
    310.16305049905));
#322 = CARTESIAN_POINT('',(2.115307436087E+03,217.5,310.01147743125));
#323 = PCURVE('',#228,#324);
#324 = DEFINITIONAL_REPRESENTATION('',(#325),#329);
#325 = LINE('',#326,#327);
#326 = CARTESIAN_POINT('',(1.,0.));
#327 = VECTOR('',#328,1.);
#328 = DIRECTION('',(0.,1.));
#329 = ( GEOMETRIC_REPRESENTATION_CONTEXT(2) 
PARAMETRIC_REPRESENTATION_CONTEXT() REPRESENTATION_CONTEXT('2D SPACE',''
  ) );
#330 = ORIENTED_EDGE('',*,*,#331,.F.);
#331 = EDGE_CURVE('',#214,#310,#332,.T.);
#332 = SURFACE_CURVE('',#333,(#340),.PCURVE_S1.);
#333 = B_SPLINE_CURVE_WITH_KNOTS('',3,(#334,#335,#336,#337,#338,#339),
  .UNSPECIFIED.,.F.,.F.,(4,1,1,4),(0.,0.309028611238,0.635934689096,1.),
  .UNSPECIFIED.);
#334 = CARTESIAN_POINT('',(2.26E+03,0.,310.));
#335 = CARTESIAN_POINT('',(2.260040349394E+03,25.507004489071,
    309.99998509673));
#336 = CARTESIAN_POINT('',(2.24824183665E+03,78.169902154076,
    310.00004442255));
#337 = CARTESIAN_POINT('',(2.19643663738E+03,153.65854559888,
    309.99988701155));
#338 = CARTESIAN_POINT('',(2.144709602116E+03,196.94870358038,
    310.00250440785));
#339 = CARTESIAN_POINT('',(2.115307436087E+03,217.5,310.01147743125));
#340 = PCURVE('',#228,#341);
#341 = DEFINITIONAL_REPRESENTATION('',(#342),#346);
#342 = LINE('',#343,#344);
#343 = CARTESIAN_POINT('',(0.,1.));
#344 = VECTOR('',#345,1.);
#345 = DIRECTION('',(1.,0.));
#346 = ( GEOMETRIC_REPRESENTATION_CONTEXT(2) 
PARAMETRIC_REPRESENTATION_CONTEXT() REPRESENTATION_CONTEXT('2D SPACE',''
  ) );
#347 = ( GEOMETRIC_REPRESENTATION_CONTEXT(3) 
GLOBAL_UNCERTAINTY_ASSIGNED_CONTEXT((#351)) GLOBAL_UNIT_ASSIGNED_CONTEXT
((#348,#349,#350)) REPRESENTATION_CONTEXT('Context #1',
  '3D Context with UNIT and UNCERTAINTY') );
#348 = ( LENGTH_UNIT() NAMED_UNIT(*) SI_UNIT(.MILLI.,.METRE.) );
#349 = ( NAMED_UNIT(*) PLANE_ANGLE_UNIT() SI_UNIT($,.RADIAN.) );
#350 = ( NAMED_UNIT(*) SI_UNIT($,.STERADIAN.) SOLID_ANGLE_UNIT() );
#351 = UNCERTAINTY_MEASURE_WITH_UNIT(LENGTH_MEASURE(1.E-07),#348,
  'distance_accuracy_value','confusion accuracy');
#352 = CONTEXT_DEPENDENT_SHAPE_REPRESENTATION(#353,#355);
#353 = ( REPRESENTATION_RELATIONSHIP('','',#204,#10) 
REPRESENTATION_RELATIONSHIP_WITH_TRANSFORMATION(#354) 
SHAPE_REPRESENTATION_RELATIONSHIP() );
#354 = ITEM_DEFINED_TRANSFORMATION('','',#11,#15);
#355 = PRODUCT_DEFINITION_SHAPE('Placement','Placement of an item',#356
  );
#356 = NEXT_ASSEMBLY_USAGE_OCCURRENCE('43','O01','',#5,#199,$);
#357 = PRODUCT_RELATED_PRODUCT_CATEGORY('part',$,(#201));
#358 = SHAPE_DEFINITION_REPRESENTATION(#359,#365);
#359 = PRODUCT_DEFINITION_SHAPE('','',#360);
#360 = PRODUCT_DEFINITION('design','',#361,#364);
#361 = PRODUCT_DEFINITION_FORMATION('','',#362);
#362 = PRODUCT('L01','L01','',(#363));
#363 = PRODUCT_CONTEXT('',#2,'mechanical');
#364 = PRODUCT_DEFINITION_CONTEXT('part definition',#2,'design');
#365 = MANIFOLD_SURFACE_SHAPE_REPRESENTATION('',(#11,#366),#508);
#366 = SHELL_BASED_SURFACE_MODEL('',(#367));
#367 = OPEN_SHELL('',(#368));
#368 = ADVANCED_FACE('',(#369),#389,.T.);
#369 = FACE_BOUND('',#370,.T.);
#370 = EDGE_LOOP('',(#371,#450,#469,#491));
#371 = ORIENTED_EDGE('',*,*,#372,.F.);
#372 = EDGE_CURVE('',#373,#375,#377,.T.);
#373 = VERTEX_POINT('',#374);
#374 = CARTESIAN_POINT('',(2.26E+03,0.,310.));
#375 = VERTEX_POINT('',#376);
#376 = CARTESIAN_POINT('',(2.26E+03,0.,0.));
#377 = SURFACE_CURVE('',#378,(#388),.PCURVE_S1.);
#378 = B_SPLINE_CURVE_WITH_KNOTS('',3,(#379,#380,#381,#382,#383,#384,
    #385,#386,#387),.UNSPECIFIED.,.F.,.F.,(4,1,1,1,1,1,4),(0.,
    0.138303717447,0.306329958805,0.5,0.693670041195,0.861696282553,1.),
  .UNSPECIFIED.);
#379 = CARTESIAN_POINT('',(2.26E+03,0.,310.));
#380 = CARTESIAN_POINT('',(2.24095497997E+03,0.,310.15156745619));
#381 = CARTESIAN_POINT('',(2.202725554262E+03,0.,290.824796791));
#382 = CARTESIAN_POINT('',(2.16778412128E+03,0.,230.3080786908));
#383 = CARTESIAN_POINT('',(2.155842148621E+03,0.,154.99999999999));
#384 = CARTESIAN_POINT('',(2.16778412128E+03,0.,79.691921309201));
#385 = CARTESIAN_POINT('',(2.202725554262E+03,0.,19.175203208996));
#386 = CARTESIAN_POINT('',(2.24095497997E+03,0.,-0.151567456193));
#387 = CARTESIAN_POINT('',(2.26E+03,0.,0.));
#388 = PCURVE('',#389,#444);
#389 = B_SPLINE_SURFACE_WITH_KNOTS('',3,3,(
    (#390,#391,#392,#393,#394,#395,#396,#397,#398)
    ,(#399,#400,#401,#402,#403,#404,#405,#406,#407)
    ,(#408,#409,#410,#411,#412,#413,#414,#415,#416)
    ,(#417,#418,#419,#420,#421,#422,#423,#424,#425)
    ,(#426,#427,#428,#429,#430,#431,#432,#433,#434)
    ,(#435,#436,#437,#438,#439,#440,#441,#442,#443
  )),.UNSPECIFIED.,.F.,.F.,.F.,(4,1,1,4),(4,1,1,1,1,1,4),(0.,
    0.263343266297,0.586495996943,1.),(0.,0.138303717447,0.306329958805,
    0.5,0.693670041195,0.861696282553,1.),.UNSPECIFIED.);
#390 = CARTESIAN_POINT('',(2.26E+03,0.,310.));
#391 = CARTESIAN_POINT('',(2.24095497997E+03,0.,310.15156745619));
#392 = CARTESIAN_POINT('',(2.202725554262E+03,0.,290.824796791));
#393 = CARTESIAN_POINT('',(2.16778412128E+03,0.,230.3080786908));
#394 = CARTESIAN_POINT('',(2.155842148621E+03,0.,154.99999999999));
#395 = CARTESIAN_POINT('',(2.16778412128E+03,0.,79.691921309201));
#396 = CARTESIAN_POINT('',(2.202725554262E+03,0.,19.175203208996));
#397 = CARTESIAN_POINT('',(2.24095497997E+03,0.,-0.151567456193));
#398 = CARTESIAN_POINT('',(2.26E+03,0.,0.));
#399 = CARTESIAN_POINT('',(2.260177446101E+03,26.825407791055,
    309.99998964674));
#400 = CARTESIAN_POINT('',(2.241094471566E+03,23.863297290252,
    310.15155709787));
#401 = CARTESIAN_POINT('',(2.20278885907E+03,17.917397356956,
    290.82478707815));
#402 = CARTESIAN_POINT('',(2.167777791885E+03,12.482885585024,
    230.30807099906));
#403 = CARTESIAN_POINT('',(2.155812020267E+03,10.625526414156,
    154.99999482337));
#404 = CARTESIAN_POINT('',(2.167777791885E+03,12.482885585024,
    79.691918647682));
#405 = CARTESIAN_POINT('',(2.20278885907E+03,17.917397356955,
    19.175202568591));
#406 = CARTESIAN_POINT('',(2.241094471566E+03,23.863297290253,
    -0.151567451131));
#407 = CARTESIAN_POINT('',(2.260177446101E+03,26.825407791055,0.));
#408 = CARTESIAN_POINT('',(2.245416976587E+03,84.378119861338,
    310.00003206641));
#409 = CARTESIAN_POINT('',(2.227947829485E+03,75.463920334181,
    310.15159953828));
#410 = CARTESIAN_POINT('',(2.192881683047E+03,57.570280525823,
    290.82482687394));
#411 = CARTESIAN_POINT('',(2.160831465628E+03,41.215616425829,
    230.30810251388));
#412 = CARTESIAN_POINT('',(2.149877626948E+03,35.626064571424,
    155.0000160332));
#413 = CARTESIAN_POINT('',(2.160831465628E+03,41.21561642583,
    79.691929552538));
#414 = CARTESIAN_POINT('',(2.192881683047E+03,57.570280525819,
    19.17520519248));
#415 = CARTESIAN_POINT('',(2.227947829485E+03,75.463920334184,
    -0.151567471871));
#416 = CARTESIAN_POINT('',(2.245416976587E+03,84.378119861338,0.));
#417 = CARTESIAN_POINT('',(2.191284454201E+03,158.71580148149,
    309.99991369759));
#418 = CARTESIAN_POINT('',(2.177297571186E+03,144.77506648386,
    310.15148111159));
#419 = CARTESIAN_POINT('',(2.149221438724E+03,116.79156780274,
    290.82471582687));
#420 = CARTESIAN_POINT('',(2.123560046154E+03,91.214841872541,
    230.30801457421));
#421 = CARTESIAN_POINT('',(2.114789723293E+03,82.473455624634,
    154.99995684879));
#422 = CARTESIAN_POINT('',(2.123560046154E+03,91.214841872542,
    79.69189912338));
#423 = CARTESIAN_POINT('',(2.149221438724E+03,116.79156780274,
    19.175197870719));
#424 = CARTESIAN_POINT('',(2.177297571186E+03,144.77506648386,
    -0.151567413998));
#425 = CARTESIAN_POINT('',(2.191284454201E+03,158.71580148149,0.));
#426 = CARTESIAN_POINT('',(2.143428582269E+03,197.80660242179,
    310.00281530098));
#427 = CARTESIAN_POINT('',(2.131088902885E+03,182.14402767651,
    310.15438413365));
#428 = CARTESIAN_POINT('',(2.10631923315E+03,150.7042477939,
    290.82743795015));
#429 = CARTESIAN_POINT('',(2.083679924842E+03,121.96850454296,
    230.31017026035));
#430 = CARTESIAN_POINT('',(2.075942463102E+03,112.14745740962,
    155.00140765049));
#431 = CARTESIAN_POINT('',(2.083679924842E+03,121.96850454296,
    79.692645040635));
#432 = CARTESIAN_POINT('',(2.10631923315E+03,150.7042477939,
    19.17537735083));
#433 = CARTESIAN_POINT('',(2.131088902885E+03,182.14402767652,
    -0.151568832671));
#434 = CARTESIAN_POINT('',(2.143428582269E+03,197.80660242179,0.));
#435 = CARTESIAN_POINT('',(2.115307436087E+03,217.5,310.01147743125));
#436 = CARTESIAN_POINT('',(2.103811354451E+03,201.02127104947,
    310.16305049907));
#437 = CARTESIAN_POINT('',(2.080735054287E+03,167.94320953178,
    290.83556428008));
#438 = CARTESIAN_POINT('',(2.059643474157E+03,137.71008809899,
    230.31660561061));
#439 = CARTESIAN_POINT('',(2.052434981209E+03,127.37728034849,
    155.00573871562));
#440 = CARTESIAN_POINT('',(2.059643474157E+03,137.71008809899,
    79.694871820647));
#441 = CARTESIAN_POINT('',(2.080735054287E+03,167.94320953177,
    19.175913151179));
#442 = CARTESIAN_POINT('',(2.103811354451E+03,201.02127104947,
    -0.151573067823));
#443 = CARTESIAN_POINT('',(2.115307436087E+03,217.5,0.));
#444 = DEFINITIONAL_REPRESENTATION('',(#445),#449);
#445 = LINE('',#446,#447);
#446 = CARTESIAN_POINT('',(0.,0.));
#447 = VECTOR('',#448,1.);
#448 = DIRECTION('',(0.,1.));
#449 = ( GEOMETRIC_REPRESENTATION_CONTEXT(2) 
PARAMETRIC_REPRESENTATION_CONTEXT() REPRESENTATION_CONTEXT('2D SPACE',''
  ) );
#450 = ORIENTED_EDGE('',*,*,#451,.T.);
#451 = EDGE_CURVE('',#373,#452,#454,.T.);
#452 = VERTEX_POINT('',#453);
#453 = CARTESIAN_POINT('',(2.115307436087E+03,217.5,310.01147743125));
#454 = SURFACE_CURVE('',#455,(#462),.PCURVE_S1.);
#455 = B_SPLINE_CURVE_WITH_KNOTS('',3,(#456,#457,#458,#459,#460,#461),
  .UNSPECIFIED.,.F.,.F.,(4,1,1,4),(0.,0.263343266297,0.586495996943,1.),
  .UNSPECIFIED.);
#456 = CARTESIAN_POINT('',(2.26E+03,0.,310.));
#457 = CARTESIAN_POINT('',(2.260177446101E+03,26.825407791055,
    309.99998964674));
#458 = CARTESIAN_POINT('',(2.245416976587E+03,84.378119861338,
    310.00003206641));
#459 = CARTESIAN_POINT('',(2.191284454201E+03,158.71580148149,
    309.99991369759));
#460 = CARTESIAN_POINT('',(2.143428582269E+03,197.80660242179,
    310.00281530098));
#461 = CARTESIAN_POINT('',(2.115307436087E+03,217.5,310.01147743125));
#462 = PCURVE('',#389,#463);
#463 = DEFINITIONAL_REPRESENTATION('',(#464),#468);
#464 = LINE('',#465,#466);
#465 = CARTESIAN_POINT('',(0.,0.));
#466 = VECTOR('',#467,1.);
#467 = DIRECTION('',(1.,0.));
#468 = ( GEOMETRIC_REPRESENTATION_CONTEXT(2) 
PARAMETRIC_REPRESENTATION_CONTEXT() REPRESENTATION_CONTEXT('2D SPACE',''
  ) );
#469 = ORIENTED_EDGE('',*,*,#470,.T.);
#470 = EDGE_CURVE('',#452,#471,#473,.T.);
#471 = VERTEX_POINT('',#472);
#472 = CARTESIAN_POINT('',(2.115307436087E+03,217.5,0.));
#473 = SURFACE_CURVE('',#474,(#484),.PCURVE_S1.);
#474 = B_SPLINE_CURVE_WITH_KNOTS('',3,(#475,#476,#477,#478,#479,#480,
    #481,#482,#483),.UNSPECIFIED.,.F.,.F.,(4,1,1,1,1,1,4),(0.,
    0.138303717447,0.306329958805,0.5,0.693670041195,0.861696282553,1.),
  .UNSPECIFIED.);
#475 = CARTESIAN_POINT('',(2.115307436087E+03,217.5,310.01147743125));
#476 = CARTESIAN_POINT('',(2.103811354451E+03,201.02127104947,
    310.16305049907));
#477 = CARTESIAN_POINT('',(2.080735054287E+03,167.94320953178,
    290.83556428008));
#478 = CARTESIAN_POINT('',(2.059643474157E+03,137.71008809899,
    230.31660561061));
#479 = CARTESIAN_POINT('',(2.052434981209E+03,127.37728034849,
    155.00573871562));
#480 = CARTESIAN_POINT('',(2.059643474157E+03,137.71008809899,
    79.694871820647));
#481 = CARTESIAN_POINT('',(2.080735054287E+03,167.94320953177,
    19.175913151179));
#482 = CARTESIAN_POINT('',(2.103811354451E+03,201.02127104947,
    -0.151573067823));
#483 = CARTESIAN_POINT('',(2.115307436087E+03,217.5,0.));
#484 = PCURVE('',#389,#485);
#485 = DEFINITIONAL_REPRESENTATION('',(#486),#490);
#486 = LINE('',#487,#488);
#487 = CARTESIAN_POINT('',(1.,0.));
#488 = VECTOR('',#489,1.);
#489 = DIRECTION('',(0.,1.));
#490 = ( GEOMETRIC_REPRESENTATION_CONTEXT(2) 
PARAMETRIC_REPRESENTATION_CONTEXT() REPRESENTATION_CONTEXT('2D SPACE',''
  ) );
#491 = ORIENTED_EDGE('',*,*,#492,.F.);
#492 = EDGE_CURVE('',#375,#471,#493,.T.);
#493 = SURFACE_CURVE('',#494,(#501),.PCURVE_S1.);
#494 = B_SPLINE_CURVE_WITH_KNOTS('',3,(#495,#496,#497,#498,#499,#500),
  .UNSPECIFIED.,.F.,.F.,(4,1,1,4),(0.,0.263343266297,0.586495996943,1.),
  .UNSPECIFIED.);
#495 = CARTESIAN_POINT('',(2.26E+03,0.,0.));
#496 = CARTESIAN_POINT('',(2.260177446101E+03,26.825407791055,0.));
#497 = CARTESIAN_POINT('',(2.245416976587E+03,84.378119861338,0.));
#498 = CARTESIAN_POINT('',(2.191284454201E+03,158.71580148149,0.));
#499 = CARTESIAN_POINT('',(2.143428582269E+03,197.80660242179,0.));
#500 = CARTESIAN_POINT('',(2.115307436087E+03,217.5,0.));
#501 = PCURVE('',#389,#502);
#502 = DEFINITIONAL_REPRESENTATION('',(#503),#507);
#503 = LINE('',#504,#505);
#504 = CARTESIAN_POINT('',(0.,1.));
#505 = VECTOR('',#506,1.);
#506 = DIRECTION('',(1.,0.));
#507 = ( GEOMETRIC_REPRESENTATION_CONTEXT(2) 
PARAMETRIC_REPRESENTATION_CONTEXT() REPRESENTATION_CONTEXT('2D SPACE',''
  ) );
#508 = ( GEOMETRIC_REPRESENTATION_CONTEXT(3) 
GLOBAL_UNCERTAINTY_ASSIGNED_CONTEXT((#512)) GLOBAL_UNIT_ASSIGNED_CONTEXT
((#509,#510,#511)) REPRESENTATION_CONTEXT('Context #1',
  '3D Context with UNIT and UNCERTAINTY') );
#509 = ( LENGTH_UNIT() NAMED_UNIT(*) SI_UNIT(.MILLI.,.METRE.) );
#510 = ( NAMED_UNIT(*) PLANE_ANGLE_UNIT() SI_UNIT($,.RADIAN.) );
#511 = ( NAMED_UNIT(*) SI_UNIT($,.STERADIAN.) SOLID_ANGLE_UNIT() );
#512 = UNCERTAINTY_MEASURE_WITH_UNIT(LENGTH_MEASURE(1.E-07),#509,
  'distance_accuracy_value','confusion accuracy');
#513 = CONTEXT_DEPENDENT_SHAPE_REPRESENTATION(#514,#516);
#514 = ( REPRESENTATION_RELATIONSHIP('','',#365,#10) 
REPRESENTATION_RELATIONSHIP_WITH_TRANSFORMATION(#515) 
SHAPE_REPRESENTATION_RELATIONSHIP() );
#515 = ITEM_DEFINED_TRANSFORMATION('','',#11,#19);
#516 = PRODUCT_DEFINITION_SHAPE('Placement','Placement of an item',#517
  );
#517 = NEXT_ASSEMBLY_USAGE_OCCURRENCE('44','L01','',#5,#360,$);
#518 = PRODUCT_RELATED_PRODUCT_CATEGORY('part',$,(#362));
#519 = SHAPE_DEFINITION_REPRESENTATION(#520,#526);
#520 = PRODUCT_DEFINITION_SHAPE('','',#521);
#521 = PRODUCT_DEFINITION('design','',#522,#525);
#522 = PRODUCT_DEFINITION_FORMATION('','',#523);
#523 = PRODUCT('O02','O02','',(#524));
#524 = PRODUCT_CONTEXT('',#2,'mechanical');
#525 = PRODUCT_DEFINITION_CONTEXT('part definition',#2,'design');
#526 = MANIFOLD_SURFACE_SHAPE_REPRESENTATION('',(#11,#527),#658);
#527 = SHELL_BASED_SURFACE_MODEL('',(#528));
#528 = OPEN_SHELL('',(#529));
#529 = ADVANCED_FACE('',(#530),#550,.T.);
#530 = FACE_BOUND('',#531,.T.);
#531 = EDGE_LOOP('',(#532,#602,#620,#642));
#532 = ORIENTED_EDGE('',*,*,#533,.F.);
#533 = EDGE_CURVE('',#534,#536,#538,.T.);
#534 = VERTEX_POINT('',#535);
#535 = CARTESIAN_POINT('',(2.115307436087E+03,217.5,0.));
#536 = VERTEX_POINT('',#537);
#537 = CARTESIAN_POINT('',(2.115307436087E+03,217.5,310.01147743125));
#538 = SURFACE_CURVE('',#539,(#549),.PCURVE_S1.);
#539 = B_SPLINE_CURVE_WITH_KNOTS('',3,(#540,#541,#542,#543,#544,#545,
    #546,#547,#548),.UNSPECIFIED.,.F.,.F.,(4,1,1,1,1,1,4),(0.,
    0.143798080145,0.311355279633,0.5,0.688644720367,0.856201919855,1.),
  .UNSPECIFIED.);
#540 = CARTESIAN_POINT('',(2.115307436087E+03,217.5,0.));
#541 = CARTESIAN_POINT('',(2.126478199794E+03,233.51241128234,
    -0.214430663867));
#542 = CARTESIAN_POINT('',(2.149328713218E+03,266.26682526546,
    18.183269442172));
#543 = CARTESIAN_POINT('',(2.170836105922E+03,297.09598132153,
    78.757672943498));
#544 = CARTESIAN_POINT('',(2.17822252678E+03,307.68383473822,
    155.00573871562));
#545 = CARTESIAN_POINT('',(2.170836105922E+03,297.09598132153,
    231.25380448775));
#546 = CARTESIAN_POINT('',(2.149328713218E+03,266.26682526546,
    291.82820798908));
#547 = CARTESIAN_POINT('',(2.126478199794E+03,233.51241128234,
    310.22590809512));
#548 = CARTESIAN_POINT('',(2.115307436087E+03,217.5,310.01147743125));
#549 = PCURVE('',#550,#596);
#550 = B_SPLINE_SURFACE_WITH_KNOTS('',3,3,(
    (#551,#552,#553,#554,#555,#556,#557,#558,#559)
    ,(#560,#561,#562,#563,#564,#565,#566,#567,#568)
    ,(#569,#570,#571,#572,#573,#574,#575,#576,#577)
    ,(#578,#579,#580,#581,#582,#583,#584,#585,#586)
    ,(#587,#588,#589,#590,#591,#592,#593,#594,#595
  )),.UNSPECIFIED.,.F.,.F.,.F.,(4,1,4),(4,1,1,1,1,1,4),(0.,
    0.459239973657,1.),(0.,0.143798080145,0.311355279633,0.5,
    0.688644720367,0.856201919855,1.),.UNSPECIFIED.);
#551 = CARTESIAN_POINT('',(2.115307436087E+03,217.5,0.));
#552 = CARTESIAN_POINT('',(2.126478199794E+03,233.51241128234,
    -0.214430663867));
#553 = CARTESIAN_POINT('',(2.149328713218E+03,266.26682526546,
    18.183269442172));
#554 = CARTESIAN_POINT('',(2.170836105922E+03,297.09598132153,
    78.757672943498));
#555 = CARTESIAN_POINT('',(2.17822252678E+03,307.68383473822,
    155.00573871562));
#556 = CARTESIAN_POINT('',(2.170836105922E+03,297.09598132153,
    231.25380448775));
#557 = CARTESIAN_POINT('',(2.149328713218E+03,266.26682526546,
    291.82820798908));
#558 = CARTESIAN_POINT('',(2.126478199794E+03,233.51241128234,
    310.22590809512));
#559 = CARTESIAN_POINT('',(2.115307436087E+03,217.5,310.01147743125));
#560 = CARTESIAN_POINT('',(2.063202995269E+03,253.71109297158,0.));
#561 = CARTESIAN_POINT('',(2.072902719035E+03,271.14181277959,
    -0.214444071551));
#562 = CARTESIAN_POINT('',(2.092744125938E+03,306.79746779297,
    18.184406385616));
#563 = CARTESIAN_POINT('',(2.111419283127E+03,340.35733405268,
    78.762597416527));
#564 = CARTESIAN_POINT('',(2.117833011303E+03,351.88301266663,
    155.01543074373));
#565 = CARTESIAN_POINT('',(2.111419283127E+03,340.35733405268,
    231.26826407094));
#566 = CARTESIAN_POINT('',(2.092744125938E+03,306.79746779297,
    291.84645510185));
#567 = CARTESIAN_POINT('',(2.072902719035E+03,271.14181277959,
    310.24530555901));
#568 = CARTESIAN_POINT('',(2.063202995269E+03,253.71109297158,
    310.03086148746));
#569 = CARTESIAN_POINT('',(1.935752088478E+03,317.52682791717,0.));
#570 = CARTESIAN_POINT('',(1.943075403036E+03,336.91388471682,
    -0.214490735595));
#571 = CARTESIAN_POINT('',(1.958055712531E+03,376.57135248562,
    18.188363398424));
#572 = CARTESIAN_POINT('',(1.972155500712E+03,413.89781063148,
    78.779736530128));
#573 = CARTESIAN_POINT('',(1.97699788077E+03,426.71707388648,
    155.0491628344));
#574 = CARTESIAN_POINT('',(1.972155500712E+03,413.89781063148,
    231.31858913867));
#575 = CARTESIAN_POINT('',(1.958055712531E+03,376.57135248562,
    291.90996227037));
#576 = CARTESIAN_POINT('',(1.943075403036E+03,336.91388471683,
    310.31281640439));
#577 = CARTESIAN_POINT('',(1.935752088478E+03,317.52682791717,
    310.0983256688));
#578 = CARTESIAN_POINT('',(1.79652926778E+03,358.87243602394,0.));
#579 = CARTESIAN_POINT('',(1.802226962914E+03,379.38594344949,
    -0.215096996645));
#580 = CARTESIAN_POINT('',(1.813881963642E+03,421.34763820081,
    18.239773060736));
#581 = CARTESIAN_POINT('',(1.824851899984E+03,460.84288414026,
    79.002408551975));
#582 = CARTESIAN_POINT('',(1.828619375089E+03,474.40698800033,
    155.4874114513));
#583 = CARTESIAN_POINT('',(1.824851899984E+03,460.84288414026,
    231.97241435062));
#584 = CARTESIAN_POINT('',(1.813881963642E+03,421.34763820081,
    292.73504984186));
#585 = CARTESIAN_POINT('',(1.802226962914E+03,379.38594344949,
    311.18991989924));
#586 = CARTESIAN_POINT('',(1.79652926778E+03,358.87243602394,
    310.9748229026));
#587 = CARTESIAN_POINT('',(1.72E+03,376.72105064623,0.));
#588 = CARTESIAN_POINT('',(1.724883252305E+03,397.72032509949,
    -0.215962807663));
#589 = CARTESIAN_POINT('',(1.734872258007E+03,440.67568745305,
    18.313192014639));
#590 = CARTESIAN_POINT('',(1.744274124143E+03,481.10619462456,
    79.32040999708));
#591 = CARTESIAN_POINT('',(1.747503066911E+03,494.99150120628,
    156.11328124999));
#592 = CARTESIAN_POINT('',(1.744274124143E+03,481.10619462456,
    232.90615250292));
#593 = CARTESIAN_POINT('',(1.734872258007E+03,440.67568745305,
    293.91337048536));
#594 = CARTESIAN_POINT('',(1.724883252305E+03,397.72032509949,
    312.44252530766));
#595 = CARTESIAN_POINT('',(1.72E+03,376.72105064623,312.2265625));
#596 = DEFINITIONAL_REPRESENTATION('',(#597),#601);
#597 = LINE('',#598,#599);
#598 = CARTESIAN_POINT('',(0.,0.));
#599 = VECTOR('',#600,1.);
#600 = DIRECTION('',(0.,1.));
#601 = ( GEOMETRIC_REPRESENTATION_CONTEXT(2) 
PARAMETRIC_REPRESENTATION_CONTEXT() REPRESENTATION_CONTEXT('2D SPACE',''
  ) );
#602 = ORIENTED_EDGE('',*,*,#603,.T.);
#603 = EDGE_CURVE('',#534,#604,#606,.T.);
#604 = VERTEX_POINT('',#605);
#605 = CARTESIAN_POINT('',(1.72E+03,376.72105064623,0.));
#606 = SURFACE_CURVE('',#607,(#613),.PCURVE_S1.);
#607 = B_SPLINE_CURVE_WITH_KNOTS('',3,(#608,#609,#610,#611,#612),
  .UNSPECIFIED.,.F.,.F.,(4,1,4),(0.,0.459239973657,1.),.UNSPECIFIED.);
#608 = CARTESIAN_POINT('',(2.115307436087E+03,217.5,0.));
#609 = CARTESIAN_POINT('',(2.063202995269E+03,253.71109297158,0.));
#610 = CARTESIAN_POINT('',(1.935752088478E+03,317.52682791717,0.));
#611 = CARTESIAN_POINT('',(1.79652926778E+03,358.87243602394,0.));
#612 = CARTESIAN_POINT('',(1.72E+03,376.72105064623,0.));
#613 = PCURVE('',#550,#614);
#614 = DEFINITIONAL_REPRESENTATION('',(#615),#619);
#615 = LINE('',#616,#617);
#616 = CARTESIAN_POINT('',(0.,0.));
#617 = VECTOR('',#618,1.);
#618 = DIRECTION('',(1.,0.));
#619 = ( GEOMETRIC_REPRESENTATION_CONTEXT(2) 
PARAMETRIC_REPRESENTATION_CONTEXT() REPRESENTATION_CONTEXT('2D SPACE',''
  ) );
#620 = ORIENTED_EDGE('',*,*,#621,.T.);
#621 = EDGE_CURVE('',#604,#622,#624,.T.);
#622 = VERTEX_POINT('',#623);
#623 = CARTESIAN_POINT('',(1.72E+03,376.72105064623,312.2265625));
#624 = SURFACE_CURVE('',#625,(#635),.PCURVE_S1.);
#625 = B_SPLINE_CURVE_WITH_KNOTS('',3,(#626,#627,#628,#629,#630,#631,
    #632,#633,#634),.UNSPECIFIED.,.F.,.F.,(4,1,1,1,1,1,4),(0.,
    0.143798080145,0.311355279633,0.5,0.688644720367,0.856201919855,1.),
  .UNSPECIFIED.);
#626 = CARTESIAN_POINT('',(1.72E+03,376.72105064623,0.));
#627 = CARTESIAN_POINT('',(1.724883252305E+03,397.72032509949,
    -0.215962807663));
#628 = CARTESIAN_POINT('',(1.734872258007E+03,440.67568745305,
    18.313192014639));
#629 = CARTESIAN_POINT('',(1.744274124143E+03,481.10619462456,
    79.32040999708));
#630 = CARTESIAN_POINT('',(1.747503066911E+03,494.99150120628,
    156.11328124999));
#631 = CARTESIAN_POINT('',(1.744274124143E+03,481.10619462456,
    232.90615250292));
#632 = CARTESIAN_POINT('',(1.734872258007E+03,440.67568745305,
    293.91337048536));
#633 = CARTESIAN_POINT('',(1.724883252305E+03,397.72032509949,
    312.44252530766));
#634 = CARTESIAN_POINT('',(1.72E+03,376.72105064623,312.2265625));
#635 = PCURVE('',#550,#636);
#636 = DEFINITIONAL_REPRESENTATION('',(#637),#641);
#637 = LINE('',#638,#639);
#638 = CARTESIAN_POINT('',(1.,0.));
#639 = VECTOR('',#640,1.);
#640 = DIRECTION('',(0.,1.));
#641 = ( GEOMETRIC_REPRESENTATION_CONTEXT(2) 
PARAMETRIC_REPRESENTATION_CONTEXT() REPRESENTATION_CONTEXT('2D SPACE',''
  ) );
#642 = ORIENTED_EDGE('',*,*,#643,.F.);
#643 = EDGE_CURVE('',#536,#622,#644,.T.);
#644 = SURFACE_CURVE('',#645,(#651),.PCURVE_S1.);
#645 = B_SPLINE_CURVE_WITH_KNOTS('',3,(#646,#647,#648,#649,#650),
  .UNSPECIFIED.,.F.,.F.,(4,1,4),(0.,0.459239973657,1.),.UNSPECIFIED.);
#646 = CARTESIAN_POINT('',(2.115307436087E+03,217.5,310.01147743125));
#647 = CARTESIAN_POINT('',(2.063202995269E+03,253.71109297158,
    310.03086148746));
#648 = CARTESIAN_POINT('',(1.935752088478E+03,317.52682791717,
    310.0983256688));
#649 = CARTESIAN_POINT('',(1.79652926778E+03,358.87243602394,
    310.9748229026));
#650 = CARTESIAN_POINT('',(1.72E+03,376.72105064623,312.2265625));
#651 = PCURVE('',#550,#652);
#652 = DEFINITIONAL_REPRESENTATION('',(#653),#657);
#653 = LINE('',#654,#655);
#654 = CARTESIAN_POINT('',(0.,1.));
#655 = VECTOR('',#656,1.);
#656 = DIRECTION('',(1.,0.));
#657 = ( GEOMETRIC_REPRESENTATION_CONTEXT(2) 
PARAMETRIC_REPRESENTATION_CONTEXT() REPRESENTATION_CONTEXT('2D SPACE',''
  ) );
#658 = ( GEOMETRIC_REPRESENTATION_CONTEXT(3) 
GLOBAL_UNCERTAINTY_ASSIGNED_CONTEXT((#662)) GLOBAL_UNIT_ASSIGNED_CONTEXT
((#659,#660,#661)) REPRESENTATION_CONTEXT('Context #1',
  '3D Context with UNIT and UNCERTAINTY') );
#659 = ( LENGTH_UNIT() NAMED_UNIT(*) SI_UNIT(.MILLI.,.METRE.) );
#660 = ( NAMED_UNIT(*) PLANE_ANGLE_UNIT() SI_UNIT($,.RADIAN.) );
#661 = ( NAMED_UNIT(*) SI_UNIT($,.STERADIAN.) SOLID_ANGLE_UNIT() );
#662 = UNCERTAINTY_MEASURE_WITH_UNIT(LENGTH_MEASURE(1.E-07),#659,
  'distance_accuracy_value','confusion accuracy');
#663 = CONTEXT_DEPENDENT_SHAPE_REPRESENTATION(#664,#666);
#664 = ( REPRESENTATION_RELATIONSHIP('','',#526,#10) 
REPRESENTATION_RELATIONSHIP_WITH_TRANSFORMATION(#665) 
SHAPE_REPRESENTATION_RELATIONSHIP() );
#665 = ITEM_DEFINED_TRANSFORMATION('','',#11,#23);
#666 = PRODUCT_DEFINITION_SHAPE('Placement','Placement of an item',#667
  );
#667 = NEXT_ASSEMBLY_USAGE_OCCURRENCE('45','O02','',#5,#521,$);
#668 = PRODUCT_RELATED_PRODUCT_CATEGORY('part',$,(#523));
#669 = SHAPE_DEFINITION_REPRESENTATION(#670,#676);
#670 = PRODUCT_DEFINITION_SHAPE('','',#671);
#671 = PRODUCT_DEFINITION('design','',#672,#675);
#672 = PRODUCT_DEFINITION_FORMATION('','',#673);
#673 = PRODUCT('L02','L02','',(#674));
#674 = PRODUCT_CONTEXT('',#2,'mechanical');
#675 = PRODUCT_DEFINITION_CONTEXT('part definition',#2,'design');
#676 = MANIFOLD_SURFACE_SHAPE_REPRESENTATION('',(#11,#677),#808);
#677 = SHELL_BASED_SURFACE_MODEL('',(#678));
#678 = OPEN_SHELL('',(#679));
#679 = ADVANCED_FACE('',(#680),#700,.T.);
#680 = FACE_BOUND('',#681,.T.);
#681 = EDGE_LOOP('',(#682,#752,#770,#792));
#682 = ORIENTED_EDGE('',*,*,#683,.F.);
#683 = EDGE_CURVE('',#684,#686,#688,.T.);
#684 = VERTEX_POINT('',#685);
#685 = CARTESIAN_POINT('',(2.115307436087E+03,217.5,310.01147743125));
#686 = VERTEX_POINT('',#687);
#687 = CARTESIAN_POINT('',(2.115307436087E+03,217.5,0.));
#688 = SURFACE_CURVE('',#689,(#699),.PCURVE_S1.);
#689 = B_SPLINE_CURVE_WITH_KNOTS('',3,(#690,#691,#692,#693,#694,#695,
    #696,#697,#698),.UNSPECIFIED.,.F.,.F.,(4,1,1,1,1,1,4),(0.,
    0.143798080145,0.311355279633,0.5,0.688644720367,0.856201919855,1.),
  .UNSPECIFIED.);
#690 = CARTESIAN_POINT('',(2.115307436087E+03,217.5,310.01147743125));
#691 = CARTESIAN_POINT('',(2.10413667238E+03,201.48758871767,
    310.22590809513));
#692 = CARTESIAN_POINT('',(2.081286158956E+03,168.73317473452,
    291.82820798906));
#693 = CARTESIAN_POINT('',(2.059778766253E+03,137.90401867846,
    231.25380448776));
#694 = CARTESIAN_POINT('',(2.052392345395E+03,127.31616526177,
    155.00573871562));
#695 = CARTESIAN_POINT('',(2.059778766253E+03,137.90401867846,
    78.757672943492));
#696 = CARTESIAN_POINT('',(2.081286158956E+03,168.73317473452,
    18.183269442182));
#697 = CARTESIAN_POINT('',(2.10413667238E+03,201.48758871766,
    -0.214430663874));
#698 = CARTESIAN_POINT('',(2.115307436087E+03,217.5,0.));
#699 = PCURVE('',#700,#746);
#700 = B_SPLINE_SURFACE_WITH_KNOTS('',3,3,(
    (#701,#702,#703,#704,#705,#706,#707,#708,#709)
    ,(#710,#711,#712,#713,#714,#715,#716,#717,#718)
    ,(#719,#720,#721,#722,#723,#724,#725,#726,#727)
    ,(#728,#729,#730,#731,#732,#733,#734,#735,#736)
    ,(#737,#738,#739,#740,#741,#742,#743,#744,#745
  )),.UNSPECIFIED.,.F.,.F.,.F.,(4,1,4),(4,1,1,1,1,1,4),(0.,
    0.447010901355,1.),(0.,0.143798080145,0.311355279633,0.5,
    0.688644720367,0.856201919855,1.),.UNSPECIFIED.);
#701 = CARTESIAN_POINT('',(2.115307436087E+03,217.5,310.01147743125));
#702 = CARTESIAN_POINT('',(2.10413667238E+03,201.48758871767,
    310.22590809513));
#703 = CARTESIAN_POINT('',(2.081286158956E+03,168.73317473452,
    291.82820798906));
#704 = CARTESIAN_POINT('',(2.059778766253E+03,137.90401867846,
    231.25380448776));
#705 = CARTESIAN_POINT('',(2.052392345395E+03,127.31616526177,
    155.00573871562));
#706 = CARTESIAN_POINT('',(2.059778766253E+03,137.90401867846,
    78.757672943492));
#707 = CARTESIAN_POINT('',(2.081286158956E+03,168.73317473452,
    18.183269442182));
#708 = CARTESIAN_POINT('',(2.10413667238E+03,201.48758871766,
    -0.214430663874));
#709 = CARTESIAN_POINT('',(2.115307436087E+03,217.5,0.));
#710 = CARTESIAN_POINT('',(2.060760406243E+03,255.2233445962,
    310.03070241347));
#711 = CARTESIAN_POINT('',(2.051119423315E+03,237.73960528152,
    310.24514637501));
#712 = CARTESIAN_POINT('',(2.031398174561E+03,201.97549546762,
    291.8463053581));
#713 = CARTESIAN_POINT('',(2.012836112796E+03,168.31354922655,
    231.26814540932));
#714 = CARTESIAN_POINT('',(2.006461225701E+03,156.75281263444,
    155.01535120673));
#715 = CARTESIAN_POINT('',(2.012836112796E+03,168.31354922655,
    78.762557004155));
#716 = CARTESIAN_POINT('',(2.031398174561E+03,201.97549546763,
    18.184397055375));
#717 = CARTESIAN_POINT('',(2.051119423315E+03,237.73960528151,
    -0.21444396153));
#718 = CARTESIAN_POINT('',(2.060760406243E+03,255.2233445962,0.));
#719 = CARTESIAN_POINT('',(1.931086040223E+03,319.12891819128,
    310.11364839716));
#720 = CARTESIAN_POINT('',(1.923821549957E+03,299.70073067688,
    310.32814973129));
#721 = CARTESIAN_POINT('',(1.908961569323E+03,259.95912739374,
    291.92438626652));
#722 = CARTESIAN_POINT('',(1.894975037243E+03,222.55347909961,
    231.33001916462));
#723 = CARTESIAN_POINT('',(1.89017155345E+03,209.7070190676,
    155.05682419858));
#724 = CARTESIAN_POINT('',(1.894975037243E+03,222.55347909961,
    78.783629232543));
#725 = CARTESIAN_POINT('',(1.908961569323E+03,259.95912739374,
    18.18926213064));
#726 = CARTESIAN_POINT('',(1.923821549957E+03,299.70073067688,
    -0.214501334123));
#727 = CARTESIAN_POINT('',(1.931086040223E+03,319.12891819128,0.));
#728 = CARTESIAN_POINT('',(1.795585694706E+03,359.09387356322,
    310.98929934293));
#729 = CARTESIAN_POINT('',(1.789898719115E+03,338.57295847258,
    311.20440635274));
#730 = CARTESIAN_POINT('',(1.778265645898E+03,296.59611086727,
    292.74867718776));
#731 = CARTESIAN_POINT('',(1.7673163482E+03,257.08660273712,
    231.98321308599));
#732 = CARTESIAN_POINT('',(1.763555961155E+03,243.51760072204,
    155.49464967146));
#733 = CARTESIAN_POINT('',(1.7673163482E+03,257.08660273712,
    79.006086256945));
#734 = CARTESIAN_POINT('',(1.778265645898E+03,296.59611086728,
    18.240622155165));
#735 = CARTESIAN_POINT('',(1.789898719115E+03,338.57295847258,
    -0.215107009806));
#736 = CARTESIAN_POINT('',(1.795585694706E+03,359.09387356322,0.));
#737 = CARTESIAN_POINT('',(1.72E+03,376.72105064623,312.2265625));
#738 = CARTESIAN_POINT('',(1.715116747695E+03,355.72177619298,
    312.44252530767));
#739 = CARTESIAN_POINT('',(1.705127741993E+03,312.76641383938,
    293.91337048534));
#740 = CARTESIAN_POINT('',(1.695725875857E+03,272.3359066679,
    232.90615250293));
#741 = CARTESIAN_POINT('',(1.692496933089E+03,258.45060008617,
    156.11328124999));
#742 = CARTESIAN_POINT('',(1.695725875857E+03,272.3359066679,
    79.320409997073));
#743 = CARTESIAN_POINT('',(1.705127741993E+03,312.76641383939,
    18.31319201465));
#744 = CARTESIAN_POINT('',(1.715116747695E+03,355.72177619298,
    -0.215962807671));
#745 = CARTESIAN_POINT('',(1.72E+03,376.72105064623,0.));
#746 = DEFINITIONAL_REPRESENTATION('',(#747),#751);
#747 = LINE('',#748,#749);
#748 = CARTESIAN_POINT('',(0.,0.));
#749 = VECTOR('',#750,1.);
#750 = DIRECTION('',(0.,1.));
#751 = ( GEOMETRIC_REPRESENTATION_CONTEXT(2) 
PARAMETRIC_REPRESENTATION_CONTEXT() REPRESENTATION_CONTEXT('2D SPACE',''
  ) );
#752 = ORIENTED_EDGE('',*,*,#753,.T.);
#753 = EDGE_CURVE('',#684,#754,#756,.T.);
#754 = VERTEX_POINT('',#755);
#755 = CARTESIAN_POINT('',(1.72E+03,376.72105064623,312.2265625));
#756 = SURFACE_CURVE('',#757,(#763),.PCURVE_S1.);
#757 = B_SPLINE_CURVE_WITH_KNOTS('',3,(#758,#759,#760,#761,#762),
  .UNSPECIFIED.,.F.,.F.,(4,1,4),(0.,0.447010901355,1.),.UNSPECIFIED.);
#758 = CARTESIAN_POINT('',(2.115307436087E+03,217.5,310.01147743125));
#759 = CARTESIAN_POINT('',(2.060760406243E+03,255.2233445962,
    310.03070241347));
#760 = CARTESIAN_POINT('',(1.931086040223E+03,319.12891819128,
    310.11364839716));
#761 = CARTESIAN_POINT('',(1.795585694706E+03,359.09387356322,
    310.98929934293));
#762 = CARTESIAN_POINT('',(1.72E+03,376.72105064623,312.2265625));
#763 = PCURVE('',#700,#764);
#764 = DEFINITIONAL_REPRESENTATION('',(#765),#769);
#765 = LINE('',#766,#767);
#766 = CARTESIAN_POINT('',(0.,0.));
#767 = VECTOR('',#768,1.);
#768 = DIRECTION('',(1.,0.));
#769 = ( GEOMETRIC_REPRESENTATION_CONTEXT(2) 
PARAMETRIC_REPRESENTATION_CONTEXT() REPRESENTATION_CONTEXT('2D SPACE',''
  ) );
#770 = ORIENTED_EDGE('',*,*,#771,.T.);
#771 = EDGE_CURVE('',#754,#772,#774,.T.);
#772 = VERTEX_POINT('',#773);
#773 = CARTESIAN_POINT('',(1.72E+03,376.72105064623,0.));
#774 = SURFACE_CURVE('',#775,(#785),.PCURVE_S1.);
#775 = B_SPLINE_CURVE_WITH_KNOTS('',3,(#776,#777,#778,#779,#780,#781,
    #782,#783,#784),.UNSPECIFIED.,.F.,.F.,(4,1,1,1,1,1,4),(0.,
    0.143798080145,0.311355279633,0.5,0.688644720367,0.856201919855,1.),
  .UNSPECIFIED.);
#776 = CARTESIAN_POINT('',(1.72E+03,376.72105064623,312.2265625));
#777 = CARTESIAN_POINT('',(1.715116747695E+03,355.72177619298,
    312.44252530767));
#778 = CARTESIAN_POINT('',(1.705127741993E+03,312.76641383938,
    293.91337048534));
#779 = CARTESIAN_POINT('',(1.695725875857E+03,272.3359066679,
    232.90615250293));
#780 = CARTESIAN_POINT('',(1.692496933089E+03,258.45060008617,
    156.11328124999));
#781 = CARTESIAN_POINT('',(1.695725875857E+03,272.3359066679,
    79.320409997073));
#782 = CARTESIAN_POINT('',(1.705127741993E+03,312.76641383939,
    18.31319201465));
#783 = CARTESIAN_POINT('',(1.715116747695E+03,355.72177619298,
    -0.215962807671));
#784 = CARTESIAN_POINT('',(1.72E+03,376.72105064623,0.));
#785 = PCURVE('',#700,#786);
#786 = DEFINITIONAL_REPRESENTATION('',(#787),#791);
#787 = LINE('',#788,#789);
#788 = CARTESIAN_POINT('',(1.,0.));
#789 = VECTOR('',#790,1.);
#790 = DIRECTION('',(0.,1.));
#791 = ( GEOMETRIC_REPRESENTATION_CONTEXT(2) 
PARAMETRIC_REPRESENTATION_CONTEXT() REPRESENTATION_CONTEXT('2D SPACE',''
  ) );
#792 = ORIENTED_EDGE('',*,*,#793,.F.);
#793 = EDGE_CURVE('',#686,#772,#794,.T.);
#794 = SURFACE_CURVE('',#795,(#801),.PCURVE_S1.);
#795 = B_SPLINE_CURVE_WITH_KNOTS('',3,(#796,#797,#798,#799,#800),
  .UNSPECIFIED.,.F.,.F.,(4,1,4),(0.,0.447010901355,1.),.UNSPECIFIED.);
#796 = CARTESIAN_POINT('',(2.115307436087E+03,217.5,0.));
#797 = CARTESIAN_POINT('',(2.060760406243E+03,255.2233445962,0.));
#798 = CARTESIAN_POINT('',(1.931086040223E+03,319.12891819128,0.));
#799 = CARTESIAN_POINT('',(1.795585694706E+03,359.09387356322,0.));
#800 = CARTESIAN_POINT('',(1.72E+03,376.72105064623,0.));
#801 = PCURVE('',#700,#802);
#802 = DEFINITIONAL_REPRESENTATION('',(#803),#807);
#803 = LINE('',#804,#805);
#804 = CARTESIAN_POINT('',(0.,1.));
#805 = VECTOR('',#806,1.);
#806 = DIRECTION('',(1.,0.));
#807 = ( GEOMETRIC_REPRESENTATION_CONTEXT(2) 
PARAMETRIC_REPRESENTATION_CONTEXT() REPRESENTATION_CONTEXT('2D SPACE',''
  ) );
#808 = ( GEOMETRIC_REPRESENTATION_CONTEXT(3) 
GLOBAL_UNCERTAINTY_ASSIGNED_CONTEXT((#812)) GLOBAL_UNIT_ASSIGNED_CONTEXT
((#809,#810,#811)) REPRESENTATION_CONTEXT('Context #1',
  '3D Context with UNIT and UNCERTAINTY') );
#809 = ( LENGTH_UNIT() NAMED_UNIT(*) SI_UNIT(.MILLI.,.METRE.) );
#810 = ( NAMED_UNIT(*) PLANE_ANGLE_UNIT() SI_UNIT($,.RADIAN.) );
#811 = ( NAMED_UNIT(*) SI_UNIT($,.STERADIAN.) SOLID_ANGLE_UNIT() );
#812 = UNCERTAINTY_MEASURE_WITH_UNIT(LENGTH_MEASURE(1.E-07),#809,
  'distance_accuracy_value','confusion accuracy');
#813 = CONTEXT_DEPENDENT_SHAPE_REPRESENTATION(#814,#816);
#814 = ( REPRESENTATION_RELATIONSHIP('','',#676,#10) 
REPRESENTATION_RELATIONSHIP_WITH_TRANSFORMATION(#815) 
SHAPE_REPRESENTATION_RELATIONSHIP() );
#815 = ITEM_DEFINED_TRANSFORMATION('','',#11,#27);
#816 = PRODUCT_DEFINITION_SHAPE('Placement','Placement of an item',#817
  );
#817 = NEXT_ASSEMBLY_USAGE_OCCURRENCE('46','L02','',#5,#671,$);
#818 = PRODUCT_RELATED_PRODUCT_CATEGORY('part',$,(#673));
#819 = SHAPE_DEFINITION_REPRESENTATION(#820,#826);
#820 = PRODUCT_DEFINITION_SHAPE('','',#821);
#821 = PRODUCT_DEFINITION('design','',#822,#825);
#822 = PRODUCT_DEFINITION_FORMATION('','',#823);
#823 = PRODUCT('O03','O03','',(#824));
#824 = PRODUCT_CONTEXT('',#2,'mechanical');
#825 = PRODUCT_DEFINITION_CONTEXT('part definition',#2,'design');
#826 = MANIFOLD_SURFACE_SHAPE_REPRESENTATION('',(#11,#827),#947);
#827 = SHELL_BASED_SURFACE_MODEL('',(#828));
#828 = OPEN_SHELL('',(#829));
#829 = ADVANCED_FACE('',(#830),#850,.T.);
#830 = FACE_BOUND('',#831,.T.);
#831 = EDGE_LOOP('',(#832,#893,#910,#932));
#832 = ORIENTED_EDGE('',*,*,#833,.F.);
#833 = EDGE_CURVE('',#834,#836,#838,.T.);
#834 = VERTEX_POINT('',#835);
#835 = CARTESIAN_POINT('',(1.72E+03,376.72105064623,0.));
#836 = VERTEX_POINT('',#837);
#837 = CARTESIAN_POINT('',(1.72E+03,376.72105064623,312.2265625));
#838 = SURFACE_CURVE('',#839,(#849),.PCURVE_S1.);
#839 = B_SPLINE_CURVE_WITH_KNOTS('',3,(#840,#841,#842,#843,#844,#845,
    #846,#847,#848),.UNSPECIFIED.,.F.,.F.,(4,1,1,1,1,1,4),(0.,
    0.146137021167,0.313523775699,0.5,0.686476224301,0.853862978833,1.),
  .UNSPECIFIED.);
#840 = CARTESIAN_POINT('',(1.72E+03,376.72105064623,0.));
#841 = CARTESIAN_POINT('',(1.724834871294E+03,397.51227397288,
    -0.222641159786));
#842 = CARTESIAN_POINT('',(1.734765156987E+03,440.21512478377,
    17.89028037422));
#843 = CARTESIAN_POINT('',(1.744247760946E+03,480.99282591764,
    78.896054642993));
#844 = CARTESIAN_POINT('',(1.747511043347E+03,495.02580199002,
    156.11328125));
#845 = CARTESIAN_POINT('',(1.744247760946E+03,480.99282591764,
    233.330507857));
#846 = CARTESIAN_POINT('',(1.734765156987E+03,440.21512478377,
    294.33628212578));
#847 = CARTESIAN_POINT('',(1.724834871294E+03,397.51227397288,
    312.44920365978));
#848 = CARTESIAN_POINT('',(1.72E+03,376.72105064623,312.2265625));
#849 = PCURVE('',#850,#887);
#850 = B_SPLINE_SURFACE_WITH_KNOTS('',3,3,(
    (#851,#852,#853,#854,#855,#856,#857,#858,#859)
    ,(#860,#861,#862,#863,#864,#865,#866,#867,#868)
    ,(#869,#870,#871,#872,#873,#874,#875,#876,#877)
    ,(#878,#879,#880,#881,#882,#883,#884,#885,#886
  )),.UNSPECIFIED.,.F.,.F.,.F.,(4,4),(4,1,1,1,1,1,4),(0.,1.),(0.,
    0.146137021167,0.313523775699,0.5,0.686476224301,0.853862978833,1.),
  .UNSPECIFIED.);
#851 = CARTESIAN_POINT('',(1.72E+03,376.72105064623,0.));
#852 = CARTESIAN_POINT('',(1.724834871294E+03,397.51227397288,
    -0.222641159786));
#853 = CARTESIAN_POINT('',(1.734765156987E+03,440.21512478377,
    17.89028037422));
#854 = CARTESIAN_POINT('',(1.744247760946E+03,480.99282591764,
    78.896054642993));
#855 = CARTESIAN_POINT('',(1.747511043347E+03,495.02580199002,
    156.11328125));
#856 = CARTESIAN_POINT('',(1.744247760946E+03,480.99282591764,
    233.330507857));
#857 = CARTESIAN_POINT('',(1.734765156987E+03,440.21512478377,
    294.33628212578));
#858 = CARTESIAN_POINT('',(1.724834871294E+03,397.51227397288,
    312.44920365978));
#859 = CARTESIAN_POINT('',(1.72E+03,376.72105064623,312.2265625));
#860 = CARTESIAN_POINT('',(1.54651036898E+03,417.03541119706,0.));
#861 = CARTESIAN_POINT('',(1.549539127311E+03,438.9094001193,
    -0.224719399193));
#862 = CARTESIAN_POINT('',(1.555759858681E+03,483.83613054345,
    18.05727683485));
#863 = CARTESIAN_POINT('',(1.561700144161E+03,526.73745332098,
    79.632508270744));
#864 = CARTESIAN_POINT('',(1.56374439584E+03,541.50123890159,
    157.57051751912));
#865 = CARTESIAN_POINT('',(1.561700144161E+03,526.73745332098,
    235.5085267675));
#866 = CARTESIAN_POINT('',(1.555759858681E+03,483.83613054346,
    297.08375820339));
#867 = CARTESIAN_POINT('',(1.549539127311E+03,438.9094001193,
    315.36575443744));
#868 = CARTESIAN_POINT('',(1.54651036898E+03,417.03541119706,
    315.14103503825));
#869 = CARTESIAN_POINT('',(1.358736799857E+03,435.01032546255,0.));
#870 = CARTESIAN_POINT('',(1.360235478413E+03,457.36282408381,
    -0.22961386629));
#871 = CARTESIAN_POINT('',(1.363313596801E+03,503.27235999123,
    18.45057063875));
#872 = CARTESIAN_POINT('',(1.366252946031E+03,547.11218096051,
    81.36693214752));
#873 = CARTESIAN_POINT('',(1.36726447479E+03,562.198935279,
    161.00245849142));
#874 = CARTESIAN_POINT('',(1.366252946031E+03,547.11218096051,
    240.63798483532));
#875 = CARTESIAN_POINT('',(1.363313596801E+03,503.27235999123,
    303.55434634409));
#876 = CARTESIAN_POINT('',(1.360235478413E+03,457.36282408381,
    322.23453084913));
#877 = CARTESIAN_POINT('',(1.358736799857E+03,435.01032546255,
    322.00491698284));
#878 = CARTESIAN_POINT('',(1.18E+03,435.,0.));
#879 = CARTESIAN_POINT('',(1.18E+03,457.35373223057,-0.2464567724));
#880 = CARTESIAN_POINT('',(1.18E+03,503.26580183374,19.803978575141));
#881 = CARTESIAN_POINT('',(1.18E+03,547.10804227354,87.335454958239));
#882 = CARTESIAN_POINT('',(1.18E+03,562.19562921306,172.8125));
#883 = CARTESIAN_POINT('',(1.18E+03,547.10804227354,258.28954504176));
#884 = CARTESIAN_POINT('',(1.18E+03,503.26580183374,325.82102142485));
#885 = CARTESIAN_POINT('',(1.18E+03,457.35373223057,345.8714567724));
#886 = CARTESIAN_POINT('',(1.18E+03,435.,345.625));
#887 = DEFINITIONAL_REPRESENTATION('',(#888),#892);
#888 = LINE('',#889,#890);
#889 = CARTESIAN_POINT('',(0.,0.));
#890 = VECTOR('',#891,1.);
#891 = DIRECTION('',(0.,1.));
#892 = ( GEOMETRIC_REPRESENTATION_CONTEXT(2) 
PARAMETRIC_REPRESENTATION_CONTEXT() REPRESENTATION_CONTEXT('2D SPACE',''
  ) );
#893 = ORIENTED_EDGE('',*,*,#894,.T.);
#894 = EDGE_CURVE('',#834,#895,#897,.T.);
#895 = VERTEX_POINT('',#896);
#896 = CARTESIAN_POINT('',(1.18E+03,435.,0.));
#897 = SURFACE_CURVE('',#898,(#903),.PCURVE_S1.);
#898 = B_SPLINE_CURVE_WITH_KNOTS('',3,(#899,#900,#901,#902),
  .UNSPECIFIED.,.F.,.F.,(4,4),(0.,1.),.PIECEWISE_BEZIER_KNOTS.);
#899 = CARTESIAN_POINT('',(1.72E+03,376.72105064623,0.));
#900 = CARTESIAN_POINT('',(1.54651036898E+03,417.03541119706,0.));
#901 = CARTESIAN_POINT('',(1.358736799857E+03,435.01032546255,0.));
#902 = CARTESIAN_POINT('',(1.18E+03,435.,0.));
#903 = PCURVE('',#850,#904);
#904 = DEFINITIONAL_REPRESENTATION('',(#905),#909);
#905 = LINE('',#906,#907);
#906 = CARTESIAN_POINT('',(0.,0.));
#907 = VECTOR('',#908,1.);
#908 = DIRECTION('',(1.,0.));
#909 = ( GEOMETRIC_REPRESENTATION_CONTEXT(2) 
PARAMETRIC_REPRESENTATION_CONTEXT() REPRESENTATION_CONTEXT('2D SPACE',''
  ) );
#910 = ORIENTED_EDGE('',*,*,#911,.T.);
#911 = EDGE_CURVE('',#895,#912,#914,.T.);
#912 = VERTEX_POINT('',#913);
#913 = CARTESIAN_POINT('',(1.18E+03,435.,345.625));
#914 = SURFACE_CURVE('',#915,(#925),.PCURVE_S1.);
#915 = B_SPLINE_CURVE_WITH_KNOTS('',3,(#916,#917,#918,#919,#920,#921,
    #922,#923,#924),.UNSPECIFIED.,.F.,.F.,(4,1,1,1,1,1,4),(0.,
    0.146137021167,0.313523775699,0.5,0.686476224301,0.853862978833,1.),
  .UNSPECIFIED.);
#916 = CARTESIAN_POINT('',(1.18E+03,435.,0.));
#917 = CARTESIAN_POINT('',(1.18E+03,457.35373223057,-0.2464567724));
#918 = CARTESIAN_POINT('',(1.18E+03,503.26580183374,19.803978575141));
#919 = CARTESIAN_POINT('',(1.18E+03,547.10804227354,87.335454958239));
#920 = CARTESIAN_POINT('',(1.18E+03,562.19562921306,172.8125));
#921 = CARTESIAN_POINT('',(1.18E+03,547.10804227354,258.28954504176));
#922 = CARTESIAN_POINT('',(1.18E+03,503.26580183374,325.82102142485));
#923 = CARTESIAN_POINT('',(1.18E+03,457.35373223057,345.8714567724));
#924 = CARTESIAN_POINT('',(1.18E+03,435.,345.625));
#925 = PCURVE('',#850,#926);
#926 = DEFINITIONAL_REPRESENTATION('',(#927),#931);
#927 = LINE('',#928,#929);
#928 = CARTESIAN_POINT('',(1.,0.));
#929 = VECTOR('',#930,1.);
#930 = DIRECTION('',(0.,1.));
#931 = ( GEOMETRIC_REPRESENTATION_CONTEXT(2) 
PARAMETRIC_REPRESENTATION_CONTEXT() REPRESENTATION_CONTEXT('2D SPACE',''
  ) );
#932 = ORIENTED_EDGE('',*,*,#933,.F.);
#933 = EDGE_CURVE('',#836,#912,#934,.T.);
#934 = SURFACE_CURVE('',#935,(#940),.PCURVE_S1.);
#935 = B_SPLINE_CURVE_WITH_KNOTS('',3,(#936,#937,#938,#939),
  .UNSPECIFIED.,.F.,.F.,(4,4),(0.,1.),.PIECEWISE_BEZIER_KNOTS.);
#936 = CARTESIAN_POINT('',(1.72E+03,376.72105064623,312.2265625));
#937 = CARTESIAN_POINT('',(1.54651036898E+03,417.03541119706,
    315.14103503825));
#938 = CARTESIAN_POINT('',(1.358736799857E+03,435.01032546255,
    322.00491698284));
#939 = CARTESIAN_POINT('',(1.18E+03,435.,345.625));
#940 = PCURVE('',#850,#941);
#941 = DEFINITIONAL_REPRESENTATION('',(#942),#946);
#942 = LINE('',#943,#944);
#943 = CARTESIAN_POINT('',(0.,1.));
#944 = VECTOR('',#945,1.);
#945 = DIRECTION('',(1.,0.));
#946 = ( GEOMETRIC_REPRESENTATION_CONTEXT(2) 
PARAMETRIC_REPRESENTATION_CONTEXT() REPRESENTATION_CONTEXT('2D SPACE',''
  ) );
#947 = ( GEOMETRIC_REPRESENTATION_CONTEXT(3) 
GLOBAL_UNCERTAINTY_ASSIGNED_CONTEXT((#951)) GLOBAL_UNIT_ASSIGNED_CONTEXT
((#948,#949,#950)) REPRESENTATION_CONTEXT('Context #1',
  '3D Context with UNIT and UNCERTAINTY') );
#948 = ( LENGTH_UNIT() NAMED_UNIT(*) SI_UNIT(.MILLI.,.METRE.) );
#949 = ( NAMED_UNIT(*) PLANE_ANGLE_UNIT() SI_UNIT($,.RADIAN.) );
#950 = ( NAMED_UNIT(*) SI_UNIT($,.STERADIAN.) SOLID_ANGLE_UNIT() );
#951 = UNCERTAINTY_MEASURE_WITH_UNIT(LENGTH_MEASURE(1.E-07),#948,
  'distance_accuracy_value','confusion accuracy');
#952 = CONTEXT_DEPENDENT_SHAPE_REPRESENTATION(#953,#955);
#953 = ( REPRESENTATION_RELATIONSHIP('','',#826,#10) 
REPRESENTATION_RELATIONSHIP_WITH_TRANSFORMATION(#954) 
SHAPE_REPRESENTATION_RELATIONSHIP() );
#954 = ITEM_DEFINED_TRANSFORMATION('','',#11,#31);
#955 = PRODUCT_DEFINITION_SHAPE('Placement','Placement of an item',#956
  );
#956 = NEXT_ASSEMBLY_USAGE_OCCURRENCE('47','O03','',#5,#821,$);
#957 = PRODUCT_RELATED_PRODUCT_CATEGORY('part',$,(#823));
#958 = SHAPE_DEFINITION_REPRESENTATION(#959,#965);
#959 = PRODUCT_DEFINITION_SHAPE('','',#960);
#960 = PRODUCT_DEFINITION('design','',#961,#964);
#961 = PRODUCT_DEFINITION_FORMATION('','',#962);
#962 = PRODUCT('L03','L03','',(#963));
#963 = PRODUCT_CONTEXT('',#2,'mechanical');
#964 = PRODUCT_DEFINITION_CONTEXT('part definition',#2,'design');
#965 = MANIFOLD_SURFACE_SHAPE_REPRESENTATION('',(#11,#966),#1086);
#966 = SHELL_BASED_SURFACE_MODEL('',(#967));
#967 = OPEN_SHELL('',(#968));
#968 = ADVANCED_FACE('',(#969),#989,.T.);
#969 = FACE_BOUND('',#970,.T.);
#970 = EDGE_LOOP('',(#971,#1032,#1049,#1071));
#971 = ORIENTED_EDGE('',*,*,#972,.F.);
#972 = EDGE_CURVE('',#973,#975,#977,.T.);
#973 = VERTEX_POINT('',#974);
#974 = CARTESIAN_POINT('',(1.72E+03,376.72105064623,312.2265625));
#975 = VERTEX_POINT('',#976);
#976 = CARTESIAN_POINT('',(1.72E+03,376.72105064623,0.));
#977 = SURFACE_CURVE('',#978,(#988),.PCURVE_S1.);
#978 = B_SPLINE_CURVE_WITH_KNOTS('',3,(#979,#980,#981,#982,#983,#984,
    #985,#986,#987),.UNSPECIFIED.,.F.,.F.,(4,1,1,1,1,1,4),(0.,
    0.146137021167,0.313523775699,0.5,0.686476224301,0.853862978833,1.),
  .UNSPECIFIED.);
#979 = CARTESIAN_POINT('',(1.72E+03,376.72105064623,312.2265625));
#980 = CARTESIAN_POINT('',(1.715165128706E+03,355.92982731957,
    312.44920365978));
#981 = CARTESIAN_POINT('',(1.705234843013E+03,313.22697650868,
    294.33628212578));
#982 = CARTESIAN_POINT('',(1.695752239054E+03,272.44927537481,
    233.330507857));
#983 = CARTESIAN_POINT('',(1.692488956653E+03,258.41629930243,
    156.11328124999));
#984 = CARTESIAN_POINT('',(1.695752239054E+03,272.44927537481,
    78.896054642994));
#985 = CARTESIAN_POINT('',(1.705234843013E+03,313.22697650868,
    17.890280374219));
#986 = CARTESIAN_POINT('',(1.715165128706E+03,355.92982731957,
    -0.222641159786));
#987 = CARTESIAN_POINT('',(1.72E+03,376.72105064623,0.));
#988 = PCURVE('',#989,#1026);
#989 = B_SPLINE_SURFACE_WITH_KNOTS('',3,3,(
    (#990,#991,#992,#993,#994,#995,#996,#997,#998)
    ,(#999,#1000,#1001,#1002,#1003,#1004,#1005,#1006,#1007)
    ,(#1008,#1009,#1010,#1011,#1012,#1013,#1014,#1015,#1016)
    ,(#1017,#1018,#1019,#1020,#1021,#1022,#1023,#1024,#1025
  )),.UNSPECIFIED.,.F.,.F.,.F.,(4,4),(4,1,1,1,1,1,4),(0.,1.),(0.,
    0.146137021167,0.313523775699,0.5,0.686476224301,0.853862978833,1.),
  .UNSPECIFIED.);
#990 = CARTESIAN_POINT('',(1.72E+03,376.72105064623,312.2265625));
#991 = CARTESIAN_POINT('',(1.715165128706E+03,355.92982731957,
    312.44920365978));
#992 = CARTESIAN_POINT('',(1.705234843013E+03,313.22697650868,
    294.33628212578));
#993 = CARTESIAN_POINT('',(1.695752239054E+03,272.44927537481,
    233.330507857));
#994 = CARTESIAN_POINT('',(1.692488956653E+03,258.41629930243,
    156.11328124999));
#995 = CARTESIAN_POINT('',(1.695752239054E+03,272.44927537481,
    78.896054642994));
#996 = CARTESIAN_POINT('',(1.705234843013E+03,313.22697650868,
    17.890280374219));
#997 = CARTESIAN_POINT('',(1.715165128706E+03,355.92982731957,
    -0.222641159786));
#998 = CARTESIAN_POINT('',(1.72E+03,376.72105064623,0.));
#999 = CARTESIAN_POINT('',(1.545140133587E+03,417.33690471603,
    315.14336201695));
#1000 = CARTESIAN_POINT('',(1.542124819205E+03,395.45484060094,
    315.36808307545));
#1001 = CARTESIAN_POINT('',(1.535931700207E+03,350.51152463249,
    297.08595184847));
#1002 = CARTESIAN_POINT('',(1.530017782265E+03,307.59436402785,
    235.5102657455));
#1003 = CARTESIAN_POINT('',(1.527982604541E+03,292.82512811918,
    157.57168100847));
#1004 = CARTESIAN_POINT('',(1.530017782265E+03,307.59436402785,
    79.63309627145));
#1005 = CARTESIAN_POINT('',(1.535931700207E+03,350.51152463249,
    18.057410168481));
#1006 = CARTESIAN_POINT('',(1.542124819205E+03,395.45484060094,
    -0.224721058504));
#1007 = CARTESIAN_POINT('',(1.545140133587E+03,417.33690471603,0.));
#1008 = CARTESIAN_POINT('',(1.357389605617E+03,434.99775479368,
    322.16032580881));
#1009 = CARTESIAN_POINT('',(1.355901497458E+03,412.64559226018,
    322.39005049335));
#1010 = CARTESIAN_POINT('',(1.352845089487E+03,366.73674663952,
    303.70085039448));
#1011 = CARTESIAN_POINT('',(1.349926471914E+03,322.89758483716,
    240.7541236417));
#1012 = CARTESIAN_POINT('',(1.348922077615E+03,307.81105736015,
    161.0801629044));
#1013 = CARTESIAN_POINT('',(1.349926471914E+03,322.89758483716,
    81.406202167111));
#1014 = CARTESIAN_POINT('',(1.352845089487E+03,366.73674663952,
    18.45947541433));
#1015 = CARTESIAN_POINT('',(1.355901497458E+03,412.64559226018,
    -0.229724684539));
#1016 = CARTESIAN_POINT('',(1.357389605617E+03,434.99775479368,0.));
#1017 = CARTESIAN_POINT('',(1.18E+03,435.,345.625));
#1018 = CARTESIAN_POINT('',(1.18E+03,412.64626776942,345.87145677239));
#1019 = CARTESIAN_POINT('',(1.18E+03,366.73419816625,325.82102142486));
#1020 = CARTESIAN_POINT('',(1.18E+03,322.89195772645,258.28954504176));
#1021 = CARTESIAN_POINT('',(1.18E+03,307.80437078693,172.81249999999));
#1022 = CARTESIAN_POINT('',(1.18E+03,322.89195772645,87.33545495824));
#1023 = CARTESIAN_POINT('',(1.18E+03,366.73419816625,19.803978575139));
#1024 = CARTESIAN_POINT('',(1.18E+03,412.64626776942,-0.246456772399));
#1025 = CARTESIAN_POINT('',(1.18E+03,435.,0.));
#1026 = DEFINITIONAL_REPRESENTATION('',(#1027),#1031);
#1027 = LINE('',#1028,#1029);
#1028 = CARTESIAN_POINT('',(0.,0.));
#1029 = VECTOR('',#1030,1.);
#1030 = DIRECTION('',(0.,1.));
#1031 = ( GEOMETRIC_REPRESENTATION_CONTEXT(2) 
PARAMETRIC_REPRESENTATION_CONTEXT() REPRESENTATION_CONTEXT('2D SPACE',''
  ) );
#1032 = ORIENTED_EDGE('',*,*,#1033,.T.);
#1033 = EDGE_CURVE('',#973,#1034,#1036,.T.);
#1034 = VERTEX_POINT('',#1035);
#1035 = CARTESIAN_POINT('',(1.18E+03,435.,345.625));
#1036 = SURFACE_CURVE('',#1037,(#1042),.PCURVE_S1.);
#1037 = B_SPLINE_CURVE_WITH_KNOTS('',3,(#1038,#1039,#1040,#1041),
  .UNSPECIFIED.,.F.,.F.,(4,4),(0.,1.),.PIECEWISE_BEZIER_KNOTS.);
#1038 = CARTESIAN_POINT('',(1.72E+03,376.72105064623,312.2265625));
#1039 = CARTESIAN_POINT('',(1.545140133587E+03,417.33690471603,
    315.14336201695));
#1040 = CARTESIAN_POINT('',(1.357389605617E+03,434.99775479368,
    322.16032580881));
#1041 = CARTESIAN_POINT('',(1.18E+03,435.,345.625));
#1042 = PCURVE('',#989,#1043);
#1043 = DEFINITIONAL_REPRESENTATION('',(#1044),#1048);
#1044 = LINE('',#1045,#1046);
#1045 = CARTESIAN_POINT('',(0.,0.));
#1046 = VECTOR('',#1047,1.);
#1047 = DIRECTION('',(1.,0.));
#1048 = ( GEOMETRIC_REPRESENTATION_CONTEXT(2) 
PARAMETRIC_REPRESENTATION_CONTEXT() REPRESENTATION_CONTEXT('2D SPACE',''
  ) );
#1049 = ORIENTED_EDGE('',*,*,#1050,.T.);
#1050 = EDGE_CURVE('',#1034,#1051,#1053,.T.);
#1051 = VERTEX_POINT('',#1052);
#1052 = CARTESIAN_POINT('',(1.18E+03,435.,0.));
#1053 = SURFACE_CURVE('',#1054,(#1064),.PCURVE_S1.);
#1054 = B_SPLINE_CURVE_WITH_KNOTS('',3,(#1055,#1056,#1057,#1058,#1059,
    #1060,#1061,#1062,#1063),.UNSPECIFIED.,.F.,.F.,(4,1,1,1,1,1,4),(0.,
    0.146137021167,0.313523775699,0.5,0.686476224301,0.853862978833,1.),
  .UNSPECIFIED.);
#1055 = CARTESIAN_POINT('',(1.18E+03,435.,345.625));
#1056 = CARTESIAN_POINT('',(1.18E+03,412.64626776942,345.87145677239));
#1057 = CARTESIAN_POINT('',(1.18E+03,366.73419816625,325.82102142486));
#1058 = CARTESIAN_POINT('',(1.18E+03,322.89195772645,258.28954504176));
#1059 = CARTESIAN_POINT('',(1.18E+03,307.80437078693,172.81249999999));
#1060 = CARTESIAN_POINT('',(1.18E+03,322.89195772645,87.33545495824));
#1061 = CARTESIAN_POINT('',(1.18E+03,366.73419816625,19.803978575139));
#1062 = CARTESIAN_POINT('',(1.18E+03,412.64626776942,-0.246456772399));
#1063 = CARTESIAN_POINT('',(1.18E+03,435.,0.));
#1064 = PCURVE('',#989,#1065);
#1065 = DEFINITIONAL_REPRESENTATION('',(#1066),#1070);
#1066 = LINE('',#1067,#1068);
#1067 = CARTESIAN_POINT('',(1.,0.));
#1068 = VECTOR('',#1069,1.);
#1069 = DIRECTION('',(0.,1.));
#1070 = ( GEOMETRIC_REPRESENTATION_CONTEXT(2) 
PARAMETRIC_REPRESENTATION_CONTEXT() REPRESENTATION_CONTEXT('2D SPACE',''
  ) );
#1071 = ORIENTED_EDGE('',*,*,#1072,.F.);
#1072 = EDGE_CURVE('',#975,#1051,#1073,.T.);
#1073 = SURFACE_CURVE('',#1074,(#1079),.PCURVE_S1.);
#1074 = B_SPLINE_CURVE_WITH_KNOTS('',3,(#1075,#1076,#1077,#1078),
  .UNSPECIFIED.,.F.,.F.,(4,4),(0.,1.),.PIECEWISE_BEZIER_KNOTS.);
#1075 = CARTESIAN_POINT('',(1.72E+03,376.72105064623,0.));
#1076 = CARTESIAN_POINT('',(1.545140133587E+03,417.33690471603,0.));
#1077 = CARTESIAN_POINT('',(1.357389605617E+03,434.99775479368,0.));
#1078 = CARTESIAN_POINT('',(1.18E+03,435.,0.));
#1079 = PCURVE('',#989,#1080);
#1080 = DEFINITIONAL_REPRESENTATION('',(#1081),#1085);
#1081 = LINE('',#1082,#1083);
#1082 = CARTESIAN_POINT('',(0.,1.));
#1083 = VECTOR('',#1084,1.);
#1084 = DIRECTION('',(1.,0.));
#1085 = ( GEOMETRIC_REPRESENTATION_CONTEXT(2) 
PARAMETRIC_REPRESENTATION_CONTEXT() REPRESENTATION_CONTEXT('2D SPACE',''
  ) );
#1086 = ( GEOMETRIC_REPRESENTATION_CONTEXT(3) 
GLOBAL_UNCERTAINTY_ASSIGNED_CONTEXT((#1090)) 
GLOBAL_UNIT_ASSIGNED_CONTEXT((#1087,#1088,#1089)) REPRESENTATION_CONTEXT
('Context #1','3D Context with UNIT and UNCERTAINTY') );
#1087 = ( LENGTH_UNIT() NAMED_UNIT(*) SI_UNIT(.MILLI.,.METRE.) );
#1088 = ( NAMED_UNIT(*) PLANE_ANGLE_UNIT() SI_UNIT($,.RADIAN.) );
#1089 = ( NAMED_UNIT(*) SI_UNIT($,.STERADIAN.) SOLID_ANGLE_UNIT() );
#1090 = UNCERTAINTY_MEASURE_WITH_UNIT(LENGTH_MEASURE(1.E-07),#1087,
  'distance_accuracy_value','confusion accuracy');
#1091 = CONTEXT_DEPENDENT_SHAPE_REPRESENTATION(#1092,#1094);
#1092 = ( REPRESENTATION_RELATIONSHIP('','',#965,#10) 
REPRESENTATION_RELATIONSHIP_WITH_TRANSFORMATION(#1093) 
SHAPE_REPRESENTATION_RELATIONSHIP() );
#1093 = ITEM_DEFINED_TRANSFORMATION('','',#11,#35);
#1094 = PRODUCT_DEFINITION_SHAPE('Placement','Placement of an item',
  #1095);
#1095 = NEXT_ASSEMBLY_USAGE_OCCURRENCE('48','L03','',#5,#960,$);
#1096 = PRODUCT_RELATED_PRODUCT_CATEGORY('part',$,(#962));
#1097 = SHAPE_DEFINITION_REPRESENTATION(#1098,#1104);
#1098 = PRODUCT_DEFINITION_SHAPE('','',#1099);
#1099 = PRODUCT_DEFINITION('design','',#1100,#1103);
#1100 = PRODUCT_DEFINITION_FORMATION('','',#1101);
#1101 = PRODUCT('O04','O04','',(#1102));
#1102 = PRODUCT_CONTEXT('',#2,'mechanical');
#1103 = PRODUCT_DEFINITION_CONTEXT('part definition',#2,'design');
#1104 = MANIFOLD_SURFACE_SHAPE_REPRESENTATION('',(#11,#1105),#1236);
#1105 = SHELL_BASED_SURFACE_MODEL('',(#1106));
#1106 = OPEN_SHELL('',(#1107));
#1107 = ADVANCED_FACE('',(#1108),#1128,.T.);
#1108 = FACE_BOUND('',#1109,.T.);
#1109 = EDGE_LOOP('',(#1110,#1180,#1198,#1220));
#1110 = ORIENTED_EDGE('',*,*,#1111,.F.);
#1111 = EDGE_CURVE('',#1112,#1114,#1116,.T.);
#1112 = VERTEX_POINT('',#1113);
#1113 = CARTESIAN_POINT('',(1.18E+03,435.,0.));
#1114 = VERTEX_POINT('',#1115);
#1115 = CARTESIAN_POINT('',(1.18E+03,435.,345.625));
#1116 = SURFACE_CURVE('',#1117,(#1127),.PCURVE_S1.);
#1117 = B_SPLINE_CURVE_WITH_KNOTS('',3,(#1118,#1119,#1120,#1121,#1122,
    #1123,#1124,#1125,#1126),.UNSPECIFIED.,.F.,.F.,(4,1,1,1,1,1,4),(0.,
    0.130904604442,0.299712423795,0.5,0.700287576205,0.869095395558,1.),
  .UNSPECIFIED.);
#1118 = CARTESIAN_POINT('',(1.18E+03,435.,0.));
#1119 = CARTESIAN_POINT('',(1.18E+03,459.73916367733,0.17786019005));
#1120 = CARTESIAN_POINT('',(1.18E+03,505.96789395679,22.700382176363));
#1121 = CARTESIAN_POINT('',(1.18E+03,548.03230464929,90.236464700846));
#1122 = CARTESIAN_POINT('',(1.18E+03,561.80692072584,172.8125));
#1123 = CARTESIAN_POINT('',(1.18E+03,548.03230464929,255.38853529914));
#1124 = CARTESIAN_POINT('',(1.18E+03,505.96789395679,322.92461782364));
#1125 = CARTESIAN_POINT('',(1.18E+03,459.73916367734,345.44713980994));
#1126 = CARTESIAN_POINT('',(1.18E+03,435.,345.625));
#1127 = PCURVE('',#1128,#1174);
#1128 = B_SPLINE_SURFACE_WITH_KNOTS('',3,3,(
    (#1129,#1130,#1131,#1132,#1133,#1134,#1135,#1136,#1137)
    ,(#1138,#1139,#1140,#1141,#1142,#1143,#1144,#1145,#1146)
    ,(#1147,#1148,#1149,#1150,#1151,#1152,#1153,#1154,#1155)
    ,(#1156,#1157,#1158,#1159,#1160,#1161,#1162,#1163,#1164)
    ,(#1165,#1166,#1167,#1168,#1169,#1170,#1171,#1172,#1173
  )),.UNSPECIFIED.,.F.,.F.,.F.,(4,1,4),(4,1,1,1,1,1,4),(0.,
    0.509667947803,1.),(0.,0.130904604442,0.299712423795,0.5,
    0.700287576205,0.869095395558,1.),.UNSPECIFIED.);
#1129 = CARTESIAN_POINT('',(1.18E+03,435.,0.));
#1130 = CARTESIAN_POINT('',(1.18E+03,459.73916367733,0.17786019005));
#1131 = CARTESIAN_POINT('',(1.18E+03,505.96789395679,22.700382176363));
#1132 = CARTESIAN_POINT('',(1.18E+03,548.03230464929,90.236464700846));
#1133 = CARTESIAN_POINT('',(1.18E+03,561.80692072584,172.8125));
#1134 = CARTESIAN_POINT('',(1.18E+03,548.03230464929,255.38853529914));
#1135 = CARTESIAN_POINT('',(1.18E+03,505.96789395679,322.92461782364));
#1136 = CARTESIAN_POINT('',(1.18E+03,459.73916367734,345.44713980994));
#1137 = CARTESIAN_POINT('',(1.18E+03,435.,345.625));
#1138 = CARTESIAN_POINT('',(1.086224317809E+03,434.98679499352,0.));
#1139 = CARTESIAN_POINT('',(1.08535909712E+03,459.72583892818,
    0.184229510223));
#1140 = CARTESIAN_POINT('',(1.083742306254E+03,505.95434545099,
    23.513301594078));
#1141 = CARTESIAN_POINT('',(1.082271157153E+03,548.018552543,
    93.467906963417));
#1142 = CARTESIAN_POINT('',(1.081789407528E+03,561.79310194755,
    179.00105822701));
#1143 = CARTESIAN_POINT('',(1.082271157153E+03,548.018552543,
    264.53420949059));
#1144 = CARTESIAN_POINT('',(1.083742306254E+03,505.95434545098,
    334.48881485994));
#1145 = CARTESIAN_POINT('',(1.08535909712E+03,459.72583892818,
    357.81788694379));
#1146 = CARTESIAN_POINT('',(1.086224317809E+03,434.98679499352,
    358.00211645401));
#1147 = CARTESIAN_POINT('',(902.61282969379,425.43984896987,0.));
#1148 = CARTESIAN_POINT('',(900.05486180787,449.89371581669,
    0.201579682222));
#1149 = CARTESIAN_POINT('',(895.27492627713,495.58932741844,
    25.727712447221));
#1150 = CARTESIAN_POINT('',(890.92557101617,537.16864317383,
    102.27042866681));
#1151 = CARTESIAN_POINT('',(889.5013100337,550.78440770796,
    195.85883060219));
#1152 = CARTESIAN_POINT('',(890.92557101617,537.16864317383,
    289.44723253757));
#1153 = CARTESIAN_POINT('',(895.27492627713,495.58932741843,
    365.98994875717));
#1154 = CARTESIAN_POINT('',(900.05486180787,449.89371581669,
    391.51608152216));
#1155 = CARTESIAN_POINT('',(902.61282969379,425.43984896987,
    391.71766120439));
#1156 = CARTESIAN_POINT('',(724.45134590648,396.33612392331,0.));
#1157 = CARTESIAN_POINT('',(720.0777386858,419.93020523301,0.23295894365
    ));
#1158 = CARTESIAN_POINT('',(711.905016633,464.01918234167,
    29.732662777287));
#1159 = CARTESIAN_POINT('',(704.46849966994,504.13659047509,
    118.19053768876));
#1160 = CARTESIAN_POINT('',(702.03330173357,517.27363164426,
    226.34754544133));
#1161 = CARTESIAN_POINT('',(704.46849966993,504.13659047509,
    334.50455319388));
#1162 = CARTESIAN_POINT('',(711.90501663301,464.01918234167,
    422.96242810537));
#1163 = CARTESIAN_POINT('',(720.07773868579,419.93020523301,
    452.462131939));
#1164 = CARTESIAN_POINT('',(724.45134590648,396.33612392331,
    452.69509088265));
#1165 = CARTESIAN_POINT('',(640.,376.72105064623,0.));
#1166 = CARTESIAN_POINT('',(634.64918560083,399.7309655734,0.25233713446
    ));
#1167 = CARTESIAN_POINT('',(624.65040961711,442.72834271982,
    32.205910653242));
#1168 = CARTESIAN_POINT('',(615.55233106598,481.85248305536,
    128.02196444278));
#1169 = CARTESIAN_POINT('',(612.57303010792,494.6642639308,245.17578125)
  );
#1170 = CARTESIAN_POINT('',(615.55233106598,481.85248305536,
    362.32959805721));
#1171 = CARTESIAN_POINT('',(624.65040961711,442.72834271982,
    458.14565184676));
#1172 = CARTESIAN_POINT('',(634.64918560083,399.7309655734,
    490.09922536553));
#1173 = CARTESIAN_POINT('',(640.,376.72105064623,490.3515625));
#1174 = DEFINITIONAL_REPRESENTATION('',(#1175),#1179);
#1175 = LINE('',#1176,#1177);
#1176 = CARTESIAN_POINT('',(0.,0.));
#1177 = VECTOR('',#1178,1.);
#1178 = DIRECTION('',(0.,1.));
#1179 = ( GEOMETRIC_REPRESENTATION_CONTEXT(2) 
PARAMETRIC_REPRESENTATION_CONTEXT() REPRESENTATION_CONTEXT('2D SPACE',''
  ) );
#1180 = ORIENTED_EDGE('',*,*,#1181,.T.);
#1181 = EDGE_CURVE('',#1112,#1182,#1184,.T.);
#1182 = VERTEX_POINT('',#1183);
#1183 = CARTESIAN_POINT('',(640.,376.72105064623,0.));
#1184 = SURFACE_CURVE('',#1185,(#1191),.PCURVE_S1.);
#1185 = B_SPLINE_CURVE_WITH_KNOTS('',3,(#1186,#1187,#1188,#1189,#1190),
  .UNSPECIFIED.,.F.,.F.,(4,1,4),(0.,0.509667947803,1.),.UNSPECIFIED.);
#1186 = CARTESIAN_POINT('',(1.18E+03,435.,0.));
#1187 = CARTESIAN_POINT('',(1.086224317809E+03,434.98679499352,0.));
#1188 = CARTESIAN_POINT('',(902.61282969379,425.43984896987,0.));
#1189 = CARTESIAN_POINT('',(724.45134590648,396.33612392331,0.));
#1190 = CARTESIAN_POINT('',(640.,376.72105064623,0.));
#1191 = PCURVE('',#1128,#1192);
#1192 = DEFINITIONAL_REPRESENTATION('',(#1193),#1197);
#1193 = LINE('',#1194,#1195);
#1194 = CARTESIAN_POINT('',(0.,0.));
#1195 = VECTOR('',#1196,1.);
#1196 = DIRECTION('',(1.,0.));
#1197 = ( GEOMETRIC_REPRESENTATION_CONTEXT(2) 
PARAMETRIC_REPRESENTATION_CONTEXT() REPRESENTATION_CONTEXT('2D SPACE',''
  ) );
#1198 = ORIENTED_EDGE('',*,*,#1199,.T.);
#1199 = EDGE_CURVE('',#1182,#1200,#1202,.T.);
#1200 = VERTEX_POINT('',#1201);
#1201 = CARTESIAN_POINT('',(640.,376.72105064623,490.3515625));
#1202 = SURFACE_CURVE('',#1203,(#1213),.PCURVE_S1.);
#1203 = B_SPLINE_CURVE_WITH_KNOTS('',3,(#1204,#1205,#1206,#1207,#1208,
    #1209,#1210,#1211,#1212),.UNSPECIFIED.,.F.,.F.,(4,1,1,1,1,1,4),(0.,
    0.130904604442,0.299712423795,0.5,0.700287576205,0.869095395558,1.),
  .UNSPECIFIED.);
#1204 = CARTESIAN_POINT('',(640.,376.72105064623,0.));
#1205 = CARTESIAN_POINT('',(634.64918560083,399.7309655734,0.25233713446
    ));
#1206 = CARTESIAN_POINT('',(624.65040961711,442.72834271982,
    32.205910653242));
#1207 = CARTESIAN_POINT('',(615.55233106598,481.85248305536,
    128.02196444278));
#1208 = CARTESIAN_POINT('',(612.57303010792,494.6642639308,245.17578125)
  );
#1209 = CARTESIAN_POINT('',(615.55233106598,481.85248305536,
    362.32959805721));
#1210 = CARTESIAN_POINT('',(624.65040961711,442.72834271982,
    458.14565184676));
#1211 = CARTESIAN_POINT('',(634.64918560083,399.7309655734,
    490.09922536553));
#1212 = CARTESIAN_POINT('',(640.,376.72105064623,490.3515625));
#1213 = PCURVE('',#1128,#1214);
#1214 = DEFINITIONAL_REPRESENTATION('',(#1215),#1219);
#1215 = LINE('',#1216,#1217);
#1216 = CARTESIAN_POINT('',(1.,0.));
#1217 = VECTOR('',#1218,1.);
#1218 = DIRECTION('',(0.,1.));
#1219 = ( GEOMETRIC_REPRESENTATION_CONTEXT(2) 
PARAMETRIC_REPRESENTATION_CONTEXT() REPRESENTATION_CONTEXT('2D SPACE',''
  ) );
#1220 = ORIENTED_EDGE('',*,*,#1221,.F.);
#1221 = EDGE_CURVE('',#1114,#1200,#1222,.T.);
#1222 = SURFACE_CURVE('',#1223,(#1229),.PCURVE_S1.);
#1223 = B_SPLINE_CURVE_WITH_KNOTS('',3,(#1224,#1225,#1226,#1227,#1228),
  .UNSPECIFIED.,.F.,.F.,(4,1,4),(0.,0.509667947803,1.),.UNSPECIFIED.);
#1224 = CARTESIAN_POINT('',(1.18E+03,435.,345.625));
#1225 = CARTESIAN_POINT('',(1.086224317809E+03,434.98679499352,
    358.00211645401));
#1226 = CARTESIAN_POINT('',(902.61282969379,425.43984896987,
    391.71766120439));
#1227 = CARTESIAN_POINT('',(724.45134590648,396.33612392331,
    452.69509088265));
#1228 = CARTESIAN_POINT('',(640.,376.72105064623,490.3515625));
#1229 = PCURVE('',#1128,#1230);
#1230 = DEFINITIONAL_REPRESENTATION('',(#1231),#1235);
#1231 = LINE('',#1232,#1233);
#1232 = CARTESIAN_POINT('',(0.,1.));
#1233 = VECTOR('',#1234,1.);
#1234 = DIRECTION('',(1.,0.));
#1235 = ( GEOMETRIC_REPRESENTATION_CONTEXT(2) 
PARAMETRIC_REPRESENTATION_CONTEXT() REPRESENTATION_CONTEXT('2D SPACE',''
  ) );
#1236 = ( GEOMETRIC_REPRESENTATION_CONTEXT(3) 
GLOBAL_UNCERTAINTY_ASSIGNED_CONTEXT((#1240)) 
GLOBAL_UNIT_ASSIGNED_CONTEXT((#1237,#1238,#1239)) REPRESENTATION_CONTEXT
('Context #1','3D Context with UNIT and UNCERTAINTY') );
#1237 = ( LENGTH_UNIT() NAMED_UNIT(*) SI_UNIT(.MILLI.,.METRE.) );
#1238 = ( NAMED_UNIT(*) PLANE_ANGLE_UNIT() SI_UNIT($,.RADIAN.) );
#1239 = ( NAMED_UNIT(*) SI_UNIT($,.STERADIAN.) SOLID_ANGLE_UNIT() );
#1240 = UNCERTAINTY_MEASURE_WITH_UNIT(LENGTH_MEASURE(1.E-07),#1237,
  'distance_accuracy_value','confusion accuracy');
#1241 = CONTEXT_DEPENDENT_SHAPE_REPRESENTATION(#1242,#1244);
#1242 = ( REPRESENTATION_RELATIONSHIP('','',#1104,#10) 
REPRESENTATION_RELATIONSHIP_WITH_TRANSFORMATION(#1243) 
SHAPE_REPRESENTATION_RELATIONSHIP() );
#1243 = ITEM_DEFINED_TRANSFORMATION('','',#11,#39);
#1244 = PRODUCT_DEFINITION_SHAPE('Placement','Placement of an item',
  #1245);
#1245 = NEXT_ASSEMBLY_USAGE_OCCURRENCE('49','O04','',#5,#1099,$);
#1246 = PRODUCT_RELATED_PRODUCT_CATEGORY('part',$,(#1101));
#1247 = SHAPE_DEFINITION_REPRESENTATION(#1248,#1254);
#1248 = PRODUCT_DEFINITION_SHAPE('','',#1249);
#1249 = PRODUCT_DEFINITION('design','',#1250,#1253);
#1250 = PRODUCT_DEFINITION_FORMATION('','',#1251);
#1251 = PRODUCT('L04','L04','',(#1252));
#1252 = PRODUCT_CONTEXT('',#2,'mechanical');
#1253 = PRODUCT_DEFINITION_CONTEXT('part definition',#2,'design');
#1254 = MANIFOLD_SURFACE_SHAPE_REPRESENTATION('',(#11,#1255),#1375);
#1255 = SHELL_BASED_SURFACE_MODEL('',(#1256));
#1256 = OPEN_SHELL('',(#1257));
#1257 = ADVANCED_FACE('',(#1258),#1278,.T.);
#1258 = FACE_BOUND('',#1259,.T.);
#1259 = EDGE_LOOP('',(#1260,#1321,#1338,#1360));
#1260 = ORIENTED_EDGE('',*,*,#1261,.F.);
#1261 = EDGE_CURVE('',#1262,#1264,#1266,.T.);
#1262 = VERTEX_POINT('',#1263);
#1263 = CARTESIAN_POINT('',(1.18E+03,435.,345.625));
#1264 = VERTEX_POINT('',#1265);
#1265 = CARTESIAN_POINT('',(1.18E+03,435.,0.));
#1266 = SURFACE_CURVE('',#1267,(#1277),.PCURVE_S1.);
#1267 = B_SPLINE_CURVE_WITH_KNOTS('',3,(#1268,#1269,#1270,#1271,#1272,
    #1273,#1274,#1275,#1276),.UNSPECIFIED.,.F.,.F.,(4,1,1,1,1,1,4),(0.,
    0.130904604442,0.299712423795,0.5,0.700287576205,0.869095395558,1.),
  .UNSPECIFIED.);
#1268 = CARTESIAN_POINT('',(1.18E+03,435.,345.625));
#1269 = CARTESIAN_POINT('',(1.18E+03,410.26083632266,345.44713980994));
#1270 = CARTESIAN_POINT('',(1.18E+03,364.0321060432,322.92461782363));
#1271 = CARTESIAN_POINT('',(1.18E+03,321.9676953507,255.38853529914));
#1272 = CARTESIAN_POINT('',(1.18E+03,308.19307927415,172.8125));
#1273 = CARTESIAN_POINT('',(1.18E+03,321.9676953507,90.236464700847));
#1274 = CARTESIAN_POINT('',(1.18E+03,364.0321060432,22.700382176363));
#1275 = CARTESIAN_POINT('',(1.18E+03,410.26083632266,0.17786019005));
#1276 = CARTESIAN_POINT('',(1.18E+03,435.,0.));
#1277 = PCURVE('',#1278,#1315);
#1278 = B_SPLINE_SURFACE_WITH_KNOTS('',3,3,(
    (#1279,#1280,#1281,#1282,#1283,#1284,#1285,#1286,#1287)
    ,(#1288,#1289,#1290,#1291,#1292,#1293,#1294,#1295,#1296)
    ,(#1297,#1298,#1299,#1300,#1301,#1302,#1303,#1304,#1305)
    ,(#1306,#1307,#1308,#1309,#1310,#1311,#1312,#1313,#1314
  )),.UNSPECIFIED.,.F.,.F.,.F.,(4,4),(4,1,1,1,1,1,4),(0.,1.),(0.,
    0.130904604442,0.299712423795,0.5,0.700287576205,0.869095395558,1.),
  .UNSPECIFIED.);
#1279 = CARTESIAN_POINT('',(1.18E+03,435.,345.625));
#1280 = CARTESIAN_POINT('',(1.18E+03,410.26083632266,345.44713980994));
#1281 = CARTESIAN_POINT('',(1.18E+03,364.0321060432,322.92461782363));
#1282 = CARTESIAN_POINT('',(1.18E+03,321.9676953507,255.38853529914));
#1283 = CARTESIAN_POINT('',(1.18E+03,308.19307927415,172.8125));
#1284 = CARTESIAN_POINT('',(1.18E+03,321.9676953507,90.236464700847));
#1285 = CARTESIAN_POINT('',(1.18E+03,364.0321060432,22.700382176363));
#1286 = CARTESIAN_POINT('',(1.18E+03,410.26083632266,0.17786019005));
#1287 = CARTESIAN_POINT('',(1.18E+03,435.,0.));
#1288 = CARTESIAN_POINT('',(996.78336755468,434.80012484462,
    369.67140502223));
#1289 = CARTESIAN_POINT('',(998.4835305531,410.06856396217,
    369.48117044327));
#1290 = CARTESIAN_POINT('',(1.001660532723E+03,363.85404061222,
    345.39167359749));
#1291 = CARTESIAN_POINT('',(1.004551348093E+03,321.80255707809,
    273.15685691314));
#1292 = CARTESIAN_POINT('',(1.005497988525E+03,308.03217419156,
    184.83570251112));
#1293 = CARTESIAN_POINT('',(1.004551348093E+03,321.80255707809,
    96.514548109081));
#1294 = CARTESIAN_POINT('',(1.001660532723E+03,363.85404061221,
    24.279731424747));
#1295 = CARTESIAN_POINT('',(998.4835305531,410.06856396217,0.19023457896
    ));
#1296 = CARTESIAN_POINT('',(996.78336755468,434.80012484462,0.));
#1297 = CARTESIAN_POINT('',(813.81225808896,416.88029188977,
    412.75662895191));
#1298 = CARTESIAN_POINT('',(817.16259464499,392.67665770448,
    412.54422252162));
#1299 = CARTESIAN_POINT('',(823.42318643435,347.44864227404,
    385.64709340606));
#1300 = CARTESIAN_POINT('',(829.11981929909,306.29480126713,
    304.99330460193));
#1301 = CARTESIAN_POINT('',(830.98526634445,292.81836475909,
    206.37831447596));
#1302 = CARTESIAN_POINT('',(829.11981929909,306.29480126713,
    107.76332434997));
#1303 = CARTESIAN_POINT('',(823.42318643435,347.44864227404,
    27.109535545854));
#1304 = CARTESIAN_POINT('',(817.16259464499,392.67665770448,
    0.212406430293));
#1305 = CARTESIAN_POINT('',(813.81225808896,416.88029188977,0.));
#1306 = CARTESIAN_POINT('',(640.,376.72105064623,490.3515625));
#1307 = CARTESIAN_POINT('',(645.35081439916,353.71113571905,
    490.09922536553));
#1308 = CARTESIAN_POINT('',(655.34959038288,310.71375857263,
    458.14565184676));
#1309 = CARTESIAN_POINT('',(664.44766893402,271.58961823709,
    362.32959805721));
#1310 = CARTESIAN_POINT('',(667.42696989207,258.77783736165,245.17578125
    ));
#1311 = CARTESIAN_POINT('',(664.44766893402,271.58961823709,
    128.02196444278));
#1312 = CARTESIAN_POINT('',(655.34959038288,310.71375857263,
    32.205910653243));
#1313 = CARTESIAN_POINT('',(645.35081439916,353.71113571905,
    0.252337134459));
#1314 = CARTESIAN_POINT('',(640.,376.72105064623,0.));
#1315 = DEFINITIONAL_REPRESENTATION('',(#1316),#1320);
#1316 = LINE('',#1317,#1318);
#1317 = CARTESIAN_POINT('',(0.,0.));
#1318 = VECTOR('',#1319,1.);
#1319 = DIRECTION('',(0.,1.));
#1320 = ( GEOMETRIC_REPRESENTATION_CONTEXT(2) 
PARAMETRIC_REPRESENTATION_CONTEXT() REPRESENTATION_CONTEXT('2D SPACE',''
  ) );
#1321 = ORIENTED_EDGE('',*,*,#1322,.T.);
#1322 = EDGE_CURVE('',#1262,#1323,#1325,.T.);
#1323 = VERTEX_POINT('',#1324);
#1324 = CARTESIAN_POINT('',(640.,376.72105064623,490.3515625));
#1325 = SURFACE_CURVE('',#1326,(#1331),.PCURVE_S1.);
#1326 = B_SPLINE_CURVE_WITH_KNOTS('',3,(#1327,#1328,#1329,#1330),
  .UNSPECIFIED.,.F.,.F.,(4,4),(0.,1.),.PIECEWISE_BEZIER_KNOTS.);
#1327 = CARTESIAN_POINT('',(1.18E+03,435.,345.625));
#1328 = CARTESIAN_POINT('',(996.78336755468,434.80012484462,
    369.67140502223));
#1329 = CARTESIAN_POINT('',(813.81225808896,416.88029188977,
    412.75662895191));
#1330 = CARTESIAN_POINT('',(640.,376.72105064623,490.3515625));
#1331 = PCURVE('',#1278,#1332);
#1332 = DEFINITIONAL_REPRESENTATION('',(#1333),#1337);
#1333 = LINE('',#1334,#1335);
#1334 = CARTESIAN_POINT('',(0.,0.));
#1335 = VECTOR('',#1336,1.);
#1336 = DIRECTION('',(1.,0.));
#1337 = ( GEOMETRIC_REPRESENTATION_CONTEXT(2) 
PARAMETRIC_REPRESENTATION_CONTEXT() REPRESENTATION_CONTEXT('2D SPACE',''
  ) );
#1338 = ORIENTED_EDGE('',*,*,#1339,.T.);
#1339 = EDGE_CURVE('',#1323,#1340,#1342,.T.);
#1340 = VERTEX_POINT('',#1341);
#1341 = CARTESIAN_POINT('',(640.,376.72105064623,0.));
#1342 = SURFACE_CURVE('',#1343,(#1353),.PCURVE_S1.);
#1343 = B_SPLINE_CURVE_WITH_KNOTS('',3,(#1344,#1345,#1346,#1347,#1348,
    #1349,#1350,#1351,#1352),.UNSPECIFIED.,.F.,.F.,(4,1,1,1,1,1,4),(0.,
    0.130904604442,0.299712423795,0.5,0.700287576205,0.869095395558,1.),
  .UNSPECIFIED.);
#1344 = CARTESIAN_POINT('',(640.,376.72105064623,490.3515625));
#1345 = CARTESIAN_POINT('',(645.35081439916,353.71113571905,
    490.09922536553));
#1346 = CARTESIAN_POINT('',(655.34959038288,310.71375857263,
    458.14565184676));
#1347 = CARTESIAN_POINT('',(664.44766893402,271.58961823709,
    362.32959805721));
#1348 = CARTESIAN_POINT('',(667.42696989207,258.77783736165,245.17578125
    ));
#1349 = CARTESIAN_POINT('',(664.44766893402,271.58961823709,
    128.02196444278));
#1350 = CARTESIAN_POINT('',(655.34959038288,310.71375857263,
    32.205910653243));
#1351 = CARTESIAN_POINT('',(645.35081439916,353.71113571905,
    0.252337134459));
#1352 = CARTESIAN_POINT('',(640.,376.72105064623,0.));
#1353 = PCURVE('',#1278,#1354);
#1354 = DEFINITIONAL_REPRESENTATION('',(#1355),#1359);
#1355 = LINE('',#1356,#1357);
#1356 = CARTESIAN_POINT('',(1.,0.));
#1357 = VECTOR('',#1358,1.);
#1358 = DIRECTION('',(0.,1.));
#1359 = ( GEOMETRIC_REPRESENTATION_CONTEXT(2) 
PARAMETRIC_REPRESENTATION_CONTEXT() REPRESENTATION_CONTEXT('2D SPACE',''
  ) );
#1360 = ORIENTED_EDGE('',*,*,#1361,.F.);
#1361 = EDGE_CURVE('',#1264,#1340,#1362,.T.);
#1362 = SURFACE_CURVE('',#1363,(#1368),.PCURVE_S1.);
#1363 = B_SPLINE_CURVE_WITH_KNOTS('',3,(#1364,#1365,#1366,#1367),
  .UNSPECIFIED.,.F.,.F.,(4,4),(0.,1.),.PIECEWISE_BEZIER_KNOTS.);
#1364 = CARTESIAN_POINT('',(1.18E+03,435.,0.));
#1365 = CARTESIAN_POINT('',(996.78336755468,434.80012484462,0.));
#1366 = CARTESIAN_POINT('',(813.81225808896,416.88029188977,0.));
#1367 = CARTESIAN_POINT('',(640.,376.72105064623,0.));
#1368 = PCURVE('',#1278,#1369);
#1369 = DEFINITIONAL_REPRESENTATION('',(#1370),#1374);
#1370 = LINE('',#1371,#1372);
#1371 = CARTESIAN_POINT('',(0.,1.));
#1372 = VECTOR('',#1373,1.);
#1373 = DIRECTION('',(1.,0.));
#1374 = ( GEOMETRIC_REPRESENTATION_CONTEXT(2) 
PARAMETRIC_REPRESENTATION_CONTEXT() REPRESENTATION_CONTEXT('2D SPACE',''
  ) );
#1375 = ( GEOMETRIC_REPRESENTATION_CONTEXT(3) 
GLOBAL_UNCERTAINTY_ASSIGNED_CONTEXT((#1379)) 
GLOBAL_UNIT_ASSIGNED_CONTEXT((#1376,#1377,#1378)) REPRESENTATION_CONTEXT
('Context #1','3D Context with UNIT and UNCERTAINTY') );
#1376 = ( LENGTH_UNIT() NAMED_UNIT(*) SI_UNIT(.MILLI.,.METRE.) );
#1377 = ( NAMED_UNIT(*) PLANE_ANGLE_UNIT() SI_UNIT($,.RADIAN.) );
#1378 = ( NAMED_UNIT(*) SI_UNIT($,.STERADIAN.) SOLID_ANGLE_UNIT() );
#1379 = UNCERTAINTY_MEASURE_WITH_UNIT(LENGTH_MEASURE(1.E-07),#1376,
  'distance_accuracy_value','confusion accuracy');
#1380 = CONTEXT_DEPENDENT_SHAPE_REPRESENTATION(#1381,#1383);
#1381 = ( REPRESENTATION_RELATIONSHIP('','',#1254,#10) 
REPRESENTATION_RELATIONSHIP_WITH_TRANSFORMATION(#1382) 
SHAPE_REPRESENTATION_RELATIONSHIP() );
#1382 = ITEM_DEFINED_TRANSFORMATION('','',#11,#43);
#1383 = PRODUCT_DEFINITION_SHAPE('Placement','Placement of an item',
  #1384);
#1384 = NEXT_ASSEMBLY_USAGE_OCCURRENCE('50','L04','',#5,#1249,$);
#1385 = PRODUCT_RELATED_PRODUCT_CATEGORY('part',$,(#1251));
#1386 = SHAPE_DEFINITION_REPRESENTATION(#1387,#1393);
#1387 = PRODUCT_DEFINITION_SHAPE('','',#1388);
#1388 = PRODUCT_DEFINITION('design','',#1389,#1392);
#1389 = PRODUCT_DEFINITION_FORMATION('','',#1390);
#1390 = PRODUCT('O05','O05','',(#1391));
#1391 = PRODUCT_CONTEXT('',#2,'mechanical');
#1392 = PRODUCT_DEFINITION_CONTEXT('part definition',#2,'design');
#1393 = MANIFOLD_SURFACE_SHAPE_REPRESENTATION('',(#11,#1394),#1546);
#1394 = SHELL_BASED_SURFACE_MODEL('',(#1395));
#1395 = OPEN_SHELL('',(#1396));
#1396 = ADVANCED_FACE('',(#1397),#1420,.T.);
#1397 = FACE_BOUND('',#1398,.T.);
#1398 = EDGE_LOOP('',(#1399,#1487,#1505,#1530));
#1399 = ORIENTED_EDGE('',*,*,#1400,.F.);
#1400 = EDGE_CURVE('',#1401,#1403,#1405,.T.);
#1401 = VERTEX_POINT('',#1402);
#1402 = CARTESIAN_POINT('',(640.,376.72105064623,0.));
#1403 = VERTEX_POINT('',#1404);
#1404 = CARTESIAN_POINT('',(640.,376.72105064623,490.3515625));
#1405 = SURFACE_CURVE('',#1406,(#1419),.PCURVE_S1.);
#1406 = B_SPLINE_CURVE_WITH_KNOTS('',3,(#1407,#1408,#1409,#1410,#1411,
    #1412,#1413,#1414,#1415,#1416,#1417,#1418),.UNSPECIFIED.,.F.,.F.,(4,
    1,1,1,1,1,1,1,1,4),(0.,6.267541046158E-02,0.154300854837,
    0.277330620347,0.422919582815,0.577080417185,0.722669379653,
    0.845699145163,0.937324589538,1.),.UNSPECIFIED.);
#1407 = CARTESIAN_POINT('',(640.,376.72105064623,0.));
#1408 = CARTESIAN_POINT('',(636.19534190248,393.08208517668,
    0.309014222024));
#1409 = CARTESIAN_POINT('',(629.09018346561,423.63614274257,
    16.440695369105));
#1410 = CARTESIAN_POINT('',(621.6264004439,455.7323807267,
    63.205742479199));
#1411 = CARTESIAN_POINT('',(616.35821519766,478.38696847612,
    126.29384615331));
#1412 = CARTESIAN_POINT('',(613.47134637313,490.80126676848,
    204.49914462955));
#1413 = CARTESIAN_POINT('',(613.47134637313,490.80126676848,
    285.85241787044));
#1414 = CARTESIAN_POINT('',(616.35821519766,478.38696847611,
    364.05771634669));
#1415 = CARTESIAN_POINT('',(621.6264004439,455.7323807267,427.1458200208
    ));
#1416 = CARTESIAN_POINT('',(629.09018346561,423.63614274257,
    473.91086713089));
#1417 = CARTESIAN_POINT('',(636.19534190248,393.08208517668,
    490.04254827797));
#1418 = CARTESIAN_POINT('',(640.,376.72105064623,490.3515625));
#1419 = PCURVE('',#1420,#1481);
#1420 = B_SPLINE_SURFACE_WITH_KNOTS('',3,3,(
    (#1421,#1422,#1423,#1424,#1425,#1426,#1427,#1428,#1429,#1430,#1431
      ,#1432)
    ,(#1433,#1434,#1435,#1436,#1437,#1438,#1439,#1440,#1441,#1442,#1443
      ,#1444)
    ,(#1445,#1446,#1447,#1448,#1449,#1450,#1451,#1452,#1453,#1454,#1455
      ,#1456)
    ,(#1457,#1458,#1459,#1460,#1461,#1462,#1463,#1464,#1465,#1466,#1467
      ,#1468)
    ,(#1469,#1470,#1471,#1472,#1473,#1474,#1475,#1476,#1477,#1478,#1479
      ,#1480
    )),.UNSPECIFIED.,.F.,.F.,.F.,(4,1,4),(4,1,1,1,1,1,1,1,1,4),(0.,
    0.534260999239,1.),(0.,6.267541046158E-02,0.154300854837,
    0.277330620347,0.422919582815,0.577080417185,0.722669379653,
    0.845699145163,0.937324589538,1.),.UNSPECIFIED.);
#1421 = CARTESIAN_POINT('',(640.,376.72105064623,0.));
#1422 = CARTESIAN_POINT('',(636.19534190248,393.08208517668,
    0.309014222024));
#1423 = CARTESIAN_POINT('',(629.09018346561,423.63614274257,
    16.440695369105));
#1424 = CARTESIAN_POINT('',(621.6264004439,455.7323807267,
    63.205742479199));
#1425 = CARTESIAN_POINT('',(616.35821519766,478.38696847612,
    126.29384615331));
#1426 = CARTESIAN_POINT('',(613.47134637313,490.80126676848,
    204.49914462955));
#1427 = CARTESIAN_POINT('',(613.47134637313,490.80126676848,
    285.85241787044));
#1428 = CARTESIAN_POINT('',(616.35821519766,478.38696847611,
    364.05771634669));
#1429 = CARTESIAN_POINT('',(621.6264004439,455.7323807267,427.1458200208
    ));
#1430 = CARTESIAN_POINT('',(629.09018346561,423.63614274257,
    473.91086713089));
#1431 = CARTESIAN_POINT('',(636.19534190248,393.08208517668,
    490.04254827797));
#1432 = CARTESIAN_POINT('',(640.,376.72105064623,490.3515625));
#1433 = CARTESIAN_POINT('',(562.302431173,358.62365926411,0.));
#1434 = CARTESIAN_POINT('',(557.85449777562,374.60115344335,
    0.330787262622));
#1435 = CARTESIAN_POINT('',(549.54802957399,404.43895349214,
    17.599101365434));
#1436 = CARTESIAN_POINT('',(540.82230207833,435.78278169643,
    67.65919833654));
#1437 = CARTESIAN_POINT('',(534.66339462862,457.90629370452,
    135.19246907642));
#1438 = CARTESIAN_POINT('',(531.28842638459,470.02957223782,
    218.90808719947));
#1439 = CARTESIAN_POINT('',(531.28842638459,470.02957223782,
    305.99348535524));
#1440 = CARTESIAN_POINT('',(534.66339462862,457.90629370452,
    389.70910347829));
#1441 = CARTESIAN_POINT('',(540.82230207833,435.78278169643,
    457.24237421817));
#1442 = CARTESIAN_POINT('',(549.54802957399,404.43895349215,
    507.30247118928));
#1443 = CARTESIAN_POINT('',(557.85449777562,374.60115344335,
    524.57078529209));
#1444 = CARTESIAN_POINT('',(562.302431173,358.62365926411,
    524.90157255471));
#1445 = CARTESIAN_POINT('',(421.46725652706,316.38214050257,0.));
#1446 = CARTESIAN_POINT('',(415.72844685201,331.4613707735,
    0.379377314855));
#1447 = CARTESIAN_POINT('',(405.01128096347,359.62167254964,
    20.184271204834));
#1448 = CARTESIAN_POINT('',(393.7531786269,389.20333271253,
    77.597803454252));
#1449 = CARTESIAN_POINT('',(385.80683714595,410.0830481566,
    155.05118153641));
#1450 = CARTESIAN_POINT('',(381.45238785874,421.52474900101,
    251.06396680253));
#1451 = CARTESIAN_POINT('',(381.45238785875,421.52474900102,
    350.94152633573));
#1452 = CARTESIAN_POINT('',(385.80683714595,410.0830481566,
    446.95431160185));
#1453 = CARTESIAN_POINT('',(393.7531786269,389.20333271253,
    524.40768968401));
#1454 = CARTESIAN_POINT('',(405.01128096347,359.62167254964,
    581.82122193342));
#1455 = CARTESIAN_POINT('',(415.72844685201,331.4613707735,
    601.6261158234));
#1456 = CARTESIAN_POINT('',(421.46725652706,316.38214050257,
    602.00549313826));
#1457 = CARTESIAN_POINT('',(296.46069964157,253.45786288433,0.));
#1458 = CARTESIAN_POINT('',(288.89565209196,267.03134861464,
    0.439541113436));
#1459 = CARTESIAN_POINT('',(274.76800644161,292.37968851341,
    23.385207000756));
#1460 = CARTESIAN_POINT('',(259.92728435515,319.00745630298,
    89.903701657905));
#1461 = CARTESIAN_POINT('',(249.45221120363,337.80221668138,
    179.64007415201));
#1462 = CARTESIAN_POINT('',(243.7120633724,348.10140041634,
    290.8791095069));
#1463 = CARTESIAN_POINT('',(243.71206337239,348.10140041634,
    406.59581687333));
#1464 = CARTESIAN_POINT('',(249.45221120363,337.80221668138,
    517.83485222822));
#1465 = CARTESIAN_POINT('',(259.92728435515,319.00745630298,
    607.57122472234));
#1466 = CARTESIAN_POINT('',(274.76800644161,292.37968851341,
    674.08971937948));
#1467 = CARTESIAN_POINT('',(288.89565209196,267.03134861464,
    697.0353852668));
#1468 = CARTESIAN_POINT('',(296.46069964157,253.45786288433,
    697.47492638024));
#1469 = CARTESIAN_POINT('',(244.6925639128,217.5,0.));
#1470 = CARTESIAN_POINT('',(235.9891560334,229.97565074161,
    0.467563557545));
#1471 = CARTESIAN_POINT('',(219.73563460285,253.27379550268,
    24.876104293702));
#1472 = CARTESIAN_POINT('',(202.66173563575,277.74788694625,
    95.635409973477));
#1473 = CARTESIAN_POINT('',(190.61041228234,295.02251123305,
    191.0928229025));
#1474 = CARTESIAN_POINT('',(184.00650827041,304.48868828986,
    309.4237765233));
#1475 = CARTESIAN_POINT('',(184.00650827041,304.48868828986,
    432.51787104544));
#1476 = CARTESIAN_POINT('',(190.61041228234,295.02251123305,
    550.84882466623));
#1477 = CARTESIAN_POINT('',(202.66173563575,277.74788694625,
    646.30623759527));
#1478 = CARTESIAN_POINT('',(219.73563460285,253.27379550268,
    717.06554327503));
#1479 = CARTESIAN_POINT('',(235.9891560334,229.97565074161,
    741.4740840112));
#1480 = CARTESIAN_POINT('',(244.6925639128,217.5,741.94164756874));
#1481 = DEFINITIONAL_REPRESENTATION('',(#1482),#1486);
#1482 = LINE('',#1483,#1484);
#1483 = CARTESIAN_POINT('',(0.,0.));
#1484 = VECTOR('',#1485,1.);
#1485 = DIRECTION('',(0.,1.));
#1486 = ( GEOMETRIC_REPRESENTATION_CONTEXT(2) 
PARAMETRIC_REPRESENTATION_CONTEXT() REPRESENTATION_CONTEXT('2D SPACE',''
  ) );
#1487 = ORIENTED_EDGE('',*,*,#1488,.T.);
#1488 = EDGE_CURVE('',#1401,#1489,#1491,.T.);
#1489 = VERTEX_POINT('',#1490);
#1490 = CARTESIAN_POINT('',(244.6925639128,217.5,0.));
#1491 = SURFACE_CURVE('',#1492,(#1498),.PCURVE_S1.);
#1492 = B_SPLINE_CURVE_WITH_KNOTS('',3,(#1493,#1494,#1495,#1496,#1497),
  .UNSPECIFIED.,.F.,.F.,(4,1,4),(0.,0.534260999239,1.),.UNSPECIFIED.);
#1493 = CARTESIAN_POINT('',(640.,376.72105064623,0.));
#1494 = CARTESIAN_POINT('',(562.302431173,358.62365926411,0.));
#1495 = CARTESIAN_POINT('',(421.46725652706,316.38214050257,0.));
#1496 = CARTESIAN_POINT('',(296.46069964157,253.45786288433,0.));
#1497 = CARTESIAN_POINT('',(244.6925639128,217.5,0.));
#1498 = PCURVE('',#1420,#1499);
#1499 = DEFINITIONAL_REPRESENTATION('',(#1500),#1504);
#1500 = LINE('',#1501,#1502);
#1501 = CARTESIAN_POINT('',(0.,0.));
#1502 = VECTOR('',#1503,1.);
#1503 = DIRECTION('',(1.,0.));
#1504 = ( GEOMETRIC_REPRESENTATION_CONTEXT(2) 
PARAMETRIC_REPRESENTATION_CONTEXT() REPRESENTATION_CONTEXT('2D SPACE',''
  ) );
#1505 = ORIENTED_EDGE('',*,*,#1506,.T.);
#1506 = EDGE_CURVE('',#1489,#1507,#1509,.T.);
#1507 = VERTEX_POINT('',#1508);
#1508 = CARTESIAN_POINT('',(244.6925639128,217.5,741.94164756874));
#1509 = SURFACE_CURVE('',#1510,(#1523),.PCURVE_S1.);
#1510 = B_SPLINE_CURVE_WITH_KNOTS('',3,(#1511,#1512,#1513,#1514,#1515,
    #1516,#1517,#1518,#1519,#1520,#1521,#1522),.UNSPECIFIED.,.F.,.F.,(4,
    1,1,1,1,1,1,1,1,4),(0.,6.267541046158E-02,0.154300854837,
    0.277330620347,0.422919582815,0.577080417185,0.722669379653,
    0.845699145163,0.937324589538,1.),.UNSPECIFIED.);
#1511 = CARTESIAN_POINT('',(244.6925639128,217.5,0.));
#1512 = CARTESIAN_POINT('',(235.9891560334,229.97565074161,
    0.467563557545));
#1513 = CARTESIAN_POINT('',(219.73563460285,253.27379550268,
    24.876104293702));
#1514 = CARTESIAN_POINT('',(202.66173563575,277.74788694625,
    95.635409973477));
#1515 = CARTESIAN_POINT('',(190.61041228234,295.02251123305,
    191.0928229025));
#1516 = CARTESIAN_POINT('',(184.00650827041,304.48868828986,
    309.4237765233));
#1517 = CARTESIAN_POINT('',(184.00650827041,304.48868828986,
    432.51787104544));
#1518 = CARTESIAN_POINT('',(190.61041228234,295.02251123305,
    550.84882466623));
#1519 = CARTESIAN_POINT('',(202.66173563575,277.74788694625,
    646.30623759527));
#1520 = CARTESIAN_POINT('',(219.73563460285,253.27379550268,
    717.06554327503));
#1521 = CARTESIAN_POINT('',(235.9891560334,229.97565074161,
    741.4740840112));
#1522 = CARTESIAN_POINT('',(244.6925639128,217.5,741.94164756874));
#1523 = PCURVE('',#1420,#1524);
#1524 = DEFINITIONAL_REPRESENTATION('',(#1525),#1529);
#1525 = LINE('',#1526,#1527);
#1526 = CARTESIAN_POINT('',(1.,0.));
#1527 = VECTOR('',#1528,1.);
#1528 = DIRECTION('',(0.,1.));
#1529 = ( GEOMETRIC_REPRESENTATION_CONTEXT(2) 
PARAMETRIC_REPRESENTATION_CONTEXT() REPRESENTATION_CONTEXT('2D SPACE',''
  ) );
#1530 = ORIENTED_EDGE('',*,*,#1531,.F.);
#1531 = EDGE_CURVE('',#1403,#1507,#1532,.T.);
#1532 = SURFACE_CURVE('',#1533,(#1539),.PCURVE_S1.);
#1533 = B_SPLINE_CURVE_WITH_KNOTS('',3,(#1534,#1535,#1536,#1537,#1538),
  .UNSPECIFIED.,.F.,.F.,(4,1,4),(0.,0.534260999239,1.),.UNSPECIFIED.);
#1534 = CARTESIAN_POINT('',(640.,376.72105064623,490.3515625));
#1535 = CARTESIAN_POINT('',(562.302431173,358.62365926411,
    524.90157255471));
#1536 = CARTESIAN_POINT('',(421.46725652706,316.38214050257,
    602.00549313826));
#1537 = CARTESIAN_POINT('',(296.46069964157,253.45786288433,
    697.47492638024));
#1538 = CARTESIAN_POINT('',(244.6925639128,217.5,741.94164756874));
#1539 = PCURVE('',#1420,#1540);
#1540 = DEFINITIONAL_REPRESENTATION('',(#1541),#1545);
#1541 = LINE('',#1542,#1543);
#1542 = CARTESIAN_POINT('',(0.,1.));
#1543 = VECTOR('',#1544,1.);
#1544 = DIRECTION('',(1.,0.));
#1545 = ( GEOMETRIC_REPRESENTATION_CONTEXT(2) 
PARAMETRIC_REPRESENTATION_CONTEXT() REPRESENTATION_CONTEXT('2D SPACE',''
  ) );
#1546 = ( GEOMETRIC_REPRESENTATION_CONTEXT(3) 
GLOBAL_UNCERTAINTY_ASSIGNED_CONTEXT((#1550)) 
GLOBAL_UNIT_ASSIGNED_CONTEXT((#1547,#1548,#1549)) REPRESENTATION_CONTEXT
('Context #1','3D Context with UNIT and UNCERTAINTY') );
#1547 = ( LENGTH_UNIT() NAMED_UNIT(*) SI_UNIT(.MILLI.,.METRE.) );
#1548 = ( NAMED_UNIT(*) PLANE_ANGLE_UNIT() SI_UNIT($,.RADIAN.) );
#1549 = ( NAMED_UNIT(*) SI_UNIT($,.STERADIAN.) SOLID_ANGLE_UNIT() );
#1550 = UNCERTAINTY_MEASURE_WITH_UNIT(LENGTH_MEASURE(1.E-07),#1547,
  'distance_accuracy_value','confusion accuracy');
#1551 = CONTEXT_DEPENDENT_SHAPE_REPRESENTATION(#1552,#1554);
#1552 = ( REPRESENTATION_RELATIONSHIP('','',#1393,#10) 
REPRESENTATION_RELATIONSHIP_WITH_TRANSFORMATION(#1553) 
SHAPE_REPRESENTATION_RELATIONSHIP() );
#1553 = ITEM_DEFINED_TRANSFORMATION('','',#11,#47);
#1554 = PRODUCT_DEFINITION_SHAPE('Placement','Placement of an item',
  #1555);
#1555 = NEXT_ASSEMBLY_USAGE_OCCURRENCE('51','O05','',#5,#1388,$);
#1556 = PRODUCT_RELATED_PRODUCT_CATEGORY('part',$,(#1390));
#1557 = SHAPE_DEFINITION_REPRESENTATION(#1558,#1564);
#1558 = PRODUCT_DEFINITION_SHAPE('','',#1559);
#1559 = PRODUCT_DEFINITION('design','',#1560,#1563);
#1560 = PRODUCT_DEFINITION_FORMATION('','',#1561);
#1561 = PRODUCT('L05','L05','',(#1562));
#1562 = PRODUCT_CONTEXT('',#2,'mechanical');
#1563 = PRODUCT_DEFINITION_CONTEXT('part definition',#2,'design');
#1564 = MANIFOLD_SURFACE_SHAPE_REPRESENTATION('',(#11,#1565),#1717);
#1565 = SHELL_BASED_SURFACE_MODEL('',(#1566));
#1566 = OPEN_SHELL('',(#1567));
#1567 = ADVANCED_FACE('',(#1568),#1591,.T.);
#1568 = FACE_BOUND('',#1569,.T.);
#1569 = EDGE_LOOP('',(#1570,#1658,#1676,#1701));
#1570 = ORIENTED_EDGE('',*,*,#1571,.F.);
#1571 = EDGE_CURVE('',#1572,#1574,#1576,.T.);
#1572 = VERTEX_POINT('',#1573);
#1573 = CARTESIAN_POINT('',(640.,376.72105064623,490.3515625));
#1574 = VERTEX_POINT('',#1575);
#1575 = CARTESIAN_POINT('',(640.,376.72105064623,0.));
#1576 = SURFACE_CURVE('',#1577,(#1590),.PCURVE_S1.);
#1577 = B_SPLINE_CURVE_WITH_KNOTS('',3,(#1578,#1579,#1580,#1581,#1582,
    #1583,#1584,#1585,#1586,#1587,#1588,#1589),.UNSPECIFIED.,.F.,.F.,(4,
    1,1,1,1,1,1,1,1,4),(0.,6.267541046158E-02,0.154300854837,
    0.277330620347,0.422919582815,0.577080417185,0.722669379653,
    0.845699145163,0.937324589538,1.),.UNSPECIFIED.);
#1578 = CARTESIAN_POINT('',(640.,376.72105064623,490.3515625));
#1579 = CARTESIAN_POINT('',(643.80465809751,360.36001611577,
    490.04254827797));
#1580 = CARTESIAN_POINT('',(650.90981653438,329.80595854988,
    473.91086713089));
#1581 = CARTESIAN_POINT('',(658.37359955609,297.70972056575,
    427.14582002079));
#1582 = CARTESIAN_POINT('',(663.64178480234,275.05513281634,
    364.05771634669));
#1583 = CARTESIAN_POINT('',(666.52865362686,262.64083452397,
    285.85241787044));
#1584 = CARTESIAN_POINT('',(666.52865362686,262.64083452397,
    204.49914462955));
#1585 = CARTESIAN_POINT('',(663.64178480233,275.05513281634,
    126.2938461533));
#1586 = CARTESIAN_POINT('',(658.37359955609,297.70972056575,
    63.205742479199));
#1587 = CARTESIAN_POINT('',(650.90981653438,329.80595854988,
    16.440695369107));
#1588 = CARTESIAN_POINT('',(643.80465809751,360.36001611578,
    0.309014222022));
#1589 = CARTESIAN_POINT('',(640.,376.72105064623,0.));
#1590 = PCURVE('',#1591,#1652);
#1591 = B_SPLINE_SURFACE_WITH_KNOTS('',3,3,(
    (#1592,#1593,#1594,#1595,#1596,#1597,#1598,#1599,#1600,#1601,#1602
      ,#1603)
    ,(#1604,#1605,#1606,#1607,#1608,#1609,#1610,#1611,#1612,#1613,#1614
      ,#1615)
    ,(#1616,#1617,#1618,#1619,#1620,#1621,#1622,#1623,#1624,#1625,#1626
      ,#1627)
    ,(#1628,#1629,#1630,#1631,#1632,#1633,#1634,#1635,#1636,#1637,#1638
      ,#1639)
    ,(#1640,#1641,#1642,#1643,#1644,#1645,#1646,#1647,#1648,#1649,#1650
      ,#1651
    )),.UNSPECIFIED.,.F.,.F.,.F.,(4,1,4),(4,1,1,1,1,1,1,1,1,4),(0.,
    0.544453764644,1.),(0.,6.267541046158E-02,0.154300854837,
    0.277330620347,0.422919582815,0.577080417185,0.722669379653,
    0.845699145163,0.937324589538,1.),.UNSPECIFIED.);
#1592 = CARTESIAN_POINT('',(640.,376.72105064623,490.3515625));
#1593 = CARTESIAN_POINT('',(643.80465809751,360.36001611577,
    490.04254827797));
#1594 = CARTESIAN_POINT('',(650.90981653438,329.80595854988,
    473.91086713089));
#1595 = CARTESIAN_POINT('',(658.37359955609,297.70972056575,
    427.14582002079));
#1596 = CARTESIAN_POINT('',(663.64178480234,275.05513281634,
    364.05771634669));
#1597 = CARTESIAN_POINT('',(666.52865362686,262.64083452397,
    285.85241787044));
#1598 = CARTESIAN_POINT('',(666.52865362686,262.64083452397,
    204.49914462955));
#1599 = CARTESIAN_POINT('',(663.64178480233,275.05513281634,
    126.2938461533));
#1600 = CARTESIAN_POINT('',(658.37359955609,297.70972056575,
    63.205742479199));
#1601 = CARTESIAN_POINT('',(650.90981653438,329.80595854988,
    16.440695369107));
#1602 = CARTESIAN_POINT('',(643.80465809751,360.36001611578,
    0.309014222022));
#1603 = CARTESIAN_POINT('',(640.,376.72105064623,0.));
#1604 = CARTESIAN_POINT('',(562.8065324437,358.70835490261,
    524.73637999812));
#1605 = CARTESIAN_POINT('',(567.25066950946,342.72843794216,
    524.40569683805));
#1606 = CARTESIAN_POINT('',(575.55004810225,312.88611337528,
    507.14281727212));
#1607 = CARTESIAN_POINT('',(584.26832814935,281.53753228314,
    457.09847478877));
#1608 = CARTESIAN_POINT('',(590.4219789432,259.41066552939,
    389.58645754524));
#1609 = CARTESIAN_POINT('',(593.79406663631,247.28554865705,
    305.89718568918));
#1610 = CARTESIAN_POINT('',(593.7940666363,247.28554865705,
    218.83919430893));
#1611 = CARTESIAN_POINT('',(590.42197894321,259.41066552939,
    135.14992245288));
#1612 = CARTESIAN_POINT('',(584.26832814934,281.53753228314,
    67.637905209344));
#1613 = CARTESIAN_POINT('',(575.55004810225,312.88611337528,
    17.593562726003));
#1614 = CARTESIAN_POINT('',(567.25066950946,342.72843794216,
    0.330683160068));
#1615 = CARTESIAN_POINT('',(562.8065324437,358.70835490261,0.));
#1616 = CARTESIAN_POINT('',(425.85473362123,317.92780632739,
    599.27976528438));
#1617 = CARTESIAN_POINT('',(431.54893220943,302.81671321992,
    598.90210569358));
#1618 = CARTESIAN_POINT('',(442.18278736889,274.59690793623,
    579.18688332908));
#1619 = CARTESIAN_POINT('',(453.35337396449,244.95274089565,
    522.03330496019));
#1620 = CARTESIAN_POINT('',(461.23794393707,224.02890602717,
    444.93061608673));
#1621 = CARTESIAN_POINT('',(465.55854357142,212.56302854792,
    349.35255230755));
#1622 = CARTESIAN_POINT('',(465.55854357143,212.56302854792,
    249.92721297682));
#1623 = CARTESIAN_POINT('',(461.23794393707,224.02890602717,
    154.34914919765));
#1624 = CARTESIAN_POINT('',(453.35337396449,244.95274089565,
    77.246460324188));
#1625 = CARTESIAN_POINT('',(442.18278736889,274.59690793623,
    20.092881955303));
#1626 = CARTESIAN_POINT('',(431.54893220943,302.81671321992,
    0.377659590802));
#1627 = CARTESIAN_POINT('',(425.85473362123,317.92780632739,0.));
#1628 = CARTESIAN_POINT('',(298.19185627872,254.5802788866,
    695.97805775456));
#1629 = CARTESIAN_POINT('',(305.72293523036,240.97581216112,
    695.53945995145));
#1630 = CARTESIAN_POINT('',(319.78714488612,215.56961558414,
    672.64303833953));
#1631 = CARTESIAN_POINT('',(334.56122912016,188.88107086802,
    606.2673007105));
#1632 = CARTESIAN_POINT('',(344.98926706849,170.04341212202,
    516.7235137209));
#1633 = CARTESIAN_POINT('',(350.70364047165,159.72072086895,
    405.7232112805));
#1634 = CARTESIAN_POINT('',(350.70364047165,159.72072086895,
    290.25484647405));
#1635 = CARTESIAN_POINT('',(344.98926706849,170.04341212202,
    179.25454403366));
#1636 = CARTESIAN_POINT('',(334.56122912016,188.88107086803,
    89.71075704405));
#1637 = CARTESIAN_POINT('',(319.78714488612,215.56961558414,
    23.335019415026));
#1638 = CARTESIAN_POINT('',(305.72293523036,240.97581216113,
    0.438597803104));
#1639 = CARTESIAN_POINT('',(298.19185627872,254.5802788866,0.));
#1640 = CARTESIAN_POINT('',(244.6925639128,217.5,741.94164756874));
#1641 = CARTESIAN_POINT('',(253.3959717922,205.02434925838,
    741.4740840112));
#1642 = CARTESIAN_POINT('',(269.64949322275,181.72620449731,
    717.06554327504));
#1643 = CARTESIAN_POINT('',(286.72339218985,157.25211305374,
    646.30623759526));
#1644 = CARTESIAN_POINT('',(298.77471554327,139.97748876694,
    550.84882466624));
#1645 = CARTESIAN_POINT('',(305.3786195552,130.51131171013,
    432.51787104543));
#1646 = CARTESIAN_POINT('',(305.3786195552,130.51131171013,
    309.4237765233));
#1647 = CARTESIAN_POINT('',(298.77471554327,139.97748876694,
    191.0928229025));
#1648 = CARTESIAN_POINT('',(286.72339218985,157.25211305374,
    95.635409973478));
#1649 = CARTESIAN_POINT('',(269.64949322275,181.72620449731,
    24.876104293705));
#1650 = CARTESIAN_POINT('',(253.3959717922,205.02434925838,
    0.467563557543));
#1651 = CARTESIAN_POINT('',(244.6925639128,217.5,0.));
#1652 = DEFINITIONAL_REPRESENTATION('',(#1653),#1657);
#1653 = LINE('',#1654,#1655);
#1654 = CARTESIAN_POINT('',(0.,0.));
#1655 = VECTOR('',#1656,1.);
#1656 = DIRECTION('',(0.,1.));
#1657 = ( GEOMETRIC_REPRESENTATION_CONTEXT(2) 
PARAMETRIC_REPRESENTATION_CONTEXT() REPRESENTATION_CONTEXT('2D SPACE',''
  ) );
#1658 = ORIENTED_EDGE('',*,*,#1659,.T.);
#1659 = EDGE_CURVE('',#1572,#1660,#1662,.T.);
#1660 = VERTEX_POINT('',#1661);
#1661 = CARTESIAN_POINT('',(244.6925639128,217.5,741.94164756874));
#1662 = SURFACE_CURVE('',#1663,(#1669),.PCURVE_S1.);
#1663 = B_SPLINE_CURVE_WITH_KNOTS('',3,(#1664,#1665,#1666,#1667,#1668),
  .UNSPECIFIED.,.F.,.F.,(4,1,4),(0.,0.544453764644,1.),.UNSPECIFIED.);
#1664 = CARTESIAN_POINT('',(640.,376.72105064623,490.3515625));
#1665 = CARTESIAN_POINT('',(562.8065324437,358.70835490261,
    524.73637999812));
#1666 = CARTESIAN_POINT('',(425.85473362123,317.92780632739,
    599.27976528438));
#1667 = CARTESIAN_POINT('',(298.19185627872,254.5802788866,
    695.97805775456));
#1668 = CARTESIAN_POINT('',(244.6925639128,217.5,741.94164756874));
#1669 = PCURVE('',#1591,#1670);
#1670 = DEFINITIONAL_REPRESENTATION('',(#1671),#1675);
#1671 = LINE('',#1672,#1673);
#1672 = CARTESIAN_POINT('',(0.,0.));
#1673 = VECTOR('',#1674,1.);
#1674 = DIRECTION('',(1.,0.));
#1675 = ( GEOMETRIC_REPRESENTATION_CONTEXT(2) 
PARAMETRIC_REPRESENTATION_CONTEXT() REPRESENTATION_CONTEXT('2D SPACE',''
  ) );
#1676 = ORIENTED_EDGE('',*,*,#1677,.T.);
#1677 = EDGE_CURVE('',#1660,#1678,#1680,.T.);
#1678 = VERTEX_POINT('',#1679);
#1679 = CARTESIAN_POINT('',(244.6925639128,217.5,0.));
#1680 = SURFACE_CURVE('',#1681,(#1694),.PCURVE_S1.);
#1681 = B_SPLINE_CURVE_WITH_KNOTS('',3,(#1682,#1683,#1684,#1685,#1686,
    #1687,#1688,#1689,#1690,#1691,#1692,#1693),.UNSPECIFIED.,.F.,.F.,(4,
    1,1,1,1,1,1,1,1,4),(0.,6.267541046158E-02,0.154300854837,
    0.277330620347,0.422919582815,0.577080417185,0.722669379653,
    0.845699145163,0.937324589538,1.),.UNSPECIFIED.);
#1682 = CARTESIAN_POINT('',(244.6925639128,217.5,741.94164756874));
#1683 = CARTESIAN_POINT('',(253.3959717922,205.02434925838,
    741.4740840112));
#1684 = CARTESIAN_POINT('',(269.64949322275,181.72620449731,
    717.06554327504));
#1685 = CARTESIAN_POINT('',(286.72339218985,157.25211305374,
    646.30623759526));
#1686 = CARTESIAN_POINT('',(298.77471554327,139.97748876694,
    550.84882466624));
#1687 = CARTESIAN_POINT('',(305.3786195552,130.51131171013,
    432.51787104543));
#1688 = CARTESIAN_POINT('',(305.3786195552,130.51131171013,
    309.4237765233));
#1689 = CARTESIAN_POINT('',(298.77471554327,139.97748876694,
    191.0928229025));
#1690 = CARTESIAN_POINT('',(286.72339218985,157.25211305374,
    95.635409973478));
#1691 = CARTESIAN_POINT('',(269.64949322275,181.72620449731,
    24.876104293705));
#1692 = CARTESIAN_POINT('',(253.3959717922,205.02434925838,
    0.467563557543));
#1693 = CARTESIAN_POINT('',(244.6925639128,217.5,0.));
#1694 = PCURVE('',#1591,#1695);
#1695 = DEFINITIONAL_REPRESENTATION('',(#1696),#1700);
#1696 = LINE('',#1697,#1698);
#1697 = CARTESIAN_POINT('',(1.,0.));
#1698 = VECTOR('',#1699,1.);
#1699 = DIRECTION('',(0.,1.));
#1700 = ( GEOMETRIC_REPRESENTATION_CONTEXT(2) 
PARAMETRIC_REPRESENTATION_CONTEXT() REPRESENTATION_CONTEXT('2D SPACE',''
  ) );
#1701 = ORIENTED_EDGE('',*,*,#1702,.F.);
#1702 = EDGE_CURVE('',#1574,#1678,#1703,.T.);
#1703 = SURFACE_CURVE('',#1704,(#1710),.PCURVE_S1.);
#1704 = B_SPLINE_CURVE_WITH_KNOTS('',3,(#1705,#1706,#1707,#1708,#1709),
  .UNSPECIFIED.,.F.,.F.,(4,1,4),(0.,0.544453764644,1.),.UNSPECIFIED.);
#1705 = CARTESIAN_POINT('',(640.,376.72105064623,0.));
#1706 = CARTESIAN_POINT('',(562.8065324437,358.70835490261,0.));
#1707 = CARTESIAN_POINT('',(425.85473362123,317.92780632739,0.));
#1708 = CARTESIAN_POINT('',(298.19185627872,254.5802788866,0.));
#1709 = CARTESIAN_POINT('',(244.6925639128,217.5,0.));
#1710 = PCURVE('',#1591,#1711);
#1711 = DEFINITIONAL_REPRESENTATION('',(#1712),#1716);
#1712 = LINE('',#1713,#1714);
#1713 = CARTESIAN_POINT('',(0.,1.));
#1714 = VECTOR('',#1715,1.);
#1715 = DIRECTION('',(1.,0.));
#1716 = ( GEOMETRIC_REPRESENTATION_CONTEXT(2) 
PARAMETRIC_REPRESENTATION_CONTEXT() REPRESENTATION_CONTEXT('2D SPACE',''
  ) );
#1717 = ( GEOMETRIC_REPRESENTATION_CONTEXT(3) 
GLOBAL_UNCERTAINTY_ASSIGNED_CONTEXT((#1721)) 
GLOBAL_UNIT_ASSIGNED_CONTEXT((#1718,#1719,#1720)) REPRESENTATION_CONTEXT
('Context #1','3D Context with UNIT and UNCERTAINTY') );
#1718 = ( LENGTH_UNIT() NAMED_UNIT(*) SI_UNIT(.MILLI.,.METRE.) );
#1719 = ( NAMED_UNIT(*) PLANE_ANGLE_UNIT() SI_UNIT($,.RADIAN.) );
#1720 = ( NAMED_UNIT(*) SI_UNIT($,.STERADIAN.) SOLID_ANGLE_UNIT() );
#1721 = UNCERTAINTY_MEASURE_WITH_UNIT(LENGTH_MEASURE(1.E-07),#1718,
  'distance_accuracy_value','confusion accuracy');
#1722 = CONTEXT_DEPENDENT_SHAPE_REPRESENTATION(#1723,#1725);
#1723 = ( REPRESENTATION_RELATIONSHIP('','',#1564,#10) 
REPRESENTATION_RELATIONSHIP_WITH_TRANSFORMATION(#1724) 
SHAPE_REPRESENTATION_RELATIONSHIP() );
#1724 = ITEM_DEFINED_TRANSFORMATION('','',#11,#51);
#1725 = PRODUCT_DEFINITION_SHAPE('Placement','Placement of an item',
  #1726);
#1726 = NEXT_ASSEMBLY_USAGE_OCCURRENCE('52','L05','',#5,#1559,$);
#1727 = PRODUCT_RELATED_PRODUCT_CATEGORY('part',$,(#1561));
#1728 = SHAPE_DEFINITION_REPRESENTATION(#1729,#1735);
#1729 = PRODUCT_DEFINITION_SHAPE('','',#1730);
#1730 = PRODUCT_DEFINITION('design','',#1731,#1734);
#1731 = PRODUCT_DEFINITION_FORMATION('','',#1732);
#1732 = PRODUCT('O06','O06','',(#1733));
#1733 = PRODUCT_CONTEXT('',#2,'mechanical');
#1734 = PRODUCT_DEFINITION_CONTEXT('part definition',#2,'design');
#1735 = MANIFOLD_SURFACE_SHAPE_REPRESENTATION('',(#11,#1736),#1894);
#1736 = SHELL_BASED_SURFACE_MODEL('',(#1737));
#1737 = OPEN_SHELL('',(#1738));
#1738 = ADVANCED_FACE('',(#1739),#1761,.T.);
#1739 = FACE_BOUND('',#1740,.T.);
#1740 = EDGE_LOOP('',(#1741,#1834,#1853,#1877));
#1741 = ORIENTED_EDGE('',*,*,#1742,.F.);
#1742 = EDGE_CURVE('',#1743,#1745,#1747,.T.);
#1743 = VERTEX_POINT('',#1744);
#1744 = CARTESIAN_POINT('',(244.6925639128,217.5,0.));
#1745 = VERTEX_POINT('',#1746);
#1746 = CARTESIAN_POINT('',(244.6925639128,217.5,741.94164756874));
#1747 = SURFACE_CURVE('',#1748,(#1760),.PCURVE_S1.);
#1748 = B_SPLINE_CURVE_WITH_KNOTS('',3,(#1749,#1750,#1751,#1752,#1753,
    #1754,#1755,#1756,#1757,#1758,#1759),.UNSPECIFIED.,.F.,.F.,(4,1,1,1,
    1,1,1,1,4),(0.,5.840943650496E-02,0.166736580063,0.32066222043,0.5,
    0.67933777957,0.833263419937,0.941590563495,1.),.UNSPECIFIED.);
#1749 = CARTESIAN_POINT('',(244.6925639128,217.5,0.));
#1750 = CARTESIAN_POINT('',(232.73316665466,234.64285545848,
    2.556213154242));
#1751 = CARTESIAN_POINT('',(215.42968266362,259.44603897885,
    37.660775431555));
#1752 = CARTESIAN_POINT('',(198.34400260535,283.93701769011,
    120.46183696846));
#1753 = CARTESIAN_POINT('',(187.05232497156,300.1227495779,
    235.1940380101));
#1754 = CARTESIAN_POINT('',(182.85804695046,306.13491727469,
    370.97082378436));
#1755 = CARTESIAN_POINT('',(187.05232497156,300.1227495779,
    506.74760955864));
#1756 = CARTESIAN_POINT('',(198.34400260535,283.93701769011,
    621.47981060027));
#1757 = CARTESIAN_POINT('',(215.42968266362,259.44603897884,
    704.28087213719));
#1758 = CARTESIAN_POINT('',(232.73316665466,234.64285545848,
    739.3854344145));
#1759 = CARTESIAN_POINT('',(244.6925639128,217.5,741.94164756874));
#1760 = PCURVE('',#1761,#1828);
#1761 = B_SPLINE_SURFACE_WITH_KNOTS('',3,3,(
    (#1762,#1763,#1764,#1765,#1766,#1767,#1768,#1769,#1770,#1771,#1772)
    ,(#1773,#1774,#1775,#1776,#1777,#1778,#1779,#1780,#1781,#1782,#1783)
    ,(#1784,#1785,#1786,#1787,#1788,#1789,#1790,#1791,#1792,#1793,#1794)
    ,(#1795,#1796,#1797,#1798,#1799,#1800,#1801,#1802,#1803,#1804,#1805)
    ,(#1806,#1807,#1808,#1809,#1810,#1811,#1812,#1813,#1814,#1815,#1816)
    ,(#1817,#1818,#1819,#1820,#1821,#1822,#1823,#1824,#1825,#1826,#1827
    )),.UNSPECIFIED.,.F.,.F.,.F.,(4,1,1,4),(4,1,1,1,1,1,1,1,4),(0.,
    0.373283239798,0.700111449938,1.),(0.,5.840943650496E-02,
    0.166736580063,0.32066222043,0.5,0.67933777957,0.833263419937,
    0.941590563495,1.),.UNSPECIFIED.);
#1762 = CARTESIAN_POINT('',(244.6925639128,217.5,0.));
#1763 = CARTESIAN_POINT('',(232.73316665466,234.64285545848,
    2.556213154242));
#1764 = CARTESIAN_POINT('',(215.42968266362,259.44603897885,
    37.660775431555));
#1765 = CARTESIAN_POINT('',(198.34400260535,283.93701769011,
    120.46183696846));
#1766 = CARTESIAN_POINT('',(187.05232497156,300.1227495779,
    235.1940380101));
#1767 = CARTESIAN_POINT('',(182.85804695046,306.13491727469,
    370.97082378436));
#1768 = CARTESIAN_POINT('',(187.05232497156,300.1227495779,
    506.74760955864));
#1769 = CARTESIAN_POINT('',(198.34400260535,283.93701769011,
    621.47981060027));
#1770 = CARTESIAN_POINT('',(215.42968266362,259.44603897884,
    704.28087213719));
#1771 = CARTESIAN_POINT('',(232.73316665466,234.64285545848,
    739.3854344145));
#1772 = CARTESIAN_POINT('',(244.6925639128,217.5,741.94164756874));
#1773 = CARTESIAN_POINT('',(215.41946864458,197.03019691294,0.));
#1774 = CARTESIAN_POINT('',(202.55715510736,213.2875435693,
    2.642619178794));
#1775 = CARTESIAN_POINT('',(183.94728442782,236.80952645299,
    38.933798333113));
#1776 = CARTESIAN_POINT('',(165.57166154628,260.03543136871,
    124.53373074833));
#1777 = CARTESIAN_POINT('',(153.42747944812,275.38509437112,
    243.14415038208));
#1778 = CARTESIAN_POINT('',(148.91653982422,281.08670543816,
    383.51051127289));
#1779 = CARTESIAN_POINT('',(153.42747944812,275.38509437112,
    523.87687216372));
#1780 = CARTESIAN_POINT('',(165.57166154628,260.03543136871,
    642.48729179747));
#1781 = CARTESIAN_POINT('',(183.94728442782,236.80952645299,
    728.08722421269));
#1782 = CARTESIAN_POINT('',(202.55715510735,213.28754356931,
    764.378403367));
#1783 = CARTESIAN_POINT('',(215.41946864458,197.03019691294,
    767.0210225458));
#1784 = CARTESIAN_POINT('',(164.54560105322,154.59797092614,0.));
#1785 = CARTESIAN_POINT('',(149.78545922877,168.8882282866,
    2.803970762042));
#1786 = CARTESIAN_POINT('',(128.42971092039,189.56412307689,
    41.310996702555));
#1787 = CARTESIAN_POINT('',(107.34277356196,209.97976442913,
    132.13744254502));
#1788 = CARTESIAN_POINT('',(93.406723131232,223.47216508573,
    257.98991171475));
#1789 = CARTESIAN_POINT('',(88.230196496456,228.48389862623,
    406.92668439481));
#1790 = CARTESIAN_POINT('',(93.406723131232,223.47216508573,
    555.86345707488));
#1791 = CARTESIAN_POINT('',(107.34277356196,209.97976442913,
    681.71592624461));
#1792 = CARTESIAN_POINT('',(128.4297109204,189.56412307689,
    772.54237208708));
#1793 = CARTESIAN_POINT('',(149.78545922877,168.88822828661,
    811.04939802758));
#1794 = CARTESIAN_POINT('',(164.54560105322,154.59797092614,
    813.85336878963));
#1795 = CARTESIAN_POINT('',(112.30983369952,79.455688534564,0.));
#1796 = CARTESIAN_POINT('',(93.927870187199,88.283730427035,
    2.98651967585));
#1797 = CARTESIAN_POINT('',(67.331880063801,101.05660503445,
    44.000496064847));
#1798 = CARTESIAN_POINT('',(41.070661322164,113.66870379327,
    140.74008096642));
#1799 = CARTESIAN_POINT('',(23.715003526292,122.00385656358,
    274.78601344114));
#1800 = CARTESIAN_POINT('',(17.268268470982,125.09993751814,
    433.41912334658));
#1801 = CARTESIAN_POINT('',(23.715003526292,122.00385656358,
    592.05223325204));
#1802 = CARTESIAN_POINT('',(41.070661322163,113.66870379327,
    726.09816572675));
#1803 = CARTESIAN_POINT('',(67.331880063802,101.05660503445,
    822.83775062833));
#1804 = CARTESIAN_POINT('',(93.927870187197,88.283730427036,
    863.85172701732));
#1805 = CARTESIAN_POINT('',(112.30983369952,79.455688534564,
    866.83824669317));
#1806 = CARTESIAN_POINT('',(99.922401404684,25.707947519491,0.));
#1807 = CARTESIAN_POINT('',(80.072591156228,28.642500016656,
    3.032255221034));
#1808 = CARTESIAN_POINT('',(51.352843292223,32.888364675177,
    44.67431940918));
#1809 = CARTESIAN_POINT('',(22.994599159856,37.08078541332,142.895373759
    ));
#1810 = CARTESIAN_POINT('',(4.253047760614,39.851495348126,
    278.9940848747));
#1811 = CARTESIAN_POINT('',(-2.708475554575,40.880671716713,
    440.05650131525));
#1812 = CARTESIAN_POINT('',(4.253047760615,39.851495348126,
    601.11891775582));
#1813 = CARTESIAN_POINT('',(22.994599159856,37.08078541332,
    737.21762887151));
#1814 = CARTESIAN_POINT('',(51.352843292224,32.888364675176,
    835.43868322133));
#1815 = CARTESIAN_POINT('',(80.072591156226,28.642500016656,
    877.08074740947));
#1816 = CARTESIAN_POINT('',(99.922401404684,25.707947519491,
    880.11300263051));
#1817 = CARTESIAN_POINT('',(100.,5.327213576291E-14,0.));
#1818 = CARTESIAN_POINT('',(80.187426678176,5.929615343223E-14,
    3.031865892828));
#1819 = CARTESIAN_POINT('',(51.521555155089,6.801201854257E-14,
    44.668583423466));
#1820 = CARTESIAN_POINT('',(23.216509206632,7.661817455042E-14,
    142.8770266228));
#1821 = CARTESIAN_POINT('',(4.510115713974,8.230585797743E-14,
    278.95826326384));
#1822 = CARTESIAN_POINT('',(-2.438348245498,8.441854011047E-14,
    439.99999999999));
#1823 = CARTESIAN_POINT('',(4.510115713974,8.230585797743E-14,
    601.04173673616));
#1824 = CARTESIAN_POINT('',(23.216509206632,7.661817455042E-14,
    737.12297337719));
#1825 = CARTESIAN_POINT('',(51.52155515509,6.801201854257E-14,
    835.33141657653));
#1826 = CARTESIAN_POINT('',(80.187426678174,5.929615343223E-14,
    876.96813410716));
#1827 = CARTESIAN_POINT('',(100.,5.327213576291E-14,880.));
#1828 = DEFINITIONAL_REPRESENTATION('',(#1829),#1833);
#1829 = LINE('',#1830,#1831);
#1830 = CARTESIAN_POINT('',(0.,0.));
#1831 = VECTOR('',#1832,1.);
#1832 = DIRECTION('',(0.,1.));
#1833 = ( GEOMETRIC_REPRESENTATION_CONTEXT(2) 
PARAMETRIC_REPRESENTATION_CONTEXT() REPRESENTATION_CONTEXT('2D SPACE',''
  ) );
#1834 = ORIENTED_EDGE('',*,*,#1835,.T.);
#1835 = EDGE_CURVE('',#1743,#1836,#1838,.T.);
#1836 = VERTEX_POINT('',#1837);
#1837 = CARTESIAN_POINT('',(100.,5.327213576291E-14,0.));
#1838 = SURFACE_CURVE('',#1839,(#1846),.PCURVE_S1.);
#1839 = B_SPLINE_CURVE_WITH_KNOTS('',3,(#1840,#1841,#1842,#1843,#1844,
    #1845),.UNSPECIFIED.,.F.,.F.,(4,1,1,4),(0.,0.373283239798,
    0.700111449938,1.),.UNSPECIFIED.);
#1840 = CARTESIAN_POINT('',(244.6925639128,217.5,0.));
#1841 = CARTESIAN_POINT('',(215.41946864458,197.03019691294,0.));
#1842 = CARTESIAN_POINT('',(164.54560105322,154.59797092614,0.));
#1843 = CARTESIAN_POINT('',(112.30983369952,79.455688534564,0.));
#1844 = CARTESIAN_POINT('',(99.922401404684,25.707947519491,0.));
#1845 = CARTESIAN_POINT('',(100.,5.327213576291E-14,0.));
#1846 = PCURVE('',#1761,#1847);
#1847 = DEFINITIONAL_REPRESENTATION('',(#1848),#1852);
#1848 = LINE('',#1849,#1850);
#1849 = CARTESIAN_POINT('',(0.,0.));
#1850 = VECTOR('',#1851,1.);
#1851 = DIRECTION('',(1.,0.));
#1852 = ( GEOMETRIC_REPRESENTATION_CONTEXT(2) 
PARAMETRIC_REPRESENTATION_CONTEXT() REPRESENTATION_CONTEXT('2D SPACE',''
  ) );
#1853 = ORIENTED_EDGE('',*,*,#1854,.T.);
#1854 = EDGE_CURVE('',#1836,#1855,#1857,.T.);
#1855 = VERTEX_POINT('',#1856);
#1856 = CARTESIAN_POINT('',(100.,5.327213576291E-14,880.));
#1857 = SURFACE_CURVE('',#1858,(#1870),.PCURVE_S1.);
#1858 = B_SPLINE_CURVE_WITH_KNOTS('',3,(#1859,#1860,#1861,#1862,#1863,
    #1864,#1865,#1866,#1867,#1868,#1869),.UNSPECIFIED.,.F.,.F.,(4,1,1,1,
    1,1,1,1,4),(0.,5.840943650496E-02,0.166736580063,0.32066222043,0.5,
    0.67933777957,0.833263419937,0.941590563495,1.),.UNSPECIFIED.);
#1859 = CARTESIAN_POINT('',(100.,5.327213576291E-14,0.));
#1860 = CARTESIAN_POINT('',(80.187426678176,5.929615343223E-14,
    3.031865892828));
#1861 = CARTESIAN_POINT('',(51.521555155089,6.801201854257E-14,
    44.668583423466));
#1862 = CARTESIAN_POINT('',(23.216509206632,7.661817455042E-14,
    142.8770266228));
#1863 = CARTESIAN_POINT('',(4.510115713974,8.230585797743E-14,
    278.95826326384));
#1864 = CARTESIAN_POINT('',(-2.438348245498,8.441854011047E-14,
    439.99999999999));
#1865 = CARTESIAN_POINT('',(4.510115713974,8.230585797743E-14,
    601.04173673616));
#1866 = CARTESIAN_POINT('',(23.216509206632,7.661817455042E-14,
    737.12297337719));
#1867 = CARTESIAN_POINT('',(51.52155515509,6.801201854257E-14,
    835.33141657653));
#1868 = CARTESIAN_POINT('',(80.187426678174,5.929615343223E-14,
    876.96813410716));
#1869 = CARTESIAN_POINT('',(100.,5.327213576291E-14,880.));
#1870 = PCURVE('',#1761,#1871);
#1871 = DEFINITIONAL_REPRESENTATION('',(#1872),#1876);
#1872 = LINE('',#1873,#1874);
#1873 = CARTESIAN_POINT('',(1.,0.));
#1874 = VECTOR('',#1875,1.);
#1875 = DIRECTION('',(0.,1.));
#1876 = ( GEOMETRIC_REPRESENTATION_CONTEXT(2) 
PARAMETRIC_REPRESENTATION_CONTEXT() REPRESENTATION_CONTEXT('2D SPACE',''
  ) );
#1877 = ORIENTED_EDGE('',*,*,#1878,.F.);
#1878 = EDGE_CURVE('',#1745,#1855,#1879,.T.);
#1879 = SURFACE_CURVE('',#1880,(#1887),.PCURVE_S1.);
#1880 = B_SPLINE_CURVE_WITH_KNOTS('',3,(#1881,#1882,#1883,#1884,#1885,
    #1886),.UNSPECIFIED.,.F.,.F.,(4,1,1,4),(0.,0.373283239798,
    0.700111449938,1.),.UNSPECIFIED.);
#1881 = CARTESIAN_POINT('',(244.6925639128,217.5,741.94164756874));
#1882 = CARTESIAN_POINT('',(215.41946864458,197.03019691294,
    767.0210225458));
#1883 = CARTESIAN_POINT('',(164.54560105322,154.59797092614,
    813.85336878963));
#1884 = CARTESIAN_POINT('',(112.30983369952,79.455688534564,
    866.83824669317));
#1885 = CARTESIAN_POINT('',(99.922401404684,25.707947519491,
    880.11300263051));
#1886 = CARTESIAN_POINT('',(100.,5.327213576291E-14,880.));
#1887 = PCURVE('',#1761,#1888);
#1888 = DEFINITIONAL_REPRESENTATION('',(#1889),#1893);
#1889 = LINE('',#1890,#1891);
#1890 = CARTESIAN_POINT('',(0.,1.));
#1891 = VECTOR('',#1892,1.);
#1892 = DIRECTION('',(1.,0.));
#1893 = ( GEOMETRIC_REPRESENTATION_CONTEXT(2) 
PARAMETRIC_REPRESENTATION_CONTEXT() REPRESENTATION_CONTEXT('2D SPACE',''
  ) );
#1894 = ( GEOMETRIC_REPRESENTATION_CONTEXT(3) 
GLOBAL_UNCERTAINTY_ASSIGNED_CONTEXT((#1898)) 
GLOBAL_UNIT_ASSIGNED_CONTEXT((#1895,#1896,#1897)) REPRESENTATION_CONTEXT
('Context #1','3D Context with UNIT and UNCERTAINTY') );
#1895 = ( LENGTH_UNIT() NAMED_UNIT(*) SI_UNIT(.MILLI.,.METRE.) );
#1896 = ( NAMED_UNIT(*) PLANE_ANGLE_UNIT() SI_UNIT($,.RADIAN.) );
#1897 = ( NAMED_UNIT(*) SI_UNIT($,.STERADIAN.) SOLID_ANGLE_UNIT() );
#1898 = UNCERTAINTY_MEASURE_WITH_UNIT(LENGTH_MEASURE(1.E-07),#1895,
  'distance_accuracy_value','confusion accuracy');
#1899 = CONTEXT_DEPENDENT_SHAPE_REPRESENTATION(#1900,#1902);
#1900 = ( REPRESENTATION_RELATIONSHIP('','',#1735,#10) 
REPRESENTATION_RELATIONSHIP_WITH_TRANSFORMATION(#1901) 
SHAPE_REPRESENTATION_RELATIONSHIP() );
#1901 = ITEM_DEFINED_TRANSFORMATION('','',#11,#55);
#1902 = PRODUCT_DEFINITION_SHAPE('Placement','Placement of an item',
  #1903);
#1903 = NEXT_ASSEMBLY_USAGE_OCCURRENCE('53','O06','',#5,#1730,$);
#1904 = PRODUCT_RELATED_PRODUCT_CATEGORY('part',$,(#1732));
#1905 = SHAPE_DEFINITION_REPRESENTATION(#1906,#1912);
#1906 = PRODUCT_DEFINITION_SHAPE('','',#1907);
#1907 = PRODUCT_DEFINITION('design','',#1908,#1911);
#1908 = PRODUCT_DEFINITION_FORMATION('','',#1909);
#1909 = PRODUCT('L06','L06','',(#1910));
#1910 = PRODUCT_CONTEXT('',#2,'mechanical');
#1911 = PRODUCT_DEFINITION_CONTEXT('part definition',#2,'design');
#1912 = MANIFOLD_SURFACE_SHAPE_REPRESENTATION('',(#11,#1913),#2071);
#1913 = SHELL_BASED_SURFACE_MODEL('',(#1914));
#1914 = OPEN_SHELL('',(#1915));
#1915 = ADVANCED_FACE('',(#1916),#1938,.T.);
#1916 = FACE_BOUND('',#1917,.T.);
#1917 = EDGE_LOOP('',(#1918,#2011,#2030,#2054));
#1918 = ORIENTED_EDGE('',*,*,#1919,.F.);
#1919 = EDGE_CURVE('',#1920,#1922,#1924,.T.);
#1920 = VERTEX_POINT('',#1921);
#1921 = CARTESIAN_POINT('',(244.6925639128,217.5,741.94164756874));
#1922 = VERTEX_POINT('',#1923);
#1923 = CARTESIAN_POINT('',(244.6925639128,217.5,0.));
#1924 = SURFACE_CURVE('',#1925,(#1937),.PCURVE_S1.);
#1925 = B_SPLINE_CURVE_WITH_KNOTS('',3,(#1926,#1927,#1928,#1929,#1930,
    #1931,#1932,#1933,#1934,#1935,#1936),.UNSPECIFIED.,.F.,.F.,(4,1,1,1,
    1,1,1,1,4),(0.,5.840943650496E-02,0.166736580063,0.32066222043,0.5,
    0.67933777957,0.833263419937,0.941590563495,1.),.UNSPECIFIED.);
#1926 = CARTESIAN_POINT('',(244.6925639128,217.5,741.94164756874));
#1927 = CARTESIAN_POINT('',(256.65196117095,200.35714454151,
    739.3854344145));
#1928 = CARTESIAN_POINT('',(273.95544516199,175.55396102115,
    704.28087213718));
#1929 = CARTESIAN_POINT('',(291.04112522025,151.06298230988,
    621.47981060027));
#1930 = CARTESIAN_POINT('',(302.33280285404,134.87725042209,
    506.74760955864));
#1931 = CARTESIAN_POINT('',(306.52708087515,128.8650827253,
    370.97082378437));
#1932 = CARTESIAN_POINT('',(302.33280285404,134.87725042209,
    235.1940380101));
#1933 = CARTESIAN_POINT('',(291.04112522025,151.06298230988,
    120.46183696847));
#1934 = CARTESIAN_POINT('',(273.95544516199,175.55396102115,
    37.660775431551));
#1935 = CARTESIAN_POINT('',(256.65196117095,200.35714454151,
    2.556213154244));
#1936 = CARTESIAN_POINT('',(244.6925639128,217.5,0.));
#1937 = PCURVE('',#1938,#2005);
#1938 = B_SPLINE_SURFACE_WITH_KNOTS('',3,3,(
    (#1939,#1940,#1941,#1942,#1943,#1944,#1945,#1946,#1947,#1948,#1949)
    ,(#1950,#1951,#1952,#1953,#1954,#1955,#1956,#1957,#1958,#1959,#1960)
    ,(#1961,#1962,#1963,#1964,#1965,#1966,#1967,#1968,#1969,#1970,#1971)
    ,(#1972,#1973,#1974,#1975,#1976,#1977,#1978,#1979,#1980,#1981,#1982)
    ,(#1983,#1984,#1985,#1986,#1987,#1988,#1989,#1990,#1991,#1992,#1993)
    ,(#1994,#1995,#1996,#1997,#1998,#1999,#2000,#2001,#2002,#2003,#2004
    )),.UNSPECIFIED.,.F.,.F.,.F.,(4,1,1,4),(4,1,1,1,1,1,1,1,4),(0.,
    0.429316817396,0.754072225912,1.),(0.,5.840943650496E-02,
    0.166736580063,0.32066222043,0.5,0.67933777957,0.833263419937,
    0.941590563495,1.),.UNSPECIFIED.);
#1939 = CARTESIAN_POINT('',(244.6925639128,217.5,741.94164756874));
#1940 = CARTESIAN_POINT('',(256.65196117095,200.35714454151,
    739.3854344145));
#1941 = CARTESIAN_POINT('',(273.95544516199,175.55396102115,
    704.28087213718));
#1942 = CARTESIAN_POINT('',(291.04112522025,151.06298230988,
    621.47981060027));
#1943 = CARTESIAN_POINT('',(302.33280285404,134.87725042209,
    506.74760955864));
#1944 = CARTESIAN_POINT('',(306.52708087515,128.8650827253,
    370.97082378437));
#1945 = CARTESIAN_POINT('',(302.33280285404,134.87725042209,
    235.1940380101));
#1946 = CARTESIAN_POINT('',(291.04112522025,151.06298230988,
    120.46183696847));
#1947 = CARTESIAN_POINT('',(273.95544516199,175.55396102115,
    37.660775431551));
#1948 = CARTESIAN_POINT('',(256.65196117095,200.35714454151,
    2.556213154244));
#1949 = CARTESIAN_POINT('',(244.6925639128,217.5,0.));
#1950 = CARTESIAN_POINT('',(216.30246159443,197.50611057198,
    766.32648157814));
#1951 = CARTESIAN_POINT('',(229.15279748708,181.22787696125,
    763.68625530284));
#1952 = CARTESIAN_POINT('',(247.74533828143,157.67567373514,
    727.42793797362));
#1953 = CARTESIAN_POINT('',(266.10384941405,134.41992886913,
    641.90551668018));
#1954 = CARTESIAN_POINT('',(278.23672260604,119.05054507727,
    523.40249931209));
#1955 = CARTESIAN_POINT('',(282.7434615524,113.34160875028,
    383.16324078907));
#1956 = CARTESIAN_POINT('',(278.23672260604,119.05054507727,
    242.92398226605));
#1957 = CARTESIAN_POINT('',(266.10384941405,134.41992886913,
    124.42096489796));
#1958 = CARTESIAN_POINT('',(247.74533828143,157.67567373514,
    38.898543604524));
#1959 = CARTESIAN_POINT('',(229.15279748708,181.22787696125,
    2.640226275307));
#1960 = CARTESIAN_POINT('',(216.30246159443,197.50611057198,0.));
#1961 = CARTESIAN_POINT('',(170.26349760323,160.20539170477,
    808.33640877792));
#1962 = CARTESIAN_POINT('',(184.74605112858,145.62798702531,
    805.55144561008));
#1963 = CARTESIAN_POINT('',(205.70017010851,124.53663241459,
    767.30545160778));
#1964 = CARTESIAN_POINT('',(226.39053356243,103.71076075425,
    677.09470128116));
#1965 = CARTESIAN_POINT('',(240.06449406332,89.94724484916,
    552.09536249881));
#1966 = CARTESIAN_POINT('',(245.14366775659,84.834805925019,
    404.16820438896));
#1967 = CARTESIAN_POINT('',(240.06449406332,89.947244849161,
    256.24104627911));
#1968 = CARTESIAN_POINT('',(226.39053356243,103.71076075425,
    131.24170749676));
#1969 = CARTESIAN_POINT('',(205.7001701085,124.53663241459,
    41.030957170134));
#1970 = CARTESIAN_POINT('',(184.74605112858,145.62798702531,
    2.784963167849));
#1971 = CARTESIAN_POINT('',(170.26349760323,160.20539170477,0.));
#1972 = CARTESIAN_POINT('',(115.7917925972,86.55688910947,
    863.17017486581));
#1973 = CARTESIAN_POINT('',(133.85941394825,77.099877025521,
    860.19629280571));
#1974 = CARTESIAN_POINT('',(160.0005973253,63.416975315215,
    819.35586922417));
#1975 = CARTESIAN_POINT('',(185.812734104,49.906304226547,723.0256429859
    ));
#1976 = CARTESIAN_POINT('',(202.87160015735,40.977298062956,
    589.54693295477));
#1977 = CARTESIAN_POINT('',(209.20809233087,37.660631087787,
    431.5850874329));
#1978 = CARTESIAN_POINT('',(202.87160015735,40.977298062956,
    273.62324191103));
#1979 = CARTESIAN_POINT('',(185.812734104,49.906304226546,
    140.14453187991));
#1980 = CARTESIAN_POINT('',(160.0005973253,63.416975315216,
    43.814305641633));
#1981 = CARTESIAN_POINT('',(133.85941394825,77.09987702552,
    2.973882060096));
#1982 = CARTESIAN_POINT('',(115.7917925972,86.55688910947,0.));
#1983 = CARTESIAN_POINT('',(100.02383903915,28.573521233304,
    880.01051599749));
#1984 = CARTESIAN_POINT('',(119.85113123946,25.291020778604,
    876.97861387387));
#1985 = CARTESIAN_POINT('',(148.5382988089,20.541726742918,
    835.34139878458));
#1986 = CARTESIAN_POINT('',(176.86437274424,15.852213438061,
    737.13178199462));
#1987 = CARTESIAN_POINT('',(195.58466332781,12.752982250469,
    601.0489191832));
#1988 = CARTESIAN_POINT('',(202.53828934247,11.601777117448,
    440.00525799874));
#1989 = CARTESIAN_POINT('',(195.58466332781,12.752982250469,
    278.96159681429));
#1990 = CARTESIAN_POINT('',(176.86437274424,15.852213438061,
    142.87873400287));
#1991 = CARTESIAN_POINT('',(148.5382988089,20.541726742918,
    44.669117212906));
#1992 = CARTESIAN_POINT('',(119.85113123947,25.291020778603,
    3.03190212362));
#1993 = CARTESIAN_POINT('',(100.02383903915,28.573521233304,0.));
#1994 = CARTESIAN_POINT('',(100.,5.327213576291E-14,880.));
#1995 = CARTESIAN_POINT('',(119.81257332182,4.724811809359E-14,
    876.96813410717));
#1996 = CARTESIAN_POINT('',(148.47844484491,3.853225298325E-14,
    835.33141657653));
#1997 = CARTESIAN_POINT('',(176.78349079336,2.99260969754E-14,
    737.12297337718));
#1998 = CARTESIAN_POINT('',(195.48988428602,2.423841354839E-14,
    601.04173673616));
#1999 = CARTESIAN_POINT('',(202.43834824549,2.212573141535E-14,440.));
#2000 = CARTESIAN_POINT('',(195.48988428602,2.423841354839E-14,
    278.95826326383));
#2001 = CARTESIAN_POINT('',(176.78349079337,2.99260969754E-14,
    142.87702662281));
#2002 = CARTESIAN_POINT('',(148.47844484491,3.853225298325E-14,
    44.668583423461));
#2003 = CARTESIAN_POINT('',(119.81257332182,4.724811809359E-14,
    3.031865892831));
#2004 = CARTESIAN_POINT('',(100.,5.327213576291E-14,0.));
#2005 = DEFINITIONAL_REPRESENTATION('',(#2006),#2010);
#2006 = LINE('',#2007,#2008);
#2007 = CARTESIAN_POINT('',(0.,0.));
#2008 = VECTOR('',#2009,1.);
#2009 = DIRECTION('',(0.,1.));
#2010 = ( GEOMETRIC_REPRESENTATION_CONTEXT(2) 
PARAMETRIC_REPRESENTATION_CONTEXT() REPRESENTATION_CONTEXT('2D SPACE',''
  ) );
#2011 = ORIENTED_EDGE('',*,*,#2012,.T.);
#2012 = EDGE_CURVE('',#1920,#2013,#2015,.T.);
#2013 = VERTEX_POINT('',#2014);
#2014 = CARTESIAN_POINT('',(100.,5.327213576291E-14,880.));
#2015 = SURFACE_CURVE('',#2016,(#2023),.PCURVE_S1.);
#2016 = B_SPLINE_CURVE_WITH_KNOTS('',3,(#2017,#2018,#2019,#2020,#2021,
    #2022),.UNSPECIFIED.,.F.,.F.,(4,1,1,4),(0.,0.429316817396,
    0.754072225912,1.),.UNSPECIFIED.);
#2017 = CARTESIAN_POINT('',(244.6925639128,217.5,741.94164756874));
#2018 = CARTESIAN_POINT('',(216.30246159443,197.50611057198,
    766.32648157814));
#2019 = CARTESIAN_POINT('',(170.26349760323,160.20539170477,
    808.33640877792));
#2020 = CARTESIAN_POINT('',(115.7917925972,86.55688910947,
    863.17017486581));
#2021 = CARTESIAN_POINT('',(100.02383903915,28.573521233304,
    880.01051599749));
#2022 = CARTESIAN_POINT('',(100.,5.327213576291E-14,880.));
#2023 = PCURVE('',#1938,#2024);
#2024 = DEFINITIONAL_REPRESENTATION('',(#2025),#2029);
#2025 = LINE('',#2026,#2027);
#2026 = CARTESIAN_POINT('',(0.,0.));
#2027 = VECTOR('',#2028,1.);
#2028 = DIRECTION('',(1.,0.));
#2029 = ( GEOMETRIC_REPRESENTATION_CONTEXT(2) 
PARAMETRIC_REPRESENTATION_CONTEXT() REPRESENTATION_CONTEXT('2D SPACE',''
  ) );
#2030 = ORIENTED_EDGE('',*,*,#2031,.T.);
#2031 = EDGE_CURVE('',#2013,#2032,#2034,.T.);
#2032 = VERTEX_POINT('',#2033);
#2033 = CARTESIAN_POINT('',(100.,5.327213576291E-14,0.));
#2034 = SURFACE_CURVE('',#2035,(#2047),.PCURVE_S1.);
#2035 = B_SPLINE_CURVE_WITH_KNOTS('',3,(#2036,#2037,#2038,#2039,#2040,
    #2041,#2042,#2043,#2044,#2045,#2046),.UNSPECIFIED.,.F.,.F.,(4,1,1,1,
    1,1,1,1,4),(0.,5.840943650496E-02,0.166736580063,0.32066222043,0.5,
    0.67933777957,0.833263419937,0.941590563495,1.),.UNSPECIFIED.);
#2036 = CARTESIAN_POINT('',(100.,5.327213576291E-14,880.));
#2037 = CARTESIAN_POINT('',(119.81257332182,4.724811809359E-14,
    876.96813410717));
#2038 = CARTESIAN_POINT('',(148.47844484491,3.853225298325E-14,
    835.33141657653));
#2039 = CARTESIAN_POINT('',(176.78349079336,2.99260969754E-14,
    737.12297337718));
#2040 = CARTESIAN_POINT('',(195.48988428602,2.423841354839E-14,
    601.04173673616));
#2041 = CARTESIAN_POINT('',(202.43834824549,2.212573141535E-14,440.));
#2042 = CARTESIAN_POINT('',(195.48988428602,2.423841354839E-14,
    278.95826326383));
#2043 = CARTESIAN_POINT('',(176.78349079337,2.99260969754E-14,
    142.87702662281));
#2044 = CARTESIAN_POINT('',(148.47844484491,3.853225298325E-14,
    44.668583423461));
#2045 = CARTESIAN_POINT('',(119.81257332182,4.724811809359E-14,
    3.031865892831));
#2046 = CARTESIAN_POINT('',(100.,5.327213576291E-14,0.));
#2047 = PCURVE('',#1938,#2048);
#2048 = DEFINITIONAL_REPRESENTATION('',(#2049),#2053);
#2049 = LINE('',#2050,#2051);
#2050 = CARTESIAN_POINT('',(1.,0.));
#2051 = VECTOR('',#2052,1.);
#2052 = DIRECTION('',(0.,1.));
#2053 = ( GEOMETRIC_REPRESENTATION_CONTEXT(2) 
PARAMETRIC_REPRESENTATION_CONTEXT() REPRESENTATION_CONTEXT('2D SPACE',''
  ) );
#2054 = ORIENTED_EDGE('',*,*,#2055,.F.);
#2055 = EDGE_CURVE('',#1922,#2032,#2056,.T.);
#2056 = SURFACE_CURVE('',#2057,(#2064),.PCURVE_S1.);
#2057 = B_SPLINE_CURVE_WITH_KNOTS('',3,(#2058,#2059,#2060,#2061,#2062,
    #2063),.UNSPECIFIED.,.F.,.F.,(4,1,1,4),(0.,0.429316817396,
    0.754072225912,1.),.UNSPECIFIED.);
#2058 = CARTESIAN_POINT('',(244.6925639128,217.5,0.));
#2059 = CARTESIAN_POINT('',(216.30246159443,197.50611057198,0.));
#2060 = CARTESIAN_POINT('',(170.26349760323,160.20539170477,0.));
#2061 = CARTESIAN_POINT('',(115.7917925972,86.55688910947,0.));
#2062 = CARTESIAN_POINT('',(100.02383903915,28.573521233304,0.));
#2063 = CARTESIAN_POINT('',(100.,5.327213576291E-14,0.));
#2064 = PCURVE('',#1938,#2065);
#2065 = DEFINITIONAL_REPRESENTATION('',(#2066),#2070);
#2066 = LINE('',#2067,#2068);
#2067 = CARTESIAN_POINT('',(0.,1.));
#2068 = VECTOR('',#2069,1.);
#2069 = DIRECTION('',(1.,0.));
#2070 = ( GEOMETRIC_REPRESENTATION_CONTEXT(2) 
PARAMETRIC_REPRESENTATION_CONTEXT() REPRESENTATION_CONTEXT('2D SPACE',''
  ) );
#2071 = ( GEOMETRIC_REPRESENTATION_CONTEXT(3) 
GLOBAL_UNCERTAINTY_ASSIGNED_CONTEXT((#2075)) 
GLOBAL_UNIT_ASSIGNED_CONTEXT((#2072,#2073,#2074)) REPRESENTATION_CONTEXT
('Context #1','3D Context with UNIT and UNCERTAINTY') );
#2072 = ( LENGTH_UNIT() NAMED_UNIT(*) SI_UNIT(.MILLI.,.METRE.) );
#2073 = ( NAMED_UNIT(*) PLANE_ANGLE_UNIT() SI_UNIT($,.RADIAN.) );
#2074 = ( NAMED_UNIT(*) SI_UNIT($,.STERADIAN.) SOLID_ANGLE_UNIT() );
#2075 = UNCERTAINTY_MEASURE_WITH_UNIT(LENGTH_MEASURE(1.E-07),#2072,
  'distance_accuracy_value','confusion accuracy');
#2076 = CONTEXT_DEPENDENT_SHAPE_REPRESENTATION(#2077,#2079);
#2077 = ( REPRESENTATION_RELATIONSHIP('','',#1912,#10) 
REPRESENTATION_RELATIONSHIP_WITH_TRANSFORMATION(#2078) 
SHAPE_REPRESENTATION_RELATIONSHIP() );
#2078 = ITEM_DEFINED_TRANSFORMATION('','',#11,#59);
#2079 = PRODUCT_DEFINITION_SHAPE('Placement','Placement of an item',
  #2080);
#2080 = NEXT_ASSEMBLY_USAGE_OCCURRENCE('54','L06','',#5,#1907,$);
#2081 = PRODUCT_RELATED_PRODUCT_CATEGORY('part',$,(#1909));
#2082 = SHAPE_DEFINITION_REPRESENTATION(#2083,#2089);
#2083 = PRODUCT_DEFINITION_SHAPE('','',#2084);
#2084 = PRODUCT_DEFINITION('design','',#2085,#2088);
#2085 = PRODUCT_DEFINITION_FORMATION('','',#2086);
#2086 = PRODUCT('O07','O07','',(#2087));
#2087 = PRODUCT_CONTEXT('',#2,'mechanical');
#2088 = PRODUCT_DEFINITION_CONTEXT('part definition',#2,'design');
#2089 = MANIFOLD_SURFACE_SHAPE_REPRESENTATION('',(#11,#2090),#2248);
#2090 = SHELL_BASED_SURFACE_MODEL('',(#2091));
#2091 = OPEN_SHELL('',(#2092));
#2092 = ADVANCED_FACE('',(#2093),#2115,.T.);
#2093 = FACE_BOUND('',#2094,.T.);
#2094 = EDGE_LOOP('',(#2095,#2188,#2207,#2231));
#2095 = ORIENTED_EDGE('',*,*,#2096,.F.);
#2096 = EDGE_CURVE('',#2097,#2099,#2101,.T.);
#2097 = VERTEX_POINT('',#2098);
#2098 = CARTESIAN_POINT('',(100.,5.327213576291E-14,0.));
#2099 = VERTEX_POINT('',#2100);
#2100 = CARTESIAN_POINT('',(100.,5.327213576291E-14,880.));
#2101 = SURFACE_CURVE('',#2102,(#2114),.PCURVE_S1.);
#2102 = B_SPLINE_CURVE_WITH_KNOTS('',3,(#2103,#2104,#2105,#2106,#2107,
    #2108,#2109,#2110,#2111,#2112,#2113),.UNSPECIFIED.,.F.,.F.,(4,1,1,1,
    1,1,1,1,4),(0.,5.840943650496E-02,0.166736580063,0.32066222043,0.5,
    0.67933777957,0.833263419937,0.941590563495,1.),.UNSPECIFIED.);
#2103 = CARTESIAN_POINT('',(100.,5.327213576291E-14,0.));
#2104 = CARTESIAN_POINT('',(80.187426678177,5.929615343223E-14,
    3.031865892828));
#2105 = CARTESIAN_POINT('',(51.521555155088,6.801201854257E-14,
    44.668583423467));
#2106 = CARTESIAN_POINT('',(23.216509206632,7.661817455042E-14,
    142.8770266228));
#2107 = CARTESIAN_POINT('',(4.510115713974,8.230585797743E-14,
    278.95826326384));
#2108 = CARTESIAN_POINT('',(-2.438348245499,8.441854011047E-14,
    439.99999999999));
#2109 = CARTESIAN_POINT('',(4.510115713974,8.230585797743E-14,
    601.04173673616));
#2110 = CARTESIAN_POINT('',(23.216509206631,7.661817455042E-14,
    737.12297337718));
#2111 = CARTESIAN_POINT('',(51.52155515509,6.801201854257E-14,
    835.33141657653));
#2112 = CARTESIAN_POINT('',(80.187426678176,5.929615343223E-14,
    876.96813410717));
#2113 = CARTESIAN_POINT('',(100.,5.327213576291E-14,880.));
#2114 = PCURVE('',#2115,#2182);
#2115 = B_SPLINE_SURFACE_WITH_KNOTS('',3,3,(
    (#2116,#2117,#2118,#2119,#2120,#2121,#2122,#2123,#2124,#2125,#2126)
    ,(#2127,#2128,#2129,#2130,#2131,#2132,#2133,#2134,#2135,#2136,#2137)
    ,(#2138,#2139,#2140,#2141,#2142,#2143,#2144,#2145,#2146,#2147,#2148)
    ,(#2149,#2150,#2151,#2152,#2153,#2154,#2155,#2156,#2157,#2158,#2159)
    ,(#2160,#2161,#2162,#2163,#2164,#2165,#2166,#2167,#2168,#2169,#2170)
    ,(#2171,#2172,#2173,#2174,#2175,#2176,#2177,#2178,#2179,#2180,#2181
    )),.UNSPECIFIED.,.F.,.F.,.F.,(4,1,1,4),(4,1,1,1,1,1,1,1,4),(0.,
    0.299888550062,0.626716760202,1.),(0.,5.840943650496E-02,
    0.166736580063,0.32066222043,0.5,0.67933777957,0.833263419937,
    0.941590563495,1.),.UNSPECIFIED.);
#2116 = CARTESIAN_POINT('',(100.,5.327213576291E-14,0.));
#2117 = CARTESIAN_POINT('',(80.187426678177,5.929615343223E-14,
    3.031865892828));
#2118 = CARTESIAN_POINT('',(51.521555155088,6.801201854257E-14,
    44.668583423467));
#2119 = CARTESIAN_POINT('',(23.216509206632,7.661817455042E-14,
    142.8770266228));
#2120 = CARTESIAN_POINT('',(4.510115713974,8.230585797743E-14,
    278.95826326384));
#2121 = CARTESIAN_POINT('',(-2.438348245499,8.441854011047E-14,
    439.99999999999));
#2122 = CARTESIAN_POINT('',(4.510115713974,8.230585797743E-14,
    601.04173673616));
#2123 = CARTESIAN_POINT('',(23.216509206631,7.661817455042E-14,
    737.12297337718));
#2124 = CARTESIAN_POINT('',(51.52155515509,6.801201854257E-14,
    835.33141657653));
#2125 = CARTESIAN_POINT('',(80.187426678176,5.929615343223E-14,
    876.96813410717));
#2126 = CARTESIAN_POINT('',(100.,5.327213576291E-14,880.));
#2127 = CARTESIAN_POINT('',(99.922401404684,-25.70794751949,0.));
#2128 = CARTESIAN_POINT('',(80.072591156229,-28.64250001665,
    3.032255221034));
#2129 = CARTESIAN_POINT('',(51.352843292222,-32.88836467517,
    44.674319409181));
#2130 = CARTESIAN_POINT('',(22.994599159856,-37.08078541332,
    142.895373759));
#2131 = CARTESIAN_POINT('',(4.253047760614,-39.85149534812,
    278.9940848747));
#2132 = CARTESIAN_POINT('',(-2.708475554575,-40.88067171671,
    440.05650131525));
#2133 = CARTESIAN_POINT('',(4.253047760615,-39.85149534812,
    601.11891775582));
#2134 = CARTESIAN_POINT('',(22.994599159855,-37.08078541332,
    737.2176288715));
#2135 = CARTESIAN_POINT('',(51.352843292223,-32.88836467517,
    835.43868322133));
#2136 = CARTESIAN_POINT('',(80.072591156228,-28.64250001665,
    877.08074740947));
#2137 = CARTESIAN_POINT('',(99.922401404684,-25.70794751949,
    880.11300263051));
#2138 = CARTESIAN_POINT('',(112.30983369952,-79.45568853456,0.));
#2139 = CARTESIAN_POINT('',(93.927870187199,-88.28373042703,
    2.98651967585));
#2140 = CARTESIAN_POINT('',(67.331880063801,-101.0566050344,
    44.000496064847));
#2141 = CARTESIAN_POINT('',(41.070661322163,-113.6687037932,
    140.74008096642));
#2142 = CARTESIAN_POINT('',(23.715003526292,-122.0038565635,
    274.78601344114));
#2143 = CARTESIAN_POINT('',(17.268268470982,-125.0999375181,
    433.41912334658));
#2144 = CARTESIAN_POINT('',(23.715003526293,-122.0038565635,
    592.05223325203));
#2145 = CARTESIAN_POINT('',(41.070661322163,-113.6687037932,
    726.09816572675));
#2146 = CARTESIAN_POINT('',(67.331880063802,-101.0566050344,
    822.83775062833));
#2147 = CARTESIAN_POINT('',(93.927870187198,-88.28373042703,
    863.85172701732));
#2148 = CARTESIAN_POINT('',(112.30983369952,-79.45568853456,
    866.83824669317));
#2149 = CARTESIAN_POINT('',(164.54560105322,-154.5979709261,0.));
#2150 = CARTESIAN_POINT('',(149.78545922877,-168.8882282866,
    2.803970762041));
#2151 = CARTESIAN_POINT('',(128.42971092039,-189.5641230768,
    41.310996702556));
#2152 = CARTESIAN_POINT('',(107.34277356196,-209.9797644291,
    132.13744254502));
#2153 = CARTESIAN_POINT('',(93.406723131231,-223.4721650857,
    257.98991171476));
#2154 = CARTESIAN_POINT('',(88.230196496456,-228.4838986262,
    406.92668439481));
#2155 = CARTESIAN_POINT('',(93.406723131232,-223.4721650857,
    555.86345707488));
#2156 = CARTESIAN_POINT('',(107.34277356196,-209.9797644291,
    681.7159262446));
#2157 = CARTESIAN_POINT('',(128.42971092039,-189.5641230768,
    772.54237208708));
#2158 = CARTESIAN_POINT('',(149.78545922877,-168.8882282866,
    811.04939802758));
#2159 = CARTESIAN_POINT('',(164.54560105322,-154.5979709261,
    813.85336878963));
#2160 = CARTESIAN_POINT('',(215.41946864458,-197.0301969129,0.));
#2161 = CARTESIAN_POINT('',(202.55715510736,-213.2875435693,
    2.642619178794));
#2162 = CARTESIAN_POINT('',(183.94728442782,-236.8095264529,
    38.933798333113));
#2163 = CARTESIAN_POINT('',(165.57166154628,-260.0354313687,
    124.53373074833));
#2164 = CARTESIAN_POINT('',(153.42747944812,-275.3850943711,
    243.14415038208));
#2165 = CARTESIAN_POINT('',(148.91653982422,-281.0867054381,
    383.51051127289));
#2166 = CARTESIAN_POINT('',(153.42747944812,-275.3850943711,
    523.87687216372));
#2167 = CARTESIAN_POINT('',(165.57166154628,-260.0354313687,
    642.48729179746));
#2168 = CARTESIAN_POINT('',(183.94728442782,-236.8095264529,
    728.08722421269));
#2169 = CARTESIAN_POINT('',(202.55715510736,-213.2875435693,
    764.378403367));
#2170 = CARTESIAN_POINT('',(215.41946864458,-197.0301969129,
    767.0210225458));
#2171 = CARTESIAN_POINT('',(244.6925639128,-217.5,0.));
#2172 = CARTESIAN_POINT('',(232.73316665466,-234.6428554584,
    2.556213154241));
#2173 = CARTESIAN_POINT('',(215.42968266362,-259.4460389788,
    37.660775431556));
#2174 = CARTESIAN_POINT('',(198.34400260535,-283.9370176901,
    120.46183696846));
#2175 = CARTESIAN_POINT('',(187.05232497156,-300.1227495779,
    235.1940380101));
#2176 = CARTESIAN_POINT('',(182.85804695046,-306.1349172746,
    370.97082378436));
#2177 = CARTESIAN_POINT('',(187.05232497156,-300.1227495779,
    506.74760955864));
#2178 = CARTESIAN_POINT('',(198.34400260535,-283.9370176901,
    621.47981060027));
#2179 = CARTESIAN_POINT('',(215.42968266362,-259.4460389788,
    704.28087213719));
#2180 = CARTESIAN_POINT('',(232.73316665466,-234.6428554584,
    739.3854344145));
#2181 = CARTESIAN_POINT('',(244.6925639128,-217.5,741.94164756874));
#2182 = DEFINITIONAL_REPRESENTATION('',(#2183),#2187);
#2183 = LINE('',#2184,#2185);
#2184 = CARTESIAN_POINT('',(0.,0.));
#2185 = VECTOR('',#2186,1.);
#2186 = DIRECTION('',(0.,1.));
#2187 = ( GEOMETRIC_REPRESENTATION_CONTEXT(2) 
PARAMETRIC_REPRESENTATION_CONTEXT() REPRESENTATION_CONTEXT('2D SPACE',''
  ) );
#2188 = ORIENTED_EDGE('',*,*,#2189,.T.);
#2189 = EDGE_CURVE('',#2097,#2190,#2192,.T.);
#2190 = VERTEX_POINT('',#2191);
#2191 = CARTESIAN_POINT('',(244.6925639128,-217.5,0.));
#2192 = SURFACE_CURVE('',#2193,(#2200),.PCURVE_S1.);
#2193 = B_SPLINE_CURVE_WITH_KNOTS('',3,(#2194,#2195,#2196,#2197,#2198,
    #2199),.UNSPECIFIED.,.F.,.F.,(4,1,1,4),(0.,0.299888550062,
    0.626716760202,1.),.UNSPECIFIED.);
#2194 = CARTESIAN_POINT('',(100.,5.327213576291E-14,0.));
#2195 = CARTESIAN_POINT('',(99.922401404684,-25.70794751949,0.));
#2196 = CARTESIAN_POINT('',(112.30983369952,-79.45568853456,0.));
#2197 = CARTESIAN_POINT('',(164.54560105322,-154.5979709261,0.));
#2198 = CARTESIAN_POINT('',(215.41946864458,-197.0301969129,0.));
#2199 = CARTESIAN_POINT('',(244.6925639128,-217.5,0.));
#2200 = PCURVE('',#2115,#2201);
#2201 = DEFINITIONAL_REPRESENTATION('',(#2202),#2206);
#2202 = LINE('',#2203,#2204);
#2203 = CARTESIAN_POINT('',(0.,0.));
#2204 = VECTOR('',#2205,1.);
#2205 = DIRECTION('',(1.,0.));
#2206 = ( GEOMETRIC_REPRESENTATION_CONTEXT(2) 
PARAMETRIC_REPRESENTATION_CONTEXT() REPRESENTATION_CONTEXT('2D SPACE',''
  ) );
#2207 = ORIENTED_EDGE('',*,*,#2208,.T.);
#2208 = EDGE_CURVE('',#2190,#2209,#2211,.T.);
#2209 = VERTEX_POINT('',#2210);
#2210 = CARTESIAN_POINT('',(244.6925639128,-217.5,741.94164756874));
#2211 = SURFACE_CURVE('',#2212,(#2224),.PCURVE_S1.);
#2212 = B_SPLINE_CURVE_WITH_KNOTS('',3,(#2213,#2214,#2215,#2216,#2217,
    #2218,#2219,#2220,#2221,#2222,#2223),.UNSPECIFIED.,.F.,.F.,(4,1,1,1,
    1,1,1,1,4),(0.,5.840943650496E-02,0.166736580063,0.32066222043,0.5,
    0.67933777957,0.833263419937,0.941590563495,1.),.UNSPECIFIED.);
#2213 = CARTESIAN_POINT('',(244.6925639128,-217.5,0.));
#2214 = CARTESIAN_POINT('',(232.73316665466,-234.6428554584,
    2.556213154241));
#2215 = CARTESIAN_POINT('',(215.42968266362,-259.4460389788,
    37.660775431556));
#2216 = CARTESIAN_POINT('',(198.34400260535,-283.9370176901,
    120.46183696846));
#2217 = CARTESIAN_POINT('',(187.05232497156,-300.1227495779,
    235.1940380101));
#2218 = CARTESIAN_POINT('',(182.85804695046,-306.1349172746,
    370.97082378436));
#2219 = CARTESIAN_POINT('',(187.05232497156,-300.1227495779,
    506.74760955864));
#2220 = CARTESIAN_POINT('',(198.34400260535,-283.9370176901,
    621.47981060027));
#2221 = CARTESIAN_POINT('',(215.42968266362,-259.4460389788,
    704.28087213719));
#2222 = CARTESIAN_POINT('',(232.73316665466,-234.6428554584,
    739.3854344145));
#2223 = CARTESIAN_POINT('',(244.6925639128,-217.5,741.94164756874));
#2224 = PCURVE('',#2115,#2225);
#2225 = DEFINITIONAL_REPRESENTATION('',(#2226),#2230);
#2226 = LINE('',#2227,#2228);
#2227 = CARTESIAN_POINT('',(1.,0.));
#2228 = VECTOR('',#2229,1.);
#2229 = DIRECTION('',(0.,1.));
#2230 = ( GEOMETRIC_REPRESENTATION_CONTEXT(2) 
PARAMETRIC_REPRESENTATION_CONTEXT() REPRESENTATION_CONTEXT('2D SPACE',''
  ) );
#2231 = ORIENTED_EDGE('',*,*,#2232,.F.);
#2232 = EDGE_CURVE('',#2099,#2209,#2233,.T.);
#2233 = SURFACE_CURVE('',#2234,(#2241),.PCURVE_S1.);
#2234 = B_SPLINE_CURVE_WITH_KNOTS('',3,(#2235,#2236,#2237,#2238,#2239,
    #2240),.UNSPECIFIED.,.F.,.F.,(4,1,1,4),(0.,0.299888550062,
    0.626716760202,1.),.UNSPECIFIED.);
#2235 = CARTESIAN_POINT('',(100.,5.327213576291E-14,880.));
#2236 = CARTESIAN_POINT('',(99.922401404684,-25.70794751949,
    880.11300263051));
#2237 = CARTESIAN_POINT('',(112.30983369952,-79.45568853456,
    866.83824669317));
#2238 = CARTESIAN_POINT('',(164.54560105322,-154.5979709261,
    813.85336878963));
#2239 = CARTESIAN_POINT('',(215.41946864458,-197.0301969129,
    767.0210225458));
#2240 = CARTESIAN_POINT('',(244.6925639128,-217.5,741.94164756874));
#2241 = PCURVE('',#2115,#2242);
#2242 = DEFINITIONAL_REPRESENTATION('',(#2243),#2247);
#2243 = LINE('',#2244,#2245);
#2244 = CARTESIAN_POINT('',(0.,1.));
#2245 = VECTOR('',#2246,1.);
#2246 = DIRECTION('',(1.,0.));
#2247 = ( GEOMETRIC_REPRESENTATION_CONTEXT(2) 
PARAMETRIC_REPRESENTATION_CONTEXT() REPRESENTATION_CONTEXT('2D SPACE',''
  ) );
#2248 = ( GEOMETRIC_REPRESENTATION_CONTEXT(3) 
GLOBAL_UNCERTAINTY_ASSIGNED_CONTEXT((#2252)) 
GLOBAL_UNIT_ASSIGNED_CONTEXT((#2249,#2250,#2251)) REPRESENTATION_CONTEXT
('Context #1','3D Context with UNIT and UNCERTAINTY') );
#2249 = ( LENGTH_UNIT() NAMED_UNIT(*) SI_UNIT(.MILLI.,.METRE.) );
#2250 = ( NAMED_UNIT(*) PLANE_ANGLE_UNIT() SI_UNIT($,.RADIAN.) );
#2251 = ( NAMED_UNIT(*) SI_UNIT($,.STERADIAN.) SOLID_ANGLE_UNIT() );
#2252 = UNCERTAINTY_MEASURE_WITH_UNIT(LENGTH_MEASURE(1.E-07),#2249,
  'distance_accuracy_value','confusion accuracy');
#2253 = CONTEXT_DEPENDENT_SHAPE_REPRESENTATION(#2254,#2256);
#2254 = ( REPRESENTATION_RELATIONSHIP('','',#2089,#10) 
REPRESENTATION_RELATIONSHIP_WITH_TRANSFORMATION(#2255) 
SHAPE_REPRESENTATION_RELATIONSHIP() );
#2255 = ITEM_DEFINED_TRANSFORMATION('','',#11,#63);
#2256 = PRODUCT_DEFINITION_SHAPE('Placement','Placement of an item',
  #2257);
#2257 = NEXT_ASSEMBLY_USAGE_OCCURRENCE('55','O07','',#5,#2084,$);
#2258 = PRODUCT_RELATED_PRODUCT_CATEGORY('part',$,(#2086));
#2259 = SHAPE_DEFINITION_REPRESENTATION(#2260,#2266);
#2260 = PRODUCT_DEFINITION_SHAPE('','',#2261);
#2261 = PRODUCT_DEFINITION('design','',#2262,#2265);
#2262 = PRODUCT_DEFINITION_FORMATION('','',#2263);
#2263 = PRODUCT('L07','L07','',(#2264));
#2264 = PRODUCT_CONTEXT('',#2,'mechanical');
#2265 = PRODUCT_DEFINITION_CONTEXT('part definition',#2,'design');
#2266 = MANIFOLD_SURFACE_SHAPE_REPRESENTATION('',(#11,#2267),#2425);
#2267 = SHELL_BASED_SURFACE_MODEL('',(#2268));
#2268 = OPEN_SHELL('',(#2269));
#2269 = ADVANCED_FACE('',(#2270),#2292,.T.);
#2270 = FACE_BOUND('',#2271,.T.);
#2271 = EDGE_LOOP('',(#2272,#2365,#2384,#2408));
#2272 = ORIENTED_EDGE('',*,*,#2273,.F.);
#2273 = EDGE_CURVE('',#2274,#2276,#2278,.T.);
#2274 = VERTEX_POINT('',#2275);
#2275 = CARTESIAN_POINT('',(100.,5.327213576291E-14,880.));
#2276 = VERTEX_POINT('',#2277);
#2277 = CARTESIAN_POINT('',(100.,5.327213576291E-14,0.));
#2278 = SURFACE_CURVE('',#2279,(#2291),.PCURVE_S1.);
#2279 = B_SPLINE_CURVE_WITH_KNOTS('',3,(#2280,#2281,#2282,#2283,#2284,
    #2285,#2286,#2287,#2288,#2289,#2290),.UNSPECIFIED.,.F.,.F.,(4,1,1,1,
    1,1,1,1,4),(0.,5.840943650496E-02,0.166736580063,0.32066222043,0.5,
    0.67933777957,0.833263419937,0.941590563495,1.),.UNSPECIFIED.);
#2280 = CARTESIAN_POINT('',(100.,5.327213576291E-14,880.));
#2281 = CARTESIAN_POINT('',(119.81257332182,4.724811809359E-14,
    876.96813410717));
#2282 = CARTESIAN_POINT('',(148.47844484491,3.853225298325E-14,
    835.33141657653));
#2283 = CARTESIAN_POINT('',(176.78349079336,2.99260969754E-14,
    737.12297337718));
#2284 = CARTESIAN_POINT('',(195.48988428602,2.423841354839E-14,
    601.04173673615));
#2285 = CARTESIAN_POINT('',(202.43834824549,2.212573141535E-14,440.));
#2286 = CARTESIAN_POINT('',(195.48988428602,2.423841354839E-14,
    278.95826326384));
#2287 = CARTESIAN_POINT('',(176.78349079336,2.99260969754E-14,
    142.87702662281));
#2288 = CARTESIAN_POINT('',(148.47844484491,3.853225298325E-14,
    44.668583423464));
#2289 = CARTESIAN_POINT('',(119.81257332182,4.724811809359E-14,
    3.03186589283));
#2290 = CARTESIAN_POINT('',(100.,5.327213576291E-14,0.));
#2291 = PCURVE('',#2292,#2359);
#2292 = B_SPLINE_SURFACE_WITH_KNOTS('',3,3,(
    (#2293,#2294,#2295,#2296,#2297,#2298,#2299,#2300,#2301,#2302,#2303)
    ,(#2304,#2305,#2306,#2307,#2308,#2309,#2310,#2311,#2312,#2313,#2314)
    ,(#2315,#2316,#2317,#2318,#2319,#2320,#2321,#2322,#2323,#2324,#2325)
    ,(#2326,#2327,#2328,#2329,#2330,#2331,#2332,#2333,#2334,#2335,#2336)
    ,(#2337,#2338,#2339,#2340,#2341,#2342,#2343,#2344,#2345,#2346,#2347)
    ,(#2348,#2349,#2350,#2351,#2352,#2353,#2354,#2355,#2356,#2357,#2358
    )),.UNSPECIFIED.,.F.,.F.,.F.,(4,1,1,4),(4,1,1,1,1,1,1,1,4),(0.,
    0.245927774088,0.570683182604,1.),(0.,5.840943650496E-02,
    0.166736580063,0.32066222043,0.5,0.67933777957,0.833263419937,
    0.941590563495,1.),.UNSPECIFIED.);
#2293 = CARTESIAN_POINT('',(100.,5.327213576291E-14,880.));
#2294 = CARTESIAN_POINT('',(119.81257332182,4.724811809359E-14,
    876.96813410717));
#2295 = CARTESIAN_POINT('',(148.47844484491,3.853225298325E-14,
    835.33141657653));
#2296 = CARTESIAN_POINT('',(176.78349079336,2.99260969754E-14,
    737.12297337718));
#2297 = CARTESIAN_POINT('',(195.48988428602,2.423841354839E-14,
    601.04173673615));
#2298 = CARTESIAN_POINT('',(202.43834824549,2.212573141535E-14,440.));
#2299 = CARTESIAN_POINT('',(195.48988428602,2.423841354839E-14,
    278.95826326384));
#2300 = CARTESIAN_POINT('',(176.78349079336,2.99260969754E-14,
    142.87702662281));
#2301 = CARTESIAN_POINT('',(148.47844484491,3.853225298325E-14,
    44.668583423464));
#2302 = CARTESIAN_POINT('',(119.81257332182,4.724811809359E-14,
    3.03186589283));
#2303 = CARTESIAN_POINT('',(100.,5.327213576291E-14,0.));
#2304 = CARTESIAN_POINT('',(100.02383903915,-28.5735212333,
    880.01051599749));
#2305 = CARTESIAN_POINT('',(119.85113123946,-25.2910207786,
    876.97861387387));
#2306 = CARTESIAN_POINT('',(148.5382988089,-20.54172674291,
    835.34139878458));
#2307 = CARTESIAN_POINT('',(176.86437274424,-15.85221343806,
    737.13178199461));
#2308 = CARTESIAN_POINT('',(195.58466332782,-12.75298225046,
    601.04891918319));
#2309 = CARTESIAN_POINT('',(202.53828934247,-11.60177711744,
    440.00525799875));
#2310 = CARTESIAN_POINT('',(195.58466332782,-12.75298225046,
    278.96159681429));
#2311 = CARTESIAN_POINT('',(176.86437274424,-15.85221343806,
    142.87873400287));
#2312 = CARTESIAN_POINT('',(148.5382988089,-20.54172674291,
    44.669117212908));
#2313 = CARTESIAN_POINT('',(119.85113123946,-25.2910207786,
    3.031902123618));
#2314 = CARTESIAN_POINT('',(100.02383903915,-28.5735212333,0.));
#2315 = CARTESIAN_POINT('',(115.7917925972,-86.55688910946,
    863.17017486581));
#2316 = CARTESIAN_POINT('',(133.85941394825,-77.09987702552,
    860.19629280571));
#2317 = CARTESIAN_POINT('',(160.0005973253,-63.41697531521,
    819.35586922417));
#2318 = CARTESIAN_POINT('',(185.812734104,-49.90630422654,723.0256429859
    ));
#2319 = CARTESIAN_POINT('',(202.87160015735,-40.97729806295,
    589.54693295477));
#2320 = CARTESIAN_POINT('',(209.20809233087,-37.66063108778,
    431.5850874329));
#2321 = CARTESIAN_POINT('',(202.87160015735,-40.97729806295,
    273.62324191103));
#2322 = CARTESIAN_POINT('',(185.812734104,-49.90630422654,
    140.14453187991));
#2323 = CARTESIAN_POINT('',(160.0005973253,-63.41697531521,
    43.814305641636));
#2324 = CARTESIAN_POINT('',(133.85941394825,-77.09987702552,
    2.973882060095));
#2325 = CARTESIAN_POINT('',(115.7917925972,-86.55688910946,0.));
#2326 = CARTESIAN_POINT('',(170.26349760323,-160.2053917047,
    808.33640877792));
#2327 = CARTESIAN_POINT('',(184.74605112858,-145.6279870253,
    805.55144561007));
#2328 = CARTESIAN_POINT('',(205.7001701085,-124.5366324145,
    767.30545160779));
#2329 = CARTESIAN_POINT('',(226.39053356243,-103.7107607542,
    677.09470128116));
#2330 = CARTESIAN_POINT('',(240.06449406332,-89.94724484916,
    552.0953624988));
#2331 = CARTESIAN_POINT('',(245.14366775659,-84.83480592502,
    404.16820438896));
#2332 = CARTESIAN_POINT('',(240.06449406332,-89.94724484916,
    256.24104627911));
#2333 = CARTESIAN_POINT('',(226.39053356243,-103.7107607542,
    131.24170749676));
#2334 = CARTESIAN_POINT('',(205.70017010851,-124.5366324145,
    41.030957170136));
#2335 = CARTESIAN_POINT('',(184.74605112858,-145.6279870253,
    2.784963167848));
#2336 = CARTESIAN_POINT('',(170.26349760323,-160.2053917047,0.));
#2337 = CARTESIAN_POINT('',(216.30246159444,-197.5061105719,
    766.32648157814));
#2338 = CARTESIAN_POINT('',(229.15279748708,-181.2278769612,
    763.68625530284));
#2339 = CARTESIAN_POINT('',(247.74533828143,-157.6756737351,
    727.42793797362));
#2340 = CARTESIAN_POINT('',(266.10384941405,-134.4199288691,
    641.90551668018));
#2341 = CARTESIAN_POINT('',(278.23672260604,-119.0505450772,
    523.40249931208));
#2342 = CARTESIAN_POINT('',(282.7434615524,-113.3416087502,
    383.16324078907));
#2343 = CARTESIAN_POINT('',(278.23672260604,-119.0505450772,
    242.92398226605));
#2344 = CARTESIAN_POINT('',(266.10384941405,-134.4199288691,
    124.42096489796));
#2345 = CARTESIAN_POINT('',(247.74533828143,-157.6756737351,
    38.898543604526));
#2346 = CARTESIAN_POINT('',(229.15279748708,-181.2278769612,
    2.640226275306));
#2347 = CARTESIAN_POINT('',(216.30246159444,-197.5061105719,0.));
#2348 = CARTESIAN_POINT('',(244.6925639128,-217.5,741.94164756874));
#2349 = CARTESIAN_POINT('',(256.65196117094,-200.3571445415,
    739.3854344145));
#2350 = CARTESIAN_POINT('',(273.95544516199,-175.5539610211,
    704.28087213719));
#2351 = CARTESIAN_POINT('',(291.04112522025,-151.0629823098,
    621.47981060027));
#2352 = CARTESIAN_POINT('',(302.33280285404,-134.877250422,
    506.74760955864));
#2353 = CARTESIAN_POINT('',(306.52708087515,-128.8650827253,
    370.97082378437));
#2354 = CARTESIAN_POINT('',(302.33280285404,-134.877250422,
    235.1940380101));
#2355 = CARTESIAN_POINT('',(291.04112522025,-151.0629823098,
    120.46183696846));
#2356 = CARTESIAN_POINT('',(273.95544516199,-175.5539610211,
    37.660775431553));
#2357 = CARTESIAN_POINT('',(256.65196117095,-200.3571445415,
    2.556213154243));
#2358 = CARTESIAN_POINT('',(244.6925639128,-217.5,0.));
#2359 = DEFINITIONAL_REPRESENTATION('',(#2360),#2364);
#2360 = LINE('',#2361,#2362);
#2361 = CARTESIAN_POINT('',(0.,0.));
#2362 = VECTOR('',#2363,1.);
#2363 = DIRECTION('',(0.,1.));
#2364 = ( GEOMETRIC_REPRESENTATION_CONTEXT(2) 
PARAMETRIC_REPRESENTATION_CONTEXT() REPRESENTATION_CONTEXT('2D SPACE',''
  ) );
#2365 = ORIENTED_EDGE('',*,*,#2366,.T.);
#2366 = EDGE_CURVE('',#2274,#2367,#2369,.T.);
#2367 = VERTEX_POINT('',#2368);
#2368 = CARTESIAN_POINT('',(244.6925639128,-217.5,741.94164756874));
#2369 = SURFACE_CURVE('',#2370,(#2377),.PCURVE_S1.);
#2370 = B_SPLINE_CURVE_WITH_KNOTS('',3,(#2371,#2372,#2373,#2374,#2375,
    #2376),.UNSPECIFIED.,.F.,.F.,(4,1,1,4),(0.,0.245927774088,
    0.570683182604,1.),.UNSPECIFIED.);
#2371 = CARTESIAN_POINT('',(100.,5.327213576291E-14,880.));
#2372 = CARTESIAN_POINT('',(100.02383903915,-28.5735212333,
    880.01051599749));
#2373 = CARTESIAN_POINT('',(115.7917925972,-86.55688910946,
    863.17017486581));
#2374 = CARTESIAN_POINT('',(170.26349760323,-160.2053917047,
    808.33640877792));
#2375 = CARTESIAN_POINT('',(216.30246159444,-197.5061105719,
    766.32648157814));
#2376 = CARTESIAN_POINT('',(244.6925639128,-217.5,741.94164756874));
#2377 = PCURVE('',#2292,#2378);
#2378 = DEFINITIONAL_REPRESENTATION('',(#2379),#2383);
#2379 = LINE('',#2380,#2381);
#2380 = CARTESIAN_POINT('',(0.,0.));
#2381 = VECTOR('',#2382,1.);
#2382 = DIRECTION('',(1.,0.));
#2383 = ( GEOMETRIC_REPRESENTATION_CONTEXT(2) 
PARAMETRIC_REPRESENTATION_CONTEXT() REPRESENTATION_CONTEXT('2D SPACE',''
  ) );
#2384 = ORIENTED_EDGE('',*,*,#2385,.T.);
#2385 = EDGE_CURVE('',#2367,#2386,#2388,.T.);
#2386 = VERTEX_POINT('',#2387);
#2387 = CARTESIAN_POINT('',(244.6925639128,-217.5,0.));
#2388 = SURFACE_CURVE('',#2389,(#2401),.PCURVE_S1.);
#2389 = B_SPLINE_CURVE_WITH_KNOTS('',3,(#2390,#2391,#2392,#2393,#2394,
    #2395,#2396,#2397,#2398,#2399,#2400),.UNSPECIFIED.,.F.,.F.,(4,1,1,1,
    1,1,1,1,4),(0.,5.840943650496E-02,0.166736580063,0.32066222043,0.5,
    0.67933777957,0.833263419937,0.941590563495,1.),.UNSPECIFIED.);
#2390 = CARTESIAN_POINT('',(244.6925639128,-217.5,741.94164756874));
#2391 = CARTESIAN_POINT('',(256.65196117094,-200.3571445415,
    739.3854344145));
#2392 = CARTESIAN_POINT('',(273.95544516199,-175.5539610211,
    704.28087213719));
#2393 = CARTESIAN_POINT('',(291.04112522025,-151.0629823098,
    621.47981060027));
#2394 = CARTESIAN_POINT('',(302.33280285404,-134.877250422,
    506.74760955864));
#2395 = CARTESIAN_POINT('',(306.52708087515,-128.8650827253,
    370.97082378437));
#2396 = CARTESIAN_POINT('',(302.33280285404,-134.877250422,
    235.1940380101));
#2397 = CARTESIAN_POINT('',(291.04112522025,-151.0629823098,
    120.46183696846));
#2398 = CARTESIAN_POINT('',(273.95544516199,-175.5539610211,
    37.660775431553));
#2399 = CARTESIAN_POINT('',(256.65196117095,-200.3571445415,
    2.556213154243));
#2400 = CARTESIAN_POINT('',(244.6925639128,-217.5,0.));
#2401 = PCURVE('',#2292,#2402);
#2402 = DEFINITIONAL_REPRESENTATION('',(#2403),#2407);
#2403 = LINE('',#2404,#2405);
#2404 = CARTESIAN_POINT('',(1.,0.));
#2405 = VECTOR('',#2406,1.);
#2406 = DIRECTION('',(0.,1.));
#2407 = ( GEOMETRIC_REPRESENTATION_CONTEXT(2) 
PARAMETRIC_REPRESENTATION_CONTEXT() REPRESENTATION_CONTEXT('2D SPACE',''
  ) );
#2408 = ORIENTED_EDGE('',*,*,#2409,.F.);
#2409 = EDGE_CURVE('',#2276,#2386,#2410,.T.);
#2410 = SURFACE_CURVE('',#2411,(#2418),.PCURVE_S1.);
#2411 = B_SPLINE_CURVE_WITH_KNOTS('',3,(#2412,#2413,#2414,#2415,#2416,
    #2417),.UNSPECIFIED.,.F.,.F.,(4,1,1,4),(0.,0.245927774088,
    0.570683182604,1.),.UNSPECIFIED.);
#2412 = CARTESIAN_POINT('',(100.,5.327213576291E-14,0.));
#2413 = CARTESIAN_POINT('',(100.02383903915,-28.5735212333,0.));
#2414 = CARTESIAN_POINT('',(115.7917925972,-86.55688910946,0.));
#2415 = CARTESIAN_POINT('',(170.26349760323,-160.2053917047,0.));
#2416 = CARTESIAN_POINT('',(216.30246159444,-197.5061105719,0.));
#2417 = CARTESIAN_POINT('',(244.6925639128,-217.5,0.));
#2418 = PCURVE('',#2292,#2419);
#2419 = DEFINITIONAL_REPRESENTATION('',(#2420),#2424);
#2420 = LINE('',#2421,#2422);
#2421 = CARTESIAN_POINT('',(0.,1.));
#2422 = VECTOR('',#2423,1.);
#2423 = DIRECTION('',(1.,0.));
#2424 = ( GEOMETRIC_REPRESENTATION_CONTEXT(2) 
PARAMETRIC_REPRESENTATION_CONTEXT() REPRESENTATION_CONTEXT('2D SPACE',''
  ) );
#2425 = ( GEOMETRIC_REPRESENTATION_CONTEXT(3) 
GLOBAL_UNCERTAINTY_ASSIGNED_CONTEXT((#2429)) 
GLOBAL_UNIT_ASSIGNED_CONTEXT((#2426,#2427,#2428)) REPRESENTATION_CONTEXT
('Context #1','3D Context with UNIT and UNCERTAINTY') );
#2426 = ( LENGTH_UNIT() NAMED_UNIT(*) SI_UNIT(.MILLI.,.METRE.) );
#2427 = ( NAMED_UNIT(*) PLANE_ANGLE_UNIT() SI_UNIT($,.RADIAN.) );
#2428 = ( NAMED_UNIT(*) SI_UNIT($,.STERADIAN.) SOLID_ANGLE_UNIT() );
#2429 = UNCERTAINTY_MEASURE_WITH_UNIT(LENGTH_MEASURE(1.E-07),#2426,
  'distance_accuracy_value','confusion accuracy');
#2430 = CONTEXT_DEPENDENT_SHAPE_REPRESENTATION(#2431,#2433);
#2431 = ( REPRESENTATION_RELATIONSHIP('','',#2266,#10) 
REPRESENTATION_RELATIONSHIP_WITH_TRANSFORMATION(#2432) 
SHAPE_REPRESENTATION_RELATIONSHIP() );
#2432 = ITEM_DEFINED_TRANSFORMATION('','',#11,#67);
#2433 = PRODUCT_DEFINITION_SHAPE('Placement','Placement of an item',
  #2434);
#2434 = NEXT_ASSEMBLY_USAGE_OCCURRENCE('56','L07','',#5,#2261,$);
#2435 = PRODUCT_RELATED_PRODUCT_CATEGORY('part',$,(#2263));
#2436 = SHAPE_DEFINITION_REPRESENTATION(#2437,#2443);
#2437 = PRODUCT_DEFINITION_SHAPE('','',#2438);
#2438 = PRODUCT_DEFINITION('design','',#2439,#2442);
#2439 = PRODUCT_DEFINITION_FORMATION('','',#2440);
#2440 = PRODUCT('O08','O08','',(#2441));
#2441 = PRODUCT_CONTEXT('',#2,'mechanical');
#2442 = PRODUCT_DEFINITION_CONTEXT('part definition',#2,'design');
#2443 = MANIFOLD_SURFACE_SHAPE_REPRESENTATION('',(#11,#2444),#2596);
#2444 = SHELL_BASED_SURFACE_MODEL('',(#2445));
#2445 = OPEN_SHELL('',(#2446));
#2446 = ADVANCED_FACE('',(#2447),#2470,.T.);
#2447 = FACE_BOUND('',#2448,.T.);
#2448 = EDGE_LOOP('',(#2449,#2537,#2555,#2580));
#2449 = ORIENTED_EDGE('',*,*,#2450,.F.);
#2450 = EDGE_CURVE('',#2451,#2453,#2455,.T.);
#2451 = VERTEX_POINT('',#2452);
#2452 = CARTESIAN_POINT('',(244.6925639128,-217.5,0.));
#2453 = VERTEX_POINT('',#2454);
#2454 = CARTESIAN_POINT('',(244.6925639128,-217.5,741.94164756874));
#2455 = SURFACE_CURVE('',#2456,(#2469),.PCURVE_S1.);
#2456 = B_SPLINE_CURVE_WITH_KNOTS('',3,(#2457,#2458,#2459,#2460,#2461,
    #2462,#2463,#2464,#2465,#2466,#2467,#2468),.UNSPECIFIED.,.F.,.F.,(4,
    1,1,1,1,1,1,1,1,4),(0.,6.267541046158E-02,0.154300854837,
    0.277330620347,0.422919582815,0.577080417185,0.722669379653,
    0.845699145163,0.937324589538,1.),.UNSPECIFIED.);
#2457 = CARTESIAN_POINT('',(244.6925639128,-217.5,0.));
#2458 = CARTESIAN_POINT('',(235.9891560334,-229.9756507416,
    0.467563557543));
#2459 = CARTESIAN_POINT('',(219.73563460285,-253.2737955026,
    24.876104293706));
#2460 = CARTESIAN_POINT('',(202.66173563575,-277.7478869462,
    95.635409973475));
#2461 = CARTESIAN_POINT('',(190.61041228234,-295.022511233,
    191.0928229025));
#2462 = CARTESIAN_POINT('',(184.00650827041,-304.4886882898,
    309.4237765233));
#2463 = CARTESIAN_POINT('',(184.00650827041,-304.4886882898,
    432.51787104544));
#2464 = CARTESIAN_POINT('',(190.61041228234,-295.022511233,
    550.84882466624));
#2465 = CARTESIAN_POINT('',(202.66173563575,-277.7478869462,
    646.30623759526));
#2466 = CARTESIAN_POINT('',(219.73563460285,-253.2737955026,
    717.06554327503));
#2467 = CARTESIAN_POINT('',(235.9891560334,-229.9756507416,
    741.4740840112));
#2468 = CARTESIAN_POINT('',(244.6925639128,-217.5,741.94164756874));
#2469 = PCURVE('',#2470,#2531);
#2470 = B_SPLINE_SURFACE_WITH_KNOTS('',3,3,(
    (#2471,#2472,#2473,#2474,#2475,#2476,#2477,#2478,#2479,#2480,#2481
      ,#2482)
    ,(#2483,#2484,#2485,#2486,#2487,#2488,#2489,#2490,#2491,#2492,#2493
      ,#2494)
    ,(#2495,#2496,#2497,#2498,#2499,#2500,#2501,#2502,#2503,#2504,#2505
      ,#2506)
    ,(#2507,#2508,#2509,#2510,#2511,#2512,#2513,#2514,#2515,#2516,#2517
      ,#2518)
    ,(#2519,#2520,#2521,#2522,#2523,#2524,#2525,#2526,#2527,#2528,#2529
      ,#2530
    )),.UNSPECIFIED.,.F.,.F.,.F.,(4,1,4),(4,1,1,1,1,1,1,1,1,4),(0.,
    0.465739000761,1.),(0.,6.267541046158E-02,0.154300854837,
    0.277330620347,0.422919582815,0.577080417185,0.722669379653,
    0.845699145163,0.937324589538,1.),.UNSPECIFIED.);
#2471 = CARTESIAN_POINT('',(244.6925639128,-217.5,0.));
#2472 = CARTESIAN_POINT('',(235.9891560334,-229.9756507416,
    0.467563557543));
#2473 = CARTESIAN_POINT('',(219.73563460285,-253.2737955026,
    24.876104293706));
#2474 = CARTESIAN_POINT('',(202.66173563575,-277.7478869462,
    95.635409973475));
#2475 = CARTESIAN_POINT('',(190.61041228234,-295.022511233,
    191.0928229025));
#2476 = CARTESIAN_POINT('',(184.00650827041,-304.4886882898,
    309.4237765233));
#2477 = CARTESIAN_POINT('',(184.00650827041,-304.4886882898,
    432.51787104544));
#2478 = CARTESIAN_POINT('',(190.61041228234,-295.022511233,
    550.84882466624));
#2479 = CARTESIAN_POINT('',(202.66173563575,-277.7478869462,
    646.30623759526));
#2480 = CARTESIAN_POINT('',(219.73563460285,-253.2737955026,
    717.06554327503));
#2481 = CARTESIAN_POINT('',(235.9891560334,-229.9756507416,
    741.4740840112));
#2482 = CARTESIAN_POINT('',(244.6925639128,-217.5,741.94164756874));
#2483 = CARTESIAN_POINT('',(296.46069964156,-253.4578628843,0.));
#2484 = CARTESIAN_POINT('',(288.89565209196,-267.0313486146,
    0.439541113434));
#2485 = CARTESIAN_POINT('',(274.76800644161,-292.3796885134,
    23.385207000759));
#2486 = CARTESIAN_POINT('',(259.92728435515,-319.0074563029,
    89.903701657904));
#2487 = CARTESIAN_POINT('',(249.45221120363,-337.8022166813,
    179.64007415201));
#2488 = CARTESIAN_POINT('',(243.71206337239,-348.1014004163,
    290.87910950691));
#2489 = CARTESIAN_POINT('',(243.7120633724,-348.1014004163,
    406.59581687332));
#2490 = CARTESIAN_POINT('',(249.45221120363,-337.8022166813,
    517.83485222822));
#2491 = CARTESIAN_POINT('',(259.92728435515,-319.0074563029,
    607.57122472233));
#2492 = CARTESIAN_POINT('',(274.76800644161,-292.3796885134,
    674.08971937948));
#2493 = CARTESIAN_POINT('',(288.89565209196,-267.0313486146,
    697.0353852668));
#2494 = CARTESIAN_POINT('',(296.46069964156,-253.4578628843,
    697.47492638023));
#2495 = CARTESIAN_POINT('',(421.46725652706,-316.3821405025,0.));
#2496 = CARTESIAN_POINT('',(415.72844685201,-331.4613707735,
    0.379377314853));
#2497 = CARTESIAN_POINT('',(405.01128096346,-359.6216725496,
    20.184271204837));
#2498 = CARTESIAN_POINT('',(393.7531786269,-389.2033327125,
    77.597803454251));
#2499 = CARTESIAN_POINT('',(385.80683714595,-410.0830481566,
    155.05118153641));
#2500 = CARTESIAN_POINT('',(381.45238785875,-421.524749001,
    251.06396680253));
#2501 = CARTESIAN_POINT('',(381.45238785874,-421.524749001,
    350.94152633573));
#2502 = CARTESIAN_POINT('',(385.80683714596,-410.0830481566,
    446.95431160185));
#2503 = CARTESIAN_POINT('',(393.7531786269,-389.2033327125,
    524.40768968401));
#2504 = CARTESIAN_POINT('',(405.01128096347,-359.6216725496,
    581.82122193342));
#2505 = CARTESIAN_POINT('',(415.72844685201,-331.4613707735,
    601.62611582341));
#2506 = CARTESIAN_POINT('',(421.46725652706,-316.3821405025,
    602.00549313826));
#2507 = CARTESIAN_POINT('',(562.302431173,-358.6236592641,0.));
#2508 = CARTESIAN_POINT('',(557.85449777562,-374.6011534433,
    0.330787262621));
#2509 = CARTESIAN_POINT('',(549.54802957399,-404.4389534921,
    17.599101365436));
#2510 = CARTESIAN_POINT('',(540.82230207832,-435.7827816964,
    67.659198336539));
#2511 = CARTESIAN_POINT('',(534.66339462862,-457.9062937045,
    135.19246907642));
#2512 = CARTESIAN_POINT('',(531.28842638459,-470.0295722378,
    218.90808719947));
#2513 = CARTESIAN_POINT('',(531.28842638459,-470.0295722378,
    305.99348535524));
#2514 = CARTESIAN_POINT('',(534.66339462862,-457.9062937045,
    389.70910347829));
#2515 = CARTESIAN_POINT('',(540.82230207833,-435.7827816964,
    457.24237421817));
#2516 = CARTESIAN_POINT('',(549.54802957399,-404.4389534921,
    507.30247118927));
#2517 = CARTESIAN_POINT('',(557.85449777562,-374.6011534433,
    524.57078529209));
#2518 = CARTESIAN_POINT('',(562.302431173,-358.6236592641,
    524.90157255471));
#2519 = CARTESIAN_POINT('',(640.,-376.7210506462,0.));
#2520 = CARTESIAN_POINT('',(636.19534190248,-393.0820851766,
    0.309014222022));
#2521 = CARTESIAN_POINT('',(629.09018346561,-423.6361427425,
    16.440695369107));
#2522 = CARTESIAN_POINT('',(621.6264004439,-455.7323807267,
    63.205742479198));
#2523 = CARTESIAN_POINT('',(616.35821519766,-478.3869684761,
    126.2938461533));
#2524 = CARTESIAN_POINT('',(613.47134637313,-490.8012667684,
    204.49914462955));
#2525 = CARTESIAN_POINT('',(613.47134637313,-490.8012667684,
    285.85241787044));
#2526 = CARTESIAN_POINT('',(616.35821519766,-478.3869684761,
    364.05771634669));
#2527 = CARTESIAN_POINT('',(621.6264004439,-455.7323807267,
    427.1458200208));
#2528 = CARTESIAN_POINT('',(629.09018346561,-423.6361427425,
    473.91086713089));
#2529 = CARTESIAN_POINT('',(636.19534190248,-393.0820851766,
    490.04254827797));
#2530 = CARTESIAN_POINT('',(640.,-376.7210506462,490.3515625));
#2531 = DEFINITIONAL_REPRESENTATION('',(#2532),#2536);
#2532 = LINE('',#2533,#2534);
#2533 = CARTESIAN_POINT('',(0.,0.));
#2534 = VECTOR('',#2535,1.);
#2535 = DIRECTION('',(0.,1.));
#2536 = ( GEOMETRIC_REPRESENTATION_CONTEXT(2) 
PARAMETRIC_REPRESENTATION_CONTEXT() REPRESENTATION_CONTEXT('2D SPACE',''
  ) );
#2537 = ORIENTED_EDGE('',*,*,#2538,.T.);
#2538 = EDGE_CURVE('',#2451,#2539,#2541,.T.);
#2539 = VERTEX_POINT('',#2540);
#2540 = CARTESIAN_POINT('',(640.,-376.7210506462,0.));
#2541 = SURFACE_CURVE('',#2542,(#2548),.PCURVE_S1.);
#2542 = B_SPLINE_CURVE_WITH_KNOTS('',3,(#2543,#2544,#2545,#2546,#2547),
  .UNSPECIFIED.,.F.,.F.,(4,1,4),(0.,0.465739000761,1.),.UNSPECIFIED.);
#2543 = CARTESIAN_POINT('',(244.6925639128,-217.5,0.));
#2544 = CARTESIAN_POINT('',(296.46069964156,-253.4578628843,0.));
#2545 = CARTESIAN_POINT('',(421.46725652706,-316.3821405025,0.));
#2546 = CARTESIAN_POINT('',(562.302431173,-358.6236592641,0.));
#2547 = CARTESIAN_POINT('',(640.,-376.7210506462,0.));
#2548 = PCURVE('',#2470,#2549);
#2549 = DEFINITIONAL_REPRESENTATION('',(#2550),#2554);
#2550 = LINE('',#2551,#2552);
#2551 = CARTESIAN_POINT('',(0.,0.));
#2552 = VECTOR('',#2553,1.);
#2553 = DIRECTION('',(1.,0.));
#2554 = ( GEOMETRIC_REPRESENTATION_CONTEXT(2) 
PARAMETRIC_REPRESENTATION_CONTEXT() REPRESENTATION_CONTEXT('2D SPACE',''
  ) );
#2555 = ORIENTED_EDGE('',*,*,#2556,.T.);
#2556 = EDGE_CURVE('',#2539,#2557,#2559,.T.);
#2557 = VERTEX_POINT('',#2558);
#2558 = CARTESIAN_POINT('',(640.,-376.7210506462,490.3515625));
#2559 = SURFACE_CURVE('',#2560,(#2573),.PCURVE_S1.);
#2560 = B_SPLINE_CURVE_WITH_KNOTS('',3,(#2561,#2562,#2563,#2564,#2565,
    #2566,#2567,#2568,#2569,#2570,#2571,#2572),.UNSPECIFIED.,.F.,.F.,(4,
    1,1,1,1,1,1,1,1,4),(0.,6.267541046158E-02,0.154300854837,
    0.277330620347,0.422919582815,0.577080417185,0.722669379653,
    0.845699145163,0.937324589538,1.),.UNSPECIFIED.);
#2561 = CARTESIAN_POINT('',(640.,-376.7210506462,0.));
#2562 = CARTESIAN_POINT('',(636.19534190248,-393.0820851766,
    0.309014222022));
#2563 = CARTESIAN_POINT('',(629.09018346561,-423.6361427425,
    16.440695369107));
#2564 = CARTESIAN_POINT('',(621.6264004439,-455.7323807267,
    63.205742479198));
#2565 = CARTESIAN_POINT('',(616.35821519766,-478.3869684761,
    126.2938461533));
#2566 = CARTESIAN_POINT('',(613.47134637313,-490.8012667684,
    204.49914462955));
#2567 = CARTESIAN_POINT('',(613.47134637313,-490.8012667684,
    285.85241787044));
#2568 = CARTESIAN_POINT('',(616.35821519766,-478.3869684761,
    364.05771634669));
#2569 = CARTESIAN_POINT('',(621.6264004439,-455.7323807267,
    427.1458200208));
#2570 = CARTESIAN_POINT('',(629.09018346561,-423.6361427425,
    473.91086713089));
#2571 = CARTESIAN_POINT('',(636.19534190248,-393.0820851766,
    490.04254827797));
#2572 = CARTESIAN_POINT('',(640.,-376.7210506462,490.3515625));
#2573 = PCURVE('',#2470,#2574);
#2574 = DEFINITIONAL_REPRESENTATION('',(#2575),#2579);
#2575 = LINE('',#2576,#2577);
#2576 = CARTESIAN_POINT('',(1.,0.));
#2577 = VECTOR('',#2578,1.);
#2578 = DIRECTION('',(0.,1.));
#2579 = ( GEOMETRIC_REPRESENTATION_CONTEXT(2) 
PARAMETRIC_REPRESENTATION_CONTEXT() REPRESENTATION_CONTEXT('2D SPACE',''
  ) );
#2580 = ORIENTED_EDGE('',*,*,#2581,.F.);
#2581 = EDGE_CURVE('',#2453,#2557,#2582,.T.);
#2582 = SURFACE_CURVE('',#2583,(#2589),.PCURVE_S1.);
#2583 = B_SPLINE_CURVE_WITH_KNOTS('',3,(#2584,#2585,#2586,#2587,#2588),
  .UNSPECIFIED.,.F.,.F.,(4,1,4),(0.,0.465739000761,1.),.UNSPECIFIED.);
#2584 = CARTESIAN_POINT('',(244.6925639128,-217.5,741.94164756874));
#2585 = CARTESIAN_POINT('',(296.46069964156,-253.4578628843,
    697.47492638023));
#2586 = CARTESIAN_POINT('',(421.46725652706,-316.3821405025,
    602.00549313826));
#2587 = CARTESIAN_POINT('',(562.302431173,-358.6236592641,
    524.90157255471));
#2588 = CARTESIAN_POINT('',(640.,-376.7210506462,490.3515625));
#2589 = PCURVE('',#2470,#2590);
#2590 = DEFINITIONAL_REPRESENTATION('',(#2591),#2595);
#2591 = LINE('',#2592,#2593);
#2592 = CARTESIAN_POINT('',(0.,1.));
#2593 = VECTOR('',#2594,1.);
#2594 = DIRECTION('',(1.,0.));
#2595 = ( GEOMETRIC_REPRESENTATION_CONTEXT(2) 
PARAMETRIC_REPRESENTATION_CONTEXT() REPRESENTATION_CONTEXT('2D SPACE',''
  ) );
#2596 = ( GEOMETRIC_REPRESENTATION_CONTEXT(3) 
GLOBAL_UNCERTAINTY_ASSIGNED_CONTEXT((#2600)) 
GLOBAL_UNIT_ASSIGNED_CONTEXT((#2597,#2598,#2599)) REPRESENTATION_CONTEXT
('Context #1','3D Context with UNIT and UNCERTAINTY') );
#2597 = ( LENGTH_UNIT() NAMED_UNIT(*) SI_UNIT(.MILLI.,.METRE.) );
#2598 = ( NAMED_UNIT(*) PLANE_ANGLE_UNIT() SI_UNIT($,.RADIAN.) );
#2599 = ( NAMED_UNIT(*) SI_UNIT($,.STERADIAN.) SOLID_ANGLE_UNIT() );
#2600 = UNCERTAINTY_MEASURE_WITH_UNIT(LENGTH_MEASURE(1.E-07),#2597,
  'distance_accuracy_value','confusion accuracy');
#2601 = CONTEXT_DEPENDENT_SHAPE_REPRESENTATION(#2602,#2604);
#2602 = ( REPRESENTATION_RELATIONSHIP('','',#2443,#10) 
REPRESENTATION_RELATIONSHIP_WITH_TRANSFORMATION(#2603) 
SHAPE_REPRESENTATION_RELATIONSHIP() );
#2603 = ITEM_DEFINED_TRANSFORMATION('','',#11,#71);
#2604 = PRODUCT_DEFINITION_SHAPE('Placement','Placement of an item',
  #2605);
#2605 = NEXT_ASSEMBLY_USAGE_OCCURRENCE('57','O08','',#5,#2438,$);
#2606 = PRODUCT_RELATED_PRODUCT_CATEGORY('part',$,(#2440));
#2607 = SHAPE_DEFINITION_REPRESENTATION(#2608,#2614);
#2608 = PRODUCT_DEFINITION_SHAPE('','',#2609);
#2609 = PRODUCT_DEFINITION('design','',#2610,#2613);
#2610 = PRODUCT_DEFINITION_FORMATION('','',#2611);
#2611 = PRODUCT('L08','L08','',(#2612));
#2612 = PRODUCT_CONTEXT('',#2,'mechanical');
#2613 = PRODUCT_DEFINITION_CONTEXT('part definition',#2,'design');
#2614 = MANIFOLD_SURFACE_SHAPE_REPRESENTATION('',(#11,#2615),#2767);
#2615 = SHELL_BASED_SURFACE_MODEL('',(#2616));
#2616 = OPEN_SHELL('',(#2617));
#2617 = ADVANCED_FACE('',(#2618),#2641,.T.);
#2618 = FACE_BOUND('',#2619,.T.);
#2619 = EDGE_LOOP('',(#2620,#2708,#2726,#2751));
#2620 = ORIENTED_EDGE('',*,*,#2621,.F.);
#2621 = EDGE_CURVE('',#2622,#2624,#2626,.T.);
#2622 = VERTEX_POINT('',#2623);
#2623 = CARTESIAN_POINT('',(244.6925639128,-217.5,741.94164756874));
#2624 = VERTEX_POINT('',#2625);
#2625 = CARTESIAN_POINT('',(244.6925639128,-217.5,0.));
#2626 = SURFACE_CURVE('',#2627,(#2640),.PCURVE_S1.);
#2627 = B_SPLINE_CURVE_WITH_KNOTS('',3,(#2628,#2629,#2630,#2631,#2632,
    #2633,#2634,#2635,#2636,#2637,#2638,#2639),.UNSPECIFIED.,.F.,.F.,(4,
    1,1,1,1,1,1,1,1,4),(0.,6.267541046158E-02,0.154300854837,
    0.277330620347,0.422919582815,0.577080417185,0.722669379653,
    0.845699145163,0.937324589538,1.),.UNSPECIFIED.);
#2628 = CARTESIAN_POINT('',(244.6925639128,-217.5,741.94164756874));
#2629 = CARTESIAN_POINT('',(253.3959717922,-205.0243492583,
    741.4740840112));
#2630 = CARTESIAN_POINT('',(269.64949322275,-181.7262044973,
    717.06554327503));
#2631 = CARTESIAN_POINT('',(286.72339218985,-157.2521130537,
    646.30623759526));
#2632 = CARTESIAN_POINT('',(298.77471554326,-139.9774887669,
    550.84882466624));
#2633 = CARTESIAN_POINT('',(305.3786195552,-130.5113117101,
    432.51787104543));
#2634 = CARTESIAN_POINT('',(305.3786195552,-130.5113117101,
    309.4237765233));
#2635 = CARTESIAN_POINT('',(298.77471554327,-139.9774887669,
    191.0928229025));
#2636 = CARTESIAN_POINT('',(286.72339218985,-157.2521130537,
    95.635409973478));
#2637 = CARTESIAN_POINT('',(269.64949322275,-181.7262044973,
    24.876104293704));
#2638 = CARTESIAN_POINT('',(253.3959717922,-205.0243492583,
    0.467563557544));
#2639 = CARTESIAN_POINT('',(244.6925639128,-217.5,0.));
#2640 = PCURVE('',#2641,#2702);
#2641 = B_SPLINE_SURFACE_WITH_KNOTS('',3,3,(
    (#2642,#2643,#2644,#2645,#2646,#2647,#2648,#2649,#2650,#2651,#2652
      ,#2653)
    ,(#2654,#2655,#2656,#2657,#2658,#2659,#2660,#2661,#2662,#2663,#2664
      ,#2665)
    ,(#2666,#2667,#2668,#2669,#2670,#2671,#2672,#2673,#2674,#2675,#2676
      ,#2677)
    ,(#2678,#2679,#2680,#2681,#2682,#2683,#2684,#2685,#2686,#2687,#2688
      ,#2689)
    ,(#2690,#2691,#2692,#2693,#2694,#2695,#2696,#2697,#2698,#2699,#2700
      ,#2701
    )),.UNSPECIFIED.,.F.,.F.,.F.,(4,1,4),(4,1,1,1,1,1,1,1,1,4),(0.,
    0.455546235356,1.),(0.,6.267541046158E-02,0.154300854837,
    0.277330620347,0.422919582815,0.577080417185,0.722669379653,
    0.845699145163,0.937324589538,1.),.UNSPECIFIED.);
#2642 = CARTESIAN_POINT('',(244.6925639128,-217.5,741.94164756874));
#2643 = CARTESIAN_POINT('',(253.3959717922,-205.0243492583,
    741.4740840112));
#2644 = CARTESIAN_POINT('',(269.64949322275,-181.7262044973,
    717.06554327503));
#2645 = CARTESIAN_POINT('',(286.72339218985,-157.2521130537,
    646.30623759526));
#2646 = CARTESIAN_POINT('',(298.77471554326,-139.9774887669,
    550.84882466624));
#2647 = CARTESIAN_POINT('',(305.3786195552,-130.5113117101,
    432.51787104543));
#2648 = CARTESIAN_POINT('',(305.3786195552,-130.5113117101,
    309.4237765233));
#2649 = CARTESIAN_POINT('',(298.77471554327,-139.9774887669,
    191.0928229025));
#2650 = CARTESIAN_POINT('',(286.72339218985,-157.2521130537,
    95.635409973478));
#2651 = CARTESIAN_POINT('',(269.64949322275,-181.7262044973,
    24.876104293704));
#2652 = CARTESIAN_POINT('',(253.3959717922,-205.0243492583,
    0.467563557544));
#2653 = CARTESIAN_POINT('',(244.6925639128,-217.5,0.));
#2654 = CARTESIAN_POINT('',(298.19185627862,-254.5802788865,
    695.97805775463));
#2655 = CARTESIAN_POINT('',(305.72293523026,-240.975812161,
    695.53945995153));
#2656 = CARTESIAN_POINT('',(319.78714488603,-215.569615584,
    672.6430383396));
#2657 = CARTESIAN_POINT('',(334.56122912006,-188.8810708679,
    606.26730071057));
#2658 = CARTESIAN_POINT('',(344.9892670684,-170.0434121219,
    516.72351372095));
#2659 = CARTESIAN_POINT('',(350.70364047156,-159.7207208689,
    405.72321128055));
#2660 = CARTESIAN_POINT('',(350.70364047156,-159.7207208689,
    290.25484647408));
#2661 = CARTESIAN_POINT('',(344.9892670684,-170.0434121219,
    179.25454403368));
#2662 = CARTESIAN_POINT('',(334.56122912006,-188.8810708679,
    89.710757044061));
#2663 = CARTESIAN_POINT('',(319.78714488602,-215.5696155841,
    23.335019415028));
#2664 = CARTESIAN_POINT('',(305.72293523026,-240.975812161,
    0.438597803105));
#2665 = CARTESIAN_POINT('',(298.19185627862,-254.5802788865,0.));
#2666 = CARTESIAN_POINT('',(425.85473362138,-317.9278063274,
    599.27976528428));
#2667 = CARTESIAN_POINT('',(431.54893220958,-302.8167132199,
    598.90210569348));
#2668 = CARTESIAN_POINT('',(442.18278736904,-274.5969079362,
    579.18688332898));
#2669 = CARTESIAN_POINT('',(453.35337396463,-244.9527408957,
    522.0333049601));
#2670 = CARTESIAN_POINT('',(461.23794393721,-224.0289060272,
    444.93061608665));
#2671 = CARTESIAN_POINT('',(465.55854357156,-212.5630285479,
    349.35255230749));
#2672 = CARTESIAN_POINT('',(465.55854357156,-212.5630285479,
    249.92721297678));
#2673 = CARTESIAN_POINT('',(461.23794393721,-224.0289060272,
    154.34914919763));
#2674 = CARTESIAN_POINT('',(453.35337396463,-244.9527408957,
    77.246460324175));
#2675 = CARTESIAN_POINT('',(442.18278736904,-274.5969079362,
    20.092881955299));
#2676 = CARTESIAN_POINT('',(431.54893220958,-302.8167132199,
    0.377659590803));
#2677 = CARTESIAN_POINT('',(425.85473362138,-317.9278063274,0.));
#2678 = CARTESIAN_POINT('',(562.80653244363,-358.7083549025,
    524.73637999816));
#2679 = CARTESIAN_POINT('',(567.25066950939,-342.7284379421,
    524.4056968381));
#2680 = CARTESIAN_POINT('',(575.55004810218,-312.8861133752,
    507.14281727216));
#2681 = CARTESIAN_POINT('',(584.26832814928,-281.5375322831,
    457.09847478881));
#2682 = CARTESIAN_POINT('',(590.42197894314,-259.4106655293,
    389.58645754527));
#2683 = CARTESIAN_POINT('',(593.79406663624,-247.285548657,
    305.89718568921));
#2684 = CARTESIAN_POINT('',(593.79406663624,-247.285548657,
    218.83919430895));
#2685 = CARTESIAN_POINT('',(590.42197894314,-259.4106655293,
    135.14992245289));
#2686 = CARTESIAN_POINT('',(584.26832814928,-281.5375322831,
    67.63790520935));
#2687 = CARTESIAN_POINT('',(575.55004810218,-312.8861133752,
    17.593562726004));
#2688 = CARTESIAN_POINT('',(567.25066950939,-342.7284379421,
    0.330683160069));
#2689 = CARTESIAN_POINT('',(562.80653244363,-358.7083549025,0.));
#2690 = CARTESIAN_POINT('',(640.,-376.7210506462,490.3515625));
#2691 = CARTESIAN_POINT('',(643.80465809751,-360.3600161157,
    490.04254827797));
#2692 = CARTESIAN_POINT('',(650.90981653438,-329.8059585498,
    473.91086713089));
#2693 = CARTESIAN_POINT('',(658.37359955609,-297.7097205657,
    427.14582002079));
#2694 = CARTESIAN_POINT('',(663.64178480233,-275.0551328163,
    364.05771634669));
#2695 = CARTESIAN_POINT('',(666.52865362686,-262.6408345239,
    285.85241787044));
#2696 = CARTESIAN_POINT('',(666.52865362686,-262.6408345239,
    204.49914462955));
#2697 = CARTESIAN_POINT('',(663.64178480233,-275.0551328163,
    126.2938461533));
#2698 = CARTESIAN_POINT('',(658.37359955609,-297.7097205657,
    63.2057424792));
#2699 = CARTESIAN_POINT('',(650.90981653438,-329.8059585498,
    16.440695369107));
#2700 = CARTESIAN_POINT('',(643.80465809751,-360.3600161157,
    0.309014222023));
#2701 = CARTESIAN_POINT('',(640.,-376.7210506462,0.));
#2702 = DEFINITIONAL_REPRESENTATION('',(#2703),#2707);
#2703 = LINE('',#2704,#2705);
#2704 = CARTESIAN_POINT('',(0.,0.));
#2705 = VECTOR('',#2706,1.);
#2706 = DIRECTION('',(0.,1.));
#2707 = ( GEOMETRIC_REPRESENTATION_CONTEXT(2) 
PARAMETRIC_REPRESENTATION_CONTEXT() REPRESENTATION_CONTEXT('2D SPACE',''
  ) );
#2708 = ORIENTED_EDGE('',*,*,#2709,.T.);
#2709 = EDGE_CURVE('',#2622,#2710,#2712,.T.);
#2710 = VERTEX_POINT('',#2711);
#2711 = CARTESIAN_POINT('',(640.,-376.7210506462,490.3515625));
#2712 = SURFACE_CURVE('',#2713,(#2719),.PCURVE_S1.);
#2713 = B_SPLINE_CURVE_WITH_KNOTS('',3,(#2714,#2715,#2716,#2717,#2718),
  .UNSPECIFIED.,.F.,.F.,(4,1,4),(0.,0.455546235356,1.),.UNSPECIFIED.);
#2714 = CARTESIAN_POINT('',(244.6925639128,-217.5,741.94164756874));
#2715 = CARTESIAN_POINT('',(298.19185627862,-254.5802788865,
    695.97805775463));
#2716 = CARTESIAN_POINT('',(425.85473362138,-317.9278063274,
    599.27976528428));
#2717 = CARTESIAN_POINT('',(562.80653244363,-358.7083549025,
    524.73637999816));
#2718 = CARTESIAN_POINT('',(640.,-376.7210506462,490.3515625));
#2719 = PCURVE('',#2641,#2720);
#2720 = DEFINITIONAL_REPRESENTATION('',(#2721),#2725);
#2721 = LINE('',#2722,#2723);
#2722 = CARTESIAN_POINT('',(0.,0.));
#2723 = VECTOR('',#2724,1.);
#2724 = DIRECTION('',(1.,0.));
#2725 = ( GEOMETRIC_REPRESENTATION_CONTEXT(2) 
PARAMETRIC_REPRESENTATION_CONTEXT() REPRESENTATION_CONTEXT('2D SPACE',''
  ) );
#2726 = ORIENTED_EDGE('',*,*,#2727,.T.);
#2727 = EDGE_CURVE('',#2710,#2728,#2730,.T.);
#2728 = VERTEX_POINT('',#2729);
#2729 = CARTESIAN_POINT('',(640.,-376.7210506462,0.));
#2730 = SURFACE_CURVE('',#2731,(#2744),.PCURVE_S1.);
#2731 = B_SPLINE_CURVE_WITH_KNOTS('',3,(#2732,#2733,#2734,#2735,#2736,
    #2737,#2738,#2739,#2740,#2741,#2742,#2743),.UNSPECIFIED.,.F.,.F.,(4,
    1,1,1,1,1,1,1,1,4),(0.,6.267541046158E-02,0.154300854837,
    0.277330620347,0.422919582815,0.577080417185,0.722669379653,
    0.845699145163,0.937324589538,1.),.UNSPECIFIED.);
#2732 = CARTESIAN_POINT('',(640.,-376.7210506462,490.3515625));
#2733 = CARTESIAN_POINT('',(643.80465809751,-360.3600161157,
    490.04254827797));
#2734 = CARTESIAN_POINT('',(650.90981653438,-329.8059585498,
    473.91086713089));
#2735 = CARTESIAN_POINT('',(658.37359955609,-297.7097205657,
    427.14582002079));
#2736 = CARTESIAN_POINT('',(663.64178480233,-275.0551328163,
    364.05771634669));
#2737 = CARTESIAN_POINT('',(666.52865362686,-262.6408345239,
    285.85241787044));
#2738 = CARTESIAN_POINT('',(666.52865362686,-262.6408345239,
    204.49914462955));
#2739 = CARTESIAN_POINT('',(663.64178480233,-275.0551328163,
    126.2938461533));
#2740 = CARTESIAN_POINT('',(658.37359955609,-297.7097205657,
    63.2057424792));
#2741 = CARTESIAN_POINT('',(650.90981653438,-329.8059585498,
    16.440695369107));
#2742 = CARTESIAN_POINT('',(643.80465809751,-360.3600161157,
    0.309014222023));
#2743 = CARTESIAN_POINT('',(640.,-376.7210506462,0.));
#2744 = PCURVE('',#2641,#2745);
#2745 = DEFINITIONAL_REPRESENTATION('',(#2746),#2750);
#2746 = LINE('',#2747,#2748);
#2747 = CARTESIAN_POINT('',(1.,0.));
#2748 = VECTOR('',#2749,1.);
#2749 = DIRECTION('',(0.,1.));
#2750 = ( GEOMETRIC_REPRESENTATION_CONTEXT(2) 
PARAMETRIC_REPRESENTATION_CONTEXT() REPRESENTATION_CONTEXT('2D SPACE',''
  ) );
#2751 = ORIENTED_EDGE('',*,*,#2752,.F.);
#2752 = EDGE_CURVE('',#2624,#2728,#2753,.T.);
#2753 = SURFACE_CURVE('',#2754,(#2760),.PCURVE_S1.);
#2754 = B_SPLINE_CURVE_WITH_KNOTS('',3,(#2755,#2756,#2757,#2758,#2759),
  .UNSPECIFIED.,.F.,.F.,(4,1,4),(0.,0.455546235356,1.),.UNSPECIFIED.);
#2755 = CARTESIAN_POINT('',(244.6925639128,-217.5,0.));
#2756 = CARTESIAN_POINT('',(298.19185627862,-254.5802788865,0.));
#2757 = CARTESIAN_POINT('',(425.85473362138,-317.9278063274,0.));
#2758 = CARTESIAN_POINT('',(562.80653244363,-358.7083549025,0.));
#2759 = CARTESIAN_POINT('',(640.,-376.7210506462,0.));
#2760 = PCURVE('',#2641,#2761);
#2761 = DEFINITIONAL_REPRESENTATION('',(#2762),#2766);
#2762 = LINE('',#2763,#2764);
#2763 = CARTESIAN_POINT('',(0.,1.));
#2764 = VECTOR('',#2765,1.);
#2765 = DIRECTION('',(1.,0.));
#2766 = ( GEOMETRIC_REPRESENTATION_CONTEXT(2) 
PARAMETRIC_REPRESENTATION_CONTEXT() REPRESENTATION_CONTEXT('2D SPACE',''
  ) );
#2767 = ( GEOMETRIC_REPRESENTATION_CONTEXT(3) 
GLOBAL_UNCERTAINTY_ASSIGNED_CONTEXT((#2771)) 
GLOBAL_UNIT_ASSIGNED_CONTEXT((#2768,#2769,#2770)) REPRESENTATION_CONTEXT
('Context #1','3D Context with UNIT and UNCERTAINTY') );
#2768 = ( LENGTH_UNIT() NAMED_UNIT(*) SI_UNIT(.MILLI.,.METRE.) );
#2769 = ( NAMED_UNIT(*) PLANE_ANGLE_UNIT() SI_UNIT($,.RADIAN.) );
#2770 = ( NAMED_UNIT(*) SI_UNIT($,.STERADIAN.) SOLID_ANGLE_UNIT() );
#2771 = UNCERTAINTY_MEASURE_WITH_UNIT(LENGTH_MEASURE(1.E-07),#2768,
  'distance_accuracy_value','confusion accuracy');
#2772 = CONTEXT_DEPENDENT_SHAPE_REPRESENTATION(#2773,#2775);
#2773 = ( REPRESENTATION_RELATIONSHIP('','',#2614,#10) 
REPRESENTATION_RELATIONSHIP_WITH_TRANSFORMATION(#2774) 
SHAPE_REPRESENTATION_RELATIONSHIP() );
#2774 = ITEM_DEFINED_TRANSFORMATION('','',#11,#75);
#2775 = PRODUCT_DEFINITION_SHAPE('Placement','Placement of an item',
  #2776);
#2776 = NEXT_ASSEMBLY_USAGE_OCCURRENCE('58','L08','',#5,#2609,$);
#2777 = PRODUCT_RELATED_PRODUCT_CATEGORY('part',$,(#2611));
#2778 = SHAPE_DEFINITION_REPRESENTATION(#2779,#2785);
#2779 = PRODUCT_DEFINITION_SHAPE('','',#2780);
#2780 = PRODUCT_DEFINITION('design','',#2781,#2784);
#2781 = PRODUCT_DEFINITION_FORMATION('','',#2782);
#2782 = PRODUCT('O09','O09','',(#2783));
#2783 = PRODUCT_CONTEXT('',#2,'mechanical');
#2784 = PRODUCT_DEFINITION_CONTEXT('part definition',#2,'design');
#2785 = MANIFOLD_SURFACE_SHAPE_REPRESENTATION('',(#11,#2786),#2917);
#2786 = SHELL_BASED_SURFACE_MODEL('',(#2787));
#2787 = OPEN_SHELL('',(#2788));
#2788 = ADVANCED_FACE('',(#2789),#2809,.T.);
#2789 = FACE_BOUND('',#2790,.T.);
#2790 = EDGE_LOOP('',(#2791,#2861,#2879,#2901));
#2791 = ORIENTED_EDGE('',*,*,#2792,.F.);
#2792 = EDGE_CURVE('',#2793,#2795,#2797,.T.);
#2793 = VERTEX_POINT('',#2794);
#2794 = CARTESIAN_POINT('',(640.,-376.7210506462,0.));
#2795 = VERTEX_POINT('',#2796);
#2796 = CARTESIAN_POINT('',(640.,-376.7210506462,490.3515625));
#2797 = SURFACE_CURVE('',#2798,(#2808),.PCURVE_S1.);
#2798 = B_SPLINE_CURVE_WITH_KNOTS('',3,(#2799,#2800,#2801,#2802,#2803,
    #2804,#2805,#2806,#2807),.UNSPECIFIED.,.F.,.F.,(4,1,1,1,1,1,4),(0.,
    0.130904604442,0.299712423795,0.5,0.700287576205,0.869095395558,1.),
  .UNSPECIFIED.);
#2799 = CARTESIAN_POINT('',(640.,-376.7210506462,0.));
#2800 = CARTESIAN_POINT('',(634.64918560083,-399.7309655734,
    0.252337134462));
#2801 = CARTESIAN_POINT('',(624.65040961711,-442.7283427198,
    32.205910653238));
#2802 = CARTESIAN_POINT('',(615.55233106598,-481.8524830553,
    128.02196444278));
#2803 = CARTESIAN_POINT('',(612.57303010792,-494.6642639308,
    245.17578124999));
#2804 = CARTESIAN_POINT('',(615.55233106598,-481.8524830553,
    362.32959805721));
#2805 = CARTESIAN_POINT('',(624.65040961711,-442.7283427198,
    458.14565184676));
#2806 = CARTESIAN_POINT('',(634.64918560083,-399.7309655734,
    490.09922536553));
#2807 = CARTESIAN_POINT('',(640.,-376.7210506462,490.3515625));
#2808 = PCURVE('',#2809,#2855);
#2809 = B_SPLINE_SURFACE_WITH_KNOTS('',3,3,(
    (#2810,#2811,#2812,#2813,#2814,#2815,#2816,#2817,#2818)
    ,(#2819,#2820,#2821,#2822,#2823,#2824,#2825,#2826,#2827)
    ,(#2828,#2829,#2830,#2831,#2832,#2833,#2834,#2835,#2836)
    ,(#2837,#2838,#2839,#2840,#2841,#2842,#2843,#2844,#2845)
    ,(#2846,#2847,#2848,#2849,#2850,#2851,#2852,#2853,#2854
  )),.UNSPECIFIED.,.F.,.F.,.F.,(4,1,4),(4,1,1,1,1,1,4),(0.,
    0.490332052197,1.),(0.,0.130904604442,0.299712423795,0.5,
    0.700287576205,0.869095395558,1.),.UNSPECIFIED.);
#2810 = CARTESIAN_POINT('',(640.,-376.7210506462,0.));
#2811 = CARTESIAN_POINT('',(634.64918560083,-399.7309655734,
    0.252337134462));
#2812 = CARTESIAN_POINT('',(624.65040961711,-442.7283427198,
    32.205910653238));
#2813 = CARTESIAN_POINT('',(615.55233106598,-481.8524830553,
    128.02196444278));
#2814 = CARTESIAN_POINT('',(612.57303010792,-494.6642639308,
    245.17578124999));
#2815 = CARTESIAN_POINT('',(615.55233106598,-481.8524830553,
    362.32959805721));
#2816 = CARTESIAN_POINT('',(624.65040961711,-442.7283427198,
    458.14565184676));
#2817 = CARTESIAN_POINT('',(634.64918560083,-399.7309655734,
    490.09922536553));
#2818 = CARTESIAN_POINT('',(640.,-376.7210506462,490.3515625));
#2819 = CARTESIAN_POINT('',(724.45134590648,-396.3361239233,0.));
#2820 = CARTESIAN_POINT('',(720.07773868579,-419.930205233,
    0.232958943652));
#2821 = CARTESIAN_POINT('',(711.905016633,-464.0191823416,
    29.732662777284));
#2822 = CARTESIAN_POINT('',(704.46849966993,-504.136590475,
    118.19053768876));
#2823 = CARTESIAN_POINT('',(702.03330173356,-517.2736316442,
    226.34754544132));
#2824 = CARTESIAN_POINT('',(704.46849966993,-504.136590475,
    334.50455319389));
#2825 = CARTESIAN_POINT('',(711.905016633,-464.0191823416,
    422.96242810537));
#2826 = CARTESIAN_POINT('',(720.07773868579,-419.930205233,452.462131939
    ));
#2827 = CARTESIAN_POINT('',(724.45134590648,-396.3361239233,
    452.69509088265));
#2828 = CARTESIAN_POINT('',(902.61282969379,-425.4398489698,0.));
#2829 = CARTESIAN_POINT('',(900.05486180787,-449.8937158166,
    0.201579682223));
#2830 = CARTESIAN_POINT('',(895.27492627713,-495.5893274184,
    25.727712447218));
#2831 = CARTESIAN_POINT('',(890.92557101618,-537.1686431738,
    102.27042866682));
#2832 = CARTESIAN_POINT('',(889.5013100337,-550.7844077079,
    195.85883060219));
#2833 = CARTESIAN_POINT('',(890.92557101618,-537.1686431738,
    289.44723253757));
#2834 = CARTESIAN_POINT('',(895.27492627713,-495.5893274184,
    365.98994875717));
#2835 = CARTESIAN_POINT('',(900.05486180787,-449.8937158167,
    391.51608152216));
#2836 = CARTESIAN_POINT('',(902.61282969379,-425.4398489698,
    391.71766120439));
#2837 = CARTESIAN_POINT('',(1.086224317809E+03,-434.9867949935,0.));
#2838 = CARTESIAN_POINT('',(1.08535909712E+03,-459.7258389281,
    0.184229510224));
#2839 = CARTESIAN_POINT('',(1.083742306254E+03,-505.9543454509,
    23.513301594075));
#2840 = CARTESIAN_POINT('',(1.082271157153E+03,-548.018552543,
    93.467906963421));
#2841 = CARTESIAN_POINT('',(1.081789407528E+03,-561.7931019475,
    179.001058227));
#2842 = CARTESIAN_POINT('',(1.082271157153E+03,-548.018552543,
    264.53420949059));
#2843 = CARTESIAN_POINT('',(1.083742306254E+03,-505.9543454509,
    334.48881485994));
#2844 = CARTESIAN_POINT('',(1.08535909712E+03,-459.7258389281,
    357.81788694379));
#2845 = CARTESIAN_POINT('',(1.086224317809E+03,-434.9867949935,
    358.00211645401));
#2846 = CARTESIAN_POINT('',(1.18E+03,-435.,0.));
#2847 = CARTESIAN_POINT('',(1.18E+03,-459.7391636773,0.177860190052));
#2848 = CARTESIAN_POINT('',(1.18E+03,-505.9678939567,22.70038217636));
#2849 = CARTESIAN_POINT('',(1.18E+03,-548.0323046492,90.23646470085));
#2850 = CARTESIAN_POINT('',(1.18E+03,-561.8069207258,172.81249999999));
#2851 = CARTESIAN_POINT('',(1.18E+03,-548.0323046492,255.38853529915));
#2852 = CARTESIAN_POINT('',(1.18E+03,-505.9678939567,322.92461782363));
#2853 = CARTESIAN_POINT('',(1.18E+03,-459.7391636773,345.44713980994));
#2854 = CARTESIAN_POINT('',(1.18E+03,-435.,345.625));
#2855 = DEFINITIONAL_REPRESENTATION('',(#2856),#2860);
#2856 = LINE('',#2857,#2858);
#2857 = CARTESIAN_POINT('',(0.,0.));
#2858 = VECTOR('',#2859,1.);
#2859 = DIRECTION('',(0.,1.));
#2860 = ( GEOMETRIC_REPRESENTATION_CONTEXT(2) 
PARAMETRIC_REPRESENTATION_CONTEXT() REPRESENTATION_CONTEXT('2D SPACE',''
  ) );
#2861 = ORIENTED_EDGE('',*,*,#2862,.T.);
#2862 = EDGE_CURVE('',#2793,#2863,#2865,.T.);
#2863 = VERTEX_POINT('',#2864);
#2864 = CARTESIAN_POINT('',(1.18E+03,-435.,0.));
#2865 = SURFACE_CURVE('',#2866,(#2872),.PCURVE_S1.);
#2866 = B_SPLINE_CURVE_WITH_KNOTS('',3,(#2867,#2868,#2869,#2870,#2871),
  .UNSPECIFIED.,.F.,.F.,(4,1,4),(0.,0.490332052197,1.),.UNSPECIFIED.);
#2867 = CARTESIAN_POINT('',(640.,-376.7210506462,0.));
#2868 = CARTESIAN_POINT('',(724.45134590648,-396.3361239233,0.));
#2869 = CARTESIAN_POINT('',(902.61282969379,-425.4398489698,0.));
#2870 = CARTESIAN_POINT('',(1.086224317809E+03,-434.9867949935,0.));
#2871 = CARTESIAN_POINT('',(1.18E+03,-435.,0.));
#2872 = PCURVE('',#2809,#2873);
#2873 = DEFINITIONAL_REPRESENTATION('',(#2874),#2878);
#2874 = LINE('',#2875,#2876);
#2875 = CARTESIAN_POINT('',(0.,0.));
#2876 = VECTOR('',#2877,1.);
#2877 = DIRECTION('',(1.,0.));
#2878 = ( GEOMETRIC_REPRESENTATION_CONTEXT(2) 
PARAMETRIC_REPRESENTATION_CONTEXT() REPRESENTATION_CONTEXT('2D SPACE',''
  ) );
#2879 = ORIENTED_EDGE('',*,*,#2880,.T.);
#2880 = EDGE_CURVE('',#2863,#2881,#2883,.T.);
#2881 = VERTEX_POINT('',#2882);
#2882 = CARTESIAN_POINT('',(1.18E+03,-435.,345.625));
#2883 = SURFACE_CURVE('',#2884,(#2894),.PCURVE_S1.);
#2884 = B_SPLINE_CURVE_WITH_KNOTS('',3,(#2885,#2886,#2887,#2888,#2889,
    #2890,#2891,#2892,#2893),.UNSPECIFIED.,.F.,.F.,(4,1,1,1,1,1,4),(0.,
    0.130904604442,0.299712423795,0.5,0.700287576205,0.869095395558,1.),
  .UNSPECIFIED.);
#2885 = CARTESIAN_POINT('',(1.18E+03,-435.,0.));
#2886 = CARTESIAN_POINT('',(1.18E+03,-459.7391636773,0.177860190052));
#2887 = CARTESIAN_POINT('',(1.18E+03,-505.9678939567,22.70038217636));
#2888 = CARTESIAN_POINT('',(1.18E+03,-548.0323046492,90.23646470085));
#2889 = CARTESIAN_POINT('',(1.18E+03,-561.8069207258,172.81249999999));
#2890 = CARTESIAN_POINT('',(1.18E+03,-548.0323046492,255.38853529915));
#2891 = CARTESIAN_POINT('',(1.18E+03,-505.9678939567,322.92461782363));
#2892 = CARTESIAN_POINT('',(1.18E+03,-459.7391636773,345.44713980994));
#2893 = CARTESIAN_POINT('',(1.18E+03,-435.,345.625));
#2894 = PCURVE('',#2809,#2895);
#2895 = DEFINITIONAL_REPRESENTATION('',(#2896),#2900);
#2896 = LINE('',#2897,#2898);
#2897 = CARTESIAN_POINT('',(1.,0.));
#2898 = VECTOR('',#2899,1.);
#2899 = DIRECTION('',(0.,1.));
#2900 = ( GEOMETRIC_REPRESENTATION_CONTEXT(2) 
PARAMETRIC_REPRESENTATION_CONTEXT() REPRESENTATION_CONTEXT('2D SPACE',''
  ) );
#2901 = ORIENTED_EDGE('',*,*,#2902,.F.);
#2902 = EDGE_CURVE('',#2795,#2881,#2903,.T.);
#2903 = SURFACE_CURVE('',#2904,(#2910),.PCURVE_S1.);
#2904 = B_SPLINE_CURVE_WITH_KNOTS('',3,(#2905,#2906,#2907,#2908,#2909),
  .UNSPECIFIED.,.F.,.F.,(4,1,4),(0.,0.490332052197,1.),.UNSPECIFIED.);
#2905 = CARTESIAN_POINT('',(640.,-376.7210506462,490.3515625));
#2906 = CARTESIAN_POINT('',(724.45134590648,-396.3361239233,
    452.69509088265));
#2907 = CARTESIAN_POINT('',(902.61282969379,-425.4398489698,
    391.71766120439));
#2908 = CARTESIAN_POINT('',(1.086224317809E+03,-434.9867949935,
    358.00211645401));
#2909 = CARTESIAN_POINT('',(1.18E+03,-435.,345.625));
#2910 = PCURVE('',#2809,#2911);
#2911 = DEFINITIONAL_REPRESENTATION('',(#2912),#2916);
#2912 = LINE('',#2913,#2914);
#2913 = CARTESIAN_POINT('',(0.,1.));
#2914 = VECTOR('',#2915,1.);
#2915 = DIRECTION('',(1.,0.));
#2916 = ( GEOMETRIC_REPRESENTATION_CONTEXT(2) 
PARAMETRIC_REPRESENTATION_CONTEXT() REPRESENTATION_CONTEXT('2D SPACE',''
  ) );
#2917 = ( GEOMETRIC_REPRESENTATION_CONTEXT(3) 
GLOBAL_UNCERTAINTY_ASSIGNED_CONTEXT((#2921)) 
GLOBAL_UNIT_ASSIGNED_CONTEXT((#2918,#2919,#2920)) REPRESENTATION_CONTEXT
('Context #1','3D Context with UNIT and UNCERTAINTY') );
#2918 = ( LENGTH_UNIT() NAMED_UNIT(*) SI_UNIT(.MILLI.,.METRE.) );
#2919 = ( NAMED_UNIT(*) PLANE_ANGLE_UNIT() SI_UNIT($,.RADIAN.) );
#2920 = ( NAMED_UNIT(*) SI_UNIT($,.STERADIAN.) SOLID_ANGLE_UNIT() );
#2921 = UNCERTAINTY_MEASURE_WITH_UNIT(LENGTH_MEASURE(1.E-07),#2918,
  'distance_accuracy_value','confusion accuracy');
#2922 = CONTEXT_DEPENDENT_SHAPE_REPRESENTATION(#2923,#2925);
#2923 = ( REPRESENTATION_RELATIONSHIP('','',#2785,#10) 
REPRESENTATION_RELATIONSHIP_WITH_TRANSFORMATION(#2924) 
SHAPE_REPRESENTATION_RELATIONSHIP() );
#2924 = ITEM_DEFINED_TRANSFORMATION('','',#11,#79);
#2925 = PRODUCT_DEFINITION_SHAPE('Placement','Placement of an item',
  #2926);
#2926 = NEXT_ASSEMBLY_USAGE_OCCURRENCE('59','O09','',#5,#2780,$);
#2927 = PRODUCT_RELATED_PRODUCT_CATEGORY('part',$,(#2782));
#2928 = SHAPE_DEFINITION_REPRESENTATION(#2929,#2935);
#2929 = PRODUCT_DEFINITION_SHAPE('','',#2930);
#2930 = PRODUCT_DEFINITION('design','',#2931,#2934);
#2931 = PRODUCT_DEFINITION_FORMATION('','',#2932);
#2932 = PRODUCT('L09','L09','',(#2933));
#2933 = PRODUCT_CONTEXT('',#2,'mechanical');
#2934 = PRODUCT_DEFINITION_CONTEXT('part definition',#2,'design');
#2935 = MANIFOLD_SURFACE_SHAPE_REPRESENTATION('',(#11,#2936),#3056);
#2936 = SHELL_BASED_SURFACE_MODEL('',(#2937));
#2937 = OPEN_SHELL('',(#2938));
#2938 = ADVANCED_FACE('',(#2939),#2959,.T.);
#2939 = FACE_BOUND('',#2940,.T.);
#2940 = EDGE_LOOP('',(#2941,#3002,#3019,#3041));
#2941 = ORIENTED_EDGE('',*,*,#2942,.F.);
#2942 = EDGE_CURVE('',#2943,#2945,#2947,.T.);
#2943 = VERTEX_POINT('',#2944);
#2944 = CARTESIAN_POINT('',(640.,-376.7210506462,490.3515625));
#2945 = VERTEX_POINT('',#2946);
#2946 = CARTESIAN_POINT('',(640.,-376.7210506462,0.));
#2947 = SURFACE_CURVE('',#2948,(#2958),.PCURVE_S1.);
#2948 = B_SPLINE_CURVE_WITH_KNOTS('',3,(#2949,#2950,#2951,#2952,#2953,
    #2954,#2955,#2956,#2957),.UNSPECIFIED.,.F.,.F.,(4,1,1,1,1,1,4),(0.,
    0.130904604442,0.299712423795,0.5,0.700287576205,0.869095395558,1.),
  .UNSPECIFIED.);
#2949 = CARTESIAN_POINT('',(640.,-376.7210506462,490.3515625));
#2950 = CARTESIAN_POINT('',(645.35081439916,-353.711135719,
    490.09922536553));
#2951 = CARTESIAN_POINT('',(655.34959038288,-310.7137585726,
    458.14565184676));
#2952 = CARTESIAN_POINT('',(664.44766893401,-271.589618237,
    362.32959805721));
#2953 = CARTESIAN_POINT('',(667.42696989207,-258.7778373616,245.17578125
    ));
#2954 = CARTESIAN_POINT('',(664.44766893401,-271.5896182371,
    128.02196444278));
#2955 = CARTESIAN_POINT('',(655.34959038288,-310.7137585726,
    32.205910653244));
#2956 = CARTESIAN_POINT('',(645.35081439916,-353.711135719,
    0.252337134458));
#2957 = CARTESIAN_POINT('',(640.,-376.7210506462,0.));
#2958 = PCURVE('',#2959,#2996);
#2959 = B_SPLINE_SURFACE_WITH_KNOTS('',3,3,(
    (#2960,#2961,#2962,#2963,#2964,#2965,#2966,#2967,#2968)
    ,(#2969,#2970,#2971,#2972,#2973,#2974,#2975,#2976,#2977)
    ,(#2978,#2979,#2980,#2981,#2982,#2983,#2984,#2985,#2986)
    ,(#2987,#2988,#2989,#2990,#2991,#2992,#2993,#2994,#2995
  )),.UNSPECIFIED.,.F.,.F.,.F.,(4,4),(4,1,1,1,1,1,4),(0.,1.),(0.,
    0.130904604442,0.299712423795,0.5,0.700287576205,0.869095395558,1.),
  .UNSPECIFIED.);
#2960 = CARTESIAN_POINT('',(640.,-376.7210506462,490.3515625));
#2961 = CARTESIAN_POINT('',(645.35081439916,-353.711135719,
    490.09922536553));
#2962 = CARTESIAN_POINT('',(655.34959038288,-310.7137585726,
    458.14565184676));
#2963 = CARTESIAN_POINT('',(664.44766893401,-271.589618237,
    362.32959805721));
#2964 = CARTESIAN_POINT('',(667.42696989207,-258.7778373616,245.17578125
    ));
#2965 = CARTESIAN_POINT('',(664.44766893401,-271.5896182371,
    128.02196444278));
#2966 = CARTESIAN_POINT('',(655.34959038288,-310.7137585726,
    32.205910653244));
#2967 = CARTESIAN_POINT('',(645.35081439916,-353.711135719,
    0.252337134458));
#2968 = CARTESIAN_POINT('',(640.,-376.7210506462,0.));
#2969 = CARTESIAN_POINT('',(813.81225808896,-416.8802918897,
    412.75662895191));
#2970 = CARTESIAN_POINT('',(817.16259464499,-392.6766577044,
    412.54422252162));
#2971 = CARTESIAN_POINT('',(823.42318643434,-347.448642274,
    385.64709340607));
#2972 = CARTESIAN_POINT('',(829.11981929909,-306.2948012671,
    304.99330460193));
#2973 = CARTESIAN_POINT('',(830.98526634445,-292.818364759,
    206.37831447596));
#2974 = CARTESIAN_POINT('',(829.11981929909,-306.2948012671,
    107.76332434997));
#2975 = CARTESIAN_POINT('',(823.42318643434,-347.448642274,
    27.109535545856));
#2976 = CARTESIAN_POINT('',(817.16259464499,-392.6766577044,
    0.212406430291));
#2977 = CARTESIAN_POINT('',(813.81225808896,-416.8802918897,0.));
#2978 = CARTESIAN_POINT('',(996.78336755468,-434.8001248446,
    369.67140502223));
#2979 = CARTESIAN_POINT('',(998.4835305531,-410.0685639621,
    369.48117044327));
#2980 = CARTESIAN_POINT('',(1.001660532723E+03,-363.8540406122,
    345.39167359749));
#2981 = CARTESIAN_POINT('',(1.004551348093E+03,-321.802557078,
    273.15685691315));
#2982 = CARTESIAN_POINT('',(1.005497988525E+03,-308.0321741915,
    184.83570251112));
#2983 = CARTESIAN_POINT('',(1.004551348093E+03,-321.802557078,
    96.514548109081));
#2984 = CARTESIAN_POINT('',(1.001660532723E+03,-363.8540406122,
    24.279731424747));
#2985 = CARTESIAN_POINT('',(998.4835305531,-410.0685639621,0.19023457896
    ));
#2986 = CARTESIAN_POINT('',(996.78336755468,-434.8001248446,0.));
#2987 = CARTESIAN_POINT('',(1.18E+03,-435.,345.625));
#2988 = CARTESIAN_POINT('',(1.18E+03,-410.2608363226,345.44713980994));
#2989 = CARTESIAN_POINT('',(1.18E+03,-364.0321060432,322.92461782364));
#2990 = CARTESIAN_POINT('',(1.18E+03,-321.9676953507,255.38853529914));
#2991 = CARTESIAN_POINT('',(1.18E+03,-308.1930792741,172.8125));
#2992 = CARTESIAN_POINT('',(1.18E+03,-321.9676953507,90.236464700846));
#2993 = CARTESIAN_POINT('',(1.18E+03,-364.0321060431,22.700382176365));
#2994 = CARTESIAN_POINT('',(1.18E+03,-410.2608363226,0.177860190049));
#2995 = CARTESIAN_POINT('',(1.18E+03,-435.,0.));
#2996 = DEFINITIONAL_REPRESENTATION('',(#2997),#3001);
#2997 = LINE('',#2998,#2999);
#2998 = CARTESIAN_POINT('',(0.,0.));
#2999 = VECTOR('',#3000,1.);
#3000 = DIRECTION('',(0.,1.));
#3001 = ( GEOMETRIC_REPRESENTATION_CONTEXT(2) 
PARAMETRIC_REPRESENTATION_CONTEXT() REPRESENTATION_CONTEXT('2D SPACE',''
  ) );
#3002 = ORIENTED_EDGE('',*,*,#3003,.T.);
#3003 = EDGE_CURVE('',#2943,#3004,#3006,.T.);
#3004 = VERTEX_POINT('',#3005);
#3005 = CARTESIAN_POINT('',(1.18E+03,-435.,345.625));
#3006 = SURFACE_CURVE('',#3007,(#3012),.PCURVE_S1.);
#3007 = B_SPLINE_CURVE_WITH_KNOTS('',3,(#3008,#3009,#3010,#3011),
  .UNSPECIFIED.,.F.,.F.,(4,4),(0.,1.),.PIECEWISE_BEZIER_KNOTS.);
#3008 = CARTESIAN_POINT('',(640.,-376.7210506462,490.3515625));
#3009 = CARTESIAN_POINT('',(813.81225808896,-416.8802918897,
    412.75662895191));
#3010 = CARTESIAN_POINT('',(996.78336755468,-434.8001248446,
    369.67140502223));
#3011 = CARTESIAN_POINT('',(1.18E+03,-435.,345.625));
#3012 = PCURVE('',#2959,#3013);
#3013 = DEFINITIONAL_REPRESENTATION('',(#3014),#3018);
#3014 = LINE('',#3015,#3016);
#3015 = CARTESIAN_POINT('',(0.,0.));
#3016 = VECTOR('',#3017,1.);
#3017 = DIRECTION('',(1.,0.));
#3018 = ( GEOMETRIC_REPRESENTATION_CONTEXT(2) 
PARAMETRIC_REPRESENTATION_CONTEXT() REPRESENTATION_CONTEXT('2D SPACE',''
  ) );
#3019 = ORIENTED_EDGE('',*,*,#3020,.T.);
#3020 = EDGE_CURVE('',#3004,#3021,#3023,.T.);
#3021 = VERTEX_POINT('',#3022);
#3022 = CARTESIAN_POINT('',(1.18E+03,-435.,0.));
#3023 = SURFACE_CURVE('',#3024,(#3034),.PCURVE_S1.);
#3024 = B_SPLINE_CURVE_WITH_KNOTS('',3,(#3025,#3026,#3027,#3028,#3029,
    #3030,#3031,#3032,#3033),.UNSPECIFIED.,.F.,.F.,(4,1,1,1,1,1,4),(0.,
    0.130904604442,0.299712423795,0.5,0.700287576205,0.869095395558,1.),
  .UNSPECIFIED.);
#3025 = CARTESIAN_POINT('',(1.18E+03,-435.,345.625));
#3026 = CARTESIAN_POINT('',(1.18E+03,-410.2608363226,345.44713980994));
#3027 = CARTESIAN_POINT('',(1.18E+03,-364.0321060432,322.92461782364));
#3028 = CARTESIAN_POINT('',(1.18E+03,-321.9676953507,255.38853529914));
#3029 = CARTESIAN_POINT('',(1.18E+03,-308.1930792741,172.8125));
#3030 = CARTESIAN_POINT('',(1.18E+03,-321.9676953507,90.236464700846));
#3031 = CARTESIAN_POINT('',(1.18E+03,-364.0321060431,22.700382176365));
#3032 = CARTESIAN_POINT('',(1.18E+03,-410.2608363226,0.177860190049));
#3033 = CARTESIAN_POINT('',(1.18E+03,-435.,0.));
#3034 = PCURVE('',#2959,#3035);
#3035 = DEFINITIONAL_REPRESENTATION('',(#3036),#3040);
#3036 = LINE('',#3037,#3038);
#3037 = CARTESIAN_POINT('',(1.,0.));
#3038 = VECTOR('',#3039,1.);
#3039 = DIRECTION('',(0.,1.));
#3040 = ( GEOMETRIC_REPRESENTATION_CONTEXT(2) 
PARAMETRIC_REPRESENTATION_CONTEXT() REPRESENTATION_CONTEXT('2D SPACE',''
  ) );
#3041 = ORIENTED_EDGE('',*,*,#3042,.F.);
#3042 = EDGE_CURVE('',#2945,#3021,#3043,.T.);
#3043 = SURFACE_CURVE('',#3044,(#3049),.PCURVE_S1.);
#3044 = B_SPLINE_CURVE_WITH_KNOTS('',3,(#3045,#3046,#3047,#3048),
  .UNSPECIFIED.,.F.,.F.,(4,4),(0.,1.),.PIECEWISE_BEZIER_KNOTS.);
#3045 = CARTESIAN_POINT('',(640.,-376.7210506462,0.));
#3046 = CARTESIAN_POINT('',(813.81225808896,-416.8802918897,0.));
#3047 = CARTESIAN_POINT('',(996.78336755468,-434.8001248446,0.));
#3048 = CARTESIAN_POINT('',(1.18E+03,-435.,0.));
#3049 = PCURVE('',#2959,#3050);
#3050 = DEFINITIONAL_REPRESENTATION('',(#3051),#3055);
#3051 = LINE('',#3052,#3053);
#3052 = CARTESIAN_POINT('',(0.,1.));
#3053 = VECTOR('',#3054,1.);
#3054 = DIRECTION('',(1.,0.));
#3055 = ( GEOMETRIC_REPRESENTATION_CONTEXT(2) 
PARAMETRIC_REPRESENTATION_CONTEXT() REPRESENTATION_CONTEXT('2D SPACE',''
  ) );
#3056 = ( GEOMETRIC_REPRESENTATION_CONTEXT(3) 
GLOBAL_UNCERTAINTY_ASSIGNED_CONTEXT((#3060)) 
GLOBAL_UNIT_ASSIGNED_CONTEXT((#3057,#3058,#3059)) REPRESENTATION_CONTEXT
('Context #1','3D Context with UNIT and UNCERTAINTY') );
#3057 = ( LENGTH_UNIT() NAMED_UNIT(*) SI_UNIT(.MILLI.,.METRE.) );
#3058 = ( NAMED_UNIT(*) PLANE_ANGLE_UNIT() SI_UNIT($,.RADIAN.) );
#3059 = ( NAMED_UNIT(*) SI_UNIT($,.STERADIAN.) SOLID_ANGLE_UNIT() );
#3060 = UNCERTAINTY_MEASURE_WITH_UNIT(LENGTH_MEASURE(1.E-07),#3057,
  'distance_accuracy_value','confusion accuracy');
#3061 = CONTEXT_DEPENDENT_SHAPE_REPRESENTATION(#3062,#3064);
#3062 = ( REPRESENTATION_RELATIONSHIP('','',#2935,#10) 
REPRESENTATION_RELATIONSHIP_WITH_TRANSFORMATION(#3063) 
SHAPE_REPRESENTATION_RELATIONSHIP() );
#3063 = ITEM_DEFINED_TRANSFORMATION('','',#11,#83);
#3064 = PRODUCT_DEFINITION_SHAPE('Placement','Placement of an item',
  #3065);
#3065 = NEXT_ASSEMBLY_USAGE_OCCURRENCE('60','L09','',#5,#2930,$);
#3066 = PRODUCT_RELATED_PRODUCT_CATEGORY('part',$,(#2932));
#3067 = SHAPE_DEFINITION_REPRESENTATION(#3068,#3074);
#3068 = PRODUCT_DEFINITION_SHAPE('','',#3069);
#3069 = PRODUCT_DEFINITION('design','',#3070,#3073);
#3070 = PRODUCT_DEFINITION_FORMATION('','',#3071);
#3071 = PRODUCT('O10','O10','',(#3072));
#3072 = PRODUCT_CONTEXT('',#2,'mechanical');
#3073 = PRODUCT_DEFINITION_CONTEXT('part definition',#2,'design');
#3074 = MANIFOLD_SURFACE_SHAPE_REPRESENTATION('',(#11,#3075),#3195);
#3075 = SHELL_BASED_SURFACE_MODEL('',(#3076));
#3076 = OPEN_SHELL('',(#3077));
#3077 = ADVANCED_FACE('',(#3078),#3098,.T.);
#3078 = FACE_BOUND('',#3079,.T.);
#3079 = EDGE_LOOP('',(#3080,#3141,#3158,#3180));
#3080 = ORIENTED_EDGE('',*,*,#3081,.F.);
#3081 = EDGE_CURVE('',#3082,#3084,#3086,.T.);
#3082 = VERTEX_POINT('',#3083);
#3083 = CARTESIAN_POINT('',(1.18E+03,-435.,0.));
#3084 = VERTEX_POINT('',#3085);
#3085 = CARTESIAN_POINT('',(1.18E+03,-435.,345.625));
#3086 = SURFACE_CURVE('',#3087,(#3097),.PCURVE_S1.);
#3087 = B_SPLINE_CURVE_WITH_KNOTS('',3,(#3088,#3089,#3090,#3091,#3092,
    #3093,#3094,#3095,#3096),.UNSPECIFIED.,.F.,.F.,(4,1,1,1,1,1,4),(0.,
    0.146137021167,0.313523775699,0.5,0.686476224301,0.853862978833,1.),
  .UNSPECIFIED.);
#3088 = CARTESIAN_POINT('',(1.18E+03,-435.,0.));
#3089 = CARTESIAN_POINT('',(1.18E+03,-457.3537322305,-0.246456772399));
#3090 = CARTESIAN_POINT('',(1.18E+03,-503.2658018337,19.80397857514));
#3091 = CARTESIAN_POINT('',(1.18E+03,-547.1080422735,87.335454958239));
#3092 = CARTESIAN_POINT('',(1.18E+03,-562.195629213,172.8125));
#3093 = CARTESIAN_POINT('',(1.18E+03,-547.1080422735,258.28954504176));
#3094 = CARTESIAN_POINT('',(1.18E+03,-503.2658018337,325.82102142486));
#3095 = CARTESIAN_POINT('',(1.18E+03,-457.3537322305,345.87145677239));
#3096 = CARTESIAN_POINT('',(1.18E+03,-435.,345.625));
#3097 = PCURVE('',#3098,#3135);
#3098 = B_SPLINE_SURFACE_WITH_KNOTS('',3,3,(
    (#3099,#3100,#3101,#3102,#3103,#3104,#3105,#3106,#3107)
    ,(#3108,#3109,#3110,#3111,#3112,#3113,#3114,#3115,#3116)
    ,(#3117,#3118,#3119,#3120,#3121,#3122,#3123,#3124,#3125)
    ,(#3126,#3127,#3128,#3129,#3130,#3131,#3132,#3133,#3134
  )),.UNSPECIFIED.,.F.,.F.,.F.,(4,4),(4,1,1,1,1,1,4),(0.,1.),(0.,
    0.146137021167,0.313523775699,0.5,0.686476224301,0.853862978833,1.),
  .UNSPECIFIED.);
#3099 = CARTESIAN_POINT('',(1.18E+03,-435.,0.));
#3100 = CARTESIAN_POINT('',(1.18E+03,-457.3537322305,-0.246456772399));
#3101 = CARTESIAN_POINT('',(1.18E+03,-503.2658018337,19.80397857514));
#3102 = CARTESIAN_POINT('',(1.18E+03,-547.1080422735,87.335454958239));
#3103 = CARTESIAN_POINT('',(1.18E+03,-562.195629213,172.8125));
#3104 = CARTESIAN_POINT('',(1.18E+03,-547.1080422735,258.28954504176));
#3105 = CARTESIAN_POINT('',(1.18E+03,-503.2658018337,325.82102142486));
#3106 = CARTESIAN_POINT('',(1.18E+03,-457.3537322305,345.87145677239));
#3107 = CARTESIAN_POINT('',(1.18E+03,-435.,345.625));
#3108 = CARTESIAN_POINT('',(1.358736799857E+03,-435.0103254625,0.));
#3109 = CARTESIAN_POINT('',(1.360235478414E+03,-457.3628240837,
    -0.229613866289));
#3110 = CARTESIAN_POINT('',(1.363313596801E+03,-503.2723599911,
    18.450570638749));
#3111 = CARTESIAN_POINT('',(1.366252946031E+03,-547.1121809604,
    81.366932147515));
#3112 = CARTESIAN_POINT('',(1.36726447479E+03,-562.1989352789,
    161.00245849141));
#3113 = CARTESIAN_POINT('',(1.366252946031E+03,-547.1121809604,
    240.6379848353));
#3114 = CARTESIAN_POINT('',(1.363313596801E+03,-503.2723599912,
    303.55434634407));
#3115 = CARTESIAN_POINT('',(1.360235478414E+03,-457.3628240837,
    322.23453084911));
#3116 = CARTESIAN_POINT('',(1.358736799857E+03,-435.0103254625,
    322.00491698282));
#3117 = CARTESIAN_POINT('',(1.54651036898E+03,-417.035411197,0.));
#3118 = CARTESIAN_POINT('',(1.549539127311E+03,-438.9094001193,
    -0.224719399193));
#3119 = CARTESIAN_POINT('',(1.555759858681E+03,-483.8361305434,
    18.057276834851));
#3120 = CARTESIAN_POINT('',(1.561700144161E+03,-526.737453321,
    79.632508270747));
#3121 = CARTESIAN_POINT('',(1.56374439584E+03,-541.5012389016,
    157.57051751913));
#3122 = CARTESIAN_POINT('',(1.561700144161E+03,-526.737453321,
    235.50852676751));
#3123 = CARTESIAN_POINT('',(1.555759858681E+03,-483.8361305434,
    297.08375820341));
#3124 = CARTESIAN_POINT('',(1.549539127311E+03,-438.9094001193,
    315.36575443745));
#3125 = CARTESIAN_POINT('',(1.54651036898E+03,-417.035411197,
    315.14103503826));
#3126 = CARTESIAN_POINT('',(1.72E+03,-376.7210506462,0.));
#3127 = CARTESIAN_POINT('',(1.724834871294E+03,-397.5122739728,
    -0.222641159786));
#3128 = CARTESIAN_POINT('',(1.734765156987E+03,-440.2151247837,
    17.89028037422));
#3129 = CARTESIAN_POINT('',(1.744247760946E+03,-480.9928259176,
    78.896054642993));
#3130 = CARTESIAN_POINT('',(1.747511043347E+03,-495.02580199,
    156.11328125));
#3131 = CARTESIAN_POINT('',(1.744247760946E+03,-480.9928259176,
    233.330507857));
#3132 = CARTESIAN_POINT('',(1.734765156987E+03,-440.2151247837,
    294.33628212578));
#3133 = CARTESIAN_POINT('',(1.724834871294E+03,-397.5122739728,
    312.44920365978));
#3134 = CARTESIAN_POINT('',(1.72E+03,-376.7210506462,312.2265625));
#3135 = DEFINITIONAL_REPRESENTATION('',(#3136),#3140);
#3136 = LINE('',#3137,#3138);
#3137 = CARTESIAN_POINT('',(0.,0.));
#3138 = VECTOR('',#3139,1.);
#3139 = DIRECTION('',(0.,1.));
#3140 = ( GEOMETRIC_REPRESENTATION_CONTEXT(2) 
PARAMETRIC_REPRESENTATION_CONTEXT() REPRESENTATION_CONTEXT('2D SPACE',''
  ) );
#3141 = ORIENTED_EDGE('',*,*,#3142,.T.);
#3142 = EDGE_CURVE('',#3082,#3143,#3145,.T.);
#3143 = VERTEX_POINT('',#3144);
#3144 = CARTESIAN_POINT('',(1.72E+03,-376.7210506462,0.));
#3145 = SURFACE_CURVE('',#3146,(#3151),.PCURVE_S1.);
#3146 = B_SPLINE_CURVE_WITH_KNOTS('',3,(#3147,#3148,#3149,#3150),
  .UNSPECIFIED.,.F.,.F.,(4,4),(0.,1.),.PIECEWISE_BEZIER_KNOTS.);
#3147 = CARTESIAN_POINT('',(1.18E+03,-435.,0.));
#3148 = CARTESIAN_POINT('',(1.358736799857E+03,-435.0103254625,0.));
#3149 = CARTESIAN_POINT('',(1.54651036898E+03,-417.035411197,0.));
#3150 = CARTESIAN_POINT('',(1.72E+03,-376.7210506462,0.));
#3151 = PCURVE('',#3098,#3152);
#3152 = DEFINITIONAL_REPRESENTATION('',(#3153),#3157);
#3153 = LINE('',#3154,#3155);
#3154 = CARTESIAN_POINT('',(0.,0.));
#3155 = VECTOR('',#3156,1.);
#3156 = DIRECTION('',(1.,0.));
#3157 = ( GEOMETRIC_REPRESENTATION_CONTEXT(2) 
PARAMETRIC_REPRESENTATION_CONTEXT() REPRESENTATION_CONTEXT('2D SPACE',''
  ) );
#3158 = ORIENTED_EDGE('',*,*,#3159,.T.);
#3159 = EDGE_CURVE('',#3143,#3160,#3162,.T.);
#3160 = VERTEX_POINT('',#3161);
#3161 = CARTESIAN_POINT('',(1.72E+03,-376.7210506462,312.2265625));
#3162 = SURFACE_CURVE('',#3163,(#3173),.PCURVE_S1.);
#3163 = B_SPLINE_CURVE_WITH_KNOTS('',3,(#3164,#3165,#3166,#3167,#3168,
    #3169,#3170,#3171,#3172),.UNSPECIFIED.,.F.,.F.,(4,1,1,1,1,1,4),(0.,
    0.146137021167,0.313523775699,0.5,0.686476224301,0.853862978833,1.),
  .UNSPECIFIED.);
#3164 = CARTESIAN_POINT('',(1.72E+03,-376.7210506462,0.));
#3165 = CARTESIAN_POINT('',(1.724834871294E+03,-397.5122739728,
    -0.222641159786));
#3166 = CARTESIAN_POINT('',(1.734765156987E+03,-440.2151247837,
    17.89028037422));
#3167 = CARTESIAN_POINT('',(1.744247760946E+03,-480.9928259176,
    78.896054642993));
#3168 = CARTESIAN_POINT('',(1.747511043347E+03,-495.02580199,
    156.11328125));
#3169 = CARTESIAN_POINT('',(1.744247760946E+03,-480.9928259176,
    233.330507857));
#3170 = CARTESIAN_POINT('',(1.734765156987E+03,-440.2151247837,
    294.33628212578));
#3171 = CARTESIAN_POINT('',(1.724834871294E+03,-397.5122739728,
    312.44920365978));
#3172 = CARTESIAN_POINT('',(1.72E+03,-376.7210506462,312.2265625));
#3173 = PCURVE('',#3098,#3174);
#3174 = DEFINITIONAL_REPRESENTATION('',(#3175),#3179);
#3175 = LINE('',#3176,#3177);
#3176 = CARTESIAN_POINT('',(1.,0.));
#3177 = VECTOR('',#3178,1.);
#3178 = DIRECTION('',(0.,1.));
#3179 = ( GEOMETRIC_REPRESENTATION_CONTEXT(2) 
PARAMETRIC_REPRESENTATION_CONTEXT() REPRESENTATION_CONTEXT('2D SPACE',''
  ) );
#3180 = ORIENTED_EDGE('',*,*,#3181,.F.);
#3181 = EDGE_CURVE('',#3084,#3160,#3182,.T.);
#3182 = SURFACE_CURVE('',#3183,(#3188),.PCURVE_S1.);
#3183 = B_SPLINE_CURVE_WITH_KNOTS('',3,(#3184,#3185,#3186,#3187),
  .UNSPECIFIED.,.F.,.F.,(4,4),(0.,1.),.PIECEWISE_BEZIER_KNOTS.);
#3184 = CARTESIAN_POINT('',(1.18E+03,-435.,345.625));
#3185 = CARTESIAN_POINT('',(1.358736799857E+03,-435.0103254625,
    322.00491698282));
#3186 = CARTESIAN_POINT('',(1.54651036898E+03,-417.035411197,
    315.14103503826));
#3187 = CARTESIAN_POINT('',(1.72E+03,-376.7210506462,312.2265625));
#3188 = PCURVE('',#3098,#3189);
#3189 = DEFINITIONAL_REPRESENTATION('',(#3190),#3194);
#3190 = LINE('',#3191,#3192);
#3191 = CARTESIAN_POINT('',(0.,1.));
#3192 = VECTOR('',#3193,1.);
#3193 = DIRECTION('',(1.,0.));
#3194 = ( GEOMETRIC_REPRESENTATION_CONTEXT(2) 
PARAMETRIC_REPRESENTATION_CONTEXT() REPRESENTATION_CONTEXT('2D SPACE',''
  ) );
#3195 = ( GEOMETRIC_REPRESENTATION_CONTEXT(3) 
GLOBAL_UNCERTAINTY_ASSIGNED_CONTEXT((#3199)) 
GLOBAL_UNIT_ASSIGNED_CONTEXT((#3196,#3197,#3198)) REPRESENTATION_CONTEXT
('Context #1','3D Context with UNIT and UNCERTAINTY') );
#3196 = ( LENGTH_UNIT() NAMED_UNIT(*) SI_UNIT(.MILLI.,.METRE.) );
#3197 = ( NAMED_UNIT(*) PLANE_ANGLE_UNIT() SI_UNIT($,.RADIAN.) );
#3198 = ( NAMED_UNIT(*) SI_UNIT($,.STERADIAN.) SOLID_ANGLE_UNIT() );
#3199 = UNCERTAINTY_MEASURE_WITH_UNIT(LENGTH_MEASURE(1.E-07),#3196,
  'distance_accuracy_value','confusion accuracy');
#3200 = CONTEXT_DEPENDENT_SHAPE_REPRESENTATION(#3201,#3203);
#3201 = ( REPRESENTATION_RELATIONSHIP('','',#3074,#10) 
REPRESENTATION_RELATIONSHIP_WITH_TRANSFORMATION(#3202) 
SHAPE_REPRESENTATION_RELATIONSHIP() );
#3202 = ITEM_DEFINED_TRANSFORMATION('','',#11,#87);
#3203 = PRODUCT_DEFINITION_SHAPE('Placement','Placement of an item',
  #3204);
#3204 = NEXT_ASSEMBLY_USAGE_OCCURRENCE('61','O10','',#5,#3069,$);
#3205 = PRODUCT_RELATED_PRODUCT_CATEGORY('part',$,(#3071));
#3206 = SHAPE_DEFINITION_REPRESENTATION(#3207,#3213);
#3207 = PRODUCT_DEFINITION_SHAPE('','',#3208);
#3208 = PRODUCT_DEFINITION('design','',#3209,#3212);
#3209 = PRODUCT_DEFINITION_FORMATION('','',#3210);
#3210 = PRODUCT('L10','L10','',(#3211));
#3211 = PRODUCT_CONTEXT('',#2,'mechanical');
#3212 = PRODUCT_DEFINITION_CONTEXT('part definition',#2,'design');
#3213 = MANIFOLD_SURFACE_SHAPE_REPRESENTATION('',(#11,#3214),#3334);
#3214 = SHELL_BASED_SURFACE_MODEL('',(#3215));
#3215 = OPEN_SHELL('',(#3216));
#3216 = ADVANCED_FACE('',(#3217),#3237,.T.);
#3217 = FACE_BOUND('',#3218,.T.);
#3218 = EDGE_LOOP('',(#3219,#3280,#3297,#3319));
#3219 = ORIENTED_EDGE('',*,*,#3220,.F.);
#3220 = EDGE_CURVE('',#3221,#3223,#3225,.T.);
#3221 = VERTEX_POINT('',#3222);
#3222 = CARTESIAN_POINT('',(1.18E+03,-435.,345.625));
#3223 = VERTEX_POINT('',#3224);
#3224 = CARTESIAN_POINT('',(1.18E+03,-435.,0.));
#3225 = SURFACE_CURVE('',#3226,(#3236),.PCURVE_S1.);
#3226 = B_SPLINE_CURVE_WITH_KNOTS('',3,(#3227,#3228,#3229,#3230,#3231,
    #3232,#3233,#3234,#3235),.UNSPECIFIED.,.F.,.F.,(4,1,1,1,1,1,4),(0.,
    0.146137021167,0.313523775699,0.5,0.686476224301,0.853862978833,1.),
  .UNSPECIFIED.);
#3227 = CARTESIAN_POINT('',(1.18E+03,-435.,345.625));
#3228 = CARTESIAN_POINT('',(1.18E+03,-412.6462677694,345.87145677239));
#3229 = CARTESIAN_POINT('',(1.18E+03,-366.7341981662,325.82102142486));
#3230 = CARTESIAN_POINT('',(1.18E+03,-322.8919577264,258.28954504175));
#3231 = CARTESIAN_POINT('',(1.18E+03,-307.8043707869,172.8125));
#3232 = CARTESIAN_POINT('',(1.18E+03,-322.8919577264,87.33545495824));
#3233 = CARTESIAN_POINT('',(1.18E+03,-366.7341981662,19.803978575139));
#3234 = CARTESIAN_POINT('',(1.18E+03,-412.6462677694,-0.246456772398));
#3235 = CARTESIAN_POINT('',(1.18E+03,-435.,0.));
#3236 = PCURVE('',#3237,#3274);
#3237 = B_SPLINE_SURFACE_WITH_KNOTS('',3,3,(
    (#3238,#3239,#3240,#3241,#3242,#3243,#3244,#3245,#3246)
    ,(#3247,#3248,#3249,#3250,#3251,#3252,#3253,#3254,#3255)
    ,(#3256,#3257,#3258,#3259,#3260,#3261,#3262,#3263,#3264)
    ,(#3265,#3266,#3267,#3268,#3269,#3270,#3271,#3272,#3273
  )),.UNSPECIFIED.,.F.,.F.,.F.,(4,4),(4,1,1,1,1,1,4),(0.,1.),(0.,
    0.146137021167,0.313523775699,0.5,0.686476224301,0.853862978833,1.),
  .UNSPECIFIED.);
#3238 = CARTESIAN_POINT('',(1.18E+03,-435.,345.625));
#3239 = CARTESIAN_POINT('',(1.18E+03,-412.6462677694,345.87145677239));
#3240 = CARTESIAN_POINT('',(1.18E+03,-366.7341981662,325.82102142486));
#3241 = CARTESIAN_POINT('',(1.18E+03,-322.8919577264,258.28954504175));
#3242 = CARTESIAN_POINT('',(1.18E+03,-307.8043707869,172.8125));
#3243 = CARTESIAN_POINT('',(1.18E+03,-322.8919577264,87.33545495824));
#3244 = CARTESIAN_POINT('',(1.18E+03,-366.7341981662,19.803978575139));
#3245 = CARTESIAN_POINT('',(1.18E+03,-412.6462677694,-0.246456772398));
#3246 = CARTESIAN_POINT('',(1.18E+03,-435.,0.));
#3247 = CARTESIAN_POINT('',(1.357389605617E+03,-434.9977547937,
    322.16032580884));
#3248 = CARTESIAN_POINT('',(1.355901497458E+03,-412.6455922602,
    322.39005049338));
#3249 = CARTESIAN_POINT('',(1.352845089487E+03,-366.7367466395,
    303.70085039451));
#3250 = CARTESIAN_POINT('',(1.349926471914E+03,-322.8975848371,
    240.75412364172));
#3251 = CARTESIAN_POINT('',(1.348922077614E+03,-307.8110573601,
    161.08016290442));
#3252 = CARTESIAN_POINT('',(1.349926471914E+03,-322.8975848371,
    81.406202167118));
#3253 = CARTESIAN_POINT('',(1.352845089487E+03,-366.7367466395,
    18.459475414331));
#3254 = CARTESIAN_POINT('',(1.355901497458E+03,-412.6455922602,
    -0.229724684538));
#3255 = CARTESIAN_POINT('',(1.357389605617E+03,-434.9977547937,0.));
#3256 = CARTESIAN_POINT('',(1.545140133587E+03,-417.336904716,
    315.14336201693));
#3257 = CARTESIAN_POINT('',(1.542124819205E+03,-395.4548406009,
    315.36808307544));
#3258 = CARTESIAN_POINT('',(1.535931700207E+03,-350.5115246324,
    297.08595184845));
#3259 = CARTESIAN_POINT('',(1.530017782265E+03,-307.5943640278,
    235.51026574549));
#3260 = CARTESIAN_POINT('',(1.527982604541E+03,-292.8251281191,
    157.57168100846));
#3261 = CARTESIAN_POINT('',(1.530017782265E+03,-307.5943640278,
    79.633096271446));
#3262 = CARTESIAN_POINT('',(1.535931700207E+03,-350.5115246324,
    18.05741016848));
#3263 = CARTESIAN_POINT('',(1.542124819205E+03,-395.4548406009,
    -0.224721058504));
#3264 = CARTESIAN_POINT('',(1.545140133587E+03,-417.336904716,0.));
#3265 = CARTESIAN_POINT('',(1.72E+03,-376.7210506462,312.2265625));
#3266 = CARTESIAN_POINT('',(1.715165128706E+03,-355.9298273195,
    312.44920365978));
#3267 = CARTESIAN_POINT('',(1.705234843013E+03,-313.2269765086,
    294.33628212578));
#3268 = CARTESIAN_POINT('',(1.695752239054E+03,-272.4492753748,
    233.330507857));
#3269 = CARTESIAN_POINT('',(1.692488956653E+03,-258.4162993024,
    156.11328125));
#3270 = CARTESIAN_POINT('',(1.695752239054E+03,-272.4492753748,
    78.896054642994));
#3271 = CARTESIAN_POINT('',(1.705234843013E+03,-313.2269765086,
    17.890280374218));
#3272 = CARTESIAN_POINT('',(1.715165128706E+03,-355.9298273195,
    -0.222641159785));
#3273 = CARTESIAN_POINT('',(1.72E+03,-376.7210506462,0.));
#3274 = DEFINITIONAL_REPRESENTATION('',(#3275),#3279);
#3275 = LINE('',#3276,#3277);
#3276 = CARTESIAN_POINT('',(0.,0.));
#3277 = VECTOR('',#3278,1.);
#3278 = DIRECTION('',(0.,1.));
#3279 = ( GEOMETRIC_REPRESENTATION_CONTEXT(2) 
PARAMETRIC_REPRESENTATION_CONTEXT() REPRESENTATION_CONTEXT('2D SPACE',''
  ) );
#3280 = ORIENTED_EDGE('',*,*,#3281,.T.);
#3281 = EDGE_CURVE('',#3221,#3282,#3284,.T.);
#3282 = VERTEX_POINT('',#3283);
#3283 = CARTESIAN_POINT('',(1.72E+03,-376.7210506462,312.2265625));
#3284 = SURFACE_CURVE('',#3285,(#3290),.PCURVE_S1.);
#3285 = B_SPLINE_CURVE_WITH_KNOTS('',3,(#3286,#3287,#3288,#3289),
  .UNSPECIFIED.,.F.,.F.,(4,4),(0.,1.),.PIECEWISE_BEZIER_KNOTS.);
#3286 = CARTESIAN_POINT('',(1.18E+03,-435.,345.625));
#3287 = CARTESIAN_POINT('',(1.357389605617E+03,-434.9977547937,
    322.16032580884));
#3288 = CARTESIAN_POINT('',(1.545140133587E+03,-417.336904716,
    315.14336201693));
#3289 = CARTESIAN_POINT('',(1.72E+03,-376.7210506462,312.2265625));
#3290 = PCURVE('',#3237,#3291);
#3291 = DEFINITIONAL_REPRESENTATION('',(#3292),#3296);
#3292 = LINE('',#3293,#3294);
#3293 = CARTESIAN_POINT('',(0.,0.));
#3294 = VECTOR('',#3295,1.);
#3295 = DIRECTION('',(1.,0.));
#3296 = ( GEOMETRIC_REPRESENTATION_CONTEXT(2) 
PARAMETRIC_REPRESENTATION_CONTEXT() REPRESENTATION_CONTEXT('2D SPACE',''
  ) );
#3297 = ORIENTED_EDGE('',*,*,#3298,.T.);
#3298 = EDGE_CURVE('',#3282,#3299,#3301,.T.);
#3299 = VERTEX_POINT('',#3300);
#3300 = CARTESIAN_POINT('',(1.72E+03,-376.7210506462,0.));
#3301 = SURFACE_CURVE('',#3302,(#3312),.PCURVE_S1.);
#3302 = B_SPLINE_CURVE_WITH_KNOTS('',3,(#3303,#3304,#3305,#3306,#3307,
    #3308,#3309,#3310,#3311),.UNSPECIFIED.,.F.,.F.,(4,1,1,1,1,1,4),(0.,
    0.146137021167,0.313523775699,0.5,0.686476224301,0.853862978833,1.),
  .UNSPECIFIED.);
#3303 = CARTESIAN_POINT('',(1.72E+03,-376.7210506462,312.2265625));
#3304 = CARTESIAN_POINT('',(1.715165128706E+03,-355.9298273195,
    312.44920365978));
#3305 = CARTESIAN_POINT('',(1.705234843013E+03,-313.2269765086,
    294.33628212578));
#3306 = CARTESIAN_POINT('',(1.695752239054E+03,-272.4492753748,
    233.330507857));
#3307 = CARTESIAN_POINT('',(1.692488956653E+03,-258.4162993024,
    156.11328125));
#3308 = CARTESIAN_POINT('',(1.695752239054E+03,-272.4492753748,
    78.896054642994));
#3309 = CARTESIAN_POINT('',(1.705234843013E+03,-313.2269765086,
    17.890280374218));
#3310 = CARTESIAN_POINT('',(1.715165128706E+03,-355.9298273195,
    -0.222641159785));
#3311 = CARTESIAN_POINT('',(1.72E+03,-376.7210506462,0.));
#3312 = PCURVE('',#3237,#3313);
#3313 = DEFINITIONAL_REPRESENTATION('',(#3314),#3318);
#3314 = LINE('',#3315,#3316);
#3315 = CARTESIAN_POINT('',(1.,0.));
#3316 = VECTOR('',#3317,1.);
#3317 = DIRECTION('',(0.,1.));
#3318 = ( GEOMETRIC_REPRESENTATION_CONTEXT(2) 
PARAMETRIC_REPRESENTATION_CONTEXT() REPRESENTATION_CONTEXT('2D SPACE',''
  ) );
#3319 = ORIENTED_EDGE('',*,*,#3320,.F.);
#3320 = EDGE_CURVE('',#3223,#3299,#3321,.T.);
#3321 = SURFACE_CURVE('',#3322,(#3327),.PCURVE_S1.);
#3322 = B_SPLINE_CURVE_WITH_KNOTS('',3,(#3323,#3324,#3325,#3326),
  .UNSPECIFIED.,.F.,.F.,(4,4),(0.,1.),.PIECEWISE_BEZIER_KNOTS.);
#3323 = CARTESIAN_POINT('',(1.18E+03,-435.,0.));
#3324 = CARTESIAN_POINT('',(1.357389605617E+03,-434.9977547937,0.));
#3325 = CARTESIAN_POINT('',(1.545140133587E+03,-417.336904716,0.));
#3326 = CARTESIAN_POINT('',(1.72E+03,-376.7210506462,0.));
#3327 = PCURVE('',#3237,#3328);
#3328 = DEFINITIONAL_REPRESENTATION('',(#3329),#3333);
#3329 = LINE('',#3330,#3331);
#3330 = CARTESIAN_POINT('',(0.,1.));
#3331 = VECTOR('',#3332,1.);
#3332 = DIRECTION('',(1.,0.));
#3333 = ( GEOMETRIC_REPRESENTATION_CONTEXT(2) 
PARAMETRIC_REPRESENTATION_CONTEXT() REPRESENTATION_CONTEXT('2D SPACE',''
  ) );
#3334 = ( GEOMETRIC_REPRESENTATION_CONTEXT(3) 
GLOBAL_UNCERTAINTY_ASSIGNED_CONTEXT((#3338)) 
GLOBAL_UNIT_ASSIGNED_CONTEXT((#3335,#3336,#3337)) REPRESENTATION_CONTEXT
('Context #1','3D Context with UNIT and UNCERTAINTY') );
#3335 = ( LENGTH_UNIT() NAMED_UNIT(*) SI_UNIT(.MILLI.,.METRE.) );
#3336 = ( NAMED_UNIT(*) PLANE_ANGLE_UNIT() SI_UNIT($,.RADIAN.) );
#3337 = ( NAMED_UNIT(*) SI_UNIT($,.STERADIAN.) SOLID_ANGLE_UNIT() );
#3338 = UNCERTAINTY_MEASURE_WITH_UNIT(LENGTH_MEASURE(1.E-07),#3335,
  'distance_accuracy_value','confusion accuracy');
#3339 = CONTEXT_DEPENDENT_SHAPE_REPRESENTATION(#3340,#3342);
#3340 = ( REPRESENTATION_RELATIONSHIP('','',#3213,#10) 
REPRESENTATION_RELATIONSHIP_WITH_TRANSFORMATION(#3341) 
SHAPE_REPRESENTATION_RELATIONSHIP() );
#3341 = ITEM_DEFINED_TRANSFORMATION('','',#11,#91);
#3342 = PRODUCT_DEFINITION_SHAPE('Placement','Placement of an item',
  #3343);
#3343 = NEXT_ASSEMBLY_USAGE_OCCURRENCE('62','L10','',#5,#3208,$);
#3344 = PRODUCT_RELATED_PRODUCT_CATEGORY('part',$,(#3210));
#3345 = SHAPE_DEFINITION_REPRESENTATION(#3346,#3352);
#3346 = PRODUCT_DEFINITION_SHAPE('','',#3347);
#3347 = PRODUCT_DEFINITION('design','',#3348,#3351);
#3348 = PRODUCT_DEFINITION_FORMATION('','',#3349);
#3349 = PRODUCT('O11','O11','',(#3350));
#3350 = PRODUCT_CONTEXT('',#2,'mechanical');
#3351 = PRODUCT_DEFINITION_CONTEXT('part definition',#2,'design');
#3352 = MANIFOLD_SURFACE_SHAPE_REPRESENTATION('',(#11,#3353),#3484);
#3353 = SHELL_BASED_SURFACE_MODEL('',(#3354));
#3354 = OPEN_SHELL('',(#3355));
#3355 = ADVANCED_FACE('',(#3356),#3376,.T.);
#3356 = FACE_BOUND('',#3357,.T.);
#3357 = EDGE_LOOP('',(#3358,#3428,#3446,#3468));
#3358 = ORIENTED_EDGE('',*,*,#3359,.F.);
#3359 = EDGE_CURVE('',#3360,#3362,#3364,.T.);
#3360 = VERTEX_POINT('',#3361);
#3361 = CARTESIAN_POINT('',(1.72E+03,-376.7210506462,0.));
#3362 = VERTEX_POINT('',#3363);
#3363 = CARTESIAN_POINT('',(1.72E+03,-376.7210506462,312.2265625));
#3364 = SURFACE_CURVE('',#3365,(#3375),.PCURVE_S1.);
#3365 = B_SPLINE_CURVE_WITH_KNOTS('',3,(#3366,#3367,#3368,#3369,#3370,
    #3371,#3372,#3373,#3374),.UNSPECIFIED.,.F.,.F.,(4,1,1,1,1,1,4),(0.,
    0.143798080145,0.311355279633,0.5,0.688644720367,0.856201919855,1.),
  .UNSPECIFIED.);
#3366 = CARTESIAN_POINT('',(1.72E+03,-376.7210506462,0.));
#3367 = CARTESIAN_POINT('',(1.724883252305E+03,-397.7203250994,
    -0.215962807659));
#3368 = CARTESIAN_POINT('',(1.734872258007E+03,-440.675687453,
    18.313192014633));
#3369 = CARTESIAN_POINT('',(1.744274124143E+03,-481.1061946245,
    79.320409997084));
#3370 = CARTESIAN_POINT('',(1.747503066911E+03,-494.9915012062,
    156.11328124999));
#3371 = CARTESIAN_POINT('',(1.744274124143E+03,-481.1061946245,
    232.90615250291));
#3372 = CARTESIAN_POINT('',(1.734872258007E+03,-440.675687453,
    293.91337048536));
#3373 = CARTESIAN_POINT('',(1.724883252305E+03,-397.7203250994,
    312.44252530766));
#3374 = CARTESIAN_POINT('',(1.72E+03,-376.7210506462,312.2265625));
#3375 = PCURVE('',#3376,#3422);
#3376 = B_SPLINE_SURFACE_WITH_KNOTS('',3,3,(
    (#3377,#3378,#3379,#3380,#3381,#3382,#3383,#3384,#3385)
    ,(#3386,#3387,#3388,#3389,#3390,#3391,#3392,#3393,#3394)
    ,(#3395,#3396,#3397,#3398,#3399,#3400,#3401,#3402,#3403)
    ,(#3404,#3405,#3406,#3407,#3408,#3409,#3410,#3411,#3412)
    ,(#3413,#3414,#3415,#3416,#3417,#3418,#3419,#3420,#3421
  )),.UNSPECIFIED.,.F.,.F.,.F.,(4,1,4),(4,1,1,1,1,1,4),(0.,
    0.540760026343,1.),(0.,0.143798080145,0.311355279633,0.5,
    0.688644720367,0.856201919855,1.),.UNSPECIFIED.);
#3377 = CARTESIAN_POINT('',(1.72E+03,-376.7210506462,0.));
#3378 = CARTESIAN_POINT('',(1.724883252305E+03,-397.7203250994,
    -0.215962807659));
#3379 = CARTESIAN_POINT('',(1.734872258007E+03,-440.675687453,
    18.313192014633));
#3380 = CARTESIAN_POINT('',(1.744274124143E+03,-481.1061946245,
    79.320409997084));
#3381 = CARTESIAN_POINT('',(1.747503066911E+03,-494.9915012062,
    156.11328124999));
#3382 = CARTESIAN_POINT('',(1.744274124143E+03,-481.1061946245,
    232.90615250291));
#3383 = CARTESIAN_POINT('',(1.734872258007E+03,-440.675687453,
    293.91337048536));
#3384 = CARTESIAN_POINT('',(1.724883252305E+03,-397.7203250994,
    312.44252530766));
#3385 = CARTESIAN_POINT('',(1.72E+03,-376.7210506462,312.2265625));
#3386 = CARTESIAN_POINT('',(1.79652926778E+03,-358.8724360239,0.));
#3387 = CARTESIAN_POINT('',(1.802226962914E+03,-379.3859434494,
    -0.21509699664));
#3388 = CARTESIAN_POINT('',(1.813881963642E+03,-421.3476382008,
    18.239773060729));
#3389 = CARTESIAN_POINT('',(1.824851899984E+03,-460.8428841402,
    79.00240855198));
#3390 = CARTESIAN_POINT('',(1.828619375089E+03,-474.4069880003,
    155.4874114513));
#3391 = CARTESIAN_POINT('',(1.824851899984E+03,-460.8428841402,
    231.97241435062));
#3392 = CARTESIAN_POINT('',(1.813881963642E+03,-421.3476382008,
    292.73504984187));
#3393 = CARTESIAN_POINT('',(1.802226962914E+03,-379.3859434494,
    311.18991989924));
#3394 = CARTESIAN_POINT('',(1.79652926778E+03,-358.8724360239,
    310.9748229026));
#3395 = CARTESIAN_POINT('',(1.935752088478E+03,-317.5268279171,0.));
#3396 = CARTESIAN_POINT('',(1.943075403036E+03,-336.9138847168,
    -0.214490735591));
#3397 = CARTESIAN_POINT('',(1.958055712531E+03,-376.5713524856,
    18.188363398418));
#3398 = CARTESIAN_POINT('',(1.972155500712E+03,-413.8978106314,
    78.779736530132));
#3399 = CARTESIAN_POINT('',(1.97699788077E+03,-426.7170738864,
    155.0491628344));
#3400 = CARTESIAN_POINT('',(1.972155500712E+03,-413.8978106314,
    231.31858913867));
#3401 = CARTESIAN_POINT('',(1.958055712531E+03,-376.5713524856,
    291.90996227038));
#3402 = CARTESIAN_POINT('',(1.943075403036E+03,-336.9138847168,
    310.31281640439));
#3403 = CARTESIAN_POINT('',(1.935752088478E+03,-317.5268279171,
    310.0983256688));
#3404 = CARTESIAN_POINT('',(2.063202995269E+03,-253.7110929715,0.));
#3405 = CARTESIAN_POINT('',(2.072902719035E+03,-271.1418127796,
    -0.214444071547));
#3406 = CARTESIAN_POINT('',(2.092744125938E+03,-306.7974677929,
    18.184406385609));
#3407 = CARTESIAN_POINT('',(2.111419283127E+03,-340.3573340526,
    78.762597416532));
#3408 = CARTESIAN_POINT('',(2.117833011303E+03,-351.8830126666,
    155.01543074373));
#3409 = CARTESIAN_POINT('',(2.111419283127E+03,-340.3573340526,
    231.26826407093));
#3410 = CARTESIAN_POINT('',(2.092744125938E+03,-306.7974677929,
    291.84645510185));
#3411 = CARTESIAN_POINT('',(2.072902719035E+03,-271.1418127795,
    310.24530555901));
#3412 = CARTESIAN_POINT('',(2.063202995269E+03,-253.7110929715,
    310.03086148746));
#3413 = CARTESIAN_POINT('',(2.115307436087E+03,-217.5,0.));
#3414 = CARTESIAN_POINT('',(2.126478199794E+03,-233.5124112823,
    -0.214430663863));
#3415 = CARTESIAN_POINT('',(2.149328713218E+03,-266.2668252654,
    18.183269442165));
#3416 = CARTESIAN_POINT('',(2.170836105922E+03,-297.0959813215,
    78.757672943503));
#3417 = CARTESIAN_POINT('',(2.17822252678E+03,-307.6838347382,
    155.00573871562));
#3418 = CARTESIAN_POINT('',(2.170836105922E+03,-297.0959813215,
    231.25380448775));
#3419 = CARTESIAN_POINT('',(2.149328713218E+03,-266.2668252654,
    291.82820798908));
#3420 = CARTESIAN_POINT('',(2.126478199794E+03,-233.5124112823,
    310.22590809511));
#3421 = CARTESIAN_POINT('',(2.115307436087E+03,-217.5,310.01147743125));
#3422 = DEFINITIONAL_REPRESENTATION('',(#3423),#3427);
#3423 = LINE('',#3424,#3425);
#3424 = CARTESIAN_POINT('',(0.,0.));
#3425 = VECTOR('',#3426,1.);
#3426 = DIRECTION('',(0.,1.));
#3427 = ( GEOMETRIC_REPRESENTATION_CONTEXT(2) 
PARAMETRIC_REPRESENTATION_CONTEXT() REPRESENTATION_CONTEXT('2D SPACE',''
  ) );
#3428 = ORIENTED_EDGE('',*,*,#3429,.T.);
#3429 = EDGE_CURVE('',#3360,#3430,#3432,.T.);
#3430 = VERTEX_POINT('',#3431);
#3431 = CARTESIAN_POINT('',(2.115307436087E+03,-217.5,0.));
#3432 = SURFACE_CURVE('',#3433,(#3439),.PCURVE_S1.);
#3433 = B_SPLINE_CURVE_WITH_KNOTS('',3,(#3434,#3435,#3436,#3437,#3438),
  .UNSPECIFIED.,.F.,.F.,(4,1,4),(0.,0.540760026343,1.),.UNSPECIFIED.);
#3434 = CARTESIAN_POINT('',(1.72E+03,-376.7210506462,0.));
#3435 = CARTESIAN_POINT('',(1.79652926778E+03,-358.8724360239,0.));
#3436 = CARTESIAN_POINT('',(1.935752088478E+03,-317.5268279171,0.));
#3437 = CARTESIAN_POINT('',(2.063202995269E+03,-253.7110929715,0.));
#3438 = CARTESIAN_POINT('',(2.115307436087E+03,-217.5,0.));
#3439 = PCURVE('',#3376,#3440);
#3440 = DEFINITIONAL_REPRESENTATION('',(#3441),#3445);
#3441 = LINE('',#3442,#3443);
#3442 = CARTESIAN_POINT('',(0.,0.));
#3443 = VECTOR('',#3444,1.);
#3444 = DIRECTION('',(1.,0.));
#3445 = ( GEOMETRIC_REPRESENTATION_CONTEXT(2) 
PARAMETRIC_REPRESENTATION_CONTEXT() REPRESENTATION_CONTEXT('2D SPACE',''
  ) );
#3446 = ORIENTED_EDGE('',*,*,#3447,.T.);
#3447 = EDGE_CURVE('',#3430,#3448,#3450,.T.);
#3448 = VERTEX_POINT('',#3449);
#3449 = CARTESIAN_POINT('',(2.115307436087E+03,-217.5,310.01147743125));
#3450 = SURFACE_CURVE('',#3451,(#3461),.PCURVE_S1.);
#3451 = B_SPLINE_CURVE_WITH_KNOTS('',3,(#3452,#3453,#3454,#3455,#3456,
    #3457,#3458,#3459,#3460),.UNSPECIFIED.,.F.,.F.,(4,1,1,1,1,1,4),(0.,
    0.143798080145,0.311355279633,0.5,0.688644720367,0.856201919855,1.),
  .UNSPECIFIED.);
#3452 = CARTESIAN_POINT('',(2.115307436087E+03,-217.5,0.));
#3453 = CARTESIAN_POINT('',(2.126478199794E+03,-233.5124112823,
    -0.214430663863));
#3454 = CARTESIAN_POINT('',(2.149328713218E+03,-266.2668252654,
    18.183269442165));
#3455 = CARTESIAN_POINT('',(2.170836105922E+03,-297.0959813215,
    78.757672943503));
#3456 = CARTESIAN_POINT('',(2.17822252678E+03,-307.6838347382,
    155.00573871562));
#3457 = CARTESIAN_POINT('',(2.170836105922E+03,-297.0959813215,
    231.25380448775));
#3458 = CARTESIAN_POINT('',(2.149328713218E+03,-266.2668252654,
    291.82820798908));
#3459 = CARTESIAN_POINT('',(2.126478199794E+03,-233.5124112823,
    310.22590809511));
#3460 = CARTESIAN_POINT('',(2.115307436087E+03,-217.5,310.01147743125));
#3461 = PCURVE('',#3376,#3462);
#3462 = DEFINITIONAL_REPRESENTATION('',(#3463),#3467);
#3463 = LINE('',#3464,#3465);
#3464 = CARTESIAN_POINT('',(1.,0.));
#3465 = VECTOR('',#3466,1.);
#3466 = DIRECTION('',(0.,1.));
#3467 = ( GEOMETRIC_REPRESENTATION_CONTEXT(2) 
PARAMETRIC_REPRESENTATION_CONTEXT() REPRESENTATION_CONTEXT('2D SPACE',''
  ) );
#3468 = ORIENTED_EDGE('',*,*,#3469,.F.);
#3469 = EDGE_CURVE('',#3362,#3448,#3470,.T.);
#3470 = SURFACE_CURVE('',#3471,(#3477),.PCURVE_S1.);
#3471 = B_SPLINE_CURVE_WITH_KNOTS('',3,(#3472,#3473,#3474,#3475,#3476),
  .UNSPECIFIED.,.F.,.F.,(4,1,4),(0.,0.540760026343,1.),.UNSPECIFIED.);
#3472 = CARTESIAN_POINT('',(1.72E+03,-376.7210506462,312.2265625));
#3473 = CARTESIAN_POINT('',(1.79652926778E+03,-358.8724360239,
    310.9748229026));
#3474 = CARTESIAN_POINT('',(1.935752088478E+03,-317.5268279171,
    310.0983256688));
#3475 = CARTESIAN_POINT('',(2.063202995269E+03,-253.7110929715,
    310.03086148746));
#3476 = CARTESIAN_POINT('',(2.115307436087E+03,-217.5,310.01147743125));
#3477 = PCURVE('',#3376,#3478);
#3478 = DEFINITIONAL_REPRESENTATION('',(#3479),#3483);
#3479 = LINE('',#3480,#3481);
#3480 = CARTESIAN_POINT('',(0.,1.));
#3481 = VECTOR('',#3482,1.);
#3482 = DIRECTION('',(1.,0.));
#3483 = ( GEOMETRIC_REPRESENTATION_CONTEXT(2) 
PARAMETRIC_REPRESENTATION_CONTEXT() REPRESENTATION_CONTEXT('2D SPACE',''
  ) );
#3484 = ( GEOMETRIC_REPRESENTATION_CONTEXT(3) 
GLOBAL_UNCERTAINTY_ASSIGNED_CONTEXT((#3488)) 
GLOBAL_UNIT_ASSIGNED_CONTEXT((#3485,#3486,#3487)) REPRESENTATION_CONTEXT
('Context #1','3D Context with UNIT and UNCERTAINTY') );
#3485 = ( LENGTH_UNIT() NAMED_UNIT(*) SI_UNIT(.MILLI.,.METRE.) );
#3486 = ( NAMED_UNIT(*) PLANE_ANGLE_UNIT() SI_UNIT($,.RADIAN.) );
#3487 = ( NAMED_UNIT(*) SI_UNIT($,.STERADIAN.) SOLID_ANGLE_UNIT() );
#3488 = UNCERTAINTY_MEASURE_WITH_UNIT(LENGTH_MEASURE(1.E-07),#3485,
  'distance_accuracy_value','confusion accuracy');
#3489 = CONTEXT_DEPENDENT_SHAPE_REPRESENTATION(#3490,#3492);
#3490 = ( REPRESENTATION_RELATIONSHIP('','',#3352,#10) 
REPRESENTATION_RELATIONSHIP_WITH_TRANSFORMATION(#3491) 
SHAPE_REPRESENTATION_RELATIONSHIP() );
#3491 = ITEM_DEFINED_TRANSFORMATION('','',#11,#95);
#3492 = PRODUCT_DEFINITION_SHAPE('Placement','Placement of an item',
  #3493);
#3493 = NEXT_ASSEMBLY_USAGE_OCCURRENCE('63','O11','',#5,#3347,$);
#3494 = PRODUCT_RELATED_PRODUCT_CATEGORY('part',$,(#3349));
#3495 = SHAPE_DEFINITION_REPRESENTATION(#3496,#3502);
#3496 = PRODUCT_DEFINITION_SHAPE('','',#3497);
#3497 = PRODUCT_DEFINITION('design','',#3498,#3501);
#3498 = PRODUCT_DEFINITION_FORMATION('','',#3499);
#3499 = PRODUCT('L11','L11','',(#3500));
#3500 = PRODUCT_CONTEXT('',#2,'mechanical');
#3501 = PRODUCT_DEFINITION_CONTEXT('part definition',#2,'design');
#3502 = MANIFOLD_SURFACE_SHAPE_REPRESENTATION('',(#11,#3503),#3634);
#3503 = SHELL_BASED_SURFACE_MODEL('',(#3504));
#3504 = OPEN_SHELL('',(#3505));
#3505 = ADVANCED_FACE('',(#3506),#3526,.T.);
#3506 = FACE_BOUND('',#3507,.T.);
#3507 = EDGE_LOOP('',(#3508,#3578,#3596,#3618));
#3508 = ORIENTED_EDGE('',*,*,#3509,.F.);
#3509 = EDGE_CURVE('',#3510,#3512,#3514,.T.);
#3510 = VERTEX_POINT('',#3511);
#3511 = CARTESIAN_POINT('',(1.72E+03,-376.7210506462,312.2265625));
#3512 = VERTEX_POINT('',#3513);
#3513 = CARTESIAN_POINT('',(1.72E+03,-376.7210506462,0.));
#3514 = SURFACE_CURVE('',#3515,(#3525),.PCURVE_S1.);
#3515 = B_SPLINE_CURVE_WITH_KNOTS('',3,(#3516,#3517,#3518,#3519,#3520,
    #3521,#3522,#3523,#3524),.UNSPECIFIED.,.F.,.F.,(4,1,1,1,1,1,4),(0.,
    0.143798080145,0.311355279633,0.5,0.688644720367,0.856201919855,1.),
  .UNSPECIFIED.);
#3516 = CARTESIAN_POINT('',(1.72E+03,-376.7210506462,312.2265625));
#3517 = CARTESIAN_POINT('',(1.715116747695E+03,-355.7217761929,
    312.44252530766));
#3518 = CARTESIAN_POINT('',(1.705127741993E+03,-312.7664138394,
    293.91337048535));
#3519 = CARTESIAN_POINT('',(1.695725875857E+03,-272.3359066678,
    232.90615250292));
#3520 = CARTESIAN_POINT('',(1.692496933089E+03,-258.4506000861,
    156.11328125));
#3521 = CARTESIAN_POINT('',(1.695725875857E+03,-272.3359066678,
    79.320409997076));
#3522 = CARTESIAN_POINT('',(1.705127741993E+03,-312.7664138393,
    18.313192014645));
#3523 = CARTESIAN_POINT('',(1.715116747695E+03,-355.7217761929,
    -0.215962807666));
#3524 = CARTESIAN_POINT('',(1.72E+03,-376.7210506462,0.));
#3525 = PCURVE('',#3526,#3572);
#3526 = B_SPLINE_SURFACE_WITH_KNOTS('',3,3,(
    (#3527,#3528,#3529,#3530,#3531,#3532,#3533,#3534,#3535)
    ,(#3536,#3537,#3538,#3539,#3540,#3541,#3542,#3543,#3544)
    ,(#3545,#3546,#3547,#3548,#3549,#3550,#3551,#3552,#3553)
    ,(#3554,#3555,#3556,#3557,#3558,#3559,#3560,#3561,#3562)
    ,(#3563,#3564,#3565,#3566,#3567,#3568,#3569,#3570,#3571
  )),.UNSPECIFIED.,.F.,.F.,.F.,(4,1,4),(4,1,1,1,1,1,4),(0.,
    0.552989098645,1.),(0.,0.143798080145,0.311355279633,0.5,
    0.688644720367,0.856201919855,1.),.UNSPECIFIED.);
#3527 = CARTESIAN_POINT('',(1.72E+03,-376.7210506462,312.2265625));
#3528 = CARTESIAN_POINT('',(1.715116747695E+03,-355.7217761929,
    312.44252530766));
#3529 = CARTESIAN_POINT('',(1.705127741993E+03,-312.7664138394,
    293.91337048535));
#3530 = CARTESIAN_POINT('',(1.695725875857E+03,-272.3359066678,
    232.90615250292));
#3531 = CARTESIAN_POINT('',(1.692496933089E+03,-258.4506000861,
    156.11328125));
#3532 = CARTESIAN_POINT('',(1.695725875857E+03,-272.3359066678,
    79.320409997076));
#3533 = CARTESIAN_POINT('',(1.705127741993E+03,-312.7664138393,
    18.313192014645));
#3534 = CARTESIAN_POINT('',(1.715116747695E+03,-355.7217761929,
    -0.215962807666));
#3535 = CARTESIAN_POINT('',(1.72E+03,-376.7210506462,0.));
#3536 = CARTESIAN_POINT('',(1.795585694706E+03,-359.0938735632,
    310.98929934293));
#3537 = CARTESIAN_POINT('',(1.789898719115E+03,-338.5729584725,
    311.20440635273));
#3538 = CARTESIAN_POINT('',(1.778265645898E+03,-296.5961108672,
    292.74867718778));
#3539 = CARTESIAN_POINT('',(1.7673163482E+03,-257.0866027371,
    231.98321308598));
#3540 = CARTESIAN_POINT('',(1.763555961155E+03,-243.517600722,
    155.49464967147));
#3541 = CARTESIAN_POINT('',(1.7673163482E+03,-257.0866027371,
    79.006086256947));
#3542 = CARTESIAN_POINT('',(1.778265645898E+03,-296.5961108672,
    18.24062215516));
#3543 = CARTESIAN_POINT('',(1.789898719115E+03,-338.5729584725,
    -0.215107009802));
#3544 = CARTESIAN_POINT('',(1.795585694706E+03,-359.0938735632,0.));
#3545 = CARTESIAN_POINT('',(1.931086040223E+03,-319.1289181912,
    310.11364839716));
#3546 = CARTESIAN_POINT('',(1.923821549957E+03,-299.7007306768,
    310.32814973128));
#3547 = CARTESIAN_POINT('',(1.908961569323E+03,-259.9591273937,
    291.92438626653));
#3548 = CARTESIAN_POINT('',(1.894975037243E+03,-222.5534790996,
    231.33001916461));
#3549 = CARTESIAN_POINT('',(1.89017155345E+03,-209.7070190676,
    155.05682419858));
#3550 = CARTESIAN_POINT('',(1.894975037243E+03,-222.5534790996,
    78.783629232545));
#3551 = CARTESIAN_POINT('',(1.908961569323E+03,-259.9591273937,
    18.189262130634));
#3552 = CARTESIAN_POINT('',(1.923821549957E+03,-299.7007306768,
    -0.214501334118));
#3553 = CARTESIAN_POINT('',(1.931086040223E+03,-319.1289181912,0.));
#3554 = CARTESIAN_POINT('',(2.060760406243E+03,-255.2233445962,
    310.03070241347));
#3555 = CARTESIAN_POINT('',(2.051119423314E+03,-237.7396052815,
    310.245146375));
#3556 = CARTESIAN_POINT('',(2.031398174561E+03,-201.9754954676,
    291.84630535811));
#3557 = CARTESIAN_POINT('',(2.012836112796E+03,-168.3135492265,
    231.26814540931));
#3558 = CARTESIAN_POINT('',(2.006461225701E+03,-156.7528126344,
    155.01535120674));
#3559 = CARTESIAN_POINT('',(2.012836112796E+03,-168.3135492265,
    78.762557004159));
#3560 = CARTESIAN_POINT('',(2.031398174561E+03,-201.9754954676,
    18.184397055369));
#3561 = CARTESIAN_POINT('',(2.051119423315E+03,-237.7396052815,
    -0.214443961525));
#3562 = CARTESIAN_POINT('',(2.060760406243E+03,-255.2233445962,0.));
#3563 = CARTESIAN_POINT('',(2.115307436087E+03,-217.5,310.01147743125));
#3564 = CARTESIAN_POINT('',(2.10413667238E+03,-201.4875887176,
    310.22590809512));
#3565 = CARTESIAN_POINT('',(2.081286158956E+03,-168.7331747345,
    291.82820798908));
#3566 = CARTESIAN_POINT('',(2.059778766253E+03,-137.9040186784,
    231.25380448775));
#3567 = CARTESIAN_POINT('',(2.052392345395E+03,-127.3161652617,
    155.00573871562));
#3568 = CARTESIAN_POINT('',(2.059778766253E+03,-137.9040186784,
    78.757672943494));
#3569 = CARTESIAN_POINT('',(2.081286158956E+03,-168.7331747345,
    18.183269442177));
#3570 = CARTESIAN_POINT('',(2.10413667238E+03,-201.4875887176,
    -0.21443066387));
#3571 = CARTESIAN_POINT('',(2.115307436087E+03,-217.5,0.));
#3572 = DEFINITIONAL_REPRESENTATION('',(#3573),#3577);
#3573 = LINE('',#3574,#3575);
#3574 = CARTESIAN_POINT('',(0.,0.));
#3575 = VECTOR('',#3576,1.);
#3576 = DIRECTION('',(0.,1.));
#3577 = ( GEOMETRIC_REPRESENTATION_CONTEXT(2) 
PARAMETRIC_REPRESENTATION_CONTEXT() REPRESENTATION_CONTEXT('2D SPACE',''
  ) );
#3578 = ORIENTED_EDGE('',*,*,#3579,.T.);
#3579 = EDGE_CURVE('',#3510,#3580,#3582,.T.);
#3580 = VERTEX_POINT('',#3581);
#3581 = CARTESIAN_POINT('',(2.115307436087E+03,-217.5,310.01147743125));
#3582 = SURFACE_CURVE('',#3583,(#3589),.PCURVE_S1.);
#3583 = B_SPLINE_CURVE_WITH_KNOTS('',3,(#3584,#3585,#3586,#3587,#3588),
  .UNSPECIFIED.,.F.,.F.,(4,1,4),(0.,0.552989098645,1.),.UNSPECIFIED.);
#3584 = CARTESIAN_POINT('',(1.72E+03,-376.7210506462,312.2265625));
#3585 = CARTESIAN_POINT('',(1.795585694706E+03,-359.0938735632,
    310.98929934293));
#3586 = CARTESIAN_POINT('',(1.931086040223E+03,-319.1289181912,
    310.11364839716));
#3587 = CARTESIAN_POINT('',(2.060760406243E+03,-255.2233445962,
    310.03070241347));
#3588 = CARTESIAN_POINT('',(2.115307436087E+03,-217.5,310.01147743125));
#3589 = PCURVE('',#3526,#3590);
#3590 = DEFINITIONAL_REPRESENTATION('',(#3591),#3595);
#3591 = LINE('',#3592,#3593);
#3592 = CARTESIAN_POINT('',(0.,0.));
#3593 = VECTOR('',#3594,1.);
#3594 = DIRECTION('',(1.,0.));
#3595 = ( GEOMETRIC_REPRESENTATION_CONTEXT(2) 
PARAMETRIC_REPRESENTATION_CONTEXT() REPRESENTATION_CONTEXT('2D SPACE',''
  ) );
#3596 = ORIENTED_EDGE('',*,*,#3597,.T.);
#3597 = EDGE_CURVE('',#3580,#3598,#3600,.T.);
#3598 = VERTEX_POINT('',#3599);
#3599 = CARTESIAN_POINT('',(2.115307436087E+03,-217.5,0.));
#3600 = SURFACE_CURVE('',#3601,(#3611),.PCURVE_S1.);
#3601 = B_SPLINE_CURVE_WITH_KNOTS('',3,(#3602,#3603,#3604,#3605,#3606,
    #3607,#3608,#3609,#3610),.UNSPECIFIED.,.F.,.F.,(4,1,1,1,1,1,4),(0.,
    0.143798080145,0.311355279633,0.5,0.688644720367,0.856201919855,1.),
  .UNSPECIFIED.);
#3602 = CARTESIAN_POINT('',(2.115307436087E+03,-217.5,310.01147743125));
#3603 = CARTESIAN_POINT('',(2.10413667238E+03,-201.4875887176,
    310.22590809512));
#3604 = CARTESIAN_POINT('',(2.081286158956E+03,-168.7331747345,
    291.82820798908));
#3605 = CARTESIAN_POINT('',(2.059778766253E+03,-137.9040186784,
    231.25380448775));
#3606 = CARTESIAN_POINT('',(2.052392345395E+03,-127.3161652617,
    155.00573871562));
#3607 = CARTESIAN_POINT('',(2.059778766253E+03,-137.9040186784,
    78.757672943494));
#3608 = CARTESIAN_POINT('',(2.081286158956E+03,-168.7331747345,
    18.183269442177));
#3609 = CARTESIAN_POINT('',(2.10413667238E+03,-201.4875887176,
    -0.21443066387));
#3610 = CARTESIAN_POINT('',(2.115307436087E+03,-217.5,0.));
#3611 = PCURVE('',#3526,#3612);
#3612 = DEFINITIONAL_REPRESENTATION('',(#3613),#3617);
#3613 = LINE('',#3614,#3615);
#3614 = CARTESIAN_POINT('',(1.,0.));
#3615 = VECTOR('',#3616,1.);
#3616 = DIRECTION('',(0.,1.));
#3617 = ( GEOMETRIC_REPRESENTATION_CONTEXT(2) 
PARAMETRIC_REPRESENTATION_CONTEXT() REPRESENTATION_CONTEXT('2D SPACE',''
  ) );
#3618 = ORIENTED_EDGE('',*,*,#3619,.F.);
#3619 = EDGE_CURVE('',#3512,#3598,#3620,.T.);
#3620 = SURFACE_CURVE('',#3621,(#3627),.PCURVE_S1.);
#3621 = B_SPLINE_CURVE_WITH_KNOTS('',3,(#3622,#3623,#3624,#3625,#3626),
  .UNSPECIFIED.,.F.,.F.,(4,1,4),(0.,0.552989098645,1.),.UNSPECIFIED.);
#3622 = CARTESIAN_POINT('',(1.72E+03,-376.7210506462,0.));
#3623 = CARTESIAN_POINT('',(1.795585694706E+03,-359.0938735632,0.));
#3624 = CARTESIAN_POINT('',(1.931086040223E+03,-319.1289181912,0.));
#3625 = CARTESIAN_POINT('',(2.060760406243E+03,-255.2233445962,0.));
#3626 = CARTESIAN_POINT('',(2.115307436087E+03,-217.5,0.));
#3627 = PCURVE('',#3526,#3628);
#3628 = DEFINITIONAL_REPRESENTATION('',(#3629),#3633);
#3629 = LINE('',#3630,#3631);
#3630 = CARTESIAN_POINT('',(0.,1.));
#3631 = VECTOR('',#3632,1.);
#3632 = DIRECTION('',(1.,0.));
#3633 = ( GEOMETRIC_REPRESENTATION_CONTEXT(2) 
PARAMETRIC_REPRESENTATION_CONTEXT() REPRESENTATION_CONTEXT('2D SPACE',''
  ) );
#3634 = ( GEOMETRIC_REPRESENTATION_CONTEXT(3) 
GLOBAL_UNCERTAINTY_ASSIGNED_CONTEXT((#3638)) 
GLOBAL_UNIT_ASSIGNED_CONTEXT((#3635,#3636,#3637)) REPRESENTATION_CONTEXT
('Context #1','3D Context with UNIT and UNCERTAINTY') );
#3635 = ( LENGTH_UNIT() NAMED_UNIT(*) SI_UNIT(.MILLI.,.METRE.) );
#3636 = ( NAMED_UNIT(*) PLANE_ANGLE_UNIT() SI_UNIT($,.RADIAN.) );
#3637 = ( NAMED_UNIT(*) SI_UNIT($,.STERADIAN.) SOLID_ANGLE_UNIT() );
#3638 = UNCERTAINTY_MEASURE_WITH_UNIT(LENGTH_MEASURE(1.E-07),#3635,
  'distance_accuracy_value','confusion accuracy');
#3639 = CONTEXT_DEPENDENT_SHAPE_REPRESENTATION(#3640,#3642);
#3640 = ( REPRESENTATION_RELATIONSHIP('','',#3502,#10) 
REPRESENTATION_RELATIONSHIP_WITH_TRANSFORMATION(#3641) 
SHAPE_REPRESENTATION_RELATIONSHIP() );
#3641 = ITEM_DEFINED_TRANSFORMATION('','',#11,#99);
#3642 = PRODUCT_DEFINITION_SHAPE('Placement','Placement of an item',
  #3643);
#3643 = NEXT_ASSEMBLY_USAGE_OCCURRENCE('64','L11','',#5,#3497,$);
#3644 = PRODUCT_RELATED_PRODUCT_CATEGORY('part',$,(#3499));
#3645 = SHAPE_DEFINITION_REPRESENTATION(#3646,#3652);
#3646 = PRODUCT_DEFINITION_SHAPE('','',#3647);
#3647 = PRODUCT_DEFINITION('design','',#3648,#3651);
#3648 = PRODUCT_DEFINITION_FORMATION('','',#3649);
#3649 = PRODUCT('O12','O12','',(#3650));
#3650 = PRODUCT_CONTEXT('',#2,'mechanical');
#3651 = PRODUCT_DEFINITION_CONTEXT('part definition',#2,'design');
#3652 = MANIFOLD_SURFACE_SHAPE_REPRESENTATION('',(#11,#3653),#3795);
#3653 = SHELL_BASED_SURFACE_MODEL('',(#3654));
#3654 = OPEN_SHELL('',(#3655));
#3655 = ADVANCED_FACE('',(#3656),#3676,.T.);
#3656 = FACE_BOUND('',#3657,.T.);
#3657 = EDGE_LOOP('',(#3658,#3737,#3756,#3778));
#3658 = ORIENTED_EDGE('',*,*,#3659,.F.);
#3659 = EDGE_CURVE('',#3660,#3662,#3664,.T.);
#3660 = VERTEX_POINT('',#3661);
#3661 = CARTESIAN_POINT('',(2.115307436087E+03,-217.5,0.));
#3662 = VERTEX_POINT('',#3663);
#3663 = CARTESIAN_POINT('',(2.115307436087E+03,-217.5,310.01147743125));
#3664 = SURFACE_CURVE('',#3665,(#3675),.PCURVE_S1.);
#3665 = B_SPLINE_CURVE_WITH_KNOTS('',3,(#3666,#3667,#3668,#3669,#3670,
    #3671,#3672,#3673,#3674),.UNSPECIFIED.,.F.,.F.,(4,1,1,1,1,1,4),(0.,
    0.138303717447,0.306329958805,0.5,0.693670041195,0.861696282553,1.),
  .UNSPECIFIED.);
#3666 = CARTESIAN_POINT('',(2.115307436087E+03,-217.5,0.));
#3667 = CARTESIAN_POINT('',(2.126803517723E+03,-233.9787289505,
    -0.151573067794));
#3668 = CARTESIAN_POINT('',(2.149879817887E+03,-267.0567904681,
    19.175913151139));
#3669 = CARTESIAN_POINT('',(2.170971398017E+03,-297.289911901,
    79.694871820671));
#3670 = CARTESIAN_POINT('',(2.178179890965E+03,-307.6227196514,
    155.00573871562));
#3671 = CARTESIAN_POINT('',(2.170971398017E+03,-297.289911901,
    230.31660561058));
#3672 = CARTESIAN_POINT('',(2.149879817887E+03,-267.0567904681,
    290.83556428012));
#3673 = CARTESIAN_POINT('',(2.126803517723E+03,-233.9787289505,
    310.16305049904));
#3674 = CARTESIAN_POINT('',(2.115307436087E+03,-217.5,310.01147743125));
#3675 = PCURVE('',#3676,#3731);
#3676 = B_SPLINE_SURFACE_WITH_KNOTS('',3,3,(
    (#3677,#3678,#3679,#3680,#3681,#3682,#3683,#3684,#3685)
    ,(#3686,#3687,#3688,#3689,#3690,#3691,#3692,#3693,#3694)
    ,(#3695,#3696,#3697,#3698,#3699,#3700,#3701,#3702,#3703)
    ,(#3704,#3705,#3706,#3707,#3708,#3709,#3710,#3711,#3712)
    ,(#3713,#3714,#3715,#3716,#3717,#3718,#3719,#3720,#3721)
    ,(#3722,#3723,#3724,#3725,#3726,#3727,#3728,#3729,#3730
  )),.UNSPECIFIED.,.F.,.F.,.F.,(4,1,1,4),(4,1,1,1,1,1,4),(0.,
    0.364065310904,0.690971388762,1.),(0.,0.138303717447,0.306329958805,
    0.5,0.693670041195,0.861696282553,1.),.UNSPECIFIED.);
#3677 = CARTESIAN_POINT('',(2.115307436087E+03,-217.5,0.));
#3678 = CARTESIAN_POINT('',(2.126803517723E+03,-233.9787289505,
    -0.151573067794));
#3679 = CARTESIAN_POINT('',(2.149879817887E+03,-267.0567904681,
    19.175913151139));
#3680 = CARTESIAN_POINT('',(2.170971398017E+03,-297.289911901,
    79.694871820671));
#3681 = CARTESIAN_POINT('',(2.178179890965E+03,-307.6227196514,
    155.00573871562));
#3682 = CARTESIAN_POINT('',(2.170971398017E+03,-297.289911901,
    230.31660561058));
#3683 = CARTESIAN_POINT('',(2.149879817887E+03,-267.0567904681,
    290.83556428012));
#3684 = CARTESIAN_POINT('',(2.126803517723E+03,-233.9787289505,
    310.16305049904));
#3685 = CARTESIAN_POINT('',(2.115307436087E+03,-217.5,310.01147743125));
#3686 = CARTESIAN_POINT('',(2.144709602116E+03,-196.9487035803,0.));
#3687 = CARTESIAN_POINT('',(2.157074715999E+03,-212.5718360158,
    -0.151568680638));
#3688 = CARTESIAN_POINT('',(2.181895440883E+03,-243.9324426106,
    19.175358120342));
#3689 = CARTESIAN_POINT('',(2.204581413247E+03,-272.5958220193,
    79.69256511914));
#3690 = CARTESIAN_POINT('',(2.212334823414E+03,-282.3921372813,
    155.00125220392));
#3691 = CARTESIAN_POINT('',(2.204581413247E+03,-272.5958220193,
    230.30993928871));
#3692 = CARTESIAN_POINT('',(2.181895440883E+03,-243.9324426106,
    290.82714628752));
#3693 = CARTESIAN_POINT('',(2.157074715999E+03,-212.5718360158,
    310.15407308849));
#3694 = CARTESIAN_POINT('',(2.144709602116E+03,-196.9487035803,
    310.00250440785));
#3695 = CARTESIAN_POINT('',(2.19643663738E+03,-153.6585455988,0.));
#3696 = CARTESIAN_POINT('',(2.21067183482E+03,-167.3503965701,
    -0.151567400922));
#3697 = CARTESIAN_POINT('',(2.23924641348E+03,-194.8343056798,
    19.17519622));
#3698 = CARTESIAN_POINT('',(2.265363382459E+03,-219.9544101671,
    79.691892263204));
#3699 = CARTESIAN_POINT('',(2.274289408178E+03,-228.5397363933,
    154.99994350577));
#3700 = CARTESIAN_POINT('',(2.265363382459E+03,-219.9544101671,
    230.30799474835));
#3701 = CARTESIAN_POINT('',(2.23924641348E+03,-194.8343056798,
    290.82469079155));
#3702 = CARTESIAN_POINT('',(2.21067183482E+03,-167.3503965701,
    310.15145441247));
#3703 = CARTESIAN_POINT('',(2.19643663738E+03,-153.6585455988,
    309.99988701155));
#3704 = CARTESIAN_POINT('',(2.24824183665E+03,-78.16990215407,0.));
#3705 = CARTESIAN_POINT('',(2.265962472904E+03,-86.54137895341,
    -0.151567477884));
#3706 = CARTESIAN_POINT('',(2.301533438231E+03,-103.3456012567,
    19.175205956735));
#3707 = CARTESIAN_POINT('',(2.334045056653E+03,-118.7045452266,
    79.691932728963));
#3708 = CARTESIAN_POINT('',(2.34515658887E+03,-123.9537886977,
    155.00002221127));
#3709 = CARTESIAN_POINT('',(2.334045056653E+03,-118.7045452266,
    230.30811169359));
#3710 = CARTESIAN_POINT('',(2.301533438231E+03,-103.3456012567,
    290.82483846582));
#3711 = CARTESIAN_POINT('',(2.265962472904E+03,-86.54137895341,
    310.15161190044));
#3712 = CARTESIAN_POINT('',(2.24824183665E+03,-78.16990215407,
    310.00004442255));
#3713 = CARTESIAN_POINT('',(2.260040349394E+03,-25.50700448907,0.));
#3714 = CARTESIAN_POINT('',(2.279118625724E+03,-28.30090075727,
    -0.151567448878));
#3715 = CARTESIAN_POINT('',(2.317414807425E+03,-33.90914110825,
    19.175202287107));
#3716 = CARTESIAN_POINT('',(2.352417254928E+03,-39.03503433707,
    79.691917478031));
#3717 = CARTESIAN_POINT('',(2.364380080588E+03,-40.78691660303,
    154.99999254836));
#3718 = CARTESIAN_POINT('',(2.352417254928E+03,-39.03503433707,
    230.3080676187));
#3719 = CARTESIAN_POINT('',(2.317414807425E+03,-33.90914110825,
    290.82478280963));
#3720 = CARTESIAN_POINT('',(2.279118625724E+03,-28.30090075727,
    310.15155254561));
#3721 = CARTESIAN_POINT('',(2.260040349394E+03,-25.50700448907,
    309.99998509673));
#3722 = CARTESIAN_POINT('',(2.26E+03,-1.065442715258E-13,0.));
#3723 = CARTESIAN_POINT('',(2.27904502003E+03,-1.181255573398E-13,
    -0.151567456165));
#3724 = CARTESIAN_POINT('',(2.317274445738E+03,-1.413728894464E-13,
    19.175203208956));
#3725 = CARTESIAN_POINT('',(2.35221587872E+03,-1.626207916003E-13,
    79.691921309224));
#3726 = CARTESIAN_POINT('',(2.364157851379E+03,-1.698827109011E-13,155.)
  );
#3727 = CARTESIAN_POINT('',(2.35221587872E+03,-1.626207916003E-13,
    230.30807869077));
#3728 = CARTESIAN_POINT('',(2.317274445738E+03,-1.413728894464E-13,
    290.82479679104));
#3729 = CARTESIAN_POINT('',(2.27904502003E+03,-1.181255573398E-13,
    310.15156745616));
#3730 = CARTESIAN_POINT('',(2.26E+03,-1.065442715258E-13,310.));
#3731 = DEFINITIONAL_REPRESENTATION('',(#3732),#3736);
#3732 = LINE('',#3733,#3734);
#3733 = CARTESIAN_POINT('',(0.,0.));
#3734 = VECTOR('',#3735,1.);
#3735 = DIRECTION('',(0.,1.));
#3736 = ( GEOMETRIC_REPRESENTATION_CONTEXT(2) 
PARAMETRIC_REPRESENTATION_CONTEXT() REPRESENTATION_CONTEXT('2D SPACE',''
  ) );
#3737 = ORIENTED_EDGE('',*,*,#3738,.T.);
#3738 = EDGE_CURVE('',#3660,#3739,#3741,.T.);
#3739 = VERTEX_POINT('',#3740);
#3740 = CARTESIAN_POINT('',(2.26E+03,-1.065442715258E-13,0.));
#3741 = SURFACE_CURVE('',#3742,(#3749),.PCURVE_S1.);
#3742 = B_SPLINE_CURVE_WITH_KNOTS('',3,(#3743,#3744,#3745,#3746,#3747,
    #3748),.UNSPECIFIED.,.F.,.F.,(4,1,1,4),(0.,0.364065310904,
    0.690971388762,1.),.UNSPECIFIED.);
#3743 = CARTESIAN_POINT('',(2.115307436087E+03,-217.5,0.));
#3744 = CARTESIAN_POINT('',(2.144709602116E+03,-196.9487035803,0.));
#3745 = CARTESIAN_POINT('',(2.19643663738E+03,-153.6585455988,0.));
#3746 = CARTESIAN_POINT('',(2.24824183665E+03,-78.16990215407,0.));
#3747 = CARTESIAN_POINT('',(2.260040349394E+03,-25.50700448907,0.));
#3748 = CARTESIAN_POINT('',(2.26E+03,-1.065442715258E-13,0.));
#3749 = PCURVE('',#3676,#3750);
#3750 = DEFINITIONAL_REPRESENTATION('',(#3751),#3755);
#3751 = LINE('',#3752,#3753);
#3752 = CARTESIAN_POINT('',(0.,0.));
#3753 = VECTOR('',#3754,1.);
#3754 = DIRECTION('',(1.,0.));
#3755 = ( GEOMETRIC_REPRESENTATION_CONTEXT(2) 
PARAMETRIC_REPRESENTATION_CONTEXT() REPRESENTATION_CONTEXT('2D SPACE',''
  ) );
#3756 = ORIENTED_EDGE('',*,*,#3757,.T.);
#3757 = EDGE_CURVE('',#3739,#3758,#3760,.T.);
#3758 = VERTEX_POINT('',#3759);
#3759 = CARTESIAN_POINT('',(2.26E+03,-1.065442715258E-13,310.));
#3760 = SURFACE_CURVE('',#3761,(#3771),.PCURVE_S1.);
#3761 = B_SPLINE_CURVE_WITH_KNOTS('',3,(#3762,#3763,#3764,#3765,#3766,
    #3767,#3768,#3769,#3770),.UNSPECIFIED.,.F.,.F.,(4,1,1,1,1,1,4),(0.,
    0.138303717447,0.306329958805,0.5,0.693670041195,0.861696282553,1.),
  .UNSPECIFIED.);
#3762 = CARTESIAN_POINT('',(2.26E+03,-1.065442715258E-13,0.));
#3763 = CARTESIAN_POINT('',(2.27904502003E+03,-1.181255573398E-13,
    -0.151567456165));
#3764 = CARTESIAN_POINT('',(2.317274445738E+03,-1.413728894464E-13,
    19.175203208956));
#3765 = CARTESIAN_POINT('',(2.35221587872E+03,-1.626207916003E-13,
    79.691921309224));
#3766 = CARTESIAN_POINT('',(2.364157851379E+03,-1.698827109011E-13,155.)
  );
#3767 = CARTESIAN_POINT('',(2.35221587872E+03,-1.626207916003E-13,
    230.30807869077));
#3768 = CARTESIAN_POINT('',(2.317274445738E+03,-1.413728894464E-13,
    290.82479679104));
#3769 = CARTESIAN_POINT('',(2.27904502003E+03,-1.181255573398E-13,
    310.15156745616));
#3770 = CARTESIAN_POINT('',(2.26E+03,-1.065442715258E-13,310.));
#3771 = PCURVE('',#3676,#3772);
#3772 = DEFINITIONAL_REPRESENTATION('',(#3773),#3777);
#3773 = LINE('',#3774,#3775);
#3774 = CARTESIAN_POINT('',(1.,0.));
#3775 = VECTOR('',#3776,1.);
#3776 = DIRECTION('',(0.,1.));
#3777 = ( GEOMETRIC_REPRESENTATION_CONTEXT(2) 
PARAMETRIC_REPRESENTATION_CONTEXT() REPRESENTATION_CONTEXT('2D SPACE',''
  ) );
#3778 = ORIENTED_EDGE('',*,*,#3779,.F.);
#3779 = EDGE_CURVE('',#3662,#3758,#3780,.T.);
#3780 = SURFACE_CURVE('',#3781,(#3788),.PCURVE_S1.);
#3781 = B_SPLINE_CURVE_WITH_KNOTS('',3,(#3782,#3783,#3784,#3785,#3786,
    #3787),.UNSPECIFIED.,.F.,.F.,(4,1,1,4),(0.,0.364065310904,
    0.690971388762,1.),.UNSPECIFIED.);
#3782 = CARTESIAN_POINT('',(2.115307436087E+03,-217.5,310.01147743125));
#3783 = CARTESIAN_POINT('',(2.144709602116E+03,-196.9487035803,
    310.00250440785));
#3784 = CARTESIAN_POINT('',(2.19643663738E+03,-153.6585455988,
    309.99988701155));
#3785 = CARTESIAN_POINT('',(2.24824183665E+03,-78.16990215407,
    310.00004442255));
#3786 = CARTESIAN_POINT('',(2.260040349394E+03,-25.50700448907,
    309.99998509673));
#3787 = CARTESIAN_POINT('',(2.26E+03,-1.065442715258E-13,310.));
#3788 = PCURVE('',#3676,#3789);
#3789 = DEFINITIONAL_REPRESENTATION('',(#3790),#3794);
#3790 = LINE('',#3791,#3792);
#3791 = CARTESIAN_POINT('',(0.,1.));
#3792 = VECTOR('',#3793,1.);
#3793 = DIRECTION('',(1.,0.));
#3794 = ( GEOMETRIC_REPRESENTATION_CONTEXT(2) 
PARAMETRIC_REPRESENTATION_CONTEXT() REPRESENTATION_CONTEXT('2D SPACE',''
  ) );
#3795 = ( GEOMETRIC_REPRESENTATION_CONTEXT(3) 
GLOBAL_UNCERTAINTY_ASSIGNED_CONTEXT((#3799)) 
GLOBAL_UNIT_ASSIGNED_CONTEXT((#3796,#3797,#3798)) REPRESENTATION_CONTEXT
('Context #1','3D Context with UNIT and UNCERTAINTY') );
#3796 = ( LENGTH_UNIT() NAMED_UNIT(*) SI_UNIT(.MILLI.,.METRE.) );
#3797 = ( NAMED_UNIT(*) PLANE_ANGLE_UNIT() SI_UNIT($,.RADIAN.) );
#3798 = ( NAMED_UNIT(*) SI_UNIT($,.STERADIAN.) SOLID_ANGLE_UNIT() );
#3799 = UNCERTAINTY_MEASURE_WITH_UNIT(LENGTH_MEASURE(1.E-07),#3796,
  'distance_accuracy_value','confusion accuracy');
#3800 = CONTEXT_DEPENDENT_SHAPE_REPRESENTATION(#3801,#3803);
#3801 = ( REPRESENTATION_RELATIONSHIP('','',#3652,#10) 
REPRESENTATION_RELATIONSHIP_WITH_TRANSFORMATION(#3802) 
SHAPE_REPRESENTATION_RELATIONSHIP() );
#3802 = ITEM_DEFINED_TRANSFORMATION('','',#11,#103);
#3803 = PRODUCT_DEFINITION_SHAPE('Placement','Placement of an item',
  #3804);
#3804 = NEXT_ASSEMBLY_USAGE_OCCURRENCE('65','O12','',#5,#3647,$);
#3805 = PRODUCT_RELATED_PRODUCT_CATEGORY('part',$,(#3649));
#3806 = SHAPE_DEFINITION_REPRESENTATION(#3807,#3813);
#3807 = PRODUCT_DEFINITION_SHAPE('','',#3808);
#3808 = PRODUCT_DEFINITION('design','',#3809,#3812);
#3809 = PRODUCT_DEFINITION_FORMATION('','',#3810);
#3810 = PRODUCT('L12','L12','',(#3811));
#3811 = PRODUCT_CONTEXT('',#2,'mechanical');
#3812 = PRODUCT_DEFINITION_CONTEXT('part definition',#2,'design');
#3813 = MANIFOLD_SURFACE_SHAPE_REPRESENTATION('',(#11,#3814),#3956);
#3814 = SHELL_BASED_SURFACE_MODEL('',(#3815));
#3815 = OPEN_SHELL('',(#3816));
#3816 = ADVANCED_FACE('',(#3817),#3837,.T.);
#3817 = FACE_BOUND('',#3818,.T.);
#3818 = EDGE_LOOP('',(#3819,#3898,#3917,#3939));
#3819 = ORIENTED_EDGE('',*,*,#3820,.F.);
#3820 = EDGE_CURVE('',#3821,#3823,#3825,.T.);
#3821 = VERTEX_POINT('',#3822);
#3822 = CARTESIAN_POINT('',(2.115307436087E+03,-217.5,310.01147743125));
#3823 = VERTEX_POINT('',#3824);
#3824 = CARTESIAN_POINT('',(2.115307436087E+03,-217.5,0.));
#3825 = SURFACE_CURVE('',#3826,(#3836),.PCURVE_S1.);
#3826 = B_SPLINE_CURVE_WITH_KNOTS('',3,(#3827,#3828,#3829,#3830,#3831,
    #3832,#3833,#3834,#3835),.UNSPECIFIED.,.F.,.F.,(4,1,1,1,1,1,4),(0.,
    0.138303717447,0.306329958805,0.5,0.693670041195,0.861696282553,1.),
  .UNSPECIFIED.);
#3827 = CARTESIAN_POINT('',(2.115307436087E+03,-217.5,310.01147743125));
#3828 = CARTESIAN_POINT('',(2.103811354451E+03,-201.0212710494,
    310.16305049907));
#3829 = CARTESIAN_POINT('',(2.080735054287E+03,-167.9432095317,
    290.83556428007));
#3830 = CARTESIAN_POINT('',(2.059643474157E+03,-137.7100880989,
    230.31660561061));
#3831 = CARTESIAN_POINT('',(2.052434981209E+03,-127.3772803484,
    155.00573871562));
#3832 = CARTESIAN_POINT('',(2.059643474157E+03,-137.7100880989,
    79.69487182065));
#3833 = CARTESIAN_POINT('',(2.080735054287E+03,-167.9432095317,
    19.175913151176));
#3834 = CARTESIAN_POINT('',(2.103811354451E+03,-201.0212710494,
    -0.151573067822));
#3835 = CARTESIAN_POINT('',(2.115307436087E+03,-217.5,0.));
#3836 = PCURVE('',#3837,#3892);
#3837 = B_SPLINE_SURFACE_WITH_KNOTS('',3,3,(
    (#3838,#3839,#3840,#3841,#3842,#3843,#3844,#3845,#3846)
    ,(#3847,#3848,#3849,#3850,#3851,#3852,#3853,#3854,#3855)
    ,(#3856,#3857,#3858,#3859,#3860,#3861,#3862,#3863,#3864)
    ,(#3865,#3866,#3867,#3868,#3869,#3870,#3871,#3872,#3873)
    ,(#3874,#3875,#3876,#3877,#3878,#3879,#3880,#3881,#3882)
    ,(#3883,#3884,#3885,#3886,#3887,#3888,#3889,#3890,#3891
  )),.UNSPECIFIED.,.F.,.F.,.F.,(4,1,1,4),(4,1,1,1,1,1,4),(0.,
    0.413504003057,0.736656733703,1.),(0.,0.138303717447,0.306329958805,
    0.5,0.693670041195,0.861696282553,1.),.UNSPECIFIED.);
#3838 = CARTESIAN_POINT('',(2.115307436087E+03,-217.5,310.01147743125));
#3839 = CARTESIAN_POINT('',(2.103811354451E+03,-201.0212710494,
    310.16305049907));
#3840 = CARTESIAN_POINT('',(2.080735054287E+03,-167.9432095317,
    290.83556428007));
#3841 = CARTESIAN_POINT('',(2.059643474157E+03,-137.7100880989,
    230.31660561061));
#3842 = CARTESIAN_POINT('',(2.052434981209E+03,-127.3772803484,
    155.00573871562));
#3843 = CARTESIAN_POINT('',(2.059643474157E+03,-137.7100880989,
    79.69487182065));
#3844 = CARTESIAN_POINT('',(2.080735054287E+03,-167.9432095317,
    19.175913151176));
#3845 = CARTESIAN_POINT('',(2.103811354451E+03,-201.0212710494,
    -0.151573067822));
#3846 = CARTESIAN_POINT('',(2.115307436087E+03,-217.5,0.));
#3847 = CARTESIAN_POINT('',(2.143428582269E+03,-197.8066024217,
    310.00281530098));
#3848 = CARTESIAN_POINT('',(2.131088902885E+03,-182.1440276764,
    310.15438413365));
#3849 = CARTESIAN_POINT('',(2.10631923315E+03,-150.7042477938,
    290.82743795015));
#3850 = CARTESIAN_POINT('',(2.083679924842E+03,-121.9685045429,
    230.31017026035));
#3851 = CARTESIAN_POINT('',(2.075942463102E+03,-112.1474574096,
    155.00140765049));
#3852 = CARTESIAN_POINT('',(2.083679924842E+03,-121.9685045429,
    79.692645040638));
#3853 = CARTESIAN_POINT('',(2.10631923315E+03,-150.7042477938,
    19.175377350827));
#3854 = CARTESIAN_POINT('',(2.131088902885E+03,-182.1440276765,
    -0.15156883267));
#3855 = CARTESIAN_POINT('',(2.143428582269E+03,-197.8066024217,0.));
#3856 = CARTESIAN_POINT('',(2.191284454201E+03,-158.7158014815,
    309.99991369759));
#3857 = CARTESIAN_POINT('',(2.177297571186E+03,-144.7750664839,
    310.15148111159));
#3858 = CARTESIAN_POINT('',(2.149221438724E+03,-116.7915678027,
    290.82471582687));
#3859 = CARTESIAN_POINT('',(2.123560046154E+03,-91.21484187256,
    230.30801457421));
#3860 = CARTESIAN_POINT('',(2.114789723293E+03,-82.47345562465,
    154.99995684879));
#3861 = CARTESIAN_POINT('',(2.123560046154E+03,-91.21484187256,
    79.691899123382));
#3862 = CARTESIAN_POINT('',(2.149221438724E+03,-116.7915678027,
    19.175197870715));
#3863 = CARTESIAN_POINT('',(2.177297571186E+03,-144.7750664839,
    -0.151567413997));
#3864 = CARTESIAN_POINT('',(2.191284454201E+03,-158.7158014815,0.));
#3865 = CARTESIAN_POINT('',(2.245416976587E+03,-84.37811986128,
    310.00003206641));
#3866 = CARTESIAN_POINT('',(2.227947829485E+03,-75.46392033412,
    310.15159953828));
#3867 = CARTESIAN_POINT('',(2.192881683047E+03,-57.57028052577,
    290.82482687393));
#3868 = CARTESIAN_POINT('',(2.160831465628E+03,-41.21561642579,
    230.30810251388));
#3869 = CARTESIAN_POINT('',(2.149877626948E+03,-35.62606457139,
    155.0000160332));
#3870 = CARTESIAN_POINT('',(2.160831465628E+03,-41.21561642579,
    79.691929552541));
#3871 = CARTESIAN_POINT('',(2.192881683047E+03,-57.57028052577,
    19.175205192477));
#3872 = CARTESIAN_POINT('',(2.227947829485E+03,-75.46392033413,
    -0.151567471871));
#3873 = CARTESIAN_POINT('',(2.245416976587E+03,-84.37811986128,0.));
#3874 = CARTESIAN_POINT('',(2.260177446101E+03,-26.82540779111,
    309.99998964674));
#3875 = CARTESIAN_POINT('',(2.241094471566E+03,-23.8632972903,
    310.15155709787));
#3876 = CARTESIAN_POINT('',(2.20278885907E+03,-17.91739735699,
    290.82478707815));
#3877 = CARTESIAN_POINT('',(2.167777791885E+03,-12.48288558505,
    230.30807099906));
#3878 = CARTESIAN_POINT('',(2.155812020267E+03,-10.62552641418,
    154.99999482337));
#3879 = CARTESIAN_POINT('',(2.167777791885E+03,-12.48288558505,
    79.691918647684));
#3880 = CARTESIAN_POINT('',(2.20278885907E+03,-17.91739735699,
    19.175202568587));
#3881 = CARTESIAN_POINT('',(2.241094471566E+03,-23.8632972903,
    -0.151567451131));
#3882 = CARTESIAN_POINT('',(2.260177446101E+03,-26.82540779111,0.));
#3883 = CARTESIAN_POINT('',(2.26E+03,-1.065442715258E-13,310.));
#3884 = CARTESIAN_POINT('',(2.24095497997E+03,-9.496298571187E-14,
    310.15156745619));
#3885 = CARTESIAN_POINT('',(2.202725554262E+03,-7.171565360525E-14,
    290.824796791));
#3886 = CARTESIAN_POINT('',(2.16778412128E+03,-5.046775145139E-14,
    230.3080786908));
#3887 = CARTESIAN_POINT('',(2.155842148621E+03,-4.320583215055E-14,
    154.99999999999));
#3888 = CARTESIAN_POINT('',(2.16778412128E+03,-5.046775145138E-14,
    79.691921309204));
#3889 = CARTESIAN_POINT('',(2.202725554262E+03,-7.171565360526E-14,
    19.175203208993));
#3890 = CARTESIAN_POINT('',(2.24095497997E+03,-9.496298571187E-14,
    -0.151567456192));
#3891 = CARTESIAN_POINT('',(2.26E+03,-1.065442715258E-13,0.));
#3892 = DEFINITIONAL_REPRESENTATION('',(#3893),#3897);
#3893 = LINE('',#3894,#3895);
#3894 = CARTESIAN_POINT('',(0.,0.));
#3895 = VECTOR('',#3896,1.);
#3896 = DIRECTION('',(0.,1.));
#3897 = ( GEOMETRIC_REPRESENTATION_CONTEXT(2) 
PARAMETRIC_REPRESENTATION_CONTEXT() REPRESENTATION_CONTEXT('2D SPACE',''
  ) );
#3898 = ORIENTED_EDGE('',*,*,#3899,.T.);
#3899 = EDGE_CURVE('',#3821,#3900,#3902,.T.);
#3900 = VERTEX_POINT('',#3901);
#3901 = CARTESIAN_POINT('',(2.26E+03,-1.065442715258E-13,310.));
#3902 = SURFACE_CURVE('',#3903,(#3910),.PCURVE_S1.);
#3903 = B_SPLINE_CURVE_WITH_KNOTS('',3,(#3904,#3905,#3906,#3907,#3908,
    #3909),.UNSPECIFIED.,.F.,.F.,(4,1,1,4),(0.,0.413504003057,
    0.736656733703,1.),.UNSPECIFIED.);
#3904 = CARTESIAN_POINT('',(2.115307436087E+03,-217.5,310.01147743125));
#3905 = CARTESIAN_POINT('',(2.143428582269E+03,-197.8066024217,
    310.00281530098));
#3906 = CARTESIAN_POINT('',(2.191284454201E+03,-158.7158014815,
    309.99991369759));
#3907 = CARTESIAN_POINT('',(2.245416976587E+03,-84.37811986128,
    310.00003206641));
#3908 = CARTESIAN_POINT('',(2.260177446101E+03,-26.82540779111,
    309.99998964674));
#3909 = CARTESIAN_POINT('',(2.26E+03,-1.065442715258E-13,310.));
#3910 = PCURVE('',#3837,#3911);
#3911 = DEFINITIONAL_REPRESENTATION('',(#3912),#3916);
#3912 = LINE('',#3913,#3914);
#3913 = CARTESIAN_POINT('',(0.,0.));
#3914 = VECTOR('',#3915,1.);
#3915 = DIRECTION('',(1.,0.));
#3916 = ( GEOMETRIC_REPRESENTATION_CONTEXT(2) 
PARAMETRIC_REPRESENTATION_CONTEXT() REPRESENTATION_CONTEXT('2D SPACE',''
  ) );
#3917 = ORIENTED_EDGE('',*,*,#3918,.T.);
#3918 = EDGE_CURVE('',#3900,#3919,#3921,.T.);
#3919 = VERTEX_POINT('',#3920);
#3920 = CARTESIAN_POINT('',(2.26E+03,-1.065442715258E-13,0.));
#3921 = SURFACE_CURVE('',#3922,(#3932),.PCURVE_S1.);
#3922 = B_SPLINE_CURVE_WITH_KNOTS('',3,(#3923,#3924,#3925,#3926,#3927,
    #3928,#3929,#3930,#3931),.UNSPECIFIED.,.F.,.F.,(4,1,1,1,1,1,4),(0.,
    0.138303717447,0.306329958805,0.5,0.693670041195,0.861696282553,1.),
  .UNSPECIFIED.);
#3923 = CARTESIAN_POINT('',(2.26E+03,-1.065442715258E-13,310.));
#3924 = CARTESIAN_POINT('',(2.24095497997E+03,-9.496298571187E-14,
    310.15156745619));
#3925 = CARTESIAN_POINT('',(2.202725554262E+03,-7.171565360525E-14,
    290.824796791));
#3926 = CARTESIAN_POINT('',(2.16778412128E+03,-5.046775145139E-14,
    230.3080786908));
#3927 = CARTESIAN_POINT('',(2.155842148621E+03,-4.320583215055E-14,
    154.99999999999));
#3928 = CARTESIAN_POINT('',(2.16778412128E+03,-5.046775145138E-14,
    79.691921309204));
#3929 = CARTESIAN_POINT('',(2.202725554262E+03,-7.171565360526E-14,
    19.175203208993));
#3930 = CARTESIAN_POINT('',(2.24095497997E+03,-9.496298571187E-14,
    -0.151567456192));
#3931 = CARTESIAN_POINT('',(2.26E+03,-1.065442715258E-13,0.));
#3932 = PCURVE('',#3837,#3933);
#3933 = DEFINITIONAL_REPRESENTATION('',(#3934),#3938);
#3934 = LINE('',#3935,#3936);
#3935 = CARTESIAN_POINT('',(1.,0.));
#3936 = VECTOR('',#3937,1.);
#3937 = DIRECTION('',(0.,1.));
#3938 = ( GEOMETRIC_REPRESENTATION_CONTEXT(2) 
PARAMETRIC_REPRESENTATION_CONTEXT() REPRESENTATION_CONTEXT('2D SPACE',''
  ) );
#3939 = ORIENTED_EDGE('',*,*,#3940,.F.);
#3940 = EDGE_CURVE('',#3823,#3919,#3941,.T.);
#3941 = SURFACE_CURVE('',#3942,(#3949),.PCURVE_S1.);
#3942 = B_SPLINE_CURVE_WITH_KNOTS('',3,(#3943,#3944,#3945,#3946,#3947,
    #3948),.UNSPECIFIED.,.F.,.F.,(4,1,1,4),(0.,0.413504003057,
    0.736656733703,1.),.UNSPECIFIED.);
#3943 = CARTESIAN_POINT('',(2.115307436087E+03,-217.5,0.));
#3944 = CARTESIAN_POINT('',(2.143428582269E+03,-197.8066024217,0.));
#3945 = CARTESIAN_POINT('',(2.191284454201E+03,-158.7158014815,0.));
#3946 = CARTESIAN_POINT('',(2.245416976587E+03,-84.37811986128,0.));
#3947 = CARTESIAN_POINT('',(2.260177446101E+03,-26.82540779111,0.));
#3948 = CARTESIAN_POINT('',(2.26E+03,-1.065442715258E-13,0.));
#3949 = PCURVE('',#3837,#3950);
#3950 = DEFINITIONAL_REPRESENTATION('',(#3951),#3955);
#3951 = LINE('',#3952,#3953);
#3952 = CARTESIAN_POINT('',(0.,1.));
#3953 = VECTOR('',#3954,1.);
#3954 = DIRECTION('',(1.,0.));
#3955 = ( GEOMETRIC_REPRESENTATION_CONTEXT(2) 
PARAMETRIC_REPRESENTATION_CONTEXT() REPRESENTATION_CONTEXT('2D SPACE',''
  ) );
#3956 = ( GEOMETRIC_REPRESENTATION_CONTEXT(3) 
GLOBAL_UNCERTAINTY_ASSIGNED_CONTEXT((#3960)) 
GLOBAL_UNIT_ASSIGNED_CONTEXT((#3957,#3958,#3959)) REPRESENTATION_CONTEXT
('Context #1','3D Context with UNIT and UNCERTAINTY') );
#3957 = ( LENGTH_UNIT() NAMED_UNIT(*) SI_UNIT(.MILLI.,.METRE.) );
#3958 = ( NAMED_UNIT(*) PLANE_ANGLE_UNIT() SI_UNIT($,.RADIAN.) );
#3959 = ( NAMED_UNIT(*) SI_UNIT($,.STERADIAN.) SOLID_ANGLE_UNIT() );
#3960 = UNCERTAINTY_MEASURE_WITH_UNIT(LENGTH_MEASURE(1.E-07),#3957,
  'distance_accuracy_value','confusion accuracy');
#3961 = CONTEXT_DEPENDENT_SHAPE_REPRESENTATION(#3962,#3964);
#3962 = ( REPRESENTATION_RELATIONSHIP('','',#3813,#10) 
REPRESENTATION_RELATIONSHIP_WITH_TRANSFORMATION(#3963) 
SHAPE_REPRESENTATION_RELATIONSHIP() );
#3963 = ITEM_DEFINED_TRANSFORMATION('','',#11,#107);
#3964 = PRODUCT_DEFINITION_SHAPE('Placement','Placement of an item',
  #3965);
#3965 = NEXT_ASSEMBLY_USAGE_OCCURRENCE('66','L12','',#5,#3808,$);
#3966 = PRODUCT_RELATED_PRODUCT_CATEGORY('part',$,(#3810));
#3967 = SHAPE_DEFINITION_REPRESENTATION(#3968,#3974);
#3968 = PRODUCT_DEFINITION_SHAPE('','',#3969);
#3969 = PRODUCT_DEFINITION('design','',#3970,#3973);
#3970 = PRODUCT_DEFINITION_FORMATION('','',#3971);
#3971 = PRODUCT('SOFT_UNDERLAY','SOFT_UNDERLAY','',(#3972));
#3972 = PRODUCT_CONTEXT('',#2,'mechanical');
#3973 = PRODUCT_DEFINITION_CONTEXT('part definition',#2,'design');
#3974 = ADVANCED_BREP_SHAPE_REPRESENTATION('',(#11,#3975),#4076);
#3975 = MANIFOLD_SOLID_BREP('',#3976);
#3976 = CLOSED_SHELL('',(#3977,#4068,#4072));
#3977 = ADVANCED_FACE('',(#3978),#3992,.F.);
#3978 = FACE_BOUND('',#3979,.F.);
#3979 = EDGE_LOOP('',(#3980,#4013,#4040,#4041));
#3980 = ORIENTED_EDGE('',*,*,#3981,.T.);
#3981 = EDGE_CURVE('',#3982,#3984,#3986,.T.);
#3982 = VERTEX_POINT('',#3983);
#3983 = CARTESIAN_POINT('',(2.355E+03,0.,0.));
#3984 = VERTEX_POINT('',#3985);
#3985 = CARTESIAN_POINT('',(2.355E+03,0.,26.));
#3986 = SEAM_CURVE('',#3987,(#3991,#4006),.PCURVE_S1.);
#3987 = LINE('',#3988,#3989);
#3988 = CARTESIAN_POINT('',(2.355E+03,0.,0.));
#3989 = VECTOR('',#3990,1.);
#3990 = DIRECTION('',(0.,0.,1.));
#3991 = PCURVE('',#3992,#4000);
#3992 = SURFACE_OF_LINEAR_EXTRUSION('',#3993,#3998);
#3993 = ELLIPSE('',#3994,1.175E+03,540.);
#3994 = AXIS2_PLACEMENT_3D('',#3995,#3996,#3997);
#3995 = CARTESIAN_POINT('',(1.18E+03,0.,0.));
#3996 = DIRECTION('',(0.,0.,1.));
#3997 = DIRECTION('',(1.,0.,0.));
#3998 = VECTOR('',#3999,1.);
#3999 = DIRECTION('',(-0.,-0.,-1.));
#4000 = DEFINITIONAL_REPRESENTATION('',(#4001),#4005);
#4001 = LINE('',#4002,#4003);
#4002 = CARTESIAN_POINT('',(0.,0.));
#4003 = VECTOR('',#4004,1.);
#4004 = DIRECTION('',(0.,-1.));
#4005 = ( GEOMETRIC_REPRESENTATION_CONTEXT(2) 
PARAMETRIC_REPRESENTATION_CONTEXT() REPRESENTATION_CONTEXT('2D SPACE',''
  ) );
#4006 = PCURVE('',#3992,#4007);
#4007 = DEFINITIONAL_REPRESENTATION('',(#4008),#4012);
#4008 = LINE('',#4009,#4010);
#4009 = CARTESIAN_POINT('',(6.28318530718,0.));
#4010 = VECTOR('',#4011,1.);
#4011 = DIRECTION('',(0.,-1.));
#4012 = ( GEOMETRIC_REPRESENTATION_CONTEXT(2) 
PARAMETRIC_REPRESENTATION_CONTEXT() REPRESENTATION_CONTEXT('2D SPACE',''
  ) );
#4013 = ORIENTED_EDGE('',*,*,#4014,.T.);
#4014 = EDGE_CURVE('',#3984,#3984,#4015,.T.);
#4015 = SURFACE_CURVE('',#4016,(#4021,#4028),.PCURVE_S1.);
#4016 = ELLIPSE('',#4017,1.175E+03,540.);
#4017 = AXIS2_PLACEMENT_3D('',#4018,#4019,#4020);
#4018 = CARTESIAN_POINT('',(1.18E+03,0.,26.));
#4019 = DIRECTION('',(0.,0.,1.));
#4020 = DIRECTION('',(1.,0.,0.));
#4021 = PCURVE('',#3992,#4022);
#4022 = DEFINITIONAL_REPRESENTATION('',(#4023),#4027);
#4023 = LINE('',#4024,#4025);
#4024 = CARTESIAN_POINT('',(0.,-26.));
#4025 = VECTOR('',#4026,1.);
#4026 = DIRECTION('',(1.,0.));
#4027 = ( GEOMETRIC_REPRESENTATION_CONTEXT(2) 
PARAMETRIC_REPRESENTATION_CONTEXT() REPRESENTATION_CONTEXT('2D SPACE',''
  ) );
#4028 = PCURVE('',#4029,#4034);
#4029 = PLANE('',#4030);
#4030 = AXIS2_PLACEMENT_3D('',#4031,#4032,#4033);
#4031 = CARTESIAN_POINT('',(1.29387463652E+03,-2.631634325978E-14,26.));
#4032 = DIRECTION('',(0.,0.,1.));
#4033 = DIRECTION('',(1.,0.,-0.));
#4034 = DEFINITIONAL_REPRESENTATION('',(#4035),#4039);
#4035 = ELLIPSE('',#4036,1.175E+03,540.);
#4036 = AXIS2_PLACEMENT_2D('',#4037,#4038);
#4037 = CARTESIAN_POINT('',(-113.8746365203,2.631634325978E-14));
#4038 = DIRECTION('',(1.,0.));
#4039 = ( GEOMETRIC_REPRESENTATION_CONTEXT(2) 
PARAMETRIC_REPRESENTATION_CONTEXT() REPRESENTATION_CONTEXT('2D SPACE',''
  ) );
#4040 = ORIENTED_EDGE('',*,*,#3981,.F.);
#4041 = ORIENTED_EDGE('',*,*,#4042,.F.);
#4042 = EDGE_CURVE('',#3982,#3982,#4043,.T.);
#4043 = SURFACE_CURVE('',#4044,(#4049,#4056),.PCURVE_S1.);
#4044 = ELLIPSE('',#4045,1.175E+03,540.);
#4045 = AXIS2_PLACEMENT_3D('',#4046,#4047,#4048);
#4046 = CARTESIAN_POINT('',(1.18E+03,0.,0.));
#4047 = DIRECTION('',(0.,0.,1.));
#4048 = DIRECTION('',(1.,0.,0.));
#4049 = PCURVE('',#3992,#4050);
#4050 = DEFINITIONAL_REPRESENTATION('',(#4051),#4055);
#4051 = LINE('',#4052,#4053);
#4052 = CARTESIAN_POINT('',(0.,0.));
#4053 = VECTOR('',#4054,1.);
#4054 = DIRECTION('',(1.,0.));
#4055 = ( GEOMETRIC_REPRESENTATION_CONTEXT(2) 
PARAMETRIC_REPRESENTATION_CONTEXT() REPRESENTATION_CONTEXT('2D SPACE',''
  ) );
#4056 = PCURVE('',#4057,#4062);
#4057 = PLANE('',#4058);
#4058 = AXIS2_PLACEMENT_3D('',#4059,#4060,#4061);
#4059 = CARTESIAN_POINT('',(1.29387463652E+03,-2.631634325978E-14,0.));
#4060 = DIRECTION('',(0.,0.,1.));
#4061 = DIRECTION('',(1.,0.,-0.));
#4062 = DEFINITIONAL_REPRESENTATION('',(#4063),#4067);
#4063 = ELLIPSE('',#4064,1.175E+03,540.);
#4064 = AXIS2_PLACEMENT_2D('',#4065,#4066);
#4065 = CARTESIAN_POINT('',(-113.8746365203,2.631634325978E-14));
#4066 = DIRECTION('',(1.,0.));
#4067 = ( GEOMETRIC_REPRESENTATION_CONTEXT(2) 
PARAMETRIC_REPRESENTATION_CONTEXT() REPRESENTATION_CONTEXT('2D SPACE',''
  ) );
#4068 = ADVANCED_FACE('',(#4069),#4057,.F.);
#4069 = FACE_BOUND('',#4070,.F.);
#4070 = EDGE_LOOP('',(#4071));
#4071 = ORIENTED_EDGE('',*,*,#4042,.T.);
#4072 = ADVANCED_FACE('',(#4073),#4029,.T.);
#4073 = FACE_BOUND('',#4074,.T.);
#4074 = EDGE_LOOP('',(#4075));
#4075 = ORIENTED_EDGE('',*,*,#4014,.T.);
#4076 = ( GEOMETRIC_REPRESENTATION_CONTEXT(3) 
GLOBAL_UNCERTAINTY_ASSIGNED_CONTEXT((#4080)) 
GLOBAL_UNIT_ASSIGNED_CONTEXT((#4077,#4078,#4079)) REPRESENTATION_CONTEXT
('Context #1','3D Context with UNIT and UNCERTAINTY') );
#4077 = ( LENGTH_UNIT() NAMED_UNIT(*) SI_UNIT(.MILLI.,.METRE.) );
#4078 = ( NAMED_UNIT(*) PLANE_ANGLE_UNIT() SI_UNIT($,.RADIAN.) );
#4079 = ( NAMED_UNIT(*) SI_UNIT($,.STERADIAN.) SOLID_ANGLE_UNIT() );
#4080 = UNCERTAINTY_MEASURE_WITH_UNIT(LENGTH_MEASURE(1.E-07),#4077,
  'distance_accuracy_value','confusion accuracy');
#4081 = CONTEXT_DEPENDENT_SHAPE_REPRESENTATION(#4082,#4084);
#4082 = ( REPRESENTATION_RELATIONSHIP('','',#3974,#10) 
REPRESENTATION_RELATIONSHIP_WITH_TRANSFORMATION(#4083) 
SHAPE_REPRESENTATION_RELATIONSHIP() );
#4083 = ITEM_DEFINED_TRANSFORMATION('','',#11,#111);
#4084 = PRODUCT_DEFINITION_SHAPE('Placement','Placement of an item',
  #4085);
#4085 = NEXT_ASSEMBLY_USAGE_OCCURRENCE('67','SOFT_UNDERLAY','',#5,#3969,
  $);
#4086 = PRODUCT_RELATED_PRODUCT_CATEGORY('part',$,(#3971));
#4087 = SHAPE_DEFINITION_REPRESENTATION(#4088,#4094);
#4088 = PRODUCT_DEFINITION_SHAPE('','',#4089);
#4089 = PRODUCT_DEFINITION('design','',#4090,#4093);
#4090 = PRODUCT_DEFINITION_FORMATION('','',#4091);
#4091 = PRODUCT('FLOOR_TEXTILE','FLOOR_TEXTILE','',(#4092));
#4092 = PRODUCT_CONTEXT('',#2,'mechanical');
#4093 = PRODUCT_DEFINITION_CONTEXT('part definition',#2,'design');
#4094 = ADVANCED_BREP_SHAPE_REPRESENTATION('',(#11,#4095),#4196);
#4095 = MANIFOLD_SOLID_BREP('',#4096);
#4096 = CLOSED_SHELL('',(#4097,#4188,#4192));
#4097 = ADVANCED_FACE('',(#4098),#4112,.F.);
#4098 = FACE_BOUND('',#4099,.F.);
#4099 = EDGE_LOOP('',(#4100,#4133,#4160,#4161));
#4100 = ORIENTED_EDGE('',*,*,#4101,.T.);
#4101 = EDGE_CURVE('',#4102,#4104,#4106,.T.);
#4102 = VERTEX_POINT('',#4103);
#4103 = CARTESIAN_POINT('',(2.36E+03,0.,0.));
#4104 = VERTEX_POINT('',#4105);
#4105 = CARTESIAN_POINT('',(2.36E+03,0.,1.));
#4106 = SEAM_CURVE('',#4107,(#4111,#4126),.PCURVE_S1.);
#4107 = LINE('',#4108,#4109);
#4108 = CARTESIAN_POINT('',(2.36E+03,0.,0.));
#4109 = VECTOR('',#4110,1.);
#4110 = DIRECTION('',(0.,0.,1.));
#4111 = PCURVE('',#4112,#4120);
#4112 = SURFACE_OF_LINEAR_EXTRUSION('',#4113,#4118);
#4113 = ELLIPSE('',#4114,1.18E+03,545.);
#4114 = AXIS2_PLACEMENT_3D('',#4115,#4116,#4117);
#4115 = CARTESIAN_POINT('',(1.18E+03,0.,0.));
#4116 = DIRECTION('',(0.,0.,1.));
#4117 = DIRECTION('',(1.,0.,0.));
#4118 = VECTOR('',#4119,1.);
#4119 = DIRECTION('',(-0.,-0.,-1.));
#4120 = DEFINITIONAL_REPRESENTATION('',(#4121),#4125);
#4121 = LINE('',#4122,#4123);
#4122 = CARTESIAN_POINT('',(0.,0.));
#4123 = VECTOR('',#4124,1.);
#4124 = DIRECTION('',(0.,-1.));
#4125 = ( GEOMETRIC_REPRESENTATION_CONTEXT(2) 
PARAMETRIC_REPRESENTATION_CONTEXT() REPRESENTATION_CONTEXT('2D SPACE',''
  ) );
#4126 = PCURVE('',#4112,#4127);
#4127 = DEFINITIONAL_REPRESENTATION('',(#4128),#4132);
#4128 = LINE('',#4129,#4130);
#4129 = CARTESIAN_POINT('',(6.28318530718,0.));
#4130 = VECTOR('',#4131,1.);
#4131 = DIRECTION('',(0.,-1.));
#4132 = ( GEOMETRIC_REPRESENTATION_CONTEXT(2) 
PARAMETRIC_REPRESENTATION_CONTEXT() REPRESENTATION_CONTEXT('2D SPACE',''
  ) );
#4133 = ORIENTED_EDGE('',*,*,#4134,.T.);
#4134 = EDGE_CURVE('',#4104,#4104,#4135,.T.);
#4135 = SURFACE_CURVE('',#4136,(#4141,#4148),.PCURVE_S1.);
#4136 = ELLIPSE('',#4137,1.18E+03,545.);
#4137 = AXIS2_PLACEMENT_3D('',#4138,#4139,#4140);
#4138 = CARTESIAN_POINT('',(1.18E+03,0.,1.));
#4139 = DIRECTION('',(0.,0.,1.));
#4140 = DIRECTION('',(1.,0.,0.));
#4141 = PCURVE('',#4112,#4142);
#4142 = DEFINITIONAL_REPRESENTATION('',(#4143),#4147);
#4143 = LINE('',#4144,#4145);
#4144 = CARTESIAN_POINT('',(0.,-1.));
#4145 = VECTOR('',#4146,1.);
#4146 = DIRECTION('',(1.,0.));
#4147 = ( GEOMETRIC_REPRESENTATION_CONTEXT(2) 
PARAMETRIC_REPRESENTATION_CONTEXT() REPRESENTATION_CONTEXT('2D SPACE',''
  ) );
#4148 = PCURVE('',#4149,#4154);
#4149 = PLANE('',#4150);
#4150 = AXIS2_PLACEMENT_3D('',#4151,#4152,#4153);
#4151 = CARTESIAN_POINT('',(1.293690924914E+03,-1.269232654059E-15,1.));
#4152 = DIRECTION('',(0.,0.,1.));
#4153 = DIRECTION('',(1.,0.,-0.));
#4154 = DEFINITIONAL_REPRESENTATION('',(#4155),#4159);
#4155 = ELLIPSE('',#4156,1.18E+03,545.);
#4156 = AXIS2_PLACEMENT_2D('',#4157,#4158);
#4157 = CARTESIAN_POINT('',(-113.6909249136,1.269232654059E-15));
#4158 = DIRECTION('',(1.,0.));
#4159 = ( GEOMETRIC_REPRESENTATION_CONTEXT(2) 
PARAMETRIC_REPRESENTATION_CONTEXT() REPRESENTATION_CONTEXT('2D SPACE',''
  ) );
#4160 = ORIENTED_EDGE('',*,*,#4101,.F.);
#4161 = ORIENTED_EDGE('',*,*,#4162,.F.);
#4162 = EDGE_CURVE('',#4102,#4102,#4163,.T.);
#4163 = SURFACE_CURVE('',#4164,(#4169,#4176),.PCURVE_S1.);
#4164 = ELLIPSE('',#4165,1.18E+03,545.);
#4165 = AXIS2_PLACEMENT_3D('',#4166,#4167,#4168);
#4166 = CARTESIAN_POINT('',(1.18E+03,0.,0.));
#4167 = DIRECTION('',(0.,0.,1.));
#4168 = DIRECTION('',(1.,0.,0.));
#4169 = PCURVE('',#4112,#4170);
#4170 = DEFINITIONAL_REPRESENTATION('',(#4171),#4175);
#4171 = LINE('',#4172,#4173);
#4172 = CARTESIAN_POINT('',(0.,0.));
#4173 = VECTOR('',#4174,1.);
#4174 = DIRECTION('',(1.,0.));
#4175 = ( GEOMETRIC_REPRESENTATION_CONTEXT(2) 
PARAMETRIC_REPRESENTATION_CONTEXT() REPRESENTATION_CONTEXT('2D SPACE',''
  ) );
#4176 = PCURVE('',#4177,#4182);
#4177 = PLANE('',#4178);
#4178 = AXIS2_PLACEMENT_3D('',#4179,#4180,#4181);
#4179 = CARTESIAN_POINT('',(1.293690924914E+03,-1.269232654059E-15,0.));
#4180 = DIRECTION('',(0.,0.,1.));
#4181 = DIRECTION('',(1.,0.,-0.));
#4182 = DEFINITIONAL_REPRESENTATION('',(#4183),#4187);
#4183 = ELLIPSE('',#4184,1.18E+03,545.);
#4184 = AXIS2_PLACEMENT_2D('',#4185,#4186);
#4185 = CARTESIAN_POINT('',(-113.6909249136,1.269232654059E-15));
#4186 = DIRECTION('',(1.,0.));
#4187 = ( GEOMETRIC_REPRESENTATION_CONTEXT(2) 
PARAMETRIC_REPRESENTATION_CONTEXT() REPRESENTATION_CONTEXT('2D SPACE',''
  ) );
#4188 = ADVANCED_FACE('',(#4189),#4177,.F.);
#4189 = FACE_BOUND('',#4190,.F.);
#4190 = EDGE_LOOP('',(#4191));
#4191 = ORIENTED_EDGE('',*,*,#4162,.T.);
#4192 = ADVANCED_FACE('',(#4193),#4149,.T.);
#4193 = FACE_BOUND('',#4194,.T.);
#4194 = EDGE_LOOP('',(#4195));
#4195 = ORIENTED_EDGE('',*,*,#4134,.T.);
#4196 = ( GEOMETRIC_REPRESENTATION_CONTEXT(3) 
GLOBAL_UNCERTAINTY_ASSIGNED_CONTEXT((#4200)) 
GLOBAL_UNIT_ASSIGNED_CONTEXT((#4197,#4198,#4199)) REPRESENTATION_CONTEXT
('Context #1','3D Context with UNIT and UNCERTAINTY') );
#4197 = ( LENGTH_UNIT() NAMED_UNIT(*) SI_UNIT(.MILLI.,.METRE.) );
#4198 = ( NAMED_UNIT(*) PLANE_ANGLE_UNIT() SI_UNIT($,.RADIAN.) );
#4199 = ( NAMED_UNIT(*) SI_UNIT($,.STERADIAN.) SOLID_ANGLE_UNIT() );
#4200 = UNCERTAINTY_MEASURE_WITH_UNIT(LENGTH_MEASURE(1.E-07),#4197,
  'distance_accuracy_value','confusion accuracy');
#4201 = CONTEXT_DEPENDENT_SHAPE_REPRESENTATION(#4202,#4204);
#4202 = ( REPRESENTATION_RELATIONSHIP('','',#4094,#10) 
REPRESENTATION_RELATIONSHIP_WITH_TRANSFORMATION(#4203) 
SHAPE_REPRESENTATION_RELATIONSHIP() );
#4203 = ITEM_DEFINED_TRANSFORMATION('','',#11,#115);
#4204 = PRODUCT_DEFINITION_SHAPE('Placement','Placement of an item',
  #4205);
#4205 = NEXT_ASSEMBLY_USAGE_OCCURRENCE('68','FLOOR_TEXTILE','',#5,#4089,
  $);
#4206 = PRODUCT_RELATED_PRODUCT_CATEGORY('part',$,(#4091));
#4207 = SHAPE_DEFINITION_REPRESENTATION(#4208,#4214);
#4208 = PRODUCT_DEFINITION_SHAPE('','',#4209);
#4209 = PRODUCT_DEFINITION('design','',#4210,#4213);
#4210 = PRODUCT_DEFINITION_FORMATION('','',#4211);
#4211 = PRODUCT('MATTRESS_work','MATTRESS_work','',(#4212));
#4212 = PRODUCT_CONTEXT('',#2,'mechanical');
#4213 = PRODUCT_DEFINITION_CONTEXT('part definition',#2,'design');
#4214 = MANIFOLD_SURFACE_SHAPE_REPRESENTATION('',(#11,#4215),#4439);
#4215 = SHELL_BASED_SURFACE_MODEL('',(#4216));
#4216 = OPEN_SHELL('',(#4217));
#4217 = ADVANCED_FACE('',(#4218),#4232,.T.);
#4218 = FACE_BOUND('',#4219,.T.);
#4219 = EDGE_LOOP('',(#4220,#4335,#4380,#4396));
#4220 = ORIENTED_EDGE('',*,*,#4221,.F.);
#4221 = EDGE_CURVE('',#4222,#4224,#4226,.T.);
#4222 = VERTEX_POINT('',#4223);
#4223 = CARTESIAN_POINT('',(160.,-173.1828792692,629.34977104537));
#4224 = VERTEX_POINT('',#4225);
#4225 = CARTESIAN_POINT('',(160.,173.18287926927,629.34977104537));
#4226 = SURFACE_CURVE('',#4227,(#4231),.PCURVE_S1.);
#4227 = B_SPLINE_CURVE_WITH_KNOTS('',2,(#4228,#4229,#4230),
  .UNSPECIFIED.,.F.,.F.,(3,3),(0.,1.),.PIECEWISE_BEZIER_KNOTS.);
#4228 = CARTESIAN_POINT('',(160.,-173.1828792692,629.34977104537));
#4229 = CARTESIAN_POINT('',(160.,3.415487782261E-15,630.81750117735));
#4230 = CARTESIAN_POINT('',(160.,173.18287926927,629.34977104537));
#4231 = PCURVE('',#4232,#4329);
#4232 = B_SPLINE_SURFACE_WITH_KNOTS('',2,2,(
    (#4233,#4234,#4235)
    ,(#4236,#4237,#4238)
    ,(#4239,#4240,#4241)
    ,(#4242,#4243,#4244)
    ,(#4245,#4246,#4247)
    ,(#4248,#4249,#4250)
    ,(#4251,#4252,#4253)
    ,(#4254,#4255,#4256)
    ,(#4257,#4258,#4259)
    ,(#4260,#4261,#4262)
    ,(#4263,#4264,#4265)
    ,(#4266,#4267,#4268)
    ,(#4269,#4270,#4271)
    ,(#4272,#4273,#4274)
    ,(#4275,#4276,#4277)
    ,(#4278,#4279,#4280)
    ,(#4281,#4282,#4283)
    ,(#4284,#4285,#4286)
    ,(#4287,#4288,#4289)
    ,(#4290,#4291,#4292)
    ,(#4293,#4294,#4295)
    ,(#4296,#4297,#4298)
    ,(#4299,#4300,#4301)
    ,(#4302,#4303,#4304)
    ,(#4305,#4306,#4307)
    ,(#4308,#4309,#4310)
    ,(#4311,#4312,#4313)
    ,(#4314,#4315,#4316)
    ,(#4317,#4318,#4319)
    ,(#4320,#4321,#4322)
    ,(#4323,#4324,#4325)
    ,(#4326,#4327,#4328
    )),.UNSPECIFIED.,.F.,.F.,.F.,(3,1,1,1,1,1,1,1,1,1,1,1,1,1,1,1,1,1,1,
    1,1,1,1,1,1,1,1,1,1,1,3),(3,3),(0.,3.383672270123E-02,
    6.602416680889E-02,9.7658680886E-02,0.130619921791,0.166259781528,
    0.20439082925,0.24456252301,0.285841775126,0.327178355544,
    0.367524470961,0.406007154558,0.441728774973,0.474824706073,
    0.505680997075,0.536083251783,0.566479092251,0.596875135354,
    0.627271717681,0.657669222932,0.688069054061,0.718473474226,
    0.748888562229,0.779324187949,0.809800015711,0.840351725202,
    0.871034363471,0.901976400336,0.933345722429,0.965723446452,1.),(0.,
    1.),.UNSPECIFIED.);
#4233 = CARTESIAN_POINT('',(160.,-173.1828792692,629.34977104537));
#4234 = CARTESIAN_POINT('',(160.,3.415487782261E-15,630.81750117735));
#4235 = CARTESIAN_POINT('',(160.,173.18287926927,629.34977104537));
#4236 = CARTESIAN_POINT('',(192.83034945995,-197.1970572162,
    630.10242808389));
#4237 = CARTESIAN_POINT('',(192.83034945995,-4.984816581544E-16,
    632.58225479354));
#4238 = CARTESIAN_POINT('',(192.83034945995,197.1970572162,
    630.10242808389));
#4239 = CARTESIAN_POINT('',(261.6320640708,-230.7358472734,
    630.86644761579));
#4240 = CARTESIAN_POINT('',(261.6320640708,5.162059233268E-15,
    636.37044214789));
#4241 = CARTESIAN_POINT('',(261.6320640708,230.73584727343,
    630.86644761579));
#4242 = CARTESIAN_POINT('',(331.20759944488,-254.5576808176,
    631.56174002066));
#4243 = CARTESIAN_POINT('',(331.20759944488,-1.3530925484E-14,
    640.64178596226));
#4244 = CARTESIAN_POINT('',(331.20759944488,254.55768081765,
    631.56174002066));
#4245 = CARTESIAN_POINT('',(400.56038723946,-271.8202566738,
    612.41042687092));
#4246 = CARTESIAN_POINT('',(400.56038723946,2.064977306534E-14,
    625.2058386472));
#4247 = CARTESIAN_POINT('',(400.56038723946,271.82025667386,
    612.41042687092));
#4248 = CARTESIAN_POINT('',(469.01773751508,-284.1251037767,
    576.51032711001));
#4249 = CARTESIAN_POINT('',(469.01773751508,-1.465407293805E-14,
    592.90367899422));
#4250 = CARTESIAN_POINT('',(469.01773751508,284.12510377675,
    576.51032711001));
#4251 = CARTESIAN_POINT('',(537.11911055135,-293.0217334353,
    528.51960018277));
#4252 = CARTESIAN_POINT('',(537.11911055135,1.555341664783E-15,
    548.25418472171));
#4253 = CARTESIAN_POINT('',(537.11911055135,293.02173343535,
    528.51960018277));
#4254 = CARTESIAN_POINT('',(604.93704628876,-299.2738322626,
    471.60916190945));
#4255 = CARTESIAN_POINT('',(604.93704628876,-5.994873587681E-15,
    494.34463655741));
#4256 = CARTESIAN_POINT('',(604.93704628876,299.27383226262,
    471.60916190945));
#4257 = CARTESIAN_POINT('',(672.79734353063,-303.5953924903,
    409.35915216971));
#4258 = CARTESIAN_POINT('',(672.79734353064,1.80595625782E-15,
    434.71666640563));
#4259 = CARTESIAN_POINT('',(672.79734353063,303.59539249034,
    409.35915216971));
#4260 = CARTESIAN_POINT('',(740.62136449957,-306.4424257617,
    345.2438427162));
#4261 = CARTESIAN_POINT('',(740.62136449957,-6.569664300146E-15,
    372.82406316438));
#4262 = CARTESIAN_POINT('',(740.62136449957,306.44242576179,
    345.2438427162));
#4263 = CARTESIAN_POINT('',(808.40424069053,-308.2092965649,
    282.70993783479));
#4264 = CARTESIAN_POINT('',(808.40424069053,-4.055444980892E-15,
    312.11961232));
#4265 = CARTESIAN_POINT('',(808.40424069053,308.20929656496,
    282.70993783479));
#4266 = CARTESIAN_POINT('',(876.32068058255,-309.225929171,
    225.29559832807));
#4267 = CARTESIAN_POINT('',(876.32068058255,-9.012210211155E-15,
    256.1659433965));
#4268 = CARTESIAN_POINT('',(876.32068058255,309.22592917104,
    225.29559832807));
#4269 = CARTESIAN_POINT('',(944.21886013376,-309.7313349175,
    176.26430176747));
#4270 = CARTESIAN_POINT('',(944.21886013376,1.32924982212E-14,
    208.25152798589));
#4271 = CARTESIAN_POINT('',(944.21886013376,309.73133491755,
    176.26430176747));
#4272 = CARTESIAN_POINT('',(1.012499740448E+03,-309.9429359441,
    139.46891319468));
#4273 = CARTESIAN_POINT('',(1.012499740448E+03,9.745014634559E-15,
    172.26297333406));
#4274 = CARTESIAN_POINT('',(1.012499740448E+03,309.94293594412,
    139.46891319468));
#4275 = CARTESIAN_POINT('',(1.081745680258E+03,-309.9963082807,
    117.75670013423));
#4276 = CARTESIAN_POINT('',(1.081745680258E+03,1.610446938643E-15,
    151.07393762312));
#4277 = CARTESIAN_POINT('',(1.081745680258E+03,309.99630828075,
    117.75670013423));
#4278 = CARTESIAN_POINT('',(1.150896399197E+03,-310.0002505341,
    117.08266070137));
#4279 = CARTESIAN_POINT('',(1.150896399197E+03,2.311372440722E-15,
    150.64364098313));
#4280 = CARTESIAN_POINT('',(1.150896399197E+03,310.00025053417,
    117.08266070137));
#4281 = CARTESIAN_POINT('',(1.219135467255E+03,-310.0009271284,
    117.28075046518));
#4282 = CARTESIAN_POINT('',(1.219135467255E+03,-9.081671341379E-15,
    150.82285412288));
#4283 = CARTESIAN_POINT('',(1.219135467255E+03,310.00092712849,
    117.28075046518));
#4284 = CARTESIAN_POINT('',(1.287514022064E+03,-309.9930168488,
    117.15458580283));
#4285 = CARTESIAN_POINT('',(1.287514022064E+03,1.070812065647E-14,
    150.41707728775));
#4286 = CARTESIAN_POINT('',(1.287514022064E+03,309.99301684883,
    117.15458580283));
#4287 = CARTESIAN_POINT('',(1.355827833798E+03,-309.9285551031,
    117.11395595585));
#4288 = CARTESIAN_POINT('',(1.355827833798E+03,-1.434874854585E-14,
    149.8257905871));
#4289 = CARTESIAN_POINT('',(1.355827833798E+03,309.92855510311,
    117.11395595585));
#4290 = CARTESIAN_POINT('',(1.424170031015E+03,-309.6881239228,
    116.99915333266));
#4291 = CARTESIAN_POINT('',(1.424170031015E+03,-2.149832500681E-15,
    148.86585375006));
#4292 = CARTESIAN_POINT('',(1.424170031015E+03,309.68812392289,
    116.99915333266));
#4293 = CARTESIAN_POINT('',(1.492501161871E+03,-309.128660869,
    116.89690537775));
#4294 = CARTESIAN_POINT('',(1.492501161871E+03,1.319055266739E-14,
    147.59832194856));
#4295 = CARTESIAN_POINT('',(1.492501161871E+03,309.12866086907,
    116.89690537775));
#4296 = CARTESIAN_POINT('',(1.560837688234E+03,-308.0199695285,
    116.79176931648));
#4297 = CARTESIAN_POINT('',(1.560837688234E+03,2.364953294676E-15,
    145.97483386676));
#4298 = CARTESIAN_POINT('',(1.560837688234E+03,308.01996952853,
    116.79176931648));
#4299 = CARTESIAN_POINT('',(1.62917628497E+03,-306.1078603711,
    116.71107324157));
#4300 = CARTESIAN_POINT('',(1.62917628497E+03,-4.227648322799E-15,
    143.99539275617));
#4301 = CARTESIAN_POINT('',(1.62917628497E+03,306.10786037118,
    116.71107324157));
#4302 = CARTESIAN_POINT('',(1.69751778357E+03,-303.0463510719,
    116.65897943327));
#4303 = CARTESIAN_POINT('',(1.69751778357E+03,-9.72466568796E-16,
    141.64406395641));
#4304 = CARTESIAN_POINT('',(1.69751778357E+03,303.04635107194,
    116.65897943327));
#4305 = CARTESIAN_POINT('',(1.765868059446E+03,-298.4250031269,
    116.63926763538));
#4306 = CARTESIAN_POINT('',(1.765868059446E+03,-7.012371585054E-15,
    138.92184359152));
#4307 = CARTESIAN_POINT('',(1.765868059446E+03,298.42500312695,
    116.63926763538));
#4308 = CARTESIAN_POINT('',(1.83423129865E+03,-291.7417668262,
    116.63972132346));
#4309 = CARTESIAN_POINT('',(1.83423129865E+03,3.587402935326E-15,
    135.83833158775));
#4310 = CARTESIAN_POINT('',(1.83423129865E+03,291.74176682624,
    116.63972132346));
#4311 = CARTESIAN_POINT('',(1.902609063039E+03,-282.303642599,
    116.62936705402));
#4312 = CARTESIAN_POINT('',(1.902609063039E+03,-2.132928450752E-17,
    132.42548789182));
#4313 = CARTESIAN_POINT('',(1.902609063039E+03,282.30364259907,
    116.62936705402));
#4314 = CARTESIAN_POINT('',(1.97104966757E+03,-269.2978711694,
    116.55765885886));
#4315 = CARTESIAN_POINT('',(1.97104966757E+03,-6.168010409255E-15,
    128.72980577914));
#4316 = CARTESIAN_POINT('',(1.97104966757E+03,269.29787116945,
    116.55765885886));
#4317 = CARTESIAN_POINT('',(2.039520315331E+03,-251.3454780137,
    116.33283195308));
#4318 = CARTESIAN_POINT('',(2.039520315331E+03,-5.235671580062E-16,
    124.84557071341));
#4319 = CARTESIAN_POINT('',(2.039520315331E+03,251.34547801379,
    116.33283195308));
#4320 = CARTESIAN_POINT('',(2.108313787583E+03,-226.6109719698,
    115.83997737198));
#4321 = CARTESIAN_POINT('',(2.108313787583E+03,8.17729872197E-16,
    120.86568789206));
#4322 = CARTESIAN_POINT('',(2.108313787583E+03,226.61097196981,
    115.83997737198));
#4323 = CARTESIAN_POINT('',(2.177464470924E+03,-191.0374162813,
    114.88605476461));
#4324 = CARTESIAN_POINT('',(2.177464470924E+03,-1.328630344351E-14,
    116.97833092572));
#4325 = CARTESIAN_POINT('',(2.177464470924E+03,191.0374162813,
    114.88605476461));
#4326 = CARTESIAN_POINT('',(2.21E+03,-165.413049815,114.12233954619));
#4327 = CARTESIAN_POINT('',(2.21E+03,-2.106999358366E-16,115.29947823097
    ));
#4328 = CARTESIAN_POINT('',(2.21E+03,165.41304981508,114.12233954619));
#4329 = DEFINITIONAL_REPRESENTATION('',(#4330),#4334);
#4330 = LINE('',#4331,#4332);
#4331 = CARTESIAN_POINT('',(0.,0.));
#4332 = VECTOR('',#4333,1.);
#4333 = DIRECTION('',(0.,1.));
#4334 = ( GEOMETRIC_REPRESENTATION_CONTEXT(2) 
PARAMETRIC_REPRESENTATION_CONTEXT() REPRESENTATION_CONTEXT('2D SPACE',''
  ) );
#4335 = ORIENTED_EDGE('',*,*,#4336,.T.);
#4336 = EDGE_CURVE('',#4222,#4337,#4339,.T.);
#4337 = VERTEX_POINT('',#4338);
#4338 = CARTESIAN_POINT('',(2.21E+03,-165.413049815,114.12233954619));
#4339 = SURFACE_CURVE('',#4340,(#4373),.PCURVE_S1.);
#4340 = B_SPLINE_CURVE_WITH_KNOTS('',2,(#4341,#4342,#4343,#4344,#4345,
    #4346,#4347,#4348,#4349,#4350,#4351,#4352,#4353,#4354,#4355,#4356,
    #4357,#4358,#4359,#4360,#4361,#4362,#4363,#4364,#4365,#4366,#4367,
    #4368,#4369,#4370,#4371,#4372),.UNSPECIFIED.,.F.,.F.,(3,1,1,1,1,1,1,
    1,1,1,1,1,1,1,1,1,1,1,1,1,1,1,1,1,1,1,1,1,1,1,3),(0.,
    3.383672270123E-02,6.602416680889E-02,9.7658680886E-02,
    0.130619921791,0.166259781528,0.20439082925,0.24456252301,
    0.285841775126,0.327178355544,0.367524470961,0.406007154558,
    0.441728774973,0.474824706073,0.505680997075,0.536083251783,
    0.566479092251,0.596875135354,0.627271717681,0.657669222932,
    0.688069054061,0.718473474226,0.748888562229,0.779324187949,
    0.809800015711,0.840351725202,0.871034363471,0.901976400336,
    0.933345722429,0.965723446452,1.),.UNSPECIFIED.);
#4341 = CARTESIAN_POINT('',(160.,-173.1828792692,629.34977104537));
#4342 = CARTESIAN_POINT('',(192.83034945995,-197.1970572162,
    630.10242808389));
#4343 = CARTESIAN_POINT('',(261.6320640708,-230.7358472734,
    630.86644761579));
#4344 = CARTESIAN_POINT('',(331.20759944488,-254.5576808176,
    631.56174002066));
#4345 = CARTESIAN_POINT('',(400.56038723946,-271.8202566738,
    612.41042687092));
#4346 = CARTESIAN_POINT('',(469.01773751508,-284.1251037767,
    576.51032711001));
#4347 = CARTESIAN_POINT('',(537.11911055135,-293.0217334353,
    528.51960018277));
#4348 = CARTESIAN_POINT('',(604.93704628876,-299.2738322626,
    471.60916190945));
#4349 = CARTESIAN_POINT('',(672.79734353063,-303.5953924903,
    409.35915216971));
#4350 = CARTESIAN_POINT('',(740.62136449957,-306.4424257617,
    345.2438427162));
#4351 = CARTESIAN_POINT('',(808.40424069053,-308.2092965649,
    282.70993783479));
#4352 = CARTESIAN_POINT('',(876.32068058255,-309.225929171,
    225.29559832807));
#4353 = CARTESIAN_POINT('',(944.21886013376,-309.7313349175,
    176.26430176747));
#4354 = CARTESIAN_POINT('',(1.012499740448E+03,-309.9429359441,
    139.46891319468));
#4355 = CARTESIAN_POINT('',(1.081745680258E+03,-309.9963082807,
    117.75670013423));
#4356 = CARTESIAN_POINT('',(1.150896399197E+03,-310.0002505341,
    117.08266070137));
#4357 = CARTESIAN_POINT('',(1.219135467255E+03,-310.0009271284,
    117.28075046518));
#4358 = CARTESIAN_POINT('',(1.287514022064E+03,-309.9930168488,
    117.15458580283));
#4359 = CARTESIAN_POINT('',(1.355827833798E+03,-309.9285551031,
    117.11395595585));
#4360 = CARTESIAN_POINT('',(1.424170031015E+03,-309.6881239228,
    116.99915333266));
#4361 = CARTESIAN_POINT('',(1.492501161871E+03,-309.128660869,
    116.89690537775));
#4362 = CARTESIAN_POINT('',(1.560837688234E+03,-308.0199695285,
    116.79176931648));
#4363 = CARTESIAN_POINT('',(1.62917628497E+03,-306.1078603711,
    116.71107324157));
#4364 = CARTESIAN_POINT('',(1.69751778357E+03,-303.0463510719,
    116.65897943327));
#4365 = CARTESIAN_POINT('',(1.765868059446E+03,-298.4250031269,
    116.63926763538));
#4366 = CARTESIAN_POINT('',(1.83423129865E+03,-291.7417668262,
    116.63972132346));
#4367 = CARTESIAN_POINT('',(1.902609063039E+03,-282.303642599,
    116.62936705402));
#4368 = CARTESIAN_POINT('',(1.97104966757E+03,-269.2978711694,
    116.55765885886));
#4369 = CARTESIAN_POINT('',(2.039520315331E+03,-251.3454780137,
    116.33283195308));
#4370 = CARTESIAN_POINT('',(2.108313787583E+03,-226.6109719698,
    115.83997737198));
#4371 = CARTESIAN_POINT('',(2.177464470924E+03,-191.0374162813,
    114.88605476461));
#4372 = CARTESIAN_POINT('',(2.21E+03,-165.413049815,114.12233954619));
#4373 = PCURVE('',#4232,#4374);
#4374 = DEFINITIONAL_REPRESENTATION('',(#4375),#4379);
#4375 = LINE('',#4376,#4377);
#4376 = CARTESIAN_POINT('',(0.,0.));
#4377 = VECTOR('',#4378,1.);
#4378 = DIRECTION('',(1.,0.));
#4379 = ( GEOMETRIC_REPRESENTATION_CONTEXT(2) 
PARAMETRIC_REPRESENTATION_CONTEXT() REPRESENTATION_CONTEXT('2D SPACE',''
  ) );
#4380 = ORIENTED_EDGE('',*,*,#4381,.T.);
#4381 = EDGE_CURVE('',#4337,#4382,#4384,.T.);
#4382 = VERTEX_POINT('',#4383);
#4383 = CARTESIAN_POINT('',(2.21E+03,165.41304981508,114.12233954619));
#4384 = SURFACE_CURVE('',#4385,(#4389),.PCURVE_S1.);
#4385 = B_SPLINE_CURVE_WITH_KNOTS('',2,(#4386,#4387,#4388),
  .UNSPECIFIED.,.F.,.F.,(3,3),(0.,1.),.PIECEWISE_BEZIER_KNOTS.);
#4386 = CARTESIAN_POINT('',(2.21E+03,-165.413049815,114.12233954619));
#4387 = CARTESIAN_POINT('',(2.21E+03,-2.106999358366E-16,115.29947823097
    ));
#4388 = CARTESIAN_POINT('',(2.21E+03,165.41304981508,114.12233954619));
#4389 = PCURVE('',#4232,#4390);
#4390 = DEFINITIONAL_REPRESENTATION('',(#4391),#4395);
#4391 = LINE('',#4392,#4393);
#4392 = CARTESIAN_POINT('',(1.,0.));
#4393 = VECTOR('',#4394,1.);
#4394 = DIRECTION('',(0.,1.));
#4395 = ( GEOMETRIC_REPRESENTATION_CONTEXT(2) 
PARAMETRIC_REPRESENTATION_CONTEXT() REPRESENTATION_CONTEXT('2D SPACE',''
  ) );
#4396 = ORIENTED_EDGE('',*,*,#4397,.F.);
#4397 = EDGE_CURVE('',#4224,#4382,#4398,.T.);
#4398 = SURFACE_CURVE('',#4399,(#4432),.PCURVE_S1.);
#4399 = B_SPLINE_CURVE_WITH_KNOTS('',2,(#4400,#4401,#4402,#4403,#4404,
    #4405,#4406,#4407,#4408,#4409,#4410,#4411,#4412,#4413,#4414,#4415,
    #4416,#4417,#4418,#4419,#4420,#4421,#4422,#4423,#4424,#4425,#4426,
    #4427,#4428,#4429,#4430,#4431),.UNSPECIFIED.,.F.,.F.,(3,1,1,1,1,1,1,
    1,1,1,1,1,1,1,1,1,1,1,1,1,1,1,1,1,1,1,1,1,1,1,3),(0.,
    3.383672270123E-02,6.602416680889E-02,9.7658680886E-02,
    0.130619921791,0.166259781528,0.20439082925,0.24456252301,
    0.285841775126,0.327178355544,0.367524470961,0.406007154558,
    0.441728774973,0.474824706073,0.505680997075,0.536083251783,
    0.566479092251,0.596875135354,0.627271717681,0.657669222932,
    0.688069054061,0.718473474226,0.748888562229,0.779324187949,
    0.809800015711,0.840351725202,0.871034363471,0.901976400336,
    0.933345722429,0.965723446452,1.),.UNSPECIFIED.);
#4400 = CARTESIAN_POINT('',(160.,173.18287926927,629.34977104537));
#4401 = CARTESIAN_POINT('',(192.83034945995,197.1970572162,
    630.10242808389));
#4402 = CARTESIAN_POINT('',(261.6320640708,230.73584727343,
    630.86644761579));
#4403 = CARTESIAN_POINT('',(331.20759944488,254.55768081765,
    631.56174002066));
#4404 = CARTESIAN_POINT('',(400.56038723946,271.82025667386,
    612.41042687092));
#4405 = CARTESIAN_POINT('',(469.01773751508,284.12510377675,
    576.51032711001));
#4406 = CARTESIAN_POINT('',(537.11911055135,293.02173343535,
    528.51960018277));
#4407 = CARTESIAN_POINT('',(604.93704628876,299.27383226262,
    471.60916190945));
#4408 = CARTESIAN_POINT('',(672.79734353063,303.59539249034,
    409.35915216971));
#4409 = CARTESIAN_POINT('',(740.62136449957,306.44242576179,
    345.2438427162));
#4410 = CARTESIAN_POINT('',(808.40424069053,308.20929656496,
    282.70993783479));
#4411 = CARTESIAN_POINT('',(876.32068058255,309.22592917104,
    225.29559832807));
#4412 = CARTESIAN_POINT('',(944.21886013376,309.73133491755,
    176.26430176747));
#4413 = CARTESIAN_POINT('',(1.012499740448E+03,309.94293594412,
    139.46891319468));
#4414 = CARTESIAN_POINT('',(1.081745680258E+03,309.99630828075,
    117.75670013423));
#4415 = CARTESIAN_POINT('',(1.150896399197E+03,310.00025053417,
    117.08266070137));
#4416 = CARTESIAN_POINT('',(1.219135467255E+03,310.00092712849,
    117.28075046518));
#4417 = CARTESIAN_POINT('',(1.287514022064E+03,309.99301684883,
    117.15458580283));
#4418 = CARTESIAN_POINT('',(1.355827833798E+03,309.92855510311,
    117.11395595585));
#4419 = CARTESIAN_POINT('',(1.424170031015E+03,309.68812392289,
    116.99915333266));
#4420 = CARTESIAN_POINT('',(1.492501161871E+03,309.12866086907,
    116.89690537775));
#4421 = CARTESIAN_POINT('',(1.560837688234E+03,308.01996952853,
    116.79176931648));
#4422 = CARTESIAN_POINT('',(1.62917628497E+03,306.10786037118,
    116.71107324157));
#4423 = CARTESIAN_POINT('',(1.69751778357E+03,303.04635107194,
    116.65897943327));
#4424 = CARTESIAN_POINT('',(1.765868059446E+03,298.42500312695,
    116.63926763538));
#4425 = CARTESIAN_POINT('',(1.83423129865E+03,291.74176682624,
    116.63972132346));
#4426 = CARTESIAN_POINT('',(1.902609063039E+03,282.30364259907,
    116.62936705402));
#4427 = CARTESIAN_POINT('',(1.97104966757E+03,269.29787116945,
    116.55765885886));
#4428 = CARTESIAN_POINT('',(2.039520315331E+03,251.34547801379,
    116.33283195308));
#4429 = CARTESIAN_POINT('',(2.108313787583E+03,226.61097196981,
    115.83997737198));
#4430 = CARTESIAN_POINT('',(2.177464470924E+03,191.0374162813,
    114.88605476461));
#4431 = CARTESIAN_POINT('',(2.21E+03,165.41304981508,114.12233954619));
#4432 = PCURVE('',#4232,#4433);
#4433 = DEFINITIONAL_REPRESENTATION('',(#4434),#4438);
#4434 = LINE('',#4435,#4436);
#4435 = CARTESIAN_POINT('',(0.,1.));
#4436 = VECTOR('',#4437,1.);
#4437 = DIRECTION('',(1.,0.));
#4438 = ( GEOMETRIC_REPRESENTATION_CONTEXT(2) 
PARAMETRIC_REPRESENTATION_CONTEXT() REPRESENTATION_CONTEXT('2D SPACE',''
  ) );
#4439 = ( GEOMETRIC_REPRESENTATION_CONTEXT(3) 
GLOBAL_UNCERTAINTY_ASSIGNED_CONTEXT((#4443)) 
GLOBAL_UNIT_ASSIGNED_CONTEXT((#4440,#4441,#4442)) REPRESENTATION_CONTEXT
('Context #1','3D Context with UNIT and UNCERTAINTY') );
#4440 = ( LENGTH_UNIT() NAMED_UNIT(*) SI_UNIT(.MILLI.,.METRE.) );
#4441 = ( NAMED_UNIT(*) PLANE_ANGLE_UNIT() SI_UNIT($,.RADIAN.) );
#4442 = ( NAMED_UNIT(*) SI_UNIT($,.STERADIAN.) SOLID_ANGLE_UNIT() );
#4443 = UNCERTAINTY_MEASURE_WITH_UNIT(LENGTH_MEASURE(1.E-07),#4440,
  'distance_accuracy_value','confusion accuracy');
#4444 = CONTEXT_DEPENDENT_SHAPE_REPRESENTATION(#4445,#4447);
#4445 = ( REPRESENTATION_RELATIONSHIP('','',#4214,#10) 
REPRESENTATION_RELATIONSHIP_WITH_TRANSFORMATION(#4446) 
SHAPE_REPRESENTATION_RELATIONSHIP() );
#4446 = ITEM_DEFINED_TRANSFORMATION('','',#11,#119);
#4447 = PRODUCT_DEFINITION_SHAPE('Placement','Placement of an item',
  #4448);
#4448 = NEXT_ASSEMBLY_USAGE_OCCURRENCE('69','MATTRESS_work','',#5,#4209,
  $);
#4449 = PRODUCT_RELATED_PRODUCT_CATEGORY('part',$,(#4211));
#4450 = SHAPE_DEFINITION_REPRESENTATION(#4451,#4457);
#4451 = PRODUCT_DEFINITION_SHAPE('','',#4452);
#4452 = PRODUCT_DEFINITION('design','',#4453,#4456);
#4453 = PRODUCT_DEFINITION_FORMATION('','',#4454);
#4454 = PRODUCT('PILLOW_work','PILLOW_work','',(#4455));
#4455 = PRODUCT_CONTEXT('',#2,'mechanical');
#4456 = PRODUCT_DEFINITION_CONTEXT('part definition',#2,'design');
#4457 = ADVANCED_BREP_SHAPE_REPRESENTATION('',(#11,#4458),#5796);
#4458 = MANIFOLD_SOLID_BREP('',#4459);
#4459 = CLOSED_SHELL('',(#4460,#4580,#4668,#4751,#4834,#4912,#4944,#4976
    ,#5052,#5133,#5160,#5241,#5268,#5344,#5377,#5410,#5488,#5521,#5592,
    #5625,#5696,#5765,#5771,#5777,#5784,#5790));
#4460 = ADVANCED_FACE('',(#4461),#4475,.F.);
#4461 = FACE_BOUND('',#4462,.F.);
#4462 = EDGE_LOOP('',(#4463,#4498,#4526,#4554));
#4463 = ORIENTED_EDGE('',*,*,#4464,.F.);
#4464 = EDGE_CURVE('',#4465,#4467,#4469,.T.);
#4465 = VERTEX_POINT('',#4466);
#4466 = CARTESIAN_POINT('',(309.61192024291,-150.,689.29343758761));
#4467 = VERTEX_POINT('',#4468);
#4468 = CARTESIAN_POINT('',(317.99981379497,-150.,701.72900117594));
#4469 = SURFACE_CURVE('',#4470,(#4474,#4486),.PCURVE_S1.);
#4470 = LINE('',#4471,#4472);
#4471 = CARTESIAN_POINT('',(284.44823958673,-150.,651.98674682264));
#4472 = VECTOR('',#4473,1.);
#4473 = DIRECTION('',(0.559192903471,0.,0.829037572555));
#4474 = PCURVE('',#4475,#4480);
#4475 = PLANE('',#4476);
#4476 = AXIS2_PLACEMENT_3D('',#4477,#4478,#4479);
#4477 = CARTESIAN_POINT('',(284.44823958673,-195.,651.98674682264));
#4478 = DIRECTION('',(0.829037572555,0.,-0.559192903471));
#4479 = DIRECTION('',(0.559192903471,0.,0.829037572555));
#4480 = DEFINITIONAL_REPRESENTATION('',(#4481),#4485);
#4481 = LINE('',#4482,#4483);
#4482 = CARTESIAN_POINT('',(0.,-45.));
#4483 = VECTOR('',#4484,1.);
#4484 = DIRECTION('',(1.,0.));
#4485 = ( GEOMETRIC_REPRESENTATION_CONTEXT(2) 
PARAMETRIC_REPRESENTATION_CONTEXT() REPRESENTATION_CONTEXT('2D SPACE',''
  ) );
#4486 = PCURVE('',#4487,#4492);
#4487 = CYLINDRICAL_SURFACE('',#4488,45.);
#4488 = AXIS2_PLACEMENT_3D('',#4489,#4490,#4491);
#4489 = CARTESIAN_POINT('',(321.7549303517,-150.,626.82306616645));
#4490 = DIRECTION('',(0.559192903471,0.,0.829037572555));
#4491 = DIRECTION('',(-0.829037572555,0.,0.559192903471));
#4492 = DEFINITIONAL_REPRESENTATION('',(#4493),#4497);
#4493 = LINE('',#4494,#4495);
#4494 = CARTESIAN_POINT('',(0.,0.));
#4495 = VECTOR('',#4496,1.);
#4496 = DIRECTION('',(0.,1.));
#4497 = ( GEOMETRIC_REPRESENTATION_CONTEXT(2) 
PARAMETRIC_REPRESENTATION_CONTEXT() REPRESENTATION_CONTEXT('2D SPACE',''
  ) );
#4498 = ORIENTED_EDGE('',*,*,#4499,.T.);
#4499 = EDGE_CURVE('',#4465,#4500,#4502,.T.);
#4500 = VERTEX_POINT('',#4501);
#4501 = CARTESIAN_POINT('',(309.61192024291,150.,689.29343758761));
#4502 = SURFACE_CURVE('',#4503,(#4507,#4514),.PCURVE_S1.);
#4503 = LINE('',#4504,#4505);
#4504 = CARTESIAN_POINT('',(309.61192024291,-195.,689.29343758761));
#4505 = VECTOR('',#4506,1.);
#4506 = DIRECTION('',(0.,1.,0.));
#4507 = PCURVE('',#4475,#4508);
#4508 = DEFINITIONAL_REPRESENTATION('',(#4509),#4513);
#4509 = LINE('',#4510,#4511);
#4510 = CARTESIAN_POINT('',(45.,0.));
#4511 = VECTOR('',#4512,1.);
#4512 = DIRECTION('',(0.,-1.));
#4513 = ( GEOMETRIC_REPRESENTATION_CONTEXT(2) 
PARAMETRIC_REPRESENTATION_CONTEXT() REPRESENTATION_CONTEXT('2D SPACE',''
  ) );
#4514 = PCURVE('',#4515,#4520);
#4515 = CYLINDRICAL_SURFACE('',#4516,45.);
#4516 = AXIS2_PLACEMENT_3D('',#4517,#4518,#4519);
#4517 = CARTESIAN_POINT('',(346.91861100789,-195.,664.12975693143));
#4518 = DIRECTION('',(0.,1.,0.));
#4519 = DIRECTION('',(-0.829037572555,0.,0.559192903471));
#4520 = DEFINITIONAL_REPRESENTATION('',(#4521),#4525);
#4521 = LINE('',#4522,#4523);
#4522 = CARTESIAN_POINT('',(-0.,0.));
#4523 = VECTOR('',#4524,1.);
#4524 = DIRECTION('',(-0.,1.));
#4525 = ( GEOMETRIC_REPRESENTATION_CONTEXT(2) 
PARAMETRIC_REPRESENTATION_CONTEXT() REPRESENTATION_CONTEXT('2D SPACE',''
  ) );
#4526 = ORIENTED_EDGE('',*,*,#4527,.T.);
#4527 = EDGE_CURVE('',#4500,#4528,#4530,.T.);
#4528 = VERTEX_POINT('',#4529);
#4529 = CARTESIAN_POINT('',(317.99981379497,150.,701.72900117594));
#4530 = SURFACE_CURVE('',#4531,(#4535,#4542),.PCURVE_S1.);
#4531 = LINE('',#4532,#4533);
#4532 = CARTESIAN_POINT('',(284.44823958673,150.,651.98674682264));
#4533 = VECTOR('',#4534,1.);
#4534 = DIRECTION('',(0.559192903471,0.,0.829037572555));
#4535 = PCURVE('',#4475,#4536);
#4536 = DEFINITIONAL_REPRESENTATION('',(#4537),#4541);
#4537 = LINE('',#4538,#4539);
#4538 = CARTESIAN_POINT('',(0.,-345.));
#4539 = VECTOR('',#4540,1.);
#4540 = DIRECTION('',(1.,0.));
#4541 = ( GEOMETRIC_REPRESENTATION_CONTEXT(2) 
PARAMETRIC_REPRESENTATION_CONTEXT() REPRESENTATION_CONTEXT('2D SPACE',''
  ) );
#4542 = PCURVE('',#4543,#4548);
#4543 = CYLINDRICAL_SURFACE('',#4544,45.);
#4544 = AXIS2_PLACEMENT_3D('',#4545,#4546,#4547);
#4545 = CARTESIAN_POINT('',(321.7549303517,150.,626.82306616645));
#4546 = DIRECTION('',(0.559192903471,0.,0.829037572555));
#4547 = DIRECTION('',(-0.829037572555,0.,0.559192903471));
#4548 = DEFINITIONAL_REPRESENTATION('',(#4549),#4553);
#4549 = LINE('',#4550,#4551);
#4550 = CARTESIAN_POINT('',(-0.,0.));
#4551 = VECTOR('',#4552,1.);
#4552 = DIRECTION('',(-0.,1.));
#4553 = ( GEOMETRIC_REPRESENTATION_CONTEXT(2) 
PARAMETRIC_REPRESENTATION_CONTEXT() REPRESENTATION_CONTEXT('2D SPACE',''
  ) );
#4554 = ORIENTED_EDGE('',*,*,#4555,.F.);
#4555 = EDGE_CURVE('',#4467,#4528,#4556,.T.);
#4556 = SURFACE_CURVE('',#4557,(#4561,#4568),.PCURVE_S1.);
#4557 = LINE('',#4558,#4559);
#4558 = CARTESIAN_POINT('',(317.99981379497,-195.,701.72900117594));
#4559 = VECTOR('',#4560,1.);
#4560 = DIRECTION('',(0.,1.,0.));
#4561 = PCURVE('',#4475,#4562);
#4562 = DEFINITIONAL_REPRESENTATION('',(#4563),#4567);
#4563 = LINE('',#4564,#4565);
#4564 = CARTESIAN_POINT('',(60.,0.));
#4565 = VECTOR('',#4566,1.);
#4566 = DIRECTION('',(0.,-1.));
#4567 = ( GEOMETRIC_REPRESENTATION_CONTEXT(2) 
PARAMETRIC_REPRESENTATION_CONTEXT() REPRESENTATION_CONTEXT('2D SPACE',''
  ) );
#4568 = PCURVE('',#4569,#4574);
#4569 = CYLINDRICAL_SURFACE('',#4570,45.);
#4570 = AXIS2_PLACEMENT_3D('',#4571,#4572,#4573);
#4571 = CARTESIAN_POINT('',(355.30650455995,-195.,676.56532051976));
#4572 = DIRECTION('',(0.,1.,0.));
#4573 = DIRECTION('',(-0.829037572555,0.,0.559192903471));
#4574 = DEFINITIONAL_REPRESENTATION('',(#4575),#4579);
#4575 = LINE('',#4576,#4577);
#4576 = CARTESIAN_POINT('',(0.,0.));
#4577 = VECTOR('',#4578,1.);
#4578 = DIRECTION('',(0.,1.));
#4579 = ( GEOMETRIC_REPRESENTATION_CONTEXT(2) 
PARAMETRIC_REPRESENTATION_CONTEXT() REPRESENTATION_CONTEXT('2D SPACE',''
  ) );
#4580 = ADVANCED_FACE('',(#4581),#4487,.T.);
#4581 = FACE_BOUND('',#4582,.T.);
#4582 = EDGE_LOOP('',(#4583,#4584,#4613,#4641));
#4583 = ORIENTED_EDGE('',*,*,#4464,.F.);
#4584 = ORIENTED_EDGE('',*,*,#4585,.T.);
#4585 = EDGE_CURVE('',#4465,#4586,#4588,.T.);
#4586 = VERTEX_POINT('',#4587);
#4587 = CARTESIAN_POINT('',(346.91861100789,-195.,664.12975693143));
#4588 = SURFACE_CURVE('',#4589,(#4594,#4601),.PCURVE_S1.);
#4589 = CIRCLE('',#4590,45.);
#4590 = AXIS2_PLACEMENT_3D('',#4591,#4592,#4593);
#4591 = CARTESIAN_POINT('',(346.91861100789,-150.,664.12975693143));
#4592 = DIRECTION('',(0.559192903471,0.,0.829037572555));
#4593 = DIRECTION('',(-0.829037572555,0.,0.559192903471));
#4594 = PCURVE('',#4487,#4595);
#4595 = DEFINITIONAL_REPRESENTATION('',(#4596),#4600);
#4596 = LINE('',#4597,#4598);
#4597 = CARTESIAN_POINT('',(0.,45.));
#4598 = VECTOR('',#4599,1.);
#4599 = DIRECTION('',(1.,0.));
#4600 = ( GEOMETRIC_REPRESENTATION_CONTEXT(2) 
PARAMETRIC_REPRESENTATION_CONTEXT() REPRESENTATION_CONTEXT('2D SPACE',''
  ) );
#4601 = PCURVE('',#4602,#4607);
#4602 = SPHERICAL_SURFACE('',#4603,45.);
#4603 = AXIS2_PLACEMENT_3D('',#4604,#4605,#4606);
#4604 = CARTESIAN_POINT('',(346.91861100789,-150.,664.12975693143));
#4605 = DIRECTION('',(0.559192903471,0.,0.829037572555));
#4606 = DIRECTION('',(-0.829037572555,0.,0.559192903471));
#4607 = DEFINITIONAL_REPRESENTATION('',(#4608),#4612);
#4608 = LINE('',#4609,#4610);
#4609 = CARTESIAN_POINT('',(0.,0.));
#4610 = VECTOR('',#4611,1.);
#4611 = DIRECTION('',(1.,0.));
#4612 = ( GEOMETRIC_REPRESENTATION_CONTEXT(2) 
PARAMETRIC_REPRESENTATION_CONTEXT() REPRESENTATION_CONTEXT('2D SPACE',''
  ) );
#4613 = ORIENTED_EDGE('',*,*,#4614,.T.);
#4614 = EDGE_CURVE('',#4586,#4615,#4617,.T.);
#4615 = VERTEX_POINT('',#4616);
#4616 = CARTESIAN_POINT('',(355.30650455995,-195.,676.56532051976));
#4617 = SURFACE_CURVE('',#4618,(#4622,#4629),.PCURVE_S1.);
#4618 = LINE('',#4619,#4620);
#4619 = CARTESIAN_POINT('',(321.7549303517,-195.,626.82306616645));
#4620 = VECTOR('',#4621,1.);
#4621 = DIRECTION('',(0.559192903471,0.,0.829037572555));
#4622 = PCURVE('',#4487,#4623);
#4623 = DEFINITIONAL_REPRESENTATION('',(#4624),#4628);
#4624 = LINE('',#4625,#4626);
#4625 = CARTESIAN_POINT('',(1.570796326795,0.));
#4626 = VECTOR('',#4627,1.);
#4627 = DIRECTION('',(0.,1.));
#4628 = ( GEOMETRIC_REPRESENTATION_CONTEXT(2) 
PARAMETRIC_REPRESENTATION_CONTEXT() REPRESENTATION_CONTEXT('2D SPACE',''
  ) );
#4629 = PCURVE('',#4630,#4635);
#4630 = PLANE('',#4631);
#4631 = AXIS2_PLACEMENT_3D('',#4632,#4633,#4634);
#4632 = CARTESIAN_POINT('',(284.44823958673,-195.,651.98674682264));
#4633 = DIRECTION('',(0.,1.,0.));
#4634 = DIRECTION('',(0.559192903471,0.,0.829037572555));
#4635 = DEFINITIONAL_REPRESENTATION('',(#4636),#4640);
#4636 = LINE('',#4637,#4638);
#4637 = CARTESIAN_POINT('',(-7.105427357601E-15,45.));
#4638 = VECTOR('',#4639,1.);
#4639 = DIRECTION('',(1.,0.));
#4640 = ( GEOMETRIC_REPRESENTATION_CONTEXT(2) 
PARAMETRIC_REPRESENTATION_CONTEXT() REPRESENTATION_CONTEXT('2D SPACE',''
  ) );
#4641 = ORIENTED_EDGE('',*,*,#4642,.F.);
#4642 = EDGE_CURVE('',#4467,#4615,#4643,.T.);
#4643 = SURFACE_CURVE('',#4644,(#4649,#4656),.PCURVE_S1.);
#4644 = CIRCLE('',#4645,45.);
#4645 = AXIS2_PLACEMENT_3D('',#4646,#4647,#4648);
#4646 = CARTESIAN_POINT('',(355.30650455995,-150.,676.56532051976));
#4647 = DIRECTION('',(0.559192903471,0.,0.829037572555));
#4648 = DIRECTION('',(-0.829037572555,0.,0.559192903471));
#4649 = PCURVE('',#4487,#4650);
#4650 = DEFINITIONAL_REPRESENTATION('',(#4651),#4655);
#4651 = LINE('',#4652,#4653);
#4652 = CARTESIAN_POINT('',(0.,60.));
#4653 = VECTOR('',#4654,1.);
#4654 = DIRECTION('',(1.,0.));
#4655 = ( GEOMETRIC_REPRESENTATION_CONTEXT(2) 
PARAMETRIC_REPRESENTATION_CONTEXT() REPRESENTATION_CONTEXT('2D SPACE',''
  ) );
#4656 = PCURVE('',#4657,#4662);
#4657 = SPHERICAL_SURFACE('',#4658,45.);
#4658 = AXIS2_PLACEMENT_3D('',#4659,#4660,#4661);
#4659 = CARTESIAN_POINT('',(355.30650455995,-150.,676.56532051976));
#4660 = DIRECTION('',(-0.559192903471,-0.,-0.829037572555));
#4661 = DIRECTION('',(-0.829037572555,0.,0.559192903471));
#4662 = DEFINITIONAL_REPRESENTATION('',(#4663),#4667);
#4663 = LINE('',#4664,#4665);
#4664 = CARTESIAN_POINT('',(-0.,0.));
#4665 = VECTOR('',#4666,1.);
#4666 = DIRECTION('',(-1.,0.));
#4667 = ( GEOMETRIC_REPRESENTATION_CONTEXT(2) 
PARAMETRIC_REPRESENTATION_CONTEXT() REPRESENTATION_CONTEXT('2D SPACE',''
  ) );
#4668 = ADVANCED_FACE('',(#4669),#4515,.T.);
#4669 = FACE_BOUND('',#4670,.F.);
#4670 = EDGE_LOOP('',(#4671,#4695,#4723,#4750));
#4671 = ORIENTED_EDGE('',*,*,#4672,.F.);
#4672 = EDGE_CURVE('',#4673,#4465,#4675,.T.);
#4673 = VERTEX_POINT('',#4674);
#4674 = CARTESIAN_POINT('',(321.7549303517,-150.,626.82306616645));
#4675 = SURFACE_CURVE('',#4676,(#4681,#4688),.PCURVE_S1.);
#4676 = CIRCLE('',#4677,45.);
#4677 = AXIS2_PLACEMENT_3D('',#4678,#4679,#4680);
#4678 = CARTESIAN_POINT('',(346.91861100789,-150.,664.12975693143));
#4679 = DIRECTION('',(0.,1.,-0.));
#4680 = DIRECTION('',(-0.829037572555,0.,0.559192903471));
#4681 = PCURVE('',#4515,#4682);
#4682 = DEFINITIONAL_REPRESENTATION('',(#4683),#4687);
#4683 = LINE('',#4684,#4685);
#4684 = CARTESIAN_POINT('',(-6.28318530718,45.));
#4685 = VECTOR('',#4686,1.);
#4686 = DIRECTION('',(1.,-0.));
#4687 = ( GEOMETRIC_REPRESENTATION_CONTEXT(2) 
PARAMETRIC_REPRESENTATION_CONTEXT() REPRESENTATION_CONTEXT('2D SPACE',''
  ) );
#4688 = PCURVE('',#4602,#4689);
#4689 = DEFINITIONAL_REPRESENTATION('',(#4690),#4694);
#4690 = LINE('',#4691,#4692);
#4691 = CARTESIAN_POINT('',(0.,-6.28318530718));
#4692 = VECTOR('',#4693,1.);
#4693 = DIRECTION('',(0.,1.));
#4694 = ( GEOMETRIC_REPRESENTATION_CONTEXT(2) 
PARAMETRIC_REPRESENTATION_CONTEXT() REPRESENTATION_CONTEXT('2D SPACE',''
  ) );
#4695 = ORIENTED_EDGE('',*,*,#4696,.T.);
#4696 = EDGE_CURVE('',#4673,#4697,#4699,.T.);
#4697 = VERTEX_POINT('',#4698);
#4698 = CARTESIAN_POINT('',(321.7549303517,150.,626.82306616645));
#4699 = SURFACE_CURVE('',#4700,(#4704,#4711),.PCURVE_S1.);
#4700 = LINE('',#4701,#4702);
#4701 = CARTESIAN_POINT('',(321.7549303517,-195.,626.82306616645));
#4702 = VECTOR('',#4703,1.);
#4703 = DIRECTION('',(0.,1.,0.));
#4704 = PCURVE('',#4515,#4705);
#4705 = DEFINITIONAL_REPRESENTATION('',(#4706),#4710);
#4706 = LINE('',#4707,#4708);
#4707 = CARTESIAN_POINT('',(-1.570796326795,0.));
#4708 = VECTOR('',#4709,1.);
#4709 = DIRECTION('',(-0.,1.));
#4710 = ( GEOMETRIC_REPRESENTATION_CONTEXT(2) 
PARAMETRIC_REPRESENTATION_CONTEXT() REPRESENTATION_CONTEXT('2D SPACE',''
  ) );
#4711 = PCURVE('',#4712,#4717);
#4712 = PLANE('',#4713);
#4713 = AXIS2_PLACEMENT_3D('',#4714,#4715,#4716);
#4714 = CARTESIAN_POINT('',(284.44823958673,-195.,651.98674682264));
#4715 = DIRECTION('',(0.559192903471,0.,0.829037572555));
#4716 = DIRECTION('',(0.829037572555,0.,-0.559192903471));
#4717 = DEFINITIONAL_REPRESENTATION('',(#4718),#4722);
#4718 = LINE('',#4719,#4720);
#4719 = CARTESIAN_POINT('',(45.,0.));
#4720 = VECTOR('',#4721,1.);
#4721 = DIRECTION('',(0.,1.));
#4722 = ( GEOMETRIC_REPRESENTATION_CONTEXT(2) 
PARAMETRIC_REPRESENTATION_CONTEXT() REPRESENTATION_CONTEXT('2D SPACE',''
  ) );
#4723 = ORIENTED_EDGE('',*,*,#4724,.T.);
#4724 = EDGE_CURVE('',#4697,#4500,#4725,.T.);
#4725 = SURFACE_CURVE('',#4726,(#4731,#4738),.PCURVE_S1.);
#4726 = CIRCLE('',#4727,45.);
#4727 = AXIS2_PLACEMENT_3D('',#4728,#4729,#4730);
#4728 = CARTESIAN_POINT('',(346.91861100789,150.,664.12975693143));
#4729 = DIRECTION('',(0.,1.,-0.));
#4730 = DIRECTION('',(-0.829037572555,0.,0.559192903471));
#4731 = PCURVE('',#4515,#4732);
#4732 = DEFINITIONAL_REPRESENTATION('',(#4733),#4737);
#4733 = LINE('',#4734,#4735);
#4734 = CARTESIAN_POINT('',(-6.28318530718,345.));
#4735 = VECTOR('',#4736,1.);
#4736 = DIRECTION('',(1.,-0.));
#4737 = ( GEOMETRIC_REPRESENTATION_CONTEXT(2) 
PARAMETRIC_REPRESENTATION_CONTEXT() REPRESENTATION_CONTEXT('2D SPACE',''
  ) );
#4738 = PCURVE('',#4739,#4744);
#4739 = SPHERICAL_SURFACE('',#4740,45.);
#4740 = AXIS2_PLACEMENT_3D('',#4741,#4742,#4743);
#4741 = CARTESIAN_POINT('',(346.91861100789,150.,664.12975693143));
#4742 = DIRECTION('',(0.559192903471,0.,0.829037572555));
#4743 = DIRECTION('',(-0.829037572555,0.,0.559192903471));
#4744 = DEFINITIONAL_REPRESENTATION('',(#4745),#4749);
#4745 = LINE('',#4746,#4747);
#4746 = CARTESIAN_POINT('',(-0.,-6.28318530718));
#4747 = VECTOR('',#4748,1.);
#4748 = DIRECTION('',(-0.,1.));
#4749 = ( GEOMETRIC_REPRESENTATION_CONTEXT(2) 
PARAMETRIC_REPRESENTATION_CONTEXT() REPRESENTATION_CONTEXT('2D SPACE',''
  ) );
#4750 = ORIENTED_EDGE('',*,*,#4499,.F.);
#4751 = ADVANCED_FACE('',(#4752),#4569,.T.);
#4752 = FACE_BOUND('',#4753,.T.);
#4753 = EDGE_LOOP('',(#4754,#4778,#4806,#4833));
#4754 = ORIENTED_EDGE('',*,*,#4755,.F.);
#4755 = EDGE_CURVE('',#4756,#4467,#4758,.T.);
#4756 = VERTEX_POINT('',#4757);
#4757 = CARTESIAN_POINT('',(380.47018521613,-150.,713.87201128473));
#4758 = SURFACE_CURVE('',#4759,(#4764,#4771),.PCURVE_S1.);
#4759 = CIRCLE('',#4760,45.);
#4760 = AXIS2_PLACEMENT_3D('',#4761,#4762,#4763);
#4761 = CARTESIAN_POINT('',(355.30650455995,-150.,676.56532051976));
#4762 = DIRECTION('',(0.,-1.,0.));
#4763 = DIRECTION('',(-0.829037572555,0.,0.559192903471));
#4764 = PCURVE('',#4569,#4765);
#4765 = DEFINITIONAL_REPRESENTATION('',(#4766),#4770);
#4766 = LINE('',#4767,#4768);
#4767 = CARTESIAN_POINT('',(6.28318530718,45.));
#4768 = VECTOR('',#4769,1.);
#4769 = DIRECTION('',(-1.,-0.));
#4770 = ( GEOMETRIC_REPRESENTATION_CONTEXT(2) 
PARAMETRIC_REPRESENTATION_CONTEXT() REPRESENTATION_CONTEXT('2D SPACE',''
  ) );
#4771 = PCURVE('',#4657,#4772);
#4772 = DEFINITIONAL_REPRESENTATION('',(#4773),#4777);
#4773 = LINE('',#4774,#4775);
#4774 = CARTESIAN_POINT('',(-0.,-6.28318530718));
#4775 = VECTOR('',#4776,1.);
#4776 = DIRECTION('',(-0.,1.));
#4777 = ( GEOMETRIC_REPRESENTATION_CONTEXT(2) 
PARAMETRIC_REPRESENTATION_CONTEXT() REPRESENTATION_CONTEXT('2D SPACE',''
  ) );
#4778 = ORIENTED_EDGE('',*,*,#4779,.T.);
#4779 = EDGE_CURVE('',#4756,#4780,#4782,.T.);
#4780 = VERTEX_POINT('',#4781);
#4781 = CARTESIAN_POINT('',(380.47018521613,150.,713.87201128473));
#4782 = SURFACE_CURVE('',#4783,(#4787,#4794),.PCURVE_S1.);
#4783 = LINE('',#4784,#4785);
#4784 = CARTESIAN_POINT('',(380.47018521613,-195.,713.87201128473));
#4785 = VECTOR('',#4786,1.);
#4786 = DIRECTION('',(0.,1.,0.));
#4787 = PCURVE('',#4569,#4788);
#4788 = DEFINITIONAL_REPRESENTATION('',(#4789),#4793);
#4789 = LINE('',#4790,#4791);
#4790 = CARTESIAN_POINT('',(1.570796326795,0.));
#4791 = VECTOR('',#4792,1.);
#4792 = DIRECTION('',(0.,1.));
#4793 = ( GEOMETRIC_REPRESENTATION_CONTEXT(2) 
PARAMETRIC_REPRESENTATION_CONTEXT() REPRESENTATION_CONTEXT('2D SPACE',''
  ) );
#4794 = PCURVE('',#4795,#4800);
#4795 = PLANE('',#4796);
#4796 = AXIS2_PLACEMENT_3D('',#4797,#4798,#4799);
#4797 = CARTESIAN_POINT('',(343.16349445116,-195.,739.03569194092));
#4798 = DIRECTION('',(0.559192903471,0.,0.829037572555));
#4799 = DIRECTION('',(0.829037572555,0.,-0.559192903471));
#4800 = DEFINITIONAL_REPRESENTATION('',(#4801),#4805);
#4801 = LINE('',#4802,#4803);
#4802 = CARTESIAN_POINT('',(45.,0.));
#4803 = VECTOR('',#4804,1.);
#4804 = DIRECTION('',(0.,1.));
#4805 = ( GEOMETRIC_REPRESENTATION_CONTEXT(2) 
PARAMETRIC_REPRESENTATION_CONTEXT() REPRESENTATION_CONTEXT('2D SPACE',''
  ) );
#4806 = ORIENTED_EDGE('',*,*,#4807,.F.);
#4807 = EDGE_CURVE('',#4528,#4780,#4808,.T.);
#4808 = SURFACE_CURVE('',#4809,(#4814,#4821),.PCURVE_S1.);
#4809 = CIRCLE('',#4810,45.);
#4810 = AXIS2_PLACEMENT_3D('',#4811,#4812,#4813);
#4811 = CARTESIAN_POINT('',(355.30650455995,150.,676.56532051976));
#4812 = DIRECTION('',(0.,1.,-0.));
#4813 = DIRECTION('',(-0.829037572555,0.,0.559192903471));
#4814 = PCURVE('',#4569,#4815);
#4815 = DEFINITIONAL_REPRESENTATION('',(#4816),#4820);
#4816 = LINE('',#4817,#4818);
#4817 = CARTESIAN_POINT('',(0.,345.));
#4818 = VECTOR('',#4819,1.);
#4819 = DIRECTION('',(1.,0.));
#4820 = ( GEOMETRIC_REPRESENTATION_CONTEXT(2) 
PARAMETRIC_REPRESENTATION_CONTEXT() REPRESENTATION_CONTEXT('2D SPACE',''
  ) );
#4821 = PCURVE('',#4822,#4827);
#4822 = SPHERICAL_SURFACE('',#4823,45.);
#4823 = AXIS2_PLACEMENT_3D('',#4824,#4825,#4826);
#4824 = CARTESIAN_POINT('',(355.30650455995,150.,676.56532051976));
#4825 = DIRECTION('',(-0.,-1.,0.));
#4826 = DIRECTION('',(-0.829037572555,0.,0.559192903471));
#4827 = DEFINITIONAL_REPRESENTATION('',(#4828),#4832);
#4828 = LINE('',#4829,#4830);
#4829 = CARTESIAN_POINT('',(-0.,0.));
#4830 = VECTOR('',#4831,1.);
#4831 = DIRECTION('',(-1.,0.));
#4832 = ( GEOMETRIC_REPRESENTATION_CONTEXT(2) 
PARAMETRIC_REPRESENTATION_CONTEXT() REPRESENTATION_CONTEXT('2D SPACE',''
  ) );
#4833 = ORIENTED_EDGE('',*,*,#4555,.F.);
#4834 = ADVANCED_FACE('',(#4835),#4543,.T.);
#4835 = FACE_BOUND('',#4836,.F.);
#4836 = EDGE_LOOP('',(#4837,#4838,#4862,#4890));
#4837 = ORIENTED_EDGE('',*,*,#4527,.F.);
#4838 = ORIENTED_EDGE('',*,*,#4839,.T.);
#4839 = EDGE_CURVE('',#4500,#4840,#4842,.T.);
#4840 = VERTEX_POINT('',#4841);
#4841 = CARTESIAN_POINT('',(346.91861100789,195.,664.12975693143));
#4842 = SURFACE_CURVE('',#4843,(#4848,#4855),.PCURVE_S1.);
#4843 = CIRCLE('',#4844,45.);
#4844 = AXIS2_PLACEMENT_3D('',#4845,#4846,#4847);
#4845 = CARTESIAN_POINT('',(346.91861100789,150.,664.12975693143));
#4846 = DIRECTION('',(-0.559192903471,0.,-0.829037572555));
#4847 = DIRECTION('',(-0.829037572555,0.,0.559192903471));
#4848 = PCURVE('',#4543,#4849);
#4849 = DEFINITIONAL_REPRESENTATION('',(#4850),#4854);
#4850 = LINE('',#4851,#4852);
#4851 = CARTESIAN_POINT('',(-0.,45.));
#4852 = VECTOR('',#4853,1.);
#4853 = DIRECTION('',(-1.,0.));
#4854 = ( GEOMETRIC_REPRESENTATION_CONTEXT(2) 
PARAMETRIC_REPRESENTATION_CONTEXT() REPRESENTATION_CONTEXT('2D SPACE',''
  ) );
#4855 = PCURVE('',#4739,#4856);
#4856 = DEFINITIONAL_REPRESENTATION('',(#4857),#4861);
#4857 = LINE('',#4858,#4859);
#4858 = CARTESIAN_POINT('',(-0.,0.));
#4859 = VECTOR('',#4860,1.);
#4860 = DIRECTION('',(-1.,0.));
#4861 = ( GEOMETRIC_REPRESENTATION_CONTEXT(2) 
PARAMETRIC_REPRESENTATION_CONTEXT() REPRESENTATION_CONTEXT('2D SPACE',''
  ) );
#4862 = ORIENTED_EDGE('',*,*,#4863,.T.);
#4863 = EDGE_CURVE('',#4840,#4864,#4866,.T.);
#4864 = VERTEX_POINT('',#4865);
#4865 = CARTESIAN_POINT('',(355.30650455995,195.,676.56532051976));
#4866 = SURFACE_CURVE('',#4867,(#4871,#4878),.PCURVE_S1.);
#4867 = LINE('',#4868,#4869);
#4868 = CARTESIAN_POINT('',(321.7549303517,195.,626.82306616645));
#4869 = VECTOR('',#4870,1.);
#4870 = DIRECTION('',(0.559192903471,0.,0.829037572555));
#4871 = PCURVE('',#4543,#4872);
#4872 = DEFINITIONAL_REPRESENTATION('',(#4873),#4877);
#4873 = LINE('',#4874,#4875);
#4874 = CARTESIAN_POINT('',(-1.570796326795,0.));
#4875 = VECTOR('',#4876,1.);
#4876 = DIRECTION('',(-0.,1.));
#4877 = ( GEOMETRIC_REPRESENTATION_CONTEXT(2) 
PARAMETRIC_REPRESENTATION_CONTEXT() REPRESENTATION_CONTEXT('2D SPACE',''
  ) );
#4878 = PCURVE('',#4879,#4884);
#4879 = PLANE('',#4880);
#4880 = AXIS2_PLACEMENT_3D('',#4881,#4882,#4883);
#4881 = CARTESIAN_POINT('',(284.44823958673,195.,651.98674682264));
#4882 = DIRECTION('',(0.,1.,0.));
#4883 = DIRECTION('',(0.559192903471,0.,0.829037572555));
#4884 = DEFINITIONAL_REPRESENTATION('',(#4885),#4889);
#4885 = LINE('',#4886,#4887);
#4886 = CARTESIAN_POINT('',(-7.105427357601E-15,45.));
#4887 = VECTOR('',#4888,1.);
#4888 = DIRECTION('',(1.,0.));
#4889 = ( GEOMETRIC_REPRESENTATION_CONTEXT(2) 
PARAMETRIC_REPRESENTATION_CONTEXT() REPRESENTATION_CONTEXT('2D SPACE',''
  ) );
#4890 = ORIENTED_EDGE('',*,*,#4891,.T.);
#4891 = EDGE_CURVE('',#4864,#4528,#4892,.T.);
#4892 = SURFACE_CURVE('',#4893,(#4898,#4905),.PCURVE_S1.);
#4893 = CIRCLE('',#4894,45.);
#4894 = AXIS2_PLACEMENT_3D('',#4895,#4896,#4897);
#4895 = CARTESIAN_POINT('',(355.30650455995,150.,676.56532051976));
#4896 = DIRECTION('',(0.559192903471,0.,0.829037572555));
#4897 = DIRECTION('',(-0.829037572555,0.,0.559192903471));
#4898 = PCURVE('',#4543,#4899);
#4899 = DEFINITIONAL_REPRESENTATION('',(#4900),#4904);
#4900 = LINE('',#4901,#4902);
#4901 = CARTESIAN_POINT('',(-6.28318530718,60.));
#4902 = VECTOR('',#4903,1.);
#4903 = DIRECTION('',(1.,-0.));
#4904 = ( GEOMETRIC_REPRESENTATION_CONTEXT(2) 
PARAMETRIC_REPRESENTATION_CONTEXT() REPRESENTATION_CONTEXT('2D SPACE',''
  ) );
#4905 = PCURVE('',#4822,#4906);
#4906 = DEFINITIONAL_REPRESENTATION('',(#4907),#4911);
#4907 = LINE('',#4908,#4909);
#4908 = CARTESIAN_POINT('',(-0.,-6.28318530718));
#4909 = VECTOR('',#4910,1.);
#4910 = DIRECTION('',(-0.,1.));
#4911 = ( GEOMETRIC_REPRESENTATION_CONTEXT(2) 
PARAMETRIC_REPRESENTATION_CONTEXT() REPRESENTATION_CONTEXT('2D SPACE',''
  ) );
#4912 = ADVANCED_FACE('',(#4913),#4602,.T.);
#4913 = FACE_BOUND('',#4914,.T.);
#4914 = EDGE_LOOP('',(#4915,#4916,#4943));
#4915 = ORIENTED_EDGE('',*,*,#4672,.F.);
#4916 = ORIENTED_EDGE('',*,*,#4917,.T.);
#4917 = EDGE_CURVE('',#4673,#4586,#4918,.T.);
#4918 = SURFACE_CURVE('',#4919,(#4924,#4931),.PCURVE_S1.);
#4919 = CIRCLE('',#4920,45.);
#4920 = AXIS2_PLACEMENT_3D('',#4921,#4922,#4923);
#4921 = CARTESIAN_POINT('',(346.91861100789,-150.,664.12975693143));
#4922 = DIRECTION('',(-0.829037572555,6.123233995737E-17,0.559192903471)
  );
#4923 = DIRECTION('',(-5.076391048012E-17,-1.,3.424068996707E-17));
#4924 = PCURVE('',#4602,#4925);
#4925 = DEFINITIONAL_REPRESENTATION('',(#4926),#4930);
#4926 = LINE('',#4927,#4928);
#4927 = CARTESIAN_POINT('',(1.570796326795,-6.28318530718));
#4928 = VECTOR('',#4929,1.);
#4929 = DIRECTION('',(0.,1.));
#4930 = ( GEOMETRIC_REPRESENTATION_CONTEXT(2) 
PARAMETRIC_REPRESENTATION_CONTEXT() REPRESENTATION_CONTEXT('2D SPACE',''
  ) );
#4931 = PCURVE('',#4932,#4937);
#4932 = CYLINDRICAL_SURFACE('',#4933,45.);
#4933 = AXIS2_PLACEMENT_3D('',#4934,#4935,#4936);
#4934 = CARTESIAN_POINT('',(309.61192024291,-150.,689.29343758761));
#4935 = DIRECTION('',(0.829037572555,0.,-0.559192903471));
#4936 = DIRECTION('',(0.,-1.,0.));
#4937 = DEFINITIONAL_REPRESENTATION('',(#4938),#4942);
#4938 = LINE('',#4939,#4940);
#4939 = CARTESIAN_POINT('',(6.28318530718,45.));
#4940 = VECTOR('',#4941,1.);
#4941 = DIRECTION('',(-1.,-0.));
#4942 = ( GEOMETRIC_REPRESENTATION_CONTEXT(2) 
PARAMETRIC_REPRESENTATION_CONTEXT() REPRESENTATION_CONTEXT('2D SPACE',''
  ) );
#4943 = ORIENTED_EDGE('',*,*,#4585,.F.);
#4944 = ADVANCED_FACE('',(#4945),#4657,.T.);
#4945 = FACE_BOUND('',#4946,.F.);
#4946 = EDGE_LOOP('',(#4947,#4948,#4975));
#4947 = ORIENTED_EDGE('',*,*,#4755,.F.);
#4948 = ORIENTED_EDGE('',*,*,#4949,.T.);
#4949 = EDGE_CURVE('',#4756,#4615,#4950,.T.);
#4950 = SURFACE_CURVE('',#4951,(#4956,#4963),.PCURVE_S1.);
#4951 = CIRCLE('',#4952,45.);
#4952 = AXIS2_PLACEMENT_3D('',#4953,#4954,#4955);
#4953 = CARTESIAN_POINT('',(355.30650455995,-150.,676.56532051976));
#4954 = DIRECTION('',(0.829037572555,-6.123233995737E-17,-0.559192903471
    ));
#4955 = DIRECTION('',(-5.076391048012E-17,-1.,3.424068996707E-17));
#4956 = PCURVE('',#4657,#4957);
#4957 = DEFINITIONAL_REPRESENTATION('',(#4958),#4962);
#4958 = LINE('',#4959,#4960);
#4959 = CARTESIAN_POINT('',(-1.570796326795,-6.28318530718));
#4960 = VECTOR('',#4961,1.);
#4961 = DIRECTION('',(-0.,1.));
#4962 = ( GEOMETRIC_REPRESENTATION_CONTEXT(2) 
PARAMETRIC_REPRESENTATION_CONTEXT() REPRESENTATION_CONTEXT('2D SPACE',''
  ) );
#4963 = PCURVE('',#4964,#4969);
#4964 = CYLINDRICAL_SURFACE('',#4965,45.);
#4965 = AXIS2_PLACEMENT_3D('',#4966,#4967,#4968);
#4966 = CARTESIAN_POINT('',(317.99981379497,-150.,701.72900117594));
#4967 = DIRECTION('',(0.829037572555,0.,-0.559192903471));
#4968 = DIRECTION('',(0.,-1.,0.));
#4969 = DEFINITIONAL_REPRESENTATION('',(#4970),#4974);
#4970 = LINE('',#4971,#4972);
#4971 = CARTESIAN_POINT('',(-6.28318530718,45.));
#4972 = VECTOR('',#4973,1.);
#4973 = DIRECTION('',(1.,-0.));
#4974 = ( GEOMETRIC_REPRESENTATION_CONTEXT(2) 
PARAMETRIC_REPRESENTATION_CONTEXT() REPRESENTATION_CONTEXT('2D SPACE',''
  ) );
#4975 = ORIENTED_EDGE('',*,*,#4642,.F.);
#4976 = ADVANCED_FACE('',(#4977),#4630,.F.);
#4977 = FACE_BOUND('',#4978,.F.);
#4978 = EDGE_LOOP('',(#4979,#4980,#5003,#5031));
#4979 = ORIENTED_EDGE('',*,*,#4614,.T.);
#4980 = ORIENTED_EDGE('',*,*,#4981,.T.);
#4981 = EDGE_CURVE('',#4615,#4982,#4984,.T.);
#4982 = VERTEX_POINT('',#4983);
#4983 = CARTESIAN_POINT('',(463.0813889921,-195.,603.87024306856));
#4984 = SURFACE_CURVE('',#4985,(#4989,#4996),.PCURVE_S1.);
#4985 = LINE('',#4986,#4987);
#4986 = CARTESIAN_POINT('',(317.99981379497,-195.,701.72900117594));
#4987 = VECTOR('',#4988,1.);
#4988 = DIRECTION('',(0.829037572555,0.,-0.559192903471));
#4989 = PCURVE('',#4630,#4990);
#4990 = DEFINITIONAL_REPRESENTATION('',(#4991),#4995);
#4991 = LINE('',#4992,#4993);
#4992 = CARTESIAN_POINT('',(60.,-3.552713678801E-14));
#4993 = VECTOR('',#4994,1.);
#4994 = DIRECTION('',(0.,1.));
#4995 = ( GEOMETRIC_REPRESENTATION_CONTEXT(2) 
PARAMETRIC_REPRESENTATION_CONTEXT() REPRESENTATION_CONTEXT('2D SPACE',''
  ) );
#4996 = PCURVE('',#4964,#4997);
#4997 = DEFINITIONAL_REPRESENTATION('',(#4998),#5002);
#4998 = LINE('',#4999,#5000);
#4999 = CARTESIAN_POINT('',(-0.,0.));
#5000 = VECTOR('',#5001,1.);
#5001 = DIRECTION('',(-0.,1.));
#5002 = ( GEOMETRIC_REPRESENTATION_CONTEXT(2) 
PARAMETRIC_REPRESENTATION_CONTEXT() REPRESENTATION_CONTEXT('2D SPACE',''
  ) );
#5003 = ORIENTED_EDGE('',*,*,#5004,.F.);
#5004 = EDGE_CURVE('',#5005,#4982,#5007,.T.);
#5005 = VERTEX_POINT('',#5006);
#5006 = CARTESIAN_POINT('',(454.69349544004,-195.,591.43467948023));
#5007 = SURFACE_CURVE('',#5008,(#5012,#5019),.PCURVE_S1.);
#5008 = LINE('',#5009,#5010);
#5009 = CARTESIAN_POINT('',(429.52981478386,-195.,554.12798871526));
#5010 = VECTOR('',#5011,1.);
#5011 = DIRECTION('',(0.559192903471,0.,0.829037572555));
#5012 = PCURVE('',#4630,#5013);
#5013 = DEFINITIONAL_REPRESENTATION('',(#5014),#5018);
#5014 = LINE('',#5015,#5016);
#5015 = CARTESIAN_POINT('',(0.,175.));
#5016 = VECTOR('',#5017,1.);
#5017 = DIRECTION('',(1.,0.));
#5018 = ( GEOMETRIC_REPRESENTATION_CONTEXT(2) 
PARAMETRIC_REPRESENTATION_CONTEXT() REPRESENTATION_CONTEXT('2D SPACE',''
  ) );
#5019 = PCURVE('',#5020,#5025);
#5020 = CYLINDRICAL_SURFACE('',#5021,45.);
#5021 = AXIS2_PLACEMENT_3D('',#5022,#5023,#5024);
#5022 = CARTESIAN_POINT('',(429.52981478386,-150.,554.12798871526));
#5023 = DIRECTION('',(0.559192903471,0.,0.829037572555));
#5024 = DIRECTION('',(0.829037572555,0.,-0.559192903471));
#5025 = DEFINITIONAL_REPRESENTATION('',(#5026),#5030);
#5026 = LINE('',#5027,#5028);
#5027 = CARTESIAN_POINT('',(-1.570796326795,0.));
#5028 = VECTOR('',#5029,1.);
#5029 = DIRECTION('',(-0.,1.));
#5030 = ( GEOMETRIC_REPRESENTATION_CONTEXT(2) 
PARAMETRIC_REPRESENTATION_CONTEXT() REPRESENTATION_CONTEXT('2D SPACE',''
  ) );
#5031 = ORIENTED_EDGE('',*,*,#5032,.F.);
#5032 = EDGE_CURVE('',#4586,#5005,#5033,.T.);
#5033 = SURFACE_CURVE('',#5034,(#5038,#5045),.PCURVE_S1.);
#5034 = LINE('',#5035,#5036);
#5035 = CARTESIAN_POINT('',(309.61192024291,-195.,689.29343758761));
#5036 = VECTOR('',#5037,1.);
#5037 = DIRECTION('',(0.829037572555,0.,-0.559192903471));
#5038 = PCURVE('',#4630,#5039);
#5039 = DEFINITIONAL_REPRESENTATION('',(#5040),#5044);
#5040 = LINE('',#5041,#5042);
#5041 = CARTESIAN_POINT('',(45.,-2.48689957516E-14));
#5042 = VECTOR('',#5043,1.);
#5043 = DIRECTION('',(0.,1.));
#5044 = ( GEOMETRIC_REPRESENTATION_CONTEXT(2) 
PARAMETRIC_REPRESENTATION_CONTEXT() REPRESENTATION_CONTEXT('2D SPACE',''
  ) );
#5045 = PCURVE('',#4932,#5046);
#5046 = DEFINITIONAL_REPRESENTATION('',(#5047),#5051);
#5047 = LINE('',#5048,#5049);
#5048 = CARTESIAN_POINT('',(0.,0.));
#5049 = VECTOR('',#5050,1.);
#5050 = DIRECTION('',(0.,1.));
#5051 = ( GEOMETRIC_REPRESENTATION_CONTEXT(2) 
PARAMETRIC_REPRESENTATION_CONTEXT() REPRESENTATION_CONTEXT('2D SPACE',''
  ) );
#5052 = ADVANCED_FACE('',(#5053),#4712,.F.);
#5053 = FACE_BOUND('',#5054,.F.);
#5054 = EDGE_LOOP('',(#5055,#5056,#5079,#5107));
#5055 = ORIENTED_EDGE('',*,*,#4696,.F.);
#5056 = ORIENTED_EDGE('',*,*,#5057,.T.);
#5057 = EDGE_CURVE('',#4673,#5058,#5060,.T.);
#5058 = VERTEX_POINT('',#5059);
#5059 = CARTESIAN_POINT('',(429.52981478386,-150.,554.12798871526));
#5060 = SURFACE_CURVE('',#5061,(#5065,#5072),.PCURVE_S1.);
#5061 = LINE('',#5062,#5063);
#5062 = CARTESIAN_POINT('',(284.44823958673,-150.,651.98674682264));
#5063 = VECTOR('',#5064,1.);
#5064 = DIRECTION('',(0.829037572555,0.,-0.559192903471));
#5065 = PCURVE('',#4712,#5066);
#5066 = DEFINITIONAL_REPRESENTATION('',(#5067),#5071);
#5067 = LINE('',#5068,#5069);
#5068 = CARTESIAN_POINT('',(0.,45.));
#5069 = VECTOR('',#5070,1.);
#5070 = DIRECTION('',(1.,0.));
#5071 = ( GEOMETRIC_REPRESENTATION_CONTEXT(2) 
PARAMETRIC_REPRESENTATION_CONTEXT() REPRESENTATION_CONTEXT('2D SPACE',''
  ) );
#5072 = PCURVE('',#4932,#5073);
#5073 = DEFINITIONAL_REPRESENTATION('',(#5074),#5078);
#5074 = LINE('',#5075,#5076);
#5075 = CARTESIAN_POINT('',(1.570796326795,0.));
#5076 = VECTOR('',#5077,1.);
#5077 = DIRECTION('',(0.,1.));
#5078 = ( GEOMETRIC_REPRESENTATION_CONTEXT(2) 
PARAMETRIC_REPRESENTATION_CONTEXT() REPRESENTATION_CONTEXT('2D SPACE',''
  ) );
#5079 = ORIENTED_EDGE('',*,*,#5080,.T.);
#5080 = EDGE_CURVE('',#5058,#5081,#5083,.T.);
#5081 = VERTEX_POINT('',#5082);
#5082 = CARTESIAN_POINT('',(429.52981478386,150.,554.12798871526));
#5083 = SURFACE_CURVE('',#5084,(#5088,#5095),.PCURVE_S1.);
#5084 = LINE('',#5085,#5086);
#5085 = CARTESIAN_POINT('',(429.52981478386,-195.,554.12798871526));
#5086 = VECTOR('',#5087,1.);
#5087 = DIRECTION('',(0.,1.,0.));
#5088 = PCURVE('',#4712,#5089);
#5089 = DEFINITIONAL_REPRESENTATION('',(#5090),#5094);
#5090 = LINE('',#5091,#5092);
#5091 = CARTESIAN_POINT('',(175.,0.));
#5092 = VECTOR('',#5093,1.);
#5093 = DIRECTION('',(0.,1.));
#5094 = ( GEOMETRIC_REPRESENTATION_CONTEXT(2) 
PARAMETRIC_REPRESENTATION_CONTEXT() REPRESENTATION_CONTEXT('2D SPACE',''
  ) );
#5095 = PCURVE('',#5096,#5101);
#5096 = CYLINDRICAL_SURFACE('',#5097,45.);
#5097 = AXIS2_PLACEMENT_3D('',#5098,#5099,#5100);
#5098 = CARTESIAN_POINT('',(454.69349544004,-195.,591.43467948023));
#5099 = DIRECTION('',(0.,1.,0.));
#5100 = DIRECTION('',(0.829037572555,0.,-0.559192903471));
#5101 = DEFINITIONAL_REPRESENTATION('',(#5102),#5106);
#5102 = LINE('',#5103,#5104);
#5103 = CARTESIAN_POINT('',(1.570796326795,0.));
#5104 = VECTOR('',#5105,1.);
#5105 = DIRECTION('',(0.,1.));
#5106 = ( GEOMETRIC_REPRESENTATION_CONTEXT(2) 
PARAMETRIC_REPRESENTATION_CONTEXT() REPRESENTATION_CONTEXT('2D SPACE',''
  ) );
#5107 = ORIENTED_EDGE('',*,*,#5108,.F.);
#5108 = EDGE_CURVE('',#4697,#5081,#5109,.T.);
#5109 = SURFACE_CURVE('',#5110,(#5114,#5121),.PCURVE_S1.);
#5110 = LINE('',#5111,#5112);
#5111 = CARTESIAN_POINT('',(284.44823958673,150.,651.98674682264));
#5112 = VECTOR('',#5113,1.);
#5113 = DIRECTION('',(0.829037572555,0.,-0.559192903471));
#5114 = PCURVE('',#4712,#5115);
#5115 = DEFINITIONAL_REPRESENTATION('',(#5116),#5120);
#5116 = LINE('',#5117,#5118);
#5117 = CARTESIAN_POINT('',(0.,345.));
#5118 = VECTOR('',#5119,1.);
#5119 = DIRECTION('',(1.,0.));
#5120 = ( GEOMETRIC_REPRESENTATION_CONTEXT(2) 
PARAMETRIC_REPRESENTATION_CONTEXT() REPRESENTATION_CONTEXT('2D SPACE',''
  ) );
#5121 = PCURVE('',#5122,#5127);
#5122 = CYLINDRICAL_SURFACE('',#5123,45.);
#5123 = AXIS2_PLACEMENT_3D('',#5124,#5125,#5126);
#5124 = CARTESIAN_POINT('',(309.61192024291,150.,689.29343758761));
#5125 = DIRECTION('',(0.829037572555,0.,-0.559192903471));
#5126 = DIRECTION('',(0.,1.,0.));
#5127 = DEFINITIONAL_REPRESENTATION('',(#5128),#5132);
#5128 = LINE('',#5129,#5130);
#5129 = CARTESIAN_POINT('',(-1.570796326795,0.));
#5130 = VECTOR('',#5131,1.);
#5131 = DIRECTION('',(-0.,1.));
#5132 = ( GEOMETRIC_REPRESENTATION_CONTEXT(2) 
PARAMETRIC_REPRESENTATION_CONTEXT() REPRESENTATION_CONTEXT('2D SPACE',''
  ) );
#5133 = ADVANCED_FACE('',(#5134),#4739,.T.);
#5134 = FACE_BOUND('',#5135,.F.);
#5135 = EDGE_LOOP('',(#5136,#5137,#5159));
#5136 = ORIENTED_EDGE('',*,*,#4724,.F.);
#5137 = ORIENTED_EDGE('',*,*,#5138,.T.);
#5138 = EDGE_CURVE('',#4697,#4840,#5139,.T.);
#5139 = SURFACE_CURVE('',#5140,(#5145,#5152),.PCURVE_S1.);
#5140 = CIRCLE('',#5141,45.);
#5141 = AXIS2_PLACEMENT_3D('',#5142,#5143,#5144);
#5142 = CARTESIAN_POINT('',(346.91861100789,150.,664.12975693143));
#5143 = DIRECTION('',(0.829037572555,6.123233995737E-17,-0.559192903471)
  );
#5144 = DIRECTION('',(-5.076391048012E-17,1.,3.424068996707E-17));
#5145 = PCURVE('',#4739,#5146);
#5146 = DEFINITIONAL_REPRESENTATION('',(#5147),#5151);
#5147 = LINE('',#5148,#5149);
#5148 = CARTESIAN_POINT('',(-1.570796326795,-6.28318530718));
#5149 = VECTOR('',#5150,1.);
#5150 = DIRECTION('',(-0.,1.));
#5151 = ( GEOMETRIC_REPRESENTATION_CONTEXT(2) 
PARAMETRIC_REPRESENTATION_CONTEXT() REPRESENTATION_CONTEXT('2D SPACE',''
  ) );
#5152 = PCURVE('',#5122,#5153);
#5153 = DEFINITIONAL_REPRESENTATION('',(#5154),#5158);
#5154 = LINE('',#5155,#5156);
#5155 = CARTESIAN_POINT('',(-6.28318530718,45.));
#5156 = VECTOR('',#5157,1.);
#5157 = DIRECTION('',(1.,-0.));
#5158 = ( GEOMETRIC_REPRESENTATION_CONTEXT(2) 
PARAMETRIC_REPRESENTATION_CONTEXT() REPRESENTATION_CONTEXT('2D SPACE',''
  ) );
#5159 = ORIENTED_EDGE('',*,*,#4839,.F.);
#5160 = ADVANCED_FACE('',(#5161),#4795,.T.);
#5161 = FACE_BOUND('',#5162,.T.);
#5162 = EDGE_LOOP('',(#5163,#5164,#5187,#5215));
#5163 = ORIENTED_EDGE('',*,*,#4779,.F.);
#5164 = ORIENTED_EDGE('',*,*,#5165,.T.);
#5165 = EDGE_CURVE('',#4756,#5166,#5168,.T.);
#5166 = VERTEX_POINT('',#5167);
#5167 = CARTESIAN_POINT('',(488.24506964829,-150.,641.17693383354));
#5168 = SURFACE_CURVE('',#5169,(#5173,#5180),.PCURVE_S1.);
#5169 = LINE('',#5170,#5171);
#5170 = CARTESIAN_POINT('',(343.16349445116,-150.,739.03569194092));
#5171 = VECTOR('',#5172,1.);
#5172 = DIRECTION('',(0.829037572555,0.,-0.559192903471));
#5173 = PCURVE('',#4795,#5174);
#5174 = DEFINITIONAL_REPRESENTATION('',(#5175),#5179);
#5175 = LINE('',#5176,#5177);
#5176 = CARTESIAN_POINT('',(0.,45.));
#5177 = VECTOR('',#5178,1.);
#5178 = DIRECTION('',(1.,0.));
#5179 = ( GEOMETRIC_REPRESENTATION_CONTEXT(2) 
PARAMETRIC_REPRESENTATION_CONTEXT() REPRESENTATION_CONTEXT('2D SPACE',''
  ) );
#5180 = PCURVE('',#4964,#5181);
#5181 = DEFINITIONAL_REPRESENTATION('',(#5182),#5186);
#5182 = LINE('',#5183,#5184);
#5183 = CARTESIAN_POINT('',(-1.570796326795,0.));
#5184 = VECTOR('',#5185,1.);
#5185 = DIRECTION('',(-0.,1.));
#5186 = ( GEOMETRIC_REPRESENTATION_CONTEXT(2) 
PARAMETRIC_REPRESENTATION_CONTEXT() REPRESENTATION_CONTEXT('2D SPACE',''
  ) );
#5187 = ORIENTED_EDGE('',*,*,#5188,.T.);
#5188 = EDGE_CURVE('',#5166,#5189,#5191,.T.);
#5189 = VERTEX_POINT('',#5190);
#5190 = CARTESIAN_POINT('',(488.24506964829,150.,641.17693383354));
#5191 = SURFACE_CURVE('',#5192,(#5196,#5203),.PCURVE_S1.);
#5192 = LINE('',#5193,#5194);
#5193 = CARTESIAN_POINT('',(488.24506964829,-195.,641.17693383354));
#5194 = VECTOR('',#5195,1.);
#5195 = DIRECTION('',(0.,1.,0.));
#5196 = PCURVE('',#4795,#5197);
#5197 = DEFINITIONAL_REPRESENTATION('',(#5198),#5202);
#5198 = LINE('',#5199,#5200);
#5199 = CARTESIAN_POINT('',(175.,0.));
#5200 = VECTOR('',#5201,1.);
#5201 = DIRECTION('',(0.,1.));
#5202 = ( GEOMETRIC_REPRESENTATION_CONTEXT(2) 
PARAMETRIC_REPRESENTATION_CONTEXT() REPRESENTATION_CONTEXT('2D SPACE',''
  ) );
#5203 = PCURVE('',#5204,#5209);
#5204 = CYLINDRICAL_SURFACE('',#5205,45.);
#5205 = AXIS2_PLACEMENT_3D('',#5206,#5207,#5208);
#5206 = CARTESIAN_POINT('',(463.0813889921,-195.,603.87024306856));
#5207 = DIRECTION('',(0.,1.,0.));
#5208 = DIRECTION('',(0.829037572555,0.,-0.559192903471));
#5209 = DEFINITIONAL_REPRESENTATION('',(#5210),#5214);
#5210 = LINE('',#5211,#5212);
#5211 = CARTESIAN_POINT('',(-1.570796326795,0.));
#5212 = VECTOR('',#5213,1.);
#5213 = DIRECTION('',(-0.,1.));
#5214 = ( GEOMETRIC_REPRESENTATION_CONTEXT(2) 
PARAMETRIC_REPRESENTATION_CONTEXT() REPRESENTATION_CONTEXT('2D SPACE',''
  ) );
#5215 = ORIENTED_EDGE('',*,*,#5216,.F.);
#5216 = EDGE_CURVE('',#4780,#5189,#5217,.T.);
#5217 = SURFACE_CURVE('',#5218,(#5222,#5229),.PCURVE_S1.);
#5218 = LINE('',#5219,#5220);
#5219 = CARTESIAN_POINT('',(343.16349445116,150.,739.03569194092));
#5220 = VECTOR('',#5221,1.);
#5221 = DIRECTION('',(0.829037572555,0.,-0.559192903471));
#5222 = PCURVE('',#4795,#5223);
#5223 = DEFINITIONAL_REPRESENTATION('',(#5224),#5228);
#5224 = LINE('',#5225,#5226);
#5225 = CARTESIAN_POINT('',(0.,345.));
#5226 = VECTOR('',#5227,1.);
#5227 = DIRECTION('',(1.,0.));
#5228 = ( GEOMETRIC_REPRESENTATION_CONTEXT(2) 
PARAMETRIC_REPRESENTATION_CONTEXT() REPRESENTATION_CONTEXT('2D SPACE',''
  ) );
#5229 = PCURVE('',#5230,#5235);
#5230 = CYLINDRICAL_SURFACE('',#5231,45.);
#5231 = AXIS2_PLACEMENT_3D('',#5232,#5233,#5234);
#5232 = CARTESIAN_POINT('',(317.99981379497,150.,701.72900117594));
#5233 = DIRECTION('',(0.829037572555,0.,-0.559192903471));
#5234 = DIRECTION('',(0.,1.,0.));
#5235 = DEFINITIONAL_REPRESENTATION('',(#5236),#5240);
#5236 = LINE('',#5237,#5238);
#5237 = CARTESIAN_POINT('',(1.570796326795,0.));
#5238 = VECTOR('',#5239,1.);
#5239 = DIRECTION('',(0.,1.));
#5240 = ( GEOMETRIC_REPRESENTATION_CONTEXT(2) 
PARAMETRIC_REPRESENTATION_CONTEXT() REPRESENTATION_CONTEXT('2D SPACE',''
  ) );
#5241 = ADVANCED_FACE('',(#5242),#4822,.T.);
#5242 = FACE_BOUND('',#5243,.F.);
#5243 = EDGE_LOOP('',(#5244,#5245,#5267));
#5244 = ORIENTED_EDGE('',*,*,#4891,.F.);
#5245 = ORIENTED_EDGE('',*,*,#5246,.T.);
#5246 = EDGE_CURVE('',#4864,#4780,#5247,.T.);
#5247 = SURFACE_CURVE('',#5248,(#5253,#5260),.PCURVE_S1.);
#5248 = CIRCLE('',#5249,45.);
#5249 = AXIS2_PLACEMENT_3D('',#5250,#5251,#5252);
#5250 = CARTESIAN_POINT('',(355.30650455995,150.,676.56532051976));
#5251 = DIRECTION('',(0.829037572555,0.,-0.559192903471));
#5252 = DIRECTION('',(0.559192903471,0.,0.829037572555));
#5253 = PCURVE('',#4822,#5254);
#5254 = DEFINITIONAL_REPRESENTATION('',(#5255),#5259);
#5255 = LINE('',#5256,#5257);
#5256 = CARTESIAN_POINT('',(-1.570796326795,-6.28318530718));
#5257 = VECTOR('',#5258,1.);
#5258 = DIRECTION('',(-0.,1.));
#5259 = ( GEOMETRIC_REPRESENTATION_CONTEXT(2) 
PARAMETRIC_REPRESENTATION_CONTEXT() REPRESENTATION_CONTEXT('2D SPACE',''
  ) );
#5260 = PCURVE('',#5230,#5261);
#5261 = DEFINITIONAL_REPRESENTATION('',(#5262),#5266);
#5262 = LINE('',#5263,#5264);
#5263 = CARTESIAN_POINT('',(-4.712388980385,45.));
#5264 = VECTOR('',#5265,1.);
#5265 = DIRECTION('',(1.,0.));
#5266 = ( GEOMETRIC_REPRESENTATION_CONTEXT(2) 
PARAMETRIC_REPRESENTATION_CONTEXT() REPRESENTATION_CONTEXT('2D SPACE',''
  ) );
#5267 = ORIENTED_EDGE('',*,*,#4807,.F.);
#5268 = ADVANCED_FACE('',(#5269),#4879,.T.);
#5269 = FACE_BOUND('',#5270,.T.);
#5270 = EDGE_LOOP('',(#5271,#5272,#5295,#5323));
#5271 = ORIENTED_EDGE('',*,*,#4863,.T.);
#5272 = ORIENTED_EDGE('',*,*,#5273,.T.);
#5273 = EDGE_CURVE('',#4864,#5274,#5276,.T.);
#5274 = VERTEX_POINT('',#5275);
#5275 = CARTESIAN_POINT('',(463.0813889921,195.,603.87024306856));
#5276 = SURFACE_CURVE('',#5277,(#5281,#5288),.PCURVE_S1.);
#5277 = LINE('',#5278,#5279);
#5278 = CARTESIAN_POINT('',(317.99981379497,195.,701.72900117594));
#5279 = VECTOR('',#5280,1.);
#5280 = DIRECTION('',(0.829037572555,0.,-0.559192903471));
#5281 = PCURVE('',#4879,#5282);
#5282 = DEFINITIONAL_REPRESENTATION('',(#5283),#5287);
#5283 = LINE('',#5284,#5285);
#5284 = CARTESIAN_POINT('',(60.,-3.552713678801E-14));
#5285 = VECTOR('',#5286,1.);
#5286 = DIRECTION('',(0.,1.));
#5287 = ( GEOMETRIC_REPRESENTATION_CONTEXT(2) 
PARAMETRIC_REPRESENTATION_CONTEXT() REPRESENTATION_CONTEXT('2D SPACE',''
  ) );
#5288 = PCURVE('',#5230,#5289);
#5289 = DEFINITIONAL_REPRESENTATION('',(#5290),#5294);
#5290 = LINE('',#5291,#5292);
#5291 = CARTESIAN_POINT('',(0.,0.));
#5292 = VECTOR('',#5293,1.);
#5293 = DIRECTION('',(0.,1.));
#5294 = ( GEOMETRIC_REPRESENTATION_CONTEXT(2) 
PARAMETRIC_REPRESENTATION_CONTEXT() REPRESENTATION_CONTEXT('2D SPACE',''
  ) );
#5295 = ORIENTED_EDGE('',*,*,#5296,.F.);
#5296 = EDGE_CURVE('',#5297,#5274,#5299,.T.);
#5297 = VERTEX_POINT('',#5298);
#5298 = CARTESIAN_POINT('',(454.69349544004,195.,591.43467948023));
#5299 = SURFACE_CURVE('',#5300,(#5304,#5311),.PCURVE_S1.);
#5300 = LINE('',#5301,#5302);
#5301 = CARTESIAN_POINT('',(429.52981478386,195.,554.12798871526));
#5302 = VECTOR('',#5303,1.);
#5303 = DIRECTION('',(0.559192903471,0.,0.829037572555));
#5304 = PCURVE('',#4879,#5305);
#5305 = DEFINITIONAL_REPRESENTATION('',(#5306),#5310);
#5306 = LINE('',#5307,#5308);
#5307 = CARTESIAN_POINT('',(0.,175.));
#5308 = VECTOR('',#5309,1.);
#5309 = DIRECTION('',(1.,0.));
#5310 = ( GEOMETRIC_REPRESENTATION_CONTEXT(2) 
PARAMETRIC_REPRESENTATION_CONTEXT() REPRESENTATION_CONTEXT('2D SPACE',''
  ) );
#5311 = PCURVE('',#5312,#5317);
#5312 = CYLINDRICAL_SURFACE('',#5313,45.);
#5313 = AXIS2_PLACEMENT_3D('',#5314,#5315,#5316);
#5314 = CARTESIAN_POINT('',(429.52981478386,150.,554.12798871526));
#5315 = DIRECTION('',(0.559192903471,0.,0.829037572555));
#5316 = DIRECTION('',(0.829037572555,0.,-0.559192903471));
#5317 = DEFINITIONAL_REPRESENTATION('',(#5318),#5322);
#5318 = LINE('',#5319,#5320);
#5319 = CARTESIAN_POINT('',(1.570796326795,0.));
#5320 = VECTOR('',#5321,1.);
#5321 = DIRECTION('',(0.,1.));
#5322 = ( GEOMETRIC_REPRESENTATION_CONTEXT(2) 
PARAMETRIC_REPRESENTATION_CONTEXT() REPRESENTATION_CONTEXT('2D SPACE',''
  ) );
#5323 = ORIENTED_EDGE('',*,*,#5324,.F.);
#5324 = EDGE_CURVE('',#4840,#5297,#5325,.T.);
#5325 = SURFACE_CURVE('',#5326,(#5330,#5337),.PCURVE_S1.);
#5326 = LINE('',#5327,#5328);
#5327 = CARTESIAN_POINT('',(309.61192024291,195.,689.29343758761));
#5328 = VECTOR('',#5329,1.);
#5329 = DIRECTION('',(0.829037572555,0.,-0.559192903471));
#5330 = PCURVE('',#4879,#5331);
#5331 = DEFINITIONAL_REPRESENTATION('',(#5332),#5336);
#5332 = LINE('',#5333,#5334);
#5333 = CARTESIAN_POINT('',(45.,-2.48689957516E-14));
#5334 = VECTOR('',#5335,1.);
#5335 = DIRECTION('',(0.,1.));
#5336 = ( GEOMETRIC_REPRESENTATION_CONTEXT(2) 
PARAMETRIC_REPRESENTATION_CONTEXT() REPRESENTATION_CONTEXT('2D SPACE',''
  ) );
#5337 = PCURVE('',#5122,#5338);
#5338 = DEFINITIONAL_REPRESENTATION('',(#5339),#5343);
#5339 = LINE('',#5340,#5341);
#5340 = CARTESIAN_POINT('',(-0.,0.));
#5341 = VECTOR('',#5342,1.);
#5342 = DIRECTION('',(-0.,1.));
#5343 = ( GEOMETRIC_REPRESENTATION_CONTEXT(2) 
PARAMETRIC_REPRESENTATION_CONTEXT() REPRESENTATION_CONTEXT('2D SPACE',''
  ) );
#5344 = ADVANCED_FACE('',(#5345),#4932,.T.);
#5345 = FACE_BOUND('',#5346,.T.);
#5346 = EDGE_LOOP('',(#5347,#5348,#5349,#5376));
#5347 = ORIENTED_EDGE('',*,*,#4917,.F.);
#5348 = ORIENTED_EDGE('',*,*,#5057,.T.);
#5349 = ORIENTED_EDGE('',*,*,#5350,.T.);
#5350 = EDGE_CURVE('',#5058,#5005,#5351,.T.);
#5351 = SURFACE_CURVE('',#5352,(#5357,#5364),.PCURVE_S1.);
#5352 = CIRCLE('',#5353,45.);
#5353 = AXIS2_PLACEMENT_3D('',#5354,#5355,#5356);
#5354 = CARTESIAN_POINT('',(454.69349544004,-150.,591.43467948023));
#5355 = DIRECTION('',(-0.829037572555,-6.123233995737E-17,0.559192903471
    ));
#5356 = DIRECTION('',(5.076391048012E-17,-1.,-3.424068996707E-17));
#5357 = PCURVE('',#4932,#5358);
#5358 = DEFINITIONAL_REPRESENTATION('',(#5359),#5363);
#5359 = LINE('',#5360,#5361);
#5360 = CARTESIAN_POINT('',(6.28318530718,175.));
#5361 = VECTOR('',#5362,1.);
#5362 = DIRECTION('',(-1.,-0.));
#5363 = ( GEOMETRIC_REPRESENTATION_CONTEXT(2) 
PARAMETRIC_REPRESENTATION_CONTEXT() REPRESENTATION_CONTEXT('2D SPACE',''
  ) );
#5364 = PCURVE('',#5365,#5370);
#5365 = SPHERICAL_SURFACE('',#5366,45.);
#5366 = AXIS2_PLACEMENT_3D('',#5367,#5368,#5369);
#5367 = CARTESIAN_POINT('',(454.69349544004,-150.,591.43467948023));
#5368 = DIRECTION('',(0.559192903471,0.,0.829037572555));
#5369 = DIRECTION('',(0.829037572555,0.,-0.559192903471));
#5370 = DEFINITIONAL_REPRESENTATION('',(#5371),#5375);
#5371 = LINE('',#5372,#5373);
#5372 = CARTESIAN_POINT('',(-1.570796326795,-6.28318530718));
#5373 = VECTOR('',#5374,1.);
#5374 = DIRECTION('',(-0.,1.));
#5375 = ( GEOMETRIC_REPRESENTATION_CONTEXT(2) 
PARAMETRIC_REPRESENTATION_CONTEXT() REPRESENTATION_CONTEXT('2D SPACE',''
  ) );
#5376 = ORIENTED_EDGE('',*,*,#5032,.F.);
#5377 = ADVANCED_FACE('',(#5378),#4964,.T.);
#5378 = FACE_BOUND('',#5379,.F.);
#5379 = EDGE_LOOP('',(#5380,#5381,#5382,#5409));
#5380 = ORIENTED_EDGE('',*,*,#4949,.F.);
#5381 = ORIENTED_EDGE('',*,*,#5165,.T.);
#5382 = ORIENTED_EDGE('',*,*,#5383,.T.);
#5383 = EDGE_CURVE('',#5166,#4982,#5384,.T.);
#5384 = SURFACE_CURVE('',#5385,(#5390,#5397),.PCURVE_S1.);
#5385 = CIRCLE('',#5386,45.);
#5386 = AXIS2_PLACEMENT_3D('',#5387,#5388,#5389);
#5387 = CARTESIAN_POINT('',(463.0813889921,-150.,603.87024306856));
#5388 = DIRECTION('',(0.829037572555,6.123233995737E-17,-0.559192903471)
  );
#5389 = DIRECTION('',(5.076391048012E-17,-1.,-3.424068996707E-17));
#5390 = PCURVE('',#4964,#5391);
#5391 = DEFINITIONAL_REPRESENTATION('',(#5392),#5396);
#5392 = LINE('',#5393,#5394);
#5393 = CARTESIAN_POINT('',(-6.28318530718,175.));
#5394 = VECTOR('',#5395,1.);
#5395 = DIRECTION('',(1.,-0.));
#5396 = ( GEOMETRIC_REPRESENTATION_CONTEXT(2) 
PARAMETRIC_REPRESENTATION_CONTEXT() REPRESENTATION_CONTEXT('2D SPACE',''
  ) );
#5397 = PCURVE('',#5398,#5403);
#5398 = SPHERICAL_SURFACE('',#5399,45.);
#5399 = AXIS2_PLACEMENT_3D('',#5400,#5401,#5402);
#5400 = CARTESIAN_POINT('',(463.0813889921,-150.,603.87024306856));
#5401 = DIRECTION('',(-0.559192903471,-0.,-0.829037572555));
#5402 = DIRECTION('',(0.829037572555,0.,-0.559192903471));
#5403 = DEFINITIONAL_REPRESENTATION('',(#5404),#5408);
#5404 = LINE('',#5405,#5406);
#5405 = CARTESIAN_POINT('',(1.570796326795,-6.28318530718));
#5406 = VECTOR('',#5407,1.);
#5407 = DIRECTION('',(0.,1.));
#5408 = ( GEOMETRIC_REPRESENTATION_CONTEXT(2) 
PARAMETRIC_REPRESENTATION_CONTEXT() REPRESENTATION_CONTEXT('2D SPACE',''
  ) );
#5409 = ORIENTED_EDGE('',*,*,#4981,.F.);
#5410 = ADVANCED_FACE('',(#5411),#5020,.T.);
#5411 = FACE_BOUND('',#5412,.F.);
#5412 = EDGE_LOOP('',(#5413,#5443,#5465,#5466));
#5413 = ORIENTED_EDGE('',*,*,#5414,.F.);
#5414 = EDGE_CURVE('',#5415,#5417,#5419,.T.);
#5415 = VERTEX_POINT('',#5416);
#5416 = CARTESIAN_POINT('',(492.00018620502,-150.,566.27099882405));
#5417 = VERTEX_POINT('',#5418);
#5418 = CARTESIAN_POINT('',(500.38807975708,-150.,578.70656241238));
#5419 = SURFACE_CURVE('',#5420,(#5424,#5431),.PCURVE_S1.);
#5420 = LINE('',#5421,#5422);
#5421 = CARTESIAN_POINT('',(466.83650554884,-150.,528.96430805907));
#5422 = VECTOR('',#5423,1.);
#5423 = DIRECTION('',(0.559192903471,0.,0.829037572555));
#5424 = PCURVE('',#5020,#5425);
#5425 = DEFINITIONAL_REPRESENTATION('',(#5426),#5430);
#5426 = LINE('',#5427,#5428);
#5427 = CARTESIAN_POINT('',(-0.,0.));
#5428 = VECTOR('',#5429,1.);
#5429 = DIRECTION('',(-0.,1.));
#5430 = ( GEOMETRIC_REPRESENTATION_CONTEXT(2) 
PARAMETRIC_REPRESENTATION_CONTEXT() REPRESENTATION_CONTEXT('2D SPACE',''
  ) );
#5431 = PCURVE('',#5432,#5437);
#5432 = PLANE('',#5433);
#5433 = AXIS2_PLACEMENT_3D('',#5434,#5435,#5436);
#5434 = CARTESIAN_POINT('',(466.83650554884,-195.,528.96430805907));
#5435 = DIRECTION('',(0.829037572555,0.,-0.559192903471));
#5436 = DIRECTION('',(0.559192903471,0.,0.829037572555));
#5437 = DEFINITIONAL_REPRESENTATION('',(#5438),#5442);
#5438 = LINE('',#5439,#5440);
#5439 = CARTESIAN_POINT('',(0.,-45.));
#5440 = VECTOR('',#5441,1.);
#5441 = DIRECTION('',(1.,0.));
#5442 = ( GEOMETRIC_REPRESENTATION_CONTEXT(2) 
PARAMETRIC_REPRESENTATION_CONTEXT() REPRESENTATION_CONTEXT('2D SPACE',''
  ) );
#5443 = ORIENTED_EDGE('',*,*,#5444,.T.);
#5444 = EDGE_CURVE('',#5415,#5005,#5445,.T.);
#5445 = SURFACE_CURVE('',#5446,(#5451,#5458),.PCURVE_S1.);
#5446 = CIRCLE('',#5447,45.);
#5447 = AXIS2_PLACEMENT_3D('',#5448,#5449,#5450);
#5448 = CARTESIAN_POINT('',(454.69349544004,-150.,591.43467948023));
#5449 = DIRECTION('',(-0.559192903471,-0.,-0.829037572555));
#5450 = DIRECTION('',(0.829037572555,0.,-0.559192903471));
#5451 = PCURVE('',#5020,#5452);
#5452 = DEFINITIONAL_REPRESENTATION('',(#5453),#5457);
#5453 = LINE('',#5454,#5455);
#5454 = CARTESIAN_POINT('',(-0.,45.));
#5455 = VECTOR('',#5456,1.);
#5456 = DIRECTION('',(-1.,0.));
#5457 = ( GEOMETRIC_REPRESENTATION_CONTEXT(2) 
PARAMETRIC_REPRESENTATION_CONTEXT() REPRESENTATION_CONTEXT('2D SPACE',''
  ) );
#5458 = PCURVE('',#5365,#5459);
#5459 = DEFINITIONAL_REPRESENTATION('',(#5460),#5464);
#5460 = LINE('',#5461,#5462);
#5461 = CARTESIAN_POINT('',(-0.,0.));
#5462 = VECTOR('',#5463,1.);
#5463 = DIRECTION('',(-1.,0.));
#5464 = ( GEOMETRIC_REPRESENTATION_CONTEXT(2) 
PARAMETRIC_REPRESENTATION_CONTEXT() REPRESENTATION_CONTEXT('2D SPACE',''
  ) );
#5465 = ORIENTED_EDGE('',*,*,#5004,.T.);
#5466 = ORIENTED_EDGE('',*,*,#5467,.F.);
#5467 = EDGE_CURVE('',#5417,#4982,#5468,.T.);
#5468 = SURFACE_CURVE('',#5469,(#5474,#5481),.PCURVE_S1.);
#5469 = CIRCLE('',#5470,45.);
#5470 = AXIS2_PLACEMENT_3D('',#5471,#5472,#5473);
#5471 = CARTESIAN_POINT('',(463.0813889921,-150.,603.87024306856));
#5472 = DIRECTION('',(-0.559192903471,-0.,-0.829037572555));
#5473 = DIRECTION('',(0.829037572555,0.,-0.559192903471));
#5474 = PCURVE('',#5020,#5475);
#5475 = DEFINITIONAL_REPRESENTATION('',(#5476),#5480);
#5476 = LINE('',#5477,#5478);
#5477 = CARTESIAN_POINT('',(-0.,60.));
#5478 = VECTOR('',#5479,1.);
#5479 = DIRECTION('',(-1.,0.));
#5480 = ( GEOMETRIC_REPRESENTATION_CONTEXT(2) 
PARAMETRIC_REPRESENTATION_CONTEXT() REPRESENTATION_CONTEXT('2D SPACE',''
  ) );
#5481 = PCURVE('',#5398,#5482);
#5482 = DEFINITIONAL_REPRESENTATION('',(#5483),#5487);
#5483 = LINE('',#5484,#5485);
#5484 = CARTESIAN_POINT('',(0.,0.));
#5485 = VECTOR('',#5486,1.);
#5486 = DIRECTION('',(1.,0.));
#5487 = ( GEOMETRIC_REPRESENTATION_CONTEXT(2) 
PARAMETRIC_REPRESENTATION_CONTEXT() REPRESENTATION_CONTEXT('2D SPACE',''
  ) );
#5488 = ADVANCED_FACE('',(#5489),#5122,.T.);
#5489 = FACE_BOUND('',#5490,.F.);
#5490 = EDGE_LOOP('',(#5491,#5492,#5493,#5520));
#5491 = ORIENTED_EDGE('',*,*,#5138,.F.);
#5492 = ORIENTED_EDGE('',*,*,#5108,.T.);
#5493 = ORIENTED_EDGE('',*,*,#5494,.T.);
#5494 = EDGE_CURVE('',#5081,#5297,#5495,.T.);
#5495 = SURFACE_CURVE('',#5496,(#5501,#5508),.PCURVE_S1.);
#5496 = CIRCLE('',#5497,45.);
#5497 = AXIS2_PLACEMENT_3D('',#5498,#5499,#5500);
#5498 = CARTESIAN_POINT('',(454.69349544004,150.,591.43467948023));
#5499 = DIRECTION('',(0.829037572555,-6.123233995737E-17,-0.559192903471
    ));
#5500 = DIRECTION('',(5.076391048012E-17,1.,-3.424068996707E-17));
#5501 = PCURVE('',#5122,#5502);
#5502 = DEFINITIONAL_REPRESENTATION('',(#5503),#5507);
#5503 = LINE('',#5504,#5505);
#5504 = CARTESIAN_POINT('',(-6.28318530718,175.));
#5505 = VECTOR('',#5506,1.);
#5506 = DIRECTION('',(1.,-0.));
#5507 = ( GEOMETRIC_REPRESENTATION_CONTEXT(2) 
PARAMETRIC_REPRESENTATION_CONTEXT() REPRESENTATION_CONTEXT('2D SPACE',''
  ) );
#5508 = PCURVE('',#5509,#5514);
#5509 = SPHERICAL_SURFACE('',#5510,45.);
#5510 = AXIS2_PLACEMENT_3D('',#5511,#5512,#5513);
#5511 = CARTESIAN_POINT('',(454.69349544004,150.,591.43467948023));
#5512 = DIRECTION('',(0.559192903471,0.,0.829037572555));
#5513 = DIRECTION('',(0.829037572555,0.,-0.559192903471));
#5514 = DEFINITIONAL_REPRESENTATION('',(#5515),#5519);
#5515 = LINE('',#5516,#5517);
#5516 = CARTESIAN_POINT('',(1.570796326795,-6.28318530718));
#5517 = VECTOR('',#5518,1.);
#5518 = DIRECTION('',(0.,1.));
#5519 = ( GEOMETRIC_REPRESENTATION_CONTEXT(2) 
PARAMETRIC_REPRESENTATION_CONTEXT() REPRESENTATION_CONTEXT('2D SPACE',''
  ) );
#5520 = ORIENTED_EDGE('',*,*,#5324,.F.);
#5521 = ADVANCED_FACE('',(#5522),#5096,.T.);
#5522 = FACE_BOUND('',#5523,.T.);
#5523 = EDGE_LOOP('',(#5524,#5546,#5547,#5571));
#5524 = ORIENTED_EDGE('',*,*,#5525,.F.);
#5525 = EDGE_CURVE('',#5058,#5415,#5526,.T.);
#5526 = SURFACE_CURVE('',#5527,(#5532,#5539),.PCURVE_S1.);
#5527 = CIRCLE('',#5528,45.);
#5528 = AXIS2_PLACEMENT_3D('',#5529,#5530,#5531);
#5529 = CARTESIAN_POINT('',(454.69349544004,-150.,591.43467948023));
#5530 = DIRECTION('',(0.,-1.,0.));
#5531 = DIRECTION('',(0.829037572555,0.,-0.559192903471));
#5532 = PCURVE('',#5096,#5533);
#5533 = DEFINITIONAL_REPRESENTATION('',(#5534),#5538);
#5534 = LINE('',#5535,#5536);
#5535 = CARTESIAN_POINT('',(6.28318530718,45.));
#5536 = VECTOR('',#5537,1.);
#5537 = DIRECTION('',(-1.,-0.));
#5538 = ( GEOMETRIC_REPRESENTATION_CONTEXT(2) 
PARAMETRIC_REPRESENTATION_CONTEXT() REPRESENTATION_CONTEXT('2D SPACE',''
  ) );
#5539 = PCURVE('',#5365,#5540);
#5540 = DEFINITIONAL_REPRESENTATION('',(#5541),#5545);
#5541 = LINE('',#5542,#5543);
#5542 = CARTESIAN_POINT('',(-0.,-6.28318530718));
#5543 = VECTOR('',#5544,1.);
#5544 = DIRECTION('',(-0.,1.));
#5545 = ( GEOMETRIC_REPRESENTATION_CONTEXT(2) 
PARAMETRIC_REPRESENTATION_CONTEXT() REPRESENTATION_CONTEXT('2D SPACE',''
  ) );
#5546 = ORIENTED_EDGE('',*,*,#5080,.T.);
#5547 = ORIENTED_EDGE('',*,*,#5548,.T.);
#5548 = EDGE_CURVE('',#5081,#5549,#5551,.T.);
#5549 = VERTEX_POINT('',#5550);
#5550 = CARTESIAN_POINT('',(492.00018620502,150.,566.27099882405));
#5551 = SURFACE_CURVE('',#5552,(#5557,#5564),.PCURVE_S1.);
#5552 = CIRCLE('',#5553,45.);
#5553 = AXIS2_PLACEMENT_3D('',#5554,#5555,#5556);
#5554 = CARTESIAN_POINT('',(454.69349544004,150.,591.43467948023));
#5555 = DIRECTION('',(0.,-1.,0.));
#5556 = DIRECTION('',(0.829037572555,0.,-0.559192903471));
#5557 = PCURVE('',#5096,#5558);
#5558 = DEFINITIONAL_REPRESENTATION('',(#5559),#5563);
#5559 = LINE('',#5560,#5561);
#5560 = CARTESIAN_POINT('',(6.28318530718,345.));
#5561 = VECTOR('',#5562,1.);
#5562 = DIRECTION('',(-1.,-0.));
#5563 = ( GEOMETRIC_REPRESENTATION_CONTEXT(2) 
PARAMETRIC_REPRESENTATION_CONTEXT() REPRESENTATION_CONTEXT('2D SPACE',''
  ) );
#5564 = PCURVE('',#5509,#5565);
#5565 = DEFINITIONAL_REPRESENTATION('',(#5566),#5570);
#5566 = LINE('',#5567,#5568);
#5567 = CARTESIAN_POINT('',(0.,-6.28318530718));
#5568 = VECTOR('',#5569,1.);
#5569 = DIRECTION('',(0.,1.));
#5570 = ( GEOMETRIC_REPRESENTATION_CONTEXT(2) 
PARAMETRIC_REPRESENTATION_CONTEXT() REPRESENTATION_CONTEXT('2D SPACE',''
  ) );
#5571 = ORIENTED_EDGE('',*,*,#5572,.F.);
#5572 = EDGE_CURVE('',#5415,#5549,#5573,.T.);
#5573 = SURFACE_CURVE('',#5574,(#5578,#5585),.PCURVE_S1.);
#5574 = LINE('',#5575,#5576);
#5575 = CARTESIAN_POINT('',(492.00018620502,-195.,566.27099882405));
#5576 = VECTOR('',#5577,1.);
#5577 = DIRECTION('',(0.,1.,0.));
#5578 = PCURVE('',#5096,#5579);
#5579 = DEFINITIONAL_REPRESENTATION('',(#5580),#5584);
#5580 = LINE('',#5581,#5582);
#5581 = CARTESIAN_POINT('',(0.,0.));
#5582 = VECTOR('',#5583,1.);
#5583 = DIRECTION('',(0.,1.));
#5584 = ( GEOMETRIC_REPRESENTATION_CONTEXT(2) 
PARAMETRIC_REPRESENTATION_CONTEXT() REPRESENTATION_CONTEXT('2D SPACE',''
  ) );
#5585 = PCURVE('',#5432,#5586);
#5586 = DEFINITIONAL_REPRESENTATION('',(#5587),#5591);
#5587 = LINE('',#5588,#5589);
#5588 = CARTESIAN_POINT('',(45.,0.));
#5589 = VECTOR('',#5590,1.);
#5590 = DIRECTION('',(0.,-1.));
#5591 = ( GEOMETRIC_REPRESENTATION_CONTEXT(2) 
PARAMETRIC_REPRESENTATION_CONTEXT() REPRESENTATION_CONTEXT('2D SPACE',''
  ) );
#5592 = ADVANCED_FACE('',(#5593),#5230,.T.);
#5593 = FACE_BOUND('',#5594,.T.);
#5594 = EDGE_LOOP('',(#5595,#5596,#5597,#5624));
#5595 = ORIENTED_EDGE('',*,*,#5246,.T.);
#5596 = ORIENTED_EDGE('',*,*,#5216,.T.);
#5597 = ORIENTED_EDGE('',*,*,#5598,.F.);
#5598 = EDGE_CURVE('',#5274,#5189,#5599,.T.);
#5599 = SURFACE_CURVE('',#5600,(#5605,#5612),.PCURVE_S1.);
#5600 = CIRCLE('',#5601,45.);
#5601 = AXIS2_PLACEMENT_3D('',#5602,#5603,#5604);
#5602 = CARTESIAN_POINT('',(463.0813889921,150.,603.87024306856));
#5603 = DIRECTION('',(0.829037572555,0.,-0.559192903471));
#5604 = DIRECTION('',(0.559192903471,0.,0.829037572555));
#5605 = PCURVE('',#5230,#5606);
#5606 = DEFINITIONAL_REPRESENTATION('',(#5607),#5611);
#5607 = LINE('',#5608,#5609);
#5608 = CARTESIAN_POINT('',(-4.712388980385,175.));
#5609 = VECTOR('',#5610,1.);
#5610 = DIRECTION('',(1.,0.));
#5611 = ( GEOMETRIC_REPRESENTATION_CONTEXT(2) 
PARAMETRIC_REPRESENTATION_CONTEXT() REPRESENTATION_CONTEXT('2D SPACE',''
  ) );
#5612 = PCURVE('',#5613,#5618);
#5613 = SPHERICAL_SURFACE('',#5614,45.);
#5614 = AXIS2_PLACEMENT_3D('',#5615,#5616,#5617);
#5615 = CARTESIAN_POINT('',(463.0813889921,150.,603.87024306856));
#5616 = DIRECTION('',(-0.,-1.,0.));
#5617 = DIRECTION('',(0.829037572555,0.,-0.559192903471));
#5618 = DEFINITIONAL_REPRESENTATION('',(#5619),#5623);
#5619 = LINE('',#5620,#5621);
#5620 = CARTESIAN_POINT('',(1.570796326795,-6.28318530718));
#5621 = VECTOR('',#5622,1.);
#5622 = DIRECTION('',(0.,1.));
#5623 = ( GEOMETRIC_REPRESENTATION_CONTEXT(2) 
PARAMETRIC_REPRESENTATION_CONTEXT() REPRESENTATION_CONTEXT('2D SPACE',''
  ) );
#5624 = ORIENTED_EDGE('',*,*,#5273,.F.);
#5625 = ADVANCED_FACE('',(#5626),#5204,.T.);
#5626 = FACE_BOUND('',#5627,.F.);
#5627 = EDGE_LOOP('',(#5628,#5650,#5651,#5675));
#5628 = ORIENTED_EDGE('',*,*,#5629,.F.);
#5629 = EDGE_CURVE('',#5166,#5417,#5630,.T.);
#5630 = SURFACE_CURVE('',#5631,(#5636,#5643),.PCURVE_S1.);
#5631 = CIRCLE('',#5632,45.);
#5632 = AXIS2_PLACEMENT_3D('',#5633,#5634,#5635);
#5633 = CARTESIAN_POINT('',(463.0813889921,-150.,603.87024306856));
#5634 = DIRECTION('',(0.,1.,0.));
#5635 = DIRECTION('',(0.829037572555,0.,-0.559192903471));
#5636 = PCURVE('',#5204,#5637);
#5637 = DEFINITIONAL_REPRESENTATION('',(#5638),#5642);
#5638 = LINE('',#5639,#5640);
#5639 = CARTESIAN_POINT('',(-6.28318530718,45.));
#5640 = VECTOR('',#5641,1.);
#5641 = DIRECTION('',(1.,-0.));
#5642 = ( GEOMETRIC_REPRESENTATION_CONTEXT(2) 
PARAMETRIC_REPRESENTATION_CONTEXT() REPRESENTATION_CONTEXT('2D SPACE',''
  ) );
#5643 = PCURVE('',#5398,#5644);
#5644 = DEFINITIONAL_REPRESENTATION('',(#5645),#5649);
#5645 = LINE('',#5646,#5647);
#5646 = CARTESIAN_POINT('',(0.,-6.28318530718));
#5647 = VECTOR('',#5648,1.);
#5648 = DIRECTION('',(0.,1.));
#5649 = ( GEOMETRIC_REPRESENTATION_CONTEXT(2) 
PARAMETRIC_REPRESENTATION_CONTEXT() REPRESENTATION_CONTEXT('2D SPACE',''
  ) );
#5650 = ORIENTED_EDGE('',*,*,#5188,.T.);
#5651 = ORIENTED_EDGE('',*,*,#5652,.F.);
#5652 = EDGE_CURVE('',#5653,#5189,#5655,.T.);
#5653 = VERTEX_POINT('',#5654);
#5654 = CARTESIAN_POINT('',(500.38807975708,150.,578.70656241238));
#5655 = SURFACE_CURVE('',#5656,(#5661,#5668),.PCURVE_S1.);
#5656 = CIRCLE('',#5657,45.);
#5657 = AXIS2_PLACEMENT_3D('',#5658,#5659,#5660);
#5658 = CARTESIAN_POINT('',(463.0813889921,150.,603.87024306856));
#5659 = DIRECTION('',(0.,-1.,0.));
#5660 = DIRECTION('',(0.829037572555,0.,-0.559192903471));
#5661 = PCURVE('',#5204,#5662);
#5662 = DEFINITIONAL_REPRESENTATION('',(#5663),#5667);
#5663 = LINE('',#5664,#5665);
#5664 = CARTESIAN_POINT('',(-0.,345.));
#5665 = VECTOR('',#5666,1.);
#5666 = DIRECTION('',(-1.,0.));
#5667 = ( GEOMETRIC_REPRESENTATION_CONTEXT(2) 
PARAMETRIC_REPRESENTATION_CONTEXT() REPRESENTATION_CONTEXT('2D SPACE',''
  ) );
#5668 = PCURVE('',#5613,#5669);
#5669 = DEFINITIONAL_REPRESENTATION('',(#5670),#5674);
#5670 = LINE('',#5671,#5672);
#5671 = CARTESIAN_POINT('',(0.,0.));
#5672 = VECTOR('',#5673,1.);
#5673 = DIRECTION('',(1.,0.));
#5674 = ( GEOMETRIC_REPRESENTATION_CONTEXT(2) 
PARAMETRIC_REPRESENTATION_CONTEXT() REPRESENTATION_CONTEXT('2D SPACE',''
  ) );
#5675 = ORIENTED_EDGE('',*,*,#5676,.F.);
#5676 = EDGE_CURVE('',#5417,#5653,#5677,.T.);
#5677 = SURFACE_CURVE('',#5678,(#5682,#5689),.PCURVE_S1.);
#5678 = LINE('',#5679,#5680);
#5679 = CARTESIAN_POINT('',(500.38807975708,-195.,578.70656241238));
#5680 = VECTOR('',#5681,1.);
#5681 = DIRECTION('',(0.,1.,0.));
#5682 = PCURVE('',#5204,#5683);
#5683 = DEFINITIONAL_REPRESENTATION('',(#5684),#5688);
#5684 = LINE('',#5685,#5686);
#5685 = CARTESIAN_POINT('',(-0.,0.));
#5686 = VECTOR('',#5687,1.);
#5687 = DIRECTION('',(-0.,1.));
#5688 = ( GEOMETRIC_REPRESENTATION_CONTEXT(2) 
PARAMETRIC_REPRESENTATION_CONTEXT() REPRESENTATION_CONTEXT('2D SPACE',''
  ) );
#5689 = PCURVE('',#5432,#5690);
#5690 = DEFINITIONAL_REPRESENTATION('',(#5691),#5695);
#5691 = LINE('',#5692,#5693);
#5692 = CARTESIAN_POINT('',(60.,0.));
#5693 = VECTOR('',#5694,1.);
#5694 = DIRECTION('',(0.,-1.));
#5695 = ( GEOMETRIC_REPRESENTATION_CONTEXT(2) 
PARAMETRIC_REPRESENTATION_CONTEXT() REPRESENTATION_CONTEXT('2D SPACE',''
  ) );
#5696 = ADVANCED_FACE('',(#5697),#5312,.T.);
#5697 = FACE_BOUND('',#5698,.T.);
#5698 = EDGE_LOOP('',(#5699,#5720,#5742,#5743));
#5699 = ORIENTED_EDGE('',*,*,#5700,.F.);
#5700 = EDGE_CURVE('',#5549,#5653,#5701,.T.);
#5701 = SURFACE_CURVE('',#5702,(#5706,#5713),.PCURVE_S1.);
#5702 = LINE('',#5703,#5704);
#5703 = CARTESIAN_POINT('',(466.83650554884,150.,528.96430805907));
#5704 = VECTOR('',#5705,1.);
#5705 = DIRECTION('',(0.559192903471,0.,0.829037572555));
#5706 = PCURVE('',#5312,#5707);
#5707 = DEFINITIONAL_REPRESENTATION('',(#5708),#5712);
#5708 = LINE('',#5709,#5710);
#5709 = CARTESIAN_POINT('',(0.,0.));
#5710 = VECTOR('',#5711,1.);
#5711 = DIRECTION('',(0.,1.));
#5712 = ( GEOMETRIC_REPRESENTATION_CONTEXT(2) 
PARAMETRIC_REPRESENTATION_CONTEXT() REPRESENTATION_CONTEXT('2D SPACE',''
  ) );
#5713 = PCURVE('',#5432,#5714);
#5714 = DEFINITIONAL_REPRESENTATION('',(#5715),#5719);
#5715 = LINE('',#5716,#5717);
#5716 = CARTESIAN_POINT('',(0.,-345.));
#5717 = VECTOR('',#5718,1.);
#5718 = DIRECTION('',(1.,0.));
#5719 = ( GEOMETRIC_REPRESENTATION_CONTEXT(2) 
PARAMETRIC_REPRESENTATION_CONTEXT() REPRESENTATION_CONTEXT('2D SPACE',''
  ) );
#5720 = ORIENTED_EDGE('',*,*,#5721,.T.);
#5721 = EDGE_CURVE('',#5549,#5297,#5722,.T.);
#5722 = SURFACE_CURVE('',#5723,(#5728,#5735),.PCURVE_S1.);
#5723 = CIRCLE('',#5724,45.);
#5724 = AXIS2_PLACEMENT_3D('',#5725,#5726,#5727);
#5725 = CARTESIAN_POINT('',(454.69349544004,150.,591.43467948023));
#5726 = DIRECTION('',(0.559192903471,-0.,0.829037572555));
#5727 = DIRECTION('',(0.829037572555,0.,-0.559192903471));
#5728 = PCURVE('',#5312,#5729);
#5729 = DEFINITIONAL_REPRESENTATION('',(#5730),#5734);
#5730 = LINE('',#5731,#5732);
#5731 = CARTESIAN_POINT('',(0.,45.));
#5732 = VECTOR('',#5733,1.);
#5733 = DIRECTION('',(1.,0.));
#5734 = ( GEOMETRIC_REPRESENTATION_CONTEXT(2) 
PARAMETRIC_REPRESENTATION_CONTEXT() REPRESENTATION_CONTEXT('2D SPACE',''
  ) );
#5735 = PCURVE('',#5509,#5736);
#5736 = DEFINITIONAL_REPRESENTATION('',(#5737),#5741);
#5737 = LINE('',#5738,#5739);
#5738 = CARTESIAN_POINT('',(0.,0.));
#5739 = VECTOR('',#5740,1.);
#5740 = DIRECTION('',(1.,0.));
#5741 = ( GEOMETRIC_REPRESENTATION_CONTEXT(2) 
PARAMETRIC_REPRESENTATION_CONTEXT() REPRESENTATION_CONTEXT('2D SPACE',''
  ) );
#5742 = ORIENTED_EDGE('',*,*,#5296,.T.);
#5743 = ORIENTED_EDGE('',*,*,#5744,.T.);
#5744 = EDGE_CURVE('',#5274,#5653,#5745,.T.);
#5745 = SURFACE_CURVE('',#5746,(#5751,#5758),.PCURVE_S1.);
#5746 = CIRCLE('',#5747,45.);
#5747 = AXIS2_PLACEMENT_3D('',#5748,#5749,#5750);
#5748 = CARTESIAN_POINT('',(463.0813889921,150.,603.87024306856));
#5749 = DIRECTION('',(-0.559192903471,-0.,-0.829037572555));
#5750 = DIRECTION('',(0.829037572555,0.,-0.559192903471));
#5751 = PCURVE('',#5312,#5752);
#5752 = DEFINITIONAL_REPRESENTATION('',(#5753),#5757);
#5753 = LINE('',#5754,#5755);
#5754 = CARTESIAN_POINT('',(6.28318530718,60.));
#5755 = VECTOR('',#5756,1.);
#5756 = DIRECTION('',(-1.,-0.));
#5757 = ( GEOMETRIC_REPRESENTATION_CONTEXT(2) 
PARAMETRIC_REPRESENTATION_CONTEXT() REPRESENTATION_CONTEXT('2D SPACE',''
  ) );
#5758 = PCURVE('',#5613,#5759);
#5759 = DEFINITIONAL_REPRESENTATION('',(#5760),#5764);
#5760 = LINE('',#5761,#5762);
#5761 = CARTESIAN_POINT('',(0.,-6.28318530718));
#5762 = VECTOR('',#5763,1.);
#5763 = DIRECTION('',(0.,1.));
#5764 = ( GEOMETRIC_REPRESENTATION_CONTEXT(2) 
PARAMETRIC_REPRESENTATION_CONTEXT() REPRESENTATION_CONTEXT('2D SPACE',''
  ) );
#5765 = ADVANCED_FACE('',(#5766),#5365,.T.);
#5766 = FACE_BOUND('',#5767,.F.);
#5767 = EDGE_LOOP('',(#5768,#5769,#5770));
#5768 = ORIENTED_EDGE('',*,*,#5525,.F.);
#5769 = ORIENTED_EDGE('',*,*,#5350,.T.);
#5770 = ORIENTED_EDGE('',*,*,#5444,.F.);
#5771 = ADVANCED_FACE('',(#5772),#5398,.T.);
#5772 = FACE_BOUND('',#5773,.T.);
#5773 = EDGE_LOOP('',(#5774,#5775,#5776));
#5774 = ORIENTED_EDGE('',*,*,#5629,.F.);
#5775 = ORIENTED_EDGE('',*,*,#5383,.T.);
#5776 = ORIENTED_EDGE('',*,*,#5467,.F.);
#5777 = ADVANCED_FACE('',(#5778),#5432,.T.);
#5778 = FACE_BOUND('',#5779,.T.);
#5779 = EDGE_LOOP('',(#5780,#5781,#5782,#5783));
#5780 = ORIENTED_EDGE('',*,*,#5414,.F.);
#5781 = ORIENTED_EDGE('',*,*,#5572,.T.);
#5782 = ORIENTED_EDGE('',*,*,#5700,.T.);
#5783 = ORIENTED_EDGE('',*,*,#5676,.F.);
#5784 = ADVANCED_FACE('',(#5785),#5509,.T.);
#5785 = FACE_BOUND('',#5786,.T.);
#5786 = EDGE_LOOP('',(#5787,#5788,#5789));
#5787 = ORIENTED_EDGE('',*,*,#5548,.F.);
#5788 = ORIENTED_EDGE('',*,*,#5494,.T.);
#5789 = ORIENTED_EDGE('',*,*,#5721,.F.);
#5790 = ADVANCED_FACE('',(#5791),#5613,.T.);
#5791 = FACE_BOUND('',#5792,.T.);
#5792 = EDGE_LOOP('',(#5793,#5794,#5795));
#5793 = ORIENTED_EDGE('',*,*,#5744,.F.);
#5794 = ORIENTED_EDGE('',*,*,#5598,.T.);
#5795 = ORIENTED_EDGE('',*,*,#5652,.F.);
#5796 = ( GEOMETRIC_REPRESENTATION_CONTEXT(3) 
GLOBAL_UNCERTAINTY_ASSIGNED_CONTEXT((#5800)) 
GLOBAL_UNIT_ASSIGNED_CONTEXT((#5797,#5798,#5799)) REPRESENTATION_CONTEXT
('Context #1','3D Context with UNIT and UNCERTAINTY') );
#5797 = ( LENGTH_UNIT() NAMED_UNIT(*) SI_UNIT(.MILLI.,.METRE.) );
#5798 = ( NAMED_UNIT(*) PLANE_ANGLE_UNIT() SI_UNIT($,.RADIAN.) );
#5799 = ( NAMED_UNIT(*) SI_UNIT($,.STERADIAN.) SOLID_ANGLE_UNIT() );
#5800 = UNCERTAINTY_MEASURE_WITH_UNIT(LENGTH_MEASURE(1.E-07),#5797,
  'distance_accuracy_value','confusion accuracy');
#5801 = CONTEXT_DEPENDENT_SHAPE_REPRESENTATION(#5802,#5804);
#5802 = ( REPRESENTATION_RELATIONSHIP('','',#4457,#10) 
REPRESENTATION_RELATIONSHIP_WITH_TRANSFORMATION(#5803) 
SHAPE_REPRESENTATION_RELATIONSHIP() );
#5803 = ITEM_DEFINED_TRANSFORMATION('','',#11,#123);
#5804 = PRODUCT_DEFINITION_SHAPE('Placement','Placement of an item',
  #5805);
#5805 = NEXT_ASSEMBLY_USAGE_OCCURRENCE('70','PILLOW_work','',#5,#4452,$
  );
#5806 = PRODUCT_RELATED_PRODUCT_CATEGORY('part',$,(#4454));
#5807 = SHAPE_DEFINITION_REPRESENTATION(#5808,#5814);
#5808 = PRODUCT_DEFINITION_SHAPE('','',#5809);
#5809 = PRODUCT_DEFINITION('design','',#5810,#5813);
#5810 = PRODUCT_DEFINITION_FORMATION('','',#5811);
#5811 = PRODUCT('D20_R02_TRAY','D20_R02_TRAY','',(#5812));
#5812 = PRODUCT_CONTEXT('',#2,'mechanical');
#5813 = PRODUCT_DEFINITION_CONTEXT('part definition',#2,'design');
#5814 = ADVANCED_BREP_SHAPE_REPRESENTATION('',(#11,#5815),#7841);
#5815 = MANIFOLD_SOLID_BREP('',#5816);
#5816 = CLOSED_SHELL('',(#5817,#5937,#6023,#6560,#6641,#7088,#7164,#7191
    ,#7218,#7272,#7319,#7366,#7393,#7420,#7427,#7474,#7501,#7528,#7535,
    #7582,#7609,#7636,#7643,#7690,#7717,#7744,#7751,#7800,#7827,#7834));
#5817 = ADVANCED_FACE('',(#5818),#5832,.F.);
#5818 = FACE_BOUND('',#5819,.F.);
#5819 = EDGE_LOOP('',(#5820,#5855,#5883,#5911));
#5820 = ORIENTED_EDGE('',*,*,#5821,.F.);
#5821 = EDGE_CURVE('',#5822,#5824,#5826,.T.);
#5822 = VERTEX_POINT('',#5823);
#5823 = CARTESIAN_POINT('',(935.,-300.,494.));
#5824 = VERTEX_POINT('',#5825);
#5825 = CARTESIAN_POINT('',(935.,-300.,506.));
#5826 = SURFACE_CURVE('',#5827,(#5831,#5843),.PCURVE_S1.);
#5827 = LINE('',#5828,#5829);
#5828 = CARTESIAN_POINT('',(935.,-300.,494.));
#5829 = VECTOR('',#5830,1.);
#5830 = DIRECTION('',(0.,0.,1.));
#5831 = PCURVE('',#5832,#5837);
#5832 = PLANE('',#5833);
#5833 = AXIS2_PLACEMENT_3D('',#5834,#5835,#5836);
#5834 = CARTESIAN_POINT('',(935.,-300.,494.));
#5835 = DIRECTION('',(1.,0.,0.));
#5836 = DIRECTION('',(0.,0.,1.));
#5837 = DEFINITIONAL_REPRESENTATION('',(#5838),#5842);
#5838 = LINE('',#5839,#5840);
#5839 = CARTESIAN_POINT('',(0.,0.));
#5840 = VECTOR('',#5841,1.);
#5841 = DIRECTION('',(1.,0.));
#5842 = ( GEOMETRIC_REPRESENTATION_CONTEXT(2) 
PARAMETRIC_REPRESENTATION_CONTEXT() REPRESENTATION_CONTEXT('2D SPACE',''
  ) );
#5843 = PCURVE('',#5844,#5849);
#5844 = PLANE('',#5845);
#5845 = AXIS2_PLACEMENT_3D('',#5846,#5847,#5848);
#5846 = CARTESIAN_POINT('',(935.,-360.,494.));
#5847 = DIRECTION('',(1.,0.,0.));
#5848 = DIRECTION('',(0.,0.,1.));
#5849 = DEFINITIONAL_REPRESENTATION('',(#5850),#5854);
#5850 = LINE('',#5851,#5852);
#5851 = CARTESIAN_POINT('',(0.,-60.));
#5852 = VECTOR('',#5853,1.);
#5853 = DIRECTION('',(1.,0.));
#5854 = ( GEOMETRIC_REPRESENTATION_CONTEXT(2) 
PARAMETRIC_REPRESENTATION_CONTEXT() REPRESENTATION_CONTEXT('2D SPACE',''
  ) );
#5855 = ORIENTED_EDGE('',*,*,#5856,.T.);
#5856 = EDGE_CURVE('',#5822,#5857,#5859,.T.);
#5857 = VERTEX_POINT('',#5858);
#5858 = CARTESIAN_POINT('',(935.,300.,494.));
#5859 = SURFACE_CURVE('',#5860,(#5864,#5871),.PCURVE_S1.);
#5860 = LINE('',#5861,#5862);
#5861 = CARTESIAN_POINT('',(935.,-300.,494.));
#5862 = VECTOR('',#5863,1.);
#5863 = DIRECTION('',(0.,1.,0.));
#5864 = PCURVE('',#5832,#5865);
#5865 = DEFINITIONAL_REPRESENTATION('',(#5866),#5870);
#5866 = LINE('',#5867,#5868);
#5867 = CARTESIAN_POINT('',(0.,0.));
#5868 = VECTOR('',#5869,1.);
#5869 = DIRECTION('',(0.,-1.));
#5870 = ( GEOMETRIC_REPRESENTATION_CONTEXT(2) 
PARAMETRIC_REPRESENTATION_CONTEXT() REPRESENTATION_CONTEXT('2D SPACE',''
  ) );
#5871 = PCURVE('',#5872,#5877);
#5872 = PLANE('',#5873);
#5873 = AXIS2_PLACEMENT_3D('',#5874,#5875,#5876);
#5874 = CARTESIAN_POINT('',(935.,-300.,494.));
#5875 = DIRECTION('',(0.,0.,1.));
#5876 = DIRECTION('',(1.,0.,0.));
#5877 = DEFINITIONAL_REPRESENTATION('',(#5878),#5882);
#5878 = LINE('',#5879,#5880);
#5879 = CARTESIAN_POINT('',(0.,0.));
#5880 = VECTOR('',#5881,1.);
#5881 = DIRECTION('',(0.,1.));
#5882 = ( GEOMETRIC_REPRESENTATION_CONTEXT(2) 
PARAMETRIC_REPRESENTATION_CONTEXT() REPRESENTATION_CONTEXT('2D SPACE',''
  ) );
#5883 = ORIENTED_EDGE('',*,*,#5884,.T.);
#5884 = EDGE_CURVE('',#5857,#5885,#5887,.T.);
#5885 = VERTEX_POINT('',#5886);
#5886 = CARTESIAN_POINT('',(935.,300.,506.));
#5887 = SURFACE_CURVE('',#5888,(#5892,#5899),.PCURVE_S1.);
#5888 = LINE('',#5889,#5890);
#5889 = CARTESIAN_POINT('',(935.,300.,494.));
#5890 = VECTOR('',#5891,1.);
#5891 = DIRECTION('',(0.,0.,1.));
#5892 = PCURVE('',#5832,#5893);
#5893 = DEFINITIONAL_REPRESENTATION('',(#5894),#5898);
#5894 = LINE('',#5895,#5896);
#5895 = CARTESIAN_POINT('',(0.,-600.));
#5896 = VECTOR('',#5897,1.);
#5897 = DIRECTION('',(1.,0.));
#5898 = ( GEOMETRIC_REPRESENTATION_CONTEXT(2) 
PARAMETRIC_REPRESENTATION_CONTEXT() REPRESENTATION_CONTEXT('2D SPACE',''
  ) );
#5899 = PCURVE('',#5900,#5905);
#5900 = PLANE('',#5901);
#5901 = AXIS2_PLACEMENT_3D('',#5902,#5903,#5904);
#5902 = CARTESIAN_POINT('',(935.,300.,494.));
#5903 = DIRECTION('',(1.,0.,0.));
#5904 = DIRECTION('',(0.,0.,1.));
#5905 = DEFINITIONAL_REPRESENTATION('',(#5906),#5910);
#5906 = LINE('',#5907,#5908);
#5907 = CARTESIAN_POINT('',(0.,0.));
#5908 = VECTOR('',#5909,1.);
#5909 = DIRECTION('',(1.,0.));
#5910 = ( GEOMETRIC_REPRESENTATION_CONTEXT(2) 
PARAMETRIC_REPRESENTATION_CONTEXT() REPRESENTATION_CONTEXT('2D SPACE',''
  ) );
#5911 = ORIENTED_EDGE('',*,*,#5912,.F.);
#5912 = EDGE_CURVE('',#5824,#5885,#5913,.T.);
#5913 = SURFACE_CURVE('',#5914,(#5918,#5925),.PCURVE_S1.);
#5914 = LINE('',#5915,#5916);
#5915 = CARTESIAN_POINT('',(935.,-300.,506.));
#5916 = VECTOR('',#5917,1.);
#5917 = DIRECTION('',(0.,1.,0.));
#5918 = PCURVE('',#5832,#5919);
#5919 = DEFINITIONAL_REPRESENTATION('',(#5920),#5924);
#5920 = LINE('',#5921,#5922);
#5921 = CARTESIAN_POINT('',(12.,0.));
#5922 = VECTOR('',#5923,1.);
#5923 = DIRECTION('',(0.,-1.));
#5924 = ( GEOMETRIC_REPRESENTATION_CONTEXT(2) 
PARAMETRIC_REPRESENTATION_CONTEXT() REPRESENTATION_CONTEXT('2D SPACE',''
  ) );
#5925 = PCURVE('',#5926,#5931);
#5926 = PLANE('',#5927);
#5927 = AXIS2_PLACEMENT_3D('',#5928,#5929,#5930);
#5928 = CARTESIAN_POINT('',(935.,-300.,506.));
#5929 = DIRECTION('',(0.,0.,1.));
#5930 = DIRECTION('',(1.,0.,0.));
#5931 = DEFINITIONAL_REPRESENTATION('',(#5932),#5936);
#5932 = LINE('',#5933,#5934);
#5933 = CARTESIAN_POINT('',(0.,0.));
#5934 = VECTOR('',#5935,1.);
#5935 = DIRECTION('',(0.,1.));
#5936 = ( GEOMETRIC_REPRESENTATION_CONTEXT(2) 
PARAMETRIC_REPRESENTATION_CONTEXT() REPRESENTATION_CONTEXT('2D SPACE',''
  ) );
#5937 = ADVANCED_FACE('',(#5938),#5844,.F.);
#5938 = FACE_BOUND('',#5939,.F.);
#5939 = EDGE_LOOP('',(#5940,#5970,#5996,#5997));
#5940 = ORIENTED_EDGE('',*,*,#5941,.F.);
#5941 = EDGE_CURVE('',#5942,#5944,#5946,.T.);
#5942 = VERTEX_POINT('',#5943);
#5943 = CARTESIAN_POINT('',(935.,-360.,494.));
#5944 = VERTEX_POINT('',#5945);
#5945 = CARTESIAN_POINT('',(935.,-360.,506.));
#5946 = SURFACE_CURVE('',#5947,(#5951,#5958),.PCURVE_S1.);
#5947 = LINE('',#5948,#5949);
#5948 = CARTESIAN_POINT('',(935.,-360.,494.));
#5949 = VECTOR('',#5950,1.);
#5950 = DIRECTION('',(0.,0.,1.));
#5951 = PCURVE('',#5844,#5952);
#5952 = DEFINITIONAL_REPRESENTATION('',(#5953),#5957);
#5953 = LINE('',#5954,#5955);
#5954 = CARTESIAN_POINT('',(0.,0.));
#5955 = VECTOR('',#5956,1.);
#5956 = DIRECTION('',(1.,0.));
#5957 = ( GEOMETRIC_REPRESENTATION_CONTEXT(2) 
PARAMETRIC_REPRESENTATION_CONTEXT() REPRESENTATION_CONTEXT('2D SPACE',''
  ) );
#5958 = PCURVE('',#5959,#5964);
#5959 = PLANE('',#5960);
#5960 = AXIS2_PLACEMENT_3D('',#5961,#5962,#5963);
#5961 = CARTESIAN_POINT('',(935.,-360.,494.));
#5962 = DIRECTION('',(0.,1.,0.));
#5963 = DIRECTION('',(0.,0.,1.));
#5964 = DEFINITIONAL_REPRESENTATION('',(#5965),#5969);
#5965 = LINE('',#5966,#5967);
#5966 = CARTESIAN_POINT('',(0.,0.));
#5967 = VECTOR('',#5968,1.);
#5968 = DIRECTION('',(1.,0.));
#5969 = ( GEOMETRIC_REPRESENTATION_CONTEXT(2) 
PARAMETRIC_REPRESENTATION_CONTEXT() REPRESENTATION_CONTEXT('2D SPACE',''
  ) );
#5970 = ORIENTED_EDGE('',*,*,#5971,.T.);
#5971 = EDGE_CURVE('',#5942,#5822,#5972,.T.);
#5972 = SURFACE_CURVE('',#5973,(#5977,#5984),.PCURVE_S1.);
#5973 = LINE('',#5974,#5975);
#5974 = CARTESIAN_POINT('',(935.,-360.,494.));
#5975 = VECTOR('',#5976,1.);
#5976 = DIRECTION('',(0.,1.,0.));
#5977 = PCURVE('',#5844,#5978);
#5978 = DEFINITIONAL_REPRESENTATION('',(#5979),#5983);
#5979 = LINE('',#5980,#5981);
#5980 = CARTESIAN_POINT('',(0.,0.));
#5981 = VECTOR('',#5982,1.);
#5982 = DIRECTION('',(0.,-1.));
#5983 = ( GEOMETRIC_REPRESENTATION_CONTEXT(2) 
PARAMETRIC_REPRESENTATION_CONTEXT() REPRESENTATION_CONTEXT('2D SPACE',''
  ) );
#5984 = PCURVE('',#5985,#5990);
#5985 = PLANE('',#5986);
#5986 = AXIS2_PLACEMENT_3D('',#5987,#5988,#5989);
#5987 = CARTESIAN_POINT('',(935.,-360.,494.));
#5988 = DIRECTION('',(0.,0.,1.));
#5989 = DIRECTION('',(1.,0.,0.));
#5990 = DEFINITIONAL_REPRESENTATION('',(#5991),#5995);
#5991 = LINE('',#5992,#5993);
#5992 = CARTESIAN_POINT('',(0.,0.));
#5993 = VECTOR('',#5994,1.);
#5994 = DIRECTION('',(0.,1.));
#5995 = ( GEOMETRIC_REPRESENTATION_CONTEXT(2) 
PARAMETRIC_REPRESENTATION_CONTEXT() REPRESENTATION_CONTEXT('2D SPACE',''
  ) );
#5996 = ORIENTED_EDGE('',*,*,#5821,.T.);
#5997 = ORIENTED_EDGE('',*,*,#5998,.F.);
#5998 = EDGE_CURVE('',#5944,#5824,#5999,.T.);
#5999 = SURFACE_CURVE('',#6000,(#6004,#6011),.PCURVE_S1.);
#6000 = LINE('',#6001,#6002);
#6001 = CARTESIAN_POINT('',(935.,-360.,506.));
#6002 = VECTOR('',#6003,1.);
#6003 = DIRECTION('',(0.,1.,0.));
#6004 = PCURVE('',#5844,#6005);
#6005 = DEFINITIONAL_REPRESENTATION('',(#6006),#6010);
#6006 = LINE('',#6007,#6008);
#6007 = CARTESIAN_POINT('',(12.,0.));
#6008 = VECTOR('',#6009,1.);
#6009 = DIRECTION('',(0.,-1.));
#6010 = ( GEOMETRIC_REPRESENTATION_CONTEXT(2) 
PARAMETRIC_REPRESENTATION_CONTEXT() REPRESENTATION_CONTEXT('2D SPACE',''
  ) );
#6011 = PCURVE('',#6012,#6017);
#6012 = PLANE('',#6013);
#6013 = AXIS2_PLACEMENT_3D('',#6014,#6015,#6016);
#6014 = CARTESIAN_POINT('',(935.,-360.,506.));
#6015 = DIRECTION('',(0.,0.,1.));
#6016 = DIRECTION('',(1.,0.,0.));
#6017 = DEFINITIONAL_REPRESENTATION('',(#6018),#6022);
#6018 = LINE('',#6019,#6020);
#6019 = CARTESIAN_POINT('',(0.,0.));
#6020 = VECTOR('',#6021,1.);
#6021 = DIRECTION('',(0.,1.));
#6022 = ( GEOMETRIC_REPRESENTATION_CONTEXT(2) 
PARAMETRIC_REPRESENTATION_CONTEXT() REPRESENTATION_CONTEXT('2D SPACE',''
  ) );
#6023 = ADVANCED_FACE('',(#6024,#6104,#6218,#6332,#6446),#5926,.T.);
#6024 = FACE_BOUND('',#6025,.T.);
#6025 = EDGE_LOOP('',(#6026,#6027,#6050,#6078));
#6026 = ORIENTED_EDGE('',*,*,#5912,.F.);
#6027 = ORIENTED_EDGE('',*,*,#6028,.T.);
#6028 = EDGE_CURVE('',#5824,#6029,#6031,.T.);
#6029 = VERTEX_POINT('',#6030);
#6030 = CARTESIAN_POINT('',(1.395E+03,-300.,506.));
#6031 = SURFACE_CURVE('',#6032,(#6036,#6043),.PCURVE_S1.);
#6032 = LINE('',#6033,#6034);
#6033 = CARTESIAN_POINT('',(935.,-300.,506.));
#6034 = VECTOR('',#6035,1.);
#6035 = DIRECTION('',(1.,0.,0.));
#6036 = PCURVE('',#5926,#6037);
#6037 = DEFINITIONAL_REPRESENTATION('',(#6038),#6042);
#6038 = LINE('',#6039,#6040);
#6039 = CARTESIAN_POINT('',(0.,0.));
#6040 = VECTOR('',#6041,1.);
#6041 = DIRECTION('',(1.,0.));
#6042 = ( GEOMETRIC_REPRESENTATION_CONTEXT(2) 
PARAMETRIC_REPRESENTATION_CONTEXT() REPRESENTATION_CONTEXT('2D SPACE',''
  ) );
#6043 = PCURVE('',#6012,#6044);
#6044 = DEFINITIONAL_REPRESENTATION('',(#6045),#6049);
#6045 = LINE('',#6046,#6047);
#6046 = CARTESIAN_POINT('',(0.,60.));
#6047 = VECTOR('',#6048,1.);
#6048 = DIRECTION('',(1.,0.));
#6049 = ( GEOMETRIC_REPRESENTATION_CONTEXT(2) 
PARAMETRIC_REPRESENTATION_CONTEXT() REPRESENTATION_CONTEXT('2D SPACE',''
  ) );
#6050 = ORIENTED_EDGE('',*,*,#6051,.T.);
#6051 = EDGE_CURVE('',#6029,#6052,#6054,.T.);
#6052 = VERTEX_POINT('',#6053);
#6053 = CARTESIAN_POINT('',(1.395E+03,300.,506.));
#6054 = SURFACE_CURVE('',#6055,(#6059,#6066),.PCURVE_S1.);
#6055 = LINE('',#6056,#6057);
#6056 = CARTESIAN_POINT('',(1.395E+03,-300.,506.));
#6057 = VECTOR('',#6058,1.);
#6058 = DIRECTION('',(0.,1.,0.));
#6059 = PCURVE('',#5926,#6060);
#6060 = DEFINITIONAL_REPRESENTATION('',(#6061),#6065);
#6061 = LINE('',#6062,#6063);
#6062 = CARTESIAN_POINT('',(460.,0.));
#6063 = VECTOR('',#6064,1.);
#6064 = DIRECTION('',(0.,1.));
#6065 = ( GEOMETRIC_REPRESENTATION_CONTEXT(2) 
PARAMETRIC_REPRESENTATION_CONTEXT() REPRESENTATION_CONTEXT('2D SPACE',''
  ) );
#6066 = PCURVE('',#6067,#6072);
#6067 = PLANE('',#6068);
#6068 = AXIS2_PLACEMENT_3D('',#6069,#6070,#6071);
#6069 = CARTESIAN_POINT('',(1.395E+03,-300.,494.));
#6070 = DIRECTION('',(1.,0.,0.));
#6071 = DIRECTION('',(0.,0.,1.));
#6072 = DEFINITIONAL_REPRESENTATION('',(#6073),#6077);
#6073 = LINE('',#6074,#6075);
#6074 = CARTESIAN_POINT('',(12.,0.));
#6075 = VECTOR('',#6076,1.);
#6076 = DIRECTION('',(0.,-1.));
#6077 = ( GEOMETRIC_REPRESENTATION_CONTEXT(2) 
PARAMETRIC_REPRESENTATION_CONTEXT() REPRESENTATION_CONTEXT('2D SPACE',''
  ) );
#6078 = ORIENTED_EDGE('',*,*,#6079,.F.);
#6079 = EDGE_CURVE('',#5885,#6052,#6080,.T.);
#6080 = SURFACE_CURVE('',#6081,(#6085,#6092),.PCURVE_S1.);
#6081 = LINE('',#6082,#6083);
#6082 = CARTESIAN_POINT('',(935.,300.,506.));
#6083 = VECTOR('',#6084,1.);
#6084 = DIRECTION('',(1.,0.,0.));
#6085 = PCURVE('',#5926,#6086);
#6086 = DEFINITIONAL_REPRESENTATION('',(#6087),#6091);
#6087 = LINE('',#6088,#6089);
#6088 = CARTESIAN_POINT('',(0.,600.));
#6089 = VECTOR('',#6090,1.);
#6090 = DIRECTION('',(1.,0.));
#6091 = ( GEOMETRIC_REPRESENTATION_CONTEXT(2) 
PARAMETRIC_REPRESENTATION_CONTEXT() REPRESENTATION_CONTEXT('2D SPACE',''
  ) );
#6092 = PCURVE('',#6093,#6098);
#6093 = PLANE('',#6094);
#6094 = AXIS2_PLACEMENT_3D('',#6095,#6096,#6097);
#6095 = CARTESIAN_POINT('',(935.,300.,506.));
#6096 = DIRECTION('',(0.,0.,1.));
#6097 = DIRECTION('',(1.,0.,0.));
#6098 = DEFINITIONAL_REPRESENTATION('',(#6099),#6103);
#6099 = LINE('',#6100,#6101);
#6100 = CARTESIAN_POINT('',(0.,0.));
#6101 = VECTOR('',#6102,1.);
#6102 = DIRECTION('',(1.,0.));
#6103 = ( GEOMETRIC_REPRESENTATION_CONTEXT(2) 
PARAMETRIC_REPRESENTATION_CONTEXT() REPRESENTATION_CONTEXT('2D SPACE',''
  ) );
#6104 = FACE_BOUND('',#6105,.T.);
#6105 = EDGE_LOOP('',(#6106,#6136,#6164,#6192));
#6106 = ORIENTED_EDGE('',*,*,#6107,.T.);
#6107 = EDGE_CURVE('',#6108,#6110,#6112,.T.);
#6108 = VERTEX_POINT('',#6109);
#6109 = CARTESIAN_POINT('',(1.345E+03,-234.,506.));
#6110 = VERTEX_POINT('',#6111);
#6111 = CARTESIAN_POINT('',(1.025E+03,-234.,506.));
#6112 = SURFACE_CURVE('',#6113,(#6117,#6124),.PCURVE_S1.);
#6113 = LINE('',#6114,#6115);
#6114 = CARTESIAN_POINT('',(980.,-234.,506.));
#6115 = VECTOR('',#6116,1.);
#6116 = DIRECTION('',(-1.,0.,0.));
#6117 = PCURVE('',#5926,#6118);
#6118 = DEFINITIONAL_REPRESENTATION('',(#6119),#6123);
#6119 = LINE('',#6120,#6121);
#6120 = CARTESIAN_POINT('',(45.,66.));
#6121 = VECTOR('',#6122,1.);
#6122 = DIRECTION('',(-1.,0.));
#6123 = ( GEOMETRIC_REPRESENTATION_CONTEXT(2) 
PARAMETRIC_REPRESENTATION_CONTEXT() REPRESENTATION_CONTEXT('2D SPACE',''
  ) );
#6124 = PCURVE('',#6125,#6130);
#6125 = PLANE('',#6126);
#6126 = AXIS2_PLACEMENT_3D('',#6127,#6128,#6129);
#6127 = CARTESIAN_POINT('',(1.025E+03,-234.,491.));
#6128 = DIRECTION('',(0.,1.,0.));
#6129 = DIRECTION('',(0.,0.,1.));
#6130 = DEFINITIONAL_REPRESENTATION('',(#6131),#6135);
#6131 = LINE('',#6132,#6133);
#6132 = CARTESIAN_POINT('',(15.,-45.));
#6133 = VECTOR('',#6134,1.);
#6134 = DIRECTION('',(0.,-1.));
#6135 = ( GEOMETRIC_REPRESENTATION_CONTEXT(2) 
PARAMETRIC_REPRESENTATION_CONTEXT() REPRESENTATION_CONTEXT('2D SPACE',''
  ) );
#6136 = ORIENTED_EDGE('',*,*,#6137,.T.);
#6137 = EDGE_CURVE('',#6110,#6138,#6140,.T.);
#6138 = VERTEX_POINT('',#6139);
#6139 = CARTESIAN_POINT('',(1.025E+03,-206.,506.));
#6140 = SURFACE_CURVE('',#6141,(#6145,#6152),.PCURVE_S1.);
#6141 = LINE('',#6142,#6143);
#6142 = CARTESIAN_POINT('',(1.025E+03,-267.,506.));
#6143 = VECTOR('',#6144,1.);
#6144 = DIRECTION('',(0.,1.,0.));
#6145 = PCURVE('',#5926,#6146);
#6146 = DEFINITIONAL_REPRESENTATION('',(#6147),#6151);
#6147 = LINE('',#6148,#6149);
#6148 = CARTESIAN_POINT('',(90.,33.));
#6149 = VECTOR('',#6150,1.);
#6150 = DIRECTION('',(0.,1.));
#6151 = ( GEOMETRIC_REPRESENTATION_CONTEXT(2) 
PARAMETRIC_REPRESENTATION_CONTEXT() REPRESENTATION_CONTEXT('2D SPACE',''
  ) );
#6152 = PCURVE('',#6153,#6158);
#6153 = PLANE('',#6154);
#6154 = AXIS2_PLACEMENT_3D('',#6155,#6156,#6157);
#6155 = CARTESIAN_POINT('',(1.025E+03,-234.,491.));
#6156 = DIRECTION('',(1.,0.,0.));
#6157 = DIRECTION('',(0.,0.,1.));
#6158 = DEFINITIONAL_REPRESENTATION('',(#6159),#6163);
#6159 = LINE('',#6160,#6161);
#6160 = CARTESIAN_POINT('',(15.,33.));
#6161 = VECTOR('',#6162,1.);
#6162 = DIRECTION('',(0.,-1.));
#6163 = ( GEOMETRIC_REPRESENTATION_CONTEXT(2) 
PARAMETRIC_REPRESENTATION_CONTEXT() REPRESENTATION_CONTEXT('2D SPACE',''
  ) );
#6164 = ORIENTED_EDGE('',*,*,#6165,.F.);
#6165 = EDGE_CURVE('',#6166,#6138,#6168,.T.);
#6166 = VERTEX_POINT('',#6167);
#6167 = CARTESIAN_POINT('',(1.345E+03,-206.,506.));
#6168 = SURFACE_CURVE('',#6169,(#6173,#6180),.PCURVE_S1.);
#6169 = LINE('',#6170,#6171);
#6170 = CARTESIAN_POINT('',(980.,-206.,506.));
#6171 = VECTOR('',#6172,1.);
#6172 = DIRECTION('',(-1.,0.,0.));
#6173 = PCURVE('',#5926,#6174);
#6174 = DEFINITIONAL_REPRESENTATION('',(#6175),#6179);
#6175 = LINE('',#6176,#6177);
#6176 = CARTESIAN_POINT('',(45.,94.));
#6177 = VECTOR('',#6178,1.);
#6178 = DIRECTION('',(-1.,0.));
#6179 = ( GEOMETRIC_REPRESENTATION_CONTEXT(2) 
PARAMETRIC_REPRESENTATION_CONTEXT() REPRESENTATION_CONTEXT('2D SPACE',''
  ) );
#6180 = PCURVE('',#6181,#6186);
#6181 = PLANE('',#6182);
#6182 = AXIS2_PLACEMENT_3D('',#6183,#6184,#6185);
#6183 = CARTESIAN_POINT('',(1.025E+03,-206.,491.));
#6184 = DIRECTION('',(0.,1.,0.));
#6185 = DIRECTION('',(0.,0.,1.));
#6186 = DEFINITIONAL_REPRESENTATION('',(#6187),#6191);
#6187 = LINE('',#6188,#6189);
#6188 = CARTESIAN_POINT('',(15.,-45.));
#6189 = VECTOR('',#6190,1.);
#6190 = DIRECTION('',(0.,-1.));
#6191 = ( GEOMETRIC_REPRESENTATION_CONTEXT(2) 
PARAMETRIC_REPRESENTATION_CONTEXT() REPRESENTATION_CONTEXT('2D SPACE',''
  ) );
#6192 = ORIENTED_EDGE('',*,*,#6193,.F.);
#6193 = EDGE_CURVE('',#6108,#6166,#6194,.T.);
#6194 = SURFACE_CURVE('',#6195,(#6199,#6206),.PCURVE_S1.);
#6195 = LINE('',#6196,#6197);
#6196 = CARTESIAN_POINT('',(1.345E+03,-267.,506.));
#6197 = VECTOR('',#6198,1.);
#6198 = DIRECTION('',(0.,1.,0.));
#6199 = PCURVE('',#5926,#6200);
#6200 = DEFINITIONAL_REPRESENTATION('',(#6201),#6205);
#6201 = LINE('',#6202,#6203);
#6202 = CARTESIAN_POINT('',(410.,33.));
#6203 = VECTOR('',#6204,1.);
#6204 = DIRECTION('',(0.,1.));
#6205 = ( GEOMETRIC_REPRESENTATION_CONTEXT(2) 
PARAMETRIC_REPRESENTATION_CONTEXT() REPRESENTATION_CONTEXT('2D SPACE',''
  ) );
#6206 = PCURVE('',#6207,#6212);
#6207 = PLANE('',#6208);
#6208 = AXIS2_PLACEMENT_3D('',#6209,#6210,#6211);
#6209 = CARTESIAN_POINT('',(1.345E+03,-234.,491.));
#6210 = DIRECTION('',(1.,0.,0.));
#6211 = DIRECTION('',(0.,0.,1.));
#6212 = DEFINITIONAL_REPRESENTATION('',(#6213),#6217);
#6213 = LINE('',#6214,#6215);
#6214 = CARTESIAN_POINT('',(15.,33.));
#6215 = VECTOR('',#6216,1.);
#6216 = DIRECTION('',(0.,-1.));
#6217 = ( GEOMETRIC_REPRESENTATION_CONTEXT(2) 
PARAMETRIC_REPRESENTATION_CONTEXT() REPRESENTATION_CONTEXT('2D SPACE',''
  ) );
#6218 = FACE_BOUND('',#6219,.T.);
#6219 = EDGE_LOOP('',(#6220,#6250,#6278,#6306));
#6220 = ORIENTED_EDGE('',*,*,#6221,.T.);
#6221 = EDGE_CURVE('',#6222,#6224,#6226,.T.);
#6222 = VERTEX_POINT('',#6223);
#6223 = CARTESIAN_POINT('',(1.345E+03,-184.,506.));
#6224 = VERTEX_POINT('',#6225);
#6225 = CARTESIAN_POINT('',(1.025E+03,-184.,506.));
#6226 = SURFACE_CURVE('',#6227,(#6231,#6238),.PCURVE_S1.);
#6227 = LINE('',#6228,#6229);
#6228 = CARTESIAN_POINT('',(980.,-184.,506.));
#6229 = VECTOR('',#6230,1.);
#6230 = DIRECTION('',(-1.,0.,0.));
#6231 = PCURVE('',#5926,#6232);
#6232 = DEFINITIONAL_REPRESENTATION('',(#6233),#6237);
#6233 = LINE('',#6234,#6235);
#6234 = CARTESIAN_POINT('',(45.,116.));
#6235 = VECTOR('',#6236,1.);
#6236 = DIRECTION('',(-1.,0.));
#6237 = ( GEOMETRIC_REPRESENTATION_CONTEXT(2) 
PARAMETRIC_REPRESENTATION_CONTEXT() REPRESENTATION_CONTEXT('2D SPACE',''
  ) );
#6238 = PCURVE('',#6239,#6244);
#6239 = PLANE('',#6240);
#6240 = AXIS2_PLACEMENT_3D('',#6241,#6242,#6243);
#6241 = CARTESIAN_POINT('',(1.025E+03,-184.,491.));
#6242 = DIRECTION('',(0.,1.,0.));
#6243 = DIRECTION('',(0.,0.,1.));
#6244 = DEFINITIONAL_REPRESENTATION('',(#6245),#6249);
#6245 = LINE('',#6246,#6247);
#6246 = CARTESIAN_POINT('',(15.,-45.));
#6247 = VECTOR('',#6248,1.);
#6248 = DIRECTION('',(0.,-1.));
#6249 = ( GEOMETRIC_REPRESENTATION_CONTEXT(2) 
PARAMETRIC_REPRESENTATION_CONTEXT() REPRESENTATION_CONTEXT('2D SPACE',''
  ) );
#6250 = ORIENTED_EDGE('',*,*,#6251,.T.);
#6251 = EDGE_CURVE('',#6224,#6252,#6254,.T.);
#6252 = VERTEX_POINT('',#6253);
#6253 = CARTESIAN_POINT('',(1.025E+03,-156.,506.));
#6254 = SURFACE_CURVE('',#6255,(#6259,#6266),.PCURVE_S1.);
#6255 = LINE('',#6256,#6257);
#6256 = CARTESIAN_POINT('',(1.025E+03,-242.,506.));
#6257 = VECTOR('',#6258,1.);
#6258 = DIRECTION('',(0.,1.,0.));
#6259 = PCURVE('',#5926,#6260);
#6260 = DEFINITIONAL_REPRESENTATION('',(#6261),#6265);
#6261 = LINE('',#6262,#6263);
#6262 = CARTESIAN_POINT('',(90.,58.));
#6263 = VECTOR('',#6264,1.);
#6264 = DIRECTION('',(0.,1.));
#6265 = ( GEOMETRIC_REPRESENTATION_CONTEXT(2) 
PARAMETRIC_REPRESENTATION_CONTEXT() REPRESENTATION_CONTEXT('2D SPACE',''
  ) );
#6266 = PCURVE('',#6267,#6272);
#6267 = PLANE('',#6268);
#6268 = AXIS2_PLACEMENT_3D('',#6269,#6270,#6271);
#6269 = CARTESIAN_POINT('',(1.025E+03,-184.,491.));
#6270 = DIRECTION('',(1.,0.,0.));
#6271 = DIRECTION('',(0.,0.,1.));
#6272 = DEFINITIONAL_REPRESENTATION('',(#6273),#6277);
#6273 = LINE('',#6274,#6275);
#6274 = CARTESIAN_POINT('',(15.,58.));
#6275 = VECTOR('',#6276,1.);
#6276 = DIRECTION('',(0.,-1.));
#6277 = ( GEOMETRIC_REPRESENTATION_CONTEXT(2) 
PARAMETRIC_REPRESENTATION_CONTEXT() REPRESENTATION_CONTEXT('2D SPACE',''
  ) );
#6278 = ORIENTED_EDGE('',*,*,#6279,.F.);
#6279 = EDGE_CURVE('',#6280,#6252,#6282,.T.);
#6280 = VERTEX_POINT('',#6281);
#6281 = CARTESIAN_POINT('',(1.345E+03,-156.,506.));
#6282 = SURFACE_CURVE('',#6283,(#6287,#6294),.PCURVE_S1.);
#6283 = LINE('',#6284,#6285);
#6284 = CARTESIAN_POINT('',(980.,-156.,506.));
#6285 = VECTOR('',#6286,1.);
#6286 = DIRECTION('',(-1.,0.,0.));
#6287 = PCURVE('',#5926,#6288);
#6288 = DEFINITIONAL_REPRESENTATION('',(#6289),#6293);
#6289 = LINE('',#6290,#6291);
#6290 = CARTESIAN_POINT('',(45.,144.));
#6291 = VECTOR('',#6292,1.);
#6292 = DIRECTION('',(-1.,0.));
#6293 = ( GEOMETRIC_REPRESENTATION_CONTEXT(2) 
PARAMETRIC_REPRESENTATION_CONTEXT() REPRESENTATION_CONTEXT('2D SPACE',''
  ) );
#6294 = PCURVE('',#6295,#6300);
#6295 = PLANE('',#6296);
#6296 = AXIS2_PLACEMENT_3D('',#6297,#6298,#6299);
#6297 = CARTESIAN_POINT('',(1.025E+03,-156.,491.));
#6298 = DIRECTION('',(0.,1.,0.));
#6299 = DIRECTION('',(0.,0.,1.));
#6300 = DEFINITIONAL_REPRESENTATION('',(#6301),#6305);
#6301 = LINE('',#6302,#6303);
#6302 = CARTESIAN_POINT('',(15.,-45.));
#6303 = VECTOR('',#6304,1.);
#6304 = DIRECTION('',(0.,-1.));
#6305 = ( GEOMETRIC_REPRESENTATION_CONTEXT(2) 
PARAMETRIC_REPRESENTATION_CONTEXT() REPRESENTATION_CONTEXT('2D SPACE',''
  ) );
#6306 = ORIENTED_EDGE('',*,*,#6307,.F.);
#6307 = EDGE_CURVE('',#6222,#6280,#6308,.T.);
#6308 = SURFACE_CURVE('',#6309,(#6313,#6320),.PCURVE_S1.);
#6309 = LINE('',#6310,#6311);
#6310 = CARTESIAN_POINT('',(1.345E+03,-242.,506.));
#6311 = VECTOR('',#6312,1.);
#6312 = DIRECTION('',(0.,1.,0.));
#6313 = PCURVE('',#5926,#6314);
#6314 = DEFINITIONAL_REPRESENTATION('',(#6315),#6319);
#6315 = LINE('',#6316,#6317);
#6316 = CARTESIAN_POINT('',(410.,58.));
#6317 = VECTOR('',#6318,1.);
#6318 = DIRECTION('',(0.,1.));
#6319 = ( GEOMETRIC_REPRESENTATION_CONTEXT(2) 
PARAMETRIC_REPRESENTATION_CONTEXT() REPRESENTATION_CONTEXT('2D SPACE',''
  ) );
#6320 = PCURVE('',#6321,#6326);
#6321 = PLANE('',#6322);
#6322 = AXIS2_PLACEMENT_3D('',#6323,#6324,#6325);
#6323 = CARTESIAN_POINT('',(1.345E+03,-184.,491.));
#6324 = DIRECTION('',(1.,0.,0.));
#6325 = DIRECTION('',(0.,0.,1.));
#6326 = DEFINITIONAL_REPRESENTATION('',(#6327),#6331);
#6327 = LINE('',#6328,#6329);
#6328 = CARTESIAN_POINT('',(15.,58.));
#6329 = VECTOR('',#6330,1.);
#6330 = DIRECTION('',(0.,-1.));
#6331 = ( GEOMETRIC_REPRESENTATION_CONTEXT(2) 
PARAMETRIC_REPRESENTATION_CONTEXT() REPRESENTATION_CONTEXT('2D SPACE',''
  ) );
#6332 = FACE_BOUND('',#6333,.T.);
#6333 = EDGE_LOOP('',(#6334,#6364,#6392,#6420));
#6334 = ORIENTED_EDGE('',*,*,#6335,.T.);
#6335 = EDGE_CURVE('',#6336,#6338,#6340,.T.);
#6336 = VERTEX_POINT('',#6337);
#6337 = CARTESIAN_POINT('',(1.345E+03,156.,506.));
#6338 = VERTEX_POINT('',#6339);
#6339 = CARTESIAN_POINT('',(1.025E+03,156.,506.));
#6340 = SURFACE_CURVE('',#6341,(#6345,#6352),.PCURVE_S1.);
#6341 = LINE('',#6342,#6343);
#6342 = CARTESIAN_POINT('',(980.,156.,506.));
#6343 = VECTOR('',#6344,1.);
#6344 = DIRECTION('',(-1.,0.,0.));
#6345 = PCURVE('',#5926,#6346);
#6346 = DEFINITIONAL_REPRESENTATION('',(#6347),#6351);
#6347 = LINE('',#6348,#6349);
#6348 = CARTESIAN_POINT('',(45.,456.));
#6349 = VECTOR('',#6350,1.);
#6350 = DIRECTION('',(-1.,0.));
#6351 = ( GEOMETRIC_REPRESENTATION_CONTEXT(2) 
PARAMETRIC_REPRESENTATION_CONTEXT() REPRESENTATION_CONTEXT('2D SPACE',''
  ) );
#6352 = PCURVE('',#6353,#6358);
#6353 = PLANE('',#6354);
#6354 = AXIS2_PLACEMENT_3D('',#6355,#6356,#6357);
#6355 = CARTESIAN_POINT('',(1.025E+03,156.,491.));
#6356 = DIRECTION('',(0.,1.,0.));
#6357 = DIRECTION('',(0.,0.,1.));
#6358 = DEFINITIONAL_REPRESENTATION('',(#6359),#6363);
#6359 = LINE('',#6360,#6361);
#6360 = CARTESIAN_POINT('',(15.,-45.));
#6361 = VECTOR('',#6362,1.);
#6362 = DIRECTION('',(0.,-1.));
#6363 = ( GEOMETRIC_REPRESENTATION_CONTEXT(2) 
PARAMETRIC_REPRESENTATION_CONTEXT() REPRESENTATION_CONTEXT('2D SPACE',''
  ) );
#6364 = ORIENTED_EDGE('',*,*,#6365,.T.);
#6365 = EDGE_CURVE('',#6338,#6366,#6368,.T.);
#6366 = VERTEX_POINT('',#6367);
#6367 = CARTESIAN_POINT('',(1.025E+03,184.,506.));
#6368 = SURFACE_CURVE('',#6369,(#6373,#6380),.PCURVE_S1.);
#6369 = LINE('',#6370,#6371);
#6370 = CARTESIAN_POINT('',(1.025E+03,-72.,506.));
#6371 = VECTOR('',#6372,1.);
#6372 = DIRECTION('',(0.,1.,0.));
#6373 = PCURVE('',#5926,#6374);
#6374 = DEFINITIONAL_REPRESENTATION('',(#6375),#6379);
#6375 = LINE('',#6376,#6377);
#6376 = CARTESIAN_POINT('',(90.,228.));
#6377 = VECTOR('',#6378,1.);
#6378 = DIRECTION('',(0.,1.));
#6379 = ( GEOMETRIC_REPRESENTATION_CONTEXT(2) 
PARAMETRIC_REPRESENTATION_CONTEXT() REPRESENTATION_CONTEXT('2D SPACE',''
  ) );
#6380 = PCURVE('',#6381,#6386);
#6381 = PLANE('',#6382);
#6382 = AXIS2_PLACEMENT_3D('',#6383,#6384,#6385);
#6383 = CARTESIAN_POINT('',(1.025E+03,156.,491.));
#6384 = DIRECTION('',(1.,0.,0.));
#6385 = DIRECTION('',(0.,0.,1.));
#6386 = DEFINITIONAL_REPRESENTATION('',(#6387),#6391);
#6387 = LINE('',#6388,#6389);
#6388 = CARTESIAN_POINT('',(15.,228.));
#6389 = VECTOR('',#6390,1.);
#6390 = DIRECTION('',(0.,-1.));
#6391 = ( GEOMETRIC_REPRESENTATION_CONTEXT(2) 
PARAMETRIC_REPRESENTATION_CONTEXT() REPRESENTATION_CONTEXT('2D SPACE',''
  ) );
#6392 = ORIENTED_EDGE('',*,*,#6393,.F.);
#6393 = EDGE_CURVE('',#6394,#6366,#6396,.T.);
#6394 = VERTEX_POINT('',#6395);
#6395 = CARTESIAN_POINT('',(1.345E+03,184.,506.));
#6396 = SURFACE_CURVE('',#6397,(#6401,#6408),.PCURVE_S1.);
#6397 = LINE('',#6398,#6399);
#6398 = CARTESIAN_POINT('',(980.,184.,506.));
#6399 = VECTOR('',#6400,1.);
#6400 = DIRECTION('',(-1.,0.,0.));
#6401 = PCURVE('',#5926,#6402);
#6402 = DEFINITIONAL_REPRESENTATION('',(#6403),#6407);
#6403 = LINE('',#6404,#6405);
#6404 = CARTESIAN_POINT('',(45.,484.));
#6405 = VECTOR('',#6406,1.);
#6406 = DIRECTION('',(-1.,0.));
#6407 = ( GEOMETRIC_REPRESENTATION_CONTEXT(2) 
PARAMETRIC_REPRESENTATION_CONTEXT() REPRESENTATION_CONTEXT('2D SPACE',''
  ) );
#6408 = PCURVE('',#6409,#6414);
#6409 = PLANE('',#6410);
#6410 = AXIS2_PLACEMENT_3D('',#6411,#6412,#6413);
#6411 = CARTESIAN_POINT('',(1.025E+03,184.,491.));
#6412 = DIRECTION('',(0.,1.,0.));
#6413 = DIRECTION('',(0.,0.,1.));
#6414 = DEFINITIONAL_REPRESENTATION('',(#6415),#6419);
#6415 = LINE('',#6416,#6417);
#6416 = CARTESIAN_POINT('',(15.,-45.));
#6417 = VECTOR('',#6418,1.);
#6418 = DIRECTION('',(0.,-1.));
#6419 = ( GEOMETRIC_REPRESENTATION_CONTEXT(2) 
PARAMETRIC_REPRESENTATION_CONTEXT() REPRESENTATION_CONTEXT('2D SPACE',''
  ) );
#6420 = ORIENTED_EDGE('',*,*,#6421,.F.);
#6421 = EDGE_CURVE('',#6336,#6394,#6422,.T.);
#6422 = SURFACE_CURVE('',#6423,(#6427,#6434),.PCURVE_S1.);
#6423 = LINE('',#6424,#6425);
#6424 = CARTESIAN_POINT('',(1.345E+03,-72.,506.));
#6425 = VECTOR('',#6426,1.);
#6426 = DIRECTION('',(0.,1.,0.));
#6427 = PCURVE('',#5926,#6428);
#6428 = DEFINITIONAL_REPRESENTATION('',(#6429),#6433);
#6429 = LINE('',#6430,#6431);
#6430 = CARTESIAN_POINT('',(410.,228.));
#6431 = VECTOR('',#6432,1.);
#6432 = DIRECTION('',(0.,1.));
#6433 = ( GEOMETRIC_REPRESENTATION_CONTEXT(2) 
PARAMETRIC_REPRESENTATION_CONTEXT() REPRESENTATION_CONTEXT('2D SPACE',''
  ) );
#6434 = PCURVE('',#6435,#6440);
#6435 = PLANE('',#6436);
#6436 = AXIS2_PLACEMENT_3D('',#6437,#6438,#6439);
#6437 = CARTESIAN_POINT('',(1.345E+03,156.,491.));
#6438 = DIRECTION('',(1.,0.,0.));
#6439 = DIRECTION('',(0.,0.,1.));
#6440 = DEFINITIONAL_REPRESENTATION('',(#6441),#6445);
#6441 = LINE('',#6442,#6443);
#6442 = CARTESIAN_POINT('',(15.,228.));
#6443 = VECTOR('',#6444,1.);
#6444 = DIRECTION('',(0.,-1.));
#6445 = ( GEOMETRIC_REPRESENTATION_CONTEXT(2) 
PARAMETRIC_REPRESENTATION_CONTEXT() REPRESENTATION_CONTEXT('2D SPACE',''
  ) );
#6446 = FACE_BOUND('',#6447,.T.);
#6447 = EDGE_LOOP('',(#6448,#6478,#6506,#6534));
#6448 = ORIENTED_EDGE('',*,*,#6449,.T.);
#6449 = EDGE_CURVE('',#6450,#6452,#6454,.T.);
#6450 = VERTEX_POINT('',#6451);
#6451 = CARTESIAN_POINT('',(1.345E+03,206.,506.));
#6452 = VERTEX_POINT('',#6453);
#6453 = CARTESIAN_POINT('',(1.025E+03,206.,506.));
#6454 = SURFACE_CURVE('',#6455,(#6459,#6466),.PCURVE_S1.);
#6455 = LINE('',#6456,#6457);
#6456 = CARTESIAN_POINT('',(980.,206.,506.));
#6457 = VECTOR('',#6458,1.);
#6458 = DIRECTION('',(-1.,0.,0.));
#6459 = PCURVE('',#5926,#6460);
#6460 = DEFINITIONAL_REPRESENTATION('',(#6461),#6465);
#6461 = LINE('',#6462,#6463);
#6462 = CARTESIAN_POINT('',(45.,506.));
#6463 = VECTOR('',#6464,1.);
#6464 = DIRECTION('',(-1.,0.));
#6465 = ( GEOMETRIC_REPRESENTATION_CONTEXT(2) 
PARAMETRIC_REPRESENTATION_CONTEXT() REPRESENTATION_CONTEXT('2D SPACE',''
  ) );
#6466 = PCURVE('',#6467,#6472);
#6467 = PLANE('',#6468);
#6468 = AXIS2_PLACEMENT_3D('',#6469,#6470,#6471);
#6469 = CARTESIAN_POINT('',(1.025E+03,206.,491.));
#6470 = DIRECTION('',(0.,1.,0.));
#6471 = DIRECTION('',(0.,0.,1.));
#6472 = DEFINITIONAL_REPRESENTATION('',(#6473),#6477);
#6473 = LINE('',#6474,#6475);
#6474 = CARTESIAN_POINT('',(15.,-45.));
#6475 = VECTOR('',#6476,1.);
#6476 = DIRECTION('',(0.,-1.));
#6477 = ( GEOMETRIC_REPRESENTATION_CONTEXT(2) 
PARAMETRIC_REPRESENTATION_CONTEXT() REPRESENTATION_CONTEXT('2D SPACE',''
  ) );
#6478 = ORIENTED_EDGE('',*,*,#6479,.T.);
#6479 = EDGE_CURVE('',#6452,#6480,#6482,.T.);
#6480 = VERTEX_POINT('',#6481);
#6481 = CARTESIAN_POINT('',(1.025E+03,234.,506.));
#6482 = SURFACE_CURVE('',#6483,(#6487,#6494),.PCURVE_S1.);
#6483 = LINE('',#6484,#6485);
#6484 = CARTESIAN_POINT('',(1.025E+03,-47.,506.));
#6485 = VECTOR('',#6486,1.);
#6486 = DIRECTION('',(0.,1.,0.));
#6487 = PCURVE('',#5926,#6488);
#6488 = DEFINITIONAL_REPRESENTATION('',(#6489),#6493);
#6489 = LINE('',#6490,#6491);
#6490 = CARTESIAN_POINT('',(90.,253.));
#6491 = VECTOR('',#6492,1.);
#6492 = DIRECTION('',(0.,1.));
#6493 = ( GEOMETRIC_REPRESENTATION_CONTEXT(2) 
PARAMETRIC_REPRESENTATION_CONTEXT() REPRESENTATION_CONTEXT('2D SPACE',''
  ) );
#6494 = PCURVE('',#6495,#6500);
#6495 = PLANE('',#6496);
#6496 = AXIS2_PLACEMENT_3D('',#6497,#6498,#6499);
#6497 = CARTESIAN_POINT('',(1.025E+03,206.,491.));
#6498 = DIRECTION('',(1.,0.,0.));
#6499 = DIRECTION('',(0.,0.,1.));
#6500 = DEFINITIONAL_REPRESENTATION('',(#6501),#6505);
#6501 = LINE('',#6502,#6503);
#6502 = CARTESIAN_POINT('',(15.,253.));
#6503 = VECTOR('',#6504,1.);
#6504 = DIRECTION('',(0.,-1.));
#6505 = ( GEOMETRIC_REPRESENTATION_CONTEXT(2) 
PARAMETRIC_REPRESENTATION_CONTEXT() REPRESENTATION_CONTEXT('2D SPACE',''
  ) );
#6506 = ORIENTED_EDGE('',*,*,#6507,.F.);
#6507 = EDGE_CURVE('',#6508,#6480,#6510,.T.);
#6508 = VERTEX_POINT('',#6509);
#6509 = CARTESIAN_POINT('',(1.345E+03,234.,506.));
#6510 = SURFACE_CURVE('',#6511,(#6515,#6522),.PCURVE_S1.);
#6511 = LINE('',#6512,#6513);
#6512 = CARTESIAN_POINT('',(980.,234.,506.));
#6513 = VECTOR('',#6514,1.);
#6514 = DIRECTION('',(-1.,0.,0.));
#6515 = PCURVE('',#5926,#6516);
#6516 = DEFINITIONAL_REPRESENTATION('',(#6517),#6521);
#6517 = LINE('',#6518,#6519);
#6518 = CARTESIAN_POINT('',(45.,534.));
#6519 = VECTOR('',#6520,1.);
#6520 = DIRECTION('',(-1.,0.));
#6521 = ( GEOMETRIC_REPRESENTATION_CONTEXT(2) 
PARAMETRIC_REPRESENTATION_CONTEXT() REPRESENTATION_CONTEXT('2D SPACE',''
  ) );
#6522 = PCURVE('',#6523,#6528);
#6523 = PLANE('',#6524);
#6524 = AXIS2_PLACEMENT_3D('',#6525,#6526,#6527);
#6525 = CARTESIAN_POINT('',(1.025E+03,234.,491.));
#6526 = DIRECTION('',(0.,1.,0.));
#6527 = DIRECTION('',(0.,0.,1.));
#6528 = DEFINITIONAL_REPRESENTATION('',(#6529),#6533);
#6529 = LINE('',#6530,#6531);
#6530 = CARTESIAN_POINT('',(15.,-45.));
#6531 = VECTOR('',#6532,1.);
#6532 = DIRECTION('',(0.,-1.));
#6533 = ( GEOMETRIC_REPRESENTATION_CONTEXT(2) 
PARAMETRIC_REPRESENTATION_CONTEXT() REPRESENTATION_CONTEXT('2D SPACE',''
  ) );
#6534 = ORIENTED_EDGE('',*,*,#6535,.F.);
#6535 = EDGE_CURVE('',#6450,#6508,#6536,.T.);
#6536 = SURFACE_CURVE('',#6537,(#6541,#6548),.PCURVE_S1.);
#6537 = LINE('',#6538,#6539);
#6538 = CARTESIAN_POINT('',(1.345E+03,-47.,506.));
#6539 = VECTOR('',#6540,1.);
#6540 = DIRECTION('',(0.,1.,0.));
#6541 = PCURVE('',#5926,#6542);
#6542 = DEFINITIONAL_REPRESENTATION('',(#6543),#6547);
#6543 = LINE('',#6544,#6545);
#6544 = CARTESIAN_POINT('',(410.,253.));
#6545 = VECTOR('',#6546,1.);
#6546 = DIRECTION('',(0.,1.));
#6547 = ( GEOMETRIC_REPRESENTATION_CONTEXT(2) 
PARAMETRIC_REPRESENTATION_CONTEXT() REPRESENTATION_CONTEXT('2D SPACE',''
  ) );
#6548 = PCURVE('',#6549,#6554);
#6549 = PLANE('',#6550);
#6550 = AXIS2_PLACEMENT_3D('',#6551,#6552,#6553);
#6551 = CARTESIAN_POINT('',(1.345E+03,206.,491.));
#6552 = DIRECTION('',(1.,0.,0.));
#6553 = DIRECTION('',(0.,0.,1.));
#6554 = DEFINITIONAL_REPRESENTATION('',(#6555),#6559);
#6555 = LINE('',#6556,#6557);
#6556 = CARTESIAN_POINT('',(15.,253.));
#6557 = VECTOR('',#6558,1.);
#6558 = DIRECTION('',(0.,-1.));
#6559 = ( GEOMETRIC_REPRESENTATION_CONTEXT(2) 
PARAMETRIC_REPRESENTATION_CONTEXT() REPRESENTATION_CONTEXT('2D SPACE',''
  ) );
#6560 = ADVANCED_FACE('',(#6561),#5900,.F.);
#6561 = FACE_BOUND('',#6562,.F.);
#6562 = EDGE_LOOP('',(#6563,#6564,#6592,#6620));
#6563 = ORIENTED_EDGE('',*,*,#5884,.F.);
#6564 = ORIENTED_EDGE('',*,*,#6565,.T.);
#6565 = EDGE_CURVE('',#5857,#6566,#6568,.T.);
#6566 = VERTEX_POINT('',#6567);
#6567 = CARTESIAN_POINT('',(935.,360.,494.));
#6568 = SURFACE_CURVE('',#6569,(#6573,#6580),.PCURVE_S1.);
#6569 = LINE('',#6570,#6571);
#6570 = CARTESIAN_POINT('',(935.,300.,494.));
#6571 = VECTOR('',#6572,1.);
#6572 = DIRECTION('',(0.,1.,0.));
#6573 = PCURVE('',#5900,#6574);
#6574 = DEFINITIONAL_REPRESENTATION('',(#6575),#6579);
#6575 = LINE('',#6576,#6577);
#6576 = CARTESIAN_POINT('',(0.,0.));
#6577 = VECTOR('',#6578,1.);
#6578 = DIRECTION('',(0.,-1.));
#6579 = ( GEOMETRIC_REPRESENTATION_CONTEXT(2) 
PARAMETRIC_REPRESENTATION_CONTEXT() REPRESENTATION_CONTEXT('2D SPACE',''
  ) );
#6580 = PCURVE('',#6581,#6586);
#6581 = PLANE('',#6582);
#6582 = AXIS2_PLACEMENT_3D('',#6583,#6584,#6585);
#6583 = CARTESIAN_POINT('',(935.,300.,494.));
#6584 = DIRECTION('',(0.,0.,1.));
#6585 = DIRECTION('',(1.,0.,0.));
#6586 = DEFINITIONAL_REPRESENTATION('',(#6587),#6591);
#6587 = LINE('',#6588,#6589);
#6588 = CARTESIAN_POINT('',(0.,0.));
#6589 = VECTOR('',#6590,1.);
#6590 = DIRECTION('',(0.,1.));
#6591 = ( GEOMETRIC_REPRESENTATION_CONTEXT(2) 
PARAMETRIC_REPRESENTATION_CONTEXT() REPRESENTATION_CONTEXT('2D SPACE',''
  ) );
#6592 = ORIENTED_EDGE('',*,*,#6593,.T.);
#6593 = EDGE_CURVE('',#6566,#6594,#6596,.T.);
#6594 = VERTEX_POINT('',#6595);
#6595 = CARTESIAN_POINT('',(935.,360.,506.));
#6596 = SURFACE_CURVE('',#6597,(#6601,#6608),.PCURVE_S1.);
#6597 = LINE('',#6598,#6599);
#6598 = CARTESIAN_POINT('',(935.,360.,494.));
#6599 = VECTOR('',#6600,1.);
#6600 = DIRECTION('',(0.,0.,1.));
#6601 = PCURVE('',#5900,#6602);
#6602 = DEFINITIONAL_REPRESENTATION('',(#6603),#6607);
#6603 = LINE('',#6604,#6605);
#6604 = CARTESIAN_POINT('',(0.,-60.));
#6605 = VECTOR('',#6606,1.);
#6606 = DIRECTION('',(1.,0.));
#6607 = ( GEOMETRIC_REPRESENTATION_CONTEXT(2) 
PARAMETRIC_REPRESENTATION_CONTEXT() REPRESENTATION_CONTEXT('2D SPACE',''
  ) );
#6608 = PCURVE('',#6609,#6614);
#6609 = PLANE('',#6610);
#6610 = AXIS2_PLACEMENT_3D('',#6611,#6612,#6613);
#6611 = CARTESIAN_POINT('',(935.,360.,494.));
#6612 = DIRECTION('',(0.,1.,0.));
#6613 = DIRECTION('',(0.,0.,1.));
#6614 = DEFINITIONAL_REPRESENTATION('',(#6615),#6619);
#6615 = LINE('',#6616,#6617);
#6616 = CARTESIAN_POINT('',(0.,0.));
#6617 = VECTOR('',#6618,1.);
#6618 = DIRECTION('',(1.,0.));
#6619 = ( GEOMETRIC_REPRESENTATION_CONTEXT(2) 
PARAMETRIC_REPRESENTATION_CONTEXT() REPRESENTATION_CONTEXT('2D SPACE',''
  ) );
#6620 = ORIENTED_EDGE('',*,*,#6621,.F.);
#6621 = EDGE_CURVE('',#5885,#6594,#6622,.T.);
#6622 = SURFACE_CURVE('',#6623,(#6627,#6634),.PCURVE_S1.);
#6623 = LINE('',#6624,#6625);
#6624 = CARTESIAN_POINT('',(935.,300.,506.));
#6625 = VECTOR('',#6626,1.);
#6626 = DIRECTION('',(0.,1.,0.));
#6627 = PCURVE('',#5900,#6628);
#6628 = DEFINITIONAL_REPRESENTATION('',(#6629),#6633);
#6629 = LINE('',#6630,#6631);
#6630 = CARTESIAN_POINT('',(12.,0.));
#6631 = VECTOR('',#6632,1.);
#6632 = DIRECTION('',(0.,-1.));
#6633 = ( GEOMETRIC_REPRESENTATION_CONTEXT(2) 
PARAMETRIC_REPRESENTATION_CONTEXT() REPRESENTATION_CONTEXT('2D SPACE',''
  ) );
#6634 = PCURVE('',#6093,#6635);
#6635 = DEFINITIONAL_REPRESENTATION('',(#6636),#6640);
#6636 = LINE('',#6637,#6638);
#6637 = CARTESIAN_POINT('',(0.,0.));
#6638 = VECTOR('',#6639,1.);
#6639 = DIRECTION('',(0.,1.));
#6640 = ( GEOMETRIC_REPRESENTATION_CONTEXT(2) 
PARAMETRIC_REPRESENTATION_CONTEXT() REPRESENTATION_CONTEXT('2D SPACE',''
  ) );
#6641 = ADVANCED_FACE('',(#6642,#6712,#6806,#6900,#6994),#5872,.F.);
#6642 = FACE_BOUND('',#6643,.F.);
#6643 = EDGE_LOOP('',(#6644,#6645,#6668,#6691));
#6644 = ORIENTED_EDGE('',*,*,#5856,.F.);
#6645 = ORIENTED_EDGE('',*,*,#6646,.T.);
#6646 = EDGE_CURVE('',#5822,#6647,#6649,.T.);
#6647 = VERTEX_POINT('',#6648);
#6648 = CARTESIAN_POINT('',(1.395E+03,-300.,494.));
#6649 = SURFACE_CURVE('',#6650,(#6654,#6661),.PCURVE_S1.);
#6650 = LINE('',#6651,#6652);
#6651 = CARTESIAN_POINT('',(935.,-300.,494.));
#6652 = VECTOR('',#6653,1.);
#6653 = DIRECTION('',(1.,0.,0.));
#6654 = PCURVE('',#5872,#6655);
#6655 = DEFINITIONAL_REPRESENTATION('',(#6656),#6660);
#6656 = LINE('',#6657,#6658);
#6657 = CARTESIAN_POINT('',(0.,0.));
#6658 = VECTOR('',#6659,1.);
#6659 = DIRECTION('',(1.,0.));
#6660 = ( GEOMETRIC_REPRESENTATION_CONTEXT(2) 
PARAMETRIC_REPRESENTATION_CONTEXT() REPRESENTATION_CONTEXT('2D SPACE',''
  ) );
#6661 = PCURVE('',#5985,#6662);
#6662 = DEFINITIONAL_REPRESENTATION('',(#6663),#6667);
#6663 = LINE('',#6664,#6665);
#6664 = CARTESIAN_POINT('',(0.,60.));
#6665 = VECTOR('',#6666,1.);
#6666 = DIRECTION('',(1.,0.));
#6667 = ( GEOMETRIC_REPRESENTATION_CONTEXT(2) 
PARAMETRIC_REPRESENTATION_CONTEXT() REPRESENTATION_CONTEXT('2D SPACE',''
  ) );
#6668 = ORIENTED_EDGE('',*,*,#6669,.T.);
#6669 = EDGE_CURVE('',#6647,#6670,#6672,.T.);
#6670 = VERTEX_POINT('',#6671);
#6671 = CARTESIAN_POINT('',(1.395E+03,300.,494.));
#6672 = SURFACE_CURVE('',#6673,(#6677,#6684),.PCURVE_S1.);
#6673 = LINE('',#6674,#6675);
#6674 = CARTESIAN_POINT('',(1.395E+03,-300.,494.));
#6675 = VECTOR('',#6676,1.);
#6676 = DIRECTION('',(0.,1.,0.));
#6677 = PCURVE('',#5872,#6678);
#6678 = DEFINITIONAL_REPRESENTATION('',(#6679),#6683);
#6679 = LINE('',#6680,#6681);
#6680 = CARTESIAN_POINT('',(460.,0.));
#6681 = VECTOR('',#6682,1.);
#6682 = DIRECTION('',(0.,1.));
#6683 = ( GEOMETRIC_REPRESENTATION_CONTEXT(2) 
PARAMETRIC_REPRESENTATION_CONTEXT() REPRESENTATION_CONTEXT('2D SPACE',''
  ) );
#6684 = PCURVE('',#6067,#6685);
#6685 = DEFINITIONAL_REPRESENTATION('',(#6686),#6690);
#6686 = LINE('',#6687,#6688);
#6687 = CARTESIAN_POINT('',(0.,0.));
#6688 = VECTOR('',#6689,1.);
#6689 = DIRECTION('',(0.,-1.));
#6690 = ( GEOMETRIC_REPRESENTATION_CONTEXT(2) 
PARAMETRIC_REPRESENTATION_CONTEXT() REPRESENTATION_CONTEXT('2D SPACE',''
  ) );
#6691 = ORIENTED_EDGE('',*,*,#6692,.F.);
#6692 = EDGE_CURVE('',#5857,#6670,#6693,.T.);
#6693 = SURFACE_CURVE('',#6694,(#6698,#6705),.PCURVE_S1.);
#6694 = LINE('',#6695,#6696);
#6695 = CARTESIAN_POINT('',(935.,300.,494.));
#6696 = VECTOR('',#6697,1.);
#6697 = DIRECTION('',(1.,0.,0.));
#6698 = PCURVE('',#5872,#6699);
#6699 = DEFINITIONAL_REPRESENTATION('',(#6700),#6704);
#6700 = LINE('',#6701,#6702);
#6701 = CARTESIAN_POINT('',(0.,600.));
#6702 = VECTOR('',#6703,1.);
#6703 = DIRECTION('',(1.,0.));
#6704 = ( GEOMETRIC_REPRESENTATION_CONTEXT(2) 
PARAMETRIC_REPRESENTATION_CONTEXT() REPRESENTATION_CONTEXT('2D SPACE',''
  ) );
#6705 = PCURVE('',#6581,#6706);
#6706 = DEFINITIONAL_REPRESENTATION('',(#6707),#6711);
#6707 = LINE('',#6708,#6709);
#6708 = CARTESIAN_POINT('',(0.,0.));
#6709 = VECTOR('',#6710,1.);
#6710 = DIRECTION('',(1.,0.));
#6711 = ( GEOMETRIC_REPRESENTATION_CONTEXT(2) 
PARAMETRIC_REPRESENTATION_CONTEXT() REPRESENTATION_CONTEXT('2D SPACE',''
  ) );
#6712 = FACE_BOUND('',#6713,.F.);
#6713 = EDGE_LOOP('',(#6714,#6739,#6762,#6785));
#6714 = ORIENTED_EDGE('',*,*,#6715,.T.);
#6715 = EDGE_CURVE('',#6716,#6718,#6720,.T.);
#6716 = VERTEX_POINT('',#6717);
#6717 = CARTESIAN_POINT('',(1.345E+03,-234.,494.));
#6718 = VERTEX_POINT('',#6719);
#6719 = CARTESIAN_POINT('',(1.025E+03,-234.,494.));
#6720 = SURFACE_CURVE('',#6721,(#6725,#6732),.PCURVE_S1.);
#6721 = LINE('',#6722,#6723);
#6722 = CARTESIAN_POINT('',(980.,-234.,494.));
#6723 = VECTOR('',#6724,1.);
#6724 = DIRECTION('',(-1.,0.,0.));
#6725 = PCURVE('',#5872,#6726);
#6726 = DEFINITIONAL_REPRESENTATION('',(#6727),#6731);
#6727 = LINE('',#6728,#6729);
#6728 = CARTESIAN_POINT('',(45.,66.));
#6729 = VECTOR('',#6730,1.);
#6730 = DIRECTION('',(-1.,0.));
#6731 = ( GEOMETRIC_REPRESENTATION_CONTEXT(2) 
PARAMETRIC_REPRESENTATION_CONTEXT() REPRESENTATION_CONTEXT('2D SPACE',''
  ) );
#6732 = PCURVE('',#6125,#6733);
#6733 = DEFINITIONAL_REPRESENTATION('',(#6734),#6738);
#6734 = LINE('',#6735,#6736);
#6735 = CARTESIAN_POINT('',(3.,-45.));
#6736 = VECTOR('',#6737,1.);
#6737 = DIRECTION('',(0.,-1.));
#6738 = ( GEOMETRIC_REPRESENTATION_CONTEXT(2) 
PARAMETRIC_REPRESENTATION_CONTEXT() REPRESENTATION_CONTEXT('2D SPACE',''
  ) );
#6739 = ORIENTED_EDGE('',*,*,#6740,.T.);
#6740 = EDGE_CURVE('',#6718,#6741,#6743,.T.);
#6741 = VERTEX_POINT('',#6742);
#6742 = CARTESIAN_POINT('',(1.025E+03,-206.,494.));
#6743 = SURFACE_CURVE('',#6744,(#6748,#6755),.PCURVE_S1.);
#6744 = LINE('',#6745,#6746);
#6745 = CARTESIAN_POINT('',(1.025E+03,-267.,494.));
#6746 = VECTOR('',#6747,1.);
#6747 = DIRECTION('',(0.,1.,0.));
#6748 = PCURVE('',#5872,#6749);
#6749 = DEFINITIONAL_REPRESENTATION('',(#6750),#6754);
#6750 = LINE('',#6751,#6752);
#6751 = CARTESIAN_POINT('',(90.,33.));
#6752 = VECTOR('',#6753,1.);
#6753 = DIRECTION('',(0.,1.));
#6754 = ( GEOMETRIC_REPRESENTATION_CONTEXT(2) 
PARAMETRIC_REPRESENTATION_CONTEXT() REPRESENTATION_CONTEXT('2D SPACE',''
  ) );
#6755 = PCURVE('',#6153,#6756);
#6756 = DEFINITIONAL_REPRESENTATION('',(#6757),#6761);
#6757 = LINE('',#6758,#6759);
#6758 = CARTESIAN_POINT('',(3.,33.));
#6759 = VECTOR('',#6760,1.);
#6760 = DIRECTION('',(0.,-1.));
#6761 = ( GEOMETRIC_REPRESENTATION_CONTEXT(2) 
PARAMETRIC_REPRESENTATION_CONTEXT() REPRESENTATION_CONTEXT('2D SPACE',''
  ) );
#6762 = ORIENTED_EDGE('',*,*,#6763,.F.);
#6763 = EDGE_CURVE('',#6764,#6741,#6766,.T.);
#6764 = VERTEX_POINT('',#6765);
#6765 = CARTESIAN_POINT('',(1.345E+03,-206.,494.));
#6766 = SURFACE_CURVE('',#6767,(#6771,#6778),.PCURVE_S1.);
#6767 = LINE('',#6768,#6769);
#6768 = CARTESIAN_POINT('',(980.,-206.,494.));
#6769 = VECTOR('',#6770,1.);
#6770 = DIRECTION('',(-1.,0.,0.));
#6771 = PCURVE('',#5872,#6772);
#6772 = DEFINITIONAL_REPRESENTATION('',(#6773),#6777);
#6773 = LINE('',#6774,#6775);
#6774 = CARTESIAN_POINT('',(45.,94.));
#6775 = VECTOR('',#6776,1.);
#6776 = DIRECTION('',(-1.,0.));
#6777 = ( GEOMETRIC_REPRESENTATION_CONTEXT(2) 
PARAMETRIC_REPRESENTATION_CONTEXT() REPRESENTATION_CONTEXT('2D SPACE',''
  ) );
#6778 = PCURVE('',#6181,#6779);
#6779 = DEFINITIONAL_REPRESENTATION('',(#6780),#6784);
#6780 = LINE('',#6781,#6782);
#6781 = CARTESIAN_POINT('',(3.,-45.));
#6782 = VECTOR('',#6783,1.);
#6783 = DIRECTION('',(0.,-1.));
#6784 = ( GEOMETRIC_REPRESENTATION_CONTEXT(2) 
PARAMETRIC_REPRESENTATION_CONTEXT() REPRESENTATION_CONTEXT('2D SPACE',''
  ) );
#6785 = ORIENTED_EDGE('',*,*,#6786,.F.);
#6786 = EDGE_CURVE('',#6716,#6764,#6787,.T.);
#6787 = SURFACE_CURVE('',#6788,(#6792,#6799),.PCURVE_S1.);
#6788 = LINE('',#6789,#6790);
#6789 = CARTESIAN_POINT('',(1.345E+03,-267.,494.));
#6790 = VECTOR('',#6791,1.);
#6791 = DIRECTION('',(0.,1.,0.));
#6792 = PCURVE('',#5872,#6793);
#6793 = DEFINITIONAL_REPRESENTATION('',(#6794),#6798);
#6794 = LINE('',#6795,#6796);
#6795 = CARTESIAN_POINT('',(410.,33.));
#6796 = VECTOR('',#6797,1.);
#6797 = DIRECTION('',(0.,1.));
#6798 = ( GEOMETRIC_REPRESENTATION_CONTEXT(2) 
PARAMETRIC_REPRESENTATION_CONTEXT() REPRESENTATION_CONTEXT('2D SPACE',''
  ) );
#6799 = PCURVE('',#6207,#6800);
#6800 = DEFINITIONAL_REPRESENTATION('',(#6801),#6805);
#6801 = LINE('',#6802,#6803);
#6802 = CARTESIAN_POINT('',(3.,33.));
#6803 = VECTOR('',#6804,1.);
#6804 = DIRECTION('',(0.,-1.));
#6805 = ( GEOMETRIC_REPRESENTATION_CONTEXT(2) 
PARAMETRIC_REPRESENTATION_CONTEXT() REPRESENTATION_CONTEXT('2D SPACE',''
  ) );
#6806 = FACE_BOUND('',#6807,.F.);
#6807 = EDGE_LOOP('',(#6808,#6833,#6856,#6879));
#6808 = ORIENTED_EDGE('',*,*,#6809,.T.);
#6809 = EDGE_CURVE('',#6810,#6812,#6814,.T.);
#6810 = VERTEX_POINT('',#6811);
#6811 = CARTESIAN_POINT('',(1.345E+03,-184.,494.));
#6812 = VERTEX_POINT('',#6813);
#6813 = CARTESIAN_POINT('',(1.025E+03,-184.,494.));
#6814 = SURFACE_CURVE('',#6815,(#6819,#6826),.PCURVE_S1.);
#6815 = LINE('',#6816,#6817);
#6816 = CARTESIAN_POINT('',(980.,-184.,494.));
#6817 = VECTOR('',#6818,1.);
#6818 = DIRECTION('',(-1.,0.,0.));
#6819 = PCURVE('',#5872,#6820);
#6820 = DEFINITIONAL_REPRESENTATION('',(#6821),#6825);
#6821 = LINE('',#6822,#6823);
#6822 = CARTESIAN_POINT('',(45.,116.));
#6823 = VECTOR('',#6824,1.);
#6824 = DIRECTION('',(-1.,0.));
#6825 = ( GEOMETRIC_REPRESENTATION_CONTEXT(2) 
PARAMETRIC_REPRESENTATION_CONTEXT() REPRESENTATION_CONTEXT('2D SPACE',''
  ) );
#6826 = PCURVE('',#6239,#6827);
#6827 = DEFINITIONAL_REPRESENTATION('',(#6828),#6832);
#6828 = LINE('',#6829,#6830);
#6829 = CARTESIAN_POINT('',(3.,-45.));
#6830 = VECTOR('',#6831,1.);
#6831 = DIRECTION('',(0.,-1.));
#6832 = ( GEOMETRIC_REPRESENTATION_CONTEXT(2) 
PARAMETRIC_REPRESENTATION_CONTEXT() REPRESENTATION_CONTEXT('2D SPACE',''
  ) );
#6833 = ORIENTED_EDGE('',*,*,#6834,.T.);
#6834 = EDGE_CURVE('',#6812,#6835,#6837,.T.);
#6835 = VERTEX_POINT('',#6836);
#6836 = CARTESIAN_POINT('',(1.025E+03,-156.,494.));
#6837 = SURFACE_CURVE('',#6838,(#6842,#6849),.PCURVE_S1.);
#6838 = LINE('',#6839,#6840);
#6839 = CARTESIAN_POINT('',(1.025E+03,-242.,494.));
#6840 = VECTOR('',#6841,1.);
#6841 = DIRECTION('',(0.,1.,0.));
#6842 = PCURVE('',#5872,#6843);
#6843 = DEFINITIONAL_REPRESENTATION('',(#6844),#6848);
#6844 = LINE('',#6845,#6846);
#6845 = CARTESIAN_POINT('',(90.,58.));
#6846 = VECTOR('',#6847,1.);
#6847 = DIRECTION('',(0.,1.));
#6848 = ( GEOMETRIC_REPRESENTATION_CONTEXT(2) 
PARAMETRIC_REPRESENTATION_CONTEXT() REPRESENTATION_CONTEXT('2D SPACE',''
  ) );
#6849 = PCURVE('',#6267,#6850);
#6850 = DEFINITIONAL_REPRESENTATION('',(#6851),#6855);
#6851 = LINE('',#6852,#6853);
#6852 = CARTESIAN_POINT('',(3.,58.));
#6853 = VECTOR('',#6854,1.);
#6854 = DIRECTION('',(0.,-1.));
#6855 = ( GEOMETRIC_REPRESENTATION_CONTEXT(2) 
PARAMETRIC_REPRESENTATION_CONTEXT() REPRESENTATION_CONTEXT('2D SPACE',''
  ) );
#6856 = ORIENTED_EDGE('',*,*,#6857,.F.);
#6857 = EDGE_CURVE('',#6858,#6835,#6860,.T.);
#6858 = VERTEX_POINT('',#6859);
#6859 = CARTESIAN_POINT('',(1.345E+03,-156.,494.));
#6860 = SURFACE_CURVE('',#6861,(#6865,#6872),.PCURVE_S1.);
#6861 = LINE('',#6862,#6863);
#6862 = CARTESIAN_POINT('',(980.,-156.,494.));
#6863 = VECTOR('',#6864,1.);
#6864 = DIRECTION('',(-1.,0.,0.));
#6865 = PCURVE('',#5872,#6866);
#6866 = DEFINITIONAL_REPRESENTATION('',(#6867),#6871);
#6867 = LINE('',#6868,#6869);
#6868 = CARTESIAN_POINT('',(45.,144.));
#6869 = VECTOR('',#6870,1.);
#6870 = DIRECTION('',(-1.,0.));
#6871 = ( GEOMETRIC_REPRESENTATION_CONTEXT(2) 
PARAMETRIC_REPRESENTATION_CONTEXT() REPRESENTATION_CONTEXT('2D SPACE',''
  ) );
#6872 = PCURVE('',#6295,#6873);
#6873 = DEFINITIONAL_REPRESENTATION('',(#6874),#6878);
#6874 = LINE('',#6875,#6876);
#6875 = CARTESIAN_POINT('',(3.,-45.));
#6876 = VECTOR('',#6877,1.);
#6877 = DIRECTION('',(0.,-1.));
#6878 = ( GEOMETRIC_REPRESENTATION_CONTEXT(2) 
PARAMETRIC_REPRESENTATION_CONTEXT() REPRESENTATION_CONTEXT('2D SPACE',''
  ) );
#6879 = ORIENTED_EDGE('',*,*,#6880,.F.);
#6880 = EDGE_CURVE('',#6810,#6858,#6881,.T.);
#6881 = SURFACE_CURVE('',#6882,(#6886,#6893),.PCURVE_S1.);
#6882 = LINE('',#6883,#6884);
#6883 = CARTESIAN_POINT('',(1.345E+03,-242.,494.));
#6884 = VECTOR('',#6885,1.);
#6885 = DIRECTION('',(0.,1.,0.));
#6886 = PCURVE('',#5872,#6887);
#6887 = DEFINITIONAL_REPRESENTATION('',(#6888),#6892);
#6888 = LINE('',#6889,#6890);
#6889 = CARTESIAN_POINT('',(410.,58.));
#6890 = VECTOR('',#6891,1.);
#6891 = DIRECTION('',(0.,1.));
#6892 = ( GEOMETRIC_REPRESENTATION_CONTEXT(2) 
PARAMETRIC_REPRESENTATION_CONTEXT() REPRESENTATION_CONTEXT('2D SPACE',''
  ) );
#6893 = PCURVE('',#6321,#6894);
#6894 = DEFINITIONAL_REPRESENTATION('',(#6895),#6899);
#6895 = LINE('',#6896,#6897);
#6896 = CARTESIAN_POINT('',(3.,58.));
#6897 = VECTOR('',#6898,1.);
#6898 = DIRECTION('',(0.,-1.));
#6899 = ( GEOMETRIC_REPRESENTATION_CONTEXT(2) 
PARAMETRIC_REPRESENTATION_CONTEXT() REPRESENTATION_CONTEXT('2D SPACE',''
  ) );
#6900 = FACE_BOUND('',#6901,.F.);
#6901 = EDGE_LOOP('',(#6902,#6927,#6950,#6973));
#6902 = ORIENTED_EDGE('',*,*,#6903,.T.);
#6903 = EDGE_CURVE('',#6904,#6906,#6908,.T.);
#6904 = VERTEX_POINT('',#6905);
#6905 = CARTESIAN_POINT('',(1.345E+03,156.,494.));
#6906 = VERTEX_POINT('',#6907);
#6907 = CARTESIAN_POINT('',(1.025E+03,156.,494.));
#6908 = SURFACE_CURVE('',#6909,(#6913,#6920),.PCURVE_S1.);
#6909 = LINE('',#6910,#6911);
#6910 = CARTESIAN_POINT('',(980.,156.,494.));
#6911 = VECTOR('',#6912,1.);
#6912 = DIRECTION('',(-1.,0.,0.));
#6913 = PCURVE('',#5872,#6914);
#6914 = DEFINITIONAL_REPRESENTATION('',(#6915),#6919);
#6915 = LINE('',#6916,#6917);
#6916 = CARTESIAN_POINT('',(45.,456.));
#6917 = VECTOR('',#6918,1.);
#6918 = DIRECTION('',(-1.,0.));
#6919 = ( GEOMETRIC_REPRESENTATION_CONTEXT(2) 
PARAMETRIC_REPRESENTATION_CONTEXT() REPRESENTATION_CONTEXT('2D SPACE',''
  ) );
#6920 = PCURVE('',#6353,#6921);
#6921 = DEFINITIONAL_REPRESENTATION('',(#6922),#6926);
#6922 = LINE('',#6923,#6924);
#6923 = CARTESIAN_POINT('',(3.,-45.));
#6924 = VECTOR('',#6925,1.);
#6925 = DIRECTION('',(0.,-1.));
#6926 = ( GEOMETRIC_REPRESENTATION_CONTEXT(2) 
PARAMETRIC_REPRESENTATION_CONTEXT() REPRESENTATION_CONTEXT('2D SPACE',''
  ) );
#6927 = ORIENTED_EDGE('',*,*,#6928,.T.);
#6928 = EDGE_CURVE('',#6906,#6929,#6931,.T.);
#6929 = VERTEX_POINT('',#6930);
#6930 = CARTESIAN_POINT('',(1.025E+03,184.,494.));
#6931 = SURFACE_CURVE('',#6932,(#6936,#6943),.PCURVE_S1.);
#6932 = LINE('',#6933,#6934);
#6933 = CARTESIAN_POINT('',(1.025E+03,-72.,494.));
#6934 = VECTOR('',#6935,1.);
#6935 = DIRECTION('',(0.,1.,0.));
#6936 = PCURVE('',#5872,#6937);
#6937 = DEFINITIONAL_REPRESENTATION('',(#6938),#6942);
#6938 = LINE('',#6939,#6940);
#6939 = CARTESIAN_POINT('',(90.,228.));
#6940 = VECTOR('',#6941,1.);
#6941 = DIRECTION('',(0.,1.));
#6942 = ( GEOMETRIC_REPRESENTATION_CONTEXT(2) 
PARAMETRIC_REPRESENTATION_CONTEXT() REPRESENTATION_CONTEXT('2D SPACE',''
  ) );
#6943 = PCURVE('',#6381,#6944);
#6944 = DEFINITIONAL_REPRESENTATION('',(#6945),#6949);
#6945 = LINE('',#6946,#6947);
#6946 = CARTESIAN_POINT('',(3.,228.));
#6947 = VECTOR('',#6948,1.);
#6948 = DIRECTION('',(0.,-1.));
#6949 = ( GEOMETRIC_REPRESENTATION_CONTEXT(2) 
PARAMETRIC_REPRESENTATION_CONTEXT() REPRESENTATION_CONTEXT('2D SPACE',''
  ) );
#6950 = ORIENTED_EDGE('',*,*,#6951,.F.);
#6951 = EDGE_CURVE('',#6952,#6929,#6954,.T.);
#6952 = VERTEX_POINT('',#6953);
#6953 = CARTESIAN_POINT('',(1.345E+03,184.,494.));
#6954 = SURFACE_CURVE('',#6955,(#6959,#6966),.PCURVE_S1.);
#6955 = LINE('',#6956,#6957);
#6956 = CARTESIAN_POINT('',(980.,184.,494.));
#6957 = VECTOR('',#6958,1.);
#6958 = DIRECTION('',(-1.,0.,0.));
#6959 = PCURVE('',#5872,#6960);
#6960 = DEFINITIONAL_REPRESENTATION('',(#6961),#6965);
#6961 = LINE('',#6962,#6963);
#6962 = CARTESIAN_POINT('',(45.,484.));
#6963 = VECTOR('',#6964,1.);
#6964 = DIRECTION('',(-1.,0.));
#6965 = ( GEOMETRIC_REPRESENTATION_CONTEXT(2) 
PARAMETRIC_REPRESENTATION_CONTEXT() REPRESENTATION_CONTEXT('2D SPACE',''
  ) );
#6966 = PCURVE('',#6409,#6967);
#6967 = DEFINITIONAL_REPRESENTATION('',(#6968),#6972);
#6968 = LINE('',#6969,#6970);
#6969 = CARTESIAN_POINT('',(3.,-45.));
#6970 = VECTOR('',#6971,1.);
#6971 = DIRECTION('',(0.,-1.));
#6972 = ( GEOMETRIC_REPRESENTATION_CONTEXT(2) 
PARAMETRIC_REPRESENTATION_CONTEXT() REPRESENTATION_CONTEXT('2D SPACE',''
  ) );
#6973 = ORIENTED_EDGE('',*,*,#6974,.F.);
#6974 = EDGE_CURVE('',#6904,#6952,#6975,.T.);
#6975 = SURFACE_CURVE('',#6976,(#6980,#6987),.PCURVE_S1.);
#6976 = LINE('',#6977,#6978);
#6977 = CARTESIAN_POINT('',(1.345E+03,-72.,494.));
#6978 = VECTOR('',#6979,1.);
#6979 = DIRECTION('',(0.,1.,0.));
#6980 = PCURVE('',#5872,#6981);
#6981 = DEFINITIONAL_REPRESENTATION('',(#6982),#6986);
#6982 = LINE('',#6983,#6984);
#6983 = CARTESIAN_POINT('',(410.,228.));
#6984 = VECTOR('',#6985,1.);
#6985 = DIRECTION('',(0.,1.));
#6986 = ( GEOMETRIC_REPRESENTATION_CONTEXT(2) 
PARAMETRIC_REPRESENTATION_CONTEXT() REPRESENTATION_CONTEXT('2D SPACE',''
  ) );
#6987 = PCURVE('',#6435,#6988);
#6988 = DEFINITIONAL_REPRESENTATION('',(#6989),#6993);
#6989 = LINE('',#6990,#6991);
#6990 = CARTESIAN_POINT('',(3.,228.));
#6991 = VECTOR('',#6992,1.);
#6992 = DIRECTION('',(0.,-1.));
#6993 = ( GEOMETRIC_REPRESENTATION_CONTEXT(2) 
PARAMETRIC_REPRESENTATION_CONTEXT() REPRESENTATION_CONTEXT('2D SPACE',''
  ) );
#6994 = FACE_BOUND('',#6995,.F.);
#6995 = EDGE_LOOP('',(#6996,#7021,#7044,#7067));
#6996 = ORIENTED_EDGE('',*,*,#6997,.T.);
#6997 = EDGE_CURVE('',#6998,#7000,#7002,.T.);
#6998 = VERTEX_POINT('',#6999);
#6999 = CARTESIAN_POINT('',(1.345E+03,206.,494.));
#7000 = VERTEX_POINT('',#7001);
#7001 = CARTESIAN_POINT('',(1.025E+03,206.,494.));
#7002 = SURFACE_CURVE('',#7003,(#7007,#7014),.PCURVE_S1.);
#7003 = LINE('',#7004,#7005);
#7004 = CARTESIAN_POINT('',(980.,206.,494.));
#7005 = VECTOR('',#7006,1.);
#7006 = DIRECTION('',(-1.,0.,0.));
#7007 = PCURVE('',#5872,#7008);
#7008 = DEFINITIONAL_REPRESENTATION('',(#7009),#7013);
#7009 = LINE('',#7010,#7011);
#7010 = CARTESIAN_POINT('',(45.,506.));
#7011 = VECTOR('',#7012,1.);
#7012 = DIRECTION('',(-1.,0.));
#7013 = ( GEOMETRIC_REPRESENTATION_CONTEXT(2) 
PARAMETRIC_REPRESENTATION_CONTEXT() REPRESENTATION_CONTEXT('2D SPACE',''
  ) );
#7014 = PCURVE('',#6467,#7015);
#7015 = DEFINITIONAL_REPRESENTATION('',(#7016),#7020);
#7016 = LINE('',#7017,#7018);
#7017 = CARTESIAN_POINT('',(3.,-45.));
#7018 = VECTOR('',#7019,1.);
#7019 = DIRECTION('',(0.,-1.));
#7020 = ( GEOMETRIC_REPRESENTATION_CONTEXT(2) 
PARAMETRIC_REPRESENTATION_CONTEXT() REPRESENTATION_CONTEXT('2D SPACE',''
  ) );
#7021 = ORIENTED_EDGE('',*,*,#7022,.T.);
#7022 = EDGE_CURVE('',#7000,#7023,#7025,.T.);
#7023 = VERTEX_POINT('',#7024);
#7024 = CARTESIAN_POINT('',(1.025E+03,234.,494.));
#7025 = SURFACE_CURVE('',#7026,(#7030,#7037),.PCURVE_S1.);
#7026 = LINE('',#7027,#7028);
#7027 = CARTESIAN_POINT('',(1.025E+03,-47.,494.));
#7028 = VECTOR('',#7029,1.);
#7029 = DIRECTION('',(0.,1.,0.));
#7030 = PCURVE('',#5872,#7031);
#7031 = DEFINITIONAL_REPRESENTATION('',(#7032),#7036);
#7032 = LINE('',#7033,#7034);
#7033 = CARTESIAN_POINT('',(90.,253.));
#7034 = VECTOR('',#7035,1.);
#7035 = DIRECTION('',(0.,1.));
#7036 = ( GEOMETRIC_REPRESENTATION_CONTEXT(2) 
PARAMETRIC_REPRESENTATION_CONTEXT() REPRESENTATION_CONTEXT('2D SPACE',''
  ) );
#7037 = PCURVE('',#6495,#7038);
#7038 = DEFINITIONAL_REPRESENTATION('',(#7039),#7043);
#7039 = LINE('',#7040,#7041);
#7040 = CARTESIAN_POINT('',(3.,253.));
#7041 = VECTOR('',#7042,1.);
#7042 = DIRECTION('',(0.,-1.));
#7043 = ( GEOMETRIC_REPRESENTATION_CONTEXT(2) 
PARAMETRIC_REPRESENTATION_CONTEXT() REPRESENTATION_CONTEXT('2D SPACE',''
  ) );
#7044 = ORIENTED_EDGE('',*,*,#7045,.F.);
#7045 = EDGE_CURVE('',#7046,#7023,#7048,.T.);
#7046 = VERTEX_POINT('',#7047);
#7047 = CARTESIAN_POINT('',(1.345E+03,234.,494.));
#7048 = SURFACE_CURVE('',#7049,(#7053,#7060),.PCURVE_S1.);
#7049 = LINE('',#7050,#7051);
#7050 = CARTESIAN_POINT('',(980.,234.,494.));
#7051 = VECTOR('',#7052,1.);
#7052 = DIRECTION('',(-1.,0.,0.));
#7053 = PCURVE('',#5872,#7054);
#7054 = DEFINITIONAL_REPRESENTATION('',(#7055),#7059);
#7055 = LINE('',#7056,#7057);
#7056 = CARTESIAN_POINT('',(45.,534.));
#7057 = VECTOR('',#7058,1.);
#7058 = DIRECTION('',(-1.,0.));
#7059 = ( GEOMETRIC_REPRESENTATION_CONTEXT(2) 
PARAMETRIC_REPRESENTATION_CONTEXT() REPRESENTATION_CONTEXT('2D SPACE',''
  ) );
#7060 = PCURVE('',#6523,#7061);
#7061 = DEFINITIONAL_REPRESENTATION('',(#7062),#7066);
#7062 = LINE('',#7063,#7064);
#7063 = CARTESIAN_POINT('',(3.,-45.));
#7064 = VECTOR('',#7065,1.);
#7065 = DIRECTION('',(0.,-1.));
#7066 = ( GEOMETRIC_REPRESENTATION_CONTEXT(2) 
PARAMETRIC_REPRESENTATION_CONTEXT() REPRESENTATION_CONTEXT('2D SPACE',''
  ) );
#7067 = ORIENTED_EDGE('',*,*,#7068,.F.);
#7068 = EDGE_CURVE('',#6998,#7046,#7069,.T.);
#7069 = SURFACE_CURVE('',#7070,(#7074,#7081),.PCURVE_S1.);
#7070 = LINE('',#7071,#7072);
#7071 = CARTESIAN_POINT('',(1.345E+03,-47.,494.));
#7072 = VECTOR('',#7073,1.);
#7073 = DIRECTION('',(0.,1.,0.));
#7074 = PCURVE('',#5872,#7075);
#7075 = DEFINITIONAL_REPRESENTATION('',(#7076),#7080);
#7076 = LINE('',#7077,#7078);
#7077 = CARTESIAN_POINT('',(410.,253.));
#7078 = VECTOR('',#7079,1.);
#7079 = DIRECTION('',(0.,1.));
#7080 = ( GEOMETRIC_REPRESENTATION_CONTEXT(2) 
PARAMETRIC_REPRESENTATION_CONTEXT() REPRESENTATION_CONTEXT('2D SPACE',''
  ) );
#7081 = PCURVE('',#6549,#7082);
#7082 = DEFINITIONAL_REPRESENTATION('',(#7083),#7087);
#7083 = LINE('',#7084,#7085);
#7084 = CARTESIAN_POINT('',(3.,253.));
#7085 = VECTOR('',#7086,1.);
#7086 = DIRECTION('',(0.,-1.));
#7087 = ( GEOMETRIC_REPRESENTATION_CONTEXT(2) 
PARAMETRIC_REPRESENTATION_CONTEXT() REPRESENTATION_CONTEXT('2D SPACE',''
  ) );
#7088 = ADVANCED_FACE('',(#7089),#5959,.F.);
#7089 = FACE_BOUND('',#7090,.F.);
#7090 = EDGE_LOOP('',(#7091,#7114,#7115,#7138));
#7091 = ORIENTED_EDGE('',*,*,#7092,.F.);
#7092 = EDGE_CURVE('',#5942,#7093,#7095,.T.);
#7093 = VERTEX_POINT('',#7094);
#7094 = CARTESIAN_POINT('',(1.395E+03,-360.,494.));
#7095 = SURFACE_CURVE('',#7096,(#7100,#7107),.PCURVE_S1.);
#7096 = LINE('',#7097,#7098);
#7097 = CARTESIAN_POINT('',(935.,-360.,494.));
#7098 = VECTOR('',#7099,1.);
#7099 = DIRECTION('',(1.,0.,0.));
#7100 = PCURVE('',#5959,#7101);
#7101 = DEFINITIONAL_REPRESENTATION('',(#7102),#7106);
#7102 = LINE('',#7103,#7104);
#7103 = CARTESIAN_POINT('',(0.,0.));
#7104 = VECTOR('',#7105,1.);
#7105 = DIRECTION('',(0.,1.));
#7106 = ( GEOMETRIC_REPRESENTATION_CONTEXT(2) 
PARAMETRIC_REPRESENTATION_CONTEXT() REPRESENTATION_CONTEXT('2D SPACE',''
  ) );
#7107 = PCURVE('',#5985,#7108);
#7108 = DEFINITIONAL_REPRESENTATION('',(#7109),#7113);
#7109 = LINE('',#7110,#7111);
#7110 = CARTESIAN_POINT('',(0.,0.));
#7111 = VECTOR('',#7112,1.);
#7112 = DIRECTION('',(1.,0.));
#7113 = ( GEOMETRIC_REPRESENTATION_CONTEXT(2) 
PARAMETRIC_REPRESENTATION_CONTEXT() REPRESENTATION_CONTEXT('2D SPACE',''
  ) );
#7114 = ORIENTED_EDGE('',*,*,#5941,.T.);
#7115 = ORIENTED_EDGE('',*,*,#7116,.T.);
#7116 = EDGE_CURVE('',#5944,#7117,#7119,.T.);
#7117 = VERTEX_POINT('',#7118);
#7118 = CARTESIAN_POINT('',(1.395E+03,-360.,506.));
#7119 = SURFACE_CURVE('',#7120,(#7124,#7131),.PCURVE_S1.);
#7120 = LINE('',#7121,#7122);
#7121 = CARTESIAN_POINT('',(935.,-360.,506.));
#7122 = VECTOR('',#7123,1.);
#7123 = DIRECTION('',(1.,0.,0.));
#7124 = PCURVE('',#5959,#7125);
#7125 = DEFINITIONAL_REPRESENTATION('',(#7126),#7130);
#7126 = LINE('',#7127,#7128);
#7127 = CARTESIAN_POINT('',(12.,0.));
#7128 = VECTOR('',#7129,1.);
#7129 = DIRECTION('',(0.,1.));
#7130 = ( GEOMETRIC_REPRESENTATION_CONTEXT(2) 
PARAMETRIC_REPRESENTATION_CONTEXT() REPRESENTATION_CONTEXT('2D SPACE',''
  ) );
#7131 = PCURVE('',#6012,#7132);
#7132 = DEFINITIONAL_REPRESENTATION('',(#7133),#7137);
#7133 = LINE('',#7134,#7135);
#7134 = CARTESIAN_POINT('',(0.,0.));
#7135 = VECTOR('',#7136,1.);
#7136 = DIRECTION('',(1.,0.));
#7137 = ( GEOMETRIC_REPRESENTATION_CONTEXT(2) 
PARAMETRIC_REPRESENTATION_CONTEXT() REPRESENTATION_CONTEXT('2D SPACE',''
  ) );
#7138 = ORIENTED_EDGE('',*,*,#7139,.F.);
#7139 = EDGE_CURVE('',#7093,#7117,#7140,.T.);
#7140 = SURFACE_CURVE('',#7141,(#7145,#7152),.PCURVE_S1.);
#7141 = LINE('',#7142,#7143);
#7142 = CARTESIAN_POINT('',(1.395E+03,-360.,494.));
#7143 = VECTOR('',#7144,1.);
#7144 = DIRECTION('',(0.,0.,1.));
#7145 = PCURVE('',#5959,#7146);
#7146 = DEFINITIONAL_REPRESENTATION('',(#7147),#7151);
#7147 = LINE('',#7148,#7149);
#7148 = CARTESIAN_POINT('',(0.,460.));
#7149 = VECTOR('',#7150,1.);
#7150 = DIRECTION('',(1.,0.));
#7151 = ( GEOMETRIC_REPRESENTATION_CONTEXT(2) 
PARAMETRIC_REPRESENTATION_CONTEXT() REPRESENTATION_CONTEXT('2D SPACE',''
  ) );
#7152 = PCURVE('',#7153,#7158);
#7153 = PLANE('',#7154);
#7154 = AXIS2_PLACEMENT_3D('',#7155,#7156,#7157);
#7155 = CARTESIAN_POINT('',(1.395E+03,-360.,494.));
#7156 = DIRECTION('',(1.,0.,0.));
#7157 = DIRECTION('',(0.,0.,1.));
#7158 = DEFINITIONAL_REPRESENTATION('',(#7159),#7163);
#7159 = LINE('',#7160,#7161);
#7160 = CARTESIAN_POINT('',(0.,0.));
#7161 = VECTOR('',#7162,1.);
#7162 = DIRECTION('',(1.,0.));
#7163 = ( GEOMETRIC_REPRESENTATION_CONTEXT(2) 
PARAMETRIC_REPRESENTATION_CONTEXT() REPRESENTATION_CONTEXT('2D SPACE',''
  ) );
#7164 = ADVANCED_FACE('',(#7165),#6012,.T.);
#7165 = FACE_BOUND('',#7166,.T.);
#7166 = EDGE_LOOP('',(#7167,#7168,#7169,#7190));
#7167 = ORIENTED_EDGE('',*,*,#5998,.F.);
#7168 = ORIENTED_EDGE('',*,*,#7116,.T.);
#7169 = ORIENTED_EDGE('',*,*,#7170,.T.);
#7170 = EDGE_CURVE('',#7117,#6029,#7171,.T.);
#7171 = SURFACE_CURVE('',#7172,(#7176,#7183),.PCURVE_S1.);
#7172 = LINE('',#7173,#7174);
#7173 = CARTESIAN_POINT('',(1.395E+03,-360.,506.));
#7174 = VECTOR('',#7175,1.);
#7175 = DIRECTION('',(0.,1.,0.));
#7176 = PCURVE('',#6012,#7177);
#7177 = DEFINITIONAL_REPRESENTATION('',(#7178),#7182);
#7178 = LINE('',#7179,#7180);
#7179 = CARTESIAN_POINT('',(460.,0.));
#7180 = VECTOR('',#7181,1.);
#7181 = DIRECTION('',(0.,1.));
#7182 = ( GEOMETRIC_REPRESENTATION_CONTEXT(2) 
PARAMETRIC_REPRESENTATION_CONTEXT() REPRESENTATION_CONTEXT('2D SPACE',''
  ) );
#7183 = PCURVE('',#7153,#7184);
#7184 = DEFINITIONAL_REPRESENTATION('',(#7185),#7189);
#7185 = LINE('',#7186,#7187);
#7186 = CARTESIAN_POINT('',(12.,0.));
#7187 = VECTOR('',#7188,1.);
#7188 = DIRECTION('',(0.,-1.));
#7189 = ( GEOMETRIC_REPRESENTATION_CONTEXT(2) 
PARAMETRIC_REPRESENTATION_CONTEXT() REPRESENTATION_CONTEXT('2D SPACE',''
  ) );
#7190 = ORIENTED_EDGE('',*,*,#6028,.F.);
#7191 = ADVANCED_FACE('',(#7192),#5985,.F.);
#7192 = FACE_BOUND('',#7193,.F.);
#7193 = EDGE_LOOP('',(#7194,#7195,#7196,#7217));
#7194 = ORIENTED_EDGE('',*,*,#5971,.F.);
#7195 = ORIENTED_EDGE('',*,*,#7092,.T.);
#7196 = ORIENTED_EDGE('',*,*,#7197,.T.);
#7197 = EDGE_CURVE('',#7093,#6647,#7198,.T.);
#7198 = SURFACE_CURVE('',#7199,(#7203,#7210),.PCURVE_S1.);
#7199 = LINE('',#7200,#7201);
#7200 = CARTESIAN_POINT('',(1.395E+03,-360.,494.));
#7201 = VECTOR('',#7202,1.);
#7202 = DIRECTION('',(0.,1.,0.));
#7203 = PCURVE('',#5985,#7204);
#7204 = DEFINITIONAL_REPRESENTATION('',(#7205),#7209);
#7205 = LINE('',#7206,#7207);
#7206 = CARTESIAN_POINT('',(460.,0.));
#7207 = VECTOR('',#7208,1.);
#7208 = DIRECTION('',(0.,1.));
#7209 = ( GEOMETRIC_REPRESENTATION_CONTEXT(2) 
PARAMETRIC_REPRESENTATION_CONTEXT() REPRESENTATION_CONTEXT('2D SPACE',''
  ) );
#7210 = PCURVE('',#7153,#7211);
#7211 = DEFINITIONAL_REPRESENTATION('',(#7212),#7216);
#7212 = LINE('',#7213,#7214);
#7213 = CARTESIAN_POINT('',(0.,0.));
#7214 = VECTOR('',#7215,1.);
#7215 = DIRECTION('',(0.,-1.));
#7216 = ( GEOMETRIC_REPRESENTATION_CONTEXT(2) 
PARAMETRIC_REPRESENTATION_CONTEXT() REPRESENTATION_CONTEXT('2D SPACE',''
  ) );
#7217 = ORIENTED_EDGE('',*,*,#6646,.F.);
#7218 = ADVANCED_FACE('',(#7219),#6093,.T.);
#7219 = FACE_BOUND('',#7220,.T.);
#7220 = EDGE_LOOP('',(#7221,#7222,#7223,#7251));
#7221 = ORIENTED_EDGE('',*,*,#6621,.F.);
#7222 = ORIENTED_EDGE('',*,*,#6079,.T.);
#7223 = ORIENTED_EDGE('',*,*,#7224,.T.);
#7224 = EDGE_CURVE('',#6052,#7225,#7227,.T.);
#7225 = VERTEX_POINT('',#7226);
#7226 = CARTESIAN_POINT('',(1.395E+03,360.,506.));
#7227 = SURFACE_CURVE('',#7228,(#7232,#7239),.PCURVE_S1.);
#7228 = LINE('',#7229,#7230);
#7229 = CARTESIAN_POINT('',(1.395E+03,300.,506.));
#7230 = VECTOR('',#7231,1.);
#7231 = DIRECTION('',(0.,1.,0.));
#7232 = PCURVE('',#6093,#7233);
#7233 = DEFINITIONAL_REPRESENTATION('',(#7234),#7238);
#7234 = LINE('',#7235,#7236);
#7235 = CARTESIAN_POINT('',(460.,0.));
#7236 = VECTOR('',#7237,1.);
#7237 = DIRECTION('',(0.,1.));
#7238 = ( GEOMETRIC_REPRESENTATION_CONTEXT(2) 
PARAMETRIC_REPRESENTATION_CONTEXT() REPRESENTATION_CONTEXT('2D SPACE',''
  ) );
#7239 = PCURVE('',#7240,#7245);
#7240 = PLANE('',#7241);
#7241 = AXIS2_PLACEMENT_3D('',#7242,#7243,#7244);
#7242 = CARTESIAN_POINT('',(1.395E+03,300.,494.));
#7243 = DIRECTION('',(1.,0.,0.));
#7244 = DIRECTION('',(0.,0.,1.));
#7245 = DEFINITIONAL_REPRESENTATION('',(#7246),#7250);
#7246 = LINE('',#7247,#7248);
#7247 = CARTESIAN_POINT('',(12.,0.));
#7248 = VECTOR('',#7249,1.);
#7249 = DIRECTION('',(0.,-1.));
#7250 = ( GEOMETRIC_REPRESENTATION_CONTEXT(2) 
PARAMETRIC_REPRESENTATION_CONTEXT() REPRESENTATION_CONTEXT('2D SPACE',''
  ) );
#7251 = ORIENTED_EDGE('',*,*,#7252,.F.);
#7252 = EDGE_CURVE('',#6594,#7225,#7253,.T.);
#7253 = SURFACE_CURVE('',#7254,(#7258,#7265),.PCURVE_S1.);
#7254 = LINE('',#7255,#7256);
#7255 = CARTESIAN_POINT('',(935.,360.,506.));
#7256 = VECTOR('',#7257,1.);
#7257 = DIRECTION('',(1.,0.,0.));
#7258 = PCURVE('',#6093,#7259);
#7259 = DEFINITIONAL_REPRESENTATION('',(#7260),#7264);
#7260 = LINE('',#7261,#7262);
#7261 = CARTESIAN_POINT('',(0.,60.));
#7262 = VECTOR('',#7263,1.);
#7263 = DIRECTION('',(1.,0.));
#7264 = ( GEOMETRIC_REPRESENTATION_CONTEXT(2) 
PARAMETRIC_REPRESENTATION_CONTEXT() REPRESENTATION_CONTEXT('2D SPACE',''
  ) );
#7265 = PCURVE('',#6609,#7266);
#7266 = DEFINITIONAL_REPRESENTATION('',(#7267),#7271);
#7267 = LINE('',#7268,#7269);
#7268 = CARTESIAN_POINT('',(12.,0.));
#7269 = VECTOR('',#7270,1.);
#7270 = DIRECTION('',(0.,1.));
#7271 = ( GEOMETRIC_REPRESENTATION_CONTEXT(2) 
PARAMETRIC_REPRESENTATION_CONTEXT() REPRESENTATION_CONTEXT('2D SPACE',''
  ) );
#7272 = ADVANCED_FACE('',(#7273),#6067,.T.);
#7273 = FACE_BOUND('',#7274,.T.);
#7274 = EDGE_LOOP('',(#7275,#7296,#7297,#7318));
#7275 = ORIENTED_EDGE('',*,*,#7276,.F.);
#7276 = EDGE_CURVE('',#6647,#6029,#7277,.T.);
#7277 = SURFACE_CURVE('',#7278,(#7282,#7289),.PCURVE_S1.);
#7278 = LINE('',#7279,#7280);
#7279 = CARTESIAN_POINT('',(1.395E+03,-300.,494.));
#7280 = VECTOR('',#7281,1.);
#7281 = DIRECTION('',(0.,0.,1.));
#7282 = PCURVE('',#6067,#7283);
#7283 = DEFINITIONAL_REPRESENTATION('',(#7284),#7288);
#7284 = LINE('',#7285,#7286);
#7285 = CARTESIAN_POINT('',(0.,0.));
#7286 = VECTOR('',#7287,1.);
#7287 = DIRECTION('',(1.,0.));
#7288 = ( GEOMETRIC_REPRESENTATION_CONTEXT(2) 
PARAMETRIC_REPRESENTATION_CONTEXT() REPRESENTATION_CONTEXT('2D SPACE',''
  ) );
#7289 = PCURVE('',#7153,#7290);
#7290 = DEFINITIONAL_REPRESENTATION('',(#7291),#7295);
#7291 = LINE('',#7292,#7293);
#7292 = CARTESIAN_POINT('',(0.,-60.));
#7293 = VECTOR('',#7294,1.);
#7294 = DIRECTION('',(1.,0.));
#7295 = ( GEOMETRIC_REPRESENTATION_CONTEXT(2) 
PARAMETRIC_REPRESENTATION_CONTEXT() REPRESENTATION_CONTEXT('2D SPACE',''
  ) );
#7296 = ORIENTED_EDGE('',*,*,#6669,.T.);
#7297 = ORIENTED_EDGE('',*,*,#7298,.T.);
#7298 = EDGE_CURVE('',#6670,#6052,#7299,.T.);
#7299 = SURFACE_CURVE('',#7300,(#7304,#7311),.PCURVE_S1.);
#7300 = LINE('',#7301,#7302);
#7301 = CARTESIAN_POINT('',(1.395E+03,300.,494.));
#7302 = VECTOR('',#7303,1.);
#7303 = DIRECTION('',(0.,0.,1.));
#7304 = PCURVE('',#6067,#7305);
#7305 = DEFINITIONAL_REPRESENTATION('',(#7306),#7310);
#7306 = LINE('',#7307,#7308);
#7307 = CARTESIAN_POINT('',(0.,-600.));
#7308 = VECTOR('',#7309,1.);
#7309 = DIRECTION('',(1.,0.));
#7310 = ( GEOMETRIC_REPRESENTATION_CONTEXT(2) 
PARAMETRIC_REPRESENTATION_CONTEXT() REPRESENTATION_CONTEXT('2D SPACE',''
  ) );
#7311 = PCURVE('',#7240,#7312);
#7312 = DEFINITIONAL_REPRESENTATION('',(#7313),#7317);
#7313 = LINE('',#7314,#7315);
#7314 = CARTESIAN_POINT('',(0.,0.));
#7315 = VECTOR('',#7316,1.);
#7316 = DIRECTION('',(1.,0.));
#7317 = ( GEOMETRIC_REPRESENTATION_CONTEXT(2) 
PARAMETRIC_REPRESENTATION_CONTEXT() REPRESENTATION_CONTEXT('2D SPACE',''
  ) );
#7318 = ORIENTED_EDGE('',*,*,#6051,.F.);
#7319 = ADVANCED_FACE('',(#7320),#6125,.T.);
#7320 = FACE_BOUND('',#7321,.T.);
#7321 = EDGE_LOOP('',(#7322,#7343,#7344,#7365));
#7322 = ORIENTED_EDGE('',*,*,#7323,.F.);
#7323 = EDGE_CURVE('',#6716,#6108,#7324,.T.);
#7324 = SURFACE_CURVE('',#7325,(#7329,#7336),.PCURVE_S1.);
#7325 = LINE('',#7326,#7327);
#7326 = CARTESIAN_POINT('',(1.345E+03,-234.,491.));
#7327 = VECTOR('',#7328,1.);
#7328 = DIRECTION('',(0.,0.,1.));
#7329 = PCURVE('',#6125,#7330);
#7330 = DEFINITIONAL_REPRESENTATION('',(#7331),#7335);
#7331 = LINE('',#7332,#7333);
#7332 = CARTESIAN_POINT('',(0.,320.));
#7333 = VECTOR('',#7334,1.);
#7334 = DIRECTION('',(1.,0.));
#7335 = ( GEOMETRIC_REPRESENTATION_CONTEXT(2) 
PARAMETRIC_REPRESENTATION_CONTEXT() REPRESENTATION_CONTEXT('2D SPACE',''
  ) );
#7336 = PCURVE('',#6207,#7337);
#7337 = DEFINITIONAL_REPRESENTATION('',(#7338),#7342);
#7338 = LINE('',#7339,#7340);
#7339 = CARTESIAN_POINT('',(0.,0.));
#7340 = VECTOR('',#7341,1.);
#7341 = DIRECTION('',(1.,0.));
#7342 = ( GEOMETRIC_REPRESENTATION_CONTEXT(2) 
PARAMETRIC_REPRESENTATION_CONTEXT() REPRESENTATION_CONTEXT('2D SPACE',''
  ) );
#7343 = ORIENTED_EDGE('',*,*,#6715,.T.);
#7344 = ORIENTED_EDGE('',*,*,#7345,.T.);
#7345 = EDGE_CURVE('',#6718,#6110,#7346,.T.);
#7346 = SURFACE_CURVE('',#7347,(#7351,#7358),.PCURVE_S1.);
#7347 = LINE('',#7348,#7349);
#7348 = CARTESIAN_POINT('',(1.025E+03,-234.,491.));
#7349 = VECTOR('',#7350,1.);
#7350 = DIRECTION('',(0.,0.,1.));
#7351 = PCURVE('',#6125,#7352);
#7352 = DEFINITIONAL_REPRESENTATION('',(#7353),#7357);
#7353 = LINE('',#7354,#7355);
#7354 = CARTESIAN_POINT('',(0.,0.));
#7355 = VECTOR('',#7356,1.);
#7356 = DIRECTION('',(1.,0.));
#7357 = ( GEOMETRIC_REPRESENTATION_CONTEXT(2) 
PARAMETRIC_REPRESENTATION_CONTEXT() REPRESENTATION_CONTEXT('2D SPACE',''
  ) );
#7358 = PCURVE('',#6153,#7359);
#7359 = DEFINITIONAL_REPRESENTATION('',(#7360),#7364);
#7360 = LINE('',#7361,#7362);
#7361 = CARTESIAN_POINT('',(0.,0.));
#7362 = VECTOR('',#7363,1.);
#7363 = DIRECTION('',(1.,0.));
#7364 = ( GEOMETRIC_REPRESENTATION_CONTEXT(2) 
PARAMETRIC_REPRESENTATION_CONTEXT() REPRESENTATION_CONTEXT('2D SPACE',''
  ) );
#7365 = ORIENTED_EDGE('',*,*,#6107,.F.);
#7366 = ADVANCED_FACE('',(#7367),#6207,.F.);
#7367 = FACE_BOUND('',#7368,.F.);
#7368 = EDGE_LOOP('',(#7369,#7370,#7371,#7392));
#7369 = ORIENTED_EDGE('',*,*,#7323,.F.);
#7370 = ORIENTED_EDGE('',*,*,#6786,.T.);
#7371 = ORIENTED_EDGE('',*,*,#7372,.T.);
#7372 = EDGE_CURVE('',#6764,#6166,#7373,.T.);
#7373 = SURFACE_CURVE('',#7374,(#7378,#7385),.PCURVE_S1.);
#7374 = LINE('',#7375,#7376);
#7375 = CARTESIAN_POINT('',(1.345E+03,-206.,491.));
#7376 = VECTOR('',#7377,1.);
#7377 = DIRECTION('',(0.,0.,1.));
#7378 = PCURVE('',#6207,#7379);
#7379 = DEFINITIONAL_REPRESENTATION('',(#7380),#7384);
#7380 = LINE('',#7381,#7382);
#7381 = CARTESIAN_POINT('',(0.,-28.));
#7382 = VECTOR('',#7383,1.);
#7383 = DIRECTION('',(1.,0.));
#7384 = ( GEOMETRIC_REPRESENTATION_CONTEXT(2) 
PARAMETRIC_REPRESENTATION_CONTEXT() REPRESENTATION_CONTEXT('2D SPACE',''
  ) );
#7385 = PCURVE('',#6181,#7386);
#7386 = DEFINITIONAL_REPRESENTATION('',(#7387),#7391);
#7387 = LINE('',#7388,#7389);
#7388 = CARTESIAN_POINT('',(0.,320.));
#7389 = VECTOR('',#7390,1.);
#7390 = DIRECTION('',(1.,0.));
#7391 = ( GEOMETRIC_REPRESENTATION_CONTEXT(2) 
PARAMETRIC_REPRESENTATION_CONTEXT() REPRESENTATION_CONTEXT('2D SPACE',''
  ) );
#7392 = ORIENTED_EDGE('',*,*,#6193,.F.);
#7393 = ADVANCED_FACE('',(#7394),#6153,.T.);
#7394 = FACE_BOUND('',#7395,.T.);
#7395 = EDGE_LOOP('',(#7396,#7397,#7398,#7419));
#7396 = ORIENTED_EDGE('',*,*,#7345,.F.);
#7397 = ORIENTED_EDGE('',*,*,#6740,.T.);
#7398 = ORIENTED_EDGE('',*,*,#7399,.T.);
#7399 = EDGE_CURVE('',#6741,#6138,#7400,.T.);
#7400 = SURFACE_CURVE('',#7401,(#7405,#7412),.PCURVE_S1.);
#7401 = LINE('',#7402,#7403);
#7402 = CARTESIAN_POINT('',(1.025E+03,-206.,491.));
#7403 = VECTOR('',#7404,1.);
#7404 = DIRECTION('',(0.,0.,1.));
#7405 = PCURVE('',#6153,#7406);
#7406 = DEFINITIONAL_REPRESENTATION('',(#7407),#7411);
#7407 = LINE('',#7408,#7409);
#7408 = CARTESIAN_POINT('',(0.,-28.));
#7409 = VECTOR('',#7410,1.);
#7410 = DIRECTION('',(1.,0.));
#7411 = ( GEOMETRIC_REPRESENTATION_CONTEXT(2) 
PARAMETRIC_REPRESENTATION_CONTEXT() REPRESENTATION_CONTEXT('2D SPACE',''
  ) );
#7412 = PCURVE('',#6181,#7413);
#7413 = DEFINITIONAL_REPRESENTATION('',(#7414),#7418);
#7414 = LINE('',#7415,#7416);
#7415 = CARTESIAN_POINT('',(0.,0.));
#7416 = VECTOR('',#7417,1.);
#7417 = DIRECTION('',(1.,0.));
#7418 = ( GEOMETRIC_REPRESENTATION_CONTEXT(2) 
PARAMETRIC_REPRESENTATION_CONTEXT() REPRESENTATION_CONTEXT('2D SPACE',''
  ) );
#7419 = ORIENTED_EDGE('',*,*,#6137,.F.);
#7420 = ADVANCED_FACE('',(#7421),#6181,.F.);
#7421 = FACE_BOUND('',#7422,.F.);
#7422 = EDGE_LOOP('',(#7423,#7424,#7425,#7426));
#7423 = ORIENTED_EDGE('',*,*,#7372,.F.);
#7424 = ORIENTED_EDGE('',*,*,#6763,.T.);
#7425 = ORIENTED_EDGE('',*,*,#7399,.T.);
#7426 = ORIENTED_EDGE('',*,*,#6165,.F.);
#7427 = ADVANCED_FACE('',(#7428),#6239,.T.);
#7428 = FACE_BOUND('',#7429,.T.);
#7429 = EDGE_LOOP('',(#7430,#7451,#7452,#7473));
#7430 = ORIENTED_EDGE('',*,*,#7431,.F.);
#7431 = EDGE_CURVE('',#6810,#6222,#7432,.T.);
#7432 = SURFACE_CURVE('',#7433,(#7437,#7444),.PCURVE_S1.);
#7433 = LINE('',#7434,#7435);
#7434 = CARTESIAN_POINT('',(1.345E+03,-184.,491.));
#7435 = VECTOR('',#7436,1.);
#7436 = DIRECTION('',(0.,0.,1.));
#7437 = PCURVE('',#6239,#7438);
#7438 = DEFINITIONAL_REPRESENTATION('',(#7439),#7443);
#7439 = LINE('',#7440,#7441);
#7440 = CARTESIAN_POINT('',(0.,320.));
#7441 = VECTOR('',#7442,1.);
#7442 = DIRECTION('',(1.,0.));
#7443 = ( GEOMETRIC_REPRESENTATION_CONTEXT(2) 
PARAMETRIC_REPRESENTATION_CONTEXT() REPRESENTATION_CONTEXT('2D SPACE',''
  ) );
#7444 = PCURVE('',#6321,#7445);
#7445 = DEFINITIONAL_REPRESENTATION('',(#7446),#7450);
#7446 = LINE('',#7447,#7448);
#7447 = CARTESIAN_POINT('',(0.,0.));
#7448 = VECTOR('',#7449,1.);
#7449 = DIRECTION('',(1.,0.));
#7450 = ( GEOMETRIC_REPRESENTATION_CONTEXT(2) 
PARAMETRIC_REPRESENTATION_CONTEXT() REPRESENTATION_CONTEXT('2D SPACE',''
  ) );
#7451 = ORIENTED_EDGE('',*,*,#6809,.T.);
#7452 = ORIENTED_EDGE('',*,*,#7453,.T.);
#7453 = EDGE_CURVE('',#6812,#6224,#7454,.T.);
#7454 = SURFACE_CURVE('',#7455,(#7459,#7466),.PCURVE_S1.);
#7455 = LINE('',#7456,#7457);
#7456 = CARTESIAN_POINT('',(1.025E+03,-184.,491.));
#7457 = VECTOR('',#7458,1.);
#7458 = DIRECTION('',(0.,0.,1.));
#7459 = PCURVE('',#6239,#7460);
#7460 = DEFINITIONAL_REPRESENTATION('',(#7461),#7465);
#7461 = LINE('',#7462,#7463);
#7462 = CARTESIAN_POINT('',(0.,0.));
#7463 = VECTOR('',#7464,1.);
#7464 = DIRECTION('',(1.,0.));
#7465 = ( GEOMETRIC_REPRESENTATION_CONTEXT(2) 
PARAMETRIC_REPRESENTATION_CONTEXT() REPRESENTATION_CONTEXT('2D SPACE',''
  ) );
#7466 = PCURVE('',#6267,#7467);
#7467 = DEFINITIONAL_REPRESENTATION('',(#7468),#7472);
#7468 = LINE('',#7469,#7470);
#7469 = CARTESIAN_POINT('',(0.,0.));
#7470 = VECTOR('',#7471,1.);
#7471 = DIRECTION('',(1.,0.));
#7472 = ( GEOMETRIC_REPRESENTATION_CONTEXT(2) 
PARAMETRIC_REPRESENTATION_CONTEXT() REPRESENTATION_CONTEXT('2D SPACE',''
  ) );
#7473 = ORIENTED_EDGE('',*,*,#6221,.F.);
#7474 = ADVANCED_FACE('',(#7475),#6321,.F.);
#7475 = FACE_BOUND('',#7476,.F.);
#7476 = EDGE_LOOP('',(#7477,#7478,#7479,#7500));
#7477 = ORIENTED_EDGE('',*,*,#7431,.F.);
#7478 = ORIENTED_EDGE('',*,*,#6880,.T.);
#7479 = ORIENTED_EDGE('',*,*,#7480,.T.);
#7480 = EDGE_CURVE('',#6858,#6280,#7481,.T.);
#7481 = SURFACE_CURVE('',#7482,(#7486,#7493),.PCURVE_S1.);
#7482 = LINE('',#7483,#7484);
#7483 = CARTESIAN_POINT('',(1.345E+03,-156.,491.));
#7484 = VECTOR('',#7485,1.);
#7485 = DIRECTION('',(0.,0.,1.));
#7486 = PCURVE('',#6321,#7487);
#7487 = DEFINITIONAL_REPRESENTATION('',(#7488),#7492);
#7488 = LINE('',#7489,#7490);
#7489 = CARTESIAN_POINT('',(0.,-28.));
#7490 = VECTOR('',#7491,1.);
#7491 = DIRECTION('',(1.,0.));
#7492 = ( GEOMETRIC_REPRESENTATION_CONTEXT(2) 
PARAMETRIC_REPRESENTATION_CONTEXT() REPRESENTATION_CONTEXT('2D SPACE',''
  ) );
#7493 = PCURVE('',#6295,#7494);
#7494 = DEFINITIONAL_REPRESENTATION('',(#7495),#7499);
#7495 = LINE('',#7496,#7497);
#7496 = CARTESIAN_POINT('',(0.,320.));
#7497 = VECTOR('',#7498,1.);
#7498 = DIRECTION('',(1.,0.));
#7499 = ( GEOMETRIC_REPRESENTATION_CONTEXT(2) 
PARAMETRIC_REPRESENTATION_CONTEXT() REPRESENTATION_CONTEXT('2D SPACE',''
  ) );
#7500 = ORIENTED_EDGE('',*,*,#6307,.F.);
#7501 = ADVANCED_FACE('',(#7502),#6267,.T.);
#7502 = FACE_BOUND('',#7503,.T.);
#7503 = EDGE_LOOP('',(#7504,#7505,#7506,#7527));
#7504 = ORIENTED_EDGE('',*,*,#7453,.F.);
#7505 = ORIENTED_EDGE('',*,*,#6834,.T.);
#7506 = ORIENTED_EDGE('',*,*,#7507,.T.);
#7507 = EDGE_CURVE('',#6835,#6252,#7508,.T.);
#7508 = SURFACE_CURVE('',#7509,(#7513,#7520),.PCURVE_S1.);
#7509 = LINE('',#7510,#7511);
#7510 = CARTESIAN_POINT('',(1.025E+03,-156.,491.));
#7511 = VECTOR('',#7512,1.);
#7512 = DIRECTION('',(0.,0.,1.));
#7513 = PCURVE('',#6267,#7514);
#7514 = DEFINITIONAL_REPRESENTATION('',(#7515),#7519);
#7515 = LINE('',#7516,#7517);
#7516 = CARTESIAN_POINT('',(0.,-28.));
#7517 = VECTOR('',#7518,1.);
#7518 = DIRECTION('',(1.,0.));
#7519 = ( GEOMETRIC_REPRESENTATION_CONTEXT(2) 
PARAMETRIC_REPRESENTATION_CONTEXT() REPRESENTATION_CONTEXT('2D SPACE',''
  ) );
#7520 = PCURVE('',#6295,#7521);
#7521 = DEFINITIONAL_REPRESENTATION('',(#7522),#7526);
#7522 = LINE('',#7523,#7524);
#7523 = CARTESIAN_POINT('',(0.,0.));
#7524 = VECTOR('',#7525,1.);
#7525 = DIRECTION('',(1.,0.));
#7526 = ( GEOMETRIC_REPRESENTATION_CONTEXT(2) 
PARAMETRIC_REPRESENTATION_CONTEXT() REPRESENTATION_CONTEXT('2D SPACE',''
  ) );
#7527 = ORIENTED_EDGE('',*,*,#6251,.F.);
#7528 = ADVANCED_FACE('',(#7529),#6295,.F.);
#7529 = FACE_BOUND('',#7530,.F.);
#7530 = EDGE_LOOP('',(#7531,#7532,#7533,#7534));
#7531 = ORIENTED_EDGE('',*,*,#7480,.F.);
#7532 = ORIENTED_EDGE('',*,*,#6857,.T.);
#7533 = ORIENTED_EDGE('',*,*,#7507,.T.);
#7534 = ORIENTED_EDGE('',*,*,#6279,.F.);
#7535 = ADVANCED_FACE('',(#7536),#6353,.T.);
#7536 = FACE_BOUND('',#7537,.T.);
#7537 = EDGE_LOOP('',(#7538,#7559,#7560,#7581));
#7538 = ORIENTED_EDGE('',*,*,#7539,.F.);
#7539 = EDGE_CURVE('',#6904,#6336,#7540,.T.);
#7540 = SURFACE_CURVE('',#7541,(#7545,#7552),.PCURVE_S1.);
#7541 = LINE('',#7542,#7543);
#7542 = CARTESIAN_POINT('',(1.345E+03,156.,491.));
#7543 = VECTOR('',#7544,1.);
#7544 = DIRECTION('',(0.,0.,1.));
#7545 = PCURVE('',#6353,#7546);
#7546 = DEFINITIONAL_REPRESENTATION('',(#7547),#7551);
#7547 = LINE('',#7548,#7549);
#7548 = CARTESIAN_POINT('',(0.,320.));
#7549 = VECTOR('',#7550,1.);
#7550 = DIRECTION('',(1.,0.));
#7551 = ( GEOMETRIC_REPRESENTATION_CONTEXT(2) 
PARAMETRIC_REPRESENTATION_CONTEXT() REPRESENTATION_CONTEXT('2D SPACE',''
  ) );
#7552 = PCURVE('',#6435,#7553);
#7553 = DEFINITIONAL_REPRESENTATION('',(#7554),#7558);
#7554 = LINE('',#7555,#7556);
#7555 = CARTESIAN_POINT('',(0.,0.));
#7556 = VECTOR('',#7557,1.);
#7557 = DIRECTION('',(1.,0.));
#7558 = ( GEOMETRIC_REPRESENTATION_CONTEXT(2) 
PARAMETRIC_REPRESENTATION_CONTEXT() REPRESENTATION_CONTEXT('2D SPACE',''
  ) );
#7559 = ORIENTED_EDGE('',*,*,#6903,.T.);
#7560 = ORIENTED_EDGE('',*,*,#7561,.T.);
#7561 = EDGE_CURVE('',#6906,#6338,#7562,.T.);
#7562 = SURFACE_CURVE('',#7563,(#7567,#7574),.PCURVE_S1.);
#7563 = LINE('',#7564,#7565);
#7564 = CARTESIAN_POINT('',(1.025E+03,156.,491.));
#7565 = VECTOR('',#7566,1.);
#7566 = DIRECTION('',(0.,0.,1.));
#7567 = PCURVE('',#6353,#7568);
#7568 = DEFINITIONAL_REPRESENTATION('',(#7569),#7573);
#7569 = LINE('',#7570,#7571);
#7570 = CARTESIAN_POINT('',(0.,0.));
#7571 = VECTOR('',#7572,1.);
#7572 = DIRECTION('',(1.,0.));
#7573 = ( GEOMETRIC_REPRESENTATION_CONTEXT(2) 
PARAMETRIC_REPRESENTATION_CONTEXT() REPRESENTATION_CONTEXT('2D SPACE',''
  ) );
#7574 = PCURVE('',#6381,#7575);
#7575 = DEFINITIONAL_REPRESENTATION('',(#7576),#7580);
#7576 = LINE('',#7577,#7578);
#7577 = CARTESIAN_POINT('',(0.,0.));
#7578 = VECTOR('',#7579,1.);
#7579 = DIRECTION('',(1.,0.));
#7580 = ( GEOMETRIC_REPRESENTATION_CONTEXT(2) 
PARAMETRIC_REPRESENTATION_CONTEXT() REPRESENTATION_CONTEXT('2D SPACE',''
  ) );
#7581 = ORIENTED_EDGE('',*,*,#6335,.F.);
#7582 = ADVANCED_FACE('',(#7583),#6435,.F.);
#7583 = FACE_BOUND('',#7584,.F.);
#7584 = EDGE_LOOP('',(#7585,#7586,#7587,#7608));
#7585 = ORIENTED_EDGE('',*,*,#7539,.F.);
#7586 = ORIENTED_EDGE('',*,*,#6974,.T.);
#7587 = ORIENTED_EDGE('',*,*,#7588,.T.);
#7588 = EDGE_CURVE('',#6952,#6394,#7589,.T.);
#7589 = SURFACE_CURVE('',#7590,(#7594,#7601),.PCURVE_S1.);
#7590 = LINE('',#7591,#7592);
#7591 = CARTESIAN_POINT('',(1.345E+03,184.,491.));
#7592 = VECTOR('',#7593,1.);
#7593 = DIRECTION('',(0.,0.,1.));
#7594 = PCURVE('',#6435,#7595);
#7595 = DEFINITIONAL_REPRESENTATION('',(#7596),#7600);
#7596 = LINE('',#7597,#7598);
#7597 = CARTESIAN_POINT('',(0.,-28.));
#7598 = VECTOR('',#7599,1.);
#7599 = DIRECTION('',(1.,0.));
#7600 = ( GEOMETRIC_REPRESENTATION_CONTEXT(2) 
PARAMETRIC_REPRESENTATION_CONTEXT() REPRESENTATION_CONTEXT('2D SPACE',''
  ) );
#7601 = PCURVE('',#6409,#7602);
#7602 = DEFINITIONAL_REPRESENTATION('',(#7603),#7607);
#7603 = LINE('',#7604,#7605);
#7604 = CARTESIAN_POINT('',(0.,320.));
#7605 = VECTOR('',#7606,1.);
#7606 = DIRECTION('',(1.,0.));
#7607 = ( GEOMETRIC_REPRESENTATION_CONTEXT(2) 
PARAMETRIC_REPRESENTATION_CONTEXT() REPRESENTATION_CONTEXT('2D SPACE',''
  ) );
#7608 = ORIENTED_EDGE('',*,*,#6421,.F.);
#7609 = ADVANCED_FACE('',(#7610),#6381,.T.);
#7610 = FACE_BOUND('',#7611,.T.);
#7611 = EDGE_LOOP('',(#7612,#7613,#7614,#7635));
#7612 = ORIENTED_EDGE('',*,*,#7561,.F.);
#7613 = ORIENTED_EDGE('',*,*,#6928,.T.);
#7614 = ORIENTED_EDGE('',*,*,#7615,.T.);
#7615 = EDGE_CURVE('',#6929,#6366,#7616,.T.);
#7616 = SURFACE_CURVE('',#7617,(#7621,#7628),.PCURVE_S1.);
#7617 = LINE('',#7618,#7619);
#7618 = CARTESIAN_POINT('',(1.025E+03,184.,491.));
#7619 = VECTOR('',#7620,1.);
#7620 = DIRECTION('',(0.,0.,1.));
#7621 = PCURVE('',#6381,#7622);
#7622 = DEFINITIONAL_REPRESENTATION('',(#7623),#7627);
#7623 = LINE('',#7624,#7625);
#7624 = CARTESIAN_POINT('',(0.,-28.));
#7625 = VECTOR('',#7626,1.);
#7626 = DIRECTION('',(1.,0.));
#7627 = ( GEOMETRIC_REPRESENTATION_CONTEXT(2) 
PARAMETRIC_REPRESENTATION_CONTEXT() REPRESENTATION_CONTEXT('2D SPACE',''
  ) );
#7628 = PCURVE('',#6409,#7629);
#7629 = DEFINITIONAL_REPRESENTATION('',(#7630),#7634);
#7630 = LINE('',#7631,#7632);
#7631 = CARTESIAN_POINT('',(0.,0.));
#7632 = VECTOR('',#7633,1.);
#7633 = DIRECTION('',(1.,0.));
#7634 = ( GEOMETRIC_REPRESENTATION_CONTEXT(2) 
PARAMETRIC_REPRESENTATION_CONTEXT() REPRESENTATION_CONTEXT('2D SPACE',''
  ) );
#7635 = ORIENTED_EDGE('',*,*,#6365,.F.);
#7636 = ADVANCED_FACE('',(#7637),#6409,.F.);
#7637 = FACE_BOUND('',#7638,.F.);
#7638 = EDGE_LOOP('',(#7639,#7640,#7641,#7642));
#7639 = ORIENTED_EDGE('',*,*,#7588,.F.);
#7640 = ORIENTED_EDGE('',*,*,#6951,.T.);
#7641 = ORIENTED_EDGE('',*,*,#7615,.T.);
#7642 = ORIENTED_EDGE('',*,*,#6393,.F.);
#7643 = ADVANCED_FACE('',(#7644),#6467,.T.);
#7644 = FACE_BOUND('',#7645,.T.);
#7645 = EDGE_LOOP('',(#7646,#7667,#7668,#7689));
#7646 = ORIENTED_EDGE('',*,*,#7647,.F.);
#7647 = EDGE_CURVE('',#6998,#6450,#7648,.T.);
#7648 = SURFACE_CURVE('',#7649,(#7653,#7660),.PCURVE_S1.);
#7649 = LINE('',#7650,#7651);
#7650 = CARTESIAN_POINT('',(1.345E+03,206.,491.));
#7651 = VECTOR('',#7652,1.);
#7652 = DIRECTION('',(0.,0.,1.));
#7653 = PCURVE('',#6467,#7654);
#7654 = DEFINITIONAL_REPRESENTATION('',(#7655),#7659);
#7655 = LINE('',#7656,#7657);
#7656 = CARTESIAN_POINT('',(0.,320.));
#7657 = VECTOR('',#7658,1.);
#7658 = DIRECTION('',(1.,0.));
#7659 = ( GEOMETRIC_REPRESENTATION_CONTEXT(2) 
PARAMETRIC_REPRESENTATION_CONTEXT() REPRESENTATION_CONTEXT('2D SPACE',''
  ) );
#7660 = PCURVE('',#6549,#7661);
#7661 = DEFINITIONAL_REPRESENTATION('',(#7662),#7666);
#7662 = LINE('',#7663,#7664);
#7663 = CARTESIAN_POINT('',(0.,0.));
#7664 = VECTOR('',#7665,1.);
#7665 = DIRECTION('',(1.,0.));
#7666 = ( GEOMETRIC_REPRESENTATION_CONTEXT(2) 
PARAMETRIC_REPRESENTATION_CONTEXT() REPRESENTATION_CONTEXT('2D SPACE',''
  ) );
#7667 = ORIENTED_EDGE('',*,*,#6997,.T.);
#7668 = ORIENTED_EDGE('',*,*,#7669,.T.);
#7669 = EDGE_CURVE('',#7000,#6452,#7670,.T.);
#7670 = SURFACE_CURVE('',#7671,(#7675,#7682),.PCURVE_S1.);
#7671 = LINE('',#7672,#7673);
#7672 = CARTESIAN_POINT('',(1.025E+03,206.,491.));
#7673 = VECTOR('',#7674,1.);
#7674 = DIRECTION('',(0.,0.,1.));
#7675 = PCURVE('',#6467,#7676);
#7676 = DEFINITIONAL_REPRESENTATION('',(#7677),#7681);
#7677 = LINE('',#7678,#7679);
#7678 = CARTESIAN_POINT('',(0.,0.));
#7679 = VECTOR('',#7680,1.);
#7680 = DIRECTION('',(1.,0.));
#7681 = ( GEOMETRIC_REPRESENTATION_CONTEXT(2) 
PARAMETRIC_REPRESENTATION_CONTEXT() REPRESENTATION_CONTEXT('2D SPACE',''
  ) );
#7682 = PCURVE('',#6495,#7683);
#7683 = DEFINITIONAL_REPRESENTATION('',(#7684),#7688);
#7684 = LINE('',#7685,#7686);
#7685 = CARTESIAN_POINT('',(0.,0.));
#7686 = VECTOR('',#7687,1.);
#7687 = DIRECTION('',(1.,0.));
#7688 = ( GEOMETRIC_REPRESENTATION_CONTEXT(2) 
PARAMETRIC_REPRESENTATION_CONTEXT() REPRESENTATION_CONTEXT('2D SPACE',''
  ) );
#7689 = ORIENTED_EDGE('',*,*,#6449,.F.);
#7690 = ADVANCED_FACE('',(#7691),#6549,.F.);
#7691 = FACE_BOUND('',#7692,.F.);
#7692 = EDGE_LOOP('',(#7693,#7694,#7695,#7716));
#7693 = ORIENTED_EDGE('',*,*,#7647,.F.);
#7694 = ORIENTED_EDGE('',*,*,#7068,.T.);
#7695 = ORIENTED_EDGE('',*,*,#7696,.T.);
#7696 = EDGE_CURVE('',#7046,#6508,#7697,.T.);
#7697 = SURFACE_CURVE('',#7698,(#7702,#7709),.PCURVE_S1.);
#7698 = LINE('',#7699,#7700);
#7699 = CARTESIAN_POINT('',(1.345E+03,234.,491.));
#7700 = VECTOR('',#7701,1.);
#7701 = DIRECTION('',(0.,0.,1.));
#7702 = PCURVE('',#6549,#7703);
#7703 = DEFINITIONAL_REPRESENTATION('',(#7704),#7708);
#7704 = LINE('',#7705,#7706);
#7705 = CARTESIAN_POINT('',(0.,-28.));
#7706 = VECTOR('',#7707,1.);
#7707 = DIRECTION('',(1.,0.));
#7708 = ( GEOMETRIC_REPRESENTATION_CONTEXT(2) 
PARAMETRIC_REPRESENTATION_CONTEXT() REPRESENTATION_CONTEXT('2D SPACE',''
  ) );
#7709 = PCURVE('',#6523,#7710);
#7710 = DEFINITIONAL_REPRESENTATION('',(#7711),#7715);
#7711 = LINE('',#7712,#7713);
#7712 = CARTESIAN_POINT('',(0.,320.));
#7713 = VECTOR('',#7714,1.);
#7714 = DIRECTION('',(1.,0.));
#7715 = ( GEOMETRIC_REPRESENTATION_CONTEXT(2) 
PARAMETRIC_REPRESENTATION_CONTEXT() REPRESENTATION_CONTEXT('2D SPACE',''
  ) );
#7716 = ORIENTED_EDGE('',*,*,#6535,.F.);
#7717 = ADVANCED_FACE('',(#7718),#6523,.F.);
#7718 = FACE_BOUND('',#7719,.F.);
#7719 = EDGE_LOOP('',(#7720,#7721,#7722,#7743));
#7720 = ORIENTED_EDGE('',*,*,#7696,.F.);
#7721 = ORIENTED_EDGE('',*,*,#7045,.T.);
#7722 = ORIENTED_EDGE('',*,*,#7723,.T.);
#7723 = EDGE_CURVE('',#7023,#6480,#7724,.T.);
#7724 = SURFACE_CURVE('',#7725,(#7729,#7736),.PCURVE_S1.);
#7725 = LINE('',#7726,#7727);
#7726 = CARTESIAN_POINT('',(1.025E+03,234.,491.));
#7727 = VECTOR('',#7728,1.);
#7728 = DIRECTION('',(0.,0.,1.));
#7729 = PCURVE('',#6523,#7730);
#7730 = DEFINITIONAL_REPRESENTATION('',(#7731),#7735);
#7731 = LINE('',#7732,#7733);
#7732 = CARTESIAN_POINT('',(0.,0.));
#7733 = VECTOR('',#7734,1.);
#7734 = DIRECTION('',(1.,0.));
#7735 = ( GEOMETRIC_REPRESENTATION_CONTEXT(2) 
PARAMETRIC_REPRESENTATION_CONTEXT() REPRESENTATION_CONTEXT('2D SPACE',''
  ) );
#7736 = PCURVE('',#6495,#7737);
#7737 = DEFINITIONAL_REPRESENTATION('',(#7738),#7742);
#7738 = LINE('',#7739,#7740);
#7739 = CARTESIAN_POINT('',(0.,-28.));
#7740 = VECTOR('',#7741,1.);
#7741 = DIRECTION('',(1.,0.));
#7742 = ( GEOMETRIC_REPRESENTATION_CONTEXT(2) 
PARAMETRIC_REPRESENTATION_CONTEXT() REPRESENTATION_CONTEXT('2D SPACE',''
  ) );
#7743 = ORIENTED_EDGE('',*,*,#6507,.F.);
#7744 = ADVANCED_FACE('',(#7745),#6495,.T.);
#7745 = FACE_BOUND('',#7746,.T.);
#7746 = EDGE_LOOP('',(#7747,#7748,#7749,#7750));
#7747 = ORIENTED_EDGE('',*,*,#7669,.F.);
#7748 = ORIENTED_EDGE('',*,*,#7022,.T.);
#7749 = ORIENTED_EDGE('',*,*,#7723,.T.);
#7750 = ORIENTED_EDGE('',*,*,#6479,.F.);
#7751 = ADVANCED_FACE('',(#7752),#6609,.T.);
#7752 = FACE_BOUND('',#7753,.T.);
#7753 = EDGE_LOOP('',(#7754,#7777,#7778,#7779));
#7754 = ORIENTED_EDGE('',*,*,#7755,.F.);
#7755 = EDGE_CURVE('',#6566,#7756,#7758,.T.);
#7756 = VERTEX_POINT('',#7757);
#7757 = CARTESIAN_POINT('',(1.395E+03,360.,494.));
#7758 = SURFACE_CURVE('',#7759,(#7763,#7770),.PCURVE_S1.);
#7759 = LINE('',#7760,#7761);
#7760 = CARTESIAN_POINT('',(935.,360.,494.));
#7761 = VECTOR('',#7762,1.);
#7762 = DIRECTION('',(1.,0.,0.));
#7763 = PCURVE('',#6609,#7764);
#7764 = DEFINITIONAL_REPRESENTATION('',(#7765),#7769);
#7765 = LINE('',#7766,#7767);
#7766 = CARTESIAN_POINT('',(0.,0.));
#7767 = VECTOR('',#7768,1.);
#7768 = DIRECTION('',(0.,1.));
#7769 = ( GEOMETRIC_REPRESENTATION_CONTEXT(2) 
PARAMETRIC_REPRESENTATION_CONTEXT() REPRESENTATION_CONTEXT('2D SPACE',''
  ) );
#7770 = PCURVE('',#6581,#7771);
#7771 = DEFINITIONAL_REPRESENTATION('',(#7772),#7776);
#7772 = LINE('',#7773,#7774);
#7773 = CARTESIAN_POINT('',(0.,60.));
#7774 = VECTOR('',#7775,1.);
#7775 = DIRECTION('',(1.,0.));
#7776 = ( GEOMETRIC_REPRESENTATION_CONTEXT(2) 
PARAMETRIC_REPRESENTATION_CONTEXT() REPRESENTATION_CONTEXT('2D SPACE',''
  ) );
#7777 = ORIENTED_EDGE('',*,*,#6593,.T.);
#7778 = ORIENTED_EDGE('',*,*,#7252,.T.);
#7779 = ORIENTED_EDGE('',*,*,#7780,.F.);
#7780 = EDGE_CURVE('',#7756,#7225,#7781,.T.);
#7781 = SURFACE_CURVE('',#7782,(#7786,#7793),.PCURVE_S1.);
#7782 = LINE('',#7783,#7784);
#7783 = CARTESIAN_POINT('',(1.395E+03,360.,494.));
#7784 = VECTOR('',#7785,1.);
#7785 = DIRECTION('',(0.,0.,1.));
#7786 = PCURVE('',#6609,#7787);
#7787 = DEFINITIONAL_REPRESENTATION('',(#7788),#7792);
#7788 = LINE('',#7789,#7790);
#7789 = CARTESIAN_POINT('',(0.,460.));
#7790 = VECTOR('',#7791,1.);
#7791 = DIRECTION('',(1.,0.));
#7792 = ( GEOMETRIC_REPRESENTATION_CONTEXT(2) 
PARAMETRIC_REPRESENTATION_CONTEXT() REPRESENTATION_CONTEXT('2D SPACE',''
  ) );
#7793 = PCURVE('',#7240,#7794);
#7794 = DEFINITIONAL_REPRESENTATION('',(#7795),#7799);
#7795 = LINE('',#7796,#7797);
#7796 = CARTESIAN_POINT('',(0.,-60.));
#7797 = VECTOR('',#7798,1.);
#7798 = DIRECTION('',(1.,0.));
#7799 = ( GEOMETRIC_REPRESENTATION_CONTEXT(2) 
PARAMETRIC_REPRESENTATION_CONTEXT() REPRESENTATION_CONTEXT('2D SPACE',''
  ) );
#7800 = ADVANCED_FACE('',(#7801),#6581,.F.);
#7801 = FACE_BOUND('',#7802,.F.);
#7802 = EDGE_LOOP('',(#7803,#7804,#7805,#7826));
#7803 = ORIENTED_EDGE('',*,*,#6565,.F.);
#7804 = ORIENTED_EDGE('',*,*,#6692,.T.);
#7805 = ORIENTED_EDGE('',*,*,#7806,.T.);
#7806 = EDGE_CURVE('',#6670,#7756,#7807,.T.);
#7807 = SURFACE_CURVE('',#7808,(#7812,#7819),.PCURVE_S1.);
#7808 = LINE('',#7809,#7810);
#7809 = CARTESIAN_POINT('',(1.395E+03,300.,494.));
#7810 = VECTOR('',#7811,1.);
#7811 = DIRECTION('',(0.,1.,0.));
#7812 = PCURVE('',#6581,#7813);
#7813 = DEFINITIONAL_REPRESENTATION('',(#7814),#7818);
#7814 = LINE('',#7815,#7816);
#7815 = CARTESIAN_POINT('',(460.,0.));
#7816 = VECTOR('',#7817,1.);
#7817 = DIRECTION('',(0.,1.));
#7818 = ( GEOMETRIC_REPRESENTATION_CONTEXT(2) 
PARAMETRIC_REPRESENTATION_CONTEXT() REPRESENTATION_CONTEXT('2D SPACE',''
  ) );
#7819 = PCURVE('',#7240,#7820);
#7820 = DEFINITIONAL_REPRESENTATION('',(#7821),#7825);
#7821 = LINE('',#7822,#7823);
#7822 = CARTESIAN_POINT('',(0.,0.));
#7823 = VECTOR('',#7824,1.);
#7824 = DIRECTION('',(0.,-1.));
#7825 = ( GEOMETRIC_REPRESENTATION_CONTEXT(2) 
PARAMETRIC_REPRESENTATION_CONTEXT() REPRESENTATION_CONTEXT('2D SPACE',''
  ) );
#7826 = ORIENTED_EDGE('',*,*,#7755,.F.);
#7827 = ADVANCED_FACE('',(#7828),#7153,.T.);
#7828 = FACE_BOUND('',#7829,.T.);
#7829 = EDGE_LOOP('',(#7830,#7831,#7832,#7833));
#7830 = ORIENTED_EDGE('',*,*,#7139,.F.);
#7831 = ORIENTED_EDGE('',*,*,#7197,.T.);
#7832 = ORIENTED_EDGE('',*,*,#7276,.T.);
#7833 = ORIENTED_EDGE('',*,*,#7170,.F.);
#7834 = ADVANCED_FACE('',(#7835),#7240,.T.);
#7835 = FACE_BOUND('',#7836,.T.);
#7836 = EDGE_LOOP('',(#7837,#7838,#7839,#7840));
#7837 = ORIENTED_EDGE('',*,*,#7298,.F.);
#7838 = ORIENTED_EDGE('',*,*,#7806,.T.);
#7839 = ORIENTED_EDGE('',*,*,#7780,.T.);
#7840 = ORIENTED_EDGE('',*,*,#7224,.F.);
#7841 = ( GEOMETRIC_REPRESENTATION_CONTEXT(3) 
GLOBAL_UNCERTAINTY_ASSIGNED_CONTEXT((#7845)) 
GLOBAL_UNIT_ASSIGNED_CONTEXT((#7842,#7843,#7844)) REPRESENTATION_CONTEXT
('Context #1','3D Context with UNIT and UNCERTAINTY') );
#7842 = ( LENGTH_UNIT() NAMED_UNIT(*) SI_UNIT(.MILLI.,.METRE.) );
#7843 = ( NAMED_UNIT(*) PLANE_ANGLE_UNIT() SI_UNIT($,.RADIAN.) );
#7844 = ( NAMED_UNIT(*) SI_UNIT($,.STERADIAN.) SOLID_ANGLE_UNIT() );
#7845 = UNCERTAINTY_MEASURE_WITH_UNIT(LENGTH_MEASURE(1.E-07),#7842,
  'distance_accuracy_value','confusion accuracy');
#7846 = CONTEXT_DEPENDENT_SHAPE_REPRESENTATION(#7847,#7849);
#7847 = ( REPRESENTATION_RELATIONSHIP('','',#5814,#10) 
REPRESENTATION_RELATIONSHIP_WITH_TRANSFORMATION(#7848) 
SHAPE_REPRESENTATION_RELATIONSHIP() );
#7848 = ITEM_DEFINED_TRANSFORMATION('','',#11,#127);
#7849 = PRODUCT_DEFINITION_SHAPE('Placement','Placement of an item',
  #7850);
#7850 = NEXT_ASSEMBLY_USAGE_OCCURRENCE('71','D20_R02_TRAY','',#5,#5809,$
  );
#7851 = PRODUCT_RELATED_PRODUCT_CATEGORY('part',$,(#5811));
#7852 = SHAPE_DEFINITION_REPRESENTATION(#7853,#7859);
#7853 = PRODUCT_DEFINITION_SHAPE('','',#7854);
#7854 = PRODUCT_DEFINITION('design','',#7855,#7858);
#7855 = PRODUCT_DEFINITION_FORMATION('','',#7856);
#7856 = PRODUCT('D21_LAPTOP','D21_LAPTOP','',(#7857));
#7857 = PRODUCT_CONTEXT('',#2,'mechanical');
#7858 = PRODUCT_DEFINITION_CONTEXT('part definition',#2,'design');
#7859 = ADVANCED_BREP_SHAPE_REPRESENTATION('',(#11,#7860),#8190);
#7860 = MANIFOLD_SOLID_BREP('',#7861);
#7861 = CLOSED_SHELL('',(#7862,#7982,#8082,#8129,#8176,#8183));
#7862 = ADVANCED_FACE('',(#7863),#7877,.F.);
#7863 = FACE_BOUND('',#7864,.F.);
#7864 = EDGE_LOOP('',(#7865,#7900,#7928,#7956));
#7865 = ORIENTED_EDGE('',*,*,#7866,.F.);
#7866 = EDGE_CURVE('',#7867,#7869,#7871,.T.);
#7867 = VERTEX_POINT('',#7868);
#7868 = CARTESIAN_POINT('',(1.065E+03,-195.,522.));
#7869 = VERTEX_POINT('',#7870);
#7870 = CARTESIAN_POINT('',(1.065E+03,-195.,540.));
#7871 = SURFACE_CURVE('',#7872,(#7876,#7888),.PCURVE_S1.);
#7872 = LINE('',#7873,#7874);
#7873 = CARTESIAN_POINT('',(1.065E+03,-195.,522.));
#7874 = VECTOR('',#7875,1.);
#7875 = DIRECTION('',(0.,0.,1.));
#7876 = PCURVE('',#7877,#7882);
#7877 = PLANE('',#7878);
#7878 = AXIS2_PLACEMENT_3D('',#7879,#7880,#7881);
#7879 = CARTESIAN_POINT('',(1.065E+03,-195.,522.));
#7880 = DIRECTION('',(1.,0.,0.));
#7881 = DIRECTION('',(0.,0.,1.));
#7882 = DEFINITIONAL_REPRESENTATION('',(#7883),#7887);
#7883 = LINE('',#7884,#7885);
#7884 = CARTESIAN_POINT('',(0.,0.));
#7885 = VECTOR('',#7886,1.);
#7886 = DIRECTION('',(1.,0.));
#7887 = ( GEOMETRIC_REPRESENTATION_CONTEXT(2) 
PARAMETRIC_REPRESENTATION_CONTEXT() REPRESENTATION_CONTEXT('2D SPACE',''
  ) );
#7888 = PCURVE('',#7889,#7894);
#7889 = PLANE('',#7890);
#7890 = AXIS2_PLACEMENT_3D('',#7891,#7892,#7893);
#7891 = CARTESIAN_POINT('',(1.065E+03,-195.,522.));
#7892 = DIRECTION('',(0.,1.,0.));
#7893 = DIRECTION('',(0.,0.,1.));
#7894 = DEFINITIONAL_REPRESENTATION('',(#7895),#7899);
#7895 = LINE('',#7896,#7897);
#7896 = CARTESIAN_POINT('',(0.,0.));
#7897 = VECTOR('',#7898,1.);
#7898 = DIRECTION('',(1.,0.));
#7899 = ( GEOMETRIC_REPRESENTATION_CONTEXT(2) 
PARAMETRIC_REPRESENTATION_CONTEXT() REPRESENTATION_CONTEXT('2D SPACE',''
  ) );
#7900 = ORIENTED_EDGE('',*,*,#7901,.T.);
#7901 = EDGE_CURVE('',#7867,#7902,#7904,.T.);
#7902 = VERTEX_POINT('',#7903);
#7903 = CARTESIAN_POINT('',(1.065E+03,195.,522.));
#7904 = SURFACE_CURVE('',#7905,(#7909,#7916),.PCURVE_S1.);
#7905 = LINE('',#7906,#7907);
#7906 = CARTESIAN_POINT('',(1.065E+03,-195.,522.));
#7907 = VECTOR('',#7908,1.);
#7908 = DIRECTION('',(0.,1.,0.));
#7909 = PCURVE('',#7877,#7910);
#7910 = DEFINITIONAL_REPRESENTATION('',(#7911),#7915);
#7911 = LINE('',#7912,#7913);
#7912 = CARTESIAN_POINT('',(0.,0.));
#7913 = VECTOR('',#7914,1.);
#7914 = DIRECTION('',(0.,-1.));
#7915 = ( GEOMETRIC_REPRESENTATION_CONTEXT(2) 
PARAMETRIC_REPRESENTATION_CONTEXT() REPRESENTATION_CONTEXT('2D SPACE',''
  ) );
#7916 = PCURVE('',#7917,#7922);
#7917 = PLANE('',#7918);
#7918 = AXIS2_PLACEMENT_3D('',#7919,#7920,#7921);
#7919 = CARTESIAN_POINT('',(1.065E+03,-195.,522.));
#7920 = DIRECTION('',(0.,0.,1.));
#7921 = DIRECTION('',(1.,0.,0.));
#7922 = DEFINITIONAL_REPRESENTATION('',(#7923),#7927);
#7923 = LINE('',#7924,#7925);
#7924 = CARTESIAN_POINT('',(0.,0.));
#7925 = VECTOR('',#7926,1.);
#7926 = DIRECTION('',(0.,1.));
#7927 = ( GEOMETRIC_REPRESENTATION_CONTEXT(2) 
PARAMETRIC_REPRESENTATION_CONTEXT() REPRESENTATION_CONTEXT('2D SPACE',''
  ) );
#7928 = ORIENTED_EDGE('',*,*,#7929,.T.);
#7929 = EDGE_CURVE('',#7902,#7930,#7932,.T.);
#7930 = VERTEX_POINT('',#7931);
#7931 = CARTESIAN_POINT('',(1.065E+03,195.,540.));
#7932 = SURFACE_CURVE('',#7933,(#7937,#7944),.PCURVE_S1.);
#7933 = LINE('',#7934,#7935);
#7934 = CARTESIAN_POINT('',(1.065E+03,195.,522.));
#7935 = VECTOR('',#7936,1.);
#7936 = DIRECTION('',(0.,0.,1.));
#7937 = PCURVE('',#7877,#7938);
#7938 = DEFINITIONAL_REPRESENTATION('',(#7939),#7943);
#7939 = LINE('',#7940,#7941);
#7940 = CARTESIAN_POINT('',(0.,-390.));
#7941 = VECTOR('',#7942,1.);
#7942 = DIRECTION('',(1.,0.));
#7943 = ( GEOMETRIC_REPRESENTATION_CONTEXT(2) 
PARAMETRIC_REPRESENTATION_CONTEXT() REPRESENTATION_CONTEXT('2D SPACE',''
  ) );
#7944 = PCURVE('',#7945,#7950);
#7945 = PLANE('',#7946);
#7946 = AXIS2_PLACEMENT_3D('',#7947,#7948,#7949);
#7947 = CARTESIAN_POINT('',(1.065E+03,195.,522.));
#7948 = DIRECTION('',(0.,1.,0.));
#7949 = DIRECTION('',(0.,0.,1.));
#7950 = DEFINITIONAL_REPRESENTATION('',(#7951),#7955);
#7951 = LINE('',#7952,#7953);
#7952 = CARTESIAN_POINT('',(0.,0.));
#7953 = VECTOR('',#7954,1.);
#7954 = DIRECTION('',(1.,0.));
#7955 = ( GEOMETRIC_REPRESENTATION_CONTEXT(2) 
PARAMETRIC_REPRESENTATION_CONTEXT() REPRESENTATION_CONTEXT('2D SPACE',''
  ) );
#7956 = ORIENTED_EDGE('',*,*,#7957,.F.);
#7957 = EDGE_CURVE('',#7869,#7930,#7958,.T.);
#7958 = SURFACE_CURVE('',#7959,(#7963,#7970),.PCURVE_S1.);
#7959 = LINE('',#7960,#7961);
#7960 = CARTESIAN_POINT('',(1.065E+03,-195.,540.));
#7961 = VECTOR('',#7962,1.);
#7962 = DIRECTION('',(0.,1.,0.));
#7963 = PCURVE('',#7877,#7964);
#7964 = DEFINITIONAL_REPRESENTATION('',(#7965),#7969);
#7965 = LINE('',#7966,#7967);
#7966 = CARTESIAN_POINT('',(18.,0.));
#7967 = VECTOR('',#7968,1.);
#7968 = DIRECTION('',(0.,-1.));
#7969 = ( GEOMETRIC_REPRESENTATION_CONTEXT(2) 
PARAMETRIC_REPRESENTATION_CONTEXT() REPRESENTATION_CONTEXT('2D SPACE',''
  ) );
#7970 = PCURVE('',#7971,#7976);
#7971 = PLANE('',#7972);
#7972 = AXIS2_PLACEMENT_3D('',#7973,#7974,#7975);
#7973 = CARTESIAN_POINT('',(1.065E+03,-195.,540.));
#7974 = DIRECTION('',(0.,0.,1.));
#7975 = DIRECTION('',(1.,0.,0.));
#7976 = DEFINITIONAL_REPRESENTATION('',(#7977),#7981);
#7977 = LINE('',#7978,#7979);
#7978 = CARTESIAN_POINT('',(0.,0.));
#7979 = VECTOR('',#7980,1.);
#7980 = DIRECTION('',(0.,1.));
#7981 = ( GEOMETRIC_REPRESENTATION_CONTEXT(2) 
PARAMETRIC_REPRESENTATION_CONTEXT() REPRESENTATION_CONTEXT('2D SPACE',''
  ) );
#7982 = ADVANCED_FACE('',(#7983),#7997,.T.);
#7983 = FACE_BOUND('',#7984,.T.);
#7984 = EDGE_LOOP('',(#7985,#8015,#8038,#8061));
#7985 = ORIENTED_EDGE('',*,*,#7986,.F.);
#7986 = EDGE_CURVE('',#7987,#7989,#7991,.T.);
#7987 = VERTEX_POINT('',#7988);
#7988 = CARTESIAN_POINT('',(1.355E+03,-195.,522.));
#7989 = VERTEX_POINT('',#7990);
#7990 = CARTESIAN_POINT('',(1.355E+03,-195.,540.));
#7991 = SURFACE_CURVE('',#7992,(#7996,#8008),.PCURVE_S1.);
#7992 = LINE('',#7993,#7994);
#7993 = CARTESIAN_POINT('',(1.355E+03,-195.,522.));
#7994 = VECTOR('',#7995,1.);
#7995 = DIRECTION('',(0.,0.,1.));
#7996 = PCURVE('',#7997,#8002);
#7997 = PLANE('',#7998);
#7998 = AXIS2_PLACEMENT_3D('',#7999,#8000,#8001);
#7999 = CARTESIAN_POINT('',(1.355E+03,-195.,522.));
#8000 = DIRECTION('',(1.,0.,0.));
#8001 = DIRECTION('',(0.,0.,1.));
#8002 = DEFINITIONAL_REPRESENTATION('',(#8003),#8007);
#8003 = LINE('',#8004,#8005);
#8004 = CARTESIAN_POINT('',(0.,0.));
#8005 = VECTOR('',#8006,1.);
#8006 = DIRECTION('',(1.,0.));
#8007 = ( GEOMETRIC_REPRESENTATION_CONTEXT(2) 
PARAMETRIC_REPRESENTATION_CONTEXT() REPRESENTATION_CONTEXT('2D SPACE',''
  ) );
#8008 = PCURVE('',#7889,#8009);
#8009 = DEFINITIONAL_REPRESENTATION('',(#8010),#8014);
#8010 = LINE('',#8011,#8012);
#8011 = CARTESIAN_POINT('',(0.,290.));
#8012 = VECTOR('',#8013,1.);
#8013 = DIRECTION('',(1.,0.));
#8014 = ( GEOMETRIC_REPRESENTATION_CONTEXT(2) 
PARAMETRIC_REPRESENTATION_CONTEXT() REPRESENTATION_CONTEXT('2D SPACE',''
  ) );
#8015 = ORIENTED_EDGE('',*,*,#8016,.T.);
#8016 = EDGE_CURVE('',#7987,#8017,#8019,.T.);
#8017 = VERTEX_POINT('',#8018);
#8018 = CARTESIAN_POINT('',(1.355E+03,195.,522.));
#8019 = SURFACE_CURVE('',#8020,(#8024,#8031),.PCURVE_S1.);
#8020 = LINE('',#8021,#8022);
#8021 = CARTESIAN_POINT('',(1.355E+03,-195.,522.));
#8022 = VECTOR('',#8023,1.);
#8023 = DIRECTION('',(0.,1.,0.));
#8024 = PCURVE('',#7997,#8025);
#8025 = DEFINITIONAL_REPRESENTATION('',(#8026),#8030);
#8026 = LINE('',#8027,#8028);
#8027 = CARTESIAN_POINT('',(0.,0.));
#8028 = VECTOR('',#8029,1.);
#8029 = DIRECTION('',(0.,-1.));
#8030 = ( GEOMETRIC_REPRESENTATION_CONTEXT(2) 
PARAMETRIC_REPRESENTATION_CONTEXT() REPRESENTATION_CONTEXT('2D SPACE',''
  ) );
#8031 = PCURVE('',#7917,#8032);
#8032 = DEFINITIONAL_REPRESENTATION('',(#8033),#8037);
#8033 = LINE('',#8034,#8035);
#8034 = CARTESIAN_POINT('',(290.,0.));
#8035 = VECTOR('',#8036,1.);
#8036 = DIRECTION('',(0.,1.));
#8037 = ( GEOMETRIC_REPRESENTATION_CONTEXT(2) 
PARAMETRIC_REPRESENTATION_CONTEXT() REPRESENTATION_CONTEXT('2D SPACE',''
  ) );
#8038 = ORIENTED_EDGE('',*,*,#8039,.T.);
#8039 = EDGE_CURVE('',#8017,#8040,#8042,.T.);
#8040 = VERTEX_POINT('',#8041);
#8041 = CARTESIAN_POINT('',(1.355E+03,195.,540.));
#8042 = SURFACE_CURVE('',#8043,(#8047,#8054),.PCURVE_S1.);
#8043 = LINE('',#8044,#8045);
#8044 = CARTESIAN_POINT('',(1.355E+03,195.,522.));
#8045 = VECTOR('',#8046,1.);
#8046 = DIRECTION('',(0.,0.,1.));
#8047 = PCURVE('',#7997,#8048);
#8048 = DEFINITIONAL_REPRESENTATION('',(#8049),#8053);
#8049 = LINE('',#8050,#8051);
#8050 = CARTESIAN_POINT('',(0.,-390.));
#8051 = VECTOR('',#8052,1.);
#8052 = DIRECTION('',(1.,0.));
#8053 = ( GEOMETRIC_REPRESENTATION_CONTEXT(2) 
PARAMETRIC_REPRESENTATION_CONTEXT() REPRESENTATION_CONTEXT('2D SPACE',''
  ) );
#8054 = PCURVE('',#7945,#8055);
#8055 = DEFINITIONAL_REPRESENTATION('',(#8056),#8060);
#8056 = LINE('',#8057,#8058);
#8057 = CARTESIAN_POINT('',(0.,290.));
#8058 = VECTOR('',#8059,1.);
#8059 = DIRECTION('',(1.,0.));
#8060 = ( GEOMETRIC_REPRESENTATION_CONTEXT(2) 
PARAMETRIC_REPRESENTATION_CONTEXT() REPRESENTATION_CONTEXT('2D SPACE',''
  ) );
#8061 = ORIENTED_EDGE('',*,*,#8062,.F.);
#8062 = EDGE_CURVE('',#7989,#8040,#8063,.T.);
#8063 = SURFACE_CURVE('',#8064,(#8068,#8075),.PCURVE_S1.);
#8064 = LINE('',#8065,#8066);
#8065 = CARTESIAN_POINT('',(1.355E+03,-195.,540.));
#8066 = VECTOR('',#8067,1.);
#8067 = DIRECTION('',(0.,1.,0.));
#8068 = PCURVE('',#7997,#8069);
#8069 = DEFINITIONAL_REPRESENTATION('',(#8070),#8074);
#8070 = LINE('',#8071,#8072);
#8071 = CARTESIAN_POINT('',(18.,0.));
#8072 = VECTOR('',#8073,1.);
#8073 = DIRECTION('',(0.,-1.));
#8074 = ( GEOMETRIC_REPRESENTATION_CONTEXT(2) 
PARAMETRIC_REPRESENTATION_CONTEXT() REPRESENTATION_CONTEXT('2D SPACE',''
  ) );
#8075 = PCURVE('',#7971,#8076);
#8076 = DEFINITIONAL_REPRESENTATION('',(#8077),#8081);
#8077 = LINE('',#8078,#8079);
#8078 = CARTESIAN_POINT('',(290.,0.));
#8079 = VECTOR('',#8080,1.);
#8080 = DIRECTION('',(0.,1.));
#8081 = ( GEOMETRIC_REPRESENTATION_CONTEXT(2) 
PARAMETRIC_REPRESENTATION_CONTEXT() REPRESENTATION_CONTEXT('2D SPACE',''
  ) );
#8082 = ADVANCED_FACE('',(#8083),#7889,.F.);
#8083 = FACE_BOUND('',#8084,.F.);
#8084 = EDGE_LOOP('',(#8085,#8106,#8107,#8128));
#8085 = ORIENTED_EDGE('',*,*,#8086,.F.);
#8086 = EDGE_CURVE('',#7867,#7987,#8087,.T.);
#8087 = SURFACE_CURVE('',#8088,(#8092,#8099),.PCURVE_S1.);
#8088 = LINE('',#8089,#8090);
#8089 = CARTESIAN_POINT('',(1.065E+03,-195.,522.));
#8090 = VECTOR('',#8091,1.);
#8091 = DIRECTION('',(1.,0.,0.));
#8092 = PCURVE('',#7889,#8093);
#8093 = DEFINITIONAL_REPRESENTATION('',(#8094),#8098);
#8094 = LINE('',#8095,#8096);
#8095 = CARTESIAN_POINT('',(0.,0.));
#8096 = VECTOR('',#8097,1.);
#8097 = DIRECTION('',(0.,1.));
#8098 = ( GEOMETRIC_REPRESENTATION_CONTEXT(2) 
PARAMETRIC_REPRESENTATION_CONTEXT() REPRESENTATION_CONTEXT('2D SPACE',''
  ) );
#8099 = PCURVE('',#7917,#8100);
#8100 = DEFINITIONAL_REPRESENTATION('',(#8101),#8105);
#8101 = LINE('',#8102,#8103);
#8102 = CARTESIAN_POINT('',(0.,0.));
#8103 = VECTOR('',#8104,1.);
#8104 = DIRECTION('',(1.,0.));
#8105 = ( GEOMETRIC_REPRESENTATION_CONTEXT(2) 
PARAMETRIC_REPRESENTATION_CONTEXT() REPRESENTATION_CONTEXT('2D SPACE',''
  ) );
#8106 = ORIENTED_EDGE('',*,*,#7866,.T.);
#8107 = ORIENTED_EDGE('',*,*,#8108,.T.);
#8108 = EDGE_CURVE('',#7869,#7989,#8109,.T.);
#8109 = SURFACE_CURVE('',#8110,(#8114,#8121),.PCURVE_S1.);
#8110 = LINE('',#8111,#8112);
#8111 = CARTESIAN_POINT('',(1.065E+03,-195.,540.));
#8112 = VECTOR('',#8113,1.);
#8113 = DIRECTION('',(1.,0.,0.));
#8114 = PCURVE('',#7889,#8115);
#8115 = DEFINITIONAL_REPRESENTATION('',(#8116),#8120);
#8116 = LINE('',#8117,#8118);
#8117 = CARTESIAN_POINT('',(18.,0.));
#8118 = VECTOR('',#8119,1.);
#8119 = DIRECTION('',(0.,1.));
#8120 = ( GEOMETRIC_REPRESENTATION_CONTEXT(2) 
PARAMETRIC_REPRESENTATION_CONTEXT() REPRESENTATION_CONTEXT('2D SPACE',''
  ) );
#8121 = PCURVE('',#7971,#8122);
#8122 = DEFINITIONAL_REPRESENTATION('',(#8123),#8127);
#8123 = LINE('',#8124,#8125);
#8124 = CARTESIAN_POINT('',(0.,0.));
#8125 = VECTOR('',#8126,1.);
#8126 = DIRECTION('',(1.,0.));
#8127 = ( GEOMETRIC_REPRESENTATION_CONTEXT(2) 
PARAMETRIC_REPRESENTATION_CONTEXT() REPRESENTATION_CONTEXT('2D SPACE',''
  ) );
#8128 = ORIENTED_EDGE('',*,*,#7986,.F.);
#8129 = ADVANCED_FACE('',(#8130),#7945,.T.);
#8130 = FACE_BOUND('',#8131,.T.);
#8131 = EDGE_LOOP('',(#8132,#8153,#8154,#8175));
#8132 = ORIENTED_EDGE('',*,*,#8133,.F.);
#8133 = EDGE_CURVE('',#7902,#8017,#8134,.T.);
#8134 = SURFACE_CURVE('',#8135,(#8139,#8146),.PCURVE_S1.);
#8135 = LINE('',#8136,#8137);
#8136 = CARTESIAN_POINT('',(1.065E+03,195.,522.));
#8137 = VECTOR('',#8138,1.);
#8138 = DIRECTION('',(1.,0.,0.));
#8139 = PCURVE('',#7945,#8140);
#8140 = DEFINITIONAL_REPRESENTATION('',(#8141),#8145);
#8141 = LINE('',#8142,#8143);
#8142 = CARTESIAN_POINT('',(0.,0.));
#8143 = VECTOR('',#8144,1.);
#8144 = DIRECTION('',(0.,1.));
#8145 = ( GEOMETRIC_REPRESENTATION_CONTEXT(2) 
PARAMETRIC_REPRESENTATION_CONTEXT() REPRESENTATION_CONTEXT('2D SPACE',''
  ) );
#8146 = PCURVE('',#7917,#8147);
#8147 = DEFINITIONAL_REPRESENTATION('',(#8148),#8152);
#8148 = LINE('',#8149,#8150);
#8149 = CARTESIAN_POINT('',(0.,390.));
#8150 = VECTOR('',#8151,1.);
#8151 = DIRECTION('',(1.,0.));
#8152 = ( GEOMETRIC_REPRESENTATION_CONTEXT(2) 
PARAMETRIC_REPRESENTATION_CONTEXT() REPRESENTATION_CONTEXT('2D SPACE',''
  ) );
#8153 = ORIENTED_EDGE('',*,*,#7929,.T.);
#8154 = ORIENTED_EDGE('',*,*,#8155,.T.);
#8155 = EDGE_CURVE('',#7930,#8040,#8156,.T.);
#8156 = SURFACE_CURVE('',#8157,(#8161,#8168),.PCURVE_S1.);
#8157 = LINE('',#8158,#8159);
#8158 = CARTESIAN_POINT('',(1.065E+03,195.,540.));
#8159 = VECTOR('',#8160,1.);
#8160 = DIRECTION('',(1.,0.,0.));
#8161 = PCURVE('',#7945,#8162);
#8162 = DEFINITIONAL_REPRESENTATION('',(#8163),#8167);
#8163 = LINE('',#8164,#8165);
#8164 = CARTESIAN_POINT('',(18.,0.));
#8165 = VECTOR('',#8166,1.);
#8166 = DIRECTION('',(0.,1.));
#8167 = ( GEOMETRIC_REPRESENTATION_CONTEXT(2) 
PARAMETRIC_REPRESENTATION_CONTEXT() REPRESENTATION_CONTEXT('2D SPACE',''
  ) );
#8168 = PCURVE('',#7971,#8169);
#8169 = DEFINITIONAL_REPRESENTATION('',(#8170),#8174);
#8170 = LINE('',#8171,#8172);
#8171 = CARTESIAN_POINT('',(0.,390.));
#8172 = VECTOR('',#8173,1.);
#8173 = DIRECTION('',(1.,0.));
#8174 = ( GEOMETRIC_REPRESENTATION_CONTEXT(2) 
PARAMETRIC_REPRESENTATION_CONTEXT() REPRESENTATION_CONTEXT('2D SPACE',''
  ) );
#8175 = ORIENTED_EDGE('',*,*,#8039,.F.);
#8176 = ADVANCED_FACE('',(#8177),#7917,.F.);
#8177 = FACE_BOUND('',#8178,.F.);
#8178 = EDGE_LOOP('',(#8179,#8180,#8181,#8182));
#8179 = ORIENTED_EDGE('',*,*,#7901,.F.);
#8180 = ORIENTED_EDGE('',*,*,#8086,.T.);
#8181 = ORIENTED_EDGE('',*,*,#8016,.T.);
#8182 = ORIENTED_EDGE('',*,*,#8133,.F.);
#8183 = ADVANCED_FACE('',(#8184),#7971,.T.);
#8184 = FACE_BOUND('',#8185,.T.);
#8185 = EDGE_LOOP('',(#8186,#8187,#8188,#8189));
#8186 = ORIENTED_EDGE('',*,*,#7957,.F.);
#8187 = ORIENTED_EDGE('',*,*,#8108,.T.);
#8188 = ORIENTED_EDGE('',*,*,#8062,.T.);
#8189 = ORIENTED_EDGE('',*,*,#8155,.F.);
#8190 = ( GEOMETRIC_REPRESENTATION_CONTEXT(3) 
GLOBAL_UNCERTAINTY_ASSIGNED_CONTEXT((#8194)) 
GLOBAL_UNIT_ASSIGNED_CONTEXT((#8191,#8192,#8193)) REPRESENTATION_CONTEXT
('Context #1','3D Context with UNIT and UNCERTAINTY') );
#8191 = ( LENGTH_UNIT() NAMED_UNIT(*) SI_UNIT(.MILLI.,.METRE.) );
#8192 = ( NAMED_UNIT(*) PLANE_ANGLE_UNIT() SI_UNIT($,.RADIAN.) );
#8193 = ( NAMED_UNIT(*) SI_UNIT($,.STERADIAN.) SOLID_ANGLE_UNIT() );
#8194 = UNCERTAINTY_MEASURE_WITH_UNIT(LENGTH_MEASURE(1.E-07),#8191,
  'distance_accuracy_value','confusion accuracy');
#8195 = CONTEXT_DEPENDENT_SHAPE_REPRESENTATION(#8196,#8198);
#8196 = ( REPRESENTATION_RELATIONSHIP('','',#7859,#10) 
REPRESENTATION_RELATIONSHIP_WITH_TRANSFORMATION(#8197) 
SHAPE_REPRESENTATION_RELATIONSHIP() );
#8197 = ITEM_DEFINED_TRANSFORMATION('','',#11,#131);
#8198 = PRODUCT_DEFINITION_SHAPE('Placement','Placement of an item',
  #8199);
#8199 = NEXT_ASSEMBLY_USAGE_OCCURRENCE('72','D21_LAPTOP','',#5,#7854,$);
#8200 = PRODUCT_RELATED_PRODUCT_CATEGORY('part',$,(#7856));
#8201 = SHAPE_DEFINITION_REPRESENTATION(#8202,#8208);
#8202 = PRODUCT_DEFINITION_SHAPE('','',#8203);
#8203 = PRODUCT_DEFINITION('design','',#8204,#8207);
#8204 = PRODUCT_DEFINITION_FORMATION('','',#8205);
#8205 = PRODUCT('D22_SCREEN','D22_SCREEN','',(#8206));
#8206 = PRODUCT_CONTEXT('',#2,'mechanical');
#8207 = PRODUCT_DEFINITION_CONTEXT('part definition',#2,'design');
#8208 = ADVANCED_BREP_SHAPE_REPRESENTATION('',(#11,#8209),#8539);
#8209 = MANIFOLD_SOLID_BREP('',#8210);
#8210 = CLOSED_SHELL('',(#8211,#8331,#8431,#8478,#8525,#8532));
#8211 = ADVANCED_FACE('',(#8212),#8226,.F.);
#8212 = FACE_BOUND('',#8213,.F.);
#8213 = EDGE_LOOP('',(#8214,#8249,#8277,#8305));
#8214 = ORIENTED_EDGE('',*,*,#8215,.F.);
#8215 = EDGE_CURVE('',#8216,#8218,#8220,.T.);
#8216 = VERTEX_POINT('',#8217);
#8217 = CARTESIAN_POINT('',(1.359131114396E+03,-195.,541.2474701449));
#8218 = VERTEX_POINT('',#8219);
#8219 = CARTESIAN_POINT('',(1.409029920192E+03,-195.,776.00289432102));
#8220 = SURFACE_CURVE('',#8221,(#8225,#8237),.PCURVE_S1.);
#8221 = LINE('',#8222,#8223);
#8222 = CARTESIAN_POINT('',(1.359131114396E+03,-195.,541.2474701449));
#8223 = VECTOR('',#8224,1.);
#8224 = DIRECTION('',(0.207911690818,0.,0.978147600734));
#8225 = PCURVE('',#8226,#8231);
#8226 = PLANE('',#8227);
#8227 = AXIS2_PLACEMENT_3D('',#8228,#8229,#8230);
#8228 = CARTESIAN_POINT('',(1.359131114396E+03,-195.,541.2474701449));
#8229 = DIRECTION('',(0.978147600734,0.,-0.207911690818));
#8230 = DIRECTION('',(0.207911690818,0.,0.978147600734));
#8231 = DEFINITIONAL_REPRESENTATION('',(#8232),#8236);
#8232 = LINE('',#8233,#8234);
#8233 = CARTESIAN_POINT('',(0.,0.));
#8234 = VECTOR('',#8235,1.);
#8235 = DIRECTION('',(1.,0.));
#8236 = ( GEOMETRIC_REPRESENTATION_CONTEXT(2) 
PARAMETRIC_REPRESENTATION_CONTEXT() REPRESENTATION_CONTEXT('2D SPACE',''
  ) );
#8237 = PCURVE('',#8238,#8243);
#8238 = PLANE('',#8239);
#8239 = AXIS2_PLACEMENT_3D('',#8240,#8241,#8242);
#8240 = CARTESIAN_POINT('',(1.359131114396E+03,-195.,541.2474701449));
#8241 = DIRECTION('',(0.,1.,0.));
#8242 = DIRECTION('',(0.207911690818,0.,0.978147600734));
#8243 = DEFINITIONAL_REPRESENTATION('',(#8244),#8248);
#8244 = LINE('',#8245,#8246);
#8245 = CARTESIAN_POINT('',(0.,0.));
#8246 = VECTOR('',#8247,1.);
#8247 = DIRECTION('',(1.,0.));
#8248 = ( GEOMETRIC_REPRESENTATION_CONTEXT(2) 
PARAMETRIC_REPRESENTATION_CONTEXT() REPRESENTATION_CONTEXT('2D SPACE',''
  ) );
#8249 = ORIENTED_EDGE('',*,*,#8250,.T.);
#8250 = EDGE_CURVE('',#8216,#8251,#8253,.T.);
#8251 = VERTEX_POINT('',#8252);
#8252 = CARTESIAN_POINT('',(1.359131114396E+03,195.,541.2474701449));
#8253 = SURFACE_CURVE('',#8254,(#8258,#8265),.PCURVE_S1.);
#8254 = LINE('',#8255,#8256);
#8255 = CARTESIAN_POINT('',(1.359131114396E+03,-195.,541.2474701449));
#8256 = VECTOR('',#8257,1.);
#8257 = DIRECTION('',(0.,1.,0.));
#8258 = PCURVE('',#8226,#8259);
#8259 = DEFINITIONAL_REPRESENTATION('',(#8260),#8264);
#8260 = LINE('',#8261,#8262);
#8261 = CARTESIAN_POINT('',(0.,0.));
#8262 = VECTOR('',#8263,1.);
#8263 = DIRECTION('',(0.,-1.));
#8264 = ( GEOMETRIC_REPRESENTATION_CONTEXT(2) 
PARAMETRIC_REPRESENTATION_CONTEXT() REPRESENTATION_CONTEXT('2D SPACE',''
  ) );
#8265 = PCURVE('',#8266,#8271);
#8266 = PLANE('',#8267);
#8267 = AXIS2_PLACEMENT_3D('',#8268,#8269,#8270);
#8268 = CARTESIAN_POINT('',(1.359131114396E+03,-195.,541.2474701449));
#8269 = DIRECTION('',(0.207911690818,0.,0.978147600734));
#8270 = DIRECTION('',(0.978147600734,0.,-0.207911690818));
#8271 = DEFINITIONAL_REPRESENTATION('',(#8272),#8276);
#8272 = LINE('',#8273,#8274);
#8273 = CARTESIAN_POINT('',(0.,0.));
#8274 = VECTOR('',#8275,1.);
#8275 = DIRECTION('',(0.,1.));
#8276 = ( GEOMETRIC_REPRESENTATION_CONTEXT(2) 
PARAMETRIC_REPRESENTATION_CONTEXT() REPRESENTATION_CONTEXT('2D SPACE',''
  ) );
#8277 = ORIENTED_EDGE('',*,*,#8278,.T.);
#8278 = EDGE_CURVE('',#8251,#8279,#8281,.T.);
#8279 = VERTEX_POINT('',#8280);
#8280 = CARTESIAN_POINT('',(1.409029920192E+03,195.,776.00289432102));
#8281 = SURFACE_CURVE('',#8282,(#8286,#8293),.PCURVE_S1.);
#8282 = LINE('',#8283,#8284);
#8283 = CARTESIAN_POINT('',(1.359131114396E+03,195.,541.2474701449));
#8284 = VECTOR('',#8285,1.);
#8285 = DIRECTION('',(0.207911690818,0.,0.978147600734));
#8286 = PCURVE('',#8226,#8287);
#8287 = DEFINITIONAL_REPRESENTATION('',(#8288),#8292);
#8288 = LINE('',#8289,#8290);
#8289 = CARTESIAN_POINT('',(0.,-390.));
#8290 = VECTOR('',#8291,1.);
#8291 = DIRECTION('',(1.,0.));
#8292 = ( GEOMETRIC_REPRESENTATION_CONTEXT(2) 
PARAMETRIC_REPRESENTATION_CONTEXT() REPRESENTATION_CONTEXT('2D SPACE',''
  ) );
#8293 = PCURVE('',#8294,#8299);
#8294 = PLANE('',#8295);
#8295 = AXIS2_PLACEMENT_3D('',#8296,#8297,#8298);
#8296 = CARTESIAN_POINT('',(1.359131114396E+03,195.,541.2474701449));
#8297 = DIRECTION('',(0.,1.,0.));
#8298 = DIRECTION('',(0.207911690818,0.,0.978147600734));
#8299 = DEFINITIONAL_REPRESENTATION('',(#8300),#8304);
#8300 = LINE('',#8301,#8302);
#8301 = CARTESIAN_POINT('',(0.,0.));
#8302 = VECTOR('',#8303,1.);
#8303 = DIRECTION('',(1.,0.));
#8304 = ( GEOMETRIC_REPRESENTATION_CONTEXT(2) 
PARAMETRIC_REPRESENTATION_CONTEXT() REPRESENTATION_CONTEXT('2D SPACE',''
  ) );
#8305 = ORIENTED_EDGE('',*,*,#8306,.F.);
#8306 = EDGE_CURVE('',#8218,#8279,#8307,.T.);
#8307 = SURFACE_CURVE('',#8308,(#8312,#8319),.PCURVE_S1.);
#8308 = LINE('',#8309,#8310);
#8309 = CARTESIAN_POINT('',(1.409029920192E+03,-195.,776.00289432102));
#8310 = VECTOR('',#8311,1.);
#8311 = DIRECTION('',(0.,1.,0.));
#8312 = PCURVE('',#8226,#8313);
#8313 = DEFINITIONAL_REPRESENTATION('',(#8314),#8318);
#8314 = LINE('',#8315,#8316);
#8315 = CARTESIAN_POINT('',(240.,0.));
#8316 = VECTOR('',#8317,1.);
#8317 = DIRECTION('',(0.,-1.));
#8318 = ( GEOMETRIC_REPRESENTATION_CONTEXT(2) 
PARAMETRIC_REPRESENTATION_CONTEXT() REPRESENTATION_CONTEXT('2D SPACE',''
  ) );
#8319 = PCURVE('',#8320,#8325);
#8320 = PLANE('',#8321);
#8321 = AXIS2_PLACEMENT_3D('',#8322,#8323,#8324);
#8322 = CARTESIAN_POINT('',(1.409029920192E+03,-195.,776.00289432102));
#8323 = DIRECTION('',(0.207911690818,0.,0.978147600734));
#8324 = DIRECTION('',(0.978147600734,0.,-0.207911690818));
#8325 = DEFINITIONAL_REPRESENTATION('',(#8326),#8330);
#8326 = LINE('',#8327,#8328);
#8327 = CARTESIAN_POINT('',(0.,0.));
#8328 = VECTOR('',#8329,1.);
#8329 = DIRECTION('',(0.,1.));
#8330 = ( GEOMETRIC_REPRESENTATION_CONTEXT(2) 
PARAMETRIC_REPRESENTATION_CONTEXT() REPRESENTATION_CONTEXT('2D SPACE',''
  ) );
#8331 = ADVANCED_FACE('',(#8332),#8346,.T.);
#8332 = FACE_BOUND('',#8333,.T.);
#8333 = EDGE_LOOP('',(#8334,#8364,#8387,#8410));
#8334 = ORIENTED_EDGE('',*,*,#8335,.F.);
#8335 = EDGE_CURVE('',#8336,#8338,#8340,.T.);
#8336 = VERTEX_POINT('',#8337);
#8337 = CARTESIAN_POINT('',(1.370868885604E+03,-195.,538.75252985509));
#8338 = VERTEX_POINT('',#8339);
#8339 = CARTESIAN_POINT('',(1.420767691401E+03,-195.,773.5079540312));
#8340 = SURFACE_CURVE('',#8341,(#8345,#8357),.PCURVE_S1.);
#8341 = LINE('',#8342,#8343);
#8342 = CARTESIAN_POINT('',(1.370868885604E+03,-195.,538.75252985509));
#8343 = VECTOR('',#8344,1.);
#8344 = DIRECTION('',(0.207911690818,0.,0.978147600734));
#8345 = PCURVE('',#8346,#8351);
#8346 = PLANE('',#8347);
#8347 = AXIS2_PLACEMENT_3D('',#8348,#8349,#8350);
#8348 = CARTESIAN_POINT('',(1.370868885604E+03,-195.,538.75252985509));
#8349 = DIRECTION('',(0.978147600734,0.,-0.207911690818));
#8350 = DIRECTION('',(0.207911690818,0.,0.978147600734));
#8351 = DEFINITIONAL_REPRESENTATION('',(#8352),#8356);
#8352 = LINE('',#8353,#8354);
#8353 = CARTESIAN_POINT('',(0.,0.));
#8354 = VECTOR('',#8355,1.);
#8355 = DIRECTION('',(1.,0.));
#8356 = ( GEOMETRIC_REPRESENTATION_CONTEXT(2) 
PARAMETRIC_REPRESENTATION_CONTEXT() REPRESENTATION_CONTEXT('2D SPACE',''
  ) );
#8357 = PCURVE('',#8238,#8358);
#8358 = DEFINITIONAL_REPRESENTATION('',(#8359),#8363);
#8359 = LINE('',#8360,#8361);
#8360 = CARTESIAN_POINT('',(4.485301019486E-14,12.));
#8361 = VECTOR('',#8362,1.);
#8362 = DIRECTION('',(1.,0.));
#8363 = ( GEOMETRIC_REPRESENTATION_CONTEXT(2) 
PARAMETRIC_REPRESENTATION_CONTEXT() REPRESENTATION_CONTEXT('2D SPACE',''
  ) );
#8364 = ORIENTED_EDGE('',*,*,#8365,.T.);
#8365 = EDGE_CURVE('',#8336,#8366,#8368,.T.);
#8366 = VERTEX_POINT('',#8367);
#8367 = CARTESIAN_POINT('',(1.370868885604E+03,195.,538.75252985509));
#8368 = SURFACE_CURVE('',#8369,(#8373,#8380),.PCURVE_S1.);
#8369 = LINE('',#8370,#8371);
#8370 = CARTESIAN_POINT('',(1.370868885604E+03,-195.,538.75252985509));
#8371 = VECTOR('',#8372,1.);
#8372 = DIRECTION('',(0.,1.,0.));
#8373 = PCURVE('',#8346,#8374);
#8374 = DEFINITIONAL_REPRESENTATION('',(#8375),#8379);
#8375 = LINE('',#8376,#8377);
#8376 = CARTESIAN_POINT('',(0.,0.));
#8377 = VECTOR('',#8378,1.);
#8378 = DIRECTION('',(0.,-1.));
#8379 = ( GEOMETRIC_REPRESENTATION_CONTEXT(2) 
PARAMETRIC_REPRESENTATION_CONTEXT() REPRESENTATION_CONTEXT('2D SPACE',''
  ) );
#8380 = PCURVE('',#8266,#8381);
#8381 = DEFINITIONAL_REPRESENTATION('',(#8382),#8386);
#8382 = LINE('',#8383,#8384);
#8383 = CARTESIAN_POINT('',(12.,0.));
#8384 = VECTOR('',#8385,1.);
#8385 = DIRECTION('',(0.,1.));
#8386 = ( GEOMETRIC_REPRESENTATION_CONTEXT(2) 
PARAMETRIC_REPRESENTATION_CONTEXT() REPRESENTATION_CONTEXT('2D SPACE',''
  ) );
#8387 = ORIENTED_EDGE('',*,*,#8388,.T.);
#8388 = EDGE_CURVE('',#8366,#8389,#8391,.T.);
#8389 = VERTEX_POINT('',#8390);
#8390 = CARTESIAN_POINT('',(1.420767691401E+03,195.,773.5079540312));
#8391 = SURFACE_CURVE('',#8392,(#8396,#8403),.PCURVE_S1.);
#8392 = LINE('',#8393,#8394);
#8393 = CARTESIAN_POINT('',(1.370868885604E+03,195.,538.75252985509));
#8394 = VECTOR('',#8395,1.);
#8395 = DIRECTION('',(0.207911690818,0.,0.978147600734));
#8396 = PCURVE('',#8346,#8397);
#8397 = DEFINITIONAL_REPRESENTATION('',(#8398),#8402);
#8398 = LINE('',#8399,#8400);
#8399 = CARTESIAN_POINT('',(0.,-390.));
#8400 = VECTOR('',#8401,1.);
#8401 = DIRECTION('',(1.,0.));
#8402 = ( GEOMETRIC_REPRESENTATION_CONTEXT(2) 
PARAMETRIC_REPRESENTATION_CONTEXT() REPRESENTATION_CONTEXT('2D SPACE',''
  ) );
#8403 = PCURVE('',#8294,#8404);
#8404 = DEFINITIONAL_REPRESENTATION('',(#8405),#8409);
#8405 = LINE('',#8406,#8407);
#8406 = CARTESIAN_POINT('',(4.485301019486E-14,12.));
#8407 = VECTOR('',#8408,1.);
#8408 = DIRECTION('',(1.,0.));
#8409 = ( GEOMETRIC_REPRESENTATION_CONTEXT(2) 
PARAMETRIC_REPRESENTATION_CONTEXT() REPRESENTATION_CONTEXT('2D SPACE',''
  ) );
#8410 = ORIENTED_EDGE('',*,*,#8411,.F.);
#8411 = EDGE_CURVE('',#8338,#8389,#8412,.T.);
#8412 = SURFACE_CURVE('',#8413,(#8417,#8424),.PCURVE_S1.);
#8413 = LINE('',#8414,#8415);
#8414 = CARTESIAN_POINT('',(1.420767691401E+03,-195.,773.5079540312));
#8415 = VECTOR('',#8416,1.);
#8416 = DIRECTION('',(0.,1.,0.));
#8417 = PCURVE('',#8346,#8418);
#8418 = DEFINITIONAL_REPRESENTATION('',(#8419),#8423);
#8419 = LINE('',#8420,#8421);
#8420 = CARTESIAN_POINT('',(240.,0.));
#8421 = VECTOR('',#8422,1.);
#8422 = DIRECTION('',(0.,-1.));
#8423 = ( GEOMETRIC_REPRESENTATION_CONTEXT(2) 
PARAMETRIC_REPRESENTATION_CONTEXT() REPRESENTATION_CONTEXT('2D SPACE',''
  ) );
#8424 = PCURVE('',#8320,#8425);
#8425 = DEFINITIONAL_REPRESENTATION('',(#8426),#8430);
#8426 = LINE('',#8427,#8428);
#8427 = CARTESIAN_POINT('',(12.,0.));
#8428 = VECTOR('',#8429,1.);
#8429 = DIRECTION('',(0.,1.));
#8430 = ( GEOMETRIC_REPRESENTATION_CONTEXT(2) 
PARAMETRIC_REPRESENTATION_CONTEXT() REPRESENTATION_CONTEXT('2D SPACE',''
  ) );
#8431 = ADVANCED_FACE('',(#8432),#8238,.F.);
#8432 = FACE_BOUND('',#8433,.F.);
#8433 = EDGE_LOOP('',(#8434,#8455,#8456,#8477));
#8434 = ORIENTED_EDGE('',*,*,#8435,.F.);
#8435 = EDGE_CURVE('',#8216,#8336,#8436,.T.);
#8436 = SURFACE_CURVE('',#8437,(#8441,#8448),.PCURVE_S1.);
#8437 = LINE('',#8438,#8439);
#8438 = CARTESIAN_POINT('',(1.359131114396E+03,-195.,541.2474701449));
#8439 = VECTOR('',#8440,1.);
#8440 = DIRECTION('',(0.978147600734,0.,-0.207911690818));
#8441 = PCURVE('',#8238,#8442);
#8442 = DEFINITIONAL_REPRESENTATION('',(#8443),#8447);
#8443 = LINE('',#8444,#8445);
#8444 = CARTESIAN_POINT('',(0.,0.));
#8445 = VECTOR('',#8446,1.);
#8446 = DIRECTION('',(0.,1.));
#8447 = ( GEOMETRIC_REPRESENTATION_CONTEXT(2) 
PARAMETRIC_REPRESENTATION_CONTEXT() REPRESENTATION_CONTEXT('2D SPACE',''
  ) );
#8448 = PCURVE('',#8266,#8449);
#8449 = DEFINITIONAL_REPRESENTATION('',(#8450),#8454);
#8450 = LINE('',#8451,#8452);
#8451 = CARTESIAN_POINT('',(0.,0.));
#8452 = VECTOR('',#8453,1.);
#8453 = DIRECTION('',(1.,0.));
#8454 = ( GEOMETRIC_REPRESENTATION_CONTEXT(2) 
PARAMETRIC_REPRESENTATION_CONTEXT() REPRESENTATION_CONTEXT('2D SPACE',''
  ) );
#8455 = ORIENTED_EDGE('',*,*,#8215,.T.);
#8456 = ORIENTED_EDGE('',*,*,#8457,.T.);
#8457 = EDGE_CURVE('',#8218,#8338,#8458,.T.);
#8458 = SURFACE_CURVE('',#8459,(#8463,#8470),.PCURVE_S1.);
#8459 = LINE('',#8460,#8461);
#8460 = CARTESIAN_POINT('',(1.409029920192E+03,-195.,776.00289432102));
#8461 = VECTOR('',#8462,1.);
#8462 = DIRECTION('',(0.978147600734,0.,-0.207911690818));
#8463 = PCURVE('',#8238,#8464);
#8464 = DEFINITIONAL_REPRESENTATION('',(#8465),#8469);
#8465 = LINE('',#8466,#8467);
#8466 = CARTESIAN_POINT('',(240.,-7.815970093361E-14));
#8467 = VECTOR('',#8468,1.);
#8468 = DIRECTION('',(0.,1.));
#8469 = ( GEOMETRIC_REPRESENTATION_CONTEXT(2) 
PARAMETRIC_REPRESENTATION_CONTEXT() REPRESENTATION_CONTEXT('2D SPACE',''
  ) );
#8470 = PCURVE('',#8320,#8471);
#8471 = DEFINITIONAL_REPRESENTATION('',(#8472),#8476);
#8472 = LINE('',#8473,#8474);
#8473 = CARTESIAN_POINT('',(0.,0.));
#8474 = VECTOR('',#8475,1.);
#8475 = DIRECTION('',(1.,0.));
#8476 = ( GEOMETRIC_REPRESENTATION_CONTEXT(2) 
PARAMETRIC_REPRESENTATION_CONTEXT() REPRESENTATION_CONTEXT('2D SPACE',''
  ) );
#8477 = ORIENTED_EDGE('',*,*,#8335,.F.);
#8478 = ADVANCED_FACE('',(#8479),#8294,.T.);
#8479 = FACE_BOUND('',#8480,.T.);
#8480 = EDGE_LOOP('',(#8481,#8502,#8503,#8524));
#8481 = ORIENTED_EDGE('',*,*,#8482,.F.);
#8482 = EDGE_CURVE('',#8251,#8366,#8483,.T.);
#8483 = SURFACE_CURVE('',#8484,(#8488,#8495),.PCURVE_S1.);
#8484 = LINE('',#8485,#8486);
#8485 = CARTESIAN_POINT('',(1.359131114396E+03,195.,541.2474701449));
#8486 = VECTOR('',#8487,1.);
#8487 = DIRECTION('',(0.978147600734,0.,-0.207911690818));
#8488 = PCURVE('',#8294,#8489);
#8489 = DEFINITIONAL_REPRESENTATION('',(#8490),#8494);
#8490 = LINE('',#8491,#8492);
#8491 = CARTESIAN_POINT('',(0.,0.));
#8492 = VECTOR('',#8493,1.);
#8493 = DIRECTION('',(0.,1.));
#8494 = ( GEOMETRIC_REPRESENTATION_CONTEXT(2) 
PARAMETRIC_REPRESENTATION_CONTEXT() REPRESENTATION_CONTEXT('2D SPACE',''
  ) );
#8495 = PCURVE('',#8266,#8496);
#8496 = DEFINITIONAL_REPRESENTATION('',(#8497),#8501);
#8497 = LINE('',#8498,#8499);
#8498 = CARTESIAN_POINT('',(0.,390.));
#8499 = VECTOR('',#8500,1.);
#8500 = DIRECTION('',(1.,0.));
#8501 = ( GEOMETRIC_REPRESENTATION_CONTEXT(2) 
PARAMETRIC_REPRESENTATION_CONTEXT() REPRESENTATION_CONTEXT('2D SPACE',''
  ) );
#8502 = ORIENTED_EDGE('',*,*,#8278,.T.);
#8503 = ORIENTED_EDGE('',*,*,#8504,.T.);
#8504 = EDGE_CURVE('',#8279,#8389,#8505,.T.);
#8505 = SURFACE_CURVE('',#8506,(#8510,#8517),.PCURVE_S1.);
#8506 = LINE('',#8507,#8508);
#8507 = CARTESIAN_POINT('',(1.409029920192E+03,195.,776.00289432102));
#8508 = VECTOR('',#8509,1.);
#8509 = DIRECTION('',(0.978147600734,0.,-0.207911690818));
#8510 = PCURVE('',#8294,#8511);
#8511 = DEFINITIONAL_REPRESENTATION('',(#8512),#8516);
#8512 = LINE('',#8513,#8514);
#8513 = CARTESIAN_POINT('',(240.,-7.815970093361E-14));
#8514 = VECTOR('',#8515,1.);
#8515 = DIRECTION('',(0.,1.));
#8516 = ( GEOMETRIC_REPRESENTATION_CONTEXT(2) 
PARAMETRIC_REPRESENTATION_CONTEXT() REPRESENTATION_CONTEXT('2D SPACE',''
  ) );
#8517 = PCURVE('',#8320,#8518);
#8518 = DEFINITIONAL_REPRESENTATION('',(#8519),#8523);
#8519 = LINE('',#8520,#8521);
#8520 = CARTESIAN_POINT('',(0.,390.));
#8521 = VECTOR('',#8522,1.);
#8522 = DIRECTION('',(1.,0.));
#8523 = ( GEOMETRIC_REPRESENTATION_CONTEXT(2) 
PARAMETRIC_REPRESENTATION_CONTEXT() REPRESENTATION_CONTEXT('2D SPACE',''
  ) );
#8524 = ORIENTED_EDGE('',*,*,#8388,.F.);
#8525 = ADVANCED_FACE('',(#8526),#8266,.F.);
#8526 = FACE_BOUND('',#8527,.F.);
#8527 = EDGE_LOOP('',(#8528,#8529,#8530,#8531));
#8528 = ORIENTED_EDGE('',*,*,#8250,.F.);
#8529 = ORIENTED_EDGE('',*,*,#8435,.T.);
#8530 = ORIENTED_EDGE('',*,*,#8365,.T.);
#8531 = ORIENTED_EDGE('',*,*,#8482,.F.);
#8532 = ADVANCED_FACE('',(#8533),#8320,.T.);
#8533 = FACE_BOUND('',#8534,.T.);
#8534 = EDGE_LOOP('',(#8535,#8536,#8537,#8538));
#8535 = ORIENTED_EDGE('',*,*,#8306,.F.);
#8536 = ORIENTED_EDGE('',*,*,#8457,.T.);
#8537 = ORIENTED_EDGE('',*,*,#8411,.T.);
#8538 = ORIENTED_EDGE('',*,*,#8504,.F.);
#8539 = ( GEOMETRIC_REPRESENTATION_CONTEXT(3) 
GLOBAL_UNCERTAINTY_ASSIGNED_CONTEXT((#8543)) 
GLOBAL_UNIT_ASSIGNED_CONTEXT((#8540,#8541,#8542)) REPRESENTATION_CONTEXT
('Context #1','3D Context with UNIT and UNCERTAINTY') );
#8540 = ( LENGTH_UNIT() NAMED_UNIT(*) SI_UNIT(.MILLI.,.METRE.) );
#8541 = ( NAMED_UNIT(*) PLANE_ANGLE_UNIT() SI_UNIT($,.RADIAN.) );
#8542 = ( NAMED_UNIT(*) SI_UNIT($,.STERADIAN.) SOLID_ANGLE_UNIT() );
#8543 = UNCERTAINTY_MEASURE_WITH_UNIT(LENGTH_MEASURE(1.E-07),#8540,
  'distance_accuracy_value','confusion accuracy');
#8544 = CONTEXT_DEPENDENT_SHAPE_REPRESENTATION(#8545,#8547);
#8545 = ( REPRESENTATION_RELATIONSHIP('','',#8208,#10) 
REPRESENTATION_RELATIONSHIP_WITH_TRANSFORMATION(#8546) 
SHAPE_REPRESENTATION_RELATIONSHIP() );
#8546 = ITEM_DEFINED_TRANSFORMATION('','',#11,#135);
#8547 = PRODUCT_DEFINITION_SHAPE('Placement','Placement of an item',
  #8548);
#8548 = NEXT_ASSEMBLY_USAGE_OCCURRENCE('73','D22_SCREEN','',#5,#8203,$);
#8549 = PRODUCT_RELATED_PRODUCT_CATEGORY('part',$,(#8205));
#8550 = SHAPE_DEFINITION_REPRESENTATION(#8551,#8557);
#8551 = PRODUCT_DEFINITION_SHAPE('','',#8552);
#8552 = PRODUCT_DEFINITION('design','',#8553,#8556);
#8553 = PRODUCT_DEFINITION_FORMATION('','',#8554);
#8554 = PRODUCT('TOUCHPAD','TOUCHPAD','',(#8555));
#8555 = PRODUCT_CONTEXT('',#2,'mechanical');
#8556 = PRODUCT_DEFINITION_CONTEXT('part definition',#2,'design');
#8557 = ADVANCED_BREP_SHAPE_REPRESENTATION('',(#11,#8558),#8888);
#8558 = MANIFOLD_SOLID_BREP('',#8559);
#8559 = CLOSED_SHELL('',(#8560,#8680,#8780,#8827,#8874,#8881));
#8560 = ADVANCED_FACE('',(#8561),#8575,.F.);
#8561 = FACE_BOUND('',#8562,.F.);
#8562 = EDGE_LOOP('',(#8563,#8598,#8626,#8654));
#8563 = ORIENTED_EDGE('',*,*,#8564,.F.);
#8564 = EDGE_CURVE('',#8565,#8567,#8569,.T.);
#8565 = VERTEX_POINT('',#8566);
#8566 = CARTESIAN_POINT('',(1.034E+03,-60.,539.7));
#8567 = VERTEX_POINT('',#8568);
#8568 = CARTESIAN_POINT('',(1.034E+03,-60.,540.7));
#8569 = SURFACE_CURVE('',#8570,(#8574,#8586),.PCURVE_S1.);
#8570 = LINE('',#8571,#8572);
#8571 = CARTESIAN_POINT('',(1.034E+03,-60.,539.7));
#8572 = VECTOR('',#8573,1.);
#8573 = DIRECTION('',(0.,0.,1.));
#8574 = PCURVE('',#8575,#8580);
#8575 = PLANE('',#8576);
#8576 = AXIS2_PLACEMENT_3D('',#8577,#8578,#8579);
#8577 = CARTESIAN_POINT('',(1.034E+03,-60.,539.7));
#8578 = DIRECTION('',(1.,0.,0.));
#8579 = DIRECTION('',(0.,0.,1.));
#8580 = DEFINITIONAL_REPRESENTATION('',(#8581),#8585);
#8581 = LINE('',#8582,#8583);
#8582 = CARTESIAN_POINT('',(0.,0.));
#8583 = VECTOR('',#8584,1.);
#8584 = DIRECTION('',(1.,0.));
#8585 = ( GEOMETRIC_REPRESENTATION_CONTEXT(2) 
PARAMETRIC_REPRESENTATION_CONTEXT() REPRESENTATION_CONTEXT('2D SPACE',''
  ) );
#8586 = PCURVE('',#8587,#8592);
#8587 = PLANE('',#8588);
#8588 = AXIS2_PLACEMENT_3D('',#8589,#8590,#8591);
#8589 = CARTESIAN_POINT('',(1.034E+03,-60.,539.7));
#8590 = DIRECTION('',(0.,1.,0.));
#8591 = DIRECTION('',(0.,0.,1.));
#8592 = DEFINITIONAL_REPRESENTATION('',(#8593),#8597);
#8593 = LINE('',#8594,#8595);
#8594 = CARTESIAN_POINT('',(0.,0.));
#8595 = VECTOR('',#8596,1.);
#8596 = DIRECTION('',(1.,0.));
#8597 = ( GEOMETRIC_REPRESENTATION_CONTEXT(2) 
PARAMETRIC_REPRESENTATION_CONTEXT() REPRESENTATION_CONTEXT('2D SPACE',''
  ) );
#8598 = ORIENTED_EDGE('',*,*,#8599,.T.);
#8599 = EDGE_CURVE('',#8565,#8600,#8602,.T.);
#8600 = VERTEX_POINT('',#8601);
#8601 = CARTESIAN_POINT('',(1.034E+03,60.,539.7));
#8602 = SURFACE_CURVE('',#8603,(#8607,#8614),.PCURVE_S1.);
#8603 = LINE('',#8604,#8605);
#8604 = CARTESIAN_POINT('',(1.034E+03,-60.,539.7));
#8605 = VECTOR('',#8606,1.);
#8606 = DIRECTION('',(0.,1.,0.));
#8607 = PCURVE('',#8575,#8608);
#8608 = DEFINITIONAL_REPRESENTATION('',(#8609),#8613);
#8609 = LINE('',#8610,#8611);
#8610 = CARTESIAN_POINT('',(0.,0.));
#8611 = VECTOR('',#8612,1.);
#8612 = DIRECTION('',(0.,-1.));
#8613 = ( GEOMETRIC_REPRESENTATION_CONTEXT(2) 
PARAMETRIC_REPRESENTATION_CONTEXT() REPRESENTATION_CONTEXT('2D SPACE',''
  ) );
#8614 = PCURVE('',#8615,#8620);
#8615 = PLANE('',#8616);
#8616 = AXIS2_PLACEMENT_3D('',#8617,#8618,#8619);
#8617 = CARTESIAN_POINT('',(1.034E+03,-60.,539.7));
#8618 = DIRECTION('',(0.,0.,1.));
#8619 = DIRECTION('',(1.,0.,0.));
#8620 = DEFINITIONAL_REPRESENTATION('',(#8621),#8625);
#8621 = LINE('',#8622,#8623);
#8622 = CARTESIAN_POINT('',(0.,0.));
#8623 = VECTOR('',#8624,1.);
#8624 = DIRECTION('',(0.,1.));
#8625 = ( GEOMETRIC_REPRESENTATION_CONTEXT(2) 
PARAMETRIC_REPRESENTATION_CONTEXT() REPRESENTATION_CONTEXT('2D SPACE',''
  ) );
#8626 = ORIENTED_EDGE('',*,*,#8627,.T.);
#8627 = EDGE_CURVE('',#8600,#8628,#8630,.T.);
#8628 = VERTEX_POINT('',#8629);
#8629 = CARTESIAN_POINT('',(1.034E+03,60.,540.7));
#8630 = SURFACE_CURVE('',#8631,(#8635,#8642),.PCURVE_S1.);
#8631 = LINE('',#8632,#8633);
#8632 = CARTESIAN_POINT('',(1.034E+03,60.,539.7));
#8633 = VECTOR('',#8634,1.);
#8634 = DIRECTION('',(0.,0.,1.));
#8635 = PCURVE('',#8575,#8636);
#8636 = DEFINITIONAL_REPRESENTATION('',(#8637),#8641);
#8637 = LINE('',#8638,#8639);
#8638 = CARTESIAN_POINT('',(0.,-120.));
#8639 = VECTOR('',#8640,1.);
#8640 = DIRECTION('',(1.,0.));
#8641 = ( GEOMETRIC_REPRESENTATION_CONTEXT(2) 
PARAMETRIC_REPRESENTATION_CONTEXT() REPRESENTATION_CONTEXT('2D SPACE',''
  ) );
#8642 = PCURVE('',#8643,#8648);
#8643 = PLANE('',#8644);
#8644 = AXIS2_PLACEMENT_3D('',#8645,#8646,#8647);
#8645 = CARTESIAN_POINT('',(1.034E+03,60.,539.7));
#8646 = DIRECTION('',(0.,1.,0.));
#8647 = DIRECTION('',(0.,0.,1.));
#8648 = DEFINITIONAL_REPRESENTATION('',(#8649),#8653);
#8649 = LINE('',#8650,#8651);
#8650 = CARTESIAN_POINT('',(0.,0.));
#8651 = VECTOR('',#8652,1.);
#8652 = DIRECTION('',(1.,0.));
#8653 = ( GEOMETRIC_REPRESENTATION_CONTEXT(2) 
PARAMETRIC_REPRESENTATION_CONTEXT() REPRESENTATION_CONTEXT('2D SPACE',''
  ) );
#8654 = ORIENTED_EDGE('',*,*,#8655,.F.);
#8655 = EDGE_CURVE('',#8567,#8628,#8656,.T.);
#8656 = SURFACE_CURVE('',#8657,(#8661,#8668),.PCURVE_S1.);
#8657 = LINE('',#8658,#8659);
#8658 = CARTESIAN_POINT('',(1.034E+03,-60.,540.7));
#8659 = VECTOR('',#8660,1.);
#8660 = DIRECTION('',(0.,1.,0.));
#8661 = PCURVE('',#8575,#8662);
#8662 = DEFINITIONAL_REPRESENTATION('',(#8663),#8667);
#8663 = LINE('',#8664,#8665);
#8664 = CARTESIAN_POINT('',(1.,0.));
#8665 = VECTOR('',#8666,1.);
#8666 = DIRECTION('',(0.,-1.));
#8667 = ( GEOMETRIC_REPRESENTATION_CONTEXT(2) 
PARAMETRIC_REPRESENTATION_CONTEXT() REPRESENTATION_CONTEXT('2D SPACE',''
  ) );
#8668 = PCURVE('',#8669,#8674);
#8669 = PLANE('',#8670);
#8670 = AXIS2_PLACEMENT_3D('',#8671,#8672,#8673);
#8671 = CARTESIAN_POINT('',(1.034E+03,-60.,540.7));
#8672 = DIRECTION('',(0.,0.,1.));
#8673 = DIRECTION('',(1.,0.,0.));
#8674 = DEFINITIONAL_REPRESENTATION('',(#8675),#8679);
#8675 = LINE('',#8676,#8677);
#8676 = CARTESIAN_POINT('',(0.,0.));
#8677 = VECTOR('',#8678,1.);
#8678 = DIRECTION('',(0.,1.));
#8679 = ( GEOMETRIC_REPRESENTATION_CONTEXT(2) 
PARAMETRIC_REPRESENTATION_CONTEXT() REPRESENTATION_CONTEXT('2D SPACE',''
  ) );
#8680 = ADVANCED_FACE('',(#8681),#8695,.T.);
#8681 = FACE_BOUND('',#8682,.T.);
#8682 = EDGE_LOOP('',(#8683,#8713,#8736,#8759));
#8683 = ORIENTED_EDGE('',*,*,#8684,.F.);
#8684 = EDGE_CURVE('',#8685,#8687,#8689,.T.);
#8685 = VERTEX_POINT('',#8686);
#8686 = CARTESIAN_POINT('',(1.096E+03,-60.,539.7));
#8687 = VERTEX_POINT('',#8688);
#8688 = CARTESIAN_POINT('',(1.096E+03,-60.,540.7));
#8689 = SURFACE_CURVE('',#8690,(#8694,#8706),.PCURVE_S1.);
#8690 = LINE('',#8691,#8692);
#8691 = CARTESIAN_POINT('',(1.096E+03,-60.,539.7));
#8692 = VECTOR('',#8693,1.);
#8693 = DIRECTION('',(0.,0.,1.));
#8694 = PCURVE('',#8695,#8700);
#8695 = PLANE('',#8696);
#8696 = AXIS2_PLACEMENT_3D('',#8697,#8698,#8699);
#8697 = CARTESIAN_POINT('',(1.096E+03,-60.,539.7));
#8698 = DIRECTION('',(1.,0.,0.));
#8699 = DIRECTION('',(0.,0.,1.));
#8700 = DEFINITIONAL_REPRESENTATION('',(#8701),#8705);
#8701 = LINE('',#8702,#8703);
#8702 = CARTESIAN_POINT('',(0.,0.));
#8703 = VECTOR('',#8704,1.);
#8704 = DIRECTION('',(1.,0.));
#8705 = ( GEOMETRIC_REPRESENTATION_CONTEXT(2) 
PARAMETRIC_REPRESENTATION_CONTEXT() REPRESENTATION_CONTEXT('2D SPACE',''
  ) );
#8706 = PCURVE('',#8587,#8707);
#8707 = DEFINITIONAL_REPRESENTATION('',(#8708),#8712);
#8708 = LINE('',#8709,#8710);
#8709 = CARTESIAN_POINT('',(0.,62.));
#8710 = VECTOR('',#8711,1.);
#8711 = DIRECTION('',(1.,0.));
#8712 = ( GEOMETRIC_REPRESENTATION_CONTEXT(2) 
PARAMETRIC_REPRESENTATION_CONTEXT() REPRESENTATION_CONTEXT('2D SPACE',''
  ) );
#8713 = ORIENTED_EDGE('',*,*,#8714,.T.);
#8714 = EDGE_CURVE('',#8685,#8715,#8717,.T.);
#8715 = VERTEX_POINT('',#8716);
#8716 = CARTESIAN_POINT('',(1.096E+03,60.,539.7));
#8717 = SURFACE_CURVE('',#8718,(#8722,#8729),.PCURVE_S1.);
#8718 = LINE('',#8719,#8720);
#8719 = CARTESIAN_POINT('',(1.096E+03,-60.,539.7));
#8720 = VECTOR('',#8721,1.);
#8721 = DIRECTION('',(0.,1.,0.));
#8722 = PCURVE('',#8695,#8723);
#8723 = DEFINITIONAL_REPRESENTATION('',(#8724),#8728);
#8724 = LINE('',#8725,#8726);
#8725 = CARTESIAN_POINT('',(0.,0.));
#8726 = VECTOR('',#8727,1.);
#8727 = DIRECTION('',(0.,-1.));
#8728 = ( GEOMETRIC_REPRESENTATION_CONTEXT(2) 
PARAMETRIC_REPRESENTATION_CONTEXT() REPRESENTATION_CONTEXT('2D SPACE',''
  ) );
#8729 = PCURVE('',#8615,#8730);
#8730 = DEFINITIONAL_REPRESENTATION('',(#8731),#8735);
#8731 = LINE('',#8732,#8733);
#8732 = CARTESIAN_POINT('',(62.,0.));
#8733 = VECTOR('',#8734,1.);
#8734 = DIRECTION('',(0.,1.));
#8735 = ( GEOMETRIC_REPRESENTATION_CONTEXT(2) 
PARAMETRIC_REPRESENTATION_CONTEXT() REPRESENTATION_CONTEXT('2D SPACE',''
  ) );
#8736 = ORIENTED_EDGE('',*,*,#8737,.T.);
#8737 = EDGE_CURVE('',#8715,#8738,#8740,.T.);
#8738 = VERTEX_POINT('',#8739);
#8739 = CARTESIAN_POINT('',(1.096E+03,60.,540.7));
#8740 = SURFACE_CURVE('',#8741,(#8745,#8752),.PCURVE_S1.);
#8741 = LINE('',#8742,#8743);
#8742 = CARTESIAN_POINT('',(1.096E+03,60.,539.7));
#8743 = VECTOR('',#8744,1.);
#8744 = DIRECTION('',(0.,0.,1.));
#8745 = PCURVE('',#8695,#8746);
#8746 = DEFINITIONAL_REPRESENTATION('',(#8747),#8751);
#8747 = LINE('',#8748,#8749);
#8748 = CARTESIAN_POINT('',(0.,-120.));
#8749 = VECTOR('',#8750,1.);
#8750 = DIRECTION('',(1.,0.));
#8751 = ( GEOMETRIC_REPRESENTATION_CONTEXT(2) 
PARAMETRIC_REPRESENTATION_CONTEXT() REPRESENTATION_CONTEXT('2D SPACE',''
  ) );
#8752 = PCURVE('',#8643,#8753);
#8753 = DEFINITIONAL_REPRESENTATION('',(#8754),#8758);
#8754 = LINE('',#8755,#8756);
#8755 = CARTESIAN_POINT('',(0.,62.));
#8756 = VECTOR('',#8757,1.);
#8757 = DIRECTION('',(1.,0.));
#8758 = ( GEOMETRIC_REPRESENTATION_CONTEXT(2) 
PARAMETRIC_REPRESENTATION_CONTEXT() REPRESENTATION_CONTEXT('2D SPACE',''
  ) );
#8759 = ORIENTED_EDGE('',*,*,#8760,.F.);
#8760 = EDGE_CURVE('',#8687,#8738,#8761,.T.);
#8761 = SURFACE_CURVE('',#8762,(#8766,#8773),.PCURVE_S1.);
#8762 = LINE('',#8763,#8764);
#8763 = CARTESIAN_POINT('',(1.096E+03,-60.,540.7));
#8764 = VECTOR('',#8765,1.);
#8765 = DIRECTION('',(0.,1.,0.));
#8766 = PCURVE('',#8695,#8767);
#8767 = DEFINITIONAL_REPRESENTATION('',(#8768),#8772);
#8768 = LINE('',#8769,#8770);
#8769 = CARTESIAN_POINT('',(1.,0.));
#8770 = VECTOR('',#8771,1.);
#8771 = DIRECTION('',(0.,-1.));
#8772 = ( GEOMETRIC_REPRESENTATION_CONTEXT(2) 
PARAMETRIC_REPRESENTATION_CONTEXT() REPRESENTATION_CONTEXT('2D SPACE',''
  ) );
#8773 = PCURVE('',#8669,#8774);
#8774 = DEFINITIONAL_REPRESENTATION('',(#8775),#8779);
#8775 = LINE('',#8776,#8777);
#8776 = CARTESIAN_POINT('',(62.,0.));
#8777 = VECTOR('',#8778,1.);
#8778 = DIRECTION('',(0.,1.));
#8779 = ( GEOMETRIC_REPRESENTATION_CONTEXT(2) 
PARAMETRIC_REPRESENTATION_CONTEXT() REPRESENTATION_CONTEXT('2D SPACE',''
  ) );
#8780 = ADVANCED_FACE('',(#8781),#8587,.F.);
#8781 = FACE_BOUND('',#8782,.F.);
#8782 = EDGE_LOOP('',(#8783,#8804,#8805,#8826));
#8783 = ORIENTED_EDGE('',*,*,#8784,.F.);
#8784 = EDGE_CURVE('',#8565,#8685,#8785,.T.);
#8785 = SURFACE_CURVE('',#8786,(#8790,#8797),.PCURVE_S1.);
#8786 = LINE('',#8787,#8788);
#8787 = CARTESIAN_POINT('',(1.034E+03,-60.,539.7));
#8788 = VECTOR('',#8789,1.);
#8789 = DIRECTION('',(1.,0.,0.));
#8790 = PCURVE('',#8587,#8791);
#8791 = DEFINITIONAL_REPRESENTATION('',(#8792),#8796);
#8792 = LINE('',#8793,#8794);
#8793 = CARTESIAN_POINT('',(0.,0.));
#8794 = VECTOR('',#8795,1.);
#8795 = DIRECTION('',(0.,1.));
#8796 = ( GEOMETRIC_REPRESENTATION_CONTEXT(2) 
PARAMETRIC_REPRESENTATION_CONTEXT() REPRESENTATION_CONTEXT('2D SPACE',''
  ) );
#8797 = PCURVE('',#8615,#8798);
#8798 = DEFINITIONAL_REPRESENTATION('',(#8799),#8803);
#8799 = LINE('',#8800,#8801);
#8800 = CARTESIAN_POINT('',(0.,0.));
#8801 = VECTOR('',#8802,1.);
#8802 = DIRECTION('',(1.,0.));
#8803 = ( GEOMETRIC_REPRESENTATION_CONTEXT(2) 
PARAMETRIC_REPRESENTATION_CONTEXT() REPRESENTATION_CONTEXT('2D SPACE',''
  ) );
#8804 = ORIENTED_EDGE('',*,*,#8564,.T.);
#8805 = ORIENTED_EDGE('',*,*,#8806,.T.);
#8806 = EDGE_CURVE('',#8567,#8687,#8807,.T.);
#8807 = SURFACE_CURVE('',#8808,(#8812,#8819),.PCURVE_S1.);
#8808 = LINE('',#8809,#8810);
#8809 = CARTESIAN_POINT('',(1.034E+03,-60.,540.7));
#8810 = VECTOR('',#8811,1.);
#8811 = DIRECTION('',(1.,0.,0.));
#8812 = PCURVE('',#8587,#8813);
#8813 = DEFINITIONAL_REPRESENTATION('',(#8814),#8818);
#8814 = LINE('',#8815,#8816);
#8815 = CARTESIAN_POINT('',(1.,0.));
#8816 = VECTOR('',#8817,1.);
#8817 = DIRECTION('',(0.,1.));
#8818 = ( GEOMETRIC_REPRESENTATION_CONTEXT(2) 
PARAMETRIC_REPRESENTATION_CONTEXT() REPRESENTATION_CONTEXT('2D SPACE',''
  ) );
#8819 = PCURVE('',#8669,#8820);
#8820 = DEFINITIONAL_REPRESENTATION('',(#8821),#8825);
#8821 = LINE('',#8822,#8823);
#8822 = CARTESIAN_POINT('',(0.,0.));
#8823 = VECTOR('',#8824,1.);
#8824 = DIRECTION('',(1.,0.));
#8825 = ( GEOMETRIC_REPRESENTATION_CONTEXT(2) 
PARAMETRIC_REPRESENTATION_CONTEXT() REPRESENTATION_CONTEXT('2D SPACE',''
  ) );
#8826 = ORIENTED_EDGE('',*,*,#8684,.F.);
#8827 = ADVANCED_FACE('',(#8828),#8643,.T.);
#8828 = FACE_BOUND('',#8829,.T.);
#8829 = EDGE_LOOP('',(#8830,#8851,#8852,#8873));
#8830 = ORIENTED_EDGE('',*,*,#8831,.F.);
#8831 = EDGE_CURVE('',#8600,#8715,#8832,.T.);
#8832 = SURFACE_CURVE('',#8833,(#8837,#8844),.PCURVE_S1.);
#8833 = LINE('',#8834,#8835);
#8834 = CARTESIAN_POINT('',(1.034E+03,60.,539.7));
#8835 = VECTOR('',#8836,1.);
#8836 = DIRECTION('',(1.,0.,0.));
#8837 = PCURVE('',#8643,#8838);
#8838 = DEFINITIONAL_REPRESENTATION('',(#8839),#8843);
#8839 = LINE('',#8840,#8841);
#8840 = CARTESIAN_POINT('',(0.,0.));
#8841 = VECTOR('',#8842,1.);
#8842 = DIRECTION('',(0.,1.));
#8843 = ( GEOMETRIC_REPRESENTATION_CONTEXT(2) 
PARAMETRIC_REPRESENTATION_CONTEXT() REPRESENTATION_CONTEXT('2D SPACE',''
  ) );
#8844 = PCURVE('',#8615,#8845);
#8845 = DEFINITIONAL_REPRESENTATION('',(#8846),#8850);
#8846 = LINE('',#8847,#8848);
#8847 = CARTESIAN_POINT('',(0.,120.));
#8848 = VECTOR('',#8849,1.);
#8849 = DIRECTION('',(1.,0.));
#8850 = ( GEOMETRIC_REPRESENTATION_CONTEXT(2) 
PARAMETRIC_REPRESENTATION_CONTEXT() REPRESENTATION_CONTEXT('2D SPACE',''
  ) );
#8851 = ORIENTED_EDGE('',*,*,#8627,.T.);
#8852 = ORIENTED_EDGE('',*,*,#8853,.T.);
#8853 = EDGE_CURVE('',#8628,#8738,#8854,.T.);
#8854 = SURFACE_CURVE('',#8855,(#8859,#8866),.PCURVE_S1.);
#8855 = LINE('',#8856,#8857);
#8856 = CARTESIAN_POINT('',(1.034E+03,60.,540.7));
#8857 = VECTOR('',#8858,1.);
#8858 = DIRECTION('',(1.,0.,0.));
#8859 = PCURVE('',#8643,#8860);
#8860 = DEFINITIONAL_REPRESENTATION('',(#8861),#8865);
#8861 = LINE('',#8862,#8863);
#8862 = CARTESIAN_POINT('',(1.,0.));
#8863 = VECTOR('',#8864,1.);
#8864 = DIRECTION('',(0.,1.));
#8865 = ( GEOMETRIC_REPRESENTATION_CONTEXT(2) 
PARAMETRIC_REPRESENTATION_CONTEXT() REPRESENTATION_CONTEXT('2D SPACE',''
  ) );
#8866 = PCURVE('',#8669,#8867);
#8867 = DEFINITIONAL_REPRESENTATION('',(#8868),#8872);
#8868 = LINE('',#8869,#8870);
#8869 = CARTESIAN_POINT('',(0.,120.));
#8870 = VECTOR('',#8871,1.);
#8871 = DIRECTION('',(1.,0.));
#8872 = ( GEOMETRIC_REPRESENTATION_CONTEXT(2) 
PARAMETRIC_REPRESENTATION_CONTEXT() REPRESENTATION_CONTEXT('2D SPACE',''
  ) );
#8873 = ORIENTED_EDGE('',*,*,#8737,.F.);
#8874 = ADVANCED_FACE('',(#8875),#8615,.F.);
#8875 = FACE_BOUND('',#8876,.F.);
#8876 = EDGE_LOOP('',(#8877,#8878,#8879,#8880));
#8877 = ORIENTED_EDGE('',*,*,#8599,.F.);
#8878 = ORIENTED_EDGE('',*,*,#8784,.T.);
#8879 = ORIENTED_EDGE('',*,*,#8714,.T.);
#8880 = ORIENTED_EDGE('',*,*,#8831,.F.);
#8881 = ADVANCED_FACE('',(#8882),#8669,.T.);
#8882 = FACE_BOUND('',#8883,.T.);
#8883 = EDGE_LOOP('',(#8884,#8885,#8886,#8887));
#8884 = ORIENTED_EDGE('',*,*,#8655,.F.);
#8885 = ORIENTED_EDGE('',*,*,#8806,.T.);
#8886 = ORIENTED_EDGE('',*,*,#8760,.T.);
#8887 = ORIENTED_EDGE('',*,*,#8853,.F.);
#8888 = ( GEOMETRIC_REPRESENTATION_CONTEXT(3) 
GLOBAL_UNCERTAINTY_ASSIGNED_CONTEXT((#8892)) 
GLOBAL_UNIT_ASSIGNED_CONTEXT((#8889,#8890,#8891)) REPRESENTATION_CONTEXT
('Context #1','3D Context with UNIT and UNCERTAINTY') );
#8889 = ( LENGTH_UNIT() NAMED_UNIT(*) SI_UNIT(.MILLI.,.METRE.) );
#8890 = ( NAMED_UNIT(*) PLANE_ANGLE_UNIT() SI_UNIT($,.RADIAN.) );
#8891 = ( NAMED_UNIT(*) SI_UNIT($,.STERADIAN.) SOLID_ANGLE_UNIT() );
#8892 = UNCERTAINTY_MEASURE_WITH_UNIT(LENGTH_MEASURE(1.E-07),#8889,
  'distance_accuracy_value','confusion accuracy');
#8893 = CONTEXT_DEPENDENT_SHAPE_REPRESENTATION(#8894,#8896);
#8894 = ( REPRESENTATION_RELATIONSHIP('','',#8557,#10) 
REPRESENTATION_RELATIONSHIP_WITH_TRANSFORMATION(#8895) 
SHAPE_REPRESENTATION_RELATIONSHIP() );
#8895 = ITEM_DEFINED_TRANSFORMATION('','',#11,#139);
#8896 = PRODUCT_DEFINITION_SHAPE('Placement','Placement of an item',
  #8897);
#8897 = NEXT_ASSEMBLY_USAGE_OCCURRENCE('74','TOUCHPAD','',#5,#8552,$);
#8898 = PRODUCT_RELATED_PRODUCT_CATEGORY('part',$,(#8554));
#8899 = SHAPE_DEFINITION_REPRESENTATION(#8900,#8906);
#8900 = PRODUCT_DEFINITION_SHAPE('','',#8901);
#8901 = PRODUCT_DEFINITION('design','',#8902,#8905);
#8902 = PRODUCT_DEFINITION_FORMATION('','',#8903);
#8903 = PRODUCT('FOOT_1070_-177','FOOT_1070_-177','',(#8904));
#8904 = PRODUCT_CONTEXT('',#2,'mechanical');
#8905 = PRODUCT_DEFINITION_CONTEXT('part definition',#2,'design');
#8906 = ADVANCED_BREP_SHAPE_REPRESENTATION('',(#11,#8907),#9237);
#8907 = MANIFOLD_SOLID_BREP('',#8908);
#8908 = CLOSED_SHELL('',(#8909,#9029,#9129,#9176,#9223,#9230));
#8909 = ADVANCED_FACE('',(#8910),#8924,.F.);
#8910 = FACE_BOUND('',#8911,.F.);
#8911 = EDGE_LOOP('',(#8912,#8947,#8975,#9003));
#8912 = ORIENTED_EDGE('',*,*,#8913,.F.);
#8913 = EDGE_CURVE('',#8914,#8916,#8918,.T.);
#8914 = VERTEX_POINT('',#8915);
#8915 = CARTESIAN_POINT('',(1.058E+03,-186.,506.));
#8916 = VERTEX_POINT('',#8917);
#8917 = CARTESIAN_POINT('',(1.058E+03,-186.,522.));
#8918 = SURFACE_CURVE('',#8919,(#8923,#8935),.PCURVE_S1.);
#8919 = LINE('',#8920,#8921);
#8920 = CARTESIAN_POINT('',(1.058E+03,-186.,506.));
#8921 = VECTOR('',#8922,1.);
#8922 = DIRECTION('',(0.,0.,1.));
#8923 = PCURVE('',#8924,#8929);
#8924 = PLANE('',#8925);
#8925 = AXIS2_PLACEMENT_3D('',#8926,#8927,#8928);
#8926 = CARTESIAN_POINT('',(1.058E+03,-186.,506.));
#8927 = DIRECTION('',(1.,0.,0.));
#8928 = DIRECTION('',(0.,0.,1.));
#8929 = DEFINITIONAL_REPRESENTATION('',(#8930),#8934);
#8930 = LINE('',#8931,#8932);
#8931 = CARTESIAN_POINT('',(0.,0.));
#8932 = VECTOR('',#8933,1.);
#8933 = DIRECTION('',(1.,0.));
#8934 = ( GEOMETRIC_REPRESENTATION_CONTEXT(2) 
PARAMETRIC_REPRESENTATION_CONTEXT() REPRESENTATION_CONTEXT('2D SPACE',''
  ) );
#8935 = PCURVE('',#8936,#8941);
#8936 = PLANE('',#8937);
#8937 = AXIS2_PLACEMENT_3D('',#8938,#8939,#8940);
#8938 = CARTESIAN_POINT('',(1.058E+03,-186.,506.));
#8939 = DIRECTION('',(0.,1.,0.));
#8940 = DIRECTION('',(0.,0.,1.));
#8941 = DEFINITIONAL_REPRESENTATION('',(#8942),#8946);
#8942 = LINE('',#8943,#8944);
#8943 = CARTESIAN_POINT('',(0.,0.));
#8944 = VECTOR('',#8945,1.);
#8945 = DIRECTION('',(1.,0.));
#8946 = ( GEOMETRIC_REPRESENTATION_CONTEXT(2) 
PARAMETRIC_REPRESENTATION_CONTEXT() REPRESENTATION_CONTEXT('2D SPACE',''
  ) );
#8947 = ORIENTED_EDGE('',*,*,#8948,.T.);
#8948 = EDGE_CURVE('',#8914,#8949,#8951,.T.);
#8949 = VERTEX_POINT('',#8950);
#8950 = CARTESIAN_POINT('',(1.058E+03,-168.,506.));
#8951 = SURFACE_CURVE('',#8952,(#8956,#8963),.PCURVE_S1.);
#8952 = LINE('',#8953,#8954);
#8953 = CARTESIAN_POINT('',(1.058E+03,-186.,506.));
#8954 = VECTOR('',#8955,1.);
#8955 = DIRECTION('',(0.,1.,0.));
#8956 = PCURVE('',#8924,#8957);
#8957 = DEFINITIONAL_REPRESENTATION('',(#8958),#8962);
#8958 = LINE('',#8959,#8960);
#8959 = CARTESIAN_POINT('',(0.,0.));
#8960 = VECTOR('',#8961,1.);
#8961 = DIRECTION('',(0.,-1.));
#8962 = ( GEOMETRIC_REPRESENTATION_CONTEXT(2) 
PARAMETRIC_REPRESENTATION_CONTEXT() REPRESENTATION_CONTEXT('2D SPACE',''
  ) );
#8963 = PCURVE('',#8964,#8969);
#8964 = PLANE('',#8965);
#8965 = AXIS2_PLACEMENT_3D('',#8966,#8967,#8968);
#8966 = CARTESIAN_POINT('',(1.058E+03,-186.,506.));
#8967 = DIRECTION('',(0.,0.,1.));
#8968 = DIRECTION('',(1.,0.,0.));
#8969 = DEFINITIONAL_REPRESENTATION('',(#8970),#8974);
#8970 = LINE('',#8971,#8972);
#8971 = CARTESIAN_POINT('',(0.,0.));
#8972 = VECTOR('',#8973,1.);
#8973 = DIRECTION('',(0.,1.));
#8974 = ( GEOMETRIC_REPRESENTATION_CONTEXT(2) 
PARAMETRIC_REPRESENTATION_CONTEXT() REPRESENTATION_CONTEXT('2D SPACE',''
  ) );
#8975 = ORIENTED_EDGE('',*,*,#8976,.T.);
#8976 = EDGE_CURVE('',#8949,#8977,#8979,.T.);
#8977 = VERTEX_POINT('',#8978);
#8978 = CARTESIAN_POINT('',(1.058E+03,-168.,522.));
#8979 = SURFACE_CURVE('',#8980,(#8984,#8991),.PCURVE_S1.);
#8980 = LINE('',#8981,#8982);
#8981 = CARTESIAN_POINT('',(1.058E+03,-168.,506.));
#8982 = VECTOR('',#8983,1.);
#8983 = DIRECTION('',(0.,0.,1.));
#8984 = PCURVE('',#8924,#8985);
#8985 = DEFINITIONAL_REPRESENTATION('',(#8986),#8990);
#8986 = LINE('',#8987,#8988);
#8987 = CARTESIAN_POINT('',(0.,-18.));
#8988 = VECTOR('',#8989,1.);
#8989 = DIRECTION('',(1.,0.));
#8990 = ( GEOMETRIC_REPRESENTATION_CONTEXT(2) 
PARAMETRIC_REPRESENTATION_CONTEXT() REPRESENTATION_CONTEXT('2D SPACE',''
  ) );
#8991 = PCURVE('',#8992,#8997);
#8992 = PLANE('',#8993);
#8993 = AXIS2_PLACEMENT_3D('',#8994,#8995,#8996);
#8994 = CARTESIAN_POINT('',(1.058E+03,-168.,506.));
#8995 = DIRECTION('',(0.,1.,0.));
#8996 = DIRECTION('',(0.,0.,1.));
#8997 = DEFINITIONAL_REPRESENTATION('',(#8998),#9002);
#8998 = LINE('',#8999,#9000);
#8999 = CARTESIAN_POINT('',(0.,0.));
#9000 = VECTOR('',#9001,1.);
#9001 = DIRECTION('',(1.,0.));
#9002 = ( GEOMETRIC_REPRESENTATION_CONTEXT(2) 
PARAMETRIC_REPRESENTATION_CONTEXT() REPRESENTATION_CONTEXT('2D SPACE',''
  ) );
#9003 = ORIENTED_EDGE('',*,*,#9004,.F.);
#9004 = EDGE_CURVE('',#8916,#8977,#9005,.T.);
#9005 = SURFACE_CURVE('',#9006,(#9010,#9017),.PCURVE_S1.);
#9006 = LINE('',#9007,#9008);
#9007 = CARTESIAN_POINT('',(1.058E+03,-186.,522.));
#9008 = VECTOR('',#9009,1.);
#9009 = DIRECTION('',(0.,1.,0.));
#9010 = PCURVE('',#8924,#9011);
#9011 = DEFINITIONAL_REPRESENTATION('',(#9012),#9016);
#9012 = LINE('',#9013,#9014);
#9013 = CARTESIAN_POINT('',(16.,0.));
#9014 = VECTOR('',#9015,1.);
#9015 = DIRECTION('',(0.,-1.));
#9016 = ( GEOMETRIC_REPRESENTATION_CONTEXT(2) 
PARAMETRIC_REPRESENTATION_CONTEXT() REPRESENTATION_CONTEXT('2D SPACE',''
  ) );
#9017 = PCURVE('',#9018,#9023);
#9018 = PLANE('',#9019);
#9019 = AXIS2_PLACEMENT_3D('',#9020,#9021,#9022);
#9020 = CARTESIAN_POINT('',(1.058E+03,-186.,522.));
#9021 = DIRECTION('',(0.,0.,1.));
#9022 = DIRECTION('',(1.,0.,0.));
#9023 = DEFINITIONAL_REPRESENTATION('',(#9024),#9028);
#9024 = LINE('',#9025,#9026);
#9025 = CARTESIAN_POINT('',(0.,0.));
#9026 = VECTOR('',#9027,1.);
#9027 = DIRECTION('',(0.,1.));
#9028 = ( GEOMETRIC_REPRESENTATION_CONTEXT(2) 
PARAMETRIC_REPRESENTATION_CONTEXT() REPRESENTATION_CONTEXT('2D SPACE',''
  ) );
#9029 = ADVANCED_FACE('',(#9030),#9044,.T.);
#9030 = FACE_BOUND('',#9031,.T.);
#9031 = EDGE_LOOP('',(#9032,#9062,#9085,#9108));
#9032 = ORIENTED_EDGE('',*,*,#9033,.F.);
#9033 = EDGE_CURVE('',#9034,#9036,#9038,.T.);
#9034 = VERTEX_POINT('',#9035);
#9035 = CARTESIAN_POINT('',(1.082E+03,-186.,506.));
#9036 = VERTEX_POINT('',#9037);
#9037 = CARTESIAN_POINT('',(1.082E+03,-186.,522.));
#9038 = SURFACE_CURVE('',#9039,(#9043,#9055),.PCURVE_S1.);
#9039 = LINE('',#9040,#9041);
#9040 = CARTESIAN_POINT('',(1.082E+03,-186.,506.));
#9041 = VECTOR('',#9042,1.);
#9042 = DIRECTION('',(0.,0.,1.));
#9043 = PCURVE('',#9044,#9049);
#9044 = PLANE('',#9045);
#9045 = AXIS2_PLACEMENT_3D('',#9046,#9047,#9048);
#9046 = CARTESIAN_POINT('',(1.082E+03,-186.,506.));
#9047 = DIRECTION('',(1.,0.,0.));
#9048 = DIRECTION('',(0.,0.,1.));
#9049 = DEFINITIONAL_REPRESENTATION('',(#9050),#9054);
#9050 = LINE('',#9051,#9052);
#9051 = CARTESIAN_POINT('',(0.,0.));
#9052 = VECTOR('',#9053,1.);
#9053 = DIRECTION('',(1.,0.));
#9054 = ( GEOMETRIC_REPRESENTATION_CONTEXT(2) 
PARAMETRIC_REPRESENTATION_CONTEXT() REPRESENTATION_CONTEXT('2D SPACE',''
  ) );
#9055 = PCURVE('',#8936,#9056);
#9056 = DEFINITIONAL_REPRESENTATION('',(#9057),#9061);
#9057 = LINE('',#9058,#9059);
#9058 = CARTESIAN_POINT('',(0.,24.));
#9059 = VECTOR('',#9060,1.);
#9060 = DIRECTION('',(1.,0.));
#9061 = ( GEOMETRIC_REPRESENTATION_CONTEXT(2) 
PARAMETRIC_REPRESENTATION_CONTEXT() REPRESENTATION_CONTEXT('2D SPACE',''
  ) );
#9062 = ORIENTED_EDGE('',*,*,#9063,.T.);
#9063 = EDGE_CURVE('',#9034,#9064,#9066,.T.);
#9064 = VERTEX_POINT('',#9065);
#9065 = CARTESIAN_POINT('',(1.082E+03,-168.,506.));
#9066 = SURFACE_CURVE('',#9067,(#9071,#9078),.PCURVE_S1.);
#9067 = LINE('',#9068,#9069);
#9068 = CARTESIAN_POINT('',(1.082E+03,-186.,506.));
#9069 = VECTOR('',#9070,1.);
#9070 = DIRECTION('',(0.,1.,0.));
#9071 = PCURVE('',#9044,#9072);
#9072 = DEFINITIONAL_REPRESENTATION('',(#9073),#9077);
#9073 = LINE('',#9074,#9075);
#9074 = CARTESIAN_POINT('',(0.,0.));
#9075 = VECTOR('',#9076,1.);
#9076 = DIRECTION('',(0.,-1.));
#9077 = ( GEOMETRIC_REPRESENTATION_CONTEXT(2) 
PARAMETRIC_REPRESENTATION_CONTEXT() REPRESENTATION_CONTEXT('2D SPACE',''
  ) );
#9078 = PCURVE('',#8964,#9079);
#9079 = DEFINITIONAL_REPRESENTATION('',(#9080),#9084);
#9080 = LINE('',#9081,#9082);
#9081 = CARTESIAN_POINT('',(24.,0.));
#9082 = VECTOR('',#9083,1.);
#9083 = DIRECTION('',(0.,1.));
#9084 = ( GEOMETRIC_REPRESENTATION_CONTEXT(2) 
PARAMETRIC_REPRESENTATION_CONTEXT() REPRESENTATION_CONTEXT('2D SPACE',''
  ) );
#9085 = ORIENTED_EDGE('',*,*,#9086,.T.);
#9086 = EDGE_CURVE('',#9064,#9087,#9089,.T.);
#9087 = VERTEX_POINT('',#9088);
#9088 = CARTESIAN_POINT('',(1.082E+03,-168.,522.));
#9089 = SURFACE_CURVE('',#9090,(#9094,#9101),.PCURVE_S1.);
#9090 = LINE('',#9091,#9092);
#9091 = CARTESIAN_POINT('',(1.082E+03,-168.,506.));
#9092 = VECTOR('',#9093,1.);
#9093 = DIRECTION('',(0.,0.,1.));
#9094 = PCURVE('',#9044,#9095);
#9095 = DEFINITIONAL_REPRESENTATION('',(#9096),#9100);
#9096 = LINE('',#9097,#9098);
#9097 = CARTESIAN_POINT('',(0.,-18.));
#9098 = VECTOR('',#9099,1.);
#9099 = DIRECTION('',(1.,0.));
#9100 = ( GEOMETRIC_REPRESENTATION_CONTEXT(2) 
PARAMETRIC_REPRESENTATION_CONTEXT() REPRESENTATION_CONTEXT('2D SPACE',''
  ) );
#9101 = PCURVE('',#8992,#9102);
#9102 = DEFINITIONAL_REPRESENTATION('',(#9103),#9107);
#9103 = LINE('',#9104,#9105);
#9104 = CARTESIAN_POINT('',(0.,24.));
#9105 = VECTOR('',#9106,1.);
#9106 = DIRECTION('',(1.,0.));
#9107 = ( GEOMETRIC_REPRESENTATION_CONTEXT(2) 
PARAMETRIC_REPRESENTATION_CONTEXT() REPRESENTATION_CONTEXT('2D SPACE',''
  ) );
#9108 = ORIENTED_EDGE('',*,*,#9109,.F.);
#9109 = EDGE_CURVE('',#9036,#9087,#9110,.T.);
#9110 = SURFACE_CURVE('',#9111,(#9115,#9122),.PCURVE_S1.);
#9111 = LINE('',#9112,#9113);
#9112 = CARTESIAN_POINT('',(1.082E+03,-186.,522.));
#9113 = VECTOR('',#9114,1.);
#9114 = DIRECTION('',(0.,1.,0.));
#9115 = PCURVE('',#9044,#9116);
#9116 = DEFINITIONAL_REPRESENTATION('',(#9117),#9121);
#9117 = LINE('',#9118,#9119);
#9118 = CARTESIAN_POINT('',(16.,0.));
#9119 = VECTOR('',#9120,1.);
#9120 = DIRECTION('',(0.,-1.));
#9121 = ( GEOMETRIC_REPRESENTATION_CONTEXT(2) 
PARAMETRIC_REPRESENTATION_CONTEXT() REPRESENTATION_CONTEXT('2D SPACE',''
  ) );
#9122 = PCURVE('',#9018,#9123);
#9123 = DEFINITIONAL_REPRESENTATION('',(#9124),#9128);
#9124 = LINE('',#9125,#9126);
#9125 = CARTESIAN_POINT('',(24.,0.));
#9126 = VECTOR('',#9127,1.);
#9127 = DIRECTION('',(0.,1.));
#9128 = ( GEOMETRIC_REPRESENTATION_CONTEXT(2) 
PARAMETRIC_REPRESENTATION_CONTEXT() REPRESENTATION_CONTEXT('2D SPACE',''
  ) );
#9129 = ADVANCED_FACE('',(#9130),#8936,.F.);
#9130 = FACE_BOUND('',#9131,.F.);
#9131 = EDGE_LOOP('',(#9132,#9153,#9154,#9175));
#9132 = ORIENTED_EDGE('',*,*,#9133,.F.);
#9133 = EDGE_CURVE('',#8914,#9034,#9134,.T.);
#9134 = SURFACE_CURVE('',#9135,(#9139,#9146),.PCURVE_S1.);
#9135 = LINE('',#9136,#9137);
#9136 = CARTESIAN_POINT('',(1.058E+03,-186.,506.));
#9137 = VECTOR('',#9138,1.);
#9138 = DIRECTION('',(1.,0.,0.));
#9139 = PCURVE('',#8936,#9140);
#9140 = DEFINITIONAL_REPRESENTATION('',(#9141),#9145);
#9141 = LINE('',#9142,#9143);
#9142 = CARTESIAN_POINT('',(0.,0.));
#9143 = VECTOR('',#9144,1.);
#9144 = DIRECTION('',(0.,1.));
#9145 = ( GEOMETRIC_REPRESENTATION_CONTEXT(2) 
PARAMETRIC_REPRESENTATION_CONTEXT() REPRESENTATION_CONTEXT('2D SPACE',''
  ) );
#9146 = PCURVE('',#8964,#9147);
#9147 = DEFINITIONAL_REPRESENTATION('',(#9148),#9152);
#9148 = LINE('',#9149,#9150);
#9149 = CARTESIAN_POINT('',(0.,0.));
#9150 = VECTOR('',#9151,1.);
#9151 = DIRECTION('',(1.,0.));
#9152 = ( GEOMETRIC_REPRESENTATION_CONTEXT(2) 
PARAMETRIC_REPRESENTATION_CONTEXT() REPRESENTATION_CONTEXT('2D SPACE',''
  ) );
#9153 = ORIENTED_EDGE('',*,*,#8913,.T.);
#9154 = ORIENTED_EDGE('',*,*,#9155,.T.);
#9155 = EDGE_CURVE('',#8916,#9036,#9156,.T.);
#9156 = SURFACE_CURVE('',#9157,(#9161,#9168),.PCURVE_S1.);
#9157 = LINE('',#9158,#9159);
#9158 = CARTESIAN_POINT('',(1.058E+03,-186.,522.));
#9159 = VECTOR('',#9160,1.);
#9160 = DIRECTION('',(1.,0.,0.));
#9161 = PCURVE('',#8936,#9162);
#9162 = DEFINITIONAL_REPRESENTATION('',(#9163),#9167);
#9163 = LINE('',#9164,#9165);
#9164 = CARTESIAN_POINT('',(16.,0.));
#9165 = VECTOR('',#9166,1.);
#9166 = DIRECTION('',(0.,1.));
#9167 = ( GEOMETRIC_REPRESENTATION_CONTEXT(2) 
PARAMETRIC_REPRESENTATION_CONTEXT() REPRESENTATION_CONTEXT('2D SPACE',''
  ) );
#9168 = PCURVE('',#9018,#9169);
#9169 = DEFINITIONAL_REPRESENTATION('',(#9170),#9174);
#9170 = LINE('',#9171,#9172);
#9171 = CARTESIAN_POINT('',(0.,0.));
#9172 = VECTOR('',#9173,1.);
#9173 = DIRECTION('',(1.,0.));
#9174 = ( GEOMETRIC_REPRESENTATION_CONTEXT(2) 
PARAMETRIC_REPRESENTATION_CONTEXT() REPRESENTATION_CONTEXT('2D SPACE',''
  ) );
#9175 = ORIENTED_EDGE('',*,*,#9033,.F.);
#9176 = ADVANCED_FACE('',(#9177),#8992,.T.);
#9177 = FACE_BOUND('',#9178,.T.);
#9178 = EDGE_LOOP('',(#9179,#9200,#9201,#9222));
#9179 = ORIENTED_EDGE('',*,*,#9180,.F.);
#9180 = EDGE_CURVE('',#8949,#9064,#9181,.T.);
#9181 = SURFACE_CURVE('',#9182,(#9186,#9193),.PCURVE_S1.);
#9182 = LINE('',#9183,#9184);
#9183 = CARTESIAN_POINT('',(1.058E+03,-168.,506.));
#9184 = VECTOR('',#9185,1.);
#9185 = DIRECTION('',(1.,0.,0.));
#9186 = PCURVE('',#8992,#9187);
#9187 = DEFINITIONAL_REPRESENTATION('',(#9188),#9192);
#9188 = LINE('',#9189,#9190);
#9189 = CARTESIAN_POINT('',(0.,0.));
#9190 = VECTOR('',#9191,1.);
#9191 = DIRECTION('',(0.,1.));
#9192 = ( GEOMETRIC_REPRESENTATION_CONTEXT(2) 
PARAMETRIC_REPRESENTATION_CONTEXT() REPRESENTATION_CONTEXT('2D SPACE',''
  ) );
#9193 = PCURVE('',#8964,#9194);
#9194 = DEFINITIONAL_REPRESENTATION('',(#9195),#9199);
#9195 = LINE('',#9196,#9197);
#9196 = CARTESIAN_POINT('',(0.,18.));
#9197 = VECTOR('',#9198,1.);
#9198 = DIRECTION('',(1.,0.));
#9199 = ( GEOMETRIC_REPRESENTATION_CONTEXT(2) 
PARAMETRIC_REPRESENTATION_CONTEXT() REPRESENTATION_CONTEXT('2D SPACE',''
  ) );
#9200 = ORIENTED_EDGE('',*,*,#8976,.T.);
#9201 = ORIENTED_EDGE('',*,*,#9202,.T.);
#9202 = EDGE_CURVE('',#8977,#9087,#9203,.T.);
#9203 = SURFACE_CURVE('',#9204,(#9208,#9215),.PCURVE_S1.);
#9204 = LINE('',#9205,#9206);
#9205 = CARTESIAN_POINT('',(1.058E+03,-168.,522.));
#9206 = VECTOR('',#9207,1.);
#9207 = DIRECTION('',(1.,0.,0.));
#9208 = PCURVE('',#8992,#9209);
#9209 = DEFINITIONAL_REPRESENTATION('',(#9210),#9214);
#9210 = LINE('',#9211,#9212);
#9211 = CARTESIAN_POINT('',(16.,0.));
#9212 = VECTOR('',#9213,1.);
#9213 = DIRECTION('',(0.,1.));
#9214 = ( GEOMETRIC_REPRESENTATION_CONTEXT(2) 
PARAMETRIC_REPRESENTATION_CONTEXT() REPRESENTATION_CONTEXT('2D SPACE',''
  ) );
#9215 = PCURVE('',#9018,#9216);
#9216 = DEFINITIONAL_REPRESENTATION('',(#9217),#9221);
#9217 = LINE('',#9218,#9219);
#9218 = CARTESIAN_POINT('',(0.,18.));
#9219 = VECTOR('',#9220,1.);
#9220 = DIRECTION('',(1.,0.));
#9221 = ( GEOMETRIC_REPRESENTATION_CONTEXT(2) 
PARAMETRIC_REPRESENTATION_CONTEXT() REPRESENTATION_CONTEXT('2D SPACE',''
  ) );
#9222 = ORIENTED_EDGE('',*,*,#9086,.F.);
#9223 = ADVANCED_FACE('',(#9224),#8964,.F.);
#9224 = FACE_BOUND('',#9225,.F.);
#9225 = EDGE_LOOP('',(#9226,#9227,#9228,#9229));
#9226 = ORIENTED_EDGE('',*,*,#8948,.F.);
#9227 = ORIENTED_EDGE('',*,*,#9133,.T.);
#9228 = ORIENTED_EDGE('',*,*,#9063,.T.);
#9229 = ORIENTED_EDGE('',*,*,#9180,.F.);
#9230 = ADVANCED_FACE('',(#9231),#9018,.T.);
#9231 = FACE_BOUND('',#9232,.T.);
#9232 = EDGE_LOOP('',(#9233,#9234,#9235,#9236));
#9233 = ORIENTED_EDGE('',*,*,#9004,.F.);
#9234 = ORIENTED_EDGE('',*,*,#9155,.T.);
#9235 = ORIENTED_EDGE('',*,*,#9109,.T.);
#9236 = ORIENTED_EDGE('',*,*,#9202,.F.);
#9237 = ( GEOMETRIC_REPRESENTATION_CONTEXT(3) 
GLOBAL_UNCERTAINTY_ASSIGNED_CONTEXT((#9241)) 
GLOBAL_UNIT_ASSIGNED_CONTEXT((#9238,#9239,#9240)) REPRESENTATION_CONTEXT
('Context #1','3D Context with UNIT and UNCERTAINTY') );
#9238 = ( LENGTH_UNIT() NAMED_UNIT(*) SI_UNIT(.MILLI.,.METRE.) );
#9239 = ( NAMED_UNIT(*) PLANE_ANGLE_UNIT() SI_UNIT($,.RADIAN.) );
#9240 = ( NAMED_UNIT(*) SI_UNIT($,.STERADIAN.) SOLID_ANGLE_UNIT() );
#9241 = UNCERTAINTY_MEASURE_WITH_UNIT(LENGTH_MEASURE(1.E-07),#9238,
  'distance_accuracy_value','confusion accuracy');
#9242 = CONTEXT_DEPENDENT_SHAPE_REPRESENTATION(#9243,#9245);
#9243 = ( REPRESENTATION_RELATIONSHIP('','',#8906,#10) 
REPRESENTATION_RELATIONSHIP_WITH_TRANSFORMATION(#9244) 
SHAPE_REPRESENTATION_RELATIONSHIP() );
#9244 = ITEM_DEFINED_TRANSFORMATION('','',#11,#143);
#9245 = PRODUCT_DEFINITION_SHAPE('Placement','Placement of an item',
  #9246);
#9246 = NEXT_ASSEMBLY_USAGE_OCCURRENCE('75','FOOT_1070_-177','',#5,#8901
  ,$);
#9247 = PRODUCT_RELATED_PRODUCT_CATEGORY('part',$,(#8903));
#9248 = SHAPE_DEFINITION_REPRESENTATION(#9249,#9255);
#9249 = PRODUCT_DEFINITION_SHAPE('','',#9250);
#9250 = PRODUCT_DEFINITION('design','',#9251,#9254);
#9251 = PRODUCT_DEFINITION_FORMATION('','',#9252);
#9252 = PRODUCT('FOOT_1070_177','FOOT_1070_177','',(#9253));
#9253 = PRODUCT_CONTEXT('',#2,'mechanical');
#9254 = PRODUCT_DEFINITION_CONTEXT('part definition',#2,'design');
#9255 = ADVANCED_BREP_SHAPE_REPRESENTATION('',(#11,#9256),#9586);
#9256 = MANIFOLD_SOLID_BREP('',#9257);
#9257 = CLOSED_SHELL('',(#9258,#9378,#9478,#9525,#9572,#9579));
#9258 = ADVANCED_FACE('',(#9259),#9273,.F.);
#9259 = FACE_BOUND('',#9260,.F.);
#9260 = EDGE_LOOP('',(#9261,#9296,#9324,#9352));
#9261 = ORIENTED_EDGE('',*,*,#9262,.F.);
#9262 = EDGE_CURVE('',#9263,#9265,#9267,.T.);
#9263 = VERTEX_POINT('',#9264);
#9264 = CARTESIAN_POINT('',(1.058E+03,168.,506.));
#9265 = VERTEX_POINT('',#9266);
#9266 = CARTESIAN_POINT('',(1.058E+03,168.,522.));
#9267 = SURFACE_CURVE('',#9268,(#9272,#9284),.PCURVE_S1.);
#9268 = LINE('',#9269,#9270);
#9269 = CARTESIAN_POINT('',(1.058E+03,168.,506.));
#9270 = VECTOR('',#9271,1.);
#9271 = DIRECTION('',(0.,0.,1.));
#9272 = PCURVE('',#9273,#9278);
#9273 = PLANE('',#9274);
#9274 = AXIS2_PLACEMENT_3D('',#9275,#9276,#9277);
#9275 = CARTESIAN_POINT('',(1.058E+03,168.,506.));
#9276 = DIRECTION('',(1.,0.,0.));
#9277 = DIRECTION('',(0.,0.,1.));
#9278 = DEFINITIONAL_REPRESENTATION('',(#9279),#9283);
#9279 = LINE('',#9280,#9281);
#9280 = CARTESIAN_POINT('',(0.,0.));
#9281 = VECTOR('',#9282,1.);
#9282 = DIRECTION('',(1.,0.));
#9283 = ( GEOMETRIC_REPRESENTATION_CONTEXT(2) 
PARAMETRIC_REPRESENTATION_CONTEXT() REPRESENTATION_CONTEXT('2D SPACE',''
  ) );
#9284 = PCURVE('',#9285,#9290);
#9285 = PLANE('',#9286);
#9286 = AXIS2_PLACEMENT_3D('',#9287,#9288,#9289);
#9287 = CARTESIAN_POINT('',(1.058E+03,168.,506.));
#9288 = DIRECTION('',(0.,1.,0.));
#9289 = DIRECTION('',(0.,0.,1.));
#9290 = DEFINITIONAL_REPRESENTATION('',(#9291),#9295);
#9291 = LINE('',#9292,#9293);
#9292 = CARTESIAN_POINT('',(0.,0.));
#9293 = VECTOR('',#9294,1.);
#9294 = DIRECTION('',(1.,0.));
#9295 = ( GEOMETRIC_REPRESENTATION_CONTEXT(2) 
PARAMETRIC_REPRESENTATION_CONTEXT() REPRESENTATION_CONTEXT('2D SPACE',''
  ) );
#9296 = ORIENTED_EDGE('',*,*,#9297,.T.);
#9297 = EDGE_CURVE('',#9263,#9298,#9300,.T.);
#9298 = VERTEX_POINT('',#9299);
#9299 = CARTESIAN_POINT('',(1.058E+03,186.,506.));
#9300 = SURFACE_CURVE('',#9301,(#9305,#9312),.PCURVE_S1.);
#9301 = LINE('',#9302,#9303);
#9302 = CARTESIAN_POINT('',(1.058E+03,168.,506.));
#9303 = VECTOR('',#9304,1.);
#9304 = DIRECTION('',(0.,1.,0.));
#9305 = PCURVE('',#9273,#9306);
#9306 = DEFINITIONAL_REPRESENTATION('',(#9307),#9311);
#9307 = LINE('',#9308,#9309);
#9308 = CARTESIAN_POINT('',(0.,0.));
#9309 = VECTOR('',#9310,1.);
#9310 = DIRECTION('',(0.,-1.));
#9311 = ( GEOMETRIC_REPRESENTATION_CONTEXT(2) 
PARAMETRIC_REPRESENTATION_CONTEXT() REPRESENTATION_CONTEXT('2D SPACE',''
  ) );
#9312 = PCURVE('',#9313,#9318);
#9313 = PLANE('',#9314);
#9314 = AXIS2_PLACEMENT_3D('',#9315,#9316,#9317);
#9315 = CARTESIAN_POINT('',(1.058E+03,168.,506.));
#9316 = DIRECTION('',(0.,0.,1.));
#9317 = DIRECTION('',(1.,0.,0.));
#9318 = DEFINITIONAL_REPRESENTATION('',(#9319),#9323);
#9319 = LINE('',#9320,#9321);
#9320 = CARTESIAN_POINT('',(0.,0.));
#9321 = VECTOR('',#9322,1.);
#9322 = DIRECTION('',(0.,1.));
#9323 = ( GEOMETRIC_REPRESENTATION_CONTEXT(2) 
PARAMETRIC_REPRESENTATION_CONTEXT() REPRESENTATION_CONTEXT('2D SPACE',''
  ) );
#9324 = ORIENTED_EDGE('',*,*,#9325,.T.);
#9325 = EDGE_CURVE('',#9298,#9326,#9328,.T.);
#9326 = VERTEX_POINT('',#9327);
#9327 = CARTESIAN_POINT('',(1.058E+03,186.,522.));
#9328 = SURFACE_CURVE('',#9329,(#9333,#9340),.PCURVE_S1.);
#9329 = LINE('',#9330,#9331);
#9330 = CARTESIAN_POINT('',(1.058E+03,186.,506.));
#9331 = VECTOR('',#9332,1.);
#9332 = DIRECTION('',(0.,0.,1.));
#9333 = PCURVE('',#9273,#9334);
#9334 = DEFINITIONAL_REPRESENTATION('',(#9335),#9339);
#9335 = LINE('',#9336,#9337);
#9336 = CARTESIAN_POINT('',(0.,-18.));
#9337 = VECTOR('',#9338,1.);
#9338 = DIRECTION('',(1.,0.));
#9339 = ( GEOMETRIC_REPRESENTATION_CONTEXT(2) 
PARAMETRIC_REPRESENTATION_CONTEXT() REPRESENTATION_CONTEXT('2D SPACE',''
  ) );
#9340 = PCURVE('',#9341,#9346);
#9341 = PLANE('',#9342);
#9342 = AXIS2_PLACEMENT_3D('',#9343,#9344,#9345);
#9343 = CARTESIAN_POINT('',(1.058E+03,186.,506.));
#9344 = DIRECTION('',(0.,1.,0.));
#9345 = DIRECTION('',(0.,0.,1.));
#9346 = DEFINITIONAL_REPRESENTATION('',(#9347),#9351);
#9347 = LINE('',#9348,#9349);
#9348 = CARTESIAN_POINT('',(0.,0.));
#9349 = VECTOR('',#9350,1.);
#9350 = DIRECTION('',(1.,0.));
#9351 = ( GEOMETRIC_REPRESENTATION_CONTEXT(2) 
PARAMETRIC_REPRESENTATION_CONTEXT() REPRESENTATION_CONTEXT('2D SPACE',''
  ) );
#9352 = ORIENTED_EDGE('',*,*,#9353,.F.);
#9353 = EDGE_CURVE('',#9265,#9326,#9354,.T.);
#9354 = SURFACE_CURVE('',#9355,(#9359,#9366),.PCURVE_S1.);
#9355 = LINE('',#9356,#9357);
#9356 = CARTESIAN_POINT('',(1.058E+03,168.,522.));
#9357 = VECTOR('',#9358,1.);
#9358 = DIRECTION('',(0.,1.,0.));
#9359 = PCURVE('',#9273,#9360);
#9360 = DEFINITIONAL_REPRESENTATION('',(#9361),#9365);
#9361 = LINE('',#9362,#9363);
#9362 = CARTESIAN_POINT('',(16.,0.));
#9363 = VECTOR('',#9364,1.);
#9364 = DIRECTION('',(0.,-1.));
#9365 = ( GEOMETRIC_REPRESENTATION_CONTEXT(2) 
PARAMETRIC_REPRESENTATION_CONTEXT() REPRESENTATION_CONTEXT('2D SPACE',''
  ) );
#9366 = PCURVE('',#9367,#9372);
#9367 = PLANE('',#9368);
#9368 = AXIS2_PLACEMENT_3D('',#9369,#9370,#9371);
#9369 = CARTESIAN_POINT('',(1.058E+03,168.,522.));
#9370 = DIRECTION('',(0.,0.,1.));
#9371 = DIRECTION('',(1.,0.,0.));
#9372 = DEFINITIONAL_REPRESENTATION('',(#9373),#9377);
#9373 = LINE('',#9374,#9375);
#9374 = CARTESIAN_POINT('',(0.,0.));
#9375 = VECTOR('',#9376,1.);
#9376 = DIRECTION('',(0.,1.));
#9377 = ( GEOMETRIC_REPRESENTATION_CONTEXT(2) 
PARAMETRIC_REPRESENTATION_CONTEXT() REPRESENTATION_CONTEXT('2D SPACE',''
  ) );
#9378 = ADVANCED_FACE('',(#9379),#9393,.T.);
#9379 = FACE_BOUND('',#9380,.T.);
#9380 = EDGE_LOOP('',(#9381,#9411,#9434,#9457));
#9381 = ORIENTED_EDGE('',*,*,#9382,.F.);
#9382 = EDGE_CURVE('',#9383,#9385,#9387,.T.);
#9383 = VERTEX_POINT('',#9384);
#9384 = CARTESIAN_POINT('',(1.082E+03,168.,506.));
#9385 = VERTEX_POINT('',#9386);
#9386 = CARTESIAN_POINT('',(1.082E+03,168.,522.));
#9387 = SURFACE_CURVE('',#9388,(#9392,#9404),.PCURVE_S1.);
#9388 = LINE('',#9389,#9390);
#9389 = CARTESIAN_POINT('',(1.082E+03,168.,506.));
#9390 = VECTOR('',#9391,1.);
#9391 = DIRECTION('',(0.,0.,1.));
#9392 = PCURVE('',#9393,#9398);
#9393 = PLANE('',#9394);
#9394 = AXIS2_PLACEMENT_3D('',#9395,#9396,#9397);
#9395 = CARTESIAN_POINT('',(1.082E+03,168.,506.));
#9396 = DIRECTION('',(1.,0.,0.));
#9397 = DIRECTION('',(0.,0.,1.));
#9398 = DEFINITIONAL_REPRESENTATION('',(#9399),#9403);
#9399 = LINE('',#9400,#9401);
#9400 = CARTESIAN_POINT('',(0.,0.));
#9401 = VECTOR('',#9402,1.);
#9402 = DIRECTION('',(1.,0.));
#9403 = ( GEOMETRIC_REPRESENTATION_CONTEXT(2) 
PARAMETRIC_REPRESENTATION_CONTEXT() REPRESENTATION_CONTEXT('2D SPACE',''
  ) );
#9404 = PCURVE('',#9285,#9405);
#9405 = DEFINITIONAL_REPRESENTATION('',(#9406),#9410);
#9406 = LINE('',#9407,#9408);
#9407 = CARTESIAN_POINT('',(0.,24.));
#9408 = VECTOR('',#9409,1.);
#9409 = DIRECTION('',(1.,0.));
#9410 = ( GEOMETRIC_REPRESENTATION_CONTEXT(2) 
PARAMETRIC_REPRESENTATION_CONTEXT() REPRESENTATION_CONTEXT('2D SPACE',''
  ) );
#9411 = ORIENTED_EDGE('',*,*,#9412,.T.);
#9412 = EDGE_CURVE('',#9383,#9413,#9415,.T.);
#9413 = VERTEX_POINT('',#9414);
#9414 = CARTESIAN_POINT('',(1.082E+03,186.,506.));
#9415 = SURFACE_CURVE('',#9416,(#9420,#9427),.PCURVE_S1.);
#9416 = LINE('',#9417,#9418);
#9417 = CARTESIAN_POINT('',(1.082E+03,168.,506.));
#9418 = VECTOR('',#9419,1.);
#9419 = DIRECTION('',(0.,1.,0.));
#9420 = PCURVE('',#9393,#9421);
#9421 = DEFINITIONAL_REPRESENTATION('',(#9422),#9426);
#9422 = LINE('',#9423,#9424);
#9423 = CARTESIAN_POINT('',(0.,0.));
#9424 = VECTOR('',#9425,1.);
#9425 = DIRECTION('',(0.,-1.));
#9426 = ( GEOMETRIC_REPRESENTATION_CONTEXT(2) 
PARAMETRIC_REPRESENTATION_CONTEXT() REPRESENTATION_CONTEXT('2D SPACE',''
  ) );
#9427 = PCURVE('',#9313,#9428);
#9428 = DEFINITIONAL_REPRESENTATION('',(#9429),#9433);
#9429 = LINE('',#9430,#9431);
#9430 = CARTESIAN_POINT('',(24.,0.));
#9431 = VECTOR('',#9432,1.);
#9432 = DIRECTION('',(0.,1.));
#9433 = ( GEOMETRIC_REPRESENTATION_CONTEXT(2) 
PARAMETRIC_REPRESENTATION_CONTEXT() REPRESENTATION_CONTEXT('2D SPACE',''
  ) );
#9434 = ORIENTED_EDGE('',*,*,#9435,.T.);
#9435 = EDGE_CURVE('',#9413,#9436,#9438,.T.);
#9436 = VERTEX_POINT('',#9437);
#9437 = CARTESIAN_POINT('',(1.082E+03,186.,522.));
#9438 = SURFACE_CURVE('',#9439,(#9443,#9450),.PCURVE_S1.);
#9439 = LINE('',#9440,#9441);
#9440 = CARTESIAN_POINT('',(1.082E+03,186.,506.));
#9441 = VECTOR('',#9442,1.);
#9442 = DIRECTION('',(0.,0.,1.));
#9443 = PCURVE('',#9393,#9444);
#9444 = DEFINITIONAL_REPRESENTATION('',(#9445),#9449);
#9445 = LINE('',#9446,#9447);
#9446 = CARTESIAN_POINT('',(0.,-18.));
#9447 = VECTOR('',#9448,1.);
#9448 = DIRECTION('',(1.,0.));
#9449 = ( GEOMETRIC_REPRESENTATION_CONTEXT(2) 
PARAMETRIC_REPRESENTATION_CONTEXT() REPRESENTATION_CONTEXT('2D SPACE',''
  ) );
#9450 = PCURVE('',#9341,#9451);
#9451 = DEFINITIONAL_REPRESENTATION('',(#9452),#9456);
#9452 = LINE('',#9453,#9454);
#9453 = CARTESIAN_POINT('',(0.,24.));
#9454 = VECTOR('',#9455,1.);
#9455 = DIRECTION('',(1.,0.));
#9456 = ( GEOMETRIC_REPRESENTATION_CONTEXT(2) 
PARAMETRIC_REPRESENTATION_CONTEXT() REPRESENTATION_CONTEXT('2D SPACE',''
  ) );
#9457 = ORIENTED_EDGE('',*,*,#9458,.F.);
#9458 = EDGE_CURVE('',#9385,#9436,#9459,.T.);
#9459 = SURFACE_CURVE('',#9460,(#9464,#9471),.PCURVE_S1.);
#9460 = LINE('',#9461,#9462);
#9461 = CARTESIAN_POINT('',(1.082E+03,168.,522.));
#9462 = VECTOR('',#9463,1.);
#9463 = DIRECTION('',(0.,1.,0.));
#9464 = PCURVE('',#9393,#9465);
#9465 = DEFINITIONAL_REPRESENTATION('',(#9466),#9470);
#9466 = LINE('',#9467,#9468);
#9467 = CARTESIAN_POINT('',(16.,0.));
#9468 = VECTOR('',#9469,1.);
#9469 = DIRECTION('',(0.,-1.));
#9470 = ( GEOMETRIC_REPRESENTATION_CONTEXT(2) 
PARAMETRIC_REPRESENTATION_CONTEXT() REPRESENTATION_CONTEXT('2D SPACE',''
  ) );
#9471 = PCURVE('',#9367,#9472);
#9472 = DEFINITIONAL_REPRESENTATION('',(#9473),#9477);
#9473 = LINE('',#9474,#9475);
#9474 = CARTESIAN_POINT('',(24.,0.));
#9475 = VECTOR('',#9476,1.);
#9476 = DIRECTION('',(0.,1.));
#9477 = ( GEOMETRIC_REPRESENTATION_CONTEXT(2) 
PARAMETRIC_REPRESENTATION_CONTEXT() REPRESENTATION_CONTEXT('2D SPACE',''
  ) );
#9478 = ADVANCED_FACE('',(#9479),#9285,.F.);
#9479 = FACE_BOUND('',#9480,.F.);
#9480 = EDGE_LOOP('',(#9481,#9502,#9503,#9524));
#9481 = ORIENTED_EDGE('',*,*,#9482,.F.);
#9482 = EDGE_CURVE('',#9263,#9383,#9483,.T.);
#9483 = SURFACE_CURVE('',#9484,(#9488,#9495),.PCURVE_S1.);
#9484 = LINE('',#9485,#9486);
#9485 = CARTESIAN_POINT('',(1.058E+03,168.,506.));
#9486 = VECTOR('',#9487,1.);
#9487 = DIRECTION('',(1.,0.,0.));
#9488 = PCURVE('',#9285,#9489);
#9489 = DEFINITIONAL_REPRESENTATION('',(#9490),#9494);
#9490 = LINE('',#9491,#9492);
#9491 = CARTESIAN_POINT('',(0.,0.));
#9492 = VECTOR('',#9493,1.);
#9493 = DIRECTION('',(0.,1.));
#9494 = ( GEOMETRIC_REPRESENTATION_CONTEXT(2) 
PARAMETRIC_REPRESENTATION_CONTEXT() REPRESENTATION_CONTEXT('2D SPACE',''
  ) );
#9495 = PCURVE('',#9313,#9496);
#9496 = DEFINITIONAL_REPRESENTATION('',(#9497),#9501);
#9497 = LINE('',#9498,#9499);
#9498 = CARTESIAN_POINT('',(0.,0.));
#9499 = VECTOR('',#9500,1.);
#9500 = DIRECTION('',(1.,0.));
#9501 = ( GEOMETRIC_REPRESENTATION_CONTEXT(2) 
PARAMETRIC_REPRESENTATION_CONTEXT() REPRESENTATION_CONTEXT('2D SPACE',''
  ) );
#9502 = ORIENTED_EDGE('',*,*,#9262,.T.);
#9503 = ORIENTED_EDGE('',*,*,#9504,.T.);
#9504 = EDGE_CURVE('',#9265,#9385,#9505,.T.);
#9505 = SURFACE_CURVE('',#9506,(#9510,#9517),.PCURVE_S1.);
#9506 = LINE('',#9507,#9508);
#9507 = CARTESIAN_POINT('',(1.058E+03,168.,522.));
#9508 = VECTOR('',#9509,1.);
#9509 = DIRECTION('',(1.,0.,0.));
#9510 = PCURVE('',#9285,#9511);
#9511 = DEFINITIONAL_REPRESENTATION('',(#9512),#9516);
#9512 = LINE('',#9513,#9514);
#9513 = CARTESIAN_POINT('',(16.,0.));
#9514 = VECTOR('',#9515,1.);
#9515 = DIRECTION('',(0.,1.));
#9516 = ( GEOMETRIC_REPRESENTATION_CONTEXT(2) 
PARAMETRIC_REPRESENTATION_CONTEXT() REPRESENTATION_CONTEXT('2D SPACE',''
  ) );
#9517 = PCURVE('',#9367,#9518);
#9518 = DEFINITIONAL_REPRESENTATION('',(#9519),#9523);
#9519 = LINE('',#9520,#9521);
#9520 = CARTESIAN_POINT('',(0.,0.));
#9521 = VECTOR('',#9522,1.);
#9522 = DIRECTION('',(1.,0.));
#9523 = ( GEOMETRIC_REPRESENTATION_CONTEXT(2) 
PARAMETRIC_REPRESENTATION_CONTEXT() REPRESENTATION_CONTEXT('2D SPACE',''
  ) );
#9524 = ORIENTED_EDGE('',*,*,#9382,.F.);
#9525 = ADVANCED_FACE('',(#9526),#9341,.T.);
#9526 = FACE_BOUND('',#9527,.T.);
#9527 = EDGE_LOOP('',(#9528,#9549,#9550,#9571));
#9528 = ORIENTED_EDGE('',*,*,#9529,.F.);
#9529 = EDGE_CURVE('',#9298,#9413,#9530,.T.);
#9530 = SURFACE_CURVE('',#9531,(#9535,#9542),.PCURVE_S1.);
#9531 = LINE('',#9532,#9533);
#9532 = CARTESIAN_POINT('',(1.058E+03,186.,506.));
#9533 = VECTOR('',#9534,1.);
#9534 = DIRECTION('',(1.,0.,0.));
#9535 = PCURVE('',#9341,#9536);
#9536 = DEFINITIONAL_REPRESENTATION('',(#9537),#9541);
#9537 = LINE('',#9538,#9539);
#9538 = CARTESIAN_POINT('',(0.,0.));
#9539 = VECTOR('',#9540,1.);
#9540 = DIRECTION('',(0.,1.));
#9541 = ( GEOMETRIC_REPRESENTATION_CONTEXT(2) 
PARAMETRIC_REPRESENTATION_CONTEXT() REPRESENTATION_CONTEXT('2D SPACE',''
  ) );
#9542 = PCURVE('',#9313,#9543);
#9543 = DEFINITIONAL_REPRESENTATION('',(#9544),#9548);
#9544 = LINE('',#9545,#9546);
#9545 = CARTESIAN_POINT('',(0.,18.));
#9546 = VECTOR('',#9547,1.);
#9547 = DIRECTION('',(1.,0.));
#9548 = ( GEOMETRIC_REPRESENTATION_CONTEXT(2) 
PARAMETRIC_REPRESENTATION_CONTEXT() REPRESENTATION_CONTEXT('2D SPACE',''
  ) );
#9549 = ORIENTED_EDGE('',*,*,#9325,.T.);
#9550 = ORIENTED_EDGE('',*,*,#9551,.T.);
#9551 = EDGE_CURVE('',#9326,#9436,#9552,.T.);
#9552 = SURFACE_CURVE('',#9553,(#9557,#9564),.PCURVE_S1.);
#9553 = LINE('',#9554,#9555);
#9554 = CARTESIAN_POINT('',(1.058E+03,186.,522.));
#9555 = VECTOR('',#9556,1.);
#9556 = DIRECTION('',(1.,0.,0.));
#9557 = PCURVE('',#9341,#9558);
#9558 = DEFINITIONAL_REPRESENTATION('',(#9559),#9563);
#9559 = LINE('',#9560,#9561);
#9560 = CARTESIAN_POINT('',(16.,0.));
#9561 = VECTOR('',#9562,1.);
#9562 = DIRECTION('',(0.,1.));
#9563 = ( GEOMETRIC_REPRESENTATION_CONTEXT(2) 
PARAMETRIC_REPRESENTATION_CONTEXT() REPRESENTATION_CONTEXT('2D SPACE',''
  ) );
#9564 = PCURVE('',#9367,#9565);
#9565 = DEFINITIONAL_REPRESENTATION('',(#9566),#9570);
#9566 = LINE('',#9567,#9568);
#9567 = CARTESIAN_POINT('',(0.,18.));
#9568 = VECTOR('',#9569,1.);
#9569 = DIRECTION('',(1.,0.));
#9570 = ( GEOMETRIC_REPRESENTATION_CONTEXT(2) 
PARAMETRIC_REPRESENTATION_CONTEXT() REPRESENTATION_CONTEXT('2D SPACE',''
  ) );
#9571 = ORIENTED_EDGE('',*,*,#9435,.F.);
#9572 = ADVANCED_FACE('',(#9573),#9313,.F.);
#9573 = FACE_BOUND('',#9574,.F.);
#9574 = EDGE_LOOP('',(#9575,#9576,#9577,#9578));
#9575 = ORIENTED_EDGE('',*,*,#9297,.F.);
#9576 = ORIENTED_EDGE('',*,*,#9482,.T.);
#9577 = ORIENTED_EDGE('',*,*,#9412,.T.);
#9578 = ORIENTED_EDGE('',*,*,#9529,.F.);
#9579 = ADVANCED_FACE('',(#9580),#9367,.T.);
#9580 = FACE_BOUND('',#9581,.T.);
#9581 = EDGE_LOOP('',(#9582,#9583,#9584,#9585));
#9582 = ORIENTED_EDGE('',*,*,#9353,.F.);
#9583 = ORIENTED_EDGE('',*,*,#9504,.T.);
#9584 = ORIENTED_EDGE('',*,*,#9458,.T.);
#9585 = ORIENTED_EDGE('',*,*,#9551,.F.);
#9586 = ( GEOMETRIC_REPRESENTATION_CONTEXT(3) 
GLOBAL_UNCERTAINTY_ASSIGNED_CONTEXT((#9590)) 
GLOBAL_UNIT_ASSIGNED_CONTEXT((#9587,#9588,#9589)) REPRESENTATION_CONTEXT
('Context #1','3D Context with UNIT and UNCERTAINTY') );
#9587 = ( LENGTH_UNIT() NAMED_UNIT(*) SI_UNIT(.MILLI.,.METRE.) );
#9588 = ( NAMED_UNIT(*) PLANE_ANGLE_UNIT() SI_UNIT($,.RADIAN.) );
#9589 = ( NAMED_UNIT(*) SI_UNIT($,.STERADIAN.) SOLID_ANGLE_UNIT() );
#9590 = UNCERTAINTY_MEASURE_WITH_UNIT(LENGTH_MEASURE(1.E-07),#9587,
  'distance_accuracy_value','confusion accuracy');
#9591 = CONTEXT_DEPENDENT_SHAPE_REPRESENTATION(#9592,#9594);
#9592 = ( REPRESENTATION_RELATIONSHIP('','',#9255,#10) 
REPRESENTATION_RELATIONSHIP_WITH_TRANSFORMATION(#9593) 
SHAPE_REPRESENTATION_RELATIONSHIP() );
#9593 = ITEM_DEFINED_TRANSFORMATION('','',#11,#147);
#9594 = PRODUCT_DEFINITION_SHAPE('Placement','Placement of an item',
  #9595);
#9595 = NEXT_ASSEMBLY_USAGE_OCCURRENCE('76','FOOT_1070_177','',#5,#9250,
  $);
#9596 = PRODUCT_RELATED_PRODUCT_CATEGORY('part',$,(#9252));
#9597 = SHAPE_DEFINITION_REPRESENTATION(#9598,#9604);
#9598 = PRODUCT_DEFINITION_SHAPE('','',#9599);
#9599 = PRODUCT_DEFINITION('design','',#9600,#9603);
#9600 = PRODUCT_DEFINITION_FORMATION('','',#9601);
#9601 = PRODUCT('FOOT_1345_-177','FOOT_1345_-177','',(#9602));
#9602 = PRODUCT_CONTEXT('',#2,'mechanical');
#9603 = PRODUCT_DEFINITION_CONTEXT('part definition',#2,'design');
#9604 = ADVANCED_BREP_SHAPE_REPRESENTATION('',(#11,#9605),#9935);
#9605 = MANIFOLD_SOLID_BREP('',#9606);
#9606 = CLOSED_SHELL('',(#9607,#9727,#9827,#9874,#9921,#9928));
#9607 = ADVANCED_FACE('',(#9608),#9622,.F.);
#9608 = FACE_BOUND('',#9609,.F.);
#9609 = EDGE_LOOP('',(#9610,#9645,#9673,#9701));
#9610 = ORIENTED_EDGE('',*,*,#9611,.F.);
#9611 = EDGE_CURVE('',#9612,#9614,#9616,.T.);
#9612 = VERTEX_POINT('',#9613);
#9613 = CARTESIAN_POINT('',(1.333E+03,-186.,506.));
#9614 = VERTEX_POINT('',#9615);
#9615 = CARTESIAN_POINT('',(1.333E+03,-186.,522.));
#9616 = SURFACE_CURVE('',#9617,(#9621,#9633),.PCURVE_S1.);
#9617 = LINE('',#9618,#9619);
#9618 = CARTESIAN_POINT('',(1.333E+03,-186.,506.));
#9619 = VECTOR('',#9620,1.);
#9620 = DIRECTION('',(0.,0.,1.));
#9621 = PCURVE('',#9622,#9627);
#9622 = PLANE('',#9623);
#9623 = AXIS2_PLACEMENT_3D('',#9624,#9625,#9626);
#9624 = CARTESIAN_POINT('',(1.333E+03,-186.,506.));
#9625 = DIRECTION('',(1.,0.,0.));
#9626 = DIRECTION('',(0.,0.,1.));
#9627 = DEFINITIONAL_REPRESENTATION('',(#9628),#9632);
#9628 = LINE('',#9629,#9630);
#9629 = CARTESIAN_POINT('',(0.,0.));
#9630 = VECTOR('',#9631,1.);
#9631 = DIRECTION('',(1.,0.));
#9632 = ( GEOMETRIC_REPRESENTATION_CONTEXT(2) 
PARAMETRIC_REPRESENTATION_CONTEXT() REPRESENTATION_CONTEXT('2D SPACE',''
  ) );
#9633 = PCURVE('',#9634,#9639);
#9634 = PLANE('',#9635);
#9635 = AXIS2_PLACEMENT_3D('',#9636,#9637,#9638);
#9636 = CARTESIAN_POINT('',(1.333E+03,-186.,506.));
#9637 = DIRECTION('',(0.,1.,0.));
#9638 = DIRECTION('',(0.,0.,1.));
#9639 = DEFINITIONAL_REPRESENTATION('',(#9640),#9644);
#9640 = LINE('',#9641,#9642);
#9641 = CARTESIAN_POINT('',(0.,0.));
#9642 = VECTOR('',#9643,1.);
#9643 = DIRECTION('',(1.,0.));
#9644 = ( GEOMETRIC_REPRESENTATION_CONTEXT(2) 
PARAMETRIC_REPRESENTATION_CONTEXT() REPRESENTATION_CONTEXT('2D SPACE',''
  ) );
#9645 = ORIENTED_EDGE('',*,*,#9646,.T.);
#9646 = EDGE_CURVE('',#9612,#9647,#9649,.T.);
#9647 = VERTEX_POINT('',#9648);
#9648 = CARTESIAN_POINT('',(1.333E+03,-168.,506.));
#9649 = SURFACE_CURVE('',#9650,(#9654,#9661),.PCURVE_S1.);
#9650 = LINE('',#9651,#9652);
#9651 = CARTESIAN_POINT('',(1.333E+03,-186.,506.));
#9652 = VECTOR('',#9653,1.);
#9653 = DIRECTION('',(0.,1.,0.));
#9654 = PCURVE('',#9622,#9655);
#9655 = DEFINITIONAL_REPRESENTATION('',(#9656),#9660);
#9656 = LINE('',#9657,#9658);
#9657 = CARTESIAN_POINT('',(0.,0.));
#9658 = VECTOR('',#9659,1.);
#9659 = DIRECTION('',(0.,-1.));
#9660 = ( GEOMETRIC_REPRESENTATION_CONTEXT(2) 
PARAMETRIC_REPRESENTATION_CONTEXT() REPRESENTATION_CONTEXT('2D SPACE',''
  ) );
#9661 = PCURVE('',#9662,#9667);
#9662 = PLANE('',#9663);
#9663 = AXIS2_PLACEMENT_3D('',#9664,#9665,#9666);
#9664 = CARTESIAN_POINT('',(1.333E+03,-186.,506.));
#9665 = DIRECTION('',(0.,0.,1.));
#9666 = DIRECTION('',(1.,0.,0.));
#9667 = DEFINITIONAL_REPRESENTATION('',(#9668),#9672);
#9668 = LINE('',#9669,#9670);
#9669 = CARTESIAN_POINT('',(0.,0.));
#9670 = VECTOR('',#9671,1.);
#9671 = DIRECTION('',(0.,1.));
#9672 = ( GEOMETRIC_REPRESENTATION_CONTEXT(2) 
PARAMETRIC_REPRESENTATION_CONTEXT() REPRESENTATION_CONTEXT('2D SPACE',''
  ) );
#9673 = ORIENTED_EDGE('',*,*,#9674,.T.);
#9674 = EDGE_CURVE('',#9647,#9675,#9677,.T.);
#9675 = VERTEX_POINT('',#9676);
#9676 = CARTESIAN_POINT('',(1.333E+03,-168.,522.));
#9677 = SURFACE_CURVE('',#9678,(#9682,#9689),.PCURVE_S1.);
#9678 = LINE('',#9679,#9680);
#9679 = CARTESIAN_POINT('',(1.333E+03,-168.,506.));
#9680 = VECTOR('',#9681,1.);
#9681 = DIRECTION('',(0.,0.,1.));
#9682 = PCURVE('',#9622,#9683);
#9683 = DEFINITIONAL_REPRESENTATION('',(#9684),#9688);
#9684 = LINE('',#9685,#9686);
#9685 = CARTESIAN_POINT('',(0.,-18.));
#9686 = VECTOR('',#9687,1.);
#9687 = DIRECTION('',(1.,0.));
#9688 = ( GEOMETRIC_REPRESENTATION_CONTEXT(2) 
PARAMETRIC_REPRESENTATION_CONTEXT() REPRESENTATION_CONTEXT('2D SPACE',''
  ) );
#9689 = PCURVE('',#9690,#9695);
#9690 = PLANE('',#9691);
#9691 = AXIS2_PLACEMENT_3D('',#9692,#9693,#9694);
#9692 = CARTESIAN_POINT('',(1.333E+03,-168.,506.));
#9693 = DIRECTION('',(0.,1.,0.));
#9694 = DIRECTION('',(0.,0.,1.));
#9695 = DEFINITIONAL_REPRESENTATION('',(#9696),#9700);
#9696 = LINE('',#9697,#9698);
#9697 = CARTESIAN_POINT('',(0.,0.));
#9698 = VECTOR('',#9699,1.);
#9699 = DIRECTION('',(1.,0.));
#9700 = ( GEOMETRIC_REPRESENTATION_CONTEXT(2) 
PARAMETRIC_REPRESENTATION_CONTEXT() REPRESENTATION_CONTEXT('2D SPACE',''
  ) );
#9701 = ORIENTED_EDGE('',*,*,#9702,.F.);
#9702 = EDGE_CURVE('',#9614,#9675,#9703,.T.);
#9703 = SURFACE_CURVE('',#9704,(#9708,#9715),.PCURVE_S1.);
#9704 = LINE('',#9705,#9706);
#9705 = CARTESIAN_POINT('',(1.333E+03,-186.,522.));
#9706 = VECTOR('',#9707,1.);
#9707 = DIRECTION('',(0.,1.,0.));
#9708 = PCURVE('',#9622,#9709);
#9709 = DEFINITIONAL_REPRESENTATION('',(#9710),#9714);
#9710 = LINE('',#9711,#9712);
#9711 = CARTESIAN_POINT('',(16.,0.));
#9712 = VECTOR('',#9713,1.);
#9713 = DIRECTION('',(0.,-1.));
#9714 = ( GEOMETRIC_REPRESENTATION_CONTEXT(2) 
PARAMETRIC_REPRESENTATION_CONTEXT() REPRESENTATION_CONTEXT('2D SPACE',''
  ) );
#9715 = PCURVE('',#9716,#9721);
#9716 = PLANE('',#9717);
#9717 = AXIS2_PLACEMENT_3D('',#9718,#9719,#9720);
#9718 = CARTESIAN_POINT('',(1.333E+03,-186.,522.));
#9719 = DIRECTION('',(0.,0.,1.));
#9720 = DIRECTION('',(1.,0.,0.));
#9721 = DEFINITIONAL_REPRESENTATION('',(#9722),#9726);
#9722 = LINE('',#9723,#9724);
#9723 = CARTESIAN_POINT('',(0.,0.));
#9724 = VECTOR('',#9725,1.);
#9725 = DIRECTION('',(0.,1.));
#9726 = ( GEOMETRIC_REPRESENTATION_CONTEXT(2) 
PARAMETRIC_REPRESENTATION_CONTEXT() REPRESENTATION_CONTEXT('2D SPACE',''
  ) );
#9727 = ADVANCED_FACE('',(#9728),#9742,.T.);
#9728 = FACE_BOUND('',#9729,.T.);
#9729 = EDGE_LOOP('',(#9730,#9760,#9783,#9806));
#9730 = ORIENTED_EDGE('',*,*,#9731,.F.);
#9731 = EDGE_CURVE('',#9732,#9734,#9736,.T.);
#9732 = VERTEX_POINT('',#9733);
#9733 = CARTESIAN_POINT('',(1.357E+03,-186.,506.));
#9734 = VERTEX_POINT('',#9735);
#9735 = CARTESIAN_POINT('',(1.357E+03,-186.,522.));
#9736 = SURFACE_CURVE('',#9737,(#9741,#9753),.PCURVE_S1.);
#9737 = LINE('',#9738,#9739);
#9738 = CARTESIAN_POINT('',(1.357E+03,-186.,506.));
#9739 = VECTOR('',#9740,1.);
#9740 = DIRECTION('',(0.,0.,1.));
#9741 = PCURVE('',#9742,#9747);
#9742 = PLANE('',#9743);
#9743 = AXIS2_PLACEMENT_3D('',#9744,#9745,#9746);
#9744 = CARTESIAN_POINT('',(1.357E+03,-186.,506.));
#9745 = DIRECTION('',(1.,0.,0.));
#9746 = DIRECTION('',(0.,0.,1.));
#9747 = DEFINITIONAL_REPRESENTATION('',(#9748),#9752);
#9748 = LINE('',#9749,#9750);
#9749 = CARTESIAN_POINT('',(0.,0.));
#9750 = VECTOR('',#9751,1.);
#9751 = DIRECTION('',(1.,0.));
#9752 = ( GEOMETRIC_REPRESENTATION_CONTEXT(2) 
PARAMETRIC_REPRESENTATION_CONTEXT() REPRESENTATION_CONTEXT('2D SPACE',''
  ) );
#9753 = PCURVE('',#9634,#9754);
#9754 = DEFINITIONAL_REPRESENTATION('',(#9755),#9759);
#9755 = LINE('',#9756,#9757);
#9756 = CARTESIAN_POINT('',(0.,24.));
#9757 = VECTOR('',#9758,1.);
#9758 = DIRECTION('',(1.,0.));
#9759 = ( GEOMETRIC_REPRESENTATION_CONTEXT(2) 
PARAMETRIC_REPRESENTATION_CONTEXT() REPRESENTATION_CONTEXT('2D SPACE',''
  ) );
#9760 = ORIENTED_EDGE('',*,*,#9761,.T.);
#9761 = EDGE_CURVE('',#9732,#9762,#9764,.T.);
#9762 = VERTEX_POINT('',#9763);
#9763 = CARTESIAN_POINT('',(1.357E+03,-168.,506.));
#9764 = SURFACE_CURVE('',#9765,(#9769,#9776),.PCURVE_S1.);
#9765 = LINE('',#9766,#9767);
#9766 = CARTESIAN_POINT('',(1.357E+03,-186.,506.));
#9767 = VECTOR('',#9768,1.);
#9768 = DIRECTION('',(0.,1.,0.));
#9769 = PCURVE('',#9742,#9770);
#9770 = DEFINITIONAL_REPRESENTATION('',(#9771),#9775);
#9771 = LINE('',#9772,#9773);
#9772 = CARTESIAN_POINT('',(0.,0.));
#9773 = VECTOR('',#9774,1.);
#9774 = DIRECTION('',(0.,-1.));
#9775 = ( GEOMETRIC_REPRESENTATION_CONTEXT(2) 
PARAMETRIC_REPRESENTATION_CONTEXT() REPRESENTATION_CONTEXT('2D SPACE',''
  ) );
#9776 = PCURVE('',#9662,#9777);
#9777 = DEFINITIONAL_REPRESENTATION('',(#9778),#9782);
#9778 = LINE('',#9779,#9780);
#9779 = CARTESIAN_POINT('',(24.,0.));
#9780 = VECTOR('',#9781,1.);
#9781 = DIRECTION('',(0.,1.));
#9782 = ( GEOMETRIC_REPRESENTATION_CONTEXT(2) 
PARAMETRIC_REPRESENTATION_CONTEXT() REPRESENTATION_CONTEXT('2D SPACE',''
  ) );
#9783 = ORIENTED_EDGE('',*,*,#9784,.T.);
#9784 = EDGE_CURVE('',#9762,#9785,#9787,.T.);
#9785 = VERTEX_POINT('',#9786);
#9786 = CARTESIAN_POINT('',(1.357E+03,-168.,522.));
#9787 = SURFACE_CURVE('',#9788,(#9792,#9799),.PCURVE_S1.);
#9788 = LINE('',#9789,#9790);
#9789 = CARTESIAN_POINT('',(1.357E+03,-168.,506.));
#9790 = VECTOR('',#9791,1.);
#9791 = DIRECTION('',(0.,0.,1.));
#9792 = PCURVE('',#9742,#9793);
#9793 = DEFINITIONAL_REPRESENTATION('',(#9794),#9798);
#9794 = LINE('',#9795,#9796);
#9795 = CARTESIAN_POINT('',(0.,-18.));
#9796 = VECTOR('',#9797,1.);
#9797 = DIRECTION('',(1.,0.));
#9798 = ( GEOMETRIC_REPRESENTATION_CONTEXT(2) 
PARAMETRIC_REPRESENTATION_CONTEXT() REPRESENTATION_CONTEXT('2D SPACE',''
  ) );
#9799 = PCURVE('',#9690,#9800);
#9800 = DEFINITIONAL_REPRESENTATION('',(#9801),#9805);
#9801 = LINE('',#9802,#9803);
#9802 = CARTESIAN_POINT('',(0.,24.));
#9803 = VECTOR('',#9804,1.);
#9804 = DIRECTION('',(1.,0.));
#9805 = ( GEOMETRIC_REPRESENTATION_CONTEXT(2) 
PARAMETRIC_REPRESENTATION_CONTEXT() REPRESENTATION_CONTEXT('2D SPACE',''
  ) );
#9806 = ORIENTED_EDGE('',*,*,#9807,.F.);
#9807 = EDGE_CURVE('',#9734,#9785,#9808,.T.);
#9808 = SURFACE_CURVE('',#9809,(#9813,#9820),.PCURVE_S1.);
#9809 = LINE('',#9810,#9811);
#9810 = CARTESIAN_POINT('',(1.357E+03,-186.,522.));
#9811 = VECTOR('',#9812,1.);
#9812 = DIRECTION('',(0.,1.,0.));
#9813 = PCURVE('',#9742,#9814);
#9814 = DEFINITIONAL_REPRESENTATION('',(#9815),#9819);
#9815 = LINE('',#9816,#9817);
#9816 = CARTESIAN_POINT('',(16.,0.));
#9817 = VECTOR('',#9818,1.);
#9818 = DIRECTION('',(0.,-1.));
#9819 = ( GEOMETRIC_REPRESENTATION_CONTEXT(2) 
PARAMETRIC_REPRESENTATION_CONTEXT() REPRESENTATION_CONTEXT('2D SPACE',''
  ) );
#9820 = PCURVE('',#9716,#9821);
#9821 = DEFINITIONAL_REPRESENTATION('',(#9822),#9826);
#9822 = LINE('',#9823,#9824);
#9823 = CARTESIAN_POINT('',(24.,0.));
#9824 = VECTOR('',#9825,1.);
#9825 = DIRECTION('',(0.,1.));
#9826 = ( GEOMETRIC_REPRESENTATION_CONTEXT(2) 
PARAMETRIC_REPRESENTATION_CONTEXT() REPRESENTATION_CONTEXT('2D SPACE',''
  ) );
#9827 = ADVANCED_FACE('',(#9828),#9634,.F.);
#9828 = FACE_BOUND('',#9829,.F.);
#9829 = EDGE_LOOP('',(#9830,#9851,#9852,#9873));
#9830 = ORIENTED_EDGE('',*,*,#9831,.F.);
#9831 = EDGE_CURVE('',#9612,#9732,#9832,.T.);
#9832 = SURFACE_CURVE('',#9833,(#9837,#9844),.PCURVE_S1.);
#9833 = LINE('',#9834,#9835);
#9834 = CARTESIAN_POINT('',(1.333E+03,-186.,506.));
#9835 = VECTOR('',#9836,1.);
#9836 = DIRECTION('',(1.,0.,0.));
#9837 = PCURVE('',#9634,#9838);
#9838 = DEFINITIONAL_REPRESENTATION('',(#9839),#9843);
#9839 = LINE('',#9840,#9841);
#9840 = CARTESIAN_POINT('',(0.,0.));
#9841 = VECTOR('',#9842,1.);
#9842 = DIRECTION('',(0.,1.));
#9843 = ( GEOMETRIC_REPRESENTATION_CONTEXT(2) 
PARAMETRIC_REPRESENTATION_CONTEXT() REPRESENTATION_CONTEXT('2D SPACE',''
  ) );
#9844 = PCURVE('',#9662,#9845);
#9845 = DEFINITIONAL_REPRESENTATION('',(#9846),#9850);
#9846 = LINE('',#9847,#9848);
#9847 = CARTESIAN_POINT('',(0.,0.));
#9848 = VECTOR('',#9849,1.);
#9849 = DIRECTION('',(1.,0.));
#9850 = ( GEOMETRIC_REPRESENTATION_CONTEXT(2) 
PARAMETRIC_REPRESENTATION_CONTEXT() REPRESENTATION_CONTEXT('2D SPACE',''
  ) );
#9851 = ORIENTED_EDGE('',*,*,#9611,.T.);
#9852 = ORIENTED_EDGE('',*,*,#9853,.T.);
#9853 = EDGE_CURVE('',#9614,#9734,#9854,.T.);
#9854 = SURFACE_CURVE('',#9855,(#9859,#9866),.PCURVE_S1.);
#9855 = LINE('',#9856,#9857);
#9856 = CARTESIAN_POINT('',(1.333E+03,-186.,522.));
#9857 = VECTOR('',#9858,1.);
#9858 = DIRECTION('',(1.,0.,0.));
#9859 = PCURVE('',#9634,#9860);
#9860 = DEFINITIONAL_REPRESENTATION('',(#9861),#9865);
#9861 = LINE('',#9862,#9863);
#9862 = CARTESIAN_POINT('',(16.,0.));
#9863 = VECTOR('',#9864,1.);
#9864 = DIRECTION('',(0.,1.));
#9865 = ( GEOMETRIC_REPRESENTATION_CONTEXT(2) 
PARAMETRIC_REPRESENTATION_CONTEXT() REPRESENTATION_CONTEXT('2D SPACE',''
  ) );
#9866 = PCURVE('',#9716,#9867);
#9867 = DEFINITIONAL_REPRESENTATION('',(#9868),#9872);
#9868 = LINE('',#9869,#9870);
#9869 = CARTESIAN_POINT('',(0.,0.));
#9870 = VECTOR('',#9871,1.);
#9871 = DIRECTION('',(1.,0.));
#9872 = ( GEOMETRIC_REPRESENTATION_CONTEXT(2) 
PARAMETRIC_REPRESENTATION_CONTEXT() REPRESENTATION_CONTEXT('2D SPACE',''
  ) );
#9873 = ORIENTED_EDGE('',*,*,#9731,.F.);
#9874 = ADVANCED_FACE('',(#9875),#9690,.T.);
#9875 = FACE_BOUND('',#9876,.T.);
#9876 = EDGE_LOOP('',(#9877,#9898,#9899,#9920));
#9877 = ORIENTED_EDGE('',*,*,#9878,.F.);
#9878 = EDGE_CURVE('',#9647,#9762,#9879,.T.);
#9879 = SURFACE_CURVE('',#9880,(#9884,#9891),.PCURVE_S1.);
#9880 = LINE('',#9881,#9882);
#9881 = CARTESIAN_POINT('',(1.333E+03,-168.,506.));
#9882 = VECTOR('',#9883,1.);
#9883 = DIRECTION('',(1.,0.,0.));
#9884 = PCURVE('',#9690,#9885);
#9885 = DEFINITIONAL_REPRESENTATION('',(#9886),#9890);
#9886 = LINE('',#9887,#9888);
#9887 = CARTESIAN_POINT('',(0.,0.));
#9888 = VECTOR('',#9889,1.);
#9889 = DIRECTION('',(0.,1.));
#9890 = ( GEOMETRIC_REPRESENTATION_CONTEXT(2) 
PARAMETRIC_REPRESENTATION_CONTEXT() REPRESENTATION_CONTEXT('2D SPACE',''
  ) );
#9891 = PCURVE('',#9662,#9892);
#9892 = DEFINITIONAL_REPRESENTATION('',(#9893),#9897);
#9893 = LINE('',#9894,#9895);
#9894 = CARTESIAN_POINT('',(0.,18.));
#9895 = VECTOR('',#9896,1.);
#9896 = DIRECTION('',(1.,0.));
#9897 = ( GEOMETRIC_REPRESENTATION_CONTEXT(2) 
PARAMETRIC_REPRESENTATION_CONTEXT() REPRESENTATION_CONTEXT('2D SPACE',''
  ) );
#9898 = ORIENTED_EDGE('',*,*,#9674,.T.);
#9899 = ORIENTED_EDGE('',*,*,#9900,.T.);
#9900 = EDGE_CURVE('',#9675,#9785,#9901,.T.);
#9901 = SURFACE_CURVE('',#9902,(#9906,#9913),.PCURVE_S1.);
#9902 = LINE('',#9903,#9904);
#9903 = CARTESIAN_POINT('',(1.333E+03,-168.,522.));
#9904 = VECTOR('',#9905,1.);
#9905 = DIRECTION('',(1.,0.,0.));
#9906 = PCURVE('',#9690,#9907);
#9907 = DEFINITIONAL_REPRESENTATION('',(#9908),#9912);
#9908 = LINE('',#9909,#9910);
#9909 = CARTESIAN_POINT('',(16.,0.));
#9910 = VECTOR('',#9911,1.);
#9911 = DIRECTION('',(0.,1.));
#9912 = ( GEOMETRIC_REPRESENTATION_CONTEXT(2) 
PARAMETRIC_REPRESENTATION_CONTEXT() REPRESENTATION_CONTEXT('2D SPACE',''
  ) );
#9913 = PCURVE('',#9716,#9914);
#9914 = DEFINITIONAL_REPRESENTATION('',(#9915),#9919);
#9915 = LINE('',#9916,#9917);
#9916 = CARTESIAN_POINT('',(0.,18.));
#9917 = VECTOR('',#9918,1.);
#9918 = DIRECTION('',(1.,0.));
#9919 = ( GEOMETRIC_REPRESENTATION_CONTEXT(2) 
PARAMETRIC_REPRESENTATION_CONTEXT() REPRESENTATION_CONTEXT('2D SPACE',''
  ) );
#9920 = ORIENTED_EDGE('',*,*,#9784,.F.);
#9921 = ADVANCED_FACE('',(#9922),#9662,.F.);
#9922 = FACE_BOUND('',#9923,.F.);
#9923 = EDGE_LOOP('',(#9924,#9925,#9926,#9927));
#9924 = ORIENTED_EDGE('',*,*,#9646,.F.);
#9925 = ORIENTED_EDGE('',*,*,#9831,.T.);
#9926 = ORIENTED_EDGE('',*,*,#9761,.T.);
#9927 = ORIENTED_EDGE('',*,*,#9878,.F.);
#9928 = ADVANCED_FACE('',(#9929),#9716,.T.);
#9929 = FACE_BOUND('',#9930,.T.);
#9930 = EDGE_LOOP('',(#9931,#9932,#9933,#9934));
#9931 = ORIENTED_EDGE('',*,*,#9702,.F.);
#9932 = ORIENTED_EDGE('',*,*,#9853,.T.);
#9933 = ORIENTED_EDGE('',*,*,#9807,.T.);
#9934 = ORIENTED_EDGE('',*,*,#9900,.F.);
#9935 = ( GEOMETRIC_REPRESENTATION_CONTEXT(3) 
GLOBAL_UNCERTAINTY_ASSIGNED_CONTEXT((#9939)) 
GLOBAL_UNIT_ASSIGNED_CONTEXT((#9936,#9937,#9938)) REPRESENTATION_CONTEXT
('Context #1','3D Context with UNIT and UNCERTAINTY') );
#9936 = ( LENGTH_UNIT() NAMED_UNIT(*) SI_UNIT(.MILLI.,.METRE.) );
#9937 = ( NAMED_UNIT(*) PLANE_ANGLE_UNIT() SI_UNIT($,.RADIAN.) );
#9938 = ( NAMED_UNIT(*) SI_UNIT($,.STERADIAN.) SOLID_ANGLE_UNIT() );
#9939 = UNCERTAINTY_MEASURE_WITH_UNIT(LENGTH_MEASURE(1.E-07),#9936,
  'distance_accuracy_value','confusion accuracy');
#9940 = CONTEXT_DEPENDENT_SHAPE_REPRESENTATION(#9941,#9943);
#9941 = ( REPRESENTATION_RELATIONSHIP('','',#9604,#10) 
REPRESENTATION_RELATIONSHIP_WITH_TRANSFORMATION(#9942) 
SHAPE_REPRESENTATION_RELATIONSHIP() );
#9942 = ITEM_DEFINED_TRANSFORMATION('','',#11,#151);
#9943 = PRODUCT_DEFINITION_SHAPE('Placement','Placement of an item',
  #9944);
#9944 = NEXT_ASSEMBLY_USAGE_OCCURRENCE('77','FOOT_1345_-177','',#5,#9599
  ,$);
#9945 = PRODUCT_RELATED_PRODUCT_CATEGORY('part',$,(#9601));
#9946 = SHAPE_DEFINITION_REPRESENTATION(#9947,#9953);
#9947 = PRODUCT_DEFINITION_SHAPE('','',#9948);
#9948 = PRODUCT_DEFINITION('design','',#9949,#9952);
#9949 = PRODUCT_DEFINITION_FORMATION('','',#9950);
#9950 = PRODUCT('FOOT_1345_177','FOOT_1345_177','',(#9951));
#9951 = PRODUCT_CONTEXT('',#2,'mechanical');
#9952 = PRODUCT_DEFINITION_CONTEXT('part definition',#2,'design');
#9953 = ADVANCED_BREP_SHAPE_REPRESENTATION('',(#11,#9954),#10284);
#9954 = MANIFOLD_SOLID_BREP('',#9955);
#9955 = CLOSED_SHELL('',(#9956,#10076,#10176,#10223,#10270,#10277));
#9956 = ADVANCED_FACE('',(#9957),#9971,.F.);
#9957 = FACE_BOUND('',#9958,.F.);
#9958 = EDGE_LOOP('',(#9959,#9994,#10022,#10050));
#9959 = ORIENTED_EDGE('',*,*,#9960,.F.);
#9960 = EDGE_CURVE('',#9961,#9963,#9965,.T.);
#9961 = VERTEX_POINT('',#9962);
#9962 = CARTESIAN_POINT('',(1.333E+03,168.,506.));
#9963 = VERTEX_POINT('',#9964);
#9964 = CARTESIAN_POINT('',(1.333E+03,168.,522.));
#9965 = SURFACE_CURVE('',#9966,(#9970,#9982),.PCURVE_S1.);
#9966 = LINE('',#9967,#9968);
#9967 = CARTESIAN_POINT('',(1.333E+03,168.,506.));
#9968 = VECTOR('',#9969,1.);
#9969 = DIRECTION('',(0.,0.,1.));
#9970 = PCURVE('',#9971,#9976);
#9971 = PLANE('',#9972);
#9972 = AXIS2_PLACEMENT_3D('',#9973,#9974,#9975);
#9973 = CARTESIAN_POINT('',(1.333E+03,168.,506.));
#9974 = DIRECTION('',(1.,0.,0.));
#9975 = DIRECTION('',(0.,0.,1.));
#9976 = DEFINITIONAL_REPRESENTATION('',(#9977),#9981);
#9977 = LINE('',#9978,#9979);
#9978 = CARTESIAN_POINT('',(0.,0.));
#9979 = VECTOR('',#9980,1.);
#9980 = DIRECTION('',(1.,0.));
#9981 = ( GEOMETRIC_REPRESENTATION_CONTEXT(2) 
PARAMETRIC_REPRESENTATION_CONTEXT() REPRESENTATION_CONTEXT('2D SPACE',''
  ) );
#9982 = PCURVE('',#9983,#9988);
#9983 = PLANE('',#9984);
#9984 = AXIS2_PLACEMENT_3D('',#9985,#9986,#9987);
#9985 = CARTESIAN_POINT('',(1.333E+03,168.,506.));
#9986 = DIRECTION('',(0.,1.,0.));
#9987 = DIRECTION('',(0.,0.,1.));
#9988 = DEFINITIONAL_REPRESENTATION('',(#9989),#9993);
#9989 = LINE('',#9990,#9991);
#9990 = CARTESIAN_POINT('',(0.,0.));
#9991 = VECTOR('',#9992,1.);
#9992 = DIRECTION('',(1.,0.));
#9993 = ( GEOMETRIC_REPRESENTATION_CONTEXT(2) 
PARAMETRIC_REPRESENTATION_CONTEXT() REPRESENTATION_CONTEXT('2D SPACE',''
  ) );
#9994 = ORIENTED_EDGE('',*,*,#9995,.T.);
#9995 = EDGE_CURVE('',#9961,#9996,#9998,.T.);
#9996 = VERTEX_POINT('',#9997);
#9997 = CARTESIAN_POINT('',(1.333E+03,186.,506.));
#9998 = SURFACE_CURVE('',#9999,(#10003,#10010),.PCURVE_S1.);
#9999 = LINE('',#10000,#10001);
#10000 = CARTESIAN_POINT('',(1.333E+03,168.,506.));
#10001 = VECTOR('',#10002,1.);
#10002 = DIRECTION('',(0.,1.,0.));
#10003 = PCURVE('',#9971,#10004);
#10004 = DEFINITIONAL_REPRESENTATION('',(#10005),#10009);
#10005 = LINE('',#10006,#10007);
#10006 = CARTESIAN_POINT('',(0.,0.));
#10007 = VECTOR('',#10008,1.);
#10008 = DIRECTION('',(0.,-1.));
#10009 = ( GEOMETRIC_REPRESENTATION_CONTEXT(2) 
PARAMETRIC_REPRESENTATION_CONTEXT() REPRESENTATION_CONTEXT('2D SPACE',''
  ) );
#10010 = PCURVE('',#10011,#10016);
#10011 = PLANE('',#10012);
#10012 = AXIS2_PLACEMENT_3D('',#10013,#10014,#10015);
#10013 = CARTESIAN_POINT('',(1.333E+03,168.,506.));
#10014 = DIRECTION('',(0.,0.,1.));
#10015 = DIRECTION('',(1.,0.,0.));
#10016 = DEFINITIONAL_REPRESENTATION('',(#10017),#10021);
#10017 = LINE('',#10018,#10019);
#10018 = CARTESIAN_POINT('',(0.,0.));
#10019 = VECTOR('',#10020,1.);
#10020 = DIRECTION('',(0.,1.));
#10021 = ( GEOMETRIC_REPRESENTATION_CONTEXT(2) 
PARAMETRIC_REPRESENTATION_CONTEXT() REPRESENTATION_CONTEXT('2D SPACE',''
  ) );
#10022 = ORIENTED_EDGE('',*,*,#10023,.T.);
#10023 = EDGE_CURVE('',#9996,#10024,#10026,.T.);
#10024 = VERTEX_POINT('',#10025);
#10025 = CARTESIAN_POINT('',(1.333E+03,186.,522.));
#10026 = SURFACE_CURVE('',#10027,(#10031,#10038),.PCURVE_S1.);
#10027 = LINE('',#10028,#10029);
#10028 = CARTESIAN_POINT('',(1.333E+03,186.,506.));
#10029 = VECTOR('',#10030,1.);
#10030 = DIRECTION('',(0.,0.,1.));
#10031 = PCURVE('',#9971,#10032);
#10032 = DEFINITIONAL_REPRESENTATION('',(#10033),#10037);
#10033 = LINE('',#10034,#10035);
#10034 = CARTESIAN_POINT('',(0.,-18.));
#10035 = VECTOR('',#10036,1.);
#10036 = DIRECTION('',(1.,0.));
#10037 = ( GEOMETRIC_REPRESENTATION_CONTEXT(2) 
PARAMETRIC_REPRESENTATION_CONTEXT() REPRESENTATION_CONTEXT('2D SPACE',''
  ) );
#10038 = PCURVE('',#10039,#10044);
#10039 = PLANE('',#10040);
#10040 = AXIS2_PLACEMENT_3D('',#10041,#10042,#10043);
#10041 = CARTESIAN_POINT('',(1.333E+03,186.,506.));
#10042 = DIRECTION('',(0.,1.,0.));
#10043 = DIRECTION('',(0.,0.,1.));
#10044 = DEFINITIONAL_REPRESENTATION('',(#10045),#10049);
#10045 = LINE('',#10046,#10047);
#10046 = CARTESIAN_POINT('',(0.,0.));
#10047 = VECTOR('',#10048,1.);
#10048 = DIRECTION('',(1.,0.));
#10049 = ( GEOMETRIC_REPRESENTATION_CONTEXT(2) 
PARAMETRIC_REPRESENTATION_CONTEXT() REPRESENTATION_CONTEXT('2D SPACE',''
  ) );
#10050 = ORIENTED_EDGE('',*,*,#10051,.F.);
#10051 = EDGE_CURVE('',#9963,#10024,#10052,.T.);
#10052 = SURFACE_CURVE('',#10053,(#10057,#10064),.PCURVE_S1.);
#10053 = LINE('',#10054,#10055);
#10054 = CARTESIAN_POINT('',(1.333E+03,168.,522.));
#10055 = VECTOR('',#10056,1.);
#10056 = DIRECTION('',(0.,1.,0.));
#10057 = PCURVE('',#9971,#10058);
#10058 = DEFINITIONAL_REPRESENTATION('',(#10059),#10063);
#10059 = LINE('',#10060,#10061);
#10060 = CARTESIAN_POINT('',(16.,0.));
#10061 = VECTOR('',#10062,1.);
#10062 = DIRECTION('',(0.,-1.));
#10063 = ( GEOMETRIC_REPRESENTATION_CONTEXT(2) 
PARAMETRIC_REPRESENTATION_CONTEXT() REPRESENTATION_CONTEXT('2D SPACE',''
  ) );
#10064 = PCURVE('',#10065,#10070);
#10065 = PLANE('',#10066);
#10066 = AXIS2_PLACEMENT_3D('',#10067,#10068,#10069);
#10067 = CARTESIAN_POINT('',(1.333E+03,168.,522.));
#10068 = DIRECTION('',(0.,0.,1.));
#10069 = DIRECTION('',(1.,0.,0.));
#10070 = DEFINITIONAL_REPRESENTATION('',(#10071),#10075);
#10071 = LINE('',#10072,#10073);
#10072 = CARTESIAN_POINT('',(0.,0.));
#10073 = VECTOR('',#10074,1.);
#10074 = DIRECTION('',(0.,1.));
#10075 = ( GEOMETRIC_REPRESENTATION_CONTEXT(2) 
PARAMETRIC_REPRESENTATION_CONTEXT() REPRESENTATION_CONTEXT('2D SPACE',''
  ) );
#10076 = ADVANCED_FACE('',(#10077),#10091,.T.);
#10077 = FACE_BOUND('',#10078,.T.);
#10078 = EDGE_LOOP('',(#10079,#10109,#10132,#10155));
#10079 = ORIENTED_EDGE('',*,*,#10080,.F.);
#10080 = EDGE_CURVE('',#10081,#10083,#10085,.T.);
#10081 = VERTEX_POINT('',#10082);
#10082 = CARTESIAN_POINT('',(1.357E+03,168.,506.));
#10083 = VERTEX_POINT('',#10084);
#10084 = CARTESIAN_POINT('',(1.357E+03,168.,522.));
#10085 = SURFACE_CURVE('',#10086,(#10090,#10102),.PCURVE_S1.);
#10086 = LINE('',#10087,#10088);
#10087 = CARTESIAN_POINT('',(1.357E+03,168.,506.));
#10088 = VECTOR('',#10089,1.);
#10089 = DIRECTION('',(0.,0.,1.));
#10090 = PCURVE('',#10091,#10096);
#10091 = PLANE('',#10092);
#10092 = AXIS2_PLACEMENT_3D('',#10093,#10094,#10095);
#10093 = CARTESIAN_POINT('',(1.357E+03,168.,506.));
#10094 = DIRECTION('',(1.,0.,0.));
#10095 = DIRECTION('',(0.,0.,1.));
#10096 = DEFINITIONAL_REPRESENTATION('',(#10097),#10101);
#10097 = LINE('',#10098,#10099);
#10098 = CARTESIAN_POINT('',(0.,0.));
#10099 = VECTOR('',#10100,1.);
#10100 = DIRECTION('',(1.,0.));
#10101 = ( GEOMETRIC_REPRESENTATION_CONTEXT(2) 
PARAMETRIC_REPRESENTATION_CONTEXT() REPRESENTATION_CONTEXT('2D SPACE',''
  ) );
#10102 = PCURVE('',#9983,#10103);
#10103 = DEFINITIONAL_REPRESENTATION('',(#10104),#10108);
#10104 = LINE('',#10105,#10106);
#10105 = CARTESIAN_POINT('',(0.,24.));
#10106 = VECTOR('',#10107,1.);
#10107 = DIRECTION('',(1.,0.));
#10108 = ( GEOMETRIC_REPRESENTATION_CONTEXT(2) 
PARAMETRIC_REPRESENTATION_CONTEXT() REPRESENTATION_CONTEXT('2D SPACE',''
  ) );
#10109 = ORIENTED_EDGE('',*,*,#10110,.T.);
#10110 = EDGE_CURVE('',#10081,#10111,#10113,.T.);
#10111 = VERTEX_POINT('',#10112);
#10112 = CARTESIAN_POINT('',(1.357E+03,186.,506.));
#10113 = SURFACE_CURVE('',#10114,(#10118,#10125),.PCURVE_S1.);
#10114 = LINE('',#10115,#10116);
#10115 = CARTESIAN_POINT('',(1.357E+03,168.,506.));
#10116 = VECTOR('',#10117,1.);
#10117 = DIRECTION('',(0.,1.,0.));
#10118 = PCURVE('',#10091,#10119);
#10119 = DEFINITIONAL_REPRESENTATION('',(#10120),#10124);
#10120 = LINE('',#10121,#10122);
#10121 = CARTESIAN_POINT('',(0.,0.));
#10122 = VECTOR('',#10123,1.);
#10123 = DIRECTION('',(0.,-1.));
#10124 = ( GEOMETRIC_REPRESENTATION_CONTEXT(2) 
PARAMETRIC_REPRESENTATION_CONTEXT() REPRESENTATION_CONTEXT('2D SPACE',''
  ) );
#10125 = PCURVE('',#10011,#10126);
#10126 = DEFINITIONAL_REPRESENTATION('',(#10127),#10131);
#10127 = LINE('',#10128,#10129);
#10128 = CARTESIAN_POINT('',(24.,0.));
#10129 = VECTOR('',#10130,1.);
#10130 = DIRECTION('',(0.,1.));
#10131 = ( GEOMETRIC_REPRESENTATION_CONTEXT(2) 
PARAMETRIC_REPRESENTATION_CONTEXT() REPRESENTATION_CONTEXT('2D SPACE',''
  ) );
#10132 = ORIENTED_EDGE('',*,*,#10133,.T.);
#10133 = EDGE_CURVE('',#10111,#10134,#10136,.T.);
#10134 = VERTEX_POINT('',#10135);
#10135 = CARTESIAN_POINT('',(1.357E+03,186.,522.));
#10136 = SURFACE_CURVE('',#10137,(#10141,#10148),.PCURVE_S1.);
#10137 = LINE('',#10138,#10139);
#10138 = CARTESIAN_POINT('',(1.357E+03,186.,506.));
#10139 = VECTOR('',#10140,1.);
#10140 = DIRECTION('',(0.,0.,1.));
#10141 = PCURVE('',#10091,#10142);
#10142 = DEFINITIONAL_REPRESENTATION('',(#10143),#10147);
#10143 = LINE('',#10144,#10145);
#10144 = CARTESIAN_POINT('',(0.,-18.));
#10145 = VECTOR('',#10146,1.);
#10146 = DIRECTION('',(1.,0.));
#10147 = ( GEOMETRIC_REPRESENTATION_CONTEXT(2) 
PARAMETRIC_REPRESENTATION_CONTEXT() REPRESENTATION_CONTEXT('2D SPACE',''
  ) );
#10148 = PCURVE('',#10039,#10149);
#10149 = DEFINITIONAL_REPRESENTATION('',(#10150),#10154);
#10150 = LINE('',#10151,#10152);
#10151 = CARTESIAN_POINT('',(0.,24.));
#10152 = VECTOR('',#10153,1.);
#10153 = DIRECTION('',(1.,0.));
#10154 = ( GEOMETRIC_REPRESENTATION_CONTEXT(2) 
PARAMETRIC_REPRESENTATION_CONTEXT() REPRESENTATION_CONTEXT('2D SPACE',''
  ) );
#10155 = ORIENTED_EDGE('',*,*,#10156,.F.);
#10156 = EDGE_CURVE('',#10083,#10134,#10157,.T.);
#10157 = SURFACE_CURVE('',#10158,(#10162,#10169),.PCURVE_S1.);
#10158 = LINE('',#10159,#10160);
#10159 = CARTESIAN_POINT('',(1.357E+03,168.,522.));
#10160 = VECTOR('',#10161,1.);
#10161 = DIRECTION('',(0.,1.,0.));
#10162 = PCURVE('',#10091,#10163);
#10163 = DEFINITIONAL_REPRESENTATION('',(#10164),#10168);
#10164 = LINE('',#10165,#10166);
#10165 = CARTESIAN_POINT('',(16.,0.));
#10166 = VECTOR('',#10167,1.);
#10167 = DIRECTION('',(0.,-1.));
#10168 = ( GEOMETRIC_REPRESENTATION_CONTEXT(2) 
PARAMETRIC_REPRESENTATION_CONTEXT() REPRESENTATION_CONTEXT('2D SPACE',''
  ) );
#10169 = PCURVE('',#10065,#10170);
#10170 = DEFINITIONAL_REPRESENTATION('',(#10171),#10175);
#10171 = LINE('',#10172,#10173);
#10172 = CARTESIAN_POINT('',(24.,0.));
#10173 = VECTOR('',#10174,1.);
#10174 = DIRECTION('',(0.,1.));
#10175 = ( GEOMETRIC_REPRESENTATION_CONTEXT(2) 
PARAMETRIC_REPRESENTATION_CONTEXT() REPRESENTATION_CONTEXT('2D SPACE',''
  ) );
#10176 = ADVANCED_FACE('',(#10177),#9983,.F.);
#10177 = FACE_BOUND('',#10178,.F.);
#10178 = EDGE_LOOP('',(#10179,#10200,#10201,#10222));
#10179 = ORIENTED_EDGE('',*,*,#10180,.F.);
#10180 = EDGE_CURVE('',#9961,#10081,#10181,.T.);
#10181 = SURFACE_CURVE('',#10182,(#10186,#10193),.PCURVE_S1.);
#10182 = LINE('',#10183,#10184);
#10183 = CARTESIAN_POINT('',(1.333E+03,168.,506.));
#10184 = VECTOR('',#10185,1.);
#10185 = DIRECTION('',(1.,0.,0.));
#10186 = PCURVE('',#9983,#10187);
#10187 = DEFINITIONAL_REPRESENTATION('',(#10188),#10192);
#10188 = LINE('',#10189,#10190);
#10189 = CARTESIAN_POINT('',(0.,0.));
#10190 = VECTOR('',#10191,1.);
#10191 = DIRECTION('',(0.,1.));
#10192 = ( GEOMETRIC_REPRESENTATION_CONTEXT(2) 
PARAMETRIC_REPRESENTATION_CONTEXT() REPRESENTATION_CONTEXT('2D SPACE',''
  ) );
#10193 = PCURVE('',#10011,#10194);
#10194 = DEFINITIONAL_REPRESENTATION('',(#10195),#10199);
#10195 = LINE('',#10196,#10197);
#10196 = CARTESIAN_POINT('',(0.,0.));
#10197 = VECTOR('',#10198,1.);
#10198 = DIRECTION('',(1.,0.));
#10199 = ( GEOMETRIC_REPRESENTATION_CONTEXT(2) 
PARAMETRIC_REPRESENTATION_CONTEXT() REPRESENTATION_CONTEXT('2D SPACE',''
  ) );
#10200 = ORIENTED_EDGE('',*,*,#9960,.T.);
#10201 = ORIENTED_EDGE('',*,*,#10202,.T.);
#10202 = EDGE_CURVE('',#9963,#10083,#10203,.T.);
#10203 = SURFACE_CURVE('',#10204,(#10208,#10215),.PCURVE_S1.);
#10204 = LINE('',#10205,#10206);
#10205 = CARTESIAN_POINT('',(1.333E+03,168.,522.));
#10206 = VECTOR('',#10207,1.);
#10207 = DIRECTION('',(1.,0.,0.));
#10208 = PCURVE('',#9983,#10209);
#10209 = DEFINITIONAL_REPRESENTATION('',(#10210),#10214);
#10210 = LINE('',#10211,#10212);
#10211 = CARTESIAN_POINT('',(16.,0.));
#10212 = VECTOR('',#10213,1.);
#10213 = DIRECTION('',(0.,1.));
#10214 = ( GEOMETRIC_REPRESENTATION_CONTEXT(2) 
PARAMETRIC_REPRESENTATION_CONTEXT() REPRESENTATION_CONTEXT('2D SPACE',''
  ) );
#10215 = PCURVE('',#10065,#10216);
#10216 = DEFINITIONAL_REPRESENTATION('',(#10217),#10221);
#10217 = LINE('',#10218,#10219);
#10218 = CARTESIAN_POINT('',(0.,0.));
#10219 = VECTOR('',#10220,1.);
#10220 = DIRECTION('',(1.,0.));
#10221 = ( GEOMETRIC_REPRESENTATION_CONTEXT(2) 
PARAMETRIC_REPRESENTATION_CONTEXT() REPRESENTATION_CONTEXT('2D SPACE',''
  ) );
#10222 = ORIENTED_EDGE('',*,*,#10080,.F.);
#10223 = ADVANCED_FACE('',(#10224),#10039,.T.);
#10224 = FACE_BOUND('',#10225,.T.);
#10225 = EDGE_LOOP('',(#10226,#10247,#10248,#10269));
#10226 = ORIENTED_EDGE('',*,*,#10227,.F.);
#10227 = EDGE_CURVE('',#9996,#10111,#10228,.T.);
#10228 = SURFACE_CURVE('',#10229,(#10233,#10240),.PCURVE_S1.);
#10229 = LINE('',#10230,#10231);
#10230 = CARTESIAN_POINT('',(1.333E+03,186.,506.));
#10231 = VECTOR('',#10232,1.);
#10232 = DIRECTION('',(1.,0.,0.));
#10233 = PCURVE('',#10039,#10234);
#10234 = DEFINITIONAL_REPRESENTATION('',(#10235),#10239);
#10235 = LINE('',#10236,#10237);
#10236 = CARTESIAN_POINT('',(0.,0.));
#10237 = VECTOR('',#10238,1.);
#10238 = DIRECTION('',(0.,1.));
#10239 = ( GEOMETRIC_REPRESENTATION_CONTEXT(2) 
PARAMETRIC_REPRESENTATION_CONTEXT() REPRESENTATION_CONTEXT('2D SPACE',''
  ) );
#10240 = PCURVE('',#10011,#10241);
#10241 = DEFINITIONAL_REPRESENTATION('',(#10242),#10246);
#10242 = LINE('',#10243,#10244);
#10243 = CARTESIAN_POINT('',(0.,18.));
#10244 = VECTOR('',#10245,1.);
#10245 = DIRECTION('',(1.,0.));
#10246 = ( GEOMETRIC_REPRESENTATION_CONTEXT(2) 
PARAMETRIC_REPRESENTATION_CONTEXT() REPRESENTATION_CONTEXT('2D SPACE',''
  ) );
#10247 = ORIENTED_EDGE('',*,*,#10023,.T.);
#10248 = ORIENTED_EDGE('',*,*,#10249,.T.);
#10249 = EDGE_CURVE('',#10024,#10134,#10250,.T.);
#10250 = SURFACE_CURVE('',#10251,(#10255,#10262),.PCURVE_S1.);
#10251 = LINE('',#10252,#10253);
#10252 = CARTESIAN_POINT('',(1.333E+03,186.,522.));
#10253 = VECTOR('',#10254,1.);
#10254 = DIRECTION('',(1.,0.,0.));
#10255 = PCURVE('',#10039,#10256);
#10256 = DEFINITIONAL_REPRESENTATION('',(#10257),#10261);
#10257 = LINE('',#10258,#10259);
#10258 = CARTESIAN_POINT('',(16.,0.));
#10259 = VECTOR('',#10260,1.);
#10260 = DIRECTION('',(0.,1.));
#10261 = ( GEOMETRIC_REPRESENTATION_CONTEXT(2) 
PARAMETRIC_REPRESENTATION_CONTEXT() REPRESENTATION_CONTEXT('2D SPACE',''
  ) );
#10262 = PCURVE('',#10065,#10263);
#10263 = DEFINITIONAL_REPRESENTATION('',(#10264),#10268);
#10264 = LINE('',#10265,#10266);
#10265 = CARTESIAN_POINT('',(0.,18.));
#10266 = VECTOR('',#10267,1.);
#10267 = DIRECTION('',(1.,0.));
#10268 = ( GEOMETRIC_REPRESENTATION_CONTEXT(2) 
PARAMETRIC_REPRESENTATION_CONTEXT() REPRESENTATION_CONTEXT('2D SPACE',''
  ) );
#10269 = ORIENTED_EDGE('',*,*,#10133,.F.);
#10270 = ADVANCED_FACE('',(#10271),#10011,.F.);
#10271 = FACE_BOUND('',#10272,.F.);
#10272 = EDGE_LOOP('',(#10273,#10274,#10275,#10276));
#10273 = ORIENTED_EDGE('',*,*,#9995,.F.);
#10274 = ORIENTED_EDGE('',*,*,#10180,.T.);
#10275 = ORIENTED_EDGE('',*,*,#10110,.T.);
#10276 = ORIENTED_EDGE('',*,*,#10227,.F.);
#10277 = ADVANCED_FACE('',(#10278),#10065,.T.);
#10278 = FACE_BOUND('',#10279,.T.);
#10279 = EDGE_LOOP('',(#10280,#10281,#10282,#10283));
#10280 = ORIENTED_EDGE('',*,*,#10051,.F.);
#10281 = ORIENTED_EDGE('',*,*,#10202,.T.);
#10282 = ORIENTED_EDGE('',*,*,#10156,.T.);
#10283 = ORIENTED_EDGE('',*,*,#10249,.F.);
#10284 = ( GEOMETRIC_REPRESENTATION_CONTEXT(3) 
GLOBAL_UNCERTAINTY_ASSIGNED_CONTEXT((#10288)) 
GLOBAL_UNIT_ASSIGNED_CONTEXT((#10285,#10286,#10287)) 
REPRESENTATION_CONTEXT('Context #1',
  '3D Context with UNIT and UNCERTAINTY') );
#10285 = ( LENGTH_UNIT() NAMED_UNIT(*) SI_UNIT(.MILLI.,.METRE.) );
#10286 = ( NAMED_UNIT(*) PLANE_ANGLE_UNIT() SI_UNIT($,.RADIAN.) );
#10287 = ( NAMED_UNIT(*) SI_UNIT($,.STERADIAN.) SOLID_ANGLE_UNIT() );
#10288 = UNCERTAINTY_MEASURE_WITH_UNIT(LENGTH_MEASURE(1.E-07),#10285,
  'distance_accuracy_value','confusion accuracy');
#10289 = CONTEXT_DEPENDENT_SHAPE_REPRESENTATION(#10290,#10292);
#10290 = ( REPRESENTATION_RELATIONSHIP('','',#9953,#10) 
REPRESENTATION_RELATIONSHIP_WITH_TRANSFORMATION(#10291) 
SHAPE_REPRESENTATION_RELATIONSHIP() );
#10291 = ITEM_DEFINED_TRANSFORMATION('','',#11,#155);
#10292 = PRODUCT_DEFINITION_SHAPE('Placement','Placement of an item',
  #10293);
#10293 = NEXT_ASSEMBLY_USAGE_OCCURRENCE('78','FOOT_1345_177','',#5,#9948
  ,$);
#10294 = PRODUCT_RELATED_PRODUCT_CATEGORY('part',$,(#9950));
#10295 = SHAPE_DEFINITION_REPRESENTATION(#10296,#10302);
#10296 = PRODUCT_DEFINITION_SHAPE('','',#10297);
#10297 = PRODUCT_DEFINITION('design','',#10298,#10301);
#10298 = PRODUCT_DEFINITION_FORMATION('','',#10299);
#10299 = PRODUCT('ARM_BAG_-365','ARM_BAG_-365','',(#10300));
#10300 = PRODUCT_CONTEXT('',#2,'mechanical');
#10301 = PRODUCT_DEFINITION_CONTEXT('part definition',#2,'design');
#10302 = ADVANCED_BREP_SHAPE_REPRESENTATION('',(#11,#10303),#11641);
#10303 = MANIFOLD_SOLID_BREP('',#10304);
#10304 = CLOSED_SHELL('',(#10305,#10425,#10513,#10596,#10679,#10757,
    #10789,#10821,#10897,#10978,#11005,#11086,#11113,#11189,#11222,
    #11255,#11333,#11366,#11437,#11470,#11541,#11610,#11616,#11622,
    #11629,#11635));
#10305 = ADVANCED_FACE('',(#10306),#10320,.F.);
#10306 = FACE_BOUND('',#10307,.F.);
#10307 = EDGE_LOOP('',(#10308,#10343,#10371,#10399));
#10308 = ORIENTED_EDGE('',*,*,#10309,.F.);
#10309 = EDGE_CURVE('',#10310,#10312,#10314,.T.);
#10310 = VERTEX_POINT('',#10311);
#10311 = CARTESIAN_POINT('',(940.,-377.5,378.5));
#10312 = VERTEX_POINT('',#10313);
#10313 = CARTESIAN_POINT('',(940.,-377.5,433.5));
#10314 = SURFACE_CURVE('',#10315,(#10319,#10331),.PCURVE_S1.);
#10315 = LINE('',#10316,#10317);
#10316 = CARTESIAN_POINT('',(940.,-377.5,318.5));
#10317 = VECTOR('',#10318,1.);
#10318 = DIRECTION('',(0.,0.,1.));
#10319 = PCURVE('',#10320,#10325);
#10320 = PLANE('',#10321);
#10321 = AXIS2_PLACEMENT_3D('',#10322,#10323,#10324);
#10322 = CARTESIAN_POINT('',(940.,-437.5,318.5));
#10323 = DIRECTION('',(1.,0.,0.));
#10324 = DIRECTION('',(0.,0.,1.));
#10325 = DEFINITIONAL_REPRESENTATION('',(#10326),#10330);
#10326 = LINE('',#10327,#10328);
#10327 = CARTESIAN_POINT('',(0.,-60.));
#10328 = VECTOR('',#10329,1.);
#10329 = DIRECTION('',(1.,0.));
#10330 = ( GEOMETRIC_REPRESENTATION_CONTEXT(2) 
PARAMETRIC_REPRESENTATION_CONTEXT() REPRESENTATION_CONTEXT('2D SPACE',''
  ) );
#10331 = PCURVE('',#10332,#10337);
#10332 = CYLINDRICAL_SURFACE('',#10333,60.);
#10333 = AXIS2_PLACEMENT_3D('',#10334,#10335,#10336);
#10334 = CARTESIAN_POINT('',(1.E+03,-377.5,318.5));
#10335 = DIRECTION('',(0.,0.,1.));
#10336 = DIRECTION('',(-1.,-0.,0.));
#10337 = DEFINITIONAL_REPRESENTATION('',(#10338),#10342);
#10338 = LINE('',#10339,#10340);
#10339 = CARTESIAN_POINT('',(0.,0.));
#10340 = VECTOR('',#10341,1.);
#10341 = DIRECTION('',(0.,1.));
#10342 = ( GEOMETRIC_REPRESENTATION_CONTEXT(2) 
PARAMETRIC_REPRESENTATION_CONTEXT() REPRESENTATION_CONTEXT('2D SPACE',''
  ) );
#10343 = ORIENTED_EDGE('',*,*,#10344,.T.);
#10344 = EDGE_CURVE('',#10310,#10345,#10347,.T.);
#10345 = VERTEX_POINT('',#10346);
#10346 = CARTESIAN_POINT('',(940.,-352.5,378.5));
#10347 = SURFACE_CURVE('',#10348,(#10352,#10359),.PCURVE_S1.);
#10348 = LINE('',#10349,#10350);
#10349 = CARTESIAN_POINT('',(940.,-437.5,378.5));
#10350 = VECTOR('',#10351,1.);
#10351 = DIRECTION('',(0.,1.,0.));
#10352 = PCURVE('',#10320,#10353);
#10353 = DEFINITIONAL_REPRESENTATION('',(#10354),#10358);
#10354 = LINE('',#10355,#10356);
#10355 = CARTESIAN_POINT('',(60.,0.));
#10356 = VECTOR('',#10357,1.);
#10357 = DIRECTION('',(0.,-1.));
#10358 = ( GEOMETRIC_REPRESENTATION_CONTEXT(2) 
PARAMETRIC_REPRESENTATION_CONTEXT() REPRESENTATION_CONTEXT('2D SPACE',''
  ) );
#10359 = PCURVE('',#10360,#10365);
#10360 = CYLINDRICAL_SURFACE('',#10361,60.);
#10361 = AXIS2_PLACEMENT_3D('',#10362,#10363,#10364);
#10362 = CARTESIAN_POINT('',(1.E+03,-437.5,378.5));
#10363 = DIRECTION('',(0.,1.,0.));
#10364 = DIRECTION('',(-1.,0.,0.));
#10365 = DEFINITIONAL_REPRESENTATION('',(#10366),#10370);
#10366 = LINE('',#10367,#10368);
#10367 = CARTESIAN_POINT('',(-0.,0.));
#10368 = VECTOR('',#10369,1.);
#10369 = DIRECTION('',(-0.,1.));
#10370 = ( GEOMETRIC_REPRESENTATION_CONTEXT(2) 
PARAMETRIC_REPRESENTATION_CONTEXT() REPRESENTATION_CONTEXT('2D SPACE',''
  ) );
#10371 = ORIENTED_EDGE('',*,*,#10372,.T.);
#10372 = EDGE_CURVE('',#10345,#10373,#10375,.T.);
#10373 = VERTEX_POINT('',#10374);
#10374 = CARTESIAN_POINT('',(940.,-352.5,433.5));
#10375 = SURFACE_CURVE('',#10376,(#10380,#10387),.PCURVE_S1.);
#10376 = LINE('',#10377,#10378);
#10377 = CARTESIAN_POINT('',(940.,-352.5,318.5));
#10378 = VECTOR('',#10379,1.);
#10379 = DIRECTION('',(0.,0.,1.));
#10380 = PCURVE('',#10320,#10381);
#10381 = DEFINITIONAL_REPRESENTATION('',(#10382),#10386);
#10382 = LINE('',#10383,#10384);
#10383 = CARTESIAN_POINT('',(0.,-85.));
#10384 = VECTOR('',#10385,1.);
#10385 = DIRECTION('',(1.,0.));
#10386 = ( GEOMETRIC_REPRESENTATION_CONTEXT(2) 
PARAMETRIC_REPRESENTATION_CONTEXT() REPRESENTATION_CONTEXT('2D SPACE',''
  ) );
#10387 = PCURVE('',#10388,#10393);
#10388 = CYLINDRICAL_SURFACE('',#10389,60.);
#10389 = AXIS2_PLACEMENT_3D('',#10390,#10391,#10392);
#10390 = CARTESIAN_POINT('',(1.E+03,-352.5,318.5));
#10391 = DIRECTION('',(0.,0.,1.));
#10392 = DIRECTION('',(-1.,-0.,0.));
#10393 = DEFINITIONAL_REPRESENTATION('',(#10394),#10398);
#10394 = LINE('',#10395,#10396);
#10395 = CARTESIAN_POINT('',(-0.,0.));
#10396 = VECTOR('',#10397,1.);
#10397 = DIRECTION('',(-0.,1.));
#10398 = ( GEOMETRIC_REPRESENTATION_CONTEXT(2) 
PARAMETRIC_REPRESENTATION_CONTEXT() REPRESENTATION_CONTEXT('2D SPACE',''
  ) );
#10399 = ORIENTED_EDGE('',*,*,#10400,.F.);
#10400 = EDGE_CURVE('',#10312,#10373,#10401,.T.);
#10401 = SURFACE_CURVE('',#10402,(#10406,#10413),.PCURVE_S1.);
#10402 = LINE('',#10403,#10404);
#10403 = CARTESIAN_POINT('',(940.,-437.5,433.5));
#10404 = VECTOR('',#10405,1.);
#10405 = DIRECTION('',(0.,1.,0.));
#10406 = PCURVE('',#10320,#10407);
#10407 = DEFINITIONAL_REPRESENTATION('',(#10408),#10412);
#10408 = LINE('',#10409,#10410);
#10409 = CARTESIAN_POINT('',(115.,0.));
#10410 = VECTOR('',#10411,1.);
#10411 = DIRECTION('',(0.,-1.));
#10412 = ( GEOMETRIC_REPRESENTATION_CONTEXT(2) 
PARAMETRIC_REPRESENTATION_CONTEXT() REPRESENTATION_CONTEXT('2D SPACE',''
  ) );
#10413 = PCURVE('',#10414,#10419);
#10414 = CYLINDRICAL_SURFACE('',#10415,60.);
#10415 = AXIS2_PLACEMENT_3D('',#10416,#10417,#10418);
#10416 = CARTESIAN_POINT('',(1.E+03,-437.5,433.5));
#10417 = DIRECTION('',(0.,1.,0.));
#10418 = DIRECTION('',(-1.,0.,0.));
#10419 = DEFINITIONAL_REPRESENTATION('',(#10420),#10424);
#10420 = LINE('',#10421,#10422);
#10421 = CARTESIAN_POINT('',(0.,0.));
#10422 = VECTOR('',#10423,1.);
#10423 = DIRECTION('',(0.,1.));
#10424 = ( GEOMETRIC_REPRESENTATION_CONTEXT(2) 
PARAMETRIC_REPRESENTATION_CONTEXT() REPRESENTATION_CONTEXT('2D SPACE',''
  ) );
#10425 = ADVANCED_FACE('',(#10426),#10332,.T.);
#10426 = FACE_BOUND('',#10427,.T.);
#10427 = EDGE_LOOP('',(#10428,#10429,#10458,#10486));
#10428 = ORIENTED_EDGE('',*,*,#10309,.F.);
#10429 = ORIENTED_EDGE('',*,*,#10430,.T.);
#10430 = EDGE_CURVE('',#10310,#10431,#10433,.T.);
#10431 = VERTEX_POINT('',#10432);
#10432 = CARTESIAN_POINT('',(1.E+03,-437.5,378.5));
#10433 = SURFACE_CURVE('',#10434,(#10439,#10446),.PCURVE_S1.);
#10434 = CIRCLE('',#10435,60.);
#10435 = AXIS2_PLACEMENT_3D('',#10436,#10437,#10438);
#10436 = CARTESIAN_POINT('',(1.E+03,-377.5,378.5));
#10437 = DIRECTION('',(0.,0.,1.));
#10438 = DIRECTION('',(-1.,0.,0.));
#10439 = PCURVE('',#10332,#10440);
#10440 = DEFINITIONAL_REPRESENTATION('',(#10441),#10445);
#10441 = LINE('',#10442,#10443);
#10442 = CARTESIAN_POINT('',(0.,60.));
#10443 = VECTOR('',#10444,1.);
#10444 = DIRECTION('',(1.,0.));
#10445 = ( GEOMETRIC_REPRESENTATION_CONTEXT(2) 
PARAMETRIC_REPRESENTATION_CONTEXT() REPRESENTATION_CONTEXT('2D SPACE',''
  ) );
#10446 = PCURVE('',#10447,#10452);
#10447 = SPHERICAL_SURFACE('',#10448,60.);
#10448 = AXIS2_PLACEMENT_3D('',#10449,#10450,#10451);
#10449 = CARTESIAN_POINT('',(1.E+03,-377.5,378.5));
#10450 = DIRECTION('',(0.,0.,1.));
#10451 = DIRECTION('',(-1.,0.,0.));
#10452 = DEFINITIONAL_REPRESENTATION('',(#10453),#10457);
#10453 = LINE('',#10454,#10455);
#10454 = CARTESIAN_POINT('',(0.,0.));
#10455 = VECTOR('',#10456,1.);
#10456 = DIRECTION('',(1.,0.));
#10457 = ( GEOMETRIC_REPRESENTATION_CONTEXT(2) 
PARAMETRIC_REPRESENTATION_CONTEXT() REPRESENTATION_CONTEXT('2D SPACE',''
  ) );
#10458 = ORIENTED_EDGE('',*,*,#10459,.T.);
#10459 = EDGE_CURVE('',#10431,#10460,#10462,.T.);
#10460 = VERTEX_POINT('',#10461);
#10461 = CARTESIAN_POINT('',(1.E+03,-437.5,433.5));
#10462 = SURFACE_CURVE('',#10463,(#10467,#10474),.PCURVE_S1.);
#10463 = LINE('',#10464,#10465);
#10464 = CARTESIAN_POINT('',(1.E+03,-437.5,318.5));
#10465 = VECTOR('',#10466,1.);
#10466 = DIRECTION('',(0.,0.,1.));
#10467 = PCURVE('',#10332,#10468);
#10468 = DEFINITIONAL_REPRESENTATION('',(#10469),#10473);
#10469 = LINE('',#10470,#10471);
#10470 = CARTESIAN_POINT('',(1.570796326795,0.));
#10471 = VECTOR('',#10472,1.);
#10472 = DIRECTION('',(0.,1.));
#10473 = ( GEOMETRIC_REPRESENTATION_CONTEXT(2) 
PARAMETRIC_REPRESENTATION_CONTEXT() REPRESENTATION_CONTEXT('2D SPACE',''
  ) );
#10474 = PCURVE('',#10475,#10480);
#10475 = PLANE('',#10476);
#10476 = AXIS2_PLACEMENT_3D('',#10477,#10478,#10479);
#10477 = CARTESIAN_POINT('',(940.,-437.5,318.5));
#10478 = DIRECTION('',(0.,1.,0.));
#10479 = DIRECTION('',(0.,0.,1.));
#10480 = DEFINITIONAL_REPRESENTATION('',(#10481),#10485);
#10481 = LINE('',#10482,#10483);
#10482 = CARTESIAN_POINT('',(0.,60.));
#10483 = VECTOR('',#10484,1.);
#10484 = DIRECTION('',(1.,0.));
#10485 = ( GEOMETRIC_REPRESENTATION_CONTEXT(2) 
PARAMETRIC_REPRESENTATION_CONTEXT() REPRESENTATION_CONTEXT('2D SPACE',''
  ) );
#10486 = ORIENTED_EDGE('',*,*,#10487,.F.);
#10487 = EDGE_CURVE('',#10312,#10460,#10488,.T.);
#10488 = SURFACE_CURVE('',#10489,(#10494,#10501),.PCURVE_S1.);
#10489 = CIRCLE('',#10490,60.);
#10490 = AXIS2_PLACEMENT_3D('',#10491,#10492,#10493);
#10491 = CARTESIAN_POINT('',(1.E+03,-377.5,433.5));
#10492 = DIRECTION('',(0.,0.,1.));
#10493 = DIRECTION('',(-1.,0.,0.));
#10494 = PCURVE('',#10332,#10495);
#10495 = DEFINITIONAL_REPRESENTATION('',(#10496),#10500);
#10496 = LINE('',#10497,#10498);
#10497 = CARTESIAN_POINT('',(0.,115.));
#10498 = VECTOR('',#10499,1.);
#10499 = DIRECTION('',(1.,0.));
#10500 = ( GEOMETRIC_REPRESENTATION_CONTEXT(2) 
PARAMETRIC_REPRESENTATION_CONTEXT() REPRESENTATION_CONTEXT('2D SPACE',''
  ) );
#10501 = PCURVE('',#10502,#10507);
#10502 = SPHERICAL_SURFACE('',#10503,60.);
#10503 = AXIS2_PLACEMENT_3D('',#10504,#10505,#10506);
#10504 = CARTESIAN_POINT('',(1.E+03,-377.5,433.5));
#10505 = DIRECTION('',(-0.,-0.,-1.));
#10506 = DIRECTION('',(-1.,0.,0.));
#10507 = DEFINITIONAL_REPRESENTATION('',(#10508),#10512);
#10508 = LINE('',#10509,#10510);
#10509 = CARTESIAN_POINT('',(-0.,0.));
#10510 = VECTOR('',#10511,1.);
#10511 = DIRECTION('',(-1.,0.));
#10512 = ( GEOMETRIC_REPRESENTATION_CONTEXT(2) 
PARAMETRIC_REPRESENTATION_CONTEXT() REPRESENTATION_CONTEXT('2D SPACE',''
  ) );
#10513 = ADVANCED_FACE('',(#10514),#10360,.T.);
#10514 = FACE_BOUND('',#10515,.F.);
#10515 = EDGE_LOOP('',(#10516,#10540,#10568,#10595));
#10516 = ORIENTED_EDGE('',*,*,#10517,.F.);
#10517 = EDGE_CURVE('',#10518,#10310,#10520,.T.);
#10518 = VERTEX_POINT('',#10519);
#10519 = CARTESIAN_POINT('',(1.E+03,-377.5,318.5));
#10520 = SURFACE_CURVE('',#10521,(#10526,#10533),.PCURVE_S1.);
#10521 = CIRCLE('',#10522,60.);
#10522 = AXIS2_PLACEMENT_3D('',#10523,#10524,#10525);
#10523 = CARTESIAN_POINT('',(1.E+03,-377.5,378.5));
#10524 = DIRECTION('',(0.,1.,-0.));
#10525 = DIRECTION('',(-1.,0.,0.));
#10526 = PCURVE('',#10360,#10527);
#10527 = DEFINITIONAL_REPRESENTATION('',(#10528),#10532);
#10528 = LINE('',#10529,#10530);
#10529 = CARTESIAN_POINT('',(-6.28318530718,60.));
#10530 = VECTOR('',#10531,1.);
#10531 = DIRECTION('',(1.,-0.));
#10532 = ( GEOMETRIC_REPRESENTATION_CONTEXT(2) 
PARAMETRIC_REPRESENTATION_CONTEXT() REPRESENTATION_CONTEXT('2D SPACE',''
  ) );
#10533 = PCURVE('',#10447,#10534);
#10534 = DEFINITIONAL_REPRESENTATION('',(#10535),#10539);
#10535 = LINE('',#10536,#10537);
#10536 = CARTESIAN_POINT('',(0.,-6.28318530718));
#10537 = VECTOR('',#10538,1.);
#10538 = DIRECTION('',(0.,1.));
#10539 = ( GEOMETRIC_REPRESENTATION_CONTEXT(2) 
PARAMETRIC_REPRESENTATION_CONTEXT() REPRESENTATION_CONTEXT('2D SPACE',''
  ) );
#10540 = ORIENTED_EDGE('',*,*,#10541,.T.);
#10541 = EDGE_CURVE('',#10518,#10542,#10544,.T.);
#10542 = VERTEX_POINT('',#10543);
#10543 = CARTESIAN_POINT('',(1.E+03,-352.5,318.5));
#10544 = SURFACE_CURVE('',#10545,(#10549,#10556),.PCURVE_S1.);
#10545 = LINE('',#10546,#10547);
#10546 = CARTESIAN_POINT('',(1.E+03,-437.5,318.5));
#10547 = VECTOR('',#10548,1.);
#10548 = DIRECTION('',(0.,1.,0.));
#10549 = PCURVE('',#10360,#10550);
#10550 = DEFINITIONAL_REPRESENTATION('',(#10551),#10555);
#10551 = LINE('',#10552,#10553);
#10552 = CARTESIAN_POINT('',(-1.570796326795,0.));
#10553 = VECTOR('',#10554,1.);
#10554 = DIRECTION('',(-0.,1.));
#10555 = ( GEOMETRIC_REPRESENTATION_CONTEXT(2) 
PARAMETRIC_REPRESENTATION_CONTEXT() REPRESENTATION_CONTEXT('2D SPACE',''
  ) );
#10556 = PCURVE('',#10557,#10562);
#10557 = PLANE('',#10558);
#10558 = AXIS2_PLACEMENT_3D('',#10559,#10560,#10561);
#10559 = CARTESIAN_POINT('',(940.,-437.5,318.5));
#10560 = DIRECTION('',(0.,0.,1.));
#10561 = DIRECTION('',(1.,0.,0.));
#10562 = DEFINITIONAL_REPRESENTATION('',(#10563),#10567);
#10563 = LINE('',#10564,#10565);
#10564 = CARTESIAN_POINT('',(60.,0.));
#10565 = VECTOR('',#10566,1.);
#10566 = DIRECTION('',(0.,1.));
#10567 = ( GEOMETRIC_REPRESENTATION_CONTEXT(2) 
PARAMETRIC_REPRESENTATION_CONTEXT() REPRESENTATION_CONTEXT('2D SPACE',''
  ) );
#10568 = ORIENTED_EDGE('',*,*,#10569,.T.);
#10569 = EDGE_CURVE('',#10542,#10345,#10570,.T.);
#10570 = SURFACE_CURVE('',#10571,(#10576,#10583),.PCURVE_S1.);
#10571 = CIRCLE('',#10572,60.);
#10572 = AXIS2_PLACEMENT_3D('',#10573,#10574,#10575);
#10573 = CARTESIAN_POINT('',(1.E+03,-352.5,378.5));
#10574 = DIRECTION('',(0.,1.,-0.));
#10575 = DIRECTION('',(-1.,0.,0.));
#10576 = PCURVE('',#10360,#10577);
#10577 = DEFINITIONAL_REPRESENTATION('',(#10578),#10582);
#10578 = LINE('',#10579,#10580);
#10579 = CARTESIAN_POINT('',(-6.28318530718,85.));
#10580 = VECTOR('',#10581,1.);
#10581 = DIRECTION('',(1.,-0.));
#10582 = ( GEOMETRIC_REPRESENTATION_CONTEXT(2) 
PARAMETRIC_REPRESENTATION_CONTEXT() REPRESENTATION_CONTEXT('2D SPACE',''
  ) );
#10583 = PCURVE('',#10584,#10589);
#10584 = SPHERICAL_SURFACE('',#10585,60.);
#10585 = AXIS2_PLACEMENT_3D('',#10586,#10587,#10588);
#10586 = CARTESIAN_POINT('',(1.E+03,-352.5,378.5));
#10587 = DIRECTION('',(0.,0.,1.));
#10588 = DIRECTION('',(-1.,0.,0.));
#10589 = DEFINITIONAL_REPRESENTATION('',(#10590),#10594);
#10590 = LINE('',#10591,#10592);
#10591 = CARTESIAN_POINT('',(-0.,-6.28318530718));
#10592 = VECTOR('',#10593,1.);
#10593 = DIRECTION('',(-0.,1.));
#10594 = ( GEOMETRIC_REPRESENTATION_CONTEXT(2) 
PARAMETRIC_REPRESENTATION_CONTEXT() REPRESENTATION_CONTEXT('2D SPACE',''
  ) );
#10595 = ORIENTED_EDGE('',*,*,#10344,.F.);
#10596 = ADVANCED_FACE('',(#10597),#10414,.T.);
#10597 = FACE_BOUND('',#10598,.T.);
#10598 = EDGE_LOOP('',(#10599,#10623,#10651,#10678));
#10599 = ORIENTED_EDGE('',*,*,#10600,.F.);
#10600 = EDGE_CURVE('',#10601,#10312,#10603,.T.);
#10601 = VERTEX_POINT('',#10602);
#10602 = CARTESIAN_POINT('',(1.E+03,-377.5,493.5));
#10603 = SURFACE_CURVE('',#10604,(#10609,#10616),.PCURVE_S1.);
#10604 = CIRCLE('',#10605,60.);
#10605 = AXIS2_PLACEMENT_3D('',#10606,#10607,#10608);
#10606 = CARTESIAN_POINT('',(1.E+03,-377.5,433.5));
#10607 = DIRECTION('',(0.,-1.,0.));
#10608 = DIRECTION('',(-1.,0.,0.));
#10609 = PCURVE('',#10414,#10610);
#10610 = DEFINITIONAL_REPRESENTATION('',(#10611),#10615);
#10611 = LINE('',#10612,#10613);
#10612 = CARTESIAN_POINT('',(6.28318530718,60.));
#10613 = VECTOR('',#10614,1.);
#10614 = DIRECTION('',(-1.,-0.));
#10615 = ( GEOMETRIC_REPRESENTATION_CONTEXT(2) 
PARAMETRIC_REPRESENTATION_CONTEXT() REPRESENTATION_CONTEXT('2D SPACE',''
  ) );
#10616 = PCURVE('',#10502,#10617);
#10617 = DEFINITIONAL_REPRESENTATION('',(#10618),#10622);
#10618 = LINE('',#10619,#10620);
#10619 = CARTESIAN_POINT('',(-0.,-6.28318530718));
#10620 = VECTOR('',#10621,1.);
#10621 = DIRECTION('',(-0.,1.));
#10622 = ( GEOMETRIC_REPRESENTATION_CONTEXT(2) 
PARAMETRIC_REPRESENTATION_CONTEXT() REPRESENTATION_CONTEXT('2D SPACE',''
  ) );
#10623 = ORIENTED_EDGE('',*,*,#10624,.T.);
#10624 = EDGE_CURVE('',#10601,#10625,#10627,.T.);
#10625 = VERTEX_POINT('',#10626);
#10626 = CARTESIAN_POINT('',(1.E+03,-352.5,493.5));
#10627 = SURFACE_CURVE('',#10628,(#10632,#10639),.PCURVE_S1.);
#10628 = LINE('',#10629,#10630);
#10629 = CARTESIAN_POINT('',(1.E+03,-437.5,493.5));
#10630 = VECTOR('',#10631,1.);
#10631 = DIRECTION('',(0.,1.,0.));
#10632 = PCURVE('',#10414,#10633);
#10633 = DEFINITIONAL_REPRESENTATION('',(#10634),#10638);
#10634 = LINE('',#10635,#10636);
#10635 = CARTESIAN_POINT('',(1.570796326795,0.));
#10636 = VECTOR('',#10637,1.);
#10637 = DIRECTION('',(0.,1.));
#10638 = ( GEOMETRIC_REPRESENTATION_CONTEXT(2) 
PARAMETRIC_REPRESENTATION_CONTEXT() REPRESENTATION_CONTEXT('2D SPACE',''
  ) );
#10639 = PCURVE('',#10640,#10645);
#10640 = PLANE('',#10641);
#10641 = AXIS2_PLACEMENT_3D('',#10642,#10643,#10644);
#10642 = CARTESIAN_POINT('',(940.,-437.5,493.5));
#10643 = DIRECTION('',(0.,0.,1.));
#10644 = DIRECTION('',(1.,0.,0.));
#10645 = DEFINITIONAL_REPRESENTATION('',(#10646),#10650);
#10646 = LINE('',#10647,#10648);
#10647 = CARTESIAN_POINT('',(60.,0.));
#10648 = VECTOR('',#10649,1.);
#10649 = DIRECTION('',(0.,1.));
#10650 = ( GEOMETRIC_REPRESENTATION_CONTEXT(2) 
PARAMETRIC_REPRESENTATION_CONTEXT() REPRESENTATION_CONTEXT('2D SPACE',''
  ) );
#10651 = ORIENTED_EDGE('',*,*,#10652,.F.);
#10652 = EDGE_CURVE('',#10373,#10625,#10653,.T.);
#10653 = SURFACE_CURVE('',#10654,(#10659,#10666),.PCURVE_S1.);
#10654 = CIRCLE('',#10655,60.);
#10655 = AXIS2_PLACEMENT_3D('',#10656,#10657,#10658);
#10656 = CARTESIAN_POINT('',(1.E+03,-352.5,433.5));
#10657 = DIRECTION('',(0.,1.,0.));
#10658 = DIRECTION('',(-1.,0.,0.));
#10659 = PCURVE('',#10414,#10660);
#10660 = DEFINITIONAL_REPRESENTATION('',(#10661),#10665);
#10661 = LINE('',#10662,#10663);
#10662 = CARTESIAN_POINT('',(0.,85.));
#10663 = VECTOR('',#10664,1.);
#10664 = DIRECTION('',(1.,0.));
#10665 = ( GEOMETRIC_REPRESENTATION_CONTEXT(2) 
PARAMETRIC_REPRESENTATION_CONTEXT() REPRESENTATION_CONTEXT('2D SPACE',''
  ) );
#10666 = PCURVE('',#10667,#10672);
#10667 = SPHERICAL_SURFACE('',#10668,60.);
#10668 = AXIS2_PLACEMENT_3D('',#10669,#10670,#10671);
#10669 = CARTESIAN_POINT('',(1.E+03,-352.5,433.5));
#10670 = DIRECTION('',(-0.,-1.,-0.));
#10671 = DIRECTION('',(-1.,0.,0.));
#10672 = DEFINITIONAL_REPRESENTATION('',(#10673),#10677);
#10673 = LINE('',#10674,#10675);
#10674 = CARTESIAN_POINT('',(-0.,0.));
#10675 = VECTOR('',#10676,1.);
#10676 = DIRECTION('',(-1.,0.));
#10677 = ( GEOMETRIC_REPRESENTATION_CONTEXT(2) 
PARAMETRIC_REPRESENTATION_CONTEXT() REPRESENTATION_CONTEXT('2D SPACE',''
  ) );
#10678 = ORIENTED_EDGE('',*,*,#10400,.F.);
#10679 = ADVANCED_FACE('',(#10680),#10388,.T.);
#10680 = FACE_BOUND('',#10681,.F.);
#10681 = EDGE_LOOP('',(#10682,#10683,#10707,#10735));
#10682 = ORIENTED_EDGE('',*,*,#10372,.F.);
#10683 = ORIENTED_EDGE('',*,*,#10684,.T.);
#10684 = EDGE_CURVE('',#10345,#10685,#10687,.T.);
#10685 = VERTEX_POINT('',#10686);
#10686 = CARTESIAN_POINT('',(1.E+03,-292.5,378.5));
#10687 = SURFACE_CURVE('',#10688,(#10693,#10700),.PCURVE_S1.);
#10688 = CIRCLE('',#10689,60.);
#10689 = AXIS2_PLACEMENT_3D('',#10690,#10691,#10692);
#10690 = CARTESIAN_POINT('',(1.E+03,-352.5,378.5));
#10691 = DIRECTION('',(-0.,0.,-1.));
#10692 = DIRECTION('',(-1.,0.,0.));
#10693 = PCURVE('',#10388,#10694);
#10694 = DEFINITIONAL_REPRESENTATION('',(#10695),#10699);
#10695 = LINE('',#10696,#10697);
#10696 = CARTESIAN_POINT('',(-0.,60.));
#10697 = VECTOR('',#10698,1.);
#10698 = DIRECTION('',(-1.,0.));
#10699 = ( GEOMETRIC_REPRESENTATION_CONTEXT(2) 
PARAMETRIC_REPRESENTATION_CONTEXT() REPRESENTATION_CONTEXT('2D SPACE',''
  ) );
#10700 = PCURVE('',#10584,#10701);
#10701 = DEFINITIONAL_REPRESENTATION('',(#10702),#10706);
#10702 = LINE('',#10703,#10704);
#10703 = CARTESIAN_POINT('',(-0.,0.));
#10704 = VECTOR('',#10705,1.);
#10705 = DIRECTION('',(-1.,0.));
#10706 = ( GEOMETRIC_REPRESENTATION_CONTEXT(2) 
PARAMETRIC_REPRESENTATION_CONTEXT() REPRESENTATION_CONTEXT('2D SPACE',''
  ) );
#10707 = ORIENTED_EDGE('',*,*,#10708,.T.);
#10708 = EDGE_CURVE('',#10685,#10709,#10711,.T.);
#10709 = VERTEX_POINT('',#10710);
#10710 = CARTESIAN_POINT('',(1.E+03,-292.5,433.5));
#10711 = SURFACE_CURVE('',#10712,(#10716,#10723),.PCURVE_S1.);
#10712 = LINE('',#10713,#10714);
#10713 = CARTESIAN_POINT('',(1.E+03,-292.5,318.5));
#10714 = VECTOR('',#10715,1.);
#10715 = DIRECTION('',(0.,0.,1.));
#10716 = PCURVE('',#10388,#10717);
#10717 = DEFINITIONAL_REPRESENTATION('',(#10718),#10722);
#10718 = LINE('',#10719,#10720);
#10719 = CARTESIAN_POINT('',(-1.570796326795,0.));
#10720 = VECTOR('',#10721,1.);
#10721 = DIRECTION('',(-0.,1.));
#10722 = ( GEOMETRIC_REPRESENTATION_CONTEXT(2) 
PARAMETRIC_REPRESENTATION_CONTEXT() REPRESENTATION_CONTEXT('2D SPACE',''
  ) );
#10723 = PCURVE('',#10724,#10729);
#10724 = PLANE('',#10725);
#10725 = AXIS2_PLACEMENT_3D('',#10726,#10727,#10728);
#10726 = CARTESIAN_POINT('',(940.,-292.5,318.5));
#10727 = DIRECTION('',(0.,1.,0.));
#10728 = DIRECTION('',(0.,0.,1.));
#10729 = DEFINITIONAL_REPRESENTATION('',(#10730),#10734);
#10730 = LINE('',#10731,#10732);
#10731 = CARTESIAN_POINT('',(0.,60.));
#10732 = VECTOR('',#10733,1.);
#10733 = DIRECTION('',(1.,0.));
#10734 = ( GEOMETRIC_REPRESENTATION_CONTEXT(2) 
PARAMETRIC_REPRESENTATION_CONTEXT() REPRESENTATION_CONTEXT('2D SPACE',''
  ) );
#10735 = ORIENTED_EDGE('',*,*,#10736,.T.);
#10736 = EDGE_CURVE('',#10709,#10373,#10737,.T.);
#10737 = SURFACE_CURVE('',#10738,(#10743,#10750),.PCURVE_S1.);
#10738 = CIRCLE('',#10739,60.);
#10739 = AXIS2_PLACEMENT_3D('',#10740,#10741,#10742);
#10740 = CARTESIAN_POINT('',(1.E+03,-352.5,433.5));
#10741 = DIRECTION('',(0.,0.,1.));
#10742 = DIRECTION('',(-1.,0.,0.));
#10743 = PCURVE('',#10388,#10744);
#10744 = DEFINITIONAL_REPRESENTATION('',(#10745),#10749);
#10745 = LINE('',#10746,#10747);
#10746 = CARTESIAN_POINT('',(-6.28318530718,115.));
#10747 = VECTOR('',#10748,1.);
#10748 = DIRECTION('',(1.,-0.));
#10749 = ( GEOMETRIC_REPRESENTATION_CONTEXT(2) 
PARAMETRIC_REPRESENTATION_CONTEXT() REPRESENTATION_CONTEXT('2D SPACE',''
  ) );
#10750 = PCURVE('',#10667,#10751);
#10751 = DEFINITIONAL_REPRESENTATION('',(#10752),#10756);
#10752 = LINE('',#10753,#10754);
#10753 = CARTESIAN_POINT('',(-0.,-6.28318530718));
#10754 = VECTOR('',#10755,1.);
#10755 = DIRECTION('',(-0.,1.));
#10756 = ( GEOMETRIC_REPRESENTATION_CONTEXT(2) 
PARAMETRIC_REPRESENTATION_CONTEXT() REPRESENTATION_CONTEXT('2D SPACE',''
  ) );
#10757 = ADVANCED_FACE('',(#10758),#10447,.T.);
#10758 = FACE_BOUND('',#10759,.T.);
#10759 = EDGE_LOOP('',(#10760,#10761,#10788));
#10760 = ORIENTED_EDGE('',*,*,#10517,.F.);
#10761 = ORIENTED_EDGE('',*,*,#10762,.T.);
#10762 = EDGE_CURVE('',#10518,#10431,#10763,.T.);
#10763 = SURFACE_CURVE('',#10764,(#10769,#10776),.PCURVE_S1.);
#10764 = CIRCLE('',#10765,60.);
#10765 = AXIS2_PLACEMENT_3D('',#10766,#10767,#10768);
#10766 = CARTESIAN_POINT('',(1.E+03,-377.5,378.5));
#10767 = DIRECTION('',(-1.,6.123233995737E-17,0.));
#10768 = DIRECTION('',(-6.123233995737E-17,-1.,0.));
#10769 = PCURVE('',#10447,#10770);
#10770 = DEFINITIONAL_REPRESENTATION('',(#10771),#10775);
#10771 = LINE('',#10772,#10773);
#10772 = CARTESIAN_POINT('',(1.570796326795,-6.28318530718));
#10773 = VECTOR('',#10774,1.);
#10774 = DIRECTION('',(0.,1.));
#10775 = ( GEOMETRIC_REPRESENTATION_CONTEXT(2) 
PARAMETRIC_REPRESENTATION_CONTEXT() REPRESENTATION_CONTEXT('2D SPACE',''
  ) );
#10776 = PCURVE('',#10777,#10782);
#10777 = CYLINDRICAL_SURFACE('',#10778,60.);
#10778 = AXIS2_PLACEMENT_3D('',#10779,#10780,#10781);
#10779 = CARTESIAN_POINT('',(940.,-377.5,378.5));
#10780 = DIRECTION('',(1.,0.,0.));
#10781 = DIRECTION('',(0.,-1.,0.));
#10782 = DEFINITIONAL_REPRESENTATION('',(#10783),#10787);
#10783 = LINE('',#10784,#10785);
#10784 = CARTESIAN_POINT('',(6.28318530718,60.));
#10785 = VECTOR('',#10786,1.);
#10786 = DIRECTION('',(-1.,-0.));
#10787 = ( GEOMETRIC_REPRESENTATION_CONTEXT(2) 
PARAMETRIC_REPRESENTATION_CONTEXT() REPRESENTATION_CONTEXT('2D SPACE',''
  ) );
#10788 = ORIENTED_EDGE('',*,*,#10430,.F.);
#10789 = ADVANCED_FACE('',(#10790),#10502,.T.);
#10790 = FACE_BOUND('',#10791,.F.);
#10791 = EDGE_LOOP('',(#10792,#10793,#10820));
#10792 = ORIENTED_EDGE('',*,*,#10600,.F.);
#10793 = ORIENTED_EDGE('',*,*,#10794,.T.);
#10794 = EDGE_CURVE('',#10601,#10460,#10795,.T.);
#10795 = SURFACE_CURVE('',#10796,(#10801,#10808),.PCURVE_S1.);
#10796 = CIRCLE('',#10797,60.);
#10797 = AXIS2_PLACEMENT_3D('',#10798,#10799,#10800);
#10798 = CARTESIAN_POINT('',(1.E+03,-377.5,433.5));
#10799 = DIRECTION('',(1.,-6.123233995737E-17,0.));
#10800 = DIRECTION('',(-6.123233995737E-17,-1.,0.));
#10801 = PCURVE('',#10502,#10802);
#10802 = DEFINITIONAL_REPRESENTATION('',(#10803),#10807);
#10803 = LINE('',#10804,#10805);
#10804 = CARTESIAN_POINT('',(-1.570796326795,-6.28318530718));
#10805 = VECTOR('',#10806,1.);
#10806 = DIRECTION('',(-0.,1.));
#10807 = ( GEOMETRIC_REPRESENTATION_CONTEXT(2) 
PARAMETRIC_REPRESENTATION_CONTEXT() REPRESENTATION_CONTEXT('2D SPACE',''
  ) );
#10808 = PCURVE('',#10809,#10814);
#10809 = CYLINDRICAL_SURFACE('',#10810,60.);
#10810 = AXIS2_PLACEMENT_3D('',#10811,#10812,#10813);
#10811 = CARTESIAN_POINT('',(940.,-377.5,433.5));
#10812 = DIRECTION('',(1.,0.,0.));
#10813 = DIRECTION('',(0.,-1.,0.));
#10814 = DEFINITIONAL_REPRESENTATION('',(#10815),#10819);
#10815 = LINE('',#10816,#10817);
#10816 = CARTESIAN_POINT('',(-6.28318530718,60.));
#10817 = VECTOR('',#10818,1.);
#10818 = DIRECTION('',(1.,-0.));
#10819 = ( GEOMETRIC_REPRESENTATION_CONTEXT(2) 
PARAMETRIC_REPRESENTATION_CONTEXT() REPRESENTATION_CONTEXT('2D SPACE',''
  ) );
#10820 = ORIENTED_EDGE('',*,*,#10487,.F.);
#10821 = ADVANCED_FACE('',(#10822),#10475,.F.);
#10822 = FACE_BOUND('',#10823,.F.);
#10823 = EDGE_LOOP('',(#10824,#10825,#10848,#10876));
#10824 = ORIENTED_EDGE('',*,*,#10459,.T.);
#10825 = ORIENTED_EDGE('',*,*,#10826,.T.);
#10826 = EDGE_CURVE('',#10460,#10827,#10829,.T.);
#10827 = VERTEX_POINT('',#10828);
#10828 = CARTESIAN_POINT('',(1.33E+03,-437.5,433.5));
#10829 = SURFACE_CURVE('',#10830,(#10834,#10841),.PCURVE_S1.);
#10830 = LINE('',#10831,#10832);
#10831 = CARTESIAN_POINT('',(940.,-437.5,433.5));
#10832 = VECTOR('',#10833,1.);
#10833 = DIRECTION('',(1.,0.,0.));
#10834 = PCURVE('',#10475,#10835);
#10835 = DEFINITIONAL_REPRESENTATION('',(#10836),#10840);
#10836 = LINE('',#10837,#10838);
#10837 = CARTESIAN_POINT('',(115.,0.));
#10838 = VECTOR('',#10839,1.);
#10839 = DIRECTION('',(0.,1.));
#10840 = ( GEOMETRIC_REPRESENTATION_CONTEXT(2) 
PARAMETRIC_REPRESENTATION_CONTEXT() REPRESENTATION_CONTEXT('2D SPACE',''
  ) );
#10841 = PCURVE('',#10809,#10842);
#10842 = DEFINITIONAL_REPRESENTATION('',(#10843),#10847);
#10843 = LINE('',#10844,#10845);
#10844 = CARTESIAN_POINT('',(-0.,0.));
#10845 = VECTOR('',#10846,1.);
#10846 = DIRECTION('',(-0.,1.));
#10847 = ( GEOMETRIC_REPRESENTATION_CONTEXT(2) 
PARAMETRIC_REPRESENTATION_CONTEXT() REPRESENTATION_CONTEXT('2D SPACE',''
  ) );
#10848 = ORIENTED_EDGE('',*,*,#10849,.F.);
#10849 = EDGE_CURVE('',#10850,#10827,#10852,.T.);
#10850 = VERTEX_POINT('',#10851);
#10851 = CARTESIAN_POINT('',(1.33E+03,-437.5,378.5));
#10852 = SURFACE_CURVE('',#10853,(#10857,#10864),.PCURVE_S1.);
#10853 = LINE('',#10854,#10855);
#10854 = CARTESIAN_POINT('',(1.33E+03,-437.5,318.5));
#10855 = VECTOR('',#10856,1.);
#10856 = DIRECTION('',(0.,0.,1.));
#10857 = PCURVE('',#10475,#10858);
#10858 = DEFINITIONAL_REPRESENTATION('',(#10859),#10863);
#10859 = LINE('',#10860,#10861);
#10860 = CARTESIAN_POINT('',(0.,390.));
#10861 = VECTOR('',#10862,1.);
#10862 = DIRECTION('',(1.,0.));
#10863 = ( GEOMETRIC_REPRESENTATION_CONTEXT(2) 
PARAMETRIC_REPRESENTATION_CONTEXT() REPRESENTATION_CONTEXT('2D SPACE',''
  ) );
#10864 = PCURVE('',#10865,#10870);
#10865 = CYLINDRICAL_SURFACE('',#10866,60.);
#10866 = AXIS2_PLACEMENT_3D('',#10867,#10868,#10869);
#10867 = CARTESIAN_POINT('',(1.33E+03,-377.5,318.5));
#10868 = DIRECTION('',(0.,0.,1.));
#10869 = DIRECTION('',(1.,0.,-0.));
#10870 = DEFINITIONAL_REPRESENTATION('',(#10871),#10875);
#10871 = LINE('',#10872,#10873);
#10872 = CARTESIAN_POINT('',(-1.570796326795,0.));
#10873 = VECTOR('',#10874,1.);
#10874 = DIRECTION('',(-0.,1.));
#10875 = ( GEOMETRIC_REPRESENTATION_CONTEXT(2) 
PARAMETRIC_REPRESENTATION_CONTEXT() REPRESENTATION_CONTEXT('2D SPACE',''
  ) );
#10876 = ORIENTED_EDGE('',*,*,#10877,.F.);
#10877 = EDGE_CURVE('',#10431,#10850,#10878,.T.);
#10878 = SURFACE_CURVE('',#10879,(#10883,#10890),.PCURVE_S1.);
#10879 = LINE('',#10880,#10881);
#10880 = CARTESIAN_POINT('',(940.,-437.5,378.5));
#10881 = VECTOR('',#10882,1.);
#10882 = DIRECTION('',(1.,0.,0.));
#10883 = PCURVE('',#10475,#10884);
#10884 = DEFINITIONAL_REPRESENTATION('',(#10885),#10889);
#10885 = LINE('',#10886,#10887);
#10886 = CARTESIAN_POINT('',(60.,0.));
#10887 = VECTOR('',#10888,1.);
#10888 = DIRECTION('',(0.,1.));
#10889 = ( GEOMETRIC_REPRESENTATION_CONTEXT(2) 
PARAMETRIC_REPRESENTATION_CONTEXT() REPRESENTATION_CONTEXT('2D SPACE',''
  ) );
#10890 = PCURVE('',#10777,#10891);
#10891 = DEFINITIONAL_REPRESENTATION('',(#10892),#10896);
#10892 = LINE('',#10893,#10894);
#10893 = CARTESIAN_POINT('',(0.,0.));
#10894 = VECTOR('',#10895,1.);
#10895 = DIRECTION('',(0.,1.));
#10896 = ( GEOMETRIC_REPRESENTATION_CONTEXT(2) 
PARAMETRIC_REPRESENTATION_CONTEXT() REPRESENTATION_CONTEXT('2D SPACE',''
  ) );
#10897 = ADVANCED_FACE('',(#10898),#10557,.F.);
#10898 = FACE_BOUND('',#10899,.F.);
#10899 = EDGE_LOOP('',(#10900,#10901,#10924,#10952));
#10900 = ORIENTED_EDGE('',*,*,#10541,.F.);
#10901 = ORIENTED_EDGE('',*,*,#10902,.T.);
#10902 = EDGE_CURVE('',#10518,#10903,#10905,.T.);
#10903 = VERTEX_POINT('',#10904);
#10904 = CARTESIAN_POINT('',(1.33E+03,-377.5,318.5));
#10905 = SURFACE_CURVE('',#10906,(#10910,#10917),.PCURVE_S1.);
#10906 = LINE('',#10907,#10908);
#10907 = CARTESIAN_POINT('',(940.,-377.5,318.5));
#10908 = VECTOR('',#10909,1.);
#10909 = DIRECTION('',(1.,0.,0.));
#10910 = PCURVE('',#10557,#10911);
#10911 = DEFINITIONAL_REPRESENTATION('',(#10912),#10916);
#10912 = LINE('',#10913,#10914);
#10913 = CARTESIAN_POINT('',(0.,60.));
#10914 = VECTOR('',#10915,1.);
#10915 = DIRECTION('',(1.,0.));
#10916 = ( GEOMETRIC_REPRESENTATION_CONTEXT(2) 
PARAMETRIC_REPRESENTATION_CONTEXT() REPRESENTATION_CONTEXT('2D SPACE',''
  ) );
#10917 = PCURVE('',#10777,#10918);
#10918 = DEFINITIONAL_REPRESENTATION('',(#10919),#10923);
#10919 = LINE('',#10920,#10921);
#10920 = CARTESIAN_POINT('',(1.570796326795,0.));
#10921 = VECTOR('',#10922,1.);
#10922 = DIRECTION('',(0.,1.));
#10923 = ( GEOMETRIC_REPRESENTATION_CONTEXT(2) 
PARAMETRIC_REPRESENTATION_CONTEXT() REPRESENTATION_CONTEXT('2D SPACE',''
  ) );
#10924 = ORIENTED_EDGE('',*,*,#10925,.T.);
#10925 = EDGE_CURVE('',#10903,#10926,#10928,.T.);
#10926 = VERTEX_POINT('',#10927);
#10927 = CARTESIAN_POINT('',(1.33E+03,-352.5,318.5));
#10928 = SURFACE_CURVE('',#10929,(#10933,#10940),.PCURVE_S1.);
#10929 = LINE('',#10930,#10931);
#10930 = CARTESIAN_POINT('',(1.33E+03,-437.5,318.5));
#10931 = VECTOR('',#10932,1.);
#10932 = DIRECTION('',(0.,1.,0.));
#10933 = PCURVE('',#10557,#10934);
#10934 = DEFINITIONAL_REPRESENTATION('',(#10935),#10939);
#10935 = LINE('',#10936,#10937);
#10936 = CARTESIAN_POINT('',(390.,0.));
#10937 = VECTOR('',#10938,1.);
#10938 = DIRECTION('',(0.,1.));
#10939 = ( GEOMETRIC_REPRESENTATION_CONTEXT(2) 
PARAMETRIC_REPRESENTATION_CONTEXT() REPRESENTATION_CONTEXT('2D SPACE',''
  ) );
#10940 = PCURVE('',#10941,#10946);
#10941 = CYLINDRICAL_SURFACE('',#10942,60.);
#10942 = AXIS2_PLACEMENT_3D('',#10943,#10944,#10945);
#10943 = CARTESIAN_POINT('',(1.33E+03,-437.5,378.5));
#10944 = DIRECTION('',(0.,1.,0.));
#10945 = DIRECTION('',(1.,0.,-0.));
#10946 = DEFINITIONAL_REPRESENTATION('',(#10947),#10951);
#10947 = LINE('',#10948,#10949);
#10948 = CARTESIAN_POINT('',(1.570796326795,0.));
#10949 = VECTOR('',#10950,1.);
#10950 = DIRECTION('',(0.,1.));
#10951 = ( GEOMETRIC_REPRESENTATION_CONTEXT(2) 
PARAMETRIC_REPRESENTATION_CONTEXT() REPRESENTATION_CONTEXT('2D SPACE',''
  ) );
#10952 = ORIENTED_EDGE('',*,*,#10953,.F.);
#10953 = EDGE_CURVE('',#10542,#10926,#10954,.T.);
#10954 = SURFACE_CURVE('',#10955,(#10959,#10966),.PCURVE_S1.);
#10955 = LINE('',#10956,#10957);
#10956 = CARTESIAN_POINT('',(940.,-352.5,318.5));
#10957 = VECTOR('',#10958,1.);
#10958 = DIRECTION('',(1.,0.,0.));
#10959 = PCURVE('',#10557,#10960);
#10960 = DEFINITIONAL_REPRESENTATION('',(#10961),#10965);
#10961 = LINE('',#10962,#10963);
#10962 = CARTESIAN_POINT('',(0.,85.));
#10963 = VECTOR('',#10964,1.);
#10964 = DIRECTION('',(1.,0.));
#10965 = ( GEOMETRIC_REPRESENTATION_CONTEXT(2) 
PARAMETRIC_REPRESENTATION_CONTEXT() REPRESENTATION_CONTEXT('2D SPACE',''
  ) );
#10966 = PCURVE('',#10967,#10972);
#10967 = CYLINDRICAL_SURFACE('',#10968,60.);
#10968 = AXIS2_PLACEMENT_3D('',#10969,#10970,#10971);
#10969 = CARTESIAN_POINT('',(940.,-352.5,378.5));
#10970 = DIRECTION('',(1.,0.,0.));
#10971 = DIRECTION('',(-0.,1.,0.));
#10972 = DEFINITIONAL_REPRESENTATION('',(#10973),#10977);
#10973 = LINE('',#10974,#10975);
#10974 = CARTESIAN_POINT('',(-1.570796326795,0.));
#10975 = VECTOR('',#10976,1.);
#10976 = DIRECTION('',(-0.,1.));
#10977 = ( GEOMETRIC_REPRESENTATION_CONTEXT(2) 
PARAMETRIC_REPRESENTATION_CONTEXT() REPRESENTATION_CONTEXT('2D SPACE',''
  ) );
#10978 = ADVANCED_FACE('',(#10979),#10584,.T.);
#10979 = FACE_BOUND('',#10980,.F.);
#10980 = EDGE_LOOP('',(#10981,#10982,#11004));
#10981 = ORIENTED_EDGE('',*,*,#10569,.F.);
#10982 = ORIENTED_EDGE('',*,*,#10983,.T.);
#10983 = EDGE_CURVE('',#10542,#10685,#10984,.T.);
#10984 = SURFACE_CURVE('',#10985,(#10990,#10997),.PCURVE_S1.);
#10985 = CIRCLE('',#10986,60.);
#10986 = AXIS2_PLACEMENT_3D('',#10987,#10988,#10989);
#10987 = CARTESIAN_POINT('',(1.E+03,-352.5,378.5));
#10988 = DIRECTION('',(1.,6.123233995737E-17,-0.));
#10989 = DIRECTION('',(-6.123233995737E-17,1.,0.));
#10990 = PCURVE('',#10584,#10991);
#10991 = DEFINITIONAL_REPRESENTATION('',(#10992),#10996);
#10992 = LINE('',#10993,#10994);
#10993 = CARTESIAN_POINT('',(-1.570796326795,-6.28318530718));
#10994 = VECTOR('',#10995,1.);
#10995 = DIRECTION('',(-0.,1.));
#10996 = ( GEOMETRIC_REPRESENTATION_CONTEXT(2) 
PARAMETRIC_REPRESENTATION_CONTEXT() REPRESENTATION_CONTEXT('2D SPACE',''
  ) );
#10997 = PCURVE('',#10967,#10998);
#10998 = DEFINITIONAL_REPRESENTATION('',(#10999),#11003);
#10999 = LINE('',#11000,#11001);
#11000 = CARTESIAN_POINT('',(-6.28318530718,60.));
#11001 = VECTOR('',#11002,1.);
#11002 = DIRECTION('',(1.,-0.));
#11003 = ( GEOMETRIC_REPRESENTATION_CONTEXT(2) 
PARAMETRIC_REPRESENTATION_CONTEXT() REPRESENTATION_CONTEXT('2D SPACE',''
  ) );
#11004 = ORIENTED_EDGE('',*,*,#10684,.F.);
#11005 = ADVANCED_FACE('',(#11006),#10640,.T.);
#11006 = FACE_BOUND('',#11007,.T.);
#11007 = EDGE_LOOP('',(#11008,#11009,#11032,#11060));
#11008 = ORIENTED_EDGE('',*,*,#10624,.F.);
#11009 = ORIENTED_EDGE('',*,*,#11010,.T.);
#11010 = EDGE_CURVE('',#10601,#11011,#11013,.T.);
#11011 = VERTEX_POINT('',#11012);
#11012 = CARTESIAN_POINT('',(1.33E+03,-377.5,493.5));
#11013 = SURFACE_CURVE('',#11014,(#11018,#11025),.PCURVE_S1.);
#11014 = LINE('',#11015,#11016);
#11015 = CARTESIAN_POINT('',(940.,-377.5,493.5));
#11016 = VECTOR('',#11017,1.);
#11017 = DIRECTION('',(1.,0.,0.));
#11018 = PCURVE('',#10640,#11019);
#11019 = DEFINITIONAL_REPRESENTATION('',(#11020),#11024);
#11020 = LINE('',#11021,#11022);
#11021 = CARTESIAN_POINT('',(0.,60.));
#11022 = VECTOR('',#11023,1.);
#11023 = DIRECTION('',(1.,0.));
#11024 = ( GEOMETRIC_REPRESENTATION_CONTEXT(2) 
PARAMETRIC_REPRESENTATION_CONTEXT() REPRESENTATION_CONTEXT('2D SPACE',''
  ) );
#11025 = PCURVE('',#10809,#11026);
#11026 = DEFINITIONAL_REPRESENTATION('',(#11027),#11031);
#11027 = LINE('',#11028,#11029);
#11028 = CARTESIAN_POINT('',(-1.570796326795,0.));
#11029 = VECTOR('',#11030,1.);
#11030 = DIRECTION('',(-0.,1.));
#11031 = ( GEOMETRIC_REPRESENTATION_CONTEXT(2) 
PARAMETRIC_REPRESENTATION_CONTEXT() REPRESENTATION_CONTEXT('2D SPACE',''
  ) );
#11032 = ORIENTED_EDGE('',*,*,#11033,.T.);
#11033 = EDGE_CURVE('',#11011,#11034,#11036,.T.);
#11034 = VERTEX_POINT('',#11035);
#11035 = CARTESIAN_POINT('',(1.33E+03,-352.5,493.5));
#11036 = SURFACE_CURVE('',#11037,(#11041,#11048),.PCURVE_S1.);
#11037 = LINE('',#11038,#11039);
#11038 = CARTESIAN_POINT('',(1.33E+03,-437.5,493.5));
#11039 = VECTOR('',#11040,1.);
#11040 = DIRECTION('',(0.,1.,0.));
#11041 = PCURVE('',#10640,#11042);
#11042 = DEFINITIONAL_REPRESENTATION('',(#11043),#11047);
#11043 = LINE('',#11044,#11045);
#11044 = CARTESIAN_POINT('',(390.,0.));
#11045 = VECTOR('',#11046,1.);
#11046 = DIRECTION('',(0.,1.));
#11047 = ( GEOMETRIC_REPRESENTATION_CONTEXT(2) 
PARAMETRIC_REPRESENTATION_CONTEXT() REPRESENTATION_CONTEXT('2D SPACE',''
  ) );
#11048 = PCURVE('',#11049,#11054);
#11049 = CYLINDRICAL_SURFACE('',#11050,60.);
#11050 = AXIS2_PLACEMENT_3D('',#11051,#11052,#11053);
#11051 = CARTESIAN_POINT('',(1.33E+03,-437.5,433.5));
#11052 = DIRECTION('',(0.,1.,0.));
#11053 = DIRECTION('',(1.,0.,-0.));
#11054 = DEFINITIONAL_REPRESENTATION('',(#11055),#11059);
#11055 = LINE('',#11056,#11057);
#11056 = CARTESIAN_POINT('',(-1.570796326795,0.));
#11057 = VECTOR('',#11058,1.);
#11058 = DIRECTION('',(-0.,1.));
#11059 = ( GEOMETRIC_REPRESENTATION_CONTEXT(2) 
PARAMETRIC_REPRESENTATION_CONTEXT() REPRESENTATION_CONTEXT('2D SPACE',''
  ) );
#11060 = ORIENTED_EDGE('',*,*,#11061,.F.);
#11061 = EDGE_CURVE('',#10625,#11034,#11062,.T.);
#11062 = SURFACE_CURVE('',#11063,(#11067,#11074),.PCURVE_S1.);
#11063 = LINE('',#11064,#11065);
#11064 = CARTESIAN_POINT('',(940.,-352.5,493.5));
#11065 = VECTOR('',#11066,1.);
#11066 = DIRECTION('',(1.,0.,0.));
#11067 = PCURVE('',#10640,#11068);
#11068 = DEFINITIONAL_REPRESENTATION('',(#11069),#11073);
#11069 = LINE('',#11070,#11071);
#11070 = CARTESIAN_POINT('',(0.,85.));
#11071 = VECTOR('',#11072,1.);
#11072 = DIRECTION('',(1.,0.));
#11073 = ( GEOMETRIC_REPRESENTATION_CONTEXT(2) 
PARAMETRIC_REPRESENTATION_CONTEXT() REPRESENTATION_CONTEXT('2D SPACE',''
  ) );
#11074 = PCURVE('',#11075,#11080);
#11075 = CYLINDRICAL_SURFACE('',#11076,60.);
#11076 = AXIS2_PLACEMENT_3D('',#11077,#11078,#11079);
#11077 = CARTESIAN_POINT('',(940.,-352.5,433.5));
#11078 = DIRECTION('',(1.,0.,0.));
#11079 = DIRECTION('',(-0.,1.,0.));
#11080 = DEFINITIONAL_REPRESENTATION('',(#11081),#11085);
#11081 = LINE('',#11082,#11083);
#11082 = CARTESIAN_POINT('',(1.570796326795,0.));
#11083 = VECTOR('',#11084,1.);
#11084 = DIRECTION('',(0.,1.));
#11085 = ( GEOMETRIC_REPRESENTATION_CONTEXT(2) 
PARAMETRIC_REPRESENTATION_CONTEXT() REPRESENTATION_CONTEXT('2D SPACE',''
  ) );
#11086 = ADVANCED_FACE('',(#11087),#10667,.T.);
#11087 = FACE_BOUND('',#11088,.F.);
#11088 = EDGE_LOOP('',(#11089,#11090,#11112));
#11089 = ORIENTED_EDGE('',*,*,#10736,.F.);
#11090 = ORIENTED_EDGE('',*,*,#11091,.T.);
#11091 = EDGE_CURVE('',#10709,#10625,#11092,.T.);
#11092 = SURFACE_CURVE('',#11093,(#11098,#11105),.PCURVE_S1.);
#11093 = CIRCLE('',#11094,60.);
#11094 = AXIS2_PLACEMENT_3D('',#11095,#11096,#11097);
#11095 = CARTESIAN_POINT('',(1.E+03,-352.5,433.5));
#11096 = DIRECTION('',(1.,0.,6.123233995737E-17));
#11097 = DIRECTION('',(-6.123233995737E-17,0.,1.));
#11098 = PCURVE('',#10667,#11099);
#11099 = DEFINITIONAL_REPRESENTATION('',(#11100),#11104);
#11100 = LINE('',#11101,#11102);
#11101 = CARTESIAN_POINT('',(-1.570796326795,-6.28318530718));
#11102 = VECTOR('',#11103,1.);
#11103 = DIRECTION('',(-0.,1.));
#11104 = ( GEOMETRIC_REPRESENTATION_CONTEXT(2) 
PARAMETRIC_REPRESENTATION_CONTEXT() REPRESENTATION_CONTEXT('2D SPACE',''
  ) );
#11105 = PCURVE('',#11075,#11106);
#11106 = DEFINITIONAL_REPRESENTATION('',(#11107),#11111);
#11107 = LINE('',#11108,#11109);
#11108 = CARTESIAN_POINT('',(-4.712388980385,60.));
#11109 = VECTOR('',#11110,1.);
#11110 = DIRECTION('',(1.,0.));
#11111 = ( GEOMETRIC_REPRESENTATION_CONTEXT(2) 
PARAMETRIC_REPRESENTATION_CONTEXT() REPRESENTATION_CONTEXT('2D SPACE',''
  ) );
#11112 = ORIENTED_EDGE('',*,*,#10652,.F.);
#11113 = ADVANCED_FACE('',(#11114),#10724,.T.);
#11114 = FACE_BOUND('',#11115,.T.);
#11115 = EDGE_LOOP('',(#11116,#11117,#11140,#11168));
#11116 = ORIENTED_EDGE('',*,*,#10708,.T.);
#11117 = ORIENTED_EDGE('',*,*,#11118,.T.);
#11118 = EDGE_CURVE('',#10709,#11119,#11121,.T.);
#11119 = VERTEX_POINT('',#11120);
#11120 = CARTESIAN_POINT('',(1.33E+03,-292.5,433.5));
#11121 = SURFACE_CURVE('',#11122,(#11126,#11133),.PCURVE_S1.);
#11122 = LINE('',#11123,#11124);
#11123 = CARTESIAN_POINT('',(940.,-292.5,433.5));
#11124 = VECTOR('',#11125,1.);
#11125 = DIRECTION('',(1.,0.,0.));
#11126 = PCURVE('',#10724,#11127);
#11127 = DEFINITIONAL_REPRESENTATION('',(#11128),#11132);
#11128 = LINE('',#11129,#11130);
#11129 = CARTESIAN_POINT('',(115.,0.));
#11130 = VECTOR('',#11131,1.);
#11131 = DIRECTION('',(0.,1.));
#11132 = ( GEOMETRIC_REPRESENTATION_CONTEXT(2) 
PARAMETRIC_REPRESENTATION_CONTEXT() REPRESENTATION_CONTEXT('2D SPACE',''
  ) );
#11133 = PCURVE('',#11075,#11134);
#11134 = DEFINITIONAL_REPRESENTATION('',(#11135),#11139);
#11135 = LINE('',#11136,#11137);
#11136 = CARTESIAN_POINT('',(0.,0.));
#11137 = VECTOR('',#11138,1.);
#11138 = DIRECTION('',(0.,1.));
#11139 = ( GEOMETRIC_REPRESENTATION_CONTEXT(2) 
PARAMETRIC_REPRESENTATION_CONTEXT() REPRESENTATION_CONTEXT('2D SPACE',''
  ) );
#11140 = ORIENTED_EDGE('',*,*,#11141,.F.);
#11141 = EDGE_CURVE('',#11142,#11119,#11144,.T.);
#11142 = VERTEX_POINT('',#11143);
#11143 = CARTESIAN_POINT('',(1.33E+03,-292.5,378.5));
#11144 = SURFACE_CURVE('',#11145,(#11149,#11156),.PCURVE_S1.);
#11145 = LINE('',#11146,#11147);
#11146 = CARTESIAN_POINT('',(1.33E+03,-292.5,318.5));
#11147 = VECTOR('',#11148,1.);
#11148 = DIRECTION('',(0.,0.,1.));
#11149 = PCURVE('',#10724,#11150);
#11150 = DEFINITIONAL_REPRESENTATION('',(#11151),#11155);
#11151 = LINE('',#11152,#11153);
#11152 = CARTESIAN_POINT('',(0.,390.));
#11153 = VECTOR('',#11154,1.);
#11154 = DIRECTION('',(1.,0.));
#11155 = ( GEOMETRIC_REPRESENTATION_CONTEXT(2) 
PARAMETRIC_REPRESENTATION_CONTEXT() REPRESENTATION_CONTEXT('2D SPACE',''
  ) );
#11156 = PCURVE('',#11157,#11162);
#11157 = CYLINDRICAL_SURFACE('',#11158,60.);
#11158 = AXIS2_PLACEMENT_3D('',#11159,#11160,#11161);
#11159 = CARTESIAN_POINT('',(1.33E+03,-352.5,318.5));
#11160 = DIRECTION('',(0.,0.,1.));
#11161 = DIRECTION('',(1.,0.,-0.));
#11162 = DEFINITIONAL_REPRESENTATION('',(#11163),#11167);
#11163 = LINE('',#11164,#11165);
#11164 = CARTESIAN_POINT('',(1.570796326795,0.));
#11165 = VECTOR('',#11166,1.);
#11166 = DIRECTION('',(0.,1.));
#11167 = ( GEOMETRIC_REPRESENTATION_CONTEXT(2) 
PARAMETRIC_REPRESENTATION_CONTEXT() REPRESENTATION_CONTEXT('2D SPACE',''
  ) );
#11168 = ORIENTED_EDGE('',*,*,#11169,.F.);
#11169 = EDGE_CURVE('',#10685,#11142,#11170,.T.);
#11170 = SURFACE_CURVE('',#11171,(#11175,#11182),.PCURVE_S1.);
#11171 = LINE('',#11172,#11173);
#11172 = CARTESIAN_POINT('',(940.,-292.5,378.5));
#11173 = VECTOR('',#11174,1.);
#11174 = DIRECTION('',(1.,0.,0.));
#11175 = PCURVE('',#10724,#11176);
#11176 = DEFINITIONAL_REPRESENTATION('',(#11177),#11181);
#11177 = LINE('',#11178,#11179);
#11178 = CARTESIAN_POINT('',(60.,0.));
#11179 = VECTOR('',#11180,1.);
#11180 = DIRECTION('',(0.,1.));
#11181 = ( GEOMETRIC_REPRESENTATION_CONTEXT(2) 
PARAMETRIC_REPRESENTATION_CONTEXT() REPRESENTATION_CONTEXT('2D SPACE',''
  ) );
#11182 = PCURVE('',#10967,#11183);
#11183 = DEFINITIONAL_REPRESENTATION('',(#11184),#11188);
#11184 = LINE('',#11185,#11186);
#11185 = CARTESIAN_POINT('',(-0.,0.));
#11186 = VECTOR('',#11187,1.);
#11187 = DIRECTION('',(-0.,1.));
#11188 = ( GEOMETRIC_REPRESENTATION_CONTEXT(2) 
PARAMETRIC_REPRESENTATION_CONTEXT() REPRESENTATION_CONTEXT('2D SPACE',''
  ) );
#11189 = ADVANCED_FACE('',(#11190),#10777,.T.);
#11190 = FACE_BOUND('',#11191,.T.);
#11191 = EDGE_LOOP('',(#11192,#11193,#11194,#11221));
#11192 = ORIENTED_EDGE('',*,*,#10762,.F.);
#11193 = ORIENTED_EDGE('',*,*,#10902,.T.);
#11194 = ORIENTED_EDGE('',*,*,#11195,.T.);
#11195 = EDGE_CURVE('',#10903,#10850,#11196,.T.);
#11196 = SURFACE_CURVE('',#11197,(#11202,#11209),.PCURVE_S1.);
#11197 = CIRCLE('',#11198,60.);
#11198 = AXIS2_PLACEMENT_3D('',#11199,#11200,#11201);
#11199 = CARTESIAN_POINT('',(1.33E+03,-377.5,378.5));
#11200 = DIRECTION('',(-1.,-6.123233995737E-17,0.));
#11201 = DIRECTION('',(6.123233995737E-17,-1.,-0.));
#11202 = PCURVE('',#10777,#11203);
#11203 = DEFINITIONAL_REPRESENTATION('',(#11204),#11208);
#11204 = LINE('',#11205,#11206);
#11205 = CARTESIAN_POINT('',(6.28318530718,390.));
#11206 = VECTOR('',#11207,1.);
#11207 = DIRECTION('',(-1.,-0.));
#11208 = ( GEOMETRIC_REPRESENTATION_CONTEXT(2) 
PARAMETRIC_REPRESENTATION_CONTEXT() REPRESENTATION_CONTEXT('2D SPACE',''
  ) );
#11209 = PCURVE('',#11210,#11215);
#11210 = SPHERICAL_SURFACE('',#11211,60.);
#11211 = AXIS2_PLACEMENT_3D('',#11212,#11213,#11214);
#11212 = CARTESIAN_POINT('',(1.33E+03,-377.5,378.5));
#11213 = DIRECTION('',(0.,0.,1.));
#11214 = DIRECTION('',(1.,0.,-0.));
#11215 = DEFINITIONAL_REPRESENTATION('',(#11216),#11220);
#11216 = LINE('',#11217,#11218);
#11217 = CARTESIAN_POINT('',(-1.570796326795,-6.28318530718));
#11218 = VECTOR('',#11219,1.);
#11219 = DIRECTION('',(-0.,1.));
#11220 = ( GEOMETRIC_REPRESENTATION_CONTEXT(2) 
PARAMETRIC_REPRESENTATION_CONTEXT() REPRESENTATION_CONTEXT('2D SPACE',''
  ) );
#11221 = ORIENTED_EDGE('',*,*,#10877,.F.);
#11222 = ADVANCED_FACE('',(#11223),#10809,.T.);
#11223 = FACE_BOUND('',#11224,.F.);
#11224 = EDGE_LOOP('',(#11225,#11226,#11227,#11254));
#11225 = ORIENTED_EDGE('',*,*,#10794,.F.);
#11226 = ORIENTED_EDGE('',*,*,#11010,.T.);
#11227 = ORIENTED_EDGE('',*,*,#11228,.T.);
#11228 = EDGE_CURVE('',#11011,#10827,#11229,.T.);
#11229 = SURFACE_CURVE('',#11230,(#11235,#11242),.PCURVE_S1.);
#11230 = CIRCLE('',#11231,60.);
#11231 = AXIS2_PLACEMENT_3D('',#11232,#11233,#11234);
#11232 = CARTESIAN_POINT('',(1.33E+03,-377.5,433.5));
#11233 = DIRECTION('',(1.,6.123233995737E-17,0.));
#11234 = DIRECTION('',(6.123233995737E-17,-1.,0.));
#11235 = PCURVE('',#10809,#11236);
#11236 = DEFINITIONAL_REPRESENTATION('',(#11237),#11241);
#11237 = LINE('',#11238,#11239);
#11238 = CARTESIAN_POINT('',(-6.28318530718,390.));
#11239 = VECTOR('',#11240,1.);
#11240 = DIRECTION('',(1.,-0.));
#11241 = ( GEOMETRIC_REPRESENTATION_CONTEXT(2) 
PARAMETRIC_REPRESENTATION_CONTEXT() REPRESENTATION_CONTEXT('2D SPACE',''
  ) );
#11242 = PCURVE('',#11243,#11248);
#11243 = SPHERICAL_SURFACE('',#11244,60.);
#11244 = AXIS2_PLACEMENT_3D('',#11245,#11246,#11247);
#11245 = CARTESIAN_POINT('',(1.33E+03,-377.5,433.5));
#11246 = DIRECTION('',(-0.,-0.,-1.));
#11247 = DIRECTION('',(1.,0.,0.));
#11248 = DEFINITIONAL_REPRESENTATION('',(#11249),#11253);
#11249 = LINE('',#11250,#11251);
#11250 = CARTESIAN_POINT('',(1.570796326795,-6.28318530718));
#11251 = VECTOR('',#11252,1.);
#11252 = DIRECTION('',(0.,1.));
#11253 = ( GEOMETRIC_REPRESENTATION_CONTEXT(2) 
PARAMETRIC_REPRESENTATION_CONTEXT() REPRESENTATION_CONTEXT('2D SPACE',''
  ) );
#11254 = ORIENTED_EDGE('',*,*,#10826,.F.);
#11255 = ADVANCED_FACE('',(#11256),#10865,.T.);
#11256 = FACE_BOUND('',#11257,.F.);
#11257 = EDGE_LOOP('',(#11258,#11288,#11310,#11311));
#11258 = ORIENTED_EDGE('',*,*,#11259,.F.);
#11259 = EDGE_CURVE('',#11260,#11262,#11264,.T.);
#11260 = VERTEX_POINT('',#11261);
#11261 = CARTESIAN_POINT('',(1.39E+03,-377.5,378.5));
#11262 = VERTEX_POINT('',#11263);
#11263 = CARTESIAN_POINT('',(1.39E+03,-377.5,433.5));
#11264 = SURFACE_CURVE('',#11265,(#11269,#11276),.PCURVE_S1.);
#11265 = LINE('',#11266,#11267);
#11266 = CARTESIAN_POINT('',(1.39E+03,-377.5,318.5));
#11267 = VECTOR('',#11268,1.);
#11268 = DIRECTION('',(0.,0.,1.));
#11269 = PCURVE('',#10865,#11270);
#11270 = DEFINITIONAL_REPRESENTATION('',(#11271),#11275);
#11271 = LINE('',#11272,#11273);
#11272 = CARTESIAN_POINT('',(-0.,0.));
#11273 = VECTOR('',#11274,1.);
#11274 = DIRECTION('',(-0.,1.));
#11275 = ( GEOMETRIC_REPRESENTATION_CONTEXT(2) 
PARAMETRIC_REPRESENTATION_CONTEXT() REPRESENTATION_CONTEXT('2D SPACE',''
  ) );
#11276 = PCURVE('',#11277,#11282);
#11277 = PLANE('',#11278);
#11278 = AXIS2_PLACEMENT_3D('',#11279,#11280,#11281);
#11279 = CARTESIAN_POINT('',(1.39E+03,-437.5,318.5));
#11280 = DIRECTION('',(1.,0.,0.));
#11281 = DIRECTION('',(0.,0.,1.));
#11282 = DEFINITIONAL_REPRESENTATION('',(#11283),#11287);
#11283 = LINE('',#11284,#11285);
#11284 = CARTESIAN_POINT('',(0.,-60.));
#11285 = VECTOR('',#11286,1.);
#11286 = DIRECTION('',(1.,0.));
#11287 = ( GEOMETRIC_REPRESENTATION_CONTEXT(2) 
PARAMETRIC_REPRESENTATION_CONTEXT() REPRESENTATION_CONTEXT('2D SPACE',''
  ) );
#11288 = ORIENTED_EDGE('',*,*,#11289,.T.);
#11289 = EDGE_CURVE('',#11260,#10850,#11290,.T.);
#11290 = SURFACE_CURVE('',#11291,(#11296,#11303),.PCURVE_S1.);
#11291 = CIRCLE('',#11292,60.);
#11292 = AXIS2_PLACEMENT_3D('',#11293,#11294,#11295);
#11293 = CARTESIAN_POINT('',(1.33E+03,-377.5,378.5));
#11294 = DIRECTION('',(0.,-0.,-1.));
#11295 = DIRECTION('',(1.,0.,-0.));
#11296 = PCURVE('',#10865,#11297);
#11297 = DEFINITIONAL_REPRESENTATION('',(#11298),#11302);
#11298 = LINE('',#11299,#11300);
#11299 = CARTESIAN_POINT('',(-0.,60.));
#11300 = VECTOR('',#11301,1.);
#11301 = DIRECTION('',(-1.,0.));
#11302 = ( GEOMETRIC_REPRESENTATION_CONTEXT(2) 
PARAMETRIC_REPRESENTATION_CONTEXT() REPRESENTATION_CONTEXT('2D SPACE',''
  ) );
#11303 = PCURVE('',#11210,#11304);
#11304 = DEFINITIONAL_REPRESENTATION('',(#11305),#11309);
#11305 = LINE('',#11306,#11307);
#11306 = CARTESIAN_POINT('',(-0.,0.));
#11307 = VECTOR('',#11308,1.);
#11308 = DIRECTION('',(-1.,0.));
#11309 = ( GEOMETRIC_REPRESENTATION_CONTEXT(2) 
PARAMETRIC_REPRESENTATION_CONTEXT() REPRESENTATION_CONTEXT('2D SPACE',''
  ) );
#11310 = ORIENTED_EDGE('',*,*,#10849,.T.);
#11311 = ORIENTED_EDGE('',*,*,#11312,.F.);
#11312 = EDGE_CURVE('',#11262,#10827,#11313,.T.);
#11313 = SURFACE_CURVE('',#11314,(#11319,#11326),.PCURVE_S1.);
#11314 = CIRCLE('',#11315,60.);
#11315 = AXIS2_PLACEMENT_3D('',#11316,#11317,#11318);
#11316 = CARTESIAN_POINT('',(1.33E+03,-377.5,433.5));
#11317 = DIRECTION('',(0.,0.,-1.));
#11318 = DIRECTION('',(1.,0.,0.));
#11319 = PCURVE('',#10865,#11320);
#11320 = DEFINITIONAL_REPRESENTATION('',(#11321),#11325);
#11321 = LINE('',#11322,#11323);
#11322 = CARTESIAN_POINT('',(-0.,115.));
#11323 = VECTOR('',#11324,1.);
#11324 = DIRECTION('',(-1.,0.));
#11325 = ( GEOMETRIC_REPRESENTATION_CONTEXT(2) 
PARAMETRIC_REPRESENTATION_CONTEXT() REPRESENTATION_CONTEXT('2D SPACE',''
  ) );
#11326 = PCURVE('',#11243,#11327);
#11327 = DEFINITIONAL_REPRESENTATION('',(#11328),#11332);
#11328 = LINE('',#11329,#11330);
#11329 = CARTESIAN_POINT('',(0.,0.));
#11330 = VECTOR('',#11331,1.);
#11331 = DIRECTION('',(1.,0.));
#11332 = ( GEOMETRIC_REPRESENTATION_CONTEXT(2) 
PARAMETRIC_REPRESENTATION_CONTEXT() REPRESENTATION_CONTEXT('2D SPACE',''
  ) );
#11333 = ADVANCED_FACE('',(#11334),#10967,.T.);
#11334 = FACE_BOUND('',#11335,.F.);
#11335 = EDGE_LOOP('',(#11336,#11337,#11338,#11365));
#11336 = ORIENTED_EDGE('',*,*,#10983,.F.);
#11337 = ORIENTED_EDGE('',*,*,#10953,.T.);
#11338 = ORIENTED_EDGE('',*,*,#11339,.T.);
#11339 = EDGE_CURVE('',#10926,#11142,#11340,.T.);
#11340 = SURFACE_CURVE('',#11341,(#11346,#11353),.PCURVE_S1.);
#11341 = CIRCLE('',#11342,60.);
#11342 = AXIS2_PLACEMENT_3D('',#11343,#11344,#11345);
#11343 = CARTESIAN_POINT('',(1.33E+03,-352.5,378.5));
#11344 = DIRECTION('',(1.,-6.123233995737E-17,0.));
#11345 = DIRECTION('',(6.123233995737E-17,1.,0.));
#11346 = PCURVE('',#10967,#11347);
#11347 = DEFINITIONAL_REPRESENTATION('',(#11348),#11352);
#11348 = LINE('',#11349,#11350);
#11349 = CARTESIAN_POINT('',(-6.28318530718,390.));
#11350 = VECTOR('',#11351,1.);
#11351 = DIRECTION('',(1.,-0.));
#11352 = ( GEOMETRIC_REPRESENTATION_CONTEXT(2) 
PARAMETRIC_REPRESENTATION_CONTEXT() REPRESENTATION_CONTEXT('2D SPACE',''
  ) );
#11353 = PCURVE('',#11354,#11359);
#11354 = SPHERICAL_SURFACE('',#11355,60.);
#11355 = AXIS2_PLACEMENT_3D('',#11356,#11357,#11358);
#11356 = CARTESIAN_POINT('',(1.33E+03,-352.5,378.5));
#11357 = DIRECTION('',(0.,0.,1.));
#11358 = DIRECTION('',(1.,0.,-0.));
#11359 = DEFINITIONAL_REPRESENTATION('',(#11360),#11364);
#11360 = LINE('',#11361,#11362);
#11361 = CARTESIAN_POINT('',(1.570796326795,-6.28318530718));
#11362 = VECTOR('',#11363,1.);
#11363 = DIRECTION('',(0.,1.));
#11364 = ( GEOMETRIC_REPRESENTATION_CONTEXT(2) 
PARAMETRIC_REPRESENTATION_CONTEXT() REPRESENTATION_CONTEXT('2D SPACE',''
  ) );
#11365 = ORIENTED_EDGE('',*,*,#11169,.F.);
#11366 = ADVANCED_FACE('',(#11367),#10941,.T.);
#11367 = FACE_BOUND('',#11368,.T.);
#11368 = EDGE_LOOP('',(#11369,#11391,#11392,#11416));
#11369 = ORIENTED_EDGE('',*,*,#11370,.F.);
#11370 = EDGE_CURVE('',#10903,#11260,#11371,.T.);
#11371 = SURFACE_CURVE('',#11372,(#11377,#11384),.PCURVE_S1.);
#11372 = CIRCLE('',#11373,60.);
#11373 = AXIS2_PLACEMENT_3D('',#11374,#11375,#11376);
#11374 = CARTESIAN_POINT('',(1.33E+03,-377.5,378.5));
#11375 = DIRECTION('',(0.,-1.,0.));
#11376 = DIRECTION('',(1.,0.,0.));
#11377 = PCURVE('',#10941,#11378);
#11378 = DEFINITIONAL_REPRESENTATION('',(#11379),#11383);
#11379 = LINE('',#11380,#11381);
#11380 = CARTESIAN_POINT('',(6.28318530718,60.));
#11381 = VECTOR('',#11382,1.);
#11382 = DIRECTION('',(-1.,-0.));
#11383 = ( GEOMETRIC_REPRESENTATION_CONTEXT(2) 
PARAMETRIC_REPRESENTATION_CONTEXT() REPRESENTATION_CONTEXT('2D SPACE',''
  ) );
#11384 = PCURVE('',#11210,#11385);
#11385 = DEFINITIONAL_REPRESENTATION('',(#11386),#11390);
#11386 = LINE('',#11387,#11388);
#11387 = CARTESIAN_POINT('',(-0.,-6.28318530718));
#11388 = VECTOR('',#11389,1.);
#11389 = DIRECTION('',(-0.,1.));
#11390 = ( GEOMETRIC_REPRESENTATION_CONTEXT(2) 
PARAMETRIC_REPRESENTATION_CONTEXT() REPRESENTATION_CONTEXT('2D SPACE',''
  ) );
#11391 = ORIENTED_EDGE('',*,*,#10925,.T.);
#11392 = ORIENTED_EDGE('',*,*,#11393,.T.);
#11393 = EDGE_CURVE('',#10926,#11394,#11396,.T.);
#11394 = VERTEX_POINT('',#11395);
#11395 = CARTESIAN_POINT('',(1.39E+03,-352.5,378.5));
#11396 = SURFACE_CURVE('',#11397,(#11402,#11409),.PCURVE_S1.);
#11397 = CIRCLE('',#11398,60.);
#11398 = AXIS2_PLACEMENT_3D('',#11399,#11400,#11401);
#11399 = CARTESIAN_POINT('',(1.33E+03,-352.5,378.5));
#11400 = DIRECTION('',(0.,-1.,0.));
#11401 = DIRECTION('',(1.,0.,0.));
#11402 = PCURVE('',#10941,#11403);
#11403 = DEFINITIONAL_REPRESENTATION('',(#11404),#11408);
#11404 = LINE('',#11405,#11406);
#11405 = CARTESIAN_POINT('',(6.28318530718,85.));
#11406 = VECTOR('',#11407,1.);
#11407 = DIRECTION('',(-1.,-0.));
#11408 = ( GEOMETRIC_REPRESENTATION_CONTEXT(2) 
PARAMETRIC_REPRESENTATION_CONTEXT() REPRESENTATION_CONTEXT('2D SPACE',''
  ) );
#11409 = PCURVE('',#11354,#11410);
#11410 = DEFINITIONAL_REPRESENTATION('',(#11411),#11415);
#11411 = LINE('',#11412,#11413);
#11412 = CARTESIAN_POINT('',(0.,-6.28318530718));
#11413 = VECTOR('',#11414,1.);
#11414 = DIRECTION('',(0.,1.));
#11415 = ( GEOMETRIC_REPRESENTATION_CONTEXT(2) 
PARAMETRIC_REPRESENTATION_CONTEXT() REPRESENTATION_CONTEXT('2D SPACE',''
  ) );
#11416 = ORIENTED_EDGE('',*,*,#11417,.F.);
#11417 = EDGE_CURVE('',#11260,#11394,#11418,.T.);
#11418 = SURFACE_CURVE('',#11419,(#11423,#11430),.PCURVE_S1.);
#11419 = LINE('',#11420,#11421);
#11420 = CARTESIAN_POINT('',(1.39E+03,-437.5,378.5));
#11421 = VECTOR('',#11422,1.);
#11422 = DIRECTION('',(0.,1.,0.));
#11423 = PCURVE('',#10941,#11424);
#11424 = DEFINITIONAL_REPRESENTATION('',(#11425),#11429);
#11425 = LINE('',#11426,#11427);
#11426 = CARTESIAN_POINT('',(0.,0.));
#11427 = VECTOR('',#11428,1.);
#11428 = DIRECTION('',(0.,1.));
#11429 = ( GEOMETRIC_REPRESENTATION_CONTEXT(2) 
PARAMETRIC_REPRESENTATION_CONTEXT() REPRESENTATION_CONTEXT('2D SPACE',''
  ) );
#11430 = PCURVE('',#11277,#11431);
#11431 = DEFINITIONAL_REPRESENTATION('',(#11432),#11436);
#11432 = LINE('',#11433,#11434);
#11433 = CARTESIAN_POINT('',(60.,0.));
#11434 = VECTOR('',#11435,1.);
#11435 = DIRECTION('',(0.,-1.));
#11436 = ( GEOMETRIC_REPRESENTATION_CONTEXT(2) 
PARAMETRIC_REPRESENTATION_CONTEXT() REPRESENTATION_CONTEXT('2D SPACE',''
  ) );
#11437 = ADVANCED_FACE('',(#11438),#11075,.T.);
#11438 = FACE_BOUND('',#11439,.T.);
#11439 = EDGE_LOOP('',(#11440,#11441,#11442,#11469));
#11440 = ORIENTED_EDGE('',*,*,#11091,.T.);
#11441 = ORIENTED_EDGE('',*,*,#11061,.T.);
#11442 = ORIENTED_EDGE('',*,*,#11443,.F.);
#11443 = EDGE_CURVE('',#11119,#11034,#11444,.T.);
#11444 = SURFACE_CURVE('',#11445,(#11450,#11457),.PCURVE_S1.);
#11445 = CIRCLE('',#11446,60.);
#11446 = AXIS2_PLACEMENT_3D('',#11447,#11448,#11449);
#11447 = CARTESIAN_POINT('',(1.33E+03,-352.5,433.5));
#11448 = DIRECTION('',(1.,0.,-6.123233995737E-17));
#11449 = DIRECTION('',(6.123233995737E-17,0.,1.));
#11450 = PCURVE('',#11075,#11451);
#11451 = DEFINITIONAL_REPRESENTATION('',(#11452),#11456);
#11452 = LINE('',#11453,#11454);
#11453 = CARTESIAN_POINT('',(-4.712388980385,390.));
#11454 = VECTOR('',#11455,1.);
#11455 = DIRECTION('',(1.,0.));
#11456 = ( GEOMETRIC_REPRESENTATION_CONTEXT(2) 
PARAMETRIC_REPRESENTATION_CONTEXT() REPRESENTATION_CONTEXT('2D SPACE',''
  ) );
#11457 = PCURVE('',#11458,#11463);
#11458 = SPHERICAL_SURFACE('',#11459,60.);
#11459 = AXIS2_PLACEMENT_3D('',#11460,#11461,#11462);
#11460 = CARTESIAN_POINT('',(1.33E+03,-352.5,433.5));
#11461 = DIRECTION('',(-0.,-1.,-0.));
#11462 = DIRECTION('',(1.,-0.,0.));
#11463 = DEFINITIONAL_REPRESENTATION('',(#11464),#11468);
#11464 = LINE('',#11465,#11466);
#11465 = CARTESIAN_POINT('',(1.570796326795,-6.28318530718));
#11466 = VECTOR('',#11467,1.);
#11467 = DIRECTION('',(0.,1.));
#11468 = ( GEOMETRIC_REPRESENTATION_CONTEXT(2) 
PARAMETRIC_REPRESENTATION_CONTEXT() REPRESENTATION_CONTEXT('2D SPACE',''
  ) );
#11469 = ORIENTED_EDGE('',*,*,#11118,.F.);
#11470 = ADVANCED_FACE('',(#11471),#11049,.T.);
#11471 = FACE_BOUND('',#11472,.F.);
#11472 = EDGE_LOOP('',(#11473,#11495,#11496,#11520));
#11473 = ORIENTED_EDGE('',*,*,#11474,.F.);
#11474 = EDGE_CURVE('',#11011,#11262,#11475,.T.);
#11475 = SURFACE_CURVE('',#11476,(#11481,#11488),.PCURVE_S1.);
#11476 = CIRCLE('',#11477,60.);
#11477 = AXIS2_PLACEMENT_3D('',#11478,#11479,#11480);
#11478 = CARTESIAN_POINT('',(1.33E+03,-377.5,433.5));
#11479 = DIRECTION('',(-0.,1.,0.));
#11480 = DIRECTION('',(1.,0.,0.));
#11481 = PCURVE('',#11049,#11482);
#11482 = DEFINITIONAL_REPRESENTATION('',(#11483),#11487);
#11483 = LINE('',#11484,#11485);
#11484 = CARTESIAN_POINT('',(-6.28318530718,60.));
#11485 = VECTOR('',#11486,1.);
#11486 = DIRECTION('',(1.,-0.));
#11487 = ( GEOMETRIC_REPRESENTATION_CONTEXT(2) 
PARAMETRIC_REPRESENTATION_CONTEXT() REPRESENTATION_CONTEXT('2D SPACE',''
  ) );
#11488 = PCURVE('',#11243,#11489);
#11489 = DEFINITIONAL_REPRESENTATION('',(#11490),#11494);
#11490 = LINE('',#11491,#11492);
#11491 = CARTESIAN_POINT('',(0.,-6.28318530718));
#11492 = VECTOR('',#11493,1.);
#11493 = DIRECTION('',(0.,1.));
#11494 = ( GEOMETRIC_REPRESENTATION_CONTEXT(2) 
PARAMETRIC_REPRESENTATION_CONTEXT() REPRESENTATION_CONTEXT('2D SPACE',''
  ) );
#11495 = ORIENTED_EDGE('',*,*,#11033,.T.);
#11496 = ORIENTED_EDGE('',*,*,#11497,.F.);
#11497 = EDGE_CURVE('',#11498,#11034,#11500,.T.);
#11498 = VERTEX_POINT('',#11499);
#11499 = CARTESIAN_POINT('',(1.39E+03,-352.5,433.5));
#11500 = SURFACE_CURVE('',#11501,(#11506,#11513),.PCURVE_S1.);
#11501 = CIRCLE('',#11502,60.);
#11502 = AXIS2_PLACEMENT_3D('',#11503,#11504,#11505);
#11503 = CARTESIAN_POINT('',(1.33E+03,-352.5,433.5));
#11504 = DIRECTION('',(-0.,-1.,0.));
#11505 = DIRECTION('',(1.,-0.,0.));
#11506 = PCURVE('',#11049,#11507);
#11507 = DEFINITIONAL_REPRESENTATION('',(#11508),#11512);
#11508 = LINE('',#11509,#11510);
#11509 = CARTESIAN_POINT('',(-0.,85.));
#11510 = VECTOR('',#11511,1.);
#11511 = DIRECTION('',(-1.,0.));
#11512 = ( GEOMETRIC_REPRESENTATION_CONTEXT(2) 
PARAMETRIC_REPRESENTATION_CONTEXT() REPRESENTATION_CONTEXT('2D SPACE',''
  ) );
#11513 = PCURVE('',#11458,#11514);
#11514 = DEFINITIONAL_REPRESENTATION('',(#11515),#11519);
#11515 = LINE('',#11516,#11517);
#11516 = CARTESIAN_POINT('',(0.,0.));
#11517 = VECTOR('',#11518,1.);
#11518 = DIRECTION('',(1.,0.));
#11519 = ( GEOMETRIC_REPRESENTATION_CONTEXT(2) 
PARAMETRIC_REPRESENTATION_CONTEXT() REPRESENTATION_CONTEXT('2D SPACE',''
  ) );
#11520 = ORIENTED_EDGE('',*,*,#11521,.F.);
#11521 = EDGE_CURVE('',#11262,#11498,#11522,.T.);
#11522 = SURFACE_CURVE('',#11523,(#11527,#11534),.PCURVE_S1.);
#11523 = LINE('',#11524,#11525);
#11524 = CARTESIAN_POINT('',(1.39E+03,-437.5,433.5));
#11525 = VECTOR('',#11526,1.);
#11526 = DIRECTION('',(0.,1.,0.));
#11527 = PCURVE('',#11049,#11528);
#11528 = DEFINITIONAL_REPRESENTATION('',(#11529),#11533);
#11529 = LINE('',#11530,#11531);
#11530 = CARTESIAN_POINT('',(-0.,0.));
#11531 = VECTOR('',#11532,1.);
#11532 = DIRECTION('',(-0.,1.));
#11533 = ( GEOMETRIC_REPRESENTATION_CONTEXT(2) 
PARAMETRIC_REPRESENTATION_CONTEXT() REPRESENTATION_CONTEXT('2D SPACE',''
  ) );
#11534 = PCURVE('',#11277,#11535);
#11535 = DEFINITIONAL_REPRESENTATION('',(#11536),#11540);
#11536 = LINE('',#11537,#11538);
#11537 = CARTESIAN_POINT('',(115.,0.));
#11538 = VECTOR('',#11539,1.);
#11539 = DIRECTION('',(0.,-1.));
#11540 = ( GEOMETRIC_REPRESENTATION_CONTEXT(2) 
PARAMETRIC_REPRESENTATION_CONTEXT() REPRESENTATION_CONTEXT('2D SPACE',''
  ) );
#11541 = ADVANCED_FACE('',(#11542),#11157,.T.);
#11542 = FACE_BOUND('',#11543,.T.);
#11543 = EDGE_LOOP('',(#11544,#11565,#11587,#11588));
#11544 = ORIENTED_EDGE('',*,*,#11545,.F.);
#11545 = EDGE_CURVE('',#11394,#11498,#11546,.T.);
#11546 = SURFACE_CURVE('',#11547,(#11551,#11558),.PCURVE_S1.);
#11547 = LINE('',#11548,#11549);
#11548 = CARTESIAN_POINT('',(1.39E+03,-352.5,318.5));
#11549 = VECTOR('',#11550,1.);
#11550 = DIRECTION('',(0.,0.,1.));
#11551 = PCURVE('',#11157,#11552);
#11552 = DEFINITIONAL_REPRESENTATION('',(#11553),#11557);
#11553 = LINE('',#11554,#11555);
#11554 = CARTESIAN_POINT('',(0.,0.));
#11555 = VECTOR('',#11556,1.);
#11556 = DIRECTION('',(0.,1.));
#11557 = ( GEOMETRIC_REPRESENTATION_CONTEXT(2) 
PARAMETRIC_REPRESENTATION_CONTEXT() REPRESENTATION_CONTEXT('2D SPACE',''
  ) );
#11558 = PCURVE('',#11277,#11559);
#11559 = DEFINITIONAL_REPRESENTATION('',(#11560),#11564);
#11560 = LINE('',#11561,#11562);
#11561 = CARTESIAN_POINT('',(0.,-85.));
#11562 = VECTOR('',#11563,1.);
#11563 = DIRECTION('',(1.,0.));
#11564 = ( GEOMETRIC_REPRESENTATION_CONTEXT(2) 
PARAMETRIC_REPRESENTATION_CONTEXT() REPRESENTATION_CONTEXT('2D SPACE',''
  ) );
#11565 = ORIENTED_EDGE('',*,*,#11566,.T.);
#11566 = EDGE_CURVE('',#11394,#11142,#11567,.T.);
#11567 = SURFACE_CURVE('',#11568,(#11573,#11580),.PCURVE_S1.);
#11568 = CIRCLE('',#11569,60.);
#11569 = AXIS2_PLACEMENT_3D('',#11570,#11571,#11572);
#11570 = CARTESIAN_POINT('',(1.33E+03,-352.5,378.5));
#11571 = DIRECTION('',(0.,0.,1.));
#11572 = DIRECTION('',(1.,0.,-0.));
#11573 = PCURVE('',#11157,#11574);
#11574 = DEFINITIONAL_REPRESENTATION('',(#11575),#11579);
#11575 = LINE('',#11576,#11577);
#11576 = CARTESIAN_POINT('',(0.,60.));
#11577 = VECTOR('',#11578,1.);
#11578 = DIRECTION('',(1.,0.));
#11579 = ( GEOMETRIC_REPRESENTATION_CONTEXT(2) 
PARAMETRIC_REPRESENTATION_CONTEXT() REPRESENTATION_CONTEXT('2D SPACE',''
  ) );
#11580 = PCURVE('',#11354,#11581);
#11581 = DEFINITIONAL_REPRESENTATION('',(#11582),#11586);
#11582 = LINE('',#11583,#11584);
#11583 = CARTESIAN_POINT('',(0.,0.));
#11584 = VECTOR('',#11585,1.);
#11585 = DIRECTION('',(1.,0.));
#11586 = ( GEOMETRIC_REPRESENTATION_CONTEXT(2) 
PARAMETRIC_REPRESENTATION_CONTEXT() REPRESENTATION_CONTEXT('2D SPACE',''
  ) );
#11587 = ORIENTED_EDGE('',*,*,#11141,.T.);
#11588 = ORIENTED_EDGE('',*,*,#11589,.T.);
#11589 = EDGE_CURVE('',#11119,#11498,#11590,.T.);
#11590 = SURFACE_CURVE('',#11591,(#11596,#11603),.PCURVE_S1.);
#11591 = CIRCLE('',#11592,60.);
#11592 = AXIS2_PLACEMENT_3D('',#11593,#11594,#11595);
#11593 = CARTESIAN_POINT('',(1.33E+03,-352.5,433.5));
#11594 = DIRECTION('',(0.,0.,-1.));
#11595 = DIRECTION('',(1.,0.,0.));
#11596 = PCURVE('',#11157,#11597);
#11597 = DEFINITIONAL_REPRESENTATION('',(#11598),#11602);
#11598 = LINE('',#11599,#11600);
#11599 = CARTESIAN_POINT('',(6.28318530718,115.));
#11600 = VECTOR('',#11601,1.);
#11601 = DIRECTION('',(-1.,-0.));
#11602 = ( GEOMETRIC_REPRESENTATION_CONTEXT(2) 
PARAMETRIC_REPRESENTATION_CONTEXT() REPRESENTATION_CONTEXT('2D SPACE',''
  ) );
#11603 = PCURVE('',#11458,#11604);
#11604 = DEFINITIONAL_REPRESENTATION('',(#11605),#11609);
#11605 = LINE('',#11606,#11607);
#11606 = CARTESIAN_POINT('',(0.,-6.28318530718));
#11607 = VECTOR('',#11608,1.);
#11608 = DIRECTION('',(0.,1.));
#11609 = ( GEOMETRIC_REPRESENTATION_CONTEXT(2) 
PARAMETRIC_REPRESENTATION_CONTEXT() REPRESENTATION_CONTEXT('2D SPACE',''
  ) );
#11610 = ADVANCED_FACE('',(#11611),#11210,.T.);
#11611 = FACE_BOUND('',#11612,.F.);
#11612 = EDGE_LOOP('',(#11613,#11614,#11615));
#11613 = ORIENTED_EDGE('',*,*,#11370,.F.);
#11614 = ORIENTED_EDGE('',*,*,#11195,.T.);
#11615 = ORIENTED_EDGE('',*,*,#11289,.F.);
#11616 = ADVANCED_FACE('',(#11617),#11243,.T.);
#11617 = FACE_BOUND('',#11618,.T.);
#11618 = EDGE_LOOP('',(#11619,#11620,#11621));
#11619 = ORIENTED_EDGE('',*,*,#11474,.F.);
#11620 = ORIENTED_EDGE('',*,*,#11228,.T.);
#11621 = ORIENTED_EDGE('',*,*,#11312,.F.);
#11622 = ADVANCED_FACE('',(#11623),#11277,.T.);
#11623 = FACE_BOUND('',#11624,.T.);
#11624 = EDGE_LOOP('',(#11625,#11626,#11627,#11628));
#11625 = ORIENTED_EDGE('',*,*,#11259,.F.);
#11626 = ORIENTED_EDGE('',*,*,#11417,.T.);
#11627 = ORIENTED_EDGE('',*,*,#11545,.T.);
#11628 = ORIENTED_EDGE('',*,*,#11521,.F.);
#11629 = ADVANCED_FACE('',(#11630),#11354,.T.);
#11630 = FACE_BOUND('',#11631,.T.);
#11631 = EDGE_LOOP('',(#11632,#11633,#11634));
#11632 = ORIENTED_EDGE('',*,*,#11393,.F.);
#11633 = ORIENTED_EDGE('',*,*,#11339,.T.);
#11634 = ORIENTED_EDGE('',*,*,#11566,.F.);
#11635 = ADVANCED_FACE('',(#11636),#11458,.T.);
#11636 = FACE_BOUND('',#11637,.T.);
#11637 = EDGE_LOOP('',(#11638,#11639,#11640));
#11638 = ORIENTED_EDGE('',*,*,#11589,.F.);
#11639 = ORIENTED_EDGE('',*,*,#11443,.T.);
#11640 = ORIENTED_EDGE('',*,*,#11497,.F.);
#11641 = ( GEOMETRIC_REPRESENTATION_CONTEXT(3) 
GLOBAL_UNCERTAINTY_ASSIGNED_CONTEXT((#11645)) 
GLOBAL_UNIT_ASSIGNED_CONTEXT((#11642,#11643,#11644)) 
REPRESENTATION_CONTEXT('Context #1',
  '3D Context with UNIT and UNCERTAINTY') );
#11642 = ( LENGTH_UNIT() NAMED_UNIT(*) SI_UNIT(.MILLI.,.METRE.) );
#11643 = ( NAMED_UNIT(*) PLANE_ANGLE_UNIT() SI_UNIT($,.RADIAN.) );
#11644 = ( NAMED_UNIT(*) SI_UNIT($,.STERADIAN.) SOLID_ANGLE_UNIT() );
#11645 = UNCERTAINTY_MEASURE_WITH_UNIT(LENGTH_MEASURE(1.E-07),#11642,
  'distance_accuracy_value','confusion accuracy');
#11646 = CONTEXT_DEPENDENT_SHAPE_REPRESENTATION(#11647,#11649);
#11647 = ( REPRESENTATION_RELATIONSHIP('','',#10302,#10) 
REPRESENTATION_RELATIONSHIP_WITH_TRANSFORMATION(#11648) 
SHAPE_REPRESENTATION_RELATIONSHIP() );
#11648 = ITEM_DEFINED_TRANSFORMATION('','',#11,#159);
#11649 = PRODUCT_DEFINITION_SHAPE('Placement','Placement of an item',
  #11650);
#11650 = NEXT_ASSEMBLY_USAGE_OCCURRENCE('79','ARM_BAG_-365','',#5,#10297
  ,$);
#11651 = PRODUCT_RELATED_PRODUCT_CATEGORY('part',$,(#10299));
#11652 = SHAPE_DEFINITION_REPRESENTATION(#11653,#11659);
#11653 = PRODUCT_DEFINITION_SHAPE('','',#11654);
#11654 = PRODUCT_DEFINITION('design','',#11655,#11658);
#11655 = PRODUCT_DEFINITION_FORMATION('','',#11656);
#11656 = PRODUCT('ARM_BAG_365','ARM_BAG_365','',(#11657));
#11657 = PRODUCT_CONTEXT('',#2,'mechanical');
#11658 = PRODUCT_DEFINITION_CONTEXT('part definition',#2,'design');
#11659 = ADVANCED_BREP_SHAPE_REPRESENTATION('',(#11,#11660),#12998);
#11660 = MANIFOLD_SOLID_BREP('',#11661);
#11661 = CLOSED_SHELL('',(#11662,#11782,#11870,#11953,#12036,#12114,
    #12146,#12178,#12254,#12335,#12362,#12443,#12470,#12546,#12579,
    #12612,#12690,#12723,#12794,#12827,#12898,#12967,#12973,#12979,
    #12986,#12992));
#11662 = ADVANCED_FACE('',(#11663),#11677,.F.);
#11663 = FACE_BOUND('',#11664,.F.);
#11664 = EDGE_LOOP('',(#11665,#11700,#11728,#11756));
#11665 = ORIENTED_EDGE('',*,*,#11666,.F.);
#11666 = EDGE_CURVE('',#11667,#11669,#11671,.T.);
#11667 = VERTEX_POINT('',#11668);
#11668 = CARTESIAN_POINT('',(940.,352.5,378.5));
#11669 = VERTEX_POINT('',#11670);
#11670 = CARTESIAN_POINT('',(940.,352.5,433.5));
#11671 = SURFACE_CURVE('',#11672,(#11676,#11688),.PCURVE_S1.);
#11672 = LINE('',#11673,#11674);
#11673 = CARTESIAN_POINT('',(940.,352.5,318.5));
#11674 = VECTOR('',#11675,1.);
#11675 = DIRECTION('',(0.,0.,1.));
#11676 = PCURVE('',#11677,#11682);
#11677 = PLANE('',#11678);
#11678 = AXIS2_PLACEMENT_3D('',#11679,#11680,#11681);
#11679 = CARTESIAN_POINT('',(940.,292.5,318.5));
#11680 = DIRECTION('',(1.,0.,0.));
#11681 = DIRECTION('',(0.,0.,1.));
#11682 = DEFINITIONAL_REPRESENTATION('',(#11683),#11687);
#11683 = LINE('',#11684,#11685);
#11684 = CARTESIAN_POINT('',(0.,-60.));
#11685 = VECTOR('',#11686,1.);
#11686 = DIRECTION('',(1.,0.));
#11687 = ( GEOMETRIC_REPRESENTATION_CONTEXT(2) 
PARAMETRIC_REPRESENTATION_CONTEXT() REPRESENTATION_CONTEXT('2D SPACE',''
  ) );
#11688 = PCURVE('',#11689,#11694);
#11689 = CYLINDRICAL_SURFACE('',#11690,60.);
#11690 = AXIS2_PLACEMENT_3D('',#11691,#11692,#11693);
#11691 = CARTESIAN_POINT('',(1.E+03,352.5,318.5));
#11692 = DIRECTION('',(0.,0.,1.));
#11693 = DIRECTION('',(-1.,-0.,0.));
#11694 = DEFINITIONAL_REPRESENTATION('',(#11695),#11699);
#11695 = LINE('',#11696,#11697);
#11696 = CARTESIAN_POINT('',(0.,0.));
#11697 = VECTOR('',#11698,1.);
#11698 = DIRECTION('',(0.,1.));
#11699 = ( GEOMETRIC_REPRESENTATION_CONTEXT(2) 
PARAMETRIC_REPRESENTATION_CONTEXT() REPRESENTATION_CONTEXT('2D SPACE',''
  ) );
#11700 = ORIENTED_EDGE('',*,*,#11701,.T.);
#11701 = EDGE_CURVE('',#11667,#11702,#11704,.T.);
#11702 = VERTEX_POINT('',#11703);
#11703 = CARTESIAN_POINT('',(940.,377.5,378.5));
#11704 = SURFACE_CURVE('',#11705,(#11709,#11716),.PCURVE_S1.);
#11705 = LINE('',#11706,#11707);
#11706 = CARTESIAN_POINT('',(940.,292.5,378.5));
#11707 = VECTOR('',#11708,1.);
#11708 = DIRECTION('',(0.,1.,0.));
#11709 = PCURVE('',#11677,#11710);
#11710 = DEFINITIONAL_REPRESENTATION('',(#11711),#11715);
#11711 = LINE('',#11712,#11713);
#11712 = CARTESIAN_POINT('',(60.,0.));
#11713 = VECTOR('',#11714,1.);
#11714 = DIRECTION('',(0.,-1.));
#11715 = ( GEOMETRIC_REPRESENTATION_CONTEXT(2) 
PARAMETRIC_REPRESENTATION_CONTEXT() REPRESENTATION_CONTEXT('2D SPACE',''
  ) );
#11716 = PCURVE('',#11717,#11722);
#11717 = CYLINDRICAL_SURFACE('',#11718,60.);
#11718 = AXIS2_PLACEMENT_3D('',#11719,#11720,#11721);
#11719 = CARTESIAN_POINT('',(1.E+03,292.5,378.5));
#11720 = DIRECTION('',(0.,1.,0.));
#11721 = DIRECTION('',(-1.,0.,0.));
#11722 = DEFINITIONAL_REPRESENTATION('',(#11723),#11727);
#11723 = LINE('',#11724,#11725);
#11724 = CARTESIAN_POINT('',(-0.,0.));
#11725 = VECTOR('',#11726,1.);
#11726 = DIRECTION('',(-0.,1.));
#11727 = ( GEOMETRIC_REPRESENTATION_CONTEXT(2) 
PARAMETRIC_REPRESENTATION_CONTEXT() REPRESENTATION_CONTEXT('2D SPACE',''
  ) );
#11728 = ORIENTED_EDGE('',*,*,#11729,.T.);
#11729 = EDGE_CURVE('',#11702,#11730,#11732,.T.);
#11730 = VERTEX_POINT('',#11731);
#11731 = CARTESIAN_POINT('',(940.,377.5,433.5));
#11732 = SURFACE_CURVE('',#11733,(#11737,#11744),.PCURVE_S1.);
#11733 = LINE('',#11734,#11735);
#11734 = CARTESIAN_POINT('',(940.,377.5,318.5));
#11735 = VECTOR('',#11736,1.);
#11736 = DIRECTION('',(0.,0.,1.));
#11737 = PCURVE('',#11677,#11738);
#11738 = DEFINITIONAL_REPRESENTATION('',(#11739),#11743);
#11739 = LINE('',#11740,#11741);
#11740 = CARTESIAN_POINT('',(0.,-85.));
#11741 = VECTOR('',#11742,1.);
#11742 = DIRECTION('',(1.,0.));
#11743 = ( GEOMETRIC_REPRESENTATION_CONTEXT(2) 
PARAMETRIC_REPRESENTATION_CONTEXT() REPRESENTATION_CONTEXT('2D SPACE',''
  ) );
#11744 = PCURVE('',#11745,#11750);
#11745 = CYLINDRICAL_SURFACE('',#11746,60.);
#11746 = AXIS2_PLACEMENT_3D('',#11747,#11748,#11749);
#11747 = CARTESIAN_POINT('',(1.E+03,377.5,318.5));
#11748 = DIRECTION('',(0.,0.,1.));
#11749 = DIRECTION('',(-1.,-0.,0.));
#11750 = DEFINITIONAL_REPRESENTATION('',(#11751),#11755);
#11751 = LINE('',#11752,#11753);
#11752 = CARTESIAN_POINT('',(-0.,0.));
#11753 = VECTOR('',#11754,1.);
#11754 = DIRECTION('',(-0.,1.));
#11755 = ( GEOMETRIC_REPRESENTATION_CONTEXT(2) 
PARAMETRIC_REPRESENTATION_CONTEXT() REPRESENTATION_CONTEXT('2D SPACE',''
  ) );
#11756 = ORIENTED_EDGE('',*,*,#11757,.F.);
#11757 = EDGE_CURVE('',#11669,#11730,#11758,.T.);
#11758 = SURFACE_CURVE('',#11759,(#11763,#11770),.PCURVE_S1.);
#11759 = LINE('',#11760,#11761);
#11760 = CARTESIAN_POINT('',(940.,292.5,433.5));
#11761 = VECTOR('',#11762,1.);
#11762 = DIRECTION('',(0.,1.,0.));
#11763 = PCURVE('',#11677,#11764);
#11764 = DEFINITIONAL_REPRESENTATION('',(#11765),#11769);
#11765 = LINE('',#11766,#11767);
#11766 = CARTESIAN_POINT('',(115.,0.));
#11767 = VECTOR('',#11768,1.);
#11768 = DIRECTION('',(0.,-1.));
#11769 = ( GEOMETRIC_REPRESENTATION_CONTEXT(2) 
PARAMETRIC_REPRESENTATION_CONTEXT() REPRESENTATION_CONTEXT('2D SPACE',''
  ) );
#11770 = PCURVE('',#11771,#11776);
#11771 = CYLINDRICAL_SURFACE('',#11772,60.);
#11772 = AXIS2_PLACEMENT_3D('',#11773,#11774,#11775);
#11773 = CARTESIAN_POINT('',(1.E+03,292.5,433.5));
#11774 = DIRECTION('',(0.,1.,0.));
#11775 = DIRECTION('',(-1.,0.,0.));
#11776 = DEFINITIONAL_REPRESENTATION('',(#11777),#11781);
#11777 = LINE('',#11778,#11779);
#11778 = CARTESIAN_POINT('',(0.,0.));
#11779 = VECTOR('',#11780,1.);
#11780 = DIRECTION('',(0.,1.));
#11781 = ( GEOMETRIC_REPRESENTATION_CONTEXT(2) 
PARAMETRIC_REPRESENTATION_CONTEXT() REPRESENTATION_CONTEXT('2D SPACE',''
  ) );
#11782 = ADVANCED_FACE('',(#11783),#11689,.T.);
#11783 = FACE_BOUND('',#11784,.T.);
#11784 = EDGE_LOOP('',(#11785,#11786,#11815,#11843));
#11785 = ORIENTED_EDGE('',*,*,#11666,.F.);
#11786 = ORIENTED_EDGE('',*,*,#11787,.T.);
#11787 = EDGE_CURVE('',#11667,#11788,#11790,.T.);
#11788 = VERTEX_POINT('',#11789);
#11789 = CARTESIAN_POINT('',(1.E+03,292.5,378.5));
#11790 = SURFACE_CURVE('',#11791,(#11796,#11803),.PCURVE_S1.);
#11791 = CIRCLE('',#11792,60.);
#11792 = AXIS2_PLACEMENT_3D('',#11793,#11794,#11795);
#11793 = CARTESIAN_POINT('',(1.E+03,352.5,378.5));
#11794 = DIRECTION('',(0.,0.,1.));
#11795 = DIRECTION('',(-1.,0.,0.));
#11796 = PCURVE('',#11689,#11797);
#11797 = DEFINITIONAL_REPRESENTATION('',(#11798),#11802);
#11798 = LINE('',#11799,#11800);
#11799 = CARTESIAN_POINT('',(0.,60.));
#11800 = VECTOR('',#11801,1.);
#11801 = DIRECTION('',(1.,0.));
#11802 = ( GEOMETRIC_REPRESENTATION_CONTEXT(2) 
PARAMETRIC_REPRESENTATION_CONTEXT() REPRESENTATION_CONTEXT('2D SPACE',''
  ) );
#11803 = PCURVE('',#11804,#11809);
#11804 = SPHERICAL_SURFACE('',#11805,60.);
#11805 = AXIS2_PLACEMENT_3D('',#11806,#11807,#11808);
#11806 = CARTESIAN_POINT('',(1.E+03,352.5,378.5));
#11807 = DIRECTION('',(0.,0.,1.));
#11808 = DIRECTION('',(-1.,0.,0.));
#11809 = DEFINITIONAL_REPRESENTATION('',(#11810),#11814);
#11810 = LINE('',#11811,#11812);
#11811 = CARTESIAN_POINT('',(0.,0.));
#11812 = VECTOR('',#11813,1.);
#11813 = DIRECTION('',(1.,0.));
#11814 = ( GEOMETRIC_REPRESENTATION_CONTEXT(2) 
PARAMETRIC_REPRESENTATION_CONTEXT() REPRESENTATION_CONTEXT('2D SPACE',''
  ) );
#11815 = ORIENTED_EDGE('',*,*,#11816,.T.);
#11816 = EDGE_CURVE('',#11788,#11817,#11819,.T.);
#11817 = VERTEX_POINT('',#11818);
#11818 = CARTESIAN_POINT('',(1.E+03,292.5,433.5));
#11819 = SURFACE_CURVE('',#11820,(#11824,#11831),.PCURVE_S1.);
#11820 = LINE('',#11821,#11822);
#11821 = CARTESIAN_POINT('',(1.E+03,292.5,318.5));
#11822 = VECTOR('',#11823,1.);
#11823 = DIRECTION('',(0.,0.,1.));
#11824 = PCURVE('',#11689,#11825);
#11825 = DEFINITIONAL_REPRESENTATION('',(#11826),#11830);
#11826 = LINE('',#11827,#11828);
#11827 = CARTESIAN_POINT('',(1.570796326795,0.));
#11828 = VECTOR('',#11829,1.);
#11829 = DIRECTION('',(0.,1.));
#11830 = ( GEOMETRIC_REPRESENTATION_CONTEXT(2) 
PARAMETRIC_REPRESENTATION_CONTEXT() REPRESENTATION_CONTEXT('2D SPACE',''
  ) );
#11831 = PCURVE('',#11832,#11837);
#11832 = PLANE('',#11833);
#11833 = AXIS2_PLACEMENT_3D('',#11834,#11835,#11836);
#11834 = CARTESIAN_POINT('',(940.,292.5,318.5));
#11835 = DIRECTION('',(0.,1.,0.));
#11836 = DIRECTION('',(0.,0.,1.));
#11837 = DEFINITIONAL_REPRESENTATION('',(#11838),#11842);
#11838 = LINE('',#11839,#11840);
#11839 = CARTESIAN_POINT('',(0.,60.));
#11840 = VECTOR('',#11841,1.);
#11841 = DIRECTION('',(1.,0.));
#11842 = ( GEOMETRIC_REPRESENTATION_CONTEXT(2) 
PARAMETRIC_REPRESENTATION_CONTEXT() REPRESENTATION_CONTEXT('2D SPACE',''
  ) );
#11843 = ORIENTED_EDGE('',*,*,#11844,.F.);
#11844 = EDGE_CURVE('',#11669,#11817,#11845,.T.);
#11845 = SURFACE_CURVE('',#11846,(#11851,#11858),.PCURVE_S1.);
#11846 = CIRCLE('',#11847,60.);
#11847 = AXIS2_PLACEMENT_3D('',#11848,#11849,#11850);
#11848 = CARTESIAN_POINT('',(1.E+03,352.5,433.5));
#11849 = DIRECTION('',(0.,0.,1.));
#11850 = DIRECTION('',(-1.,0.,0.));
#11851 = PCURVE('',#11689,#11852);
#11852 = DEFINITIONAL_REPRESENTATION('',(#11853),#11857);
#11853 = LINE('',#11854,#11855);
#11854 = CARTESIAN_POINT('',(0.,115.));
#11855 = VECTOR('',#11856,1.);
#11856 = DIRECTION('',(1.,0.));
#11857 = ( GEOMETRIC_REPRESENTATION_CONTEXT(2) 
PARAMETRIC_REPRESENTATION_CONTEXT() REPRESENTATION_CONTEXT('2D SPACE',''
  ) );
#11858 = PCURVE('',#11859,#11864);
#11859 = SPHERICAL_SURFACE('',#11860,60.);
#11860 = AXIS2_PLACEMENT_3D('',#11861,#11862,#11863);
#11861 = CARTESIAN_POINT('',(1.E+03,352.5,433.5));
#11862 = DIRECTION('',(-0.,-0.,-1.));
#11863 = DIRECTION('',(-1.,0.,0.));
#11864 = DEFINITIONAL_REPRESENTATION('',(#11865),#11869);
#11865 = LINE('',#11866,#11867);
#11866 = CARTESIAN_POINT('',(-0.,0.));
#11867 = VECTOR('',#11868,1.);
#11868 = DIRECTION('',(-1.,0.));
#11869 = ( GEOMETRIC_REPRESENTATION_CONTEXT(2) 
PARAMETRIC_REPRESENTATION_CONTEXT() REPRESENTATION_CONTEXT('2D SPACE',''
  ) );
#11870 = ADVANCED_FACE('',(#11871),#11717,.T.);
#11871 = FACE_BOUND('',#11872,.F.);
#11872 = EDGE_LOOP('',(#11873,#11897,#11925,#11952));
#11873 = ORIENTED_EDGE('',*,*,#11874,.F.);
#11874 = EDGE_CURVE('',#11875,#11667,#11877,.T.);
#11875 = VERTEX_POINT('',#11876);
#11876 = CARTESIAN_POINT('',(1.E+03,352.5,318.5));
#11877 = SURFACE_CURVE('',#11878,(#11883,#11890),.PCURVE_S1.);
#11878 = CIRCLE('',#11879,60.);
#11879 = AXIS2_PLACEMENT_3D('',#11880,#11881,#11882);
#11880 = CARTESIAN_POINT('',(1.E+03,352.5,378.5));
#11881 = DIRECTION('',(0.,1.,-0.));
#11882 = DIRECTION('',(-1.,0.,0.));
#11883 = PCURVE('',#11717,#11884);
#11884 = DEFINITIONAL_REPRESENTATION('',(#11885),#11889);
#11885 = LINE('',#11886,#11887);
#11886 = CARTESIAN_POINT('',(-6.28318530718,60.));
#11887 = VECTOR('',#11888,1.);
#11888 = DIRECTION('',(1.,-0.));
#11889 = ( GEOMETRIC_REPRESENTATION_CONTEXT(2) 
PARAMETRIC_REPRESENTATION_CONTEXT() REPRESENTATION_CONTEXT('2D SPACE',''
  ) );
#11890 = PCURVE('',#11804,#11891);
#11891 = DEFINITIONAL_REPRESENTATION('',(#11892),#11896);
#11892 = LINE('',#11893,#11894);
#11893 = CARTESIAN_POINT('',(0.,-6.28318530718));
#11894 = VECTOR('',#11895,1.);
#11895 = DIRECTION('',(0.,1.));
#11896 = ( GEOMETRIC_REPRESENTATION_CONTEXT(2) 
PARAMETRIC_REPRESENTATION_CONTEXT() REPRESENTATION_CONTEXT('2D SPACE',''
  ) );
#11897 = ORIENTED_EDGE('',*,*,#11898,.T.);
#11898 = EDGE_CURVE('',#11875,#11899,#11901,.T.);
#11899 = VERTEX_POINT('',#11900);
#11900 = CARTESIAN_POINT('',(1.E+03,377.5,318.5));
#11901 = SURFACE_CURVE('',#11902,(#11906,#11913),.PCURVE_S1.);
#11902 = LINE('',#11903,#11904);
#11903 = CARTESIAN_POINT('',(1.E+03,292.5,318.5));
#11904 = VECTOR('',#11905,1.);
#11905 = DIRECTION('',(0.,1.,0.));
#11906 = PCURVE('',#11717,#11907);
#11907 = DEFINITIONAL_REPRESENTATION('',(#11908),#11912);
#11908 = LINE('',#11909,#11910);
#11909 = CARTESIAN_POINT('',(-1.570796326795,0.));
#11910 = VECTOR('',#11911,1.);
#11911 = DIRECTION('',(-0.,1.));
#11912 = ( GEOMETRIC_REPRESENTATION_CONTEXT(2) 
PARAMETRIC_REPRESENTATION_CONTEXT() REPRESENTATION_CONTEXT('2D SPACE',''
  ) );
#11913 = PCURVE('',#11914,#11919);
#11914 = PLANE('',#11915);
#11915 = AXIS2_PLACEMENT_3D('',#11916,#11917,#11918);
#11916 = CARTESIAN_POINT('',(940.,292.5,318.5));
#11917 = DIRECTION('',(0.,0.,1.));
#11918 = DIRECTION('',(1.,0.,0.));
#11919 = DEFINITIONAL_REPRESENTATION('',(#11920),#11924);
#11920 = LINE('',#11921,#11922);
#11921 = CARTESIAN_POINT('',(60.,0.));
#11922 = VECTOR('',#11923,1.);
#11923 = DIRECTION('',(0.,1.));
#11924 = ( GEOMETRIC_REPRESENTATION_CONTEXT(2) 
PARAMETRIC_REPRESENTATION_CONTEXT() REPRESENTATION_CONTEXT('2D SPACE',''
  ) );
#11925 = ORIENTED_EDGE('',*,*,#11926,.T.);
#11926 = EDGE_CURVE('',#11899,#11702,#11927,.T.);
#11927 = SURFACE_CURVE('',#11928,(#11933,#11940),.PCURVE_S1.);
#11928 = CIRCLE('',#11929,60.);
#11929 = AXIS2_PLACEMENT_3D('',#11930,#11931,#11932);
#11930 = CARTESIAN_POINT('',(1.E+03,377.5,378.5));
#11931 = DIRECTION('',(0.,1.,-0.));
#11932 = DIRECTION('',(-1.,0.,0.));
#11933 = PCURVE('',#11717,#11934);
#11934 = DEFINITIONAL_REPRESENTATION('',(#11935),#11939);
#11935 = LINE('',#11936,#11937);
#11936 = CARTESIAN_POINT('',(-6.28318530718,85.));
#11937 = VECTOR('',#11938,1.);
#11938 = DIRECTION('',(1.,-0.));
#11939 = ( GEOMETRIC_REPRESENTATION_CONTEXT(2) 
PARAMETRIC_REPRESENTATION_CONTEXT() REPRESENTATION_CONTEXT('2D SPACE',''
  ) );
#11940 = PCURVE('',#11941,#11946);
#11941 = SPHERICAL_SURFACE('',#11942,60.);
#11942 = AXIS2_PLACEMENT_3D('',#11943,#11944,#11945);
#11943 = CARTESIAN_POINT('',(1.E+03,377.5,378.5));
#11944 = DIRECTION('',(0.,0.,1.));
#11945 = DIRECTION('',(-1.,0.,0.));
#11946 = DEFINITIONAL_REPRESENTATION('',(#11947),#11951);
#11947 = LINE('',#11948,#11949);
#11948 = CARTESIAN_POINT('',(-0.,-6.28318530718));
#11949 = VECTOR('',#11950,1.);
#11950 = DIRECTION('',(-0.,1.));
#11951 = ( GEOMETRIC_REPRESENTATION_CONTEXT(2) 
PARAMETRIC_REPRESENTATION_CONTEXT() REPRESENTATION_CONTEXT('2D SPACE',''
  ) );
#11952 = ORIENTED_EDGE('',*,*,#11701,.F.);
#11953 = ADVANCED_FACE('',(#11954),#11771,.T.);
#11954 = FACE_BOUND('',#11955,.T.);
#11955 = EDGE_LOOP('',(#11956,#11980,#12008,#12035));
#11956 = ORIENTED_EDGE('',*,*,#11957,.F.);
#11957 = EDGE_CURVE('',#11958,#11669,#11960,.T.);
#11958 = VERTEX_POINT('',#11959);
#11959 = CARTESIAN_POINT('',(1.E+03,352.5,493.5));
#11960 = SURFACE_CURVE('',#11961,(#11966,#11973),.PCURVE_S1.);
#11961 = CIRCLE('',#11962,60.);
#11962 = AXIS2_PLACEMENT_3D('',#11963,#11964,#11965);
#11963 = CARTESIAN_POINT('',(1.E+03,352.5,433.5));
#11964 = DIRECTION('',(0.,-1.,0.));
#11965 = DIRECTION('',(-1.,0.,0.));
#11966 = PCURVE('',#11771,#11967);
#11967 = DEFINITIONAL_REPRESENTATION('',(#11968),#11972);
#11968 = LINE('',#11969,#11970);
#11969 = CARTESIAN_POINT('',(6.28318530718,60.));
#11970 = VECTOR('',#11971,1.);
#11971 = DIRECTION('',(-1.,-0.));
#11972 = ( GEOMETRIC_REPRESENTATION_CONTEXT(2) 
PARAMETRIC_REPRESENTATION_CONTEXT() REPRESENTATION_CONTEXT('2D SPACE',''
  ) );
#11973 = PCURVE('',#11859,#11974);
#11974 = DEFINITIONAL_REPRESENTATION('',(#11975),#11979);
#11975 = LINE('',#11976,#11977);
#11976 = CARTESIAN_POINT('',(-0.,-6.28318530718));
#11977 = VECTOR('',#11978,1.);
#11978 = DIRECTION('',(-0.,1.));
#11979 = ( GEOMETRIC_REPRESENTATION_CONTEXT(2) 
PARAMETRIC_REPRESENTATION_CONTEXT() REPRESENTATION_CONTEXT('2D SPACE',''
  ) );
#11980 = ORIENTED_EDGE('',*,*,#11981,.T.);
#11981 = EDGE_CURVE('',#11958,#11982,#11984,.T.);
#11982 = VERTEX_POINT('',#11983);
#11983 = CARTESIAN_POINT('',(1.E+03,377.5,493.5));
#11984 = SURFACE_CURVE('',#11985,(#11989,#11996),.PCURVE_S1.);
#11985 = LINE('',#11986,#11987);
#11986 = CARTESIAN_POINT('',(1.E+03,292.5,493.5));
#11987 = VECTOR('',#11988,1.);
#11988 = DIRECTION('',(0.,1.,0.));
#11989 = PCURVE('',#11771,#11990);
#11990 = DEFINITIONAL_REPRESENTATION('',(#11991),#11995);
#11991 = LINE('',#11992,#11993);
#11992 = CARTESIAN_POINT('',(1.570796326795,0.));
#11993 = VECTOR('',#11994,1.);
#11994 = DIRECTION('',(0.,1.));
#11995 = ( GEOMETRIC_REPRESENTATION_CONTEXT(2) 
PARAMETRIC_REPRESENTATION_CONTEXT() REPRESENTATION_CONTEXT('2D SPACE',''
  ) );
#11996 = PCURVE('',#11997,#12002);
#11997 = PLANE('',#11998);
#11998 = AXIS2_PLACEMENT_3D('',#11999,#12000,#12001);
#11999 = CARTESIAN_POINT('',(940.,292.5,493.5));
#12000 = DIRECTION('',(0.,0.,1.));
#12001 = DIRECTION('',(1.,0.,0.));
#12002 = DEFINITIONAL_REPRESENTATION('',(#12003),#12007);
#12003 = LINE('',#12004,#12005);
#12004 = CARTESIAN_POINT('',(60.,0.));
#12005 = VECTOR('',#12006,1.);
#12006 = DIRECTION('',(0.,1.));
#12007 = ( GEOMETRIC_REPRESENTATION_CONTEXT(2) 
PARAMETRIC_REPRESENTATION_CONTEXT() REPRESENTATION_CONTEXT('2D SPACE',''
  ) );
#12008 = ORIENTED_EDGE('',*,*,#12009,.F.);
#12009 = EDGE_CURVE('',#11730,#11982,#12010,.T.);
#12010 = SURFACE_CURVE('',#12011,(#12016,#12023),.PCURVE_S1.);
#12011 = CIRCLE('',#12012,60.);
#12012 = AXIS2_PLACEMENT_3D('',#12013,#12014,#12015);
#12013 = CARTESIAN_POINT('',(1.E+03,377.5,433.5));
#12014 = DIRECTION('',(0.,1.,0.));
#12015 = DIRECTION('',(-1.,0.,0.));
#12016 = PCURVE('',#11771,#12017);
#12017 = DEFINITIONAL_REPRESENTATION('',(#12018),#12022);
#12018 = LINE('',#12019,#12020);
#12019 = CARTESIAN_POINT('',(0.,85.));
#12020 = VECTOR('',#12021,1.);
#12021 = DIRECTION('',(1.,0.));
#12022 = ( GEOMETRIC_REPRESENTATION_CONTEXT(2) 
PARAMETRIC_REPRESENTATION_CONTEXT() REPRESENTATION_CONTEXT('2D SPACE',''
  ) );
#12023 = PCURVE('',#12024,#12029);
#12024 = SPHERICAL_SURFACE('',#12025,60.);
#12025 = AXIS2_PLACEMENT_3D('',#12026,#12027,#12028);
#12026 = CARTESIAN_POINT('',(1.E+03,377.5,433.5));
#12027 = DIRECTION('',(-0.,-1.,-0.));
#12028 = DIRECTION('',(-1.,0.,0.));
#12029 = DEFINITIONAL_REPRESENTATION('',(#12030),#12034);
#12030 = LINE('',#12031,#12032);
#12031 = CARTESIAN_POINT('',(-0.,0.));
#12032 = VECTOR('',#12033,1.);
#12033 = DIRECTION('',(-1.,0.));
#12034 = ( GEOMETRIC_REPRESENTATION_CONTEXT(2) 
PARAMETRIC_REPRESENTATION_CONTEXT() REPRESENTATION_CONTEXT('2D SPACE',''
  ) );
#12035 = ORIENTED_EDGE('',*,*,#11757,.F.);
#12036 = ADVANCED_FACE('',(#12037),#11745,.T.);
#12037 = FACE_BOUND('',#12038,.F.);
#12038 = EDGE_LOOP('',(#12039,#12040,#12064,#12092));
#12039 = ORIENTED_EDGE('',*,*,#11729,.F.);
#12040 = ORIENTED_EDGE('',*,*,#12041,.T.);
#12041 = EDGE_CURVE('',#11702,#12042,#12044,.T.);
#12042 = VERTEX_POINT('',#12043);
#12043 = CARTESIAN_POINT('',(1.E+03,437.5,378.5));
#12044 = SURFACE_CURVE('',#12045,(#12050,#12057),.PCURVE_S1.);
#12045 = CIRCLE('',#12046,60.);
#12046 = AXIS2_PLACEMENT_3D('',#12047,#12048,#12049);
#12047 = CARTESIAN_POINT('',(1.E+03,377.5,378.5));
#12048 = DIRECTION('',(-0.,0.,-1.));
#12049 = DIRECTION('',(-1.,0.,0.));
#12050 = PCURVE('',#11745,#12051);
#12051 = DEFINITIONAL_REPRESENTATION('',(#12052),#12056);
#12052 = LINE('',#12053,#12054);
#12053 = CARTESIAN_POINT('',(-0.,60.));
#12054 = VECTOR('',#12055,1.);
#12055 = DIRECTION('',(-1.,0.));
#12056 = ( GEOMETRIC_REPRESENTATION_CONTEXT(2) 
PARAMETRIC_REPRESENTATION_CONTEXT() REPRESENTATION_CONTEXT('2D SPACE',''
  ) );
#12057 = PCURVE('',#11941,#12058);
#12058 = DEFINITIONAL_REPRESENTATION('',(#12059),#12063);
#12059 = LINE('',#12060,#12061);
#12060 = CARTESIAN_POINT('',(-0.,0.));
#12061 = VECTOR('',#12062,1.);
#12062 = DIRECTION('',(-1.,0.));
#12063 = ( GEOMETRIC_REPRESENTATION_CONTEXT(2) 
PARAMETRIC_REPRESENTATION_CONTEXT() REPRESENTATION_CONTEXT('2D SPACE',''
  ) );
#12064 = ORIENTED_EDGE('',*,*,#12065,.T.);
#12065 = EDGE_CURVE('',#12042,#12066,#12068,.T.);
#12066 = VERTEX_POINT('',#12067);
#12067 = CARTESIAN_POINT('',(1.E+03,437.5,433.5));
#12068 = SURFACE_CURVE('',#12069,(#12073,#12080),.PCURVE_S1.);
#12069 = LINE('',#12070,#12071);
#12070 = CARTESIAN_POINT('',(1.E+03,437.5,318.5));
#12071 = VECTOR('',#12072,1.);
#12072 = DIRECTION('',(0.,0.,1.));
#12073 = PCURVE('',#11745,#12074);
#12074 = DEFINITIONAL_REPRESENTATION('',(#12075),#12079);
#12075 = LINE('',#12076,#12077);
#12076 = CARTESIAN_POINT('',(-1.570796326795,0.));
#12077 = VECTOR('',#12078,1.);
#12078 = DIRECTION('',(-0.,1.));
#12079 = ( GEOMETRIC_REPRESENTATION_CONTEXT(2) 
PARAMETRIC_REPRESENTATION_CONTEXT() REPRESENTATION_CONTEXT('2D SPACE',''
  ) );
#12080 = PCURVE('',#12081,#12086);
#12081 = PLANE('',#12082);
#12082 = AXIS2_PLACEMENT_3D('',#12083,#12084,#12085);
#12083 = CARTESIAN_POINT('',(940.,437.5,318.5));
#12084 = DIRECTION('',(0.,1.,0.));
#12085 = DIRECTION('',(0.,0.,1.));
#12086 = DEFINITIONAL_REPRESENTATION('',(#12087),#12091);
#12087 = LINE('',#12088,#12089);
#12088 = CARTESIAN_POINT('',(0.,60.));
#12089 = VECTOR('',#12090,1.);
#12090 = DIRECTION('',(1.,0.));
#12091 = ( GEOMETRIC_REPRESENTATION_CONTEXT(2) 
PARAMETRIC_REPRESENTATION_CONTEXT() REPRESENTATION_CONTEXT('2D SPACE',''
  ) );
#12092 = ORIENTED_EDGE('',*,*,#12093,.T.);
#12093 = EDGE_CURVE('',#12066,#11730,#12094,.T.);
#12094 = SURFACE_CURVE('',#12095,(#12100,#12107),.PCURVE_S1.);
#12095 = CIRCLE('',#12096,60.);
#12096 = AXIS2_PLACEMENT_3D('',#12097,#12098,#12099);
#12097 = CARTESIAN_POINT('',(1.E+03,377.5,433.5));
#12098 = DIRECTION('',(0.,0.,1.));
#12099 = DIRECTION('',(-1.,0.,0.));
#12100 = PCURVE('',#11745,#12101);
#12101 = DEFINITIONAL_REPRESENTATION('',(#12102),#12106);
#12102 = LINE('',#12103,#12104);
#12103 = CARTESIAN_POINT('',(-6.28318530718,115.));
#12104 = VECTOR('',#12105,1.);
#12105 = DIRECTION('',(1.,-0.));
#12106 = ( GEOMETRIC_REPRESENTATION_CONTEXT(2) 
PARAMETRIC_REPRESENTATION_CONTEXT() REPRESENTATION_CONTEXT('2D SPACE',''
  ) );
#12107 = PCURVE('',#12024,#12108);
#12108 = DEFINITIONAL_REPRESENTATION('',(#12109),#12113);
#12109 = LINE('',#12110,#12111);
#12110 = CARTESIAN_POINT('',(-0.,-6.28318530718));
#12111 = VECTOR('',#12112,1.);
#12112 = DIRECTION('',(-0.,1.));
#12113 = ( GEOMETRIC_REPRESENTATION_CONTEXT(2) 
PARAMETRIC_REPRESENTATION_CONTEXT() REPRESENTATION_CONTEXT('2D SPACE',''
  ) );
#12114 = ADVANCED_FACE('',(#12115),#11804,.T.);
#12115 = FACE_BOUND('',#12116,.T.);
#12116 = EDGE_LOOP('',(#12117,#12118,#12145));
#12117 = ORIENTED_EDGE('',*,*,#11874,.F.);
#12118 = ORIENTED_EDGE('',*,*,#12119,.T.);
#12119 = EDGE_CURVE('',#11875,#11788,#12120,.T.);
#12120 = SURFACE_CURVE('',#12121,(#12126,#12133),.PCURVE_S1.);
#12121 = CIRCLE('',#12122,60.);
#12122 = AXIS2_PLACEMENT_3D('',#12123,#12124,#12125);
#12123 = CARTESIAN_POINT('',(1.E+03,352.5,378.5));
#12124 = DIRECTION('',(-1.,6.123233995737E-17,0.));
#12125 = DIRECTION('',(-6.123233995737E-17,-1.,0.));
#12126 = PCURVE('',#11804,#12127);
#12127 = DEFINITIONAL_REPRESENTATION('',(#12128),#12132);
#12128 = LINE('',#12129,#12130);
#12129 = CARTESIAN_POINT('',(1.570796326795,-6.28318530718));
#12130 = VECTOR('',#12131,1.);
#12131 = DIRECTION('',(0.,1.));
#12132 = ( GEOMETRIC_REPRESENTATION_CONTEXT(2) 
PARAMETRIC_REPRESENTATION_CONTEXT() REPRESENTATION_CONTEXT('2D SPACE',''
  ) );
#12133 = PCURVE('',#12134,#12139);
#12134 = CYLINDRICAL_SURFACE('',#12135,60.);
#12135 = AXIS2_PLACEMENT_3D('',#12136,#12137,#12138);
#12136 = CARTESIAN_POINT('',(940.,352.5,378.5));
#12137 = DIRECTION('',(1.,0.,0.));
#12138 = DIRECTION('',(0.,-1.,0.));
#12139 = DEFINITIONAL_REPRESENTATION('',(#12140),#12144);
#12140 = LINE('',#12141,#12142);
#12141 = CARTESIAN_POINT('',(6.28318530718,60.));
#12142 = VECTOR('',#12143,1.);
#12143 = DIRECTION('',(-1.,-0.));
#12144 = ( GEOMETRIC_REPRESENTATION_CONTEXT(2) 
PARAMETRIC_REPRESENTATION_CONTEXT() REPRESENTATION_CONTEXT('2D SPACE',''
  ) );
#12145 = ORIENTED_EDGE('',*,*,#11787,.F.);
#12146 = ADVANCED_FACE('',(#12147),#11859,.T.);
#12147 = FACE_BOUND('',#12148,.F.);
#12148 = EDGE_LOOP('',(#12149,#12150,#12177));
#12149 = ORIENTED_EDGE('',*,*,#11957,.F.);
#12150 = ORIENTED_EDGE('',*,*,#12151,.T.);
#12151 = EDGE_CURVE('',#11958,#11817,#12152,.T.);
#12152 = SURFACE_CURVE('',#12153,(#12158,#12165),.PCURVE_S1.);
#12153 = CIRCLE('',#12154,60.);
#12154 = AXIS2_PLACEMENT_3D('',#12155,#12156,#12157);
#12155 = CARTESIAN_POINT('',(1.E+03,352.5,433.5));
#12156 = DIRECTION('',(1.,-6.123233995737E-17,0.));
#12157 = DIRECTION('',(-6.123233995737E-17,-1.,0.));
#12158 = PCURVE('',#11859,#12159);
#12159 = DEFINITIONAL_REPRESENTATION('',(#12160),#12164);
#12160 = LINE('',#12161,#12162);
#12161 = CARTESIAN_POINT('',(-1.570796326795,-6.28318530718));
#12162 = VECTOR('',#12163,1.);
#12163 = DIRECTION('',(-0.,1.));
#12164 = ( GEOMETRIC_REPRESENTATION_CONTEXT(2) 
PARAMETRIC_REPRESENTATION_CONTEXT() REPRESENTATION_CONTEXT('2D SPACE',''
  ) );
#12165 = PCURVE('',#12166,#12171);
#12166 = CYLINDRICAL_SURFACE('',#12167,60.);
#12167 = AXIS2_PLACEMENT_3D('',#12168,#12169,#12170);
#12168 = CARTESIAN_POINT('',(940.,352.5,433.5));
#12169 = DIRECTION('',(1.,0.,0.));
#12170 = DIRECTION('',(0.,-1.,0.));
#12171 = DEFINITIONAL_REPRESENTATION('',(#12172),#12176);
#12172 = LINE('',#12173,#12174);
#12173 = CARTESIAN_POINT('',(-6.28318530718,60.));
#12174 = VECTOR('',#12175,1.);
#12175 = DIRECTION('',(1.,-0.));
#12176 = ( GEOMETRIC_REPRESENTATION_CONTEXT(2) 
PARAMETRIC_REPRESENTATION_CONTEXT() REPRESENTATION_CONTEXT('2D SPACE',''
  ) );
#12177 = ORIENTED_EDGE('',*,*,#11844,.F.);
#12178 = ADVANCED_FACE('',(#12179),#11832,.F.);
#12179 = FACE_BOUND('',#12180,.F.);
#12180 = EDGE_LOOP('',(#12181,#12182,#12205,#12233));
#12181 = ORIENTED_EDGE('',*,*,#11816,.T.);
#12182 = ORIENTED_EDGE('',*,*,#12183,.T.);
#12183 = EDGE_CURVE('',#11817,#12184,#12186,.T.);
#12184 = VERTEX_POINT('',#12185);
#12185 = CARTESIAN_POINT('',(1.33E+03,292.5,433.5));
#12186 = SURFACE_CURVE('',#12187,(#12191,#12198),.PCURVE_S1.);
#12187 = LINE('',#12188,#12189);
#12188 = CARTESIAN_POINT('',(940.,292.5,433.5));
#12189 = VECTOR('',#12190,1.);
#12190 = DIRECTION('',(1.,0.,0.));
#12191 = PCURVE('',#11832,#12192);
#12192 = DEFINITIONAL_REPRESENTATION('',(#12193),#12197);
#12193 = LINE('',#12194,#12195);
#12194 = CARTESIAN_POINT('',(115.,0.));
#12195 = VECTOR('',#12196,1.);
#12196 = DIRECTION('',(0.,1.));
#12197 = ( GEOMETRIC_REPRESENTATION_CONTEXT(2) 
PARAMETRIC_REPRESENTATION_CONTEXT() REPRESENTATION_CONTEXT('2D SPACE',''
  ) );
#12198 = PCURVE('',#12166,#12199);
#12199 = DEFINITIONAL_REPRESENTATION('',(#12200),#12204);
#12200 = LINE('',#12201,#12202);
#12201 = CARTESIAN_POINT('',(-0.,0.));
#12202 = VECTOR('',#12203,1.);
#12203 = DIRECTION('',(-0.,1.));
#12204 = ( GEOMETRIC_REPRESENTATION_CONTEXT(2) 
PARAMETRIC_REPRESENTATION_CONTEXT() REPRESENTATION_CONTEXT('2D SPACE',''
  ) );
#12205 = ORIENTED_EDGE('',*,*,#12206,.F.);
#12206 = EDGE_CURVE('',#12207,#12184,#12209,.T.);
#12207 = VERTEX_POINT('',#12208);
#12208 = CARTESIAN_POINT('',(1.33E+03,292.5,378.5));
#12209 = SURFACE_CURVE('',#12210,(#12214,#12221),.PCURVE_S1.);
#12210 = LINE('',#12211,#12212);
#12211 = CARTESIAN_POINT('',(1.33E+03,292.5,318.5));
#12212 = VECTOR('',#12213,1.);
#12213 = DIRECTION('',(0.,0.,1.));
#12214 = PCURVE('',#11832,#12215);
#12215 = DEFINITIONAL_REPRESENTATION('',(#12216),#12220);
#12216 = LINE('',#12217,#12218);
#12217 = CARTESIAN_POINT('',(0.,390.));
#12218 = VECTOR('',#12219,1.);
#12219 = DIRECTION('',(1.,0.));
#12220 = ( GEOMETRIC_REPRESENTATION_CONTEXT(2) 
PARAMETRIC_REPRESENTATION_CONTEXT() REPRESENTATION_CONTEXT('2D SPACE',''
  ) );
#12221 = PCURVE('',#12222,#12227);
#12222 = CYLINDRICAL_SURFACE('',#12223,60.);
#12223 = AXIS2_PLACEMENT_3D('',#12224,#12225,#12226);
#12224 = CARTESIAN_POINT('',(1.33E+03,352.5,318.5));
#12225 = DIRECTION('',(0.,0.,1.));
#12226 = DIRECTION('',(1.,0.,-0.));
#12227 = DEFINITIONAL_REPRESENTATION('',(#12228),#12232);
#12228 = LINE('',#12229,#12230);
#12229 = CARTESIAN_POINT('',(-1.570796326795,0.));
#12230 = VECTOR('',#12231,1.);
#12231 = DIRECTION('',(-0.,1.));
#12232 = ( GEOMETRIC_REPRESENTATION_CONTEXT(2) 
PARAMETRIC_REPRESENTATION_CONTEXT() REPRESENTATION_CONTEXT('2D SPACE',''
  ) );
#12233 = ORIENTED_EDGE('',*,*,#12234,.F.);
#12234 = EDGE_CURVE('',#11788,#12207,#12235,.T.);
#12235 = SURFACE_CURVE('',#12236,(#12240,#12247),.PCURVE_S1.);
#12236 = LINE('',#12237,#12238);
#12237 = CARTESIAN_POINT('',(940.,292.5,378.5));
#12238 = VECTOR('',#12239,1.);
#12239 = DIRECTION('',(1.,0.,0.));
#12240 = PCURVE('',#11832,#12241);
#12241 = DEFINITIONAL_REPRESENTATION('',(#12242),#12246);
#12242 = LINE('',#12243,#12244);
#12243 = CARTESIAN_POINT('',(60.,0.));
#12244 = VECTOR('',#12245,1.);
#12245 = DIRECTION('',(0.,1.));
#12246 = ( GEOMETRIC_REPRESENTATION_CONTEXT(2) 
PARAMETRIC_REPRESENTATION_CONTEXT() REPRESENTATION_CONTEXT('2D SPACE',''
  ) );
#12247 = PCURVE('',#12134,#12248);
#12248 = DEFINITIONAL_REPRESENTATION('',(#12249),#12253);
#12249 = LINE('',#12250,#12251);
#12250 = CARTESIAN_POINT('',(0.,0.));
#12251 = VECTOR('',#12252,1.);
#12252 = DIRECTION('',(0.,1.));
#12253 = ( GEOMETRIC_REPRESENTATION_CONTEXT(2) 
PARAMETRIC_REPRESENTATION_CONTEXT() REPRESENTATION_CONTEXT('2D SPACE',''
  ) );
#12254 = ADVANCED_FACE('',(#12255),#11914,.F.);
#12255 = FACE_BOUND('',#12256,.F.);
#12256 = EDGE_LOOP('',(#12257,#12258,#12281,#12309));
#12257 = ORIENTED_EDGE('',*,*,#11898,.F.);
#12258 = ORIENTED_EDGE('',*,*,#12259,.T.);
#12259 = EDGE_CURVE('',#11875,#12260,#12262,.T.);
#12260 = VERTEX_POINT('',#12261);
#12261 = CARTESIAN_POINT('',(1.33E+03,352.5,318.5));
#12262 = SURFACE_CURVE('',#12263,(#12267,#12274),.PCURVE_S1.);
#12263 = LINE('',#12264,#12265);
#12264 = CARTESIAN_POINT('',(940.,352.5,318.5));
#12265 = VECTOR('',#12266,1.);
#12266 = DIRECTION('',(1.,0.,0.));
#12267 = PCURVE('',#11914,#12268);
#12268 = DEFINITIONAL_REPRESENTATION('',(#12269),#12273);
#12269 = LINE('',#12270,#12271);
#12270 = CARTESIAN_POINT('',(0.,60.));
#12271 = VECTOR('',#12272,1.);
#12272 = DIRECTION('',(1.,0.));
#12273 = ( GEOMETRIC_REPRESENTATION_CONTEXT(2) 
PARAMETRIC_REPRESENTATION_CONTEXT() REPRESENTATION_CONTEXT('2D SPACE',''
  ) );
#12274 = PCURVE('',#12134,#12275);
#12275 = DEFINITIONAL_REPRESENTATION('',(#12276),#12280);
#12276 = LINE('',#12277,#12278);
#12277 = CARTESIAN_POINT('',(1.570796326795,0.));
#12278 = VECTOR('',#12279,1.);
#12279 = DIRECTION('',(0.,1.));
#12280 = ( GEOMETRIC_REPRESENTATION_CONTEXT(2) 
PARAMETRIC_REPRESENTATION_CONTEXT() REPRESENTATION_CONTEXT('2D SPACE',''
  ) );
#12281 = ORIENTED_EDGE('',*,*,#12282,.T.);
#12282 = EDGE_CURVE('',#12260,#12283,#12285,.T.);
#12283 = VERTEX_POINT('',#12284);
#12284 = CARTESIAN_POINT('',(1.33E+03,377.5,318.5));
#12285 = SURFACE_CURVE('',#12286,(#12290,#12297),.PCURVE_S1.);
#12286 = LINE('',#12287,#12288);
#12287 = CARTESIAN_POINT('',(1.33E+03,292.5,318.5));
#12288 = VECTOR('',#12289,1.);
#12289 = DIRECTION('',(0.,1.,0.));
#12290 = PCURVE('',#11914,#12291);
#12291 = DEFINITIONAL_REPRESENTATION('',(#12292),#12296);
#12292 = LINE('',#12293,#12294);
#12293 = CARTESIAN_POINT('',(390.,0.));
#12294 = VECTOR('',#12295,1.);
#12295 = DIRECTION('',(0.,1.));
#12296 = ( GEOMETRIC_REPRESENTATION_CONTEXT(2) 
PARAMETRIC_REPRESENTATION_CONTEXT() REPRESENTATION_CONTEXT('2D SPACE',''
  ) );
#12297 = PCURVE('',#12298,#12303);
#12298 = CYLINDRICAL_SURFACE('',#12299,60.);
#12299 = AXIS2_PLACEMENT_3D('',#12300,#12301,#12302);
#12300 = CARTESIAN_POINT('',(1.33E+03,292.5,378.5));
#12301 = DIRECTION('',(0.,1.,0.));
#12302 = DIRECTION('',(1.,0.,-0.));
#12303 = DEFINITIONAL_REPRESENTATION('',(#12304),#12308);
#12304 = LINE('',#12305,#12306);
#12305 = CARTESIAN_POINT('',(1.570796326795,0.));
#12306 = VECTOR('',#12307,1.);
#12307 = DIRECTION('',(0.,1.));
#12308 = ( GEOMETRIC_REPRESENTATION_CONTEXT(2) 
PARAMETRIC_REPRESENTATION_CONTEXT() REPRESENTATION_CONTEXT('2D SPACE',''
  ) );
#12309 = ORIENTED_EDGE('',*,*,#12310,.F.);
#12310 = EDGE_CURVE('',#11899,#12283,#12311,.T.);
#12311 = SURFACE_CURVE('',#12312,(#12316,#12323),.PCURVE_S1.);
#12312 = LINE('',#12313,#12314);
#12313 = CARTESIAN_POINT('',(940.,377.5,318.5));
#12314 = VECTOR('',#12315,1.);
#12315 = DIRECTION('',(1.,0.,0.));
#12316 = PCURVE('',#11914,#12317);
#12317 = DEFINITIONAL_REPRESENTATION('',(#12318),#12322);
#12318 = LINE('',#12319,#12320);
#12319 = CARTESIAN_POINT('',(0.,85.));
#12320 = VECTOR('',#12321,1.);
#12321 = DIRECTION('',(1.,0.));
#12322 = ( GEOMETRIC_REPRESENTATION_CONTEXT(2) 
PARAMETRIC_REPRESENTATION_CONTEXT() REPRESENTATION_CONTEXT('2D SPACE',''
  ) );
#12323 = PCURVE('',#12324,#12329);
#12324 = CYLINDRICAL_SURFACE('',#12325,60.);
#12325 = AXIS2_PLACEMENT_3D('',#12326,#12327,#12328);
#12326 = CARTESIAN_POINT('',(940.,377.5,378.5));
#12327 = DIRECTION('',(1.,0.,0.));
#12328 = DIRECTION('',(-0.,1.,0.));
#12329 = DEFINITIONAL_REPRESENTATION('',(#12330),#12334);
#12330 = LINE('',#12331,#12332);
#12331 = CARTESIAN_POINT('',(-1.570796326795,0.));
#12332 = VECTOR('',#12333,1.);
#12333 = DIRECTION('',(-0.,1.));
#12334 = ( GEOMETRIC_REPRESENTATION_CONTEXT(2) 
PARAMETRIC_REPRESENTATION_CONTEXT() REPRESENTATION_CONTEXT('2D SPACE',''
  ) );
#12335 = ADVANCED_FACE('',(#12336),#11941,.T.);
#12336 = FACE_BOUND('',#12337,.F.);
#12337 = EDGE_LOOP('',(#12338,#12339,#12361));
#12338 = ORIENTED_EDGE('',*,*,#11926,.F.);
#12339 = ORIENTED_EDGE('',*,*,#12340,.T.);
#12340 = EDGE_CURVE('',#11899,#12042,#12341,.T.);
#12341 = SURFACE_CURVE('',#12342,(#12347,#12354),.PCURVE_S1.);
#12342 = CIRCLE('',#12343,60.);
#12343 = AXIS2_PLACEMENT_3D('',#12344,#12345,#12346);
#12344 = CARTESIAN_POINT('',(1.E+03,377.5,378.5));
#12345 = DIRECTION('',(1.,6.123233995737E-17,-0.));
#12346 = DIRECTION('',(-6.123233995737E-17,1.,0.));
#12347 = PCURVE('',#11941,#12348);
#12348 = DEFINITIONAL_REPRESENTATION('',(#12349),#12353);
#12349 = LINE('',#12350,#12351);
#12350 = CARTESIAN_POINT('',(-1.570796326795,-6.28318530718));
#12351 = VECTOR('',#12352,1.);
#12352 = DIRECTION('',(-0.,1.));
#12353 = ( GEOMETRIC_REPRESENTATION_CONTEXT(2) 
PARAMETRIC_REPRESENTATION_CONTEXT() REPRESENTATION_CONTEXT('2D SPACE',''
  ) );
#12354 = PCURVE('',#12324,#12355);
#12355 = DEFINITIONAL_REPRESENTATION('',(#12356),#12360);
#12356 = LINE('',#12357,#12358);
#12357 = CARTESIAN_POINT('',(-6.28318530718,60.));
#12358 = VECTOR('',#12359,1.);
#12359 = DIRECTION('',(1.,-0.));
#12360 = ( GEOMETRIC_REPRESENTATION_CONTEXT(2) 
PARAMETRIC_REPRESENTATION_CONTEXT() REPRESENTATION_CONTEXT('2D SPACE',''
  ) );
#12361 = ORIENTED_EDGE('',*,*,#12041,.F.);
#12362 = ADVANCED_FACE('',(#12363),#11997,.T.);
#12363 = FACE_BOUND('',#12364,.T.);
#12364 = EDGE_LOOP('',(#12365,#12366,#12389,#12417));
#12365 = ORIENTED_EDGE('',*,*,#11981,.F.);
#12366 = ORIENTED_EDGE('',*,*,#12367,.T.);
#12367 = EDGE_CURVE('',#11958,#12368,#12370,.T.);
#12368 = VERTEX_POINT('',#12369);
#12369 = CARTESIAN_POINT('',(1.33E+03,352.5,493.5));
#12370 = SURFACE_CURVE('',#12371,(#12375,#12382),.PCURVE_S1.);
#12371 = LINE('',#12372,#12373);
#12372 = CARTESIAN_POINT('',(940.,352.5,493.5));
#12373 = VECTOR('',#12374,1.);
#12374 = DIRECTION('',(1.,0.,0.));
#12375 = PCURVE('',#11997,#12376);
#12376 = DEFINITIONAL_REPRESENTATION('',(#12377),#12381);
#12377 = LINE('',#12378,#12379);
#12378 = CARTESIAN_POINT('',(0.,60.));
#12379 = VECTOR('',#12380,1.);
#12380 = DIRECTION('',(1.,0.));
#12381 = ( GEOMETRIC_REPRESENTATION_CONTEXT(2) 
PARAMETRIC_REPRESENTATION_CONTEXT() REPRESENTATION_CONTEXT('2D SPACE',''
  ) );
#12382 = PCURVE('',#12166,#12383);
#12383 = DEFINITIONAL_REPRESENTATION('',(#12384),#12388);
#12384 = LINE('',#12385,#12386);
#12385 = CARTESIAN_POINT('',(-1.570796326795,0.));
#12386 = VECTOR('',#12387,1.);
#12387 = DIRECTION('',(-0.,1.));
#12388 = ( GEOMETRIC_REPRESENTATION_CONTEXT(2) 
PARAMETRIC_REPRESENTATION_CONTEXT() REPRESENTATION_CONTEXT('2D SPACE',''
  ) );
#12389 = ORIENTED_EDGE('',*,*,#12390,.T.);
#12390 = EDGE_CURVE('',#12368,#12391,#12393,.T.);
#12391 = VERTEX_POINT('',#12392);
#12392 = CARTESIAN_POINT('',(1.33E+03,377.5,493.5));
#12393 = SURFACE_CURVE('',#12394,(#12398,#12405),.PCURVE_S1.);
#12394 = LINE('',#12395,#12396);
#12395 = CARTESIAN_POINT('',(1.33E+03,292.5,493.5));
#12396 = VECTOR('',#12397,1.);
#12397 = DIRECTION('',(0.,1.,0.));
#12398 = PCURVE('',#11997,#12399);
#12399 = DEFINITIONAL_REPRESENTATION('',(#12400),#12404);
#12400 = LINE('',#12401,#12402);
#12401 = CARTESIAN_POINT('',(390.,0.));
#12402 = VECTOR('',#12403,1.);
#12403 = DIRECTION('',(0.,1.));
#12404 = ( GEOMETRIC_REPRESENTATION_CONTEXT(2) 
PARAMETRIC_REPRESENTATION_CONTEXT() REPRESENTATION_CONTEXT('2D SPACE',''
  ) );
#12405 = PCURVE('',#12406,#12411);
#12406 = CYLINDRICAL_SURFACE('',#12407,60.);
#12407 = AXIS2_PLACEMENT_3D('',#12408,#12409,#12410);
#12408 = CARTESIAN_POINT('',(1.33E+03,292.5,433.5));
#12409 = DIRECTION('',(0.,1.,0.));
#12410 = DIRECTION('',(1.,0.,-0.));
#12411 = DEFINITIONAL_REPRESENTATION('',(#12412),#12416);
#12412 = LINE('',#12413,#12414);
#12413 = CARTESIAN_POINT('',(-1.570796326795,0.));
#12414 = VECTOR('',#12415,1.);
#12415 = DIRECTION('',(-0.,1.));
#12416 = ( GEOMETRIC_REPRESENTATION_CONTEXT(2) 
PARAMETRIC_REPRESENTATION_CONTEXT() REPRESENTATION_CONTEXT('2D SPACE',''
  ) );
#12417 = ORIENTED_EDGE('',*,*,#12418,.F.);
#12418 = EDGE_CURVE('',#11982,#12391,#12419,.T.);
#12419 = SURFACE_CURVE('',#12420,(#12424,#12431),.PCURVE_S1.);
#12420 = LINE('',#12421,#12422);
#12421 = CARTESIAN_POINT('',(940.,377.5,493.5));
#12422 = VECTOR('',#12423,1.);
#12423 = DIRECTION('',(1.,0.,0.));
#12424 = PCURVE('',#11997,#12425);
#12425 = DEFINITIONAL_REPRESENTATION('',(#12426),#12430);
#12426 = LINE('',#12427,#12428);
#12427 = CARTESIAN_POINT('',(0.,85.));
#12428 = VECTOR('',#12429,1.);
#12429 = DIRECTION('',(1.,0.));
#12430 = ( GEOMETRIC_REPRESENTATION_CONTEXT(2) 
PARAMETRIC_REPRESENTATION_CONTEXT() REPRESENTATION_CONTEXT('2D SPACE',''
  ) );
#12431 = PCURVE('',#12432,#12437);
#12432 = CYLINDRICAL_SURFACE('',#12433,60.);
#12433 = AXIS2_PLACEMENT_3D('',#12434,#12435,#12436);
#12434 = CARTESIAN_POINT('',(940.,377.5,433.5));
#12435 = DIRECTION('',(1.,0.,0.));
#12436 = DIRECTION('',(-0.,1.,0.));
#12437 = DEFINITIONAL_REPRESENTATION('',(#12438),#12442);
#12438 = LINE('',#12439,#12440);
#12439 = CARTESIAN_POINT('',(1.570796326795,0.));
#12440 = VECTOR('',#12441,1.);
#12441 = DIRECTION('',(0.,1.));
#12442 = ( GEOMETRIC_REPRESENTATION_CONTEXT(2) 
PARAMETRIC_REPRESENTATION_CONTEXT() REPRESENTATION_CONTEXT('2D SPACE',''
  ) );
#12443 = ADVANCED_FACE('',(#12444),#12024,.T.);
#12444 = FACE_BOUND('',#12445,.F.);
#12445 = EDGE_LOOP('',(#12446,#12447,#12469));
#12446 = ORIENTED_EDGE('',*,*,#12093,.F.);
#12447 = ORIENTED_EDGE('',*,*,#12448,.T.);
#12448 = EDGE_CURVE('',#12066,#11982,#12449,.T.);
#12449 = SURFACE_CURVE('',#12450,(#12455,#12462),.PCURVE_S1.);
#12450 = CIRCLE('',#12451,60.);
#12451 = AXIS2_PLACEMENT_3D('',#12452,#12453,#12454);
#12452 = CARTESIAN_POINT('',(1.E+03,377.5,433.5));
#12453 = DIRECTION('',(1.,0.,6.123233995737E-17));
#12454 = DIRECTION('',(-6.123233995737E-17,0.,1.));
#12455 = PCURVE('',#12024,#12456);
#12456 = DEFINITIONAL_REPRESENTATION('',(#12457),#12461);
#12457 = LINE('',#12458,#12459);
#12458 = CARTESIAN_POINT('',(-1.570796326795,-6.28318530718));
#12459 = VECTOR('',#12460,1.);
#12460 = DIRECTION('',(-0.,1.));
#12461 = ( GEOMETRIC_REPRESENTATION_CONTEXT(2) 
PARAMETRIC_REPRESENTATION_CONTEXT() REPRESENTATION_CONTEXT('2D SPACE',''
  ) );
#12462 = PCURVE('',#12432,#12463);
#12463 = DEFINITIONAL_REPRESENTATION('',(#12464),#12468);
#12464 = LINE('',#12465,#12466);
#12465 = CARTESIAN_POINT('',(-4.712388980385,60.));
#12466 = VECTOR('',#12467,1.);
#12467 = DIRECTION('',(1.,0.));
#12468 = ( GEOMETRIC_REPRESENTATION_CONTEXT(2) 
PARAMETRIC_REPRESENTATION_CONTEXT() REPRESENTATION_CONTEXT('2D SPACE',''
  ) );
#12469 = ORIENTED_EDGE('',*,*,#12009,.F.);
#12470 = ADVANCED_FACE('',(#12471),#12081,.T.);
#12471 = FACE_BOUND('',#12472,.T.);
#12472 = EDGE_LOOP('',(#12473,#12474,#12497,#12525));
#12473 = ORIENTED_EDGE('',*,*,#12065,.T.);
#12474 = ORIENTED_EDGE('',*,*,#12475,.T.);
#12475 = EDGE_CURVE('',#12066,#12476,#12478,.T.);
#12476 = VERTEX_POINT('',#12477);
#12477 = CARTESIAN_POINT('',(1.33E+03,437.5,433.5));
#12478 = SURFACE_CURVE('',#12479,(#12483,#12490),.PCURVE_S1.);
#12479 = LINE('',#12480,#12481);
#12480 = CARTESIAN_POINT('',(940.,437.5,433.5));
#12481 = VECTOR('',#12482,1.);
#12482 = DIRECTION('',(1.,0.,0.));
#12483 = PCURVE('',#12081,#12484);
#12484 = DEFINITIONAL_REPRESENTATION('',(#12485),#12489);
#12485 = LINE('',#12486,#12487);
#12486 = CARTESIAN_POINT('',(115.,0.));
#12487 = VECTOR('',#12488,1.);
#12488 = DIRECTION('',(0.,1.));
#12489 = ( GEOMETRIC_REPRESENTATION_CONTEXT(2) 
PARAMETRIC_REPRESENTATION_CONTEXT() REPRESENTATION_CONTEXT('2D SPACE',''
  ) );
#12490 = PCURVE('',#12432,#12491);
#12491 = DEFINITIONAL_REPRESENTATION('',(#12492),#12496);
#12492 = LINE('',#12493,#12494);
#12493 = CARTESIAN_POINT('',(0.,0.));
#12494 = VECTOR('',#12495,1.);
#12495 = DIRECTION('',(0.,1.));
#12496 = ( GEOMETRIC_REPRESENTATION_CONTEXT(2) 
PARAMETRIC_REPRESENTATION_CONTEXT() REPRESENTATION_CONTEXT('2D SPACE',''
  ) );
#12497 = ORIENTED_EDGE('',*,*,#12498,.F.);
#12498 = EDGE_CURVE('',#12499,#12476,#12501,.T.);
#12499 = VERTEX_POINT('',#12500);
#12500 = CARTESIAN_POINT('',(1.33E+03,437.5,378.5));
#12501 = SURFACE_CURVE('',#12502,(#12506,#12513),.PCURVE_S1.);
#12502 = LINE('',#12503,#12504);
#12503 = CARTESIAN_POINT('',(1.33E+03,437.5,318.5));
#12504 = VECTOR('',#12505,1.);
#12505 = DIRECTION('',(0.,0.,1.));
#12506 = PCURVE('',#12081,#12507);
#12507 = DEFINITIONAL_REPRESENTATION('',(#12508),#12512);
#12508 = LINE('',#12509,#12510);
#12509 = CARTESIAN_POINT('',(0.,390.));
#12510 = VECTOR('',#12511,1.);
#12511 = DIRECTION('',(1.,0.));
#12512 = ( GEOMETRIC_REPRESENTATION_CONTEXT(2) 
PARAMETRIC_REPRESENTATION_CONTEXT() REPRESENTATION_CONTEXT('2D SPACE',''
  ) );
#12513 = PCURVE('',#12514,#12519);
#12514 = CYLINDRICAL_SURFACE('',#12515,60.);
#12515 = AXIS2_PLACEMENT_3D('',#12516,#12517,#12518);
#12516 = CARTESIAN_POINT('',(1.33E+03,377.5,318.5));
#12517 = DIRECTION('',(0.,0.,1.));
#12518 = DIRECTION('',(1.,0.,-0.));
#12519 = DEFINITIONAL_REPRESENTATION('',(#12520),#12524);
#12520 = LINE('',#12521,#12522);
#12521 = CARTESIAN_POINT('',(1.570796326795,0.));
#12522 = VECTOR('',#12523,1.);
#12523 = DIRECTION('',(0.,1.));
#12524 = ( GEOMETRIC_REPRESENTATION_CONTEXT(2) 
PARAMETRIC_REPRESENTATION_CONTEXT() REPRESENTATION_CONTEXT('2D SPACE',''
  ) );
#12525 = ORIENTED_EDGE('',*,*,#12526,.F.);
#12526 = EDGE_CURVE('',#12042,#12499,#12527,.T.);
#12527 = SURFACE_CURVE('',#12528,(#12532,#12539),.PCURVE_S1.);
#12528 = LINE('',#12529,#12530);
#12529 = CARTESIAN_POINT('',(940.,437.5,378.5));
#12530 = VECTOR('',#12531,1.);
#12531 = DIRECTION('',(1.,0.,0.));
#12532 = PCURVE('',#12081,#12533);
#12533 = DEFINITIONAL_REPRESENTATION('',(#12534),#12538);
#12534 = LINE('',#12535,#12536);
#12535 = CARTESIAN_POINT('',(60.,0.));
#12536 = VECTOR('',#12537,1.);
#12537 = DIRECTION('',(0.,1.));
#12538 = ( GEOMETRIC_REPRESENTATION_CONTEXT(2) 
PARAMETRIC_REPRESENTATION_CONTEXT() REPRESENTATION_CONTEXT('2D SPACE',''
  ) );
#12539 = PCURVE('',#12324,#12540);
#12540 = DEFINITIONAL_REPRESENTATION('',(#12541),#12545);
#12541 = LINE('',#12542,#12543);
#12542 = CARTESIAN_POINT('',(-0.,0.));
#12543 = VECTOR('',#12544,1.);
#12544 = DIRECTION('',(-0.,1.));
#12545 = ( GEOMETRIC_REPRESENTATION_CONTEXT(2) 
PARAMETRIC_REPRESENTATION_CONTEXT() REPRESENTATION_CONTEXT('2D SPACE',''
  ) );
#12546 = ADVANCED_FACE('',(#12547),#12134,.T.);
#12547 = FACE_BOUND('',#12548,.T.);
#12548 = EDGE_LOOP('',(#12549,#12550,#12551,#12578));
#12549 = ORIENTED_EDGE('',*,*,#12119,.F.);
#12550 = ORIENTED_EDGE('',*,*,#12259,.T.);
#12551 = ORIENTED_EDGE('',*,*,#12552,.T.);
#12552 = EDGE_CURVE('',#12260,#12207,#12553,.T.);
#12553 = SURFACE_CURVE('',#12554,(#12559,#12566),.PCURVE_S1.);
#12554 = CIRCLE('',#12555,60.);
#12555 = AXIS2_PLACEMENT_3D('',#12556,#12557,#12558);
#12556 = CARTESIAN_POINT('',(1.33E+03,352.5,378.5));
#12557 = DIRECTION('',(-1.,-6.123233995737E-17,0.));
#12558 = DIRECTION('',(6.123233995737E-17,-1.,-0.));
#12559 = PCURVE('',#12134,#12560);
#12560 = DEFINITIONAL_REPRESENTATION('',(#12561),#12565);
#12561 = LINE('',#12562,#12563);
#12562 = CARTESIAN_POINT('',(6.28318530718,390.));
#12563 = VECTOR('',#12564,1.);
#12564 = DIRECTION('',(-1.,-0.));
#12565 = ( GEOMETRIC_REPRESENTATION_CONTEXT(2) 
PARAMETRIC_REPRESENTATION_CONTEXT() REPRESENTATION_CONTEXT('2D SPACE',''
  ) );
#12566 = PCURVE('',#12567,#12572);
#12567 = SPHERICAL_SURFACE('',#12568,60.);
#12568 = AXIS2_PLACEMENT_3D('',#12569,#12570,#12571);
#12569 = CARTESIAN_POINT('',(1.33E+03,352.5,378.5));
#12570 = DIRECTION('',(0.,0.,1.));
#12571 = DIRECTION('',(1.,0.,-0.));
#12572 = DEFINITIONAL_REPRESENTATION('',(#12573),#12577);
#12573 = LINE('',#12574,#12575);
#12574 = CARTESIAN_POINT('',(-1.570796326795,-6.28318530718));
#12575 = VECTOR('',#12576,1.);
#12576 = DIRECTION('',(-0.,1.));
#12577 = ( GEOMETRIC_REPRESENTATION_CONTEXT(2) 
PARAMETRIC_REPRESENTATION_CONTEXT() REPRESENTATION_CONTEXT('2D SPACE',''
  ) );
#12578 = ORIENTED_EDGE('',*,*,#12234,.F.);
#12579 = ADVANCED_FACE('',(#12580),#12166,.T.);
#12580 = FACE_BOUND('',#12581,.F.);
#12581 = EDGE_LOOP('',(#12582,#12583,#12584,#12611));
#12582 = ORIENTED_EDGE('',*,*,#12151,.F.);
#12583 = ORIENTED_EDGE('',*,*,#12367,.T.);
#12584 = ORIENTED_EDGE('',*,*,#12585,.T.);
#12585 = EDGE_CURVE('',#12368,#12184,#12586,.T.);
#12586 = SURFACE_CURVE('',#12587,(#12592,#12599),.PCURVE_S1.);
#12587 = CIRCLE('',#12588,60.);
#12588 = AXIS2_PLACEMENT_3D('',#12589,#12590,#12591);
#12589 = CARTESIAN_POINT('',(1.33E+03,352.5,433.5));
#12590 = DIRECTION('',(1.,6.123233995737E-17,0.));
#12591 = DIRECTION('',(6.123233995737E-17,-1.,0.));
#12592 = PCURVE('',#12166,#12593);
#12593 = DEFINITIONAL_REPRESENTATION('',(#12594),#12598);
#12594 = LINE('',#12595,#12596);
#12595 = CARTESIAN_POINT('',(-6.28318530718,390.));
#12596 = VECTOR('',#12597,1.);
#12597 = DIRECTION('',(1.,-0.));
#12598 = ( GEOMETRIC_REPRESENTATION_CONTEXT(2) 
PARAMETRIC_REPRESENTATION_CONTEXT() REPRESENTATION_CONTEXT('2D SPACE',''
  ) );
#12599 = PCURVE('',#12600,#12605);
#12600 = SPHERICAL_SURFACE('',#12601,60.);
#12601 = AXIS2_PLACEMENT_3D('',#12602,#12603,#12604);
#12602 = CARTESIAN_POINT('',(1.33E+03,352.5,433.5));
#12603 = DIRECTION('',(-0.,-0.,-1.));
#12604 = DIRECTION('',(1.,0.,0.));
#12605 = DEFINITIONAL_REPRESENTATION('',(#12606),#12610);
#12606 = LINE('',#12607,#12608);
#12607 = CARTESIAN_POINT('',(1.570796326795,-6.28318530718));
#12608 = VECTOR('',#12609,1.);
#12609 = DIRECTION('',(0.,1.));
#12610 = ( GEOMETRIC_REPRESENTATION_CONTEXT(2) 
PARAMETRIC_REPRESENTATION_CONTEXT() REPRESENTATION_CONTEXT('2D SPACE',''
  ) );
#12611 = ORIENTED_EDGE('',*,*,#12183,.F.);
#12612 = ADVANCED_FACE('',(#12613),#12222,.T.);
#12613 = FACE_BOUND('',#12614,.F.);
#12614 = EDGE_LOOP('',(#12615,#12645,#12667,#12668));
#12615 = ORIENTED_EDGE('',*,*,#12616,.F.);
#12616 = EDGE_CURVE('',#12617,#12619,#12621,.T.);
#12617 = VERTEX_POINT('',#12618);
#12618 = CARTESIAN_POINT('',(1.39E+03,352.5,378.5));
#12619 = VERTEX_POINT('',#12620);
#12620 = CARTESIAN_POINT('',(1.39E+03,352.5,433.5));
#12621 = SURFACE_CURVE('',#12622,(#12626,#12633),.PCURVE_S1.);
#12622 = LINE('',#12623,#12624);
#12623 = CARTESIAN_POINT('',(1.39E+03,352.5,318.5));
#12624 = VECTOR('',#12625,1.);
#12625 = DIRECTION('',(0.,0.,1.));
#12626 = PCURVE('',#12222,#12627);
#12627 = DEFINITIONAL_REPRESENTATION('',(#12628),#12632);
#12628 = LINE('',#12629,#12630);
#12629 = CARTESIAN_POINT('',(-0.,0.));
#12630 = VECTOR('',#12631,1.);
#12631 = DIRECTION('',(-0.,1.));
#12632 = ( GEOMETRIC_REPRESENTATION_CONTEXT(2) 
PARAMETRIC_REPRESENTATION_CONTEXT() REPRESENTATION_CONTEXT('2D SPACE',''
  ) );
#12633 = PCURVE('',#12634,#12639);
#12634 = PLANE('',#12635);
#12635 = AXIS2_PLACEMENT_3D('',#12636,#12637,#12638);
#12636 = CARTESIAN_POINT('',(1.39E+03,292.5,318.5));
#12637 = DIRECTION('',(1.,0.,0.));
#12638 = DIRECTION('',(0.,0.,1.));
#12639 = DEFINITIONAL_REPRESENTATION('',(#12640),#12644);
#12640 = LINE('',#12641,#12642);
#12641 = CARTESIAN_POINT('',(0.,-60.));
#12642 = VECTOR('',#12643,1.);
#12643 = DIRECTION('',(1.,0.));
#12644 = ( GEOMETRIC_REPRESENTATION_CONTEXT(2) 
PARAMETRIC_REPRESENTATION_CONTEXT() REPRESENTATION_CONTEXT('2D SPACE',''
  ) );
#12645 = ORIENTED_EDGE('',*,*,#12646,.T.);
#12646 = EDGE_CURVE('',#12617,#12207,#12647,.T.);
#12647 = SURFACE_CURVE('',#12648,(#12653,#12660),.PCURVE_S1.);
#12648 = CIRCLE('',#12649,60.);
#12649 = AXIS2_PLACEMENT_3D('',#12650,#12651,#12652);
#12650 = CARTESIAN_POINT('',(1.33E+03,352.5,378.5));
#12651 = DIRECTION('',(0.,-0.,-1.));
#12652 = DIRECTION('',(1.,0.,-0.));
#12653 = PCURVE('',#12222,#12654);
#12654 = DEFINITIONAL_REPRESENTATION('',(#12655),#12659);
#12655 = LINE('',#12656,#12657);
#12656 = CARTESIAN_POINT('',(-0.,60.));
#12657 = VECTOR('',#12658,1.);
#12658 = DIRECTION('',(-1.,0.));
#12659 = ( GEOMETRIC_REPRESENTATION_CONTEXT(2) 
PARAMETRIC_REPRESENTATION_CONTEXT() REPRESENTATION_CONTEXT('2D SPACE',''
  ) );
#12660 = PCURVE('',#12567,#12661);
#12661 = DEFINITIONAL_REPRESENTATION('',(#12662),#12666);
#12662 = LINE('',#12663,#12664);
#12663 = CARTESIAN_POINT('',(-0.,0.));
#12664 = VECTOR('',#12665,1.);
#12665 = DIRECTION('',(-1.,0.));
#12666 = ( GEOMETRIC_REPRESENTATION_CONTEXT(2) 
PARAMETRIC_REPRESENTATION_CONTEXT() REPRESENTATION_CONTEXT('2D SPACE',''
  ) );
#12667 = ORIENTED_EDGE('',*,*,#12206,.T.);
#12668 = ORIENTED_EDGE('',*,*,#12669,.F.);
#12669 = EDGE_CURVE('',#12619,#12184,#12670,.T.);
#12670 = SURFACE_CURVE('',#12671,(#12676,#12683),.PCURVE_S1.);
#12671 = CIRCLE('',#12672,60.);
#12672 = AXIS2_PLACEMENT_3D('',#12673,#12674,#12675);
#12673 = CARTESIAN_POINT('',(1.33E+03,352.5,433.5));
#12674 = DIRECTION('',(0.,0.,-1.));
#12675 = DIRECTION('',(1.,0.,0.));
#12676 = PCURVE('',#12222,#12677);
#12677 = DEFINITIONAL_REPRESENTATION('',(#12678),#12682);
#12678 = LINE('',#12679,#12680);
#12679 = CARTESIAN_POINT('',(-0.,115.));
#12680 = VECTOR('',#12681,1.);
#12681 = DIRECTION('',(-1.,0.));
#12682 = ( GEOMETRIC_REPRESENTATION_CONTEXT(2) 
PARAMETRIC_REPRESENTATION_CONTEXT() REPRESENTATION_CONTEXT('2D SPACE',''
  ) );
#12683 = PCURVE('',#12600,#12684);
#12684 = DEFINITIONAL_REPRESENTATION('',(#12685),#12689);
#12685 = LINE('',#12686,#12687);
#12686 = CARTESIAN_POINT('',(0.,0.));
#12687 = VECTOR('',#12688,1.);
#12688 = DIRECTION('',(1.,0.));
#12689 = ( GEOMETRIC_REPRESENTATION_CONTEXT(2) 
PARAMETRIC_REPRESENTATION_CONTEXT() REPRESENTATION_CONTEXT('2D SPACE',''
  ) );
#12690 = ADVANCED_FACE('',(#12691),#12324,.T.);
#12691 = FACE_BOUND('',#12692,.F.);
#12692 = EDGE_LOOP('',(#12693,#12694,#12695,#12722));
#12693 = ORIENTED_EDGE('',*,*,#12340,.F.);
#12694 = ORIENTED_EDGE('',*,*,#12310,.T.);
#12695 = ORIENTED_EDGE('',*,*,#12696,.T.);
#12696 = EDGE_CURVE('',#12283,#12499,#12697,.T.);
#12697 = SURFACE_CURVE('',#12698,(#12703,#12710),.PCURVE_S1.);
#12698 = CIRCLE('',#12699,60.);
#12699 = AXIS2_PLACEMENT_3D('',#12700,#12701,#12702);
#12700 = CARTESIAN_POINT('',(1.33E+03,377.5,378.5));
#12701 = DIRECTION('',(1.,-6.123233995737E-17,0.));
#12702 = DIRECTION('',(6.123233995737E-17,1.,0.));
#12703 = PCURVE('',#12324,#12704);
#12704 = DEFINITIONAL_REPRESENTATION('',(#12705),#12709);
#12705 = LINE('',#12706,#12707);
#12706 = CARTESIAN_POINT('',(-6.28318530718,390.));
#12707 = VECTOR('',#12708,1.);
#12708 = DIRECTION('',(1.,-0.));
#12709 = ( GEOMETRIC_REPRESENTATION_CONTEXT(2) 
PARAMETRIC_REPRESENTATION_CONTEXT() REPRESENTATION_CONTEXT('2D SPACE',''
  ) );
#12710 = PCURVE('',#12711,#12716);
#12711 = SPHERICAL_SURFACE('',#12712,60.);
#12712 = AXIS2_PLACEMENT_3D('',#12713,#12714,#12715);
#12713 = CARTESIAN_POINT('',(1.33E+03,377.5,378.5));
#12714 = DIRECTION('',(0.,0.,1.));
#12715 = DIRECTION('',(1.,0.,-0.));
#12716 = DEFINITIONAL_REPRESENTATION('',(#12717),#12721);
#12717 = LINE('',#12718,#12719);
#12718 = CARTESIAN_POINT('',(1.570796326795,-6.28318530718));
#12719 = VECTOR('',#12720,1.);
#12720 = DIRECTION('',(0.,1.));
#12721 = ( GEOMETRIC_REPRESENTATION_CONTEXT(2) 
PARAMETRIC_REPRESENTATION_CONTEXT() REPRESENTATION_CONTEXT('2D SPACE',''
  ) );
#12722 = ORIENTED_EDGE('',*,*,#12526,.F.);
#12723 = ADVANCED_FACE('',(#12724),#12298,.T.);
#12724 = FACE_BOUND('',#12725,.T.);
#12725 = EDGE_LOOP('',(#12726,#12748,#12749,#12773));
#12726 = ORIENTED_EDGE('',*,*,#12727,.F.);
#12727 = EDGE_CURVE('',#12260,#12617,#12728,.T.);
#12728 = SURFACE_CURVE('',#12729,(#12734,#12741),.PCURVE_S1.);
#12729 = CIRCLE('',#12730,60.);
#12730 = AXIS2_PLACEMENT_3D('',#12731,#12732,#12733);
#12731 = CARTESIAN_POINT('',(1.33E+03,352.5,378.5));
#12732 = DIRECTION('',(0.,-1.,0.));
#12733 = DIRECTION('',(1.,0.,0.));
#12734 = PCURVE('',#12298,#12735);
#12735 = DEFINITIONAL_REPRESENTATION('',(#12736),#12740);
#12736 = LINE('',#12737,#12738);
#12737 = CARTESIAN_POINT('',(6.28318530718,60.));
#12738 = VECTOR('',#12739,1.);
#12739 = DIRECTION('',(-1.,-0.));
#12740 = ( GEOMETRIC_REPRESENTATION_CONTEXT(2) 
PARAMETRIC_REPRESENTATION_CONTEXT() REPRESENTATION_CONTEXT('2D SPACE',''
  ) );
#12741 = PCURVE('',#12567,#12742);
#12742 = DEFINITIONAL_REPRESENTATION('',(#12743),#12747);
#12743 = LINE('',#12744,#12745);
#12744 = CARTESIAN_POINT('',(-0.,-6.28318530718));
#12745 = VECTOR('',#12746,1.);
#12746 = DIRECTION('',(-0.,1.));
#12747 = ( GEOMETRIC_REPRESENTATION_CONTEXT(2) 
PARAMETRIC_REPRESENTATION_CONTEXT() REPRESENTATION_CONTEXT('2D SPACE',''
  ) );
#12748 = ORIENTED_EDGE('',*,*,#12282,.T.);
#12749 = ORIENTED_EDGE('',*,*,#12750,.T.);
#12750 = EDGE_CURVE('',#12283,#12751,#12753,.T.);
#12751 = VERTEX_POINT('',#12752);
#12752 = CARTESIAN_POINT('',(1.39E+03,377.5,378.5));
#12753 = SURFACE_CURVE('',#12754,(#12759,#12766),.PCURVE_S1.);
#12754 = CIRCLE('',#12755,60.);
#12755 = AXIS2_PLACEMENT_3D('',#12756,#12757,#12758);
#12756 = CARTESIAN_POINT('',(1.33E+03,377.5,378.5));
#12757 = DIRECTION('',(0.,-1.,0.));
#12758 = DIRECTION('',(1.,0.,0.));
#12759 = PCURVE('',#12298,#12760);
#12760 = DEFINITIONAL_REPRESENTATION('',(#12761),#12765);
#12761 = LINE('',#12762,#12763);
#12762 = CARTESIAN_POINT('',(6.28318530718,85.));
#12763 = VECTOR('',#12764,1.);
#12764 = DIRECTION('',(-1.,-0.));
#12765 = ( GEOMETRIC_REPRESENTATION_CONTEXT(2) 
PARAMETRIC_REPRESENTATION_CONTEXT() REPRESENTATION_CONTEXT('2D SPACE',''
  ) );
#12766 = PCURVE('',#12711,#12767);
#12767 = DEFINITIONAL_REPRESENTATION('',(#12768),#12772);
#12768 = LINE('',#12769,#12770);
#12769 = CARTESIAN_POINT('',(0.,-6.28318530718));
#12770 = VECTOR('',#12771,1.);
#12771 = DIRECTION('',(0.,1.));
#12772 = ( GEOMETRIC_REPRESENTATION_CONTEXT(2) 
PARAMETRIC_REPRESENTATION_CONTEXT() REPRESENTATION_CONTEXT('2D SPACE',''
  ) );
#12773 = ORIENTED_EDGE('',*,*,#12774,.F.);
#12774 = EDGE_CURVE('',#12617,#12751,#12775,.T.);
#12775 = SURFACE_CURVE('',#12776,(#12780,#12787),.PCURVE_S1.);
#12776 = LINE('',#12777,#12778);
#12777 = CARTESIAN_POINT('',(1.39E+03,292.5,378.5));
#12778 = VECTOR('',#12779,1.);
#12779 = DIRECTION('',(0.,1.,0.));
#12780 = PCURVE('',#12298,#12781);
#12781 = DEFINITIONAL_REPRESENTATION('',(#12782),#12786);
#12782 = LINE('',#12783,#12784);
#12783 = CARTESIAN_POINT('',(0.,0.));
#12784 = VECTOR('',#12785,1.);
#12785 = DIRECTION('',(0.,1.));
#12786 = ( GEOMETRIC_REPRESENTATION_CONTEXT(2) 
PARAMETRIC_REPRESENTATION_CONTEXT() REPRESENTATION_CONTEXT('2D SPACE',''
  ) );
#12787 = PCURVE('',#12634,#12788);
#12788 = DEFINITIONAL_REPRESENTATION('',(#12789),#12793);
#12789 = LINE('',#12790,#12791);
#12790 = CARTESIAN_POINT('',(60.,0.));
#12791 = VECTOR('',#12792,1.);
#12792 = DIRECTION('',(0.,-1.));
#12793 = ( GEOMETRIC_REPRESENTATION_CONTEXT(2) 
PARAMETRIC_REPRESENTATION_CONTEXT() REPRESENTATION_CONTEXT('2D SPACE',''
  ) );
#12794 = ADVANCED_FACE('',(#12795),#12432,.T.);
#12795 = FACE_BOUND('',#12796,.T.);
#12796 = EDGE_LOOP('',(#12797,#12798,#12799,#12826));
#12797 = ORIENTED_EDGE('',*,*,#12448,.T.);
#12798 = ORIENTED_EDGE('',*,*,#12418,.T.);
#12799 = ORIENTED_EDGE('',*,*,#12800,.F.);
#12800 = EDGE_CURVE('',#12476,#12391,#12801,.T.);
#12801 = SURFACE_CURVE('',#12802,(#12807,#12814),.PCURVE_S1.);
#12802 = CIRCLE('',#12803,60.);
#12803 = AXIS2_PLACEMENT_3D('',#12804,#12805,#12806);
#12804 = CARTESIAN_POINT('',(1.33E+03,377.5,433.5));
#12805 = DIRECTION('',(1.,0.,-6.123233995737E-17));
#12806 = DIRECTION('',(6.123233995737E-17,0.,1.));
#12807 = PCURVE('',#12432,#12808);
#12808 = DEFINITIONAL_REPRESENTATION('',(#12809),#12813);
#12809 = LINE('',#12810,#12811);
#12810 = CARTESIAN_POINT('',(-4.712388980385,390.));
#12811 = VECTOR('',#12812,1.);
#12812 = DIRECTION('',(1.,0.));
#12813 = ( GEOMETRIC_REPRESENTATION_CONTEXT(2) 
PARAMETRIC_REPRESENTATION_CONTEXT() REPRESENTATION_CONTEXT('2D SPACE',''
  ) );
#12814 = PCURVE('',#12815,#12820);
#12815 = SPHERICAL_SURFACE('',#12816,60.);
#12816 = AXIS2_PLACEMENT_3D('',#12817,#12818,#12819);
#12817 = CARTESIAN_POINT('',(1.33E+03,377.5,433.5));
#12818 = DIRECTION('',(-0.,-1.,-0.));
#12819 = DIRECTION('',(1.,-0.,0.));
#12820 = DEFINITIONAL_REPRESENTATION('',(#12821),#12825);
#12821 = LINE('',#12822,#12823);
#12822 = CARTESIAN_POINT('',(1.570796326795,-6.28318530718));
#12823 = VECTOR('',#12824,1.);
#12824 = DIRECTION('',(0.,1.));
#12825 = ( GEOMETRIC_REPRESENTATION_CONTEXT(2) 
PARAMETRIC_REPRESENTATION_CONTEXT() REPRESENTATION_CONTEXT('2D SPACE',''
  ) );
#12826 = ORIENTED_EDGE('',*,*,#12475,.F.);
#12827 = ADVANCED_FACE('',(#12828),#12406,.T.);
#12828 = FACE_BOUND('',#12829,.F.);
#12829 = EDGE_LOOP('',(#12830,#12852,#12853,#12877));
#12830 = ORIENTED_EDGE('',*,*,#12831,.F.);
#12831 = EDGE_CURVE('',#12368,#12619,#12832,.T.);
#12832 = SURFACE_CURVE('',#12833,(#12838,#12845),.PCURVE_S1.);
#12833 = CIRCLE('',#12834,60.);
#12834 = AXIS2_PLACEMENT_3D('',#12835,#12836,#12837);
#12835 = CARTESIAN_POINT('',(1.33E+03,352.5,433.5));
#12836 = DIRECTION('',(-0.,1.,0.));
#12837 = DIRECTION('',(1.,0.,0.));
#12838 = PCURVE('',#12406,#12839);
#12839 = DEFINITIONAL_REPRESENTATION('',(#12840),#12844);
#12840 = LINE('',#12841,#12842);
#12841 = CARTESIAN_POINT('',(-6.28318530718,60.));
#12842 = VECTOR('',#12843,1.);
#12843 = DIRECTION('',(1.,-0.));
#12844 = ( GEOMETRIC_REPRESENTATION_CONTEXT(2) 
PARAMETRIC_REPRESENTATION_CONTEXT() REPRESENTATION_CONTEXT('2D SPACE',''
  ) );
#12845 = PCURVE('',#12600,#12846);
#12846 = DEFINITIONAL_REPRESENTATION('',(#12847),#12851);
#12847 = LINE('',#12848,#12849);
#12848 = CARTESIAN_POINT('',(0.,-6.28318530718));
#12849 = VECTOR('',#12850,1.);
#12850 = DIRECTION('',(0.,1.));
#12851 = ( GEOMETRIC_REPRESENTATION_CONTEXT(2) 
PARAMETRIC_REPRESENTATION_CONTEXT() REPRESENTATION_CONTEXT('2D SPACE',''
  ) );
#12852 = ORIENTED_EDGE('',*,*,#12390,.T.);
#12853 = ORIENTED_EDGE('',*,*,#12854,.F.);
#12854 = EDGE_CURVE('',#12855,#12391,#12857,.T.);
#12855 = VERTEX_POINT('',#12856);
#12856 = CARTESIAN_POINT('',(1.39E+03,377.5,433.5));
#12857 = SURFACE_CURVE('',#12858,(#12863,#12870),.PCURVE_S1.);
#12858 = CIRCLE('',#12859,60.);
#12859 = AXIS2_PLACEMENT_3D('',#12860,#12861,#12862);
#12860 = CARTESIAN_POINT('',(1.33E+03,377.5,433.5));
#12861 = DIRECTION('',(-0.,-1.,0.));
#12862 = DIRECTION('',(1.,-0.,0.));
#12863 = PCURVE('',#12406,#12864);
#12864 = DEFINITIONAL_REPRESENTATION('',(#12865),#12869);
#12865 = LINE('',#12866,#12867);
#12866 = CARTESIAN_POINT('',(-0.,85.));
#12867 = VECTOR('',#12868,1.);
#12868 = DIRECTION('',(-1.,0.));
#12869 = ( GEOMETRIC_REPRESENTATION_CONTEXT(2) 
PARAMETRIC_REPRESENTATION_CONTEXT() REPRESENTATION_CONTEXT('2D SPACE',''
  ) );
#12870 = PCURVE('',#12815,#12871);
#12871 = DEFINITIONAL_REPRESENTATION('',(#12872),#12876);
#12872 = LINE('',#12873,#12874);
#12873 = CARTESIAN_POINT('',(0.,0.));
#12874 = VECTOR('',#12875,1.);
#12875 = DIRECTION('',(1.,0.));
#12876 = ( GEOMETRIC_REPRESENTATION_CONTEXT(2) 
PARAMETRIC_REPRESENTATION_CONTEXT() REPRESENTATION_CONTEXT('2D SPACE',''
  ) );
#12877 = ORIENTED_EDGE('',*,*,#12878,.F.);
#12878 = EDGE_CURVE('',#12619,#12855,#12879,.T.);
#12879 = SURFACE_CURVE('',#12880,(#12884,#12891),.PCURVE_S1.);
#12880 = LINE('',#12881,#12882);
#12881 = CARTESIAN_POINT('',(1.39E+03,292.5,433.5));
#12882 = VECTOR('',#12883,1.);
#12883 = DIRECTION('',(0.,1.,0.));
#12884 = PCURVE('',#12406,#12885);
#12885 = DEFINITIONAL_REPRESENTATION('',(#12886),#12890);
#12886 = LINE('',#12887,#12888);
#12887 = CARTESIAN_POINT('',(-0.,0.));
#12888 = VECTOR('',#12889,1.);
#12889 = DIRECTION('',(-0.,1.));
#12890 = ( GEOMETRIC_REPRESENTATION_CONTEXT(2) 
PARAMETRIC_REPRESENTATION_CONTEXT() REPRESENTATION_CONTEXT('2D SPACE',''
  ) );
#12891 = PCURVE('',#12634,#12892);
#12892 = DEFINITIONAL_REPRESENTATION('',(#12893),#12897);
#12893 = LINE('',#12894,#12895);
#12894 = CARTESIAN_POINT('',(115.,0.));
#12895 = VECTOR('',#12896,1.);
#12896 = DIRECTION('',(0.,-1.));
#12897 = ( GEOMETRIC_REPRESENTATION_CONTEXT(2) 
PARAMETRIC_REPRESENTATION_CONTEXT() REPRESENTATION_CONTEXT('2D SPACE',''
  ) );
#12898 = ADVANCED_FACE('',(#12899),#12514,.T.);
#12899 = FACE_BOUND('',#12900,.T.);
#12900 = EDGE_LOOP('',(#12901,#12922,#12944,#12945));
#12901 = ORIENTED_EDGE('',*,*,#12902,.F.);
#12902 = EDGE_CURVE('',#12751,#12855,#12903,.T.);
#12903 = SURFACE_CURVE('',#12904,(#12908,#12915),.PCURVE_S1.);
#12904 = LINE('',#12905,#12906);
#12905 = CARTESIAN_POINT('',(1.39E+03,377.5,318.5));
#12906 = VECTOR('',#12907,1.);
#12907 = DIRECTION('',(0.,0.,1.));
#12908 = PCURVE('',#12514,#12909);
#12909 = DEFINITIONAL_REPRESENTATION('',(#12910),#12914);
#12910 = LINE('',#12911,#12912);
#12911 = CARTESIAN_POINT('',(0.,0.));
#12912 = VECTOR('',#12913,1.);
#12913 = DIRECTION('',(0.,1.));
#12914 = ( GEOMETRIC_REPRESENTATION_CONTEXT(2) 
PARAMETRIC_REPRESENTATION_CONTEXT() REPRESENTATION_CONTEXT('2D SPACE',''
  ) );
#12915 = PCURVE('',#12634,#12916);
#12916 = DEFINITIONAL_REPRESENTATION('',(#12917),#12921);
#12917 = LINE('',#12918,#12919);
#12918 = CARTESIAN_POINT('',(0.,-85.));
#12919 = VECTOR('',#12920,1.);
#12920 = DIRECTION('',(1.,0.));
#12921 = ( GEOMETRIC_REPRESENTATION_CONTEXT(2) 
PARAMETRIC_REPRESENTATION_CONTEXT() REPRESENTATION_CONTEXT('2D SPACE',''
  ) );
#12922 = ORIENTED_EDGE('',*,*,#12923,.T.);
#12923 = EDGE_CURVE('',#12751,#12499,#12924,.T.);
#12924 = SURFACE_CURVE('',#12925,(#12930,#12937),.PCURVE_S1.);
#12925 = CIRCLE('',#12926,60.);
#12926 = AXIS2_PLACEMENT_3D('',#12927,#12928,#12929);
#12927 = CARTESIAN_POINT('',(1.33E+03,377.5,378.5));
#12928 = DIRECTION('',(0.,0.,1.));
#12929 = DIRECTION('',(1.,0.,-0.));
#12930 = PCURVE('',#12514,#12931);
#12931 = DEFINITIONAL_REPRESENTATION('',(#12932),#12936);
#12932 = LINE('',#12933,#12934);
#12933 = CARTESIAN_POINT('',(0.,60.));
#12934 = VECTOR('',#12935,1.);
#12935 = DIRECTION('',(1.,0.));
#12936 = ( GEOMETRIC_REPRESENTATION_CONTEXT(2) 
PARAMETRIC_REPRESENTATION_CONTEXT() REPRESENTATION_CONTEXT('2D SPACE',''
  ) );
#12937 = PCURVE('',#12711,#12938);
#12938 = DEFINITIONAL_REPRESENTATION('',(#12939),#12943);
#12939 = LINE('',#12940,#12941);
#12940 = CARTESIAN_POINT('',(0.,0.));
#12941 = VECTOR('',#12942,1.);
#12942 = DIRECTION('',(1.,0.));
#12943 = ( GEOMETRIC_REPRESENTATION_CONTEXT(2) 
PARAMETRIC_REPRESENTATION_CONTEXT() REPRESENTATION_CONTEXT('2D SPACE',''
  ) );
#12944 = ORIENTED_EDGE('',*,*,#12498,.T.);
#12945 = ORIENTED_EDGE('',*,*,#12946,.T.);
#12946 = EDGE_CURVE('',#12476,#12855,#12947,.T.);
#12947 = SURFACE_CURVE('',#12948,(#12953,#12960),.PCURVE_S1.);
#12948 = CIRCLE('',#12949,60.);
#12949 = AXIS2_PLACEMENT_3D('',#12950,#12951,#12952);
#12950 = CARTESIAN_POINT('',(1.33E+03,377.5,433.5));
#12951 = DIRECTION('',(0.,0.,-1.));
#12952 = DIRECTION('',(1.,0.,0.));
#12953 = PCURVE('',#12514,#12954);
#12954 = DEFINITIONAL_REPRESENTATION('',(#12955),#12959);
#12955 = LINE('',#12956,#12957);
#12956 = CARTESIAN_POINT('',(6.28318530718,115.));
#12957 = VECTOR('',#12958,1.);
#12958 = DIRECTION('',(-1.,-0.));
#12959 = ( GEOMETRIC_REPRESENTATION_CONTEXT(2) 
PARAMETRIC_REPRESENTATION_CONTEXT() REPRESENTATION_CONTEXT('2D SPACE',''
  ) );
#12960 = PCURVE('',#12815,#12961);
#12961 = DEFINITIONAL_REPRESENTATION('',(#12962),#12966);
#12962 = LINE('',#12963,#12964);
#12963 = CARTESIAN_POINT('',(0.,-6.28318530718));
#12964 = VECTOR('',#12965,1.);
#12965 = DIRECTION('',(0.,1.));
#12966 = ( GEOMETRIC_REPRESENTATION_CONTEXT(2) 
PARAMETRIC_REPRESENTATION_CONTEXT() REPRESENTATION_CONTEXT('2D SPACE',''
  ) );
#12967 = ADVANCED_FACE('',(#12968),#12567,.T.);
#12968 = FACE_BOUND('',#12969,.F.);
#12969 = EDGE_LOOP('',(#12970,#12971,#12972));
#12970 = ORIENTED_EDGE('',*,*,#12727,.F.);
#12971 = ORIENTED_EDGE('',*,*,#12552,.T.);
#12972 = ORIENTED_EDGE('',*,*,#12646,.F.);
#12973 = ADVANCED_FACE('',(#12974),#12600,.T.);
#12974 = FACE_BOUND('',#12975,.T.);
#12975 = EDGE_LOOP('',(#12976,#12977,#12978));
#12976 = ORIENTED_EDGE('',*,*,#12831,.F.);
#12977 = ORIENTED_EDGE('',*,*,#12585,.T.);
#12978 = ORIENTED_EDGE('',*,*,#12669,.F.);
#12979 = ADVANCED_FACE('',(#12980),#12634,.T.);
#12980 = FACE_BOUND('',#12981,.T.);
#12981 = EDGE_LOOP('',(#12982,#12983,#12984,#12985));
#12982 = ORIENTED_EDGE('',*,*,#12616,.F.);
#12983 = ORIENTED_EDGE('',*,*,#12774,.T.);
#12984 = ORIENTED_EDGE('',*,*,#12902,.T.);
#12985 = ORIENTED_EDGE('',*,*,#12878,.F.);
#12986 = ADVANCED_FACE('',(#12987),#12711,.T.);
#12987 = FACE_BOUND('',#12988,.T.);
#12988 = EDGE_LOOP('',(#12989,#12990,#12991));
#12989 = ORIENTED_EDGE('',*,*,#12750,.F.);
#12990 = ORIENTED_EDGE('',*,*,#12696,.T.);
#12991 = ORIENTED_EDGE('',*,*,#12923,.F.);
#12992 = ADVANCED_FACE('',(#12993),#12815,.T.);
#12993 = FACE_BOUND('',#12994,.T.);
#12994 = EDGE_LOOP('',(#12995,#12996,#12997));
#12995 = ORIENTED_EDGE('',*,*,#12946,.F.);
#12996 = ORIENTED_EDGE('',*,*,#12800,.T.);
#12997 = ORIENTED_EDGE('',*,*,#12854,.F.);
#12998 = ( GEOMETRIC_REPRESENTATION_CONTEXT(3) 
GLOBAL_UNCERTAINTY_ASSIGNED_CONTEXT((#13002)) 
GLOBAL_UNIT_ASSIGNED_CONTEXT((#12999,#13000,#13001)) 
REPRESENTATION_CONTEXT('Context #1',
  '3D Context with UNIT and UNCERTAINTY') );
#12999 = ( LENGTH_UNIT() NAMED_UNIT(*) SI_UNIT(.MILLI.,.METRE.) );
#13000 = ( NAMED_UNIT(*) PLANE_ANGLE_UNIT() SI_UNIT($,.RADIAN.) );
#13001 = ( NAMED_UNIT(*) SI_UNIT($,.STERADIAN.) SOLID_ANGLE_UNIT() );
#13002 = UNCERTAINTY_MEASURE_WITH_UNIT(LENGTH_MEASURE(1.E-07),#12999,
  'distance_accuracy_value','confusion accuracy');
#13003 = CONTEXT_DEPENDENT_SHAPE_REPRESENTATION(#13004,#13006);
#13004 = ( REPRESENTATION_RELATIONSHIP('','',#11659,#10) 
REPRESENTATION_RELATIONSHIP_WITH_TRANSFORMATION(#13005) 
SHAPE_REPRESENTATION_RELATIONSHIP() );
#13005 = ITEM_DEFINED_TRANSFORMATION('','',#11,#163);
#13006 = PRODUCT_DEFINITION_SHAPE('Placement','Placement of an item',
  #13007);
#13007 = NEXT_ASSEMBLY_USAGE_OCCURRENCE('80','ARM_BAG_365','',#5,#11654,
  $);
#13008 = PRODUCT_RELATED_PRODUCT_CATEGORY('part',$,(#11656));
#13009 = SHAPE_DEFINITION_REPRESENTATION(#13010,#13016);
#13010 = PRODUCT_DEFINITION_SHAPE('','',#13011);
#13011 = PRODUCT_DEFINITION('design','',#13012,#13015);
#13012 = PRODUCT_DEFINITION_FORMATION('','',#13013);
#13013 = PRODUCT('PASSIVE_HOOD_105','PASSIVE_HOOD_105','',(#13014));
#13014 = PRODUCT_CONTEXT('',#2,'mechanical');
#13015 = PRODUCT_DEFINITION_CONTEXT('part definition',#2,'design');
#13016 = MANIFOLD_SURFACE_SHAPE_REPRESENTATION('',(#11,#13017),#13383);
#13017 = SHELL_BASED_SURFACE_MODEL('',(#13018));
#13018 = OPEN_SHELL('',(#13019));
#13019 = ADVANCED_FACE('',(#13020),#13055,.T.);
#13020 = FACE_BOUND('',#13021,.T.);
#13021 = EDGE_LOOP('',(#13022,#13302,#13325,#13362));
#13022 = ORIENTED_EDGE('',*,*,#13023,.F.);
#13023 = EDGE_CURVE('',#13024,#13026,#13028,.T.);
#13024 = VERTEX_POINT('',#13025);
#13025 = CARTESIAN_POINT('',(965.,335.,545.));
#13026 = VERTEX_POINT('',#13027);
#13027 = CARTESIAN_POINT('',(965.,508.40876,1.1921703E+03));
#13028 = SURFACE_CURVE('',#13029,(#13054),.PCURVE_S1.);
#13029 = B_SPLINE_CURVE_WITH_KNOTS('',2,(#13030,#13031,#13032,#13033,
    #13034,#13035,#13036,#13037,#13038,#13039,#13040,#13041,#13042,
    #13043,#13044,#13045,#13046,#13047,#13048,#13049,#13050,#13051,
    #13052,#13053),.UNSPECIFIED.,.F.,.F.,(3,1,1,1,1,1,1,1,1,1,1,1,1,1,1,
    1,1,1,1,1,1,1,3),(0.,2.942309942059E-02,6.063174657987E-02,
    9.512227834188E-02,0.133396776488,0.175855398181,0.222477995833,
    0.272940172553,0.326531469664,0.382901928297,0.440927398828,
    0.499909383295,0.558998848615,0.617004442937,0.673375103004,
    0.72699936201,0.777382249255,0.823993497277,0.866525378361,
    0.904851645271,0.939354213751,0.970600243469,1.),.UNSPECIFIED.);
#13030 = CARTESIAN_POINT('',(965.,335.,545.));
#13031 = CARTESIAN_POINT('',(965.,346.53878598261,541.86172788709));
#13032 = CARTESIAN_POINT('',(965.,371.49043446127,542.62486753864));
#13033 = CARTESIAN_POINT('',(965.,396.92952198439,550.01271621234));
#13034 = CARTESIAN_POINT('',(965.,422.98389447471,564.00227486326));
#13035 = CARTESIAN_POINT('',(965.,448.74248737053,584.01267651689));
#13036 = CARTESIAN_POINT('',(965.,474.01249150422,609.81230828032));
#13037 = CARTESIAN_POINT('',(965.,498.21050233145,640.90755851178));
#13038 = CARTESIAN_POINT('',(965.,520.09857146569,675.18140542517));
#13039 = CARTESIAN_POINT('',(964.99999999999,541.94522031641,
    717.00681871347));
#13040 = CARTESIAN_POINT('',(965.,560.08309490841,759.38018322343));
#13041 = CARTESIAN_POINT('',(965.,576.66533882721,808.98983103105));
#13042 = CARTESIAN_POINT('',(964.99999999999,585.79312646421,
    843.23917620933));
#13043 = CARTESIAN_POINT('',(965.,596.20037829501,894.17529207864));
#13044 = CARTESIAN_POINT('',(965.,601.6213326257,939.93123945761));
#13045 = CARTESIAN_POINT('',(965.,603.62531327799,986.82551860113));
#13046 = CARTESIAN_POINT('',(965.,601.79817874497,1.027490371414E+03));
#13047 = CARTESIAN_POINT('',(965.,596.38684567999,1.066566412849E+03));
#13048 = CARTESIAN_POINT('',(964.99999999999,587.39759921946,
    1.101536093715E+03));
#13049 = CARTESIAN_POINT('',(965.,575.11498923028,1.131697356871E+03));
#13050 = CARTESIAN_POINT('',(965.,559.53616476782,1.156865336926E+03));
#13051 = CARTESIAN_POINT('',(965.,541.18841998404,1.175990406575E+03));
#13052 = CARTESIAN_POINT('',(965.,519.99906973837,1.189099758778E+03));
#13053 = CARTESIAN_POINT('',(965.,508.40876,1.1921703E+03));
#13054 = PCURVE('',#13055,#13296);
#13055 = B_SPLINE_SURFACE_WITH_KNOTS('',3,2,(
    (#13056,#13057,#13058,#13059,#13060,#13061,#13062,#13063,#13064
      ,#13065,#13066,#13067,#13068,#13069,#13070,#13071,#13072,#13073
      ,#13074,#13075,#13076,#13077,#13078,#13079)
    ,(#13080,#13081,#13082,#13083,#13084,#13085,#13086,#13087,#13088
      ,#13089,#13090,#13091,#13092,#13093,#13094,#13095,#13096,#13097
      ,#13098,#13099,#13100,#13101,#13102,#13103)
    ,(#13104,#13105,#13106,#13107,#13108,#13109,#13110,#13111,#13112
      ,#13113,#13114,#13115,#13116,#13117,#13118,#13119,#13120,#13121
      ,#13122,#13123,#13124,#13125,#13126,#13127)
    ,(#13128,#13129,#13130,#13131,#13132,#13133,#13134,#13135,#13136
      ,#13137,#13138,#13139,#13140,#13141,#13142,#13143,#13144,#13145
      ,#13146,#13147,#13148,#13149,#13150,#13151)
    ,(#13152,#13153,#13154,#13155,#13156,#13157,#13158,#13159,#13160
      ,#13161,#13162,#13163,#13164,#13165,#13166,#13167,#13168,#13169
      ,#13170,#13171,#13172,#13173,#13174,#13175)
    ,(#13176,#13177,#13178,#13179,#13180,#13181,#13182,#13183,#13184
      ,#13185,#13186,#13187,#13188,#13189,#13190,#13191,#13192,#13193
      ,#13194,#13195,#13196,#13197,#13198,#13199)
    ,(#13200,#13201,#13202,#13203,#13204,#13205,#13206,#13207,#13208
      ,#13209,#13210,#13211,#13212,#13213,#13214,#13215,#13216,#13217
      ,#13218,#13219,#13220,#13221,#13222,#13223)
    ,(#13224,#13225,#13226,#13227,#13228,#13229,#13230,#13231,#13232
      ,#13233,#13234,#13235,#13236,#13237,#13238,#13239,#13240,#13241
      ,#13242,#13243,#13244,#13245,#13246,#13247)
    ,(#13248,#13249,#13250,#13251,#13252,#13253,#13254,#13255,#13256
      ,#13257,#13258,#13259,#13260,#13261,#13262,#13263,#13264,#13265
      ,#13266,#13267,#13268,#13269,#13270,#13271)
    ,(#13272,#13273,#13274,#13275,#13276,#13277,#13278,#13279,#13280
      ,#13281,#13282,#13283,#13284,#13285,#13286,#13287,#13288,#13289
      ,#13290,#13291,#13292,#13293,#13294,#13295
  )),.UNSPECIFIED.,.F.,.F.,.F.,(4,1,1,1,1,1,1,4),(3,1,1,1,1,1,1,1,1,1,1,
    1,1,1,1,1,1,1,1,1,1,1,3),(0.,0.143714537028,0.286500710688,
    0.428898391918,0.571189535088,0.713585941987,0.856261540637,1.),(0.,
    2.942309942059E-02,6.063174657987E-02,9.512227834188E-02,
    0.133396776488,0.175855398181,0.222477995833,0.272940172553,
    0.326531469664,0.382901928297,0.440927398828,0.499909383295,
    0.558998848615,0.617004442937,0.673375103004,0.72699936201,
    0.777382249255,0.823993497277,0.866525378361,0.904851645271,
    0.939354213751,0.970600243469,1.),.UNSPECIFIED.);
#13056 = CARTESIAN_POINT('',(965.,335.,545.));
#13057 = CARTESIAN_POINT('',(965.,346.53878598261,541.86172788709));
#13058 = CARTESIAN_POINT('',(965.,371.49043446127,542.62486753864));
#13059 = CARTESIAN_POINT('',(965.,396.92952198439,550.01271621234));
#13060 = CARTESIAN_POINT('',(965.,422.98389447471,564.00227486326));
#13061 = CARTESIAN_POINT('',(965.,448.74248737053,584.01267651689));
#13062 = CARTESIAN_POINT('',(965.,474.01249150422,609.81230828032));
#13063 = CARTESIAN_POINT('',(965.,498.21050233145,640.90755851178));
#13064 = CARTESIAN_POINT('',(965.,520.09857146569,675.18140542517));
#13065 = CARTESIAN_POINT('',(964.99999999999,541.94522031641,
    717.00681871347));
#13066 = CARTESIAN_POINT('',(965.,560.08309490841,759.38018322343));
#13067 = CARTESIAN_POINT('',(965.,576.66533882721,808.98983103105));
#13068 = CARTESIAN_POINT('',(964.99999999999,585.79312646421,
    843.23917620933));
#13069 = CARTESIAN_POINT('',(965.,596.20037829501,894.17529207864));
#13070 = CARTESIAN_POINT('',(965.,601.6213326257,939.93123945761));
#13071 = CARTESIAN_POINT('',(965.,603.62531327799,986.82551860113));
#13072 = CARTESIAN_POINT('',(965.,601.79817874497,1.027490371414E+03));
#13073 = CARTESIAN_POINT('',(965.,596.38684567999,1.066566412849E+03));
#13074 = CARTESIAN_POINT('',(964.99999999999,587.39759921946,
    1.101536093715E+03));
#13075 = CARTESIAN_POINT('',(965.,575.11498923028,1.131697356871E+03));
#13076 = CARTESIAN_POINT('',(965.,559.53616476782,1.156865336926E+03));
#13077 = CARTESIAN_POINT('',(965.,541.18841998404,1.175990406575E+03));
#13078 = CARTESIAN_POINT('',(965.,519.99906973837,1.189099758778E+03));
#13079 = CARTESIAN_POINT('',(965.,508.40876,1.1921703E+03));
#13080 = CARTESIAN_POINT('',(982.1745412256,335.,545.));
#13081 = CARTESIAN_POINT('',(983.11888592306,347.03498819489,
    544.37465289547));
#13082 = CARTESIAN_POINT('',(980.92527231514,371.01586655543,
    539.31704327127));
#13083 = CARTESIAN_POINT('',(984.15914029271,400.03790017875,
    546.23777027604));
#13084 = CARTESIAN_POINT('',(979.88346511865,417.41108505288,
    570.90617668442));
#13085 = CARTESIAN_POINT('',(981.77866605133,445.10110461755,
    587.98573336107));
#13086 = CARTESIAN_POINT('',(982.66505197233,475.35037107466,
    608.42542998324));
#13087 = CARTESIAN_POINT('',(980.53490788284,491.26792896756,
    645.65495966355));
#13088 = CARTESIAN_POINT('',(981.18843712735,514.85793679336,
    678.09885948429));
#13089 = CARTESIAN_POINT('',(982.79110871281,543.55262864293,
    715.98274872011));
#13090 = CARTESIAN_POINT('',(979.75578000295,549.09007896753,
    763.78247769622));
#13091 = CARTESIAN_POINT('',(982.58791015689,576.44099410749,
    808.46781193624));
#13092 = CARTESIAN_POINT('',(981.67045441429,583.1277612603,
    844.40861949822));
#13093 = CARTESIAN_POINT('',(980.14094045857,585.71870690694,
    895.45819298653));
#13094 = CARTESIAN_POINT('',(982.946404039,603.69683813049,
    940.03237132241));
#13095 = CARTESIAN_POINT('',(980.78816159014,596.58879877675,
    986.84438704359));
#13096 = CARTESIAN_POINT('',(981.06301852531,594.92813765202,
    1.026931045982E+03));
#13097 = CARTESIAN_POINT('',(982.60407406556,597.77880808749,
    1.067159707204E+03));
#13098 = CARTESIAN_POINT('',(981.29075102239,580.38255033405,
    1.099204008619E+03));
#13099 = CARTESIAN_POINT('',(980.39880857639,568.35379434891,
    1.129589591141E+03));
#13100 = CARTESIAN_POINT('',(983.75726924588,563.25028840175,
    1.158792839079E+03));
#13101 = CARTESIAN_POINT('',(981.08261079036,543.40890794578,
    1.179834177936E+03));
#13102 = CARTESIAN_POINT('',(983.1590543216,518.5499945986,
    1.186040179408E+03));
#13103 = CARTESIAN_POINT('',(982.1745412256,508.40876,1.1921703E+03));
#13104 = CARTESIAN_POINT('',(1.016177776637E+03,335.,544.99999999999));
#13105 = CARTESIAN_POINT('',(1.014994665131E+03,343.68232363614,
    538.71710897856));
#13106 = CARTESIAN_POINT('',(1.017213127967E+03,373.75165461096,
    535.43344972213));
#13107 = CARTESIAN_POINT('',(1.015242032201E+03,390.13888983685,
    556.51285692628));
#13108 = CARTESIAN_POINT('',(1.014172159085E+03,409.44499729867,
    580.78404477439));
#13109 = CARTESIAN_POINT('',(1.016251027116E+03,442.23801567539,
    588.25055168353));
#13110 = CARTESIAN_POINT('',(1.017191925338E+03,470.05924205483,
    612.52913323902));
#13111 = CARTESIAN_POINT('',(1.013818479757E+03,479.95356698071,
    652.13736317834));
#13112 = CARTESIAN_POINT('',(1.015559309187E+03,508.64391997161,
    682.09327707614));
#13113 = CARTESIAN_POINT('',(1.017217583144E+03,539.09135132225,
    717.45203413063));
#13114 = CARTESIAN_POINT('',(1.013114423724E+03,536.18622028676,
    768.26777669163));
#13115 = CARTESIAN_POINT('',(1.016808432085E+03,570.66711500222,
    810.7147814759));
#13116 = CARTESIAN_POINT('',(1.016099931358E+03,576.92631065802,
    845.28835176637));
#13117 = CARTESIAN_POINT('',(1.013406839902E+03,571.92079865838,
    897.93227287958));
#13118 = CARTESIAN_POINT('',(1.017176791585E+03,599.32637470943,
    940.97190522774));
#13119 = CARTESIAN_POINT('',(1.015335430736E+03,588.97372407898,
    986.37996654132));
#13120 = CARTESIAN_POINT('',(1.014041780878E+03,581.46324455694,
    1.026969666622E+03));
#13121 = CARTESIAN_POINT('',(1.017130741898E+03,591.75432063382,
    1.066275876568E+03));
#13122 = CARTESIAN_POINT('',(1.016013150742E+03,578.00805833916,
    1.100695124397E+03));
#13123 = CARTESIAN_POINT('',(1.013682891035E+03,554.06494322958,
    1.12407682423E+03));
#13124 = CARTESIAN_POINT('',(1.015922381958E+03,552.63669232801,
    1.15558511629E+03));
#13125 = CARTESIAN_POINT('',(1.01674060597E+03,545.30662941196,
    1.181078810912E+03));
#13126 = CARTESIAN_POINT('',(1.015020700942E+03,520.4139620282,
    1.194681382954E+03));
#13127 = CARTESIAN_POINT('',(1.016177776637E+03,508.40875999999,
    1.1921703E+03));
#13128 = CARTESIAN_POINT('',(1.067811615846E+03,335.,545.));
#13129 = CARTESIAN_POINT('',(1.067444525745E+03,343.5305327512,
    533.68531117802));
#13130 = CARTESIAN_POINT('',(1.068254843113E+03,371.2570631801,
    539.99986403624));
#13131 = CARTESIAN_POINT('',(1.066413349836E+03,381.71552934762,
    565.23080866063));
#13132 = CARTESIAN_POINT('',(1.066471867892E+03,404.81316515043,
    584.73656749579));
#13133 = CARTESIAN_POINT('',(1.067915006459E+03,438.60247027387,
    589.43782349759));
#13134 = CARTESIAN_POINT('',(1.068051190094E+03,461.95159867777,
    618.49873726219));
#13135 = CARTESIAN_POINT('',(1.065453529157E+03,470.08130419886,
    658.15243370597));
#13136 = CARTESIAN_POINT('',(1.067507579601E+03,504.08721038111,
    683.34926021136));
#13137 = CARTESIAN_POINT('',(1.068217031786E+03,531.81859812011,
    721.16210272473));
#13138 = CARTESIAN_POINT('',(1.065103564199E+03,525.62094523056,
    771.42952523837));
#13139 = CARTESIAN_POINT('',(1.068004250915E+03,563.59014214602,
    813.48073077617));
#13140 = CARTESIAN_POINT('',(1.067525432569E+03,569.45103211762,
    846.31599977366));
#13141 = CARTESIAN_POINT('',(1.065335570896E+03,561.27000662271,
    900.621798048));
#13142 = CARTESIAN_POINT('',(1.067933026821E+03,589.90269513536,
    941.15943013264));
#13143 = CARTESIAN_POINT('',(1.067596504991E+03,586.55210291165,
    988.10846333659));
#13144 = CARTESIAN_POINT('',(1.06541586695E+03,568.80323481448,
    1.026453643385E+03));
#13145 = CARTESIAN_POINT('',(1.067908872227E+03,581.12812438696,
    1.065030327888E+03));
#13146 = CARTESIAN_POINT('',(1.067853379997E+03,575.44080443603,
    1.101919935501E+03));
#13147 = CARTESIAN_POINT('',(1.066081714883E+03,547.42821889434,
    1.122196790575E+03));
#13148 = CARTESIAN_POINT('',(1.066405184818E+03,539.47317203843,
    1.151931067222E+03));
#13149 = CARTESIAN_POINT('',(1.068305724824E+03,541.83814800008,
    1.178458960446E+03));
#13150 = CARTESIAN_POINT('',(1.06742217988E+03,521.63877742389,
    1.1981288237E+03));
#13151 = CARTESIAN_POINT('',(1.067811615846E+03,508.40876,1.1921703E+03)
  );
#13152 = CARTESIAN_POINT('',(1.119255926244E+03,335.,544.99999999999));
#13153 = CARTESIAN_POINT('',(1.119013160924E+03,344.0801766487,
    532.75491944389));
#13154 = CARTESIAN_POINT('',(1.119416095209E+03,370.37581735741,
    541.71854219016));
#13155 = CARTESIAN_POINT('',(1.118677438931E+03,377.88510532397,
    569.09054299426));
#13156 = CARTESIAN_POINT('',(1.118878133587E+03,402.80411835088,
    585.29924921281));
#13157 = CARTESIAN_POINT('',(1.119391987343E+03,436.56053781949,
    590.63178300468));
#13158 = CARTESIAN_POINT('',(1.119464050619E+03,457.20868680702,
    621.66183908714));
#13159 = CARTESIAN_POINT('',(1.1183143783E+03,465.44701294946,
    661.03067608065));
#13160 = CARTESIAN_POINT('',(1.119252740703E+03,501.83999980914,
    683.70524660388));
#13161 = CARTESIAN_POINT('',(1.119538383828E+03,528.02399772691,
    723.14036631651));
#13162 = CARTESIAN_POINT('',(1.118164692671E+03,520.20699694747,
    772.90523368713));
#13163 = CARTESIAN_POINT('',(1.119367016134E+03,560.14759062581,
    814.957851283));
#13164 = CARTESIAN_POINT('',(1.119258235437E+03,565.70008307072,
    846.71623134765));
#13165 = CARTESIAN_POINT('',(1.118264466273E+03,555.97283491832,
    902.04676327993));
#13166 = CARTESIAN_POINT('',(1.119241685211E+03,584.61540793924,
    941.32807405066));
#13167 = CARTESIAN_POINT('',(1.119374603179E+03,585.57649605871,
    989.15046219796));
#13168 = CARTESIAN_POINT('',(1.118255468447E+03,563.53265152476,
    1.025994724209E+03));
#13169 = CARTESIAN_POINT('',(1.119196466492E+03,574.15460487066,
    1.06473654126E+03));
#13170 = CARTESIAN_POINT('',(1.119396512396E+03,573.45722481153,
    1.102053801053E+03));
#13171 = CARTESIAN_POINT('',(1.118659431602E+03,545.51965503111,
    1.12274751837E+03));
#13172 = CARTESIAN_POINT('',(1.118608872315E+03,533.8024051172,
    1.150126194502E+03));
#13173 = CARTESIAN_POINT('',(1.119450822411E+03,540.22601271371,
    1.177368108145E+03));
#13174 = CARTESIAN_POINT('',(1.119059132964E+03,522.70275833107,
    1.198619770308E+03));
#13175 = CARTESIAN_POINT('',(1.119255926244E+03,508.40876,1.1921703E+03)
  );
#13176 = CARTESIAN_POINT('',(1.170737779651E+03,335.,545.));
#13177 = CARTESIAN_POINT('',(1.170587441588E+03,343.96843112655,
    532.81232597374));
#13178 = CARTESIAN_POINT('',(1.170760127015E+03,370.47305895741,
    541.45846743653));
#13179 = CARTESIAN_POINT('',(1.17114299769E+03,378.17663596782,
    568.56942489143));
#13180 = CARTESIAN_POINT('',(1.171229578633E+03,402.62608198585,
    585.34666534072));
#13181 = CARTESIAN_POINT('',(1.170812707866E+03,436.38553806817,
    590.74356446362));
#13182 = CARTESIAN_POINT('',(1.171082820977E+03,457.50031604428,
    621.51814378869));
#13183 = CARTESIAN_POINT('',(1.171414795993E+03,465.40288829652,
    660.96979001243));
#13184 = CARTESIAN_POINT('',(1.170976821624E+03,501.75451130343,
    683.73900891609));
#13185 = CARTESIAN_POINT('',(1.170893962565E+03,528.09527190744,
    723.10991432343));
#13186 = CARTESIAN_POINT('',(1.171562498299E+03,520.2851736148,
    772.90639885335));
#13187 = CARTESIAN_POINT('',(1.170797040794E+03,560.06347397207,
    814.88833321289));
#13188 = CARTESIAN_POINT('',(1.170952307154E+03,565.87336347887,
    846.75100136985));
#13189 = CARTESIAN_POINT('',(1.171576443524E+03,555.98733525936,
    902.04846746909));
#13190 = CARTESIAN_POINT('',(1.170691047542E+03,584.43692552396,
    941.3108716174));
#13191 = CARTESIAN_POINT('',(1.171025088843E+03,585.92859226178,
    989.17996225609));
#13192 = CARTESIAN_POINT('',(1.171333185801E+03,563.59917946516,
    1.026009455203E+03));
#13193 = CARTESIAN_POINT('',(1.170945642635E+03,574.02309838434,
    1.064692085604E+03));
#13194 = CARTESIAN_POINT('',(1.170772794899E+03,573.62340074527,
    1.102100836399E+03));
#13195 = CARTESIAN_POINT('',(1.171220758265E+03,545.62059496856,
    1.122860445671E+03));
#13196 = CARTESIAN_POINT('',(1.171091133084E+03,533.69645239411,
    1.150038021821E+03));
#13197 = CARTESIAN_POINT('',(1.170755480752E+03,540.28135536635,
    1.177369309679E+03));
#13198 = CARTESIAN_POINT('',(1.170607681335E+03,522.57068502593,
    1.198301395043E+03));
#13199 = CARTESIAN_POINT('',(1.170737779651E+03,508.40876,1.1921703E+03)
  );
#13200 = CARTESIAN_POINT('',(1.222198767989E+03,335.,545.));
#13201 = CARTESIAN_POINT('',(1.222363092152E+03,342.97968579148,
    534.19627982346));
#13202 = CARTESIAN_POINT('',(1.221808298917E+03,371.97972116129,
    539.10908037346));
#13203 = CARTESIAN_POINT('',(1.223477688127E+03,382.00830972396,
    564.1539642543));
#13204 = CARTESIAN_POINT('',(1.223520681299E+03,404.46700754532,
    584.66004012605));
#13205 = CARTESIAN_POINT('',(1.222314191556E+03,438.07810444745,
    589.79540861961));
#13206 = CARTESIAN_POINT('',(1.222293478292E+03,462.74028717531,
    617.98989800297));
#13207 = CARTESIAN_POINT('',(1.224263837698E+03,469.93976713787,
    658.01187155413));
#13208 = CARTESIAN_POINT('',(1.22273073799E+03,503.79412596118,
    683.49416473497));
#13209 = CARTESIAN_POINT('',(1.222089026511E+03,532.11931485322,
    721.03699264854));
#13210 = CARTESIAN_POINT('',(1.224640843818E+03,525.70183571271,
    771.41827617484));
#13211 = CARTESIAN_POINT('',(1.222156175328E+03,563.50655289275,
    813.36644434654));
#13212 = CARTESIAN_POINT('',(1.222564881885E+03,569.74886396182,
    846.32642701493));
#13213 = CARTESIAN_POINT('',(1.224543645875E+03,561.5205396128,
    900.68273964039));
#13214 = CARTESIAN_POINT('',(1.222021190465E+03,588.93117321149,
    941.03076125262));
#13215 = CARTESIAN_POINT('',(1.222613906706E+03,588.26465311899,
    988.4905098827));
#13216 = CARTESIAN_POINT('',(1.224271815549E+03,568.74845922348,
    1.026406238611E+03));
#13217 = CARTESIAN_POINT('',(1.222205263984E+03,580.75289186509,
    1.064914345278E+03));
#13218 = CARTESIAN_POINT('',(1.222286839377E+03,575.86016163491,
    1.102137173732E+03));
#13219 = CARTESIAN_POINT('',(1.223648648133E+03,547.8339340472,
    1.122440551754E+03));
#13220 = CARTESIAN_POINT('',(1.223498870177E+03,539.08697820459,
    1.151762627958E+03));
#13221 = CARTESIAN_POINT('',(1.221850014703E+03,542.34864053145,
    1.178130508334E+03));
#13222 = CARTESIAN_POINT('',(1.222283150303E+03,521.46237680671,
    1.198121029926E+03));
#13223 = CARTESIAN_POINT('',(1.222198767989E+03,508.40876,1.1921703E+03)
  );
#13224 = CARTESIAN_POINT('',(1.273722764595E+03,335.,545.));
#13225 = CARTESIAN_POINT('',(1.274472054654E+03,343.94054588064,
    539.61415455742));
#13226 = CARTESIAN_POINT('',(1.273074282656E+03,373.02773775643,
    535.17700641006));
#13227 = CARTESIAN_POINT('',(1.273989899581E+03,392.64512885486,
    553.91713664037));
#13228 = CARTESIAN_POINT('',(1.275913264876E+03,409.06068428492,
    579.90529777478));
#13229 = CARTESIAN_POINT('',(1.274071274481E+03,441.02833211027,
    589.60659402517));
#13230 = CARTESIAN_POINT('',(1.272903075008E+03,470.97097300771,
    611.70389866207));
#13231 = CARTESIAN_POINT('',(1.27599600198E+03,480.43320069259,
    651.75824382451));
#13232 = CARTESIAN_POINT('',(1.274653946495E+03,508.12054948462,
    682.10524590145));
#13233 = CARTESIAN_POINT('',(1.272891200793E+03,539.408968859,
    717.40350464119));
#13234 = CARTESIAN_POINT('',(1.276769102003E+03,536.72597623474,
    768.18445094396));
#13235 = CARTESIAN_POINT('',(1.273345941527E+03,570.02187886996,
    810.59919543347));
#13236 = CARTESIAN_POINT('',(1.273828195303E+03,577.82808262603,
    845.30703535703));
#13237 = CARTESIAN_POINT('',(1.276621305555E+03,572.1600045366,
    898.05144033415));
#13238 = CARTESIAN_POINT('',(1.272883169955E+03,597.99700729038,
    940.64560789405));
#13239 = CARTESIAN_POINT('',(1.274423233375E+03,591.99637263879,
    987.12202388711));
#13240 = CARTESIAN_POINT('',(1.276174139115E+03,580.43415768974,
    1.026872202663E+03));
#13241 = CARTESIAN_POINT('',(1.27289474507E+03,591.33099556827,
    1.066004114419E+03));
#13242 = CARTESIAN_POINT('',(1.273964736496E+03,579.60266324336,
    1.10135387965E+03));
#13243 = CARTESIAN_POINT('',(1.276199340608E+03,553.91230402796,
    1.123995901205E+03));
#13244 = CARTESIAN_POINT('',(1.274243704859E+03,552.50145235872,
    1.155308499735E+03));
#13245 = CARTESIAN_POINT('',(1.272869150142E+03,546.62568556063,
    1.181433288033E+03));
#13246 = CARTESIAN_POINT('',(1.274734532108E+03,518.74415621806,
    1.192804611896E+03));
#13247 = CARTESIAN_POINT('',(1.273722764595E+03,508.40875999999,
    1.1921703E+03));
#13248 = CARTESIAN_POINT('',(1.308081419737E+03,335.,545.));
#13249 = CARTESIAN_POINT('',(1.307580203976E+03,347.6709031646,
    544.69069967519));
#13250 = CARTESIAN_POINT('',(1.308834261647E+03,370.39851293082,
    540.65873646106));
#13251 = CARTESIAN_POINT('',(1.306577202861E+03,400.05399630589,
    545.40844412709));
#13252 = CARTESIAN_POINT('',(1.308708161556E+03,418.56190955432,
    568.74060003479));
#13253 = CARTESIAN_POINT('',(1.308815715411E+03,443.88793612043,
    589.51852691205));
#13254 = CARTESIAN_POINT('',(1.307086041351E+03,475.5940990367,
    607.85145911492));
#13255 = CARTESIAN_POINT('',(1.308846150473E+03,491.9067949013,
    645.17686297169));
#13256 = CARTESIAN_POINT('',(1.308784588237E+03,514.51504614354,
    678.28524037049));
#13257 = CARTESIAN_POINT('',(1.307081738533E+03,544.03877925313,
    715.67304269287));
#13258 = CARTESIAN_POINT('',(1.309862944726E+03,549.33302672263,
    763.7111194458));
#13259 = CARTESIAN_POINT('',(1.307430332389E+03,575.89476431829,
    808.62533020609));
#13260 = CARTESIAN_POINT('',(1.308019757117E+03,584.20716871731,
    844.16133742331));
#13261 = CARTESIAN_POINT('',(1.309658988666E+03,585.12063219871,
    895.58834338452));
#13262 = CARTESIAN_POINT('',(1.307036899271E+03,603.66923107282,
    940.13338995215));
#13263 = CARTESIAN_POINT('',(1.30887033574E+03,597.60593000741,
    986.76272629131));
#13264 = CARTESIAN_POINT('',(1.309002029632E+03,593.73917851474,
    1.027041717102E+03));
#13265 = CARTESIAN_POINT('',(1.307083661374E+03,597.92803513138,
    1.067175132881E+03));
#13266 = CARTESIAN_POINT('',(1.308653438369E+03,582.22607807418,
    1.100132677869E+03));
#13267 = CARTESIAN_POINT('',(1.30947820099E+03,566.78881975352,
    1.129126590961E+03));
#13268 = CARTESIAN_POINT('',(1.30598736627E+03,565.97435926514,
    1.159363501353E+03));
#13269 = CARTESIAN_POINT('',(1.309325386396E+03,540.34665019263,
    1.178083650579E+03));
#13270 = CARTESIAN_POINT('',(1.307499531082E+03,520.71723062974,
    1.187559906122E+03));
#13271 = CARTESIAN_POINT('',(1.308081419737E+03,508.40876,1.1921703E+03)
  );
#13272 = CARTESIAN_POINT('',(1.325E+03,335.,545.));
#13273 = CARTESIAN_POINT('',(1.325E+03,346.53878598261,541.86172788709)
  );
#13274 = CARTESIAN_POINT('',(1.325E+03,371.49043446127,542.62486753864)
  );
#13275 = CARTESIAN_POINT('',(1.325E+03,396.92952198439,550.01271621234)
  );
#13276 = CARTESIAN_POINT('',(1.325E+03,422.98389447471,564.00227486326)
  );
#13277 = CARTESIAN_POINT('',(1.325E+03,448.74248737053,584.01267651689)
  );
#13278 = CARTESIAN_POINT('',(1.325E+03,474.01249150422,609.81230828032)
  );
#13279 = CARTESIAN_POINT('',(1.325E+03,498.21050233145,640.90755851178)
  );
#13280 = CARTESIAN_POINT('',(1.325E+03,520.09857146569,675.18140542517)
  );
#13281 = CARTESIAN_POINT('',(1.325E+03,541.94522031641,717.00681871347)
  );
#13282 = CARTESIAN_POINT('',(1.325E+03,560.08309490841,759.38018322343)
  );
#13283 = CARTESIAN_POINT('',(1.325E+03,576.66533882721,808.98983103105)
  );
#13284 = CARTESIAN_POINT('',(1.325E+03,585.79312646421,843.23917620933)
  );
#13285 = CARTESIAN_POINT('',(1.325E+03,596.20037829501,894.17529207864)
  );
#13286 = CARTESIAN_POINT('',(1.325E+03,601.6213326257,939.93123945761));
#13287 = CARTESIAN_POINT('',(1.325E+03,603.62531327799,986.82551860113)
  );
#13288 = CARTESIAN_POINT('',(1.325E+03,601.79817874497,
    1.027490371414E+03));
#13289 = CARTESIAN_POINT('',(1.325E+03,596.38684567999,
    1.066566412849E+03));
#13290 = CARTESIAN_POINT('',(1.325E+03,587.39759921946,
    1.101536093715E+03));
#13291 = CARTESIAN_POINT('',(1.325E+03,575.11498923028,
    1.131697356871E+03));
#13292 = CARTESIAN_POINT('',(1.325E+03,559.53616476782,
    1.156865336926E+03));
#13293 = CARTESIAN_POINT('',(1.325E+03,541.18841998404,
    1.175990406575E+03));
#13294 = CARTESIAN_POINT('',(1.325E+03,519.99906973837,
    1.189099758778E+03));
#13295 = CARTESIAN_POINT('',(1.325E+03,508.40876,1.1921703E+03));
#13296 = DEFINITIONAL_REPRESENTATION('',(#13297),#13301);
#13297 = LINE('',#13298,#13299);
#13298 = CARTESIAN_POINT('',(0.,0.));
#13299 = VECTOR('',#13300,1.);
#13300 = DIRECTION('',(0.,1.));
#13301 = ( GEOMETRIC_REPRESENTATION_CONTEXT(2) 
PARAMETRIC_REPRESENTATION_CONTEXT() REPRESENTATION_CONTEXT('2D SPACE',''
  ) );
#13302 = ORIENTED_EDGE('',*,*,#13303,.T.);
#13303 = EDGE_CURVE('',#13024,#13304,#13306,.T.);
#13304 = VERTEX_POINT('',#13305);
#13305 = CARTESIAN_POINT('',(1.325E+03,335.,545.));
#13306 = SURFACE_CURVE('',#13307,(#13318),.PCURVE_S1.);
#13307 = B_SPLINE_CURVE_WITH_KNOTS('',3,(#13308,#13309,#13310,#13311,
    #13312,#13313,#13314,#13315,#13316,#13317),.UNSPECIFIED.,.F.,.F.,(4,
    1,1,1,1,1,1,4),(0.,0.143714537028,0.286500710688,0.428898391918,
    0.571189535088,0.713585941987,0.856261540637,1.),.UNSPECIFIED.);
#13308 = CARTESIAN_POINT('',(965.,335.,545.));
#13309 = CARTESIAN_POINT('',(982.1745412256,335.,545.));
#13310 = CARTESIAN_POINT('',(1.016177776637E+03,335.,544.99999999999));
#13311 = CARTESIAN_POINT('',(1.067811615846E+03,335.,545.));
#13312 = CARTESIAN_POINT('',(1.119255926244E+03,335.,544.99999999999));
#13313 = CARTESIAN_POINT('',(1.170737779651E+03,335.,545.));
#13314 = CARTESIAN_POINT('',(1.222198767989E+03,335.,545.));
#13315 = CARTESIAN_POINT('',(1.273722764595E+03,335.,545.));
#13316 = CARTESIAN_POINT('',(1.308081419737E+03,335.,545.));
#13317 = CARTESIAN_POINT('',(1.325E+03,335.,545.));
#13318 = PCURVE('',#13055,#13319);
#13319 = DEFINITIONAL_REPRESENTATION('',(#13320),#13324);
#13320 = LINE('',#13321,#13322);
#13321 = CARTESIAN_POINT('',(0.,0.));
#13322 = VECTOR('',#13323,1.);
#13323 = DIRECTION('',(1.,0.));
#13324 = ( GEOMETRIC_REPRESENTATION_CONTEXT(2) 
PARAMETRIC_REPRESENTATION_CONTEXT() REPRESENTATION_CONTEXT('2D SPACE',''
  ) );
#13325 = ORIENTED_EDGE('',*,*,#13326,.T.);
#13326 = EDGE_CURVE('',#13304,#13327,#13329,.T.);
#13327 = VERTEX_POINT('',#13328);
#13328 = CARTESIAN_POINT('',(1.325E+03,508.40876,1.1921703E+03));
#13329 = SURFACE_CURVE('',#13330,(#13355),.PCURVE_S1.);
#13330 = B_SPLINE_CURVE_WITH_KNOTS('',2,(#13331,#13332,#13333,#13334,
    #13335,#13336,#13337,#13338,#13339,#13340,#13341,#13342,#13343,
    #13344,#13345,#13346,#13347,#13348,#13349,#13350,#13351,#13352,
    #13353,#13354),.UNSPECIFIED.,.F.,.F.,(3,1,1,1,1,1,1,1,1,1,1,1,1,1,1,
    1,1,1,1,1,1,1,3),(0.,2.942309942059E-02,6.063174657987E-02,
    9.512227834188E-02,0.133396776488,0.175855398181,0.222477995833,
    0.272940172553,0.326531469664,0.382901928297,0.440927398828,
    0.499909383295,0.558998848615,0.617004442937,0.673375103004,
    0.72699936201,0.777382249255,0.823993497277,0.866525378361,
    0.904851645271,0.939354213751,0.970600243469,1.),.UNSPECIFIED.);
#13331 = CARTESIAN_POINT('',(1.325E+03,335.,545.));
#13332 = CARTESIAN_POINT('',(1.325E+03,346.53878598261,541.86172788709)
  );
#13333 = CARTESIAN_POINT('',(1.325E+03,371.49043446127,542.62486753864)
  );
#13334 = CARTESIAN_POINT('',(1.325E+03,396.92952198439,550.01271621234)
  );
#13335 = CARTESIAN_POINT('',(1.325E+03,422.98389447471,564.00227486326)
  );
#13336 = CARTESIAN_POINT('',(1.325E+03,448.74248737053,584.01267651689)
  );
#13337 = CARTESIAN_POINT('',(1.325E+03,474.01249150422,609.81230828032)
  );
#13338 = CARTESIAN_POINT('',(1.325E+03,498.21050233145,640.90755851178)
  );
#13339 = CARTESIAN_POINT('',(1.325E+03,520.09857146569,675.18140542517)
  );
#13340 = CARTESIAN_POINT('',(1.325E+03,541.94522031641,717.00681871347)
  );
#13341 = CARTESIAN_POINT('',(1.325E+03,560.08309490841,759.38018322343)
  );
#13342 = CARTESIAN_POINT('',(1.325E+03,576.66533882721,808.98983103105)
  );
#13343 = CARTESIAN_POINT('',(1.325E+03,585.79312646421,843.23917620933)
  );
#13344 = CARTESIAN_POINT('',(1.325E+03,596.20037829501,894.17529207864)
  );
#13345 = CARTESIAN_POINT('',(1.325E+03,601.6213326257,939.93123945761));
#13346 = CARTESIAN_POINT('',(1.325E+03,603.62531327799,986.82551860113)
  );
#13347 = CARTESIAN_POINT('',(1.325E+03,601.79817874497,
    1.027490371414E+03));
#13348 = CARTESIAN_POINT('',(1.325E+03,596.38684567999,
    1.066566412849E+03));
#13349 = CARTESIAN_POINT('',(1.325E+03,587.39759921946,
    1.101536093715E+03));
#13350 = CARTESIAN_POINT('',(1.325E+03,575.11498923028,
    1.131697356871E+03));
#13351 = CARTESIAN_POINT('',(1.325E+03,559.53616476782,
    1.156865336926E+03));
#13352 = CARTESIAN_POINT('',(1.325E+03,541.18841998404,
    1.175990406575E+03));
#13353 = CARTESIAN_POINT('',(1.325E+03,519.99906973837,
    1.189099758778E+03));
#13354 = CARTESIAN_POINT('',(1.325E+03,508.40876,1.1921703E+03));
#13355 = PCURVE('',#13055,#13356);
#13356 = DEFINITIONAL_REPRESENTATION('',(#13357),#13361);
#13357 = LINE('',#13358,#13359);
#13358 = CARTESIAN_POINT('',(1.,0.));
#13359 = VECTOR('',#13360,1.);
#13360 = DIRECTION('',(0.,1.));
#13361 = ( GEOMETRIC_REPRESENTATION_CONTEXT(2) 
PARAMETRIC_REPRESENTATION_CONTEXT() REPRESENTATION_CONTEXT('2D SPACE',''
  ) );
#13362 = ORIENTED_EDGE('',*,*,#13363,.F.);
#13363 = EDGE_CURVE('',#13026,#13327,#13364,.T.);
#13364 = SURFACE_CURVE('',#13365,(#13376),.PCURVE_S1.);
#13365 = B_SPLINE_CURVE_WITH_KNOTS('',3,(#13366,#13367,#13368,#13369,
    #13370,#13371,#13372,#13373,#13374,#13375),.UNSPECIFIED.,.F.,.F.,(4,
    1,1,1,1,1,1,4),(0.,0.143714537028,0.286500710688,0.428898391918,
    0.571189535088,0.713585941987,0.856261540637,1.),.UNSPECIFIED.);
#13366 = CARTESIAN_POINT('',(965.,508.40876,1.1921703E+03));
#13367 = CARTESIAN_POINT('',(982.1745412256,508.40876,1.1921703E+03));
#13368 = CARTESIAN_POINT('',(1.016177776637E+03,508.40875999999,
    1.1921703E+03));
#13369 = CARTESIAN_POINT('',(1.067811615846E+03,508.40876,1.1921703E+03)
  );
#13370 = CARTESIAN_POINT('',(1.119255926244E+03,508.40876,1.1921703E+03)
  );
#13371 = CARTESIAN_POINT('',(1.170737779651E+03,508.40876,1.1921703E+03)
  );
#13372 = CARTESIAN_POINT('',(1.222198767989E+03,508.40876,1.1921703E+03)
  );
#13373 = CARTESIAN_POINT('',(1.273722764595E+03,508.40875999999,
    1.1921703E+03));
#13374 = CARTESIAN_POINT('',(1.308081419737E+03,508.40876,1.1921703E+03)
  );
#13375 = CARTESIAN_POINT('',(1.325E+03,508.40876,1.1921703E+03));
#13376 = PCURVE('',#13055,#13377);
#13377 = DEFINITIONAL_REPRESENTATION('',(#13378),#13382);
#13378 = LINE('',#13379,#13380);
#13379 = CARTESIAN_POINT('',(0.,1.));
#13380 = VECTOR('',#13381,1.);
#13381 = DIRECTION('',(1.,0.));
#13382 = ( GEOMETRIC_REPRESENTATION_CONTEXT(2) 
PARAMETRIC_REPRESENTATION_CONTEXT() REPRESENTATION_CONTEXT('2D SPACE',''
  ) );
#13383 = ( GEOMETRIC_REPRESENTATION_CONTEXT(3) 
GLOBAL_UNCERTAINTY_ASSIGNED_CONTEXT((#13387)) 
GLOBAL_UNIT_ASSIGNED_CONTEXT((#13384,#13385,#13386)) 
REPRESENTATION_CONTEXT('Context #1',
  '3D Context with UNIT and UNCERTAINTY') );
#13384 = ( LENGTH_UNIT() NAMED_UNIT(*) SI_UNIT(.MILLI.,.METRE.) );
#13385 = ( NAMED_UNIT(*) PLANE_ANGLE_UNIT() SI_UNIT($,.RADIAN.) );
#13386 = ( NAMED_UNIT(*) SI_UNIT($,.STERADIAN.) SOLID_ANGLE_UNIT() );
#13387 = UNCERTAINTY_MEASURE_WITH_UNIT(LENGTH_MEASURE(1.E-07),#13384,
  'distance_accuracy_value','confusion accuracy');
#13388 = CONTEXT_DEPENDENT_SHAPE_REPRESENTATION(#13389,#13391);
#13389 = ( REPRESENTATION_RELATIONSHIP('','',#13016,#10) 
REPRESENTATION_RELATIONSHIP_WITH_TRANSFORMATION(#13390) 
SHAPE_REPRESENTATION_RELATIONSHIP() );
#13390 = ITEM_DEFINED_TRANSFORMATION('','',#11,#167);
#13391 = PRODUCT_DEFINITION_SHAPE('Placement','Placement of an item',
  #13392);
#13392 = NEXT_ASSEMBLY_USAGE_OCCURRENCE('81','PASSIVE_HOOD_105','',#5,
  #13011,$);
#13393 = PRODUCT_RELATED_PRODUCT_CATEGORY('part',$,(#13013));
#13394 = SHAPE_DEFINITION_REPRESENTATION(#13395,#13401);
#13395 = PRODUCT_DEFINITION_SHAPE('','',#13396);
#13396 = PRODUCT_DEFINITION('design','',#13397,#13400);
#13397 = PRODUCT_DEFINITION_FORMATION('','',#13398);
#13398 = PRODUCT('FLEXIBLE_RIB_0_105','FLEXIBLE_RIB_0_105','',(#13399));
#13399 = PRODUCT_CONTEXT('',#2,'mechanical');
#13400 = PRODUCT_DEFINITION_CONTEXT('part definition',#2,'design');
#13401 = GEOMETRICALLY_BOUNDED_WIREFRAME_SHAPE_REPRESENTATION('',(#11,
    #13402),#13739);
#13402 = GEOMETRIC_CURVE_SET('',(#13403,#13410,#13417,#13424,#13431,
    #13438,#13445,#13452,#13459,#13466,#13473,#13480,#13487,#13494,
    #13501,#13508,#13515,#13522,#13529,#13536,#13543,#13550,#13557,
    #13564,#13571,#13578,#13585,#13592,#13599,#13606,#13613,#13620,
    #13627,#13634,#13641,#13648,#13655,#13662,#13669,#13676,#13683,
    #13690,#13697,#13704,#13711,#13718,#13725,#13732));
#13403 = TRIMMED_CURVE('',#13404,(#13408,PARAMETER_VALUE(0.)),(#13409,
    PARAMETER_VALUE(10.815326508358)),.T.,.PARAMETER.);
#13404 = LINE('',#13405,#13406);
#13405 = CARTESIAN_POINT('',(965.,335.,545.));
#13406 = VECTOR('',#13407,1.);
#13407 = DIRECTION('',(0.,0.980963916933,-0.194190096751));
#13408 = CARTESIAN_POINT('',(965.,335.,545.));
#13409 = CARTESIAN_POINT('',(965.,345.60944505454,542.89977069894));
#13410 = TRIMMED_CURVE('',#13411,(#13415,PARAMETER_VALUE(0.)),(#13416,
    PARAMETER_VALUE(10.958035671346)),.T.,.PARAMETER.);
#13411 = LINE('',#13412,#13413);
#13412 = CARTESIAN_POINT('',(965.,345.60944505454,542.89977069894));
#13413 = VECTOR('',#13414,1.);
#13414 = DIRECTION('',(0.,0.997924771987,-6.43906006681E-02));
#13415 = CARTESIAN_POINT('',(965.,345.60944505454,542.89977069894));
#13416 = CARTESIAN_POINT('',(965.,356.54474030329,542.19417619992));
#13417 = TRIMMED_CURVE('',#13418,(#13422,PARAMETER_VALUE(0.)),(#13423,
    PARAMETER_VALUE(11.235652909727)),.T.,.PARAMETER.);
#13418 = LINE('',#13419,#13420);
#13419 = CARTESIAN_POINT('',(965.,356.54474030329,542.19417619992));
#13420 = VECTOR('',#13421,1.);
#13421 = DIRECTION('',(0.,0.998101215835,6.159515361885E-02));
#13422 = CARTESIAN_POINT('',(965.,356.54474030329,542.19417619992));
#13423 = CARTESIAN_POINT('',(965.,367.75905913319,542.8862379669));
#13424 = TRIMMED_CURVE('',#13425,(#13429,PARAMETER_VALUE(0.)),(#13430,
    PARAMETER_VALUE(11.633998309548)),.T.,.PARAMETER.);
#13425 = LINE('',#13426,#13427);
#13426 = CARTESIAN_POINT('',(965.,367.75905913319,542.8862379669));
#13427 = VECTOR('',#13428,1.);
#13428 = DIRECTION('',(0.,0.983782245074,0.179366926376));
#13429 = CARTESIAN_POINT('',(965.,367.75905913319,542.8862379669));
#13430 = CARTESIAN_POINT('',(965.,379.20438010934,544.97299248516));
#13431 = TRIMMED_CURVE('',#13432,(#13436,PARAMETER_VALUE(0.)),(#13437,
    PARAMETER_VALUE(12.134773664001)),.T.,.PARAMETER.);
#13432 = LINE('',#13433,#13434);
#13433 = CARTESIAN_POINT('',(965.,379.20438010934,544.97299248516));
#13434 = VECTOR('',#13435,1.);
#13435 = DIRECTION('',(0.,0.958181242009,0.286162030085));
#13436 = CARTESIAN_POINT('',(965.,379.20438010934,544.97299248516));
#13437 = CARTESIAN_POINT('',(965.,390.83169261021,548.44550395147));
#13438 = TRIMMED_CURVE('',#13439,(#13443,PARAMETER_VALUE(0.)),(#13444,
    PARAMETER_VALUE(12.717888247246)),.T.,.PARAMETER.);
#13439 = LINE('',#13440,#13441);
#13440 = CARTESIAN_POINT('',(965.,390.83169261021,548.44550395147));
#13441 = VECTOR('',#13442,1.);
#13442 = DIRECTION('',(0.,0.924643609048,0.380833554518));
#13443 = CARTESIAN_POINT('',(965.,390.83169261021,548.44550395147));
#13444 = CARTESIAN_POINT('',(965.,402.59120669861,553.28890253863));
#13445 = TRIMMED_CURVE('',#13446,(#13450,PARAMETER_VALUE(0.)),(#13451,
    PARAMETER_VALUE(13.363300646539)),.T.,.PARAMETER.);
#13446 = LINE('',#13447,#13448);
#13447 = CARTESIAN_POINT('',(965.,402.59120669861,553.28890253863));
#13448 = VECTOR('',#13449,1.);
#13449 = DIRECTION('',(0.,0.886110396261,0.463474234061));
#13450 = CARTESIAN_POINT('',(965.,402.59120669861,553.28890253863));
#13451 = CARTESIAN_POINT('',(965.,414.43256632987,559.48244807031));
#13452 = TRIMMED_CURVE('',#13453,(#13457,PARAMETER_VALUE(0.)),(#13458,
    PARAMETER_VALUE(14.052191308873)),.T.,.PARAMETER.);
#13453 = LINE('',#13454,#13455);
#13454 = CARTESIAN_POINT('',(965.,414.43256632987,559.48244807031));
#13455 = VECTOR('',#13456,1.);
#13456 = DIRECTION('',(0.,0.84488592514,0.534946514616));
#13457 = CARTESIAN_POINT('',(965.,414.43256632987,559.48244807031));
#13458 = CARTESIAN_POINT('',(965.,426.30506498411,566.99961883371));
#13459 = TRIMMED_CURVE('',#13460,(#13464,PARAMETER_VALUE(0.)),(#13465,
    PARAMETER_VALUE(14.767544185746)),.T.,.PARAMETER.);
#13460 = LINE('',#13461,#13462);
#13461 = CARTESIAN_POINT('',(965.,426.30506498411,566.99961883371));
#13462 = VECTOR('',#13463,1.);
#13463 = DIRECTION('',(0.,0.802624841762,0.596484168596));
#13464 = CARTESIAN_POINT('',(965.,426.30506498411,566.99961883371));
#13465 = CARTESIAN_POINT('',(965.,438.15786279942,575.80822514955));
#13466 = TRIMMED_CURVE('',#13467,(#13471,PARAMETER_VALUE(0.)),(#13472,
    PARAMETER_VALUE(15.49431818382)),.T.,.PARAMETER.);
#13467 = LINE('',#13468,#13469);
#13468 = CARTESIAN_POINT('',(965.,438.15786279942,575.80822514955));
#13469 = VECTOR('',#13470,1.);
#13470 = DIRECTION('',(0.,0.760429812829,0.649420125774));
#13471 = CARTESIAN_POINT('',(965.,438.15786279942,575.80822514955));
#13472 = CARTESIAN_POINT('',(965.,449.94020427586,585.87054721327));
#13473 = TRIMMED_CURVE('',#13474,(#13478,PARAMETER_VALUE(0.)),(#13479,
    PARAMETER_VALUE(16.219382516457)),.T.,.PARAMETER.);
#13474 = LINE('',#13475,#13476);
#13475 = CARTESIAN_POINT('',(965.,449.94020427586,585.87054721327));
#13476 = VECTOR('',#13477,1.);
#13477 = DIRECTION('',(0.,0.718981214648,0.695029505117));
#13478 = CARTESIAN_POINT('',(965.,449.94020427586,585.87054721327));
#13479 = CARTESIAN_POINT('',(965.,461.60163561837,597.143496617));
#13480 = TRIMMED_CURVE('',#13481,(#13485,PARAMETER_VALUE(0.)),(#13486,
    PARAMETER_VALUE(16.931341918666)),.T.,.PARAMETER.);
#13481 = LINE('',#13482,#13483);
#13482 = CARTESIAN_POINT('',(965.,461.60163561837,597.143496617));
#13483 = VECTOR('',#13484,1.);
#13484 = DIRECTION('',(0.,0.678657676662,0.734454735098));
#13485 = CARTESIAN_POINT('',(965.,461.60163561837,597.143496617));
#13486 = CARTESIAN_POINT('',(965.,473.09222078766,609.57880086072));
#13487 = TRIMMED_CURVE('',#13488,(#13492,PARAMETER_VALUE(0.)),(#13493,
    PARAMETER_VALUE(17.620328305304)),.T.,.PARAMETER.);
#13488 = LINE('',#13489,#13490);
#13489 = CARTESIAN_POINT('',(965.,473.09222078766,609.57880086072));
#13490 = VECTOR('',#13491,1.);
#13491 = DIRECTION('',(0.,0.639632494413,0.768680864918));
#13492 = CARTESIAN_POINT('',(965.,473.09222078766,609.57880086072));
#13493 = CARTESIAN_POINT('',(965.,484.36275533396,623.12321006258));
#13494 = TRIMMED_CURVE('',#13495,(#13499,PARAMETER_VALUE(0.)),(#13500,
    PARAMETER_VALUE(18.277799089013)),.T.,.PARAMETER.);
#13495 = LINE('',#13496,#13497);
#13496 = CARTESIAN_POINT('',(965.,484.36275533396,623.12321006258));
#13497 = VECTOR('',#13498,1.);
#13498 = DIRECTION('',(0.,0.601944561843,0.798537879169));
#13499 = CARTESIAN_POINT('',(965.,484.36275533396,623.12321006258));
#13500 = CARTESIAN_POINT('',(965.,495.36497709806,637.71872498299));
#13501 = TRIMMED_CURVE('',#13502,(#13506,PARAMETER_VALUE(0.)),(#13507,
    PARAMETER_VALUE(18.896359775682)),.T.,.PARAMETER.);
#13502 = LINE('',#13503,#13504);
#13503 = CARTESIAN_POINT('',(965.,495.36497709806,637.71872498299));
#13504 = VECTOR('',#13505,1.);
#13505 = DIRECTION('',(0.,0.565547857157,0.824715478977));
#13506 = CARTESIAN_POINT('',(965.,495.36497709806,637.71872498299));
#13507 = CARTESIAN_POINT('',(965.,506.05177287727,653.30284538632));
#13508 = TRIMMED_CURVE('',#13509,(#13513,PARAMETER_VALUE(0.)),(#13514,
    PARAMETER_VALUE(19.469616007398)),.T.,.PARAMETER.);
#13509 = LINE('',#13510,#13511);
#13510 = CARTESIAN_POINT('',(965.,506.05177287727,653.30284538632));
#13511 = VECTOR('',#13512,1.);
#13512 = DIRECTION('',(0.,0.53034468118,0.847782117731));
#13513 = CARTESIAN_POINT('',(965.,506.05177287727,653.30284538632));
#13514 = CARTESIAN_POINT('',(965.,516.37738017141,669.80883767648));
#13515 = TRIMMED_CURVE('',#13516,(#13520,PARAMETER_VALUE(0.)),(#13521,
    PARAMETER_VALUE(19.992054125885)),.T.,.PARAMETER.);
#13516 = LINE('',#13517,#13518);
#13517 = CARTESIAN_POINT('',(965.,516.37738017141,669.80883767648));
#13518 = VECTOR('',#13519,1.);
#13519 = DIRECTION('',(0.,0.496207288703,0.868204081215));
#13520 = CARTESIAN_POINT('',(965.,516.37738017141,669.80883767648));
#13521 = CARTESIAN_POINT('',(965.,526.29758314481,687.16602066045));
#13522 = TRIMMED_CURVE('',#13523,(#13527,PARAMETER_VALUE(0.)),(#13528,
    PARAMETER_VALUE(20.458946810227)),.T.,.PARAMETER.);
#13523 = LINE('',#13524,#13525);
#13524 = CARTESIAN_POINT('',(965.,526.29758314481,687.16602066045));
#13525 = VECTOR('',#13526,1.);
#13526 = DIRECTION('',(0.,0.462991517033,0.886362710833));
#13527 = CARTESIAN_POINT('',(965.,526.29758314481,687.16602066045));
#13528 = CARTESIAN_POINT('',(965.,535.76990196537,705.30006821595));
#13529 = TRIMMED_CURVE('',#13530,(#13534,PARAMETER_VALUE(0.)),(#13535,
    PARAMETER_VALUE(20.866279670417)),.T.,.PARAMETER.);
#13530 = LINE('',#13531,#13532);
#13531 = CARTESIAN_POINT('',(965.,535.76990196537,705.30006821595));
#13532 = VECTOR('',#13533,1.);
#13533 = DIRECTION('',(0.,0.430545017426,0.902569104263));
#13534 = CARTESIAN_POINT('',(965.,535.76990196537,705.30006821595));
#13535 = CARTESIAN_POINT('',(965.,544.7537747097,724.13332756737));
#13536 = TRIMMED_CURVE('',#13537,(#13541,PARAMETER_VALUE(0.)),(#13542,
    PARAMETER_VALUE(21.210694870205)),.T.,.PARAMETER.);
#13537 = LINE('',#13538,#13539);
#13538 = CARTESIAN_POINT('',(965.,544.7537747097,724.13332756737));
#13539 = VECTOR('',#13540,1.);
#13540 = DIRECTION('',(0.,0.39871189499,0.917076237176));
#13541 = CARTESIAN_POINT('',(965.,544.7537747097,724.13332756737));
#13542 = CARTESIAN_POINT('',(965.,553.21073105545,743.58515180683));
#13543 = TRIMMED_CURVE('',#13544,(#13548,PARAMETER_VALUE(0.)),(#13549,
    PARAMETER_VALUE(21.489448389545)),.T.,.PARAMETER.);
#13544 = LINE('',#13545,#13546);
#13545 = CARTESIAN_POINT('',(965.,553.21073105545,743.58515180683));
#13546 = VECTOR('',#13547,1.);
#13547 = DIRECTION('',(0.,0.367334973829,0.930088714587));
#13548 = CARTESIAN_POINT('',(965.,553.21073105545,743.58515180683));
#13549 = CARTESIAN_POINT('',(965.,561.10455701723,763.57224523665));
#13550 = TRIMMED_CURVE('',#13551,(#13555,PARAMETER_VALUE(0.)),(#13556,
    PARAMETER_VALUE(21.700378163655)),.T.,.PARAMETER.);
#13551 = LINE('',#13552,#13553);
#13552 = CARTESIAN_POINT('',(965.,561.10455701723,763.57224523665));
#13553 = VECTOR('',#13554,1.);
#13554 = DIRECTION('',(0.,0.336256490469,0.941770445819));
#13555 = CARTESIAN_POINT('',(965.,561.10455701723,763.57224523665));
#13556 = CARTESIAN_POINT('',(965.,568.40145002039,784.00902005427));
#13557 = TRIMMED_CURVE('',#13558,(#13562,PARAMETER_VALUE(0.)),(#13563,
    PARAMETER_VALUE(21.841880939584)),.T.,.PARAMETER.);
#13558 = LINE('',#13559,#13560);
#13559 = CARTESIAN_POINT('',(965.,568.40145002039,784.00902005427));
#13560 = VECTOR('',#13561,1.);
#13561 = DIRECTION('',(0.,0.305317735542,0.952250534452));
#13562 = CARTESIAN_POINT('',(965.,568.40145002039,784.00902005427));
#13563 = CARTESIAN_POINT('',(965.,575.07016364884,804.80796285241));
#13564 = TRIMMED_CURVE('',#13565,(#13569,PARAMETER_VALUE(0.)),(#13570,
    PARAMETER_VALUE(21.912896231925)),.T.,.PARAMETER.);
#13565 = LINE('',#13566,#13567);
#13566 = CARTESIAN_POINT('',(965.,575.07016364884,804.80796285241));
#13567 = VECTOR('',#13568,1.);
#13568 = DIRECTION('',(0.,0.274357973248,0.961627631942));
#13569 = CARTESIAN_POINT('',(965.,575.07016364884,804.80796285241));
#13570 = CARTESIAN_POINT('',(965.,581.08214144704,825.88000936492));
#13571 = TRIMMED_CURVE('',#13572,(#13576,PARAMETER_VALUE(0.)),(#13577,
    PARAMETER_VALUE(21.912896231925)),.T.,.PARAMETER.);
#13572 = LINE('',#13573,#13574);
#13573 = CARTESIAN_POINT('',(965.,581.08214144704,825.88000936492));
#13574 = VECTOR('',#13575,1.);
#13575 = DIRECTION('',(0.,0.243212841407,0.969972944867));
#13576 = CARTESIAN_POINT('',(965.,581.08214144704,825.88000936492));
#13577 = CARTESIAN_POINT('',(965.,586.41163920306,847.13492585357));
#13578 = TRIMMED_CURVE('',#13579,(#13583,PARAMETER_VALUE(0.)),(#13584,
    PARAMETER_VALUE(21.841880939585)),.T.,.PARAMETER.);
#13579 = LINE('',#13580,#13581);
#13580 = CARTESIAN_POINT('',(965.,586.41163920306,847.13492585357));
#13581 = VECTOR('',#13582,1.);
#13582 = DIRECTION('',(0.,0.21171235202,0.977332021373));
#13583 = CARTESIAN_POINT('',(965.,586.41163920306,847.13492585357));
#13584 = CARTESIAN_POINT('',(965.,591.03583518933,868.48169550285));
#13585 = TRIMMED_CURVE('',#13586,(#13590,PARAMETER_VALUE(0.)),(#13591,
    PARAMETER_VALUE(21.700378163655)),.T.,.PARAMETER.);
#13586 = LINE('',#13587,#13588);
#13587 = CARTESIAN_POINT('',(965.,591.03583518933,868.48169550285));
#13588 = VECTOR('',#13589,1.);
#13589 = DIRECTION('',(0.,0.179678559976,0.983725375847));
#13590 = CARTESIAN_POINT('',(965.,591.03583518933,868.48169550285));
#13591 = CARTESIAN_POINT('',(965.,594.93492788871,889.82890816791));
#13592 = TRIMMED_CURVE('',#13593,(#13597,PARAMETER_VALUE(0.)),(#13598,
    PARAMETER_VALUE(21.489448389545)),.T.,.PARAMETER.);
#13593 = LINE('',#13594,#13595);
#13594 = CARTESIAN_POINT('',(965.,594.93492788871,889.82890816791));
#13595 = VECTOR('',#13596,1.);
#13596 = DIRECTION('',(0.,0.146922938259,0.98914794152));
#13597 = CARTESIAN_POINT('',(965.,594.93492788871,889.82890816791));
#13598 = CARTESIAN_POINT('',(965.,598.09222078766,911.08515180683));
#13599 = TRIMMED_CURVE('',#13600,(#13604,PARAMETER_VALUE(0.)),(#13605,
    PARAMETER_VALUE(21.210694870205)),.T.,.PARAMETER.);
#13600 = LINE('',#13601,#13602);
#13601 = CARTESIAN_POINT('',(965.,598.09222078766,911.08515180683));
#13602 = VECTOR('',#13603,1.);
#13603 = DIRECTION('',(0.,0.113243488736,0.993567266097));
#13604 = CARTESIAN_POINT('',(965.,598.09222078766,911.08515180683));
#13605 = CARTESIAN_POINT('',(965.,600.49419387327,932.15940392104));
#13606 = TRIMMED_CURVE('',#13607,(#13611,PARAMETER_VALUE(0.)),(#13612,
    PARAMETER_VALUE(20.866279670417)),.T.,.PARAMETER.);
#13607 = LINE('',#13608,#13609);
#13608 = CARTESIAN_POINT('',(965.,600.49419387327,932.15940392104));
#13609 = VECTOR('',#13610,1.);
#13610 = DIRECTION('',(0.,7.842162956739E-02,0.996920281676));
#13611 = CARTESIAN_POINT('',(965.,600.49419387327,932.15940392104));
#13612 = CARTESIAN_POINT('',(965.,602.13056152804,952.96142132759));
#13613 = TRIMMED_CURVE('',#13614,(#13618,PARAMETER_VALUE(0.)),(#13619,
    PARAMETER_VALUE(20.458946810227)),.T.,.PARAMETER.);
#13614 = LINE('',#13615,#13616);
#13615 = CARTESIAN_POINT('',(965.,602.13056152804,952.96142132759));
#13616 = VECTOR('',#13617,1.);
#13617 = DIRECTION('',(0.,4.221893992927E-02,0.999108383065));
#13618 = CARTESIAN_POINT('',(965.,602.13056152804,952.96142132759));
#13619 = CARTESIAN_POINT('',(965.,602.99431657443,973.40212659437));
#13620 = TRIMMED_CURVE('',#13621,(#13625,PARAMETER_VALUE(0.)),(#13626,
    PARAMETER_VALUE(19.992054125885)),.T.,.PARAMETER.);
#13621 = LINE('',#13622,#13623);
#13622 = CARTESIAN_POINT('',(965.,602.99431657443,973.40212659437));
#13623 = VECTOR('',#13624,1.);
#13624 = DIRECTION('',(0.,4.373923047884E-03,0.999990434353));
#13625 = CARTESIAN_POINT('',(965.,602.99431657443,973.40212659437));
#13626 = CARTESIAN_POINT('',(965.,603.08176028075,993.39398948332));
#13627 = TRIMMED_CURVE('',#13628,(#13632,PARAMETER_VALUE(0.)),(#13633,
    PARAMETER_VALUE(19.469616007398)),.T.,.PARAMETER.);
#13628 = LINE('',#13629,#13630);
#13629 = CARTESIAN_POINT('',(965.,603.08176028075,993.39398948332));
#13630 = VECTOR('',#13631,1.);
#13631 = DIRECTION('',(0.,-3.540090779797E-02,0.999373191419));
#13632 = CARTESIAN_POINT('',(965.,603.08176028075,993.39398948332));
#13633 = CARTESIAN_POINT('',(965.,602.39251819961,1.012851401768E+03));
#13634 = TRIMMED_CURVE('',#13635,(#13639,PARAMETER_VALUE(0.)),(#13640,
    PARAMETER_VALUE(18.896359775682)),.T.,.PARAMETER.);
#13635 = LINE('',#13636,#13637);
#13636 = CARTESIAN_POINT('',(965.,602.39251819961,1.012851401768E+03));
#13637 = VECTOR('',#13638,1.);
#13638 = DIRECTION('',(0.,-7.742107186554E-02,0.996998484267));
#13639 = CARTESIAN_POINT('',(965.,602.39251819961,1.012851401768E+03));
#13640 = CARTESIAN_POINT('',(965.,600.92954177142,1.031691043823E+03));
#13641 = TRIMMED_CURVE('',#13642,(#13646,PARAMETER_VALUE(0.)),(#13647,
    PARAMETER_VALUE(18.277799089013)),.T.,.PARAMETER.);
#13642 = LINE('',#13643,#13644);
#13643 = CARTESIAN_POINT('',(965.,600.92954177142,1.031691043823E+03));
#13644 = VECTOR('',#13645,1.);
#13645 = DIRECTION('',(0.,-0.122030342642,0.992526370166));
#13646 = CARTESIAN_POINT('',(965.,600.92954177142,1.031691043823E+03));
#13647 = CARTESIAN_POINT('',(965.,598.69909568585,1.049832241407E+03));
#13648 = TRIMMED_CURVE('',#13649,(#13653,PARAMETER_VALUE(0.)),(#13654,
    PARAMETER_VALUE(17.620328305304)),.T.,.PARAMETER.);
#13649 = LINE('',#13650,#13651);
#13650 = CARTESIAN_POINT('',(965.,598.69909568585,1.049832241407E+03));
#13651 = VECTOR('',#13652,1.);
#13652 = DIRECTION('',(0.,-0.169597556789,0.985513403628));
#13653 = CARTESIAN_POINT('',(965.,598.69909568585,1.049832241407E+03));
#13654 = CARTESIAN_POINT('',(965.,595.71073105545,1.067197311129E+03));
#13655 = TRIMMED_CURVE('',#13656,(#13660,PARAMETER_VALUE(0.)),(#13661,
    PARAMETER_VALUE(16.931341918666)),.T.,.PARAMETER.);
#13656 = LINE('',#13657,#13658);
#13657 = CARTESIAN_POINT('',(965.,595.71073105545,1.067197311129E+03));
#13658 = VECTOR('',#13659,1.);
#13659 = DIRECTION('',(0.,-0.220507420913,0.975385296856));
#13660 = CARTESIAN_POINT('',(965.,595.71073105545,1.067197311129E+03));
#13661 = CARTESIAN_POINT('',(965.,591.97724451636,1.083711893092E+03));
#13662 = TRIMMED_CURVE('',#13663,(#13667,PARAMETER_VALUE(0.)),(#13668,
    PARAMETER_VALUE(16.219382516457)),.T.,.PARAMETER.);
#13663 = LINE('',#13664,#13665);
#13664 = CARTESIAN_POINT('',(965.,591.97724451636,1.083711893092E+03));
#13665 = VECTOR('',#13666,1.);
#13666 = DIRECTION('',(0.,-0.27514124417,0.961403815135));
#13667 = CARTESIAN_POINT('',(965.,591.97724451636,1.083711893092E+03));
#13668 = CARTESIAN_POINT('',(965.,587.51462343112,1.099305269322E+03));
#13669 = TRIMMED_CURVE('',#13670,(#13674,PARAMETER_VALUE(0.)),(#13675,
    PARAMETER_VALUE(15.49431818382)),.T.,.PARAMETER.);
#13670 = LINE('',#13671,#13672);
#13671 = CARTESIAN_POINT('',(965.,587.51462343112,1.099305269322E+03));
#13672 = VECTOR('',#13673,1.);
#13673 = DIRECTION('',(0.,-0.333841472818,0.942629233064));
#13674 = CARTESIAN_POINT('',(965.,587.51462343112,1.099305269322E+03));
#13675 = CARTESIAN_POINT('',(965.,582.34197742832,1.113910666589E+03));
#13676 = TRIMMED_CURVE('',#13677,(#13681,PARAMETER_VALUE(0.)),(#13682,
    PARAMETER_VALUE(14.767544185746)),.T.,.PARAMETER.);
#13677 = LINE('',#13678,#13679);
#13678 = CARTESIAN_POINT('',(965.,582.34197742832,1.113910666589E+03));
#13679 = VECTOR('',#13680,1.);
#13680 = DIRECTION('',(0.,-0.396851418377,0.917882863841));
#13681 = CARTESIAN_POINT('',(965.,582.34197742832,1.113910666589E+03));
#13682 = CARTESIAN_POINT('',(965.,576.48145657226,1.127465542338E+03));
#13683 = TRIMMED_CURVE('',#13684,(#13688,PARAMETER_VALUE(0.)),(#13689,
    PARAMETER_VALUE(14.052191308874)),.T.,.PARAMETER.);
#13684 = LINE('',#13685,#13686);
#13685 = CARTESIAN_POINT('',(965.,576.48145657226,1.127465542338E+03));
#13686 = VECTOR('',#13687,1.);
#13687 = DIRECTION('',(0.,-0.464219417164,0.885720233893));
#13688 = CARTESIAN_POINT('',(965.,576.48145657226,1.127465542338E+03));
#13689 = CARTESIAN_POINT('',(965.,569.95815651299,1.139911852511E+03));
#13690 = TRIMMED_CURVE('',#13691,(#13695,PARAMETER_VALUE(0.)),(#13696,
    PARAMETER_VALUE(13.363300646539)),.T.,.PARAMETER.);
#13691 = LINE('',#13692,#13693);
#13692 = CARTESIAN_POINT('',(965.,569.95815651299,1.139911852511E+03));
#13693 = VECTOR('',#13694,1.);
#13694 = DIRECTION('',(0.,-0.535656996689,0.844435658827));
#13695 = CARTESIAN_POINT('',(965.,569.95815651299,1.139911852511E+03));
#13696 = CARTESIAN_POINT('',(965.,562.80001102282,1.151196300096E+03));
#13697 = TRIMMED_CURVE('',#13698,(#13702,PARAMETER_VALUE(0.)),(#13703,
    PARAMETER_VALUE(12.717888247246)),.T.,.PARAMETER.);
#13698 = LINE('',#13699,#13700);
#13699 = CARTESIAN_POINT('',(965.,562.80001102282,1.151196300096E+03));
#13700 = VECTOR('',#13701,1.);
#13701 = DIRECTION('',(0.,-0.610348077624,0.79213333735));
#13702 = CARTESIAN_POINT('',(965.,562.80001102282,1.151196300096E+03));
#13703 = CARTESIAN_POINT('',(965.,555.03767237968,1.161270563358E+03));
#13704 = TRIMMED_CURVE('',#13705,(#13709,PARAMETER_VALUE(0.)),(#13710,
    PARAMETER_VALUE(12.134773664001)),.T.,.PARAMETER.);
#13705 = LINE('',#13706,#13707);
#13706 = CARTESIAN_POINT('',(965.,555.03767237968,1.161270563358E+03));
#13707 = VECTOR('',#13708,1.);
#13708 = DIRECTION('',(0.,-0.686728281967,0.726914208656));
#13709 = CARTESIAN_POINT('',(965.,555.03767237968,1.161270563358E+03));
#13710 = CARTESIAN_POINT('',(965.,546.70438010934,1.170091502753E+03));
#13711 = TRIMMED_CURVE('',#13712,(#13716,PARAMETER_VALUE(0.)),(#13717,
    PARAMETER_VALUE(11.633998309548)),.T.,.PARAMETER.);
#13712 = LINE('',#13713,#13714);
#13713 = CARTESIAN_POINT('',(965.,546.70438010934,1.170091502753E+03));
#13714 = VECTOR('',#13715,1.);
#13715 = DIRECTION('',(0.,-0.762296952838,0.647227437378));
#13716 = CARTESIAN_POINT('',(965.,546.70438010934,1.170091502753E+03));
#13717 = CARTESIAN_POINT('',(965.,537.83581864865,1.177621345665E+03));
#13718 = TRIMMED_CURVE('',#13719,(#13723,PARAMETER_VALUE(0.)),(#13724,
    PARAMETER_VALUE(11.235652909727)),.T.,.PARAMETER.);
#13719 = LINE('',#13720,#13721);
#13720 = CARTESIAN_POINT('',(965.,537.83581864865,1.177621345665E+03));
#13721 = VECTOR('',#13722,1.);
#13722 = DIRECTION('',(0.,-0.833583431652,0.552393575701));
#13723 = CARTESIAN_POINT('',(965.,537.83581864865,1.177621345665E+03));
#13724 = CARTESIAN_POINT('',(965.,528.46996453932,1.183827848151E+03));
#13725 = TRIMMED_CURVE('',#13726,(#13730,PARAMETER_VALUE(0.)),(#13731,
    PARAMETER_VALUE(10.958035671346)),.T.,.PARAMETER.);
#13726 = LINE('',#13727,#13728);
#13727 = CARTESIAN_POINT('',(965.,528.46996453932,1.183827848151E+03));
#13728 = VECTOR('',#13729,1.);
#13729 = DIRECTION('',(0.,-0.896423503941,0.44319849005));
#13730 = CARTESIAN_POINT('',(965.,528.46996453932,1.183827848151E+03));
#13731 = CARTESIAN_POINT('',(965.,518.6469238065,1.188684433015E+03));
#13732 = TRIMMED_CURVE('',#13733,(#13737,PARAMETER_VALUE(0.)),(#13738,
    PARAMETER_VALUE(10.815326508358)),.T.,.PARAMETER.);
#13733 = LINE('',#13734,#13735);
#13734 = CARTESIAN_POINT('',(965.,518.6469238065,1.188684433015E+03));
#13735 = VECTOR('',#13736,1.);
#13736 = DIRECTION('',(0.,-0.946634720635,0.322308401516));
#13737 = CARTESIAN_POINT('',(965.,518.6469238065,1.188684433015E+03));
#13738 = CARTESIAN_POINT('',(965.,508.40876021868,1.192170303614E+03));
#13739 = ( GEOMETRIC_REPRESENTATION_CONTEXT(3) 
GLOBAL_UNCERTAINTY_ASSIGNED_CONTEXT((#13743)) 
GLOBAL_UNIT_ASSIGNED_CONTEXT((#13740,#13741,#13742)) 
REPRESENTATION_CONTEXT('Context #1',
  '3D Context with UNIT and UNCERTAINTY') );
#13740 = ( LENGTH_UNIT() NAMED_UNIT(*) SI_UNIT(.MILLI.,.METRE.) );
#13741 = ( NAMED_UNIT(*) PLANE_ANGLE_UNIT() SI_UNIT($,.RADIAN.) );
#13742 = ( NAMED_UNIT(*) SI_UNIT($,.STERADIAN.) SOLID_ANGLE_UNIT() );
#13743 = UNCERTAINTY_MEASURE_WITH_UNIT(LENGTH_MEASURE(1.E-07),#13740,
  'distance_accuracy_value','confusion accuracy');
#13744 = CONTEXT_DEPENDENT_SHAPE_REPRESENTATION(#13745,#13747);
#13745 = ( REPRESENTATION_RELATIONSHIP('','',#13401,#10) 
REPRESENTATION_RELATIONSHIP_WITH_TRANSFORMATION(#13746) 
SHAPE_REPRESENTATION_RELATIONSHIP() );
#13746 = ITEM_DEFINED_TRANSFORMATION('','',#11,#171);
#13747 = PRODUCT_DEFINITION_SHAPE('Placement','Placement of an item',
  #13748);
#13748 = NEXT_ASSEMBLY_USAGE_OCCURRENCE('82','FLEXIBLE_RIB_0_105','',#5,
  #13396,$);
#13749 = PRODUCT_RELATED_PRODUCT_CATEGORY('part',$,(#13398));
#13750 = SHAPE_DEFINITION_REPRESENTATION(#13751,#13757);
#13751 = PRODUCT_DEFINITION_SHAPE('','',#13752);
#13752 = PRODUCT_DEFINITION('design','',#13753,#13756);
#13753 = PRODUCT_DEFINITION_FORMATION('','',#13754);
#13754 = PRODUCT('FLEXIBLE_RIB_1_105','FLEXIBLE_RIB_1_105','',(#13755));
#13755 = PRODUCT_CONTEXT('',#2,'mechanical');
#13756 = PRODUCT_DEFINITION_CONTEXT('part definition',#2,'design');
#13757 = GEOMETRICALLY_BOUNDED_WIREFRAME_SHAPE_REPRESENTATION('',(#11,
    #13758),#14095);
#13758 = GEOMETRIC_CURVE_SET('',(#13759,#13766,#13773,#13780,#13787,
    #13794,#13801,#13808,#13815,#13822,#13829,#13836,#13843,#13850,
    #13857,#13864,#13871,#13878,#13885,#13892,#13899,#13906,#13913,
    #13920,#13927,#13934,#13941,#13948,#13955,#13962,#13969,#13976,
    #13983,#13990,#13997,#14004,#14011,#14018,#14025,#14032,#14039,
    #14046,#14053,#14060,#14067,#14074,#14081,#14088));
#13759 = TRIMMED_CURVE('',#13760,(#13764,PARAMETER_VALUE(0.)),(#13765,
    PARAMETER_VALUE(10.815326508358)),.T.,.PARAMETER.);
#13760 = LINE('',#13761,#13762);
#13761 = CARTESIAN_POINT('',(1.325E+03,335.,545.));
#13762 = VECTOR('',#13763,1.);
#13763 = DIRECTION('',(0.,0.980963916933,-0.194190096751));
#13764 = CARTESIAN_POINT('',(1.325E+03,335.,545.));
#13765 = CARTESIAN_POINT('',(1.325E+03,345.60944505454,542.89977069894)
  );
#13766 = TRIMMED_CURVE('',#13767,(#13771,PARAMETER_VALUE(0.)),(#13772,
    PARAMETER_VALUE(10.958035671346)),.T.,.PARAMETER.);
#13767 = LINE('',#13768,#13769);
#13768 = CARTESIAN_POINT('',(1.325E+03,345.60944505454,542.89977069894)
  );
#13769 = VECTOR('',#13770,1.);
#13770 = DIRECTION('',(0.,0.997924771987,-6.43906006681E-02));
#13771 = CARTESIAN_POINT('',(1.325E+03,345.60944505454,542.89977069894)
  );
#13772 = CARTESIAN_POINT('',(1.325E+03,356.54474030329,542.19417619992)
  );
#13773 = TRIMMED_CURVE('',#13774,(#13778,PARAMETER_VALUE(0.)),(#13779,
    PARAMETER_VALUE(11.235652909727)),.T.,.PARAMETER.);
#13774 = LINE('',#13775,#13776);
#13775 = CARTESIAN_POINT('',(1.325E+03,356.54474030329,542.19417619992)
  );
#13776 = VECTOR('',#13777,1.);
#13777 = DIRECTION('',(0.,0.998101215835,6.159515361885E-02));
#13778 = CARTESIAN_POINT('',(1.325E+03,356.54474030329,542.19417619992)
  );
#13779 = CARTESIAN_POINT('',(1.325E+03,367.75905913319,542.8862379669));
#13780 = TRIMMED_CURVE('',#13781,(#13785,PARAMETER_VALUE(0.)),(#13786,
    PARAMETER_VALUE(11.633998309548)),.T.,.PARAMETER.);
#13781 = LINE('',#13782,#13783);
#13782 = CARTESIAN_POINT('',(1.325E+03,367.75905913319,542.8862379669));
#13783 = VECTOR('',#13784,1.);
#13784 = DIRECTION('',(0.,0.983782245074,0.179366926376));
#13785 = CARTESIAN_POINT('',(1.325E+03,367.75905913319,542.8862379669));
#13786 = CARTESIAN_POINT('',(1.325E+03,379.20438010934,544.97299248516)
  );
#13787 = TRIMMED_CURVE('',#13788,(#13792,PARAMETER_VALUE(0.)),(#13793,
    PARAMETER_VALUE(12.134773664001)),.T.,.PARAMETER.);
#13788 = LINE('',#13789,#13790);
#13789 = CARTESIAN_POINT('',(1.325E+03,379.20438010934,544.97299248516)
  );
#13790 = VECTOR('',#13791,1.);
#13791 = DIRECTION('',(0.,0.958181242009,0.286162030085));
#13792 = CARTESIAN_POINT('',(1.325E+03,379.20438010934,544.97299248516)
  );
#13793 = CARTESIAN_POINT('',(1.325E+03,390.83169261021,548.44550395147)
  );
#13794 = TRIMMED_CURVE('',#13795,(#13799,PARAMETER_VALUE(0.)),(#13800,
    PARAMETER_VALUE(12.717888247246)),.T.,.PARAMETER.);
#13795 = LINE('',#13796,#13797);
#13796 = CARTESIAN_POINT('',(1.325E+03,390.83169261021,548.44550395147)
  );
#13797 = VECTOR('',#13798,1.);
#13798 = DIRECTION('',(0.,0.924643609048,0.380833554518));
#13799 = CARTESIAN_POINT('',(1.325E+03,390.83169261021,548.44550395147)
  );
#13800 = CARTESIAN_POINT('',(1.325E+03,402.59120669861,553.28890253863)
  );
#13801 = TRIMMED_CURVE('',#13802,(#13806,PARAMETER_VALUE(0.)),(#13807,
    PARAMETER_VALUE(13.363300646539)),.T.,.PARAMETER.);
#13802 = LINE('',#13803,#13804);
#13803 = CARTESIAN_POINT('',(1.325E+03,402.59120669861,553.28890253863)
  );
#13804 = VECTOR('',#13805,1.);
#13805 = DIRECTION('',(0.,0.886110396261,0.463474234061));
#13806 = CARTESIAN_POINT('',(1.325E+03,402.59120669861,553.28890253863)
  );
#13807 = CARTESIAN_POINT('',(1.325E+03,414.43256632987,559.48244807031)
  );
#13808 = TRIMMED_CURVE('',#13809,(#13813,PARAMETER_VALUE(0.)),(#13814,
    PARAMETER_VALUE(14.052191308873)),.T.,.PARAMETER.);
#13809 = LINE('',#13810,#13811);
#13810 = CARTESIAN_POINT('',(1.325E+03,414.43256632987,559.48244807031)
  );
#13811 = VECTOR('',#13812,1.);
#13812 = DIRECTION('',(0.,0.84488592514,0.534946514616));
#13813 = CARTESIAN_POINT('',(1.325E+03,414.43256632987,559.48244807031)
  );
#13814 = CARTESIAN_POINT('',(1.325E+03,426.30506498411,566.99961883371)
  );
#13815 = TRIMMED_CURVE('',#13816,(#13820,PARAMETER_VALUE(0.)),(#13821,
    PARAMETER_VALUE(14.767544185746)),.T.,.PARAMETER.);
#13816 = LINE('',#13817,#13818);
#13817 = CARTESIAN_POINT('',(1.325E+03,426.30506498411,566.99961883371)
  );
#13818 = VECTOR('',#13819,1.);
#13819 = DIRECTION('',(0.,0.802624841762,0.596484168596));
#13820 = CARTESIAN_POINT('',(1.325E+03,426.30506498411,566.99961883371)
  );
#13821 = CARTESIAN_POINT('',(1.325E+03,438.15786279942,575.80822514955)
  );
#13822 = TRIMMED_CURVE('',#13823,(#13827,PARAMETER_VALUE(0.)),(#13828,
    PARAMETER_VALUE(15.49431818382)),.T.,.PARAMETER.);
#13823 = LINE('',#13824,#13825);
#13824 = CARTESIAN_POINT('',(1.325E+03,438.15786279942,575.80822514955)
  );
#13825 = VECTOR('',#13826,1.);
#13826 = DIRECTION('',(0.,0.760429812829,0.649420125774));
#13827 = CARTESIAN_POINT('',(1.325E+03,438.15786279942,575.80822514955)
  );
#13828 = CARTESIAN_POINT('',(1.325E+03,449.94020427586,585.87054721327)
  );
#13829 = TRIMMED_CURVE('',#13830,(#13834,PARAMETER_VALUE(0.)),(#13835,
    PARAMETER_VALUE(16.219382516457)),.T.,.PARAMETER.);
#13830 = LINE('',#13831,#13832);
#13831 = CARTESIAN_POINT('',(1.325E+03,449.94020427586,585.87054721327)
  );
#13832 = VECTOR('',#13833,1.);
#13833 = DIRECTION('',(0.,0.718981214648,0.695029505117));
#13834 = CARTESIAN_POINT('',(1.325E+03,449.94020427586,585.87054721327)
  );
#13835 = CARTESIAN_POINT('',(1.325E+03,461.60163561837,597.143496617));
#13836 = TRIMMED_CURVE('',#13837,(#13841,PARAMETER_VALUE(0.)),(#13842,
    PARAMETER_VALUE(16.931341918666)),.T.,.PARAMETER.);
#13837 = LINE('',#13838,#13839);
#13838 = CARTESIAN_POINT('',(1.325E+03,461.60163561837,597.143496617));
#13839 = VECTOR('',#13840,1.);
#13840 = DIRECTION('',(0.,0.678657676662,0.734454735098));
#13841 = CARTESIAN_POINT('',(1.325E+03,461.60163561837,597.143496617));
#13842 = CARTESIAN_POINT('',(1.325E+03,473.09222078766,609.57880086072)
  );
#13843 = TRIMMED_CURVE('',#13844,(#13848,PARAMETER_VALUE(0.)),(#13849,
    PARAMETER_VALUE(17.620328305304)),.T.,.PARAMETER.);
#13844 = LINE('',#13845,#13846);
#13845 = CARTESIAN_POINT('',(1.325E+03,473.09222078766,609.57880086072)
  );
#13846 = VECTOR('',#13847,1.);
#13847 = DIRECTION('',(0.,0.639632494413,0.768680864918));
#13848 = CARTESIAN_POINT('',(1.325E+03,473.09222078766,609.57880086072)
  );
#13849 = CARTESIAN_POINT('',(1.325E+03,484.36275533396,623.12321006258)
  );
#13850 = TRIMMED_CURVE('',#13851,(#13855,PARAMETER_VALUE(0.)),(#13856,
    PARAMETER_VALUE(18.277799089013)),.T.,.PARAMETER.);
#13851 = LINE('',#13852,#13853);
#13852 = CARTESIAN_POINT('',(1.325E+03,484.36275533396,623.12321006258)
  );
#13853 = VECTOR('',#13854,1.);
#13854 = DIRECTION('',(0.,0.601944561843,0.798537879169));
#13855 = CARTESIAN_POINT('',(1.325E+03,484.36275533396,623.12321006258)
  );
#13856 = CARTESIAN_POINT('',(1.325E+03,495.36497709806,637.71872498299)
  );
#13857 = TRIMMED_CURVE('',#13858,(#13862,PARAMETER_VALUE(0.)),(#13863,
    PARAMETER_VALUE(18.896359775682)),.T.,.PARAMETER.);
#13858 = LINE('',#13859,#13860);
#13859 = CARTESIAN_POINT('',(1.325E+03,495.36497709806,637.71872498299)
  );
#13860 = VECTOR('',#13861,1.);
#13861 = DIRECTION('',(0.,0.565547857157,0.824715478977));
#13862 = CARTESIAN_POINT('',(1.325E+03,495.36497709806,637.71872498299)
  );
#13863 = CARTESIAN_POINT('',(1.325E+03,506.05177287727,653.30284538632)
  );
#13864 = TRIMMED_CURVE('',#13865,(#13869,PARAMETER_VALUE(0.)),(#13870,
    PARAMETER_VALUE(19.469616007398)),.T.,.PARAMETER.);
#13865 = LINE('',#13866,#13867);
#13866 = CARTESIAN_POINT('',(1.325E+03,506.05177287727,653.30284538632)
  );
#13867 = VECTOR('',#13868,1.);
#13868 = DIRECTION('',(0.,0.53034468118,0.847782117731));
#13869 = CARTESIAN_POINT('',(1.325E+03,506.05177287727,653.30284538632)
  );
#13870 = CARTESIAN_POINT('',(1.325E+03,516.37738017141,669.80883767648)
  );
#13871 = TRIMMED_CURVE('',#13872,(#13876,PARAMETER_VALUE(0.)),(#13877,
    PARAMETER_VALUE(19.992054125885)),.T.,.PARAMETER.);
#13872 = LINE('',#13873,#13874);
#13873 = CARTESIAN_POINT('',(1.325E+03,516.37738017141,669.80883767648)
  );
#13874 = VECTOR('',#13875,1.);
#13875 = DIRECTION('',(0.,0.496207288703,0.868204081215));
#13876 = CARTESIAN_POINT('',(1.325E+03,516.37738017141,669.80883767648)
  );
#13877 = CARTESIAN_POINT('',(1.325E+03,526.29758314481,687.16602066045)
  );
#13878 = TRIMMED_CURVE('',#13879,(#13883,PARAMETER_VALUE(0.)),(#13884,
    PARAMETER_VALUE(20.458946810227)),.T.,.PARAMETER.);
#13879 = LINE('',#13880,#13881);
#13880 = CARTESIAN_POINT('',(1.325E+03,526.29758314481,687.16602066045)
  );
#13881 = VECTOR('',#13882,1.);
#13882 = DIRECTION('',(0.,0.462991517033,0.886362710833));
#13883 = CARTESIAN_POINT('',(1.325E+03,526.29758314481,687.16602066045)
  );
#13884 = CARTESIAN_POINT('',(1.325E+03,535.76990196537,705.30006821595)
  );
#13885 = TRIMMED_CURVE('',#13886,(#13890,PARAMETER_VALUE(0.)),(#13891,
    PARAMETER_VALUE(20.866279670417)),.T.,.PARAMETER.);
#13886 = LINE('',#13887,#13888);
#13887 = CARTESIAN_POINT('',(1.325E+03,535.76990196537,705.30006821595)
  );
#13888 = VECTOR('',#13889,1.);
#13889 = DIRECTION('',(0.,0.430545017426,0.902569104263));
#13890 = CARTESIAN_POINT('',(1.325E+03,535.76990196537,705.30006821595)
  );
#13891 = CARTESIAN_POINT('',(1.325E+03,544.7537747097,724.13332756737));
#13892 = TRIMMED_CURVE('',#13893,(#13897,PARAMETER_VALUE(0.)),(#13898,
    PARAMETER_VALUE(21.210694870205)),.T.,.PARAMETER.);
#13893 = LINE('',#13894,#13895);
#13894 = CARTESIAN_POINT('',(1.325E+03,544.7537747097,724.13332756737));
#13895 = VECTOR('',#13896,1.);
#13896 = DIRECTION('',(0.,0.39871189499,0.917076237176));
#13897 = CARTESIAN_POINT('',(1.325E+03,544.7537747097,724.13332756737));
#13898 = CARTESIAN_POINT('',(1.325E+03,553.21073105545,743.58515180683)
  );
#13899 = TRIMMED_CURVE('',#13900,(#13904,PARAMETER_VALUE(0.)),(#13905,
    PARAMETER_VALUE(21.489448389545)),.T.,.PARAMETER.);
#13900 = LINE('',#13901,#13902);
#13901 = CARTESIAN_POINT('',(1.325E+03,553.21073105545,743.58515180683)
  );
#13902 = VECTOR('',#13903,1.);
#13903 = DIRECTION('',(0.,0.367334973829,0.930088714587));
#13904 = CARTESIAN_POINT('',(1.325E+03,553.21073105545,743.58515180683)
  );
#13905 = CARTESIAN_POINT('',(1.325E+03,561.10455701723,763.57224523665)
  );
#13906 = TRIMMED_CURVE('',#13907,(#13911,PARAMETER_VALUE(0.)),(#13912,
    PARAMETER_VALUE(21.700378163655)),.T.,.PARAMETER.);
#13907 = LINE('',#13908,#13909);
#13908 = CARTESIAN_POINT('',(1.325E+03,561.10455701723,763.57224523665)
  );
#13909 = VECTOR('',#13910,1.);
#13910 = DIRECTION('',(0.,0.336256490469,0.941770445819));
#13911 = CARTESIAN_POINT('',(1.325E+03,561.10455701723,763.57224523665)
  );
#13912 = CARTESIAN_POINT('',(1.325E+03,568.40145002039,784.00902005427)
  );
#13913 = TRIMMED_CURVE('',#13914,(#13918,PARAMETER_VALUE(0.)),(#13919,
    PARAMETER_VALUE(21.841880939584)),.T.,.PARAMETER.);
#13914 = LINE('',#13915,#13916);
#13915 = CARTESIAN_POINT('',(1.325E+03,568.40145002039,784.00902005427)
  );
#13916 = VECTOR('',#13917,1.);
#13917 = DIRECTION('',(0.,0.305317735542,0.952250534452));
#13918 = CARTESIAN_POINT('',(1.325E+03,568.40145002039,784.00902005427)
  );
#13919 = CARTESIAN_POINT('',(1.325E+03,575.07016364884,804.80796285241)
  );
#13920 = TRIMMED_CURVE('',#13921,(#13925,PARAMETER_VALUE(0.)),(#13926,
    PARAMETER_VALUE(21.912896231925)),.T.,.PARAMETER.);
#13921 = LINE('',#13922,#13923);
#13922 = CARTESIAN_POINT('',(1.325E+03,575.07016364884,804.80796285241)
  );
#13923 = VECTOR('',#13924,1.);
#13924 = DIRECTION('',(0.,0.274357973248,0.961627631942));
#13925 = CARTESIAN_POINT('',(1.325E+03,575.07016364884,804.80796285241)
  );
#13926 = CARTESIAN_POINT('',(1.325E+03,581.08214144704,825.88000936492)
  );
#13927 = TRIMMED_CURVE('',#13928,(#13932,PARAMETER_VALUE(0.)),(#13933,
    PARAMETER_VALUE(21.912896231925)),.T.,.PARAMETER.);
#13928 = LINE('',#13929,#13930);
#13929 = CARTESIAN_POINT('',(1.325E+03,581.08214144704,825.88000936492)
  );
#13930 = VECTOR('',#13931,1.);
#13931 = DIRECTION('',(0.,0.243212841407,0.969972944867));
#13932 = CARTESIAN_POINT('',(1.325E+03,581.08214144704,825.88000936492)
  );
#13933 = CARTESIAN_POINT('',(1.325E+03,586.41163920306,847.13492585357)
  );
#13934 = TRIMMED_CURVE('',#13935,(#13939,PARAMETER_VALUE(0.)),(#13940,
    PARAMETER_VALUE(21.841880939585)),.T.,.PARAMETER.);
#13935 = LINE('',#13936,#13937);
#13936 = CARTESIAN_POINT('',(1.325E+03,586.41163920306,847.13492585357)
  );
#13937 = VECTOR('',#13938,1.);
#13938 = DIRECTION('',(0.,0.21171235202,0.977332021373));
#13939 = CARTESIAN_POINT('',(1.325E+03,586.41163920306,847.13492585357)
  );
#13940 = CARTESIAN_POINT('',(1.325E+03,591.03583518933,868.48169550285)
  );
#13941 = TRIMMED_CURVE('',#13942,(#13946,PARAMETER_VALUE(0.)),(#13947,
    PARAMETER_VALUE(21.700378163655)),.T.,.PARAMETER.);
#13942 = LINE('',#13943,#13944);
#13943 = CARTESIAN_POINT('',(1.325E+03,591.03583518933,868.48169550285)
  );
#13944 = VECTOR('',#13945,1.);
#13945 = DIRECTION('',(0.,0.179678559976,0.983725375847));
#13946 = CARTESIAN_POINT('',(1.325E+03,591.03583518933,868.48169550285)
  );
#13947 = CARTESIAN_POINT('',(1.325E+03,594.93492788871,889.82890816791)
  );
#13948 = TRIMMED_CURVE('',#13949,(#13953,PARAMETER_VALUE(0.)),(#13954,
    PARAMETER_VALUE(21.489448389545)),.T.,.PARAMETER.);
#13949 = LINE('',#13950,#13951);
#13950 = CARTESIAN_POINT('',(1.325E+03,594.93492788871,889.82890816791)
  );
#13951 = VECTOR('',#13952,1.);
#13952 = DIRECTION('',(0.,0.146922938259,0.98914794152));
#13953 = CARTESIAN_POINT('',(1.325E+03,594.93492788871,889.82890816791)
  );
#13954 = CARTESIAN_POINT('',(1.325E+03,598.09222078766,911.08515180683)
  );
#13955 = TRIMMED_CURVE('',#13956,(#13960,PARAMETER_VALUE(0.)),(#13961,
    PARAMETER_VALUE(21.210694870205)),.T.,.PARAMETER.);
#13956 = LINE('',#13957,#13958);
#13957 = CARTESIAN_POINT('',(1.325E+03,598.09222078766,911.08515180683)
  );
#13958 = VECTOR('',#13959,1.);
#13959 = DIRECTION('',(0.,0.113243488736,0.993567266097));
#13960 = CARTESIAN_POINT('',(1.325E+03,598.09222078766,911.08515180683)
  );
#13961 = CARTESIAN_POINT('',(1.325E+03,600.49419387327,932.15940392104)
  );
#13962 = TRIMMED_CURVE('',#13963,(#13967,PARAMETER_VALUE(0.)),(#13968,
    PARAMETER_VALUE(20.866279670417)),.T.,.PARAMETER.);
#13963 = LINE('',#13964,#13965);
#13964 = CARTESIAN_POINT('',(1.325E+03,600.49419387327,932.15940392104)
  );
#13965 = VECTOR('',#13966,1.);
#13966 = DIRECTION('',(0.,7.842162956739E-02,0.996920281676));
#13967 = CARTESIAN_POINT('',(1.325E+03,600.49419387327,932.15940392104)
  );
#13968 = CARTESIAN_POINT('',(1.325E+03,602.13056152804,952.96142132759)
  );
#13969 = TRIMMED_CURVE('',#13970,(#13974,PARAMETER_VALUE(0.)),(#13975,
    PARAMETER_VALUE(20.458946810227)),.T.,.PARAMETER.);
#13970 = LINE('',#13971,#13972);
#13971 = CARTESIAN_POINT('',(1.325E+03,602.13056152804,952.96142132759)
  );
#13972 = VECTOR('',#13973,1.);
#13973 = DIRECTION('',(0.,4.221893992927E-02,0.999108383065));
#13974 = CARTESIAN_POINT('',(1.325E+03,602.13056152804,952.96142132759)
  );
#13975 = CARTESIAN_POINT('',(1.325E+03,602.99431657443,973.40212659437)
  );
#13976 = TRIMMED_CURVE('',#13977,(#13981,PARAMETER_VALUE(0.)),(#13982,
    PARAMETER_VALUE(19.992054125885)),.T.,.PARAMETER.);
#13977 = LINE('',#13978,#13979);
#13978 = CARTESIAN_POINT('',(1.325E+03,602.99431657443,973.40212659437)
  );
#13979 = VECTOR('',#13980,1.);
#13980 = DIRECTION('',(0.,4.373923047884E-03,0.999990434353));
#13981 = CARTESIAN_POINT('',(1.325E+03,602.99431657443,973.40212659437)
  );
#13982 = CARTESIAN_POINT('',(1.325E+03,603.08176028075,993.39398948332)
  );
#13983 = TRIMMED_CURVE('',#13984,(#13988,PARAMETER_VALUE(0.)),(#13989,
    PARAMETER_VALUE(19.469616007398)),.T.,.PARAMETER.);
#13984 = LINE('',#13985,#13986);
#13985 = CARTESIAN_POINT('',(1.325E+03,603.08176028075,993.39398948332)
  );
#13986 = VECTOR('',#13987,1.);
#13987 = DIRECTION('',(0.,-3.540090779797E-02,0.999373191419));
#13988 = CARTESIAN_POINT('',(1.325E+03,603.08176028075,993.39398948332)
  );
#13989 = CARTESIAN_POINT('',(1.325E+03,602.39251819961,
    1.012851401768E+03));
#13990 = TRIMMED_CURVE('',#13991,(#13995,PARAMETER_VALUE(0.)),(#13996,
    PARAMETER_VALUE(18.896359775682)),.T.,.PARAMETER.);
#13991 = LINE('',#13992,#13993);
#13992 = CARTESIAN_POINT('',(1.325E+03,602.39251819961,
    1.012851401768E+03));
#13993 = VECTOR('',#13994,1.);
#13994 = DIRECTION('',(0.,-7.742107186554E-02,0.996998484267));
#13995 = CARTESIAN_POINT('',(1.325E+03,602.39251819961,
    1.012851401768E+03));
#13996 = CARTESIAN_POINT('',(1.325E+03,600.92954177142,
    1.031691043823E+03));
#13997 = TRIMMED_CURVE('',#13998,(#14002,PARAMETER_VALUE(0.)),(#14003,
    PARAMETER_VALUE(18.277799089013)),.T.,.PARAMETER.);
#13998 = LINE('',#13999,#14000);
#13999 = CARTESIAN_POINT('',(1.325E+03,600.92954177142,
    1.031691043823E+03));
#14000 = VECTOR('',#14001,1.);
#14001 = DIRECTION('',(0.,-0.122030342642,0.992526370166));
#14002 = CARTESIAN_POINT('',(1.325E+03,600.92954177142,
    1.031691043823E+03));
#14003 = CARTESIAN_POINT('',(1.325E+03,598.69909568585,
    1.049832241407E+03));
#14004 = TRIMMED_CURVE('',#14005,(#14009,PARAMETER_VALUE(0.)),(#14010,
    PARAMETER_VALUE(17.620328305304)),.T.,.PARAMETER.);
#14005 = LINE('',#14006,#14007);
#14006 = CARTESIAN_POINT('',(1.325E+03,598.69909568585,
    1.049832241407E+03));
#14007 = VECTOR('',#14008,1.);
#14008 = DIRECTION('',(0.,-0.169597556789,0.985513403628));
#14009 = CARTESIAN_POINT('',(1.325E+03,598.69909568585,
    1.049832241407E+03));
#14010 = CARTESIAN_POINT('',(1.325E+03,595.71073105545,
    1.067197311129E+03));
#14011 = TRIMMED_CURVE('',#14012,(#14016,PARAMETER_VALUE(0.)),(#14017,
    PARAMETER_VALUE(16.931341918666)),.T.,.PARAMETER.);
#14012 = LINE('',#14013,#14014);
#14013 = CARTESIAN_POINT('',(1.325E+03,595.71073105545,
    1.067197311129E+03));
#14014 = VECTOR('',#14015,1.);
#14015 = DIRECTION('',(0.,-0.220507420913,0.975385296856));
#14016 = CARTESIAN_POINT('',(1.325E+03,595.71073105545,
    1.067197311129E+03));
#14017 = CARTESIAN_POINT('',(1.325E+03,591.97724451636,
    1.083711893092E+03));
#14018 = TRIMMED_CURVE('',#14019,(#14023,PARAMETER_VALUE(0.)),(#14024,
    PARAMETER_VALUE(16.219382516457)),.T.,.PARAMETER.);
#14019 = LINE('',#14020,#14021);
#14020 = CARTESIAN_POINT('',(1.325E+03,591.97724451636,
    1.083711893092E+03));
#14021 = VECTOR('',#14022,1.);
#14022 = DIRECTION('',(0.,-0.27514124417,0.961403815135));
#14023 = CARTESIAN_POINT('',(1.325E+03,591.97724451636,
    1.083711893092E+03));
#14024 = CARTESIAN_POINT('',(1.325E+03,587.51462343112,
    1.099305269322E+03));
#14025 = TRIMMED_CURVE('',#14026,(#14030,PARAMETER_VALUE(0.)),(#14031,
    PARAMETER_VALUE(15.49431818382)),.T.,.PARAMETER.);
#14026 = LINE('',#14027,#14028);
#14027 = CARTESIAN_POINT('',(1.325E+03,587.51462343112,
    1.099305269322E+03));
#14028 = VECTOR('',#14029,1.);
#14029 = DIRECTION('',(0.,-0.333841472818,0.942629233064));
#14030 = CARTESIAN_POINT('',(1.325E+03,587.51462343112,
    1.099305269322E+03));
#14031 = CARTESIAN_POINT('',(1.325E+03,582.34197742832,
    1.113910666589E+03));
#14032 = TRIMMED_CURVE('',#14033,(#14037,PARAMETER_VALUE(0.)),(#14038,
    PARAMETER_VALUE(14.767544185746)),.T.,.PARAMETER.);
#14033 = LINE('',#14034,#14035);
#14034 = CARTESIAN_POINT('',(1.325E+03,582.34197742832,
    1.113910666589E+03));
#14035 = VECTOR('',#14036,1.);
#14036 = DIRECTION('',(0.,-0.396851418377,0.917882863841));
#14037 = CARTESIAN_POINT('',(1.325E+03,582.34197742832,
    1.113910666589E+03));
#14038 = CARTESIAN_POINT('',(1.325E+03,576.48145657226,
    1.127465542338E+03));
#14039 = TRIMMED_CURVE('',#14040,(#14044,PARAMETER_VALUE(0.)),(#14045,
    PARAMETER_VALUE(14.052191308874)),.T.,.PARAMETER.);
#14040 = LINE('',#14041,#14042);
#14041 = CARTESIAN_POINT('',(1.325E+03,576.48145657226,
    1.127465542338E+03));
#14042 = VECTOR('',#14043,1.);
#14043 = DIRECTION('',(0.,-0.464219417164,0.885720233893));
#14044 = CARTESIAN_POINT('',(1.325E+03,576.48145657226,
    1.127465542338E+03));
#14045 = CARTESIAN_POINT('',(1.325E+03,569.95815651299,
    1.139911852511E+03));
#14046 = TRIMMED_CURVE('',#14047,(#14051,PARAMETER_VALUE(0.)),(#14052,
    PARAMETER_VALUE(13.363300646539)),.T.,.PARAMETER.);
#14047 = LINE('',#14048,#14049);
#14048 = CARTESIAN_POINT('',(1.325E+03,569.95815651299,
    1.139911852511E+03));
#14049 = VECTOR('',#14050,1.);
#14050 = DIRECTION('',(0.,-0.535656996689,0.844435658827));
#14051 = CARTESIAN_POINT('',(1.325E+03,569.95815651299,
    1.139911852511E+03));
#14052 = CARTESIAN_POINT('',(1.325E+03,562.80001102282,
    1.151196300096E+03));
#14053 = TRIMMED_CURVE('',#14054,(#14058,PARAMETER_VALUE(0.)),(#14059,
    PARAMETER_VALUE(12.717888247246)),.T.,.PARAMETER.);
#14054 = LINE('',#14055,#14056);
#14055 = CARTESIAN_POINT('',(1.325E+03,562.80001102282,
    1.151196300096E+03));
#14056 = VECTOR('',#14057,1.);
#14057 = DIRECTION('',(0.,-0.610348077624,0.79213333735));
#14058 = CARTESIAN_POINT('',(1.325E+03,562.80001102282,
    1.151196300096E+03));
#14059 = CARTESIAN_POINT('',(1.325E+03,555.03767237968,
    1.161270563358E+03));
#14060 = TRIMMED_CURVE('',#14061,(#14065,PARAMETER_VALUE(0.)),(#14066,
    PARAMETER_VALUE(12.134773664001)),.T.,.PARAMETER.);
#14061 = LINE('',#14062,#14063);
#14062 = CARTESIAN_POINT('',(1.325E+03,555.03767237968,
    1.161270563358E+03));
#14063 = VECTOR('',#14064,1.);
#14064 = DIRECTION('',(0.,-0.686728281967,0.726914208656));
#14065 = CARTESIAN_POINT('',(1.325E+03,555.03767237968,
    1.161270563358E+03));
#14066 = CARTESIAN_POINT('',(1.325E+03,546.70438010934,
    1.170091502753E+03));
#14067 = TRIMMED_CURVE('',#14068,(#14072,PARAMETER_VALUE(0.)),(#14073,
    PARAMETER_VALUE(11.633998309548)),.T.,.PARAMETER.);
#14068 = LINE('',#14069,#14070);
#14069 = CARTESIAN_POINT('',(1.325E+03,546.70438010934,
    1.170091502753E+03));
#14070 = VECTOR('',#14071,1.);
#14071 = DIRECTION('',(0.,-0.762296952838,0.647227437378));
#14072 = CARTESIAN_POINT('',(1.325E+03,546.70438010934,
    1.170091502753E+03));
#14073 = CARTESIAN_POINT('',(1.325E+03,537.83581864865,
    1.177621345665E+03));
#14074 = TRIMMED_CURVE('',#14075,(#14079,PARAMETER_VALUE(0.)),(#14080,
    PARAMETER_VALUE(11.235652909727)),.T.,.PARAMETER.);
#14075 = LINE('',#14076,#14077);
#14076 = CARTESIAN_POINT('',(1.325E+03,537.83581864865,
    1.177621345665E+03));
#14077 = VECTOR('',#14078,1.);
#14078 = DIRECTION('',(0.,-0.833583431652,0.552393575701));
#14079 = CARTESIAN_POINT('',(1.325E+03,537.83581864865,
    1.177621345665E+03));
#14080 = CARTESIAN_POINT('',(1.325E+03,528.46996453932,
    1.183827848151E+03));
#14081 = TRIMMED_CURVE('',#14082,(#14086,PARAMETER_VALUE(0.)),(#14087,
    PARAMETER_VALUE(10.958035671346)),.T.,.PARAMETER.);
#14082 = LINE('',#14083,#14084);
#14083 = CARTESIAN_POINT('',(1.325E+03,528.46996453932,
    1.183827848151E+03));
#14084 = VECTOR('',#14085,1.);
#14085 = DIRECTION('',(0.,-0.896423503941,0.44319849005));
#14086 = CARTESIAN_POINT('',(1.325E+03,528.46996453932,
    1.183827848151E+03));
#14087 = CARTESIAN_POINT('',(1.325E+03,518.6469238065,1.188684433015E+03
    ));
#14088 = TRIMMED_CURVE('',#14089,(#14093,PARAMETER_VALUE(0.)),(#14094,
    PARAMETER_VALUE(10.815326508358)),.T.,.PARAMETER.);
#14089 = LINE('',#14090,#14091);
#14090 = CARTESIAN_POINT('',(1.325E+03,518.6469238065,1.188684433015E+03
    ));
#14091 = VECTOR('',#14092,1.);
#14092 = DIRECTION('',(0.,-0.946634720635,0.322308401516));
#14093 = CARTESIAN_POINT('',(1.325E+03,518.6469238065,1.188684433015E+03
    ));
#14094 = CARTESIAN_POINT('',(1.325E+03,508.40876021868,
    1.192170303614E+03));
#14095 = ( GEOMETRIC_REPRESENTATION_CONTEXT(3) 
GLOBAL_UNCERTAINTY_ASSIGNED_CONTEXT((#14099)) 
GLOBAL_UNIT_ASSIGNED_CONTEXT((#14096,#14097,#14098)) 
REPRESENTATION_CONTEXT('Context #1',
  '3D Context with UNIT and UNCERTAINTY') );
#14096 = ( LENGTH_UNIT() NAMED_UNIT(*) SI_UNIT(.MILLI.,.METRE.) );
#14097 = ( NAMED_UNIT(*) PLANE_ANGLE_UNIT() SI_UNIT($,.RADIAN.) );
#14098 = ( NAMED_UNIT(*) SI_UNIT($,.STERADIAN.) SOLID_ANGLE_UNIT() );
#14099 = UNCERTAINTY_MEASURE_WITH_UNIT(LENGTH_MEASURE(1.E-07),#14096,
  'distance_accuracy_value','confusion accuracy');
#14100 = CONTEXT_DEPENDENT_SHAPE_REPRESENTATION(#14101,#14103);
#14101 = ( REPRESENTATION_RELATIONSHIP('','',#13757,#10) 
REPRESENTATION_RELATIONSHIP_WITH_TRANSFORMATION(#14102) 
SHAPE_REPRESENTATION_RELATIONSHIP() );
#14102 = ITEM_DEFINED_TRANSFORMATION('','',#11,#175);
#14103 = PRODUCT_DEFINITION_SHAPE('Placement','Placement of an item',
  #14104);
#14104 = NEXT_ASSEMBLY_USAGE_OCCURRENCE('83','FLEXIBLE_RIB_1_105','',#5,
  #13752,$);
#14105 = PRODUCT_RELATED_PRODUCT_CATEGORY('part',$,(#13754));
#14106 = SHAPE_DEFINITION_REPRESENTATION(#14107,#14113);
#14107 = PRODUCT_DEFINITION_SHAPE('','',#14108);
#14108 = PRODUCT_DEFINITION('design','',#14109,#14112);
#14109 = PRODUCT_DEFINITION_FORMATION('','',#14110);
#14110 = PRODUCT('LIMIT_TETHER_0','LIMIT_TETHER_0','',(#14111));
#14111 = PRODUCT_CONTEXT('',#2,'mechanical');
#14112 = PRODUCT_DEFINITION_CONTEXT('part definition',#2,'design');
#14113 = GEOMETRICALLY_BOUNDED_WIREFRAME_SHAPE_REPRESENTATION('',(#11,
    #14114),#14122);
#14114 = GEOMETRIC_CURVE_SET('',(#14115));
#14115 = TRIMMED_CURVE('',#14116,(#14120,PARAMETER_VALUE(0.)),(#14121,
    PARAMETER_VALUE(723.18756025385)),.T.,.PARAMETER.);
#14116 = LINE('',#14117,#14118);
#14117 = CARTESIAN_POINT('',(965.,280.,506.));
#14118 = VECTOR('',#14119,1.);
#14119 = DIRECTION('',(0.,0.315836129895,0.948813753617));
#14120 = CARTESIAN_POINT('',(965.,280.,506.));
#14121 = CARTESIAN_POINT('',(965.,508.40876021868,1.192170303614E+03));
#14122 = ( GEOMETRIC_REPRESENTATION_CONTEXT(3) 
GLOBAL_UNCERTAINTY_ASSIGNED_CONTEXT((#14126)) 
GLOBAL_UNIT_ASSIGNED_CONTEXT((#14123,#14124,#14125)) 
REPRESENTATION_CONTEXT('Context #1',
  '3D Context with UNIT and UNCERTAINTY') );
#14123 = ( LENGTH_UNIT() NAMED_UNIT(*) SI_UNIT(.MILLI.,.METRE.) );
#14124 = ( NAMED_UNIT(*) PLANE_ANGLE_UNIT() SI_UNIT($,.RADIAN.) );
#14125 = ( NAMED_UNIT(*) SI_UNIT($,.STERADIAN.) SOLID_ANGLE_UNIT() );
#14126 = UNCERTAINTY_MEASURE_WITH_UNIT(LENGTH_MEASURE(1.E-07),#14123,
  'distance_accuracy_value','confusion accuracy');
#14127 = CONTEXT_DEPENDENT_SHAPE_REPRESENTATION(#14128,#14130);
#14128 = ( REPRESENTATION_RELATIONSHIP('','',#14113,#10) 
REPRESENTATION_RELATIONSHIP_WITH_TRANSFORMATION(#14129) 
SHAPE_REPRESENTATION_RELATIONSHIP() );
#14129 = ITEM_DEFINED_TRANSFORMATION('','',#11,#179);
#14130 = PRODUCT_DEFINITION_SHAPE('Placement','Placement of an item',
  #14131);
#14131 = NEXT_ASSEMBLY_USAGE_OCCURRENCE('84','LIMIT_TETHER_0','',#5,
  #14108,$);
#14132 = PRODUCT_RELATED_PRODUCT_CATEGORY('part',$,(#14110));
#14133 = SHAPE_DEFINITION_REPRESENTATION(#14134,#14140);
#14134 = PRODUCT_DEFINITION_SHAPE('','',#14135);
#14135 = PRODUCT_DEFINITION('design','',#14136,#14139);
#14136 = PRODUCT_DEFINITION_FORMATION('','',#14137);
#14137 = PRODUCT('LIMIT_TETHER_1','LIMIT_TETHER_1','',(#14138));
#14138 = PRODUCT_CONTEXT('',#2,'mechanical');
#14139 = PRODUCT_DEFINITION_CONTEXT('part definition',#2,'design');
#14140 = GEOMETRICALLY_BOUNDED_WIREFRAME_SHAPE_REPRESENTATION('',(#11,
    #14141),#14149);
#14141 = GEOMETRIC_CURVE_SET('',(#14142));
#14142 = TRIMMED_CURVE('',#14143,(#14147,PARAMETER_VALUE(0.)),(#14148,
    PARAMETER_VALUE(723.18756025385)),.T.,.PARAMETER.);
#14143 = LINE('',#14144,#14145);
#14144 = CARTESIAN_POINT('',(1.325E+03,280.,506.));
#14145 = VECTOR('',#14146,1.);
#14146 = DIRECTION('',(0.,0.315836129895,0.948813753617));
#14147 = CARTESIAN_POINT('',(1.325E+03,280.,506.));
#14148 = CARTESIAN_POINT('',(1.325E+03,508.40876021868,
    1.192170303614E+03));
#14149 = ( GEOMETRIC_REPRESENTATION_CONTEXT(3) 
GLOBAL_UNCERTAINTY_ASSIGNED_CONTEXT((#14153)) 
GLOBAL_UNIT_ASSIGNED_CONTEXT((#14150,#14151,#14152)) 
REPRESENTATION_CONTEXT('Context #1',
  '3D Context with UNIT and UNCERTAINTY') );
#14150 = ( LENGTH_UNIT() NAMED_UNIT(*) SI_UNIT(.MILLI.,.METRE.) );
#14151 = ( NAMED_UNIT(*) PLANE_ANGLE_UNIT() SI_UNIT($,.RADIAN.) );
#14152 = ( NAMED_UNIT(*) SI_UNIT($,.STERADIAN.) SOLID_ANGLE_UNIT() );
#14153 = UNCERTAINTY_MEASURE_WITH_UNIT(LENGTH_MEASURE(1.E-07),#14150,
  'distance_accuracy_value','confusion accuracy');
#14154 = CONTEXT_DEPENDENT_SHAPE_REPRESENTATION(#14155,#14157);
#14155 = ( REPRESENTATION_RELATIONSHIP('','',#14140,#10) 
REPRESENTATION_RELATIONSHIP_WITH_TRANSFORMATION(#14156) 
SHAPE_REPRESENTATION_RELATIONSHIP() );
#14156 = ITEM_DEFINED_TRANSFORMATION('','',#11,#183);
#14157 = PRODUCT_DEFINITION_SHAPE('Placement','Placement of an item',
  #14158);
#14158 = NEXT_ASSEMBLY_USAGE_OCCURRENCE('85','LIMIT_TETHER_1','',#5,
  #14135,$);
#14159 = PRODUCT_RELATED_PRODUCT_CATEGORY('part',$,(#14137));
#14160 = SHAPE_DEFINITION_REPRESENTATION(#14161,#14167);
#14161 = PRODUCT_DEFINITION_SHAPE('','',#14162);
#14162 = PRODUCT_DEFINITION('design','',#14163,#14166);
#14163 = PRODUCT_DEFINITION_FORMATION('','',#14164);
#14164 = PRODUCT('FOOT_QUILT_DRAPED','FOOT_QUILT_DRAPED','',(#14165));
#14165 = PRODUCT_CONTEXT('',#2,'mechanical');
#14166 = PRODUCT_DEFINITION_CONTEXT('part definition',#2,'design');
#14167 = MANIFOLD_SURFACE_SHAPE_REPRESENTATION('',(#11,#14168),#14630);
#14168 = SHELL_BASED_SURFACE_MODEL('',(#14169));
#14169 = OPEN_SHELL('',(#14170));
#14170 = ADVANCED_FACE('',(#14171),#14197,.T.);
#14171 = FACE_BOUND('',#14172,.T.);
#14172 = EDGE_LOOP('',(#14173,#14534,#14569,#14597));
#14173 = ORIENTED_EDGE('',*,*,#14174,.F.);
#14174 = EDGE_CURVE('',#14175,#14177,#14179,.T.);
#14175 = VERTEX_POINT('',#14176);
#14176 = CARTESIAN_POINT('',(1.39E+03,-370.66509,306.40439));
#14177 = VERTEX_POINT('',#14178);
#14178 = CARTESIAN_POINT('',(1.39E+03,370.66509,306.40439));
#14179 = SURFACE_CURVE('',#14180,(#14196),.PCURVE_S1.);
#14180 = B_SPLINE_CURVE_WITH_KNOTS('',3,(#14181,#14182,#14183,#14184,
    #14185,#14186,#14187,#14188,#14189,#14190,#14191,#14192,#14193,
    #14194,#14195),.UNSPECIFIED.,.F.,.F.,(4,1,1,1,1,1,1,1,1,1,1,1,4),(0.
    ,9.113240608841E-02,0.17801834002,0.261858623924,0.342924975794,
    0.422009443398,0.499954129538,0.577969163323,0.656996924091,
    0.738016661537,0.821777766602,0.908760958297,1.),.UNSPECIFIED.);
#14181 = CARTESIAN_POINT('',(1.39E+03,-370.66509,306.40439));
#14182 = CARTESIAN_POINT('',(1.390216831754E+03,-344.7301751407,
    301.0793768047));
#14183 = CARTESIAN_POINT('',(1.38467327348E+03,-311.7246665784,
    271.66179916509));
#14184 = CARTESIAN_POINT('',(1.385104731154E+03,-238.5767205304,
    260.20621929658));
#14185 = CARTESIAN_POINT('',(1.384075611107E+03,-176.4534172355,
    250.79937852167));
#14186 = CARTESIAN_POINT('',(1.385846089271E+03,-107.6378965558,
    263.51463347582));
#14187 = CARTESIAN_POINT('',(1.375289804288E+03,-58.02073095887,
    295.16973486073));
#14188 = CARTESIAN_POINT('',(1.366087846366E+03,-0.243006304042,
    335.85168222893));
#14189 = CARTESIAN_POINT('',(1.374932152875E+03,58.404928995922,
    295.82446697318));
#14190 = CARTESIAN_POINT('',(1.385636317438E+03,107.17481143678,
    263.18603368993));
#14191 = CARTESIAN_POINT('',(1.383738457692E+03,176.66619852378,
    251.1619161986));
#14192 = CARTESIAN_POINT('',(1.38485553914E+03,238.09932213686,
    260.62210300692));
#14193 = CARTESIAN_POINT('',(1.384527316932E+03,312.76708456792,
    271.6108738585));
#14194 = CARTESIAN_POINT('',(1.390055930024E+03,343.42664361046,
    300.82619913189));
#14195 = CARTESIAN_POINT('',(1.39E+03,370.66509,306.40439));
#14196 = PCURVE('',#14197,#14528);
#14197 = B_SPLINE_SURFACE_WITH_KNOTS('',3,3,(
    (#14198,#14199,#14200,#14201,#14202,#14203,#14204,#14205,#14206
      ,#14207,#14208,#14209,#14210,#14211,#14212)
    ,(#14213,#14214,#14215,#14216,#14217,#14218,#14219,#14220,#14221
      ,#14222,#14223,#14224,#14225,#14226,#14227)
    ,(#14228,#14229,#14230,#14231,#14232,#14233,#14234,#14235,#14236
      ,#14237,#14238,#14239,#14240,#14241,#14242)
    ,(#14243,#14244,#14245,#14246,#14247,#14248,#14249,#14250,#14251
      ,#14252,#14253,#14254,#14255,#14256,#14257)
    ,(#14258,#14259,#14260,#14261,#14262,#14263,#14264,#14265,#14266
      ,#14267,#14268,#14269,#14270,#14271,#14272)
    ,(#14273,#14274,#14275,#14276,#14277,#14278,#14279,#14280,#14281
      ,#14282,#14283,#14284,#14285,#14286,#14287)
    ,(#14288,#14289,#14290,#14291,#14292,#14293,#14294,#14295,#14296
      ,#14297,#14298,#14299,#14300,#14301,#14302)
    ,(#14303,#14304,#14305,#14306,#14307,#14308,#14309,#14310,#14311
      ,#14312,#14313,#14314,#14315,#14316,#14317)
    ,(#14318,#14319,#14320,#14321,#14322,#14323,#14324,#14325,#14326
      ,#14327,#14328,#14329,#14330,#14331,#14332)
    ,(#14333,#14334,#14335,#14336,#14337,#14338,#14339,#14340,#14341
      ,#14342,#14343,#14344,#14345,#14346,#14347)
    ,(#14348,#14349,#14350,#14351,#14352,#14353,#14354,#14355,#14356
      ,#14357,#14358,#14359,#14360,#14361,#14362)
    ,(#14363,#14364,#14365,#14366,#14367,#14368,#14369,#14370,#14371
      ,#14372,#14373,#14374,#14375,#14376,#14377)
    ,(#14378,#14379,#14380,#14381,#14382,#14383,#14384,#14385,#14386
      ,#14387,#14388,#14389,#14390,#14391,#14392)
    ,(#14393,#14394,#14395,#14396,#14397,#14398,#14399,#14400,#14401
      ,#14402,#14403,#14404,#14405,#14406,#14407)
    ,(#14408,#14409,#14410,#14411,#14412,#14413,#14414,#14415,#14416
      ,#14417,#14418,#14419,#14420,#14421,#14422)
    ,(#14423,#14424,#14425,#14426,#14427,#14428,#14429,#14430,#14431
      ,#14432,#14433,#14434,#14435,#14436,#14437)
    ,(#14438,#14439,#14440,#14441,#14442,#14443,#14444,#14445,#14446
      ,#14447,#14448,#14449,#14450,#14451,#14452)
    ,(#14453,#14454,#14455,#14456,#14457,#14458,#14459,#14460,#14461
      ,#14462,#14463,#14464,#14465,#14466,#14467)
    ,(#14468,#14469,#14470,#14471,#14472,#14473,#14474,#14475,#14476
      ,#14477,#14478,#14479,#14480,#14481,#14482)
    ,(#14483,#14484,#14485,#14486,#14487,#14488,#14489,#14490,#14491
      ,#14492,#14493,#14494,#14495,#14496,#14497)
    ,(#14498,#14499,#14500,#14501,#14502,#14503,#14504,#14505,#14506
      ,#14507,#14508,#14509,#14510,#14511,#14512)
    ,(#14513,#14514,#14515,#14516,#14517,#14518,#14519,#14520,#14521
      ,#14522,#14523,#14524,#14525,#14526,#14527
  )),.UNSPECIFIED.,.F.,.F.,.F.,(4,1,1,1,1,1,1,1,1,1,1,1,1,1,1,1,1,1,1,4)
  ,(4,1,1,1,1,1,1,1,1,1,1,1,4),(0.,4.797584077753E-02,9.672852487616E-02
    ,0.156347317262,0.219746985503,0.271651168304,0.318901663386,
    0.370288068513,0.42006627992,0.473357603218,0.525240674166,
    0.572307037048,0.620119858501,0.669512325214,0.719895263106,
    0.770512862411,0.822637786332,0.876163354631,0.932175742117,1.),(0.,
    9.113240608841E-02,0.17801834002,0.261858623924,0.342924975794,
    0.422009443398,0.499954129538,0.577969163323,0.656996924091,
    0.738016661537,0.821777766602,0.908760958297,1.),.UNSPECIFIED.);
#14198 = CARTESIAN_POINT('',(1.39E+03,-370.66509,306.40439));
#14199 = CARTESIAN_POINT('',(1.390216831754E+03,-344.7301751407,
    301.0793768047));
#14200 = CARTESIAN_POINT('',(1.38467327348E+03,-311.7246665784,
    271.66179916509));
#14201 = CARTESIAN_POINT('',(1.385104731154E+03,-238.5767205304,
    260.20621929658));
#14202 = CARTESIAN_POINT('',(1.384075611107E+03,-176.4534172355,
    250.79937852167));
#14203 = CARTESIAN_POINT('',(1.385846089271E+03,-107.6378965558,
    263.51463347582));
#14204 = CARTESIAN_POINT('',(1.375289804288E+03,-58.02073095887,
    295.16973486073));
#14205 = CARTESIAN_POINT('',(1.366087846366E+03,-0.243006304042,
    335.85168222893));
#14206 = CARTESIAN_POINT('',(1.374932152875E+03,58.404928995922,
    295.82446697318));
#14207 = CARTESIAN_POINT('',(1.385636317438E+03,107.17481143678,
    263.18603368993));
#14208 = CARTESIAN_POINT('',(1.383738457692E+03,176.66619852378,
    251.1619161986));
#14209 = CARTESIAN_POINT('',(1.38485553914E+03,238.09932213686,
    260.62210300692));
#14210 = CARTESIAN_POINT('',(1.384527316932E+03,312.76708456792,
    271.6108738585));
#14211 = CARTESIAN_POINT('',(1.390055930024E+03,343.42664361046,
    300.82619913189));
#14212 = CARTESIAN_POINT('',(1.39E+03,370.66509,306.40439));
#14213 = CARTESIAN_POINT('',(1.41829457881E+03,-366.2175321502,
    305.2905440669));
#14214 = CARTESIAN_POINT('',(1.522516221213E+03,-217.5464302933,
    -417.6569669849));
#14215 = CARTESIAN_POINT('',(1.333300160088E+03,-419.4586037484,
    807.11586192374));
#14216 = CARTESIAN_POINT('',(1.458512504966E+03,-142.7191000007,
    -31.29396320107));
#14217 = CARTESIAN_POINT('',(1.397391573535E+03,-207.2197038306,
    324.52054888053));
#14218 = CARTESIAN_POINT('',(1.412037257934E+03,-105.0388382964,
    270.56896112737));
#14219 = CARTESIAN_POINT('',(1.405029218763E+03,-56.8561938139,
    296.63742099098));
#14220 = CARTESIAN_POINT('',(1.392958608515E+03,-0.169909767457,
    346.03814180352));
#14221 = CARTESIAN_POINT('',(1.406070840028E+03,54.598034531253,
    292.97905638904));
#14222 = CARTESIAN_POINT('',(1.406770625678E+03,117.64745494278,
    295.28928774138));
#14223 = CARTESIAN_POINT('',(1.452024253732E+03,101.12854197775,
    86.305564431951));
#14224 = CARTESIAN_POINT('',(1.332695992023E+03,377.38235071781,
    605.10056542354));
#14225 = CARTESIAN_POINT('',(1.554629376028E+03,58.706791645391,
    -289.3433252956));
#14226 = CARTESIAN_POINT('',(1.230898009521E+03,680.26801511369,
    980.01022704511));
#14227 = CARTESIAN_POINT('',(1.41829457881E+03,366.21753215025,
    305.2905440669));
#14228 = CARTESIAN_POINT('',(1.422997115045E+03,-369.3923321374,
    303.87761889503));
#14229 = CARTESIAN_POINT('',(1.335774562768E+03,-450.0047074877,
    800.39960071792));
#14230 = CARTESIAN_POINT('',(1.484777576657E+03,-221.4369898079,
    -113.2085377848));
#14231 = CARTESIAN_POINT('',(1.380563406548E+03,-311.1039920495,
    461.55351580206));
#14232 = CARTESIAN_POINT('',(1.434771020479E+03,-146.1782467551,
    198.14015469624));
#14233 = CARTESIAN_POINT('',(1.409322819273E+03,-120.4671020336,
    292.0800439476));
#14234 = CARTESIAN_POINT('',(1.405575437951E+03,-60.80253694339,
    312.32911633768));
#14235 = CARTESIAN_POINT('',(1.399785024708E+03,-0.152029205622,
    336.8016910231));
#14236 = CARTESIAN_POINT('',(1.404523441197E+03,62.020186529159,
    315.00094873567));
#14237 = CARTESIAN_POINT('',(1.412591856459E+03,111.9082849132,
    275.36354141847));
#14238 = CARTESIAN_POINT('',(1.397887308309E+03,216.9467024351,
    357.74899473147));
#14239 = CARTESIAN_POINT('',(1.463331128132E+03,154.29569995214,
    39.843764509619));
#14240 = CARTESIAN_POINT('',(1.338475874869E+03,461.98327704329,
    612.61822309541));
#14241 = CARTESIAN_POINT('',(1.527929442324E+03,141.49188696699,
    -123.7747801916));
#14242 = CARTESIAN_POINT('',(1.422997115045E+03,369.39233213746,
    303.87761889503));
#14243 = CARTESIAN_POINT('',(1.48808505704E+03,-360.603027258,
    301.12405239852));
#14244 = CARTESIAN_POINT('',(1.51885240678E+03,-303.0011608498,
    50.823758566686));
#14245 = CARTESIAN_POINT('',(1.459917072809E+03,-339.9491494377,
    441.54449210372));
#14246 = CARTESIAN_POINT('',(1.498463131304E+03,-200.7418273707,
    156.15728569292));
#14247 = CARTESIAN_POINT('',(1.476027301224E+03,-183.5302094882,
    303.50878323137));
#14248 = CARTESIAN_POINT('',(1.474315392043E+03,-114.9570527849,
    304.06508348744));
#14249 = CARTESIAN_POINT('',(1.467069957643E+03,-62.105668284,
    335.15432812286));
#14250 = CARTESIAN_POINT('',(1.46667588428E+03,0.126419009249,
    343.17934562637));
#14251 = CARTESIAN_POINT('',(1.467607532185E+03,61.099785510648,
    333.74414346872));
#14252 = CARTESIAN_POINT('',(1.472374664001E+03,119.94418834234,
    313.84439161227));
#14253 = CARTESIAN_POINT('',(1.496817540443E+03,141.57060822602,
    210.22544887658));
#14254 = CARTESIAN_POINT('',(1.454055017368E+03,291.27099445837,
    392.26135828984));
#14255 = CARTESIAN_POINT('',(1.535681560316E+03,202.36471555123,
    39.685160596809));
#14256 = CARTESIAN_POINT('',(1.419319671898E+03,479.40819109753,
    559.06848584138));
#14257 = CARTESIAN_POINT('',(1.48808505704E+03,360.60302725807,
    301.12405239852));
#14258 = CARTESIAN_POINT('',(1.516191033895E+03,-358.1932975123,
    299.6735017605));
#14259 = CARTESIAN_POINT('',(1.501318874102E+03,-371.698754275,
    400.82005410432));
#14260 = CARTESIAN_POINT('',(1.525283384695E+03,-273.768842233,
    162.8316913869));
#14261 = CARTESIAN_POINT('',(1.500897898481E+03,-258.0412967466,
    339.63385883441));
#14262 = CARTESIAN_POINT('',(1.512895743289E+03,-160.7848879078,
    265.96708671814));
#14263 = CARTESIAN_POINT('',(1.499379297417E+03,-119.0344895757,
    320.6339328968));
#14264 = CARTESIAN_POINT('',(1.494481422544E+03,-61.2202827232,
    343.96857647441));
#14265 = CARTESIAN_POINT('',(1.493467866839E+03,-0.139245192108,
    351.99504169637));
#14266 = CARTESIAN_POINT('',(1.494594928136E+03,61.600277157848,
    345.03142580715));
#14267 = CARTESIAN_POINT('',(1.500142057533E+03,115.85440040788,
    314.5959331088));
#14268 = CARTESIAN_POINT('',(1.501746460852E+03,186.54212149834,
    323.96633980551));
#14269 = CARTESIAN_POINT('',(1.51436115336E+03,209.24161132981,
    223.50136646623));
#14270 = CARTESIAN_POINT('',(1.507597035812E+03,337.16235542778,
    322.11672992614));
#14271 = CARTESIAN_POINT('',(1.5228686647E+03,290.77411445923,
    219.26453922763));
#14272 = CARTESIAN_POINT('',(1.516191033895E+03,358.19329751231,
    299.6735017605));
#14273 = CARTESIAN_POINT('',(1.557325171161E+03,-351.8858788247,
    298.2929129616));
#14274 = CARTESIAN_POINT('',(1.545224191493E+03,-360.061445857,
    324.87381041659));
#14275 = CARTESIAN_POINT('',(1.562946962023E+03,-277.3200654666,
    238.54491623812));
#14276 = CARTESIAN_POINT('',(1.547983033949E+03,-226.309438802,
    268.84862051192));
#14277 = CARTESIAN_POINT('',(1.54697686098E+03,-171.0570956035,
    302.65777761005));
#14278 = CARTESIAN_POINT('',(1.54046361475E+03,-115.571020206,
    329.09708378439));
#14279 = CARTESIAN_POINT('',(1.535667349593E+03,-60.16828837706,
    352.81035998903));
#14280 = CARTESIAN_POINT('',(1.534630504238E+03,5.091641871269E-03,
    359.86251217855));
#14281 = CARTESIAN_POINT('',(1.535723114097E+03,59.797810871632,
    352.63448317618));
#14282 = CARTESIAN_POINT('',(1.540460442133E+03,116.20912255342,
    330.67165543986));
#14283 = CARTESIAN_POINT('',(1.547954408214E+03,164.24443411879,
    288.78507803663));
#14284 = CARTESIAN_POINT('',(1.548292556134E+03,234.69393326484,
    284.91641457381));
#14285 = CARTESIAN_POINT('',(1.559862250501E+03,276.76421304387,
    244.11715815744));
#14286 = CARTESIAN_POINT('',(1.549843584386E+03,357.17850090631,
    299.7424939354));
#14287 = CARTESIAN_POINT('',(1.557325171161E+03,351.88587882479,
    298.2929129616));
#14288 = CARTESIAN_POINT('',(1.599926898353E+03,-345.6429364548,
    296.8912300432));
#14289 = CARTESIAN_POINT('',(1.60216926145E+03,-302.1002242912,
    225.56536584079));
#14290 = CARTESIAN_POINT('',(1.595749166635E+03,-303.558495175,
    301.6835093575));
#14291 = CARTESIAN_POINT('',(1.592588268465E+03,-215.9218159981,
    270.57515615303));
#14292 = CARTESIAN_POINT('',(1.589519454493E+03,-163.0512954726,
    301.94781869521));
#14293 = CARTESIAN_POINT('',(1.582442009968E+03,-115.1286281611,
    340.97889560618));
#14294 = CARTESIAN_POINT('',(1.578717007514E+03,-58.92397838552,
    361.20529174998));
#14295 = CARTESIAN_POINT('',(1.577641041172E+03,-5.508564875447E-02,
    367.97405521317));
#14296 = CARTESIAN_POINT('',(1.578776850119E+03,58.687864887038,
    361.2823275331));
#14297 = CARTESIAN_POINT('',(1.582237852595E+03,115.10058161991,
    340.88955336458));
#14298 = CARTESIAN_POINT('',(1.589361179788E+03,163.05870974243,
    302.90134083371));
#14299 = CARTESIAN_POINT('',(1.592504085728E+03,217.07870883548,
    273.56275817823));
#14300 = CARTESIAN_POINT('',(1.598509469856E+03,289.87896471325,
    268.15503841111));
#14301 = CARTESIAN_POINT('',(1.598121384111E+03,322.14598039773,
    285.09387842625));
#14302 = CARTESIAN_POINT('',(1.599926898353E+03,345.64293645487,
    296.8912300432));
#14303 = CARTESIAN_POINT('',(1.652601418466E+03,-335.9355555086,
    295.65437665123));
#14304 = CARTESIAN_POINT('',(1.646056917313E+03,-349.934444335,
    360.4018688256));
#14305 = CARTESIAN_POINT('',(1.65347739018E+03,-253.360704857,
    219.23727655684));
#14306 = CARTESIAN_POINT('',(1.644843261427E+03,-216.163036493,
    291.04199950921));
#14307 = CARTESIAN_POINT('',(1.640648246328E+03,-160.9248673444,
    314.53930725106));
#14308 = CARTESIAN_POINT('',(1.635532305806E+03,-112.3359858592,
    349.62774227468));
#14309 = CARTESIAN_POINT('',(1.632665233051E+03,-57.31042384947,
    368.23465123683));
#14310 = CARTESIAN_POINT('',(1.631719999423E+03,-0.118259272368,
    374.36923257331));
#14311 = CARTESIAN_POINT('',(1.632623642169E+03,56.904548091247,
    368.3153345907));
#14312 = CARTESIAN_POINT('',(1.635302334227E+03,112.15385904136,
    349.7036141802));
#14313 = CARTESIAN_POINT('',(1.640724437748E+03,160.29142897479,
    314.96672732427));
#14314 = CARTESIAN_POINT('',(1.644674284201E+03,216.37797525228,
    289.73295558308));
#14315 = CARTESIAN_POINT('',(1.651734764342E+03,266.88973574717,
    258.46672189558));
#14316 = CARTESIAN_POINT('',(1.649407779493E+03,329.32281111874,
    289.54208713342));
#14317 = CARTESIAN_POINT('',(1.652601418466E+03,335.93555550864,
    295.65437665123));
#14318 = CARTESIAN_POINT('',(1.687025304178E+03,-329.1192795267,
    294.95951261757));
#14319 = CARTESIAN_POINT('',(1.685663615774E+03,-288.2712389341,
    214.97314519652));
#14320 = CARTESIAN_POINT('',(1.684905864747E+03,-283.7466818938,
    307.20723539168));
#14321 = CARTESIAN_POINT('',(1.678071329647E+03,-208.1688639449,
    288.22283699991));
#14322 = CARTESIAN_POINT('',(1.674606032244E+03,-158.6127774461,
    322.24422535981));
#14323 = CARTESIAN_POINT('',(1.67053818328E+03,-110.1701958388,
    354.38967602837));
#14324 = CARTESIAN_POINT('',(1.668110278401E+03,-56.13298620377,
    371.95348207037));
#14325 = CARTESIAN_POINT('',(1.667253376614E+03,-0.166617470139,
    377.74638100137));
#14326 = CARTESIAN_POINT('',(1.667979205752E+03,55.696881115863,
    372.05748784106));
#14327 = CARTESIAN_POINT('',(1.670301369476E+03,109.8773879319,
    354.34352372508));
#14328 = CARTESIAN_POINT('',(1.674348948267E+03,159.4945285673,
    323.69852975796));
#14329 = CARTESIAN_POINT('',(1.681812540134E+03,191.77171033439,
    266.63399939139));
#14330 = CARTESIAN_POINT('',(1.679506079646E+03,295.42953213332,
    309.30156872857));
#14331 = CARTESIAN_POINT('',(1.692860060577E+03,274.23156186241,
    238.92378112361));
#14332 = CARTESIAN_POINT('',(1.687025304178E+03,329.1192795267,
    294.95951261757));
#14333 = CARTESIAN_POINT('',(1.736066959158E+03,-318.0787849314,
    294.19944522384));
#14334 = CARTESIAN_POINT('',(1.739650412003E+03,-285.383280881,
    254.82956874698));
#14335 = CARTESIAN_POINT('',(1.729719898631E+03,-272.0829806854,
    291.99865347316));
#14336 = CARTESIAN_POINT('',(1.727233261863E+03,-191.3349962816,
    281.17206870337));
#14337 = CARTESIAN_POINT('',(1.723764130866E+03,-155.8777633377,
    330.30271016746));
#14338 = CARTESIAN_POINT('',(1.72072580399E+03,-106.8836709941,
    358.92230227188));
#14339 = CARTESIAN_POINT('',(1.718771598624E+03,-54.45907187692,
    375.36162169624));
#14340 = CARTESIAN_POINT('',(1.718024685662E+03,-0.3368841482,
    380.64932726326));
#14341 = CARTESIAN_POINT('',(1.718556586859E+03,53.567277751044,
    375.49127606832));
#14342 = CARTESIAN_POINT('',(1.720349892246E+03,106.31572988819,
    359.4104626821));
#14343 = CARTESIAN_POINT('',(1.723509457764E+03,153.88406385842,
    329.10702387998));
#14344 = CARTESIAN_POINT('',(1.726800000592E+03,210.47794479468,
    310.44608965559));
#14345 = CARTESIAN_POINT('',(1.735988765292E+03,228.3117684104,
    224.99343498763));
#14346 = CARTESIAN_POINT('',(1.729591811483E+03,339.81179302317,
    346.32870490678));
#14347 = CARTESIAN_POINT('',(1.736066959158E+03,318.07878493145,
    294.19944522384));
#14348 = CARTESIAN_POINT('',(1.775265762763E+03,-308.1972358781,
    293.73646943227));
#14349 = CARTESIAN_POINT('',(1.775695846367E+03,-291.4082380829,
    292.27023173314));
#14350 = CARTESIAN_POINT('',(1.769643068034E+03,-247.4764705931,
    268.46089751764));
#14351 = CARTESIAN_POINT('',(1.766099693957E+03,-191.0770854765,
    292.66394022097));
#14352 = CARTESIAN_POINT('',(1.76332906775E+03,-151.8368689658,
    334.07761644742));
#14353 = CARTESIAN_POINT('',(1.760905059612E+03,-103.9395849701,
    361.33819251399));
#14354 = CARTESIAN_POINT('',(1.759249776248E+03,-52.88727589266,
    376.55903461278));
#14355 = CARTESIAN_POINT('',(1.758582680583E+03,-0.487149579823,
    381.69893428279));
#14356 = CARTESIAN_POINT('',(1.758988584354E+03,51.719279977308,
    376.76348679543));
#14357 = CARTESIAN_POINT('',(1.760465282282E+03,102.79282881448,
    361.76375916674));
#14358 = CARTESIAN_POINT('',(1.763054040006E+03,150.6785628507,
    335.54376349305));
#14359 = CARTESIAN_POINT('',(1.765435514714E+03,184.70529925155,
    286.21839078373));
#14360 = CARTESIAN_POINT('',(1.774429912434E+03,280.59116821289,
    330.86483331116));
#14361 = CARTESIAN_POINT('',(1.770199099075E+03,245.70613567581,
    193.74607778571));
#14362 = CARTESIAN_POINT('',(1.775265762763E+03,308.19723587811,
    293.73646943227));
#14363 = CARTESIAN_POINT('',(1.816320444797E+03,-296.8604855996,
    293.35434947913));
#14364 = CARTESIAN_POINT('',(1.817095398666E+03,-290.7213734658,
    300.52298361731));
#14365 = CARTESIAN_POINT('',(1.809934186942E+03,-230.1549623126,
    262.94793828432));
#14366 = CARTESIAN_POINT('',(1.807266704626E+03,-186.0384103829,
    298.06877366228));
#14367 = CARTESIAN_POINT('',(1.804988346876E+03,-147.0802301317,
    337.58985112362));
#14368 = CARTESIAN_POINT('',(1.802966328882E+03,-100.2501789141,
    362.52827296069));
#14369 = CARTESIAN_POINT('',(1.801577788596E+03,-51.01685445902,
    377.17039162901));
#14370 = CARTESIAN_POINT('',(1.800975319753E+03,-0.566105149337,
    381.47478320257));
#14371 = CARTESIAN_POINT('',(1.801281318125E+03,49.722920886511,
    377.43806198906));
#14372 = CARTESIAN_POINT('',(1.802469960233E+03,99.091352196939,
    362.9682668014));
#14373 = CARTESIAN_POINT('',(1.804447922419E+03,145.85131729189,
    338.27249414261));
#14374 = CARTESIAN_POINT('',(1.80697133721E+03,187.03336754556,
    301.02197605844));
#14375 = CARTESIAN_POINT('',(1.80742973359E+03,222.25085049865,
    251.05604228748));
#14376 = CARTESIAN_POINT('',(1.821160675984E+03,303.71392265877,
    326.11586811045));
#14377 = CARTESIAN_POINT('',(1.816320444797E+03,296.8604855996,
    293.35434947913));
#14378 = CARTESIAN_POINT('',(1.862647034126E+03,-282.5260273997,
    293.04365624332));
#14379 = CARTESIAN_POINT('',(1.863174930433E+03,-282.3711923045,
    305.43979628089));
#14380 = CARTESIAN_POINT('',(1.855898902832E+03,-212.9672582948,
    257.5307646789));
#14381 = CARTESIAN_POINT('',(1.853947379528E+03,-179.7120872403,
    305.20419966402));
#14382 = CARTESIAN_POINT('',(1.851981574777E+03,-140.1564718613,
    339.22299377519));
#14383 = CARTESIAN_POINT('',(1.85033723292E+03,-95.27666692922,
    363.21987190905));
#14384 = CARTESIAN_POINT('',(1.849078535759E+03,-48.23633083049,
    374.78635072581));
#14385 = CARTESIAN_POINT('',(1.848543718659E+03,-0.61156574871,
    380.44449870267));
#14386 = CARTESIAN_POINT('',(1.848704966129E+03,46.789281415848,
    374.90782499923));
#14387 = CARTESIAN_POINT('',(1.849735452845E+03,94.104943744522,
    363.95875464265));
#14388 = CARTESIAN_POINT('',(1.851320084968E+03,138.85010453879,
    339.78224126653));
#14389 = CARTESIAN_POINT('',(1.853312233153E+03,178.1136557201,
    305.80204047255));
#14390 = CARTESIAN_POINT('',(1.856140342841E+03,218.29714732864,
    268.41627441307));
#14391 = CARTESIAN_POINT('',(1.861831641821E+03,272.87303744385,
    289.80420068961));
#14392 = CARTESIAN_POINT('',(1.862647034126E+03,282.52602739979,
    293.04365624332));
#14393 = CARTESIAN_POINT('',(1.905427472175E+03,-267.6321241859,
    292.84691950216));
#14394 = CARTESIAN_POINT('',(1.906597372373E+03,-268.5487464466,
    292.16751700618));
#14395 = CARTESIAN_POINT('',(1.89799711232E+03,-199.8399088756,
    267.01961216826));
#14396 = CARTESIAN_POINT('',(1.896938018195E+03,-170.5062433036,
    304.85362878928));
#14397 = CARTESIAN_POINT('',(1.89544382036E+03,-133.103356147,
    343.90580815865));
#14398 = CARTESIAN_POINT('',(1.893905176961E+03,-89.42473478953,
    358.73290763926));
#14399 = CARTESIAN_POINT('',(1.892892005804E+03,-45.80438827572,
    378.95115499697));
#14400 = CARTESIAN_POINT('',(1.892378115774E+03,-0.85373743691,
    374.14124120762));
#14401 = CARTESIAN_POINT('',(1.892559952304E+03,44.697209944137,
    379.87013274531));
#14402 = CARTESIAN_POINT('',(1.893237341539E+03,87.55089772134,
    357.86635000363));
#14403 = CARTESIAN_POINT('',(1.894615342761E+03,132.33769551159,
    346.23923114199));
#14404 = CARTESIAN_POINT('',(1.896350346029E+03,169.08552817213,
    304.31607856905));
#14405 = CARTESIAN_POINT('',(1.897007604142E+03,199.35229600231,
    269.69631245897));
#14406 = CARTESIAN_POINT('',(1.907153206348E+03,268.83009613813,
    295.40041850847));
#14407 = CARTESIAN_POINT('',(1.905427472175E+03,267.63212418596,
    292.84691950216));
#14408 = CARTESIAN_POINT('',(1.948313240806E+03,-250.9624668872,
    292.71086001056));
#14409 = CARTESIAN_POINT('',(1.949079465923E+03,-265.3014009461,
    289.11816647391));
#14410 = CARTESIAN_POINT('',(1.940329447396E+03,-174.0891829802,
    267.73851220893));
#14411 = CARTESIAN_POINT('',(1.940474485221E+03,-168.2565645098,
    313.9243722102));
#14412 = CARTESIAN_POINT('',(1.938664612938E+03,-122.9498906735,
    349.3232453933));
#14413 = CARTESIAN_POINT('',(1.936425466131E+03,-80.70773874041,
    349.80294520573));
#14414 = CARTESIAN_POINT('',(1.937053923777E+03,-42.96284153755,
    383.89131274352));
#14415 = CARTESIAN_POINT('',(1.935292086864E+03,-1.226484536654,
    365.58040151432));
#14416 = CARTESIAN_POINT('',(1.936683053019E+03,41.272451342265,
    383.04198292205));
#14417 = CARTESIAN_POINT('',(1.935714867277E+03,78.613301413791,
    350.67278016007));
#14418 = CARTESIAN_POINT('',(1.93888638895E+03,126.62105807202,
    358.10592353274));
#14419 = CARTESIAN_POINT('',(1.937532083445E+03,151.88206441427,
    293.74070602975));
#14420 = CARTESIAN_POINT('',(1.943614698874E+03,203.25084382813,
    310.1062727019));
#14421 = CARTESIAN_POINT('',(1.943714224037E+03,224.90127009128,
    234.38469601596));
#14422 = CARTESIAN_POINT('',(1.948313240806E+03,250.96246688728,
    292.71086001056));
#14423 = CARTESIAN_POINT('',(1.990363972452E+03,-232.4441729402,
    292.62906056612));
#14424 = CARTESIAN_POINT('',(1.99104119667E+03,-218.945252676,
    271.48221217518));
#14425 = CARTESIAN_POINT('',(1.984761366789E+03,-185.1351078319,
    287.25599264757));
#14426 = CARTESIAN_POINT('',(1.983561219978E+03,-147.7893306693,
    303.41866813288));
#14427 = CARTESIAN_POINT('',(1.98430366074E+03,-117.4375759946,
    339.23597744041));
#14428 = CARTESIAN_POINT('',(1.981880202319E+03,-79.04640545063,
    352.12391635758));
#14429 = CARTESIAN_POINT('',(1.983163760492E+03,-39.84713690879,
    365.91851322264));
#14430 = CARTESIAN_POINT('',(1.981002248347E+03,-0.872417855944,
    365.55496106579));
#14431 = CARTESIAN_POINT('',(1.982739469179E+03,39.449665714462,
    365.53529756744));
#14432 = CARTESIAN_POINT('',(1.981541887893E+03,77.628928716143,
    354.05055281423));
#14433 = CARTESIAN_POINT('',(1.98277298861E+03,113.371742497,
    330.68892416095));
#14434 = CARTESIAN_POINT('',(1.985117621845E+03,159.16312953508,
    327.69135153959));
#14435 = CARTESIAN_POINT('',(1.980871503477E+03,160.86716037132,
    244.12240099199));
#14436 = CARTESIAN_POINT('',(1.995289298859E+03,250.92290014668,
    335.26052985736));
#14437 = CARTESIAN_POINT('',(1.990363972452E+03,232.44417294029,
    292.62906056612));
#14438 = CARTESIAN_POINT('',(2.034180905499E+03,-210.525944251,
    292.57650239759));
#14439 = CARTESIAN_POINT('',(2.035151993263E+03,-210.7628549456,
    303.95104668785));
#14440 = CARTESIAN_POINT('',(2.028763851221E+03,-158.0703833198,
    266.87322103485));
#14441 = CARTESIAN_POINT('',(2.030543268421E+03,-141.1254570661,
    317.84584333889));
#14442 = CARTESIAN_POINT('',(2.029356234609E+03,-104.8849671988,
    329.7191922309));
#14443 = CARTESIAN_POINT('',(2.030881399394E+03,-71.08734893967,
    348.08871791781));
#14444 = CARTESIAN_POINT('',(2.028671953322E+03,-36.05889236076,
    353.12008779377));
#14445 = CARTESIAN_POINT('',(2.030317600918E+03,-0.211656354035,
    358.75098306239));
#14446 = CARTESIAN_POINT('',(2.028589111776E+03,34.496971085389,
    353.73449387211));
#14447 = CARTESIAN_POINT('',(2.03013399862E+03,70.304478951267,
    347.04696402476));
#14448 = CARTESIAN_POINT('',(2.029852024801E+03,107.25476586063,
    340.34017593111));
#14449 = CARTESIAN_POINT('',(2.027379033316E+03,126.77636142629,
    293.60917966115));
#14450 = CARTESIAN_POINT('',(2.032311835006E+03,183.54137792731,
    316.11573371043));
#14451 = CARTESIAN_POINT('',(2.029846387445E+03,175.57500882092,
    240.38304638837));
#14452 = CARTESIAN_POINT('',(2.034180905499E+03,210.52594425109,
    292.57650239759));
#14453 = CARTESIAN_POINT('',(2.07756230504E+03,-184.9455649377,
    292.55487408371));
#14454 = CARTESIAN_POINT('',(2.07961861952E+03,-169.9811380388,
    272.87128440328));
#14455 = CARTESIAN_POINT('',(2.073819872273E+03,-154.3774431949,
    299.3205624927));
#14456 = CARTESIAN_POINT('',(2.074859646807E+03,-117.6977839392,
    296.69676267915));
#14457 = CARTESIAN_POINT('',(2.077406584922E+03,-95.85207492513,
    328.38566565442));
#14458 = CARTESIAN_POINT('',(2.075266153659E+03,-64.67107620708,
    335.65562212915));
#14459 = CARTESIAN_POINT('',(2.078006487377E+03,-32.73823225938,
    347.49677630489));
#14460 = CARTESIAN_POINT('',(2.075373735975E+03,-0.73831910193,
    346.07003400069));
#14461 = CARTESIAN_POINT('',(2.077581513883E+03,32.588426382634,
    347.12082817967));
#14462 = CARTESIAN_POINT('',(2.075171211166E+03,63.566206401217,
    338.08393294124));
#14463 = CARTESIAN_POINT('',(2.075203816503E+03,90.156141028459,
    315.12681860828));
#14464 = CARTESIAN_POINT('',(2.077682728364E+03,135.63039498385,
    333.00198958347));
#14465 = CARTESIAN_POINT('',(2.067912174989E+03,117.31697424751,
    232.52882670254));
#14466 = CARTESIAN_POINT('',(2.086616102177E+03,219.10768711624,
    369.09676088483));
#14467 = CARTESIAN_POINT('',(2.07756230504E+03,184.94556493776,
    292.55487408371));
#14468 = CARTESIAN_POINT('',(2.118750411754E+03,-155.9951713115,
    292.54086887635));
#14469 = CARTESIAN_POINT('',(2.107502135639E+03,-134.6003762022,
    274.96394049438));
#14470 = CARTESIAN_POINT('',(2.124064033626E+03,-132.966069043,
    290.58565332569));
#14471 = CARTESIAN_POINT('',(2.118872997015E+03,-110.0635707555,
    322.00575626608));
#14472 = CARTESIAN_POINT('',(2.117074343375E+03,-75.94023963644,
    312.01622516148));
#14473 = CARTESIAN_POINT('',(2.121693543343E+03,-51.71690662389,
    330.09115095164));
#14474 = CARTESIAN_POINT('',(2.117221995125E+03,-26.4009182638,
    327.36653342176));
#14475 = CARTESIAN_POINT('',(2.12179416203E+03,0.207701432066,
    335.92485430204));
#14476 = CARTESIAN_POINT('',(2.117394478358E+03,24.153424861638,
    328.53067429746));
#14477 = CARTESIAN_POINT('',(2.120637555196E+03,51.270709795342,
    326.93371356765));
#14478 = CARTESIAN_POINT('',(2.119035677923E+03,83.262480605844,
    337.08042382603));
#14479 = CARTESIAN_POINT('',(2.111874788128E+03,76.928922305963,
    262.36233903857));
#14480 = CARTESIAN_POINT('',(2.135099943932E+03,201.23364869793,
    421.43918331208));
#14481 = CARTESIAN_POINT('',(2.092886578278E+03,43.154095658571,
    107.20264121318));
#14482 = CARTESIAN_POINT('',(2.118750411754E+03,155.99517131153,
    292.54086887635));
#14483 = CARTESIAN_POINT('',(2.169858518277E+03,-110.9822275619,
    292.54723591392));
#14484 = CARTESIAN_POINT('',(2.209093131166E+03,-155.6432997384,
    357.64326306011));
#14485 = CARTESIAN_POINT('',(2.147222852064E+03,-67.21305248667,
    268.13392756416));
#14486 = CARTESIAN_POINT('',(2.169628759835E+03,-56.98250681625,
    252.37200478466));
#14487 = CARTESIAN_POINT('',(2.177082973491E+03,-64.32162809593,
    317.81863309937));
#14488 = CARTESIAN_POINT('',(2.167121179936E+03,-42.6989067768,
    301.7673681817));
#14489 = CARTESIAN_POINT('',(2.17924879823E+03,-21.37990764139,
    325.38712817624));
#14490 = CARTESIAN_POINT('',(2.168222536981E+03,-1.748461807517,
    309.86356275952));
#14491 = CARTESIAN_POINT('',(2.178195005131E+03,24.147943022063,
    323.08632451094));
#14492 = CARTESIAN_POINT('',(2.168165092417E+03,41.175061913769,
    310.94628258329));
#14493 = CARTESIAN_POINT('',(2.169521765728E+03,43.596419145168,
    257.97062767849));
#14494 = CARTESIAN_POINT('',(2.18341579887E+03,137.03493418455,
    402.66616297902));
#14495 = CARTESIAN_POINT('',(2.116901261173E+03,-101.5341895574,
    -50.68807089879));
#14496 = CARTESIAN_POINT('',(2.243093810941E+03,375.10752228796,
    764.59530442658));
#14497 = CARTESIAN_POINT('',(2.169858518277E+03,110.98222756193,
    292.54723591392));
#14498 = CARTESIAN_POINT('',(2.187245607815E+03,-79.80780939657,
    292.52952552038));
#14499 = CARTESIAN_POINT('',(2.116316793345E+03,17.733004440544,
    182.5872441775));
#14500 = CARTESIAN_POINT('',(2.23889625802E+03,-124.5367723969,
    378.09362914461));
#14501 = CARTESIAN_POINT('',(2.195107753789E+03,-91.18815924012,
    403.49392756996));
#14502 = CARTESIAN_POINT('',(2.183563303169E+03,-28.67925605463,
    293.54622457895));
#14503 = CARTESIAN_POINT('',(2.200045313471E+03,-18.43785475455,
    322.00270929121));
#14504 = CARTESIAN_POINT('',(2.17540531356E+03,-9.563547416994,
    278.24654079072));
#14505 = CARTESIAN_POINT('',(2.197108850735E+03,2.709327262355,
    311.28884089526));
#14506 = CARTESIAN_POINT('',(2.177285360837E+03,3.148340347426,
    283.483188275));
#14507 = CARTESIAN_POINT('',(2.195259506737E+03,19.762321550161,
    301.70827292996));
#14508 = CARTESIAN_POINT('',(2.196180432491E+03,66.290522566533,
    404.71232504131));
#14509 = CARTESIAN_POINT('',(2.166876336561E+03,-59.56151892768,
    118.8081780363));
#14510 = CARTESIAN_POINT('',(2.294781643053E+03,438.82989543319,
    974.02953366625));
#14511 = CARTESIAN_POINT('',(2.048255085626E+03,-430.1395573244,
    -586.3487234704));
#14512 = CARTESIAN_POINT('',(2.187245607815E+03,79.807809396575,
    292.52952552038));
#14513 = CARTESIAN_POINT('',(2.205E+03,-47.39074,292.54117));
#14514 = CARTESIAN_POINT('',(2.205E+03,-44.86472906671,292.54117));
#14515 = CARTESIAN_POINT('',(2.205E+03,-39.68907587941,292.54116999999)
  );
#14516 = CARTESIAN_POINT('',(2.205E+03,-31.75393352358,292.54117));
#14517 = CARTESIAN_POINT('',(2.205E+03,-23.86420721456,292.54116999999)
  );
#14518 = CARTESIAN_POINT('',(2.205E+03,-15.9079746616,292.54117));
#14519 = CARTESIAN_POINT('',(2.205E+03,-7.966062411358,292.54117));
#14520 = CARTESIAN_POINT('',(2.205E+03,6.531765490167E-03,292.54117));
#14521 = CARTESIAN_POINT('',(2.205E+03,7.952194870532,292.54117));
#14522 = CARTESIAN_POINT('',(2.205E+03,15.916143399972,292.54117));
#14523 = CARTESIAN_POINT('',(2.205E+03,23.854282358723,292.54117));
#14524 = CARTESIAN_POINT('',(2.205E+03,31.76969122813,292.54116999999));
#14525 = CARTESIAN_POINT('',(2.205E+03,39.689435359943,292.54117));
#14526 = CARTESIAN_POINT('',(2.205E+03,44.858615554884,292.54116999999)
  );
#14527 = CARTESIAN_POINT('',(2.205E+03,47.39074,292.54117));
#14528 = DEFINITIONAL_REPRESENTATION('',(#14529),#14533);
#14529 = LINE('',#14530,#14531);
#14530 = CARTESIAN_POINT('',(0.,0.));
#14531 = VECTOR('',#14532,1.);
#14532 = DIRECTION('',(0.,1.));
#14533 = ( GEOMETRIC_REPRESENTATION_CONTEXT(2) 
PARAMETRIC_REPRESENTATION_CONTEXT() REPRESENTATION_CONTEXT('2D SPACE',''
  ) );
#14534 = ORIENTED_EDGE('',*,*,#14535,.T.);
#14535 = EDGE_CURVE('',#14175,#14536,#14538,.T.);
#14536 = VERTEX_POINT('',#14537);
#14537 = CARTESIAN_POINT('',(2.205E+03,-47.39074,292.54117));
#14538 = SURFACE_CURVE('',#14539,(#14562),.PCURVE_S1.);
#14539 = B_SPLINE_CURVE_WITH_KNOTS('',3,(#14540,#14541,#14542,#14543,
    #14544,#14545,#14546,#14547,#14548,#14549,#14550,#14551,#14552,
    #14553,#14554,#14555,#14556,#14557,#14558,#14559,#14560,#14561),
  .UNSPECIFIED.,.F.,.F.,(4,1,1,1,1,1,1,1,1,1,1,1,1,1,1,1,1,1,1,4),(0.,
    4.797584077753E-02,9.672852487616E-02,0.156347317262,0.219746985503,
    0.271651168304,0.318901663386,0.370288068513,0.42006627992,
    0.473357603218,0.525240674166,0.572307037048,0.620119858501,
    0.669512325214,0.719895263106,0.770512862411,0.822637786332,
    0.876163354631,0.932175742117,1.),.UNSPECIFIED.);
#14540 = CARTESIAN_POINT('',(1.39E+03,-370.66509,306.40439));
#14541 = CARTESIAN_POINT('',(1.41829457881E+03,-366.2175321502,
    305.2905440669));
#14542 = CARTESIAN_POINT('',(1.422997115045E+03,-369.3923321374,
    303.87761889503));
#14543 = CARTESIAN_POINT('',(1.48808505704E+03,-360.603027258,
    301.12405239852));
#14544 = CARTESIAN_POINT('',(1.516191033895E+03,-358.1932975123,
    299.6735017605));
#14545 = CARTESIAN_POINT('',(1.557325171161E+03,-351.8858788247,
    298.2929129616));
#14546 = CARTESIAN_POINT('',(1.599926898353E+03,-345.6429364548,
    296.8912300432));
#14547 = CARTESIAN_POINT('',(1.652601418466E+03,-335.9355555086,
    295.65437665123));
#14548 = CARTESIAN_POINT('',(1.687025304178E+03,-329.1192795267,
    294.95951261757));
#14549 = CARTESIAN_POINT('',(1.736066959158E+03,-318.0787849314,
    294.19944522384));
#14550 = CARTESIAN_POINT('',(1.775265762763E+03,-308.1972358781,
    293.73646943227));
#14551 = CARTESIAN_POINT('',(1.816320444797E+03,-296.8604855996,
    293.35434947913));
#14552 = CARTESIAN_POINT('',(1.862647034126E+03,-282.5260273997,
    293.04365624332));
#14553 = CARTESIAN_POINT('',(1.905427472175E+03,-267.6321241859,
    292.84691950216));
#14554 = CARTESIAN_POINT('',(1.948313240806E+03,-250.9624668872,
    292.71086001056));
#14555 = CARTESIAN_POINT('',(1.990363972452E+03,-232.4441729402,
    292.62906056612));
#14556 = CARTESIAN_POINT('',(2.034180905499E+03,-210.525944251,
    292.57650239759));
#14557 = CARTESIAN_POINT('',(2.07756230504E+03,-184.9455649377,
    292.55487408371));
#14558 = CARTESIAN_POINT('',(2.118750411754E+03,-155.9951713115,
    292.54086887635));
#14559 = CARTESIAN_POINT('',(2.169858518277E+03,-110.9822275619,
    292.54723591392));
#14560 = CARTESIAN_POINT('',(2.187245607815E+03,-79.80780939657,
    292.52952552038));
#14561 = CARTESIAN_POINT('',(2.205E+03,-47.39074,292.54117));
#14562 = PCURVE('',#14197,#14563);
#14563 = DEFINITIONAL_REPRESENTATION('',(#14564),#14568);
#14564 = LINE('',#14565,#14566);
#14565 = CARTESIAN_POINT('',(0.,0.));
#14566 = VECTOR('',#14567,1.);
#14567 = DIRECTION('',(1.,0.));
#14568 = ( GEOMETRIC_REPRESENTATION_CONTEXT(2) 
PARAMETRIC_REPRESENTATION_CONTEXT() REPRESENTATION_CONTEXT('2D SPACE',''
  ) );
#14569 = ORIENTED_EDGE('',*,*,#14570,.T.);
#14570 = EDGE_CURVE('',#14536,#14571,#14573,.T.);
#14571 = VERTEX_POINT('',#14572);
#14572 = CARTESIAN_POINT('',(2.205E+03,47.39074,292.54117));
#14573 = SURFACE_CURVE('',#14574,(#14590),.PCURVE_S1.);
#14574 = B_SPLINE_CURVE_WITH_KNOTS('',3,(#14575,#14576,#14577,#14578,
    #14579,#14580,#14581,#14582,#14583,#14584,#14585,#14586,#14587,
    #14588,#14589),.UNSPECIFIED.,.F.,.F.,(4,1,1,1,1,1,1,1,1,1,1,1,4),(0.
    ,9.113240608841E-02,0.17801834002,0.261858623924,0.342924975794,
    0.422009443398,0.499954129538,0.577969163323,0.656996924091,
    0.738016661537,0.821777766602,0.908760958297,1.),.UNSPECIFIED.);
#14575 = CARTESIAN_POINT('',(2.205E+03,-47.39074,292.54117));
#14576 = CARTESIAN_POINT('',(2.205E+03,-44.86472906671,292.54117));
#14577 = CARTESIAN_POINT('',(2.205E+03,-39.68907587941,292.54116999999)
  );
#14578 = CARTESIAN_POINT('',(2.205E+03,-31.75393352358,292.54117));
#14579 = CARTESIAN_POINT('',(2.205E+03,-23.86420721456,292.54116999999)
  );
#14580 = CARTESIAN_POINT('',(2.205E+03,-15.9079746616,292.54117));
#14581 = CARTESIAN_POINT('',(2.205E+03,-7.966062411358,292.54117));
#14582 = CARTESIAN_POINT('',(2.205E+03,6.531765490167E-03,292.54117));
#14583 = CARTESIAN_POINT('',(2.205E+03,7.952194870532,292.54117));
#14584 = CARTESIAN_POINT('',(2.205E+03,15.916143399972,292.54117));
#14585 = CARTESIAN_POINT('',(2.205E+03,23.854282358723,292.54117));
#14586 = CARTESIAN_POINT('',(2.205E+03,31.76969122813,292.54116999999));
#14587 = CARTESIAN_POINT('',(2.205E+03,39.689435359943,292.54117));
#14588 = CARTESIAN_POINT('',(2.205E+03,44.858615554884,292.54116999999)
  );
#14589 = CARTESIAN_POINT('',(2.205E+03,47.39074,292.54117));
#14590 = PCURVE('',#14197,#14591);
#14591 = DEFINITIONAL_REPRESENTATION('',(#14592),#14596);
#14592 = LINE('',#14593,#14594);
#14593 = CARTESIAN_POINT('',(1.,0.));
#14594 = VECTOR('',#14595,1.);
#14595 = DIRECTION('',(0.,1.));
#14596 = ( GEOMETRIC_REPRESENTATION_CONTEXT(2) 
PARAMETRIC_REPRESENTATION_CONTEXT() REPRESENTATION_CONTEXT('2D SPACE',''
  ) );
#14597 = ORIENTED_EDGE('',*,*,#14598,.F.);
#14598 = EDGE_CURVE('',#14177,#14571,#14599,.T.);
#14599 = SURFACE_CURVE('',#14600,(#14623),.PCURVE_S1.);
#14600 = B_SPLINE_CURVE_WITH_KNOTS('',3,(#14601,#14602,#14603,#14604,
    #14605,#14606,#14607,#14608,#14609,#14610,#14611,#14612,#14613,
    #14614,#14615,#14616,#14617,#14618,#14619,#14620,#14621,#14622),
  .UNSPECIFIED.,.F.,.F.,(4,1,1,1,1,1,1,1,1,1,1,1,1,1,1,1,1,1,1,4),(0.,
    4.797584077753E-02,9.672852487616E-02,0.156347317262,0.219746985503,
    0.271651168304,0.318901663386,0.370288068513,0.42006627992,
    0.473357603218,0.525240674166,0.572307037048,0.620119858501,
    0.669512325214,0.719895263106,0.770512862411,0.822637786332,
    0.876163354631,0.932175742117,1.),.UNSPECIFIED.);
#14601 = CARTESIAN_POINT('',(1.39E+03,370.66509,306.40439));
#14602 = CARTESIAN_POINT('',(1.41829457881E+03,366.21753215025,
    305.2905440669));
#14603 = CARTESIAN_POINT('',(1.422997115045E+03,369.39233213746,
    303.87761889503));
#14604 = CARTESIAN_POINT('',(1.48808505704E+03,360.60302725807,
    301.12405239852));
#14605 = CARTESIAN_POINT('',(1.516191033895E+03,358.19329751231,
    299.6735017605));
#14606 = CARTESIAN_POINT('',(1.557325171161E+03,351.88587882479,
    298.2929129616));
#14607 = CARTESIAN_POINT('',(1.599926898353E+03,345.64293645487,
    296.8912300432));
#14608 = CARTESIAN_POINT('',(1.652601418466E+03,335.93555550864,
    295.65437665123));
#14609 = CARTESIAN_POINT('',(1.687025304178E+03,329.1192795267,
    294.95951261757));
#14610 = CARTESIAN_POINT('',(1.736066959158E+03,318.07878493145,
    294.19944522384));
#14611 = CARTESIAN_POINT('',(1.775265762763E+03,308.19723587811,
    293.73646943227));
#14612 = CARTESIAN_POINT('',(1.816320444797E+03,296.8604855996,
    293.35434947913));
#14613 = CARTESIAN_POINT('',(1.862647034126E+03,282.52602739979,
    293.04365624332));
#14614 = CARTESIAN_POINT('',(1.905427472175E+03,267.63212418596,
    292.84691950216));
#14615 = CARTESIAN_POINT('',(1.948313240806E+03,250.96246688728,
    292.71086001056));
#14616 = CARTESIAN_POINT('',(1.990363972452E+03,232.44417294029,
    292.62906056612));
#14617 = CARTESIAN_POINT('',(2.034180905499E+03,210.52594425109,
    292.57650239759));
#14618 = CARTESIAN_POINT('',(2.07756230504E+03,184.94556493776,
    292.55487408371));
#14619 = CARTESIAN_POINT('',(2.118750411754E+03,155.99517131153,
    292.54086887635));
#14620 = CARTESIAN_POINT('',(2.169858518277E+03,110.98222756193,
    292.54723591392));
#14621 = CARTESIAN_POINT('',(2.187245607815E+03,79.807809396575,
    292.52952552038));
#14622 = CARTESIAN_POINT('',(2.205E+03,47.39074,292.54117));
#14623 = PCURVE('',#14197,#14624);
#14624 = DEFINITIONAL_REPRESENTATION('',(#14625),#14629);
#14625 = LINE('',#14626,#14627);
#14626 = CARTESIAN_POINT('',(0.,1.));
#14627 = VECTOR('',#14628,1.);
#14628 = DIRECTION('',(1.,0.));
#14629 = ( GEOMETRIC_REPRESENTATION_CONTEXT(2) 
PARAMETRIC_REPRESENTATION_CONTEXT() REPRESENTATION_CONTEXT('2D SPACE',''
  ) );
#14630 = ( GEOMETRIC_REPRESENTATION_CONTEXT(3) 
GLOBAL_UNCERTAINTY_ASSIGNED_CONTEXT((#14634)) 
GLOBAL_UNIT_ASSIGNED_CONTEXT((#14631,#14632,#14633)) 
REPRESENTATION_CONTEXT('Context #1',
  '3D Context with UNIT and UNCERTAINTY') );
#14631 = ( LENGTH_UNIT() NAMED_UNIT(*) SI_UNIT(.MILLI.,.METRE.) );
#14632 = ( NAMED_UNIT(*) PLANE_ANGLE_UNIT() SI_UNIT($,.RADIAN.) );
#14633 = ( NAMED_UNIT(*) SI_UNIT($,.STERADIAN.) SOLID_ANGLE_UNIT() );
#14634 = UNCERTAINTY_MEASURE_WITH_UNIT(LENGTH_MEASURE(1.E-07),#14631,
  'distance_accuracy_value','confusion accuracy');
#14635 = CONTEXT_DEPENDENT_SHAPE_REPRESENTATION(#14636,#14638);
#14636 = ( REPRESENTATION_RELATIONSHIP('','',#14167,#10) 
REPRESENTATION_RELATIONSHIP_WITH_TRANSFORMATION(#14637) 
SHAPE_REPRESENTATION_RELATIONSHIP() );
#14637 = ITEM_DEFINED_TRANSFORMATION('','',#11,#187);
#14638 = PRODUCT_DEFINITION_SHAPE('Placement','Placement of an item',
  #14639);
#14639 = NEXT_ASSEMBLY_USAGE_OCCURRENCE('86','FOOT_QUILT_DRAPED','',#5,
  #14162,$);
#14640 = PRODUCT_RELATED_PRODUCT_CATEGORY('part',$,(#14164));
#14641 = MECHANICAL_DESIGN_GEOMETRIC_PRESENTATION_REPRESENTATION('',(
    #14642),#14122);
#14642 = STYLED_ITEM('color',(#14643),#14114);
#14643 = PRESENTATION_STYLE_ASSIGNMENT((#14644));
#14644 = SURFACE_STYLE_USAGE(.BOTH.,#14645);
#14645 = SURFACE_SIDE_STYLE('',(#14646));
#14646 = SURFACE_STYLE_FILL_AREA(#14647);
#14647 = FILL_AREA_STYLE('',(#14648));
#14648 = FILL_AREA_STYLE_COLOUR('',#14649);
#14649 = COLOUR_RGB('',0.130000001093,0.230000002338,0.290000003841);
#14650 = MECHANICAL_DESIGN_GEOMETRIC_PRESENTATION_REPRESENTATION('',(
    #14651),#14630);
#14651 = STYLED_ITEM('color',(#14652),#14170);
#14652 = PRESENTATION_STYLE_ASSIGNMENT((#14653));
#14653 = SURFACE_STYLE_USAGE(.BOTH.,#14654);
#14654 = SURFACE_SIDE_STYLE('',(#14655));
#14655 = SURFACE_STYLE_FILL_AREA(#14656);
#14656 = FILL_AREA_STYLE('',(#14657));
#14657 = FILL_AREA_STYLE_COLOUR('',#14658);
#14658 = COLOUR_RGB('',0.56000001326,0.520000005207,0.460000000054);
#14659 = MECHANICAL_DESIGN_GEOMETRIC_PRESENTATION_REPRESENTATION('',(
    #14660),#7841);
#14660 = STYLED_ITEM('color',(#14661),#5815);
#14661 = PRESENTATION_STYLE_ASSIGNMENT((#14662));
#14662 = SURFACE_STYLE_USAGE(.BOTH.,#14663);
#14663 = SURFACE_SIDE_STYLE('',(#14664));
#14664 = SURFACE_STYLE_FILL_AREA(#14665);
#14665 = FILL_AREA_STYLE('',(#14666));
#14666 = FILL_AREA_STYLE_COLOUR('',#14667);
#14667 = COLOUR_RGB('',0.649999988539,0.490000003723,0.309999994343);
#14668 = MECHANICAL_DESIGN_GEOMETRIC_PRESENTATION_REPRESENTATION('',(
    #14669),#3334);
#14669 = STYLED_ITEM('color',(#14670),#3216);
#14670 = PRESENTATION_STYLE_ASSIGNMENT((#14671));
#14671 = SURFACE_STYLE_USAGE(.BOTH.,#14672);
#14672 = SURFACE_SIDE_STYLE('',(#14673));
#14673 = SURFACE_STYLE_FILL_AREA(#14674);
#14674 = FILL_AREA_STYLE('',(#14675));
#14675 = FILL_AREA_STYLE_COLOUR('',#14676);
#14676 = COLOUR_RGB('',0.170000001676,0.299999996101,0.369999997777);
#14677 = MECHANICAL_DESIGN_GEOMETRIC_PRESENTATION_REPRESENTATION('',(
    #14678),#13739);
#14678 = STYLED_ITEM('color',(#14679),#13402);
#14679 = PRESENTATION_STYLE_ASSIGNMENT((#14680));
#14680 = SURFACE_STYLE_USAGE(.BOTH.,#14681);
#14681 = SURFACE_SIDE_STYLE('',(#14682));
#14682 = SURFACE_STYLE_FILL_AREA(#14683);
#14683 = FILL_AREA_STYLE('',(#14684));
#14684 = FILL_AREA_STYLE_COLOUR('',#14649);
#14685 = MECHANICAL_DESIGN_GEOMETRIC_PRESENTATION_REPRESENTATION('',(
    #14686),#3056);
#14686 = STYLED_ITEM('color',(#14687),#2938);
#14687 = PRESENTATION_STYLE_ASSIGNMENT((#14688));
#14688 = SURFACE_STYLE_USAGE(.BOTH.,#14689);
#14689 = SURFACE_SIDE_STYLE('',(#14690));
#14690 = SURFACE_STYLE_FILL_AREA(#14691);
#14691 = FILL_AREA_STYLE('',(#14692));
#14692 = FILL_AREA_STYLE_COLOUR('',#14676);
#14693 = MECHANICAL_DESIGN_GEOMETRIC_PRESENTATION_REPRESENTATION('',(
    #14694),#11641);
#14694 = STYLED_ITEM('color',(#14695),#10303);
#14695 = PRESENTATION_STYLE_ASSIGNMENT((#14696));
#14696 = SURFACE_STYLE_USAGE(.BOTH.,#14697);
#14697 = SURFACE_SIDE_STYLE('',(#14698));
#14698 = SURFACE_STYLE_FILL_AREA(#14699);
#14699 = FILL_AREA_STYLE('',(#14700));
#14700 = FILL_AREA_STYLE_COLOUR('',#14676);
#14701 = MECHANICAL_DESIGN_GEOMETRIC_PRESENTATION_REPRESENTATION('',(
    #14702),#9237);
#14702 = STYLED_ITEM('color',(#14703),#8907);
#14703 = PRESENTATION_STYLE_ASSIGNMENT((#14704));
#14704 = SURFACE_STYLE_USAGE(.BOTH.,#14705);
#14705 = SURFACE_SIDE_STYLE('',(#14706));
#14706 = SURFACE_STYLE_FILL_AREA(#14707);
#14707 = FILL_AREA_STYLE('',(#14708));
#14708 = FILL_AREA_STYLE_COLOUR('',#14709);
#14709 = COLOUR_RGB('',0.120000001395,0.139999997847,0.170000001676);
#14710 = MECHANICAL_DESIGN_GEOMETRIC_PRESENTATION_REPRESENTATION('',(
    #14711),#347);
#14711 = STYLED_ITEM('color',(#14712),#207);
#14712 = PRESENTATION_STYLE_ASSIGNMENT((#14713));
#14713 = SURFACE_STYLE_USAGE(.BOTH.,#14714);
#14714 = SURFACE_SIDE_STYLE('',(#14715));
#14715 = SURFACE_STYLE_FILL_AREA(#14716);
#14716 = FILL_AREA_STYLE('',(#14717));
#14717 = FILL_AREA_STYLE_COLOUR('',#14658);
#14718 = MECHANICAL_DESIGN_GEOMETRIC_PRESENTATION_REPRESENTATION('',(
    #14719),#2767);
#14719 = STYLED_ITEM('color',(#14720),#2617);
#14720 = PRESENTATION_STYLE_ASSIGNMENT((#14721));
#14721 = SURFACE_STYLE_USAGE(.BOTH.,#14722);
#14722 = SURFACE_SIDE_STYLE('',(#14723));
#14723 = SURFACE_STYLE_FILL_AREA(#14724);
#14724 = FILL_AREA_STYLE('',(#14725));
#14725 = FILL_AREA_STYLE_COLOUR('',#14676);
#14726 = MECHANICAL_DESIGN_GEOMETRIC_PRESENTATION_REPRESENTATION('',(
    #14727),#9935);
#14727 = STYLED_ITEM('color',(#14728),#9605);
#14728 = PRESENTATION_STYLE_ASSIGNMENT((#14729));
#14729 = SURFACE_STYLE_USAGE(.BOTH.,#14730);
#14730 = SURFACE_SIDE_STYLE('',(#14731));
#14731 = SURFACE_STYLE_FILL_AREA(#14732);
#14732 = FILL_AREA_STYLE('',(#14733));
#14733 = FILL_AREA_STYLE_COLOUR('',#14709);
#14734 = MECHANICAL_DESIGN_GEOMETRIC_PRESENTATION_REPRESENTATION('',(
    #14735),#1546);
#14735 = STYLED_ITEM('color',(#14736),#1396);
#14736 = PRESENTATION_STYLE_ASSIGNMENT((#14737));
#14737 = SURFACE_STYLE_USAGE(.BOTH.,#14738);
#14738 = SURFACE_SIDE_STYLE('',(#14739));
#14739 = SURFACE_STYLE_FILL_AREA(#14740);
#14740 = FILL_AREA_STYLE('',(#14741));
#14741 = FILL_AREA_STYLE_COLOUR('',#14658);
#14742 = MECHANICAL_DESIGN_GEOMETRIC_PRESENTATION_REPRESENTATION('',(
    #14743),#1086);
#14743 = STYLED_ITEM('color',(#14744),#968);
#14744 = PRESENTATION_STYLE_ASSIGNMENT((#14745));
#14745 = SURFACE_STYLE_USAGE(.BOTH.,#14746);
#14746 = SURFACE_SIDE_STYLE('',(#14747));
#14747 = SURFACE_STYLE_FILL_AREA(#14748);
#14748 = FILL_AREA_STYLE('',(#14749));
#14749 = FILL_AREA_STYLE_COLOUR('',#14676);
#14750 = MECHANICAL_DESIGN_GEOMETRIC_PRESENTATION_REPRESENTATION('',(
    #14751),#9586);
#14751 = STYLED_ITEM('color',(#14752),#9256);
#14752 = PRESENTATION_STYLE_ASSIGNMENT((#14753));
#14753 = SURFACE_STYLE_USAGE(.BOTH.,#14754);
#14754 = SURFACE_SIDE_STYLE('',(#14755));
#14755 = SURFACE_STYLE_FILL_AREA(#14756);
#14756 = FILL_AREA_STYLE('',(#14757));
#14757 = FILL_AREA_STYLE_COLOUR('',#14709);
#14758 = MECHANICAL_DESIGN_GEOMETRIC_PRESENTATION_REPRESENTATION('',(
    #14759),#8888);
#14759 = STYLED_ITEM('color',(#14760),#8558);
#14760 = PRESENTATION_STYLE_ASSIGNMENT((#14761));
#14761 = SURFACE_STYLE_USAGE(.BOTH.,#14762);
#14762 = SURFACE_SIDE_STYLE('',(#14763));
#14763 = SURFACE_STYLE_FILL_AREA(#14764);
#14764 = FILL_AREA_STYLE('',(#14765));
#14765 = FILL_AREA_STYLE_COLOUR('',#14766);
#14766 = COLOUR_RGB('',0.55000000909,0.630000008194,0.659999992303);
#14767 = MECHANICAL_DESIGN_GEOMETRIC_PRESENTATION_REPRESENTATION('',(
    #14768),#4439);
#14768 = STYLED_ITEM('color',(#14769),#4217);
#14769 = PRESENTATION_STYLE_ASSIGNMENT((#14770));
#14770 = SURFACE_STYLE_USAGE(.BOTH.,#14771);
#14771 = SURFACE_SIDE_STYLE('',(#14772));
#14772 = SURFACE_STYLE_FILL_AREA(#14773);
#14773 = FILL_AREA_STYLE('',(#14774));
#14774 = FILL_AREA_STYLE_COLOUR('',#14775);
#14775 = COLOUR_RGB('',0.250000000672,0.389999993588,0.45000000386);
#14776 = MECHANICAL_DESIGN_GEOMETRIC_PRESENTATION_REPRESENTATION('',(
    #14777),#2071);
#14777 = STYLED_ITEM('color',(#14778),#1915);
#14778 = PRESENTATION_STYLE_ASSIGNMENT((#14779));
#14779 = SURFACE_STYLE_USAGE(.BOTH.,#14780);
#14780 = SURFACE_SIDE_STYLE('',(#14781));
#14781 = SURFACE_STYLE_FILL_AREA(#14782);
#14782 = FILL_AREA_STYLE('',(#14783));
#14783 = FILL_AREA_STYLE_COLOUR('',#14676);
#14784 = MECHANICAL_DESIGN_GEOMETRIC_PRESENTATION_REPRESENTATION('',(
    #14785),#3634);
#14785 = STYLED_ITEM('color',(#14786),#3505);
#14786 = PRESENTATION_STYLE_ASSIGNMENT((#14787));
#14787 = SURFACE_STYLE_USAGE(.BOTH.,#14788);
#14788 = SURFACE_SIDE_STYLE('',(#14789));
#14789 = SURFACE_STYLE_FILL_AREA(#14790);
#14790 = FILL_AREA_STYLE('',(#14791));
#14791 = FILL_AREA_STYLE_COLOUR('',#14676);
#14792 = MECHANICAL_DESIGN_GEOMETRIC_PRESENTATION_REPRESENTATION('',(
    #14793),#2917);
#14793 = STYLED_ITEM('color',(#14794),#2788);
#14794 = PRESENTATION_STYLE_ASSIGNMENT((#14795));
#14795 = SURFACE_STYLE_USAGE(.BOTH.,#14796);
#14796 = SURFACE_SIDE_STYLE('',(#14797));
#14797 = SURFACE_STYLE_FILL_AREA(#14798);
#14798 = FILL_AREA_STYLE('',(#14799));
#14799 = FILL_AREA_STYLE_COLOUR('',#14658);
#14800 = MECHANICAL_DESIGN_GEOMETRIC_PRESENTATION_REPRESENTATION('',(
    #14801),#1717);
#14801 = STYLED_ITEM('color',(#14802),#1567);
#14802 = PRESENTATION_STYLE_ASSIGNMENT((#14803));
#14803 = SURFACE_STYLE_USAGE(.BOTH.,#14804);
#14804 = SURFACE_SIDE_STYLE('',(#14805));
#14805 = SURFACE_STYLE_FILL_AREA(#14806);
#14806 = FILL_AREA_STYLE('',(#14807));
#14807 = FILL_AREA_STYLE_COLOUR('',#14676);
#14808 = MECHANICAL_DESIGN_GEOMETRIC_PRESENTATION_REPRESENTATION('',(
    #14809),#10284);
#14809 = STYLED_ITEM('color',(#14810),#9954);
#14810 = PRESENTATION_STYLE_ASSIGNMENT((#14811));
#14811 = SURFACE_STYLE_USAGE(.BOTH.,#14812);
#14812 = SURFACE_SIDE_STYLE('',(#14813));
#14813 = SURFACE_STYLE_FILL_AREA(#14814);
#14814 = FILL_AREA_STYLE('',(#14815));
#14815 = FILL_AREA_STYLE_COLOUR('',#14709);
#14816 = MECHANICAL_DESIGN_GEOMETRIC_PRESENTATION_REPRESENTATION('',(
    #14817),#3795);
#14817 = STYLED_ITEM('color',(#14818),#3655);
#14818 = PRESENTATION_STYLE_ASSIGNMENT((#14819));
#14819 = SURFACE_STYLE_USAGE(.BOTH.,#14820);
#14820 = SURFACE_SIDE_STYLE('',(#14821));
#14821 = SURFACE_STYLE_FILL_AREA(#14822);
#14822 = FILL_AREA_STYLE('',(#14823));
#14823 = FILL_AREA_STYLE_COLOUR('',#14658);
#14824 = MECHANICAL_DESIGN_GEOMETRIC_PRESENTATION_REPRESENTATION('',(
    #14825),#1236);
#14825 = STYLED_ITEM('color',(#14826),#1107);
#14826 = PRESENTATION_STYLE_ASSIGNMENT((#14827));
#14827 = SURFACE_STYLE_USAGE(.BOTH.,#14828);
#14828 = SURFACE_SIDE_STYLE('',(#14829));
#14829 = SURFACE_STYLE_FILL_AREA(#14830);
#14830 = FILL_AREA_STYLE('',(#14831));
#14831 = FILL_AREA_STYLE_COLOUR('',#14658);
#14832 = MECHANICAL_DESIGN_GEOMETRIC_PRESENTATION_REPRESENTATION('',(
    #14833),#12998);
#14833 = STYLED_ITEM('color',(#14834),#11660);
#14834 = PRESENTATION_STYLE_ASSIGNMENT((#14835));
#14835 = SURFACE_STYLE_USAGE(.BOTH.,#14836);
#14836 = SURFACE_SIDE_STYLE('',(#14837));
#14837 = SURFACE_STYLE_FILL_AREA(#14838);
#14838 = FILL_AREA_STYLE('',(#14839));
#14839 = FILL_AREA_STYLE_COLOUR('',#14676);
#14840 = MECHANICAL_DESIGN_GEOMETRIC_PRESENTATION_REPRESENTATION('',(
    #14841),#658);
#14841 = STYLED_ITEM('color',(#14842),#529);
#14842 = PRESENTATION_STYLE_ASSIGNMENT((#14843));
#14843 = SURFACE_STYLE_USAGE(.BOTH.,#14844);
#14844 = SURFACE_SIDE_STYLE('',(#14845));
#14845 = SURFACE_STYLE_FILL_AREA(#14846);
#14846 = FILL_AREA_STYLE('',(#14847));
#14847 = FILL_AREA_STYLE_COLOUR('',#14658);
#14848 = MECHANICAL_DESIGN_GEOMETRIC_PRESENTATION_REPRESENTATION('',(
    #14849),#4196);
#14849 = STYLED_ITEM('color',(#14850),#4095);
#14850 = PRESENTATION_STYLE_ASSIGNMENT((#14851));
#14851 = SURFACE_STYLE_USAGE(.BOTH.,#14852);
#14852 = SURFACE_SIDE_STYLE('',(#14853));
#14853 = SURFACE_STYLE_FILL_AREA(#14854);
#14854 = FILL_AREA_STYLE('',(#14855));
#14855 = FILL_AREA_STYLE_COLOUR('',#14856);
#14856 = COLOUR_RGB('',0.230000002338,0.24000000363,0.24000000363);
#14857 = MECHANICAL_DESIGN_GEOMETRIC_PRESENTATION_REPRESENTATION('',(
    #14858),#8190);
#14858 = STYLED_ITEM('color',(#14859),#7860);
#14859 = PRESENTATION_STYLE_ASSIGNMENT((#14860));
#14860 = SURFACE_STYLE_USAGE(.BOTH.,#14861);
#14861 = SURFACE_SIDE_STYLE('',(#14862));
#14862 = SURFACE_STYLE_FILL_AREA(#14863);
#14863 = FILL_AREA_STYLE('',(#14864));
#14864 = FILL_AREA_STYLE_COLOUR('',#14709);
#14865 = MECHANICAL_DESIGN_GEOMETRIC_PRESENTATION_REPRESENTATION('',(
    #14866),#2596);
#14866 = STYLED_ITEM('color',(#14867),#2446);
#14867 = PRESENTATION_STYLE_ASSIGNMENT((#14868));
#14868 = SURFACE_STYLE_USAGE(.BOTH.,#14869);
#14869 = SURFACE_SIDE_STYLE('',(#14870));
#14870 = SURFACE_STYLE_FILL_AREA(#14871);
#14871 = FILL_AREA_STYLE('',(#14872));
#14872 = FILL_AREA_STYLE_COLOUR('',#14658);
#14873 = MECHANICAL_DESIGN_GEOMETRIC_PRESENTATION_REPRESENTATION('',(
    #14874),#3956);
#14874 = STYLED_ITEM('color',(#14875),#3816);
#14875 = PRESENTATION_STYLE_ASSIGNMENT((#14876));
#14876 = SURFACE_STYLE_USAGE(.BOTH.,#14877);
#14877 = SURFACE_SIDE_STYLE('',(#14878));
#14878 = SURFACE_STYLE_FILL_AREA(#14879);
#14879 = FILL_AREA_STYLE('',(#14880));
#14880 = FILL_AREA_STYLE_COLOUR('',#14676);
#14881 = MECHANICAL_DESIGN_GEOMETRIC_PRESENTATION_REPRESENTATION('',(
    #14882),#2425);
#14882 = STYLED_ITEM('color',(#14883),#2269);
#14883 = PRESENTATION_STYLE_ASSIGNMENT((#14884));
#14884 = SURFACE_STYLE_USAGE(.BOTH.,#14885);
#14885 = SURFACE_SIDE_STYLE('',(#14886));
#14886 = SURFACE_STYLE_FILL_AREA(#14887);
#14887 = FILL_AREA_STYLE('',(#14888));
#14888 = FILL_AREA_STYLE_COLOUR('',#14676);
#14889 = MECHANICAL_DESIGN_GEOMETRIC_PRESENTATION_REPRESENTATION('',(
    #14890),#8539);
#14890 = STYLED_ITEM('color',(#14891),#8209);
#14891 = PRESENTATION_STYLE_ASSIGNMENT((#14892));
#14892 = SURFACE_STYLE_USAGE(.BOTH.,#14893);
#14893 = SURFACE_SIDE_STYLE('',(#14894));
#14894 = SURFACE_STYLE_FILL_AREA(#14895);
#14895 = FILL_AREA_STYLE('',(#14896));
#14896 = FILL_AREA_STYLE_COLOUR('',#14897);
#14897 = COLOUR_RGB('',0.1599999992,0.36000000506,0.460000000054);
#14898 = MECHANICAL_DESIGN_GEOMETRIC_PRESENTATION_REPRESENTATION('',(
    #14899),#13383);
#14899 = STYLED_ITEM('color',(#14900),#13019);
#14900 = PRESENTATION_STYLE_ASSIGNMENT((#14901));
#14901 = SURFACE_STYLE_USAGE(.BOTH.,#14902);
#14902 = SURFACE_SIDE_STYLE('',(#14903));
#14903 = SURFACE_STYLE_FILL_AREA(#14904);
#14904 = FILL_AREA_STYLE('',(#14905));
#14905 = FILL_AREA_STYLE_COLOUR('',#14658);
#14906 = MECHANICAL_DESIGN_GEOMETRIC_PRESENTATION_REPRESENTATION('',(
    #14907),#14095);
#14907 = STYLED_ITEM('color',(#14908),#13758);
#14908 = PRESENTATION_STYLE_ASSIGNMENT((#14909));
#14909 = SURFACE_STYLE_USAGE(.BOTH.,#14910);
#14910 = SURFACE_SIDE_STYLE('',(#14911));
#14911 = SURFACE_STYLE_FILL_AREA(#14912);
#14912 = FILL_AREA_STYLE('',(#14913));
#14913 = FILL_AREA_STYLE_COLOUR('',#14649);
#14914 = MECHANICAL_DESIGN_GEOMETRIC_PRESENTATION_REPRESENTATION('',(
    #14915),#3484);
#14915 = STYLED_ITEM('color',(#14916),#3355);
#14916 = PRESENTATION_STYLE_ASSIGNMENT((#14917));
#14917 = SURFACE_STYLE_USAGE(.BOTH.,#14918);
#14918 = SURFACE_SIDE_STYLE('',(#14919));
#14919 = SURFACE_STYLE_FILL_AREA(#14920);
#14920 = FILL_AREA_STYLE('',(#14921));
#14921 = FILL_AREA_STYLE_COLOUR('',#14658);
#14922 = MECHANICAL_DESIGN_GEOMETRIC_PRESENTATION_REPRESENTATION('',(
    #14923),#508);
#14923 = STYLED_ITEM('color',(#14924),#368);
#14924 = PRESENTATION_STYLE_ASSIGNMENT((#14925));
#14925 = SURFACE_STYLE_USAGE(.BOTH.,#14926);
#14926 = SURFACE_SIDE_STYLE('',(#14927));
#14927 = SURFACE_STYLE_FILL_AREA(#14928);
#14928 = FILL_AREA_STYLE('',(#14929));
#14929 = FILL_AREA_STYLE_COLOUR('',#14676);
#14930 = MECHANICAL_DESIGN_GEOMETRIC_PRESENTATION_REPRESENTATION('',(
    #14931),#1375);
#14931 = STYLED_ITEM('color',(#14932),#1257);
#14932 = PRESENTATION_STYLE_ASSIGNMENT((#14933));
#14933 = SURFACE_STYLE_USAGE(.BOTH.,#14934);
#14934 = SURFACE_SIDE_STYLE('',(#14935));
#14935 = SURFACE_STYLE_FILL_AREA(#14936);
#14936 = FILL_AREA_STYLE('',(#14937));
#14937 = FILL_AREA_STYLE_COLOUR('',#14676);
#14938 = MECHANICAL_DESIGN_GEOMETRIC_PRESENTATION_REPRESENTATION('',(
    #14939),#808);
#14939 = STYLED_ITEM('color',(#14940),#679);
#14940 = PRESENTATION_STYLE_ASSIGNMENT((#14941));
#14941 = SURFACE_STYLE_USAGE(.BOTH.,#14942);
#14942 = SURFACE_SIDE_STYLE('',(#14943));
#14943 = SURFACE_STYLE_FILL_AREA(#14944);
#14944 = FILL_AREA_STYLE('',(#14945));
#14945 = FILL_AREA_STYLE_COLOUR('',#14676);
#14946 = MECHANICAL_DESIGN_GEOMETRIC_PRESENTATION_REPRESENTATION('',(
    #14947),#4076);
#14947 = STYLED_ITEM('color',(#14948),#3975);
#14948 = PRESENTATION_STYLE_ASSIGNMENT((#14949));
#14949 = SURFACE_STYLE_USAGE(.BOTH.,#14950);
#14950 = SURFACE_SIDE_STYLE('',(#14951));
#14951 = SURFACE_STYLE_FILL_AREA(#14952);
#14952 = FILL_AREA_STYLE('',(#14953));
#14953 = FILL_AREA_STYLE_COLOUR('',#14954);
#14954 = COLOUR_RGB('',0.819999987296,0.78000000177,0.659999992303);
#14955 = MECHANICAL_DESIGN_GEOMETRIC_PRESENTATION_REPRESENTATION('',(
    #14956),#3195);
#14956 = STYLED_ITEM('color',(#14957),#3077);
#14957 = PRESENTATION_STYLE_ASSIGNMENT((#14958));
#14958 = SURFACE_STYLE_USAGE(.BOTH.,#14959);
#14959 = SURFACE_SIDE_STYLE('',(#14960));
#14960 = SURFACE_STYLE_FILL_AREA(#14961);
#14961 = FILL_AREA_STYLE('',(#14962));
#14962 = FILL_AREA_STYLE_COLOUR('',#14658);
#14963 = MECHANICAL_DESIGN_GEOMETRIC_PRESENTATION_REPRESENTATION('',(
    #14964),#1894);
#14964 = STYLED_ITEM('color',(#14965),#1738);
#14965 = PRESENTATION_STYLE_ASSIGNMENT((#14966));
#14966 = SURFACE_STYLE_USAGE(.BOTH.,#14967);
#14967 = SURFACE_SIDE_STYLE('',(#14968));
#14968 = SURFACE_STYLE_FILL_AREA(#14969);
#14969 = FILL_AREA_STYLE('',(#14970));
#14970 = FILL_AREA_STYLE_COLOUR('',#14658);
#14971 = MECHANICAL_DESIGN_GEOMETRIC_PRESENTATION_REPRESENTATION('',(
    #14972),#2248);
#14972 = STYLED_ITEM('color',(#14973),#2092);
#14973 = PRESENTATION_STYLE_ASSIGNMENT((#14974));
#14974 = SURFACE_STYLE_USAGE(.BOTH.,#14975);
#14975 = SURFACE_SIDE_STYLE('',(#14976));
#14976 = SURFACE_STYLE_FILL_AREA(#14977);
#14977 = FILL_AREA_STYLE('',(#14978));
#14978 = FILL_AREA_STYLE_COLOUR('',#14658);
#14979 = MECHANICAL_DESIGN_GEOMETRIC_PRESENTATION_REPRESENTATION('',(
    #14980),#5796);
#14980 = STYLED_ITEM('color',(#14981),#4458);
#14981 = PRESENTATION_STYLE_ASSIGNMENT((#14982));
#14982 = SURFACE_STYLE_USAGE(.BOTH.,#14983);
#14983 = SURFACE_SIDE_STYLE('',(#14984));
#14984 = SURFACE_STYLE_FILL_AREA(#14985);
#14985 = FILL_AREA_STYLE('',(#14986));
#14986 = FILL_AREA_STYLE_COLOUR('',#14676);
#14987 = MECHANICAL_DESIGN_GEOMETRIC_PRESENTATION_REPRESENTATION('',(
    #14988),#14149);
#14988 = STYLED_ITEM('color',(#14989),#14141);
#14989 = PRESENTATION_STYLE_ASSIGNMENT((#14990));
#14990 = SURFACE_STYLE_USAGE(.BOTH.,#14991);
#14991 = SURFACE_SIDE_STYLE('',(#14992));
#14992 = SURFACE_STYLE_FILL_AREA(#14993);
#14993 = FILL_AREA_STYLE('',(#14994));
#14994 = FILL_AREA_STYLE_COLOUR('',#14649);
#14995 = MECHANICAL_DESIGN_GEOMETRIC_PRESENTATION_REPRESENTATION('',(
    #14996),#947);
#14996 = STYLED_ITEM('color',(#14997),#829);
#14997 = PRESENTATION_STYLE_ASSIGNMENT((#14998));
#14998 = SURFACE_STYLE_USAGE(.BOTH.,#14999);
#14999 = SURFACE_SIDE_STYLE('',(#15000));
#15000 = SURFACE_STYLE_FILL_AREA(#15001);
#15001 = FILL_AREA_STYLE('',(#15002));
#15002 = FILL_AREA_STYLE_COLOUR('',#14658);
ENDSEC;
END-ISO-10303-21;
