ISO-10303-21;
HEADER;
FILE_DESCRIPTION(('Open CASCADE Model'),'2;1');
FILE_NAME('Open CASCADE Shape Model','2026-10-02T16:52:38',('Author'),(
    'Open CASCADE'),'Open CASCADE STEP processor 7.9','Open CASCADE 7.9'
  ,'Unknown');
FILE_SCHEMA(('AUTOMOTIVE_DESIGN { 1 0 10303 214 1 1 1 1 }'));
ENDSEC;
DATA;
#1 = APPLICATION_PROTOCOL_DEFINITION('international standard',
  'automotive_design',2000,#2);
#2 = APPLICATION_CONTEXT(
  'core data for automotive mechanical design processes');
#3 = SHAPE_DEFINITION_REPRESENTATION(#4,#10);
#4 = PRODUCT_DEFINITION_SHAPE('','',#5);
#5 = PRODUCT_DEFINITION('design','',#6,#9);
#6 = PRODUCT_DEFINITION_FORMATION('','',#7);
#7 = PRODUCT('Lezhandr_R04_work_closed','Lezhandr_R04_work_closed','',(
    #8));
#8 = PRODUCT_CONTEXT('',#2,'mechanical');
#9 = PRODUCT_DEFINITION_CONTEXT('part definition',#2,'design');
#10 = SHAPE_REPRESENTATION('',(#11,#15,#19,#23,#27,#31,#35,#39,#43,#47,
    #51,#55,#59,#63,#67,#71,#75,#79,#83,#87,#91,#95,#99,#103,#107,#111,
    #115,#119,#123,#127,#131,#135,#139,#143,#147,#151,#155,#159,#163,
    #167,#171,#175,#179),#183);
#11 = AXIS2_PLACEMENT_3D('',#12,#13,#14);
#12 = CARTESIAN_POINT('',(0.,0.,0.));
#13 = DIRECTION('',(0.,0.,1.));
#14 = DIRECTION('',(1.,0.,-0.));
#15 = AXIS2_PLACEMENT_3D('',#16,#17,#18);
#16 = CARTESIAN_POINT('',(0.,0.,0.));
#17 = DIRECTION('',(0.,0.,1.));
#18 = DIRECTION('',(1.,0.,-0.));
#19 = AXIS2_PLACEMENT_3D('',#20,#21,#22);
#20 = CARTESIAN_POINT('',(0.,0.,0.));
#21 = DIRECTION('',(0.,0.,1.));
#22 = DIRECTION('',(1.,0.,-0.));
#23 = AXIS2_PLACEMENT_3D('',#24,#25,#26);
#24 = CARTESIAN_POINT('',(0.,0.,0.));
#25 = DIRECTION('',(0.,0.,1.));
#26 = DIRECTION('',(1.,0.,-0.));
#27 = AXIS2_PLACEMENT_3D('',#28,#29,#30);
#28 = CARTESIAN_POINT('',(0.,0.,0.));
#29 = DIRECTION('',(0.,0.,1.));
#30 = DIRECTION('',(1.,0.,-0.));
#31 = AXIS2_PLACEMENT_3D('',#32,#33,#34);
#32 = CARTESIAN_POINT('',(0.,0.,0.));
#33 = DIRECTION('',(0.,0.,1.));
#34 = DIRECTION('',(1.,0.,-0.));
#35 = AXIS2_PLACEMENT_3D('',#36,#37,#38);
#36 = CARTESIAN_POINT('',(0.,0.,0.));
#37 = DIRECTION('',(0.,0.,1.));
#38 = DIRECTION('',(1.,0.,-0.));
#39 = AXIS2_PLACEMENT_3D('',#40,#41,#42);
#40 = CARTESIAN_POINT('',(0.,0.,0.));
#41 = DIRECTION('',(0.,0.,1.));
#42 = DIRECTION('',(1.,0.,-0.));
#43 = AXIS2_PLACEMENT_3D('',#44,#45,#46);
#44 = CARTESIAN_POINT('',(0.,0.,0.));
#45 = DIRECTION('',(0.,0.,1.));
#46 = DIRECTION('',(1.,0.,-0.));
#47 = AXIS2_PLACEMENT_3D('',#48,#49,#50);
#48 = CARTESIAN_POINT('',(0.,0.,0.));
#49 = DIRECTION('',(0.,0.,1.));
#50 = DIRECTION('',(1.,0.,-0.));
#51 = AXIS2_PLACEMENT_3D('',#52,#53,#54);
#52 = CARTESIAN_POINT('',(0.,0.,0.));
#53 = DIRECTION('',(0.,0.,1.));
#54 = DIRECTION('',(1.,0.,-0.));
#55 = AXIS2_PLACEMENT_3D('',#56,#57,#58);
#56 = CARTESIAN_POINT('',(0.,0.,0.));
#57 = DIRECTION('',(0.,0.,1.));
#58 = DIRECTION('',(1.,0.,-0.));
#59 = AXIS2_PLACEMENT_3D('',#60,#61,#62);
#60 = CARTESIAN_POINT('',(0.,0.,0.));
#61 = DIRECTION('',(0.,0.,1.));
#62 = DIRECTION('',(1.,0.,-0.));
#63 = AXIS2_PLACEMENT_3D('',#64,#65,#66);
#64 = CARTESIAN_POINT('',(0.,0.,0.));
#65 = DIRECTION('',(0.,0.,1.));
#66 = DIRECTION('',(1.,0.,-0.));
#67 = AXIS2_PLACEMENT_3D('',#68,#69,#70);
#68 = CARTESIAN_POINT('',(0.,0.,0.));
#69 = DIRECTION('',(0.,0.,1.));
#70 = DIRECTION('',(1.,0.,-0.));
#71 = AXIS2_PLACEMENT_3D('',#72,#73,#74);
#72 = CARTESIAN_POINT('',(0.,0.,0.));
#73 = DIRECTION('',(0.,0.,1.));
#74 = DIRECTION('',(1.,0.,-0.));
#75 = AXIS2_PLACEMENT_3D('',#76,#77,#78);
#76 = CARTESIAN_POINT('',(0.,0.,0.));
#77 = DIRECTION('',(0.,0.,1.));
#78 = DIRECTION('',(1.,0.,-0.));
#79 = AXIS2_PLACEMENT_3D('',#80,#81,#82);
#80 = CARTESIAN_POINT('',(0.,0.,0.));
#81 = DIRECTION('',(0.,0.,1.));
#82 = DIRECTION('',(1.,0.,-0.));
#83 = AXIS2_PLACEMENT_3D('',#84,#85,#86);
#84 = CARTESIAN_POINT('',(0.,0.,0.));
#85 = DIRECTION('',(0.,0.,1.));
#86 = DIRECTION('',(1.,0.,-0.));
#87 = AXIS2_PLACEMENT_3D('',#88,#89,#90);
#88 = CARTESIAN_POINT('',(0.,0.,0.));
#89 = DIRECTION('',(0.,0.,1.));
#90 = DIRECTION('',(1.,0.,-0.));
#91 = AXIS2_PLACEMENT_3D('',#92,#93,#94);
#92 = CARTESIAN_POINT('',(0.,0.,0.));
#93 = DIRECTION('',(0.,0.,1.));
#94 = DIRECTION('',(1.,0.,-0.));
#95 = AXIS2_PLACEMENT_3D('',#96,#97,#98);
#96 = CARTESIAN_POINT('',(0.,0.,0.));
#97 = DIRECTION('',(0.,0.,1.));
#98 = DIRECTION('',(1.,0.,-0.));
#99 = AXIS2_PLACEMENT_3D('',#100,#101,#102);
#100 = CARTESIAN_POINT('',(0.,0.,0.));
#101 = DIRECTION('',(0.,0.,1.));
#102 = DIRECTION('',(1.,0.,-0.));
#103 = AXIS2_PLACEMENT_3D('',#104,#105,#106);
#104 = CARTESIAN_POINT('',(0.,0.,0.));
#105 = DIRECTION('',(0.,0.,1.));
#106 = DIRECTION('',(1.,0.,-0.));
#107 = AXIS2_PLACEMENT_3D('',#108,#109,#110);
#108 = CARTESIAN_POINT('',(0.,0.,0.));
#109 = DIRECTION('',(0.,0.,1.));
#110 = DIRECTION('',(1.,0.,-0.));
#111 = AXIS2_PLACEMENT_3D('',#112,#113,#114);
#112 = CARTESIAN_POINT('',(0.,0.,0.));
#113 = DIRECTION('',(0.,0.,1.));
#114 = DIRECTION('',(1.,0.,-0.));
#115 = AXIS2_PLACEMENT_3D('',#116,#117,#118);
#116 = CARTESIAN_POINT('',(0.,0.,0.));
#117 = DIRECTION('',(0.,0.,1.));
#118 = DIRECTION('',(1.,0.,-0.));
#119 = AXIS2_PLACEMENT_3D('',#120,#121,#122);
#120 = CARTESIAN_POINT('',(0.,0.,0.));
#121 = DIRECTION('',(0.,0.,1.));
#122 = DIRECTION('',(1.,0.,-0.));
#123 = AXIS2_PLACEMENT_3D('',#124,#125,#126);
#124 = CARTESIAN_POINT('',(0.,0.,0.));
#125 = DIRECTION('',(0.,0.,1.));
#126 = DIRECTION('',(1.,0.,-0.));
#127 = AXIS2_PLACEMENT_3D('',#128,#129,#130);
#128 = CARTESIAN_POINT('',(0.,0.,0.));
#129 = DIRECTION('',(0.,0.,1.));
#130 = DIRECTION('',(1.,0.,-0.));
#131 = AXIS2_PLACEMENT_3D('',#132,#133,#134);
#132 = CARTESIAN_POINT('',(0.,0.,0.));
#133 = DIRECTION('',(0.,0.,1.));
#134 = DIRECTION('',(1.,0.,-0.));
#135 = AXIS2_PLACEMENT_3D('',#136,#137,#138);
#136 = CARTESIAN_POINT('',(0.,0.,0.));
#137 = DIRECTION('',(0.,0.,1.));
#138 = DIRECTION('',(1.,0.,-0.));
#139 = AXIS2_PLACEMENT_3D('',#140,#141,#142);
#140 = CARTESIAN_POINT('',(0.,0.,0.));
#141 = DIRECTION('',(0.,0.,1.));
#142 = DIRECTION('',(1.,0.,-0.));
#143 = AXIS2_PLACEMENT_3D('',#144,#145,#146);
#144 = CARTESIAN_POINT('',(0.,0.,0.));
#145 = DIRECTION('',(0.,0.,1.));
#146 = DIRECTION('',(1.,0.,-0.));
#147 = AXIS2_PLACEMENT_3D('',#148,#149,#150);
#148 = CARTESIAN_POINT('',(0.,0.,0.));
#149 = DIRECTION('',(0.,0.,1.));
#150 = DIRECTION('',(1.,0.,-0.));
#151 = AXIS2_PLACEMENT_3D('',#152,#153,#154);
#152 = CARTESIAN_POINT('',(0.,0.,0.));
#153 = DIRECTION('',(0.,0.,1.));
#154 = DIRECTION('',(1.,0.,-0.));
#155 = AXIS2_PLACEMENT_3D('',#156,#157,#158);
#156 = CARTESIAN_POINT('',(0.,0.,0.));
#157 = DIRECTION('',(0.,0.,1.));
#158 = DIRECTION('',(1.,0.,-0.));
#159 = AXIS2_PLACEMENT_3D('',#160,#161,#162);
#160 = CARTESIAN_POINT('',(0.,0.,0.));
#161 = DIRECTION('',(0.,0.,1.));
#162 = DIRECTION('',(1.,0.,-0.));
#163 = AXIS2_PLACEMENT_3D('',#164,#165,#166);
#164 = CARTESIAN_POINT('',(0.,0.,0.));
#165 = DIRECTION('',(0.,0.,1.));
#166 = DIRECTION('',(1.,0.,-0.));
#167 = AXIS2_PLACEMENT_3D('',#168,#169,#170);
#168 = CARTESIAN_POINT('',(0.,0.,0.));
#169 = DIRECTION('',(0.,0.,1.));
#170 = DIRECTION('',(1.,0.,-0.));
#171 = AXIS2_PLACEMENT_3D('',#172,#173,#174);
#172 = CARTESIAN_POINT('',(0.,0.,0.));
#173 = DIRECTION('',(0.,0.,1.));
#174 = DIRECTION('',(1.,0.,-0.));
#175 = AXIS2_PLACEMENT_3D('',#176,#177,#178);
#176 = CARTESIAN_POINT('',(0.,0.,0.));
#177 = DIRECTION('',(0.,0.,1.));
#178 = DIRECTION('',(1.,0.,-0.));
#179 = AXIS2_PLACEMENT_3D('',#180,#181,#182);
#180 = CARTESIAN_POINT('',(0.,0.,0.));
#181 = DIRECTION('',(0.,0.,1.));
#182 = DIRECTION('',(1.,0.,-0.));
#183 = ( GEOMETRIC_REPRESENTATION_CONTEXT(3) 
GLOBAL_UNCERTAINTY_ASSIGNED_CONTEXT((#187)) GLOBAL_UNIT_ASSIGNED_CONTEXT
((#184,#185,#186)) REPRESENTATION_CONTEXT('Context #1',
  '3D Context with UNIT and UNCERTAINTY') );
#184 = ( LENGTH_UNIT() NAMED_UNIT(*) SI_UNIT(.MILLI.,.METRE.) );
#185 = ( NAMED_UNIT(*) PLANE_ANGLE_UNIT() SI_UNIT($,.RADIAN.) );
#186 = ( NAMED_UNIT(*) SI_UNIT($,.STERADIAN.) SOLID_ANGLE_UNIT() );
#187 = UNCERTAINTY_MEASURE_WITH_UNIT(LENGTH_MEASURE(1.E-07),#184,
  'distance_accuracy_value','confusion accuracy');
#188 = PRODUCT_RELATED_PRODUCT_CATEGORY('part',$,(#7));
#189 = SHAPE_DEFINITION_REPRESENTATION(#190,#196);
#190 = PRODUCT_DEFINITION_SHAPE('','',#191);
#191 = PRODUCT_DEFINITION('design','',#192,#195);
#192 = PRODUCT_DEFINITION_FORMATION('','',#193);
#193 = PRODUCT('O01','O01','',(#194));
#194 = PRODUCT_CONTEXT('',#2,'mechanical');
#195 = PRODUCT_DEFINITION_CONTEXT('part definition',#2,'design');
#196 = MANIFOLD_SURFACE_SHAPE_REPRESENTATION('',(#11,#197),#339);
#197 = SHELL_BASED_SURFACE_MODEL('',(#198));
#198 = OPEN_SHELL('',(#199));
#199 = ADVANCED_FACE('',(#200),#220,.T.);
#200 = FACE_BOUND('',#201,.T.);
#201 = EDGE_LOOP('',(#202,#281,#300,#322));
#202 = ORIENTED_EDGE('',*,*,#203,.F.);
#203 = EDGE_CURVE('',#204,#206,#208,.T.);
#204 = VERTEX_POINT('',#205);
#205 = CARTESIAN_POINT('',(2.26E+03,0.,0.));
#206 = VERTEX_POINT('',#207);
#207 = CARTESIAN_POINT('',(2.26E+03,0.,310.));
#208 = SURFACE_CURVE('',#209,(#219),.PCURVE_S1.);
#209 = B_SPLINE_CURVE_WITH_KNOTS('',3,(#210,#211,#212,#213,#214,#215,
    #216,#217,#218),.UNSPECIFIED.,.F.,.F.,(4,1,1,1,1,1,4),(0.,
    0.138303717447,0.306329958805,0.5,0.693670041195,0.861696282553,1.),
  .UNSPECIFIED.);
#210 = CARTESIAN_POINT('',(2.26E+03,0.,0.));
#211 = CARTESIAN_POINT('',(2.27904502003E+03,0.,-0.151567456172));
#212 = CARTESIAN_POINT('',(2.317274445738E+03,0.,19.175203208964));
#213 = CARTESIAN_POINT('',(2.35221587872E+03,0.,79.691921309217));
#214 = CARTESIAN_POINT('',(2.364157851379E+03,0.,155.));
#215 = CARTESIAN_POINT('',(2.35221587872E+03,0.,230.30807869078));
#216 = CARTESIAN_POINT('',(2.317274445738E+03,0.,290.82479679103));
#217 = CARTESIAN_POINT('',(2.27904502003E+03,0.,310.15156745617));
#218 = CARTESIAN_POINT('',(2.26E+03,0.,310.));
#219 = PCURVE('',#220,#275);
#220 = B_SPLINE_SURFACE_WITH_KNOTS('',3,3,(
    (#221,#222,#223,#224,#225,#226,#227,#228,#229)
    ,(#230,#231,#232,#233,#234,#235,#236,#237,#238)
    ,(#239,#240,#241,#242,#243,#244,#245,#246,#247)
    ,(#248,#249,#250,#251,#252,#253,#254,#255,#256)
    ,(#257,#258,#259,#260,#261,#262,#263,#264,#265)
    ,(#266,#267,#268,#269,#270,#271,#272,#273,#274
  )),.UNSPECIFIED.,.F.,.F.,.F.,(4,1,1,4),(4,1,1,1,1,1,4),(0.,
    0.309028611238,0.635934689096,1.),(0.,0.138303717447,0.306329958805,
    0.5,0.693670041195,0.861696282553,1.),.UNSPECIFIED.);
#221 = CARTESIAN_POINT('',(2.26E+03,0.,0.));
#222 = CARTESIAN_POINT('',(2.27904502003E+03,0.,-0.151567456172));
#223 = CARTESIAN_POINT('',(2.317274445738E+03,0.,19.175203208964));
#224 = CARTESIAN_POINT('',(2.35221587872E+03,0.,79.691921309217));
#225 = CARTESIAN_POINT('',(2.364157851379E+03,0.,155.));
#226 = CARTESIAN_POINT('',(2.35221587872E+03,0.,230.30807869078));
#227 = CARTESIAN_POINT('',(2.317274445738E+03,0.,290.82479679103));
#228 = CARTESIAN_POINT('',(2.27904502003E+03,0.,310.15156745617));
#229 = CARTESIAN_POINT('',(2.26E+03,0.,310.));
#230 = CARTESIAN_POINT('',(2.260040349394E+03,25.507004489071,0.));
#231 = CARTESIAN_POINT('',(2.279118625724E+03,28.300900757269,
    -0.151567448886));
#232 = CARTESIAN_POINT('',(2.317414807425E+03,33.909141108252,
    19.175202287116));
#233 = CARTESIAN_POINT('',(2.352417254928E+03,39.035034337071,
    79.691917478024));
#234 = CARTESIAN_POINT('',(2.364380080588E+03,40.786916603032,
    154.99999254836));
#235 = CARTESIAN_POINT('',(2.352417254928E+03,39.035034337071,
    230.3080676187));
#236 = CARTESIAN_POINT('',(2.317414807425E+03,33.909141108252,
    290.82478280961));
#237 = CARTESIAN_POINT('',(2.279118625724E+03,28.300900757269,
    310.15155254562));
#238 = CARTESIAN_POINT('',(2.260040349394E+03,25.507004489071,
    309.99998509673));
#239 = CARTESIAN_POINT('',(2.24824183665E+03,78.169902154076,0.));
#240 = CARTESIAN_POINT('',(2.265962472904E+03,86.541378953412,
    -0.151567477892));
#241 = CARTESIAN_POINT('',(2.301533438231E+03,103.34560125677,
    19.175205956744));
#242 = CARTESIAN_POINT('',(2.334045056653E+03,118.70454522666,
    79.691932728956));
#243 = CARTESIAN_POINT('',(2.34515658887E+03,123.95378869772,
    155.00002221127));
#244 = CARTESIAN_POINT('',(2.334045056653E+03,118.70454522666,
    230.3081116936));
#245 = CARTESIAN_POINT('',(2.301533438231E+03,103.34560125677,
    290.82483846581));
#246 = CARTESIAN_POINT('',(2.265962472904E+03,86.541378953411,
    310.15161190045));
#247 = CARTESIAN_POINT('',(2.24824183665E+03,78.169902154076,
    310.00004442255));
#248 = CARTESIAN_POINT('',(2.19643663738E+03,153.65854559888,0.));
#249 = CARTESIAN_POINT('',(2.21067183482E+03,167.35039657018,
    -0.151567400929));
#250 = CARTESIAN_POINT('',(2.23924641348E+03,194.83430567981,
    19.175196220008));
#251 = CARTESIAN_POINT('',(2.265363382459E+03,219.9544101671,
    79.691892263197));
#252 = CARTESIAN_POINT('',(2.274289408178E+03,228.53973639336,
    154.99994350577));
#253 = CARTESIAN_POINT('',(2.265363382459E+03,219.9544101671,
    230.30799474835));
#254 = CARTESIAN_POINT('',(2.23924641348E+03,194.83430567981,
    290.82469079154));
#255 = CARTESIAN_POINT('',(2.21067183482E+03,167.35039657018,
    310.15145441248));
#256 = CARTESIAN_POINT('',(2.19643663738E+03,153.65854559888,
    309.99988701155));
#257 = CARTESIAN_POINT('',(2.144709602116E+03,196.94870358038,0.));
#258 = CARTESIAN_POINT('',(2.157074715999E+03,212.57183601587,
    -0.151568680646));
#259 = CARTESIAN_POINT('',(2.181895440883E+03,243.93244261062,
    19.17535812035));
#260 = CARTESIAN_POINT('',(2.204581413247E+03,272.59582201936,
    79.692565119133));
#261 = CARTESIAN_POINT('',(2.212334823414E+03,282.39213728133,
    155.00125220392));
#262 = CARTESIAN_POINT('',(2.204581413247E+03,272.59582201937,
    230.30993928872));
#263 = CARTESIAN_POINT('',(2.181895440883E+03,243.93244261062,
    290.8271462875));
#264 = CARTESIAN_POINT('',(2.157074715999E+03,212.57183601587,
    310.1540730885));
#265 = CARTESIAN_POINT('',(2.144709602116E+03,196.94870358038,
    310.00250440785));
#266 = CARTESIAN_POINT('',(2.115307436087E+03,217.5,0.));
#267 = CARTESIAN_POINT('',(2.126803517723E+03,233.97872895055,
    -0.151573067802));
#268 = CARTESIAN_POINT('',(2.149879817887E+03,267.05679046819,
    19.175913151147));
#269 = CARTESIAN_POINT('',(2.170971398017E+03,297.28991190102,
    79.694871820664));
#270 = CARTESIAN_POINT('',(2.178179890965E+03,307.62271965149,
    155.00573871562));
#271 = CARTESIAN_POINT('',(2.170971398017E+03,297.28991190102,
    230.31660561059));
#272 = CARTESIAN_POINT('',(2.149879817887E+03,267.05679046819,
    290.8355642801));
#273 = CARTESIAN_POINT('',(2.126803517723E+03,233.97872895054,
    310.16305049905));
#274 = CARTESIAN_POINT('',(2.115307436087E+03,217.5,310.01147743125));
#275 = DEFINITIONAL_REPRESENTATION('',(#276),#280);
#276 = LINE('',#277,#278);
#277 = CARTESIAN_POINT('',(0.,0.));
#278 = VECTOR('',#279,1.);
#279 = DIRECTION('',(0.,1.));
#280 = ( GEOMETRIC_REPRESENTATION_CONTEXT(2) 
PARAMETRIC_REPRESENTATION_CONTEXT() REPRESENTATION_CONTEXT('2D SPACE',''
  ) );
#281 = ORIENTED_EDGE('',*,*,#282,.T.);
#282 = EDGE_CURVE('',#204,#283,#285,.T.);
#283 = VERTEX_POINT('',#284);
#284 = CARTESIAN_POINT('',(2.115307436087E+03,217.5,0.));
#285 = SURFACE_CURVE('',#286,(#293),.PCURVE_S1.);
#286 = B_SPLINE_CURVE_WITH_KNOTS('',3,(#287,#288,#289,#290,#291,#292),
  .UNSPECIFIED.,.F.,.F.,(4,1,1,4),(0.,0.309028611238,0.635934689096,1.),
  .UNSPECIFIED.);
#287 = CARTESIAN_POINT('',(2.26E+03,0.,0.));
#288 = CARTESIAN_POINT('',(2.260040349394E+03,25.507004489071,0.));
#289 = CARTESIAN_POINT('',(2.24824183665E+03,78.169902154076,0.));
#290 = CARTESIAN_POINT('',(2.19643663738E+03,153.65854559888,0.));
#291 = CARTESIAN_POINT('',(2.144709602116E+03,196.94870358038,0.));
#292 = CARTESIAN_POINT('',(2.115307436087E+03,217.5,0.));
#293 = PCURVE('',#220,#294);
#294 = DEFINITIONAL_REPRESENTATION('',(#295),#299);
#295 = LINE('',#296,#297);
#296 = CARTESIAN_POINT('',(0.,0.));
#297 = VECTOR('',#298,1.);
#298 = DIRECTION('',(1.,0.));
#299 = ( GEOMETRIC_REPRESENTATION_CONTEXT(2) 
PARAMETRIC_REPRESENTATION_CONTEXT() REPRESENTATION_CONTEXT('2D SPACE',''
  ) );
#300 = ORIENTED_EDGE('',*,*,#301,.T.);
#301 = EDGE_CURVE('',#283,#302,#304,.T.);
#302 = VERTEX_POINT('',#303);
#303 = CARTESIAN_POINT('',(2.115307436087E+03,217.5,310.01147743125));
#304 = SURFACE_CURVE('',#305,(#315),.PCURVE_S1.);
#305 = B_SPLINE_CURVE_WITH_KNOTS('',3,(#306,#307,#308,#309,#310,#311,
    #312,#313,#314),.UNSPECIFIED.,.F.,.F.,(4,1,1,1,1,1,4),(0.,
    0.138303717447,0.306329958805,0.5,0.693670041195,0.861696282553,1.),
  .UNSPECIFIED.);
#306 = CARTESIAN_POINT('',(2.115307436087E+03,217.5,0.));
#307 = CARTESIAN_POINT('',(2.126803517723E+03,233.97872895055,
    -0.151573067802));
#308 = CARTESIAN_POINT('',(2.149879817887E+03,267.05679046819,
    19.175913151147));
#309 = CARTESIAN_POINT('',(2.170971398017E+03,297.28991190102,
    79.694871820664));
#310 = CARTESIAN_POINT('',(2.178179890965E+03,307.62271965149,
    155.00573871562));
#311 = CARTESIAN_POINT('',(2.170971398017E+03,297.28991190102,
    230.31660561059));
#312 = CARTESIAN_POINT('',(2.149879817887E+03,267.05679046819,
    290.8355642801));
#313 = CARTESIAN_POINT('',(2.126803517723E+03,233.97872895054,
    310.16305049905));
#314 = CARTESIAN_POINT('',(2.115307436087E+03,217.5,310.01147743125));
#315 = PCURVE('',#220,#316);
#316 = DEFINITIONAL_REPRESENTATION('',(#317),#321);
#317 = LINE('',#318,#319);
#318 = CARTESIAN_POINT('',(1.,0.));
#319 = VECTOR('',#320,1.);
#320 = DIRECTION('',(0.,1.));
#321 = ( GEOMETRIC_REPRESENTATION_CONTEXT(2) 
PARAMETRIC_REPRESENTATION_CONTEXT() REPRESENTATION_CONTEXT('2D SPACE',''
  ) );
#322 = ORIENTED_EDGE('',*,*,#323,.F.);
#323 = EDGE_CURVE('',#206,#302,#324,.T.);
#324 = SURFACE_CURVE('',#325,(#332),.PCURVE_S1.);
#325 = B_SPLINE_CURVE_WITH_KNOTS('',3,(#326,#327,#328,#329,#330,#331),
  .UNSPECIFIED.,.F.,.F.,(4,1,1,4),(0.,0.309028611238,0.635934689096,1.),
  .UNSPECIFIED.);
#326 = CARTESIAN_POINT('',(2.26E+03,0.,310.));
#327 = CARTESIAN_POINT('',(2.260040349394E+03,25.507004489071,
    309.99998509673));
#328 = CARTESIAN_POINT('',(2.24824183665E+03,78.169902154076,
    310.00004442255));
#329 = CARTESIAN_POINT('',(2.19643663738E+03,153.65854559888,
    309.99988701155));
#330 = CARTESIAN_POINT('',(2.144709602116E+03,196.94870358038,
    310.00250440785));
#331 = CARTESIAN_POINT('',(2.115307436087E+03,217.5,310.01147743125));
#332 = PCURVE('',#220,#333);
#333 = DEFINITIONAL_REPRESENTATION('',(#334),#338);
#334 = LINE('',#335,#336);
#335 = CARTESIAN_POINT('',(0.,1.));
#336 = VECTOR('',#337,1.);
#337 = DIRECTION('',(1.,0.));
#338 = ( GEOMETRIC_REPRESENTATION_CONTEXT(2) 
PARAMETRIC_REPRESENTATION_CONTEXT() REPRESENTATION_CONTEXT('2D SPACE',''
  ) );
#339 = ( GEOMETRIC_REPRESENTATION_CONTEXT(3) 
GLOBAL_UNCERTAINTY_ASSIGNED_CONTEXT((#343)) GLOBAL_UNIT_ASSIGNED_CONTEXT
((#340,#341,#342)) REPRESENTATION_CONTEXT('Context #1',
  '3D Context with UNIT and UNCERTAINTY') );
#340 = ( LENGTH_UNIT() NAMED_UNIT(*) SI_UNIT(.MILLI.,.METRE.) );
#341 = ( NAMED_UNIT(*) PLANE_ANGLE_UNIT() SI_UNIT($,.RADIAN.) );
#342 = ( NAMED_UNIT(*) SI_UNIT($,.STERADIAN.) SOLID_ANGLE_UNIT() );
#343 = UNCERTAINTY_MEASURE_WITH_UNIT(LENGTH_MEASURE(1.E-07),#340,
  'distance_accuracy_value','confusion accuracy');
#344 = CONTEXT_DEPENDENT_SHAPE_REPRESENTATION(#345,#347);
#345 = ( REPRESENTATION_RELATIONSHIP('','',#196,#10) 
REPRESENTATION_RELATIONSHIP_WITH_TRANSFORMATION(#346) 
SHAPE_REPRESENTATION_RELATIONSHIP() );
#346 = ITEM_DEFINED_TRANSFORMATION('','',#11,#15);
#347 = PRODUCT_DEFINITION_SHAPE('Placement','Placement of an item',#348
  );
#348 = NEXT_ASSEMBLY_USAGE_OCCURRENCE('1','O01','',#5,#191,$);
#349 = PRODUCT_RELATED_PRODUCT_CATEGORY('part',$,(#193));
#350 = SHAPE_DEFINITION_REPRESENTATION(#351,#357);
#351 = PRODUCT_DEFINITION_SHAPE('','',#352);
#352 = PRODUCT_DEFINITION('design','',#353,#356);
#353 = PRODUCT_DEFINITION_FORMATION('','',#354);
#354 = PRODUCT('L01','L01','',(#355));
#355 = PRODUCT_CONTEXT('',#2,'mechanical');
#356 = PRODUCT_DEFINITION_CONTEXT('part definition',#2,'design');
#357 = MANIFOLD_SURFACE_SHAPE_REPRESENTATION('',(#11,#358),#500);
#358 = SHELL_BASED_SURFACE_MODEL('',(#359));
#359 = OPEN_SHELL('',(#360));
#360 = ADVANCED_FACE('',(#361),#381,.T.);
#361 = FACE_BOUND('',#362,.T.);
#362 = EDGE_LOOP('',(#363,#442,#461,#483));
#363 = ORIENTED_EDGE('',*,*,#364,.F.);
#364 = EDGE_CURVE('',#365,#367,#369,.T.);
#365 = VERTEX_POINT('',#366);
#366 = CARTESIAN_POINT('',(2.26E+03,0.,310.));
#367 = VERTEX_POINT('',#368);
#368 = CARTESIAN_POINT('',(2.26E+03,0.,0.));
#369 = SURFACE_CURVE('',#370,(#380),.PCURVE_S1.);
#370 = B_SPLINE_CURVE_WITH_KNOTS('',3,(#371,#372,#373,#374,#375,#376,
    #377,#378,#379),.UNSPECIFIED.,.F.,.F.,(4,1,1,1,1,1,4),(0.,
    0.138303717447,0.306329958805,0.5,0.693670041195,0.861696282553,1.),
  .UNSPECIFIED.);
#371 = CARTESIAN_POINT('',(2.26E+03,0.,310.));
#372 = CARTESIAN_POINT('',(2.24095497997E+03,0.,310.15156745619));
#373 = CARTESIAN_POINT('',(2.202725554262E+03,0.,290.824796791));
#374 = CARTESIAN_POINT('',(2.16778412128E+03,0.,230.3080786908));
#375 = CARTESIAN_POINT('',(2.155842148621E+03,0.,154.99999999999));
#376 = CARTESIAN_POINT('',(2.16778412128E+03,0.,79.691921309201));
#377 = CARTESIAN_POINT('',(2.202725554262E+03,0.,19.175203208996));
#378 = CARTESIAN_POINT('',(2.24095497997E+03,0.,-0.151567456193));
#379 = CARTESIAN_POINT('',(2.26E+03,0.,0.));
#380 = PCURVE('',#381,#436);
#381 = B_SPLINE_SURFACE_WITH_KNOTS('',3,3,(
    (#382,#383,#384,#385,#386,#387,#388,#389,#390)
    ,(#391,#392,#393,#394,#395,#396,#397,#398,#399)
    ,(#400,#401,#402,#403,#404,#405,#406,#407,#408)
    ,(#409,#410,#411,#412,#413,#414,#415,#416,#417)
    ,(#418,#419,#420,#421,#422,#423,#424,#425,#426)
    ,(#427,#428,#429,#430,#431,#432,#433,#434,#435
  )),.UNSPECIFIED.,.F.,.F.,.F.,(4,1,1,4),(4,1,1,1,1,1,4),(0.,
    0.263343266297,0.586495996943,1.),(0.,0.138303717447,0.306329958805,
    0.5,0.693670041195,0.861696282553,1.),.UNSPECIFIED.);
#382 = CARTESIAN_POINT('',(2.26E+03,0.,310.));
#383 = CARTESIAN_POINT('',(2.24095497997E+03,0.,310.15156745619));
#384 = CARTESIAN_POINT('',(2.202725554262E+03,0.,290.824796791));
#385 = CARTESIAN_POINT('',(2.16778412128E+03,0.,230.3080786908));
#386 = CARTESIAN_POINT('',(2.155842148621E+03,0.,154.99999999999));
#387 = CARTESIAN_POINT('',(2.16778412128E+03,0.,79.691921309201));
#388 = CARTESIAN_POINT('',(2.202725554262E+03,0.,19.175203208996));
#389 = CARTESIAN_POINT('',(2.24095497997E+03,0.,-0.151567456193));
#390 = CARTESIAN_POINT('',(2.26E+03,0.,0.));
#391 = CARTESIAN_POINT('',(2.260177446101E+03,26.825407791055,
    309.99998964674));
#392 = CARTESIAN_POINT('',(2.241094471566E+03,23.863297290252,
    310.15155709787));
#393 = CARTESIAN_POINT('',(2.20278885907E+03,17.917397356956,
    290.82478707815));
#394 = CARTESIAN_POINT('',(2.167777791885E+03,12.482885585024,
    230.30807099906));
#395 = CARTESIAN_POINT('',(2.155812020267E+03,10.625526414156,
    154.99999482337));
#396 = CARTESIAN_POINT('',(2.167777791885E+03,12.482885585024,
    79.691918647682));
#397 = CARTESIAN_POINT('',(2.20278885907E+03,17.917397356955,
    19.175202568591));
#398 = CARTESIAN_POINT('',(2.241094471566E+03,23.863297290253,
    -0.151567451131));
#399 = CARTESIAN_POINT('',(2.260177446101E+03,26.825407791055,0.));
#400 = CARTESIAN_POINT('',(2.245416976587E+03,84.378119861338,
    310.00003206641));
#401 = CARTESIAN_POINT('',(2.227947829485E+03,75.463920334181,
    310.15159953828));
#402 = CARTESIAN_POINT('',(2.192881683047E+03,57.570280525823,
    290.82482687394));
#403 = CARTESIAN_POINT('',(2.160831465628E+03,41.215616425829,
    230.30810251388));
#404 = CARTESIAN_POINT('',(2.149877626948E+03,35.626064571424,
    155.0000160332));
#405 = CARTESIAN_POINT('',(2.160831465628E+03,41.21561642583,
    79.691929552538));
#406 = CARTESIAN_POINT('',(2.192881683047E+03,57.570280525819,
    19.17520519248));
#407 = CARTESIAN_POINT('',(2.227947829485E+03,75.463920334184,
    -0.151567471871));
#408 = CARTESIAN_POINT('',(2.245416976587E+03,84.378119861338,0.));
#409 = CARTESIAN_POINT('',(2.191284454201E+03,158.71580148149,
    309.99991369759));
#410 = CARTESIAN_POINT('',(2.177297571186E+03,144.77506648386,
    310.15148111159));
#411 = CARTESIAN_POINT('',(2.149221438724E+03,116.79156780274,
    290.82471582687));
#412 = CARTESIAN_POINT('',(2.123560046154E+03,91.214841872541,
    230.30801457421));
#413 = CARTESIAN_POINT('',(2.114789723293E+03,82.473455624634,
    154.99995684879));
#414 = CARTESIAN_POINT('',(2.123560046154E+03,91.214841872542,
    79.69189912338));
#415 = CARTESIAN_POINT('',(2.149221438724E+03,116.79156780274,
    19.175197870719));
#416 = CARTESIAN_POINT('',(2.177297571186E+03,144.77506648386,
    -0.151567413998));
#417 = CARTESIAN_POINT('',(2.191284454201E+03,158.71580148149,0.));
#418 = CARTESIAN_POINT('',(2.143428582269E+03,197.80660242179,
    310.00281530098));
#419 = CARTESIAN_POINT('',(2.131088902885E+03,182.14402767651,
    310.15438413365));
#420 = CARTESIAN_POINT('',(2.10631923315E+03,150.7042477939,
    290.82743795015));
#421 = CARTESIAN_POINT('',(2.083679924842E+03,121.96850454296,
    230.31017026035));
#422 = CARTESIAN_POINT('',(2.075942463102E+03,112.14745740962,
    155.00140765049));
#423 = CARTESIAN_POINT('',(2.083679924842E+03,121.96850454296,
    79.692645040635));
#424 = CARTESIAN_POINT('',(2.10631923315E+03,150.7042477939,
    19.17537735083));
#425 = CARTESIAN_POINT('',(2.131088902885E+03,182.14402767652,
    -0.151568832671));
#426 = CARTESIAN_POINT('',(2.143428582269E+03,197.80660242179,0.));
#427 = CARTESIAN_POINT('',(2.115307436087E+03,217.5,310.01147743125));
#428 = CARTESIAN_POINT('',(2.103811354451E+03,201.02127104947,
    310.16305049907));
#429 = CARTESIAN_POINT('',(2.080735054287E+03,167.94320953178,
    290.83556428008));
#430 = CARTESIAN_POINT('',(2.059643474157E+03,137.71008809899,
    230.31660561061));
#431 = CARTESIAN_POINT('',(2.052434981209E+03,127.37728034849,
    155.00573871562));
#432 = CARTESIAN_POINT('',(2.059643474157E+03,137.71008809899,
    79.694871820647));
#433 = CARTESIAN_POINT('',(2.080735054287E+03,167.94320953177,
    19.175913151179));
#434 = CARTESIAN_POINT('',(2.103811354451E+03,201.02127104947,
    -0.151573067823));
#435 = CARTESIAN_POINT('',(2.115307436087E+03,217.5,0.));
#436 = DEFINITIONAL_REPRESENTATION('',(#437),#441);
#437 = LINE('',#438,#439);
#438 = CARTESIAN_POINT('',(0.,0.));
#439 = VECTOR('',#440,1.);
#440 = DIRECTION('',(0.,1.));
#441 = ( GEOMETRIC_REPRESENTATION_CONTEXT(2) 
PARAMETRIC_REPRESENTATION_CONTEXT() REPRESENTATION_CONTEXT('2D SPACE',''
  ) );
#442 = ORIENTED_EDGE('',*,*,#443,.T.);
#443 = EDGE_CURVE('',#365,#444,#446,.T.);
#444 = VERTEX_POINT('',#445);
#445 = CARTESIAN_POINT('',(2.115307436087E+03,217.5,310.01147743125));
#446 = SURFACE_CURVE('',#447,(#454),.PCURVE_S1.);
#447 = B_SPLINE_CURVE_WITH_KNOTS('',3,(#448,#449,#450,#451,#452,#453),
  .UNSPECIFIED.,.F.,.F.,(4,1,1,4),(0.,0.263343266297,0.586495996943,1.),
  .UNSPECIFIED.);
#448 = CARTESIAN_POINT('',(2.26E+03,0.,310.));
#449 = CARTESIAN_POINT('',(2.260177446101E+03,26.825407791055,
    309.99998964674));
#450 = CARTESIAN_POINT('',(2.245416976587E+03,84.378119861338,
    310.00003206641));
#451 = CARTESIAN_POINT('',(2.191284454201E+03,158.71580148149,
    309.99991369759));
#452 = CARTESIAN_POINT('',(2.143428582269E+03,197.80660242179,
    310.00281530098));
#453 = CARTESIAN_POINT('',(2.115307436087E+03,217.5,310.01147743125));
#454 = PCURVE('',#381,#455);
#455 = DEFINITIONAL_REPRESENTATION('',(#456),#460);
#456 = LINE('',#457,#458);
#457 = CARTESIAN_POINT('',(0.,0.));
#458 = VECTOR('',#459,1.);
#459 = DIRECTION('',(1.,0.));
#460 = ( GEOMETRIC_REPRESENTATION_CONTEXT(2) 
PARAMETRIC_REPRESENTATION_CONTEXT() REPRESENTATION_CONTEXT('2D SPACE',''
  ) );
#461 = ORIENTED_EDGE('',*,*,#462,.T.);
#462 = EDGE_CURVE('',#444,#463,#465,.T.);
#463 = VERTEX_POINT('',#464);
#464 = CARTESIAN_POINT('',(2.115307436087E+03,217.5,0.));
#465 = SURFACE_CURVE('',#466,(#476),.PCURVE_S1.);
#466 = B_SPLINE_CURVE_WITH_KNOTS('',3,(#467,#468,#469,#470,#471,#472,
    #473,#474,#475),.UNSPECIFIED.,.F.,.F.,(4,1,1,1,1,1,4),(0.,
    0.138303717447,0.306329958805,0.5,0.693670041195,0.861696282553,1.),
  .UNSPECIFIED.);
#467 = CARTESIAN_POINT('',(2.115307436087E+03,217.5,310.01147743125));
#468 = CARTESIAN_POINT('',(2.103811354451E+03,201.02127104947,
    310.16305049907));
#469 = CARTESIAN_POINT('',(2.080735054287E+03,167.94320953178,
    290.83556428008));
#470 = CARTESIAN_POINT('',(2.059643474157E+03,137.71008809899,
    230.31660561061));
#471 = CARTESIAN_POINT('',(2.052434981209E+03,127.37728034849,
    155.00573871562));
#472 = CARTESIAN_POINT('',(2.059643474157E+03,137.71008809899,
    79.694871820647));
#473 = CARTESIAN_POINT('',(2.080735054287E+03,167.94320953177,
    19.175913151179));
#474 = CARTESIAN_POINT('',(2.103811354451E+03,201.02127104947,
    -0.151573067823));
#475 = CARTESIAN_POINT('',(2.115307436087E+03,217.5,0.));
#476 = PCURVE('',#381,#477);
#477 = DEFINITIONAL_REPRESENTATION('',(#478),#482);
#478 = LINE('',#479,#480);
#479 = CARTESIAN_POINT('',(1.,0.));
#480 = VECTOR('',#481,1.);
#481 = DIRECTION('',(0.,1.));
#482 = ( GEOMETRIC_REPRESENTATION_CONTEXT(2) 
PARAMETRIC_REPRESENTATION_CONTEXT() REPRESENTATION_CONTEXT('2D SPACE',''
  ) );
#483 = ORIENTED_EDGE('',*,*,#484,.F.);
#484 = EDGE_CURVE('',#367,#463,#485,.T.);
#485 = SURFACE_CURVE('',#486,(#493),.PCURVE_S1.);
#486 = B_SPLINE_CURVE_WITH_KNOTS('',3,(#487,#488,#489,#490,#491,#492),
  .UNSPECIFIED.,.F.,.F.,(4,1,1,4),(0.,0.263343266297,0.586495996943,1.),
  .UNSPECIFIED.);
#487 = CARTESIAN_POINT('',(2.26E+03,0.,0.));
#488 = CARTESIAN_POINT('',(2.260177446101E+03,26.825407791055,0.));
#489 = CARTESIAN_POINT('',(2.245416976587E+03,84.378119861338,0.));
#490 = CARTESIAN_POINT('',(2.191284454201E+03,158.71580148149,0.));
#491 = CARTESIAN_POINT('',(2.143428582269E+03,197.80660242179,0.));
#492 = CARTESIAN_POINT('',(2.115307436087E+03,217.5,0.));
#493 = PCURVE('',#381,#494);
#494 = DEFINITIONAL_REPRESENTATION('',(#495),#499);
#495 = LINE('',#496,#497);
#496 = CARTESIAN_POINT('',(0.,1.));
#497 = VECTOR('',#498,1.);
#498 = DIRECTION('',(1.,0.));
#499 = ( GEOMETRIC_REPRESENTATION_CONTEXT(2) 
PARAMETRIC_REPRESENTATION_CONTEXT() REPRESENTATION_CONTEXT('2D SPACE',''
  ) );
#500 = ( GEOMETRIC_REPRESENTATION_CONTEXT(3) 
GLOBAL_UNCERTAINTY_ASSIGNED_CONTEXT((#504)) GLOBAL_UNIT_ASSIGNED_CONTEXT
((#501,#502,#503)) REPRESENTATION_CONTEXT('Context #1',
  '3D Context with UNIT and UNCERTAINTY') );
#501 = ( LENGTH_UNIT() NAMED_UNIT(*) SI_UNIT(.MILLI.,.METRE.) );
#502 = ( NAMED_UNIT(*) PLANE_ANGLE_UNIT() SI_UNIT($,.RADIAN.) );
#503 = ( NAMED_UNIT(*) SI_UNIT($,.STERADIAN.) SOLID_ANGLE_UNIT() );
#504 = UNCERTAINTY_MEASURE_WITH_UNIT(LENGTH_MEASURE(1.E-07),#501,
  'distance_accuracy_value','confusion accuracy');
#505 = CONTEXT_DEPENDENT_SHAPE_REPRESENTATION(#506,#508);
#506 = ( REPRESENTATION_RELATIONSHIP('','',#357,#10) 
REPRESENTATION_RELATIONSHIP_WITH_TRANSFORMATION(#507) 
SHAPE_REPRESENTATION_RELATIONSHIP() );
#507 = ITEM_DEFINED_TRANSFORMATION('','',#11,#19);
#508 = PRODUCT_DEFINITION_SHAPE('Placement','Placement of an item',#509
  );
#509 = NEXT_ASSEMBLY_USAGE_OCCURRENCE('2','L01','',#5,#352,$);
#510 = PRODUCT_RELATED_PRODUCT_CATEGORY('part',$,(#354));
#511 = SHAPE_DEFINITION_REPRESENTATION(#512,#518);
#512 = PRODUCT_DEFINITION_SHAPE('','',#513);
#513 = PRODUCT_DEFINITION('design','',#514,#517);
#514 = PRODUCT_DEFINITION_FORMATION('','',#515);
#515 = PRODUCT('O02','O02','',(#516));
#516 = PRODUCT_CONTEXT('',#2,'mechanical');
#517 = PRODUCT_DEFINITION_CONTEXT('part definition',#2,'design');
#518 = MANIFOLD_SURFACE_SHAPE_REPRESENTATION('',(#11,#519),#650);
#519 = SHELL_BASED_SURFACE_MODEL('',(#520));
#520 = OPEN_SHELL('',(#521));
#521 = ADVANCED_FACE('',(#522),#542,.T.);
#522 = FACE_BOUND('',#523,.T.);
#523 = EDGE_LOOP('',(#524,#594,#612,#634));
#524 = ORIENTED_EDGE('',*,*,#525,.F.);
#525 = EDGE_CURVE('',#526,#528,#530,.T.);
#526 = VERTEX_POINT('',#527);
#527 = CARTESIAN_POINT('',(2.115307436087E+03,217.5,0.));
#528 = VERTEX_POINT('',#529);
#529 = CARTESIAN_POINT('',(2.115307436087E+03,217.5,310.01147743125));
#530 = SURFACE_CURVE('',#531,(#541),.PCURVE_S1.);
#531 = B_SPLINE_CURVE_WITH_KNOTS('',3,(#532,#533,#534,#535,#536,#537,
    #538,#539,#540),.UNSPECIFIED.,.F.,.F.,(4,1,1,1,1,1,4),(0.,
    0.143798080145,0.311355279633,0.5,0.688644720367,0.856201919855,1.),
  .UNSPECIFIED.);
#532 = CARTESIAN_POINT('',(2.115307436087E+03,217.5,0.));
#533 = CARTESIAN_POINT('',(2.126478199794E+03,233.51241128234,
    -0.214430663867));
#534 = CARTESIAN_POINT('',(2.149328713218E+03,266.26682526546,
    18.183269442172));
#535 = CARTESIAN_POINT('',(2.170836105922E+03,297.09598132153,
    78.757672943498));
#536 = CARTESIAN_POINT('',(2.17822252678E+03,307.68383473822,
    155.00573871562));
#537 = CARTESIAN_POINT('',(2.170836105922E+03,297.09598132153,
    231.25380448775));
#538 = CARTESIAN_POINT('',(2.149328713218E+03,266.26682526546,
    291.82820798908));
#539 = CARTESIAN_POINT('',(2.126478199794E+03,233.51241128234,
    310.22590809512));
#540 = CARTESIAN_POINT('',(2.115307436087E+03,217.5,310.01147743125));
#541 = PCURVE('',#542,#588);
#542 = B_SPLINE_SURFACE_WITH_KNOTS('',3,3,(
    (#543,#544,#545,#546,#547,#548,#549,#550,#551)
    ,(#552,#553,#554,#555,#556,#557,#558,#559,#560)
    ,(#561,#562,#563,#564,#565,#566,#567,#568,#569)
    ,(#570,#571,#572,#573,#574,#575,#576,#577,#578)
    ,(#579,#580,#581,#582,#583,#584,#585,#586,#587
  )),.UNSPECIFIED.,.F.,.F.,.F.,(4,1,4),(4,1,1,1,1,1,4),(0.,
    0.459239973657,1.),(0.,0.143798080145,0.311355279633,0.5,
    0.688644720367,0.856201919855,1.),.UNSPECIFIED.);
#543 = CARTESIAN_POINT('',(2.115307436087E+03,217.5,0.));
#544 = CARTESIAN_POINT('',(2.126478199794E+03,233.51241128234,
    -0.214430663867));
#545 = CARTESIAN_POINT('',(2.149328713218E+03,266.26682526546,
    18.183269442172));
#546 = CARTESIAN_POINT('',(2.170836105922E+03,297.09598132153,
    78.757672943498));
#547 = CARTESIAN_POINT('',(2.17822252678E+03,307.68383473822,
    155.00573871562));
#548 = CARTESIAN_POINT('',(2.170836105922E+03,297.09598132153,
    231.25380448775));
#549 = CARTESIAN_POINT('',(2.149328713218E+03,266.26682526546,
    291.82820798908));
#550 = CARTESIAN_POINT('',(2.126478199794E+03,233.51241128234,
    310.22590809512));
#551 = CARTESIAN_POINT('',(2.115307436087E+03,217.5,310.01147743125));
#552 = CARTESIAN_POINT('',(2.063202995269E+03,253.71109297158,0.));
#553 = CARTESIAN_POINT('',(2.072902719035E+03,271.14181277959,
    -0.214444071551));
#554 = CARTESIAN_POINT('',(2.092744125938E+03,306.79746779297,
    18.184406385616));
#555 = CARTESIAN_POINT('',(2.111419283127E+03,340.35733405268,
    78.762597416527));
#556 = CARTESIAN_POINT('',(2.117833011303E+03,351.88301266663,
    155.01543074373));
#557 = CARTESIAN_POINT('',(2.111419283127E+03,340.35733405268,
    231.26826407094));
#558 = CARTESIAN_POINT('',(2.092744125938E+03,306.79746779297,
    291.84645510185));
#559 = CARTESIAN_POINT('',(2.072902719035E+03,271.14181277959,
    310.24530555901));
#560 = CARTESIAN_POINT('',(2.063202995269E+03,253.71109297158,
    310.03086148746));
#561 = CARTESIAN_POINT('',(1.935752088478E+03,317.52682791717,0.));
#562 = CARTESIAN_POINT('',(1.943075403036E+03,336.91388471682,
    -0.214490735595));
#563 = CARTESIAN_POINT('',(1.958055712531E+03,376.57135248562,
    18.188363398424));
#564 = CARTESIAN_POINT('',(1.972155500712E+03,413.89781063148,
    78.779736530128));
#565 = CARTESIAN_POINT('',(1.97699788077E+03,426.71707388648,
    155.0491628344));
#566 = CARTESIAN_POINT('',(1.972155500712E+03,413.89781063148,
    231.31858913867));
#567 = CARTESIAN_POINT('',(1.958055712531E+03,376.57135248562,
    291.90996227037));
#568 = CARTESIAN_POINT('',(1.943075403036E+03,336.91388471683,
    310.31281640439));
#569 = CARTESIAN_POINT('',(1.935752088478E+03,317.52682791717,
    310.0983256688));
#570 = CARTESIAN_POINT('',(1.79652926778E+03,358.87243602394,0.));
#571 = CARTESIAN_POINT('',(1.802226962914E+03,379.38594344949,
    -0.215096996645));
#572 = CARTESIAN_POINT('',(1.813881963642E+03,421.34763820081,
    18.239773060736));
#573 = CARTESIAN_POINT('',(1.824851899984E+03,460.84288414026,
    79.002408551975));
#574 = CARTESIAN_POINT('',(1.828619375089E+03,474.40698800033,
    155.4874114513));
#575 = CARTESIAN_POINT('',(1.824851899984E+03,460.84288414026,
    231.97241435062));
#576 = CARTESIAN_POINT('',(1.813881963642E+03,421.34763820081,
    292.73504984186));
#577 = CARTESIAN_POINT('',(1.802226962914E+03,379.38594344949,
    311.18991989924));
#578 = CARTESIAN_POINT('',(1.79652926778E+03,358.87243602394,
    310.9748229026));
#579 = CARTESIAN_POINT('',(1.72E+03,376.72105064623,0.));
#580 = CARTESIAN_POINT('',(1.724883252305E+03,397.72032509949,
    -0.215962807663));
#581 = CARTESIAN_POINT('',(1.734872258007E+03,440.67568745305,
    18.313192014639));
#582 = CARTESIAN_POINT('',(1.744274124143E+03,481.10619462456,
    79.32040999708));
#583 = CARTESIAN_POINT('',(1.747503066911E+03,494.99150120628,
    156.11328124999));
#584 = CARTESIAN_POINT('',(1.744274124143E+03,481.10619462456,
    232.90615250292));
#585 = CARTESIAN_POINT('',(1.734872258007E+03,440.67568745305,
    293.91337048536));
#586 = CARTESIAN_POINT('',(1.724883252305E+03,397.72032509949,
    312.44252530766));
#587 = CARTESIAN_POINT('',(1.72E+03,376.72105064623,312.2265625));
#588 = DEFINITIONAL_REPRESENTATION('',(#589),#593);
#589 = LINE('',#590,#591);
#590 = CARTESIAN_POINT('',(0.,0.));
#591 = VECTOR('',#592,1.);
#592 = DIRECTION('',(0.,1.));
#593 = ( GEOMETRIC_REPRESENTATION_CONTEXT(2) 
PARAMETRIC_REPRESENTATION_CONTEXT() REPRESENTATION_CONTEXT('2D SPACE',''
  ) );
#594 = ORIENTED_EDGE('',*,*,#595,.T.);
#595 = EDGE_CURVE('',#526,#596,#598,.T.);
#596 = VERTEX_POINT('',#597);
#597 = CARTESIAN_POINT('',(1.72E+03,376.72105064623,0.));
#598 = SURFACE_CURVE('',#599,(#605),.PCURVE_S1.);
#599 = B_SPLINE_CURVE_WITH_KNOTS('',3,(#600,#601,#602,#603,#604),
  .UNSPECIFIED.,.F.,.F.,(4,1,4),(0.,0.459239973657,1.),.UNSPECIFIED.);
#600 = CARTESIAN_POINT('',(2.115307436087E+03,217.5,0.));
#601 = CARTESIAN_POINT('',(2.063202995269E+03,253.71109297158,0.));
#602 = CARTESIAN_POINT('',(1.935752088478E+03,317.52682791717,0.));
#603 = CARTESIAN_POINT('',(1.79652926778E+03,358.87243602394,0.));
#604 = CARTESIAN_POINT('',(1.72E+03,376.72105064623,0.));
#605 = PCURVE('',#542,#606);
#606 = DEFINITIONAL_REPRESENTATION('',(#607),#611);
#607 = LINE('',#608,#609);
#608 = CARTESIAN_POINT('',(0.,0.));
#609 = VECTOR('',#610,1.);
#610 = DIRECTION('',(1.,0.));
#611 = ( GEOMETRIC_REPRESENTATION_CONTEXT(2) 
PARAMETRIC_REPRESENTATION_CONTEXT() REPRESENTATION_CONTEXT('2D SPACE',''
  ) );
#612 = ORIENTED_EDGE('',*,*,#613,.T.);
#613 = EDGE_CURVE('',#596,#614,#616,.T.);
#614 = VERTEX_POINT('',#615);
#615 = CARTESIAN_POINT('',(1.72E+03,376.72105064623,312.2265625));
#616 = SURFACE_CURVE('',#617,(#627),.PCURVE_S1.);
#617 = B_SPLINE_CURVE_WITH_KNOTS('',3,(#618,#619,#620,#621,#622,#623,
    #624,#625,#626),.UNSPECIFIED.,.F.,.F.,(4,1,1,1,1,1,4),(0.,
    0.143798080145,0.311355279633,0.5,0.688644720367,0.856201919855,1.),
  .UNSPECIFIED.);
#618 = CARTESIAN_POINT('',(1.72E+03,376.72105064623,0.));
#619 = CARTESIAN_POINT('',(1.724883252305E+03,397.72032509949,
    -0.215962807663));
#620 = CARTESIAN_POINT('',(1.734872258007E+03,440.67568745305,
    18.313192014639));
#621 = CARTESIAN_POINT('',(1.744274124143E+03,481.10619462456,
    79.32040999708));
#622 = CARTESIAN_POINT('',(1.747503066911E+03,494.99150120628,
    156.11328124999));
#623 = CARTESIAN_POINT('',(1.744274124143E+03,481.10619462456,
    232.90615250292));
#624 = CARTESIAN_POINT('',(1.734872258007E+03,440.67568745305,
    293.91337048536));
#625 = CARTESIAN_POINT('',(1.724883252305E+03,397.72032509949,
    312.44252530766));
#626 = CARTESIAN_POINT('',(1.72E+03,376.72105064623,312.2265625));
#627 = PCURVE('',#542,#628);
#628 = DEFINITIONAL_REPRESENTATION('',(#629),#633);
#629 = LINE('',#630,#631);
#630 = CARTESIAN_POINT('',(1.,0.));
#631 = VECTOR('',#632,1.);
#632 = DIRECTION('',(0.,1.));
#633 = ( GEOMETRIC_REPRESENTATION_CONTEXT(2) 
PARAMETRIC_REPRESENTATION_CONTEXT() REPRESENTATION_CONTEXT('2D SPACE',''
  ) );
#634 = ORIENTED_EDGE('',*,*,#635,.F.);
#635 = EDGE_CURVE('',#528,#614,#636,.T.);
#636 = SURFACE_CURVE('',#637,(#643),.PCURVE_S1.);
#637 = B_SPLINE_CURVE_WITH_KNOTS('',3,(#638,#639,#640,#641,#642),
  .UNSPECIFIED.,.F.,.F.,(4,1,4),(0.,0.459239973657,1.),.UNSPECIFIED.);
#638 = CARTESIAN_POINT('',(2.115307436087E+03,217.5,310.01147743125));
#639 = CARTESIAN_POINT('',(2.063202995269E+03,253.71109297158,
    310.03086148746));
#640 = CARTESIAN_POINT('',(1.935752088478E+03,317.52682791717,
    310.0983256688));
#641 = CARTESIAN_POINT('',(1.79652926778E+03,358.87243602394,
    310.9748229026));
#642 = CARTESIAN_POINT('',(1.72E+03,376.72105064623,312.2265625));
#643 = PCURVE('',#542,#644);
#644 = DEFINITIONAL_REPRESENTATION('',(#645),#649);
#645 = LINE('',#646,#647);
#646 = CARTESIAN_POINT('',(0.,1.));
#647 = VECTOR('',#648,1.);
#648 = DIRECTION('',(1.,0.));
#649 = ( GEOMETRIC_REPRESENTATION_CONTEXT(2) 
PARAMETRIC_REPRESENTATION_CONTEXT() REPRESENTATION_CONTEXT('2D SPACE',''
  ) );
#650 = ( GEOMETRIC_REPRESENTATION_CONTEXT(3) 
GLOBAL_UNCERTAINTY_ASSIGNED_CONTEXT((#654)) GLOBAL_UNIT_ASSIGNED_CONTEXT
((#651,#652,#653)) REPRESENTATION_CONTEXT('Context #1',
  '3D Context with UNIT and UNCERTAINTY') );
#651 = ( LENGTH_UNIT() NAMED_UNIT(*) SI_UNIT(.MILLI.,.METRE.) );
#652 = ( NAMED_UNIT(*) PLANE_ANGLE_UNIT() SI_UNIT($,.RADIAN.) );
#653 = ( NAMED_UNIT(*) SI_UNIT($,.STERADIAN.) SOLID_ANGLE_UNIT() );
#654 = UNCERTAINTY_MEASURE_WITH_UNIT(LENGTH_MEASURE(1.E-07),#651,
  'distance_accuracy_value','confusion accuracy');
#655 = CONTEXT_DEPENDENT_SHAPE_REPRESENTATION(#656,#658);
#656 = ( REPRESENTATION_RELATIONSHIP('','',#518,#10) 
REPRESENTATION_RELATIONSHIP_WITH_TRANSFORMATION(#657) 
SHAPE_REPRESENTATION_RELATIONSHIP() );
#657 = ITEM_DEFINED_TRANSFORMATION('','',#11,#23);
#658 = PRODUCT_DEFINITION_SHAPE('Placement','Placement of an item',#659
  );
#659 = NEXT_ASSEMBLY_USAGE_OCCURRENCE('3','O02','',#5,#513,$);
#660 = PRODUCT_RELATED_PRODUCT_CATEGORY('part',$,(#515));
#661 = SHAPE_DEFINITION_REPRESENTATION(#662,#668);
#662 = PRODUCT_DEFINITION_SHAPE('','',#663);
#663 = PRODUCT_DEFINITION('design','',#664,#667);
#664 = PRODUCT_DEFINITION_FORMATION('','',#665);
#665 = PRODUCT('L02','L02','',(#666));
#666 = PRODUCT_CONTEXT('',#2,'mechanical');
#667 = PRODUCT_DEFINITION_CONTEXT('part definition',#2,'design');
#668 = MANIFOLD_SURFACE_SHAPE_REPRESENTATION('',(#11,#669),#800);
#669 = SHELL_BASED_SURFACE_MODEL('',(#670));
#670 = OPEN_SHELL('',(#671));
#671 = ADVANCED_FACE('',(#672),#692,.T.);
#672 = FACE_BOUND('',#673,.T.);
#673 = EDGE_LOOP('',(#674,#744,#762,#784));
#674 = ORIENTED_EDGE('',*,*,#675,.F.);
#675 = EDGE_CURVE('',#676,#678,#680,.T.);
#676 = VERTEX_POINT('',#677);
#677 = CARTESIAN_POINT('',(2.115307436087E+03,217.5,310.01147743125));
#678 = VERTEX_POINT('',#679);
#679 = CARTESIAN_POINT('',(2.115307436087E+03,217.5,0.));
#680 = SURFACE_CURVE('',#681,(#691),.PCURVE_S1.);
#681 = B_SPLINE_CURVE_WITH_KNOTS('',3,(#682,#683,#684,#685,#686,#687,
    #688,#689,#690),.UNSPECIFIED.,.F.,.F.,(4,1,1,1,1,1,4),(0.,
    0.143798080145,0.311355279633,0.5,0.688644720367,0.856201919855,1.),
  .UNSPECIFIED.);
#682 = CARTESIAN_POINT('',(2.115307436087E+03,217.5,310.01147743125));
#683 = CARTESIAN_POINT('',(2.10413667238E+03,201.48758871767,
    310.22590809513));
#684 = CARTESIAN_POINT('',(2.081286158956E+03,168.73317473452,
    291.82820798906));
#685 = CARTESIAN_POINT('',(2.059778766253E+03,137.90401867846,
    231.25380448776));
#686 = CARTESIAN_POINT('',(2.052392345395E+03,127.31616526177,
    155.00573871562));
#687 = CARTESIAN_POINT('',(2.059778766253E+03,137.90401867846,
    78.757672943492));
#688 = CARTESIAN_POINT('',(2.081286158956E+03,168.73317473452,
    18.183269442182));
#689 = CARTESIAN_POINT('',(2.10413667238E+03,201.48758871766,
    -0.214430663874));
#690 = CARTESIAN_POINT('',(2.115307436087E+03,217.5,0.));
#691 = PCURVE('',#692,#738);
#692 = B_SPLINE_SURFACE_WITH_KNOTS('',3,3,(
    (#693,#694,#695,#696,#697,#698,#699,#700,#701)
    ,(#702,#703,#704,#705,#706,#707,#708,#709,#710)
    ,(#711,#712,#713,#714,#715,#716,#717,#718,#719)
    ,(#720,#721,#722,#723,#724,#725,#726,#727,#728)
    ,(#729,#730,#731,#732,#733,#734,#735,#736,#737
  )),.UNSPECIFIED.,.F.,.F.,.F.,(4,1,4),(4,1,1,1,1,1,4),(0.,
    0.447010901355,1.),(0.,0.143798080145,0.311355279633,0.5,
    0.688644720367,0.856201919855,1.),.UNSPECIFIED.);
#693 = CARTESIAN_POINT('',(2.115307436087E+03,217.5,310.01147743125));
#694 = CARTESIAN_POINT('',(2.10413667238E+03,201.48758871767,
    310.22590809513));
#695 = CARTESIAN_POINT('',(2.081286158956E+03,168.73317473452,
    291.82820798906));
#696 = CARTESIAN_POINT('',(2.059778766253E+03,137.90401867846,
    231.25380448776));
#697 = CARTESIAN_POINT('',(2.052392345395E+03,127.31616526177,
    155.00573871562));
#698 = CARTESIAN_POINT('',(2.059778766253E+03,137.90401867846,
    78.757672943492));
#699 = CARTESIAN_POINT('',(2.081286158956E+03,168.73317473452,
    18.183269442182));
#700 = CARTESIAN_POINT('',(2.10413667238E+03,201.48758871766,
    -0.214430663874));
#701 = CARTESIAN_POINT('',(2.115307436087E+03,217.5,0.));
#702 = CARTESIAN_POINT('',(2.060760406243E+03,255.2233445962,
    310.03070241347));
#703 = CARTESIAN_POINT('',(2.051119423315E+03,237.73960528152,
    310.24514637501));
#704 = CARTESIAN_POINT('',(2.031398174561E+03,201.97549546762,
    291.8463053581));
#705 = CARTESIAN_POINT('',(2.012836112796E+03,168.31354922655,
    231.26814540932));
#706 = CARTESIAN_POINT('',(2.006461225701E+03,156.75281263444,
    155.01535120673));
#707 = CARTESIAN_POINT('',(2.012836112796E+03,168.31354922655,
    78.762557004155));
#708 = CARTESIAN_POINT('',(2.031398174561E+03,201.97549546763,
    18.184397055375));
#709 = CARTESIAN_POINT('',(2.051119423315E+03,237.73960528151,
    -0.21444396153));
#710 = CARTESIAN_POINT('',(2.060760406243E+03,255.2233445962,0.));
#711 = CARTESIAN_POINT('',(1.931086040223E+03,319.12891819128,
    310.11364839716));
#712 = CARTESIAN_POINT('',(1.923821549957E+03,299.70073067688,
    310.32814973129));
#713 = CARTESIAN_POINT('',(1.908961569323E+03,259.95912739374,
    291.92438626652));
#714 = CARTESIAN_POINT('',(1.894975037243E+03,222.55347909961,
    231.33001916462));
#715 = CARTESIAN_POINT('',(1.89017155345E+03,209.7070190676,
    155.05682419858));
#716 = CARTESIAN_POINT('',(1.894975037243E+03,222.55347909961,
    78.783629232543));
#717 = CARTESIAN_POINT('',(1.908961569323E+03,259.95912739374,
    18.18926213064));
#718 = CARTESIAN_POINT('',(1.923821549957E+03,299.70073067688,
    -0.214501334123));
#719 = CARTESIAN_POINT('',(1.931086040223E+03,319.12891819128,0.));
#720 = CARTESIAN_POINT('',(1.795585694706E+03,359.09387356322,
    310.98929934293));
#721 = CARTESIAN_POINT('',(1.789898719115E+03,338.57295847258,
    311.20440635274));
#722 = CARTESIAN_POINT('',(1.778265645898E+03,296.59611086727,
    292.74867718776));
#723 = CARTESIAN_POINT('',(1.7673163482E+03,257.08660273712,
    231.98321308599));
#724 = CARTESIAN_POINT('',(1.763555961155E+03,243.51760072204,
    155.49464967146));
#725 = CARTESIAN_POINT('',(1.7673163482E+03,257.08660273712,
    79.006086256945));
#726 = CARTESIAN_POINT('',(1.778265645898E+03,296.59611086728,
    18.240622155165));
#727 = CARTESIAN_POINT('',(1.789898719115E+03,338.57295847258,
    -0.215107009806));
#728 = CARTESIAN_POINT('',(1.795585694706E+03,359.09387356322,0.));
#729 = CARTESIAN_POINT('',(1.72E+03,376.72105064623,312.2265625));
#730 = CARTESIAN_POINT('',(1.715116747695E+03,355.72177619298,
    312.44252530767));
#731 = CARTESIAN_POINT('',(1.705127741993E+03,312.76641383938,
    293.91337048534));
#732 = CARTESIAN_POINT('',(1.695725875857E+03,272.3359066679,
    232.90615250293));
#733 = CARTESIAN_POINT('',(1.692496933089E+03,258.45060008617,
    156.11328124999));
#734 = CARTESIAN_POINT('',(1.695725875857E+03,272.3359066679,
    79.320409997073));
#735 = CARTESIAN_POINT('',(1.705127741993E+03,312.76641383939,
    18.31319201465));
#736 = CARTESIAN_POINT('',(1.715116747695E+03,355.72177619298,
    -0.215962807671));
#737 = CARTESIAN_POINT('',(1.72E+03,376.72105064623,0.));
#738 = DEFINITIONAL_REPRESENTATION('',(#739),#743);
#739 = LINE('',#740,#741);
#740 = CARTESIAN_POINT('',(0.,0.));
#741 = VECTOR('',#742,1.);
#742 = DIRECTION('',(0.,1.));
#743 = ( GEOMETRIC_REPRESENTATION_CONTEXT(2) 
PARAMETRIC_REPRESENTATION_CONTEXT() REPRESENTATION_CONTEXT('2D SPACE',''
  ) );
#744 = ORIENTED_EDGE('',*,*,#745,.T.);
#745 = EDGE_CURVE('',#676,#746,#748,.T.);
#746 = VERTEX_POINT('',#747);
#747 = CARTESIAN_POINT('',(1.72E+03,376.72105064623,312.2265625));
#748 = SURFACE_CURVE('',#749,(#755),.PCURVE_S1.);
#749 = B_SPLINE_CURVE_WITH_KNOTS('',3,(#750,#751,#752,#753,#754),
  .UNSPECIFIED.,.F.,.F.,(4,1,4),(0.,0.447010901355,1.),.UNSPECIFIED.);
#750 = CARTESIAN_POINT('',(2.115307436087E+03,217.5,310.01147743125));
#751 = CARTESIAN_POINT('',(2.060760406243E+03,255.2233445962,
    310.03070241347));
#752 = CARTESIAN_POINT('',(1.931086040223E+03,319.12891819128,
    310.11364839716));
#753 = CARTESIAN_POINT('',(1.795585694706E+03,359.09387356322,
    310.98929934293));
#754 = CARTESIAN_POINT('',(1.72E+03,376.72105064623,312.2265625));
#755 = PCURVE('',#692,#756);
#756 = DEFINITIONAL_REPRESENTATION('',(#757),#761);
#757 = LINE('',#758,#759);
#758 = CARTESIAN_POINT('',(0.,0.));
#759 = VECTOR('',#760,1.);
#760 = DIRECTION('',(1.,0.));
#761 = ( GEOMETRIC_REPRESENTATION_CONTEXT(2) 
PARAMETRIC_REPRESENTATION_CONTEXT() REPRESENTATION_CONTEXT('2D SPACE',''
  ) );
#762 = ORIENTED_EDGE('',*,*,#763,.T.);
#763 = EDGE_CURVE('',#746,#764,#766,.T.);
#764 = VERTEX_POINT('',#765);
#765 = CARTESIAN_POINT('',(1.72E+03,376.72105064623,0.));
#766 = SURFACE_CURVE('',#767,(#777),.PCURVE_S1.);
#767 = B_SPLINE_CURVE_WITH_KNOTS('',3,(#768,#769,#770,#771,#772,#773,
    #774,#775,#776),.UNSPECIFIED.,.F.,.F.,(4,1,1,1,1,1,4),(0.,
    0.143798080145,0.311355279633,0.5,0.688644720367,0.856201919855,1.),
  .UNSPECIFIED.);
#768 = CARTESIAN_POINT('',(1.72E+03,376.72105064623,312.2265625));
#769 = CARTESIAN_POINT('',(1.715116747695E+03,355.72177619298,
    312.44252530767));
#770 = CARTESIAN_POINT('',(1.705127741993E+03,312.76641383938,
    293.91337048534));
#771 = CARTESIAN_POINT('',(1.695725875857E+03,272.3359066679,
    232.90615250293));
#772 = CARTESIAN_POINT('',(1.692496933089E+03,258.45060008617,
    156.11328124999));
#773 = CARTESIAN_POINT('',(1.695725875857E+03,272.3359066679,
    79.320409997073));
#774 = CARTESIAN_POINT('',(1.705127741993E+03,312.76641383939,
    18.31319201465));
#775 = CARTESIAN_POINT('',(1.715116747695E+03,355.72177619298,
    -0.215962807671));
#776 = CARTESIAN_POINT('',(1.72E+03,376.72105064623,0.));
#777 = PCURVE('',#692,#778);
#778 = DEFINITIONAL_REPRESENTATION('',(#779),#783);
#779 = LINE('',#780,#781);
#780 = CARTESIAN_POINT('',(1.,0.));
#781 = VECTOR('',#782,1.);
#782 = DIRECTION('',(0.,1.));
#783 = ( GEOMETRIC_REPRESENTATION_CONTEXT(2) 
PARAMETRIC_REPRESENTATION_CONTEXT() REPRESENTATION_CONTEXT('2D SPACE',''
  ) );
#784 = ORIENTED_EDGE('',*,*,#785,.F.);
#785 = EDGE_CURVE('',#678,#764,#786,.T.);
#786 = SURFACE_CURVE('',#787,(#793),.PCURVE_S1.);
#787 = B_SPLINE_CURVE_WITH_KNOTS('',3,(#788,#789,#790,#791,#792),
  .UNSPECIFIED.,.F.,.F.,(4,1,4),(0.,0.447010901355,1.),.UNSPECIFIED.);
#788 = CARTESIAN_POINT('',(2.115307436087E+03,217.5,0.));
#789 = CARTESIAN_POINT('',(2.060760406243E+03,255.2233445962,0.));
#790 = CARTESIAN_POINT('',(1.931086040223E+03,319.12891819128,0.));
#791 = CARTESIAN_POINT('',(1.795585694706E+03,359.09387356322,0.));
#792 = CARTESIAN_POINT('',(1.72E+03,376.72105064623,0.));
#793 = PCURVE('',#692,#794);
#794 = DEFINITIONAL_REPRESENTATION('',(#795),#799);
#795 = LINE('',#796,#797);
#796 = CARTESIAN_POINT('',(0.,1.));
#797 = VECTOR('',#798,1.);
#798 = DIRECTION('',(1.,0.));
#799 = ( GEOMETRIC_REPRESENTATION_CONTEXT(2) 
PARAMETRIC_REPRESENTATION_CONTEXT() REPRESENTATION_CONTEXT('2D SPACE',''
  ) );
#800 = ( GEOMETRIC_REPRESENTATION_CONTEXT(3) 
GLOBAL_UNCERTAINTY_ASSIGNED_CONTEXT((#804)) GLOBAL_UNIT_ASSIGNED_CONTEXT
((#801,#802,#803)) REPRESENTATION_CONTEXT('Context #1',
  '3D Context with UNIT and UNCERTAINTY') );
#801 = ( LENGTH_UNIT() NAMED_UNIT(*) SI_UNIT(.MILLI.,.METRE.) );
#802 = ( NAMED_UNIT(*) PLANE_ANGLE_UNIT() SI_UNIT($,.RADIAN.) );
#803 = ( NAMED_UNIT(*) SI_UNIT($,.STERADIAN.) SOLID_ANGLE_UNIT() );
#804 = UNCERTAINTY_MEASURE_WITH_UNIT(LENGTH_MEASURE(1.E-07),#801,
  'distance_accuracy_value','confusion accuracy');
#805 = CONTEXT_DEPENDENT_SHAPE_REPRESENTATION(#806,#808);
#806 = ( REPRESENTATION_RELATIONSHIP('','',#668,#10) 
REPRESENTATION_RELATIONSHIP_WITH_TRANSFORMATION(#807) 
SHAPE_REPRESENTATION_RELATIONSHIP() );
#807 = ITEM_DEFINED_TRANSFORMATION('','',#11,#27);
#808 = PRODUCT_DEFINITION_SHAPE('Placement','Placement of an item',#809
  );
#809 = NEXT_ASSEMBLY_USAGE_OCCURRENCE('4','L02','',#5,#663,$);
#810 = PRODUCT_RELATED_PRODUCT_CATEGORY('part',$,(#665));
#811 = SHAPE_DEFINITION_REPRESENTATION(#812,#818);
#812 = PRODUCT_DEFINITION_SHAPE('','',#813);
#813 = PRODUCT_DEFINITION('design','',#814,#817);
#814 = PRODUCT_DEFINITION_FORMATION('','',#815);
#815 = PRODUCT('O03','O03','',(#816));
#816 = PRODUCT_CONTEXT('',#2,'mechanical');
#817 = PRODUCT_DEFINITION_CONTEXT('part definition',#2,'design');
#818 = MANIFOLD_SURFACE_SHAPE_REPRESENTATION('',(#11,#819),#939);
#819 = SHELL_BASED_SURFACE_MODEL('',(#820));
#820 = OPEN_SHELL('',(#821));
#821 = ADVANCED_FACE('',(#822),#842,.T.);
#822 = FACE_BOUND('',#823,.T.);
#823 = EDGE_LOOP('',(#824,#885,#902,#924));
#824 = ORIENTED_EDGE('',*,*,#825,.F.);
#825 = EDGE_CURVE('',#826,#828,#830,.T.);
#826 = VERTEX_POINT('',#827);
#827 = CARTESIAN_POINT('',(1.72E+03,376.72105064623,0.));
#828 = VERTEX_POINT('',#829);
#829 = CARTESIAN_POINT('',(1.72E+03,376.72105064623,312.2265625));
#830 = SURFACE_CURVE('',#831,(#841),.PCURVE_S1.);
#831 = B_SPLINE_CURVE_WITH_KNOTS('',3,(#832,#833,#834,#835,#836,#837,
    #838,#839,#840),.UNSPECIFIED.,.F.,.F.,(4,1,1,1,1,1,4),(0.,
    0.146137021167,0.313523775699,0.5,0.686476224301,0.853862978833,1.),
  .UNSPECIFIED.);
#832 = CARTESIAN_POINT('',(1.72E+03,376.72105064623,0.));
#833 = CARTESIAN_POINT('',(1.724834871294E+03,397.51227397288,
    -0.222641159786));
#834 = CARTESIAN_POINT('',(1.734765156987E+03,440.21512478377,
    17.89028037422));
#835 = CARTESIAN_POINT('',(1.744247760946E+03,480.99282591764,
    78.896054642993));
#836 = CARTESIAN_POINT('',(1.747511043347E+03,495.02580199002,
    156.11328125));
#837 = CARTESIAN_POINT('',(1.744247760946E+03,480.99282591764,
    233.330507857));
#838 = CARTESIAN_POINT('',(1.734765156987E+03,440.21512478377,
    294.33628212578));
#839 = CARTESIAN_POINT('',(1.724834871294E+03,397.51227397288,
    312.44920365978));
#840 = CARTESIAN_POINT('',(1.72E+03,376.72105064623,312.2265625));
#841 = PCURVE('',#842,#879);
#842 = B_SPLINE_SURFACE_WITH_KNOTS('',3,3,(
    (#843,#844,#845,#846,#847,#848,#849,#850,#851)
    ,(#852,#853,#854,#855,#856,#857,#858,#859,#860)
    ,(#861,#862,#863,#864,#865,#866,#867,#868,#869)
    ,(#870,#871,#872,#873,#874,#875,#876,#877,#878
  )),.UNSPECIFIED.,.F.,.F.,.F.,(4,4),(4,1,1,1,1,1,4),(0.,1.),(0.,
    0.146137021167,0.313523775699,0.5,0.686476224301,0.853862978833,1.),
  .UNSPECIFIED.);
#843 = CARTESIAN_POINT('',(1.72E+03,376.72105064623,0.));
#844 = CARTESIAN_POINT('',(1.724834871294E+03,397.51227397288,
    -0.222641159786));
#845 = CARTESIAN_POINT('',(1.734765156987E+03,440.21512478377,
    17.89028037422));
#846 = CARTESIAN_POINT('',(1.744247760946E+03,480.99282591764,
    78.896054642993));
#847 = CARTESIAN_POINT('',(1.747511043347E+03,495.02580199002,
    156.11328125));
#848 = CARTESIAN_POINT('',(1.744247760946E+03,480.99282591764,
    233.330507857));
#849 = CARTESIAN_POINT('',(1.734765156987E+03,440.21512478377,
    294.33628212578));
#850 = CARTESIAN_POINT('',(1.724834871294E+03,397.51227397288,
    312.44920365978));
#851 = CARTESIAN_POINT('',(1.72E+03,376.72105064623,312.2265625));
#852 = CARTESIAN_POINT('',(1.54651036898E+03,417.03541119706,0.));
#853 = CARTESIAN_POINT('',(1.549539127311E+03,438.9094001193,
    -0.224719399193));
#854 = CARTESIAN_POINT('',(1.555759858681E+03,483.83613054345,
    18.05727683485));
#855 = CARTESIAN_POINT('',(1.561700144161E+03,526.73745332098,
    79.632508270744));
#856 = CARTESIAN_POINT('',(1.56374439584E+03,541.50123890159,
    157.57051751912));
#857 = CARTESIAN_POINT('',(1.561700144161E+03,526.73745332098,
    235.5085267675));
#858 = CARTESIAN_POINT('',(1.555759858681E+03,483.83613054346,
    297.08375820339));
#859 = CARTESIAN_POINT('',(1.549539127311E+03,438.9094001193,
    315.36575443744));
#860 = CARTESIAN_POINT('',(1.54651036898E+03,417.03541119706,
    315.14103503825));
#861 = CARTESIAN_POINT('',(1.358736799857E+03,435.01032546255,0.));
#862 = CARTESIAN_POINT('',(1.360235478413E+03,457.36282408381,
    -0.22961386629));
#863 = CARTESIAN_POINT('',(1.363313596801E+03,503.27235999123,
    18.45057063875));
#864 = CARTESIAN_POINT('',(1.366252946031E+03,547.11218096051,
    81.36693214752));
#865 = CARTESIAN_POINT('',(1.36726447479E+03,562.198935279,
    161.00245849142));
#866 = CARTESIAN_POINT('',(1.366252946031E+03,547.11218096051,
    240.63798483532));
#867 = CARTESIAN_POINT('',(1.363313596801E+03,503.27235999123,
    303.55434634409));
#868 = CARTESIAN_POINT('',(1.360235478413E+03,457.36282408381,
    322.23453084913));
#869 = CARTESIAN_POINT('',(1.358736799857E+03,435.01032546255,
    322.00491698284));
#870 = CARTESIAN_POINT('',(1.18E+03,435.,0.));
#871 = CARTESIAN_POINT('',(1.18E+03,457.35373223057,-0.2464567724));
#872 = CARTESIAN_POINT('',(1.18E+03,503.26580183374,19.803978575141));
#873 = CARTESIAN_POINT('',(1.18E+03,547.10804227354,87.335454958239));
#874 = CARTESIAN_POINT('',(1.18E+03,562.19562921306,172.8125));
#875 = CARTESIAN_POINT('',(1.18E+03,547.10804227354,258.28954504176));
#876 = CARTESIAN_POINT('',(1.18E+03,503.26580183374,325.82102142485));
#877 = CARTESIAN_POINT('',(1.18E+03,457.35373223057,345.8714567724));
#878 = CARTESIAN_POINT('',(1.18E+03,435.,345.625));
#879 = DEFINITIONAL_REPRESENTATION('',(#880),#884);
#880 = LINE('',#881,#882);
#881 = CARTESIAN_POINT('',(0.,0.));
#882 = VECTOR('',#883,1.);
#883 = DIRECTION('',(0.,1.));
#884 = ( GEOMETRIC_REPRESENTATION_CONTEXT(2) 
PARAMETRIC_REPRESENTATION_CONTEXT() REPRESENTATION_CONTEXT('2D SPACE',''
  ) );
#885 = ORIENTED_EDGE('',*,*,#886,.T.);
#886 = EDGE_CURVE('',#826,#887,#889,.T.);
#887 = VERTEX_POINT('',#888);
#888 = CARTESIAN_POINT('',(1.18E+03,435.,0.));
#889 = SURFACE_CURVE('',#890,(#895),.PCURVE_S1.);
#890 = B_SPLINE_CURVE_WITH_KNOTS('',3,(#891,#892,#893,#894),
  .UNSPECIFIED.,.F.,.F.,(4,4),(0.,1.),.PIECEWISE_BEZIER_KNOTS.);
#891 = CARTESIAN_POINT('',(1.72E+03,376.72105064623,0.));
#892 = CARTESIAN_POINT('',(1.54651036898E+03,417.03541119706,0.));
#893 = CARTESIAN_POINT('',(1.358736799857E+03,435.01032546255,0.));
#894 = CARTESIAN_POINT('',(1.18E+03,435.,0.));
#895 = PCURVE('',#842,#896);
#896 = DEFINITIONAL_REPRESENTATION('',(#897),#901);
#897 = LINE('',#898,#899);
#898 = CARTESIAN_POINT('',(0.,0.));
#899 = VECTOR('',#900,1.);
#900 = DIRECTION('',(1.,0.));
#901 = ( GEOMETRIC_REPRESENTATION_CONTEXT(2) 
PARAMETRIC_REPRESENTATION_CONTEXT() REPRESENTATION_CONTEXT('2D SPACE',''
  ) );
#902 = ORIENTED_EDGE('',*,*,#903,.T.);
#903 = EDGE_CURVE('',#887,#904,#906,.T.);
#904 = VERTEX_POINT('',#905);
#905 = CARTESIAN_POINT('',(1.18E+03,435.,345.625));
#906 = SURFACE_CURVE('',#907,(#917),.PCURVE_S1.);
#907 = B_SPLINE_CURVE_WITH_KNOTS('',3,(#908,#909,#910,#911,#912,#913,
    #914,#915,#916),.UNSPECIFIED.,.F.,.F.,(4,1,1,1,1,1,4),(0.,
    0.146137021167,0.313523775699,0.5,0.686476224301,0.853862978833,1.),
  .UNSPECIFIED.);
#908 = CARTESIAN_POINT('',(1.18E+03,435.,0.));
#909 = CARTESIAN_POINT('',(1.18E+03,457.35373223057,-0.2464567724));
#910 = CARTESIAN_POINT('',(1.18E+03,503.26580183374,19.803978575141));
#911 = CARTESIAN_POINT('',(1.18E+03,547.10804227354,87.335454958239));
#912 = CARTESIAN_POINT('',(1.18E+03,562.19562921306,172.8125));
#913 = CARTESIAN_POINT('',(1.18E+03,547.10804227354,258.28954504176));
#914 = CARTESIAN_POINT('',(1.18E+03,503.26580183374,325.82102142485));
#915 = CARTESIAN_POINT('',(1.18E+03,457.35373223057,345.8714567724));
#916 = CARTESIAN_POINT('',(1.18E+03,435.,345.625));
#917 = PCURVE('',#842,#918);
#918 = DEFINITIONAL_REPRESENTATION('',(#919),#923);
#919 = LINE('',#920,#921);
#920 = CARTESIAN_POINT('',(1.,0.));
#921 = VECTOR('',#922,1.);
#922 = DIRECTION('',(0.,1.));
#923 = ( GEOMETRIC_REPRESENTATION_CONTEXT(2) 
PARAMETRIC_REPRESENTATION_CONTEXT() REPRESENTATION_CONTEXT('2D SPACE',''
  ) );
#924 = ORIENTED_EDGE('',*,*,#925,.F.);
#925 = EDGE_CURVE('',#828,#904,#926,.T.);
#926 = SURFACE_CURVE('',#927,(#932),.PCURVE_S1.);
#927 = B_SPLINE_CURVE_WITH_KNOTS('',3,(#928,#929,#930,#931),
  .UNSPECIFIED.,.F.,.F.,(4,4),(0.,1.),.PIECEWISE_BEZIER_KNOTS.);
#928 = CARTESIAN_POINT('',(1.72E+03,376.72105064623,312.2265625));
#929 = CARTESIAN_POINT('',(1.54651036898E+03,417.03541119706,
    315.14103503825));
#930 = CARTESIAN_POINT('',(1.358736799857E+03,435.01032546255,
    322.00491698284));
#931 = CARTESIAN_POINT('',(1.18E+03,435.,345.625));
#932 = PCURVE('',#842,#933);
#933 = DEFINITIONAL_REPRESENTATION('',(#934),#938);
#934 = LINE('',#935,#936);
#935 = CARTESIAN_POINT('',(0.,1.));
#936 = VECTOR('',#937,1.);
#937 = DIRECTION('',(1.,0.));
#938 = ( GEOMETRIC_REPRESENTATION_CONTEXT(2) 
PARAMETRIC_REPRESENTATION_CONTEXT() REPRESENTATION_CONTEXT('2D SPACE',''
  ) );
#939 = ( GEOMETRIC_REPRESENTATION_CONTEXT(3) 
GLOBAL_UNCERTAINTY_ASSIGNED_CONTEXT((#943)) GLOBAL_UNIT_ASSIGNED_CONTEXT
((#940,#941,#942)) REPRESENTATION_CONTEXT('Context #1',
  '3D Context with UNIT and UNCERTAINTY') );
#940 = ( LENGTH_UNIT() NAMED_UNIT(*) SI_UNIT(.MILLI.,.METRE.) );
#941 = ( NAMED_UNIT(*) PLANE_ANGLE_UNIT() SI_UNIT($,.RADIAN.) );
#942 = ( NAMED_UNIT(*) SI_UNIT($,.STERADIAN.) SOLID_ANGLE_UNIT() );
#943 = UNCERTAINTY_MEASURE_WITH_UNIT(LENGTH_MEASURE(1.E-07),#940,
  'distance_accuracy_value','confusion accuracy');
#944 = CONTEXT_DEPENDENT_SHAPE_REPRESENTATION(#945,#947);
#945 = ( REPRESENTATION_RELATIONSHIP('','',#818,#10) 
REPRESENTATION_RELATIONSHIP_WITH_TRANSFORMATION(#946) 
SHAPE_REPRESENTATION_RELATIONSHIP() );
#946 = ITEM_DEFINED_TRANSFORMATION('','',#11,#31);
#947 = PRODUCT_DEFINITION_SHAPE('Placement','Placement of an item',#948
  );
#948 = NEXT_ASSEMBLY_USAGE_OCCURRENCE('5','O03','',#5,#813,$);
#949 = PRODUCT_RELATED_PRODUCT_CATEGORY('part',$,(#815));
#950 = SHAPE_DEFINITION_REPRESENTATION(#951,#957);
#951 = PRODUCT_DEFINITION_SHAPE('','',#952);
#952 = PRODUCT_DEFINITION('design','',#953,#956);
#953 = PRODUCT_DEFINITION_FORMATION('','',#954);
#954 = PRODUCT('L03','L03','',(#955));
#955 = PRODUCT_CONTEXT('',#2,'mechanical');
#956 = PRODUCT_DEFINITION_CONTEXT('part definition',#2,'design');
#957 = MANIFOLD_SURFACE_SHAPE_REPRESENTATION('',(#11,#958),#1078);
#958 = SHELL_BASED_SURFACE_MODEL('',(#959));
#959 = OPEN_SHELL('',(#960));
#960 = ADVANCED_FACE('',(#961),#981,.T.);
#961 = FACE_BOUND('',#962,.T.);
#962 = EDGE_LOOP('',(#963,#1024,#1041,#1063));
#963 = ORIENTED_EDGE('',*,*,#964,.F.);
#964 = EDGE_CURVE('',#965,#967,#969,.T.);
#965 = VERTEX_POINT('',#966);
#966 = CARTESIAN_POINT('',(1.72E+03,376.72105064623,312.2265625));
#967 = VERTEX_POINT('',#968);
#968 = CARTESIAN_POINT('',(1.72E+03,376.72105064623,0.));
#969 = SURFACE_CURVE('',#970,(#980),.PCURVE_S1.);
#970 = B_SPLINE_CURVE_WITH_KNOTS('',3,(#971,#972,#973,#974,#975,#976,
    #977,#978,#979),.UNSPECIFIED.,.F.,.F.,(4,1,1,1,1,1,4),(0.,
    0.146137021167,0.313523775699,0.5,0.686476224301,0.853862978833,1.),
  .UNSPECIFIED.);
#971 = CARTESIAN_POINT('',(1.72E+03,376.72105064623,312.2265625));
#972 = CARTESIAN_POINT('',(1.715165128706E+03,355.92982731957,
    312.44920365978));
#973 = CARTESIAN_POINT('',(1.705234843013E+03,313.22697650868,
    294.33628212578));
#974 = CARTESIAN_POINT('',(1.695752239054E+03,272.44927537481,
    233.330507857));
#975 = CARTESIAN_POINT('',(1.692488956653E+03,258.41629930243,
    156.11328124999));
#976 = CARTESIAN_POINT('',(1.695752239054E+03,272.44927537481,
    78.896054642994));
#977 = CARTESIAN_POINT('',(1.705234843013E+03,313.22697650868,
    17.890280374219));
#978 = CARTESIAN_POINT('',(1.715165128706E+03,355.92982731957,
    -0.222641159786));
#979 = CARTESIAN_POINT('',(1.72E+03,376.72105064623,0.));
#980 = PCURVE('',#981,#1018);
#981 = B_SPLINE_SURFACE_WITH_KNOTS('',3,3,(
    (#982,#983,#984,#985,#986,#987,#988,#989,#990)
    ,(#991,#992,#993,#994,#995,#996,#997,#998,#999)
    ,(#1000,#1001,#1002,#1003,#1004,#1005,#1006,#1007,#1008)
    ,(#1009,#1010,#1011,#1012,#1013,#1014,#1015,#1016,#1017
  )),.UNSPECIFIED.,.F.,.F.,.F.,(4,4),(4,1,1,1,1,1,4),(0.,1.),(0.,
    0.146137021167,0.313523775699,0.5,0.686476224301,0.853862978833,1.),
  .UNSPECIFIED.);
#982 = CARTESIAN_POINT('',(1.72E+03,376.72105064623,312.2265625));
#983 = CARTESIAN_POINT('',(1.715165128706E+03,355.92982731957,
    312.44920365978));
#984 = CARTESIAN_POINT('',(1.705234843013E+03,313.22697650868,
    294.33628212578));
#985 = CARTESIAN_POINT('',(1.695752239054E+03,272.44927537481,
    233.330507857));
#986 = CARTESIAN_POINT('',(1.692488956653E+03,258.41629930243,
    156.11328124999));
#987 = CARTESIAN_POINT('',(1.695752239054E+03,272.44927537481,
    78.896054642994));
#988 = CARTESIAN_POINT('',(1.705234843013E+03,313.22697650868,
    17.890280374219));
#989 = CARTESIAN_POINT('',(1.715165128706E+03,355.92982731957,
    -0.222641159786));
#990 = CARTESIAN_POINT('',(1.72E+03,376.72105064623,0.));
#991 = CARTESIAN_POINT('',(1.545140133587E+03,417.33690471603,
    315.14336201695));
#992 = CARTESIAN_POINT('',(1.542124819205E+03,395.45484060094,
    315.36808307545));
#993 = CARTESIAN_POINT('',(1.535931700207E+03,350.51152463249,
    297.08595184847));
#994 = CARTESIAN_POINT('',(1.530017782265E+03,307.59436402785,
    235.5102657455));
#995 = CARTESIAN_POINT('',(1.527982604541E+03,292.82512811918,
    157.57168100847));
#996 = CARTESIAN_POINT('',(1.530017782265E+03,307.59436402785,
    79.63309627145));
#997 = CARTESIAN_POINT('',(1.535931700207E+03,350.51152463249,
    18.057410168481));
#998 = CARTESIAN_POINT('',(1.542124819205E+03,395.45484060094,
    -0.224721058504));
#999 = CARTESIAN_POINT('',(1.545140133587E+03,417.33690471603,0.));
#1000 = CARTESIAN_POINT('',(1.357389605617E+03,434.99775479368,
    322.16032580881));
#1001 = CARTESIAN_POINT('',(1.355901497458E+03,412.64559226018,
    322.39005049335));
#1002 = CARTESIAN_POINT('',(1.352845089487E+03,366.73674663952,
    303.70085039448));
#1003 = CARTESIAN_POINT('',(1.349926471914E+03,322.89758483716,
    240.7541236417));
#1004 = CARTESIAN_POINT('',(1.348922077615E+03,307.81105736015,
    161.0801629044));
#1005 = CARTESIAN_POINT('',(1.349926471914E+03,322.89758483716,
    81.406202167111));
#1006 = CARTESIAN_POINT('',(1.352845089487E+03,366.73674663952,
    18.45947541433));
#1007 = CARTESIAN_POINT('',(1.355901497458E+03,412.64559226018,
    -0.229724684539));
#1008 = CARTESIAN_POINT('',(1.357389605617E+03,434.99775479368,0.));
#1009 = CARTESIAN_POINT('',(1.18E+03,435.,345.625));
#1010 = CARTESIAN_POINT('',(1.18E+03,412.64626776942,345.87145677239));
#1011 = CARTESIAN_POINT('',(1.18E+03,366.73419816625,325.82102142486));
#1012 = CARTESIAN_POINT('',(1.18E+03,322.89195772645,258.28954504176));
#1013 = CARTESIAN_POINT('',(1.18E+03,307.80437078693,172.81249999999));
#1014 = CARTESIAN_POINT('',(1.18E+03,322.89195772645,87.33545495824));
#1015 = CARTESIAN_POINT('',(1.18E+03,366.73419816625,19.803978575139));
#1016 = CARTESIAN_POINT('',(1.18E+03,412.64626776942,-0.246456772399));
#1017 = CARTESIAN_POINT('',(1.18E+03,435.,0.));
#1018 = DEFINITIONAL_REPRESENTATION('',(#1019),#1023);
#1019 = LINE('',#1020,#1021);
#1020 = CARTESIAN_POINT('',(0.,0.));
#1021 = VECTOR('',#1022,1.);
#1022 = DIRECTION('',(0.,1.));
#1023 = ( GEOMETRIC_REPRESENTATION_CONTEXT(2) 
PARAMETRIC_REPRESENTATION_CONTEXT() REPRESENTATION_CONTEXT('2D SPACE',''
  ) );
#1024 = ORIENTED_EDGE('',*,*,#1025,.T.);
#1025 = EDGE_CURVE('',#965,#1026,#1028,.T.);
#1026 = VERTEX_POINT('',#1027);
#1027 = CARTESIAN_POINT('',(1.18E+03,435.,345.625));
#1028 = SURFACE_CURVE('',#1029,(#1034),.PCURVE_S1.);
#1029 = B_SPLINE_CURVE_WITH_KNOTS('',3,(#1030,#1031,#1032,#1033),
  .UNSPECIFIED.,.F.,.F.,(4,4),(0.,1.),.PIECEWISE_BEZIER_KNOTS.);
#1030 = CARTESIAN_POINT('',(1.72E+03,376.72105064623,312.2265625));
#1031 = CARTESIAN_POINT('',(1.545140133587E+03,417.33690471603,
    315.14336201695));
#1032 = CARTESIAN_POINT('',(1.357389605617E+03,434.99775479368,
    322.16032580881));
#1033 = CARTESIAN_POINT('',(1.18E+03,435.,345.625));
#1034 = PCURVE('',#981,#1035);
#1035 = DEFINITIONAL_REPRESENTATION('',(#1036),#1040);
#1036 = LINE('',#1037,#1038);
#1037 = CARTESIAN_POINT('',(0.,0.));
#1038 = VECTOR('',#1039,1.);
#1039 = DIRECTION('',(1.,0.));
#1040 = ( GEOMETRIC_REPRESENTATION_CONTEXT(2) 
PARAMETRIC_REPRESENTATION_CONTEXT() REPRESENTATION_CONTEXT('2D SPACE',''
  ) );
#1041 = ORIENTED_EDGE('',*,*,#1042,.T.);
#1042 = EDGE_CURVE('',#1026,#1043,#1045,.T.);
#1043 = VERTEX_POINT('',#1044);
#1044 = CARTESIAN_POINT('',(1.18E+03,435.,0.));
#1045 = SURFACE_CURVE('',#1046,(#1056),.PCURVE_S1.);
#1046 = B_SPLINE_CURVE_WITH_KNOTS('',3,(#1047,#1048,#1049,#1050,#1051,
    #1052,#1053,#1054,#1055),.UNSPECIFIED.,.F.,.F.,(4,1,1,1,1,1,4),(0.,
    0.146137021167,0.313523775699,0.5,0.686476224301,0.853862978833,1.),
  .UNSPECIFIED.);
#1047 = CARTESIAN_POINT('',(1.18E+03,435.,345.625));
#1048 = CARTESIAN_POINT('',(1.18E+03,412.64626776942,345.87145677239));
#1049 = CARTESIAN_POINT('',(1.18E+03,366.73419816625,325.82102142486));
#1050 = CARTESIAN_POINT('',(1.18E+03,322.89195772645,258.28954504176));
#1051 = CARTESIAN_POINT('',(1.18E+03,307.80437078693,172.81249999999));
#1052 = CARTESIAN_POINT('',(1.18E+03,322.89195772645,87.33545495824));
#1053 = CARTESIAN_POINT('',(1.18E+03,366.73419816625,19.803978575139));
#1054 = CARTESIAN_POINT('',(1.18E+03,412.64626776942,-0.246456772399));
#1055 = CARTESIAN_POINT('',(1.18E+03,435.,0.));
#1056 = PCURVE('',#981,#1057);
#1057 = DEFINITIONAL_REPRESENTATION('',(#1058),#1062);
#1058 = LINE('',#1059,#1060);
#1059 = CARTESIAN_POINT('',(1.,0.));
#1060 = VECTOR('',#1061,1.);
#1061 = DIRECTION('',(0.,1.));
#1062 = ( GEOMETRIC_REPRESENTATION_CONTEXT(2) 
PARAMETRIC_REPRESENTATION_CONTEXT() REPRESENTATION_CONTEXT('2D SPACE',''
  ) );
#1063 = ORIENTED_EDGE('',*,*,#1064,.F.);
#1064 = EDGE_CURVE('',#967,#1043,#1065,.T.);
#1065 = SURFACE_CURVE('',#1066,(#1071),.PCURVE_S1.);
#1066 = B_SPLINE_CURVE_WITH_KNOTS('',3,(#1067,#1068,#1069,#1070),
  .UNSPECIFIED.,.F.,.F.,(4,4),(0.,1.),.PIECEWISE_BEZIER_KNOTS.);
#1067 = CARTESIAN_POINT('',(1.72E+03,376.72105064623,0.));
#1068 = CARTESIAN_POINT('',(1.545140133587E+03,417.33690471603,0.));
#1069 = CARTESIAN_POINT('',(1.357389605617E+03,434.99775479368,0.));
#1070 = CARTESIAN_POINT('',(1.18E+03,435.,0.));
#1071 = PCURVE('',#981,#1072);
#1072 = DEFINITIONAL_REPRESENTATION('',(#1073),#1077);
#1073 = LINE('',#1074,#1075);
#1074 = CARTESIAN_POINT('',(0.,1.));
#1075 = VECTOR('',#1076,1.);
#1076 = DIRECTION('',(1.,0.));
#1077 = ( GEOMETRIC_REPRESENTATION_CONTEXT(2) 
PARAMETRIC_REPRESENTATION_CONTEXT() REPRESENTATION_CONTEXT('2D SPACE',''
  ) );
#1078 = ( GEOMETRIC_REPRESENTATION_CONTEXT(3) 
GLOBAL_UNCERTAINTY_ASSIGNED_CONTEXT((#1082)) 
GLOBAL_UNIT_ASSIGNED_CONTEXT((#1079,#1080,#1081)) REPRESENTATION_CONTEXT
('Context #1','3D Context with UNIT and UNCERTAINTY') );
#1079 = ( LENGTH_UNIT() NAMED_UNIT(*) SI_UNIT(.MILLI.,.METRE.) );
#1080 = ( NAMED_UNIT(*) PLANE_ANGLE_UNIT() SI_UNIT($,.RADIAN.) );
#1081 = ( NAMED_UNIT(*) SI_UNIT($,.STERADIAN.) SOLID_ANGLE_UNIT() );
#1082 = UNCERTAINTY_MEASURE_WITH_UNIT(LENGTH_MEASURE(1.E-07),#1079,
  'distance_accuracy_value','confusion accuracy');
#1083 = CONTEXT_DEPENDENT_SHAPE_REPRESENTATION(#1084,#1086);
#1084 = ( REPRESENTATION_RELATIONSHIP('','',#957,#10) 
REPRESENTATION_RELATIONSHIP_WITH_TRANSFORMATION(#1085) 
SHAPE_REPRESENTATION_RELATIONSHIP() );
#1085 = ITEM_DEFINED_TRANSFORMATION('','',#11,#35);
#1086 = PRODUCT_DEFINITION_SHAPE('Placement','Placement of an item',
  #1087);
#1087 = NEXT_ASSEMBLY_USAGE_OCCURRENCE('6','L03','',#5,#952,$);
#1088 = PRODUCT_RELATED_PRODUCT_CATEGORY('part',$,(#954));
#1089 = SHAPE_DEFINITION_REPRESENTATION(#1090,#1096);
#1090 = PRODUCT_DEFINITION_SHAPE('','',#1091);
#1091 = PRODUCT_DEFINITION('design','',#1092,#1095);
#1092 = PRODUCT_DEFINITION_FORMATION('','',#1093);
#1093 = PRODUCT('O04','O04','',(#1094));
#1094 = PRODUCT_CONTEXT('',#2,'mechanical');
#1095 = PRODUCT_DEFINITION_CONTEXT('part definition',#2,'design');
#1096 = MANIFOLD_SURFACE_SHAPE_REPRESENTATION('',(#11,#1097),#1228);
#1097 = SHELL_BASED_SURFACE_MODEL('',(#1098));
#1098 = OPEN_SHELL('',(#1099));
#1099 = ADVANCED_FACE('',(#1100),#1120,.T.);
#1100 = FACE_BOUND('',#1101,.T.);
#1101 = EDGE_LOOP('',(#1102,#1172,#1190,#1212));
#1102 = ORIENTED_EDGE('',*,*,#1103,.F.);
#1103 = EDGE_CURVE('',#1104,#1106,#1108,.T.);
#1104 = VERTEX_POINT('',#1105);
#1105 = CARTESIAN_POINT('',(1.18E+03,435.,0.));
#1106 = VERTEX_POINT('',#1107);
#1107 = CARTESIAN_POINT('',(1.18E+03,435.,345.625));
#1108 = SURFACE_CURVE('',#1109,(#1119),.PCURVE_S1.);
#1109 = B_SPLINE_CURVE_WITH_KNOTS('',3,(#1110,#1111,#1112,#1113,#1114,
    #1115,#1116,#1117,#1118),.UNSPECIFIED.,.F.,.F.,(4,1,1,1,1,1,4),(0.,
    0.130904604442,0.299712423795,0.5,0.700287576205,0.869095395558,1.),
  .UNSPECIFIED.);
#1110 = CARTESIAN_POINT('',(1.18E+03,435.,0.));
#1111 = CARTESIAN_POINT('',(1.18E+03,459.73916367733,0.17786019005));
#1112 = CARTESIAN_POINT('',(1.18E+03,505.96789395679,22.700382176363));
#1113 = CARTESIAN_POINT('',(1.18E+03,548.03230464929,90.236464700846));
#1114 = CARTESIAN_POINT('',(1.18E+03,561.80692072584,172.8125));
#1115 = CARTESIAN_POINT('',(1.18E+03,548.03230464929,255.38853529914));
#1116 = CARTESIAN_POINT('',(1.18E+03,505.96789395679,322.92461782364));
#1117 = CARTESIAN_POINT('',(1.18E+03,459.73916367734,345.44713980994));
#1118 = CARTESIAN_POINT('',(1.18E+03,435.,345.625));
#1119 = PCURVE('',#1120,#1166);
#1120 = B_SPLINE_SURFACE_WITH_KNOTS('',3,3,(
    (#1121,#1122,#1123,#1124,#1125,#1126,#1127,#1128,#1129)
    ,(#1130,#1131,#1132,#1133,#1134,#1135,#1136,#1137,#1138)
    ,(#1139,#1140,#1141,#1142,#1143,#1144,#1145,#1146,#1147)
    ,(#1148,#1149,#1150,#1151,#1152,#1153,#1154,#1155,#1156)
    ,(#1157,#1158,#1159,#1160,#1161,#1162,#1163,#1164,#1165
  )),.UNSPECIFIED.,.F.,.F.,.F.,(4,1,4),(4,1,1,1,1,1,4),(0.,
    0.509667947803,1.),(0.,0.130904604442,0.299712423795,0.5,
    0.700287576205,0.869095395558,1.),.UNSPECIFIED.);
#1121 = CARTESIAN_POINT('',(1.18E+03,435.,0.));
#1122 = CARTESIAN_POINT('',(1.18E+03,459.73916367733,0.17786019005));
#1123 = CARTESIAN_POINT('',(1.18E+03,505.96789395679,22.700382176363));
#1124 = CARTESIAN_POINT('',(1.18E+03,548.03230464929,90.236464700846));
#1125 = CARTESIAN_POINT('',(1.18E+03,561.80692072584,172.8125));
#1126 = CARTESIAN_POINT('',(1.18E+03,548.03230464929,255.38853529914));
#1127 = CARTESIAN_POINT('',(1.18E+03,505.96789395679,322.92461782364));
#1128 = CARTESIAN_POINT('',(1.18E+03,459.73916367734,345.44713980994));
#1129 = CARTESIAN_POINT('',(1.18E+03,435.,345.625));
#1130 = CARTESIAN_POINT('',(1.086224317809E+03,434.98679499352,0.));
#1131 = CARTESIAN_POINT('',(1.08535909712E+03,459.72583892818,
    0.184229510223));
#1132 = CARTESIAN_POINT('',(1.083742306254E+03,505.95434545099,
    23.513301594078));
#1133 = CARTESIAN_POINT('',(1.082271157153E+03,548.018552543,
    93.467906963417));
#1134 = CARTESIAN_POINT('',(1.081789407528E+03,561.79310194755,
    179.00105822701));
#1135 = CARTESIAN_POINT('',(1.082271157153E+03,548.018552543,
    264.53420949059));
#1136 = CARTESIAN_POINT('',(1.083742306254E+03,505.95434545098,
    334.48881485994));
#1137 = CARTESIAN_POINT('',(1.08535909712E+03,459.72583892818,
    357.81788694379));
#1138 = CARTESIAN_POINT('',(1.086224317809E+03,434.98679499352,
    358.00211645401));
#1139 = CARTESIAN_POINT('',(902.61282969379,425.43984896987,0.));
#1140 = CARTESIAN_POINT('',(900.05486180787,449.89371581669,
    0.201579682222));
#1141 = CARTESIAN_POINT('',(895.27492627713,495.58932741844,
    25.727712447221));
#1142 = CARTESIAN_POINT('',(890.92557101617,537.16864317383,
    102.27042866681));
#1143 = CARTESIAN_POINT('',(889.5013100337,550.78440770796,
    195.85883060219));
#1144 = CARTESIAN_POINT('',(890.92557101617,537.16864317383,
    289.44723253757));
#1145 = CARTESIAN_POINT('',(895.27492627713,495.58932741843,
    365.98994875717));
#1146 = CARTESIAN_POINT('',(900.05486180787,449.89371581669,
    391.51608152216));
#1147 = CARTESIAN_POINT('',(902.61282969379,425.43984896987,
    391.71766120439));
#1148 = CARTESIAN_POINT('',(724.45134590648,396.33612392331,0.));
#1149 = CARTESIAN_POINT('',(720.0777386858,419.93020523301,0.23295894365
    ));
#1150 = CARTESIAN_POINT('',(711.905016633,464.01918234167,
    29.732662777287));
#1151 = CARTESIAN_POINT('',(704.46849966994,504.13659047509,
    118.19053768876));
#1152 = CARTESIAN_POINT('',(702.03330173357,517.27363164426,
    226.34754544133));
#1153 = CARTESIAN_POINT('',(704.46849966993,504.13659047509,
    334.50455319388));
#1154 = CARTESIAN_POINT('',(711.90501663301,464.01918234167,
    422.96242810537));
#1155 = CARTESIAN_POINT('',(720.07773868579,419.93020523301,
    452.462131939));
#1156 = CARTESIAN_POINT('',(724.45134590648,396.33612392331,
    452.69509088265));
#1157 = CARTESIAN_POINT('',(640.,376.72105064623,0.));
#1158 = CARTESIAN_POINT('',(634.64918560083,399.7309655734,0.25233713446
    ));
#1159 = CARTESIAN_POINT('',(624.65040961711,442.72834271982,
    32.205910653242));
#1160 = CARTESIAN_POINT('',(615.55233106598,481.85248305536,
    128.02196444278));
#1161 = CARTESIAN_POINT('',(612.57303010792,494.6642639308,245.17578125)
  );
#1162 = CARTESIAN_POINT('',(615.55233106598,481.85248305536,
    362.32959805721));
#1163 = CARTESIAN_POINT('',(624.65040961711,442.72834271982,
    458.14565184676));
#1164 = CARTESIAN_POINT('',(634.64918560083,399.7309655734,
    490.09922536553));
#1165 = CARTESIAN_POINT('',(640.,376.72105064623,490.3515625));
#1166 = DEFINITIONAL_REPRESENTATION('',(#1167),#1171);
#1167 = LINE('',#1168,#1169);
#1168 = CARTESIAN_POINT('',(0.,0.));
#1169 = VECTOR('',#1170,1.);
#1170 = DIRECTION('',(0.,1.));
#1171 = ( GEOMETRIC_REPRESENTATION_CONTEXT(2) 
PARAMETRIC_REPRESENTATION_CONTEXT() REPRESENTATION_CONTEXT('2D SPACE',''
  ) );
#1172 = ORIENTED_EDGE('',*,*,#1173,.T.);
#1173 = EDGE_CURVE('',#1104,#1174,#1176,.T.);
#1174 = VERTEX_POINT('',#1175);
#1175 = CARTESIAN_POINT('',(640.,376.72105064623,0.));
#1176 = SURFACE_CURVE('',#1177,(#1183),.PCURVE_S1.);
#1177 = B_SPLINE_CURVE_WITH_KNOTS('',3,(#1178,#1179,#1180,#1181,#1182),
  .UNSPECIFIED.,.F.,.F.,(4,1,4),(0.,0.509667947803,1.),.UNSPECIFIED.);
#1178 = CARTESIAN_POINT('',(1.18E+03,435.,0.));
#1179 = CARTESIAN_POINT('',(1.086224317809E+03,434.98679499352,0.));
#1180 = CARTESIAN_POINT('',(902.61282969379,425.43984896987,0.));
#1181 = CARTESIAN_POINT('',(724.45134590648,396.33612392331,0.));
#1182 = CARTESIAN_POINT('',(640.,376.72105064623,0.));
#1183 = PCURVE('',#1120,#1184);
#1184 = DEFINITIONAL_REPRESENTATION('',(#1185),#1189);
#1185 = LINE('',#1186,#1187);
#1186 = CARTESIAN_POINT('',(0.,0.));
#1187 = VECTOR('',#1188,1.);
#1188 = DIRECTION('',(1.,0.));
#1189 = ( GEOMETRIC_REPRESENTATION_CONTEXT(2) 
PARAMETRIC_REPRESENTATION_CONTEXT() REPRESENTATION_CONTEXT('2D SPACE',''
  ) );
#1190 = ORIENTED_EDGE('',*,*,#1191,.T.);
#1191 = EDGE_CURVE('',#1174,#1192,#1194,.T.);
#1192 = VERTEX_POINT('',#1193);
#1193 = CARTESIAN_POINT('',(640.,376.72105064623,490.3515625));
#1194 = SURFACE_CURVE('',#1195,(#1205),.PCURVE_S1.);
#1195 = B_SPLINE_CURVE_WITH_KNOTS('',3,(#1196,#1197,#1198,#1199,#1200,
    #1201,#1202,#1203,#1204),.UNSPECIFIED.,.F.,.F.,(4,1,1,1,1,1,4),(0.,
    0.130904604442,0.299712423795,0.5,0.700287576205,0.869095395558,1.),
  .UNSPECIFIED.);
#1196 = CARTESIAN_POINT('',(640.,376.72105064623,0.));
#1197 = CARTESIAN_POINT('',(634.64918560083,399.7309655734,0.25233713446
    ));
#1198 = CARTESIAN_POINT('',(624.65040961711,442.72834271982,
    32.205910653242));
#1199 = CARTESIAN_POINT('',(615.55233106598,481.85248305536,
    128.02196444278));
#1200 = CARTESIAN_POINT('',(612.57303010792,494.6642639308,245.17578125)
  );
#1201 = CARTESIAN_POINT('',(615.55233106598,481.85248305536,
    362.32959805721));
#1202 = CARTESIAN_POINT('',(624.65040961711,442.72834271982,
    458.14565184676));
#1203 = CARTESIAN_POINT('',(634.64918560083,399.7309655734,
    490.09922536553));
#1204 = CARTESIAN_POINT('',(640.,376.72105064623,490.3515625));
#1205 = PCURVE('',#1120,#1206);
#1206 = DEFINITIONAL_REPRESENTATION('',(#1207),#1211);
#1207 = LINE('',#1208,#1209);
#1208 = CARTESIAN_POINT('',(1.,0.));
#1209 = VECTOR('',#1210,1.);
#1210 = DIRECTION('',(0.,1.));
#1211 = ( GEOMETRIC_REPRESENTATION_CONTEXT(2) 
PARAMETRIC_REPRESENTATION_CONTEXT() REPRESENTATION_CONTEXT('2D SPACE',''
  ) );
#1212 = ORIENTED_EDGE('',*,*,#1213,.F.);
#1213 = EDGE_CURVE('',#1106,#1192,#1214,.T.);
#1214 = SURFACE_CURVE('',#1215,(#1221),.PCURVE_S1.);
#1215 = B_SPLINE_CURVE_WITH_KNOTS('',3,(#1216,#1217,#1218,#1219,#1220),
  .UNSPECIFIED.,.F.,.F.,(4,1,4),(0.,0.509667947803,1.),.UNSPECIFIED.);
#1216 = CARTESIAN_POINT('',(1.18E+03,435.,345.625));
#1217 = CARTESIAN_POINT('',(1.086224317809E+03,434.98679499352,
    358.00211645401));
#1218 = CARTESIAN_POINT('',(902.61282969379,425.43984896987,
    391.71766120439));
#1219 = CARTESIAN_POINT('',(724.45134590648,396.33612392331,
    452.69509088265));
#1220 = CARTESIAN_POINT('',(640.,376.72105064623,490.3515625));
#1221 = PCURVE('',#1120,#1222);
#1222 = DEFINITIONAL_REPRESENTATION('',(#1223),#1227);
#1223 = LINE('',#1224,#1225);
#1224 = CARTESIAN_POINT('',(0.,1.));
#1225 = VECTOR('',#1226,1.);
#1226 = DIRECTION('',(1.,0.));
#1227 = ( GEOMETRIC_REPRESENTATION_CONTEXT(2) 
PARAMETRIC_REPRESENTATION_CONTEXT() REPRESENTATION_CONTEXT('2D SPACE',''
  ) );
#1228 = ( GEOMETRIC_REPRESENTATION_CONTEXT(3) 
GLOBAL_UNCERTAINTY_ASSIGNED_CONTEXT((#1232)) 
GLOBAL_UNIT_ASSIGNED_CONTEXT((#1229,#1230,#1231)) REPRESENTATION_CONTEXT
('Context #1','3D Context with UNIT and UNCERTAINTY') );
#1229 = ( LENGTH_UNIT() NAMED_UNIT(*) SI_UNIT(.MILLI.,.METRE.) );
#1230 = ( NAMED_UNIT(*) PLANE_ANGLE_UNIT() SI_UNIT($,.RADIAN.) );
#1231 = ( NAMED_UNIT(*) SI_UNIT($,.STERADIAN.) SOLID_ANGLE_UNIT() );
#1232 = UNCERTAINTY_MEASURE_WITH_UNIT(LENGTH_MEASURE(1.E-07),#1229,
  'distance_accuracy_value','confusion accuracy');
#1233 = CONTEXT_DEPENDENT_SHAPE_REPRESENTATION(#1234,#1236);
#1234 = ( REPRESENTATION_RELATIONSHIP('','',#1096,#10) 
REPRESENTATION_RELATIONSHIP_WITH_TRANSFORMATION(#1235) 
SHAPE_REPRESENTATION_RELATIONSHIP() );
#1235 = ITEM_DEFINED_TRANSFORMATION('','',#11,#39);
#1236 = PRODUCT_DEFINITION_SHAPE('Placement','Placement of an item',
  #1237);
#1237 = NEXT_ASSEMBLY_USAGE_OCCURRENCE('7','O04','',#5,#1091,$);
#1238 = PRODUCT_RELATED_PRODUCT_CATEGORY('part',$,(#1093));
#1239 = SHAPE_DEFINITION_REPRESENTATION(#1240,#1246);
#1240 = PRODUCT_DEFINITION_SHAPE('','',#1241);
#1241 = PRODUCT_DEFINITION('design','',#1242,#1245);
#1242 = PRODUCT_DEFINITION_FORMATION('','',#1243);
#1243 = PRODUCT('L04','L04','',(#1244));
#1244 = PRODUCT_CONTEXT('',#2,'mechanical');
#1245 = PRODUCT_DEFINITION_CONTEXT('part definition',#2,'design');
#1246 = MANIFOLD_SURFACE_SHAPE_REPRESENTATION('',(#11,#1247),#1367);
#1247 = SHELL_BASED_SURFACE_MODEL('',(#1248));
#1248 = OPEN_SHELL('',(#1249));
#1249 = ADVANCED_FACE('',(#1250),#1270,.T.);
#1250 = FACE_BOUND('',#1251,.T.);
#1251 = EDGE_LOOP('',(#1252,#1313,#1330,#1352));
#1252 = ORIENTED_EDGE('',*,*,#1253,.F.);
#1253 = EDGE_CURVE('',#1254,#1256,#1258,.T.);
#1254 = VERTEX_POINT('',#1255);
#1255 = CARTESIAN_POINT('',(1.18E+03,435.,345.625));
#1256 = VERTEX_POINT('',#1257);
#1257 = CARTESIAN_POINT('',(1.18E+03,435.,0.));
#1258 = SURFACE_CURVE('',#1259,(#1269),.PCURVE_S1.);
#1259 = B_SPLINE_CURVE_WITH_KNOTS('',3,(#1260,#1261,#1262,#1263,#1264,
    #1265,#1266,#1267,#1268),.UNSPECIFIED.,.F.,.F.,(4,1,1,1,1,1,4),(0.,
    0.130904604442,0.299712423795,0.5,0.700287576205,0.869095395558,1.),
  .UNSPECIFIED.);
#1260 = CARTESIAN_POINT('',(1.18E+03,435.,345.625));
#1261 = CARTESIAN_POINT('',(1.18E+03,410.26083632266,345.44713980994));
#1262 = CARTESIAN_POINT('',(1.18E+03,364.0321060432,322.92461782363));
#1263 = CARTESIAN_POINT('',(1.18E+03,321.9676953507,255.38853529914));
#1264 = CARTESIAN_POINT('',(1.18E+03,308.19307927415,172.8125));
#1265 = CARTESIAN_POINT('',(1.18E+03,321.9676953507,90.236464700847));
#1266 = CARTESIAN_POINT('',(1.18E+03,364.0321060432,22.700382176363));
#1267 = CARTESIAN_POINT('',(1.18E+03,410.26083632266,0.17786019005));
#1268 = CARTESIAN_POINT('',(1.18E+03,435.,0.));
#1269 = PCURVE('',#1270,#1307);
#1270 = B_SPLINE_SURFACE_WITH_KNOTS('',3,3,(
    (#1271,#1272,#1273,#1274,#1275,#1276,#1277,#1278,#1279)
    ,(#1280,#1281,#1282,#1283,#1284,#1285,#1286,#1287,#1288)
    ,(#1289,#1290,#1291,#1292,#1293,#1294,#1295,#1296,#1297)
    ,(#1298,#1299,#1300,#1301,#1302,#1303,#1304,#1305,#1306
  )),.UNSPECIFIED.,.F.,.F.,.F.,(4,4),(4,1,1,1,1,1,4),(0.,1.),(0.,
    0.130904604442,0.299712423795,0.5,0.700287576205,0.869095395558,1.),
  .UNSPECIFIED.);
#1271 = CARTESIAN_POINT('',(1.18E+03,435.,345.625));
#1272 = CARTESIAN_POINT('',(1.18E+03,410.26083632266,345.44713980994));
#1273 = CARTESIAN_POINT('',(1.18E+03,364.0321060432,322.92461782363));
#1274 = CARTESIAN_POINT('',(1.18E+03,321.9676953507,255.38853529914));
#1275 = CARTESIAN_POINT('',(1.18E+03,308.19307927415,172.8125));
#1276 = CARTESIAN_POINT('',(1.18E+03,321.9676953507,90.236464700847));
#1277 = CARTESIAN_POINT('',(1.18E+03,364.0321060432,22.700382176363));
#1278 = CARTESIAN_POINT('',(1.18E+03,410.26083632266,0.17786019005));
#1279 = CARTESIAN_POINT('',(1.18E+03,435.,0.));
#1280 = CARTESIAN_POINT('',(996.78336755468,434.80012484462,
    369.67140502223));
#1281 = CARTESIAN_POINT('',(998.4835305531,410.06856396217,
    369.48117044327));
#1282 = CARTESIAN_POINT('',(1.001660532723E+03,363.85404061222,
    345.39167359749));
#1283 = CARTESIAN_POINT('',(1.004551348093E+03,321.80255707809,
    273.15685691314));
#1284 = CARTESIAN_POINT('',(1.005497988525E+03,308.03217419156,
    184.83570251112));
#1285 = CARTESIAN_POINT('',(1.004551348093E+03,321.80255707809,
    96.514548109081));
#1286 = CARTESIAN_POINT('',(1.001660532723E+03,363.85404061221,
    24.279731424747));
#1287 = CARTESIAN_POINT('',(998.4835305531,410.06856396217,0.19023457896
    ));
#1288 = CARTESIAN_POINT('',(996.78336755468,434.80012484462,0.));
#1289 = CARTESIAN_POINT('',(813.81225808896,416.88029188977,
    412.75662895191));
#1290 = CARTESIAN_POINT('',(817.16259464499,392.67665770448,
    412.54422252162));
#1291 = CARTESIAN_POINT('',(823.42318643435,347.44864227404,
    385.64709340606));
#1292 = CARTESIAN_POINT('',(829.11981929909,306.29480126713,
    304.99330460193));
#1293 = CARTESIAN_POINT('',(830.98526634445,292.81836475909,
    206.37831447596));
#1294 = CARTESIAN_POINT('',(829.11981929909,306.29480126713,
    107.76332434997));
#1295 = CARTESIAN_POINT('',(823.42318643435,347.44864227404,
    27.109535545854));
#1296 = CARTESIAN_POINT('',(817.16259464499,392.67665770448,
    0.212406430293));
#1297 = CARTESIAN_POINT('',(813.81225808896,416.88029188977,0.));
#1298 = CARTESIAN_POINT('',(640.,376.72105064623,490.3515625));
#1299 = CARTESIAN_POINT('',(645.35081439916,353.71113571905,
    490.09922536553));
#1300 = CARTESIAN_POINT('',(655.34959038288,310.71375857263,
    458.14565184676));
#1301 = CARTESIAN_POINT('',(664.44766893402,271.58961823709,
    362.32959805721));
#1302 = CARTESIAN_POINT('',(667.42696989207,258.77783736165,245.17578125
    ));
#1303 = CARTESIAN_POINT('',(664.44766893402,271.58961823709,
    128.02196444278));
#1304 = CARTESIAN_POINT('',(655.34959038288,310.71375857263,
    32.205910653243));
#1305 = CARTESIAN_POINT('',(645.35081439916,353.71113571905,
    0.252337134459));
#1306 = CARTESIAN_POINT('',(640.,376.72105064623,0.));
#1307 = DEFINITIONAL_REPRESENTATION('',(#1308),#1312);
#1308 = LINE('',#1309,#1310);
#1309 = CARTESIAN_POINT('',(0.,0.));
#1310 = VECTOR('',#1311,1.);
#1311 = DIRECTION('',(0.,1.));
#1312 = ( GEOMETRIC_REPRESENTATION_CONTEXT(2) 
PARAMETRIC_REPRESENTATION_CONTEXT() REPRESENTATION_CONTEXT('2D SPACE',''
  ) );
#1313 = ORIENTED_EDGE('',*,*,#1314,.T.);
#1314 = EDGE_CURVE('',#1254,#1315,#1317,.T.);
#1315 = VERTEX_POINT('',#1316);
#1316 = CARTESIAN_POINT('',(640.,376.72105064623,490.3515625));
#1317 = SURFACE_CURVE('',#1318,(#1323),.PCURVE_S1.);
#1318 = B_SPLINE_CURVE_WITH_KNOTS('',3,(#1319,#1320,#1321,#1322),
  .UNSPECIFIED.,.F.,.F.,(4,4),(0.,1.),.PIECEWISE_BEZIER_KNOTS.);
#1319 = CARTESIAN_POINT('',(1.18E+03,435.,345.625));
#1320 = CARTESIAN_POINT('',(996.78336755468,434.80012484462,
    369.67140502223));
#1321 = CARTESIAN_POINT('',(813.81225808896,416.88029188977,
    412.75662895191));
#1322 = CARTESIAN_POINT('',(640.,376.72105064623,490.3515625));
#1323 = PCURVE('',#1270,#1324);
#1324 = DEFINITIONAL_REPRESENTATION('',(#1325),#1329);
#1325 = LINE('',#1326,#1327);
#1326 = CARTESIAN_POINT('',(0.,0.));
#1327 = VECTOR('',#1328,1.);
#1328 = DIRECTION('',(1.,0.));
#1329 = ( GEOMETRIC_REPRESENTATION_CONTEXT(2) 
PARAMETRIC_REPRESENTATION_CONTEXT() REPRESENTATION_CONTEXT('2D SPACE',''
  ) );
#1330 = ORIENTED_EDGE('',*,*,#1331,.T.);
#1331 = EDGE_CURVE('',#1315,#1332,#1334,.T.);
#1332 = VERTEX_POINT('',#1333);
#1333 = CARTESIAN_POINT('',(640.,376.72105064623,0.));
#1334 = SURFACE_CURVE('',#1335,(#1345),.PCURVE_S1.);
#1335 = B_SPLINE_CURVE_WITH_KNOTS('',3,(#1336,#1337,#1338,#1339,#1340,
    #1341,#1342,#1343,#1344),.UNSPECIFIED.,.F.,.F.,(4,1,1,1,1,1,4),(0.,
    0.130904604442,0.299712423795,0.5,0.700287576205,0.869095395558,1.),
  .UNSPECIFIED.);
#1336 = CARTESIAN_POINT('',(640.,376.72105064623,490.3515625));
#1337 = CARTESIAN_POINT('',(645.35081439916,353.71113571905,
    490.09922536553));
#1338 = CARTESIAN_POINT('',(655.34959038288,310.71375857263,
    458.14565184676));
#1339 = CARTESIAN_POINT('',(664.44766893402,271.58961823709,
    362.32959805721));
#1340 = CARTESIAN_POINT('',(667.42696989207,258.77783736165,245.17578125
    ));
#1341 = CARTESIAN_POINT('',(664.44766893402,271.58961823709,
    128.02196444278));
#1342 = CARTESIAN_POINT('',(655.34959038288,310.71375857263,
    32.205910653243));
#1343 = CARTESIAN_POINT('',(645.35081439916,353.71113571905,
    0.252337134459));
#1344 = CARTESIAN_POINT('',(640.,376.72105064623,0.));
#1345 = PCURVE('',#1270,#1346);
#1346 = DEFINITIONAL_REPRESENTATION('',(#1347),#1351);
#1347 = LINE('',#1348,#1349);
#1348 = CARTESIAN_POINT('',(1.,0.));
#1349 = VECTOR('',#1350,1.);
#1350 = DIRECTION('',(0.,1.));
#1351 = ( GEOMETRIC_REPRESENTATION_CONTEXT(2) 
PARAMETRIC_REPRESENTATION_CONTEXT() REPRESENTATION_CONTEXT('2D SPACE',''
  ) );
#1352 = ORIENTED_EDGE('',*,*,#1353,.F.);
#1353 = EDGE_CURVE('',#1256,#1332,#1354,.T.);
#1354 = SURFACE_CURVE('',#1355,(#1360),.PCURVE_S1.);
#1355 = B_SPLINE_CURVE_WITH_KNOTS('',3,(#1356,#1357,#1358,#1359),
  .UNSPECIFIED.,.F.,.F.,(4,4),(0.,1.),.PIECEWISE_BEZIER_KNOTS.);
#1356 = CARTESIAN_POINT('',(1.18E+03,435.,0.));
#1357 = CARTESIAN_POINT('',(996.78336755468,434.80012484462,0.));
#1358 = CARTESIAN_POINT('',(813.81225808896,416.88029188977,0.));
#1359 = CARTESIAN_POINT('',(640.,376.72105064623,0.));
#1360 = PCURVE('',#1270,#1361);
#1361 = DEFINITIONAL_REPRESENTATION('',(#1362),#1366);
#1362 = LINE('',#1363,#1364);
#1363 = CARTESIAN_POINT('',(0.,1.));
#1364 = VECTOR('',#1365,1.);
#1365 = DIRECTION('',(1.,0.));
#1366 = ( GEOMETRIC_REPRESENTATION_CONTEXT(2) 
PARAMETRIC_REPRESENTATION_CONTEXT() REPRESENTATION_CONTEXT('2D SPACE',''
  ) );
#1367 = ( GEOMETRIC_REPRESENTATION_CONTEXT(3) 
GLOBAL_UNCERTAINTY_ASSIGNED_CONTEXT((#1371)) 
GLOBAL_UNIT_ASSIGNED_CONTEXT((#1368,#1369,#1370)) REPRESENTATION_CONTEXT
('Context #1','3D Context with UNIT and UNCERTAINTY') );
#1368 = ( LENGTH_UNIT() NAMED_UNIT(*) SI_UNIT(.MILLI.,.METRE.) );
#1369 = ( NAMED_UNIT(*) PLANE_ANGLE_UNIT() SI_UNIT($,.RADIAN.) );
#1370 = ( NAMED_UNIT(*) SI_UNIT($,.STERADIAN.) SOLID_ANGLE_UNIT() );
#1371 = UNCERTAINTY_MEASURE_WITH_UNIT(LENGTH_MEASURE(1.E-07),#1368,
  'distance_accuracy_value','confusion accuracy');
#1372 = CONTEXT_DEPENDENT_SHAPE_REPRESENTATION(#1373,#1375);
#1373 = ( REPRESENTATION_RELATIONSHIP('','',#1246,#10) 
REPRESENTATION_RELATIONSHIP_WITH_TRANSFORMATION(#1374) 
SHAPE_REPRESENTATION_RELATIONSHIP() );
#1374 = ITEM_DEFINED_TRANSFORMATION('','',#11,#43);
#1375 = PRODUCT_DEFINITION_SHAPE('Placement','Placement of an item',
  #1376);
#1376 = NEXT_ASSEMBLY_USAGE_OCCURRENCE('8','L04','',#5,#1241,$);
#1377 = PRODUCT_RELATED_PRODUCT_CATEGORY('part',$,(#1243));
#1378 = SHAPE_DEFINITION_REPRESENTATION(#1379,#1385);
#1379 = PRODUCT_DEFINITION_SHAPE('','',#1380);
#1380 = PRODUCT_DEFINITION('design','',#1381,#1384);
#1381 = PRODUCT_DEFINITION_FORMATION('','',#1382);
#1382 = PRODUCT('O05','O05','',(#1383));
#1383 = PRODUCT_CONTEXT('',#2,'mechanical');
#1384 = PRODUCT_DEFINITION_CONTEXT('part definition',#2,'design');
#1385 = MANIFOLD_SURFACE_SHAPE_REPRESENTATION('',(#11,#1386),#1538);
#1386 = SHELL_BASED_SURFACE_MODEL('',(#1387));
#1387 = OPEN_SHELL('',(#1388));
#1388 = ADVANCED_FACE('',(#1389),#1412,.T.);
#1389 = FACE_BOUND('',#1390,.T.);
#1390 = EDGE_LOOP('',(#1391,#1479,#1497,#1522));
#1391 = ORIENTED_EDGE('',*,*,#1392,.F.);
#1392 = EDGE_CURVE('',#1393,#1395,#1397,.T.);
#1393 = VERTEX_POINT('',#1394);
#1394 = CARTESIAN_POINT('',(640.,376.72105064623,0.));
#1395 = VERTEX_POINT('',#1396);
#1396 = CARTESIAN_POINT('',(640.,376.72105064623,490.3515625));
#1397 = SURFACE_CURVE('',#1398,(#1411),.PCURVE_S1.);
#1398 = B_SPLINE_CURVE_WITH_KNOTS('',3,(#1399,#1400,#1401,#1402,#1403,
    #1404,#1405,#1406,#1407,#1408,#1409,#1410),.UNSPECIFIED.,.F.,.F.,(4,
    1,1,1,1,1,1,1,1,4),(0.,6.267541046158E-02,0.154300854837,
    0.277330620347,0.422919582815,0.577080417185,0.722669379653,
    0.845699145163,0.937324589538,1.),.UNSPECIFIED.);
#1399 = CARTESIAN_POINT('',(640.,376.72105064623,0.));
#1400 = CARTESIAN_POINT('',(636.19534190248,393.08208517668,
    0.309014222024));
#1401 = CARTESIAN_POINT('',(629.09018346561,423.63614274257,
    16.440695369105));
#1402 = CARTESIAN_POINT('',(621.6264004439,455.7323807267,
    63.205742479199));
#1403 = CARTESIAN_POINT('',(616.35821519766,478.38696847612,
    126.29384615331));
#1404 = CARTESIAN_POINT('',(613.47134637313,490.80126676848,
    204.49914462955));
#1405 = CARTESIAN_POINT('',(613.47134637313,490.80126676848,
    285.85241787044));
#1406 = CARTESIAN_POINT('',(616.35821519766,478.38696847611,
    364.05771634669));
#1407 = CARTESIAN_POINT('',(621.6264004439,455.7323807267,427.1458200208
    ));
#1408 = CARTESIAN_POINT('',(629.09018346561,423.63614274257,
    473.91086713089));
#1409 = CARTESIAN_POINT('',(636.19534190248,393.08208517668,
    490.04254827797));
#1410 = CARTESIAN_POINT('',(640.,376.72105064623,490.3515625));
#1411 = PCURVE('',#1412,#1473);
#1412 = B_SPLINE_SURFACE_WITH_KNOTS('',3,3,(
    (#1413,#1414,#1415,#1416,#1417,#1418,#1419,#1420,#1421,#1422,#1423
      ,#1424)
    ,(#1425,#1426,#1427,#1428,#1429,#1430,#1431,#1432,#1433,#1434,#1435
      ,#1436)
    ,(#1437,#1438,#1439,#1440,#1441,#1442,#1443,#1444,#1445,#1446,#1447
      ,#1448)
    ,(#1449,#1450,#1451,#1452,#1453,#1454,#1455,#1456,#1457,#1458,#1459
      ,#1460)
    ,(#1461,#1462,#1463,#1464,#1465,#1466,#1467,#1468,#1469,#1470,#1471
      ,#1472
    )),.UNSPECIFIED.,.F.,.F.,.F.,(4,1,4),(4,1,1,1,1,1,1,1,1,4),(0.,
    0.534260999239,1.),(0.,6.267541046158E-02,0.154300854837,
    0.277330620347,0.422919582815,0.577080417185,0.722669379653,
    0.845699145163,0.937324589538,1.),.UNSPECIFIED.);
#1413 = CARTESIAN_POINT('',(640.,376.72105064623,0.));
#1414 = CARTESIAN_POINT('',(636.19534190248,393.08208517668,
    0.309014222024));
#1415 = CARTESIAN_POINT('',(629.09018346561,423.63614274257,
    16.440695369105));
#1416 = CARTESIAN_POINT('',(621.6264004439,455.7323807267,
    63.205742479199));
#1417 = CARTESIAN_POINT('',(616.35821519766,478.38696847612,
    126.29384615331));
#1418 = CARTESIAN_POINT('',(613.47134637313,490.80126676848,
    204.49914462955));
#1419 = CARTESIAN_POINT('',(613.47134637313,490.80126676848,
    285.85241787044));
#1420 = CARTESIAN_POINT('',(616.35821519766,478.38696847611,
    364.05771634669));
#1421 = CARTESIAN_POINT('',(621.6264004439,455.7323807267,427.1458200208
    ));
#1422 = CARTESIAN_POINT('',(629.09018346561,423.63614274257,
    473.91086713089));
#1423 = CARTESIAN_POINT('',(636.19534190248,393.08208517668,
    490.04254827797));
#1424 = CARTESIAN_POINT('',(640.,376.72105064623,490.3515625));
#1425 = CARTESIAN_POINT('',(562.302431173,358.62365926411,0.));
#1426 = CARTESIAN_POINT('',(557.85449777562,374.60115344335,
    0.330787262622));
#1427 = CARTESIAN_POINT('',(549.54802957399,404.43895349214,
    17.599101365434));
#1428 = CARTESIAN_POINT('',(540.82230207833,435.78278169643,
    67.65919833654));
#1429 = CARTESIAN_POINT('',(534.66339462862,457.90629370452,
    135.19246907642));
#1430 = CARTESIAN_POINT('',(531.28842638459,470.02957223782,
    218.90808719947));
#1431 = CARTESIAN_POINT('',(531.28842638459,470.02957223782,
    305.99348535524));
#1432 = CARTESIAN_POINT('',(534.66339462862,457.90629370452,
    389.70910347829));
#1433 = CARTESIAN_POINT('',(540.82230207833,435.78278169643,
    457.24237421817));
#1434 = CARTESIAN_POINT('',(549.54802957399,404.43895349215,
    507.30247118928));
#1435 = CARTESIAN_POINT('',(557.85449777562,374.60115344335,
    524.57078529209));
#1436 = CARTESIAN_POINT('',(562.302431173,358.62365926411,
    524.90157255471));
#1437 = CARTESIAN_POINT('',(421.46725652706,316.38214050257,0.));
#1438 = CARTESIAN_POINT('',(415.72844685201,331.4613707735,
    0.379377314855));
#1439 = CARTESIAN_POINT('',(405.01128096347,359.62167254964,
    20.184271204834));
#1440 = CARTESIAN_POINT('',(393.7531786269,389.20333271253,
    77.597803454252));
#1441 = CARTESIAN_POINT('',(385.80683714595,410.0830481566,
    155.05118153641));
#1442 = CARTESIAN_POINT('',(381.45238785874,421.52474900101,
    251.06396680253));
#1443 = CARTESIAN_POINT('',(381.45238785875,421.52474900102,
    350.94152633573));
#1444 = CARTESIAN_POINT('',(385.80683714595,410.0830481566,
    446.95431160185));
#1445 = CARTESIAN_POINT('',(393.7531786269,389.20333271253,
    524.40768968401));
#1446 = CARTESIAN_POINT('',(405.01128096347,359.62167254964,
    581.82122193342));
#1447 = CARTESIAN_POINT('',(415.72844685201,331.4613707735,
    601.6261158234));
#1448 = CARTESIAN_POINT('',(421.46725652706,316.38214050257,
    602.00549313826));
#1449 = CARTESIAN_POINT('',(296.46069964157,253.45786288433,0.));
#1450 = CARTESIAN_POINT('',(288.89565209196,267.03134861464,
    0.439541113436));
#1451 = CARTESIAN_POINT('',(274.76800644161,292.37968851341,
    23.385207000756));
#1452 = CARTESIAN_POINT('',(259.92728435515,319.00745630298,
    89.903701657905));
#1453 = CARTESIAN_POINT('',(249.45221120363,337.80221668138,
    179.64007415201));
#1454 = CARTESIAN_POINT('',(243.7120633724,348.10140041634,
    290.8791095069));
#1455 = CARTESIAN_POINT('',(243.71206337239,348.10140041634,
    406.59581687333));
#1456 = CARTESIAN_POINT('',(249.45221120363,337.80221668138,
    517.83485222822));
#1457 = CARTESIAN_POINT('',(259.92728435515,319.00745630298,
    607.57122472234));
#1458 = CARTESIAN_POINT('',(274.76800644161,292.37968851341,
    674.08971937948));
#1459 = CARTESIAN_POINT('',(288.89565209196,267.03134861464,
    697.0353852668));
#1460 = CARTESIAN_POINT('',(296.46069964157,253.45786288433,
    697.47492638024));
#1461 = CARTESIAN_POINT('',(244.6925639128,217.5,0.));
#1462 = CARTESIAN_POINT('',(235.9891560334,229.97565074161,
    0.467563557545));
#1463 = CARTESIAN_POINT('',(219.73563460285,253.27379550268,
    24.876104293702));
#1464 = CARTESIAN_POINT('',(202.66173563575,277.74788694625,
    95.635409973477));
#1465 = CARTESIAN_POINT('',(190.61041228234,295.02251123305,
    191.0928229025));
#1466 = CARTESIAN_POINT('',(184.00650827041,304.48868828986,
    309.4237765233));
#1467 = CARTESIAN_POINT('',(184.00650827041,304.48868828986,
    432.51787104544));
#1468 = CARTESIAN_POINT('',(190.61041228234,295.02251123305,
    550.84882466623));
#1469 = CARTESIAN_POINT('',(202.66173563575,277.74788694625,
    646.30623759527));
#1470 = CARTESIAN_POINT('',(219.73563460285,253.27379550268,
    717.06554327503));
#1471 = CARTESIAN_POINT('',(235.9891560334,229.97565074161,
    741.4740840112));
#1472 = CARTESIAN_POINT('',(244.6925639128,217.5,741.94164756874));
#1473 = DEFINITIONAL_REPRESENTATION('',(#1474),#1478);
#1474 = LINE('',#1475,#1476);
#1475 = CARTESIAN_POINT('',(0.,0.));
#1476 = VECTOR('',#1477,1.);
#1477 = DIRECTION('',(0.,1.));
#1478 = ( GEOMETRIC_REPRESENTATION_CONTEXT(2) 
PARAMETRIC_REPRESENTATION_CONTEXT() REPRESENTATION_CONTEXT('2D SPACE',''
  ) );
#1479 = ORIENTED_EDGE('',*,*,#1480,.T.);
#1480 = EDGE_CURVE('',#1393,#1481,#1483,.T.);
#1481 = VERTEX_POINT('',#1482);
#1482 = CARTESIAN_POINT('',(244.6925639128,217.5,0.));
#1483 = SURFACE_CURVE('',#1484,(#1490),.PCURVE_S1.);
#1484 = B_SPLINE_CURVE_WITH_KNOTS('',3,(#1485,#1486,#1487,#1488,#1489),
  .UNSPECIFIED.,.F.,.F.,(4,1,4),(0.,0.534260999239,1.),.UNSPECIFIED.);
#1485 = CARTESIAN_POINT('',(640.,376.72105064623,0.));
#1486 = CARTESIAN_POINT('',(562.302431173,358.62365926411,0.));
#1487 = CARTESIAN_POINT('',(421.46725652706,316.38214050257,0.));
#1488 = CARTESIAN_POINT('',(296.46069964157,253.45786288433,0.));
#1489 = CARTESIAN_POINT('',(244.6925639128,217.5,0.));
#1490 = PCURVE('',#1412,#1491);
#1491 = DEFINITIONAL_REPRESENTATION('',(#1492),#1496);
#1492 = LINE('',#1493,#1494);
#1493 = CARTESIAN_POINT('',(0.,0.));
#1494 = VECTOR('',#1495,1.);
#1495 = DIRECTION('',(1.,0.));
#1496 = ( GEOMETRIC_REPRESENTATION_CONTEXT(2) 
PARAMETRIC_REPRESENTATION_CONTEXT() REPRESENTATION_CONTEXT('2D SPACE',''
  ) );
#1497 = ORIENTED_EDGE('',*,*,#1498,.T.);
#1498 = EDGE_CURVE('',#1481,#1499,#1501,.T.);
#1499 = VERTEX_POINT('',#1500);
#1500 = CARTESIAN_POINT('',(244.6925639128,217.5,741.94164756874));
#1501 = SURFACE_CURVE('',#1502,(#1515),.PCURVE_S1.);
#1502 = B_SPLINE_CURVE_WITH_KNOTS('',3,(#1503,#1504,#1505,#1506,#1507,
    #1508,#1509,#1510,#1511,#1512,#1513,#1514),.UNSPECIFIED.,.F.,.F.,(4,
    1,1,1,1,1,1,1,1,4),(0.,6.267541046158E-02,0.154300854837,
    0.277330620347,0.422919582815,0.577080417185,0.722669379653,
    0.845699145163,0.937324589538,1.),.UNSPECIFIED.);
#1503 = CARTESIAN_POINT('',(244.6925639128,217.5,0.));
#1504 = CARTESIAN_POINT('',(235.9891560334,229.97565074161,
    0.467563557545));
#1505 = CARTESIAN_POINT('',(219.73563460285,253.27379550268,
    24.876104293702));
#1506 = CARTESIAN_POINT('',(202.66173563575,277.74788694625,
    95.635409973477));
#1507 = CARTESIAN_POINT('',(190.61041228234,295.02251123305,
    191.0928229025));
#1508 = CARTESIAN_POINT('',(184.00650827041,304.48868828986,
    309.4237765233));
#1509 = CARTESIAN_POINT('',(184.00650827041,304.48868828986,
    432.51787104544));
#1510 = CARTESIAN_POINT('',(190.61041228234,295.02251123305,
    550.84882466623));
#1511 = CARTESIAN_POINT('',(202.66173563575,277.74788694625,
    646.30623759527));
#1512 = CARTESIAN_POINT('',(219.73563460285,253.27379550268,
    717.06554327503));
#1513 = CARTESIAN_POINT('',(235.9891560334,229.97565074161,
    741.4740840112));
#1514 = CARTESIAN_POINT('',(244.6925639128,217.5,741.94164756874));
#1515 = PCURVE('',#1412,#1516);
#1516 = DEFINITIONAL_REPRESENTATION('',(#1517),#1521);
#1517 = LINE('',#1518,#1519);
#1518 = CARTESIAN_POINT('',(1.,0.));
#1519 = VECTOR('',#1520,1.);
#1520 = DIRECTION('',(0.,1.));
#1521 = ( GEOMETRIC_REPRESENTATION_CONTEXT(2) 
PARAMETRIC_REPRESENTATION_CONTEXT() REPRESENTATION_CONTEXT('2D SPACE',''
  ) );
#1522 = ORIENTED_EDGE('',*,*,#1523,.F.);
#1523 = EDGE_CURVE('',#1395,#1499,#1524,.T.);
#1524 = SURFACE_CURVE('',#1525,(#1531),.PCURVE_S1.);
#1525 = B_SPLINE_CURVE_WITH_KNOTS('',3,(#1526,#1527,#1528,#1529,#1530),
  .UNSPECIFIED.,.F.,.F.,(4,1,4),(0.,0.534260999239,1.),.UNSPECIFIED.);
#1526 = CARTESIAN_POINT('',(640.,376.72105064623,490.3515625));
#1527 = CARTESIAN_POINT('',(562.302431173,358.62365926411,
    524.90157255471));
#1528 = CARTESIAN_POINT('',(421.46725652706,316.38214050257,
    602.00549313826));
#1529 = CARTESIAN_POINT('',(296.46069964157,253.45786288433,
    697.47492638024));
#1530 = CARTESIAN_POINT('',(244.6925639128,217.5,741.94164756874));
#1531 = PCURVE('',#1412,#1532);
#1532 = DEFINITIONAL_REPRESENTATION('',(#1533),#1537);
#1533 = LINE('',#1534,#1535);
#1534 = CARTESIAN_POINT('',(0.,1.));
#1535 = VECTOR('',#1536,1.);
#1536 = DIRECTION('',(1.,0.));
#1537 = ( GEOMETRIC_REPRESENTATION_CONTEXT(2) 
PARAMETRIC_REPRESENTATION_CONTEXT() REPRESENTATION_CONTEXT('2D SPACE',''
  ) );
#1538 = ( GEOMETRIC_REPRESENTATION_CONTEXT(3) 
GLOBAL_UNCERTAINTY_ASSIGNED_CONTEXT((#1542)) 
GLOBAL_UNIT_ASSIGNED_CONTEXT((#1539,#1540,#1541)) REPRESENTATION_CONTEXT
('Context #1','3D Context with UNIT and UNCERTAINTY') );
#1539 = ( LENGTH_UNIT() NAMED_UNIT(*) SI_UNIT(.MILLI.,.METRE.) );
#1540 = ( NAMED_UNIT(*) PLANE_ANGLE_UNIT() SI_UNIT($,.RADIAN.) );
#1541 = ( NAMED_UNIT(*) SI_UNIT($,.STERADIAN.) SOLID_ANGLE_UNIT() );
#1542 = UNCERTAINTY_MEASURE_WITH_UNIT(LENGTH_MEASURE(1.E-07),#1539,
  'distance_accuracy_value','confusion accuracy');
#1543 = CONTEXT_DEPENDENT_SHAPE_REPRESENTATION(#1544,#1546);
#1544 = ( REPRESENTATION_RELATIONSHIP('','',#1385,#10) 
REPRESENTATION_RELATIONSHIP_WITH_TRANSFORMATION(#1545) 
SHAPE_REPRESENTATION_RELATIONSHIP() );
#1545 = ITEM_DEFINED_TRANSFORMATION('','',#11,#47);
#1546 = PRODUCT_DEFINITION_SHAPE('Placement','Placement of an item',
  #1547);
#1547 = NEXT_ASSEMBLY_USAGE_OCCURRENCE('9','O05','',#5,#1380,$);
#1548 = PRODUCT_RELATED_PRODUCT_CATEGORY('part',$,(#1382));
#1549 = SHAPE_DEFINITION_REPRESENTATION(#1550,#1556);
#1550 = PRODUCT_DEFINITION_SHAPE('','',#1551);
#1551 = PRODUCT_DEFINITION('design','',#1552,#1555);
#1552 = PRODUCT_DEFINITION_FORMATION('','',#1553);
#1553 = PRODUCT('L05','L05','',(#1554));
#1554 = PRODUCT_CONTEXT('',#2,'mechanical');
#1555 = PRODUCT_DEFINITION_CONTEXT('part definition',#2,'design');
#1556 = MANIFOLD_SURFACE_SHAPE_REPRESENTATION('',(#11,#1557),#1709);
#1557 = SHELL_BASED_SURFACE_MODEL('',(#1558));
#1558 = OPEN_SHELL('',(#1559));
#1559 = ADVANCED_FACE('',(#1560),#1583,.T.);
#1560 = FACE_BOUND('',#1561,.T.);
#1561 = EDGE_LOOP('',(#1562,#1650,#1668,#1693));
#1562 = ORIENTED_EDGE('',*,*,#1563,.F.);
#1563 = EDGE_CURVE('',#1564,#1566,#1568,.T.);
#1564 = VERTEX_POINT('',#1565);
#1565 = CARTESIAN_POINT('',(640.,376.72105064623,490.3515625));
#1566 = VERTEX_POINT('',#1567);
#1567 = CARTESIAN_POINT('',(640.,376.72105064623,0.));
#1568 = SURFACE_CURVE('',#1569,(#1582),.PCURVE_S1.);
#1569 = B_SPLINE_CURVE_WITH_KNOTS('',3,(#1570,#1571,#1572,#1573,#1574,
    #1575,#1576,#1577,#1578,#1579,#1580,#1581),.UNSPECIFIED.,.F.,.F.,(4,
    1,1,1,1,1,1,1,1,4),(0.,6.267541046158E-02,0.154300854837,
    0.277330620347,0.422919582815,0.577080417185,0.722669379653,
    0.845699145163,0.937324589538,1.),.UNSPECIFIED.);
#1570 = CARTESIAN_POINT('',(640.,376.72105064623,490.3515625));
#1571 = CARTESIAN_POINT('',(643.80465809751,360.36001611577,
    490.04254827797));
#1572 = CARTESIAN_POINT('',(650.90981653438,329.80595854988,
    473.91086713089));
#1573 = CARTESIAN_POINT('',(658.37359955609,297.70972056575,
    427.14582002079));
#1574 = CARTESIAN_POINT('',(663.64178480234,275.05513281634,
    364.05771634669));
#1575 = CARTESIAN_POINT('',(666.52865362686,262.64083452397,
    285.85241787044));
#1576 = CARTESIAN_POINT('',(666.52865362686,262.64083452397,
    204.49914462955));
#1577 = CARTESIAN_POINT('',(663.64178480233,275.05513281634,
    126.2938461533));
#1578 = CARTESIAN_POINT('',(658.37359955609,297.70972056575,
    63.205742479199));
#1579 = CARTESIAN_POINT('',(650.90981653438,329.80595854988,
    16.440695369107));
#1580 = CARTESIAN_POINT('',(643.80465809751,360.36001611578,
    0.309014222022));
#1581 = CARTESIAN_POINT('',(640.,376.72105064623,0.));
#1582 = PCURVE('',#1583,#1644);
#1583 = B_SPLINE_SURFACE_WITH_KNOTS('',3,3,(
    (#1584,#1585,#1586,#1587,#1588,#1589,#1590,#1591,#1592,#1593,#1594
      ,#1595)
    ,(#1596,#1597,#1598,#1599,#1600,#1601,#1602,#1603,#1604,#1605,#1606
      ,#1607)
    ,(#1608,#1609,#1610,#1611,#1612,#1613,#1614,#1615,#1616,#1617,#1618
      ,#1619)
    ,(#1620,#1621,#1622,#1623,#1624,#1625,#1626,#1627,#1628,#1629,#1630
      ,#1631)
    ,(#1632,#1633,#1634,#1635,#1636,#1637,#1638,#1639,#1640,#1641,#1642
      ,#1643
    )),.UNSPECIFIED.,.F.,.F.,.F.,(4,1,4),(4,1,1,1,1,1,1,1,1,4),(0.,
    0.544453764644,1.),(0.,6.267541046158E-02,0.154300854837,
    0.277330620347,0.422919582815,0.577080417185,0.722669379653,
    0.845699145163,0.937324589538,1.),.UNSPECIFIED.);
#1584 = CARTESIAN_POINT('',(640.,376.72105064623,490.3515625));
#1585 = CARTESIAN_POINT('',(643.80465809751,360.36001611577,
    490.04254827797));
#1586 = CARTESIAN_POINT('',(650.90981653438,329.80595854988,
    473.91086713089));
#1587 = CARTESIAN_POINT('',(658.37359955609,297.70972056575,
    427.14582002079));
#1588 = CARTESIAN_POINT('',(663.64178480234,275.05513281634,
    364.05771634669));
#1589 = CARTESIAN_POINT('',(666.52865362686,262.64083452397,
    285.85241787044));
#1590 = CARTESIAN_POINT('',(666.52865362686,262.64083452397,
    204.49914462955));
#1591 = CARTESIAN_POINT('',(663.64178480233,275.05513281634,
    126.2938461533));
#1592 = CARTESIAN_POINT('',(658.37359955609,297.70972056575,
    63.205742479199));
#1593 = CARTESIAN_POINT('',(650.90981653438,329.80595854988,
    16.440695369107));
#1594 = CARTESIAN_POINT('',(643.80465809751,360.36001611578,
    0.309014222022));
#1595 = CARTESIAN_POINT('',(640.,376.72105064623,0.));
#1596 = CARTESIAN_POINT('',(562.8065324437,358.70835490261,
    524.73637999812));
#1597 = CARTESIAN_POINT('',(567.25066950946,342.72843794216,
    524.40569683805));
#1598 = CARTESIAN_POINT('',(575.55004810225,312.88611337528,
    507.14281727212));
#1599 = CARTESIAN_POINT('',(584.26832814935,281.53753228314,
    457.09847478877));
#1600 = CARTESIAN_POINT('',(590.4219789432,259.41066552939,
    389.58645754524));
#1601 = CARTESIAN_POINT('',(593.79406663631,247.28554865705,
    305.89718568918));
#1602 = CARTESIAN_POINT('',(593.7940666363,247.28554865705,
    218.83919430893));
#1603 = CARTESIAN_POINT('',(590.42197894321,259.41066552939,
    135.14992245288));
#1604 = CARTESIAN_POINT('',(584.26832814934,281.53753228314,
    67.637905209344));
#1605 = CARTESIAN_POINT('',(575.55004810225,312.88611337528,
    17.593562726003));
#1606 = CARTESIAN_POINT('',(567.25066950946,342.72843794216,
    0.330683160068));
#1607 = CARTESIAN_POINT('',(562.8065324437,358.70835490261,0.));
#1608 = CARTESIAN_POINT('',(425.85473362123,317.92780632739,
    599.27976528438));
#1609 = CARTESIAN_POINT('',(431.54893220943,302.81671321992,
    598.90210569358));
#1610 = CARTESIAN_POINT('',(442.18278736889,274.59690793623,
    579.18688332908));
#1611 = CARTESIAN_POINT('',(453.35337396449,244.95274089565,
    522.03330496019));
#1612 = CARTESIAN_POINT('',(461.23794393707,224.02890602717,
    444.93061608673));
#1613 = CARTESIAN_POINT('',(465.55854357142,212.56302854792,
    349.35255230755));
#1614 = CARTESIAN_POINT('',(465.55854357143,212.56302854792,
    249.92721297682));
#1615 = CARTESIAN_POINT('',(461.23794393707,224.02890602717,
    154.34914919765));
#1616 = CARTESIAN_POINT('',(453.35337396449,244.95274089565,
    77.246460324188));
#1617 = CARTESIAN_POINT('',(442.18278736889,274.59690793623,
    20.092881955303));
#1618 = CARTESIAN_POINT('',(431.54893220943,302.81671321992,
    0.377659590802));
#1619 = CARTESIAN_POINT('',(425.85473362123,317.92780632739,0.));
#1620 = CARTESIAN_POINT('',(298.19185627872,254.5802788866,
    695.97805775456));
#1621 = CARTESIAN_POINT('',(305.72293523036,240.97581216112,
    695.53945995145));
#1622 = CARTESIAN_POINT('',(319.78714488612,215.56961558414,
    672.64303833953));
#1623 = CARTESIAN_POINT('',(334.56122912016,188.88107086802,
    606.2673007105));
#1624 = CARTESIAN_POINT('',(344.98926706849,170.04341212202,
    516.7235137209));
#1625 = CARTESIAN_POINT('',(350.70364047165,159.72072086895,
    405.7232112805));
#1626 = CARTESIAN_POINT('',(350.70364047165,159.72072086895,
    290.25484647405));
#1627 = CARTESIAN_POINT('',(344.98926706849,170.04341212202,
    179.25454403366));
#1628 = CARTESIAN_POINT('',(334.56122912016,188.88107086803,
    89.71075704405));
#1629 = CARTESIAN_POINT('',(319.78714488612,215.56961558414,
    23.335019415026));
#1630 = CARTESIAN_POINT('',(305.72293523036,240.97581216113,
    0.438597803104));
#1631 = CARTESIAN_POINT('',(298.19185627872,254.5802788866,0.));
#1632 = CARTESIAN_POINT('',(244.6925639128,217.5,741.94164756874));
#1633 = CARTESIAN_POINT('',(253.3959717922,205.02434925838,
    741.4740840112));
#1634 = CARTESIAN_POINT('',(269.64949322275,181.72620449731,
    717.06554327504));
#1635 = CARTESIAN_POINT('',(286.72339218985,157.25211305374,
    646.30623759526));
#1636 = CARTESIAN_POINT('',(298.77471554327,139.97748876694,
    550.84882466624));
#1637 = CARTESIAN_POINT('',(305.3786195552,130.51131171013,
    432.51787104543));
#1638 = CARTESIAN_POINT('',(305.3786195552,130.51131171013,
    309.4237765233));
#1639 = CARTESIAN_POINT('',(298.77471554327,139.97748876694,
    191.0928229025));
#1640 = CARTESIAN_POINT('',(286.72339218985,157.25211305374,
    95.635409973478));
#1641 = CARTESIAN_POINT('',(269.64949322275,181.72620449731,
    24.876104293705));
#1642 = CARTESIAN_POINT('',(253.3959717922,205.02434925838,
    0.467563557543));
#1643 = CARTESIAN_POINT('',(244.6925639128,217.5,0.));
#1644 = DEFINITIONAL_REPRESENTATION('',(#1645),#1649);
#1645 = LINE('',#1646,#1647);
#1646 = CARTESIAN_POINT('',(0.,0.));
#1647 = VECTOR('',#1648,1.);
#1648 = DIRECTION('',(0.,1.));
#1649 = ( GEOMETRIC_REPRESENTATION_CONTEXT(2) 
PARAMETRIC_REPRESENTATION_CONTEXT() REPRESENTATION_CONTEXT('2D SPACE',''
  ) );
#1650 = ORIENTED_EDGE('',*,*,#1651,.T.);
#1651 = EDGE_CURVE('',#1564,#1652,#1654,.T.);
#1652 = VERTEX_POINT('',#1653);
#1653 = CARTESIAN_POINT('',(244.6925639128,217.5,741.94164756874));
#1654 = SURFACE_CURVE('',#1655,(#1661),.PCURVE_S1.);
#1655 = B_SPLINE_CURVE_WITH_KNOTS('',3,(#1656,#1657,#1658,#1659,#1660),
  .UNSPECIFIED.,.F.,.F.,(4,1,4),(0.,0.544453764644,1.),.UNSPECIFIED.);
#1656 = CARTESIAN_POINT('',(640.,376.72105064623,490.3515625));
#1657 = CARTESIAN_POINT('',(562.8065324437,358.70835490261,
    524.73637999812));
#1658 = CARTESIAN_POINT('',(425.85473362123,317.92780632739,
    599.27976528438));
#1659 = CARTESIAN_POINT('',(298.19185627872,254.5802788866,
    695.97805775456));
#1660 = CARTESIAN_POINT('',(244.6925639128,217.5,741.94164756874));
#1661 = PCURVE('',#1583,#1662);
#1662 = DEFINITIONAL_REPRESENTATION('',(#1663),#1667);
#1663 = LINE('',#1664,#1665);
#1664 = CARTESIAN_POINT('',(0.,0.));
#1665 = VECTOR('',#1666,1.);
#1666 = DIRECTION('',(1.,0.));
#1667 = ( GEOMETRIC_REPRESENTATION_CONTEXT(2) 
PARAMETRIC_REPRESENTATION_CONTEXT() REPRESENTATION_CONTEXT('2D SPACE',''
  ) );
#1668 = ORIENTED_EDGE('',*,*,#1669,.T.);
#1669 = EDGE_CURVE('',#1652,#1670,#1672,.T.);
#1670 = VERTEX_POINT('',#1671);
#1671 = CARTESIAN_POINT('',(244.6925639128,217.5,0.));
#1672 = SURFACE_CURVE('',#1673,(#1686),.PCURVE_S1.);
#1673 = B_SPLINE_CURVE_WITH_KNOTS('',3,(#1674,#1675,#1676,#1677,#1678,
    #1679,#1680,#1681,#1682,#1683,#1684,#1685),.UNSPECIFIED.,.F.,.F.,(4,
    1,1,1,1,1,1,1,1,4),(0.,6.267541046158E-02,0.154300854837,
    0.277330620347,0.422919582815,0.577080417185,0.722669379653,
    0.845699145163,0.937324589538,1.),.UNSPECIFIED.);
#1674 = CARTESIAN_POINT('',(244.6925639128,217.5,741.94164756874));
#1675 = CARTESIAN_POINT('',(253.3959717922,205.02434925838,
    741.4740840112));
#1676 = CARTESIAN_POINT('',(269.64949322275,181.72620449731,
    717.06554327504));
#1677 = CARTESIAN_POINT('',(286.72339218985,157.25211305374,
    646.30623759526));
#1678 = CARTESIAN_POINT('',(298.77471554327,139.97748876694,
    550.84882466624));
#1679 = CARTESIAN_POINT('',(305.3786195552,130.51131171013,
    432.51787104543));
#1680 = CARTESIAN_POINT('',(305.3786195552,130.51131171013,
    309.4237765233));
#1681 = CARTESIAN_POINT('',(298.77471554327,139.97748876694,
    191.0928229025));
#1682 = CARTESIAN_POINT('',(286.72339218985,157.25211305374,
    95.635409973478));
#1683 = CARTESIAN_POINT('',(269.64949322275,181.72620449731,
    24.876104293705));
#1684 = CARTESIAN_POINT('',(253.3959717922,205.02434925838,
    0.467563557543));
#1685 = CARTESIAN_POINT('',(244.6925639128,217.5,0.));
#1686 = PCURVE('',#1583,#1687);
#1687 = DEFINITIONAL_REPRESENTATION('',(#1688),#1692);
#1688 = LINE('',#1689,#1690);
#1689 = CARTESIAN_POINT('',(1.,0.));
#1690 = VECTOR('',#1691,1.);
#1691 = DIRECTION('',(0.,1.));
#1692 = ( GEOMETRIC_REPRESENTATION_CONTEXT(2) 
PARAMETRIC_REPRESENTATION_CONTEXT() REPRESENTATION_CONTEXT('2D SPACE',''
  ) );
#1693 = ORIENTED_EDGE('',*,*,#1694,.F.);
#1694 = EDGE_CURVE('',#1566,#1670,#1695,.T.);
#1695 = SURFACE_CURVE('',#1696,(#1702),.PCURVE_S1.);
#1696 = B_SPLINE_CURVE_WITH_KNOTS('',3,(#1697,#1698,#1699,#1700,#1701),
  .UNSPECIFIED.,.F.,.F.,(4,1,4),(0.,0.544453764644,1.),.UNSPECIFIED.);
#1697 = CARTESIAN_POINT('',(640.,376.72105064623,0.));
#1698 = CARTESIAN_POINT('',(562.8065324437,358.70835490261,0.));
#1699 = CARTESIAN_POINT('',(425.85473362123,317.92780632739,0.));
#1700 = CARTESIAN_POINT('',(298.19185627872,254.5802788866,0.));
#1701 = CARTESIAN_POINT('',(244.6925639128,217.5,0.));
#1702 = PCURVE('',#1583,#1703);
#1703 = DEFINITIONAL_REPRESENTATION('',(#1704),#1708);
#1704 = LINE('',#1705,#1706);
#1705 = CARTESIAN_POINT('',(0.,1.));
#1706 = VECTOR('',#1707,1.);
#1707 = DIRECTION('',(1.,0.));
#1708 = ( GEOMETRIC_REPRESENTATION_CONTEXT(2) 
PARAMETRIC_REPRESENTATION_CONTEXT() REPRESENTATION_CONTEXT('2D SPACE',''
  ) );
#1709 = ( GEOMETRIC_REPRESENTATION_CONTEXT(3) 
GLOBAL_UNCERTAINTY_ASSIGNED_CONTEXT((#1713)) 
GLOBAL_UNIT_ASSIGNED_CONTEXT((#1710,#1711,#1712)) REPRESENTATION_CONTEXT
('Context #1','3D Context with UNIT and UNCERTAINTY') );
#1710 = ( LENGTH_UNIT() NAMED_UNIT(*) SI_UNIT(.MILLI.,.METRE.) );
#1711 = ( NAMED_UNIT(*) PLANE_ANGLE_UNIT() SI_UNIT($,.RADIAN.) );
#1712 = ( NAMED_UNIT(*) SI_UNIT($,.STERADIAN.) SOLID_ANGLE_UNIT() );
#1713 = UNCERTAINTY_MEASURE_WITH_UNIT(LENGTH_MEASURE(1.E-07),#1710,
  'distance_accuracy_value','confusion accuracy');
#1714 = CONTEXT_DEPENDENT_SHAPE_REPRESENTATION(#1715,#1717);
#1715 = ( REPRESENTATION_RELATIONSHIP('','',#1556,#10) 
REPRESENTATION_RELATIONSHIP_WITH_TRANSFORMATION(#1716) 
SHAPE_REPRESENTATION_RELATIONSHIP() );
#1716 = ITEM_DEFINED_TRANSFORMATION('','',#11,#51);
#1717 = PRODUCT_DEFINITION_SHAPE('Placement','Placement of an item',
  #1718);
#1718 = NEXT_ASSEMBLY_USAGE_OCCURRENCE('10','L05','',#5,#1551,$);
#1719 = PRODUCT_RELATED_PRODUCT_CATEGORY('part',$,(#1553));
#1720 = SHAPE_DEFINITION_REPRESENTATION(#1721,#1727);
#1721 = PRODUCT_DEFINITION_SHAPE('','',#1722);
#1722 = PRODUCT_DEFINITION('design','',#1723,#1726);
#1723 = PRODUCT_DEFINITION_FORMATION('','',#1724);
#1724 = PRODUCT('O06','O06','',(#1725));
#1725 = PRODUCT_CONTEXT('',#2,'mechanical');
#1726 = PRODUCT_DEFINITION_CONTEXT('part definition',#2,'design');
#1727 = MANIFOLD_SURFACE_SHAPE_REPRESENTATION('',(#11,#1728),#1886);
#1728 = SHELL_BASED_SURFACE_MODEL('',(#1729));
#1729 = OPEN_SHELL('',(#1730));
#1730 = ADVANCED_FACE('',(#1731),#1753,.T.);
#1731 = FACE_BOUND('',#1732,.T.);
#1732 = EDGE_LOOP('',(#1733,#1826,#1845,#1869));
#1733 = ORIENTED_EDGE('',*,*,#1734,.F.);
#1734 = EDGE_CURVE('',#1735,#1737,#1739,.T.);
#1735 = VERTEX_POINT('',#1736);
#1736 = CARTESIAN_POINT('',(244.6925639128,217.5,0.));
#1737 = VERTEX_POINT('',#1738);
#1738 = CARTESIAN_POINT('',(244.6925639128,217.5,741.94164756874));
#1739 = SURFACE_CURVE('',#1740,(#1752),.PCURVE_S1.);
#1740 = B_SPLINE_CURVE_WITH_KNOTS('',3,(#1741,#1742,#1743,#1744,#1745,
    #1746,#1747,#1748,#1749,#1750,#1751),.UNSPECIFIED.,.F.,.F.,(4,1,1,1,
    1,1,1,1,4),(0.,5.840943650496E-02,0.166736580063,0.32066222043,0.5,
    0.67933777957,0.833263419937,0.941590563495,1.),.UNSPECIFIED.);
#1741 = CARTESIAN_POINT('',(244.6925639128,217.5,0.));
#1742 = CARTESIAN_POINT('',(232.73316665466,234.64285545848,
    2.556213154242));
#1743 = CARTESIAN_POINT('',(215.42968266362,259.44603897885,
    37.660775431555));
#1744 = CARTESIAN_POINT('',(198.34400260535,283.93701769011,
    120.46183696846));
#1745 = CARTESIAN_POINT('',(187.05232497156,300.1227495779,
    235.1940380101));
#1746 = CARTESIAN_POINT('',(182.85804695046,306.13491727469,
    370.97082378436));
#1747 = CARTESIAN_POINT('',(187.05232497156,300.1227495779,
    506.74760955864));
#1748 = CARTESIAN_POINT('',(198.34400260535,283.93701769011,
    621.47981060027));
#1749 = CARTESIAN_POINT('',(215.42968266362,259.44603897884,
    704.28087213719));
#1750 = CARTESIAN_POINT('',(232.73316665466,234.64285545848,
    739.3854344145));
#1751 = CARTESIAN_POINT('',(244.6925639128,217.5,741.94164756874));
#1752 = PCURVE('',#1753,#1820);
#1753 = B_SPLINE_SURFACE_WITH_KNOTS('',3,3,(
    (#1754,#1755,#1756,#1757,#1758,#1759,#1760,#1761,#1762,#1763,#1764)
    ,(#1765,#1766,#1767,#1768,#1769,#1770,#1771,#1772,#1773,#1774,#1775)
    ,(#1776,#1777,#1778,#1779,#1780,#1781,#1782,#1783,#1784,#1785,#1786)
    ,(#1787,#1788,#1789,#1790,#1791,#1792,#1793,#1794,#1795,#1796,#1797)
    ,(#1798,#1799,#1800,#1801,#1802,#1803,#1804,#1805,#1806,#1807,#1808)
    ,(#1809,#1810,#1811,#1812,#1813,#1814,#1815,#1816,#1817,#1818,#1819
    )),.UNSPECIFIED.,.F.,.F.,.F.,(4,1,1,4),(4,1,1,1,1,1,1,1,4),(0.,
    0.373283239798,0.700111449938,1.),(0.,5.840943650496E-02,
    0.166736580063,0.32066222043,0.5,0.67933777957,0.833263419937,
    0.941590563495,1.),.UNSPECIFIED.);
#1754 = CARTESIAN_POINT('',(244.6925639128,217.5,0.));
#1755 = CARTESIAN_POINT('',(232.73316665466,234.64285545848,
    2.556213154242));
#1756 = CARTESIAN_POINT('',(215.42968266362,259.44603897885,
    37.660775431555));
#1757 = CARTESIAN_POINT('',(198.34400260535,283.93701769011,
    120.46183696846));
#1758 = CARTESIAN_POINT('',(187.05232497156,300.1227495779,
    235.1940380101));
#1759 = CARTESIAN_POINT('',(182.85804695046,306.13491727469,
    370.97082378436));
#1760 = CARTESIAN_POINT('',(187.05232497156,300.1227495779,
    506.74760955864));
#1761 = CARTESIAN_POINT('',(198.34400260535,283.93701769011,
    621.47981060027));
#1762 = CARTESIAN_POINT('',(215.42968266362,259.44603897884,
    704.28087213719));
#1763 = CARTESIAN_POINT('',(232.73316665466,234.64285545848,
    739.3854344145));
#1764 = CARTESIAN_POINT('',(244.6925639128,217.5,741.94164756874));
#1765 = CARTESIAN_POINT('',(215.41946864458,197.03019691294,0.));
#1766 = CARTESIAN_POINT('',(202.55715510736,213.2875435693,
    2.642619178794));
#1767 = CARTESIAN_POINT('',(183.94728442782,236.80952645299,
    38.933798333113));
#1768 = CARTESIAN_POINT('',(165.57166154628,260.03543136871,
    124.53373074833));
#1769 = CARTESIAN_POINT('',(153.42747944812,275.38509437112,
    243.14415038208));
#1770 = CARTESIAN_POINT('',(148.91653982422,281.08670543816,
    383.51051127289));
#1771 = CARTESIAN_POINT('',(153.42747944812,275.38509437112,
    523.87687216372));
#1772 = CARTESIAN_POINT('',(165.57166154628,260.03543136871,
    642.48729179747));
#1773 = CARTESIAN_POINT('',(183.94728442782,236.80952645299,
    728.08722421269));
#1774 = CARTESIAN_POINT('',(202.55715510735,213.28754356931,
    764.378403367));
#1775 = CARTESIAN_POINT('',(215.41946864458,197.03019691294,
    767.0210225458));
#1776 = CARTESIAN_POINT('',(164.54560105322,154.59797092614,0.));
#1777 = CARTESIAN_POINT('',(149.78545922877,168.8882282866,
    2.803970762042));
#1778 = CARTESIAN_POINT('',(128.42971092039,189.56412307689,
    41.310996702555));
#1779 = CARTESIAN_POINT('',(107.34277356196,209.97976442913,
    132.13744254502));
#1780 = CARTESIAN_POINT('',(93.406723131232,223.47216508573,
    257.98991171475));
#1781 = CARTESIAN_POINT('',(88.230196496456,228.48389862623,
    406.92668439481));
#1782 = CARTESIAN_POINT('',(93.406723131232,223.47216508573,
    555.86345707488));
#1783 = CARTESIAN_POINT('',(107.34277356196,209.97976442913,
    681.71592624461));
#1784 = CARTESIAN_POINT('',(128.4297109204,189.56412307689,
    772.54237208708));
#1785 = CARTESIAN_POINT('',(149.78545922877,168.88822828661,
    811.04939802758));
#1786 = CARTESIAN_POINT('',(164.54560105322,154.59797092614,
    813.85336878963));
#1787 = CARTESIAN_POINT('',(112.30983369952,79.455688534564,0.));
#1788 = CARTESIAN_POINT('',(93.927870187199,88.283730427035,
    2.98651967585));
#1789 = CARTESIAN_POINT('',(67.331880063801,101.05660503445,
    44.000496064847));
#1790 = CARTESIAN_POINT('',(41.070661322164,113.66870379327,
    140.74008096642));
#1791 = CARTESIAN_POINT('',(23.715003526292,122.00385656358,
    274.78601344114));
#1792 = CARTESIAN_POINT('',(17.268268470982,125.09993751814,
    433.41912334658));
#1793 = CARTESIAN_POINT('',(23.715003526292,122.00385656358,
    592.05223325204));
#1794 = CARTESIAN_POINT('',(41.070661322163,113.66870379327,
    726.09816572675));
#1795 = CARTESIAN_POINT('',(67.331880063802,101.05660503445,
    822.83775062833));
#1796 = CARTESIAN_POINT('',(93.927870187197,88.283730427036,
    863.85172701732));
#1797 = CARTESIAN_POINT('',(112.30983369952,79.455688534564,
    866.83824669317));
#1798 = CARTESIAN_POINT('',(99.922401404684,25.707947519491,0.));
#1799 = CARTESIAN_POINT('',(80.072591156228,28.642500016656,
    3.032255221034));
#1800 = CARTESIAN_POINT('',(51.352843292223,32.888364675177,
    44.67431940918));
#1801 = CARTESIAN_POINT('',(22.994599159856,37.08078541332,142.895373759
    ));
#1802 = CARTESIAN_POINT('',(4.253047760614,39.851495348126,
    278.9940848747));
#1803 = CARTESIAN_POINT('',(-2.708475554575,40.880671716713,
    440.05650131525));
#1804 = CARTESIAN_POINT('',(4.253047760615,39.851495348126,
    601.11891775582));
#1805 = CARTESIAN_POINT('',(22.994599159856,37.08078541332,
    737.21762887151));
#1806 = CARTESIAN_POINT('',(51.352843292224,32.888364675176,
    835.43868322133));
#1807 = CARTESIAN_POINT('',(80.072591156226,28.642500016656,
    877.08074740947));
#1808 = CARTESIAN_POINT('',(99.922401404684,25.707947519491,
    880.11300263051));
#1809 = CARTESIAN_POINT('',(100.,5.327213576291E-14,0.));
#1810 = CARTESIAN_POINT('',(80.187426678176,5.929615343223E-14,
    3.031865892828));
#1811 = CARTESIAN_POINT('',(51.521555155089,6.801201854257E-14,
    44.668583423466));
#1812 = CARTESIAN_POINT('',(23.216509206632,7.661817455042E-14,
    142.8770266228));
#1813 = CARTESIAN_POINT('',(4.510115713974,8.230585797743E-14,
    278.95826326384));
#1814 = CARTESIAN_POINT('',(-2.438348245498,8.441854011047E-14,
    439.99999999999));
#1815 = CARTESIAN_POINT('',(4.510115713974,8.230585797743E-14,
    601.04173673616));
#1816 = CARTESIAN_POINT('',(23.216509206632,7.661817455042E-14,
    737.12297337719));
#1817 = CARTESIAN_POINT('',(51.52155515509,6.801201854257E-14,
    835.33141657653));
#1818 = CARTESIAN_POINT('',(80.187426678174,5.929615343223E-14,
    876.96813410716));
#1819 = CARTESIAN_POINT('',(100.,5.327213576291E-14,880.));
#1820 = DEFINITIONAL_REPRESENTATION('',(#1821),#1825);
#1821 = LINE('',#1822,#1823);
#1822 = CARTESIAN_POINT('',(0.,0.));
#1823 = VECTOR('',#1824,1.);
#1824 = DIRECTION('',(0.,1.));
#1825 = ( GEOMETRIC_REPRESENTATION_CONTEXT(2) 
PARAMETRIC_REPRESENTATION_CONTEXT() REPRESENTATION_CONTEXT('2D SPACE',''
  ) );
#1826 = ORIENTED_EDGE('',*,*,#1827,.T.);
#1827 = EDGE_CURVE('',#1735,#1828,#1830,.T.);
#1828 = VERTEX_POINT('',#1829);
#1829 = CARTESIAN_POINT('',(100.,5.327213576291E-14,0.));
#1830 = SURFACE_CURVE('',#1831,(#1838),.PCURVE_S1.);
#1831 = B_SPLINE_CURVE_WITH_KNOTS('',3,(#1832,#1833,#1834,#1835,#1836,
    #1837),.UNSPECIFIED.,.F.,.F.,(4,1,1,4),(0.,0.373283239798,
    0.700111449938,1.),.UNSPECIFIED.);
#1832 = CARTESIAN_POINT('',(244.6925639128,217.5,0.));
#1833 = CARTESIAN_POINT('',(215.41946864458,197.03019691294,0.));
#1834 = CARTESIAN_POINT('',(164.54560105322,154.59797092614,0.));
#1835 = CARTESIAN_POINT('',(112.30983369952,79.455688534564,0.));
#1836 = CARTESIAN_POINT('',(99.922401404684,25.707947519491,0.));
#1837 = CARTESIAN_POINT('',(100.,5.327213576291E-14,0.));
#1838 = PCURVE('',#1753,#1839);
#1839 = DEFINITIONAL_REPRESENTATION('',(#1840),#1844);
#1840 = LINE('',#1841,#1842);
#1841 = CARTESIAN_POINT('',(0.,0.));
#1842 = VECTOR('',#1843,1.);
#1843 = DIRECTION('',(1.,0.));
#1844 = ( GEOMETRIC_REPRESENTATION_CONTEXT(2) 
PARAMETRIC_REPRESENTATION_CONTEXT() REPRESENTATION_CONTEXT('2D SPACE',''
  ) );
#1845 = ORIENTED_EDGE('',*,*,#1846,.T.);
#1846 = EDGE_CURVE('',#1828,#1847,#1849,.T.);
#1847 = VERTEX_POINT('',#1848);
#1848 = CARTESIAN_POINT('',(100.,5.327213576291E-14,880.));
#1849 = SURFACE_CURVE('',#1850,(#1862),.PCURVE_S1.);
#1850 = B_SPLINE_CURVE_WITH_KNOTS('',3,(#1851,#1852,#1853,#1854,#1855,
    #1856,#1857,#1858,#1859,#1860,#1861),.UNSPECIFIED.,.F.,.F.,(4,1,1,1,
    1,1,1,1,4),(0.,5.840943650496E-02,0.166736580063,0.32066222043,0.5,
    0.67933777957,0.833263419937,0.941590563495,1.),.UNSPECIFIED.);
#1851 = CARTESIAN_POINT('',(100.,5.327213576291E-14,0.));
#1852 = CARTESIAN_POINT('',(80.187426678176,5.929615343223E-14,
    3.031865892828));
#1853 = CARTESIAN_POINT('',(51.521555155089,6.801201854257E-14,
    44.668583423466));
#1854 = CARTESIAN_POINT('',(23.216509206632,7.661817455042E-14,
    142.8770266228));
#1855 = CARTESIAN_POINT('',(4.510115713974,8.230585797743E-14,
    278.95826326384));
#1856 = CARTESIAN_POINT('',(-2.438348245498,8.441854011047E-14,
    439.99999999999));
#1857 = CARTESIAN_POINT('',(4.510115713974,8.230585797743E-14,
    601.04173673616));
#1858 = CARTESIAN_POINT('',(23.216509206632,7.661817455042E-14,
    737.12297337719));
#1859 = CARTESIAN_POINT('',(51.52155515509,6.801201854257E-14,
    835.33141657653));
#1860 = CARTESIAN_POINT('',(80.187426678174,5.929615343223E-14,
    876.96813410716));
#1861 = CARTESIAN_POINT('',(100.,5.327213576291E-14,880.));
#1862 = PCURVE('',#1753,#1863);
#1863 = DEFINITIONAL_REPRESENTATION('',(#1864),#1868);
#1864 = LINE('',#1865,#1866);
#1865 = CARTESIAN_POINT('',(1.,0.));
#1866 = VECTOR('',#1867,1.);
#1867 = DIRECTION('',(0.,1.));
#1868 = ( GEOMETRIC_REPRESENTATION_CONTEXT(2) 
PARAMETRIC_REPRESENTATION_CONTEXT() REPRESENTATION_CONTEXT('2D SPACE',''
  ) );
#1869 = ORIENTED_EDGE('',*,*,#1870,.F.);
#1870 = EDGE_CURVE('',#1737,#1847,#1871,.T.);
#1871 = SURFACE_CURVE('',#1872,(#1879),.PCURVE_S1.);
#1872 = B_SPLINE_CURVE_WITH_KNOTS('',3,(#1873,#1874,#1875,#1876,#1877,
    #1878),.UNSPECIFIED.,.F.,.F.,(4,1,1,4),(0.,0.373283239798,
    0.700111449938,1.),.UNSPECIFIED.);
#1873 = CARTESIAN_POINT('',(244.6925639128,217.5,741.94164756874));
#1874 = CARTESIAN_POINT('',(215.41946864458,197.03019691294,
    767.0210225458));
#1875 = CARTESIAN_POINT('',(164.54560105322,154.59797092614,
    813.85336878963));
#1876 = CARTESIAN_POINT('',(112.30983369952,79.455688534564,
    866.83824669317));
#1877 = CARTESIAN_POINT('',(99.922401404684,25.707947519491,
    880.11300263051));
#1878 = CARTESIAN_POINT('',(100.,5.327213576291E-14,880.));
#1879 = PCURVE('',#1753,#1880);
#1880 = DEFINITIONAL_REPRESENTATION('',(#1881),#1885);
#1881 = LINE('',#1882,#1883);
#1882 = CARTESIAN_POINT('',(0.,1.));
#1883 = VECTOR('',#1884,1.);
#1884 = DIRECTION('',(1.,0.));
#1885 = ( GEOMETRIC_REPRESENTATION_CONTEXT(2) 
PARAMETRIC_REPRESENTATION_CONTEXT() REPRESENTATION_CONTEXT('2D SPACE',''
  ) );
#1886 = ( GEOMETRIC_REPRESENTATION_CONTEXT(3) 
GLOBAL_UNCERTAINTY_ASSIGNED_CONTEXT((#1890)) 
GLOBAL_UNIT_ASSIGNED_CONTEXT((#1887,#1888,#1889)) REPRESENTATION_CONTEXT
('Context #1','3D Context with UNIT and UNCERTAINTY') );
#1887 = ( LENGTH_UNIT() NAMED_UNIT(*) SI_UNIT(.MILLI.,.METRE.) );
#1888 = ( NAMED_UNIT(*) PLANE_ANGLE_UNIT() SI_UNIT($,.RADIAN.) );
#1889 = ( NAMED_UNIT(*) SI_UNIT($,.STERADIAN.) SOLID_ANGLE_UNIT() );
#1890 = UNCERTAINTY_MEASURE_WITH_UNIT(LENGTH_MEASURE(1.E-07),#1887,
  'distance_accuracy_value','confusion accuracy');
#1891 = CONTEXT_DEPENDENT_SHAPE_REPRESENTATION(#1892,#1894);
#1892 = ( REPRESENTATION_RELATIONSHIP('','',#1727,#10) 
REPRESENTATION_RELATIONSHIP_WITH_TRANSFORMATION(#1893) 
SHAPE_REPRESENTATION_RELATIONSHIP() );
#1893 = ITEM_DEFINED_TRANSFORMATION('','',#11,#55);
#1894 = PRODUCT_DEFINITION_SHAPE('Placement','Placement of an item',
  #1895);
#1895 = NEXT_ASSEMBLY_USAGE_OCCURRENCE('11','O06','',#5,#1722,$);
#1896 = PRODUCT_RELATED_PRODUCT_CATEGORY('part',$,(#1724));
#1897 = SHAPE_DEFINITION_REPRESENTATION(#1898,#1904);
#1898 = PRODUCT_DEFINITION_SHAPE('','',#1899);
#1899 = PRODUCT_DEFINITION('design','',#1900,#1903);
#1900 = PRODUCT_DEFINITION_FORMATION('','',#1901);
#1901 = PRODUCT('L06','L06','',(#1902));
#1902 = PRODUCT_CONTEXT('',#2,'mechanical');
#1903 = PRODUCT_DEFINITION_CONTEXT('part definition',#2,'design');
#1904 = MANIFOLD_SURFACE_SHAPE_REPRESENTATION('',(#11,#1905),#2063);
#1905 = SHELL_BASED_SURFACE_MODEL('',(#1906));
#1906 = OPEN_SHELL('',(#1907));
#1907 = ADVANCED_FACE('',(#1908),#1930,.T.);
#1908 = FACE_BOUND('',#1909,.T.);
#1909 = EDGE_LOOP('',(#1910,#2003,#2022,#2046));
#1910 = ORIENTED_EDGE('',*,*,#1911,.F.);
#1911 = EDGE_CURVE('',#1912,#1914,#1916,.T.);
#1912 = VERTEX_POINT('',#1913);
#1913 = CARTESIAN_POINT('',(244.6925639128,217.5,741.94164756874));
#1914 = VERTEX_POINT('',#1915);
#1915 = CARTESIAN_POINT('',(244.6925639128,217.5,0.));
#1916 = SURFACE_CURVE('',#1917,(#1929),.PCURVE_S1.);
#1917 = B_SPLINE_CURVE_WITH_KNOTS('',3,(#1918,#1919,#1920,#1921,#1922,
    #1923,#1924,#1925,#1926,#1927,#1928),.UNSPECIFIED.,.F.,.F.,(4,1,1,1,
    1,1,1,1,4),(0.,5.840943650496E-02,0.166736580063,0.32066222043,0.5,
    0.67933777957,0.833263419937,0.941590563495,1.),.UNSPECIFIED.);
#1918 = CARTESIAN_POINT('',(244.6925639128,217.5,741.94164756874));
#1919 = CARTESIAN_POINT('',(256.65196117095,200.35714454151,
    739.3854344145));
#1920 = CARTESIAN_POINT('',(273.95544516199,175.55396102115,
    704.28087213718));
#1921 = CARTESIAN_POINT('',(291.04112522025,151.06298230988,
    621.47981060027));
#1922 = CARTESIAN_POINT('',(302.33280285404,134.87725042209,
    506.74760955864));
#1923 = CARTESIAN_POINT('',(306.52708087515,128.8650827253,
    370.97082378437));
#1924 = CARTESIAN_POINT('',(302.33280285404,134.87725042209,
    235.1940380101));
#1925 = CARTESIAN_POINT('',(291.04112522025,151.06298230988,
    120.46183696847));
#1926 = CARTESIAN_POINT('',(273.95544516199,175.55396102115,
    37.660775431551));
#1927 = CARTESIAN_POINT('',(256.65196117095,200.35714454151,
    2.556213154244));
#1928 = CARTESIAN_POINT('',(244.6925639128,217.5,0.));
#1929 = PCURVE('',#1930,#1997);
#1930 = B_SPLINE_SURFACE_WITH_KNOTS('',3,3,(
    (#1931,#1932,#1933,#1934,#1935,#1936,#1937,#1938,#1939,#1940,#1941)
    ,(#1942,#1943,#1944,#1945,#1946,#1947,#1948,#1949,#1950,#1951,#1952)
    ,(#1953,#1954,#1955,#1956,#1957,#1958,#1959,#1960,#1961,#1962,#1963)
    ,(#1964,#1965,#1966,#1967,#1968,#1969,#1970,#1971,#1972,#1973,#1974)
    ,(#1975,#1976,#1977,#1978,#1979,#1980,#1981,#1982,#1983,#1984,#1985)
    ,(#1986,#1987,#1988,#1989,#1990,#1991,#1992,#1993,#1994,#1995,#1996
    )),.UNSPECIFIED.,.F.,.F.,.F.,(4,1,1,4),(4,1,1,1,1,1,1,1,4),(0.,
    0.429316817396,0.754072225912,1.),(0.,5.840943650496E-02,
    0.166736580063,0.32066222043,0.5,0.67933777957,0.833263419937,
    0.941590563495,1.),.UNSPECIFIED.);
#1931 = CARTESIAN_POINT('',(244.6925639128,217.5,741.94164756874));
#1932 = CARTESIAN_POINT('',(256.65196117095,200.35714454151,
    739.3854344145));
#1933 = CARTESIAN_POINT('',(273.95544516199,175.55396102115,
    704.28087213718));
#1934 = CARTESIAN_POINT('',(291.04112522025,151.06298230988,
    621.47981060027));
#1935 = CARTESIAN_POINT('',(302.33280285404,134.87725042209,
    506.74760955864));
#1936 = CARTESIAN_POINT('',(306.52708087515,128.8650827253,
    370.97082378437));
#1937 = CARTESIAN_POINT('',(302.33280285404,134.87725042209,
    235.1940380101));
#1938 = CARTESIAN_POINT('',(291.04112522025,151.06298230988,
    120.46183696847));
#1939 = CARTESIAN_POINT('',(273.95544516199,175.55396102115,
    37.660775431551));
#1940 = CARTESIAN_POINT('',(256.65196117095,200.35714454151,
    2.556213154244));
#1941 = CARTESIAN_POINT('',(244.6925639128,217.5,0.));
#1942 = CARTESIAN_POINT('',(216.30246159443,197.50611057198,
    766.32648157814));
#1943 = CARTESIAN_POINT('',(229.15279748708,181.22787696125,
    763.68625530284));
#1944 = CARTESIAN_POINT('',(247.74533828143,157.67567373514,
    727.42793797362));
#1945 = CARTESIAN_POINT('',(266.10384941405,134.41992886913,
    641.90551668018));
#1946 = CARTESIAN_POINT('',(278.23672260604,119.05054507727,
    523.40249931209));
#1947 = CARTESIAN_POINT('',(282.7434615524,113.34160875028,
    383.16324078907));
#1948 = CARTESIAN_POINT('',(278.23672260604,119.05054507727,
    242.92398226605));
#1949 = CARTESIAN_POINT('',(266.10384941405,134.41992886913,
    124.42096489796));
#1950 = CARTESIAN_POINT('',(247.74533828143,157.67567373514,
    38.898543604524));
#1951 = CARTESIAN_POINT('',(229.15279748708,181.22787696125,
    2.640226275307));
#1952 = CARTESIAN_POINT('',(216.30246159443,197.50611057198,0.));
#1953 = CARTESIAN_POINT('',(170.26349760323,160.20539170477,
    808.33640877792));
#1954 = CARTESIAN_POINT('',(184.74605112858,145.62798702531,
    805.55144561008));
#1955 = CARTESIAN_POINT('',(205.70017010851,124.53663241459,
    767.30545160778));
#1956 = CARTESIAN_POINT('',(226.39053356243,103.71076075425,
    677.09470128116));
#1957 = CARTESIAN_POINT('',(240.06449406332,89.94724484916,
    552.09536249881));
#1958 = CARTESIAN_POINT('',(245.14366775659,84.834805925019,
    404.16820438896));
#1959 = CARTESIAN_POINT('',(240.06449406332,89.947244849161,
    256.24104627911));
#1960 = CARTESIAN_POINT('',(226.39053356243,103.71076075425,
    131.24170749676));
#1961 = CARTESIAN_POINT('',(205.7001701085,124.53663241459,
    41.030957170134));
#1962 = CARTESIAN_POINT('',(184.74605112858,145.62798702531,
    2.784963167849));
#1963 = CARTESIAN_POINT('',(170.26349760323,160.20539170477,0.));
#1964 = CARTESIAN_POINT('',(115.7917925972,86.55688910947,
    863.17017486581));
#1965 = CARTESIAN_POINT('',(133.85941394825,77.099877025521,
    860.19629280571));
#1966 = CARTESIAN_POINT('',(160.0005973253,63.416975315215,
    819.35586922417));
#1967 = CARTESIAN_POINT('',(185.812734104,49.906304226547,723.0256429859
    ));
#1968 = CARTESIAN_POINT('',(202.87160015735,40.977298062956,
    589.54693295477));
#1969 = CARTESIAN_POINT('',(209.20809233087,37.660631087787,
    431.5850874329));
#1970 = CARTESIAN_POINT('',(202.87160015735,40.977298062956,
    273.62324191103));
#1971 = CARTESIAN_POINT('',(185.812734104,49.906304226546,
    140.14453187991));
#1972 = CARTESIAN_POINT('',(160.0005973253,63.416975315216,
    43.814305641633));
#1973 = CARTESIAN_POINT('',(133.85941394825,77.09987702552,
    2.973882060096));
#1974 = CARTESIAN_POINT('',(115.7917925972,86.55688910947,0.));
#1975 = CARTESIAN_POINT('',(100.02383903915,28.573521233304,
    880.01051599749));
#1976 = CARTESIAN_POINT('',(119.85113123946,25.291020778604,
    876.97861387387));
#1977 = CARTESIAN_POINT('',(148.5382988089,20.541726742918,
    835.34139878458));
#1978 = CARTESIAN_POINT('',(176.86437274424,15.852213438061,
    737.13178199462));
#1979 = CARTESIAN_POINT('',(195.58466332781,12.752982250469,
    601.0489191832));
#1980 = CARTESIAN_POINT('',(202.53828934247,11.601777117448,
    440.00525799874));
#1981 = CARTESIAN_POINT('',(195.58466332781,12.752982250469,
    278.96159681429));
#1982 = CARTESIAN_POINT('',(176.86437274424,15.852213438061,
    142.87873400287));
#1983 = CARTESIAN_POINT('',(148.5382988089,20.541726742918,
    44.669117212906));
#1984 = CARTESIAN_POINT('',(119.85113123947,25.291020778603,
    3.03190212362));
#1985 = CARTESIAN_POINT('',(100.02383903915,28.573521233304,0.));
#1986 = CARTESIAN_POINT('',(100.,5.327213576291E-14,880.));
#1987 = CARTESIAN_POINT('',(119.81257332182,4.724811809359E-14,
    876.96813410717));
#1988 = CARTESIAN_POINT('',(148.47844484491,3.853225298325E-14,
    835.33141657653));
#1989 = CARTESIAN_POINT('',(176.78349079336,2.99260969754E-14,
    737.12297337718));
#1990 = CARTESIAN_POINT('',(195.48988428602,2.423841354839E-14,
    601.04173673616));
#1991 = CARTESIAN_POINT('',(202.43834824549,2.212573141535E-14,440.));
#1992 = CARTESIAN_POINT('',(195.48988428602,2.423841354839E-14,
    278.95826326383));
#1993 = CARTESIAN_POINT('',(176.78349079337,2.99260969754E-14,
    142.87702662281));
#1994 = CARTESIAN_POINT('',(148.47844484491,3.853225298325E-14,
    44.668583423461));
#1995 = CARTESIAN_POINT('',(119.81257332182,4.724811809359E-14,
    3.031865892831));
#1996 = CARTESIAN_POINT('',(100.,5.327213576291E-14,0.));
#1997 = DEFINITIONAL_REPRESENTATION('',(#1998),#2002);
#1998 = LINE('',#1999,#2000);
#1999 = CARTESIAN_POINT('',(0.,0.));
#2000 = VECTOR('',#2001,1.);
#2001 = DIRECTION('',(0.,1.));
#2002 = ( GEOMETRIC_REPRESENTATION_CONTEXT(2) 
PARAMETRIC_REPRESENTATION_CONTEXT() REPRESENTATION_CONTEXT('2D SPACE',''
  ) );
#2003 = ORIENTED_EDGE('',*,*,#2004,.T.);
#2004 = EDGE_CURVE('',#1912,#2005,#2007,.T.);
#2005 = VERTEX_POINT('',#2006);
#2006 = CARTESIAN_POINT('',(100.,5.327213576291E-14,880.));
#2007 = SURFACE_CURVE('',#2008,(#2015),.PCURVE_S1.);
#2008 = B_SPLINE_CURVE_WITH_KNOTS('',3,(#2009,#2010,#2011,#2012,#2013,
    #2014),.UNSPECIFIED.,.F.,.F.,(4,1,1,4),(0.,0.429316817396,
    0.754072225912,1.),.UNSPECIFIED.);
#2009 = CARTESIAN_POINT('',(244.6925639128,217.5,741.94164756874));
#2010 = CARTESIAN_POINT('',(216.30246159443,197.50611057198,
    766.32648157814));
#2011 = CARTESIAN_POINT('',(170.26349760323,160.20539170477,
    808.33640877792));
#2012 = CARTESIAN_POINT('',(115.7917925972,86.55688910947,
    863.17017486581));
#2013 = CARTESIAN_POINT('',(100.02383903915,28.573521233304,
    880.01051599749));
#2014 = CARTESIAN_POINT('',(100.,5.327213576291E-14,880.));
#2015 = PCURVE('',#1930,#2016);
#2016 = DEFINITIONAL_REPRESENTATION('',(#2017),#2021);
#2017 = LINE('',#2018,#2019);
#2018 = CARTESIAN_POINT('',(0.,0.));
#2019 = VECTOR('',#2020,1.);
#2020 = DIRECTION('',(1.,0.));
#2021 = ( GEOMETRIC_REPRESENTATION_CONTEXT(2) 
PARAMETRIC_REPRESENTATION_CONTEXT() REPRESENTATION_CONTEXT('2D SPACE',''
  ) );
#2022 = ORIENTED_EDGE('',*,*,#2023,.T.);
#2023 = EDGE_CURVE('',#2005,#2024,#2026,.T.);
#2024 = VERTEX_POINT('',#2025);
#2025 = CARTESIAN_POINT('',(100.,5.327213576291E-14,0.));
#2026 = SURFACE_CURVE('',#2027,(#2039),.PCURVE_S1.);
#2027 = B_SPLINE_CURVE_WITH_KNOTS('',3,(#2028,#2029,#2030,#2031,#2032,
    #2033,#2034,#2035,#2036,#2037,#2038),.UNSPECIFIED.,.F.,.F.,(4,1,1,1,
    1,1,1,1,4),(0.,5.840943650496E-02,0.166736580063,0.32066222043,0.5,
    0.67933777957,0.833263419937,0.941590563495,1.),.UNSPECIFIED.);
#2028 = CARTESIAN_POINT('',(100.,5.327213576291E-14,880.));
#2029 = CARTESIAN_POINT('',(119.81257332182,4.724811809359E-14,
    876.96813410717));
#2030 = CARTESIAN_POINT('',(148.47844484491,3.853225298325E-14,
    835.33141657653));
#2031 = CARTESIAN_POINT('',(176.78349079336,2.99260969754E-14,
    737.12297337718));
#2032 = CARTESIAN_POINT('',(195.48988428602,2.423841354839E-14,
    601.04173673616));
#2033 = CARTESIAN_POINT('',(202.43834824549,2.212573141535E-14,440.));
#2034 = CARTESIAN_POINT('',(195.48988428602,2.423841354839E-14,
    278.95826326383));
#2035 = CARTESIAN_POINT('',(176.78349079337,2.99260969754E-14,
    142.87702662281));
#2036 = CARTESIAN_POINT('',(148.47844484491,3.853225298325E-14,
    44.668583423461));
#2037 = CARTESIAN_POINT('',(119.81257332182,4.724811809359E-14,
    3.031865892831));
#2038 = CARTESIAN_POINT('',(100.,5.327213576291E-14,0.));
#2039 = PCURVE('',#1930,#2040);
#2040 = DEFINITIONAL_REPRESENTATION('',(#2041),#2045);
#2041 = LINE('',#2042,#2043);
#2042 = CARTESIAN_POINT('',(1.,0.));
#2043 = VECTOR('',#2044,1.);
#2044 = DIRECTION('',(0.,1.));
#2045 = ( GEOMETRIC_REPRESENTATION_CONTEXT(2) 
PARAMETRIC_REPRESENTATION_CONTEXT() REPRESENTATION_CONTEXT('2D SPACE',''
  ) );
#2046 = ORIENTED_EDGE('',*,*,#2047,.F.);
#2047 = EDGE_CURVE('',#1914,#2024,#2048,.T.);
#2048 = SURFACE_CURVE('',#2049,(#2056),.PCURVE_S1.);
#2049 = B_SPLINE_CURVE_WITH_KNOTS('',3,(#2050,#2051,#2052,#2053,#2054,
    #2055),.UNSPECIFIED.,.F.,.F.,(4,1,1,4),(0.,0.429316817396,
    0.754072225912,1.),.UNSPECIFIED.);
#2050 = CARTESIAN_POINT('',(244.6925639128,217.5,0.));
#2051 = CARTESIAN_POINT('',(216.30246159443,197.50611057198,0.));
#2052 = CARTESIAN_POINT('',(170.26349760323,160.20539170477,0.));
#2053 = CARTESIAN_POINT('',(115.7917925972,86.55688910947,0.));
#2054 = CARTESIAN_POINT('',(100.02383903915,28.573521233304,0.));
#2055 = CARTESIAN_POINT('',(100.,5.327213576291E-14,0.));
#2056 = PCURVE('',#1930,#2057);
#2057 = DEFINITIONAL_REPRESENTATION('',(#2058),#2062);
#2058 = LINE('',#2059,#2060);
#2059 = CARTESIAN_POINT('',(0.,1.));
#2060 = VECTOR('',#2061,1.);
#2061 = DIRECTION('',(1.,0.));
#2062 = ( GEOMETRIC_REPRESENTATION_CONTEXT(2) 
PARAMETRIC_REPRESENTATION_CONTEXT() REPRESENTATION_CONTEXT('2D SPACE',''
  ) );
#2063 = ( GEOMETRIC_REPRESENTATION_CONTEXT(3) 
GLOBAL_UNCERTAINTY_ASSIGNED_CONTEXT((#2067)) 
GLOBAL_UNIT_ASSIGNED_CONTEXT((#2064,#2065,#2066)) REPRESENTATION_CONTEXT
('Context #1','3D Context with UNIT and UNCERTAINTY') );
#2064 = ( LENGTH_UNIT() NAMED_UNIT(*) SI_UNIT(.MILLI.,.METRE.) );
#2065 = ( NAMED_UNIT(*) PLANE_ANGLE_UNIT() SI_UNIT($,.RADIAN.) );
#2066 = ( NAMED_UNIT(*) SI_UNIT($,.STERADIAN.) SOLID_ANGLE_UNIT() );
#2067 = UNCERTAINTY_MEASURE_WITH_UNIT(LENGTH_MEASURE(1.E-07),#2064,
  'distance_accuracy_value','confusion accuracy');
#2068 = CONTEXT_DEPENDENT_SHAPE_REPRESENTATION(#2069,#2071);
#2069 = ( REPRESENTATION_RELATIONSHIP('','',#1904,#10) 
REPRESENTATION_RELATIONSHIP_WITH_TRANSFORMATION(#2070) 
SHAPE_REPRESENTATION_RELATIONSHIP() );
#2070 = ITEM_DEFINED_TRANSFORMATION('','',#11,#59);
#2071 = PRODUCT_DEFINITION_SHAPE('Placement','Placement of an item',
  #2072);
#2072 = NEXT_ASSEMBLY_USAGE_OCCURRENCE('12','L06','',#5,#1899,$);
#2073 = PRODUCT_RELATED_PRODUCT_CATEGORY('part',$,(#1901));
#2074 = SHAPE_DEFINITION_REPRESENTATION(#2075,#2081);
#2075 = PRODUCT_DEFINITION_SHAPE('','',#2076);
#2076 = PRODUCT_DEFINITION('design','',#2077,#2080);
#2077 = PRODUCT_DEFINITION_FORMATION('','',#2078);
#2078 = PRODUCT('O07','O07','',(#2079));
#2079 = PRODUCT_CONTEXT('',#2,'mechanical');
#2080 = PRODUCT_DEFINITION_CONTEXT('part definition',#2,'design');
#2081 = MANIFOLD_SURFACE_SHAPE_REPRESENTATION('',(#11,#2082),#2240);
#2082 = SHELL_BASED_SURFACE_MODEL('',(#2083));
#2083 = OPEN_SHELL('',(#2084));
#2084 = ADVANCED_FACE('',(#2085),#2107,.T.);
#2085 = FACE_BOUND('',#2086,.T.);
#2086 = EDGE_LOOP('',(#2087,#2180,#2199,#2223));
#2087 = ORIENTED_EDGE('',*,*,#2088,.F.);
#2088 = EDGE_CURVE('',#2089,#2091,#2093,.T.);
#2089 = VERTEX_POINT('',#2090);
#2090 = CARTESIAN_POINT('',(100.,5.327213576291E-14,0.));
#2091 = VERTEX_POINT('',#2092);
#2092 = CARTESIAN_POINT('',(100.,5.327213576291E-14,880.));
#2093 = SURFACE_CURVE('',#2094,(#2106),.PCURVE_S1.);
#2094 = B_SPLINE_CURVE_WITH_KNOTS('',3,(#2095,#2096,#2097,#2098,#2099,
    #2100,#2101,#2102,#2103,#2104,#2105),.UNSPECIFIED.,.F.,.F.,(4,1,1,1,
    1,1,1,1,4),(0.,5.840943650496E-02,0.166736580063,0.32066222043,0.5,
    0.67933777957,0.833263419937,0.941590563495,1.),.UNSPECIFIED.);
#2095 = CARTESIAN_POINT('',(100.,5.327213576291E-14,0.));
#2096 = CARTESIAN_POINT('',(80.187426678177,5.929615343223E-14,
    3.031865892828));
#2097 = CARTESIAN_POINT('',(51.521555155088,6.801201854257E-14,
    44.668583423467));
#2098 = CARTESIAN_POINT('',(23.216509206632,7.661817455042E-14,
    142.8770266228));
#2099 = CARTESIAN_POINT('',(4.510115713974,8.230585797743E-14,
    278.95826326384));
#2100 = CARTESIAN_POINT('',(-2.438348245499,8.441854011047E-14,
    439.99999999999));
#2101 = CARTESIAN_POINT('',(4.510115713974,8.230585797743E-14,
    601.04173673616));
#2102 = CARTESIAN_POINT('',(23.216509206631,7.661817455042E-14,
    737.12297337718));
#2103 = CARTESIAN_POINT('',(51.52155515509,6.801201854257E-14,
    835.33141657653));
#2104 = CARTESIAN_POINT('',(80.187426678176,5.929615343223E-14,
    876.96813410717));
#2105 = CARTESIAN_POINT('',(100.,5.327213576291E-14,880.));
#2106 = PCURVE('',#2107,#2174);
#2107 = B_SPLINE_SURFACE_WITH_KNOTS('',3,3,(
    (#2108,#2109,#2110,#2111,#2112,#2113,#2114,#2115,#2116,#2117,#2118)
    ,(#2119,#2120,#2121,#2122,#2123,#2124,#2125,#2126,#2127,#2128,#2129)
    ,(#2130,#2131,#2132,#2133,#2134,#2135,#2136,#2137,#2138,#2139,#2140)
    ,(#2141,#2142,#2143,#2144,#2145,#2146,#2147,#2148,#2149,#2150,#2151)
    ,(#2152,#2153,#2154,#2155,#2156,#2157,#2158,#2159,#2160,#2161,#2162)
    ,(#2163,#2164,#2165,#2166,#2167,#2168,#2169,#2170,#2171,#2172,#2173
    )),.UNSPECIFIED.,.F.,.F.,.F.,(4,1,1,4),(4,1,1,1,1,1,1,1,4),(0.,
    0.299888550062,0.626716760202,1.),(0.,5.840943650496E-02,
    0.166736580063,0.32066222043,0.5,0.67933777957,0.833263419937,
    0.941590563495,1.),.UNSPECIFIED.);
#2108 = CARTESIAN_POINT('',(100.,5.327213576291E-14,0.));
#2109 = CARTESIAN_POINT('',(80.187426678177,5.929615343223E-14,
    3.031865892828));
#2110 = CARTESIAN_POINT('',(51.521555155088,6.801201854257E-14,
    44.668583423467));
#2111 = CARTESIAN_POINT('',(23.216509206632,7.661817455042E-14,
    142.8770266228));
#2112 = CARTESIAN_POINT('',(4.510115713974,8.230585797743E-14,
    278.95826326384));
#2113 = CARTESIAN_POINT('',(-2.438348245499,8.441854011047E-14,
    439.99999999999));
#2114 = CARTESIAN_POINT('',(4.510115713974,8.230585797743E-14,
    601.04173673616));
#2115 = CARTESIAN_POINT('',(23.216509206631,7.661817455042E-14,
    737.12297337718));
#2116 = CARTESIAN_POINT('',(51.52155515509,6.801201854257E-14,
    835.33141657653));
#2117 = CARTESIAN_POINT('',(80.187426678176,5.929615343223E-14,
    876.96813410717));
#2118 = CARTESIAN_POINT('',(100.,5.327213576291E-14,880.));
#2119 = CARTESIAN_POINT('',(99.922401404684,-25.70794751949,0.));
#2120 = CARTESIAN_POINT('',(80.072591156229,-28.64250001665,
    3.032255221034));
#2121 = CARTESIAN_POINT('',(51.352843292222,-32.88836467517,
    44.674319409181));
#2122 = CARTESIAN_POINT('',(22.994599159856,-37.08078541332,
    142.895373759));
#2123 = CARTESIAN_POINT('',(4.253047760614,-39.85149534812,
    278.9940848747));
#2124 = CARTESIAN_POINT('',(-2.708475554575,-40.88067171671,
    440.05650131525));
#2125 = CARTESIAN_POINT('',(4.253047760615,-39.85149534812,
    601.11891775582));
#2126 = CARTESIAN_POINT('',(22.994599159855,-37.08078541332,
    737.2176288715));
#2127 = CARTESIAN_POINT('',(51.352843292223,-32.88836467517,
    835.43868322133));
#2128 = CARTESIAN_POINT('',(80.072591156228,-28.64250001665,
    877.08074740947));
#2129 = CARTESIAN_POINT('',(99.922401404684,-25.70794751949,
    880.11300263051));
#2130 = CARTESIAN_POINT('',(112.30983369952,-79.45568853456,0.));
#2131 = CARTESIAN_POINT('',(93.927870187199,-88.28373042703,
    2.98651967585));
#2132 = CARTESIAN_POINT('',(67.331880063801,-101.0566050344,
    44.000496064847));
#2133 = CARTESIAN_POINT('',(41.070661322163,-113.6687037932,
    140.74008096642));
#2134 = CARTESIAN_POINT('',(23.715003526292,-122.0038565635,
    274.78601344114));
#2135 = CARTESIAN_POINT('',(17.268268470982,-125.0999375181,
    433.41912334658));
#2136 = CARTESIAN_POINT('',(23.715003526293,-122.0038565635,
    592.05223325203));
#2137 = CARTESIAN_POINT('',(41.070661322163,-113.6687037932,
    726.09816572675));
#2138 = CARTESIAN_POINT('',(67.331880063802,-101.0566050344,
    822.83775062833));
#2139 = CARTESIAN_POINT('',(93.927870187198,-88.28373042703,
    863.85172701732));
#2140 = CARTESIAN_POINT('',(112.30983369952,-79.45568853456,
    866.83824669317));
#2141 = CARTESIAN_POINT('',(164.54560105322,-154.5979709261,0.));
#2142 = CARTESIAN_POINT('',(149.78545922877,-168.8882282866,
    2.803970762041));
#2143 = CARTESIAN_POINT('',(128.42971092039,-189.5641230768,
    41.310996702556));
#2144 = CARTESIAN_POINT('',(107.34277356196,-209.9797644291,
    132.13744254502));
#2145 = CARTESIAN_POINT('',(93.406723131231,-223.4721650857,
    257.98991171476));
#2146 = CARTESIAN_POINT('',(88.230196496456,-228.4838986262,
    406.92668439481));
#2147 = CARTESIAN_POINT('',(93.406723131232,-223.4721650857,
    555.86345707488));
#2148 = CARTESIAN_POINT('',(107.34277356196,-209.9797644291,
    681.7159262446));
#2149 = CARTESIAN_POINT('',(128.42971092039,-189.5641230768,
    772.54237208708));
#2150 = CARTESIAN_POINT('',(149.78545922877,-168.8882282866,
    811.04939802758));
#2151 = CARTESIAN_POINT('',(164.54560105322,-154.5979709261,
    813.85336878963));
#2152 = CARTESIAN_POINT('',(215.41946864458,-197.0301969129,0.));
#2153 = CARTESIAN_POINT('',(202.55715510736,-213.2875435693,
    2.642619178794));
#2154 = CARTESIAN_POINT('',(183.94728442782,-236.8095264529,
    38.933798333113));
#2155 = CARTESIAN_POINT('',(165.57166154628,-260.0354313687,
    124.53373074833));
#2156 = CARTESIAN_POINT('',(153.42747944812,-275.3850943711,
    243.14415038208));
#2157 = CARTESIAN_POINT('',(148.91653982422,-281.0867054381,
    383.51051127289));
#2158 = CARTESIAN_POINT('',(153.42747944812,-275.3850943711,
    523.87687216372));
#2159 = CARTESIAN_POINT('',(165.57166154628,-260.0354313687,
    642.48729179746));
#2160 = CARTESIAN_POINT('',(183.94728442782,-236.8095264529,
    728.08722421269));
#2161 = CARTESIAN_POINT('',(202.55715510736,-213.2875435693,
    764.378403367));
#2162 = CARTESIAN_POINT('',(215.41946864458,-197.0301969129,
    767.0210225458));
#2163 = CARTESIAN_POINT('',(244.6925639128,-217.5,0.));
#2164 = CARTESIAN_POINT('',(232.73316665466,-234.6428554584,
    2.556213154241));
#2165 = CARTESIAN_POINT('',(215.42968266362,-259.4460389788,
    37.660775431556));
#2166 = CARTESIAN_POINT('',(198.34400260535,-283.9370176901,
    120.46183696846));
#2167 = CARTESIAN_POINT('',(187.05232497156,-300.1227495779,
    235.1940380101));
#2168 = CARTESIAN_POINT('',(182.85804695046,-306.1349172746,
    370.97082378436));
#2169 = CARTESIAN_POINT('',(187.05232497156,-300.1227495779,
    506.74760955864));
#2170 = CARTESIAN_POINT('',(198.34400260535,-283.9370176901,
    621.47981060027));
#2171 = CARTESIAN_POINT('',(215.42968266362,-259.4460389788,
    704.28087213719));
#2172 = CARTESIAN_POINT('',(232.73316665466,-234.6428554584,
    739.3854344145));
#2173 = CARTESIAN_POINT('',(244.6925639128,-217.5,741.94164756874));
#2174 = DEFINITIONAL_REPRESENTATION('',(#2175),#2179);
#2175 = LINE('',#2176,#2177);
#2176 = CARTESIAN_POINT('',(0.,0.));
#2177 = VECTOR('',#2178,1.);
#2178 = DIRECTION('',(0.,1.));
#2179 = ( GEOMETRIC_REPRESENTATION_CONTEXT(2) 
PARAMETRIC_REPRESENTATION_CONTEXT() REPRESENTATION_CONTEXT('2D SPACE',''
  ) );
#2180 = ORIENTED_EDGE('',*,*,#2181,.T.);
#2181 = EDGE_CURVE('',#2089,#2182,#2184,.T.);
#2182 = VERTEX_POINT('',#2183);
#2183 = CARTESIAN_POINT('',(244.6925639128,-217.5,0.));
#2184 = SURFACE_CURVE('',#2185,(#2192),.PCURVE_S1.);
#2185 = B_SPLINE_CURVE_WITH_KNOTS('',3,(#2186,#2187,#2188,#2189,#2190,
    #2191),.UNSPECIFIED.,.F.,.F.,(4,1,1,4),(0.,0.299888550062,
    0.626716760202,1.),.UNSPECIFIED.);
#2186 = CARTESIAN_POINT('',(100.,5.327213576291E-14,0.));
#2187 = CARTESIAN_POINT('',(99.922401404684,-25.70794751949,0.));
#2188 = CARTESIAN_POINT('',(112.30983369952,-79.45568853456,0.));
#2189 = CARTESIAN_POINT('',(164.54560105322,-154.5979709261,0.));
#2190 = CARTESIAN_POINT('',(215.41946864458,-197.0301969129,0.));
#2191 = CARTESIAN_POINT('',(244.6925639128,-217.5,0.));
#2192 = PCURVE('',#2107,#2193);
#2193 = DEFINITIONAL_REPRESENTATION('',(#2194),#2198);
#2194 = LINE('',#2195,#2196);
#2195 = CARTESIAN_POINT('',(0.,0.));
#2196 = VECTOR('',#2197,1.);
#2197 = DIRECTION('',(1.,0.));
#2198 = ( GEOMETRIC_REPRESENTATION_CONTEXT(2) 
PARAMETRIC_REPRESENTATION_CONTEXT() REPRESENTATION_CONTEXT('2D SPACE',''
  ) );
#2199 = ORIENTED_EDGE('',*,*,#2200,.T.);
#2200 = EDGE_CURVE('',#2182,#2201,#2203,.T.);
#2201 = VERTEX_POINT('',#2202);
#2202 = CARTESIAN_POINT('',(244.6925639128,-217.5,741.94164756874));
#2203 = SURFACE_CURVE('',#2204,(#2216),.PCURVE_S1.);
#2204 = B_SPLINE_CURVE_WITH_KNOTS('',3,(#2205,#2206,#2207,#2208,#2209,
    #2210,#2211,#2212,#2213,#2214,#2215),.UNSPECIFIED.,.F.,.F.,(4,1,1,1,
    1,1,1,1,4),(0.,5.840943650496E-02,0.166736580063,0.32066222043,0.5,
    0.67933777957,0.833263419937,0.941590563495,1.),.UNSPECIFIED.);
#2205 = CARTESIAN_POINT('',(244.6925639128,-217.5,0.));
#2206 = CARTESIAN_POINT('',(232.73316665466,-234.6428554584,
    2.556213154241));
#2207 = CARTESIAN_POINT('',(215.42968266362,-259.4460389788,
    37.660775431556));
#2208 = CARTESIAN_POINT('',(198.34400260535,-283.9370176901,
    120.46183696846));
#2209 = CARTESIAN_POINT('',(187.05232497156,-300.1227495779,
    235.1940380101));
#2210 = CARTESIAN_POINT('',(182.85804695046,-306.1349172746,
    370.97082378436));
#2211 = CARTESIAN_POINT('',(187.05232497156,-300.1227495779,
    506.74760955864));
#2212 = CARTESIAN_POINT('',(198.34400260535,-283.9370176901,
    621.47981060027));
#2213 = CARTESIAN_POINT('',(215.42968266362,-259.4460389788,
    704.28087213719));
#2214 = CARTESIAN_POINT('',(232.73316665466,-234.6428554584,
    739.3854344145));
#2215 = CARTESIAN_POINT('',(244.6925639128,-217.5,741.94164756874));
#2216 = PCURVE('',#2107,#2217);
#2217 = DEFINITIONAL_REPRESENTATION('',(#2218),#2222);
#2218 = LINE('',#2219,#2220);
#2219 = CARTESIAN_POINT('',(1.,0.));
#2220 = VECTOR('',#2221,1.);
#2221 = DIRECTION('',(0.,1.));
#2222 = ( GEOMETRIC_REPRESENTATION_CONTEXT(2) 
PARAMETRIC_REPRESENTATION_CONTEXT() REPRESENTATION_CONTEXT('2D SPACE',''
  ) );
#2223 = ORIENTED_EDGE('',*,*,#2224,.F.);
#2224 = EDGE_CURVE('',#2091,#2201,#2225,.T.);
#2225 = SURFACE_CURVE('',#2226,(#2233),.PCURVE_S1.);
#2226 = B_SPLINE_CURVE_WITH_KNOTS('',3,(#2227,#2228,#2229,#2230,#2231,
    #2232),.UNSPECIFIED.,.F.,.F.,(4,1,1,4),(0.,0.299888550062,
    0.626716760202,1.),.UNSPECIFIED.);
#2227 = CARTESIAN_POINT('',(100.,5.327213576291E-14,880.));
#2228 = CARTESIAN_POINT('',(99.922401404684,-25.70794751949,
    880.11300263051));
#2229 = CARTESIAN_POINT('',(112.30983369952,-79.45568853456,
    866.83824669317));
#2230 = CARTESIAN_POINT('',(164.54560105322,-154.5979709261,
    813.85336878963));
#2231 = CARTESIAN_POINT('',(215.41946864458,-197.0301969129,
    767.0210225458));
#2232 = CARTESIAN_POINT('',(244.6925639128,-217.5,741.94164756874));
#2233 = PCURVE('',#2107,#2234);
#2234 = DEFINITIONAL_REPRESENTATION('',(#2235),#2239);
#2235 = LINE('',#2236,#2237);
#2236 = CARTESIAN_POINT('',(0.,1.));
#2237 = VECTOR('',#2238,1.);
#2238 = DIRECTION('',(1.,0.));
#2239 = ( GEOMETRIC_REPRESENTATION_CONTEXT(2) 
PARAMETRIC_REPRESENTATION_CONTEXT() REPRESENTATION_CONTEXT('2D SPACE',''
  ) );
#2240 = ( GEOMETRIC_REPRESENTATION_CONTEXT(3) 
GLOBAL_UNCERTAINTY_ASSIGNED_CONTEXT((#2244)) 
GLOBAL_UNIT_ASSIGNED_CONTEXT((#2241,#2242,#2243)) REPRESENTATION_CONTEXT
('Context #1','3D Context with UNIT and UNCERTAINTY') );
#2241 = ( LENGTH_UNIT() NAMED_UNIT(*) SI_UNIT(.MILLI.,.METRE.) );
#2242 = ( NAMED_UNIT(*) PLANE_ANGLE_UNIT() SI_UNIT($,.RADIAN.) );
#2243 = ( NAMED_UNIT(*) SI_UNIT($,.STERADIAN.) SOLID_ANGLE_UNIT() );
#2244 = UNCERTAINTY_MEASURE_WITH_UNIT(LENGTH_MEASURE(1.E-07),#2241,
  'distance_accuracy_value','confusion accuracy');
#2245 = CONTEXT_DEPENDENT_SHAPE_REPRESENTATION(#2246,#2248);
#2246 = ( REPRESENTATION_RELATIONSHIP('','',#2081,#10) 
REPRESENTATION_RELATIONSHIP_WITH_TRANSFORMATION(#2247) 
SHAPE_REPRESENTATION_RELATIONSHIP() );
#2247 = ITEM_DEFINED_TRANSFORMATION('','',#11,#63);
#2248 = PRODUCT_DEFINITION_SHAPE('Placement','Placement of an item',
  #2249);
#2249 = NEXT_ASSEMBLY_USAGE_OCCURRENCE('13','O07','',#5,#2076,$);
#2250 = PRODUCT_RELATED_PRODUCT_CATEGORY('part',$,(#2078));
#2251 = SHAPE_DEFINITION_REPRESENTATION(#2252,#2258);
#2252 = PRODUCT_DEFINITION_SHAPE('','',#2253);
#2253 = PRODUCT_DEFINITION('design','',#2254,#2257);
#2254 = PRODUCT_DEFINITION_FORMATION('','',#2255);
#2255 = PRODUCT('L07','L07','',(#2256));
#2256 = PRODUCT_CONTEXT('',#2,'mechanical');
#2257 = PRODUCT_DEFINITION_CONTEXT('part definition',#2,'design');
#2258 = MANIFOLD_SURFACE_SHAPE_REPRESENTATION('',(#11,#2259),#2417);
#2259 = SHELL_BASED_SURFACE_MODEL('',(#2260));
#2260 = OPEN_SHELL('',(#2261));
#2261 = ADVANCED_FACE('',(#2262),#2284,.T.);
#2262 = FACE_BOUND('',#2263,.T.);
#2263 = EDGE_LOOP('',(#2264,#2357,#2376,#2400));
#2264 = ORIENTED_EDGE('',*,*,#2265,.F.);
#2265 = EDGE_CURVE('',#2266,#2268,#2270,.T.);
#2266 = VERTEX_POINT('',#2267);
#2267 = CARTESIAN_POINT('',(100.,5.327213576291E-14,880.));
#2268 = VERTEX_POINT('',#2269);
#2269 = CARTESIAN_POINT('',(100.,5.327213576291E-14,0.));
#2270 = SURFACE_CURVE('',#2271,(#2283),.PCURVE_S1.);
#2271 = B_SPLINE_CURVE_WITH_KNOTS('',3,(#2272,#2273,#2274,#2275,#2276,
    #2277,#2278,#2279,#2280,#2281,#2282),.UNSPECIFIED.,.F.,.F.,(4,1,1,1,
    1,1,1,1,4),(0.,5.840943650496E-02,0.166736580063,0.32066222043,0.5,
    0.67933777957,0.833263419937,0.941590563495,1.),.UNSPECIFIED.);
#2272 = CARTESIAN_POINT('',(100.,5.327213576291E-14,880.));
#2273 = CARTESIAN_POINT('',(119.81257332182,4.724811809359E-14,
    876.96813410717));
#2274 = CARTESIAN_POINT('',(148.47844484491,3.853225298325E-14,
    835.33141657653));
#2275 = CARTESIAN_POINT('',(176.78349079336,2.99260969754E-14,
    737.12297337718));
#2276 = CARTESIAN_POINT('',(195.48988428602,2.423841354839E-14,
    601.04173673615));
#2277 = CARTESIAN_POINT('',(202.43834824549,2.212573141535E-14,440.));
#2278 = CARTESIAN_POINT('',(195.48988428602,2.423841354839E-14,
    278.95826326384));
#2279 = CARTESIAN_POINT('',(176.78349079336,2.99260969754E-14,
    142.87702662281));
#2280 = CARTESIAN_POINT('',(148.47844484491,3.853225298325E-14,
    44.668583423464));
#2281 = CARTESIAN_POINT('',(119.81257332182,4.724811809359E-14,
    3.03186589283));
#2282 = CARTESIAN_POINT('',(100.,5.327213576291E-14,0.));
#2283 = PCURVE('',#2284,#2351);
#2284 = B_SPLINE_SURFACE_WITH_KNOTS('',3,3,(
    (#2285,#2286,#2287,#2288,#2289,#2290,#2291,#2292,#2293,#2294,#2295)
    ,(#2296,#2297,#2298,#2299,#2300,#2301,#2302,#2303,#2304,#2305,#2306)
    ,(#2307,#2308,#2309,#2310,#2311,#2312,#2313,#2314,#2315,#2316,#2317)
    ,(#2318,#2319,#2320,#2321,#2322,#2323,#2324,#2325,#2326,#2327,#2328)
    ,(#2329,#2330,#2331,#2332,#2333,#2334,#2335,#2336,#2337,#2338,#2339)
    ,(#2340,#2341,#2342,#2343,#2344,#2345,#2346,#2347,#2348,#2349,#2350
    )),.UNSPECIFIED.,.F.,.F.,.F.,(4,1,1,4),(4,1,1,1,1,1,1,1,4),(0.,
    0.245927774088,0.570683182604,1.),(0.,5.840943650496E-02,
    0.166736580063,0.32066222043,0.5,0.67933777957,0.833263419937,
    0.941590563495,1.),.UNSPECIFIED.);
#2285 = CARTESIAN_POINT('',(100.,5.327213576291E-14,880.));
#2286 = CARTESIAN_POINT('',(119.81257332182,4.724811809359E-14,
    876.96813410717));
#2287 = CARTESIAN_POINT('',(148.47844484491,3.853225298325E-14,
    835.33141657653));
#2288 = CARTESIAN_POINT('',(176.78349079336,2.99260969754E-14,
    737.12297337718));
#2289 = CARTESIAN_POINT('',(195.48988428602,2.423841354839E-14,
    601.04173673615));
#2290 = CARTESIAN_POINT('',(202.43834824549,2.212573141535E-14,440.));
#2291 = CARTESIAN_POINT('',(195.48988428602,2.423841354839E-14,
    278.95826326384));
#2292 = CARTESIAN_POINT('',(176.78349079336,2.99260969754E-14,
    142.87702662281));
#2293 = CARTESIAN_POINT('',(148.47844484491,3.853225298325E-14,
    44.668583423464));
#2294 = CARTESIAN_POINT('',(119.81257332182,4.724811809359E-14,
    3.03186589283));
#2295 = CARTESIAN_POINT('',(100.,5.327213576291E-14,0.));
#2296 = CARTESIAN_POINT('',(100.02383903915,-28.5735212333,
    880.01051599749));
#2297 = CARTESIAN_POINT('',(119.85113123946,-25.2910207786,
    876.97861387387));
#2298 = CARTESIAN_POINT('',(148.5382988089,-20.54172674291,
    835.34139878458));
#2299 = CARTESIAN_POINT('',(176.86437274424,-15.85221343806,
    737.13178199461));
#2300 = CARTESIAN_POINT('',(195.58466332782,-12.75298225046,
    601.04891918319));
#2301 = CARTESIAN_POINT('',(202.53828934247,-11.60177711744,
    440.00525799875));
#2302 = CARTESIAN_POINT('',(195.58466332782,-12.75298225046,
    278.96159681429));
#2303 = CARTESIAN_POINT('',(176.86437274424,-15.85221343806,
    142.87873400287));
#2304 = CARTESIAN_POINT('',(148.5382988089,-20.54172674291,
    44.669117212908));
#2305 = CARTESIAN_POINT('',(119.85113123946,-25.2910207786,
    3.031902123618));
#2306 = CARTESIAN_POINT('',(100.02383903915,-28.5735212333,0.));
#2307 = CARTESIAN_POINT('',(115.7917925972,-86.55688910946,
    863.17017486581));
#2308 = CARTESIAN_POINT('',(133.85941394825,-77.09987702552,
    860.19629280571));
#2309 = CARTESIAN_POINT('',(160.0005973253,-63.41697531521,
    819.35586922417));
#2310 = CARTESIAN_POINT('',(185.812734104,-49.90630422654,723.0256429859
    ));
#2311 = CARTESIAN_POINT('',(202.87160015735,-40.97729806295,
    589.54693295477));
#2312 = CARTESIAN_POINT('',(209.20809233087,-37.66063108778,
    431.5850874329));
#2313 = CARTESIAN_POINT('',(202.87160015735,-40.97729806295,
    273.62324191103));
#2314 = CARTESIAN_POINT('',(185.812734104,-49.90630422654,
    140.14453187991));
#2315 = CARTESIAN_POINT('',(160.0005973253,-63.41697531521,
    43.814305641636));
#2316 = CARTESIAN_POINT('',(133.85941394825,-77.09987702552,
    2.973882060095));
#2317 = CARTESIAN_POINT('',(115.7917925972,-86.55688910946,0.));
#2318 = CARTESIAN_POINT('',(170.26349760323,-160.2053917047,
    808.33640877792));
#2319 = CARTESIAN_POINT('',(184.74605112858,-145.6279870253,
    805.55144561007));
#2320 = CARTESIAN_POINT('',(205.7001701085,-124.5366324145,
    767.30545160779));
#2321 = CARTESIAN_POINT('',(226.39053356243,-103.7107607542,
    677.09470128116));
#2322 = CARTESIAN_POINT('',(240.06449406332,-89.94724484916,
    552.0953624988));
#2323 = CARTESIAN_POINT('',(245.14366775659,-84.83480592502,
    404.16820438896));
#2324 = CARTESIAN_POINT('',(240.06449406332,-89.94724484916,
    256.24104627911));
#2325 = CARTESIAN_POINT('',(226.39053356243,-103.7107607542,
    131.24170749676));
#2326 = CARTESIAN_POINT('',(205.70017010851,-124.5366324145,
    41.030957170136));
#2327 = CARTESIAN_POINT('',(184.74605112858,-145.6279870253,
    2.784963167848));
#2328 = CARTESIAN_POINT('',(170.26349760323,-160.2053917047,0.));
#2329 = CARTESIAN_POINT('',(216.30246159444,-197.5061105719,
    766.32648157814));
#2330 = CARTESIAN_POINT('',(229.15279748708,-181.2278769612,
    763.68625530284));
#2331 = CARTESIAN_POINT('',(247.74533828143,-157.6756737351,
    727.42793797362));
#2332 = CARTESIAN_POINT('',(266.10384941405,-134.4199288691,
    641.90551668018));
#2333 = CARTESIAN_POINT('',(278.23672260604,-119.0505450772,
    523.40249931208));
#2334 = CARTESIAN_POINT('',(282.7434615524,-113.3416087502,
    383.16324078907));
#2335 = CARTESIAN_POINT('',(278.23672260604,-119.0505450772,
    242.92398226605));
#2336 = CARTESIAN_POINT('',(266.10384941405,-134.4199288691,
    124.42096489796));
#2337 = CARTESIAN_POINT('',(247.74533828143,-157.6756737351,
    38.898543604526));
#2338 = CARTESIAN_POINT('',(229.15279748708,-181.2278769612,
    2.640226275306));
#2339 = CARTESIAN_POINT('',(216.30246159444,-197.5061105719,0.));
#2340 = CARTESIAN_POINT('',(244.6925639128,-217.5,741.94164756874));
#2341 = CARTESIAN_POINT('',(256.65196117094,-200.3571445415,
    739.3854344145));
#2342 = CARTESIAN_POINT('',(273.95544516199,-175.5539610211,
    704.28087213719));
#2343 = CARTESIAN_POINT('',(291.04112522025,-151.0629823098,
    621.47981060027));
#2344 = CARTESIAN_POINT('',(302.33280285404,-134.877250422,
    506.74760955864));
#2345 = CARTESIAN_POINT('',(306.52708087515,-128.8650827253,
    370.97082378437));
#2346 = CARTESIAN_POINT('',(302.33280285404,-134.877250422,
    235.1940380101));
#2347 = CARTESIAN_POINT('',(291.04112522025,-151.0629823098,
    120.46183696846));
#2348 = CARTESIAN_POINT('',(273.95544516199,-175.5539610211,
    37.660775431553));
#2349 = CARTESIAN_POINT('',(256.65196117095,-200.3571445415,
    2.556213154243));
#2350 = CARTESIAN_POINT('',(244.6925639128,-217.5,0.));
#2351 = DEFINITIONAL_REPRESENTATION('',(#2352),#2356);
#2352 = LINE('',#2353,#2354);
#2353 = CARTESIAN_POINT('',(0.,0.));
#2354 = VECTOR('',#2355,1.);
#2355 = DIRECTION('',(0.,1.));
#2356 = ( GEOMETRIC_REPRESENTATION_CONTEXT(2) 
PARAMETRIC_REPRESENTATION_CONTEXT() REPRESENTATION_CONTEXT('2D SPACE',''
  ) );
#2357 = ORIENTED_EDGE('',*,*,#2358,.T.);
#2358 = EDGE_CURVE('',#2266,#2359,#2361,.T.);
#2359 = VERTEX_POINT('',#2360);
#2360 = CARTESIAN_POINT('',(244.6925639128,-217.5,741.94164756874));
#2361 = SURFACE_CURVE('',#2362,(#2369),.PCURVE_S1.);
#2362 = B_SPLINE_CURVE_WITH_KNOTS('',3,(#2363,#2364,#2365,#2366,#2367,
    #2368),.UNSPECIFIED.,.F.,.F.,(4,1,1,4),(0.,0.245927774088,
    0.570683182604,1.),.UNSPECIFIED.);
#2363 = CARTESIAN_POINT('',(100.,5.327213576291E-14,880.));
#2364 = CARTESIAN_POINT('',(100.02383903915,-28.5735212333,
    880.01051599749));
#2365 = CARTESIAN_POINT('',(115.7917925972,-86.55688910946,
    863.17017486581));
#2366 = CARTESIAN_POINT('',(170.26349760323,-160.2053917047,
    808.33640877792));
#2367 = CARTESIAN_POINT('',(216.30246159444,-197.5061105719,
    766.32648157814));
#2368 = CARTESIAN_POINT('',(244.6925639128,-217.5,741.94164756874));
#2369 = PCURVE('',#2284,#2370);
#2370 = DEFINITIONAL_REPRESENTATION('',(#2371),#2375);
#2371 = LINE('',#2372,#2373);
#2372 = CARTESIAN_POINT('',(0.,0.));
#2373 = VECTOR('',#2374,1.);
#2374 = DIRECTION('',(1.,0.));
#2375 = ( GEOMETRIC_REPRESENTATION_CONTEXT(2) 
PARAMETRIC_REPRESENTATION_CONTEXT() REPRESENTATION_CONTEXT('2D SPACE',''
  ) );
#2376 = ORIENTED_EDGE('',*,*,#2377,.T.);
#2377 = EDGE_CURVE('',#2359,#2378,#2380,.T.);
#2378 = VERTEX_POINT('',#2379);
#2379 = CARTESIAN_POINT('',(244.6925639128,-217.5,0.));
#2380 = SURFACE_CURVE('',#2381,(#2393),.PCURVE_S1.);
#2381 = B_SPLINE_CURVE_WITH_KNOTS('',3,(#2382,#2383,#2384,#2385,#2386,
    #2387,#2388,#2389,#2390,#2391,#2392),.UNSPECIFIED.,.F.,.F.,(4,1,1,1,
    1,1,1,1,4),(0.,5.840943650496E-02,0.166736580063,0.32066222043,0.5,
    0.67933777957,0.833263419937,0.941590563495,1.),.UNSPECIFIED.);
#2382 = CARTESIAN_POINT('',(244.6925639128,-217.5,741.94164756874));
#2383 = CARTESIAN_POINT('',(256.65196117094,-200.3571445415,
    739.3854344145));
#2384 = CARTESIAN_POINT('',(273.95544516199,-175.5539610211,
    704.28087213719));
#2385 = CARTESIAN_POINT('',(291.04112522025,-151.0629823098,
    621.47981060027));
#2386 = CARTESIAN_POINT('',(302.33280285404,-134.877250422,
    506.74760955864));
#2387 = CARTESIAN_POINT('',(306.52708087515,-128.8650827253,
    370.97082378437));
#2388 = CARTESIAN_POINT('',(302.33280285404,-134.877250422,
    235.1940380101));
#2389 = CARTESIAN_POINT('',(291.04112522025,-151.0629823098,
    120.46183696846));
#2390 = CARTESIAN_POINT('',(273.95544516199,-175.5539610211,
    37.660775431553));
#2391 = CARTESIAN_POINT('',(256.65196117095,-200.3571445415,
    2.556213154243));
#2392 = CARTESIAN_POINT('',(244.6925639128,-217.5,0.));
#2393 = PCURVE('',#2284,#2394);
#2394 = DEFINITIONAL_REPRESENTATION('',(#2395),#2399);
#2395 = LINE('',#2396,#2397);
#2396 = CARTESIAN_POINT('',(1.,0.));
#2397 = VECTOR('',#2398,1.);
#2398 = DIRECTION('',(0.,1.));
#2399 = ( GEOMETRIC_REPRESENTATION_CONTEXT(2) 
PARAMETRIC_REPRESENTATION_CONTEXT() REPRESENTATION_CONTEXT('2D SPACE',''
  ) );
#2400 = ORIENTED_EDGE('',*,*,#2401,.F.);
#2401 = EDGE_CURVE('',#2268,#2378,#2402,.T.);
#2402 = SURFACE_CURVE('',#2403,(#2410),.PCURVE_S1.);
#2403 = B_SPLINE_CURVE_WITH_KNOTS('',3,(#2404,#2405,#2406,#2407,#2408,
    #2409),.UNSPECIFIED.,.F.,.F.,(4,1,1,4),(0.,0.245927774088,
    0.570683182604,1.),.UNSPECIFIED.);
#2404 = CARTESIAN_POINT('',(100.,5.327213576291E-14,0.));
#2405 = CARTESIAN_POINT('',(100.02383903915,-28.5735212333,0.));
#2406 = CARTESIAN_POINT('',(115.7917925972,-86.55688910946,0.));
#2407 = CARTESIAN_POINT('',(170.26349760323,-160.2053917047,0.));
#2408 = CARTESIAN_POINT('',(216.30246159444,-197.5061105719,0.));
#2409 = CARTESIAN_POINT('',(244.6925639128,-217.5,0.));
#2410 = PCURVE('',#2284,#2411);
#2411 = DEFINITIONAL_REPRESENTATION('',(#2412),#2416);
#2412 = LINE('',#2413,#2414);
#2413 = CARTESIAN_POINT('',(0.,1.));
#2414 = VECTOR('',#2415,1.);
#2415 = DIRECTION('',(1.,0.));
#2416 = ( GEOMETRIC_REPRESENTATION_CONTEXT(2) 
PARAMETRIC_REPRESENTATION_CONTEXT() REPRESENTATION_CONTEXT('2D SPACE',''
  ) );
#2417 = ( GEOMETRIC_REPRESENTATION_CONTEXT(3) 
GLOBAL_UNCERTAINTY_ASSIGNED_CONTEXT((#2421)) 
GLOBAL_UNIT_ASSIGNED_CONTEXT((#2418,#2419,#2420)) REPRESENTATION_CONTEXT
('Context #1','3D Context with UNIT and UNCERTAINTY') );
#2418 = ( LENGTH_UNIT() NAMED_UNIT(*) SI_UNIT(.MILLI.,.METRE.) );
#2419 = ( NAMED_UNIT(*) PLANE_ANGLE_UNIT() SI_UNIT($,.RADIAN.) );
#2420 = ( NAMED_UNIT(*) SI_UNIT($,.STERADIAN.) SOLID_ANGLE_UNIT() );
#2421 = UNCERTAINTY_MEASURE_WITH_UNIT(LENGTH_MEASURE(1.E-07),#2418,
  'distance_accuracy_value','confusion accuracy');
#2422 = CONTEXT_DEPENDENT_SHAPE_REPRESENTATION(#2423,#2425);
#2423 = ( REPRESENTATION_RELATIONSHIP('','',#2258,#10) 
REPRESENTATION_RELATIONSHIP_WITH_TRANSFORMATION(#2424) 
SHAPE_REPRESENTATION_RELATIONSHIP() );
#2424 = ITEM_DEFINED_TRANSFORMATION('','',#11,#67);
#2425 = PRODUCT_DEFINITION_SHAPE('Placement','Placement of an item',
  #2426);
#2426 = NEXT_ASSEMBLY_USAGE_OCCURRENCE('14','L07','',#5,#2253,$);
#2427 = PRODUCT_RELATED_PRODUCT_CATEGORY('part',$,(#2255));
#2428 = SHAPE_DEFINITION_REPRESENTATION(#2429,#2435);
#2429 = PRODUCT_DEFINITION_SHAPE('','',#2430);
#2430 = PRODUCT_DEFINITION('design','',#2431,#2434);
#2431 = PRODUCT_DEFINITION_FORMATION('','',#2432);
#2432 = PRODUCT('O08','O08','',(#2433));
#2433 = PRODUCT_CONTEXT('',#2,'mechanical');
#2434 = PRODUCT_DEFINITION_CONTEXT('part definition',#2,'design');
#2435 = MANIFOLD_SURFACE_SHAPE_REPRESENTATION('',(#11,#2436),#2588);
#2436 = SHELL_BASED_SURFACE_MODEL('',(#2437));
#2437 = OPEN_SHELL('',(#2438));
#2438 = ADVANCED_FACE('',(#2439),#2462,.T.);
#2439 = FACE_BOUND('',#2440,.T.);
#2440 = EDGE_LOOP('',(#2441,#2529,#2547,#2572));
#2441 = ORIENTED_EDGE('',*,*,#2442,.F.);
#2442 = EDGE_CURVE('',#2443,#2445,#2447,.T.);
#2443 = VERTEX_POINT('',#2444);
#2444 = CARTESIAN_POINT('',(244.6925639128,-217.5,0.));
#2445 = VERTEX_POINT('',#2446);
#2446 = CARTESIAN_POINT('',(244.6925639128,-217.5,741.94164756874));
#2447 = SURFACE_CURVE('',#2448,(#2461),.PCURVE_S1.);
#2448 = B_SPLINE_CURVE_WITH_KNOTS('',3,(#2449,#2450,#2451,#2452,#2453,
    #2454,#2455,#2456,#2457,#2458,#2459,#2460),.UNSPECIFIED.,.F.,.F.,(4,
    1,1,1,1,1,1,1,1,4),(0.,6.267541046158E-02,0.154300854837,
    0.277330620347,0.422919582815,0.577080417185,0.722669379653,
    0.845699145163,0.937324589538,1.),.UNSPECIFIED.);
#2449 = CARTESIAN_POINT('',(244.6925639128,-217.5,0.));
#2450 = CARTESIAN_POINT('',(235.9891560334,-229.9756507416,
    0.467563557543));
#2451 = CARTESIAN_POINT('',(219.73563460285,-253.2737955026,
    24.876104293706));
#2452 = CARTESIAN_POINT('',(202.66173563575,-277.7478869462,
    95.635409973475));
#2453 = CARTESIAN_POINT('',(190.61041228234,-295.022511233,
    191.0928229025));
#2454 = CARTESIAN_POINT('',(184.00650827041,-304.4886882898,
    309.4237765233));
#2455 = CARTESIAN_POINT('',(184.00650827041,-304.4886882898,
    432.51787104544));
#2456 = CARTESIAN_POINT('',(190.61041228234,-295.022511233,
    550.84882466624));
#2457 = CARTESIAN_POINT('',(202.66173563575,-277.7478869462,
    646.30623759526));
#2458 = CARTESIAN_POINT('',(219.73563460285,-253.2737955026,
    717.06554327503));
#2459 = CARTESIAN_POINT('',(235.9891560334,-229.9756507416,
    741.4740840112));
#2460 = CARTESIAN_POINT('',(244.6925639128,-217.5,741.94164756874));
#2461 = PCURVE('',#2462,#2523);
#2462 = B_SPLINE_SURFACE_WITH_KNOTS('',3,3,(
    (#2463,#2464,#2465,#2466,#2467,#2468,#2469,#2470,#2471,#2472,#2473
      ,#2474)
    ,(#2475,#2476,#2477,#2478,#2479,#2480,#2481,#2482,#2483,#2484,#2485
      ,#2486)
    ,(#2487,#2488,#2489,#2490,#2491,#2492,#2493,#2494,#2495,#2496,#2497
      ,#2498)
    ,(#2499,#2500,#2501,#2502,#2503,#2504,#2505,#2506,#2507,#2508,#2509
      ,#2510)
    ,(#2511,#2512,#2513,#2514,#2515,#2516,#2517,#2518,#2519,#2520,#2521
      ,#2522
    )),.UNSPECIFIED.,.F.,.F.,.F.,(4,1,4),(4,1,1,1,1,1,1,1,1,4),(0.,
    0.465739000761,1.),(0.,6.267541046158E-02,0.154300854837,
    0.277330620347,0.422919582815,0.577080417185,0.722669379653,
    0.845699145163,0.937324589538,1.),.UNSPECIFIED.);
#2463 = CARTESIAN_POINT('',(244.6925639128,-217.5,0.));
#2464 = CARTESIAN_POINT('',(235.9891560334,-229.9756507416,
    0.467563557543));
#2465 = CARTESIAN_POINT('',(219.73563460285,-253.2737955026,
    24.876104293706));
#2466 = CARTESIAN_POINT('',(202.66173563575,-277.7478869462,
    95.635409973475));
#2467 = CARTESIAN_POINT('',(190.61041228234,-295.022511233,
    191.0928229025));
#2468 = CARTESIAN_POINT('',(184.00650827041,-304.4886882898,
    309.4237765233));
#2469 = CARTESIAN_POINT('',(184.00650827041,-304.4886882898,
    432.51787104544));
#2470 = CARTESIAN_POINT('',(190.61041228234,-295.022511233,
    550.84882466624));
#2471 = CARTESIAN_POINT('',(202.66173563575,-277.7478869462,
    646.30623759526));
#2472 = CARTESIAN_POINT('',(219.73563460285,-253.2737955026,
    717.06554327503));
#2473 = CARTESIAN_POINT('',(235.9891560334,-229.9756507416,
    741.4740840112));
#2474 = CARTESIAN_POINT('',(244.6925639128,-217.5,741.94164756874));
#2475 = CARTESIAN_POINT('',(296.46069964156,-253.4578628843,0.));
#2476 = CARTESIAN_POINT('',(288.89565209196,-267.0313486146,
    0.439541113434));
#2477 = CARTESIAN_POINT('',(274.76800644161,-292.3796885134,
    23.385207000759));
#2478 = CARTESIAN_POINT('',(259.92728435515,-319.0074563029,
    89.903701657904));
#2479 = CARTESIAN_POINT('',(249.45221120363,-337.8022166813,
    179.64007415201));
#2480 = CARTESIAN_POINT('',(243.71206337239,-348.1014004163,
    290.87910950691));
#2481 = CARTESIAN_POINT('',(243.7120633724,-348.1014004163,
    406.59581687332));
#2482 = CARTESIAN_POINT('',(249.45221120363,-337.8022166813,
    517.83485222822));
#2483 = CARTESIAN_POINT('',(259.92728435515,-319.0074563029,
    607.57122472233));
#2484 = CARTESIAN_POINT('',(274.76800644161,-292.3796885134,
    674.08971937948));
#2485 = CARTESIAN_POINT('',(288.89565209196,-267.0313486146,
    697.0353852668));
#2486 = CARTESIAN_POINT('',(296.46069964156,-253.4578628843,
    697.47492638023));
#2487 = CARTESIAN_POINT('',(421.46725652706,-316.3821405025,0.));
#2488 = CARTESIAN_POINT('',(415.72844685201,-331.4613707735,
    0.379377314853));
#2489 = CARTESIAN_POINT('',(405.01128096346,-359.6216725496,
    20.184271204837));
#2490 = CARTESIAN_POINT('',(393.7531786269,-389.2033327125,
    77.597803454251));
#2491 = CARTESIAN_POINT('',(385.80683714595,-410.0830481566,
    155.05118153641));
#2492 = CARTESIAN_POINT('',(381.45238785875,-421.524749001,
    251.06396680253));
#2493 = CARTESIAN_POINT('',(381.45238785874,-421.524749001,
    350.94152633573));
#2494 = CARTESIAN_POINT('',(385.80683714596,-410.0830481566,
    446.95431160185));
#2495 = CARTESIAN_POINT('',(393.7531786269,-389.2033327125,
    524.40768968401));
#2496 = CARTESIAN_POINT('',(405.01128096347,-359.6216725496,
    581.82122193342));
#2497 = CARTESIAN_POINT('',(415.72844685201,-331.4613707735,
    601.62611582341));
#2498 = CARTESIAN_POINT('',(421.46725652706,-316.3821405025,
    602.00549313826));
#2499 = CARTESIAN_POINT('',(562.302431173,-358.6236592641,0.));
#2500 = CARTESIAN_POINT('',(557.85449777562,-374.6011534433,
    0.330787262621));
#2501 = CARTESIAN_POINT('',(549.54802957399,-404.4389534921,
    17.599101365436));
#2502 = CARTESIAN_POINT('',(540.82230207832,-435.7827816964,
    67.659198336539));
#2503 = CARTESIAN_POINT('',(534.66339462862,-457.9062937045,
    135.19246907642));
#2504 = CARTESIAN_POINT('',(531.28842638459,-470.0295722378,
    218.90808719947));
#2505 = CARTESIAN_POINT('',(531.28842638459,-470.0295722378,
    305.99348535524));
#2506 = CARTESIAN_POINT('',(534.66339462862,-457.9062937045,
    389.70910347829));
#2507 = CARTESIAN_POINT('',(540.82230207833,-435.7827816964,
    457.24237421817));
#2508 = CARTESIAN_POINT('',(549.54802957399,-404.4389534921,
    507.30247118927));
#2509 = CARTESIAN_POINT('',(557.85449777562,-374.6011534433,
    524.57078529209));
#2510 = CARTESIAN_POINT('',(562.302431173,-358.6236592641,
    524.90157255471));
#2511 = CARTESIAN_POINT('',(640.,-376.7210506462,0.));
#2512 = CARTESIAN_POINT('',(636.19534190248,-393.0820851766,
    0.309014222022));
#2513 = CARTESIAN_POINT('',(629.09018346561,-423.6361427425,
    16.440695369107));
#2514 = CARTESIAN_POINT('',(621.6264004439,-455.7323807267,
    63.205742479198));
#2515 = CARTESIAN_POINT('',(616.35821519766,-478.3869684761,
    126.2938461533));
#2516 = CARTESIAN_POINT('',(613.47134637313,-490.8012667684,
    204.49914462955));
#2517 = CARTESIAN_POINT('',(613.47134637313,-490.8012667684,
    285.85241787044));
#2518 = CARTESIAN_POINT('',(616.35821519766,-478.3869684761,
    364.05771634669));
#2519 = CARTESIAN_POINT('',(621.6264004439,-455.7323807267,
    427.1458200208));
#2520 = CARTESIAN_POINT('',(629.09018346561,-423.6361427425,
    473.91086713089));
#2521 = CARTESIAN_POINT('',(636.19534190248,-393.0820851766,
    490.04254827797));
#2522 = CARTESIAN_POINT('',(640.,-376.7210506462,490.3515625));
#2523 = DEFINITIONAL_REPRESENTATION('',(#2524),#2528);
#2524 = LINE('',#2525,#2526);
#2525 = CARTESIAN_POINT('',(0.,0.));
#2526 = VECTOR('',#2527,1.);
#2527 = DIRECTION('',(0.,1.));
#2528 = ( GEOMETRIC_REPRESENTATION_CONTEXT(2) 
PARAMETRIC_REPRESENTATION_CONTEXT() REPRESENTATION_CONTEXT('2D SPACE',''
  ) );
#2529 = ORIENTED_EDGE('',*,*,#2530,.T.);
#2530 = EDGE_CURVE('',#2443,#2531,#2533,.T.);
#2531 = VERTEX_POINT('',#2532);
#2532 = CARTESIAN_POINT('',(640.,-376.7210506462,0.));
#2533 = SURFACE_CURVE('',#2534,(#2540),.PCURVE_S1.);
#2534 = B_SPLINE_CURVE_WITH_KNOTS('',3,(#2535,#2536,#2537,#2538,#2539),
  .UNSPECIFIED.,.F.,.F.,(4,1,4),(0.,0.465739000761,1.),.UNSPECIFIED.);
#2535 = CARTESIAN_POINT('',(244.6925639128,-217.5,0.));
#2536 = CARTESIAN_POINT('',(296.46069964156,-253.4578628843,0.));
#2537 = CARTESIAN_POINT('',(421.46725652706,-316.3821405025,0.));
#2538 = CARTESIAN_POINT('',(562.302431173,-358.6236592641,0.));
#2539 = CARTESIAN_POINT('',(640.,-376.7210506462,0.));
#2540 = PCURVE('',#2462,#2541);
#2541 = DEFINITIONAL_REPRESENTATION('',(#2542),#2546);
#2542 = LINE('',#2543,#2544);
#2543 = CARTESIAN_POINT('',(0.,0.));
#2544 = VECTOR('',#2545,1.);
#2545 = DIRECTION('',(1.,0.));
#2546 = ( GEOMETRIC_REPRESENTATION_CONTEXT(2) 
PARAMETRIC_REPRESENTATION_CONTEXT() REPRESENTATION_CONTEXT('2D SPACE',''
  ) );
#2547 = ORIENTED_EDGE('',*,*,#2548,.T.);
#2548 = EDGE_CURVE('',#2531,#2549,#2551,.T.);
#2549 = VERTEX_POINT('',#2550);
#2550 = CARTESIAN_POINT('',(640.,-376.7210506462,490.3515625));
#2551 = SURFACE_CURVE('',#2552,(#2565),.PCURVE_S1.);
#2552 = B_SPLINE_CURVE_WITH_KNOTS('',3,(#2553,#2554,#2555,#2556,#2557,
    #2558,#2559,#2560,#2561,#2562,#2563,#2564),.UNSPECIFIED.,.F.,.F.,(4,
    1,1,1,1,1,1,1,1,4),(0.,6.267541046158E-02,0.154300854837,
    0.277330620347,0.422919582815,0.577080417185,0.722669379653,
    0.845699145163,0.937324589538,1.),.UNSPECIFIED.);
#2553 = CARTESIAN_POINT('',(640.,-376.7210506462,0.));
#2554 = CARTESIAN_POINT('',(636.19534190248,-393.0820851766,
    0.309014222022));
#2555 = CARTESIAN_POINT('',(629.09018346561,-423.6361427425,
    16.440695369107));
#2556 = CARTESIAN_POINT('',(621.6264004439,-455.7323807267,
    63.205742479198));
#2557 = CARTESIAN_POINT('',(616.35821519766,-478.3869684761,
    126.2938461533));
#2558 = CARTESIAN_POINT('',(613.47134637313,-490.8012667684,
    204.49914462955));
#2559 = CARTESIAN_POINT('',(613.47134637313,-490.8012667684,
    285.85241787044));
#2560 = CARTESIAN_POINT('',(616.35821519766,-478.3869684761,
    364.05771634669));
#2561 = CARTESIAN_POINT('',(621.6264004439,-455.7323807267,
    427.1458200208));
#2562 = CARTESIAN_POINT('',(629.09018346561,-423.6361427425,
    473.91086713089));
#2563 = CARTESIAN_POINT('',(636.19534190248,-393.0820851766,
    490.04254827797));
#2564 = CARTESIAN_POINT('',(640.,-376.7210506462,490.3515625));
#2565 = PCURVE('',#2462,#2566);
#2566 = DEFINITIONAL_REPRESENTATION('',(#2567),#2571);
#2567 = LINE('',#2568,#2569);
#2568 = CARTESIAN_POINT('',(1.,0.));
#2569 = VECTOR('',#2570,1.);
#2570 = DIRECTION('',(0.,1.));
#2571 = ( GEOMETRIC_REPRESENTATION_CONTEXT(2) 
PARAMETRIC_REPRESENTATION_CONTEXT() REPRESENTATION_CONTEXT('2D SPACE',''
  ) );
#2572 = ORIENTED_EDGE('',*,*,#2573,.F.);
#2573 = EDGE_CURVE('',#2445,#2549,#2574,.T.);
#2574 = SURFACE_CURVE('',#2575,(#2581),.PCURVE_S1.);
#2575 = B_SPLINE_CURVE_WITH_KNOTS('',3,(#2576,#2577,#2578,#2579,#2580),
  .UNSPECIFIED.,.F.,.F.,(4,1,4),(0.,0.465739000761,1.),.UNSPECIFIED.);
#2576 = CARTESIAN_POINT('',(244.6925639128,-217.5,741.94164756874));
#2577 = CARTESIAN_POINT('',(296.46069964156,-253.4578628843,
    697.47492638023));
#2578 = CARTESIAN_POINT('',(421.46725652706,-316.3821405025,
    602.00549313826));
#2579 = CARTESIAN_POINT('',(562.302431173,-358.6236592641,
    524.90157255471));
#2580 = CARTESIAN_POINT('',(640.,-376.7210506462,490.3515625));
#2581 = PCURVE('',#2462,#2582);
#2582 = DEFINITIONAL_REPRESENTATION('',(#2583),#2587);
#2583 = LINE('',#2584,#2585);
#2584 = CARTESIAN_POINT('',(0.,1.));
#2585 = VECTOR('',#2586,1.);
#2586 = DIRECTION('',(1.,0.));
#2587 = ( GEOMETRIC_REPRESENTATION_CONTEXT(2) 
PARAMETRIC_REPRESENTATION_CONTEXT() REPRESENTATION_CONTEXT('2D SPACE',''
  ) );
#2588 = ( GEOMETRIC_REPRESENTATION_CONTEXT(3) 
GLOBAL_UNCERTAINTY_ASSIGNED_CONTEXT((#2592)) 
GLOBAL_UNIT_ASSIGNED_CONTEXT((#2589,#2590,#2591)) REPRESENTATION_CONTEXT
('Context #1','3D Context with UNIT and UNCERTAINTY') );
#2589 = ( LENGTH_UNIT() NAMED_UNIT(*) SI_UNIT(.MILLI.,.METRE.) );
#2590 = ( NAMED_UNIT(*) PLANE_ANGLE_UNIT() SI_UNIT($,.RADIAN.) );
#2591 = ( NAMED_UNIT(*) SI_UNIT($,.STERADIAN.) SOLID_ANGLE_UNIT() );
#2592 = UNCERTAINTY_MEASURE_WITH_UNIT(LENGTH_MEASURE(1.E-07),#2589,
  'distance_accuracy_value','confusion accuracy');
#2593 = CONTEXT_DEPENDENT_SHAPE_REPRESENTATION(#2594,#2596);
#2594 = ( REPRESENTATION_RELATIONSHIP('','',#2435,#10) 
REPRESENTATION_RELATIONSHIP_WITH_TRANSFORMATION(#2595) 
SHAPE_REPRESENTATION_RELATIONSHIP() );
#2595 = ITEM_DEFINED_TRANSFORMATION('','',#11,#71);
#2596 = PRODUCT_DEFINITION_SHAPE('Placement','Placement of an item',
  #2597);
#2597 = NEXT_ASSEMBLY_USAGE_OCCURRENCE('15','O08','',#5,#2430,$);
#2598 = PRODUCT_RELATED_PRODUCT_CATEGORY('part',$,(#2432));
#2599 = SHAPE_DEFINITION_REPRESENTATION(#2600,#2606);
#2600 = PRODUCT_DEFINITION_SHAPE('','',#2601);
#2601 = PRODUCT_DEFINITION('design','',#2602,#2605);
#2602 = PRODUCT_DEFINITION_FORMATION('','',#2603);
#2603 = PRODUCT('L08','L08','',(#2604));
#2604 = PRODUCT_CONTEXT('',#2,'mechanical');
#2605 = PRODUCT_DEFINITION_CONTEXT('part definition',#2,'design');
#2606 = MANIFOLD_SURFACE_SHAPE_REPRESENTATION('',(#11,#2607),#2759);
#2607 = SHELL_BASED_SURFACE_MODEL('',(#2608));
#2608 = OPEN_SHELL('',(#2609));
#2609 = ADVANCED_FACE('',(#2610),#2633,.T.);
#2610 = FACE_BOUND('',#2611,.T.);
#2611 = EDGE_LOOP('',(#2612,#2700,#2718,#2743));
#2612 = ORIENTED_EDGE('',*,*,#2613,.F.);
#2613 = EDGE_CURVE('',#2614,#2616,#2618,.T.);
#2614 = VERTEX_POINT('',#2615);
#2615 = CARTESIAN_POINT('',(244.6925639128,-217.5,741.94164756874));
#2616 = VERTEX_POINT('',#2617);
#2617 = CARTESIAN_POINT('',(244.6925639128,-217.5,0.));
#2618 = SURFACE_CURVE('',#2619,(#2632),.PCURVE_S1.);
#2619 = B_SPLINE_CURVE_WITH_KNOTS('',3,(#2620,#2621,#2622,#2623,#2624,
    #2625,#2626,#2627,#2628,#2629,#2630,#2631),.UNSPECIFIED.,.F.,.F.,(4,
    1,1,1,1,1,1,1,1,4),(0.,6.267541046158E-02,0.154300854837,
    0.277330620347,0.422919582815,0.577080417185,0.722669379653,
    0.845699145163,0.937324589538,1.),.UNSPECIFIED.);
#2620 = CARTESIAN_POINT('',(244.6925639128,-217.5,741.94164756874));
#2621 = CARTESIAN_POINT('',(253.3959717922,-205.0243492583,
    741.4740840112));
#2622 = CARTESIAN_POINT('',(269.64949322275,-181.7262044973,
    717.06554327503));
#2623 = CARTESIAN_POINT('',(286.72339218985,-157.2521130537,
    646.30623759526));
#2624 = CARTESIAN_POINT('',(298.77471554326,-139.9774887669,
    550.84882466624));
#2625 = CARTESIAN_POINT('',(305.3786195552,-130.5113117101,
    432.51787104543));
#2626 = CARTESIAN_POINT('',(305.3786195552,-130.5113117101,
    309.4237765233));
#2627 = CARTESIAN_POINT('',(298.77471554327,-139.9774887669,
    191.0928229025));
#2628 = CARTESIAN_POINT('',(286.72339218985,-157.2521130537,
    95.635409973478));
#2629 = CARTESIAN_POINT('',(269.64949322275,-181.7262044973,
    24.876104293704));
#2630 = CARTESIAN_POINT('',(253.3959717922,-205.0243492583,
    0.467563557544));
#2631 = CARTESIAN_POINT('',(244.6925639128,-217.5,0.));
#2632 = PCURVE('',#2633,#2694);
#2633 = B_SPLINE_SURFACE_WITH_KNOTS('',3,3,(
    (#2634,#2635,#2636,#2637,#2638,#2639,#2640,#2641,#2642,#2643,#2644
      ,#2645)
    ,(#2646,#2647,#2648,#2649,#2650,#2651,#2652,#2653,#2654,#2655,#2656
      ,#2657)
    ,(#2658,#2659,#2660,#2661,#2662,#2663,#2664,#2665,#2666,#2667,#2668
      ,#2669)
    ,(#2670,#2671,#2672,#2673,#2674,#2675,#2676,#2677,#2678,#2679,#2680
      ,#2681)
    ,(#2682,#2683,#2684,#2685,#2686,#2687,#2688,#2689,#2690,#2691,#2692
      ,#2693
    )),.UNSPECIFIED.,.F.,.F.,.F.,(4,1,4),(4,1,1,1,1,1,1,1,1,4),(0.,
    0.455546235356,1.),(0.,6.267541046158E-02,0.154300854837,
    0.277330620347,0.422919582815,0.577080417185,0.722669379653,
    0.845699145163,0.937324589538,1.),.UNSPECIFIED.);
#2634 = CARTESIAN_POINT('',(244.6925639128,-217.5,741.94164756874));
#2635 = CARTESIAN_POINT('',(253.3959717922,-205.0243492583,
    741.4740840112));
#2636 = CARTESIAN_POINT('',(269.64949322275,-181.7262044973,
    717.06554327503));
#2637 = CARTESIAN_POINT('',(286.72339218985,-157.2521130537,
    646.30623759526));
#2638 = CARTESIAN_POINT('',(298.77471554326,-139.9774887669,
    550.84882466624));
#2639 = CARTESIAN_POINT('',(305.3786195552,-130.5113117101,
    432.51787104543));
#2640 = CARTESIAN_POINT('',(305.3786195552,-130.5113117101,
    309.4237765233));
#2641 = CARTESIAN_POINT('',(298.77471554327,-139.9774887669,
    191.0928229025));
#2642 = CARTESIAN_POINT('',(286.72339218985,-157.2521130537,
    95.635409973478));
#2643 = CARTESIAN_POINT('',(269.64949322275,-181.7262044973,
    24.876104293704));
#2644 = CARTESIAN_POINT('',(253.3959717922,-205.0243492583,
    0.467563557544));
#2645 = CARTESIAN_POINT('',(244.6925639128,-217.5,0.));
#2646 = CARTESIAN_POINT('',(298.19185627862,-254.5802788865,
    695.97805775463));
#2647 = CARTESIAN_POINT('',(305.72293523026,-240.975812161,
    695.53945995153));
#2648 = CARTESIAN_POINT('',(319.78714488603,-215.569615584,
    672.6430383396));
#2649 = CARTESIAN_POINT('',(334.56122912006,-188.8810708679,
    606.26730071057));
#2650 = CARTESIAN_POINT('',(344.9892670684,-170.0434121219,
    516.72351372095));
#2651 = CARTESIAN_POINT('',(350.70364047156,-159.7207208689,
    405.72321128055));
#2652 = CARTESIAN_POINT('',(350.70364047156,-159.7207208689,
    290.25484647408));
#2653 = CARTESIAN_POINT('',(344.9892670684,-170.0434121219,
    179.25454403368));
#2654 = CARTESIAN_POINT('',(334.56122912006,-188.8810708679,
    89.710757044061));
#2655 = CARTESIAN_POINT('',(319.78714488602,-215.5696155841,
    23.335019415028));
#2656 = CARTESIAN_POINT('',(305.72293523026,-240.975812161,
    0.438597803105));
#2657 = CARTESIAN_POINT('',(298.19185627862,-254.5802788865,0.));
#2658 = CARTESIAN_POINT('',(425.85473362138,-317.9278063274,
    599.27976528428));
#2659 = CARTESIAN_POINT('',(431.54893220958,-302.8167132199,
    598.90210569348));
#2660 = CARTESIAN_POINT('',(442.18278736904,-274.5969079362,
    579.18688332898));
#2661 = CARTESIAN_POINT('',(453.35337396463,-244.9527408957,
    522.0333049601));
#2662 = CARTESIAN_POINT('',(461.23794393721,-224.0289060272,
    444.93061608665));
#2663 = CARTESIAN_POINT('',(465.55854357156,-212.5630285479,
    349.35255230749));
#2664 = CARTESIAN_POINT('',(465.55854357156,-212.5630285479,
    249.92721297678));
#2665 = CARTESIAN_POINT('',(461.23794393721,-224.0289060272,
    154.34914919763));
#2666 = CARTESIAN_POINT('',(453.35337396463,-244.9527408957,
    77.246460324175));
#2667 = CARTESIAN_POINT('',(442.18278736904,-274.5969079362,
    20.092881955299));
#2668 = CARTESIAN_POINT('',(431.54893220958,-302.8167132199,
    0.377659590803));
#2669 = CARTESIAN_POINT('',(425.85473362138,-317.9278063274,0.));
#2670 = CARTESIAN_POINT('',(562.80653244363,-358.7083549025,
    524.73637999816));
#2671 = CARTESIAN_POINT('',(567.25066950939,-342.7284379421,
    524.4056968381));
#2672 = CARTESIAN_POINT('',(575.55004810218,-312.8861133752,
    507.14281727216));
#2673 = CARTESIAN_POINT('',(584.26832814928,-281.5375322831,
    457.09847478881));
#2674 = CARTESIAN_POINT('',(590.42197894314,-259.4106655293,
    389.58645754527));
#2675 = CARTESIAN_POINT('',(593.79406663624,-247.285548657,
    305.89718568921));
#2676 = CARTESIAN_POINT('',(593.79406663624,-247.285548657,
    218.83919430895));
#2677 = CARTESIAN_POINT('',(590.42197894314,-259.4106655293,
    135.14992245289));
#2678 = CARTESIAN_POINT('',(584.26832814928,-281.5375322831,
    67.63790520935));
#2679 = CARTESIAN_POINT('',(575.55004810218,-312.8861133752,
    17.593562726004));
#2680 = CARTESIAN_POINT('',(567.25066950939,-342.7284379421,
    0.330683160069));
#2681 = CARTESIAN_POINT('',(562.80653244363,-358.7083549025,0.));
#2682 = CARTESIAN_POINT('',(640.,-376.7210506462,490.3515625));
#2683 = CARTESIAN_POINT('',(643.80465809751,-360.3600161157,
    490.04254827797));
#2684 = CARTESIAN_POINT('',(650.90981653438,-329.8059585498,
    473.91086713089));
#2685 = CARTESIAN_POINT('',(658.37359955609,-297.7097205657,
    427.14582002079));
#2686 = CARTESIAN_POINT('',(663.64178480233,-275.0551328163,
    364.05771634669));
#2687 = CARTESIAN_POINT('',(666.52865362686,-262.6408345239,
    285.85241787044));
#2688 = CARTESIAN_POINT('',(666.52865362686,-262.6408345239,
    204.49914462955));
#2689 = CARTESIAN_POINT('',(663.64178480233,-275.0551328163,
    126.2938461533));
#2690 = CARTESIAN_POINT('',(658.37359955609,-297.7097205657,
    63.2057424792));
#2691 = CARTESIAN_POINT('',(650.90981653438,-329.8059585498,
    16.440695369107));
#2692 = CARTESIAN_POINT('',(643.80465809751,-360.3600161157,
    0.309014222023));
#2693 = CARTESIAN_POINT('',(640.,-376.7210506462,0.));
#2694 = DEFINITIONAL_REPRESENTATION('',(#2695),#2699);
#2695 = LINE('',#2696,#2697);
#2696 = CARTESIAN_POINT('',(0.,0.));
#2697 = VECTOR('',#2698,1.);
#2698 = DIRECTION('',(0.,1.));
#2699 = ( GEOMETRIC_REPRESENTATION_CONTEXT(2) 
PARAMETRIC_REPRESENTATION_CONTEXT() REPRESENTATION_CONTEXT('2D SPACE',''
  ) );
#2700 = ORIENTED_EDGE('',*,*,#2701,.T.);
#2701 = EDGE_CURVE('',#2614,#2702,#2704,.T.);
#2702 = VERTEX_POINT('',#2703);
#2703 = CARTESIAN_POINT('',(640.,-376.7210506462,490.3515625));
#2704 = SURFACE_CURVE('',#2705,(#2711),.PCURVE_S1.);
#2705 = B_SPLINE_CURVE_WITH_KNOTS('',3,(#2706,#2707,#2708,#2709,#2710),
  .UNSPECIFIED.,.F.,.F.,(4,1,4),(0.,0.455546235356,1.),.UNSPECIFIED.);
#2706 = CARTESIAN_POINT('',(244.6925639128,-217.5,741.94164756874));
#2707 = CARTESIAN_POINT('',(298.19185627862,-254.5802788865,
    695.97805775463));
#2708 = CARTESIAN_POINT('',(425.85473362138,-317.9278063274,
    599.27976528428));
#2709 = CARTESIAN_POINT('',(562.80653244363,-358.7083549025,
    524.73637999816));
#2710 = CARTESIAN_POINT('',(640.,-376.7210506462,490.3515625));
#2711 = PCURVE('',#2633,#2712);
#2712 = DEFINITIONAL_REPRESENTATION('',(#2713),#2717);
#2713 = LINE('',#2714,#2715);
#2714 = CARTESIAN_POINT('',(0.,0.));
#2715 = VECTOR('',#2716,1.);
#2716 = DIRECTION('',(1.,0.));
#2717 = ( GEOMETRIC_REPRESENTATION_CONTEXT(2) 
PARAMETRIC_REPRESENTATION_CONTEXT() REPRESENTATION_CONTEXT('2D SPACE',''
  ) );
#2718 = ORIENTED_EDGE('',*,*,#2719,.T.);
#2719 = EDGE_CURVE('',#2702,#2720,#2722,.T.);
#2720 = VERTEX_POINT('',#2721);
#2721 = CARTESIAN_POINT('',(640.,-376.7210506462,0.));
#2722 = SURFACE_CURVE('',#2723,(#2736),.PCURVE_S1.);
#2723 = B_SPLINE_CURVE_WITH_KNOTS('',3,(#2724,#2725,#2726,#2727,#2728,
    #2729,#2730,#2731,#2732,#2733,#2734,#2735),.UNSPECIFIED.,.F.,.F.,(4,
    1,1,1,1,1,1,1,1,4),(0.,6.267541046158E-02,0.154300854837,
    0.277330620347,0.422919582815,0.577080417185,0.722669379653,
    0.845699145163,0.937324589538,1.),.UNSPECIFIED.);
#2724 = CARTESIAN_POINT('',(640.,-376.7210506462,490.3515625));
#2725 = CARTESIAN_POINT('',(643.80465809751,-360.3600161157,
    490.04254827797));
#2726 = CARTESIAN_POINT('',(650.90981653438,-329.8059585498,
    473.91086713089));
#2727 = CARTESIAN_POINT('',(658.37359955609,-297.7097205657,
    427.14582002079));
#2728 = CARTESIAN_POINT('',(663.64178480233,-275.0551328163,
    364.05771634669));
#2729 = CARTESIAN_POINT('',(666.52865362686,-262.6408345239,
    285.85241787044));
#2730 = CARTESIAN_POINT('',(666.52865362686,-262.6408345239,
    204.49914462955));
#2731 = CARTESIAN_POINT('',(663.64178480233,-275.0551328163,
    126.2938461533));
#2732 = CARTESIAN_POINT('',(658.37359955609,-297.7097205657,
    63.2057424792));
#2733 = CARTESIAN_POINT('',(650.90981653438,-329.8059585498,
    16.440695369107));
#2734 = CARTESIAN_POINT('',(643.80465809751,-360.3600161157,
    0.309014222023));
#2735 = CARTESIAN_POINT('',(640.,-376.7210506462,0.));
#2736 = PCURVE('',#2633,#2737);
#2737 = DEFINITIONAL_REPRESENTATION('',(#2738),#2742);
#2738 = LINE('',#2739,#2740);
#2739 = CARTESIAN_POINT('',(1.,0.));
#2740 = VECTOR('',#2741,1.);
#2741 = DIRECTION('',(0.,1.));
#2742 = ( GEOMETRIC_REPRESENTATION_CONTEXT(2) 
PARAMETRIC_REPRESENTATION_CONTEXT() REPRESENTATION_CONTEXT('2D SPACE',''
  ) );
#2743 = ORIENTED_EDGE('',*,*,#2744,.F.);
#2744 = EDGE_CURVE('',#2616,#2720,#2745,.T.);
#2745 = SURFACE_CURVE('',#2746,(#2752),.PCURVE_S1.);
#2746 = B_SPLINE_CURVE_WITH_KNOTS('',3,(#2747,#2748,#2749,#2750,#2751),
  .UNSPECIFIED.,.F.,.F.,(4,1,4),(0.,0.455546235356,1.),.UNSPECIFIED.);
#2747 = CARTESIAN_POINT('',(244.6925639128,-217.5,0.));
#2748 = CARTESIAN_POINT('',(298.19185627862,-254.5802788865,0.));
#2749 = CARTESIAN_POINT('',(425.85473362138,-317.9278063274,0.));
#2750 = CARTESIAN_POINT('',(562.80653244363,-358.7083549025,0.));
#2751 = CARTESIAN_POINT('',(640.,-376.7210506462,0.));
#2752 = PCURVE('',#2633,#2753);
#2753 = DEFINITIONAL_REPRESENTATION('',(#2754),#2758);
#2754 = LINE('',#2755,#2756);
#2755 = CARTESIAN_POINT('',(0.,1.));
#2756 = VECTOR('',#2757,1.);
#2757 = DIRECTION('',(1.,0.));
#2758 = ( GEOMETRIC_REPRESENTATION_CONTEXT(2) 
PARAMETRIC_REPRESENTATION_CONTEXT() REPRESENTATION_CONTEXT('2D SPACE',''
  ) );
#2759 = ( GEOMETRIC_REPRESENTATION_CONTEXT(3) 
GLOBAL_UNCERTAINTY_ASSIGNED_CONTEXT((#2763)) 
GLOBAL_UNIT_ASSIGNED_CONTEXT((#2760,#2761,#2762)) REPRESENTATION_CONTEXT
('Context #1','3D Context with UNIT and UNCERTAINTY') );
#2760 = ( LENGTH_UNIT() NAMED_UNIT(*) SI_UNIT(.MILLI.,.METRE.) );
#2761 = ( NAMED_UNIT(*) PLANE_ANGLE_UNIT() SI_UNIT($,.RADIAN.) );
#2762 = ( NAMED_UNIT(*) SI_UNIT($,.STERADIAN.) SOLID_ANGLE_UNIT() );
#2763 = UNCERTAINTY_MEASURE_WITH_UNIT(LENGTH_MEASURE(1.E-07),#2760,
  'distance_accuracy_value','confusion accuracy');
#2764 = CONTEXT_DEPENDENT_SHAPE_REPRESENTATION(#2765,#2767);
#2765 = ( REPRESENTATION_RELATIONSHIP('','',#2606,#10) 
REPRESENTATION_RELATIONSHIP_WITH_TRANSFORMATION(#2766) 
SHAPE_REPRESENTATION_RELATIONSHIP() );
#2766 = ITEM_DEFINED_TRANSFORMATION('','',#11,#75);
#2767 = PRODUCT_DEFINITION_SHAPE('Placement','Placement of an item',
  #2768);
#2768 = NEXT_ASSEMBLY_USAGE_OCCURRENCE('16','L08','',#5,#2601,$);
#2769 = PRODUCT_RELATED_PRODUCT_CATEGORY('part',$,(#2603));
#2770 = SHAPE_DEFINITION_REPRESENTATION(#2771,#2777);
#2771 = PRODUCT_DEFINITION_SHAPE('','',#2772);
#2772 = PRODUCT_DEFINITION('design','',#2773,#2776);
#2773 = PRODUCT_DEFINITION_FORMATION('','',#2774);
#2774 = PRODUCT('O09','O09','',(#2775));
#2775 = PRODUCT_CONTEXT('',#2,'mechanical');
#2776 = PRODUCT_DEFINITION_CONTEXT('part definition',#2,'design');
#2777 = MANIFOLD_SURFACE_SHAPE_REPRESENTATION('',(#11,#2778),#2909);
#2778 = SHELL_BASED_SURFACE_MODEL('',(#2779));
#2779 = OPEN_SHELL('',(#2780));
#2780 = ADVANCED_FACE('',(#2781),#2801,.T.);
#2781 = FACE_BOUND('',#2782,.T.);
#2782 = EDGE_LOOP('',(#2783,#2853,#2871,#2893));
#2783 = ORIENTED_EDGE('',*,*,#2784,.F.);
#2784 = EDGE_CURVE('',#2785,#2787,#2789,.T.);
#2785 = VERTEX_POINT('',#2786);
#2786 = CARTESIAN_POINT('',(640.,-376.7210506462,0.));
#2787 = VERTEX_POINT('',#2788);
#2788 = CARTESIAN_POINT('',(640.,-376.7210506462,490.3515625));
#2789 = SURFACE_CURVE('',#2790,(#2800),.PCURVE_S1.);
#2790 = B_SPLINE_CURVE_WITH_KNOTS('',3,(#2791,#2792,#2793,#2794,#2795,
    #2796,#2797,#2798,#2799),.UNSPECIFIED.,.F.,.F.,(4,1,1,1,1,1,4),(0.,
    0.130904604442,0.299712423795,0.5,0.700287576205,0.869095395558,1.),
  .UNSPECIFIED.);
#2791 = CARTESIAN_POINT('',(640.,-376.7210506462,0.));
#2792 = CARTESIAN_POINT('',(634.64918560083,-399.7309655734,
    0.252337134462));
#2793 = CARTESIAN_POINT('',(624.65040961711,-442.7283427198,
    32.205910653238));
#2794 = CARTESIAN_POINT('',(615.55233106598,-481.8524830553,
    128.02196444278));
#2795 = CARTESIAN_POINT('',(612.57303010792,-494.6642639308,
    245.17578124999));
#2796 = CARTESIAN_POINT('',(615.55233106598,-481.8524830553,
    362.32959805721));
#2797 = CARTESIAN_POINT('',(624.65040961711,-442.7283427198,
    458.14565184676));
#2798 = CARTESIAN_POINT('',(634.64918560083,-399.7309655734,
    490.09922536553));
#2799 = CARTESIAN_POINT('',(640.,-376.7210506462,490.3515625));
#2800 = PCURVE('',#2801,#2847);
#2801 = B_SPLINE_SURFACE_WITH_KNOTS('',3,3,(
    (#2802,#2803,#2804,#2805,#2806,#2807,#2808,#2809,#2810)
    ,(#2811,#2812,#2813,#2814,#2815,#2816,#2817,#2818,#2819)
    ,(#2820,#2821,#2822,#2823,#2824,#2825,#2826,#2827,#2828)
    ,(#2829,#2830,#2831,#2832,#2833,#2834,#2835,#2836,#2837)
    ,(#2838,#2839,#2840,#2841,#2842,#2843,#2844,#2845,#2846
  )),.UNSPECIFIED.,.F.,.F.,.F.,(4,1,4),(4,1,1,1,1,1,4),(0.,
    0.490332052197,1.),(0.,0.130904604442,0.299712423795,0.5,
    0.700287576205,0.869095395558,1.),.UNSPECIFIED.);
#2802 = CARTESIAN_POINT('',(640.,-376.7210506462,0.));
#2803 = CARTESIAN_POINT('',(634.64918560083,-399.7309655734,
    0.252337134462));
#2804 = CARTESIAN_POINT('',(624.65040961711,-442.7283427198,
    32.205910653238));
#2805 = CARTESIAN_POINT('',(615.55233106598,-481.8524830553,
    128.02196444278));
#2806 = CARTESIAN_POINT('',(612.57303010792,-494.6642639308,
    245.17578124999));
#2807 = CARTESIAN_POINT('',(615.55233106598,-481.8524830553,
    362.32959805721));
#2808 = CARTESIAN_POINT('',(624.65040961711,-442.7283427198,
    458.14565184676));
#2809 = CARTESIAN_POINT('',(634.64918560083,-399.7309655734,
    490.09922536553));
#2810 = CARTESIAN_POINT('',(640.,-376.7210506462,490.3515625));
#2811 = CARTESIAN_POINT('',(724.45134590648,-396.3361239233,0.));
#2812 = CARTESIAN_POINT('',(720.07773868579,-419.930205233,
    0.232958943652));
#2813 = CARTESIAN_POINT('',(711.905016633,-464.0191823416,
    29.732662777284));
#2814 = CARTESIAN_POINT('',(704.46849966993,-504.136590475,
    118.19053768876));
#2815 = CARTESIAN_POINT('',(702.03330173356,-517.2736316442,
    226.34754544132));
#2816 = CARTESIAN_POINT('',(704.46849966993,-504.136590475,
    334.50455319389));
#2817 = CARTESIAN_POINT('',(711.905016633,-464.0191823416,
    422.96242810537));
#2818 = CARTESIAN_POINT('',(720.07773868579,-419.930205233,452.462131939
    ));
#2819 = CARTESIAN_POINT('',(724.45134590648,-396.3361239233,
    452.69509088265));
#2820 = CARTESIAN_POINT('',(902.61282969379,-425.4398489698,0.));
#2821 = CARTESIAN_POINT('',(900.05486180787,-449.8937158166,
    0.201579682223));
#2822 = CARTESIAN_POINT('',(895.27492627713,-495.5893274184,
    25.727712447218));
#2823 = CARTESIAN_POINT('',(890.92557101618,-537.1686431738,
    102.27042866682));
#2824 = CARTESIAN_POINT('',(889.5013100337,-550.7844077079,
    195.85883060219));
#2825 = CARTESIAN_POINT('',(890.92557101618,-537.1686431738,
    289.44723253757));
#2826 = CARTESIAN_POINT('',(895.27492627713,-495.5893274184,
    365.98994875717));
#2827 = CARTESIAN_POINT('',(900.05486180787,-449.8937158167,
    391.51608152216));
#2828 = CARTESIAN_POINT('',(902.61282969379,-425.4398489698,
    391.71766120439));
#2829 = CARTESIAN_POINT('',(1.086224317809E+03,-434.9867949935,0.));
#2830 = CARTESIAN_POINT('',(1.08535909712E+03,-459.7258389281,
    0.184229510224));
#2831 = CARTESIAN_POINT('',(1.083742306254E+03,-505.9543454509,
    23.513301594075));
#2832 = CARTESIAN_POINT('',(1.082271157153E+03,-548.018552543,
    93.467906963421));
#2833 = CARTESIAN_POINT('',(1.081789407528E+03,-561.7931019475,
    179.001058227));
#2834 = CARTESIAN_POINT('',(1.082271157153E+03,-548.018552543,
    264.53420949059));
#2835 = CARTESIAN_POINT('',(1.083742306254E+03,-505.9543454509,
    334.48881485994));
#2836 = CARTESIAN_POINT('',(1.08535909712E+03,-459.7258389281,
    357.81788694379));
#2837 = CARTESIAN_POINT('',(1.086224317809E+03,-434.9867949935,
    358.00211645401));
#2838 = CARTESIAN_POINT('',(1.18E+03,-435.,0.));
#2839 = CARTESIAN_POINT('',(1.18E+03,-459.7391636773,0.177860190052));
#2840 = CARTESIAN_POINT('',(1.18E+03,-505.9678939567,22.70038217636));
#2841 = CARTESIAN_POINT('',(1.18E+03,-548.0323046492,90.23646470085));
#2842 = CARTESIAN_POINT('',(1.18E+03,-561.8069207258,172.81249999999));
#2843 = CARTESIAN_POINT('',(1.18E+03,-548.0323046492,255.38853529915));
#2844 = CARTESIAN_POINT('',(1.18E+03,-505.9678939567,322.92461782363));
#2845 = CARTESIAN_POINT('',(1.18E+03,-459.7391636773,345.44713980994));
#2846 = CARTESIAN_POINT('',(1.18E+03,-435.,345.625));
#2847 = DEFINITIONAL_REPRESENTATION('',(#2848),#2852);
#2848 = LINE('',#2849,#2850);
#2849 = CARTESIAN_POINT('',(0.,0.));
#2850 = VECTOR('',#2851,1.);
#2851 = DIRECTION('',(0.,1.));
#2852 = ( GEOMETRIC_REPRESENTATION_CONTEXT(2) 
PARAMETRIC_REPRESENTATION_CONTEXT() REPRESENTATION_CONTEXT('2D SPACE',''
  ) );
#2853 = ORIENTED_EDGE('',*,*,#2854,.T.);
#2854 = EDGE_CURVE('',#2785,#2855,#2857,.T.);
#2855 = VERTEX_POINT('',#2856);
#2856 = CARTESIAN_POINT('',(1.18E+03,-435.,0.));
#2857 = SURFACE_CURVE('',#2858,(#2864),.PCURVE_S1.);
#2858 = B_SPLINE_CURVE_WITH_KNOTS('',3,(#2859,#2860,#2861,#2862,#2863),
  .UNSPECIFIED.,.F.,.F.,(4,1,4),(0.,0.490332052197,1.),.UNSPECIFIED.);
#2859 = CARTESIAN_POINT('',(640.,-376.7210506462,0.));
#2860 = CARTESIAN_POINT('',(724.45134590648,-396.3361239233,0.));
#2861 = CARTESIAN_POINT('',(902.61282969379,-425.4398489698,0.));
#2862 = CARTESIAN_POINT('',(1.086224317809E+03,-434.9867949935,0.));
#2863 = CARTESIAN_POINT('',(1.18E+03,-435.,0.));
#2864 = PCURVE('',#2801,#2865);
#2865 = DEFINITIONAL_REPRESENTATION('',(#2866),#2870);
#2866 = LINE('',#2867,#2868);
#2867 = CARTESIAN_POINT('',(0.,0.));
#2868 = VECTOR('',#2869,1.);
#2869 = DIRECTION('',(1.,0.));
#2870 = ( GEOMETRIC_REPRESENTATION_CONTEXT(2) 
PARAMETRIC_REPRESENTATION_CONTEXT() REPRESENTATION_CONTEXT('2D SPACE',''
  ) );
#2871 = ORIENTED_EDGE('',*,*,#2872,.T.);
#2872 = EDGE_CURVE('',#2855,#2873,#2875,.T.);
#2873 = VERTEX_POINT('',#2874);
#2874 = CARTESIAN_POINT('',(1.18E+03,-435.,345.625));
#2875 = SURFACE_CURVE('',#2876,(#2886),.PCURVE_S1.);
#2876 = B_SPLINE_CURVE_WITH_KNOTS('',3,(#2877,#2878,#2879,#2880,#2881,
    #2882,#2883,#2884,#2885),.UNSPECIFIED.,.F.,.F.,(4,1,1,1,1,1,4),(0.,
    0.130904604442,0.299712423795,0.5,0.700287576205,0.869095395558,1.),
  .UNSPECIFIED.);
#2877 = CARTESIAN_POINT('',(1.18E+03,-435.,0.));
#2878 = CARTESIAN_POINT('',(1.18E+03,-459.7391636773,0.177860190052));
#2879 = CARTESIAN_POINT('',(1.18E+03,-505.9678939567,22.70038217636));
#2880 = CARTESIAN_POINT('',(1.18E+03,-548.0323046492,90.23646470085));
#2881 = CARTESIAN_POINT('',(1.18E+03,-561.8069207258,172.81249999999));
#2882 = CARTESIAN_POINT('',(1.18E+03,-548.0323046492,255.38853529915));
#2883 = CARTESIAN_POINT('',(1.18E+03,-505.9678939567,322.92461782363));
#2884 = CARTESIAN_POINT('',(1.18E+03,-459.7391636773,345.44713980994));
#2885 = CARTESIAN_POINT('',(1.18E+03,-435.,345.625));
#2886 = PCURVE('',#2801,#2887);
#2887 = DEFINITIONAL_REPRESENTATION('',(#2888),#2892);
#2888 = LINE('',#2889,#2890);
#2889 = CARTESIAN_POINT('',(1.,0.));
#2890 = VECTOR('',#2891,1.);
#2891 = DIRECTION('',(0.,1.));
#2892 = ( GEOMETRIC_REPRESENTATION_CONTEXT(2) 
PARAMETRIC_REPRESENTATION_CONTEXT() REPRESENTATION_CONTEXT('2D SPACE',''
  ) );
#2893 = ORIENTED_EDGE('',*,*,#2894,.F.);
#2894 = EDGE_CURVE('',#2787,#2873,#2895,.T.);
#2895 = SURFACE_CURVE('',#2896,(#2902),.PCURVE_S1.);
#2896 = B_SPLINE_CURVE_WITH_KNOTS('',3,(#2897,#2898,#2899,#2900,#2901),
  .UNSPECIFIED.,.F.,.F.,(4,1,4),(0.,0.490332052197,1.),.UNSPECIFIED.);
#2897 = CARTESIAN_POINT('',(640.,-376.7210506462,490.3515625));
#2898 = CARTESIAN_POINT('',(724.45134590648,-396.3361239233,
    452.69509088265));
#2899 = CARTESIAN_POINT('',(902.61282969379,-425.4398489698,
    391.71766120439));
#2900 = CARTESIAN_POINT('',(1.086224317809E+03,-434.9867949935,
    358.00211645401));
#2901 = CARTESIAN_POINT('',(1.18E+03,-435.,345.625));
#2902 = PCURVE('',#2801,#2903);
#2903 = DEFINITIONAL_REPRESENTATION('',(#2904),#2908);
#2904 = LINE('',#2905,#2906);
#2905 = CARTESIAN_POINT('',(0.,1.));
#2906 = VECTOR('',#2907,1.);
#2907 = DIRECTION('',(1.,0.));
#2908 = ( GEOMETRIC_REPRESENTATION_CONTEXT(2) 
PARAMETRIC_REPRESENTATION_CONTEXT() REPRESENTATION_CONTEXT('2D SPACE',''
  ) );
#2909 = ( GEOMETRIC_REPRESENTATION_CONTEXT(3) 
GLOBAL_UNCERTAINTY_ASSIGNED_CONTEXT((#2913)) 
GLOBAL_UNIT_ASSIGNED_CONTEXT((#2910,#2911,#2912)) REPRESENTATION_CONTEXT
('Context #1','3D Context with UNIT and UNCERTAINTY') );
#2910 = ( LENGTH_UNIT() NAMED_UNIT(*) SI_UNIT(.MILLI.,.METRE.) );
#2911 = ( NAMED_UNIT(*) PLANE_ANGLE_UNIT() SI_UNIT($,.RADIAN.) );
#2912 = ( NAMED_UNIT(*) SI_UNIT($,.STERADIAN.) SOLID_ANGLE_UNIT() );
#2913 = UNCERTAINTY_MEASURE_WITH_UNIT(LENGTH_MEASURE(1.E-07),#2910,
  'distance_accuracy_value','confusion accuracy');
#2914 = CONTEXT_DEPENDENT_SHAPE_REPRESENTATION(#2915,#2917);
#2915 = ( REPRESENTATION_RELATIONSHIP('','',#2777,#10) 
REPRESENTATION_RELATIONSHIP_WITH_TRANSFORMATION(#2916) 
SHAPE_REPRESENTATION_RELATIONSHIP() );
#2916 = ITEM_DEFINED_TRANSFORMATION('','',#11,#79);
#2917 = PRODUCT_DEFINITION_SHAPE('Placement','Placement of an item',
  #2918);
#2918 = NEXT_ASSEMBLY_USAGE_OCCURRENCE('17','O09','',#5,#2772,$);
#2919 = PRODUCT_RELATED_PRODUCT_CATEGORY('part',$,(#2774));
#2920 = SHAPE_DEFINITION_REPRESENTATION(#2921,#2927);
#2921 = PRODUCT_DEFINITION_SHAPE('','',#2922);
#2922 = PRODUCT_DEFINITION('design','',#2923,#2926);
#2923 = PRODUCT_DEFINITION_FORMATION('','',#2924);
#2924 = PRODUCT('L09','L09','',(#2925));
#2925 = PRODUCT_CONTEXT('',#2,'mechanical');
#2926 = PRODUCT_DEFINITION_CONTEXT('part definition',#2,'design');
#2927 = MANIFOLD_SURFACE_SHAPE_REPRESENTATION('',(#11,#2928),#3048);
#2928 = SHELL_BASED_SURFACE_MODEL('',(#2929));
#2929 = OPEN_SHELL('',(#2930));
#2930 = ADVANCED_FACE('',(#2931),#2951,.T.);
#2931 = FACE_BOUND('',#2932,.T.);
#2932 = EDGE_LOOP('',(#2933,#2994,#3011,#3033));
#2933 = ORIENTED_EDGE('',*,*,#2934,.F.);
#2934 = EDGE_CURVE('',#2935,#2937,#2939,.T.);
#2935 = VERTEX_POINT('',#2936);
#2936 = CARTESIAN_POINT('',(640.,-376.7210506462,490.3515625));
#2937 = VERTEX_POINT('',#2938);
#2938 = CARTESIAN_POINT('',(640.,-376.7210506462,0.));
#2939 = SURFACE_CURVE('',#2940,(#2950),.PCURVE_S1.);
#2940 = B_SPLINE_CURVE_WITH_KNOTS('',3,(#2941,#2942,#2943,#2944,#2945,
    #2946,#2947,#2948,#2949),.UNSPECIFIED.,.F.,.F.,(4,1,1,1,1,1,4),(0.,
    0.130904604442,0.299712423795,0.5,0.700287576205,0.869095395558,1.),
  .UNSPECIFIED.);
#2941 = CARTESIAN_POINT('',(640.,-376.7210506462,490.3515625));
#2942 = CARTESIAN_POINT('',(645.35081439916,-353.711135719,
    490.09922536553));
#2943 = CARTESIAN_POINT('',(655.34959038288,-310.7137585726,
    458.14565184676));
#2944 = CARTESIAN_POINT('',(664.44766893401,-271.589618237,
    362.32959805721));
#2945 = CARTESIAN_POINT('',(667.42696989207,-258.7778373616,245.17578125
    ));
#2946 = CARTESIAN_POINT('',(664.44766893401,-271.5896182371,
    128.02196444278));
#2947 = CARTESIAN_POINT('',(655.34959038288,-310.7137585726,
    32.205910653244));
#2948 = CARTESIAN_POINT('',(645.35081439916,-353.711135719,
    0.252337134458));
#2949 = CARTESIAN_POINT('',(640.,-376.7210506462,0.));
#2950 = PCURVE('',#2951,#2988);
#2951 = B_SPLINE_SURFACE_WITH_KNOTS('',3,3,(
    (#2952,#2953,#2954,#2955,#2956,#2957,#2958,#2959,#2960)
    ,(#2961,#2962,#2963,#2964,#2965,#2966,#2967,#2968,#2969)
    ,(#2970,#2971,#2972,#2973,#2974,#2975,#2976,#2977,#2978)
    ,(#2979,#2980,#2981,#2982,#2983,#2984,#2985,#2986,#2987
  )),.UNSPECIFIED.,.F.,.F.,.F.,(4,4),(4,1,1,1,1,1,4),(0.,1.),(0.,
    0.130904604442,0.299712423795,0.5,0.700287576205,0.869095395558,1.),
  .UNSPECIFIED.);
#2952 = CARTESIAN_POINT('',(640.,-376.7210506462,490.3515625));
#2953 = CARTESIAN_POINT('',(645.35081439916,-353.711135719,
    490.09922536553));
#2954 = CARTESIAN_POINT('',(655.34959038288,-310.7137585726,
    458.14565184676));
#2955 = CARTESIAN_POINT('',(664.44766893401,-271.589618237,
    362.32959805721));
#2956 = CARTESIAN_POINT('',(667.42696989207,-258.7778373616,245.17578125
    ));
#2957 = CARTESIAN_POINT('',(664.44766893401,-271.5896182371,
    128.02196444278));
#2958 = CARTESIAN_POINT('',(655.34959038288,-310.7137585726,
    32.205910653244));
#2959 = CARTESIAN_POINT('',(645.35081439916,-353.711135719,
    0.252337134458));
#2960 = CARTESIAN_POINT('',(640.,-376.7210506462,0.));
#2961 = CARTESIAN_POINT('',(813.81225808896,-416.8802918897,
    412.75662895191));
#2962 = CARTESIAN_POINT('',(817.16259464499,-392.6766577044,
    412.54422252162));
#2963 = CARTESIAN_POINT('',(823.42318643434,-347.448642274,
    385.64709340607));
#2964 = CARTESIAN_POINT('',(829.11981929909,-306.2948012671,
    304.99330460193));
#2965 = CARTESIAN_POINT('',(830.98526634445,-292.818364759,
    206.37831447596));
#2966 = CARTESIAN_POINT('',(829.11981929909,-306.2948012671,
    107.76332434997));
#2967 = CARTESIAN_POINT('',(823.42318643434,-347.448642274,
    27.109535545856));
#2968 = CARTESIAN_POINT('',(817.16259464499,-392.6766577044,
    0.212406430291));
#2969 = CARTESIAN_POINT('',(813.81225808896,-416.8802918897,0.));
#2970 = CARTESIAN_POINT('',(996.78336755468,-434.8001248446,
    369.67140502223));
#2971 = CARTESIAN_POINT('',(998.4835305531,-410.0685639621,
    369.48117044327));
#2972 = CARTESIAN_POINT('',(1.001660532723E+03,-363.8540406122,
    345.39167359749));
#2973 = CARTESIAN_POINT('',(1.004551348093E+03,-321.802557078,
    273.15685691315));
#2974 = CARTESIAN_POINT('',(1.005497988525E+03,-308.0321741915,
    184.83570251112));
#2975 = CARTESIAN_POINT('',(1.004551348093E+03,-321.802557078,
    96.514548109081));
#2976 = CARTESIAN_POINT('',(1.001660532723E+03,-363.8540406122,
    24.279731424747));
#2977 = CARTESIAN_POINT('',(998.4835305531,-410.0685639621,0.19023457896
    ));
#2978 = CARTESIAN_POINT('',(996.78336755468,-434.8001248446,0.));
#2979 = CARTESIAN_POINT('',(1.18E+03,-435.,345.625));
#2980 = CARTESIAN_POINT('',(1.18E+03,-410.2608363226,345.44713980994));
#2981 = CARTESIAN_POINT('',(1.18E+03,-364.0321060432,322.92461782364));
#2982 = CARTESIAN_POINT('',(1.18E+03,-321.9676953507,255.38853529914));
#2983 = CARTESIAN_POINT('',(1.18E+03,-308.1930792741,172.8125));
#2984 = CARTESIAN_POINT('',(1.18E+03,-321.9676953507,90.236464700846));
#2985 = CARTESIAN_POINT('',(1.18E+03,-364.0321060431,22.700382176365));
#2986 = CARTESIAN_POINT('',(1.18E+03,-410.2608363226,0.177860190049));
#2987 = CARTESIAN_POINT('',(1.18E+03,-435.,0.));
#2988 = DEFINITIONAL_REPRESENTATION('',(#2989),#2993);
#2989 = LINE('',#2990,#2991);
#2990 = CARTESIAN_POINT('',(0.,0.));
#2991 = VECTOR('',#2992,1.);
#2992 = DIRECTION('',(0.,1.));
#2993 = ( GEOMETRIC_REPRESENTATION_CONTEXT(2) 
PARAMETRIC_REPRESENTATION_CONTEXT() REPRESENTATION_CONTEXT('2D SPACE',''
  ) );
#2994 = ORIENTED_EDGE('',*,*,#2995,.T.);
#2995 = EDGE_CURVE('',#2935,#2996,#2998,.T.);
#2996 = VERTEX_POINT('',#2997);
#2997 = CARTESIAN_POINT('',(1.18E+03,-435.,345.625));
#2998 = SURFACE_CURVE('',#2999,(#3004),.PCURVE_S1.);
#2999 = B_SPLINE_CURVE_WITH_KNOTS('',3,(#3000,#3001,#3002,#3003),
  .UNSPECIFIED.,.F.,.F.,(4,4),(0.,1.),.PIECEWISE_BEZIER_KNOTS.);
#3000 = CARTESIAN_POINT('',(640.,-376.7210506462,490.3515625));
#3001 = CARTESIAN_POINT('',(813.81225808896,-416.8802918897,
    412.75662895191));
#3002 = CARTESIAN_POINT('',(996.78336755468,-434.8001248446,
    369.67140502223));
#3003 = CARTESIAN_POINT('',(1.18E+03,-435.,345.625));
#3004 = PCURVE('',#2951,#3005);
#3005 = DEFINITIONAL_REPRESENTATION('',(#3006),#3010);
#3006 = LINE('',#3007,#3008);
#3007 = CARTESIAN_POINT('',(0.,0.));
#3008 = VECTOR('',#3009,1.);
#3009 = DIRECTION('',(1.,0.));
#3010 = ( GEOMETRIC_REPRESENTATION_CONTEXT(2) 
PARAMETRIC_REPRESENTATION_CONTEXT() REPRESENTATION_CONTEXT('2D SPACE',''
  ) );
#3011 = ORIENTED_EDGE('',*,*,#3012,.T.);
#3012 = EDGE_CURVE('',#2996,#3013,#3015,.T.);
#3013 = VERTEX_POINT('',#3014);
#3014 = CARTESIAN_POINT('',(1.18E+03,-435.,0.));
#3015 = SURFACE_CURVE('',#3016,(#3026),.PCURVE_S1.);
#3016 = B_SPLINE_CURVE_WITH_KNOTS('',3,(#3017,#3018,#3019,#3020,#3021,
    #3022,#3023,#3024,#3025),.UNSPECIFIED.,.F.,.F.,(4,1,1,1,1,1,4),(0.,
    0.130904604442,0.299712423795,0.5,0.700287576205,0.869095395558,1.),
  .UNSPECIFIED.);
#3017 = CARTESIAN_POINT('',(1.18E+03,-435.,345.625));
#3018 = CARTESIAN_POINT('',(1.18E+03,-410.2608363226,345.44713980994));
#3019 = CARTESIAN_POINT('',(1.18E+03,-364.0321060432,322.92461782364));
#3020 = CARTESIAN_POINT('',(1.18E+03,-321.9676953507,255.38853529914));
#3021 = CARTESIAN_POINT('',(1.18E+03,-308.1930792741,172.8125));
#3022 = CARTESIAN_POINT('',(1.18E+03,-321.9676953507,90.236464700846));
#3023 = CARTESIAN_POINT('',(1.18E+03,-364.0321060431,22.700382176365));
#3024 = CARTESIAN_POINT('',(1.18E+03,-410.2608363226,0.177860190049));
#3025 = CARTESIAN_POINT('',(1.18E+03,-435.,0.));
#3026 = PCURVE('',#2951,#3027);
#3027 = DEFINITIONAL_REPRESENTATION('',(#3028),#3032);
#3028 = LINE('',#3029,#3030);
#3029 = CARTESIAN_POINT('',(1.,0.));
#3030 = VECTOR('',#3031,1.);
#3031 = DIRECTION('',(0.,1.));
#3032 = ( GEOMETRIC_REPRESENTATION_CONTEXT(2) 
PARAMETRIC_REPRESENTATION_CONTEXT() REPRESENTATION_CONTEXT('2D SPACE',''
  ) );
#3033 = ORIENTED_EDGE('',*,*,#3034,.F.);
#3034 = EDGE_CURVE('',#2937,#3013,#3035,.T.);
#3035 = SURFACE_CURVE('',#3036,(#3041),.PCURVE_S1.);
#3036 = B_SPLINE_CURVE_WITH_KNOTS('',3,(#3037,#3038,#3039,#3040),
  .UNSPECIFIED.,.F.,.F.,(4,4),(0.,1.),.PIECEWISE_BEZIER_KNOTS.);
#3037 = CARTESIAN_POINT('',(640.,-376.7210506462,0.));
#3038 = CARTESIAN_POINT('',(813.81225808896,-416.8802918897,0.));
#3039 = CARTESIAN_POINT('',(996.78336755468,-434.8001248446,0.));
#3040 = CARTESIAN_POINT('',(1.18E+03,-435.,0.));
#3041 = PCURVE('',#2951,#3042);
#3042 = DEFINITIONAL_REPRESENTATION('',(#3043),#3047);
#3043 = LINE('',#3044,#3045);
#3044 = CARTESIAN_POINT('',(0.,1.));
#3045 = VECTOR('',#3046,1.);
#3046 = DIRECTION('',(1.,0.));
#3047 = ( GEOMETRIC_REPRESENTATION_CONTEXT(2) 
PARAMETRIC_REPRESENTATION_CONTEXT() REPRESENTATION_CONTEXT('2D SPACE',''
  ) );
#3048 = ( GEOMETRIC_REPRESENTATION_CONTEXT(3) 
GLOBAL_UNCERTAINTY_ASSIGNED_CONTEXT((#3052)) 
GLOBAL_UNIT_ASSIGNED_CONTEXT((#3049,#3050,#3051)) REPRESENTATION_CONTEXT
('Context #1','3D Context with UNIT and UNCERTAINTY') );
#3049 = ( LENGTH_UNIT() NAMED_UNIT(*) SI_UNIT(.MILLI.,.METRE.) );
#3050 = ( NAMED_UNIT(*) PLANE_ANGLE_UNIT() SI_UNIT($,.RADIAN.) );
#3051 = ( NAMED_UNIT(*) SI_UNIT($,.STERADIAN.) SOLID_ANGLE_UNIT() );
#3052 = UNCERTAINTY_MEASURE_WITH_UNIT(LENGTH_MEASURE(1.E-07),#3049,
  'distance_accuracy_value','confusion accuracy');
#3053 = CONTEXT_DEPENDENT_SHAPE_REPRESENTATION(#3054,#3056);
#3054 = ( REPRESENTATION_RELATIONSHIP('','',#2927,#10) 
REPRESENTATION_RELATIONSHIP_WITH_TRANSFORMATION(#3055) 
SHAPE_REPRESENTATION_RELATIONSHIP() );
#3055 = ITEM_DEFINED_TRANSFORMATION('','',#11,#83);
#3056 = PRODUCT_DEFINITION_SHAPE('Placement','Placement of an item',
  #3057);
#3057 = NEXT_ASSEMBLY_USAGE_OCCURRENCE('18','L09','',#5,#2922,$);
#3058 = PRODUCT_RELATED_PRODUCT_CATEGORY('part',$,(#2924));
#3059 = SHAPE_DEFINITION_REPRESENTATION(#3060,#3066);
#3060 = PRODUCT_DEFINITION_SHAPE('','',#3061);
#3061 = PRODUCT_DEFINITION('design','',#3062,#3065);
#3062 = PRODUCT_DEFINITION_FORMATION('','',#3063);
#3063 = PRODUCT('O10','O10','',(#3064));
#3064 = PRODUCT_CONTEXT('',#2,'mechanical');
#3065 = PRODUCT_DEFINITION_CONTEXT('part definition',#2,'design');
#3066 = MANIFOLD_SURFACE_SHAPE_REPRESENTATION('',(#11,#3067),#3187);
#3067 = SHELL_BASED_SURFACE_MODEL('',(#3068));
#3068 = OPEN_SHELL('',(#3069));
#3069 = ADVANCED_FACE('',(#3070),#3090,.T.);
#3070 = FACE_BOUND('',#3071,.T.);
#3071 = EDGE_LOOP('',(#3072,#3133,#3150,#3172));
#3072 = ORIENTED_EDGE('',*,*,#3073,.F.);
#3073 = EDGE_CURVE('',#3074,#3076,#3078,.T.);
#3074 = VERTEX_POINT('',#3075);
#3075 = CARTESIAN_POINT('',(1.18E+03,-435.,0.));
#3076 = VERTEX_POINT('',#3077);
#3077 = CARTESIAN_POINT('',(1.18E+03,-435.,345.625));
#3078 = SURFACE_CURVE('',#3079,(#3089),.PCURVE_S1.);
#3079 = B_SPLINE_CURVE_WITH_KNOTS('',3,(#3080,#3081,#3082,#3083,#3084,
    #3085,#3086,#3087,#3088),.UNSPECIFIED.,.F.,.F.,(4,1,1,1,1,1,4),(0.,
    0.146137021167,0.313523775699,0.5,0.686476224301,0.853862978833,1.),
  .UNSPECIFIED.);
#3080 = CARTESIAN_POINT('',(1.18E+03,-435.,0.));
#3081 = CARTESIAN_POINT('',(1.18E+03,-457.3537322305,-0.246456772399));
#3082 = CARTESIAN_POINT('',(1.18E+03,-503.2658018337,19.80397857514));
#3083 = CARTESIAN_POINT('',(1.18E+03,-547.1080422735,87.335454958239));
#3084 = CARTESIAN_POINT('',(1.18E+03,-562.195629213,172.8125));
#3085 = CARTESIAN_POINT('',(1.18E+03,-547.1080422735,258.28954504176));
#3086 = CARTESIAN_POINT('',(1.18E+03,-503.2658018337,325.82102142486));
#3087 = CARTESIAN_POINT('',(1.18E+03,-457.3537322305,345.87145677239));
#3088 = CARTESIAN_POINT('',(1.18E+03,-435.,345.625));
#3089 = PCURVE('',#3090,#3127);
#3090 = B_SPLINE_SURFACE_WITH_KNOTS('',3,3,(
    (#3091,#3092,#3093,#3094,#3095,#3096,#3097,#3098,#3099)
    ,(#3100,#3101,#3102,#3103,#3104,#3105,#3106,#3107,#3108)
    ,(#3109,#3110,#3111,#3112,#3113,#3114,#3115,#3116,#3117)
    ,(#3118,#3119,#3120,#3121,#3122,#3123,#3124,#3125,#3126
  )),.UNSPECIFIED.,.F.,.F.,.F.,(4,4),(4,1,1,1,1,1,4),(0.,1.),(0.,
    0.146137021167,0.313523775699,0.5,0.686476224301,0.853862978833,1.),
  .UNSPECIFIED.);
#3091 = CARTESIAN_POINT('',(1.18E+03,-435.,0.));
#3092 = CARTESIAN_POINT('',(1.18E+03,-457.3537322305,-0.246456772399));
#3093 = CARTESIAN_POINT('',(1.18E+03,-503.2658018337,19.80397857514));
#3094 = CARTESIAN_POINT('',(1.18E+03,-547.1080422735,87.335454958239));
#3095 = CARTESIAN_POINT('',(1.18E+03,-562.195629213,172.8125));
#3096 = CARTESIAN_POINT('',(1.18E+03,-547.1080422735,258.28954504176));
#3097 = CARTESIAN_POINT('',(1.18E+03,-503.2658018337,325.82102142486));
#3098 = CARTESIAN_POINT('',(1.18E+03,-457.3537322305,345.87145677239));
#3099 = CARTESIAN_POINT('',(1.18E+03,-435.,345.625));
#3100 = CARTESIAN_POINT('',(1.358736799857E+03,-435.0103254625,0.));
#3101 = CARTESIAN_POINT('',(1.360235478414E+03,-457.3628240837,
    -0.229613866289));
#3102 = CARTESIAN_POINT('',(1.363313596801E+03,-503.2723599911,
    18.450570638749));
#3103 = CARTESIAN_POINT('',(1.366252946031E+03,-547.1121809604,
    81.366932147515));
#3104 = CARTESIAN_POINT('',(1.36726447479E+03,-562.1989352789,
    161.00245849141));
#3105 = CARTESIAN_POINT('',(1.366252946031E+03,-547.1121809604,
    240.6379848353));
#3106 = CARTESIAN_POINT('',(1.363313596801E+03,-503.2723599912,
    303.55434634407));
#3107 = CARTESIAN_POINT('',(1.360235478414E+03,-457.3628240837,
    322.23453084911));
#3108 = CARTESIAN_POINT('',(1.358736799857E+03,-435.0103254625,
    322.00491698282));
#3109 = CARTESIAN_POINT('',(1.54651036898E+03,-417.035411197,0.));
#3110 = CARTESIAN_POINT('',(1.549539127311E+03,-438.9094001193,
    -0.224719399193));
#3111 = CARTESIAN_POINT('',(1.555759858681E+03,-483.8361305434,
    18.057276834851));
#3112 = CARTESIAN_POINT('',(1.561700144161E+03,-526.737453321,
    79.632508270747));
#3113 = CARTESIAN_POINT('',(1.56374439584E+03,-541.5012389016,
    157.57051751913));
#3114 = CARTESIAN_POINT('',(1.561700144161E+03,-526.737453321,
    235.50852676751));
#3115 = CARTESIAN_POINT('',(1.555759858681E+03,-483.8361305434,
    297.08375820341));
#3116 = CARTESIAN_POINT('',(1.549539127311E+03,-438.9094001193,
    315.36575443745));
#3117 = CARTESIAN_POINT('',(1.54651036898E+03,-417.035411197,
    315.14103503826));
#3118 = CARTESIAN_POINT('',(1.72E+03,-376.7210506462,0.));
#3119 = CARTESIAN_POINT('',(1.724834871294E+03,-397.5122739728,
    -0.222641159786));
#3120 = CARTESIAN_POINT('',(1.734765156987E+03,-440.2151247837,
    17.89028037422));
#3121 = CARTESIAN_POINT('',(1.744247760946E+03,-480.9928259176,
    78.896054642993));
#3122 = CARTESIAN_POINT('',(1.747511043347E+03,-495.02580199,
    156.11328125));
#3123 = CARTESIAN_POINT('',(1.744247760946E+03,-480.9928259176,
    233.330507857));
#3124 = CARTESIAN_POINT('',(1.734765156987E+03,-440.2151247837,
    294.33628212578));
#3125 = CARTESIAN_POINT('',(1.724834871294E+03,-397.5122739728,
    312.44920365978));
#3126 = CARTESIAN_POINT('',(1.72E+03,-376.7210506462,312.2265625));
#3127 = DEFINITIONAL_REPRESENTATION('',(#3128),#3132);
#3128 = LINE('',#3129,#3130);
#3129 = CARTESIAN_POINT('',(0.,0.));
#3130 = VECTOR('',#3131,1.);
#3131 = DIRECTION('',(0.,1.));
#3132 = ( GEOMETRIC_REPRESENTATION_CONTEXT(2) 
PARAMETRIC_REPRESENTATION_CONTEXT() REPRESENTATION_CONTEXT('2D SPACE',''
  ) );
#3133 = ORIENTED_EDGE('',*,*,#3134,.T.);
#3134 = EDGE_CURVE('',#3074,#3135,#3137,.T.);
#3135 = VERTEX_POINT('',#3136);
#3136 = CARTESIAN_POINT('',(1.72E+03,-376.7210506462,0.));
#3137 = SURFACE_CURVE('',#3138,(#3143),.PCURVE_S1.);
#3138 = B_SPLINE_CURVE_WITH_KNOTS('',3,(#3139,#3140,#3141,#3142),
  .UNSPECIFIED.,.F.,.F.,(4,4),(0.,1.),.PIECEWISE_BEZIER_KNOTS.);
#3139 = CARTESIAN_POINT('',(1.18E+03,-435.,0.));
#3140 = CARTESIAN_POINT('',(1.358736799857E+03,-435.0103254625,0.));
#3141 = CARTESIAN_POINT('',(1.54651036898E+03,-417.035411197,0.));
#3142 = CARTESIAN_POINT('',(1.72E+03,-376.7210506462,0.));
#3143 = PCURVE('',#3090,#3144);
#3144 = DEFINITIONAL_REPRESENTATION('',(#3145),#3149);
#3145 = LINE('',#3146,#3147);
#3146 = CARTESIAN_POINT('',(0.,0.));
#3147 = VECTOR('',#3148,1.);
#3148 = DIRECTION('',(1.,0.));
#3149 = ( GEOMETRIC_REPRESENTATION_CONTEXT(2) 
PARAMETRIC_REPRESENTATION_CONTEXT() REPRESENTATION_CONTEXT('2D SPACE',''
  ) );
#3150 = ORIENTED_EDGE('',*,*,#3151,.T.);
#3151 = EDGE_CURVE('',#3135,#3152,#3154,.T.);
#3152 = VERTEX_POINT('',#3153);
#3153 = CARTESIAN_POINT('',(1.72E+03,-376.7210506462,312.2265625));
#3154 = SURFACE_CURVE('',#3155,(#3165),.PCURVE_S1.);
#3155 = B_SPLINE_CURVE_WITH_KNOTS('',3,(#3156,#3157,#3158,#3159,#3160,
    #3161,#3162,#3163,#3164),.UNSPECIFIED.,.F.,.F.,(4,1,1,1,1,1,4),(0.,
    0.146137021167,0.313523775699,0.5,0.686476224301,0.853862978833,1.),
  .UNSPECIFIED.);
#3156 = CARTESIAN_POINT('',(1.72E+03,-376.7210506462,0.));
#3157 = CARTESIAN_POINT('',(1.724834871294E+03,-397.5122739728,
    -0.222641159786));
#3158 = CARTESIAN_POINT('',(1.734765156987E+03,-440.2151247837,
    17.89028037422));
#3159 = CARTESIAN_POINT('',(1.744247760946E+03,-480.9928259176,
    78.896054642993));
#3160 = CARTESIAN_POINT('',(1.747511043347E+03,-495.02580199,
    156.11328125));
#3161 = CARTESIAN_POINT('',(1.744247760946E+03,-480.9928259176,
    233.330507857));
#3162 = CARTESIAN_POINT('',(1.734765156987E+03,-440.2151247837,
    294.33628212578));
#3163 = CARTESIAN_POINT('',(1.724834871294E+03,-397.5122739728,
    312.44920365978));
#3164 = CARTESIAN_POINT('',(1.72E+03,-376.7210506462,312.2265625));
#3165 = PCURVE('',#3090,#3166);
#3166 = DEFINITIONAL_REPRESENTATION('',(#3167),#3171);
#3167 = LINE('',#3168,#3169);
#3168 = CARTESIAN_POINT('',(1.,0.));
#3169 = VECTOR('',#3170,1.);
#3170 = DIRECTION('',(0.,1.));
#3171 = ( GEOMETRIC_REPRESENTATION_CONTEXT(2) 
PARAMETRIC_REPRESENTATION_CONTEXT() REPRESENTATION_CONTEXT('2D SPACE',''
  ) );
#3172 = ORIENTED_EDGE('',*,*,#3173,.F.);
#3173 = EDGE_CURVE('',#3076,#3152,#3174,.T.);
#3174 = SURFACE_CURVE('',#3175,(#3180),.PCURVE_S1.);
#3175 = B_SPLINE_CURVE_WITH_KNOTS('',3,(#3176,#3177,#3178,#3179),
  .UNSPECIFIED.,.F.,.F.,(4,4),(0.,1.),.PIECEWISE_BEZIER_KNOTS.);
#3176 = CARTESIAN_POINT('',(1.18E+03,-435.,345.625));
#3177 = CARTESIAN_POINT('',(1.358736799857E+03,-435.0103254625,
    322.00491698282));
#3178 = CARTESIAN_POINT('',(1.54651036898E+03,-417.035411197,
    315.14103503826));
#3179 = CARTESIAN_POINT('',(1.72E+03,-376.7210506462,312.2265625));
#3180 = PCURVE('',#3090,#3181);
#3181 = DEFINITIONAL_REPRESENTATION('',(#3182),#3186);
#3182 = LINE('',#3183,#3184);
#3183 = CARTESIAN_POINT('',(0.,1.));
#3184 = VECTOR('',#3185,1.);
#3185 = DIRECTION('',(1.,0.));
#3186 = ( GEOMETRIC_REPRESENTATION_CONTEXT(2) 
PARAMETRIC_REPRESENTATION_CONTEXT() REPRESENTATION_CONTEXT('2D SPACE',''
  ) );
#3187 = ( GEOMETRIC_REPRESENTATION_CONTEXT(3) 
GLOBAL_UNCERTAINTY_ASSIGNED_CONTEXT((#3191)) 
GLOBAL_UNIT_ASSIGNED_CONTEXT((#3188,#3189,#3190)) REPRESENTATION_CONTEXT
('Context #1','3D Context with UNIT and UNCERTAINTY') );
#3188 = ( LENGTH_UNIT() NAMED_UNIT(*) SI_UNIT(.MILLI.,.METRE.) );
#3189 = ( NAMED_UNIT(*) PLANE_ANGLE_UNIT() SI_UNIT($,.RADIAN.) );
#3190 = ( NAMED_UNIT(*) SI_UNIT($,.STERADIAN.) SOLID_ANGLE_UNIT() );
#3191 = UNCERTAINTY_MEASURE_WITH_UNIT(LENGTH_MEASURE(1.E-07),#3188,
  'distance_accuracy_value','confusion accuracy');
#3192 = CONTEXT_DEPENDENT_SHAPE_REPRESENTATION(#3193,#3195);
#3193 = ( REPRESENTATION_RELATIONSHIP('','',#3066,#10) 
REPRESENTATION_RELATIONSHIP_WITH_TRANSFORMATION(#3194) 
SHAPE_REPRESENTATION_RELATIONSHIP() );
#3194 = ITEM_DEFINED_TRANSFORMATION('','',#11,#87);
#3195 = PRODUCT_DEFINITION_SHAPE('Placement','Placement of an item',
  #3196);
#3196 = NEXT_ASSEMBLY_USAGE_OCCURRENCE('19','O10','',#5,#3061,$);
#3197 = PRODUCT_RELATED_PRODUCT_CATEGORY('part',$,(#3063));
#3198 = SHAPE_DEFINITION_REPRESENTATION(#3199,#3205);
#3199 = PRODUCT_DEFINITION_SHAPE('','',#3200);
#3200 = PRODUCT_DEFINITION('design','',#3201,#3204);
#3201 = PRODUCT_DEFINITION_FORMATION('','',#3202);
#3202 = PRODUCT('L10','L10','',(#3203));
#3203 = PRODUCT_CONTEXT('',#2,'mechanical');
#3204 = PRODUCT_DEFINITION_CONTEXT('part definition',#2,'design');
#3205 = MANIFOLD_SURFACE_SHAPE_REPRESENTATION('',(#11,#3206),#3326);
#3206 = SHELL_BASED_SURFACE_MODEL('',(#3207));
#3207 = OPEN_SHELL('',(#3208));
#3208 = ADVANCED_FACE('',(#3209),#3229,.T.);
#3209 = FACE_BOUND('',#3210,.T.);
#3210 = EDGE_LOOP('',(#3211,#3272,#3289,#3311));
#3211 = ORIENTED_EDGE('',*,*,#3212,.F.);
#3212 = EDGE_CURVE('',#3213,#3215,#3217,.T.);
#3213 = VERTEX_POINT('',#3214);
#3214 = CARTESIAN_POINT('',(1.18E+03,-435.,345.625));
#3215 = VERTEX_POINT('',#3216);
#3216 = CARTESIAN_POINT('',(1.18E+03,-435.,0.));
#3217 = SURFACE_CURVE('',#3218,(#3228),.PCURVE_S1.);
#3218 = B_SPLINE_CURVE_WITH_KNOTS('',3,(#3219,#3220,#3221,#3222,#3223,
    #3224,#3225,#3226,#3227),.UNSPECIFIED.,.F.,.F.,(4,1,1,1,1,1,4),(0.,
    0.146137021167,0.313523775699,0.5,0.686476224301,0.853862978833,1.),
  .UNSPECIFIED.);
#3219 = CARTESIAN_POINT('',(1.18E+03,-435.,345.625));
#3220 = CARTESIAN_POINT('',(1.18E+03,-412.6462677694,345.87145677239));
#3221 = CARTESIAN_POINT('',(1.18E+03,-366.7341981662,325.82102142486));
#3222 = CARTESIAN_POINT('',(1.18E+03,-322.8919577264,258.28954504175));
#3223 = CARTESIAN_POINT('',(1.18E+03,-307.8043707869,172.8125));
#3224 = CARTESIAN_POINT('',(1.18E+03,-322.8919577264,87.33545495824));
#3225 = CARTESIAN_POINT('',(1.18E+03,-366.7341981662,19.803978575139));
#3226 = CARTESIAN_POINT('',(1.18E+03,-412.6462677694,-0.246456772398));
#3227 = CARTESIAN_POINT('',(1.18E+03,-435.,0.));
#3228 = PCURVE('',#3229,#3266);
#3229 = B_SPLINE_SURFACE_WITH_KNOTS('',3,3,(
    (#3230,#3231,#3232,#3233,#3234,#3235,#3236,#3237,#3238)
    ,(#3239,#3240,#3241,#3242,#3243,#3244,#3245,#3246,#3247)
    ,(#3248,#3249,#3250,#3251,#3252,#3253,#3254,#3255,#3256)
    ,(#3257,#3258,#3259,#3260,#3261,#3262,#3263,#3264,#3265
  )),.UNSPECIFIED.,.F.,.F.,.F.,(4,4),(4,1,1,1,1,1,4),(0.,1.),(0.,
    0.146137021167,0.313523775699,0.5,0.686476224301,0.853862978833,1.),
  .UNSPECIFIED.);
#3230 = CARTESIAN_POINT('',(1.18E+03,-435.,345.625));
#3231 = CARTESIAN_POINT('',(1.18E+03,-412.6462677694,345.87145677239));
#3232 = CARTESIAN_POINT('',(1.18E+03,-366.7341981662,325.82102142486));
#3233 = CARTESIAN_POINT('',(1.18E+03,-322.8919577264,258.28954504175));
#3234 = CARTESIAN_POINT('',(1.18E+03,-307.8043707869,172.8125));
#3235 = CARTESIAN_POINT('',(1.18E+03,-322.8919577264,87.33545495824));
#3236 = CARTESIAN_POINT('',(1.18E+03,-366.7341981662,19.803978575139));
#3237 = CARTESIAN_POINT('',(1.18E+03,-412.6462677694,-0.246456772398));
#3238 = CARTESIAN_POINT('',(1.18E+03,-435.,0.));
#3239 = CARTESIAN_POINT('',(1.357389605617E+03,-434.9977547937,
    322.16032580884));
#3240 = CARTESIAN_POINT('',(1.355901497458E+03,-412.6455922602,
    322.39005049338));
#3241 = CARTESIAN_POINT('',(1.352845089487E+03,-366.7367466395,
    303.70085039451));
#3242 = CARTESIAN_POINT('',(1.349926471914E+03,-322.8975848371,
    240.75412364172));
#3243 = CARTESIAN_POINT('',(1.348922077614E+03,-307.8110573601,
    161.08016290442));
#3244 = CARTESIAN_POINT('',(1.349926471914E+03,-322.8975848371,
    81.406202167118));
#3245 = CARTESIAN_POINT('',(1.352845089487E+03,-366.7367466395,
    18.459475414331));
#3246 = CARTESIAN_POINT('',(1.355901497458E+03,-412.6455922602,
    -0.229724684538));
#3247 = CARTESIAN_POINT('',(1.357389605617E+03,-434.9977547937,0.));
#3248 = CARTESIAN_POINT('',(1.545140133587E+03,-417.336904716,
    315.14336201693));
#3249 = CARTESIAN_POINT('',(1.542124819205E+03,-395.4548406009,
    315.36808307544));
#3250 = CARTESIAN_POINT('',(1.535931700207E+03,-350.5115246324,
    297.08595184845));
#3251 = CARTESIAN_POINT('',(1.530017782265E+03,-307.5943640278,
    235.51026574549));
#3252 = CARTESIAN_POINT('',(1.527982604541E+03,-292.8251281191,
    157.57168100846));
#3253 = CARTESIAN_POINT('',(1.530017782265E+03,-307.5943640278,
    79.633096271446));
#3254 = CARTESIAN_POINT('',(1.535931700207E+03,-350.5115246324,
    18.05741016848));
#3255 = CARTESIAN_POINT('',(1.542124819205E+03,-395.4548406009,
    -0.224721058504));
#3256 = CARTESIAN_POINT('',(1.545140133587E+03,-417.336904716,0.));
#3257 = CARTESIAN_POINT('',(1.72E+03,-376.7210506462,312.2265625));
#3258 = CARTESIAN_POINT('',(1.715165128706E+03,-355.9298273195,
    312.44920365978));
#3259 = CARTESIAN_POINT('',(1.705234843013E+03,-313.2269765086,
    294.33628212578));
#3260 = CARTESIAN_POINT('',(1.695752239054E+03,-272.4492753748,
    233.330507857));
#3261 = CARTESIAN_POINT('',(1.692488956653E+03,-258.4162993024,
    156.11328125));
#3262 = CARTESIAN_POINT('',(1.695752239054E+03,-272.4492753748,
    78.896054642994));
#3263 = CARTESIAN_POINT('',(1.705234843013E+03,-313.2269765086,
    17.890280374218));
#3264 = CARTESIAN_POINT('',(1.715165128706E+03,-355.9298273195,
    -0.222641159785));
#3265 = CARTESIAN_POINT('',(1.72E+03,-376.7210506462,0.));
#3266 = DEFINITIONAL_REPRESENTATION('',(#3267),#3271);
#3267 = LINE('',#3268,#3269);
#3268 = CARTESIAN_POINT('',(0.,0.));
#3269 = VECTOR('',#3270,1.);
#3270 = DIRECTION('',(0.,1.));
#3271 = ( GEOMETRIC_REPRESENTATION_CONTEXT(2) 
PARAMETRIC_REPRESENTATION_CONTEXT() REPRESENTATION_CONTEXT('2D SPACE',''
  ) );
#3272 = ORIENTED_EDGE('',*,*,#3273,.T.);
#3273 = EDGE_CURVE('',#3213,#3274,#3276,.T.);
#3274 = VERTEX_POINT('',#3275);
#3275 = CARTESIAN_POINT('',(1.72E+03,-376.7210506462,312.2265625));
#3276 = SURFACE_CURVE('',#3277,(#3282),.PCURVE_S1.);
#3277 = B_SPLINE_CURVE_WITH_KNOTS('',3,(#3278,#3279,#3280,#3281),
  .UNSPECIFIED.,.F.,.F.,(4,4),(0.,1.),.PIECEWISE_BEZIER_KNOTS.);
#3278 = CARTESIAN_POINT('',(1.18E+03,-435.,345.625));
#3279 = CARTESIAN_POINT('',(1.357389605617E+03,-434.9977547937,
    322.16032580884));
#3280 = CARTESIAN_POINT('',(1.545140133587E+03,-417.336904716,
    315.14336201693));
#3281 = CARTESIAN_POINT('',(1.72E+03,-376.7210506462,312.2265625));
#3282 = PCURVE('',#3229,#3283);
#3283 = DEFINITIONAL_REPRESENTATION('',(#3284),#3288);
#3284 = LINE('',#3285,#3286);
#3285 = CARTESIAN_POINT('',(0.,0.));
#3286 = VECTOR('',#3287,1.);
#3287 = DIRECTION('',(1.,0.));
#3288 = ( GEOMETRIC_REPRESENTATION_CONTEXT(2) 
PARAMETRIC_REPRESENTATION_CONTEXT() REPRESENTATION_CONTEXT('2D SPACE',''
  ) );
#3289 = ORIENTED_EDGE('',*,*,#3290,.T.);
#3290 = EDGE_CURVE('',#3274,#3291,#3293,.T.);
#3291 = VERTEX_POINT('',#3292);
#3292 = CARTESIAN_POINT('',(1.72E+03,-376.7210506462,0.));
#3293 = SURFACE_CURVE('',#3294,(#3304),.PCURVE_S1.);
#3294 = B_SPLINE_CURVE_WITH_KNOTS('',3,(#3295,#3296,#3297,#3298,#3299,
    #3300,#3301,#3302,#3303),.UNSPECIFIED.,.F.,.F.,(4,1,1,1,1,1,4),(0.,
    0.146137021167,0.313523775699,0.5,0.686476224301,0.853862978833,1.),
  .UNSPECIFIED.);
#3295 = CARTESIAN_POINT('',(1.72E+03,-376.7210506462,312.2265625));
#3296 = CARTESIAN_POINT('',(1.715165128706E+03,-355.9298273195,
    312.44920365978));
#3297 = CARTESIAN_POINT('',(1.705234843013E+03,-313.2269765086,
    294.33628212578));
#3298 = CARTESIAN_POINT('',(1.695752239054E+03,-272.4492753748,
    233.330507857));
#3299 = CARTESIAN_POINT('',(1.692488956653E+03,-258.4162993024,
    156.11328125));
#3300 = CARTESIAN_POINT('',(1.695752239054E+03,-272.4492753748,
    78.896054642994));
#3301 = CARTESIAN_POINT('',(1.705234843013E+03,-313.2269765086,
    17.890280374218));
#3302 = CARTESIAN_POINT('',(1.715165128706E+03,-355.9298273195,
    -0.222641159785));
#3303 = CARTESIAN_POINT('',(1.72E+03,-376.7210506462,0.));
#3304 = PCURVE('',#3229,#3305);
#3305 = DEFINITIONAL_REPRESENTATION('',(#3306),#3310);
#3306 = LINE('',#3307,#3308);
#3307 = CARTESIAN_POINT('',(1.,0.));
#3308 = VECTOR('',#3309,1.);
#3309 = DIRECTION('',(0.,1.));
#3310 = ( GEOMETRIC_REPRESENTATION_CONTEXT(2) 
PARAMETRIC_REPRESENTATION_CONTEXT() REPRESENTATION_CONTEXT('2D SPACE',''
  ) );
#3311 = ORIENTED_EDGE('',*,*,#3312,.F.);
#3312 = EDGE_CURVE('',#3215,#3291,#3313,.T.);
#3313 = SURFACE_CURVE('',#3314,(#3319),.PCURVE_S1.);
#3314 = B_SPLINE_CURVE_WITH_KNOTS('',3,(#3315,#3316,#3317,#3318),
  .UNSPECIFIED.,.F.,.F.,(4,4),(0.,1.),.PIECEWISE_BEZIER_KNOTS.);
#3315 = CARTESIAN_POINT('',(1.18E+03,-435.,0.));
#3316 = CARTESIAN_POINT('',(1.357389605617E+03,-434.9977547937,0.));
#3317 = CARTESIAN_POINT('',(1.545140133587E+03,-417.336904716,0.));
#3318 = CARTESIAN_POINT('',(1.72E+03,-376.7210506462,0.));
#3319 = PCURVE('',#3229,#3320);
#3320 = DEFINITIONAL_REPRESENTATION('',(#3321),#3325);
#3321 = LINE('',#3322,#3323);
#3322 = CARTESIAN_POINT('',(0.,1.));
#3323 = VECTOR('',#3324,1.);
#3324 = DIRECTION('',(1.,0.));
#3325 = ( GEOMETRIC_REPRESENTATION_CONTEXT(2) 
PARAMETRIC_REPRESENTATION_CONTEXT() REPRESENTATION_CONTEXT('2D SPACE',''
  ) );
#3326 = ( GEOMETRIC_REPRESENTATION_CONTEXT(3) 
GLOBAL_UNCERTAINTY_ASSIGNED_CONTEXT((#3330)) 
GLOBAL_UNIT_ASSIGNED_CONTEXT((#3327,#3328,#3329)) REPRESENTATION_CONTEXT
('Context #1','3D Context with UNIT and UNCERTAINTY') );
#3327 = ( LENGTH_UNIT() NAMED_UNIT(*) SI_UNIT(.MILLI.,.METRE.) );
#3328 = ( NAMED_UNIT(*) PLANE_ANGLE_UNIT() SI_UNIT($,.RADIAN.) );
#3329 = ( NAMED_UNIT(*) SI_UNIT($,.STERADIAN.) SOLID_ANGLE_UNIT() );
#3330 = UNCERTAINTY_MEASURE_WITH_UNIT(LENGTH_MEASURE(1.E-07),#3327,
  'distance_accuracy_value','confusion accuracy');
#3331 = CONTEXT_DEPENDENT_SHAPE_REPRESENTATION(#3332,#3334);
#3332 = ( REPRESENTATION_RELATIONSHIP('','',#3205,#10) 
REPRESENTATION_RELATIONSHIP_WITH_TRANSFORMATION(#3333) 
SHAPE_REPRESENTATION_RELATIONSHIP() );
#3333 = ITEM_DEFINED_TRANSFORMATION('','',#11,#91);
#3334 = PRODUCT_DEFINITION_SHAPE('Placement','Placement of an item',
  #3335);
#3335 = NEXT_ASSEMBLY_USAGE_OCCURRENCE('20','L10','',#5,#3200,$);
#3336 = PRODUCT_RELATED_PRODUCT_CATEGORY('part',$,(#3202));
#3337 = SHAPE_DEFINITION_REPRESENTATION(#3338,#3344);
#3338 = PRODUCT_DEFINITION_SHAPE('','',#3339);
#3339 = PRODUCT_DEFINITION('design','',#3340,#3343);
#3340 = PRODUCT_DEFINITION_FORMATION('','',#3341);
#3341 = PRODUCT('O11','O11','',(#3342));
#3342 = PRODUCT_CONTEXT('',#2,'mechanical');
#3343 = PRODUCT_DEFINITION_CONTEXT('part definition',#2,'design');
#3344 = MANIFOLD_SURFACE_SHAPE_REPRESENTATION('',(#11,#3345),#3476);
#3345 = SHELL_BASED_SURFACE_MODEL('',(#3346));
#3346 = OPEN_SHELL('',(#3347));
#3347 = ADVANCED_FACE('',(#3348),#3368,.T.);
#3348 = FACE_BOUND('',#3349,.T.);
#3349 = EDGE_LOOP('',(#3350,#3420,#3438,#3460));
#3350 = ORIENTED_EDGE('',*,*,#3351,.F.);
#3351 = EDGE_CURVE('',#3352,#3354,#3356,.T.);
#3352 = VERTEX_POINT('',#3353);
#3353 = CARTESIAN_POINT('',(1.72E+03,-376.7210506462,0.));
#3354 = VERTEX_POINT('',#3355);
#3355 = CARTESIAN_POINT('',(1.72E+03,-376.7210506462,312.2265625));
#3356 = SURFACE_CURVE('',#3357,(#3367),.PCURVE_S1.);
#3357 = B_SPLINE_CURVE_WITH_KNOTS('',3,(#3358,#3359,#3360,#3361,#3362,
    #3363,#3364,#3365,#3366),.UNSPECIFIED.,.F.,.F.,(4,1,1,1,1,1,4),(0.,
    0.143798080145,0.311355279633,0.5,0.688644720367,0.856201919855,1.),
  .UNSPECIFIED.);
#3358 = CARTESIAN_POINT('',(1.72E+03,-376.7210506462,0.));
#3359 = CARTESIAN_POINT('',(1.724883252305E+03,-397.7203250994,
    -0.215962807659));
#3360 = CARTESIAN_POINT('',(1.734872258007E+03,-440.675687453,
    18.313192014633));
#3361 = CARTESIAN_POINT('',(1.744274124143E+03,-481.1061946245,
    79.320409997084));
#3362 = CARTESIAN_POINT('',(1.747503066911E+03,-494.9915012062,
    156.11328124999));
#3363 = CARTESIAN_POINT('',(1.744274124143E+03,-481.1061946245,
    232.90615250291));
#3364 = CARTESIAN_POINT('',(1.734872258007E+03,-440.675687453,
    293.91337048536));
#3365 = CARTESIAN_POINT('',(1.724883252305E+03,-397.7203250994,
    312.44252530766));
#3366 = CARTESIAN_POINT('',(1.72E+03,-376.7210506462,312.2265625));
#3367 = PCURVE('',#3368,#3414);
#3368 = B_SPLINE_SURFACE_WITH_KNOTS('',3,3,(
    (#3369,#3370,#3371,#3372,#3373,#3374,#3375,#3376,#3377)
    ,(#3378,#3379,#3380,#3381,#3382,#3383,#3384,#3385,#3386)
    ,(#3387,#3388,#3389,#3390,#3391,#3392,#3393,#3394,#3395)
    ,(#3396,#3397,#3398,#3399,#3400,#3401,#3402,#3403,#3404)
    ,(#3405,#3406,#3407,#3408,#3409,#3410,#3411,#3412,#3413
  )),.UNSPECIFIED.,.F.,.F.,.F.,(4,1,4),(4,1,1,1,1,1,4),(0.,
    0.540760026343,1.),(0.,0.143798080145,0.311355279633,0.5,
    0.688644720367,0.856201919855,1.),.UNSPECIFIED.);
#3369 = CARTESIAN_POINT('',(1.72E+03,-376.7210506462,0.));
#3370 = CARTESIAN_POINT('',(1.724883252305E+03,-397.7203250994,
    -0.215962807659));
#3371 = CARTESIAN_POINT('',(1.734872258007E+03,-440.675687453,
    18.313192014633));
#3372 = CARTESIAN_POINT('',(1.744274124143E+03,-481.1061946245,
    79.320409997084));
#3373 = CARTESIAN_POINT('',(1.747503066911E+03,-494.9915012062,
    156.11328124999));
#3374 = CARTESIAN_POINT('',(1.744274124143E+03,-481.1061946245,
    232.90615250291));
#3375 = CARTESIAN_POINT('',(1.734872258007E+03,-440.675687453,
    293.91337048536));
#3376 = CARTESIAN_POINT('',(1.724883252305E+03,-397.7203250994,
    312.44252530766));
#3377 = CARTESIAN_POINT('',(1.72E+03,-376.7210506462,312.2265625));
#3378 = CARTESIAN_POINT('',(1.79652926778E+03,-358.8724360239,0.));
#3379 = CARTESIAN_POINT('',(1.802226962914E+03,-379.3859434494,
    -0.21509699664));
#3380 = CARTESIAN_POINT('',(1.813881963642E+03,-421.3476382008,
    18.239773060729));
#3381 = CARTESIAN_POINT('',(1.824851899984E+03,-460.8428841402,
    79.00240855198));
#3382 = CARTESIAN_POINT('',(1.828619375089E+03,-474.4069880003,
    155.4874114513));
#3383 = CARTESIAN_POINT('',(1.824851899984E+03,-460.8428841402,
    231.97241435062));
#3384 = CARTESIAN_POINT('',(1.813881963642E+03,-421.3476382008,
    292.73504984187));
#3385 = CARTESIAN_POINT('',(1.802226962914E+03,-379.3859434494,
    311.18991989924));
#3386 = CARTESIAN_POINT('',(1.79652926778E+03,-358.8724360239,
    310.9748229026));
#3387 = CARTESIAN_POINT('',(1.935752088478E+03,-317.5268279171,0.));
#3388 = CARTESIAN_POINT('',(1.943075403036E+03,-336.9138847168,
    -0.214490735591));
#3389 = CARTESIAN_POINT('',(1.958055712531E+03,-376.5713524856,
    18.188363398418));
#3390 = CARTESIAN_POINT('',(1.972155500712E+03,-413.8978106314,
    78.779736530132));
#3391 = CARTESIAN_POINT('',(1.97699788077E+03,-426.7170738864,
    155.0491628344));
#3392 = CARTESIAN_POINT('',(1.972155500712E+03,-413.8978106314,
    231.31858913867));
#3393 = CARTESIAN_POINT('',(1.958055712531E+03,-376.5713524856,
    291.90996227038));
#3394 = CARTESIAN_POINT('',(1.943075403036E+03,-336.9138847168,
    310.31281640439));
#3395 = CARTESIAN_POINT('',(1.935752088478E+03,-317.5268279171,
    310.0983256688));
#3396 = CARTESIAN_POINT('',(2.063202995269E+03,-253.7110929715,0.));
#3397 = CARTESIAN_POINT('',(2.072902719035E+03,-271.1418127796,
    -0.214444071547));
#3398 = CARTESIAN_POINT('',(2.092744125938E+03,-306.7974677929,
    18.184406385609));
#3399 = CARTESIAN_POINT('',(2.111419283127E+03,-340.3573340526,
    78.762597416532));
#3400 = CARTESIAN_POINT('',(2.117833011303E+03,-351.8830126666,
    155.01543074373));
#3401 = CARTESIAN_POINT('',(2.111419283127E+03,-340.3573340526,
    231.26826407093));
#3402 = CARTESIAN_POINT('',(2.092744125938E+03,-306.7974677929,
    291.84645510185));
#3403 = CARTESIAN_POINT('',(2.072902719035E+03,-271.1418127795,
    310.24530555901));
#3404 = CARTESIAN_POINT('',(2.063202995269E+03,-253.7110929715,
    310.03086148746));
#3405 = CARTESIAN_POINT('',(2.115307436087E+03,-217.5,0.));
#3406 = CARTESIAN_POINT('',(2.126478199794E+03,-233.5124112823,
    -0.214430663863));
#3407 = CARTESIAN_POINT('',(2.149328713218E+03,-266.2668252654,
    18.183269442165));
#3408 = CARTESIAN_POINT('',(2.170836105922E+03,-297.0959813215,
    78.757672943503));
#3409 = CARTESIAN_POINT('',(2.17822252678E+03,-307.6838347382,
    155.00573871562));
#3410 = CARTESIAN_POINT('',(2.170836105922E+03,-297.0959813215,
    231.25380448775));
#3411 = CARTESIAN_POINT('',(2.149328713218E+03,-266.2668252654,
    291.82820798908));
#3412 = CARTESIAN_POINT('',(2.126478199794E+03,-233.5124112823,
    310.22590809511));
#3413 = CARTESIAN_POINT('',(2.115307436087E+03,-217.5,310.01147743125));
#3414 = DEFINITIONAL_REPRESENTATION('',(#3415),#3419);
#3415 = LINE('',#3416,#3417);
#3416 = CARTESIAN_POINT('',(0.,0.));
#3417 = VECTOR('',#3418,1.);
#3418 = DIRECTION('',(0.,1.));
#3419 = ( GEOMETRIC_REPRESENTATION_CONTEXT(2) 
PARAMETRIC_REPRESENTATION_CONTEXT() REPRESENTATION_CONTEXT('2D SPACE',''
  ) );
#3420 = ORIENTED_EDGE('',*,*,#3421,.T.);
#3421 = EDGE_CURVE('',#3352,#3422,#3424,.T.);
#3422 = VERTEX_POINT('',#3423);
#3423 = CARTESIAN_POINT('',(2.115307436087E+03,-217.5,0.));
#3424 = SURFACE_CURVE('',#3425,(#3431),.PCURVE_S1.);
#3425 = B_SPLINE_CURVE_WITH_KNOTS('',3,(#3426,#3427,#3428,#3429,#3430),
  .UNSPECIFIED.,.F.,.F.,(4,1,4),(0.,0.540760026343,1.),.UNSPECIFIED.);
#3426 = CARTESIAN_POINT('',(1.72E+03,-376.7210506462,0.));
#3427 = CARTESIAN_POINT('',(1.79652926778E+03,-358.8724360239,0.));
#3428 = CARTESIAN_POINT('',(1.935752088478E+03,-317.5268279171,0.));
#3429 = CARTESIAN_POINT('',(2.063202995269E+03,-253.7110929715,0.));
#3430 = CARTESIAN_POINT('',(2.115307436087E+03,-217.5,0.));
#3431 = PCURVE('',#3368,#3432);
#3432 = DEFINITIONAL_REPRESENTATION('',(#3433),#3437);
#3433 = LINE('',#3434,#3435);
#3434 = CARTESIAN_POINT('',(0.,0.));
#3435 = VECTOR('',#3436,1.);
#3436 = DIRECTION('',(1.,0.));
#3437 = ( GEOMETRIC_REPRESENTATION_CONTEXT(2) 
PARAMETRIC_REPRESENTATION_CONTEXT() REPRESENTATION_CONTEXT('2D SPACE',''
  ) );
#3438 = ORIENTED_EDGE('',*,*,#3439,.T.);
#3439 = EDGE_CURVE('',#3422,#3440,#3442,.T.);
#3440 = VERTEX_POINT('',#3441);
#3441 = CARTESIAN_POINT('',(2.115307436087E+03,-217.5,310.01147743125));
#3442 = SURFACE_CURVE('',#3443,(#3453),.PCURVE_S1.);
#3443 = B_SPLINE_CURVE_WITH_KNOTS('',3,(#3444,#3445,#3446,#3447,#3448,
    #3449,#3450,#3451,#3452),.UNSPECIFIED.,.F.,.F.,(4,1,1,1,1,1,4),(0.,
    0.143798080145,0.311355279633,0.5,0.688644720367,0.856201919855,1.),
  .UNSPECIFIED.);
#3444 = CARTESIAN_POINT('',(2.115307436087E+03,-217.5,0.));
#3445 = CARTESIAN_POINT('',(2.126478199794E+03,-233.5124112823,
    -0.214430663863));
#3446 = CARTESIAN_POINT('',(2.149328713218E+03,-266.2668252654,
    18.183269442165));
#3447 = CARTESIAN_POINT('',(2.170836105922E+03,-297.0959813215,
    78.757672943503));
#3448 = CARTESIAN_POINT('',(2.17822252678E+03,-307.6838347382,
    155.00573871562));
#3449 = CARTESIAN_POINT('',(2.170836105922E+03,-297.0959813215,
    231.25380448775));
#3450 = CARTESIAN_POINT('',(2.149328713218E+03,-266.2668252654,
    291.82820798908));
#3451 = CARTESIAN_POINT('',(2.126478199794E+03,-233.5124112823,
    310.22590809511));
#3452 = CARTESIAN_POINT('',(2.115307436087E+03,-217.5,310.01147743125));
#3453 = PCURVE('',#3368,#3454);
#3454 = DEFINITIONAL_REPRESENTATION('',(#3455),#3459);
#3455 = LINE('',#3456,#3457);
#3456 = CARTESIAN_POINT('',(1.,0.));
#3457 = VECTOR('',#3458,1.);
#3458 = DIRECTION('',(0.,1.));
#3459 = ( GEOMETRIC_REPRESENTATION_CONTEXT(2) 
PARAMETRIC_REPRESENTATION_CONTEXT() REPRESENTATION_CONTEXT('2D SPACE',''
  ) );
#3460 = ORIENTED_EDGE('',*,*,#3461,.F.);
#3461 = EDGE_CURVE('',#3354,#3440,#3462,.T.);
#3462 = SURFACE_CURVE('',#3463,(#3469),.PCURVE_S1.);
#3463 = B_SPLINE_CURVE_WITH_KNOTS('',3,(#3464,#3465,#3466,#3467,#3468),
  .UNSPECIFIED.,.F.,.F.,(4,1,4),(0.,0.540760026343,1.),.UNSPECIFIED.);
#3464 = CARTESIAN_POINT('',(1.72E+03,-376.7210506462,312.2265625));
#3465 = CARTESIAN_POINT('',(1.79652926778E+03,-358.8724360239,
    310.9748229026));
#3466 = CARTESIAN_POINT('',(1.935752088478E+03,-317.5268279171,
    310.0983256688));
#3467 = CARTESIAN_POINT('',(2.063202995269E+03,-253.7110929715,
    310.03086148746));
#3468 = CARTESIAN_POINT('',(2.115307436087E+03,-217.5,310.01147743125));
#3469 = PCURVE('',#3368,#3470);
#3470 = DEFINITIONAL_REPRESENTATION('',(#3471),#3475);
#3471 = LINE('',#3472,#3473);
#3472 = CARTESIAN_POINT('',(0.,1.));
#3473 = VECTOR('',#3474,1.);
#3474 = DIRECTION('',(1.,0.));
#3475 = ( GEOMETRIC_REPRESENTATION_CONTEXT(2) 
PARAMETRIC_REPRESENTATION_CONTEXT() REPRESENTATION_CONTEXT('2D SPACE',''
  ) );
#3476 = ( GEOMETRIC_REPRESENTATION_CONTEXT(3) 
GLOBAL_UNCERTAINTY_ASSIGNED_CONTEXT((#3480)) 
GLOBAL_UNIT_ASSIGNED_CONTEXT((#3477,#3478,#3479)) REPRESENTATION_CONTEXT
('Context #1','3D Context with UNIT and UNCERTAINTY') );
#3477 = ( LENGTH_UNIT() NAMED_UNIT(*) SI_UNIT(.MILLI.,.METRE.) );
#3478 = ( NAMED_UNIT(*) PLANE_ANGLE_UNIT() SI_UNIT($,.RADIAN.) );
#3479 = ( NAMED_UNIT(*) SI_UNIT($,.STERADIAN.) SOLID_ANGLE_UNIT() );
#3480 = UNCERTAINTY_MEASURE_WITH_UNIT(LENGTH_MEASURE(1.E-07),#3477,
  'distance_accuracy_value','confusion accuracy');
#3481 = CONTEXT_DEPENDENT_SHAPE_REPRESENTATION(#3482,#3484);
#3482 = ( REPRESENTATION_RELATIONSHIP('','',#3344,#10) 
REPRESENTATION_RELATIONSHIP_WITH_TRANSFORMATION(#3483) 
SHAPE_REPRESENTATION_RELATIONSHIP() );
#3483 = ITEM_DEFINED_TRANSFORMATION('','',#11,#95);
#3484 = PRODUCT_DEFINITION_SHAPE('Placement','Placement of an item',
  #3485);
#3485 = NEXT_ASSEMBLY_USAGE_OCCURRENCE('21','O11','',#5,#3339,$);
#3486 = PRODUCT_RELATED_PRODUCT_CATEGORY('part',$,(#3341));
#3487 = SHAPE_DEFINITION_REPRESENTATION(#3488,#3494);
#3488 = PRODUCT_DEFINITION_SHAPE('','',#3489);
#3489 = PRODUCT_DEFINITION('design','',#3490,#3493);
#3490 = PRODUCT_DEFINITION_FORMATION('','',#3491);
#3491 = PRODUCT('L11','L11','',(#3492));
#3492 = PRODUCT_CONTEXT('',#2,'mechanical');
#3493 = PRODUCT_DEFINITION_CONTEXT('part definition',#2,'design');
#3494 = MANIFOLD_SURFACE_SHAPE_REPRESENTATION('',(#11,#3495),#3626);
#3495 = SHELL_BASED_SURFACE_MODEL('',(#3496));
#3496 = OPEN_SHELL('',(#3497));
#3497 = ADVANCED_FACE('',(#3498),#3518,.T.);
#3498 = FACE_BOUND('',#3499,.T.);
#3499 = EDGE_LOOP('',(#3500,#3570,#3588,#3610));
#3500 = ORIENTED_EDGE('',*,*,#3501,.F.);
#3501 = EDGE_CURVE('',#3502,#3504,#3506,.T.);
#3502 = VERTEX_POINT('',#3503);
#3503 = CARTESIAN_POINT('',(1.72E+03,-376.7210506462,312.2265625));
#3504 = VERTEX_POINT('',#3505);
#3505 = CARTESIAN_POINT('',(1.72E+03,-376.7210506462,0.));
#3506 = SURFACE_CURVE('',#3507,(#3517),.PCURVE_S1.);
#3507 = B_SPLINE_CURVE_WITH_KNOTS('',3,(#3508,#3509,#3510,#3511,#3512,
    #3513,#3514,#3515,#3516),.UNSPECIFIED.,.F.,.F.,(4,1,1,1,1,1,4),(0.,
    0.143798080145,0.311355279633,0.5,0.688644720367,0.856201919855,1.),
  .UNSPECIFIED.);
#3508 = CARTESIAN_POINT('',(1.72E+03,-376.7210506462,312.2265625));
#3509 = CARTESIAN_POINT('',(1.715116747695E+03,-355.7217761929,
    312.44252530766));
#3510 = CARTESIAN_POINT('',(1.705127741993E+03,-312.7664138394,
    293.91337048535));
#3511 = CARTESIAN_POINT('',(1.695725875857E+03,-272.3359066678,
    232.90615250292));
#3512 = CARTESIAN_POINT('',(1.692496933089E+03,-258.4506000861,
    156.11328125));
#3513 = CARTESIAN_POINT('',(1.695725875857E+03,-272.3359066678,
    79.320409997076));
#3514 = CARTESIAN_POINT('',(1.705127741993E+03,-312.7664138393,
    18.313192014645));
#3515 = CARTESIAN_POINT('',(1.715116747695E+03,-355.7217761929,
    -0.215962807666));
#3516 = CARTESIAN_POINT('',(1.72E+03,-376.7210506462,0.));
#3517 = PCURVE('',#3518,#3564);
#3518 = B_SPLINE_SURFACE_WITH_KNOTS('',3,3,(
    (#3519,#3520,#3521,#3522,#3523,#3524,#3525,#3526,#3527)
    ,(#3528,#3529,#3530,#3531,#3532,#3533,#3534,#3535,#3536)
    ,(#3537,#3538,#3539,#3540,#3541,#3542,#3543,#3544,#3545)
    ,(#3546,#3547,#3548,#3549,#3550,#3551,#3552,#3553,#3554)
    ,(#3555,#3556,#3557,#3558,#3559,#3560,#3561,#3562,#3563
  )),.UNSPECIFIED.,.F.,.F.,.F.,(4,1,4),(4,1,1,1,1,1,4),(0.,
    0.552989098645,1.),(0.,0.143798080145,0.311355279633,0.5,
    0.688644720367,0.856201919855,1.),.UNSPECIFIED.);
#3519 = CARTESIAN_POINT('',(1.72E+03,-376.7210506462,312.2265625));
#3520 = CARTESIAN_POINT('',(1.715116747695E+03,-355.7217761929,
    312.44252530766));
#3521 = CARTESIAN_POINT('',(1.705127741993E+03,-312.7664138394,
    293.91337048535));
#3522 = CARTESIAN_POINT('',(1.695725875857E+03,-272.3359066678,
    232.90615250292));
#3523 = CARTESIAN_POINT('',(1.692496933089E+03,-258.4506000861,
    156.11328125));
#3524 = CARTESIAN_POINT('',(1.695725875857E+03,-272.3359066678,
    79.320409997076));
#3525 = CARTESIAN_POINT('',(1.705127741993E+03,-312.7664138393,
    18.313192014645));
#3526 = CARTESIAN_POINT('',(1.715116747695E+03,-355.7217761929,
    -0.215962807666));
#3527 = CARTESIAN_POINT('',(1.72E+03,-376.7210506462,0.));
#3528 = CARTESIAN_POINT('',(1.795585694706E+03,-359.0938735632,
    310.98929934293));
#3529 = CARTESIAN_POINT('',(1.789898719115E+03,-338.5729584725,
    311.20440635273));
#3530 = CARTESIAN_POINT('',(1.778265645898E+03,-296.5961108672,
    292.74867718778));
#3531 = CARTESIAN_POINT('',(1.7673163482E+03,-257.0866027371,
    231.98321308598));
#3532 = CARTESIAN_POINT('',(1.763555961155E+03,-243.517600722,
    155.49464967147));
#3533 = CARTESIAN_POINT('',(1.7673163482E+03,-257.0866027371,
    79.006086256947));
#3534 = CARTESIAN_POINT('',(1.778265645898E+03,-296.5961108672,
    18.24062215516));
#3535 = CARTESIAN_POINT('',(1.789898719115E+03,-338.5729584725,
    -0.215107009802));
#3536 = CARTESIAN_POINT('',(1.795585694706E+03,-359.0938735632,0.));
#3537 = CARTESIAN_POINT('',(1.931086040223E+03,-319.1289181912,
    310.11364839716));
#3538 = CARTESIAN_POINT('',(1.923821549957E+03,-299.7007306768,
    310.32814973128));
#3539 = CARTESIAN_POINT('',(1.908961569323E+03,-259.9591273937,
    291.92438626653));
#3540 = CARTESIAN_POINT('',(1.894975037243E+03,-222.5534790996,
    231.33001916461));
#3541 = CARTESIAN_POINT('',(1.89017155345E+03,-209.7070190676,
    155.05682419858));
#3542 = CARTESIAN_POINT('',(1.894975037243E+03,-222.5534790996,
    78.783629232545));
#3543 = CARTESIAN_POINT('',(1.908961569323E+03,-259.9591273937,
    18.189262130634));
#3544 = CARTESIAN_POINT('',(1.923821549957E+03,-299.7007306768,
    -0.214501334118));
#3545 = CARTESIAN_POINT('',(1.931086040223E+03,-319.1289181912,0.));
#3546 = CARTESIAN_POINT('',(2.060760406243E+03,-255.2233445962,
    310.03070241347));
#3547 = CARTESIAN_POINT('',(2.051119423314E+03,-237.7396052815,
    310.245146375));
#3548 = CARTESIAN_POINT('',(2.031398174561E+03,-201.9754954676,
    291.84630535811));
#3549 = CARTESIAN_POINT('',(2.012836112796E+03,-168.3135492265,
    231.26814540931));
#3550 = CARTESIAN_POINT('',(2.006461225701E+03,-156.7528126344,
    155.01535120674));
#3551 = CARTESIAN_POINT('',(2.012836112796E+03,-168.3135492265,
    78.762557004159));
#3552 = CARTESIAN_POINT('',(2.031398174561E+03,-201.9754954676,
    18.184397055369));
#3553 = CARTESIAN_POINT('',(2.051119423315E+03,-237.7396052815,
    -0.214443961525));
#3554 = CARTESIAN_POINT('',(2.060760406243E+03,-255.2233445962,0.));
#3555 = CARTESIAN_POINT('',(2.115307436087E+03,-217.5,310.01147743125));
#3556 = CARTESIAN_POINT('',(2.10413667238E+03,-201.4875887176,
    310.22590809512));
#3557 = CARTESIAN_POINT('',(2.081286158956E+03,-168.7331747345,
    291.82820798908));
#3558 = CARTESIAN_POINT('',(2.059778766253E+03,-137.9040186784,
    231.25380448775));
#3559 = CARTESIAN_POINT('',(2.052392345395E+03,-127.3161652617,
    155.00573871562));
#3560 = CARTESIAN_POINT('',(2.059778766253E+03,-137.9040186784,
    78.757672943494));
#3561 = CARTESIAN_POINT('',(2.081286158956E+03,-168.7331747345,
    18.183269442177));
#3562 = CARTESIAN_POINT('',(2.10413667238E+03,-201.4875887176,
    -0.21443066387));
#3563 = CARTESIAN_POINT('',(2.115307436087E+03,-217.5,0.));
#3564 = DEFINITIONAL_REPRESENTATION('',(#3565),#3569);
#3565 = LINE('',#3566,#3567);
#3566 = CARTESIAN_POINT('',(0.,0.));
#3567 = VECTOR('',#3568,1.);
#3568 = DIRECTION('',(0.,1.));
#3569 = ( GEOMETRIC_REPRESENTATION_CONTEXT(2) 
PARAMETRIC_REPRESENTATION_CONTEXT() REPRESENTATION_CONTEXT('2D SPACE',''
  ) );
#3570 = ORIENTED_EDGE('',*,*,#3571,.T.);
#3571 = EDGE_CURVE('',#3502,#3572,#3574,.T.);
#3572 = VERTEX_POINT('',#3573);
#3573 = CARTESIAN_POINT('',(2.115307436087E+03,-217.5,310.01147743125));
#3574 = SURFACE_CURVE('',#3575,(#3581),.PCURVE_S1.);
#3575 = B_SPLINE_CURVE_WITH_KNOTS('',3,(#3576,#3577,#3578,#3579,#3580),
  .UNSPECIFIED.,.F.,.F.,(4,1,4),(0.,0.552989098645,1.),.UNSPECIFIED.);
#3576 = CARTESIAN_POINT('',(1.72E+03,-376.7210506462,312.2265625));
#3577 = CARTESIAN_POINT('',(1.795585694706E+03,-359.0938735632,
    310.98929934293));
#3578 = CARTESIAN_POINT('',(1.931086040223E+03,-319.1289181912,
    310.11364839716));
#3579 = CARTESIAN_POINT('',(2.060760406243E+03,-255.2233445962,
    310.03070241347));
#3580 = CARTESIAN_POINT('',(2.115307436087E+03,-217.5,310.01147743125));
#3581 = PCURVE('',#3518,#3582);
#3582 = DEFINITIONAL_REPRESENTATION('',(#3583),#3587);
#3583 = LINE('',#3584,#3585);
#3584 = CARTESIAN_POINT('',(0.,0.));
#3585 = VECTOR('',#3586,1.);
#3586 = DIRECTION('',(1.,0.));
#3587 = ( GEOMETRIC_REPRESENTATION_CONTEXT(2) 
PARAMETRIC_REPRESENTATION_CONTEXT() REPRESENTATION_CONTEXT('2D SPACE',''
  ) );
#3588 = ORIENTED_EDGE('',*,*,#3589,.T.);
#3589 = EDGE_CURVE('',#3572,#3590,#3592,.T.);
#3590 = VERTEX_POINT('',#3591);
#3591 = CARTESIAN_POINT('',(2.115307436087E+03,-217.5,0.));
#3592 = SURFACE_CURVE('',#3593,(#3603),.PCURVE_S1.);
#3593 = B_SPLINE_CURVE_WITH_KNOTS('',3,(#3594,#3595,#3596,#3597,#3598,
    #3599,#3600,#3601,#3602),.UNSPECIFIED.,.F.,.F.,(4,1,1,1,1,1,4),(0.,
    0.143798080145,0.311355279633,0.5,0.688644720367,0.856201919855,1.),
  .UNSPECIFIED.);
#3594 = CARTESIAN_POINT('',(2.115307436087E+03,-217.5,310.01147743125));
#3595 = CARTESIAN_POINT('',(2.10413667238E+03,-201.4875887176,
    310.22590809512));
#3596 = CARTESIAN_POINT('',(2.081286158956E+03,-168.7331747345,
    291.82820798908));
#3597 = CARTESIAN_POINT('',(2.059778766253E+03,-137.9040186784,
    231.25380448775));
#3598 = CARTESIAN_POINT('',(2.052392345395E+03,-127.3161652617,
    155.00573871562));
#3599 = CARTESIAN_POINT('',(2.059778766253E+03,-137.9040186784,
    78.757672943494));
#3600 = CARTESIAN_POINT('',(2.081286158956E+03,-168.7331747345,
    18.183269442177));
#3601 = CARTESIAN_POINT('',(2.10413667238E+03,-201.4875887176,
    -0.21443066387));
#3602 = CARTESIAN_POINT('',(2.115307436087E+03,-217.5,0.));
#3603 = PCURVE('',#3518,#3604);
#3604 = DEFINITIONAL_REPRESENTATION('',(#3605),#3609);
#3605 = LINE('',#3606,#3607);
#3606 = CARTESIAN_POINT('',(1.,0.));
#3607 = VECTOR('',#3608,1.);
#3608 = DIRECTION('',(0.,1.));
#3609 = ( GEOMETRIC_REPRESENTATION_CONTEXT(2) 
PARAMETRIC_REPRESENTATION_CONTEXT() REPRESENTATION_CONTEXT('2D SPACE',''
  ) );
#3610 = ORIENTED_EDGE('',*,*,#3611,.F.);
#3611 = EDGE_CURVE('',#3504,#3590,#3612,.T.);
#3612 = SURFACE_CURVE('',#3613,(#3619),.PCURVE_S1.);
#3613 = B_SPLINE_CURVE_WITH_KNOTS('',3,(#3614,#3615,#3616,#3617,#3618),
  .UNSPECIFIED.,.F.,.F.,(4,1,4),(0.,0.552989098645,1.),.UNSPECIFIED.);
#3614 = CARTESIAN_POINT('',(1.72E+03,-376.7210506462,0.));
#3615 = CARTESIAN_POINT('',(1.795585694706E+03,-359.0938735632,0.));
#3616 = CARTESIAN_POINT('',(1.931086040223E+03,-319.1289181912,0.));
#3617 = CARTESIAN_POINT('',(2.060760406243E+03,-255.2233445962,0.));
#3618 = CARTESIAN_POINT('',(2.115307436087E+03,-217.5,0.));
#3619 = PCURVE('',#3518,#3620);
#3620 = DEFINITIONAL_REPRESENTATION('',(#3621),#3625);
#3621 = LINE('',#3622,#3623);
#3622 = CARTESIAN_POINT('',(0.,1.));
#3623 = VECTOR('',#3624,1.);
#3624 = DIRECTION('',(1.,0.));
#3625 = ( GEOMETRIC_REPRESENTATION_CONTEXT(2) 
PARAMETRIC_REPRESENTATION_CONTEXT() REPRESENTATION_CONTEXT('2D SPACE',''
  ) );
#3626 = ( GEOMETRIC_REPRESENTATION_CONTEXT(3) 
GLOBAL_UNCERTAINTY_ASSIGNED_CONTEXT((#3630)) 
GLOBAL_UNIT_ASSIGNED_CONTEXT((#3627,#3628,#3629)) REPRESENTATION_CONTEXT
('Context #1','3D Context with UNIT and UNCERTAINTY') );
#3627 = ( LENGTH_UNIT() NAMED_UNIT(*) SI_UNIT(.MILLI.,.METRE.) );
#3628 = ( NAMED_UNIT(*) PLANE_ANGLE_UNIT() SI_UNIT($,.RADIAN.) );
#3629 = ( NAMED_UNIT(*) SI_UNIT($,.STERADIAN.) SOLID_ANGLE_UNIT() );
#3630 = UNCERTAINTY_MEASURE_WITH_UNIT(LENGTH_MEASURE(1.E-07),#3627,
  'distance_accuracy_value','confusion accuracy');
#3631 = CONTEXT_DEPENDENT_SHAPE_REPRESENTATION(#3632,#3634);
#3632 = ( REPRESENTATION_RELATIONSHIP('','',#3494,#10) 
REPRESENTATION_RELATIONSHIP_WITH_TRANSFORMATION(#3633) 
SHAPE_REPRESENTATION_RELATIONSHIP() );
#3633 = ITEM_DEFINED_TRANSFORMATION('','',#11,#99);
#3634 = PRODUCT_DEFINITION_SHAPE('Placement','Placement of an item',
  #3635);
#3635 = NEXT_ASSEMBLY_USAGE_OCCURRENCE('22','L11','',#5,#3489,$);
#3636 = PRODUCT_RELATED_PRODUCT_CATEGORY('part',$,(#3491));
#3637 = SHAPE_DEFINITION_REPRESENTATION(#3638,#3644);
#3638 = PRODUCT_DEFINITION_SHAPE('','',#3639);
#3639 = PRODUCT_DEFINITION('design','',#3640,#3643);
#3640 = PRODUCT_DEFINITION_FORMATION('','',#3641);
#3641 = PRODUCT('O12','O12','',(#3642));
#3642 = PRODUCT_CONTEXT('',#2,'mechanical');
#3643 = PRODUCT_DEFINITION_CONTEXT('part definition',#2,'design');
#3644 = MANIFOLD_SURFACE_SHAPE_REPRESENTATION('',(#11,#3645),#3787);
#3645 = SHELL_BASED_SURFACE_MODEL('',(#3646));
#3646 = OPEN_SHELL('',(#3647));
#3647 = ADVANCED_FACE('',(#3648),#3668,.T.);
#3648 = FACE_BOUND('',#3649,.T.);
#3649 = EDGE_LOOP('',(#3650,#3729,#3748,#3770));
#3650 = ORIENTED_EDGE('',*,*,#3651,.F.);
#3651 = EDGE_CURVE('',#3652,#3654,#3656,.T.);
#3652 = VERTEX_POINT('',#3653);
#3653 = CARTESIAN_POINT('',(2.115307436087E+03,-217.5,0.));
#3654 = VERTEX_POINT('',#3655);
#3655 = CARTESIAN_POINT('',(2.115307436087E+03,-217.5,310.01147743125));
#3656 = SURFACE_CURVE('',#3657,(#3667),.PCURVE_S1.);
#3657 = B_SPLINE_CURVE_WITH_KNOTS('',3,(#3658,#3659,#3660,#3661,#3662,
    #3663,#3664,#3665,#3666),.UNSPECIFIED.,.F.,.F.,(4,1,1,1,1,1,4),(0.,
    0.138303717447,0.306329958805,0.5,0.693670041195,0.861696282553,1.),
  .UNSPECIFIED.);
#3658 = CARTESIAN_POINT('',(2.115307436087E+03,-217.5,0.));
#3659 = CARTESIAN_POINT('',(2.126803517723E+03,-233.9787289505,
    -0.151573067794));
#3660 = CARTESIAN_POINT('',(2.149879817887E+03,-267.0567904681,
    19.175913151139));
#3661 = CARTESIAN_POINT('',(2.170971398017E+03,-297.289911901,
    79.694871820671));
#3662 = CARTESIAN_POINT('',(2.178179890965E+03,-307.6227196514,
    155.00573871562));
#3663 = CARTESIAN_POINT('',(2.170971398017E+03,-297.289911901,
    230.31660561058));
#3664 = CARTESIAN_POINT('',(2.149879817887E+03,-267.0567904681,
    290.83556428012));
#3665 = CARTESIAN_POINT('',(2.126803517723E+03,-233.9787289505,
    310.16305049904));
#3666 = CARTESIAN_POINT('',(2.115307436087E+03,-217.5,310.01147743125));
#3667 = PCURVE('',#3668,#3723);
#3668 = B_SPLINE_SURFACE_WITH_KNOTS('',3,3,(
    (#3669,#3670,#3671,#3672,#3673,#3674,#3675,#3676,#3677)
    ,(#3678,#3679,#3680,#3681,#3682,#3683,#3684,#3685,#3686)
    ,(#3687,#3688,#3689,#3690,#3691,#3692,#3693,#3694,#3695)
    ,(#3696,#3697,#3698,#3699,#3700,#3701,#3702,#3703,#3704)
    ,(#3705,#3706,#3707,#3708,#3709,#3710,#3711,#3712,#3713)
    ,(#3714,#3715,#3716,#3717,#3718,#3719,#3720,#3721,#3722
  )),.UNSPECIFIED.,.F.,.F.,.F.,(4,1,1,4),(4,1,1,1,1,1,4),(0.,
    0.364065310904,0.690971388762,1.),(0.,0.138303717447,0.306329958805,
    0.5,0.693670041195,0.861696282553,1.),.UNSPECIFIED.);
#3669 = CARTESIAN_POINT('',(2.115307436087E+03,-217.5,0.));
#3670 = CARTESIAN_POINT('',(2.126803517723E+03,-233.9787289505,
    -0.151573067794));
#3671 = CARTESIAN_POINT('',(2.149879817887E+03,-267.0567904681,
    19.175913151139));
#3672 = CARTESIAN_POINT('',(2.170971398017E+03,-297.289911901,
    79.694871820671));
#3673 = CARTESIAN_POINT('',(2.178179890965E+03,-307.6227196514,
    155.00573871562));
#3674 = CARTESIAN_POINT('',(2.170971398017E+03,-297.289911901,
    230.31660561058));
#3675 = CARTESIAN_POINT('',(2.149879817887E+03,-267.0567904681,
    290.83556428012));
#3676 = CARTESIAN_POINT('',(2.126803517723E+03,-233.9787289505,
    310.16305049904));
#3677 = CARTESIAN_POINT('',(2.115307436087E+03,-217.5,310.01147743125));
#3678 = CARTESIAN_POINT('',(2.144709602116E+03,-196.9487035803,0.));
#3679 = CARTESIAN_POINT('',(2.157074715999E+03,-212.5718360158,
    -0.151568680638));
#3680 = CARTESIAN_POINT('',(2.181895440883E+03,-243.9324426106,
    19.175358120342));
#3681 = CARTESIAN_POINT('',(2.204581413247E+03,-272.5958220193,
    79.69256511914));
#3682 = CARTESIAN_POINT('',(2.212334823414E+03,-282.3921372813,
    155.00125220392));
#3683 = CARTESIAN_POINT('',(2.204581413247E+03,-272.5958220193,
    230.30993928871));
#3684 = CARTESIAN_POINT('',(2.181895440883E+03,-243.9324426106,
    290.82714628752));
#3685 = CARTESIAN_POINT('',(2.157074715999E+03,-212.5718360158,
    310.15407308849));
#3686 = CARTESIAN_POINT('',(2.144709602116E+03,-196.9487035803,
    310.00250440785));
#3687 = CARTESIAN_POINT('',(2.19643663738E+03,-153.6585455988,0.));
#3688 = CARTESIAN_POINT('',(2.21067183482E+03,-167.3503965701,
    -0.151567400922));
#3689 = CARTESIAN_POINT('',(2.23924641348E+03,-194.8343056798,
    19.17519622));
#3690 = CARTESIAN_POINT('',(2.265363382459E+03,-219.9544101671,
    79.691892263204));
#3691 = CARTESIAN_POINT('',(2.274289408178E+03,-228.5397363933,
    154.99994350577));
#3692 = CARTESIAN_POINT('',(2.265363382459E+03,-219.9544101671,
    230.30799474835));
#3693 = CARTESIAN_POINT('',(2.23924641348E+03,-194.8343056798,
    290.82469079155));
#3694 = CARTESIAN_POINT('',(2.21067183482E+03,-167.3503965701,
    310.15145441247));
#3695 = CARTESIAN_POINT('',(2.19643663738E+03,-153.6585455988,
    309.99988701155));
#3696 = CARTESIAN_POINT('',(2.24824183665E+03,-78.16990215407,0.));
#3697 = CARTESIAN_POINT('',(2.265962472904E+03,-86.54137895341,
    -0.151567477884));
#3698 = CARTESIAN_POINT('',(2.301533438231E+03,-103.3456012567,
    19.175205956735));
#3699 = CARTESIAN_POINT('',(2.334045056653E+03,-118.7045452266,
    79.691932728963));
#3700 = CARTESIAN_POINT('',(2.34515658887E+03,-123.9537886977,
    155.00002221127));
#3701 = CARTESIAN_POINT('',(2.334045056653E+03,-118.7045452266,
    230.30811169359));
#3702 = CARTESIAN_POINT('',(2.301533438231E+03,-103.3456012567,
    290.82483846582));
#3703 = CARTESIAN_POINT('',(2.265962472904E+03,-86.54137895341,
    310.15161190044));
#3704 = CARTESIAN_POINT('',(2.24824183665E+03,-78.16990215407,
    310.00004442255));
#3705 = CARTESIAN_POINT('',(2.260040349394E+03,-25.50700448907,0.));
#3706 = CARTESIAN_POINT('',(2.279118625724E+03,-28.30090075727,
    -0.151567448878));
#3707 = CARTESIAN_POINT('',(2.317414807425E+03,-33.90914110825,
    19.175202287107));
#3708 = CARTESIAN_POINT('',(2.352417254928E+03,-39.03503433707,
    79.691917478031));
#3709 = CARTESIAN_POINT('',(2.364380080588E+03,-40.78691660303,
    154.99999254836));
#3710 = CARTESIAN_POINT('',(2.352417254928E+03,-39.03503433707,
    230.3080676187));
#3711 = CARTESIAN_POINT('',(2.317414807425E+03,-33.90914110825,
    290.82478280963));
#3712 = CARTESIAN_POINT('',(2.279118625724E+03,-28.30090075727,
    310.15155254561));
#3713 = CARTESIAN_POINT('',(2.260040349394E+03,-25.50700448907,
    309.99998509673));
#3714 = CARTESIAN_POINT('',(2.26E+03,-1.065442715258E-13,0.));
#3715 = CARTESIAN_POINT('',(2.27904502003E+03,-1.181255573398E-13,
    -0.151567456165));
#3716 = CARTESIAN_POINT('',(2.317274445738E+03,-1.413728894464E-13,
    19.175203208956));
#3717 = CARTESIAN_POINT('',(2.35221587872E+03,-1.626207916003E-13,
    79.691921309224));
#3718 = CARTESIAN_POINT('',(2.364157851379E+03,-1.698827109011E-13,155.)
  );
#3719 = CARTESIAN_POINT('',(2.35221587872E+03,-1.626207916003E-13,
    230.30807869077));
#3720 = CARTESIAN_POINT('',(2.317274445738E+03,-1.413728894464E-13,
    290.82479679104));
#3721 = CARTESIAN_POINT('',(2.27904502003E+03,-1.181255573398E-13,
    310.15156745616));
#3722 = CARTESIAN_POINT('',(2.26E+03,-1.065442715258E-13,310.));
#3723 = DEFINITIONAL_REPRESENTATION('',(#3724),#3728);
#3724 = LINE('',#3725,#3726);
#3725 = CARTESIAN_POINT('',(0.,0.));
#3726 = VECTOR('',#3727,1.);
#3727 = DIRECTION('',(0.,1.));
#3728 = ( GEOMETRIC_REPRESENTATION_CONTEXT(2) 
PARAMETRIC_REPRESENTATION_CONTEXT() REPRESENTATION_CONTEXT('2D SPACE',''
  ) );
#3729 = ORIENTED_EDGE('',*,*,#3730,.T.);
#3730 = EDGE_CURVE('',#3652,#3731,#3733,.T.);
#3731 = VERTEX_POINT('',#3732);
#3732 = CARTESIAN_POINT('',(2.26E+03,-1.065442715258E-13,0.));
#3733 = SURFACE_CURVE('',#3734,(#3741),.PCURVE_S1.);
#3734 = B_SPLINE_CURVE_WITH_KNOTS('',3,(#3735,#3736,#3737,#3738,#3739,
    #3740),.UNSPECIFIED.,.F.,.F.,(4,1,1,4),(0.,0.364065310904,
    0.690971388762,1.),.UNSPECIFIED.);
#3735 = CARTESIAN_POINT('',(2.115307436087E+03,-217.5,0.));
#3736 = CARTESIAN_POINT('',(2.144709602116E+03,-196.9487035803,0.));
#3737 = CARTESIAN_POINT('',(2.19643663738E+03,-153.6585455988,0.));
#3738 = CARTESIAN_POINT('',(2.24824183665E+03,-78.16990215407,0.));
#3739 = CARTESIAN_POINT('',(2.260040349394E+03,-25.50700448907,0.));
#3740 = CARTESIAN_POINT('',(2.26E+03,-1.065442715258E-13,0.));
#3741 = PCURVE('',#3668,#3742);
#3742 = DEFINITIONAL_REPRESENTATION('',(#3743),#3747);
#3743 = LINE('',#3744,#3745);
#3744 = CARTESIAN_POINT('',(0.,0.));
#3745 = VECTOR('',#3746,1.);
#3746 = DIRECTION('',(1.,0.));
#3747 = ( GEOMETRIC_REPRESENTATION_CONTEXT(2) 
PARAMETRIC_REPRESENTATION_CONTEXT() REPRESENTATION_CONTEXT('2D SPACE',''
  ) );
#3748 = ORIENTED_EDGE('',*,*,#3749,.T.);
#3749 = EDGE_CURVE('',#3731,#3750,#3752,.T.);
#3750 = VERTEX_POINT('',#3751);
#3751 = CARTESIAN_POINT('',(2.26E+03,-1.065442715258E-13,310.));
#3752 = SURFACE_CURVE('',#3753,(#3763),.PCURVE_S1.);
#3753 = B_SPLINE_CURVE_WITH_KNOTS('',3,(#3754,#3755,#3756,#3757,#3758,
    #3759,#3760,#3761,#3762),.UNSPECIFIED.,.F.,.F.,(4,1,1,1,1,1,4),(0.,
    0.138303717447,0.306329958805,0.5,0.693670041195,0.861696282553,1.),
  .UNSPECIFIED.);
#3754 = CARTESIAN_POINT('',(2.26E+03,-1.065442715258E-13,0.));
#3755 = CARTESIAN_POINT('',(2.27904502003E+03,-1.181255573398E-13,
    -0.151567456165));
#3756 = CARTESIAN_POINT('',(2.317274445738E+03,-1.413728894464E-13,
    19.175203208956));
#3757 = CARTESIAN_POINT('',(2.35221587872E+03,-1.626207916003E-13,
    79.691921309224));
#3758 = CARTESIAN_POINT('',(2.364157851379E+03,-1.698827109011E-13,155.)
  );
#3759 = CARTESIAN_POINT('',(2.35221587872E+03,-1.626207916003E-13,
    230.30807869077));
#3760 = CARTESIAN_POINT('',(2.317274445738E+03,-1.413728894464E-13,
    290.82479679104));
#3761 = CARTESIAN_POINT('',(2.27904502003E+03,-1.181255573398E-13,
    310.15156745616));
#3762 = CARTESIAN_POINT('',(2.26E+03,-1.065442715258E-13,310.));
#3763 = PCURVE('',#3668,#3764);
#3764 = DEFINITIONAL_REPRESENTATION('',(#3765),#3769);
#3765 = LINE('',#3766,#3767);
#3766 = CARTESIAN_POINT('',(1.,0.));
#3767 = VECTOR('',#3768,1.);
#3768 = DIRECTION('',(0.,1.));
#3769 = ( GEOMETRIC_REPRESENTATION_CONTEXT(2) 
PARAMETRIC_REPRESENTATION_CONTEXT() REPRESENTATION_CONTEXT('2D SPACE',''
  ) );
#3770 = ORIENTED_EDGE('',*,*,#3771,.F.);
#3771 = EDGE_CURVE('',#3654,#3750,#3772,.T.);
#3772 = SURFACE_CURVE('',#3773,(#3780),.PCURVE_S1.);
#3773 = B_SPLINE_CURVE_WITH_KNOTS('',3,(#3774,#3775,#3776,#3777,#3778,
    #3779),.UNSPECIFIED.,.F.,.F.,(4,1,1,4),(0.,0.364065310904,
    0.690971388762,1.),.UNSPECIFIED.);
#3774 = CARTESIAN_POINT('',(2.115307436087E+03,-217.5,310.01147743125));
#3775 = CARTESIAN_POINT('',(2.144709602116E+03,-196.9487035803,
    310.00250440785));
#3776 = CARTESIAN_POINT('',(2.19643663738E+03,-153.6585455988,
    309.99988701155));
#3777 = CARTESIAN_POINT('',(2.24824183665E+03,-78.16990215407,
    310.00004442255));
#3778 = CARTESIAN_POINT('',(2.260040349394E+03,-25.50700448907,
    309.99998509673));
#3779 = CARTESIAN_POINT('',(2.26E+03,-1.065442715258E-13,310.));
#3780 = PCURVE('',#3668,#3781);
#3781 = DEFINITIONAL_REPRESENTATION('',(#3782),#3786);
#3782 = LINE('',#3783,#3784);
#3783 = CARTESIAN_POINT('',(0.,1.));
#3784 = VECTOR('',#3785,1.);
#3785 = DIRECTION('',(1.,0.));
#3786 = ( GEOMETRIC_REPRESENTATION_CONTEXT(2) 
PARAMETRIC_REPRESENTATION_CONTEXT() REPRESENTATION_CONTEXT('2D SPACE',''
  ) );
#3787 = ( GEOMETRIC_REPRESENTATION_CONTEXT(3) 
GLOBAL_UNCERTAINTY_ASSIGNED_CONTEXT((#3791)) 
GLOBAL_UNIT_ASSIGNED_CONTEXT((#3788,#3789,#3790)) REPRESENTATION_CONTEXT
('Context #1','3D Context with UNIT and UNCERTAINTY') );
#3788 = ( LENGTH_UNIT() NAMED_UNIT(*) SI_UNIT(.MILLI.,.METRE.) );
#3789 = ( NAMED_UNIT(*) PLANE_ANGLE_UNIT() SI_UNIT($,.RADIAN.) );
#3790 = ( NAMED_UNIT(*) SI_UNIT($,.STERADIAN.) SOLID_ANGLE_UNIT() );
#3791 = UNCERTAINTY_MEASURE_WITH_UNIT(LENGTH_MEASURE(1.E-07),#3788,
  'distance_accuracy_value','confusion accuracy');
#3792 = CONTEXT_DEPENDENT_SHAPE_REPRESENTATION(#3793,#3795);
#3793 = ( REPRESENTATION_RELATIONSHIP('','',#3644,#10) 
REPRESENTATION_RELATIONSHIP_WITH_TRANSFORMATION(#3794) 
SHAPE_REPRESENTATION_RELATIONSHIP() );
#3794 = ITEM_DEFINED_TRANSFORMATION('','',#11,#103);
#3795 = PRODUCT_DEFINITION_SHAPE('Placement','Placement of an item',
  #3796);
#3796 = NEXT_ASSEMBLY_USAGE_OCCURRENCE('23','O12','',#5,#3639,$);
#3797 = PRODUCT_RELATED_PRODUCT_CATEGORY('part',$,(#3641));
#3798 = SHAPE_DEFINITION_REPRESENTATION(#3799,#3805);
#3799 = PRODUCT_DEFINITION_SHAPE('','',#3800);
#3800 = PRODUCT_DEFINITION('design','',#3801,#3804);
#3801 = PRODUCT_DEFINITION_FORMATION('','',#3802);
#3802 = PRODUCT('L12','L12','',(#3803));
#3803 = PRODUCT_CONTEXT('',#2,'mechanical');
#3804 = PRODUCT_DEFINITION_CONTEXT('part definition',#2,'design');
#3805 = MANIFOLD_SURFACE_SHAPE_REPRESENTATION('',(#11,#3806),#3948);
#3806 = SHELL_BASED_SURFACE_MODEL('',(#3807));
#3807 = OPEN_SHELL('',(#3808));
#3808 = ADVANCED_FACE('',(#3809),#3829,.T.);
#3809 = FACE_BOUND('',#3810,.T.);
#3810 = EDGE_LOOP('',(#3811,#3890,#3909,#3931));
#3811 = ORIENTED_EDGE('',*,*,#3812,.F.);
#3812 = EDGE_CURVE('',#3813,#3815,#3817,.T.);
#3813 = VERTEX_POINT('',#3814);
#3814 = CARTESIAN_POINT('',(2.115307436087E+03,-217.5,310.01147743125));
#3815 = VERTEX_POINT('',#3816);
#3816 = CARTESIAN_POINT('',(2.115307436087E+03,-217.5,0.));
#3817 = SURFACE_CURVE('',#3818,(#3828),.PCURVE_S1.);
#3818 = B_SPLINE_CURVE_WITH_KNOTS('',3,(#3819,#3820,#3821,#3822,#3823,
    #3824,#3825,#3826,#3827),.UNSPECIFIED.,.F.,.F.,(4,1,1,1,1,1,4),(0.,
    0.138303717447,0.306329958805,0.5,0.693670041195,0.861696282553,1.),
  .UNSPECIFIED.);
#3819 = CARTESIAN_POINT('',(2.115307436087E+03,-217.5,310.01147743125));
#3820 = CARTESIAN_POINT('',(2.103811354451E+03,-201.0212710494,
    310.16305049907));
#3821 = CARTESIAN_POINT('',(2.080735054287E+03,-167.9432095317,
    290.83556428007));
#3822 = CARTESIAN_POINT('',(2.059643474157E+03,-137.7100880989,
    230.31660561061));
#3823 = CARTESIAN_POINT('',(2.052434981209E+03,-127.3772803484,
    155.00573871562));
#3824 = CARTESIAN_POINT('',(2.059643474157E+03,-137.7100880989,
    79.69487182065));
#3825 = CARTESIAN_POINT('',(2.080735054287E+03,-167.9432095317,
    19.175913151176));
#3826 = CARTESIAN_POINT('',(2.103811354451E+03,-201.0212710494,
    -0.151573067822));
#3827 = CARTESIAN_POINT('',(2.115307436087E+03,-217.5,0.));
#3828 = PCURVE('',#3829,#3884);
#3829 = B_SPLINE_SURFACE_WITH_KNOTS('',3,3,(
    (#3830,#3831,#3832,#3833,#3834,#3835,#3836,#3837,#3838)
    ,(#3839,#3840,#3841,#3842,#3843,#3844,#3845,#3846,#3847)
    ,(#3848,#3849,#3850,#3851,#3852,#3853,#3854,#3855,#3856)
    ,(#3857,#3858,#3859,#3860,#3861,#3862,#3863,#3864,#3865)
    ,(#3866,#3867,#3868,#3869,#3870,#3871,#3872,#3873,#3874)
    ,(#3875,#3876,#3877,#3878,#3879,#3880,#3881,#3882,#3883
  )),.UNSPECIFIED.,.F.,.F.,.F.,(4,1,1,4),(4,1,1,1,1,1,4),(0.,
    0.413504003057,0.736656733703,1.),(0.,0.138303717447,0.306329958805,
    0.5,0.693670041195,0.861696282553,1.),.UNSPECIFIED.);
#3830 = CARTESIAN_POINT('',(2.115307436087E+03,-217.5,310.01147743125));
#3831 = CARTESIAN_POINT('',(2.103811354451E+03,-201.0212710494,
    310.16305049907));
#3832 = CARTESIAN_POINT('',(2.080735054287E+03,-167.9432095317,
    290.83556428007));
#3833 = CARTESIAN_POINT('',(2.059643474157E+03,-137.7100880989,
    230.31660561061));
#3834 = CARTESIAN_POINT('',(2.052434981209E+03,-127.3772803484,
    155.00573871562));
#3835 = CARTESIAN_POINT('',(2.059643474157E+03,-137.7100880989,
    79.69487182065));
#3836 = CARTESIAN_POINT('',(2.080735054287E+03,-167.9432095317,
    19.175913151176));
#3837 = CARTESIAN_POINT('',(2.103811354451E+03,-201.0212710494,
    -0.151573067822));
#3838 = CARTESIAN_POINT('',(2.115307436087E+03,-217.5,0.));
#3839 = CARTESIAN_POINT('',(2.143428582269E+03,-197.8066024217,
    310.00281530098));
#3840 = CARTESIAN_POINT('',(2.131088902885E+03,-182.1440276764,
    310.15438413365));
#3841 = CARTESIAN_POINT('',(2.10631923315E+03,-150.7042477938,
    290.82743795015));
#3842 = CARTESIAN_POINT('',(2.083679924842E+03,-121.9685045429,
    230.31017026035));
#3843 = CARTESIAN_POINT('',(2.075942463102E+03,-112.1474574096,
    155.00140765049));
#3844 = CARTESIAN_POINT('',(2.083679924842E+03,-121.9685045429,
    79.692645040638));
#3845 = CARTESIAN_POINT('',(2.10631923315E+03,-150.7042477938,
    19.175377350827));
#3846 = CARTESIAN_POINT('',(2.131088902885E+03,-182.1440276765,
    -0.15156883267));
#3847 = CARTESIAN_POINT('',(2.143428582269E+03,-197.8066024217,0.));
#3848 = CARTESIAN_POINT('',(2.191284454201E+03,-158.7158014815,
    309.99991369759));
#3849 = CARTESIAN_POINT('',(2.177297571186E+03,-144.7750664839,
    310.15148111159));
#3850 = CARTESIAN_POINT('',(2.149221438724E+03,-116.7915678027,
    290.82471582687));
#3851 = CARTESIAN_POINT('',(2.123560046154E+03,-91.21484187256,
    230.30801457421));
#3852 = CARTESIAN_POINT('',(2.114789723293E+03,-82.47345562465,
    154.99995684879));
#3853 = CARTESIAN_POINT('',(2.123560046154E+03,-91.21484187256,
    79.691899123382));
#3854 = CARTESIAN_POINT('',(2.149221438724E+03,-116.7915678027,
    19.175197870715));
#3855 = CARTESIAN_POINT('',(2.177297571186E+03,-144.7750664839,
    -0.151567413997));
#3856 = CARTESIAN_POINT('',(2.191284454201E+03,-158.7158014815,0.));
#3857 = CARTESIAN_POINT('',(2.245416976587E+03,-84.37811986128,
    310.00003206641));
#3858 = CARTESIAN_POINT('',(2.227947829485E+03,-75.46392033412,
    310.15159953828));
#3859 = CARTESIAN_POINT('',(2.192881683047E+03,-57.57028052577,
    290.82482687393));
#3860 = CARTESIAN_POINT('',(2.160831465628E+03,-41.21561642579,
    230.30810251388));
#3861 = CARTESIAN_POINT('',(2.149877626948E+03,-35.62606457139,
    155.0000160332));
#3862 = CARTESIAN_POINT('',(2.160831465628E+03,-41.21561642579,
    79.691929552541));
#3863 = CARTESIAN_POINT('',(2.192881683047E+03,-57.57028052577,
    19.175205192477));
#3864 = CARTESIAN_POINT('',(2.227947829485E+03,-75.46392033413,
    -0.151567471871));
#3865 = CARTESIAN_POINT('',(2.245416976587E+03,-84.37811986128,0.));
#3866 = CARTESIAN_POINT('',(2.260177446101E+03,-26.82540779111,
    309.99998964674));
#3867 = CARTESIAN_POINT('',(2.241094471566E+03,-23.8632972903,
    310.15155709787));
#3868 = CARTESIAN_POINT('',(2.20278885907E+03,-17.91739735699,
    290.82478707815));
#3869 = CARTESIAN_POINT('',(2.167777791885E+03,-12.48288558505,
    230.30807099906));
#3870 = CARTESIAN_POINT('',(2.155812020267E+03,-10.62552641418,
    154.99999482337));
#3871 = CARTESIAN_POINT('',(2.167777791885E+03,-12.48288558505,
    79.691918647684));
#3872 = CARTESIAN_POINT('',(2.20278885907E+03,-17.91739735699,
    19.175202568587));
#3873 = CARTESIAN_POINT('',(2.241094471566E+03,-23.8632972903,
    -0.151567451131));
#3874 = CARTESIAN_POINT('',(2.260177446101E+03,-26.82540779111,0.));
#3875 = CARTESIAN_POINT('',(2.26E+03,-1.065442715258E-13,310.));
#3876 = CARTESIAN_POINT('',(2.24095497997E+03,-9.496298571187E-14,
    310.15156745619));
#3877 = CARTESIAN_POINT('',(2.202725554262E+03,-7.171565360525E-14,
    290.824796791));
#3878 = CARTESIAN_POINT('',(2.16778412128E+03,-5.046775145139E-14,
    230.3080786908));
#3879 = CARTESIAN_POINT('',(2.155842148621E+03,-4.320583215055E-14,
    154.99999999999));
#3880 = CARTESIAN_POINT('',(2.16778412128E+03,-5.046775145138E-14,
    79.691921309204));
#3881 = CARTESIAN_POINT('',(2.202725554262E+03,-7.171565360526E-14,
    19.175203208993));
#3882 = CARTESIAN_POINT('',(2.24095497997E+03,-9.496298571187E-14,
    -0.151567456192));
#3883 = CARTESIAN_POINT('',(2.26E+03,-1.065442715258E-13,0.));
#3884 = DEFINITIONAL_REPRESENTATION('',(#3885),#3889);
#3885 = LINE('',#3886,#3887);
#3886 = CARTESIAN_POINT('',(0.,0.));
#3887 = VECTOR('',#3888,1.);
#3888 = DIRECTION('',(0.,1.));
#3889 = ( GEOMETRIC_REPRESENTATION_CONTEXT(2) 
PARAMETRIC_REPRESENTATION_CONTEXT() REPRESENTATION_CONTEXT('2D SPACE',''
  ) );
#3890 = ORIENTED_EDGE('',*,*,#3891,.T.);
#3891 = EDGE_CURVE('',#3813,#3892,#3894,.T.);
#3892 = VERTEX_POINT('',#3893);
#3893 = CARTESIAN_POINT('',(2.26E+03,-1.065442715258E-13,310.));
#3894 = SURFACE_CURVE('',#3895,(#3902),.PCURVE_S1.);
#3895 = B_SPLINE_CURVE_WITH_KNOTS('',3,(#3896,#3897,#3898,#3899,#3900,
    #3901),.UNSPECIFIED.,.F.,.F.,(4,1,1,4),(0.,0.413504003057,
    0.736656733703,1.),.UNSPECIFIED.);
#3896 = CARTESIAN_POINT('',(2.115307436087E+03,-217.5,310.01147743125));
#3897 = CARTESIAN_POINT('',(2.143428582269E+03,-197.8066024217,
    310.00281530098));
#3898 = CARTESIAN_POINT('',(2.191284454201E+03,-158.7158014815,
    309.99991369759));
#3899 = CARTESIAN_POINT('',(2.245416976587E+03,-84.37811986128,
    310.00003206641));
#3900 = CARTESIAN_POINT('',(2.260177446101E+03,-26.82540779111,
    309.99998964674));
#3901 = CARTESIAN_POINT('',(2.26E+03,-1.065442715258E-13,310.));
#3902 = PCURVE('',#3829,#3903);
#3903 = DEFINITIONAL_REPRESENTATION('',(#3904),#3908);
#3904 = LINE('',#3905,#3906);
#3905 = CARTESIAN_POINT('',(0.,0.));
#3906 = VECTOR('',#3907,1.);
#3907 = DIRECTION('',(1.,0.));
#3908 = ( GEOMETRIC_REPRESENTATION_CONTEXT(2) 
PARAMETRIC_REPRESENTATION_CONTEXT() REPRESENTATION_CONTEXT('2D SPACE',''
  ) );
#3909 = ORIENTED_EDGE('',*,*,#3910,.T.);
#3910 = EDGE_CURVE('',#3892,#3911,#3913,.T.);
#3911 = VERTEX_POINT('',#3912);
#3912 = CARTESIAN_POINT('',(2.26E+03,-1.065442715258E-13,0.));
#3913 = SURFACE_CURVE('',#3914,(#3924),.PCURVE_S1.);
#3914 = B_SPLINE_CURVE_WITH_KNOTS('',3,(#3915,#3916,#3917,#3918,#3919,
    #3920,#3921,#3922,#3923),.UNSPECIFIED.,.F.,.F.,(4,1,1,1,1,1,4),(0.,
    0.138303717447,0.306329958805,0.5,0.693670041195,0.861696282553,1.),
  .UNSPECIFIED.);
#3915 = CARTESIAN_POINT('',(2.26E+03,-1.065442715258E-13,310.));
#3916 = CARTESIAN_POINT('',(2.24095497997E+03,-9.496298571187E-14,
    310.15156745619));
#3917 = CARTESIAN_POINT('',(2.202725554262E+03,-7.171565360525E-14,
    290.824796791));
#3918 = CARTESIAN_POINT('',(2.16778412128E+03,-5.046775145139E-14,
    230.3080786908));
#3919 = CARTESIAN_POINT('',(2.155842148621E+03,-4.320583215055E-14,
    154.99999999999));
#3920 = CARTESIAN_POINT('',(2.16778412128E+03,-5.046775145138E-14,
    79.691921309204));
#3921 = CARTESIAN_POINT('',(2.202725554262E+03,-7.171565360526E-14,
    19.175203208993));
#3922 = CARTESIAN_POINT('',(2.24095497997E+03,-9.496298571187E-14,
    -0.151567456192));
#3923 = CARTESIAN_POINT('',(2.26E+03,-1.065442715258E-13,0.));
#3924 = PCURVE('',#3829,#3925);
#3925 = DEFINITIONAL_REPRESENTATION('',(#3926),#3930);
#3926 = LINE('',#3927,#3928);
#3927 = CARTESIAN_POINT('',(1.,0.));
#3928 = VECTOR('',#3929,1.);
#3929 = DIRECTION('',(0.,1.));
#3930 = ( GEOMETRIC_REPRESENTATION_CONTEXT(2) 
PARAMETRIC_REPRESENTATION_CONTEXT() REPRESENTATION_CONTEXT('2D SPACE',''
  ) );
#3931 = ORIENTED_EDGE('',*,*,#3932,.F.);
#3932 = EDGE_CURVE('',#3815,#3911,#3933,.T.);
#3933 = SURFACE_CURVE('',#3934,(#3941),.PCURVE_S1.);
#3934 = B_SPLINE_CURVE_WITH_KNOTS('',3,(#3935,#3936,#3937,#3938,#3939,
    #3940),.UNSPECIFIED.,.F.,.F.,(4,1,1,4),(0.,0.413504003057,
    0.736656733703,1.),.UNSPECIFIED.);
#3935 = CARTESIAN_POINT('',(2.115307436087E+03,-217.5,0.));
#3936 = CARTESIAN_POINT('',(2.143428582269E+03,-197.8066024217,0.));
#3937 = CARTESIAN_POINT('',(2.191284454201E+03,-158.7158014815,0.));
#3938 = CARTESIAN_POINT('',(2.245416976587E+03,-84.37811986128,0.));
#3939 = CARTESIAN_POINT('',(2.260177446101E+03,-26.82540779111,0.));
#3940 = CARTESIAN_POINT('',(2.26E+03,-1.065442715258E-13,0.));
#3941 = PCURVE('',#3829,#3942);
#3942 = DEFINITIONAL_REPRESENTATION('',(#3943),#3947);
#3943 = LINE('',#3944,#3945);
#3944 = CARTESIAN_POINT('',(0.,1.));
#3945 = VECTOR('',#3946,1.);
#3946 = DIRECTION('',(1.,0.));
#3947 = ( GEOMETRIC_REPRESENTATION_CONTEXT(2) 
PARAMETRIC_REPRESENTATION_CONTEXT() REPRESENTATION_CONTEXT('2D SPACE',''
  ) );
#3948 = ( GEOMETRIC_REPRESENTATION_CONTEXT(3) 
GLOBAL_UNCERTAINTY_ASSIGNED_CONTEXT((#3952)) 
GLOBAL_UNIT_ASSIGNED_CONTEXT((#3949,#3950,#3951)) REPRESENTATION_CONTEXT
('Context #1','3D Context with UNIT and UNCERTAINTY') );
#3949 = ( LENGTH_UNIT() NAMED_UNIT(*) SI_UNIT(.MILLI.,.METRE.) );
#3950 = ( NAMED_UNIT(*) PLANE_ANGLE_UNIT() SI_UNIT($,.RADIAN.) );
#3951 = ( NAMED_UNIT(*) SI_UNIT($,.STERADIAN.) SOLID_ANGLE_UNIT() );
#3952 = UNCERTAINTY_MEASURE_WITH_UNIT(LENGTH_MEASURE(1.E-07),#3949,
  'distance_accuracy_value','confusion accuracy');
#3953 = CONTEXT_DEPENDENT_SHAPE_REPRESENTATION(#3954,#3956);
#3954 = ( REPRESENTATION_RELATIONSHIP('','',#3805,#10) 
REPRESENTATION_RELATIONSHIP_WITH_TRANSFORMATION(#3955) 
SHAPE_REPRESENTATION_RELATIONSHIP() );
#3955 = ITEM_DEFINED_TRANSFORMATION('','',#11,#107);
#3956 = PRODUCT_DEFINITION_SHAPE('Placement','Placement of an item',
  #3957);
#3957 = NEXT_ASSEMBLY_USAGE_OCCURRENCE('24','L12','',#5,#3800,$);
#3958 = PRODUCT_RELATED_PRODUCT_CATEGORY('part',$,(#3802));
#3959 = SHAPE_DEFINITION_REPRESENTATION(#3960,#3966);
#3960 = PRODUCT_DEFINITION_SHAPE('','',#3961);
#3961 = PRODUCT_DEFINITION('design','',#3962,#3965);
#3962 = PRODUCT_DEFINITION_FORMATION('','',#3963);
#3963 = PRODUCT('SOFT_UNDERLAY','SOFT_UNDERLAY','',(#3964));
#3964 = PRODUCT_CONTEXT('',#2,'mechanical');
#3965 = PRODUCT_DEFINITION_CONTEXT('part definition',#2,'design');
#3966 = ADVANCED_BREP_SHAPE_REPRESENTATION('',(#11,#3967),#4068);
#3967 = MANIFOLD_SOLID_BREP('',#3968);
#3968 = CLOSED_SHELL('',(#3969,#4060,#4064));
#3969 = ADVANCED_FACE('',(#3970),#3984,.F.);
#3970 = FACE_BOUND('',#3971,.F.);
#3971 = EDGE_LOOP('',(#3972,#4005,#4032,#4033));
#3972 = ORIENTED_EDGE('',*,*,#3973,.T.);
#3973 = EDGE_CURVE('',#3974,#3976,#3978,.T.);
#3974 = VERTEX_POINT('',#3975);
#3975 = CARTESIAN_POINT('',(2.355E+03,0.,0.));
#3976 = VERTEX_POINT('',#3977);
#3977 = CARTESIAN_POINT('',(2.355E+03,0.,26.));
#3978 = SEAM_CURVE('',#3979,(#3983,#3998),.PCURVE_S1.);
#3979 = LINE('',#3980,#3981);
#3980 = CARTESIAN_POINT('',(2.355E+03,0.,0.));
#3981 = VECTOR('',#3982,1.);
#3982 = DIRECTION('',(0.,0.,1.));
#3983 = PCURVE('',#3984,#3992);
#3984 = SURFACE_OF_LINEAR_EXTRUSION('',#3985,#3990);
#3985 = ELLIPSE('',#3986,1.175E+03,540.);
#3986 = AXIS2_PLACEMENT_3D('',#3987,#3988,#3989);
#3987 = CARTESIAN_POINT('',(1.18E+03,0.,0.));
#3988 = DIRECTION('',(0.,0.,1.));
#3989 = DIRECTION('',(1.,0.,0.));
#3990 = VECTOR('',#3991,1.);
#3991 = DIRECTION('',(-0.,-0.,-1.));
#3992 = DEFINITIONAL_REPRESENTATION('',(#3993),#3997);
#3993 = LINE('',#3994,#3995);
#3994 = CARTESIAN_POINT('',(0.,0.));
#3995 = VECTOR('',#3996,1.);
#3996 = DIRECTION('',(0.,-1.));
#3997 = ( GEOMETRIC_REPRESENTATION_CONTEXT(2) 
PARAMETRIC_REPRESENTATION_CONTEXT() REPRESENTATION_CONTEXT('2D SPACE',''
  ) );
#3998 = PCURVE('',#3984,#3999);
#3999 = DEFINITIONAL_REPRESENTATION('',(#4000),#4004);
#4000 = LINE('',#4001,#4002);
#4001 = CARTESIAN_POINT('',(6.28318530718,0.));
#4002 = VECTOR('',#4003,1.);
#4003 = DIRECTION('',(0.,-1.));
#4004 = ( GEOMETRIC_REPRESENTATION_CONTEXT(2) 
PARAMETRIC_REPRESENTATION_CONTEXT() REPRESENTATION_CONTEXT('2D SPACE',''
  ) );
#4005 = ORIENTED_EDGE('',*,*,#4006,.T.);
#4006 = EDGE_CURVE('',#3976,#3976,#4007,.T.);
#4007 = SURFACE_CURVE('',#4008,(#4013,#4020),.PCURVE_S1.);
#4008 = ELLIPSE('',#4009,1.175E+03,540.);
#4009 = AXIS2_PLACEMENT_3D('',#4010,#4011,#4012);
#4010 = CARTESIAN_POINT('',(1.18E+03,0.,26.));
#4011 = DIRECTION('',(0.,0.,1.));
#4012 = DIRECTION('',(1.,0.,0.));
#4013 = PCURVE('',#3984,#4014);
#4014 = DEFINITIONAL_REPRESENTATION('',(#4015),#4019);
#4015 = LINE('',#4016,#4017);
#4016 = CARTESIAN_POINT('',(0.,-26.));
#4017 = VECTOR('',#4018,1.);
#4018 = DIRECTION('',(1.,0.));
#4019 = ( GEOMETRIC_REPRESENTATION_CONTEXT(2) 
PARAMETRIC_REPRESENTATION_CONTEXT() REPRESENTATION_CONTEXT('2D SPACE',''
  ) );
#4020 = PCURVE('',#4021,#4026);
#4021 = PLANE('',#4022);
#4022 = AXIS2_PLACEMENT_3D('',#4023,#4024,#4025);
#4023 = CARTESIAN_POINT('',(1.29387463652E+03,-2.631634325978E-14,26.));
#4024 = DIRECTION('',(0.,0.,1.));
#4025 = DIRECTION('',(1.,0.,-0.));
#4026 = DEFINITIONAL_REPRESENTATION('',(#4027),#4031);
#4027 = ELLIPSE('',#4028,1.175E+03,540.);
#4028 = AXIS2_PLACEMENT_2D('',#4029,#4030);
#4029 = CARTESIAN_POINT('',(-113.8746365203,2.631634325978E-14));
#4030 = DIRECTION('',(1.,0.));
#4031 = ( GEOMETRIC_REPRESENTATION_CONTEXT(2) 
PARAMETRIC_REPRESENTATION_CONTEXT() REPRESENTATION_CONTEXT('2D SPACE',''
  ) );
#4032 = ORIENTED_EDGE('',*,*,#3973,.F.);
#4033 = ORIENTED_EDGE('',*,*,#4034,.F.);
#4034 = EDGE_CURVE('',#3974,#3974,#4035,.T.);
#4035 = SURFACE_CURVE('',#4036,(#4041,#4048),.PCURVE_S1.);
#4036 = ELLIPSE('',#4037,1.175E+03,540.);
#4037 = AXIS2_PLACEMENT_3D('',#4038,#4039,#4040);
#4038 = CARTESIAN_POINT('',(1.18E+03,0.,0.));
#4039 = DIRECTION('',(0.,0.,1.));
#4040 = DIRECTION('',(1.,0.,0.));
#4041 = PCURVE('',#3984,#4042);
#4042 = DEFINITIONAL_REPRESENTATION('',(#4043),#4047);
#4043 = LINE('',#4044,#4045);
#4044 = CARTESIAN_POINT('',(0.,0.));
#4045 = VECTOR('',#4046,1.);
#4046 = DIRECTION('',(1.,0.));
#4047 = ( GEOMETRIC_REPRESENTATION_CONTEXT(2) 
PARAMETRIC_REPRESENTATION_CONTEXT() REPRESENTATION_CONTEXT('2D SPACE',''
  ) );
#4048 = PCURVE('',#4049,#4054);
#4049 = PLANE('',#4050);
#4050 = AXIS2_PLACEMENT_3D('',#4051,#4052,#4053);
#4051 = CARTESIAN_POINT('',(1.29387463652E+03,-2.631634325978E-14,0.));
#4052 = DIRECTION('',(0.,0.,1.));
#4053 = DIRECTION('',(1.,0.,-0.));
#4054 = DEFINITIONAL_REPRESENTATION('',(#4055),#4059);
#4055 = ELLIPSE('',#4056,1.175E+03,540.);
#4056 = AXIS2_PLACEMENT_2D('',#4057,#4058);
#4057 = CARTESIAN_POINT('',(-113.8746365203,2.631634325978E-14));
#4058 = DIRECTION('',(1.,0.));
#4059 = ( GEOMETRIC_REPRESENTATION_CONTEXT(2) 
PARAMETRIC_REPRESENTATION_CONTEXT() REPRESENTATION_CONTEXT('2D SPACE',''
  ) );
#4060 = ADVANCED_FACE('',(#4061),#4049,.F.);
#4061 = FACE_BOUND('',#4062,.F.);
#4062 = EDGE_LOOP('',(#4063));
#4063 = ORIENTED_EDGE('',*,*,#4034,.T.);
#4064 = ADVANCED_FACE('',(#4065),#4021,.T.);
#4065 = FACE_BOUND('',#4066,.T.);
#4066 = EDGE_LOOP('',(#4067));
#4067 = ORIENTED_EDGE('',*,*,#4006,.T.);
#4068 = ( GEOMETRIC_REPRESENTATION_CONTEXT(3) 
GLOBAL_UNCERTAINTY_ASSIGNED_CONTEXT((#4072)) 
GLOBAL_UNIT_ASSIGNED_CONTEXT((#4069,#4070,#4071)) REPRESENTATION_CONTEXT
('Context #1','3D Context with UNIT and UNCERTAINTY') );
#4069 = ( LENGTH_UNIT() NAMED_UNIT(*) SI_UNIT(.MILLI.,.METRE.) );
#4070 = ( NAMED_UNIT(*) PLANE_ANGLE_UNIT() SI_UNIT($,.RADIAN.) );
#4071 = ( NAMED_UNIT(*) SI_UNIT($,.STERADIAN.) SOLID_ANGLE_UNIT() );
#4072 = UNCERTAINTY_MEASURE_WITH_UNIT(LENGTH_MEASURE(1.E-07),#4069,
  'distance_accuracy_value','confusion accuracy');
#4073 = CONTEXT_DEPENDENT_SHAPE_REPRESENTATION(#4074,#4076);
#4074 = ( REPRESENTATION_RELATIONSHIP('','',#3966,#10) 
REPRESENTATION_RELATIONSHIP_WITH_TRANSFORMATION(#4075) 
SHAPE_REPRESENTATION_RELATIONSHIP() );
#4075 = ITEM_DEFINED_TRANSFORMATION('','',#11,#111);
#4076 = PRODUCT_DEFINITION_SHAPE('Placement','Placement of an item',
  #4077);
#4077 = NEXT_ASSEMBLY_USAGE_OCCURRENCE('25','SOFT_UNDERLAY','',#5,#3961,
  $);
#4078 = PRODUCT_RELATED_PRODUCT_CATEGORY('part',$,(#3963));
#4079 = SHAPE_DEFINITION_REPRESENTATION(#4080,#4086);
#4080 = PRODUCT_DEFINITION_SHAPE('','',#4081);
#4081 = PRODUCT_DEFINITION('design','',#4082,#4085);
#4082 = PRODUCT_DEFINITION_FORMATION('','',#4083);
#4083 = PRODUCT('FLOOR_TEXTILE','FLOOR_TEXTILE','',(#4084));
#4084 = PRODUCT_CONTEXT('',#2,'mechanical');
#4085 = PRODUCT_DEFINITION_CONTEXT('part definition',#2,'design');
#4086 = ADVANCED_BREP_SHAPE_REPRESENTATION('',(#11,#4087),#4188);
#4087 = MANIFOLD_SOLID_BREP('',#4088);
#4088 = CLOSED_SHELL('',(#4089,#4180,#4184));
#4089 = ADVANCED_FACE('',(#4090),#4104,.F.);
#4090 = FACE_BOUND('',#4091,.F.);
#4091 = EDGE_LOOP('',(#4092,#4125,#4152,#4153));
#4092 = ORIENTED_EDGE('',*,*,#4093,.T.);
#4093 = EDGE_CURVE('',#4094,#4096,#4098,.T.);
#4094 = VERTEX_POINT('',#4095);
#4095 = CARTESIAN_POINT('',(2.36E+03,0.,0.));
#4096 = VERTEX_POINT('',#4097);
#4097 = CARTESIAN_POINT('',(2.36E+03,0.,1.));
#4098 = SEAM_CURVE('',#4099,(#4103,#4118),.PCURVE_S1.);
#4099 = LINE('',#4100,#4101);
#4100 = CARTESIAN_POINT('',(2.36E+03,0.,0.));
#4101 = VECTOR('',#4102,1.);
#4102 = DIRECTION('',(0.,0.,1.));
#4103 = PCURVE('',#4104,#4112);
#4104 = SURFACE_OF_LINEAR_EXTRUSION('',#4105,#4110);
#4105 = ELLIPSE('',#4106,1.18E+03,545.);
#4106 = AXIS2_PLACEMENT_3D('',#4107,#4108,#4109);
#4107 = CARTESIAN_POINT('',(1.18E+03,0.,0.));
#4108 = DIRECTION('',(0.,0.,1.));
#4109 = DIRECTION('',(1.,0.,0.));
#4110 = VECTOR('',#4111,1.);
#4111 = DIRECTION('',(-0.,-0.,-1.));
#4112 = DEFINITIONAL_REPRESENTATION('',(#4113),#4117);
#4113 = LINE('',#4114,#4115);
#4114 = CARTESIAN_POINT('',(0.,0.));
#4115 = VECTOR('',#4116,1.);
#4116 = DIRECTION('',(0.,-1.));
#4117 = ( GEOMETRIC_REPRESENTATION_CONTEXT(2) 
PARAMETRIC_REPRESENTATION_CONTEXT() REPRESENTATION_CONTEXT('2D SPACE',''
  ) );
#4118 = PCURVE('',#4104,#4119);
#4119 = DEFINITIONAL_REPRESENTATION('',(#4120),#4124);
#4120 = LINE('',#4121,#4122);
#4121 = CARTESIAN_POINT('',(6.28318530718,0.));
#4122 = VECTOR('',#4123,1.);
#4123 = DIRECTION('',(0.,-1.));
#4124 = ( GEOMETRIC_REPRESENTATION_CONTEXT(2) 
PARAMETRIC_REPRESENTATION_CONTEXT() REPRESENTATION_CONTEXT('2D SPACE',''
  ) );
#4125 = ORIENTED_EDGE('',*,*,#4126,.T.);
#4126 = EDGE_CURVE('',#4096,#4096,#4127,.T.);
#4127 = SURFACE_CURVE('',#4128,(#4133,#4140),.PCURVE_S1.);
#4128 = ELLIPSE('',#4129,1.18E+03,545.);
#4129 = AXIS2_PLACEMENT_3D('',#4130,#4131,#4132);
#4130 = CARTESIAN_POINT('',(1.18E+03,0.,1.));
#4131 = DIRECTION('',(0.,0.,1.));
#4132 = DIRECTION('',(1.,0.,0.));
#4133 = PCURVE('',#4104,#4134);
#4134 = DEFINITIONAL_REPRESENTATION('',(#4135),#4139);
#4135 = LINE('',#4136,#4137);
#4136 = CARTESIAN_POINT('',(0.,-1.));
#4137 = VECTOR('',#4138,1.);
#4138 = DIRECTION('',(1.,0.));
#4139 = ( GEOMETRIC_REPRESENTATION_CONTEXT(2) 
PARAMETRIC_REPRESENTATION_CONTEXT() REPRESENTATION_CONTEXT('2D SPACE',''
  ) );
#4140 = PCURVE('',#4141,#4146);
#4141 = PLANE('',#4142);
#4142 = AXIS2_PLACEMENT_3D('',#4143,#4144,#4145);
#4143 = CARTESIAN_POINT('',(1.293690924914E+03,-1.269232654059E-15,1.));
#4144 = DIRECTION('',(0.,0.,1.));
#4145 = DIRECTION('',(1.,0.,-0.));
#4146 = DEFINITIONAL_REPRESENTATION('',(#4147),#4151);
#4147 = ELLIPSE('',#4148,1.18E+03,545.);
#4148 = AXIS2_PLACEMENT_2D('',#4149,#4150);
#4149 = CARTESIAN_POINT('',(-113.6909249136,1.269232654059E-15));
#4150 = DIRECTION('',(1.,0.));
#4151 = ( GEOMETRIC_REPRESENTATION_CONTEXT(2) 
PARAMETRIC_REPRESENTATION_CONTEXT() REPRESENTATION_CONTEXT('2D SPACE',''
  ) );
#4152 = ORIENTED_EDGE('',*,*,#4093,.F.);
#4153 = ORIENTED_EDGE('',*,*,#4154,.F.);
#4154 = EDGE_CURVE('',#4094,#4094,#4155,.T.);
#4155 = SURFACE_CURVE('',#4156,(#4161,#4168),.PCURVE_S1.);
#4156 = ELLIPSE('',#4157,1.18E+03,545.);
#4157 = AXIS2_PLACEMENT_3D('',#4158,#4159,#4160);
#4158 = CARTESIAN_POINT('',(1.18E+03,0.,0.));
#4159 = DIRECTION('',(0.,0.,1.));
#4160 = DIRECTION('',(1.,0.,0.));
#4161 = PCURVE('',#4104,#4162);
#4162 = DEFINITIONAL_REPRESENTATION('',(#4163),#4167);
#4163 = LINE('',#4164,#4165);
#4164 = CARTESIAN_POINT('',(0.,0.));
#4165 = VECTOR('',#4166,1.);
#4166 = DIRECTION('',(1.,0.));
#4167 = ( GEOMETRIC_REPRESENTATION_CONTEXT(2) 
PARAMETRIC_REPRESENTATION_CONTEXT() REPRESENTATION_CONTEXT('2D SPACE',''
  ) );
#4168 = PCURVE('',#4169,#4174);
#4169 = PLANE('',#4170);
#4170 = AXIS2_PLACEMENT_3D('',#4171,#4172,#4173);
#4171 = CARTESIAN_POINT('',(1.293690924914E+03,-1.269232654059E-15,0.));
#4172 = DIRECTION('',(0.,0.,1.));
#4173 = DIRECTION('',(1.,0.,-0.));
#4174 = DEFINITIONAL_REPRESENTATION('',(#4175),#4179);
#4175 = ELLIPSE('',#4176,1.18E+03,545.);
#4176 = AXIS2_PLACEMENT_2D('',#4177,#4178);
#4177 = CARTESIAN_POINT('',(-113.6909249136,1.269232654059E-15));
#4178 = DIRECTION('',(1.,0.));
#4179 = ( GEOMETRIC_REPRESENTATION_CONTEXT(2) 
PARAMETRIC_REPRESENTATION_CONTEXT() REPRESENTATION_CONTEXT('2D SPACE',''
  ) );
#4180 = ADVANCED_FACE('',(#4181),#4169,.F.);
#4181 = FACE_BOUND('',#4182,.F.);
#4182 = EDGE_LOOP('',(#4183));
#4183 = ORIENTED_EDGE('',*,*,#4154,.T.);
#4184 = ADVANCED_FACE('',(#4185),#4141,.T.);
#4185 = FACE_BOUND('',#4186,.T.);
#4186 = EDGE_LOOP('',(#4187));
#4187 = ORIENTED_EDGE('',*,*,#4126,.T.);
#4188 = ( GEOMETRIC_REPRESENTATION_CONTEXT(3) 
GLOBAL_UNCERTAINTY_ASSIGNED_CONTEXT((#4192)) 
GLOBAL_UNIT_ASSIGNED_CONTEXT((#4189,#4190,#4191)) REPRESENTATION_CONTEXT
('Context #1','3D Context with UNIT and UNCERTAINTY') );
#4189 = ( LENGTH_UNIT() NAMED_UNIT(*) SI_UNIT(.MILLI.,.METRE.) );
#4190 = ( NAMED_UNIT(*) PLANE_ANGLE_UNIT() SI_UNIT($,.RADIAN.) );
#4191 = ( NAMED_UNIT(*) SI_UNIT($,.STERADIAN.) SOLID_ANGLE_UNIT() );
#4192 = UNCERTAINTY_MEASURE_WITH_UNIT(LENGTH_MEASURE(1.E-07),#4189,
  'distance_accuracy_value','confusion accuracy');
#4193 = CONTEXT_DEPENDENT_SHAPE_REPRESENTATION(#4194,#4196);
#4194 = ( REPRESENTATION_RELATIONSHIP('','',#4086,#10) 
REPRESENTATION_RELATIONSHIP_WITH_TRANSFORMATION(#4195) 
SHAPE_REPRESENTATION_RELATIONSHIP() );
#4195 = ITEM_DEFINED_TRANSFORMATION('','',#11,#115);
#4196 = PRODUCT_DEFINITION_SHAPE('Placement','Placement of an item',
  #4197);
#4197 = NEXT_ASSEMBLY_USAGE_OCCURRENCE('26','FLOOR_TEXTILE','',#5,#4081,
  $);
#4198 = PRODUCT_RELATED_PRODUCT_CATEGORY('part',$,(#4083));
#4199 = SHAPE_DEFINITION_REPRESENTATION(#4200,#4206);
#4200 = PRODUCT_DEFINITION_SHAPE('','',#4201);
#4201 = PRODUCT_DEFINITION('design','',#4202,#4205);
#4202 = PRODUCT_DEFINITION_FORMATION('','',#4203);
#4203 = PRODUCT('MATTRESS_work','MATTRESS_work','',(#4204));
#4204 = PRODUCT_CONTEXT('',#2,'mechanical');
#4205 = PRODUCT_DEFINITION_CONTEXT('part definition',#2,'design');
#4206 = MANIFOLD_SURFACE_SHAPE_REPRESENTATION('',(#11,#4207),#4431);
#4207 = SHELL_BASED_SURFACE_MODEL('',(#4208));
#4208 = OPEN_SHELL('',(#4209));
#4209 = ADVANCED_FACE('',(#4210),#4224,.T.);
#4210 = FACE_BOUND('',#4211,.T.);
#4211 = EDGE_LOOP('',(#4212,#4327,#4372,#4388));
#4212 = ORIENTED_EDGE('',*,*,#4213,.F.);
#4213 = EDGE_CURVE('',#4214,#4216,#4218,.T.);
#4214 = VERTEX_POINT('',#4215);
#4215 = CARTESIAN_POINT('',(160.,-173.1828792692,629.34977104537));
#4216 = VERTEX_POINT('',#4217);
#4217 = CARTESIAN_POINT('',(160.,173.18287926927,629.34977104537));
#4218 = SURFACE_CURVE('',#4219,(#4223),.PCURVE_S1.);
#4219 = B_SPLINE_CURVE_WITH_KNOTS('',2,(#4220,#4221,#4222),
  .UNSPECIFIED.,.F.,.F.,(3,3),(0.,1.),.PIECEWISE_BEZIER_KNOTS.);
#4220 = CARTESIAN_POINT('',(160.,-173.1828792692,629.34977104537));
#4221 = CARTESIAN_POINT('',(160.,3.415487782261E-15,630.81750117735));
#4222 = CARTESIAN_POINT('',(160.,173.18287926927,629.34977104537));
#4223 = PCURVE('',#4224,#4321);
#4224 = B_SPLINE_SURFACE_WITH_KNOTS('',2,2,(
    (#4225,#4226,#4227)
    ,(#4228,#4229,#4230)
    ,(#4231,#4232,#4233)
    ,(#4234,#4235,#4236)
    ,(#4237,#4238,#4239)
    ,(#4240,#4241,#4242)
    ,(#4243,#4244,#4245)
    ,(#4246,#4247,#4248)
    ,(#4249,#4250,#4251)
    ,(#4252,#4253,#4254)
    ,(#4255,#4256,#4257)
    ,(#4258,#4259,#4260)
    ,(#4261,#4262,#4263)
    ,(#4264,#4265,#4266)
    ,(#4267,#4268,#4269)
    ,(#4270,#4271,#4272)
    ,(#4273,#4274,#4275)
    ,(#4276,#4277,#4278)
    ,(#4279,#4280,#4281)
    ,(#4282,#4283,#4284)
    ,(#4285,#4286,#4287)
    ,(#4288,#4289,#4290)
    ,(#4291,#4292,#4293)
    ,(#4294,#4295,#4296)
    ,(#4297,#4298,#4299)
    ,(#4300,#4301,#4302)
    ,(#4303,#4304,#4305)
    ,(#4306,#4307,#4308)
    ,(#4309,#4310,#4311)
    ,(#4312,#4313,#4314)
    ,(#4315,#4316,#4317)
    ,(#4318,#4319,#4320
    )),.UNSPECIFIED.,.F.,.F.,.F.,(3,1,1,1,1,1,1,1,1,1,1,1,1,1,1,1,1,1,1,
    1,1,1,1,1,1,1,1,1,1,1,3),(3,3),(0.,3.383672270123E-02,
    6.602416680889E-02,9.7658680886E-02,0.130619921791,0.166259781528,
    0.20439082925,0.24456252301,0.285841775126,0.327178355544,
    0.367524470961,0.406007154558,0.441728774973,0.474824706073,
    0.505680997075,0.536083251783,0.566479092251,0.596875135354,
    0.627271717681,0.657669222932,0.688069054061,0.718473474226,
    0.748888562229,0.779324187949,0.809800015711,0.840351725202,
    0.871034363471,0.901976400336,0.933345722429,0.965723446452,1.),(0.,
    1.),.UNSPECIFIED.);
#4225 = CARTESIAN_POINT('',(160.,-173.1828792692,629.34977104537));
#4226 = CARTESIAN_POINT('',(160.,3.415487782261E-15,630.81750117735));
#4227 = CARTESIAN_POINT('',(160.,173.18287926927,629.34977104537));
#4228 = CARTESIAN_POINT('',(192.83034945995,-197.1970572162,
    630.10242808389));
#4229 = CARTESIAN_POINT('',(192.83034945995,-4.984816581544E-16,
    632.58225479354));
#4230 = CARTESIAN_POINT('',(192.83034945995,197.1970572162,
    630.10242808389));
#4231 = CARTESIAN_POINT('',(261.6320640708,-230.7358472734,
    630.86644761579));
#4232 = CARTESIAN_POINT('',(261.6320640708,5.162059233268E-15,
    636.37044214789));
#4233 = CARTESIAN_POINT('',(261.6320640708,230.73584727343,
    630.86644761579));
#4234 = CARTESIAN_POINT('',(331.20759944488,-254.5576808176,
    631.56174002066));
#4235 = CARTESIAN_POINT('',(331.20759944488,-1.3530925484E-14,
    640.64178596226));
#4236 = CARTESIAN_POINT('',(331.20759944488,254.55768081765,
    631.56174002066));
#4237 = CARTESIAN_POINT('',(400.56038723946,-271.8202566738,
    612.41042687092));
#4238 = CARTESIAN_POINT('',(400.56038723946,2.064977306534E-14,
    625.2058386472));
#4239 = CARTESIAN_POINT('',(400.56038723946,271.82025667386,
    612.41042687092));
#4240 = CARTESIAN_POINT('',(469.01773751508,-284.1251037767,
    576.51032711001));
#4241 = CARTESIAN_POINT('',(469.01773751508,-1.465407293805E-14,
    592.90367899422));
#4242 = CARTESIAN_POINT('',(469.01773751508,284.12510377675,
    576.51032711001));
#4243 = CARTESIAN_POINT('',(537.11911055135,-293.0217334353,
    528.51960018277));
#4244 = CARTESIAN_POINT('',(537.11911055135,1.555341664783E-15,
    548.25418472171));
#4245 = CARTESIAN_POINT('',(537.11911055135,293.02173343535,
    528.51960018277));
#4246 = CARTESIAN_POINT('',(604.93704628876,-299.2738322626,
    471.60916190945));
#4247 = CARTESIAN_POINT('',(604.93704628876,-5.994873587681E-15,
    494.34463655741));
#4248 = CARTESIAN_POINT('',(604.93704628876,299.27383226262,
    471.60916190945));
#4249 = CARTESIAN_POINT('',(672.79734353063,-303.5953924903,
    409.35915216971));
#4250 = CARTESIAN_POINT('',(672.79734353064,1.80595625782E-15,
    434.71666640563));
#4251 = CARTESIAN_POINT('',(672.79734353063,303.59539249034,
    409.35915216971));
#4252 = CARTESIAN_POINT('',(740.62136449957,-306.4424257617,
    345.2438427162));
#4253 = CARTESIAN_POINT('',(740.62136449957,-6.569664300146E-15,
    372.82406316438));
#4254 = CARTESIAN_POINT('',(740.62136449957,306.44242576179,
    345.2438427162));
#4255 = CARTESIAN_POINT('',(808.40424069053,-308.2092965649,
    282.70993783479));
#4256 = CARTESIAN_POINT('',(808.40424069053,-4.055444980892E-15,
    312.11961232));
#4257 = CARTESIAN_POINT('',(808.40424069053,308.20929656496,
    282.70993783479));
#4258 = CARTESIAN_POINT('',(876.32068058255,-309.225929171,
    225.29559832807));
#4259 = CARTESIAN_POINT('',(876.32068058255,-9.012210211155E-15,
    256.1659433965));
#4260 = CARTESIAN_POINT('',(876.32068058255,309.22592917104,
    225.29559832807));
#4261 = CARTESIAN_POINT('',(944.21886013376,-309.7313349175,
    176.26430176747));
#4262 = CARTESIAN_POINT('',(944.21886013376,1.32924982212E-14,
    208.25152798589));
#4263 = CARTESIAN_POINT('',(944.21886013376,309.73133491755,
    176.26430176747));
#4264 = CARTESIAN_POINT('',(1.012499740448E+03,-309.9429359441,
    139.46891319468));
#4265 = CARTESIAN_POINT('',(1.012499740448E+03,9.745014634559E-15,
    172.26297333406));
#4266 = CARTESIAN_POINT('',(1.012499740448E+03,309.94293594412,
    139.46891319468));
#4267 = CARTESIAN_POINT('',(1.081745680258E+03,-309.9963082807,
    117.75670013423));
#4268 = CARTESIAN_POINT('',(1.081745680258E+03,1.610446938643E-15,
    151.07393762312));
#4269 = CARTESIAN_POINT('',(1.081745680258E+03,309.99630828075,
    117.75670013423));
#4270 = CARTESIAN_POINT('',(1.150896399197E+03,-310.0002505341,
    117.08266070137));
#4271 = CARTESIAN_POINT('',(1.150896399197E+03,2.311372440722E-15,
    150.64364098313));
#4272 = CARTESIAN_POINT('',(1.150896399197E+03,310.00025053417,
    117.08266070137));
#4273 = CARTESIAN_POINT('',(1.219135467255E+03,-310.0009271284,
    117.28075046518));
#4274 = CARTESIAN_POINT('',(1.219135467255E+03,-9.081671341379E-15,
    150.82285412288));
#4275 = CARTESIAN_POINT('',(1.219135467255E+03,310.00092712849,
    117.28075046518));
#4276 = CARTESIAN_POINT('',(1.287514022064E+03,-309.9930168488,
    117.15458580283));
#4277 = CARTESIAN_POINT('',(1.287514022064E+03,1.070812065647E-14,
    150.41707728775));
#4278 = CARTESIAN_POINT('',(1.287514022064E+03,309.99301684883,
    117.15458580283));
#4279 = CARTESIAN_POINT('',(1.355827833798E+03,-309.9285551031,
    117.11395595585));
#4280 = CARTESIAN_POINT('',(1.355827833798E+03,-1.434874854585E-14,
    149.8257905871));
#4281 = CARTESIAN_POINT('',(1.355827833798E+03,309.92855510311,
    117.11395595585));
#4282 = CARTESIAN_POINT('',(1.424170031015E+03,-309.6881239228,
    116.99915333266));
#4283 = CARTESIAN_POINT('',(1.424170031015E+03,-2.149832500681E-15,
    148.86585375006));
#4284 = CARTESIAN_POINT('',(1.424170031015E+03,309.68812392289,
    116.99915333266));
#4285 = CARTESIAN_POINT('',(1.492501161871E+03,-309.128660869,
    116.89690537775));
#4286 = CARTESIAN_POINT('',(1.492501161871E+03,1.319055266739E-14,
    147.59832194856));
#4287 = CARTESIAN_POINT('',(1.492501161871E+03,309.12866086907,
    116.89690537775));
#4288 = CARTESIAN_POINT('',(1.560837688234E+03,-308.0199695285,
    116.79176931648));
#4289 = CARTESIAN_POINT('',(1.560837688234E+03,2.364953294676E-15,
    145.97483386676));
#4290 = CARTESIAN_POINT('',(1.560837688234E+03,308.01996952853,
    116.79176931648));
#4291 = CARTESIAN_POINT('',(1.62917628497E+03,-306.1078603711,
    116.71107324157));
#4292 = CARTESIAN_POINT('',(1.62917628497E+03,-4.227648322799E-15,
    143.99539275617));
#4293 = CARTESIAN_POINT('',(1.62917628497E+03,306.10786037118,
    116.71107324157));
#4294 = CARTESIAN_POINT('',(1.69751778357E+03,-303.0463510719,
    116.65897943327));
#4295 = CARTESIAN_POINT('',(1.69751778357E+03,-9.72466568796E-16,
    141.64406395641));
#4296 = CARTESIAN_POINT('',(1.69751778357E+03,303.04635107194,
    116.65897943327));
#4297 = CARTESIAN_POINT('',(1.765868059446E+03,-298.4250031269,
    116.63926763538));
#4298 = CARTESIAN_POINT('',(1.765868059446E+03,-7.012371585054E-15,
    138.92184359152));
#4299 = CARTESIAN_POINT('',(1.765868059446E+03,298.42500312695,
    116.63926763538));
#4300 = CARTESIAN_POINT('',(1.83423129865E+03,-291.7417668262,
    116.63972132346));
#4301 = CARTESIAN_POINT('',(1.83423129865E+03,3.587402935326E-15,
    135.83833158775));
#4302 = CARTESIAN_POINT('',(1.83423129865E+03,291.74176682624,
    116.63972132346));
#4303 = CARTESIAN_POINT('',(1.902609063039E+03,-282.303642599,
    116.62936705402));
#4304 = CARTESIAN_POINT('',(1.902609063039E+03,-2.132928450752E-17,
    132.42548789182));
#4305 = CARTESIAN_POINT('',(1.902609063039E+03,282.30364259907,
    116.62936705402));
#4306 = CARTESIAN_POINT('',(1.97104966757E+03,-269.2978711694,
    116.55765885886));
#4307 = CARTESIAN_POINT('',(1.97104966757E+03,-6.168010409255E-15,
    128.72980577914));
#4308 = CARTESIAN_POINT('',(1.97104966757E+03,269.29787116945,
    116.55765885886));
#4309 = CARTESIAN_POINT('',(2.039520315331E+03,-251.3454780137,
    116.33283195308));
#4310 = CARTESIAN_POINT('',(2.039520315331E+03,-5.235671580062E-16,
    124.84557071341));
#4311 = CARTESIAN_POINT('',(2.039520315331E+03,251.34547801379,
    116.33283195308));
#4312 = CARTESIAN_POINT('',(2.108313787583E+03,-226.6109719698,
    115.83997737198));
#4313 = CARTESIAN_POINT('',(2.108313787583E+03,8.17729872197E-16,
    120.86568789206));
#4314 = CARTESIAN_POINT('',(2.108313787583E+03,226.61097196981,
    115.83997737198));
#4315 = CARTESIAN_POINT('',(2.177464470924E+03,-191.0374162813,
    114.88605476461));
#4316 = CARTESIAN_POINT('',(2.177464470924E+03,-1.328630344351E-14,
    116.97833092572));
#4317 = CARTESIAN_POINT('',(2.177464470924E+03,191.0374162813,
    114.88605476461));
#4318 = CARTESIAN_POINT('',(2.21E+03,-165.413049815,114.12233954619));
#4319 = CARTESIAN_POINT('',(2.21E+03,-2.106999358366E-16,115.29947823097
    ));
#4320 = CARTESIAN_POINT('',(2.21E+03,165.41304981508,114.12233954619));
#4321 = DEFINITIONAL_REPRESENTATION('',(#4322),#4326);
#4322 = LINE('',#4323,#4324);
#4323 = CARTESIAN_POINT('',(0.,0.));
#4324 = VECTOR('',#4325,1.);
#4325 = DIRECTION('',(0.,1.));
#4326 = ( GEOMETRIC_REPRESENTATION_CONTEXT(2) 
PARAMETRIC_REPRESENTATION_CONTEXT() REPRESENTATION_CONTEXT('2D SPACE',''
  ) );
#4327 = ORIENTED_EDGE('',*,*,#4328,.T.);
#4328 = EDGE_CURVE('',#4214,#4329,#4331,.T.);
#4329 = VERTEX_POINT('',#4330);
#4330 = CARTESIAN_POINT('',(2.21E+03,-165.413049815,114.12233954619));
#4331 = SURFACE_CURVE('',#4332,(#4365),.PCURVE_S1.);
#4332 = B_SPLINE_CURVE_WITH_KNOTS('',2,(#4333,#4334,#4335,#4336,#4337,
    #4338,#4339,#4340,#4341,#4342,#4343,#4344,#4345,#4346,#4347,#4348,
    #4349,#4350,#4351,#4352,#4353,#4354,#4355,#4356,#4357,#4358,#4359,
    #4360,#4361,#4362,#4363,#4364),.UNSPECIFIED.,.F.,.F.,(3,1,1,1,1,1,1,
    1,1,1,1,1,1,1,1,1,1,1,1,1,1,1,1,1,1,1,1,1,1,1,3),(0.,
    3.383672270123E-02,6.602416680889E-02,9.7658680886E-02,
    0.130619921791,0.166259781528,0.20439082925,0.24456252301,
    0.285841775126,0.327178355544,0.367524470961,0.406007154558,
    0.441728774973,0.474824706073,0.505680997075,0.536083251783,
    0.566479092251,0.596875135354,0.627271717681,0.657669222932,
    0.688069054061,0.718473474226,0.748888562229,0.779324187949,
    0.809800015711,0.840351725202,0.871034363471,0.901976400336,
    0.933345722429,0.965723446452,1.),.UNSPECIFIED.);
#4333 = CARTESIAN_POINT('',(160.,-173.1828792692,629.34977104537));
#4334 = CARTESIAN_POINT('',(192.83034945995,-197.1970572162,
    630.10242808389));
#4335 = CARTESIAN_POINT('',(261.6320640708,-230.7358472734,
    630.86644761579));
#4336 = CARTESIAN_POINT('',(331.20759944488,-254.5576808176,
    631.56174002066));
#4337 = CARTESIAN_POINT('',(400.56038723946,-271.8202566738,
    612.41042687092));
#4338 = CARTESIAN_POINT('',(469.01773751508,-284.1251037767,
    576.51032711001));
#4339 = CARTESIAN_POINT('',(537.11911055135,-293.0217334353,
    528.51960018277));
#4340 = CARTESIAN_POINT('',(604.93704628876,-299.2738322626,
    471.60916190945));
#4341 = CARTESIAN_POINT('',(672.79734353063,-303.5953924903,
    409.35915216971));
#4342 = CARTESIAN_POINT('',(740.62136449957,-306.4424257617,
    345.2438427162));
#4343 = CARTESIAN_POINT('',(808.40424069053,-308.2092965649,
    282.70993783479));
#4344 = CARTESIAN_POINT('',(876.32068058255,-309.225929171,
    225.29559832807));
#4345 = CARTESIAN_POINT('',(944.21886013376,-309.7313349175,
    176.26430176747));
#4346 = CARTESIAN_POINT('',(1.012499740448E+03,-309.9429359441,
    139.46891319468));
#4347 = CARTESIAN_POINT('',(1.081745680258E+03,-309.9963082807,
    117.75670013423));
#4348 = CARTESIAN_POINT('',(1.150896399197E+03,-310.0002505341,
    117.08266070137));
#4349 = CARTESIAN_POINT('',(1.219135467255E+03,-310.0009271284,
    117.28075046518));
#4350 = CARTESIAN_POINT('',(1.287514022064E+03,-309.9930168488,
    117.15458580283));
#4351 = CARTESIAN_POINT('',(1.355827833798E+03,-309.9285551031,
    117.11395595585));
#4352 = CARTESIAN_POINT('',(1.424170031015E+03,-309.6881239228,
    116.99915333266));
#4353 = CARTESIAN_POINT('',(1.492501161871E+03,-309.128660869,
    116.89690537775));
#4354 = CARTESIAN_POINT('',(1.560837688234E+03,-308.0199695285,
    116.79176931648));
#4355 = CARTESIAN_POINT('',(1.62917628497E+03,-306.1078603711,
    116.71107324157));
#4356 = CARTESIAN_POINT('',(1.69751778357E+03,-303.0463510719,
    116.65897943327));
#4357 = CARTESIAN_POINT('',(1.765868059446E+03,-298.4250031269,
    116.63926763538));
#4358 = CARTESIAN_POINT('',(1.83423129865E+03,-291.7417668262,
    116.63972132346));
#4359 = CARTESIAN_POINT('',(1.902609063039E+03,-282.303642599,
    116.62936705402));
#4360 = CARTESIAN_POINT('',(1.97104966757E+03,-269.2978711694,
    116.55765885886));
#4361 = CARTESIAN_POINT('',(2.039520315331E+03,-251.3454780137,
    116.33283195308));
#4362 = CARTESIAN_POINT('',(2.108313787583E+03,-226.6109719698,
    115.83997737198));
#4363 = CARTESIAN_POINT('',(2.177464470924E+03,-191.0374162813,
    114.88605476461));
#4364 = CARTESIAN_POINT('',(2.21E+03,-165.413049815,114.12233954619));
#4365 = PCURVE('',#4224,#4366);
#4366 = DEFINITIONAL_REPRESENTATION('',(#4367),#4371);
#4367 = LINE('',#4368,#4369);
#4368 = CARTESIAN_POINT('',(0.,0.));
#4369 = VECTOR('',#4370,1.);
#4370 = DIRECTION('',(1.,0.));
#4371 = ( GEOMETRIC_REPRESENTATION_CONTEXT(2) 
PARAMETRIC_REPRESENTATION_CONTEXT() REPRESENTATION_CONTEXT('2D SPACE',''
  ) );
#4372 = ORIENTED_EDGE('',*,*,#4373,.T.);
#4373 = EDGE_CURVE('',#4329,#4374,#4376,.T.);
#4374 = VERTEX_POINT('',#4375);
#4375 = CARTESIAN_POINT('',(2.21E+03,165.41304981508,114.12233954619));
#4376 = SURFACE_CURVE('',#4377,(#4381),.PCURVE_S1.);
#4377 = B_SPLINE_CURVE_WITH_KNOTS('',2,(#4378,#4379,#4380),
  .UNSPECIFIED.,.F.,.F.,(3,3),(0.,1.),.PIECEWISE_BEZIER_KNOTS.);
#4378 = CARTESIAN_POINT('',(2.21E+03,-165.413049815,114.12233954619));
#4379 = CARTESIAN_POINT('',(2.21E+03,-2.106999358366E-16,115.29947823097
    ));
#4380 = CARTESIAN_POINT('',(2.21E+03,165.41304981508,114.12233954619));
#4381 = PCURVE('',#4224,#4382);
#4382 = DEFINITIONAL_REPRESENTATION('',(#4383),#4387);
#4383 = LINE('',#4384,#4385);
#4384 = CARTESIAN_POINT('',(1.,0.));
#4385 = VECTOR('',#4386,1.);
#4386 = DIRECTION('',(0.,1.));
#4387 = ( GEOMETRIC_REPRESENTATION_CONTEXT(2) 
PARAMETRIC_REPRESENTATION_CONTEXT() REPRESENTATION_CONTEXT('2D SPACE',''
  ) );
#4388 = ORIENTED_EDGE('',*,*,#4389,.F.);
#4389 = EDGE_CURVE('',#4216,#4374,#4390,.T.);
#4390 = SURFACE_CURVE('',#4391,(#4424),.PCURVE_S1.);
#4391 = B_SPLINE_CURVE_WITH_KNOTS('',2,(#4392,#4393,#4394,#4395,#4396,
    #4397,#4398,#4399,#4400,#4401,#4402,#4403,#4404,#4405,#4406,#4407,
    #4408,#4409,#4410,#4411,#4412,#4413,#4414,#4415,#4416,#4417,#4418,
    #4419,#4420,#4421,#4422,#4423),.UNSPECIFIED.,.F.,.F.,(3,1,1,1,1,1,1,
    1,1,1,1,1,1,1,1,1,1,1,1,1,1,1,1,1,1,1,1,1,1,1,3),(0.,
    3.383672270123E-02,6.602416680889E-02,9.7658680886E-02,
    0.130619921791,0.166259781528,0.20439082925,0.24456252301,
    0.285841775126,0.327178355544,0.367524470961,0.406007154558,
    0.441728774973,0.474824706073,0.505680997075,0.536083251783,
    0.566479092251,0.596875135354,0.627271717681,0.657669222932,
    0.688069054061,0.718473474226,0.748888562229,0.779324187949,
    0.809800015711,0.840351725202,0.871034363471,0.901976400336,
    0.933345722429,0.965723446452,1.),.UNSPECIFIED.);
#4392 = CARTESIAN_POINT('',(160.,173.18287926927,629.34977104537));
#4393 = CARTESIAN_POINT('',(192.83034945995,197.1970572162,
    630.10242808389));
#4394 = CARTESIAN_POINT('',(261.6320640708,230.73584727343,
    630.86644761579));
#4395 = CARTESIAN_POINT('',(331.20759944488,254.55768081765,
    631.56174002066));
#4396 = CARTESIAN_POINT('',(400.56038723946,271.82025667386,
    612.41042687092));
#4397 = CARTESIAN_POINT('',(469.01773751508,284.12510377675,
    576.51032711001));
#4398 = CARTESIAN_POINT('',(537.11911055135,293.02173343535,
    528.51960018277));
#4399 = CARTESIAN_POINT('',(604.93704628876,299.27383226262,
    471.60916190945));
#4400 = CARTESIAN_POINT('',(672.79734353063,303.59539249034,
    409.35915216971));
#4401 = CARTESIAN_POINT('',(740.62136449957,306.44242576179,
    345.2438427162));
#4402 = CARTESIAN_POINT('',(808.40424069053,308.20929656496,
    282.70993783479));
#4403 = CARTESIAN_POINT('',(876.32068058255,309.22592917104,
    225.29559832807));
#4404 = CARTESIAN_POINT('',(944.21886013376,309.73133491755,
    176.26430176747));
#4405 = CARTESIAN_POINT('',(1.012499740448E+03,309.94293594412,
    139.46891319468));
#4406 = CARTESIAN_POINT('',(1.081745680258E+03,309.99630828075,
    117.75670013423));
#4407 = CARTESIAN_POINT('',(1.150896399197E+03,310.00025053417,
    117.08266070137));
#4408 = CARTESIAN_POINT('',(1.219135467255E+03,310.00092712849,
    117.28075046518));
#4409 = CARTESIAN_POINT('',(1.287514022064E+03,309.99301684883,
    117.15458580283));
#4410 = CARTESIAN_POINT('',(1.355827833798E+03,309.92855510311,
    117.11395595585));
#4411 = CARTESIAN_POINT('',(1.424170031015E+03,309.68812392289,
    116.99915333266));
#4412 = CARTESIAN_POINT('',(1.492501161871E+03,309.12866086907,
    116.89690537775));
#4413 = CARTESIAN_POINT('',(1.560837688234E+03,308.01996952853,
    116.79176931648));
#4414 = CARTESIAN_POINT('',(1.62917628497E+03,306.10786037118,
    116.71107324157));
#4415 = CARTESIAN_POINT('',(1.69751778357E+03,303.04635107194,
    116.65897943327));
#4416 = CARTESIAN_POINT('',(1.765868059446E+03,298.42500312695,
    116.63926763538));
#4417 = CARTESIAN_POINT('',(1.83423129865E+03,291.74176682624,
    116.63972132346));
#4418 = CARTESIAN_POINT('',(1.902609063039E+03,282.30364259907,
    116.62936705402));
#4419 = CARTESIAN_POINT('',(1.97104966757E+03,269.29787116945,
    116.55765885886));
#4420 = CARTESIAN_POINT('',(2.039520315331E+03,251.34547801379,
    116.33283195308));
#4421 = CARTESIAN_POINT('',(2.108313787583E+03,226.61097196981,
    115.83997737198));
#4422 = CARTESIAN_POINT('',(2.177464470924E+03,191.0374162813,
    114.88605476461));
#4423 = CARTESIAN_POINT('',(2.21E+03,165.41304981508,114.12233954619));
#4424 = PCURVE('',#4224,#4425);
#4425 = DEFINITIONAL_REPRESENTATION('',(#4426),#4430);
#4426 = LINE('',#4427,#4428);
#4427 = CARTESIAN_POINT('',(0.,1.));
#4428 = VECTOR('',#4429,1.);
#4429 = DIRECTION('',(1.,0.));
#4430 = ( GEOMETRIC_REPRESENTATION_CONTEXT(2) 
PARAMETRIC_REPRESENTATION_CONTEXT() REPRESENTATION_CONTEXT('2D SPACE',''
  ) );
#4431 = ( GEOMETRIC_REPRESENTATION_CONTEXT(3) 
GLOBAL_UNCERTAINTY_ASSIGNED_CONTEXT((#4435)) 
GLOBAL_UNIT_ASSIGNED_CONTEXT((#4432,#4433,#4434)) REPRESENTATION_CONTEXT
('Context #1','3D Context with UNIT and UNCERTAINTY') );
#4432 = ( LENGTH_UNIT() NAMED_UNIT(*) SI_UNIT(.MILLI.,.METRE.) );
#4433 = ( NAMED_UNIT(*) PLANE_ANGLE_UNIT() SI_UNIT($,.RADIAN.) );
#4434 = ( NAMED_UNIT(*) SI_UNIT($,.STERADIAN.) SOLID_ANGLE_UNIT() );
#4435 = UNCERTAINTY_MEASURE_WITH_UNIT(LENGTH_MEASURE(1.E-07),#4432,
  'distance_accuracy_value','confusion accuracy');
#4436 = CONTEXT_DEPENDENT_SHAPE_REPRESENTATION(#4437,#4439);
#4437 = ( REPRESENTATION_RELATIONSHIP('','',#4206,#10) 
REPRESENTATION_RELATIONSHIP_WITH_TRANSFORMATION(#4438) 
SHAPE_REPRESENTATION_RELATIONSHIP() );
#4438 = ITEM_DEFINED_TRANSFORMATION('','',#11,#119);
#4439 = PRODUCT_DEFINITION_SHAPE('Placement','Placement of an item',
  #4440);
#4440 = NEXT_ASSEMBLY_USAGE_OCCURRENCE('27','MATTRESS_work','',#5,#4201,
  $);
#4441 = PRODUCT_RELATED_PRODUCT_CATEGORY('part',$,(#4203));
#4442 = SHAPE_DEFINITION_REPRESENTATION(#4443,#4449);
#4443 = PRODUCT_DEFINITION_SHAPE('','',#4444);
#4444 = PRODUCT_DEFINITION('design','',#4445,#4448);
#4445 = PRODUCT_DEFINITION_FORMATION('','',#4446);
#4446 = PRODUCT('PILLOW_work','PILLOW_work','',(#4447));
#4447 = PRODUCT_CONTEXT('',#2,'mechanical');
#4448 = PRODUCT_DEFINITION_CONTEXT('part definition',#2,'design');
#4449 = ADVANCED_BREP_SHAPE_REPRESENTATION('',(#11,#4450),#5788);
#4450 = MANIFOLD_SOLID_BREP('',#4451);
#4451 = CLOSED_SHELL('',(#4452,#4572,#4660,#4743,#4826,#4904,#4936,#4968
    ,#5044,#5125,#5152,#5233,#5260,#5336,#5369,#5402,#5480,#5513,#5584,
    #5617,#5688,#5757,#5763,#5769,#5776,#5782));
#4452 = ADVANCED_FACE('',(#4453),#4467,.F.);
#4453 = FACE_BOUND('',#4454,.F.);
#4454 = EDGE_LOOP('',(#4455,#4490,#4518,#4546));
#4455 = ORIENTED_EDGE('',*,*,#4456,.F.);
#4456 = EDGE_CURVE('',#4457,#4459,#4461,.T.);
#4457 = VERTEX_POINT('',#4458);
#4458 = CARTESIAN_POINT('',(309.61192024291,-150.,689.29343758761));
#4459 = VERTEX_POINT('',#4460);
#4460 = CARTESIAN_POINT('',(317.99981379497,-150.,701.72900117594));
#4461 = SURFACE_CURVE('',#4462,(#4466,#4478),.PCURVE_S1.);
#4462 = LINE('',#4463,#4464);
#4463 = CARTESIAN_POINT('',(284.44823958673,-150.,651.98674682264));
#4464 = VECTOR('',#4465,1.);
#4465 = DIRECTION('',(0.559192903471,0.,0.829037572555));
#4466 = PCURVE('',#4467,#4472);
#4467 = PLANE('',#4468);
#4468 = AXIS2_PLACEMENT_3D('',#4469,#4470,#4471);
#4469 = CARTESIAN_POINT('',(284.44823958673,-195.,651.98674682264));
#4470 = DIRECTION('',(0.829037572555,0.,-0.559192903471));
#4471 = DIRECTION('',(0.559192903471,0.,0.829037572555));
#4472 = DEFINITIONAL_REPRESENTATION('',(#4473),#4477);
#4473 = LINE('',#4474,#4475);
#4474 = CARTESIAN_POINT('',(0.,-45.));
#4475 = VECTOR('',#4476,1.);
#4476 = DIRECTION('',(1.,0.));
#4477 = ( GEOMETRIC_REPRESENTATION_CONTEXT(2) 
PARAMETRIC_REPRESENTATION_CONTEXT() REPRESENTATION_CONTEXT('2D SPACE',''
  ) );
#4478 = PCURVE('',#4479,#4484);
#4479 = CYLINDRICAL_SURFACE('',#4480,45.);
#4480 = AXIS2_PLACEMENT_3D('',#4481,#4482,#4483);
#4481 = CARTESIAN_POINT('',(321.7549303517,-150.,626.82306616645));
#4482 = DIRECTION('',(0.559192903471,0.,0.829037572555));
#4483 = DIRECTION('',(-0.829037572555,0.,0.559192903471));
#4484 = DEFINITIONAL_REPRESENTATION('',(#4485),#4489);
#4485 = LINE('',#4486,#4487);
#4486 = CARTESIAN_POINT('',(0.,0.));
#4487 = VECTOR('',#4488,1.);
#4488 = DIRECTION('',(0.,1.));
#4489 = ( GEOMETRIC_REPRESENTATION_CONTEXT(2) 
PARAMETRIC_REPRESENTATION_CONTEXT() REPRESENTATION_CONTEXT('2D SPACE',''
  ) );
#4490 = ORIENTED_EDGE('',*,*,#4491,.T.);
#4491 = EDGE_CURVE('',#4457,#4492,#4494,.T.);
#4492 = VERTEX_POINT('',#4493);
#4493 = CARTESIAN_POINT('',(309.61192024291,150.,689.29343758761));
#4494 = SURFACE_CURVE('',#4495,(#4499,#4506),.PCURVE_S1.);
#4495 = LINE('',#4496,#4497);
#4496 = CARTESIAN_POINT('',(309.61192024291,-195.,689.29343758761));
#4497 = VECTOR('',#4498,1.);
#4498 = DIRECTION('',(0.,1.,0.));
#4499 = PCURVE('',#4467,#4500);
#4500 = DEFINITIONAL_REPRESENTATION('',(#4501),#4505);
#4501 = LINE('',#4502,#4503);
#4502 = CARTESIAN_POINT('',(45.,0.));
#4503 = VECTOR('',#4504,1.);
#4504 = DIRECTION('',(0.,-1.));
#4505 = ( GEOMETRIC_REPRESENTATION_CONTEXT(2) 
PARAMETRIC_REPRESENTATION_CONTEXT() REPRESENTATION_CONTEXT('2D SPACE',''
  ) );
#4506 = PCURVE('',#4507,#4512);
#4507 = CYLINDRICAL_SURFACE('',#4508,45.);
#4508 = AXIS2_PLACEMENT_3D('',#4509,#4510,#4511);
#4509 = CARTESIAN_POINT('',(346.91861100789,-195.,664.12975693143));
#4510 = DIRECTION('',(0.,1.,0.));
#4511 = DIRECTION('',(-0.829037572555,0.,0.559192903471));
#4512 = DEFINITIONAL_REPRESENTATION('',(#4513),#4517);
#4513 = LINE('',#4514,#4515);
#4514 = CARTESIAN_POINT('',(-0.,0.));
#4515 = VECTOR('',#4516,1.);
#4516 = DIRECTION('',(-0.,1.));
#4517 = ( GEOMETRIC_REPRESENTATION_CONTEXT(2) 
PARAMETRIC_REPRESENTATION_CONTEXT() REPRESENTATION_CONTEXT('2D SPACE',''
  ) );
#4518 = ORIENTED_EDGE('',*,*,#4519,.T.);
#4519 = EDGE_CURVE('',#4492,#4520,#4522,.T.);
#4520 = VERTEX_POINT('',#4521);
#4521 = CARTESIAN_POINT('',(317.99981379497,150.,701.72900117594));
#4522 = SURFACE_CURVE('',#4523,(#4527,#4534),.PCURVE_S1.);
#4523 = LINE('',#4524,#4525);
#4524 = CARTESIAN_POINT('',(284.44823958673,150.,651.98674682264));
#4525 = VECTOR('',#4526,1.);
#4526 = DIRECTION('',(0.559192903471,0.,0.829037572555));
#4527 = PCURVE('',#4467,#4528);
#4528 = DEFINITIONAL_REPRESENTATION('',(#4529),#4533);
#4529 = LINE('',#4530,#4531);
#4530 = CARTESIAN_POINT('',(0.,-345.));
#4531 = VECTOR('',#4532,1.);
#4532 = DIRECTION('',(1.,0.));
#4533 = ( GEOMETRIC_REPRESENTATION_CONTEXT(2) 
PARAMETRIC_REPRESENTATION_CONTEXT() REPRESENTATION_CONTEXT('2D SPACE',''
  ) );
#4534 = PCURVE('',#4535,#4540);
#4535 = CYLINDRICAL_SURFACE('',#4536,45.);
#4536 = AXIS2_PLACEMENT_3D('',#4537,#4538,#4539);
#4537 = CARTESIAN_POINT('',(321.7549303517,150.,626.82306616645));
#4538 = DIRECTION('',(0.559192903471,0.,0.829037572555));
#4539 = DIRECTION('',(-0.829037572555,0.,0.559192903471));
#4540 = DEFINITIONAL_REPRESENTATION('',(#4541),#4545);
#4541 = LINE('',#4542,#4543);
#4542 = CARTESIAN_POINT('',(-0.,0.));
#4543 = VECTOR('',#4544,1.);
#4544 = DIRECTION('',(-0.,1.));
#4545 = ( GEOMETRIC_REPRESENTATION_CONTEXT(2) 
PARAMETRIC_REPRESENTATION_CONTEXT() REPRESENTATION_CONTEXT('2D SPACE',''
  ) );
#4546 = ORIENTED_EDGE('',*,*,#4547,.F.);
#4547 = EDGE_CURVE('',#4459,#4520,#4548,.T.);
#4548 = SURFACE_CURVE('',#4549,(#4553,#4560),.PCURVE_S1.);
#4549 = LINE('',#4550,#4551);
#4550 = CARTESIAN_POINT('',(317.99981379497,-195.,701.72900117594));
#4551 = VECTOR('',#4552,1.);
#4552 = DIRECTION('',(0.,1.,0.));
#4553 = PCURVE('',#4467,#4554);
#4554 = DEFINITIONAL_REPRESENTATION('',(#4555),#4559);
#4555 = LINE('',#4556,#4557);
#4556 = CARTESIAN_POINT('',(60.,0.));
#4557 = VECTOR('',#4558,1.);
#4558 = DIRECTION('',(0.,-1.));
#4559 = ( GEOMETRIC_REPRESENTATION_CONTEXT(2) 
PARAMETRIC_REPRESENTATION_CONTEXT() REPRESENTATION_CONTEXT('2D SPACE',''
  ) );
#4560 = PCURVE('',#4561,#4566);
#4561 = CYLINDRICAL_SURFACE('',#4562,45.);
#4562 = AXIS2_PLACEMENT_3D('',#4563,#4564,#4565);
#4563 = CARTESIAN_POINT('',(355.30650455995,-195.,676.56532051976));
#4564 = DIRECTION('',(0.,1.,0.));
#4565 = DIRECTION('',(-0.829037572555,0.,0.559192903471));
#4566 = DEFINITIONAL_REPRESENTATION('',(#4567),#4571);
#4567 = LINE('',#4568,#4569);
#4568 = CARTESIAN_POINT('',(0.,0.));
#4569 = VECTOR('',#4570,1.);
#4570 = DIRECTION('',(0.,1.));
#4571 = ( GEOMETRIC_REPRESENTATION_CONTEXT(2) 
PARAMETRIC_REPRESENTATION_CONTEXT() REPRESENTATION_CONTEXT('2D SPACE',''
  ) );
#4572 = ADVANCED_FACE('',(#4573),#4479,.T.);
#4573 = FACE_BOUND('',#4574,.T.);
#4574 = EDGE_LOOP('',(#4575,#4576,#4605,#4633));
#4575 = ORIENTED_EDGE('',*,*,#4456,.F.);
#4576 = ORIENTED_EDGE('',*,*,#4577,.T.);
#4577 = EDGE_CURVE('',#4457,#4578,#4580,.T.);
#4578 = VERTEX_POINT('',#4579);
#4579 = CARTESIAN_POINT('',(346.91861100789,-195.,664.12975693143));
#4580 = SURFACE_CURVE('',#4581,(#4586,#4593),.PCURVE_S1.);
#4581 = CIRCLE('',#4582,45.);
#4582 = AXIS2_PLACEMENT_3D('',#4583,#4584,#4585);
#4583 = CARTESIAN_POINT('',(346.91861100789,-150.,664.12975693143));
#4584 = DIRECTION('',(0.559192903471,0.,0.829037572555));
#4585 = DIRECTION('',(-0.829037572555,0.,0.559192903471));
#4586 = PCURVE('',#4479,#4587);
#4587 = DEFINITIONAL_REPRESENTATION('',(#4588),#4592);
#4588 = LINE('',#4589,#4590);
#4589 = CARTESIAN_POINT('',(0.,45.));
#4590 = VECTOR('',#4591,1.);
#4591 = DIRECTION('',(1.,0.));
#4592 = ( GEOMETRIC_REPRESENTATION_CONTEXT(2) 
PARAMETRIC_REPRESENTATION_CONTEXT() REPRESENTATION_CONTEXT('2D SPACE',''
  ) );
#4593 = PCURVE('',#4594,#4599);
#4594 = SPHERICAL_SURFACE('',#4595,45.);
#4595 = AXIS2_PLACEMENT_3D('',#4596,#4597,#4598);
#4596 = CARTESIAN_POINT('',(346.91861100789,-150.,664.12975693143));
#4597 = DIRECTION('',(0.559192903471,0.,0.829037572555));
#4598 = DIRECTION('',(-0.829037572555,0.,0.559192903471));
#4599 = DEFINITIONAL_REPRESENTATION('',(#4600),#4604);
#4600 = LINE('',#4601,#4602);
#4601 = CARTESIAN_POINT('',(0.,0.));
#4602 = VECTOR('',#4603,1.);
#4603 = DIRECTION('',(1.,0.));
#4604 = ( GEOMETRIC_REPRESENTATION_CONTEXT(2) 
PARAMETRIC_REPRESENTATION_CONTEXT() REPRESENTATION_CONTEXT('2D SPACE',''
  ) );
#4605 = ORIENTED_EDGE('',*,*,#4606,.T.);
#4606 = EDGE_CURVE('',#4578,#4607,#4609,.T.);
#4607 = VERTEX_POINT('',#4608);
#4608 = CARTESIAN_POINT('',(355.30650455995,-195.,676.56532051976));
#4609 = SURFACE_CURVE('',#4610,(#4614,#4621),.PCURVE_S1.);
#4610 = LINE('',#4611,#4612);
#4611 = CARTESIAN_POINT('',(321.7549303517,-195.,626.82306616645));
#4612 = VECTOR('',#4613,1.);
#4613 = DIRECTION('',(0.559192903471,0.,0.829037572555));
#4614 = PCURVE('',#4479,#4615);
#4615 = DEFINITIONAL_REPRESENTATION('',(#4616),#4620);
#4616 = LINE('',#4617,#4618);
#4617 = CARTESIAN_POINT('',(1.570796326795,0.));
#4618 = VECTOR('',#4619,1.);
#4619 = DIRECTION('',(0.,1.));
#4620 = ( GEOMETRIC_REPRESENTATION_CONTEXT(2) 
PARAMETRIC_REPRESENTATION_CONTEXT() REPRESENTATION_CONTEXT('2D SPACE',''
  ) );
#4621 = PCURVE('',#4622,#4627);
#4622 = PLANE('',#4623);
#4623 = AXIS2_PLACEMENT_3D('',#4624,#4625,#4626);
#4624 = CARTESIAN_POINT('',(284.44823958673,-195.,651.98674682264));
#4625 = DIRECTION('',(0.,1.,0.));
#4626 = DIRECTION('',(0.559192903471,0.,0.829037572555));
#4627 = DEFINITIONAL_REPRESENTATION('',(#4628),#4632);
#4628 = LINE('',#4629,#4630);
#4629 = CARTESIAN_POINT('',(-7.105427357601E-15,45.));
#4630 = VECTOR('',#4631,1.);
#4631 = DIRECTION('',(1.,0.));
#4632 = ( GEOMETRIC_REPRESENTATION_CONTEXT(2) 
PARAMETRIC_REPRESENTATION_CONTEXT() REPRESENTATION_CONTEXT('2D SPACE',''
  ) );
#4633 = ORIENTED_EDGE('',*,*,#4634,.F.);
#4634 = EDGE_CURVE('',#4459,#4607,#4635,.T.);
#4635 = SURFACE_CURVE('',#4636,(#4641,#4648),.PCURVE_S1.);
#4636 = CIRCLE('',#4637,45.);
#4637 = AXIS2_PLACEMENT_3D('',#4638,#4639,#4640);
#4638 = CARTESIAN_POINT('',(355.30650455995,-150.,676.56532051976));
#4639 = DIRECTION('',(0.559192903471,0.,0.829037572555));
#4640 = DIRECTION('',(-0.829037572555,0.,0.559192903471));
#4641 = PCURVE('',#4479,#4642);
#4642 = DEFINITIONAL_REPRESENTATION('',(#4643),#4647);
#4643 = LINE('',#4644,#4645);
#4644 = CARTESIAN_POINT('',(0.,60.));
#4645 = VECTOR('',#4646,1.);
#4646 = DIRECTION('',(1.,0.));
#4647 = ( GEOMETRIC_REPRESENTATION_CONTEXT(2) 
PARAMETRIC_REPRESENTATION_CONTEXT() REPRESENTATION_CONTEXT('2D SPACE',''
  ) );
#4648 = PCURVE('',#4649,#4654);
#4649 = SPHERICAL_SURFACE('',#4650,45.);
#4650 = AXIS2_PLACEMENT_3D('',#4651,#4652,#4653);
#4651 = CARTESIAN_POINT('',(355.30650455995,-150.,676.56532051976));
#4652 = DIRECTION('',(-0.559192903471,-0.,-0.829037572555));
#4653 = DIRECTION('',(-0.829037572555,0.,0.559192903471));
#4654 = DEFINITIONAL_REPRESENTATION('',(#4655),#4659);
#4655 = LINE('',#4656,#4657);
#4656 = CARTESIAN_POINT('',(-0.,0.));
#4657 = VECTOR('',#4658,1.);
#4658 = DIRECTION('',(-1.,0.));
#4659 = ( GEOMETRIC_REPRESENTATION_CONTEXT(2) 
PARAMETRIC_REPRESENTATION_CONTEXT() REPRESENTATION_CONTEXT('2D SPACE',''
  ) );
#4660 = ADVANCED_FACE('',(#4661),#4507,.T.);
#4661 = FACE_BOUND('',#4662,.F.);
#4662 = EDGE_LOOP('',(#4663,#4687,#4715,#4742));
#4663 = ORIENTED_EDGE('',*,*,#4664,.F.);
#4664 = EDGE_CURVE('',#4665,#4457,#4667,.T.);
#4665 = VERTEX_POINT('',#4666);
#4666 = CARTESIAN_POINT('',(321.7549303517,-150.,626.82306616645));
#4667 = SURFACE_CURVE('',#4668,(#4673,#4680),.PCURVE_S1.);
#4668 = CIRCLE('',#4669,45.);
#4669 = AXIS2_PLACEMENT_3D('',#4670,#4671,#4672);
#4670 = CARTESIAN_POINT('',(346.91861100789,-150.,664.12975693143));
#4671 = DIRECTION('',(0.,1.,-0.));
#4672 = DIRECTION('',(-0.829037572555,0.,0.559192903471));
#4673 = PCURVE('',#4507,#4674);
#4674 = DEFINITIONAL_REPRESENTATION('',(#4675),#4679);
#4675 = LINE('',#4676,#4677);
#4676 = CARTESIAN_POINT('',(-6.28318530718,45.));
#4677 = VECTOR('',#4678,1.);
#4678 = DIRECTION('',(1.,-0.));
#4679 = ( GEOMETRIC_REPRESENTATION_CONTEXT(2) 
PARAMETRIC_REPRESENTATION_CONTEXT() REPRESENTATION_CONTEXT('2D SPACE',''
  ) );
#4680 = PCURVE('',#4594,#4681);
#4681 = DEFINITIONAL_REPRESENTATION('',(#4682),#4686);
#4682 = LINE('',#4683,#4684);
#4683 = CARTESIAN_POINT('',(0.,-6.28318530718));
#4684 = VECTOR('',#4685,1.);
#4685 = DIRECTION('',(0.,1.));
#4686 = ( GEOMETRIC_REPRESENTATION_CONTEXT(2) 
PARAMETRIC_REPRESENTATION_CONTEXT() REPRESENTATION_CONTEXT('2D SPACE',''
  ) );
#4687 = ORIENTED_EDGE('',*,*,#4688,.T.);
#4688 = EDGE_CURVE('',#4665,#4689,#4691,.T.);
#4689 = VERTEX_POINT('',#4690);
#4690 = CARTESIAN_POINT('',(321.7549303517,150.,626.82306616645));
#4691 = SURFACE_CURVE('',#4692,(#4696,#4703),.PCURVE_S1.);
#4692 = LINE('',#4693,#4694);
#4693 = CARTESIAN_POINT('',(321.7549303517,-195.,626.82306616645));
#4694 = VECTOR('',#4695,1.);
#4695 = DIRECTION('',(0.,1.,0.));
#4696 = PCURVE('',#4507,#4697);
#4697 = DEFINITIONAL_REPRESENTATION('',(#4698),#4702);
#4698 = LINE('',#4699,#4700);
#4699 = CARTESIAN_POINT('',(-1.570796326795,0.));
#4700 = VECTOR('',#4701,1.);
#4701 = DIRECTION('',(-0.,1.));
#4702 = ( GEOMETRIC_REPRESENTATION_CONTEXT(2) 
PARAMETRIC_REPRESENTATION_CONTEXT() REPRESENTATION_CONTEXT('2D SPACE',''
  ) );
#4703 = PCURVE('',#4704,#4709);
#4704 = PLANE('',#4705);
#4705 = AXIS2_PLACEMENT_3D('',#4706,#4707,#4708);
#4706 = CARTESIAN_POINT('',(284.44823958673,-195.,651.98674682264));
#4707 = DIRECTION('',(0.559192903471,0.,0.829037572555));
#4708 = DIRECTION('',(0.829037572555,0.,-0.559192903471));
#4709 = DEFINITIONAL_REPRESENTATION('',(#4710),#4714);
#4710 = LINE('',#4711,#4712);
#4711 = CARTESIAN_POINT('',(45.,0.));
#4712 = VECTOR('',#4713,1.);
#4713 = DIRECTION('',(0.,1.));
#4714 = ( GEOMETRIC_REPRESENTATION_CONTEXT(2) 
PARAMETRIC_REPRESENTATION_CONTEXT() REPRESENTATION_CONTEXT('2D SPACE',''
  ) );
#4715 = ORIENTED_EDGE('',*,*,#4716,.T.);
#4716 = EDGE_CURVE('',#4689,#4492,#4717,.T.);
#4717 = SURFACE_CURVE('',#4718,(#4723,#4730),.PCURVE_S1.);
#4718 = CIRCLE('',#4719,45.);
#4719 = AXIS2_PLACEMENT_3D('',#4720,#4721,#4722);
#4720 = CARTESIAN_POINT('',(346.91861100789,150.,664.12975693143));
#4721 = DIRECTION('',(0.,1.,-0.));
#4722 = DIRECTION('',(-0.829037572555,0.,0.559192903471));
#4723 = PCURVE('',#4507,#4724);
#4724 = DEFINITIONAL_REPRESENTATION('',(#4725),#4729);
#4725 = LINE('',#4726,#4727);
#4726 = CARTESIAN_POINT('',(-6.28318530718,345.));
#4727 = VECTOR('',#4728,1.);
#4728 = DIRECTION('',(1.,-0.));
#4729 = ( GEOMETRIC_REPRESENTATION_CONTEXT(2) 
PARAMETRIC_REPRESENTATION_CONTEXT() REPRESENTATION_CONTEXT('2D SPACE',''
  ) );
#4730 = PCURVE('',#4731,#4736);
#4731 = SPHERICAL_SURFACE('',#4732,45.);
#4732 = AXIS2_PLACEMENT_3D('',#4733,#4734,#4735);
#4733 = CARTESIAN_POINT('',(346.91861100789,150.,664.12975693143));
#4734 = DIRECTION('',(0.559192903471,0.,0.829037572555));
#4735 = DIRECTION('',(-0.829037572555,0.,0.559192903471));
#4736 = DEFINITIONAL_REPRESENTATION('',(#4737),#4741);
#4737 = LINE('',#4738,#4739);
#4738 = CARTESIAN_POINT('',(-0.,-6.28318530718));
#4739 = VECTOR('',#4740,1.);
#4740 = DIRECTION('',(-0.,1.));
#4741 = ( GEOMETRIC_REPRESENTATION_CONTEXT(2) 
PARAMETRIC_REPRESENTATION_CONTEXT() REPRESENTATION_CONTEXT('2D SPACE',''
  ) );
#4742 = ORIENTED_EDGE('',*,*,#4491,.F.);
#4743 = ADVANCED_FACE('',(#4744),#4561,.T.);
#4744 = FACE_BOUND('',#4745,.T.);
#4745 = EDGE_LOOP('',(#4746,#4770,#4798,#4825));
#4746 = ORIENTED_EDGE('',*,*,#4747,.F.);
#4747 = EDGE_CURVE('',#4748,#4459,#4750,.T.);
#4748 = VERTEX_POINT('',#4749);
#4749 = CARTESIAN_POINT('',(380.47018521613,-150.,713.87201128473));
#4750 = SURFACE_CURVE('',#4751,(#4756,#4763),.PCURVE_S1.);
#4751 = CIRCLE('',#4752,45.);
#4752 = AXIS2_PLACEMENT_3D('',#4753,#4754,#4755);
#4753 = CARTESIAN_POINT('',(355.30650455995,-150.,676.56532051976));
#4754 = DIRECTION('',(0.,-1.,0.));
#4755 = DIRECTION('',(-0.829037572555,0.,0.559192903471));
#4756 = PCURVE('',#4561,#4757);
#4757 = DEFINITIONAL_REPRESENTATION('',(#4758),#4762);
#4758 = LINE('',#4759,#4760);
#4759 = CARTESIAN_POINT('',(6.28318530718,45.));
#4760 = VECTOR('',#4761,1.);
#4761 = DIRECTION('',(-1.,-0.));
#4762 = ( GEOMETRIC_REPRESENTATION_CONTEXT(2) 
PARAMETRIC_REPRESENTATION_CONTEXT() REPRESENTATION_CONTEXT('2D SPACE',''
  ) );
#4763 = PCURVE('',#4649,#4764);
#4764 = DEFINITIONAL_REPRESENTATION('',(#4765),#4769);
#4765 = LINE('',#4766,#4767);
#4766 = CARTESIAN_POINT('',(-0.,-6.28318530718));
#4767 = VECTOR('',#4768,1.);
#4768 = DIRECTION('',(-0.,1.));
#4769 = ( GEOMETRIC_REPRESENTATION_CONTEXT(2) 
PARAMETRIC_REPRESENTATION_CONTEXT() REPRESENTATION_CONTEXT('2D SPACE',''
  ) );
#4770 = ORIENTED_EDGE('',*,*,#4771,.T.);
#4771 = EDGE_CURVE('',#4748,#4772,#4774,.T.);
#4772 = VERTEX_POINT('',#4773);
#4773 = CARTESIAN_POINT('',(380.47018521613,150.,713.87201128473));
#4774 = SURFACE_CURVE('',#4775,(#4779,#4786),.PCURVE_S1.);
#4775 = LINE('',#4776,#4777);
#4776 = CARTESIAN_POINT('',(380.47018521613,-195.,713.87201128473));
#4777 = VECTOR('',#4778,1.);
#4778 = DIRECTION('',(0.,1.,0.));
#4779 = PCURVE('',#4561,#4780);
#4780 = DEFINITIONAL_REPRESENTATION('',(#4781),#4785);
#4781 = LINE('',#4782,#4783);
#4782 = CARTESIAN_POINT('',(1.570796326795,0.));
#4783 = VECTOR('',#4784,1.);
#4784 = DIRECTION('',(0.,1.));
#4785 = ( GEOMETRIC_REPRESENTATION_CONTEXT(2) 
PARAMETRIC_REPRESENTATION_CONTEXT() REPRESENTATION_CONTEXT('2D SPACE',''
  ) );
#4786 = PCURVE('',#4787,#4792);
#4787 = PLANE('',#4788);
#4788 = AXIS2_PLACEMENT_3D('',#4789,#4790,#4791);
#4789 = CARTESIAN_POINT('',(343.16349445116,-195.,739.03569194092));
#4790 = DIRECTION('',(0.559192903471,0.,0.829037572555));
#4791 = DIRECTION('',(0.829037572555,0.,-0.559192903471));
#4792 = DEFINITIONAL_REPRESENTATION('',(#4793),#4797);
#4793 = LINE('',#4794,#4795);
#4794 = CARTESIAN_POINT('',(45.,0.));
#4795 = VECTOR('',#4796,1.);
#4796 = DIRECTION('',(0.,1.));
#4797 = ( GEOMETRIC_REPRESENTATION_CONTEXT(2) 
PARAMETRIC_REPRESENTATION_CONTEXT() REPRESENTATION_CONTEXT('2D SPACE',''
  ) );
#4798 = ORIENTED_EDGE('',*,*,#4799,.F.);
#4799 = EDGE_CURVE('',#4520,#4772,#4800,.T.);
#4800 = SURFACE_CURVE('',#4801,(#4806,#4813),.PCURVE_S1.);
#4801 = CIRCLE('',#4802,45.);
#4802 = AXIS2_PLACEMENT_3D('',#4803,#4804,#4805);
#4803 = CARTESIAN_POINT('',(355.30650455995,150.,676.56532051976));
#4804 = DIRECTION('',(0.,1.,-0.));
#4805 = DIRECTION('',(-0.829037572555,0.,0.559192903471));
#4806 = PCURVE('',#4561,#4807);
#4807 = DEFINITIONAL_REPRESENTATION('',(#4808),#4812);
#4808 = LINE('',#4809,#4810);
#4809 = CARTESIAN_POINT('',(0.,345.));
#4810 = VECTOR('',#4811,1.);
#4811 = DIRECTION('',(1.,0.));
#4812 = ( GEOMETRIC_REPRESENTATION_CONTEXT(2) 
PARAMETRIC_REPRESENTATION_CONTEXT() REPRESENTATION_CONTEXT('2D SPACE',''
  ) );
#4813 = PCURVE('',#4814,#4819);
#4814 = SPHERICAL_SURFACE('',#4815,45.);
#4815 = AXIS2_PLACEMENT_3D('',#4816,#4817,#4818);
#4816 = CARTESIAN_POINT('',(355.30650455995,150.,676.56532051976));
#4817 = DIRECTION('',(-0.,-1.,0.));
#4818 = DIRECTION('',(-0.829037572555,0.,0.559192903471));
#4819 = DEFINITIONAL_REPRESENTATION('',(#4820),#4824);
#4820 = LINE('',#4821,#4822);
#4821 = CARTESIAN_POINT('',(-0.,0.));
#4822 = VECTOR('',#4823,1.);
#4823 = DIRECTION('',(-1.,0.));
#4824 = ( GEOMETRIC_REPRESENTATION_CONTEXT(2) 
PARAMETRIC_REPRESENTATION_CONTEXT() REPRESENTATION_CONTEXT('2D SPACE',''
  ) );
#4825 = ORIENTED_EDGE('',*,*,#4547,.F.);
#4826 = ADVANCED_FACE('',(#4827),#4535,.T.);
#4827 = FACE_BOUND('',#4828,.F.);
#4828 = EDGE_LOOP('',(#4829,#4830,#4854,#4882));
#4829 = ORIENTED_EDGE('',*,*,#4519,.F.);
#4830 = ORIENTED_EDGE('',*,*,#4831,.T.);
#4831 = EDGE_CURVE('',#4492,#4832,#4834,.T.);
#4832 = VERTEX_POINT('',#4833);
#4833 = CARTESIAN_POINT('',(346.91861100789,195.,664.12975693143));
#4834 = SURFACE_CURVE('',#4835,(#4840,#4847),.PCURVE_S1.);
#4835 = CIRCLE('',#4836,45.);
#4836 = AXIS2_PLACEMENT_3D('',#4837,#4838,#4839);
#4837 = CARTESIAN_POINT('',(346.91861100789,150.,664.12975693143));
#4838 = DIRECTION('',(-0.559192903471,0.,-0.829037572555));
#4839 = DIRECTION('',(-0.829037572555,0.,0.559192903471));
#4840 = PCURVE('',#4535,#4841);
#4841 = DEFINITIONAL_REPRESENTATION('',(#4842),#4846);
#4842 = LINE('',#4843,#4844);
#4843 = CARTESIAN_POINT('',(-0.,45.));
#4844 = VECTOR('',#4845,1.);
#4845 = DIRECTION('',(-1.,0.));
#4846 = ( GEOMETRIC_REPRESENTATION_CONTEXT(2) 
PARAMETRIC_REPRESENTATION_CONTEXT() REPRESENTATION_CONTEXT('2D SPACE',''
  ) );
#4847 = PCURVE('',#4731,#4848);
#4848 = DEFINITIONAL_REPRESENTATION('',(#4849),#4853);
#4849 = LINE('',#4850,#4851);
#4850 = CARTESIAN_POINT('',(-0.,0.));
#4851 = VECTOR('',#4852,1.);
#4852 = DIRECTION('',(-1.,0.));
#4853 = ( GEOMETRIC_REPRESENTATION_CONTEXT(2) 
PARAMETRIC_REPRESENTATION_CONTEXT() REPRESENTATION_CONTEXT('2D SPACE',''
  ) );
#4854 = ORIENTED_EDGE('',*,*,#4855,.T.);
#4855 = EDGE_CURVE('',#4832,#4856,#4858,.T.);
#4856 = VERTEX_POINT('',#4857);
#4857 = CARTESIAN_POINT('',(355.30650455995,195.,676.56532051976));
#4858 = SURFACE_CURVE('',#4859,(#4863,#4870),.PCURVE_S1.);
#4859 = LINE('',#4860,#4861);
#4860 = CARTESIAN_POINT('',(321.7549303517,195.,626.82306616645));
#4861 = VECTOR('',#4862,1.);
#4862 = DIRECTION('',(0.559192903471,0.,0.829037572555));
#4863 = PCURVE('',#4535,#4864);
#4864 = DEFINITIONAL_REPRESENTATION('',(#4865),#4869);
#4865 = LINE('',#4866,#4867);
#4866 = CARTESIAN_POINT('',(-1.570796326795,0.));
#4867 = VECTOR('',#4868,1.);
#4868 = DIRECTION('',(-0.,1.));
#4869 = ( GEOMETRIC_REPRESENTATION_CONTEXT(2) 
PARAMETRIC_REPRESENTATION_CONTEXT() REPRESENTATION_CONTEXT('2D SPACE',''
  ) );
#4870 = PCURVE('',#4871,#4876);
#4871 = PLANE('',#4872);
#4872 = AXIS2_PLACEMENT_3D('',#4873,#4874,#4875);
#4873 = CARTESIAN_POINT('',(284.44823958673,195.,651.98674682264));
#4874 = DIRECTION('',(0.,1.,0.));
#4875 = DIRECTION('',(0.559192903471,0.,0.829037572555));
#4876 = DEFINITIONAL_REPRESENTATION('',(#4877),#4881);
#4877 = LINE('',#4878,#4879);
#4878 = CARTESIAN_POINT('',(-7.105427357601E-15,45.));
#4879 = VECTOR('',#4880,1.);
#4880 = DIRECTION('',(1.,0.));
#4881 = ( GEOMETRIC_REPRESENTATION_CONTEXT(2) 
PARAMETRIC_REPRESENTATION_CONTEXT() REPRESENTATION_CONTEXT('2D SPACE',''
  ) );
#4882 = ORIENTED_EDGE('',*,*,#4883,.T.);
#4883 = EDGE_CURVE('',#4856,#4520,#4884,.T.);
#4884 = SURFACE_CURVE('',#4885,(#4890,#4897),.PCURVE_S1.);
#4885 = CIRCLE('',#4886,45.);
#4886 = AXIS2_PLACEMENT_3D('',#4887,#4888,#4889);
#4887 = CARTESIAN_POINT('',(355.30650455995,150.,676.56532051976));
#4888 = DIRECTION('',(0.559192903471,0.,0.829037572555));
#4889 = DIRECTION('',(-0.829037572555,0.,0.559192903471));
#4890 = PCURVE('',#4535,#4891);
#4891 = DEFINITIONAL_REPRESENTATION('',(#4892),#4896);
#4892 = LINE('',#4893,#4894);
#4893 = CARTESIAN_POINT('',(-6.28318530718,60.));
#4894 = VECTOR('',#4895,1.);
#4895 = DIRECTION('',(1.,-0.));
#4896 = ( GEOMETRIC_REPRESENTATION_CONTEXT(2) 
PARAMETRIC_REPRESENTATION_CONTEXT() REPRESENTATION_CONTEXT('2D SPACE',''
  ) );
#4897 = PCURVE('',#4814,#4898);
#4898 = DEFINITIONAL_REPRESENTATION('',(#4899),#4903);
#4899 = LINE('',#4900,#4901);
#4900 = CARTESIAN_POINT('',(-0.,-6.28318530718));
#4901 = VECTOR('',#4902,1.);
#4902 = DIRECTION('',(-0.,1.));
#4903 = ( GEOMETRIC_REPRESENTATION_CONTEXT(2) 
PARAMETRIC_REPRESENTATION_CONTEXT() REPRESENTATION_CONTEXT('2D SPACE',''
  ) );
#4904 = ADVANCED_FACE('',(#4905),#4594,.T.);
#4905 = FACE_BOUND('',#4906,.T.);
#4906 = EDGE_LOOP('',(#4907,#4908,#4935));
#4907 = ORIENTED_EDGE('',*,*,#4664,.F.);
#4908 = ORIENTED_EDGE('',*,*,#4909,.T.);
#4909 = EDGE_CURVE('',#4665,#4578,#4910,.T.);
#4910 = SURFACE_CURVE('',#4911,(#4916,#4923),.PCURVE_S1.);
#4911 = CIRCLE('',#4912,45.);
#4912 = AXIS2_PLACEMENT_3D('',#4913,#4914,#4915);
#4913 = CARTESIAN_POINT('',(346.91861100789,-150.,664.12975693143));
#4914 = DIRECTION('',(-0.829037572555,6.123233995737E-17,0.559192903471)
  );
#4915 = DIRECTION('',(-5.076391048012E-17,-1.,3.424068996707E-17));
#4916 = PCURVE('',#4594,#4917);
#4917 = DEFINITIONAL_REPRESENTATION('',(#4918),#4922);
#4918 = LINE('',#4919,#4920);
#4919 = CARTESIAN_POINT('',(1.570796326795,-6.28318530718));
#4920 = VECTOR('',#4921,1.);
#4921 = DIRECTION('',(0.,1.));
#4922 = ( GEOMETRIC_REPRESENTATION_CONTEXT(2) 
PARAMETRIC_REPRESENTATION_CONTEXT() REPRESENTATION_CONTEXT('2D SPACE',''
  ) );
#4923 = PCURVE('',#4924,#4929);
#4924 = CYLINDRICAL_SURFACE('',#4925,45.);
#4925 = AXIS2_PLACEMENT_3D('',#4926,#4927,#4928);
#4926 = CARTESIAN_POINT('',(309.61192024291,-150.,689.29343758761));
#4927 = DIRECTION('',(0.829037572555,0.,-0.559192903471));
#4928 = DIRECTION('',(0.,-1.,0.));
#4929 = DEFINITIONAL_REPRESENTATION('',(#4930),#4934);
#4930 = LINE('',#4931,#4932);
#4931 = CARTESIAN_POINT('',(6.28318530718,45.));
#4932 = VECTOR('',#4933,1.);
#4933 = DIRECTION('',(-1.,-0.));
#4934 = ( GEOMETRIC_REPRESENTATION_CONTEXT(2) 
PARAMETRIC_REPRESENTATION_CONTEXT() REPRESENTATION_CONTEXT('2D SPACE',''
  ) );
#4935 = ORIENTED_EDGE('',*,*,#4577,.F.);
#4936 = ADVANCED_FACE('',(#4937),#4649,.T.);
#4937 = FACE_BOUND('',#4938,.F.);
#4938 = EDGE_LOOP('',(#4939,#4940,#4967));
#4939 = ORIENTED_EDGE('',*,*,#4747,.F.);
#4940 = ORIENTED_EDGE('',*,*,#4941,.T.);
#4941 = EDGE_CURVE('',#4748,#4607,#4942,.T.);
#4942 = SURFACE_CURVE('',#4943,(#4948,#4955),.PCURVE_S1.);
#4943 = CIRCLE('',#4944,45.);
#4944 = AXIS2_PLACEMENT_3D('',#4945,#4946,#4947);
#4945 = CARTESIAN_POINT('',(355.30650455995,-150.,676.56532051976));
#4946 = DIRECTION('',(0.829037572555,-6.123233995737E-17,-0.559192903471
    ));
#4947 = DIRECTION('',(-5.076391048012E-17,-1.,3.424068996707E-17));
#4948 = PCURVE('',#4649,#4949);
#4949 = DEFINITIONAL_REPRESENTATION('',(#4950),#4954);
#4950 = LINE('',#4951,#4952);
#4951 = CARTESIAN_POINT('',(-1.570796326795,-6.28318530718));
#4952 = VECTOR('',#4953,1.);
#4953 = DIRECTION('',(-0.,1.));
#4954 = ( GEOMETRIC_REPRESENTATION_CONTEXT(2) 
PARAMETRIC_REPRESENTATION_CONTEXT() REPRESENTATION_CONTEXT('2D SPACE',''
  ) );
#4955 = PCURVE('',#4956,#4961);
#4956 = CYLINDRICAL_SURFACE('',#4957,45.);
#4957 = AXIS2_PLACEMENT_3D('',#4958,#4959,#4960);
#4958 = CARTESIAN_POINT('',(317.99981379497,-150.,701.72900117594));
#4959 = DIRECTION('',(0.829037572555,0.,-0.559192903471));
#4960 = DIRECTION('',(0.,-1.,0.));
#4961 = DEFINITIONAL_REPRESENTATION('',(#4962),#4966);
#4962 = LINE('',#4963,#4964);
#4963 = CARTESIAN_POINT('',(-6.28318530718,45.));
#4964 = VECTOR('',#4965,1.);
#4965 = DIRECTION('',(1.,-0.));
#4966 = ( GEOMETRIC_REPRESENTATION_CONTEXT(2) 
PARAMETRIC_REPRESENTATION_CONTEXT() REPRESENTATION_CONTEXT('2D SPACE',''
  ) );
#4967 = ORIENTED_EDGE('',*,*,#4634,.F.);
#4968 = ADVANCED_FACE('',(#4969),#4622,.F.);
#4969 = FACE_BOUND('',#4970,.F.);
#4970 = EDGE_LOOP('',(#4971,#4972,#4995,#5023));
#4971 = ORIENTED_EDGE('',*,*,#4606,.T.);
#4972 = ORIENTED_EDGE('',*,*,#4973,.T.);
#4973 = EDGE_CURVE('',#4607,#4974,#4976,.T.);
#4974 = VERTEX_POINT('',#4975);
#4975 = CARTESIAN_POINT('',(463.0813889921,-195.,603.87024306856));
#4976 = SURFACE_CURVE('',#4977,(#4981,#4988),.PCURVE_S1.);
#4977 = LINE('',#4978,#4979);
#4978 = CARTESIAN_POINT('',(317.99981379497,-195.,701.72900117594));
#4979 = VECTOR('',#4980,1.);
#4980 = DIRECTION('',(0.829037572555,0.,-0.559192903471));
#4981 = PCURVE('',#4622,#4982);
#4982 = DEFINITIONAL_REPRESENTATION('',(#4983),#4987);
#4983 = LINE('',#4984,#4985);
#4984 = CARTESIAN_POINT('',(60.,-3.552713678801E-14));
#4985 = VECTOR('',#4986,1.);
#4986 = DIRECTION('',(0.,1.));
#4987 = ( GEOMETRIC_REPRESENTATION_CONTEXT(2) 
PARAMETRIC_REPRESENTATION_CONTEXT() REPRESENTATION_CONTEXT('2D SPACE',''
  ) );
#4988 = PCURVE('',#4956,#4989);
#4989 = DEFINITIONAL_REPRESENTATION('',(#4990),#4994);
#4990 = LINE('',#4991,#4992);
#4991 = CARTESIAN_POINT('',(-0.,0.));
#4992 = VECTOR('',#4993,1.);
#4993 = DIRECTION('',(-0.,1.));
#4994 = ( GEOMETRIC_REPRESENTATION_CONTEXT(2) 
PARAMETRIC_REPRESENTATION_CONTEXT() REPRESENTATION_CONTEXT('2D SPACE',''
  ) );
#4995 = ORIENTED_EDGE('',*,*,#4996,.F.);
#4996 = EDGE_CURVE('',#4997,#4974,#4999,.T.);
#4997 = VERTEX_POINT('',#4998);
#4998 = CARTESIAN_POINT('',(454.69349544004,-195.,591.43467948023));
#4999 = SURFACE_CURVE('',#5000,(#5004,#5011),.PCURVE_S1.);
#5000 = LINE('',#5001,#5002);
#5001 = CARTESIAN_POINT('',(429.52981478386,-195.,554.12798871526));
#5002 = VECTOR('',#5003,1.);
#5003 = DIRECTION('',(0.559192903471,0.,0.829037572555));
#5004 = PCURVE('',#4622,#5005);
#5005 = DEFINITIONAL_REPRESENTATION('',(#5006),#5010);
#5006 = LINE('',#5007,#5008);
#5007 = CARTESIAN_POINT('',(0.,175.));
#5008 = VECTOR('',#5009,1.);
#5009 = DIRECTION('',(1.,0.));
#5010 = ( GEOMETRIC_REPRESENTATION_CONTEXT(2) 
PARAMETRIC_REPRESENTATION_CONTEXT() REPRESENTATION_CONTEXT('2D SPACE',''
  ) );
#5011 = PCURVE('',#5012,#5017);
#5012 = CYLINDRICAL_SURFACE('',#5013,45.);
#5013 = AXIS2_PLACEMENT_3D('',#5014,#5015,#5016);
#5014 = CARTESIAN_POINT('',(429.52981478386,-150.,554.12798871526));
#5015 = DIRECTION('',(0.559192903471,0.,0.829037572555));
#5016 = DIRECTION('',(0.829037572555,0.,-0.559192903471));
#5017 = DEFINITIONAL_REPRESENTATION('',(#5018),#5022);
#5018 = LINE('',#5019,#5020);
#5019 = CARTESIAN_POINT('',(-1.570796326795,0.));
#5020 = VECTOR('',#5021,1.);
#5021 = DIRECTION('',(-0.,1.));
#5022 = ( GEOMETRIC_REPRESENTATION_CONTEXT(2) 
PARAMETRIC_REPRESENTATION_CONTEXT() REPRESENTATION_CONTEXT('2D SPACE',''
  ) );
#5023 = ORIENTED_EDGE('',*,*,#5024,.F.);
#5024 = EDGE_CURVE('',#4578,#4997,#5025,.T.);
#5025 = SURFACE_CURVE('',#5026,(#5030,#5037),.PCURVE_S1.);
#5026 = LINE('',#5027,#5028);
#5027 = CARTESIAN_POINT('',(309.61192024291,-195.,689.29343758761));
#5028 = VECTOR('',#5029,1.);
#5029 = DIRECTION('',(0.829037572555,0.,-0.559192903471));
#5030 = PCURVE('',#4622,#5031);
#5031 = DEFINITIONAL_REPRESENTATION('',(#5032),#5036);
#5032 = LINE('',#5033,#5034);
#5033 = CARTESIAN_POINT('',(45.,-2.48689957516E-14));
#5034 = VECTOR('',#5035,1.);
#5035 = DIRECTION('',(0.,1.));
#5036 = ( GEOMETRIC_REPRESENTATION_CONTEXT(2) 
PARAMETRIC_REPRESENTATION_CONTEXT() REPRESENTATION_CONTEXT('2D SPACE',''
  ) );
#5037 = PCURVE('',#4924,#5038);
#5038 = DEFINITIONAL_REPRESENTATION('',(#5039),#5043);
#5039 = LINE('',#5040,#5041);
#5040 = CARTESIAN_POINT('',(0.,0.));
#5041 = VECTOR('',#5042,1.);
#5042 = DIRECTION('',(0.,1.));
#5043 = ( GEOMETRIC_REPRESENTATION_CONTEXT(2) 
PARAMETRIC_REPRESENTATION_CONTEXT() REPRESENTATION_CONTEXT('2D SPACE',''
  ) );
#5044 = ADVANCED_FACE('',(#5045),#4704,.F.);
#5045 = FACE_BOUND('',#5046,.F.);
#5046 = EDGE_LOOP('',(#5047,#5048,#5071,#5099));
#5047 = ORIENTED_EDGE('',*,*,#4688,.F.);
#5048 = ORIENTED_EDGE('',*,*,#5049,.T.);
#5049 = EDGE_CURVE('',#4665,#5050,#5052,.T.);
#5050 = VERTEX_POINT('',#5051);
#5051 = CARTESIAN_POINT('',(429.52981478386,-150.,554.12798871526));
#5052 = SURFACE_CURVE('',#5053,(#5057,#5064),.PCURVE_S1.);
#5053 = LINE('',#5054,#5055);
#5054 = CARTESIAN_POINT('',(284.44823958673,-150.,651.98674682264));
#5055 = VECTOR('',#5056,1.);
#5056 = DIRECTION('',(0.829037572555,0.,-0.559192903471));
#5057 = PCURVE('',#4704,#5058);
#5058 = DEFINITIONAL_REPRESENTATION('',(#5059),#5063);
#5059 = LINE('',#5060,#5061);
#5060 = CARTESIAN_POINT('',(0.,45.));
#5061 = VECTOR('',#5062,1.);
#5062 = DIRECTION('',(1.,0.));
#5063 = ( GEOMETRIC_REPRESENTATION_CONTEXT(2) 
PARAMETRIC_REPRESENTATION_CONTEXT() REPRESENTATION_CONTEXT('2D SPACE',''
  ) );
#5064 = PCURVE('',#4924,#5065);
#5065 = DEFINITIONAL_REPRESENTATION('',(#5066),#5070);
#5066 = LINE('',#5067,#5068);
#5067 = CARTESIAN_POINT('',(1.570796326795,0.));
#5068 = VECTOR('',#5069,1.);
#5069 = DIRECTION('',(0.,1.));
#5070 = ( GEOMETRIC_REPRESENTATION_CONTEXT(2) 
PARAMETRIC_REPRESENTATION_CONTEXT() REPRESENTATION_CONTEXT('2D SPACE',''
  ) );
#5071 = ORIENTED_EDGE('',*,*,#5072,.T.);
#5072 = EDGE_CURVE('',#5050,#5073,#5075,.T.);
#5073 = VERTEX_POINT('',#5074);
#5074 = CARTESIAN_POINT('',(429.52981478386,150.,554.12798871526));
#5075 = SURFACE_CURVE('',#5076,(#5080,#5087),.PCURVE_S1.);
#5076 = LINE('',#5077,#5078);
#5077 = CARTESIAN_POINT('',(429.52981478386,-195.,554.12798871526));
#5078 = VECTOR('',#5079,1.);
#5079 = DIRECTION('',(0.,1.,0.));
#5080 = PCURVE('',#4704,#5081);
#5081 = DEFINITIONAL_REPRESENTATION('',(#5082),#5086);
#5082 = LINE('',#5083,#5084);
#5083 = CARTESIAN_POINT('',(175.,0.));
#5084 = VECTOR('',#5085,1.);
#5085 = DIRECTION('',(0.,1.));
#5086 = ( GEOMETRIC_REPRESENTATION_CONTEXT(2) 
PARAMETRIC_REPRESENTATION_CONTEXT() REPRESENTATION_CONTEXT('2D SPACE',''
  ) );
#5087 = PCURVE('',#5088,#5093);
#5088 = CYLINDRICAL_SURFACE('',#5089,45.);
#5089 = AXIS2_PLACEMENT_3D('',#5090,#5091,#5092);
#5090 = CARTESIAN_POINT('',(454.69349544004,-195.,591.43467948023));
#5091 = DIRECTION('',(0.,1.,0.));
#5092 = DIRECTION('',(0.829037572555,0.,-0.559192903471));
#5093 = DEFINITIONAL_REPRESENTATION('',(#5094),#5098);
#5094 = LINE('',#5095,#5096);
#5095 = CARTESIAN_POINT('',(1.570796326795,0.));
#5096 = VECTOR('',#5097,1.);
#5097 = DIRECTION('',(0.,1.));
#5098 = ( GEOMETRIC_REPRESENTATION_CONTEXT(2) 
PARAMETRIC_REPRESENTATION_CONTEXT() REPRESENTATION_CONTEXT('2D SPACE',''
  ) );
#5099 = ORIENTED_EDGE('',*,*,#5100,.F.);
#5100 = EDGE_CURVE('',#4689,#5073,#5101,.T.);
#5101 = SURFACE_CURVE('',#5102,(#5106,#5113),.PCURVE_S1.);
#5102 = LINE('',#5103,#5104);
#5103 = CARTESIAN_POINT('',(284.44823958673,150.,651.98674682264));
#5104 = VECTOR('',#5105,1.);
#5105 = DIRECTION('',(0.829037572555,0.,-0.559192903471));
#5106 = PCURVE('',#4704,#5107);
#5107 = DEFINITIONAL_REPRESENTATION('',(#5108),#5112);
#5108 = LINE('',#5109,#5110);
#5109 = CARTESIAN_POINT('',(0.,345.));
#5110 = VECTOR('',#5111,1.);
#5111 = DIRECTION('',(1.,0.));
#5112 = ( GEOMETRIC_REPRESENTATION_CONTEXT(2) 
PARAMETRIC_REPRESENTATION_CONTEXT() REPRESENTATION_CONTEXT('2D SPACE',''
  ) );
#5113 = PCURVE('',#5114,#5119);
#5114 = CYLINDRICAL_SURFACE('',#5115,45.);
#5115 = AXIS2_PLACEMENT_3D('',#5116,#5117,#5118);
#5116 = CARTESIAN_POINT('',(309.61192024291,150.,689.29343758761));
#5117 = DIRECTION('',(0.829037572555,0.,-0.559192903471));
#5118 = DIRECTION('',(0.,1.,0.));
#5119 = DEFINITIONAL_REPRESENTATION('',(#5120),#5124);
#5120 = LINE('',#5121,#5122);
#5121 = CARTESIAN_POINT('',(-1.570796326795,0.));
#5122 = VECTOR('',#5123,1.);
#5123 = DIRECTION('',(-0.,1.));
#5124 = ( GEOMETRIC_REPRESENTATION_CONTEXT(2) 
PARAMETRIC_REPRESENTATION_CONTEXT() REPRESENTATION_CONTEXT('2D SPACE',''
  ) );
#5125 = ADVANCED_FACE('',(#5126),#4731,.T.);
#5126 = FACE_BOUND('',#5127,.F.);
#5127 = EDGE_LOOP('',(#5128,#5129,#5151));
#5128 = ORIENTED_EDGE('',*,*,#4716,.F.);
#5129 = ORIENTED_EDGE('',*,*,#5130,.T.);
#5130 = EDGE_CURVE('',#4689,#4832,#5131,.T.);
#5131 = SURFACE_CURVE('',#5132,(#5137,#5144),.PCURVE_S1.);
#5132 = CIRCLE('',#5133,45.);
#5133 = AXIS2_PLACEMENT_3D('',#5134,#5135,#5136);
#5134 = CARTESIAN_POINT('',(346.91861100789,150.,664.12975693143));
#5135 = DIRECTION('',(0.829037572555,6.123233995737E-17,-0.559192903471)
  );
#5136 = DIRECTION('',(-5.076391048012E-17,1.,3.424068996707E-17));
#5137 = PCURVE('',#4731,#5138);
#5138 = DEFINITIONAL_REPRESENTATION('',(#5139),#5143);
#5139 = LINE('',#5140,#5141);
#5140 = CARTESIAN_POINT('',(-1.570796326795,-6.28318530718));
#5141 = VECTOR('',#5142,1.);
#5142 = DIRECTION('',(-0.,1.));
#5143 = ( GEOMETRIC_REPRESENTATION_CONTEXT(2) 
PARAMETRIC_REPRESENTATION_CONTEXT() REPRESENTATION_CONTEXT('2D SPACE',''
  ) );
#5144 = PCURVE('',#5114,#5145);
#5145 = DEFINITIONAL_REPRESENTATION('',(#5146),#5150);
#5146 = LINE('',#5147,#5148);
#5147 = CARTESIAN_POINT('',(-6.28318530718,45.));
#5148 = VECTOR('',#5149,1.);
#5149 = DIRECTION('',(1.,-0.));
#5150 = ( GEOMETRIC_REPRESENTATION_CONTEXT(2) 
PARAMETRIC_REPRESENTATION_CONTEXT() REPRESENTATION_CONTEXT('2D SPACE',''
  ) );
#5151 = ORIENTED_EDGE('',*,*,#4831,.F.);
#5152 = ADVANCED_FACE('',(#5153),#4787,.T.);
#5153 = FACE_BOUND('',#5154,.T.);
#5154 = EDGE_LOOP('',(#5155,#5156,#5179,#5207));
#5155 = ORIENTED_EDGE('',*,*,#4771,.F.);
#5156 = ORIENTED_EDGE('',*,*,#5157,.T.);
#5157 = EDGE_CURVE('',#4748,#5158,#5160,.T.);
#5158 = VERTEX_POINT('',#5159);
#5159 = CARTESIAN_POINT('',(488.24506964829,-150.,641.17693383354));
#5160 = SURFACE_CURVE('',#5161,(#5165,#5172),.PCURVE_S1.);
#5161 = LINE('',#5162,#5163);
#5162 = CARTESIAN_POINT('',(343.16349445116,-150.,739.03569194092));
#5163 = VECTOR('',#5164,1.);
#5164 = DIRECTION('',(0.829037572555,0.,-0.559192903471));
#5165 = PCURVE('',#4787,#5166);
#5166 = DEFINITIONAL_REPRESENTATION('',(#5167),#5171);
#5167 = LINE('',#5168,#5169);
#5168 = CARTESIAN_POINT('',(0.,45.));
#5169 = VECTOR('',#5170,1.);
#5170 = DIRECTION('',(1.,0.));
#5171 = ( GEOMETRIC_REPRESENTATION_CONTEXT(2) 
PARAMETRIC_REPRESENTATION_CONTEXT() REPRESENTATION_CONTEXT('2D SPACE',''
  ) );
#5172 = PCURVE('',#4956,#5173);
#5173 = DEFINITIONAL_REPRESENTATION('',(#5174),#5178);
#5174 = LINE('',#5175,#5176);
#5175 = CARTESIAN_POINT('',(-1.570796326795,0.));
#5176 = VECTOR('',#5177,1.);
#5177 = DIRECTION('',(-0.,1.));
#5178 = ( GEOMETRIC_REPRESENTATION_CONTEXT(2) 
PARAMETRIC_REPRESENTATION_CONTEXT() REPRESENTATION_CONTEXT('2D SPACE',''
  ) );
#5179 = ORIENTED_EDGE('',*,*,#5180,.T.);
#5180 = EDGE_CURVE('',#5158,#5181,#5183,.T.);
#5181 = VERTEX_POINT('',#5182);
#5182 = CARTESIAN_POINT('',(488.24506964829,150.,641.17693383354));
#5183 = SURFACE_CURVE('',#5184,(#5188,#5195),.PCURVE_S1.);
#5184 = LINE('',#5185,#5186);
#5185 = CARTESIAN_POINT('',(488.24506964829,-195.,641.17693383354));
#5186 = VECTOR('',#5187,1.);
#5187 = DIRECTION('',(0.,1.,0.));
#5188 = PCURVE('',#4787,#5189);
#5189 = DEFINITIONAL_REPRESENTATION('',(#5190),#5194);
#5190 = LINE('',#5191,#5192);
#5191 = CARTESIAN_POINT('',(175.,0.));
#5192 = VECTOR('',#5193,1.);
#5193 = DIRECTION('',(0.,1.));
#5194 = ( GEOMETRIC_REPRESENTATION_CONTEXT(2) 
PARAMETRIC_REPRESENTATION_CONTEXT() REPRESENTATION_CONTEXT('2D SPACE',''
  ) );
#5195 = PCURVE('',#5196,#5201);
#5196 = CYLINDRICAL_SURFACE('',#5197,45.);
#5197 = AXIS2_PLACEMENT_3D('',#5198,#5199,#5200);
#5198 = CARTESIAN_POINT('',(463.0813889921,-195.,603.87024306856));
#5199 = DIRECTION('',(0.,1.,0.));
#5200 = DIRECTION('',(0.829037572555,0.,-0.559192903471));
#5201 = DEFINITIONAL_REPRESENTATION('',(#5202),#5206);
#5202 = LINE('',#5203,#5204);
#5203 = CARTESIAN_POINT('',(-1.570796326795,0.));
#5204 = VECTOR('',#5205,1.);
#5205 = DIRECTION('',(-0.,1.));
#5206 = ( GEOMETRIC_REPRESENTATION_CONTEXT(2) 
PARAMETRIC_REPRESENTATION_CONTEXT() REPRESENTATION_CONTEXT('2D SPACE',''
  ) );
#5207 = ORIENTED_EDGE('',*,*,#5208,.F.);
#5208 = EDGE_CURVE('',#4772,#5181,#5209,.T.);
#5209 = SURFACE_CURVE('',#5210,(#5214,#5221),.PCURVE_S1.);
#5210 = LINE('',#5211,#5212);
#5211 = CARTESIAN_POINT('',(343.16349445116,150.,739.03569194092));
#5212 = VECTOR('',#5213,1.);
#5213 = DIRECTION('',(0.829037572555,0.,-0.559192903471));
#5214 = PCURVE('',#4787,#5215);
#5215 = DEFINITIONAL_REPRESENTATION('',(#5216),#5220);
#5216 = LINE('',#5217,#5218);
#5217 = CARTESIAN_POINT('',(0.,345.));
#5218 = VECTOR('',#5219,1.);
#5219 = DIRECTION('',(1.,0.));
#5220 = ( GEOMETRIC_REPRESENTATION_CONTEXT(2) 
PARAMETRIC_REPRESENTATION_CONTEXT() REPRESENTATION_CONTEXT('2D SPACE',''
  ) );
#5221 = PCURVE('',#5222,#5227);
#5222 = CYLINDRICAL_SURFACE('',#5223,45.);
#5223 = AXIS2_PLACEMENT_3D('',#5224,#5225,#5226);
#5224 = CARTESIAN_POINT('',(317.99981379497,150.,701.72900117594));
#5225 = DIRECTION('',(0.829037572555,0.,-0.559192903471));
#5226 = DIRECTION('',(0.,1.,0.));
#5227 = DEFINITIONAL_REPRESENTATION('',(#5228),#5232);
#5228 = LINE('',#5229,#5230);
#5229 = CARTESIAN_POINT('',(1.570796326795,0.));
#5230 = VECTOR('',#5231,1.);
#5231 = DIRECTION('',(0.,1.));
#5232 = ( GEOMETRIC_REPRESENTATION_CONTEXT(2) 
PARAMETRIC_REPRESENTATION_CONTEXT() REPRESENTATION_CONTEXT('2D SPACE',''
  ) );
#5233 = ADVANCED_FACE('',(#5234),#4814,.T.);
#5234 = FACE_BOUND('',#5235,.F.);
#5235 = EDGE_LOOP('',(#5236,#5237,#5259));
#5236 = ORIENTED_EDGE('',*,*,#4883,.F.);
#5237 = ORIENTED_EDGE('',*,*,#5238,.T.);
#5238 = EDGE_CURVE('',#4856,#4772,#5239,.T.);
#5239 = SURFACE_CURVE('',#5240,(#5245,#5252),.PCURVE_S1.);
#5240 = CIRCLE('',#5241,45.);
#5241 = AXIS2_PLACEMENT_3D('',#5242,#5243,#5244);
#5242 = CARTESIAN_POINT('',(355.30650455995,150.,676.56532051976));
#5243 = DIRECTION('',(0.829037572555,0.,-0.559192903471));
#5244 = DIRECTION('',(0.559192903471,0.,0.829037572555));
#5245 = PCURVE('',#4814,#5246);
#5246 = DEFINITIONAL_REPRESENTATION('',(#5247),#5251);
#5247 = LINE('',#5248,#5249);
#5248 = CARTESIAN_POINT('',(-1.570796326795,-6.28318530718));
#5249 = VECTOR('',#5250,1.);
#5250 = DIRECTION('',(-0.,1.));
#5251 = ( GEOMETRIC_REPRESENTATION_CONTEXT(2) 
PARAMETRIC_REPRESENTATION_CONTEXT() REPRESENTATION_CONTEXT('2D SPACE',''
  ) );
#5252 = PCURVE('',#5222,#5253);
#5253 = DEFINITIONAL_REPRESENTATION('',(#5254),#5258);
#5254 = LINE('',#5255,#5256);
#5255 = CARTESIAN_POINT('',(-4.712388980385,45.));
#5256 = VECTOR('',#5257,1.);
#5257 = DIRECTION('',(1.,0.));
#5258 = ( GEOMETRIC_REPRESENTATION_CONTEXT(2) 
PARAMETRIC_REPRESENTATION_CONTEXT() REPRESENTATION_CONTEXT('2D SPACE',''
  ) );
#5259 = ORIENTED_EDGE('',*,*,#4799,.F.);
#5260 = ADVANCED_FACE('',(#5261),#4871,.T.);
#5261 = FACE_BOUND('',#5262,.T.);
#5262 = EDGE_LOOP('',(#5263,#5264,#5287,#5315));
#5263 = ORIENTED_EDGE('',*,*,#4855,.T.);
#5264 = ORIENTED_EDGE('',*,*,#5265,.T.);
#5265 = EDGE_CURVE('',#4856,#5266,#5268,.T.);
#5266 = VERTEX_POINT('',#5267);
#5267 = CARTESIAN_POINT('',(463.0813889921,195.,603.87024306856));
#5268 = SURFACE_CURVE('',#5269,(#5273,#5280),.PCURVE_S1.);
#5269 = LINE('',#5270,#5271);
#5270 = CARTESIAN_POINT('',(317.99981379497,195.,701.72900117594));
#5271 = VECTOR('',#5272,1.);
#5272 = DIRECTION('',(0.829037572555,0.,-0.559192903471));
#5273 = PCURVE('',#4871,#5274);
#5274 = DEFINITIONAL_REPRESENTATION('',(#5275),#5279);
#5275 = LINE('',#5276,#5277);
#5276 = CARTESIAN_POINT('',(60.,-3.552713678801E-14));
#5277 = VECTOR('',#5278,1.);
#5278 = DIRECTION('',(0.,1.));
#5279 = ( GEOMETRIC_REPRESENTATION_CONTEXT(2) 
PARAMETRIC_REPRESENTATION_CONTEXT() REPRESENTATION_CONTEXT('2D SPACE',''
  ) );
#5280 = PCURVE('',#5222,#5281);
#5281 = DEFINITIONAL_REPRESENTATION('',(#5282),#5286);
#5282 = LINE('',#5283,#5284);
#5283 = CARTESIAN_POINT('',(0.,0.));
#5284 = VECTOR('',#5285,1.);
#5285 = DIRECTION('',(0.,1.));
#5286 = ( GEOMETRIC_REPRESENTATION_CONTEXT(2) 
PARAMETRIC_REPRESENTATION_CONTEXT() REPRESENTATION_CONTEXT('2D SPACE',''
  ) );
#5287 = ORIENTED_EDGE('',*,*,#5288,.F.);
#5288 = EDGE_CURVE('',#5289,#5266,#5291,.T.);
#5289 = VERTEX_POINT('',#5290);
#5290 = CARTESIAN_POINT('',(454.69349544004,195.,591.43467948023));
#5291 = SURFACE_CURVE('',#5292,(#5296,#5303),.PCURVE_S1.);
#5292 = LINE('',#5293,#5294);
#5293 = CARTESIAN_POINT('',(429.52981478386,195.,554.12798871526));
#5294 = VECTOR('',#5295,1.);
#5295 = DIRECTION('',(0.559192903471,0.,0.829037572555));
#5296 = PCURVE('',#4871,#5297);
#5297 = DEFINITIONAL_REPRESENTATION('',(#5298),#5302);
#5298 = LINE('',#5299,#5300);
#5299 = CARTESIAN_POINT('',(0.,175.));
#5300 = VECTOR('',#5301,1.);
#5301 = DIRECTION('',(1.,0.));
#5302 = ( GEOMETRIC_REPRESENTATION_CONTEXT(2) 
PARAMETRIC_REPRESENTATION_CONTEXT() REPRESENTATION_CONTEXT('2D SPACE',''
  ) );
#5303 = PCURVE('',#5304,#5309);
#5304 = CYLINDRICAL_SURFACE('',#5305,45.);
#5305 = AXIS2_PLACEMENT_3D('',#5306,#5307,#5308);
#5306 = CARTESIAN_POINT('',(429.52981478386,150.,554.12798871526));
#5307 = DIRECTION('',(0.559192903471,0.,0.829037572555));
#5308 = DIRECTION('',(0.829037572555,0.,-0.559192903471));
#5309 = DEFINITIONAL_REPRESENTATION('',(#5310),#5314);
#5310 = LINE('',#5311,#5312);
#5311 = CARTESIAN_POINT('',(1.570796326795,0.));
#5312 = VECTOR('',#5313,1.);
#5313 = DIRECTION('',(0.,1.));
#5314 = ( GEOMETRIC_REPRESENTATION_CONTEXT(2) 
PARAMETRIC_REPRESENTATION_CONTEXT() REPRESENTATION_CONTEXT('2D SPACE',''
  ) );
#5315 = ORIENTED_EDGE('',*,*,#5316,.F.);
#5316 = EDGE_CURVE('',#4832,#5289,#5317,.T.);
#5317 = SURFACE_CURVE('',#5318,(#5322,#5329),.PCURVE_S1.);
#5318 = LINE('',#5319,#5320);
#5319 = CARTESIAN_POINT('',(309.61192024291,195.,689.29343758761));
#5320 = VECTOR('',#5321,1.);
#5321 = DIRECTION('',(0.829037572555,0.,-0.559192903471));
#5322 = PCURVE('',#4871,#5323);
#5323 = DEFINITIONAL_REPRESENTATION('',(#5324),#5328);
#5324 = LINE('',#5325,#5326);
#5325 = CARTESIAN_POINT('',(45.,-2.48689957516E-14));
#5326 = VECTOR('',#5327,1.);
#5327 = DIRECTION('',(0.,1.));
#5328 = ( GEOMETRIC_REPRESENTATION_CONTEXT(2) 
PARAMETRIC_REPRESENTATION_CONTEXT() REPRESENTATION_CONTEXT('2D SPACE',''
  ) );
#5329 = PCURVE('',#5114,#5330);
#5330 = DEFINITIONAL_REPRESENTATION('',(#5331),#5335);
#5331 = LINE('',#5332,#5333);
#5332 = CARTESIAN_POINT('',(-0.,0.));
#5333 = VECTOR('',#5334,1.);
#5334 = DIRECTION('',(-0.,1.));
#5335 = ( GEOMETRIC_REPRESENTATION_CONTEXT(2) 
PARAMETRIC_REPRESENTATION_CONTEXT() REPRESENTATION_CONTEXT('2D SPACE',''
  ) );
#5336 = ADVANCED_FACE('',(#5337),#4924,.T.);
#5337 = FACE_BOUND('',#5338,.T.);
#5338 = EDGE_LOOP('',(#5339,#5340,#5341,#5368));
#5339 = ORIENTED_EDGE('',*,*,#4909,.F.);
#5340 = ORIENTED_EDGE('',*,*,#5049,.T.);
#5341 = ORIENTED_EDGE('',*,*,#5342,.T.);
#5342 = EDGE_CURVE('',#5050,#4997,#5343,.T.);
#5343 = SURFACE_CURVE('',#5344,(#5349,#5356),.PCURVE_S1.);
#5344 = CIRCLE('',#5345,45.);
#5345 = AXIS2_PLACEMENT_3D('',#5346,#5347,#5348);
#5346 = CARTESIAN_POINT('',(454.69349544004,-150.,591.43467948023));
#5347 = DIRECTION('',(-0.829037572555,-6.123233995737E-17,0.559192903471
    ));
#5348 = DIRECTION('',(5.076391048012E-17,-1.,-3.424068996707E-17));
#5349 = PCURVE('',#4924,#5350);
#5350 = DEFINITIONAL_REPRESENTATION('',(#5351),#5355);
#5351 = LINE('',#5352,#5353);
#5352 = CARTESIAN_POINT('',(6.28318530718,175.));
#5353 = VECTOR('',#5354,1.);
#5354 = DIRECTION('',(-1.,-0.));
#5355 = ( GEOMETRIC_REPRESENTATION_CONTEXT(2) 
PARAMETRIC_REPRESENTATION_CONTEXT() REPRESENTATION_CONTEXT('2D SPACE',''
  ) );
#5356 = PCURVE('',#5357,#5362);
#5357 = SPHERICAL_SURFACE('',#5358,45.);
#5358 = AXIS2_PLACEMENT_3D('',#5359,#5360,#5361);
#5359 = CARTESIAN_POINT('',(454.69349544004,-150.,591.43467948023));
#5360 = DIRECTION('',(0.559192903471,0.,0.829037572555));
#5361 = DIRECTION('',(0.829037572555,0.,-0.559192903471));
#5362 = DEFINITIONAL_REPRESENTATION('',(#5363),#5367);
#5363 = LINE('',#5364,#5365);
#5364 = CARTESIAN_POINT('',(-1.570796326795,-6.28318530718));
#5365 = VECTOR('',#5366,1.);
#5366 = DIRECTION('',(-0.,1.));
#5367 = ( GEOMETRIC_REPRESENTATION_CONTEXT(2) 
PARAMETRIC_REPRESENTATION_CONTEXT() REPRESENTATION_CONTEXT('2D SPACE',''
  ) );
#5368 = ORIENTED_EDGE('',*,*,#5024,.F.);
#5369 = ADVANCED_FACE('',(#5370),#4956,.T.);
#5370 = FACE_BOUND('',#5371,.F.);
#5371 = EDGE_LOOP('',(#5372,#5373,#5374,#5401));
#5372 = ORIENTED_EDGE('',*,*,#4941,.F.);
#5373 = ORIENTED_EDGE('',*,*,#5157,.T.);
#5374 = ORIENTED_EDGE('',*,*,#5375,.T.);
#5375 = EDGE_CURVE('',#5158,#4974,#5376,.T.);
#5376 = SURFACE_CURVE('',#5377,(#5382,#5389),.PCURVE_S1.);
#5377 = CIRCLE('',#5378,45.);
#5378 = AXIS2_PLACEMENT_3D('',#5379,#5380,#5381);
#5379 = CARTESIAN_POINT('',(463.0813889921,-150.,603.87024306856));
#5380 = DIRECTION('',(0.829037572555,6.123233995737E-17,-0.559192903471)
  );
#5381 = DIRECTION('',(5.076391048012E-17,-1.,-3.424068996707E-17));
#5382 = PCURVE('',#4956,#5383);
#5383 = DEFINITIONAL_REPRESENTATION('',(#5384),#5388);
#5384 = LINE('',#5385,#5386);
#5385 = CARTESIAN_POINT('',(-6.28318530718,175.));
#5386 = VECTOR('',#5387,1.);
#5387 = DIRECTION('',(1.,-0.));
#5388 = ( GEOMETRIC_REPRESENTATION_CONTEXT(2) 
PARAMETRIC_REPRESENTATION_CONTEXT() REPRESENTATION_CONTEXT('2D SPACE',''
  ) );
#5389 = PCURVE('',#5390,#5395);
#5390 = SPHERICAL_SURFACE('',#5391,45.);
#5391 = AXIS2_PLACEMENT_3D('',#5392,#5393,#5394);
#5392 = CARTESIAN_POINT('',(463.0813889921,-150.,603.87024306856));
#5393 = DIRECTION('',(-0.559192903471,-0.,-0.829037572555));
#5394 = DIRECTION('',(0.829037572555,0.,-0.559192903471));
#5395 = DEFINITIONAL_REPRESENTATION('',(#5396),#5400);
#5396 = LINE('',#5397,#5398);
#5397 = CARTESIAN_POINT('',(1.570796326795,-6.28318530718));
#5398 = VECTOR('',#5399,1.);
#5399 = DIRECTION('',(0.,1.));
#5400 = ( GEOMETRIC_REPRESENTATION_CONTEXT(2) 
PARAMETRIC_REPRESENTATION_CONTEXT() REPRESENTATION_CONTEXT('2D SPACE',''
  ) );
#5401 = ORIENTED_EDGE('',*,*,#4973,.F.);
#5402 = ADVANCED_FACE('',(#5403),#5012,.T.);
#5403 = FACE_BOUND('',#5404,.F.);
#5404 = EDGE_LOOP('',(#5405,#5435,#5457,#5458));
#5405 = ORIENTED_EDGE('',*,*,#5406,.F.);
#5406 = EDGE_CURVE('',#5407,#5409,#5411,.T.);
#5407 = VERTEX_POINT('',#5408);
#5408 = CARTESIAN_POINT('',(492.00018620502,-150.,566.27099882405));
#5409 = VERTEX_POINT('',#5410);
#5410 = CARTESIAN_POINT('',(500.38807975708,-150.,578.70656241238));
#5411 = SURFACE_CURVE('',#5412,(#5416,#5423),.PCURVE_S1.);
#5412 = LINE('',#5413,#5414);
#5413 = CARTESIAN_POINT('',(466.83650554884,-150.,528.96430805907));
#5414 = VECTOR('',#5415,1.);
#5415 = DIRECTION('',(0.559192903471,0.,0.829037572555));
#5416 = PCURVE('',#5012,#5417);
#5417 = DEFINITIONAL_REPRESENTATION('',(#5418),#5422);
#5418 = LINE('',#5419,#5420);
#5419 = CARTESIAN_POINT('',(-0.,0.));
#5420 = VECTOR('',#5421,1.);
#5421 = DIRECTION('',(-0.,1.));
#5422 = ( GEOMETRIC_REPRESENTATION_CONTEXT(2) 
PARAMETRIC_REPRESENTATION_CONTEXT() REPRESENTATION_CONTEXT('2D SPACE',''
  ) );
#5423 = PCURVE('',#5424,#5429);
#5424 = PLANE('',#5425);
#5425 = AXIS2_PLACEMENT_3D('',#5426,#5427,#5428);
#5426 = CARTESIAN_POINT('',(466.83650554884,-195.,528.96430805907));
#5427 = DIRECTION('',(0.829037572555,0.,-0.559192903471));
#5428 = DIRECTION('',(0.559192903471,0.,0.829037572555));
#5429 = DEFINITIONAL_REPRESENTATION('',(#5430),#5434);
#5430 = LINE('',#5431,#5432);
#5431 = CARTESIAN_POINT('',(0.,-45.));
#5432 = VECTOR('',#5433,1.);
#5433 = DIRECTION('',(1.,0.));
#5434 = ( GEOMETRIC_REPRESENTATION_CONTEXT(2) 
PARAMETRIC_REPRESENTATION_CONTEXT() REPRESENTATION_CONTEXT('2D SPACE',''
  ) );
#5435 = ORIENTED_EDGE('',*,*,#5436,.T.);
#5436 = EDGE_CURVE('',#5407,#4997,#5437,.T.);
#5437 = SURFACE_CURVE('',#5438,(#5443,#5450),.PCURVE_S1.);
#5438 = CIRCLE('',#5439,45.);
#5439 = AXIS2_PLACEMENT_3D('',#5440,#5441,#5442);
#5440 = CARTESIAN_POINT('',(454.69349544004,-150.,591.43467948023));
#5441 = DIRECTION('',(-0.559192903471,-0.,-0.829037572555));
#5442 = DIRECTION('',(0.829037572555,0.,-0.559192903471));
#5443 = PCURVE('',#5012,#5444);
#5444 = DEFINITIONAL_REPRESENTATION('',(#5445),#5449);
#5445 = LINE('',#5446,#5447);
#5446 = CARTESIAN_POINT('',(-0.,45.));
#5447 = VECTOR('',#5448,1.);
#5448 = DIRECTION('',(-1.,0.));
#5449 = ( GEOMETRIC_REPRESENTATION_CONTEXT(2) 
PARAMETRIC_REPRESENTATION_CONTEXT() REPRESENTATION_CONTEXT('2D SPACE',''
  ) );
#5450 = PCURVE('',#5357,#5451);
#5451 = DEFINITIONAL_REPRESENTATION('',(#5452),#5456);
#5452 = LINE('',#5453,#5454);
#5453 = CARTESIAN_POINT('',(-0.,0.));
#5454 = VECTOR('',#5455,1.);
#5455 = DIRECTION('',(-1.,0.));
#5456 = ( GEOMETRIC_REPRESENTATION_CONTEXT(2) 
PARAMETRIC_REPRESENTATION_CONTEXT() REPRESENTATION_CONTEXT('2D SPACE',''
  ) );
#5457 = ORIENTED_EDGE('',*,*,#4996,.T.);
#5458 = ORIENTED_EDGE('',*,*,#5459,.F.);
#5459 = EDGE_CURVE('',#5409,#4974,#5460,.T.);
#5460 = SURFACE_CURVE('',#5461,(#5466,#5473),.PCURVE_S1.);
#5461 = CIRCLE('',#5462,45.);
#5462 = AXIS2_PLACEMENT_3D('',#5463,#5464,#5465);
#5463 = CARTESIAN_POINT('',(463.0813889921,-150.,603.87024306856));
#5464 = DIRECTION('',(-0.559192903471,-0.,-0.829037572555));
#5465 = DIRECTION('',(0.829037572555,0.,-0.559192903471));
#5466 = PCURVE('',#5012,#5467);
#5467 = DEFINITIONAL_REPRESENTATION('',(#5468),#5472);
#5468 = LINE('',#5469,#5470);
#5469 = CARTESIAN_POINT('',(-0.,60.));
#5470 = VECTOR('',#5471,1.);
#5471 = DIRECTION('',(-1.,0.));
#5472 = ( GEOMETRIC_REPRESENTATION_CONTEXT(2) 
PARAMETRIC_REPRESENTATION_CONTEXT() REPRESENTATION_CONTEXT('2D SPACE',''
  ) );
#5473 = PCURVE('',#5390,#5474);
#5474 = DEFINITIONAL_REPRESENTATION('',(#5475),#5479);
#5475 = LINE('',#5476,#5477);
#5476 = CARTESIAN_POINT('',(0.,0.));
#5477 = VECTOR('',#5478,1.);
#5478 = DIRECTION('',(1.,0.));
#5479 = ( GEOMETRIC_REPRESENTATION_CONTEXT(2) 
PARAMETRIC_REPRESENTATION_CONTEXT() REPRESENTATION_CONTEXT('2D SPACE',''
  ) );
#5480 = ADVANCED_FACE('',(#5481),#5114,.T.);
#5481 = FACE_BOUND('',#5482,.F.);
#5482 = EDGE_LOOP('',(#5483,#5484,#5485,#5512));
#5483 = ORIENTED_EDGE('',*,*,#5130,.F.);
#5484 = ORIENTED_EDGE('',*,*,#5100,.T.);
#5485 = ORIENTED_EDGE('',*,*,#5486,.T.);
#5486 = EDGE_CURVE('',#5073,#5289,#5487,.T.);
#5487 = SURFACE_CURVE('',#5488,(#5493,#5500),.PCURVE_S1.);
#5488 = CIRCLE('',#5489,45.);
#5489 = AXIS2_PLACEMENT_3D('',#5490,#5491,#5492);
#5490 = CARTESIAN_POINT('',(454.69349544004,150.,591.43467948023));
#5491 = DIRECTION('',(0.829037572555,-6.123233995737E-17,-0.559192903471
    ));
#5492 = DIRECTION('',(5.076391048012E-17,1.,-3.424068996707E-17));
#5493 = PCURVE('',#5114,#5494);
#5494 = DEFINITIONAL_REPRESENTATION('',(#5495),#5499);
#5495 = LINE('',#5496,#5497);
#5496 = CARTESIAN_POINT('',(-6.28318530718,175.));
#5497 = VECTOR('',#5498,1.);
#5498 = DIRECTION('',(1.,-0.));
#5499 = ( GEOMETRIC_REPRESENTATION_CONTEXT(2) 
PARAMETRIC_REPRESENTATION_CONTEXT() REPRESENTATION_CONTEXT('2D SPACE',''
  ) );
#5500 = PCURVE('',#5501,#5506);
#5501 = SPHERICAL_SURFACE('',#5502,45.);
#5502 = AXIS2_PLACEMENT_3D('',#5503,#5504,#5505);
#5503 = CARTESIAN_POINT('',(454.69349544004,150.,591.43467948023));
#5504 = DIRECTION('',(0.559192903471,0.,0.829037572555));
#5505 = DIRECTION('',(0.829037572555,0.,-0.559192903471));
#5506 = DEFINITIONAL_REPRESENTATION('',(#5507),#5511);
#5507 = LINE('',#5508,#5509);
#5508 = CARTESIAN_POINT('',(1.570796326795,-6.28318530718));
#5509 = VECTOR('',#5510,1.);
#5510 = DIRECTION('',(0.,1.));
#5511 = ( GEOMETRIC_REPRESENTATION_CONTEXT(2) 
PARAMETRIC_REPRESENTATION_CONTEXT() REPRESENTATION_CONTEXT('2D SPACE',''
  ) );
#5512 = ORIENTED_EDGE('',*,*,#5316,.F.);
#5513 = ADVANCED_FACE('',(#5514),#5088,.T.);
#5514 = FACE_BOUND('',#5515,.T.);
#5515 = EDGE_LOOP('',(#5516,#5538,#5539,#5563));
#5516 = ORIENTED_EDGE('',*,*,#5517,.F.);
#5517 = EDGE_CURVE('',#5050,#5407,#5518,.T.);
#5518 = SURFACE_CURVE('',#5519,(#5524,#5531),.PCURVE_S1.);
#5519 = CIRCLE('',#5520,45.);
#5520 = AXIS2_PLACEMENT_3D('',#5521,#5522,#5523);
#5521 = CARTESIAN_POINT('',(454.69349544004,-150.,591.43467948023));
#5522 = DIRECTION('',(0.,-1.,0.));
#5523 = DIRECTION('',(0.829037572555,0.,-0.559192903471));
#5524 = PCURVE('',#5088,#5525);
#5525 = DEFINITIONAL_REPRESENTATION('',(#5526),#5530);
#5526 = LINE('',#5527,#5528);
#5527 = CARTESIAN_POINT('',(6.28318530718,45.));
#5528 = VECTOR('',#5529,1.);
#5529 = DIRECTION('',(-1.,-0.));
#5530 = ( GEOMETRIC_REPRESENTATION_CONTEXT(2) 
PARAMETRIC_REPRESENTATION_CONTEXT() REPRESENTATION_CONTEXT('2D SPACE',''
  ) );
#5531 = PCURVE('',#5357,#5532);
#5532 = DEFINITIONAL_REPRESENTATION('',(#5533),#5537);
#5533 = LINE('',#5534,#5535);
#5534 = CARTESIAN_POINT('',(-0.,-6.28318530718));
#5535 = VECTOR('',#5536,1.);
#5536 = DIRECTION('',(-0.,1.));
#5537 = ( GEOMETRIC_REPRESENTATION_CONTEXT(2) 
PARAMETRIC_REPRESENTATION_CONTEXT() REPRESENTATION_CONTEXT('2D SPACE',''
  ) );
#5538 = ORIENTED_EDGE('',*,*,#5072,.T.);
#5539 = ORIENTED_EDGE('',*,*,#5540,.T.);
#5540 = EDGE_CURVE('',#5073,#5541,#5543,.T.);
#5541 = VERTEX_POINT('',#5542);
#5542 = CARTESIAN_POINT('',(492.00018620502,150.,566.27099882405));
#5543 = SURFACE_CURVE('',#5544,(#5549,#5556),.PCURVE_S1.);
#5544 = CIRCLE('',#5545,45.);
#5545 = AXIS2_PLACEMENT_3D('',#5546,#5547,#5548);
#5546 = CARTESIAN_POINT('',(454.69349544004,150.,591.43467948023));
#5547 = DIRECTION('',(0.,-1.,0.));
#5548 = DIRECTION('',(0.829037572555,0.,-0.559192903471));
#5549 = PCURVE('',#5088,#5550);
#5550 = DEFINITIONAL_REPRESENTATION('',(#5551),#5555);
#5551 = LINE('',#5552,#5553);
#5552 = CARTESIAN_POINT('',(6.28318530718,345.));
#5553 = VECTOR('',#5554,1.);
#5554 = DIRECTION('',(-1.,-0.));
#5555 = ( GEOMETRIC_REPRESENTATION_CONTEXT(2) 
PARAMETRIC_REPRESENTATION_CONTEXT() REPRESENTATION_CONTEXT('2D SPACE',''
  ) );
#5556 = PCURVE('',#5501,#5557);
#5557 = DEFINITIONAL_REPRESENTATION('',(#5558),#5562);
#5558 = LINE('',#5559,#5560);
#5559 = CARTESIAN_POINT('',(0.,-6.28318530718));
#5560 = VECTOR('',#5561,1.);
#5561 = DIRECTION('',(0.,1.));
#5562 = ( GEOMETRIC_REPRESENTATION_CONTEXT(2) 
PARAMETRIC_REPRESENTATION_CONTEXT() REPRESENTATION_CONTEXT('2D SPACE',''
  ) );
#5563 = ORIENTED_EDGE('',*,*,#5564,.F.);
#5564 = EDGE_CURVE('',#5407,#5541,#5565,.T.);
#5565 = SURFACE_CURVE('',#5566,(#5570,#5577),.PCURVE_S1.);
#5566 = LINE('',#5567,#5568);
#5567 = CARTESIAN_POINT('',(492.00018620502,-195.,566.27099882405));
#5568 = VECTOR('',#5569,1.);
#5569 = DIRECTION('',(0.,1.,0.));
#5570 = PCURVE('',#5088,#5571);
#5571 = DEFINITIONAL_REPRESENTATION('',(#5572),#5576);
#5572 = LINE('',#5573,#5574);
#5573 = CARTESIAN_POINT('',(0.,0.));
#5574 = VECTOR('',#5575,1.);
#5575 = DIRECTION('',(0.,1.));
#5576 = ( GEOMETRIC_REPRESENTATION_CONTEXT(2) 
PARAMETRIC_REPRESENTATION_CONTEXT() REPRESENTATION_CONTEXT('2D SPACE',''
  ) );
#5577 = PCURVE('',#5424,#5578);
#5578 = DEFINITIONAL_REPRESENTATION('',(#5579),#5583);
#5579 = LINE('',#5580,#5581);
#5580 = CARTESIAN_POINT('',(45.,0.));
#5581 = VECTOR('',#5582,1.);
#5582 = DIRECTION('',(0.,-1.));
#5583 = ( GEOMETRIC_REPRESENTATION_CONTEXT(2) 
PARAMETRIC_REPRESENTATION_CONTEXT() REPRESENTATION_CONTEXT('2D SPACE',''
  ) );
#5584 = ADVANCED_FACE('',(#5585),#5222,.T.);
#5585 = FACE_BOUND('',#5586,.T.);
#5586 = EDGE_LOOP('',(#5587,#5588,#5589,#5616));
#5587 = ORIENTED_EDGE('',*,*,#5238,.T.);
#5588 = ORIENTED_EDGE('',*,*,#5208,.T.);
#5589 = ORIENTED_EDGE('',*,*,#5590,.F.);
#5590 = EDGE_CURVE('',#5266,#5181,#5591,.T.);
#5591 = SURFACE_CURVE('',#5592,(#5597,#5604),.PCURVE_S1.);
#5592 = CIRCLE('',#5593,45.);
#5593 = AXIS2_PLACEMENT_3D('',#5594,#5595,#5596);
#5594 = CARTESIAN_POINT('',(463.0813889921,150.,603.87024306856));
#5595 = DIRECTION('',(0.829037572555,0.,-0.559192903471));
#5596 = DIRECTION('',(0.559192903471,0.,0.829037572555));
#5597 = PCURVE('',#5222,#5598);
#5598 = DEFINITIONAL_REPRESENTATION('',(#5599),#5603);
#5599 = LINE('',#5600,#5601);
#5600 = CARTESIAN_POINT('',(-4.712388980385,175.));
#5601 = VECTOR('',#5602,1.);
#5602 = DIRECTION('',(1.,0.));
#5603 = ( GEOMETRIC_REPRESENTATION_CONTEXT(2) 
PARAMETRIC_REPRESENTATION_CONTEXT() REPRESENTATION_CONTEXT('2D SPACE',''
  ) );
#5604 = PCURVE('',#5605,#5610);
#5605 = SPHERICAL_SURFACE('',#5606,45.);
#5606 = AXIS2_PLACEMENT_3D('',#5607,#5608,#5609);
#5607 = CARTESIAN_POINT('',(463.0813889921,150.,603.87024306856));
#5608 = DIRECTION('',(-0.,-1.,0.));
#5609 = DIRECTION('',(0.829037572555,0.,-0.559192903471));
#5610 = DEFINITIONAL_REPRESENTATION('',(#5611),#5615);
#5611 = LINE('',#5612,#5613);
#5612 = CARTESIAN_POINT('',(1.570796326795,-6.28318530718));
#5613 = VECTOR('',#5614,1.);
#5614 = DIRECTION('',(0.,1.));
#5615 = ( GEOMETRIC_REPRESENTATION_CONTEXT(2) 
PARAMETRIC_REPRESENTATION_CONTEXT() REPRESENTATION_CONTEXT('2D SPACE',''
  ) );
#5616 = ORIENTED_EDGE('',*,*,#5265,.F.);
#5617 = ADVANCED_FACE('',(#5618),#5196,.T.);
#5618 = FACE_BOUND('',#5619,.F.);
#5619 = EDGE_LOOP('',(#5620,#5642,#5643,#5667));
#5620 = ORIENTED_EDGE('',*,*,#5621,.F.);
#5621 = EDGE_CURVE('',#5158,#5409,#5622,.T.);
#5622 = SURFACE_CURVE('',#5623,(#5628,#5635),.PCURVE_S1.);
#5623 = CIRCLE('',#5624,45.);
#5624 = AXIS2_PLACEMENT_3D('',#5625,#5626,#5627);
#5625 = CARTESIAN_POINT('',(463.0813889921,-150.,603.87024306856));
#5626 = DIRECTION('',(0.,1.,0.));
#5627 = DIRECTION('',(0.829037572555,0.,-0.559192903471));
#5628 = PCURVE('',#5196,#5629);
#5629 = DEFINITIONAL_REPRESENTATION('',(#5630),#5634);
#5630 = LINE('',#5631,#5632);
#5631 = CARTESIAN_POINT('',(-6.28318530718,45.));
#5632 = VECTOR('',#5633,1.);
#5633 = DIRECTION('',(1.,-0.));
#5634 = ( GEOMETRIC_REPRESENTATION_CONTEXT(2) 
PARAMETRIC_REPRESENTATION_CONTEXT() REPRESENTATION_CONTEXT('2D SPACE',''
  ) );
#5635 = PCURVE('',#5390,#5636);
#5636 = DEFINITIONAL_REPRESENTATION('',(#5637),#5641);
#5637 = LINE('',#5638,#5639);
#5638 = CARTESIAN_POINT('',(0.,-6.28318530718));
#5639 = VECTOR('',#5640,1.);
#5640 = DIRECTION('',(0.,1.));
#5641 = ( GEOMETRIC_REPRESENTATION_CONTEXT(2) 
PARAMETRIC_REPRESENTATION_CONTEXT() REPRESENTATION_CONTEXT('2D SPACE',''
  ) );
#5642 = ORIENTED_EDGE('',*,*,#5180,.T.);
#5643 = ORIENTED_EDGE('',*,*,#5644,.F.);
#5644 = EDGE_CURVE('',#5645,#5181,#5647,.T.);
#5645 = VERTEX_POINT('',#5646);
#5646 = CARTESIAN_POINT('',(500.38807975708,150.,578.70656241238));
#5647 = SURFACE_CURVE('',#5648,(#5653,#5660),.PCURVE_S1.);
#5648 = CIRCLE('',#5649,45.);
#5649 = AXIS2_PLACEMENT_3D('',#5650,#5651,#5652);
#5650 = CARTESIAN_POINT('',(463.0813889921,150.,603.87024306856));
#5651 = DIRECTION('',(0.,-1.,0.));
#5652 = DIRECTION('',(0.829037572555,0.,-0.559192903471));
#5653 = PCURVE('',#5196,#5654);
#5654 = DEFINITIONAL_REPRESENTATION('',(#5655),#5659);
#5655 = LINE('',#5656,#5657);
#5656 = CARTESIAN_POINT('',(-0.,345.));
#5657 = VECTOR('',#5658,1.);
#5658 = DIRECTION('',(-1.,0.));
#5659 = ( GEOMETRIC_REPRESENTATION_CONTEXT(2) 
PARAMETRIC_REPRESENTATION_CONTEXT() REPRESENTATION_CONTEXT('2D SPACE',''
  ) );
#5660 = PCURVE('',#5605,#5661);
#5661 = DEFINITIONAL_REPRESENTATION('',(#5662),#5666);
#5662 = LINE('',#5663,#5664);
#5663 = CARTESIAN_POINT('',(0.,0.));
#5664 = VECTOR('',#5665,1.);
#5665 = DIRECTION('',(1.,0.));
#5666 = ( GEOMETRIC_REPRESENTATION_CONTEXT(2) 
PARAMETRIC_REPRESENTATION_CONTEXT() REPRESENTATION_CONTEXT('2D SPACE',''
  ) );
#5667 = ORIENTED_EDGE('',*,*,#5668,.F.);
#5668 = EDGE_CURVE('',#5409,#5645,#5669,.T.);
#5669 = SURFACE_CURVE('',#5670,(#5674,#5681),.PCURVE_S1.);
#5670 = LINE('',#5671,#5672);
#5671 = CARTESIAN_POINT('',(500.38807975708,-195.,578.70656241238));
#5672 = VECTOR('',#5673,1.);
#5673 = DIRECTION('',(0.,1.,0.));
#5674 = PCURVE('',#5196,#5675);
#5675 = DEFINITIONAL_REPRESENTATION('',(#5676),#5680);
#5676 = LINE('',#5677,#5678);
#5677 = CARTESIAN_POINT('',(-0.,0.));
#5678 = VECTOR('',#5679,1.);
#5679 = DIRECTION('',(-0.,1.));
#5680 = ( GEOMETRIC_REPRESENTATION_CONTEXT(2) 
PARAMETRIC_REPRESENTATION_CONTEXT() REPRESENTATION_CONTEXT('2D SPACE',''
  ) );
#5681 = PCURVE('',#5424,#5682);
#5682 = DEFINITIONAL_REPRESENTATION('',(#5683),#5687);
#5683 = LINE('',#5684,#5685);
#5684 = CARTESIAN_POINT('',(60.,0.));
#5685 = VECTOR('',#5686,1.);
#5686 = DIRECTION('',(0.,-1.));
#5687 = ( GEOMETRIC_REPRESENTATION_CONTEXT(2) 
PARAMETRIC_REPRESENTATION_CONTEXT() REPRESENTATION_CONTEXT('2D SPACE',''
  ) );
#5688 = ADVANCED_FACE('',(#5689),#5304,.T.);
#5689 = FACE_BOUND('',#5690,.T.);
#5690 = EDGE_LOOP('',(#5691,#5712,#5734,#5735));
#5691 = ORIENTED_EDGE('',*,*,#5692,.F.);
#5692 = EDGE_CURVE('',#5541,#5645,#5693,.T.);
#5693 = SURFACE_CURVE('',#5694,(#5698,#5705),.PCURVE_S1.);
#5694 = LINE('',#5695,#5696);
#5695 = CARTESIAN_POINT('',(466.83650554884,150.,528.96430805907));
#5696 = VECTOR('',#5697,1.);
#5697 = DIRECTION('',(0.559192903471,0.,0.829037572555));
#5698 = PCURVE('',#5304,#5699);
#5699 = DEFINITIONAL_REPRESENTATION('',(#5700),#5704);
#5700 = LINE('',#5701,#5702);
#5701 = CARTESIAN_POINT('',(0.,0.));
#5702 = VECTOR('',#5703,1.);
#5703 = DIRECTION('',(0.,1.));
#5704 = ( GEOMETRIC_REPRESENTATION_CONTEXT(2) 
PARAMETRIC_REPRESENTATION_CONTEXT() REPRESENTATION_CONTEXT('2D SPACE',''
  ) );
#5705 = PCURVE('',#5424,#5706);
#5706 = DEFINITIONAL_REPRESENTATION('',(#5707),#5711);
#5707 = LINE('',#5708,#5709);
#5708 = CARTESIAN_POINT('',(0.,-345.));
#5709 = VECTOR('',#5710,1.);
#5710 = DIRECTION('',(1.,0.));
#5711 = ( GEOMETRIC_REPRESENTATION_CONTEXT(2) 
PARAMETRIC_REPRESENTATION_CONTEXT() REPRESENTATION_CONTEXT('2D SPACE',''
  ) );
#5712 = ORIENTED_EDGE('',*,*,#5713,.T.);
#5713 = EDGE_CURVE('',#5541,#5289,#5714,.T.);
#5714 = SURFACE_CURVE('',#5715,(#5720,#5727),.PCURVE_S1.);
#5715 = CIRCLE('',#5716,45.);
#5716 = AXIS2_PLACEMENT_3D('',#5717,#5718,#5719);
#5717 = CARTESIAN_POINT('',(454.69349544004,150.,591.43467948023));
#5718 = DIRECTION('',(0.559192903471,-0.,0.829037572555));
#5719 = DIRECTION('',(0.829037572555,0.,-0.559192903471));
#5720 = PCURVE('',#5304,#5721);
#5721 = DEFINITIONAL_REPRESENTATION('',(#5722),#5726);
#5722 = LINE('',#5723,#5724);
#5723 = CARTESIAN_POINT('',(0.,45.));
#5724 = VECTOR('',#5725,1.);
#5725 = DIRECTION('',(1.,0.));
#5726 = ( GEOMETRIC_REPRESENTATION_CONTEXT(2) 
PARAMETRIC_REPRESENTATION_CONTEXT() REPRESENTATION_CONTEXT('2D SPACE',''
  ) );
#5727 = PCURVE('',#5501,#5728);
#5728 = DEFINITIONAL_REPRESENTATION('',(#5729),#5733);
#5729 = LINE('',#5730,#5731);
#5730 = CARTESIAN_POINT('',(0.,0.));
#5731 = VECTOR('',#5732,1.);
#5732 = DIRECTION('',(1.,0.));
#5733 = ( GEOMETRIC_REPRESENTATION_CONTEXT(2) 
PARAMETRIC_REPRESENTATION_CONTEXT() REPRESENTATION_CONTEXT('2D SPACE',''
  ) );
#5734 = ORIENTED_EDGE('',*,*,#5288,.T.);
#5735 = ORIENTED_EDGE('',*,*,#5736,.T.);
#5736 = EDGE_CURVE('',#5266,#5645,#5737,.T.);
#5737 = SURFACE_CURVE('',#5738,(#5743,#5750),.PCURVE_S1.);
#5738 = CIRCLE('',#5739,45.);
#5739 = AXIS2_PLACEMENT_3D('',#5740,#5741,#5742);
#5740 = CARTESIAN_POINT('',(463.0813889921,150.,603.87024306856));
#5741 = DIRECTION('',(-0.559192903471,-0.,-0.829037572555));
#5742 = DIRECTION('',(0.829037572555,0.,-0.559192903471));
#5743 = PCURVE('',#5304,#5744);
#5744 = DEFINITIONAL_REPRESENTATION('',(#5745),#5749);
#5745 = LINE('',#5746,#5747);
#5746 = CARTESIAN_POINT('',(6.28318530718,60.));
#5747 = VECTOR('',#5748,1.);
#5748 = DIRECTION('',(-1.,-0.));
#5749 = ( GEOMETRIC_REPRESENTATION_CONTEXT(2) 
PARAMETRIC_REPRESENTATION_CONTEXT() REPRESENTATION_CONTEXT('2D SPACE',''
  ) );
#5750 = PCURVE('',#5605,#5751);
#5751 = DEFINITIONAL_REPRESENTATION('',(#5752),#5756);
#5752 = LINE('',#5753,#5754);
#5753 = CARTESIAN_POINT('',(0.,-6.28318530718));
#5754 = VECTOR('',#5755,1.);
#5755 = DIRECTION('',(0.,1.));
#5756 = ( GEOMETRIC_REPRESENTATION_CONTEXT(2) 
PARAMETRIC_REPRESENTATION_CONTEXT() REPRESENTATION_CONTEXT('2D SPACE',''
  ) );
#5757 = ADVANCED_FACE('',(#5758),#5357,.T.);
#5758 = FACE_BOUND('',#5759,.F.);
#5759 = EDGE_LOOP('',(#5760,#5761,#5762));
#5760 = ORIENTED_EDGE('',*,*,#5517,.F.);
#5761 = ORIENTED_EDGE('',*,*,#5342,.T.);
#5762 = ORIENTED_EDGE('',*,*,#5436,.F.);
#5763 = ADVANCED_FACE('',(#5764),#5390,.T.);
#5764 = FACE_BOUND('',#5765,.T.);
#5765 = EDGE_LOOP('',(#5766,#5767,#5768));
#5766 = ORIENTED_EDGE('',*,*,#5621,.F.);
#5767 = ORIENTED_EDGE('',*,*,#5375,.T.);
#5768 = ORIENTED_EDGE('',*,*,#5459,.F.);
#5769 = ADVANCED_FACE('',(#5770),#5424,.T.);
#5770 = FACE_BOUND('',#5771,.T.);
#5771 = EDGE_LOOP('',(#5772,#5773,#5774,#5775));
#5772 = ORIENTED_EDGE('',*,*,#5406,.F.);
#5773 = ORIENTED_EDGE('',*,*,#5564,.T.);
#5774 = ORIENTED_EDGE('',*,*,#5692,.T.);
#5775 = ORIENTED_EDGE('',*,*,#5668,.F.);
#5776 = ADVANCED_FACE('',(#5777),#5501,.T.);
#5777 = FACE_BOUND('',#5778,.T.);
#5778 = EDGE_LOOP('',(#5779,#5780,#5781));
#5779 = ORIENTED_EDGE('',*,*,#5540,.F.);
#5780 = ORIENTED_EDGE('',*,*,#5486,.T.);
#5781 = ORIENTED_EDGE('',*,*,#5713,.F.);
#5782 = ADVANCED_FACE('',(#5783),#5605,.T.);
#5783 = FACE_BOUND('',#5784,.T.);
#5784 = EDGE_LOOP('',(#5785,#5786,#5787));
#5785 = ORIENTED_EDGE('',*,*,#5736,.F.);
#5786 = ORIENTED_EDGE('',*,*,#5590,.T.);
#5787 = ORIENTED_EDGE('',*,*,#5644,.F.);
#5788 = ( GEOMETRIC_REPRESENTATION_CONTEXT(3) 
GLOBAL_UNCERTAINTY_ASSIGNED_CONTEXT((#5792)) 
GLOBAL_UNIT_ASSIGNED_CONTEXT((#5789,#5790,#5791)) REPRESENTATION_CONTEXT
('Context #1','3D Context with UNIT and UNCERTAINTY') );
#5789 = ( LENGTH_UNIT() NAMED_UNIT(*) SI_UNIT(.MILLI.,.METRE.) );
#5790 = ( NAMED_UNIT(*) PLANE_ANGLE_UNIT() SI_UNIT($,.RADIAN.) );
#5791 = ( NAMED_UNIT(*) SI_UNIT($,.STERADIAN.) SOLID_ANGLE_UNIT() );
#5792 = UNCERTAINTY_MEASURE_WITH_UNIT(LENGTH_MEASURE(1.E-07),#5789,
  'distance_accuracy_value','confusion accuracy');
#5793 = CONTEXT_DEPENDENT_SHAPE_REPRESENTATION(#5794,#5796);
#5794 = ( REPRESENTATION_RELATIONSHIP('','',#4449,#10) 
REPRESENTATION_RELATIONSHIP_WITH_TRANSFORMATION(#5795) 
SHAPE_REPRESENTATION_RELATIONSHIP() );
#5795 = ITEM_DEFINED_TRANSFORMATION('','',#11,#123);
#5796 = PRODUCT_DEFINITION_SHAPE('Placement','Placement of an item',
  #5797);
#5797 = NEXT_ASSEMBLY_USAGE_OCCURRENCE('28','PILLOW_work','',#5,#4444,$
  );
#5798 = PRODUCT_RELATED_PRODUCT_CATEGORY('part',$,(#4446));
#5799 = SHAPE_DEFINITION_REPRESENTATION(#5800,#5806);
#5800 = PRODUCT_DEFINITION_SHAPE('','',#5801);
#5801 = PRODUCT_DEFINITION('design','',#5802,#5805);
#5802 = PRODUCT_DEFINITION_FORMATION('','',#5803);
#5803 = PRODUCT('D20_R02_TRAY','D20_R02_TRAY','',(#5804));
#5804 = PRODUCT_CONTEXT('',#2,'mechanical');
#5805 = PRODUCT_DEFINITION_CONTEXT('part definition',#2,'design');
#5806 = ADVANCED_BREP_SHAPE_REPRESENTATION('',(#11,#5807),#7833);
#5807 = MANIFOLD_SOLID_BREP('',#5808);
#5808 = CLOSED_SHELL('',(#5809,#5929,#6015,#6552,#6633,#7080,#7156,#7183
    ,#7210,#7264,#7311,#7358,#7385,#7412,#7419,#7466,#7493,#7520,#7527,
    #7574,#7601,#7628,#7635,#7682,#7709,#7736,#7743,#7792,#7819,#7826));
#5809 = ADVANCED_FACE('',(#5810),#5824,.F.);
#5810 = FACE_BOUND('',#5811,.F.);
#5811 = EDGE_LOOP('',(#5812,#5847,#5875,#5903));
#5812 = ORIENTED_EDGE('',*,*,#5813,.F.);
#5813 = EDGE_CURVE('',#5814,#5816,#5818,.T.);
#5814 = VERTEX_POINT('',#5815);
#5815 = CARTESIAN_POINT('',(935.,-300.,494.));
#5816 = VERTEX_POINT('',#5817);
#5817 = CARTESIAN_POINT('',(935.,-300.,506.));
#5818 = SURFACE_CURVE('',#5819,(#5823,#5835),.PCURVE_S1.);
#5819 = LINE('',#5820,#5821);
#5820 = CARTESIAN_POINT('',(935.,-300.,494.));
#5821 = VECTOR('',#5822,1.);
#5822 = DIRECTION('',(0.,0.,1.));
#5823 = PCURVE('',#5824,#5829);
#5824 = PLANE('',#5825);
#5825 = AXIS2_PLACEMENT_3D('',#5826,#5827,#5828);
#5826 = CARTESIAN_POINT('',(935.,-300.,494.));
#5827 = DIRECTION('',(1.,0.,0.));
#5828 = DIRECTION('',(0.,0.,1.));
#5829 = DEFINITIONAL_REPRESENTATION('',(#5830),#5834);
#5830 = LINE('',#5831,#5832);
#5831 = CARTESIAN_POINT('',(0.,0.));
#5832 = VECTOR('',#5833,1.);
#5833 = DIRECTION('',(1.,0.));
#5834 = ( GEOMETRIC_REPRESENTATION_CONTEXT(2) 
PARAMETRIC_REPRESENTATION_CONTEXT() REPRESENTATION_CONTEXT('2D SPACE',''
  ) );
#5835 = PCURVE('',#5836,#5841);
#5836 = PLANE('',#5837);
#5837 = AXIS2_PLACEMENT_3D('',#5838,#5839,#5840);
#5838 = CARTESIAN_POINT('',(935.,-360.,494.));
#5839 = DIRECTION('',(1.,0.,0.));
#5840 = DIRECTION('',(0.,0.,1.));
#5841 = DEFINITIONAL_REPRESENTATION('',(#5842),#5846);
#5842 = LINE('',#5843,#5844);
#5843 = CARTESIAN_POINT('',(0.,-60.));
#5844 = VECTOR('',#5845,1.);
#5845 = DIRECTION('',(1.,0.));
#5846 = ( GEOMETRIC_REPRESENTATION_CONTEXT(2) 
PARAMETRIC_REPRESENTATION_CONTEXT() REPRESENTATION_CONTEXT('2D SPACE',''
  ) );
#5847 = ORIENTED_EDGE('',*,*,#5848,.T.);
#5848 = EDGE_CURVE('',#5814,#5849,#5851,.T.);
#5849 = VERTEX_POINT('',#5850);
#5850 = CARTESIAN_POINT('',(935.,300.,494.));
#5851 = SURFACE_CURVE('',#5852,(#5856,#5863),.PCURVE_S1.);
#5852 = LINE('',#5853,#5854);
#5853 = CARTESIAN_POINT('',(935.,-300.,494.));
#5854 = VECTOR('',#5855,1.);
#5855 = DIRECTION('',(0.,1.,0.));
#5856 = PCURVE('',#5824,#5857);
#5857 = DEFINITIONAL_REPRESENTATION('',(#5858),#5862);
#5858 = LINE('',#5859,#5860);
#5859 = CARTESIAN_POINT('',(0.,0.));
#5860 = VECTOR('',#5861,1.);
#5861 = DIRECTION('',(0.,-1.));
#5862 = ( GEOMETRIC_REPRESENTATION_CONTEXT(2) 
PARAMETRIC_REPRESENTATION_CONTEXT() REPRESENTATION_CONTEXT('2D SPACE',''
  ) );
#5863 = PCURVE('',#5864,#5869);
#5864 = PLANE('',#5865);
#5865 = AXIS2_PLACEMENT_3D('',#5866,#5867,#5868);
#5866 = CARTESIAN_POINT('',(935.,-300.,494.));
#5867 = DIRECTION('',(0.,0.,1.));
#5868 = DIRECTION('',(1.,0.,0.));
#5869 = DEFINITIONAL_REPRESENTATION('',(#5870),#5874);
#5870 = LINE('',#5871,#5872);
#5871 = CARTESIAN_POINT('',(0.,0.));
#5872 = VECTOR('',#5873,1.);
#5873 = DIRECTION('',(0.,1.));
#5874 = ( GEOMETRIC_REPRESENTATION_CONTEXT(2) 
PARAMETRIC_REPRESENTATION_CONTEXT() REPRESENTATION_CONTEXT('2D SPACE',''
  ) );
#5875 = ORIENTED_EDGE('',*,*,#5876,.T.);
#5876 = EDGE_CURVE('',#5849,#5877,#5879,.T.);
#5877 = VERTEX_POINT('',#5878);
#5878 = CARTESIAN_POINT('',(935.,300.,506.));
#5879 = SURFACE_CURVE('',#5880,(#5884,#5891),.PCURVE_S1.);
#5880 = LINE('',#5881,#5882);
#5881 = CARTESIAN_POINT('',(935.,300.,494.));
#5882 = VECTOR('',#5883,1.);
#5883 = DIRECTION('',(0.,0.,1.));
#5884 = PCURVE('',#5824,#5885);
#5885 = DEFINITIONAL_REPRESENTATION('',(#5886),#5890);
#5886 = LINE('',#5887,#5888);
#5887 = CARTESIAN_POINT('',(0.,-600.));
#5888 = VECTOR('',#5889,1.);
#5889 = DIRECTION('',(1.,0.));
#5890 = ( GEOMETRIC_REPRESENTATION_CONTEXT(2) 
PARAMETRIC_REPRESENTATION_CONTEXT() REPRESENTATION_CONTEXT('2D SPACE',''
  ) );
#5891 = PCURVE('',#5892,#5897);
#5892 = PLANE('',#5893);
#5893 = AXIS2_PLACEMENT_3D('',#5894,#5895,#5896);
#5894 = CARTESIAN_POINT('',(935.,300.,494.));
#5895 = DIRECTION('',(1.,0.,0.));
#5896 = DIRECTION('',(0.,0.,1.));
#5897 = DEFINITIONAL_REPRESENTATION('',(#5898),#5902);
#5898 = LINE('',#5899,#5900);
#5899 = CARTESIAN_POINT('',(0.,0.));
#5900 = VECTOR('',#5901,1.);
#5901 = DIRECTION('',(1.,0.));
#5902 = ( GEOMETRIC_REPRESENTATION_CONTEXT(2) 
PARAMETRIC_REPRESENTATION_CONTEXT() REPRESENTATION_CONTEXT('2D SPACE',''
  ) );
#5903 = ORIENTED_EDGE('',*,*,#5904,.F.);
#5904 = EDGE_CURVE('',#5816,#5877,#5905,.T.);
#5905 = SURFACE_CURVE('',#5906,(#5910,#5917),.PCURVE_S1.);
#5906 = LINE('',#5907,#5908);
#5907 = CARTESIAN_POINT('',(935.,-300.,506.));
#5908 = VECTOR('',#5909,1.);
#5909 = DIRECTION('',(0.,1.,0.));
#5910 = PCURVE('',#5824,#5911);
#5911 = DEFINITIONAL_REPRESENTATION('',(#5912),#5916);
#5912 = LINE('',#5913,#5914);
#5913 = CARTESIAN_POINT('',(12.,0.));
#5914 = VECTOR('',#5915,1.);
#5915 = DIRECTION('',(0.,-1.));
#5916 = ( GEOMETRIC_REPRESENTATION_CONTEXT(2) 
PARAMETRIC_REPRESENTATION_CONTEXT() REPRESENTATION_CONTEXT('2D SPACE',''
  ) );
#5917 = PCURVE('',#5918,#5923);
#5918 = PLANE('',#5919);
#5919 = AXIS2_PLACEMENT_3D('',#5920,#5921,#5922);
#5920 = CARTESIAN_POINT('',(935.,-300.,506.));
#5921 = DIRECTION('',(0.,0.,1.));
#5922 = DIRECTION('',(1.,0.,0.));
#5923 = DEFINITIONAL_REPRESENTATION('',(#5924),#5928);
#5924 = LINE('',#5925,#5926);
#5925 = CARTESIAN_POINT('',(0.,0.));
#5926 = VECTOR('',#5927,1.);
#5927 = DIRECTION('',(0.,1.));
#5928 = ( GEOMETRIC_REPRESENTATION_CONTEXT(2) 
PARAMETRIC_REPRESENTATION_CONTEXT() REPRESENTATION_CONTEXT('2D SPACE',''
  ) );
#5929 = ADVANCED_FACE('',(#5930),#5836,.F.);
#5930 = FACE_BOUND('',#5931,.F.);
#5931 = EDGE_LOOP('',(#5932,#5962,#5988,#5989));
#5932 = ORIENTED_EDGE('',*,*,#5933,.F.);
#5933 = EDGE_CURVE('',#5934,#5936,#5938,.T.);
#5934 = VERTEX_POINT('',#5935);
#5935 = CARTESIAN_POINT('',(935.,-360.,494.));
#5936 = VERTEX_POINT('',#5937);
#5937 = CARTESIAN_POINT('',(935.,-360.,506.));
#5938 = SURFACE_CURVE('',#5939,(#5943,#5950),.PCURVE_S1.);
#5939 = LINE('',#5940,#5941);
#5940 = CARTESIAN_POINT('',(935.,-360.,494.));
#5941 = VECTOR('',#5942,1.);
#5942 = DIRECTION('',(0.,0.,1.));
#5943 = PCURVE('',#5836,#5944);
#5944 = DEFINITIONAL_REPRESENTATION('',(#5945),#5949);
#5945 = LINE('',#5946,#5947);
#5946 = CARTESIAN_POINT('',(0.,0.));
#5947 = VECTOR('',#5948,1.);
#5948 = DIRECTION('',(1.,0.));
#5949 = ( GEOMETRIC_REPRESENTATION_CONTEXT(2) 
PARAMETRIC_REPRESENTATION_CONTEXT() REPRESENTATION_CONTEXT('2D SPACE',''
  ) );
#5950 = PCURVE('',#5951,#5956);
#5951 = PLANE('',#5952);
#5952 = AXIS2_PLACEMENT_3D('',#5953,#5954,#5955);
#5953 = CARTESIAN_POINT('',(935.,-360.,494.));
#5954 = DIRECTION('',(0.,1.,0.));
#5955 = DIRECTION('',(0.,0.,1.));
#5956 = DEFINITIONAL_REPRESENTATION('',(#5957),#5961);
#5957 = LINE('',#5958,#5959);
#5958 = CARTESIAN_POINT('',(0.,0.));
#5959 = VECTOR('',#5960,1.);
#5960 = DIRECTION('',(1.,0.));
#5961 = ( GEOMETRIC_REPRESENTATION_CONTEXT(2) 
PARAMETRIC_REPRESENTATION_CONTEXT() REPRESENTATION_CONTEXT('2D SPACE',''
  ) );
#5962 = ORIENTED_EDGE('',*,*,#5963,.T.);
#5963 = EDGE_CURVE('',#5934,#5814,#5964,.T.);
#5964 = SURFACE_CURVE('',#5965,(#5969,#5976),.PCURVE_S1.);
#5965 = LINE('',#5966,#5967);
#5966 = CARTESIAN_POINT('',(935.,-360.,494.));
#5967 = VECTOR('',#5968,1.);
#5968 = DIRECTION('',(0.,1.,0.));
#5969 = PCURVE('',#5836,#5970);
#5970 = DEFINITIONAL_REPRESENTATION('',(#5971),#5975);
#5971 = LINE('',#5972,#5973);
#5972 = CARTESIAN_POINT('',(0.,0.));
#5973 = VECTOR('',#5974,1.);
#5974 = DIRECTION('',(0.,-1.));
#5975 = ( GEOMETRIC_REPRESENTATION_CONTEXT(2) 
PARAMETRIC_REPRESENTATION_CONTEXT() REPRESENTATION_CONTEXT('2D SPACE',''
  ) );
#5976 = PCURVE('',#5977,#5982);
#5977 = PLANE('',#5978);
#5978 = AXIS2_PLACEMENT_3D('',#5979,#5980,#5981);
#5979 = CARTESIAN_POINT('',(935.,-360.,494.));
#5980 = DIRECTION('',(0.,0.,1.));
#5981 = DIRECTION('',(1.,0.,0.));
#5982 = DEFINITIONAL_REPRESENTATION('',(#5983),#5987);
#5983 = LINE('',#5984,#5985);
#5984 = CARTESIAN_POINT('',(0.,0.));
#5985 = VECTOR('',#5986,1.);
#5986 = DIRECTION('',(0.,1.));
#5987 = ( GEOMETRIC_REPRESENTATION_CONTEXT(2) 
PARAMETRIC_REPRESENTATION_CONTEXT() REPRESENTATION_CONTEXT('2D SPACE',''
  ) );
#5988 = ORIENTED_EDGE('',*,*,#5813,.T.);
#5989 = ORIENTED_EDGE('',*,*,#5990,.F.);
#5990 = EDGE_CURVE('',#5936,#5816,#5991,.T.);
#5991 = SURFACE_CURVE('',#5992,(#5996,#6003),.PCURVE_S1.);
#5992 = LINE('',#5993,#5994);
#5993 = CARTESIAN_POINT('',(935.,-360.,506.));
#5994 = VECTOR('',#5995,1.);
#5995 = DIRECTION('',(0.,1.,0.));
#5996 = PCURVE('',#5836,#5997);
#5997 = DEFINITIONAL_REPRESENTATION('',(#5998),#6002);
#5998 = LINE('',#5999,#6000);
#5999 = CARTESIAN_POINT('',(12.,0.));
#6000 = VECTOR('',#6001,1.);
#6001 = DIRECTION('',(0.,-1.));
#6002 = ( GEOMETRIC_REPRESENTATION_CONTEXT(2) 
PARAMETRIC_REPRESENTATION_CONTEXT() REPRESENTATION_CONTEXT('2D SPACE',''
  ) );
#6003 = PCURVE('',#6004,#6009);
#6004 = PLANE('',#6005);
#6005 = AXIS2_PLACEMENT_3D('',#6006,#6007,#6008);
#6006 = CARTESIAN_POINT('',(935.,-360.,506.));
#6007 = DIRECTION('',(0.,0.,1.));
#6008 = DIRECTION('',(1.,0.,0.));
#6009 = DEFINITIONAL_REPRESENTATION('',(#6010),#6014);
#6010 = LINE('',#6011,#6012);
#6011 = CARTESIAN_POINT('',(0.,0.));
#6012 = VECTOR('',#6013,1.);
#6013 = DIRECTION('',(0.,1.));
#6014 = ( GEOMETRIC_REPRESENTATION_CONTEXT(2) 
PARAMETRIC_REPRESENTATION_CONTEXT() REPRESENTATION_CONTEXT('2D SPACE',''
  ) );
#6015 = ADVANCED_FACE('',(#6016,#6096,#6210,#6324,#6438),#5918,.T.);
#6016 = FACE_BOUND('',#6017,.T.);
#6017 = EDGE_LOOP('',(#6018,#6019,#6042,#6070));
#6018 = ORIENTED_EDGE('',*,*,#5904,.F.);
#6019 = ORIENTED_EDGE('',*,*,#6020,.T.);
#6020 = EDGE_CURVE('',#5816,#6021,#6023,.T.);
#6021 = VERTEX_POINT('',#6022);
#6022 = CARTESIAN_POINT('',(1.395E+03,-300.,506.));
#6023 = SURFACE_CURVE('',#6024,(#6028,#6035),.PCURVE_S1.);
#6024 = LINE('',#6025,#6026);
#6025 = CARTESIAN_POINT('',(935.,-300.,506.));
#6026 = VECTOR('',#6027,1.);
#6027 = DIRECTION('',(1.,0.,0.));
#6028 = PCURVE('',#5918,#6029);
#6029 = DEFINITIONAL_REPRESENTATION('',(#6030),#6034);
#6030 = LINE('',#6031,#6032);
#6031 = CARTESIAN_POINT('',(0.,0.));
#6032 = VECTOR('',#6033,1.);
#6033 = DIRECTION('',(1.,0.));
#6034 = ( GEOMETRIC_REPRESENTATION_CONTEXT(2) 
PARAMETRIC_REPRESENTATION_CONTEXT() REPRESENTATION_CONTEXT('2D SPACE',''
  ) );
#6035 = PCURVE('',#6004,#6036);
#6036 = DEFINITIONAL_REPRESENTATION('',(#6037),#6041);
#6037 = LINE('',#6038,#6039);
#6038 = CARTESIAN_POINT('',(0.,60.));
#6039 = VECTOR('',#6040,1.);
#6040 = DIRECTION('',(1.,0.));
#6041 = ( GEOMETRIC_REPRESENTATION_CONTEXT(2) 
PARAMETRIC_REPRESENTATION_CONTEXT() REPRESENTATION_CONTEXT('2D SPACE',''
  ) );
#6042 = ORIENTED_EDGE('',*,*,#6043,.T.);
#6043 = EDGE_CURVE('',#6021,#6044,#6046,.T.);
#6044 = VERTEX_POINT('',#6045);
#6045 = CARTESIAN_POINT('',(1.395E+03,300.,506.));
#6046 = SURFACE_CURVE('',#6047,(#6051,#6058),.PCURVE_S1.);
#6047 = LINE('',#6048,#6049);
#6048 = CARTESIAN_POINT('',(1.395E+03,-300.,506.));
#6049 = VECTOR('',#6050,1.);
#6050 = DIRECTION('',(0.,1.,0.));
#6051 = PCURVE('',#5918,#6052);
#6052 = DEFINITIONAL_REPRESENTATION('',(#6053),#6057);
#6053 = LINE('',#6054,#6055);
#6054 = CARTESIAN_POINT('',(460.,0.));
#6055 = VECTOR('',#6056,1.);
#6056 = DIRECTION('',(0.,1.));
#6057 = ( GEOMETRIC_REPRESENTATION_CONTEXT(2) 
PARAMETRIC_REPRESENTATION_CONTEXT() REPRESENTATION_CONTEXT('2D SPACE',''
  ) );
#6058 = PCURVE('',#6059,#6064);
#6059 = PLANE('',#6060);
#6060 = AXIS2_PLACEMENT_3D('',#6061,#6062,#6063);
#6061 = CARTESIAN_POINT('',(1.395E+03,-300.,494.));
#6062 = DIRECTION('',(1.,0.,0.));
#6063 = DIRECTION('',(0.,0.,1.));
#6064 = DEFINITIONAL_REPRESENTATION('',(#6065),#6069);
#6065 = LINE('',#6066,#6067);
#6066 = CARTESIAN_POINT('',(12.,0.));
#6067 = VECTOR('',#6068,1.);
#6068 = DIRECTION('',(0.,-1.));
#6069 = ( GEOMETRIC_REPRESENTATION_CONTEXT(2) 
PARAMETRIC_REPRESENTATION_CONTEXT() REPRESENTATION_CONTEXT('2D SPACE',''
  ) );
#6070 = ORIENTED_EDGE('',*,*,#6071,.F.);
#6071 = EDGE_CURVE('',#5877,#6044,#6072,.T.);
#6072 = SURFACE_CURVE('',#6073,(#6077,#6084),.PCURVE_S1.);
#6073 = LINE('',#6074,#6075);
#6074 = CARTESIAN_POINT('',(935.,300.,506.));
#6075 = VECTOR('',#6076,1.);
#6076 = DIRECTION('',(1.,0.,0.));
#6077 = PCURVE('',#5918,#6078);
#6078 = DEFINITIONAL_REPRESENTATION('',(#6079),#6083);
#6079 = LINE('',#6080,#6081);
#6080 = CARTESIAN_POINT('',(0.,600.));
#6081 = VECTOR('',#6082,1.);
#6082 = DIRECTION('',(1.,0.));
#6083 = ( GEOMETRIC_REPRESENTATION_CONTEXT(2) 
PARAMETRIC_REPRESENTATION_CONTEXT() REPRESENTATION_CONTEXT('2D SPACE',''
  ) );
#6084 = PCURVE('',#6085,#6090);
#6085 = PLANE('',#6086);
#6086 = AXIS2_PLACEMENT_3D('',#6087,#6088,#6089);
#6087 = CARTESIAN_POINT('',(935.,300.,506.));
#6088 = DIRECTION('',(0.,0.,1.));
#6089 = DIRECTION('',(1.,0.,0.));
#6090 = DEFINITIONAL_REPRESENTATION('',(#6091),#6095);
#6091 = LINE('',#6092,#6093);
#6092 = CARTESIAN_POINT('',(0.,0.));
#6093 = VECTOR('',#6094,1.);
#6094 = DIRECTION('',(1.,0.));
#6095 = ( GEOMETRIC_REPRESENTATION_CONTEXT(2) 
PARAMETRIC_REPRESENTATION_CONTEXT() REPRESENTATION_CONTEXT('2D SPACE',''
  ) );
#6096 = FACE_BOUND('',#6097,.T.);
#6097 = EDGE_LOOP('',(#6098,#6128,#6156,#6184));
#6098 = ORIENTED_EDGE('',*,*,#6099,.T.);
#6099 = EDGE_CURVE('',#6100,#6102,#6104,.T.);
#6100 = VERTEX_POINT('',#6101);
#6101 = CARTESIAN_POINT('',(1.345E+03,-234.,506.));
#6102 = VERTEX_POINT('',#6103);
#6103 = CARTESIAN_POINT('',(1.025E+03,-234.,506.));
#6104 = SURFACE_CURVE('',#6105,(#6109,#6116),.PCURVE_S1.);
#6105 = LINE('',#6106,#6107);
#6106 = CARTESIAN_POINT('',(980.,-234.,506.));
#6107 = VECTOR('',#6108,1.);
#6108 = DIRECTION('',(-1.,0.,0.));
#6109 = PCURVE('',#5918,#6110);
#6110 = DEFINITIONAL_REPRESENTATION('',(#6111),#6115);
#6111 = LINE('',#6112,#6113);
#6112 = CARTESIAN_POINT('',(45.,66.));
#6113 = VECTOR('',#6114,1.);
#6114 = DIRECTION('',(-1.,0.));
#6115 = ( GEOMETRIC_REPRESENTATION_CONTEXT(2) 
PARAMETRIC_REPRESENTATION_CONTEXT() REPRESENTATION_CONTEXT('2D SPACE',''
  ) );
#6116 = PCURVE('',#6117,#6122);
#6117 = PLANE('',#6118);
#6118 = AXIS2_PLACEMENT_3D('',#6119,#6120,#6121);
#6119 = CARTESIAN_POINT('',(1.025E+03,-234.,491.));
#6120 = DIRECTION('',(0.,1.,0.));
#6121 = DIRECTION('',(0.,0.,1.));
#6122 = DEFINITIONAL_REPRESENTATION('',(#6123),#6127);
#6123 = LINE('',#6124,#6125);
#6124 = CARTESIAN_POINT('',(15.,-45.));
#6125 = VECTOR('',#6126,1.);
#6126 = DIRECTION('',(0.,-1.));
#6127 = ( GEOMETRIC_REPRESENTATION_CONTEXT(2) 
PARAMETRIC_REPRESENTATION_CONTEXT() REPRESENTATION_CONTEXT('2D SPACE',''
  ) );
#6128 = ORIENTED_EDGE('',*,*,#6129,.T.);
#6129 = EDGE_CURVE('',#6102,#6130,#6132,.T.);
#6130 = VERTEX_POINT('',#6131);
#6131 = CARTESIAN_POINT('',(1.025E+03,-206.,506.));
#6132 = SURFACE_CURVE('',#6133,(#6137,#6144),.PCURVE_S1.);
#6133 = LINE('',#6134,#6135);
#6134 = CARTESIAN_POINT('',(1.025E+03,-267.,506.));
#6135 = VECTOR('',#6136,1.);
#6136 = DIRECTION('',(0.,1.,0.));
#6137 = PCURVE('',#5918,#6138);
#6138 = DEFINITIONAL_REPRESENTATION('',(#6139),#6143);
#6139 = LINE('',#6140,#6141);
#6140 = CARTESIAN_POINT('',(90.,33.));
#6141 = VECTOR('',#6142,1.);
#6142 = DIRECTION('',(0.,1.));
#6143 = ( GEOMETRIC_REPRESENTATION_CONTEXT(2) 
PARAMETRIC_REPRESENTATION_CONTEXT() REPRESENTATION_CONTEXT('2D SPACE',''
  ) );
#6144 = PCURVE('',#6145,#6150);
#6145 = PLANE('',#6146);
#6146 = AXIS2_PLACEMENT_3D('',#6147,#6148,#6149);
#6147 = CARTESIAN_POINT('',(1.025E+03,-234.,491.));
#6148 = DIRECTION('',(1.,0.,0.));
#6149 = DIRECTION('',(0.,0.,1.));
#6150 = DEFINITIONAL_REPRESENTATION('',(#6151),#6155);
#6151 = LINE('',#6152,#6153);
#6152 = CARTESIAN_POINT('',(15.,33.));
#6153 = VECTOR('',#6154,1.);
#6154 = DIRECTION('',(0.,-1.));
#6155 = ( GEOMETRIC_REPRESENTATION_CONTEXT(2) 
PARAMETRIC_REPRESENTATION_CONTEXT() REPRESENTATION_CONTEXT('2D SPACE',''
  ) );
#6156 = ORIENTED_EDGE('',*,*,#6157,.F.);
#6157 = EDGE_CURVE('',#6158,#6130,#6160,.T.);
#6158 = VERTEX_POINT('',#6159);
#6159 = CARTESIAN_POINT('',(1.345E+03,-206.,506.));
#6160 = SURFACE_CURVE('',#6161,(#6165,#6172),.PCURVE_S1.);
#6161 = LINE('',#6162,#6163);
#6162 = CARTESIAN_POINT('',(980.,-206.,506.));
#6163 = VECTOR('',#6164,1.);
#6164 = DIRECTION('',(-1.,0.,0.));
#6165 = PCURVE('',#5918,#6166);
#6166 = DEFINITIONAL_REPRESENTATION('',(#6167),#6171);
#6167 = LINE('',#6168,#6169);
#6168 = CARTESIAN_POINT('',(45.,94.));
#6169 = VECTOR('',#6170,1.);
#6170 = DIRECTION('',(-1.,0.));
#6171 = ( GEOMETRIC_REPRESENTATION_CONTEXT(2) 
PARAMETRIC_REPRESENTATION_CONTEXT() REPRESENTATION_CONTEXT('2D SPACE',''
  ) );
#6172 = PCURVE('',#6173,#6178);
#6173 = PLANE('',#6174);
#6174 = AXIS2_PLACEMENT_3D('',#6175,#6176,#6177);
#6175 = CARTESIAN_POINT('',(1.025E+03,-206.,491.));
#6176 = DIRECTION('',(0.,1.,0.));
#6177 = DIRECTION('',(0.,0.,1.));
#6178 = DEFINITIONAL_REPRESENTATION('',(#6179),#6183);
#6179 = LINE('',#6180,#6181);
#6180 = CARTESIAN_POINT('',(15.,-45.));
#6181 = VECTOR('',#6182,1.);
#6182 = DIRECTION('',(0.,-1.));
#6183 = ( GEOMETRIC_REPRESENTATION_CONTEXT(2) 
PARAMETRIC_REPRESENTATION_CONTEXT() REPRESENTATION_CONTEXT('2D SPACE',''
  ) );
#6184 = ORIENTED_EDGE('',*,*,#6185,.F.);
#6185 = EDGE_CURVE('',#6100,#6158,#6186,.T.);
#6186 = SURFACE_CURVE('',#6187,(#6191,#6198),.PCURVE_S1.);
#6187 = LINE('',#6188,#6189);
#6188 = CARTESIAN_POINT('',(1.345E+03,-267.,506.));
#6189 = VECTOR('',#6190,1.);
#6190 = DIRECTION('',(0.,1.,0.));
#6191 = PCURVE('',#5918,#6192);
#6192 = DEFINITIONAL_REPRESENTATION('',(#6193),#6197);
#6193 = LINE('',#6194,#6195);
#6194 = CARTESIAN_POINT('',(410.,33.));
#6195 = VECTOR('',#6196,1.);
#6196 = DIRECTION('',(0.,1.));
#6197 = ( GEOMETRIC_REPRESENTATION_CONTEXT(2) 
PARAMETRIC_REPRESENTATION_CONTEXT() REPRESENTATION_CONTEXT('2D SPACE',''
  ) );
#6198 = PCURVE('',#6199,#6204);
#6199 = PLANE('',#6200);
#6200 = AXIS2_PLACEMENT_3D('',#6201,#6202,#6203);
#6201 = CARTESIAN_POINT('',(1.345E+03,-234.,491.));
#6202 = DIRECTION('',(1.,0.,0.));
#6203 = DIRECTION('',(0.,0.,1.));
#6204 = DEFINITIONAL_REPRESENTATION('',(#6205),#6209);
#6205 = LINE('',#6206,#6207);
#6206 = CARTESIAN_POINT('',(15.,33.));
#6207 = VECTOR('',#6208,1.);
#6208 = DIRECTION('',(0.,-1.));
#6209 = ( GEOMETRIC_REPRESENTATION_CONTEXT(2) 
PARAMETRIC_REPRESENTATION_CONTEXT() REPRESENTATION_CONTEXT('2D SPACE',''
  ) );
#6210 = FACE_BOUND('',#6211,.T.);
#6211 = EDGE_LOOP('',(#6212,#6242,#6270,#6298));
#6212 = ORIENTED_EDGE('',*,*,#6213,.T.);
#6213 = EDGE_CURVE('',#6214,#6216,#6218,.T.);
#6214 = VERTEX_POINT('',#6215);
#6215 = CARTESIAN_POINT('',(1.345E+03,-184.,506.));
#6216 = VERTEX_POINT('',#6217);
#6217 = CARTESIAN_POINT('',(1.025E+03,-184.,506.));
#6218 = SURFACE_CURVE('',#6219,(#6223,#6230),.PCURVE_S1.);
#6219 = LINE('',#6220,#6221);
#6220 = CARTESIAN_POINT('',(980.,-184.,506.));
#6221 = VECTOR('',#6222,1.);
#6222 = DIRECTION('',(-1.,0.,0.));
#6223 = PCURVE('',#5918,#6224);
#6224 = DEFINITIONAL_REPRESENTATION('',(#6225),#6229);
#6225 = LINE('',#6226,#6227);
#6226 = CARTESIAN_POINT('',(45.,116.));
#6227 = VECTOR('',#6228,1.);
#6228 = DIRECTION('',(-1.,0.));
#6229 = ( GEOMETRIC_REPRESENTATION_CONTEXT(2) 
PARAMETRIC_REPRESENTATION_CONTEXT() REPRESENTATION_CONTEXT('2D SPACE',''
  ) );
#6230 = PCURVE('',#6231,#6236);
#6231 = PLANE('',#6232);
#6232 = AXIS2_PLACEMENT_3D('',#6233,#6234,#6235);
#6233 = CARTESIAN_POINT('',(1.025E+03,-184.,491.));
#6234 = DIRECTION('',(0.,1.,0.));
#6235 = DIRECTION('',(0.,0.,1.));
#6236 = DEFINITIONAL_REPRESENTATION('',(#6237),#6241);
#6237 = LINE('',#6238,#6239);
#6238 = CARTESIAN_POINT('',(15.,-45.));
#6239 = VECTOR('',#6240,1.);
#6240 = DIRECTION('',(0.,-1.));
#6241 = ( GEOMETRIC_REPRESENTATION_CONTEXT(2) 
PARAMETRIC_REPRESENTATION_CONTEXT() REPRESENTATION_CONTEXT('2D SPACE',''
  ) );
#6242 = ORIENTED_EDGE('',*,*,#6243,.T.);
#6243 = EDGE_CURVE('',#6216,#6244,#6246,.T.);
#6244 = VERTEX_POINT('',#6245);
#6245 = CARTESIAN_POINT('',(1.025E+03,-156.,506.));
#6246 = SURFACE_CURVE('',#6247,(#6251,#6258),.PCURVE_S1.);
#6247 = LINE('',#6248,#6249);
#6248 = CARTESIAN_POINT('',(1.025E+03,-242.,506.));
#6249 = VECTOR('',#6250,1.);
#6250 = DIRECTION('',(0.,1.,0.));
#6251 = PCURVE('',#5918,#6252);
#6252 = DEFINITIONAL_REPRESENTATION('',(#6253),#6257);
#6253 = LINE('',#6254,#6255);
#6254 = CARTESIAN_POINT('',(90.,58.));
#6255 = VECTOR('',#6256,1.);
#6256 = DIRECTION('',(0.,1.));
#6257 = ( GEOMETRIC_REPRESENTATION_CONTEXT(2) 
PARAMETRIC_REPRESENTATION_CONTEXT() REPRESENTATION_CONTEXT('2D SPACE',''
  ) );
#6258 = PCURVE('',#6259,#6264);
#6259 = PLANE('',#6260);
#6260 = AXIS2_PLACEMENT_3D('',#6261,#6262,#6263);
#6261 = CARTESIAN_POINT('',(1.025E+03,-184.,491.));
#6262 = DIRECTION('',(1.,0.,0.));
#6263 = DIRECTION('',(0.,0.,1.));
#6264 = DEFINITIONAL_REPRESENTATION('',(#6265),#6269);
#6265 = LINE('',#6266,#6267);
#6266 = CARTESIAN_POINT('',(15.,58.));
#6267 = VECTOR('',#6268,1.);
#6268 = DIRECTION('',(0.,-1.));
#6269 = ( GEOMETRIC_REPRESENTATION_CONTEXT(2) 
PARAMETRIC_REPRESENTATION_CONTEXT() REPRESENTATION_CONTEXT('2D SPACE',''
  ) );
#6270 = ORIENTED_EDGE('',*,*,#6271,.F.);
#6271 = EDGE_CURVE('',#6272,#6244,#6274,.T.);
#6272 = VERTEX_POINT('',#6273);
#6273 = CARTESIAN_POINT('',(1.345E+03,-156.,506.));
#6274 = SURFACE_CURVE('',#6275,(#6279,#6286),.PCURVE_S1.);
#6275 = LINE('',#6276,#6277);
#6276 = CARTESIAN_POINT('',(980.,-156.,506.));
#6277 = VECTOR('',#6278,1.);
#6278 = DIRECTION('',(-1.,0.,0.));
#6279 = PCURVE('',#5918,#6280);
#6280 = DEFINITIONAL_REPRESENTATION('',(#6281),#6285);
#6281 = LINE('',#6282,#6283);
#6282 = CARTESIAN_POINT('',(45.,144.));
#6283 = VECTOR('',#6284,1.);
#6284 = DIRECTION('',(-1.,0.));
#6285 = ( GEOMETRIC_REPRESENTATION_CONTEXT(2) 
PARAMETRIC_REPRESENTATION_CONTEXT() REPRESENTATION_CONTEXT('2D SPACE',''
  ) );
#6286 = PCURVE('',#6287,#6292);
#6287 = PLANE('',#6288);
#6288 = AXIS2_PLACEMENT_3D('',#6289,#6290,#6291);
#6289 = CARTESIAN_POINT('',(1.025E+03,-156.,491.));
#6290 = DIRECTION('',(0.,1.,0.));
#6291 = DIRECTION('',(0.,0.,1.));
#6292 = DEFINITIONAL_REPRESENTATION('',(#6293),#6297);
#6293 = LINE('',#6294,#6295);
#6294 = CARTESIAN_POINT('',(15.,-45.));
#6295 = VECTOR('',#6296,1.);
#6296 = DIRECTION('',(0.,-1.));
#6297 = ( GEOMETRIC_REPRESENTATION_CONTEXT(2) 
PARAMETRIC_REPRESENTATION_CONTEXT() REPRESENTATION_CONTEXT('2D SPACE',''
  ) );
#6298 = ORIENTED_EDGE('',*,*,#6299,.F.);
#6299 = EDGE_CURVE('',#6214,#6272,#6300,.T.);
#6300 = SURFACE_CURVE('',#6301,(#6305,#6312),.PCURVE_S1.);
#6301 = LINE('',#6302,#6303);
#6302 = CARTESIAN_POINT('',(1.345E+03,-242.,506.));
#6303 = VECTOR('',#6304,1.);
#6304 = DIRECTION('',(0.,1.,0.));
#6305 = PCURVE('',#5918,#6306);
#6306 = DEFINITIONAL_REPRESENTATION('',(#6307),#6311);
#6307 = LINE('',#6308,#6309);
#6308 = CARTESIAN_POINT('',(410.,58.));
#6309 = VECTOR('',#6310,1.);
#6310 = DIRECTION('',(0.,1.));
#6311 = ( GEOMETRIC_REPRESENTATION_CONTEXT(2) 
PARAMETRIC_REPRESENTATION_CONTEXT() REPRESENTATION_CONTEXT('2D SPACE',''
  ) );
#6312 = PCURVE('',#6313,#6318);
#6313 = PLANE('',#6314);
#6314 = AXIS2_PLACEMENT_3D('',#6315,#6316,#6317);
#6315 = CARTESIAN_POINT('',(1.345E+03,-184.,491.));
#6316 = DIRECTION('',(1.,0.,0.));
#6317 = DIRECTION('',(0.,0.,1.));
#6318 = DEFINITIONAL_REPRESENTATION('',(#6319),#6323);
#6319 = LINE('',#6320,#6321);
#6320 = CARTESIAN_POINT('',(15.,58.));
#6321 = VECTOR('',#6322,1.);
#6322 = DIRECTION('',(0.,-1.));
#6323 = ( GEOMETRIC_REPRESENTATION_CONTEXT(2) 
PARAMETRIC_REPRESENTATION_CONTEXT() REPRESENTATION_CONTEXT('2D SPACE',''
  ) );
#6324 = FACE_BOUND('',#6325,.T.);
#6325 = EDGE_LOOP('',(#6326,#6356,#6384,#6412));
#6326 = ORIENTED_EDGE('',*,*,#6327,.T.);
#6327 = EDGE_CURVE('',#6328,#6330,#6332,.T.);
#6328 = VERTEX_POINT('',#6329);
#6329 = CARTESIAN_POINT('',(1.345E+03,156.,506.));
#6330 = VERTEX_POINT('',#6331);
#6331 = CARTESIAN_POINT('',(1.025E+03,156.,506.));
#6332 = SURFACE_CURVE('',#6333,(#6337,#6344),.PCURVE_S1.);
#6333 = LINE('',#6334,#6335);
#6334 = CARTESIAN_POINT('',(980.,156.,506.));
#6335 = VECTOR('',#6336,1.);
#6336 = DIRECTION('',(-1.,0.,0.));
#6337 = PCURVE('',#5918,#6338);
#6338 = DEFINITIONAL_REPRESENTATION('',(#6339),#6343);
#6339 = LINE('',#6340,#6341);
#6340 = CARTESIAN_POINT('',(45.,456.));
#6341 = VECTOR('',#6342,1.);
#6342 = DIRECTION('',(-1.,0.));
#6343 = ( GEOMETRIC_REPRESENTATION_CONTEXT(2) 
PARAMETRIC_REPRESENTATION_CONTEXT() REPRESENTATION_CONTEXT('2D SPACE',''
  ) );
#6344 = PCURVE('',#6345,#6350);
#6345 = PLANE('',#6346);
#6346 = AXIS2_PLACEMENT_3D('',#6347,#6348,#6349);
#6347 = CARTESIAN_POINT('',(1.025E+03,156.,491.));
#6348 = DIRECTION('',(0.,1.,0.));
#6349 = DIRECTION('',(0.,0.,1.));
#6350 = DEFINITIONAL_REPRESENTATION('',(#6351),#6355);
#6351 = LINE('',#6352,#6353);
#6352 = CARTESIAN_POINT('',(15.,-45.));
#6353 = VECTOR('',#6354,1.);
#6354 = DIRECTION('',(0.,-1.));
#6355 = ( GEOMETRIC_REPRESENTATION_CONTEXT(2) 
PARAMETRIC_REPRESENTATION_CONTEXT() REPRESENTATION_CONTEXT('2D SPACE',''
  ) );
#6356 = ORIENTED_EDGE('',*,*,#6357,.T.);
#6357 = EDGE_CURVE('',#6330,#6358,#6360,.T.);
#6358 = VERTEX_POINT('',#6359);
#6359 = CARTESIAN_POINT('',(1.025E+03,184.,506.));
#6360 = SURFACE_CURVE('',#6361,(#6365,#6372),.PCURVE_S1.);
#6361 = LINE('',#6362,#6363);
#6362 = CARTESIAN_POINT('',(1.025E+03,-72.,506.));
#6363 = VECTOR('',#6364,1.);
#6364 = DIRECTION('',(0.,1.,0.));
#6365 = PCURVE('',#5918,#6366);
#6366 = DEFINITIONAL_REPRESENTATION('',(#6367),#6371);
#6367 = LINE('',#6368,#6369);
#6368 = CARTESIAN_POINT('',(90.,228.));
#6369 = VECTOR('',#6370,1.);
#6370 = DIRECTION('',(0.,1.));
#6371 = ( GEOMETRIC_REPRESENTATION_CONTEXT(2) 
PARAMETRIC_REPRESENTATION_CONTEXT() REPRESENTATION_CONTEXT('2D SPACE',''
  ) );
#6372 = PCURVE('',#6373,#6378);
#6373 = PLANE('',#6374);
#6374 = AXIS2_PLACEMENT_3D('',#6375,#6376,#6377);
#6375 = CARTESIAN_POINT('',(1.025E+03,156.,491.));
#6376 = DIRECTION('',(1.,0.,0.));
#6377 = DIRECTION('',(0.,0.,1.));
#6378 = DEFINITIONAL_REPRESENTATION('',(#6379),#6383);
#6379 = LINE('',#6380,#6381);
#6380 = CARTESIAN_POINT('',(15.,228.));
#6381 = VECTOR('',#6382,1.);
#6382 = DIRECTION('',(0.,-1.));
#6383 = ( GEOMETRIC_REPRESENTATION_CONTEXT(2) 
PARAMETRIC_REPRESENTATION_CONTEXT() REPRESENTATION_CONTEXT('2D SPACE',''
  ) );
#6384 = ORIENTED_EDGE('',*,*,#6385,.F.);
#6385 = EDGE_CURVE('',#6386,#6358,#6388,.T.);
#6386 = VERTEX_POINT('',#6387);
#6387 = CARTESIAN_POINT('',(1.345E+03,184.,506.));
#6388 = SURFACE_CURVE('',#6389,(#6393,#6400),.PCURVE_S1.);
#6389 = LINE('',#6390,#6391);
#6390 = CARTESIAN_POINT('',(980.,184.,506.));
#6391 = VECTOR('',#6392,1.);
#6392 = DIRECTION('',(-1.,0.,0.));
#6393 = PCURVE('',#5918,#6394);
#6394 = DEFINITIONAL_REPRESENTATION('',(#6395),#6399);
#6395 = LINE('',#6396,#6397);
#6396 = CARTESIAN_POINT('',(45.,484.));
#6397 = VECTOR('',#6398,1.);
#6398 = DIRECTION('',(-1.,0.));
#6399 = ( GEOMETRIC_REPRESENTATION_CONTEXT(2) 
PARAMETRIC_REPRESENTATION_CONTEXT() REPRESENTATION_CONTEXT('2D SPACE',''
  ) );
#6400 = PCURVE('',#6401,#6406);
#6401 = PLANE('',#6402);
#6402 = AXIS2_PLACEMENT_3D('',#6403,#6404,#6405);
#6403 = CARTESIAN_POINT('',(1.025E+03,184.,491.));
#6404 = DIRECTION('',(0.,1.,0.));
#6405 = DIRECTION('',(0.,0.,1.));
#6406 = DEFINITIONAL_REPRESENTATION('',(#6407),#6411);
#6407 = LINE('',#6408,#6409);
#6408 = CARTESIAN_POINT('',(15.,-45.));
#6409 = VECTOR('',#6410,1.);
#6410 = DIRECTION('',(0.,-1.));
#6411 = ( GEOMETRIC_REPRESENTATION_CONTEXT(2) 
PARAMETRIC_REPRESENTATION_CONTEXT() REPRESENTATION_CONTEXT('2D SPACE',''
  ) );
#6412 = ORIENTED_EDGE('',*,*,#6413,.F.);
#6413 = EDGE_CURVE('',#6328,#6386,#6414,.T.);
#6414 = SURFACE_CURVE('',#6415,(#6419,#6426),.PCURVE_S1.);
#6415 = LINE('',#6416,#6417);
#6416 = CARTESIAN_POINT('',(1.345E+03,-72.,506.));
#6417 = VECTOR('',#6418,1.);
#6418 = DIRECTION('',(0.,1.,0.));
#6419 = PCURVE('',#5918,#6420);
#6420 = DEFINITIONAL_REPRESENTATION('',(#6421),#6425);
#6421 = LINE('',#6422,#6423);
#6422 = CARTESIAN_POINT('',(410.,228.));
#6423 = VECTOR('',#6424,1.);
#6424 = DIRECTION('',(0.,1.));
#6425 = ( GEOMETRIC_REPRESENTATION_CONTEXT(2) 
PARAMETRIC_REPRESENTATION_CONTEXT() REPRESENTATION_CONTEXT('2D SPACE',''
  ) );
#6426 = PCURVE('',#6427,#6432);
#6427 = PLANE('',#6428);
#6428 = AXIS2_PLACEMENT_3D('',#6429,#6430,#6431);
#6429 = CARTESIAN_POINT('',(1.345E+03,156.,491.));
#6430 = DIRECTION('',(1.,0.,0.));
#6431 = DIRECTION('',(0.,0.,1.));
#6432 = DEFINITIONAL_REPRESENTATION('',(#6433),#6437);
#6433 = LINE('',#6434,#6435);
#6434 = CARTESIAN_POINT('',(15.,228.));
#6435 = VECTOR('',#6436,1.);
#6436 = DIRECTION('',(0.,-1.));
#6437 = ( GEOMETRIC_REPRESENTATION_CONTEXT(2) 
PARAMETRIC_REPRESENTATION_CONTEXT() REPRESENTATION_CONTEXT('2D SPACE',''
  ) );
#6438 = FACE_BOUND('',#6439,.T.);
#6439 = EDGE_LOOP('',(#6440,#6470,#6498,#6526));
#6440 = ORIENTED_EDGE('',*,*,#6441,.T.);
#6441 = EDGE_CURVE('',#6442,#6444,#6446,.T.);
#6442 = VERTEX_POINT('',#6443);
#6443 = CARTESIAN_POINT('',(1.345E+03,206.,506.));
#6444 = VERTEX_POINT('',#6445);
#6445 = CARTESIAN_POINT('',(1.025E+03,206.,506.));
#6446 = SURFACE_CURVE('',#6447,(#6451,#6458),.PCURVE_S1.);
#6447 = LINE('',#6448,#6449);
#6448 = CARTESIAN_POINT('',(980.,206.,506.));
#6449 = VECTOR('',#6450,1.);
#6450 = DIRECTION('',(-1.,0.,0.));
#6451 = PCURVE('',#5918,#6452);
#6452 = DEFINITIONAL_REPRESENTATION('',(#6453),#6457);
#6453 = LINE('',#6454,#6455);
#6454 = CARTESIAN_POINT('',(45.,506.));
#6455 = VECTOR('',#6456,1.);
#6456 = DIRECTION('',(-1.,0.));
#6457 = ( GEOMETRIC_REPRESENTATION_CONTEXT(2) 
PARAMETRIC_REPRESENTATION_CONTEXT() REPRESENTATION_CONTEXT('2D SPACE',''
  ) );
#6458 = PCURVE('',#6459,#6464);
#6459 = PLANE('',#6460);
#6460 = AXIS2_PLACEMENT_3D('',#6461,#6462,#6463);
#6461 = CARTESIAN_POINT('',(1.025E+03,206.,491.));
#6462 = DIRECTION('',(0.,1.,0.));
#6463 = DIRECTION('',(0.,0.,1.));
#6464 = DEFINITIONAL_REPRESENTATION('',(#6465),#6469);
#6465 = LINE('',#6466,#6467);
#6466 = CARTESIAN_POINT('',(15.,-45.));
#6467 = VECTOR('',#6468,1.);
#6468 = DIRECTION('',(0.,-1.));
#6469 = ( GEOMETRIC_REPRESENTATION_CONTEXT(2) 
PARAMETRIC_REPRESENTATION_CONTEXT() REPRESENTATION_CONTEXT('2D SPACE',''
  ) );
#6470 = ORIENTED_EDGE('',*,*,#6471,.T.);
#6471 = EDGE_CURVE('',#6444,#6472,#6474,.T.);
#6472 = VERTEX_POINT('',#6473);
#6473 = CARTESIAN_POINT('',(1.025E+03,234.,506.));
#6474 = SURFACE_CURVE('',#6475,(#6479,#6486),.PCURVE_S1.);
#6475 = LINE('',#6476,#6477);
#6476 = CARTESIAN_POINT('',(1.025E+03,-47.,506.));
#6477 = VECTOR('',#6478,1.);
#6478 = DIRECTION('',(0.,1.,0.));
#6479 = PCURVE('',#5918,#6480);
#6480 = DEFINITIONAL_REPRESENTATION('',(#6481),#6485);
#6481 = LINE('',#6482,#6483);
#6482 = CARTESIAN_POINT('',(90.,253.));
#6483 = VECTOR('',#6484,1.);
#6484 = DIRECTION('',(0.,1.));
#6485 = ( GEOMETRIC_REPRESENTATION_CONTEXT(2) 
PARAMETRIC_REPRESENTATION_CONTEXT() REPRESENTATION_CONTEXT('2D SPACE',''
  ) );
#6486 = PCURVE('',#6487,#6492);
#6487 = PLANE('',#6488);
#6488 = AXIS2_PLACEMENT_3D('',#6489,#6490,#6491);
#6489 = CARTESIAN_POINT('',(1.025E+03,206.,491.));
#6490 = DIRECTION('',(1.,0.,0.));
#6491 = DIRECTION('',(0.,0.,1.));
#6492 = DEFINITIONAL_REPRESENTATION('',(#6493),#6497);
#6493 = LINE('',#6494,#6495);
#6494 = CARTESIAN_POINT('',(15.,253.));
#6495 = VECTOR('',#6496,1.);
#6496 = DIRECTION('',(0.,-1.));
#6497 = ( GEOMETRIC_REPRESENTATION_CONTEXT(2) 
PARAMETRIC_REPRESENTATION_CONTEXT() REPRESENTATION_CONTEXT('2D SPACE',''
  ) );
#6498 = ORIENTED_EDGE('',*,*,#6499,.F.);
#6499 = EDGE_CURVE('',#6500,#6472,#6502,.T.);
#6500 = VERTEX_POINT('',#6501);
#6501 = CARTESIAN_POINT('',(1.345E+03,234.,506.));
#6502 = SURFACE_CURVE('',#6503,(#6507,#6514),.PCURVE_S1.);
#6503 = LINE('',#6504,#6505);
#6504 = CARTESIAN_POINT('',(980.,234.,506.));
#6505 = VECTOR('',#6506,1.);
#6506 = DIRECTION('',(-1.,0.,0.));
#6507 = PCURVE('',#5918,#6508);
#6508 = DEFINITIONAL_REPRESENTATION('',(#6509),#6513);
#6509 = LINE('',#6510,#6511);
#6510 = CARTESIAN_POINT('',(45.,534.));
#6511 = VECTOR('',#6512,1.);
#6512 = DIRECTION('',(-1.,0.));
#6513 = ( GEOMETRIC_REPRESENTATION_CONTEXT(2) 
PARAMETRIC_REPRESENTATION_CONTEXT() REPRESENTATION_CONTEXT('2D SPACE',''
  ) );
#6514 = PCURVE('',#6515,#6520);
#6515 = PLANE('',#6516);
#6516 = AXIS2_PLACEMENT_3D('',#6517,#6518,#6519);
#6517 = CARTESIAN_POINT('',(1.025E+03,234.,491.));
#6518 = DIRECTION('',(0.,1.,0.));
#6519 = DIRECTION('',(0.,0.,1.));
#6520 = DEFINITIONAL_REPRESENTATION('',(#6521),#6525);
#6521 = LINE('',#6522,#6523);
#6522 = CARTESIAN_POINT('',(15.,-45.));
#6523 = VECTOR('',#6524,1.);
#6524 = DIRECTION('',(0.,-1.));
#6525 = ( GEOMETRIC_REPRESENTATION_CONTEXT(2) 
PARAMETRIC_REPRESENTATION_CONTEXT() REPRESENTATION_CONTEXT('2D SPACE',''
  ) );
#6526 = ORIENTED_EDGE('',*,*,#6527,.F.);
#6527 = EDGE_CURVE('',#6442,#6500,#6528,.T.);
#6528 = SURFACE_CURVE('',#6529,(#6533,#6540),.PCURVE_S1.);
#6529 = LINE('',#6530,#6531);
#6530 = CARTESIAN_POINT('',(1.345E+03,-47.,506.));
#6531 = VECTOR('',#6532,1.);
#6532 = DIRECTION('',(0.,1.,0.));
#6533 = PCURVE('',#5918,#6534);
#6534 = DEFINITIONAL_REPRESENTATION('',(#6535),#6539);
#6535 = LINE('',#6536,#6537);
#6536 = CARTESIAN_POINT('',(410.,253.));
#6537 = VECTOR('',#6538,1.);
#6538 = DIRECTION('',(0.,1.));
#6539 = ( GEOMETRIC_REPRESENTATION_CONTEXT(2) 
PARAMETRIC_REPRESENTATION_CONTEXT() REPRESENTATION_CONTEXT('2D SPACE',''
  ) );
#6540 = PCURVE('',#6541,#6546);
#6541 = PLANE('',#6542);
#6542 = AXIS2_PLACEMENT_3D('',#6543,#6544,#6545);
#6543 = CARTESIAN_POINT('',(1.345E+03,206.,491.));
#6544 = DIRECTION('',(1.,0.,0.));
#6545 = DIRECTION('',(0.,0.,1.));
#6546 = DEFINITIONAL_REPRESENTATION('',(#6547),#6551);
#6547 = LINE('',#6548,#6549);
#6548 = CARTESIAN_POINT('',(15.,253.));
#6549 = VECTOR('',#6550,1.);
#6550 = DIRECTION('',(0.,-1.));
#6551 = ( GEOMETRIC_REPRESENTATION_CONTEXT(2) 
PARAMETRIC_REPRESENTATION_CONTEXT() REPRESENTATION_CONTEXT('2D SPACE',''
  ) );
#6552 = ADVANCED_FACE('',(#6553),#5892,.F.);
#6553 = FACE_BOUND('',#6554,.F.);
#6554 = EDGE_LOOP('',(#6555,#6556,#6584,#6612));
#6555 = ORIENTED_EDGE('',*,*,#5876,.F.);
#6556 = ORIENTED_EDGE('',*,*,#6557,.T.);
#6557 = EDGE_CURVE('',#5849,#6558,#6560,.T.);
#6558 = VERTEX_POINT('',#6559);
#6559 = CARTESIAN_POINT('',(935.,360.,494.));
#6560 = SURFACE_CURVE('',#6561,(#6565,#6572),.PCURVE_S1.);
#6561 = LINE('',#6562,#6563);
#6562 = CARTESIAN_POINT('',(935.,300.,494.));
#6563 = VECTOR('',#6564,1.);
#6564 = DIRECTION('',(0.,1.,0.));
#6565 = PCURVE('',#5892,#6566);
#6566 = DEFINITIONAL_REPRESENTATION('',(#6567),#6571);
#6567 = LINE('',#6568,#6569);
#6568 = CARTESIAN_POINT('',(0.,0.));
#6569 = VECTOR('',#6570,1.);
#6570 = DIRECTION('',(0.,-1.));
#6571 = ( GEOMETRIC_REPRESENTATION_CONTEXT(2) 
PARAMETRIC_REPRESENTATION_CONTEXT() REPRESENTATION_CONTEXT('2D SPACE',''
  ) );
#6572 = PCURVE('',#6573,#6578);
#6573 = PLANE('',#6574);
#6574 = AXIS2_PLACEMENT_3D('',#6575,#6576,#6577);
#6575 = CARTESIAN_POINT('',(935.,300.,494.));
#6576 = DIRECTION('',(0.,0.,1.));
#6577 = DIRECTION('',(1.,0.,0.));
#6578 = DEFINITIONAL_REPRESENTATION('',(#6579),#6583);
#6579 = LINE('',#6580,#6581);
#6580 = CARTESIAN_POINT('',(0.,0.));
#6581 = VECTOR('',#6582,1.);
#6582 = DIRECTION('',(0.,1.));
#6583 = ( GEOMETRIC_REPRESENTATION_CONTEXT(2) 
PARAMETRIC_REPRESENTATION_CONTEXT() REPRESENTATION_CONTEXT('2D SPACE',''
  ) );
#6584 = ORIENTED_EDGE('',*,*,#6585,.T.);
#6585 = EDGE_CURVE('',#6558,#6586,#6588,.T.);
#6586 = VERTEX_POINT('',#6587);
#6587 = CARTESIAN_POINT('',(935.,360.,506.));
#6588 = SURFACE_CURVE('',#6589,(#6593,#6600),.PCURVE_S1.);
#6589 = LINE('',#6590,#6591);
#6590 = CARTESIAN_POINT('',(935.,360.,494.));
#6591 = VECTOR('',#6592,1.);
#6592 = DIRECTION('',(0.,0.,1.));
#6593 = PCURVE('',#5892,#6594);
#6594 = DEFINITIONAL_REPRESENTATION('',(#6595),#6599);
#6595 = LINE('',#6596,#6597);
#6596 = CARTESIAN_POINT('',(0.,-60.));
#6597 = VECTOR('',#6598,1.);
#6598 = DIRECTION('',(1.,0.));
#6599 = ( GEOMETRIC_REPRESENTATION_CONTEXT(2) 
PARAMETRIC_REPRESENTATION_CONTEXT() REPRESENTATION_CONTEXT('2D SPACE',''
  ) );
#6600 = PCURVE('',#6601,#6606);
#6601 = PLANE('',#6602);
#6602 = AXIS2_PLACEMENT_3D('',#6603,#6604,#6605);
#6603 = CARTESIAN_POINT('',(935.,360.,494.));
#6604 = DIRECTION('',(0.,1.,0.));
#6605 = DIRECTION('',(0.,0.,1.));
#6606 = DEFINITIONAL_REPRESENTATION('',(#6607),#6611);
#6607 = LINE('',#6608,#6609);
#6608 = CARTESIAN_POINT('',(0.,0.));
#6609 = VECTOR('',#6610,1.);
#6610 = DIRECTION('',(1.,0.));
#6611 = ( GEOMETRIC_REPRESENTATION_CONTEXT(2) 
PARAMETRIC_REPRESENTATION_CONTEXT() REPRESENTATION_CONTEXT('2D SPACE',''
  ) );
#6612 = ORIENTED_EDGE('',*,*,#6613,.F.);
#6613 = EDGE_CURVE('',#5877,#6586,#6614,.T.);
#6614 = SURFACE_CURVE('',#6615,(#6619,#6626),.PCURVE_S1.);
#6615 = LINE('',#6616,#6617);
#6616 = CARTESIAN_POINT('',(935.,300.,506.));
#6617 = VECTOR('',#6618,1.);
#6618 = DIRECTION('',(0.,1.,0.));
#6619 = PCURVE('',#5892,#6620);
#6620 = DEFINITIONAL_REPRESENTATION('',(#6621),#6625);
#6621 = LINE('',#6622,#6623);
#6622 = CARTESIAN_POINT('',(12.,0.));
#6623 = VECTOR('',#6624,1.);
#6624 = DIRECTION('',(0.,-1.));
#6625 = ( GEOMETRIC_REPRESENTATION_CONTEXT(2) 
PARAMETRIC_REPRESENTATION_CONTEXT() REPRESENTATION_CONTEXT('2D SPACE',''
  ) );
#6626 = PCURVE('',#6085,#6627);
#6627 = DEFINITIONAL_REPRESENTATION('',(#6628),#6632);
#6628 = LINE('',#6629,#6630);
#6629 = CARTESIAN_POINT('',(0.,0.));
#6630 = VECTOR('',#6631,1.);
#6631 = DIRECTION('',(0.,1.));
#6632 = ( GEOMETRIC_REPRESENTATION_CONTEXT(2) 
PARAMETRIC_REPRESENTATION_CONTEXT() REPRESENTATION_CONTEXT('2D SPACE',''
  ) );
#6633 = ADVANCED_FACE('',(#6634,#6704,#6798,#6892,#6986),#5864,.F.);
#6634 = FACE_BOUND('',#6635,.F.);
#6635 = EDGE_LOOP('',(#6636,#6637,#6660,#6683));
#6636 = ORIENTED_EDGE('',*,*,#5848,.F.);
#6637 = ORIENTED_EDGE('',*,*,#6638,.T.);
#6638 = EDGE_CURVE('',#5814,#6639,#6641,.T.);
#6639 = VERTEX_POINT('',#6640);
#6640 = CARTESIAN_POINT('',(1.395E+03,-300.,494.));
#6641 = SURFACE_CURVE('',#6642,(#6646,#6653),.PCURVE_S1.);
#6642 = LINE('',#6643,#6644);
#6643 = CARTESIAN_POINT('',(935.,-300.,494.));
#6644 = VECTOR('',#6645,1.);
#6645 = DIRECTION('',(1.,0.,0.));
#6646 = PCURVE('',#5864,#6647);
#6647 = DEFINITIONAL_REPRESENTATION('',(#6648),#6652);
#6648 = LINE('',#6649,#6650);
#6649 = CARTESIAN_POINT('',(0.,0.));
#6650 = VECTOR('',#6651,1.);
#6651 = DIRECTION('',(1.,0.));
#6652 = ( GEOMETRIC_REPRESENTATION_CONTEXT(2) 
PARAMETRIC_REPRESENTATION_CONTEXT() REPRESENTATION_CONTEXT('2D SPACE',''
  ) );
#6653 = PCURVE('',#5977,#6654);
#6654 = DEFINITIONAL_REPRESENTATION('',(#6655),#6659);
#6655 = LINE('',#6656,#6657);
#6656 = CARTESIAN_POINT('',(0.,60.));
#6657 = VECTOR('',#6658,1.);
#6658 = DIRECTION('',(1.,0.));
#6659 = ( GEOMETRIC_REPRESENTATION_CONTEXT(2) 
PARAMETRIC_REPRESENTATION_CONTEXT() REPRESENTATION_CONTEXT('2D SPACE',''
  ) );
#6660 = ORIENTED_EDGE('',*,*,#6661,.T.);
#6661 = EDGE_CURVE('',#6639,#6662,#6664,.T.);
#6662 = VERTEX_POINT('',#6663);
#6663 = CARTESIAN_POINT('',(1.395E+03,300.,494.));
#6664 = SURFACE_CURVE('',#6665,(#6669,#6676),.PCURVE_S1.);
#6665 = LINE('',#6666,#6667);
#6666 = CARTESIAN_POINT('',(1.395E+03,-300.,494.));
#6667 = VECTOR('',#6668,1.);
#6668 = DIRECTION('',(0.,1.,0.));
#6669 = PCURVE('',#5864,#6670);
#6670 = DEFINITIONAL_REPRESENTATION('',(#6671),#6675);
#6671 = LINE('',#6672,#6673);
#6672 = CARTESIAN_POINT('',(460.,0.));
#6673 = VECTOR('',#6674,1.);
#6674 = DIRECTION('',(0.,1.));
#6675 = ( GEOMETRIC_REPRESENTATION_CONTEXT(2) 
PARAMETRIC_REPRESENTATION_CONTEXT() REPRESENTATION_CONTEXT('2D SPACE',''
  ) );
#6676 = PCURVE('',#6059,#6677);
#6677 = DEFINITIONAL_REPRESENTATION('',(#6678),#6682);
#6678 = LINE('',#6679,#6680);
#6679 = CARTESIAN_POINT('',(0.,0.));
#6680 = VECTOR('',#6681,1.);
#6681 = DIRECTION('',(0.,-1.));
#6682 = ( GEOMETRIC_REPRESENTATION_CONTEXT(2) 
PARAMETRIC_REPRESENTATION_CONTEXT() REPRESENTATION_CONTEXT('2D SPACE',''
  ) );
#6683 = ORIENTED_EDGE('',*,*,#6684,.F.);
#6684 = EDGE_CURVE('',#5849,#6662,#6685,.T.);
#6685 = SURFACE_CURVE('',#6686,(#6690,#6697),.PCURVE_S1.);
#6686 = LINE('',#6687,#6688);
#6687 = CARTESIAN_POINT('',(935.,300.,494.));
#6688 = VECTOR('',#6689,1.);
#6689 = DIRECTION('',(1.,0.,0.));
#6690 = PCURVE('',#5864,#6691);
#6691 = DEFINITIONAL_REPRESENTATION('',(#6692),#6696);
#6692 = LINE('',#6693,#6694);
#6693 = CARTESIAN_POINT('',(0.,600.));
#6694 = VECTOR('',#6695,1.);
#6695 = DIRECTION('',(1.,0.));
#6696 = ( GEOMETRIC_REPRESENTATION_CONTEXT(2) 
PARAMETRIC_REPRESENTATION_CONTEXT() REPRESENTATION_CONTEXT('2D SPACE',''
  ) );
#6697 = PCURVE('',#6573,#6698);
#6698 = DEFINITIONAL_REPRESENTATION('',(#6699),#6703);
#6699 = LINE('',#6700,#6701);
#6700 = CARTESIAN_POINT('',(0.,0.));
#6701 = VECTOR('',#6702,1.);
#6702 = DIRECTION('',(1.,0.));
#6703 = ( GEOMETRIC_REPRESENTATION_CONTEXT(2) 
PARAMETRIC_REPRESENTATION_CONTEXT() REPRESENTATION_CONTEXT('2D SPACE',''
  ) );
#6704 = FACE_BOUND('',#6705,.F.);
#6705 = EDGE_LOOP('',(#6706,#6731,#6754,#6777));
#6706 = ORIENTED_EDGE('',*,*,#6707,.T.);
#6707 = EDGE_CURVE('',#6708,#6710,#6712,.T.);
#6708 = VERTEX_POINT('',#6709);
#6709 = CARTESIAN_POINT('',(1.345E+03,-234.,494.));
#6710 = VERTEX_POINT('',#6711);
#6711 = CARTESIAN_POINT('',(1.025E+03,-234.,494.));
#6712 = SURFACE_CURVE('',#6713,(#6717,#6724),.PCURVE_S1.);
#6713 = LINE('',#6714,#6715);
#6714 = CARTESIAN_POINT('',(980.,-234.,494.));
#6715 = VECTOR('',#6716,1.);
#6716 = DIRECTION('',(-1.,0.,0.));
#6717 = PCURVE('',#5864,#6718);
#6718 = DEFINITIONAL_REPRESENTATION('',(#6719),#6723);
#6719 = LINE('',#6720,#6721);
#6720 = CARTESIAN_POINT('',(45.,66.));
#6721 = VECTOR('',#6722,1.);
#6722 = DIRECTION('',(-1.,0.));
#6723 = ( GEOMETRIC_REPRESENTATION_CONTEXT(2) 
PARAMETRIC_REPRESENTATION_CONTEXT() REPRESENTATION_CONTEXT('2D SPACE',''
  ) );
#6724 = PCURVE('',#6117,#6725);
#6725 = DEFINITIONAL_REPRESENTATION('',(#6726),#6730);
#6726 = LINE('',#6727,#6728);
#6727 = CARTESIAN_POINT('',(3.,-45.));
#6728 = VECTOR('',#6729,1.);
#6729 = DIRECTION('',(0.,-1.));
#6730 = ( GEOMETRIC_REPRESENTATION_CONTEXT(2) 
PARAMETRIC_REPRESENTATION_CONTEXT() REPRESENTATION_CONTEXT('2D SPACE',''
  ) );
#6731 = ORIENTED_EDGE('',*,*,#6732,.T.);
#6732 = EDGE_CURVE('',#6710,#6733,#6735,.T.);
#6733 = VERTEX_POINT('',#6734);
#6734 = CARTESIAN_POINT('',(1.025E+03,-206.,494.));
#6735 = SURFACE_CURVE('',#6736,(#6740,#6747),.PCURVE_S1.);
#6736 = LINE('',#6737,#6738);
#6737 = CARTESIAN_POINT('',(1.025E+03,-267.,494.));
#6738 = VECTOR('',#6739,1.);
#6739 = DIRECTION('',(0.,1.,0.));
#6740 = PCURVE('',#5864,#6741);
#6741 = DEFINITIONAL_REPRESENTATION('',(#6742),#6746);
#6742 = LINE('',#6743,#6744);
#6743 = CARTESIAN_POINT('',(90.,33.));
#6744 = VECTOR('',#6745,1.);
#6745 = DIRECTION('',(0.,1.));
#6746 = ( GEOMETRIC_REPRESENTATION_CONTEXT(2) 
PARAMETRIC_REPRESENTATION_CONTEXT() REPRESENTATION_CONTEXT('2D SPACE',''
  ) );
#6747 = PCURVE('',#6145,#6748);
#6748 = DEFINITIONAL_REPRESENTATION('',(#6749),#6753);
#6749 = LINE('',#6750,#6751);
#6750 = CARTESIAN_POINT('',(3.,33.));
#6751 = VECTOR('',#6752,1.);
#6752 = DIRECTION('',(0.,-1.));
#6753 = ( GEOMETRIC_REPRESENTATION_CONTEXT(2) 
PARAMETRIC_REPRESENTATION_CONTEXT() REPRESENTATION_CONTEXT('2D SPACE',''
  ) );
#6754 = ORIENTED_EDGE('',*,*,#6755,.F.);
#6755 = EDGE_CURVE('',#6756,#6733,#6758,.T.);
#6756 = VERTEX_POINT('',#6757);
#6757 = CARTESIAN_POINT('',(1.345E+03,-206.,494.));
#6758 = SURFACE_CURVE('',#6759,(#6763,#6770),.PCURVE_S1.);
#6759 = LINE('',#6760,#6761);
#6760 = CARTESIAN_POINT('',(980.,-206.,494.));
#6761 = VECTOR('',#6762,1.);
#6762 = DIRECTION('',(-1.,0.,0.));
#6763 = PCURVE('',#5864,#6764);
#6764 = DEFINITIONAL_REPRESENTATION('',(#6765),#6769);
#6765 = LINE('',#6766,#6767);
#6766 = CARTESIAN_POINT('',(45.,94.));
#6767 = VECTOR('',#6768,1.);
#6768 = DIRECTION('',(-1.,0.));
#6769 = ( GEOMETRIC_REPRESENTATION_CONTEXT(2) 
PARAMETRIC_REPRESENTATION_CONTEXT() REPRESENTATION_CONTEXT('2D SPACE',''
  ) );
#6770 = PCURVE('',#6173,#6771);
#6771 = DEFINITIONAL_REPRESENTATION('',(#6772),#6776);
#6772 = LINE('',#6773,#6774);
#6773 = CARTESIAN_POINT('',(3.,-45.));
#6774 = VECTOR('',#6775,1.);
#6775 = DIRECTION('',(0.,-1.));
#6776 = ( GEOMETRIC_REPRESENTATION_CONTEXT(2) 
PARAMETRIC_REPRESENTATION_CONTEXT() REPRESENTATION_CONTEXT('2D SPACE',''
  ) );
#6777 = ORIENTED_EDGE('',*,*,#6778,.F.);
#6778 = EDGE_CURVE('',#6708,#6756,#6779,.T.);
#6779 = SURFACE_CURVE('',#6780,(#6784,#6791),.PCURVE_S1.);
#6780 = LINE('',#6781,#6782);
#6781 = CARTESIAN_POINT('',(1.345E+03,-267.,494.));
#6782 = VECTOR('',#6783,1.);
#6783 = DIRECTION('',(0.,1.,0.));
#6784 = PCURVE('',#5864,#6785);
#6785 = DEFINITIONAL_REPRESENTATION('',(#6786),#6790);
#6786 = LINE('',#6787,#6788);
#6787 = CARTESIAN_POINT('',(410.,33.));
#6788 = VECTOR('',#6789,1.);
#6789 = DIRECTION('',(0.,1.));
#6790 = ( GEOMETRIC_REPRESENTATION_CONTEXT(2) 
PARAMETRIC_REPRESENTATION_CONTEXT() REPRESENTATION_CONTEXT('2D SPACE',''
  ) );
#6791 = PCURVE('',#6199,#6792);
#6792 = DEFINITIONAL_REPRESENTATION('',(#6793),#6797);
#6793 = LINE('',#6794,#6795);
#6794 = CARTESIAN_POINT('',(3.,33.));
#6795 = VECTOR('',#6796,1.);
#6796 = DIRECTION('',(0.,-1.));
#6797 = ( GEOMETRIC_REPRESENTATION_CONTEXT(2) 
PARAMETRIC_REPRESENTATION_CONTEXT() REPRESENTATION_CONTEXT('2D SPACE',''
  ) );
#6798 = FACE_BOUND('',#6799,.F.);
#6799 = EDGE_LOOP('',(#6800,#6825,#6848,#6871));
#6800 = ORIENTED_EDGE('',*,*,#6801,.T.);
#6801 = EDGE_CURVE('',#6802,#6804,#6806,.T.);
#6802 = VERTEX_POINT('',#6803);
#6803 = CARTESIAN_POINT('',(1.345E+03,-184.,494.));
#6804 = VERTEX_POINT('',#6805);
#6805 = CARTESIAN_POINT('',(1.025E+03,-184.,494.));
#6806 = SURFACE_CURVE('',#6807,(#6811,#6818),.PCURVE_S1.);
#6807 = LINE('',#6808,#6809);
#6808 = CARTESIAN_POINT('',(980.,-184.,494.));
#6809 = VECTOR('',#6810,1.);
#6810 = DIRECTION('',(-1.,0.,0.));
#6811 = PCURVE('',#5864,#6812);
#6812 = DEFINITIONAL_REPRESENTATION('',(#6813),#6817);
#6813 = LINE('',#6814,#6815);
#6814 = CARTESIAN_POINT('',(45.,116.));
#6815 = VECTOR('',#6816,1.);
#6816 = DIRECTION('',(-1.,0.));
#6817 = ( GEOMETRIC_REPRESENTATION_CONTEXT(2) 
PARAMETRIC_REPRESENTATION_CONTEXT() REPRESENTATION_CONTEXT('2D SPACE',''
  ) );
#6818 = PCURVE('',#6231,#6819);
#6819 = DEFINITIONAL_REPRESENTATION('',(#6820),#6824);
#6820 = LINE('',#6821,#6822);
#6821 = CARTESIAN_POINT('',(3.,-45.));
#6822 = VECTOR('',#6823,1.);
#6823 = DIRECTION('',(0.,-1.));
#6824 = ( GEOMETRIC_REPRESENTATION_CONTEXT(2) 
PARAMETRIC_REPRESENTATION_CONTEXT() REPRESENTATION_CONTEXT('2D SPACE',''
  ) );
#6825 = ORIENTED_EDGE('',*,*,#6826,.T.);
#6826 = EDGE_CURVE('',#6804,#6827,#6829,.T.);
#6827 = VERTEX_POINT('',#6828);
#6828 = CARTESIAN_POINT('',(1.025E+03,-156.,494.));
#6829 = SURFACE_CURVE('',#6830,(#6834,#6841),.PCURVE_S1.);
#6830 = LINE('',#6831,#6832);
#6831 = CARTESIAN_POINT('',(1.025E+03,-242.,494.));
#6832 = VECTOR('',#6833,1.);
#6833 = DIRECTION('',(0.,1.,0.));
#6834 = PCURVE('',#5864,#6835);
#6835 = DEFINITIONAL_REPRESENTATION('',(#6836),#6840);
#6836 = LINE('',#6837,#6838);
#6837 = CARTESIAN_POINT('',(90.,58.));
#6838 = VECTOR('',#6839,1.);
#6839 = DIRECTION('',(0.,1.));
#6840 = ( GEOMETRIC_REPRESENTATION_CONTEXT(2) 
PARAMETRIC_REPRESENTATION_CONTEXT() REPRESENTATION_CONTEXT('2D SPACE',''
  ) );
#6841 = PCURVE('',#6259,#6842);
#6842 = DEFINITIONAL_REPRESENTATION('',(#6843),#6847);
#6843 = LINE('',#6844,#6845);
#6844 = CARTESIAN_POINT('',(3.,58.));
#6845 = VECTOR('',#6846,1.);
#6846 = DIRECTION('',(0.,-1.));
#6847 = ( GEOMETRIC_REPRESENTATION_CONTEXT(2) 
PARAMETRIC_REPRESENTATION_CONTEXT() REPRESENTATION_CONTEXT('2D SPACE',''
  ) );
#6848 = ORIENTED_EDGE('',*,*,#6849,.F.);
#6849 = EDGE_CURVE('',#6850,#6827,#6852,.T.);
#6850 = VERTEX_POINT('',#6851);
#6851 = CARTESIAN_POINT('',(1.345E+03,-156.,494.));
#6852 = SURFACE_CURVE('',#6853,(#6857,#6864),.PCURVE_S1.);
#6853 = LINE('',#6854,#6855);
#6854 = CARTESIAN_POINT('',(980.,-156.,494.));
#6855 = VECTOR('',#6856,1.);
#6856 = DIRECTION('',(-1.,0.,0.));
#6857 = PCURVE('',#5864,#6858);
#6858 = DEFINITIONAL_REPRESENTATION('',(#6859),#6863);
#6859 = LINE('',#6860,#6861);
#6860 = CARTESIAN_POINT('',(45.,144.));
#6861 = VECTOR('',#6862,1.);
#6862 = DIRECTION('',(-1.,0.));
#6863 = ( GEOMETRIC_REPRESENTATION_CONTEXT(2) 
PARAMETRIC_REPRESENTATION_CONTEXT() REPRESENTATION_CONTEXT('2D SPACE',''
  ) );
#6864 = PCURVE('',#6287,#6865);
#6865 = DEFINITIONAL_REPRESENTATION('',(#6866),#6870);
#6866 = LINE('',#6867,#6868);
#6867 = CARTESIAN_POINT('',(3.,-45.));
#6868 = VECTOR('',#6869,1.);
#6869 = DIRECTION('',(0.,-1.));
#6870 = ( GEOMETRIC_REPRESENTATION_CONTEXT(2) 
PARAMETRIC_REPRESENTATION_CONTEXT() REPRESENTATION_CONTEXT('2D SPACE',''
  ) );
#6871 = ORIENTED_EDGE('',*,*,#6872,.F.);
#6872 = EDGE_CURVE('',#6802,#6850,#6873,.T.);
#6873 = SURFACE_CURVE('',#6874,(#6878,#6885),.PCURVE_S1.);
#6874 = LINE('',#6875,#6876);
#6875 = CARTESIAN_POINT('',(1.345E+03,-242.,494.));
#6876 = VECTOR('',#6877,1.);
#6877 = DIRECTION('',(0.,1.,0.));
#6878 = PCURVE('',#5864,#6879);
#6879 = DEFINITIONAL_REPRESENTATION('',(#6880),#6884);
#6880 = LINE('',#6881,#6882);
#6881 = CARTESIAN_POINT('',(410.,58.));
#6882 = VECTOR('',#6883,1.);
#6883 = DIRECTION('',(0.,1.));
#6884 = ( GEOMETRIC_REPRESENTATION_CONTEXT(2) 
PARAMETRIC_REPRESENTATION_CONTEXT() REPRESENTATION_CONTEXT('2D SPACE',''
  ) );
#6885 = PCURVE('',#6313,#6886);
#6886 = DEFINITIONAL_REPRESENTATION('',(#6887),#6891);
#6887 = LINE('',#6888,#6889);
#6888 = CARTESIAN_POINT('',(3.,58.));
#6889 = VECTOR('',#6890,1.);
#6890 = DIRECTION('',(0.,-1.));
#6891 = ( GEOMETRIC_REPRESENTATION_CONTEXT(2) 
PARAMETRIC_REPRESENTATION_CONTEXT() REPRESENTATION_CONTEXT('2D SPACE',''
  ) );
#6892 = FACE_BOUND('',#6893,.F.);
#6893 = EDGE_LOOP('',(#6894,#6919,#6942,#6965));
#6894 = ORIENTED_EDGE('',*,*,#6895,.T.);
#6895 = EDGE_CURVE('',#6896,#6898,#6900,.T.);
#6896 = VERTEX_POINT('',#6897);
#6897 = CARTESIAN_POINT('',(1.345E+03,156.,494.));
#6898 = VERTEX_POINT('',#6899);
#6899 = CARTESIAN_POINT('',(1.025E+03,156.,494.));
#6900 = SURFACE_CURVE('',#6901,(#6905,#6912),.PCURVE_S1.);
#6901 = LINE('',#6902,#6903);
#6902 = CARTESIAN_POINT('',(980.,156.,494.));
#6903 = VECTOR('',#6904,1.);
#6904 = DIRECTION('',(-1.,0.,0.));
#6905 = PCURVE('',#5864,#6906);
#6906 = DEFINITIONAL_REPRESENTATION('',(#6907),#6911);
#6907 = LINE('',#6908,#6909);
#6908 = CARTESIAN_POINT('',(45.,456.));
#6909 = VECTOR('',#6910,1.);
#6910 = DIRECTION('',(-1.,0.));
#6911 = ( GEOMETRIC_REPRESENTATION_CONTEXT(2) 
PARAMETRIC_REPRESENTATION_CONTEXT() REPRESENTATION_CONTEXT('2D SPACE',''
  ) );
#6912 = PCURVE('',#6345,#6913);
#6913 = DEFINITIONAL_REPRESENTATION('',(#6914),#6918);
#6914 = LINE('',#6915,#6916);
#6915 = CARTESIAN_POINT('',(3.,-45.));
#6916 = VECTOR('',#6917,1.);
#6917 = DIRECTION('',(0.,-1.));
#6918 = ( GEOMETRIC_REPRESENTATION_CONTEXT(2) 
PARAMETRIC_REPRESENTATION_CONTEXT() REPRESENTATION_CONTEXT('2D SPACE',''
  ) );
#6919 = ORIENTED_EDGE('',*,*,#6920,.T.);
#6920 = EDGE_CURVE('',#6898,#6921,#6923,.T.);
#6921 = VERTEX_POINT('',#6922);
#6922 = CARTESIAN_POINT('',(1.025E+03,184.,494.));
#6923 = SURFACE_CURVE('',#6924,(#6928,#6935),.PCURVE_S1.);
#6924 = LINE('',#6925,#6926);
#6925 = CARTESIAN_POINT('',(1.025E+03,-72.,494.));
#6926 = VECTOR('',#6927,1.);
#6927 = DIRECTION('',(0.,1.,0.));
#6928 = PCURVE('',#5864,#6929);
#6929 = DEFINITIONAL_REPRESENTATION('',(#6930),#6934);
#6930 = LINE('',#6931,#6932);
#6931 = CARTESIAN_POINT('',(90.,228.));
#6932 = VECTOR('',#6933,1.);
#6933 = DIRECTION('',(0.,1.));
#6934 = ( GEOMETRIC_REPRESENTATION_CONTEXT(2) 
PARAMETRIC_REPRESENTATION_CONTEXT() REPRESENTATION_CONTEXT('2D SPACE',''
  ) );
#6935 = PCURVE('',#6373,#6936);
#6936 = DEFINITIONAL_REPRESENTATION('',(#6937),#6941);
#6937 = LINE('',#6938,#6939);
#6938 = CARTESIAN_POINT('',(3.,228.));
#6939 = VECTOR('',#6940,1.);
#6940 = DIRECTION('',(0.,-1.));
#6941 = ( GEOMETRIC_REPRESENTATION_CONTEXT(2) 
PARAMETRIC_REPRESENTATION_CONTEXT() REPRESENTATION_CONTEXT('2D SPACE',''
  ) );
#6942 = ORIENTED_EDGE('',*,*,#6943,.F.);
#6943 = EDGE_CURVE('',#6944,#6921,#6946,.T.);
#6944 = VERTEX_POINT('',#6945);
#6945 = CARTESIAN_POINT('',(1.345E+03,184.,494.));
#6946 = SURFACE_CURVE('',#6947,(#6951,#6958),.PCURVE_S1.);
#6947 = LINE('',#6948,#6949);
#6948 = CARTESIAN_POINT('',(980.,184.,494.));
#6949 = VECTOR('',#6950,1.);
#6950 = DIRECTION('',(-1.,0.,0.));
#6951 = PCURVE('',#5864,#6952);
#6952 = DEFINITIONAL_REPRESENTATION('',(#6953),#6957);
#6953 = LINE('',#6954,#6955);
#6954 = CARTESIAN_POINT('',(45.,484.));
#6955 = VECTOR('',#6956,1.);
#6956 = DIRECTION('',(-1.,0.));
#6957 = ( GEOMETRIC_REPRESENTATION_CONTEXT(2) 
PARAMETRIC_REPRESENTATION_CONTEXT() REPRESENTATION_CONTEXT('2D SPACE',''
  ) );
#6958 = PCURVE('',#6401,#6959);
#6959 = DEFINITIONAL_REPRESENTATION('',(#6960),#6964);
#6960 = LINE('',#6961,#6962);
#6961 = CARTESIAN_POINT('',(3.,-45.));
#6962 = VECTOR('',#6963,1.);
#6963 = DIRECTION('',(0.,-1.));
#6964 = ( GEOMETRIC_REPRESENTATION_CONTEXT(2) 
PARAMETRIC_REPRESENTATION_CONTEXT() REPRESENTATION_CONTEXT('2D SPACE',''
  ) );
#6965 = ORIENTED_EDGE('',*,*,#6966,.F.);
#6966 = EDGE_CURVE('',#6896,#6944,#6967,.T.);
#6967 = SURFACE_CURVE('',#6968,(#6972,#6979),.PCURVE_S1.);
#6968 = LINE('',#6969,#6970);
#6969 = CARTESIAN_POINT('',(1.345E+03,-72.,494.));
#6970 = VECTOR('',#6971,1.);
#6971 = DIRECTION('',(0.,1.,0.));
#6972 = PCURVE('',#5864,#6973);
#6973 = DEFINITIONAL_REPRESENTATION('',(#6974),#6978);
#6974 = LINE('',#6975,#6976);
#6975 = CARTESIAN_POINT('',(410.,228.));
#6976 = VECTOR('',#6977,1.);
#6977 = DIRECTION('',(0.,1.));
#6978 = ( GEOMETRIC_REPRESENTATION_CONTEXT(2) 
PARAMETRIC_REPRESENTATION_CONTEXT() REPRESENTATION_CONTEXT('2D SPACE',''
  ) );
#6979 = PCURVE('',#6427,#6980);
#6980 = DEFINITIONAL_REPRESENTATION('',(#6981),#6985);
#6981 = LINE('',#6982,#6983);
#6982 = CARTESIAN_POINT('',(3.,228.));
#6983 = VECTOR('',#6984,1.);
#6984 = DIRECTION('',(0.,-1.));
#6985 = ( GEOMETRIC_REPRESENTATION_CONTEXT(2) 
PARAMETRIC_REPRESENTATION_CONTEXT() REPRESENTATION_CONTEXT('2D SPACE',''
  ) );
#6986 = FACE_BOUND('',#6987,.F.);
#6987 = EDGE_LOOP('',(#6988,#7013,#7036,#7059));
#6988 = ORIENTED_EDGE('',*,*,#6989,.T.);
#6989 = EDGE_CURVE('',#6990,#6992,#6994,.T.);
#6990 = VERTEX_POINT('',#6991);
#6991 = CARTESIAN_POINT('',(1.345E+03,206.,494.));
#6992 = VERTEX_POINT('',#6993);
#6993 = CARTESIAN_POINT('',(1.025E+03,206.,494.));
#6994 = SURFACE_CURVE('',#6995,(#6999,#7006),.PCURVE_S1.);
#6995 = LINE('',#6996,#6997);
#6996 = CARTESIAN_POINT('',(980.,206.,494.));
#6997 = VECTOR('',#6998,1.);
#6998 = DIRECTION('',(-1.,0.,0.));
#6999 = PCURVE('',#5864,#7000);
#7000 = DEFINITIONAL_REPRESENTATION('',(#7001),#7005);
#7001 = LINE('',#7002,#7003);
#7002 = CARTESIAN_POINT('',(45.,506.));
#7003 = VECTOR('',#7004,1.);
#7004 = DIRECTION('',(-1.,0.));
#7005 = ( GEOMETRIC_REPRESENTATION_CONTEXT(2) 
PARAMETRIC_REPRESENTATION_CONTEXT() REPRESENTATION_CONTEXT('2D SPACE',''
  ) );
#7006 = PCURVE('',#6459,#7007);
#7007 = DEFINITIONAL_REPRESENTATION('',(#7008),#7012);
#7008 = LINE('',#7009,#7010);
#7009 = CARTESIAN_POINT('',(3.,-45.));
#7010 = VECTOR('',#7011,1.);
#7011 = DIRECTION('',(0.,-1.));
#7012 = ( GEOMETRIC_REPRESENTATION_CONTEXT(2) 
PARAMETRIC_REPRESENTATION_CONTEXT() REPRESENTATION_CONTEXT('2D SPACE',''
  ) );
#7013 = ORIENTED_EDGE('',*,*,#7014,.T.);
#7014 = EDGE_CURVE('',#6992,#7015,#7017,.T.);
#7015 = VERTEX_POINT('',#7016);
#7016 = CARTESIAN_POINT('',(1.025E+03,234.,494.));
#7017 = SURFACE_CURVE('',#7018,(#7022,#7029),.PCURVE_S1.);
#7018 = LINE('',#7019,#7020);
#7019 = CARTESIAN_POINT('',(1.025E+03,-47.,494.));
#7020 = VECTOR('',#7021,1.);
#7021 = DIRECTION('',(0.,1.,0.));
#7022 = PCURVE('',#5864,#7023);
#7023 = DEFINITIONAL_REPRESENTATION('',(#7024),#7028);
#7024 = LINE('',#7025,#7026);
#7025 = CARTESIAN_POINT('',(90.,253.));
#7026 = VECTOR('',#7027,1.);
#7027 = DIRECTION('',(0.,1.));
#7028 = ( GEOMETRIC_REPRESENTATION_CONTEXT(2) 
PARAMETRIC_REPRESENTATION_CONTEXT() REPRESENTATION_CONTEXT('2D SPACE',''
  ) );
#7029 = PCURVE('',#6487,#7030);
#7030 = DEFINITIONAL_REPRESENTATION('',(#7031),#7035);
#7031 = LINE('',#7032,#7033);
#7032 = CARTESIAN_POINT('',(3.,253.));
#7033 = VECTOR('',#7034,1.);
#7034 = DIRECTION('',(0.,-1.));
#7035 = ( GEOMETRIC_REPRESENTATION_CONTEXT(2) 
PARAMETRIC_REPRESENTATION_CONTEXT() REPRESENTATION_CONTEXT('2D SPACE',''
  ) );
#7036 = ORIENTED_EDGE('',*,*,#7037,.F.);
#7037 = EDGE_CURVE('',#7038,#7015,#7040,.T.);
#7038 = VERTEX_POINT('',#7039);
#7039 = CARTESIAN_POINT('',(1.345E+03,234.,494.));
#7040 = SURFACE_CURVE('',#7041,(#7045,#7052),.PCURVE_S1.);
#7041 = LINE('',#7042,#7043);
#7042 = CARTESIAN_POINT('',(980.,234.,494.));
#7043 = VECTOR('',#7044,1.);
#7044 = DIRECTION('',(-1.,0.,0.));
#7045 = PCURVE('',#5864,#7046);
#7046 = DEFINITIONAL_REPRESENTATION('',(#7047),#7051);
#7047 = LINE('',#7048,#7049);
#7048 = CARTESIAN_POINT('',(45.,534.));
#7049 = VECTOR('',#7050,1.);
#7050 = DIRECTION('',(-1.,0.));
#7051 = ( GEOMETRIC_REPRESENTATION_CONTEXT(2) 
PARAMETRIC_REPRESENTATION_CONTEXT() REPRESENTATION_CONTEXT('2D SPACE',''
  ) );
#7052 = PCURVE('',#6515,#7053);
#7053 = DEFINITIONAL_REPRESENTATION('',(#7054),#7058);
#7054 = LINE('',#7055,#7056);
#7055 = CARTESIAN_POINT('',(3.,-45.));
#7056 = VECTOR('',#7057,1.);
#7057 = DIRECTION('',(0.,-1.));
#7058 = ( GEOMETRIC_REPRESENTATION_CONTEXT(2) 
PARAMETRIC_REPRESENTATION_CONTEXT() REPRESENTATION_CONTEXT('2D SPACE',''
  ) );
#7059 = ORIENTED_EDGE('',*,*,#7060,.F.);
#7060 = EDGE_CURVE('',#6990,#7038,#7061,.T.);
#7061 = SURFACE_CURVE('',#7062,(#7066,#7073),.PCURVE_S1.);
#7062 = LINE('',#7063,#7064);
#7063 = CARTESIAN_POINT('',(1.345E+03,-47.,494.));
#7064 = VECTOR('',#7065,1.);
#7065 = DIRECTION('',(0.,1.,0.));
#7066 = PCURVE('',#5864,#7067);
#7067 = DEFINITIONAL_REPRESENTATION('',(#7068),#7072);
#7068 = LINE('',#7069,#7070);
#7069 = CARTESIAN_POINT('',(410.,253.));
#7070 = VECTOR('',#7071,1.);
#7071 = DIRECTION('',(0.,1.));
#7072 = ( GEOMETRIC_REPRESENTATION_CONTEXT(2) 
PARAMETRIC_REPRESENTATION_CONTEXT() REPRESENTATION_CONTEXT('2D SPACE',''
  ) );
#7073 = PCURVE('',#6541,#7074);
#7074 = DEFINITIONAL_REPRESENTATION('',(#7075),#7079);
#7075 = LINE('',#7076,#7077);
#7076 = CARTESIAN_POINT('',(3.,253.));
#7077 = VECTOR('',#7078,1.);
#7078 = DIRECTION('',(0.,-1.));
#7079 = ( GEOMETRIC_REPRESENTATION_CONTEXT(2) 
PARAMETRIC_REPRESENTATION_CONTEXT() REPRESENTATION_CONTEXT('2D SPACE',''
  ) );
#7080 = ADVANCED_FACE('',(#7081),#5951,.F.);
#7081 = FACE_BOUND('',#7082,.F.);
#7082 = EDGE_LOOP('',(#7083,#7106,#7107,#7130));
#7083 = ORIENTED_EDGE('',*,*,#7084,.F.);
#7084 = EDGE_CURVE('',#5934,#7085,#7087,.T.);
#7085 = VERTEX_POINT('',#7086);
#7086 = CARTESIAN_POINT('',(1.395E+03,-360.,494.));
#7087 = SURFACE_CURVE('',#7088,(#7092,#7099),.PCURVE_S1.);
#7088 = LINE('',#7089,#7090);
#7089 = CARTESIAN_POINT('',(935.,-360.,494.));
#7090 = VECTOR('',#7091,1.);
#7091 = DIRECTION('',(1.,0.,0.));
#7092 = PCURVE('',#5951,#7093);
#7093 = DEFINITIONAL_REPRESENTATION('',(#7094),#7098);
#7094 = LINE('',#7095,#7096);
#7095 = CARTESIAN_POINT('',(0.,0.));
#7096 = VECTOR('',#7097,1.);
#7097 = DIRECTION('',(0.,1.));
#7098 = ( GEOMETRIC_REPRESENTATION_CONTEXT(2) 
PARAMETRIC_REPRESENTATION_CONTEXT() REPRESENTATION_CONTEXT('2D SPACE',''
  ) );
#7099 = PCURVE('',#5977,#7100);
#7100 = DEFINITIONAL_REPRESENTATION('',(#7101),#7105);
#7101 = LINE('',#7102,#7103);
#7102 = CARTESIAN_POINT('',(0.,0.));
#7103 = VECTOR('',#7104,1.);
#7104 = DIRECTION('',(1.,0.));
#7105 = ( GEOMETRIC_REPRESENTATION_CONTEXT(2) 
PARAMETRIC_REPRESENTATION_CONTEXT() REPRESENTATION_CONTEXT('2D SPACE',''
  ) );
#7106 = ORIENTED_EDGE('',*,*,#5933,.T.);
#7107 = ORIENTED_EDGE('',*,*,#7108,.T.);
#7108 = EDGE_CURVE('',#5936,#7109,#7111,.T.);
#7109 = VERTEX_POINT('',#7110);
#7110 = CARTESIAN_POINT('',(1.395E+03,-360.,506.));
#7111 = SURFACE_CURVE('',#7112,(#7116,#7123),.PCURVE_S1.);
#7112 = LINE('',#7113,#7114);
#7113 = CARTESIAN_POINT('',(935.,-360.,506.));
#7114 = VECTOR('',#7115,1.);
#7115 = DIRECTION('',(1.,0.,0.));
#7116 = PCURVE('',#5951,#7117);
#7117 = DEFINITIONAL_REPRESENTATION('',(#7118),#7122);
#7118 = LINE('',#7119,#7120);
#7119 = CARTESIAN_POINT('',(12.,0.));
#7120 = VECTOR('',#7121,1.);
#7121 = DIRECTION('',(0.,1.));
#7122 = ( GEOMETRIC_REPRESENTATION_CONTEXT(2) 
PARAMETRIC_REPRESENTATION_CONTEXT() REPRESENTATION_CONTEXT('2D SPACE',''
  ) );
#7123 = PCURVE('',#6004,#7124);
#7124 = DEFINITIONAL_REPRESENTATION('',(#7125),#7129);
#7125 = LINE('',#7126,#7127);
#7126 = CARTESIAN_POINT('',(0.,0.));
#7127 = VECTOR('',#7128,1.);
#7128 = DIRECTION('',(1.,0.));
#7129 = ( GEOMETRIC_REPRESENTATION_CONTEXT(2) 
PARAMETRIC_REPRESENTATION_CONTEXT() REPRESENTATION_CONTEXT('2D SPACE',''
  ) );
#7130 = ORIENTED_EDGE('',*,*,#7131,.F.);
#7131 = EDGE_CURVE('',#7085,#7109,#7132,.T.);
#7132 = SURFACE_CURVE('',#7133,(#7137,#7144),.PCURVE_S1.);
#7133 = LINE('',#7134,#7135);
#7134 = CARTESIAN_POINT('',(1.395E+03,-360.,494.));
#7135 = VECTOR('',#7136,1.);
#7136 = DIRECTION('',(0.,0.,1.));
#7137 = PCURVE('',#5951,#7138);
#7138 = DEFINITIONAL_REPRESENTATION('',(#7139),#7143);
#7139 = LINE('',#7140,#7141);
#7140 = CARTESIAN_POINT('',(0.,460.));
#7141 = VECTOR('',#7142,1.);
#7142 = DIRECTION('',(1.,0.));
#7143 = ( GEOMETRIC_REPRESENTATION_CONTEXT(2) 
PARAMETRIC_REPRESENTATION_CONTEXT() REPRESENTATION_CONTEXT('2D SPACE',''
  ) );
#7144 = PCURVE('',#7145,#7150);
#7145 = PLANE('',#7146);
#7146 = AXIS2_PLACEMENT_3D('',#7147,#7148,#7149);
#7147 = CARTESIAN_POINT('',(1.395E+03,-360.,494.));
#7148 = DIRECTION('',(1.,0.,0.));
#7149 = DIRECTION('',(0.,0.,1.));
#7150 = DEFINITIONAL_REPRESENTATION('',(#7151),#7155);
#7151 = LINE('',#7152,#7153);
#7152 = CARTESIAN_POINT('',(0.,0.));
#7153 = VECTOR('',#7154,1.);
#7154 = DIRECTION('',(1.,0.));
#7155 = ( GEOMETRIC_REPRESENTATION_CONTEXT(2) 
PARAMETRIC_REPRESENTATION_CONTEXT() REPRESENTATION_CONTEXT('2D SPACE',''
  ) );
#7156 = ADVANCED_FACE('',(#7157),#6004,.T.);
#7157 = FACE_BOUND('',#7158,.T.);
#7158 = EDGE_LOOP('',(#7159,#7160,#7161,#7182));
#7159 = ORIENTED_EDGE('',*,*,#5990,.F.);
#7160 = ORIENTED_EDGE('',*,*,#7108,.T.);
#7161 = ORIENTED_EDGE('',*,*,#7162,.T.);
#7162 = EDGE_CURVE('',#7109,#6021,#7163,.T.);
#7163 = SURFACE_CURVE('',#7164,(#7168,#7175),.PCURVE_S1.);
#7164 = LINE('',#7165,#7166);
#7165 = CARTESIAN_POINT('',(1.395E+03,-360.,506.));
#7166 = VECTOR('',#7167,1.);
#7167 = DIRECTION('',(0.,1.,0.));
#7168 = PCURVE('',#6004,#7169);
#7169 = DEFINITIONAL_REPRESENTATION('',(#7170),#7174);
#7170 = LINE('',#7171,#7172);
#7171 = CARTESIAN_POINT('',(460.,0.));
#7172 = VECTOR('',#7173,1.);
#7173 = DIRECTION('',(0.,1.));
#7174 = ( GEOMETRIC_REPRESENTATION_CONTEXT(2) 
PARAMETRIC_REPRESENTATION_CONTEXT() REPRESENTATION_CONTEXT('2D SPACE',''
  ) );
#7175 = PCURVE('',#7145,#7176);
#7176 = DEFINITIONAL_REPRESENTATION('',(#7177),#7181);
#7177 = LINE('',#7178,#7179);
#7178 = CARTESIAN_POINT('',(12.,0.));
#7179 = VECTOR('',#7180,1.);
#7180 = DIRECTION('',(0.,-1.));
#7181 = ( GEOMETRIC_REPRESENTATION_CONTEXT(2) 
PARAMETRIC_REPRESENTATION_CONTEXT() REPRESENTATION_CONTEXT('2D SPACE',''
  ) );
#7182 = ORIENTED_EDGE('',*,*,#6020,.F.);
#7183 = ADVANCED_FACE('',(#7184),#5977,.F.);
#7184 = FACE_BOUND('',#7185,.F.);
#7185 = EDGE_LOOP('',(#7186,#7187,#7188,#7209));
#7186 = ORIENTED_EDGE('',*,*,#5963,.F.);
#7187 = ORIENTED_EDGE('',*,*,#7084,.T.);
#7188 = ORIENTED_EDGE('',*,*,#7189,.T.);
#7189 = EDGE_CURVE('',#7085,#6639,#7190,.T.);
#7190 = SURFACE_CURVE('',#7191,(#7195,#7202),.PCURVE_S1.);
#7191 = LINE('',#7192,#7193);
#7192 = CARTESIAN_POINT('',(1.395E+03,-360.,494.));
#7193 = VECTOR('',#7194,1.);
#7194 = DIRECTION('',(0.,1.,0.));
#7195 = PCURVE('',#5977,#7196);
#7196 = DEFINITIONAL_REPRESENTATION('',(#7197),#7201);
#7197 = LINE('',#7198,#7199);
#7198 = CARTESIAN_POINT('',(460.,0.));
#7199 = VECTOR('',#7200,1.);
#7200 = DIRECTION('',(0.,1.));
#7201 = ( GEOMETRIC_REPRESENTATION_CONTEXT(2) 
PARAMETRIC_REPRESENTATION_CONTEXT() REPRESENTATION_CONTEXT('2D SPACE',''
  ) );
#7202 = PCURVE('',#7145,#7203);
#7203 = DEFINITIONAL_REPRESENTATION('',(#7204),#7208);
#7204 = LINE('',#7205,#7206);
#7205 = CARTESIAN_POINT('',(0.,0.));
#7206 = VECTOR('',#7207,1.);
#7207 = DIRECTION('',(0.,-1.));
#7208 = ( GEOMETRIC_REPRESENTATION_CONTEXT(2) 
PARAMETRIC_REPRESENTATION_CONTEXT() REPRESENTATION_CONTEXT('2D SPACE',''
  ) );
#7209 = ORIENTED_EDGE('',*,*,#6638,.F.);
#7210 = ADVANCED_FACE('',(#7211),#6085,.T.);
#7211 = FACE_BOUND('',#7212,.T.);
#7212 = EDGE_LOOP('',(#7213,#7214,#7215,#7243));
#7213 = ORIENTED_EDGE('',*,*,#6613,.F.);
#7214 = ORIENTED_EDGE('',*,*,#6071,.T.);
#7215 = ORIENTED_EDGE('',*,*,#7216,.T.);
#7216 = EDGE_CURVE('',#6044,#7217,#7219,.T.);
#7217 = VERTEX_POINT('',#7218);
#7218 = CARTESIAN_POINT('',(1.395E+03,360.,506.));
#7219 = SURFACE_CURVE('',#7220,(#7224,#7231),.PCURVE_S1.);
#7220 = LINE('',#7221,#7222);
#7221 = CARTESIAN_POINT('',(1.395E+03,300.,506.));
#7222 = VECTOR('',#7223,1.);
#7223 = DIRECTION('',(0.,1.,0.));
#7224 = PCURVE('',#6085,#7225);
#7225 = DEFINITIONAL_REPRESENTATION('',(#7226),#7230);
#7226 = LINE('',#7227,#7228);
#7227 = CARTESIAN_POINT('',(460.,0.));
#7228 = VECTOR('',#7229,1.);
#7229 = DIRECTION('',(0.,1.));
#7230 = ( GEOMETRIC_REPRESENTATION_CONTEXT(2) 
PARAMETRIC_REPRESENTATION_CONTEXT() REPRESENTATION_CONTEXT('2D SPACE',''
  ) );
#7231 = PCURVE('',#7232,#7237);
#7232 = PLANE('',#7233);
#7233 = AXIS2_PLACEMENT_3D('',#7234,#7235,#7236);
#7234 = CARTESIAN_POINT('',(1.395E+03,300.,494.));
#7235 = DIRECTION('',(1.,0.,0.));
#7236 = DIRECTION('',(0.,0.,1.));
#7237 = DEFINITIONAL_REPRESENTATION('',(#7238),#7242);
#7238 = LINE('',#7239,#7240);
#7239 = CARTESIAN_POINT('',(12.,0.));
#7240 = VECTOR('',#7241,1.);
#7241 = DIRECTION('',(0.,-1.));
#7242 = ( GEOMETRIC_REPRESENTATION_CONTEXT(2) 
PARAMETRIC_REPRESENTATION_CONTEXT() REPRESENTATION_CONTEXT('2D SPACE',''
  ) );
#7243 = ORIENTED_EDGE('',*,*,#7244,.F.);
#7244 = EDGE_CURVE('',#6586,#7217,#7245,.T.);
#7245 = SURFACE_CURVE('',#7246,(#7250,#7257),.PCURVE_S1.);
#7246 = LINE('',#7247,#7248);
#7247 = CARTESIAN_POINT('',(935.,360.,506.));
#7248 = VECTOR('',#7249,1.);
#7249 = DIRECTION('',(1.,0.,0.));
#7250 = PCURVE('',#6085,#7251);
#7251 = DEFINITIONAL_REPRESENTATION('',(#7252),#7256);
#7252 = LINE('',#7253,#7254);
#7253 = CARTESIAN_POINT('',(0.,60.));
#7254 = VECTOR('',#7255,1.);
#7255 = DIRECTION('',(1.,0.));
#7256 = ( GEOMETRIC_REPRESENTATION_CONTEXT(2) 
PARAMETRIC_REPRESENTATION_CONTEXT() REPRESENTATION_CONTEXT('2D SPACE',''
  ) );
#7257 = PCURVE('',#6601,#7258);
#7258 = DEFINITIONAL_REPRESENTATION('',(#7259),#7263);
#7259 = LINE('',#7260,#7261);
#7260 = CARTESIAN_POINT('',(12.,0.));
#7261 = VECTOR('',#7262,1.);
#7262 = DIRECTION('',(0.,1.));
#7263 = ( GEOMETRIC_REPRESENTATION_CONTEXT(2) 
PARAMETRIC_REPRESENTATION_CONTEXT() REPRESENTATION_CONTEXT('2D SPACE',''
  ) );
#7264 = ADVANCED_FACE('',(#7265),#6059,.T.);
#7265 = FACE_BOUND('',#7266,.T.);
#7266 = EDGE_LOOP('',(#7267,#7288,#7289,#7310));
#7267 = ORIENTED_EDGE('',*,*,#7268,.F.);
#7268 = EDGE_CURVE('',#6639,#6021,#7269,.T.);
#7269 = SURFACE_CURVE('',#7270,(#7274,#7281),.PCURVE_S1.);
#7270 = LINE('',#7271,#7272);
#7271 = CARTESIAN_POINT('',(1.395E+03,-300.,494.));
#7272 = VECTOR('',#7273,1.);
#7273 = DIRECTION('',(0.,0.,1.));
#7274 = PCURVE('',#6059,#7275);
#7275 = DEFINITIONAL_REPRESENTATION('',(#7276),#7280);
#7276 = LINE('',#7277,#7278);
#7277 = CARTESIAN_POINT('',(0.,0.));
#7278 = VECTOR('',#7279,1.);
#7279 = DIRECTION('',(1.,0.));
#7280 = ( GEOMETRIC_REPRESENTATION_CONTEXT(2) 
PARAMETRIC_REPRESENTATION_CONTEXT() REPRESENTATION_CONTEXT('2D SPACE',''
  ) );
#7281 = PCURVE('',#7145,#7282);
#7282 = DEFINITIONAL_REPRESENTATION('',(#7283),#7287);
#7283 = LINE('',#7284,#7285);
#7284 = CARTESIAN_POINT('',(0.,-60.));
#7285 = VECTOR('',#7286,1.);
#7286 = DIRECTION('',(1.,0.));
#7287 = ( GEOMETRIC_REPRESENTATION_CONTEXT(2) 
PARAMETRIC_REPRESENTATION_CONTEXT() REPRESENTATION_CONTEXT('2D SPACE',''
  ) );
#7288 = ORIENTED_EDGE('',*,*,#6661,.T.);
#7289 = ORIENTED_EDGE('',*,*,#7290,.T.);
#7290 = EDGE_CURVE('',#6662,#6044,#7291,.T.);
#7291 = SURFACE_CURVE('',#7292,(#7296,#7303),.PCURVE_S1.);
#7292 = LINE('',#7293,#7294);
#7293 = CARTESIAN_POINT('',(1.395E+03,300.,494.));
#7294 = VECTOR('',#7295,1.);
#7295 = DIRECTION('',(0.,0.,1.));
#7296 = PCURVE('',#6059,#7297);
#7297 = DEFINITIONAL_REPRESENTATION('',(#7298),#7302);
#7298 = LINE('',#7299,#7300);
#7299 = CARTESIAN_POINT('',(0.,-600.));
#7300 = VECTOR('',#7301,1.);
#7301 = DIRECTION('',(1.,0.));
#7302 = ( GEOMETRIC_REPRESENTATION_CONTEXT(2) 
PARAMETRIC_REPRESENTATION_CONTEXT() REPRESENTATION_CONTEXT('2D SPACE',''
  ) );
#7303 = PCURVE('',#7232,#7304);
#7304 = DEFINITIONAL_REPRESENTATION('',(#7305),#7309);
#7305 = LINE('',#7306,#7307);
#7306 = CARTESIAN_POINT('',(0.,0.));
#7307 = VECTOR('',#7308,1.);
#7308 = DIRECTION('',(1.,0.));
#7309 = ( GEOMETRIC_REPRESENTATION_CONTEXT(2) 
PARAMETRIC_REPRESENTATION_CONTEXT() REPRESENTATION_CONTEXT('2D SPACE',''
  ) );
#7310 = ORIENTED_EDGE('',*,*,#6043,.F.);
#7311 = ADVANCED_FACE('',(#7312),#6117,.T.);
#7312 = FACE_BOUND('',#7313,.T.);
#7313 = EDGE_LOOP('',(#7314,#7335,#7336,#7357));
#7314 = ORIENTED_EDGE('',*,*,#7315,.F.);
#7315 = EDGE_CURVE('',#6708,#6100,#7316,.T.);
#7316 = SURFACE_CURVE('',#7317,(#7321,#7328),.PCURVE_S1.);
#7317 = LINE('',#7318,#7319);
#7318 = CARTESIAN_POINT('',(1.345E+03,-234.,491.));
#7319 = VECTOR('',#7320,1.);
#7320 = DIRECTION('',(0.,0.,1.));
#7321 = PCURVE('',#6117,#7322);
#7322 = DEFINITIONAL_REPRESENTATION('',(#7323),#7327);
#7323 = LINE('',#7324,#7325);
#7324 = CARTESIAN_POINT('',(0.,320.));
#7325 = VECTOR('',#7326,1.);
#7326 = DIRECTION('',(1.,0.));
#7327 = ( GEOMETRIC_REPRESENTATION_CONTEXT(2) 
PARAMETRIC_REPRESENTATION_CONTEXT() REPRESENTATION_CONTEXT('2D SPACE',''
  ) );
#7328 = PCURVE('',#6199,#7329);
#7329 = DEFINITIONAL_REPRESENTATION('',(#7330),#7334);
#7330 = LINE('',#7331,#7332);
#7331 = CARTESIAN_POINT('',(0.,0.));
#7332 = VECTOR('',#7333,1.);
#7333 = DIRECTION('',(1.,0.));
#7334 = ( GEOMETRIC_REPRESENTATION_CONTEXT(2) 
PARAMETRIC_REPRESENTATION_CONTEXT() REPRESENTATION_CONTEXT('2D SPACE',''
  ) );
#7335 = ORIENTED_EDGE('',*,*,#6707,.T.);
#7336 = ORIENTED_EDGE('',*,*,#7337,.T.);
#7337 = EDGE_CURVE('',#6710,#6102,#7338,.T.);
#7338 = SURFACE_CURVE('',#7339,(#7343,#7350),.PCURVE_S1.);
#7339 = LINE('',#7340,#7341);
#7340 = CARTESIAN_POINT('',(1.025E+03,-234.,491.));
#7341 = VECTOR('',#7342,1.);
#7342 = DIRECTION('',(0.,0.,1.));
#7343 = PCURVE('',#6117,#7344);
#7344 = DEFINITIONAL_REPRESENTATION('',(#7345),#7349);
#7345 = LINE('',#7346,#7347);
#7346 = CARTESIAN_POINT('',(0.,0.));
#7347 = VECTOR('',#7348,1.);
#7348 = DIRECTION('',(1.,0.));
#7349 = ( GEOMETRIC_REPRESENTATION_CONTEXT(2) 
PARAMETRIC_REPRESENTATION_CONTEXT() REPRESENTATION_CONTEXT('2D SPACE',''
  ) );
#7350 = PCURVE('',#6145,#7351);
#7351 = DEFINITIONAL_REPRESENTATION('',(#7352),#7356);
#7352 = LINE('',#7353,#7354);
#7353 = CARTESIAN_POINT('',(0.,0.));
#7354 = VECTOR('',#7355,1.);
#7355 = DIRECTION('',(1.,0.));
#7356 = ( GEOMETRIC_REPRESENTATION_CONTEXT(2) 
PARAMETRIC_REPRESENTATION_CONTEXT() REPRESENTATION_CONTEXT('2D SPACE',''
  ) );
#7357 = ORIENTED_EDGE('',*,*,#6099,.F.);
#7358 = ADVANCED_FACE('',(#7359),#6199,.F.);
#7359 = FACE_BOUND('',#7360,.F.);
#7360 = EDGE_LOOP('',(#7361,#7362,#7363,#7384));
#7361 = ORIENTED_EDGE('',*,*,#7315,.F.);
#7362 = ORIENTED_EDGE('',*,*,#6778,.T.);
#7363 = ORIENTED_EDGE('',*,*,#7364,.T.);
#7364 = EDGE_CURVE('',#6756,#6158,#7365,.T.);
#7365 = SURFACE_CURVE('',#7366,(#7370,#7377),.PCURVE_S1.);
#7366 = LINE('',#7367,#7368);
#7367 = CARTESIAN_POINT('',(1.345E+03,-206.,491.));
#7368 = VECTOR('',#7369,1.);
#7369 = DIRECTION('',(0.,0.,1.));
#7370 = PCURVE('',#6199,#7371);
#7371 = DEFINITIONAL_REPRESENTATION('',(#7372),#7376);
#7372 = LINE('',#7373,#7374);
#7373 = CARTESIAN_POINT('',(0.,-28.));
#7374 = VECTOR('',#7375,1.);
#7375 = DIRECTION('',(1.,0.));
#7376 = ( GEOMETRIC_REPRESENTATION_CONTEXT(2) 
PARAMETRIC_REPRESENTATION_CONTEXT() REPRESENTATION_CONTEXT('2D SPACE',''
  ) );
#7377 = PCURVE('',#6173,#7378);
#7378 = DEFINITIONAL_REPRESENTATION('',(#7379),#7383);
#7379 = LINE('',#7380,#7381);
#7380 = CARTESIAN_POINT('',(0.,320.));
#7381 = VECTOR('',#7382,1.);
#7382 = DIRECTION('',(1.,0.));
#7383 = ( GEOMETRIC_REPRESENTATION_CONTEXT(2) 
PARAMETRIC_REPRESENTATION_CONTEXT() REPRESENTATION_CONTEXT('2D SPACE',''
  ) );
#7384 = ORIENTED_EDGE('',*,*,#6185,.F.);
#7385 = ADVANCED_FACE('',(#7386),#6145,.T.);
#7386 = FACE_BOUND('',#7387,.T.);
#7387 = EDGE_LOOP('',(#7388,#7389,#7390,#7411));
#7388 = ORIENTED_EDGE('',*,*,#7337,.F.);
#7389 = ORIENTED_EDGE('',*,*,#6732,.T.);
#7390 = ORIENTED_EDGE('',*,*,#7391,.T.);
#7391 = EDGE_CURVE('',#6733,#6130,#7392,.T.);
#7392 = SURFACE_CURVE('',#7393,(#7397,#7404),.PCURVE_S1.);
#7393 = LINE('',#7394,#7395);
#7394 = CARTESIAN_POINT('',(1.025E+03,-206.,491.));
#7395 = VECTOR('',#7396,1.);
#7396 = DIRECTION('',(0.,0.,1.));
#7397 = PCURVE('',#6145,#7398);
#7398 = DEFINITIONAL_REPRESENTATION('',(#7399),#7403);
#7399 = LINE('',#7400,#7401);
#7400 = CARTESIAN_POINT('',(0.,-28.));
#7401 = VECTOR('',#7402,1.);
#7402 = DIRECTION('',(1.,0.));
#7403 = ( GEOMETRIC_REPRESENTATION_CONTEXT(2) 
PARAMETRIC_REPRESENTATION_CONTEXT() REPRESENTATION_CONTEXT('2D SPACE',''
  ) );
#7404 = PCURVE('',#6173,#7405);
#7405 = DEFINITIONAL_REPRESENTATION('',(#7406),#7410);
#7406 = LINE('',#7407,#7408);
#7407 = CARTESIAN_POINT('',(0.,0.));
#7408 = VECTOR('',#7409,1.);
#7409 = DIRECTION('',(1.,0.));
#7410 = ( GEOMETRIC_REPRESENTATION_CONTEXT(2) 
PARAMETRIC_REPRESENTATION_CONTEXT() REPRESENTATION_CONTEXT('2D SPACE',''
  ) );
#7411 = ORIENTED_EDGE('',*,*,#6129,.F.);
#7412 = ADVANCED_FACE('',(#7413),#6173,.F.);
#7413 = FACE_BOUND('',#7414,.F.);
#7414 = EDGE_LOOP('',(#7415,#7416,#7417,#7418));
#7415 = ORIENTED_EDGE('',*,*,#7364,.F.);
#7416 = ORIENTED_EDGE('',*,*,#6755,.T.);
#7417 = ORIENTED_EDGE('',*,*,#7391,.T.);
#7418 = ORIENTED_EDGE('',*,*,#6157,.F.);
#7419 = ADVANCED_FACE('',(#7420),#6231,.T.);
#7420 = FACE_BOUND('',#7421,.T.);
#7421 = EDGE_LOOP('',(#7422,#7443,#7444,#7465));
#7422 = ORIENTED_EDGE('',*,*,#7423,.F.);
#7423 = EDGE_CURVE('',#6802,#6214,#7424,.T.);
#7424 = SURFACE_CURVE('',#7425,(#7429,#7436),.PCURVE_S1.);
#7425 = LINE('',#7426,#7427);
#7426 = CARTESIAN_POINT('',(1.345E+03,-184.,491.));
#7427 = VECTOR('',#7428,1.);
#7428 = DIRECTION('',(0.,0.,1.));
#7429 = PCURVE('',#6231,#7430);
#7430 = DEFINITIONAL_REPRESENTATION('',(#7431),#7435);
#7431 = LINE('',#7432,#7433);
#7432 = CARTESIAN_POINT('',(0.,320.));
#7433 = VECTOR('',#7434,1.);
#7434 = DIRECTION('',(1.,0.));
#7435 = ( GEOMETRIC_REPRESENTATION_CONTEXT(2) 
PARAMETRIC_REPRESENTATION_CONTEXT() REPRESENTATION_CONTEXT('2D SPACE',''
  ) );
#7436 = PCURVE('',#6313,#7437);
#7437 = DEFINITIONAL_REPRESENTATION('',(#7438),#7442);
#7438 = LINE('',#7439,#7440);
#7439 = CARTESIAN_POINT('',(0.,0.));
#7440 = VECTOR('',#7441,1.);
#7441 = DIRECTION('',(1.,0.));
#7442 = ( GEOMETRIC_REPRESENTATION_CONTEXT(2) 
PARAMETRIC_REPRESENTATION_CONTEXT() REPRESENTATION_CONTEXT('2D SPACE',''
  ) );
#7443 = ORIENTED_EDGE('',*,*,#6801,.T.);
#7444 = ORIENTED_EDGE('',*,*,#7445,.T.);
#7445 = EDGE_CURVE('',#6804,#6216,#7446,.T.);
#7446 = SURFACE_CURVE('',#7447,(#7451,#7458),.PCURVE_S1.);
#7447 = LINE('',#7448,#7449);
#7448 = CARTESIAN_POINT('',(1.025E+03,-184.,491.));
#7449 = VECTOR('',#7450,1.);
#7450 = DIRECTION('',(0.,0.,1.));
#7451 = PCURVE('',#6231,#7452);
#7452 = DEFINITIONAL_REPRESENTATION('',(#7453),#7457);
#7453 = LINE('',#7454,#7455);
#7454 = CARTESIAN_POINT('',(0.,0.));
#7455 = VECTOR('',#7456,1.);
#7456 = DIRECTION('',(1.,0.));
#7457 = ( GEOMETRIC_REPRESENTATION_CONTEXT(2) 
PARAMETRIC_REPRESENTATION_CONTEXT() REPRESENTATION_CONTEXT('2D SPACE',''
  ) );
#7458 = PCURVE('',#6259,#7459);
#7459 = DEFINITIONAL_REPRESENTATION('',(#7460),#7464);
#7460 = LINE('',#7461,#7462);
#7461 = CARTESIAN_POINT('',(0.,0.));
#7462 = VECTOR('',#7463,1.);
#7463 = DIRECTION('',(1.,0.));
#7464 = ( GEOMETRIC_REPRESENTATION_CONTEXT(2) 
PARAMETRIC_REPRESENTATION_CONTEXT() REPRESENTATION_CONTEXT('2D SPACE',''
  ) );
#7465 = ORIENTED_EDGE('',*,*,#6213,.F.);
#7466 = ADVANCED_FACE('',(#7467),#6313,.F.);
#7467 = FACE_BOUND('',#7468,.F.);
#7468 = EDGE_LOOP('',(#7469,#7470,#7471,#7492));
#7469 = ORIENTED_EDGE('',*,*,#7423,.F.);
#7470 = ORIENTED_EDGE('',*,*,#6872,.T.);
#7471 = ORIENTED_EDGE('',*,*,#7472,.T.);
#7472 = EDGE_CURVE('',#6850,#6272,#7473,.T.);
#7473 = SURFACE_CURVE('',#7474,(#7478,#7485),.PCURVE_S1.);
#7474 = LINE('',#7475,#7476);
#7475 = CARTESIAN_POINT('',(1.345E+03,-156.,491.));
#7476 = VECTOR('',#7477,1.);
#7477 = DIRECTION('',(0.,0.,1.));
#7478 = PCURVE('',#6313,#7479);
#7479 = DEFINITIONAL_REPRESENTATION('',(#7480),#7484);
#7480 = LINE('',#7481,#7482);
#7481 = CARTESIAN_POINT('',(0.,-28.));
#7482 = VECTOR('',#7483,1.);
#7483 = DIRECTION('',(1.,0.));
#7484 = ( GEOMETRIC_REPRESENTATION_CONTEXT(2) 
PARAMETRIC_REPRESENTATION_CONTEXT() REPRESENTATION_CONTEXT('2D SPACE',''
  ) );
#7485 = PCURVE('',#6287,#7486);
#7486 = DEFINITIONAL_REPRESENTATION('',(#7487),#7491);
#7487 = LINE('',#7488,#7489);
#7488 = CARTESIAN_POINT('',(0.,320.));
#7489 = VECTOR('',#7490,1.);
#7490 = DIRECTION('',(1.,0.));
#7491 = ( GEOMETRIC_REPRESENTATION_CONTEXT(2) 
PARAMETRIC_REPRESENTATION_CONTEXT() REPRESENTATION_CONTEXT('2D SPACE',''
  ) );
#7492 = ORIENTED_EDGE('',*,*,#6299,.F.);
#7493 = ADVANCED_FACE('',(#7494),#6259,.T.);
#7494 = FACE_BOUND('',#7495,.T.);
#7495 = EDGE_LOOP('',(#7496,#7497,#7498,#7519));
#7496 = ORIENTED_EDGE('',*,*,#7445,.F.);
#7497 = ORIENTED_EDGE('',*,*,#6826,.T.);
#7498 = ORIENTED_EDGE('',*,*,#7499,.T.);
#7499 = EDGE_CURVE('',#6827,#6244,#7500,.T.);
#7500 = SURFACE_CURVE('',#7501,(#7505,#7512),.PCURVE_S1.);
#7501 = LINE('',#7502,#7503);
#7502 = CARTESIAN_POINT('',(1.025E+03,-156.,491.));
#7503 = VECTOR('',#7504,1.);
#7504 = DIRECTION('',(0.,0.,1.));
#7505 = PCURVE('',#6259,#7506);
#7506 = DEFINITIONAL_REPRESENTATION('',(#7507),#7511);
#7507 = LINE('',#7508,#7509);
#7508 = CARTESIAN_POINT('',(0.,-28.));
#7509 = VECTOR('',#7510,1.);
#7510 = DIRECTION('',(1.,0.));
#7511 = ( GEOMETRIC_REPRESENTATION_CONTEXT(2) 
PARAMETRIC_REPRESENTATION_CONTEXT() REPRESENTATION_CONTEXT('2D SPACE',''
  ) );
#7512 = PCURVE('',#6287,#7513);
#7513 = DEFINITIONAL_REPRESENTATION('',(#7514),#7518);
#7514 = LINE('',#7515,#7516);
#7515 = CARTESIAN_POINT('',(0.,0.));
#7516 = VECTOR('',#7517,1.);
#7517 = DIRECTION('',(1.,0.));
#7518 = ( GEOMETRIC_REPRESENTATION_CONTEXT(2) 
PARAMETRIC_REPRESENTATION_CONTEXT() REPRESENTATION_CONTEXT('2D SPACE',''
  ) );
#7519 = ORIENTED_EDGE('',*,*,#6243,.F.);
#7520 = ADVANCED_FACE('',(#7521),#6287,.F.);
#7521 = FACE_BOUND('',#7522,.F.);
#7522 = EDGE_LOOP('',(#7523,#7524,#7525,#7526));
#7523 = ORIENTED_EDGE('',*,*,#7472,.F.);
#7524 = ORIENTED_EDGE('',*,*,#6849,.T.);
#7525 = ORIENTED_EDGE('',*,*,#7499,.T.);
#7526 = ORIENTED_EDGE('',*,*,#6271,.F.);
#7527 = ADVANCED_FACE('',(#7528),#6345,.T.);
#7528 = FACE_BOUND('',#7529,.T.);
#7529 = EDGE_LOOP('',(#7530,#7551,#7552,#7573));
#7530 = ORIENTED_EDGE('',*,*,#7531,.F.);
#7531 = EDGE_CURVE('',#6896,#6328,#7532,.T.);
#7532 = SURFACE_CURVE('',#7533,(#7537,#7544),.PCURVE_S1.);
#7533 = LINE('',#7534,#7535);
#7534 = CARTESIAN_POINT('',(1.345E+03,156.,491.));
#7535 = VECTOR('',#7536,1.);
#7536 = DIRECTION('',(0.,0.,1.));
#7537 = PCURVE('',#6345,#7538);
#7538 = DEFINITIONAL_REPRESENTATION('',(#7539),#7543);
#7539 = LINE('',#7540,#7541);
#7540 = CARTESIAN_POINT('',(0.,320.));
#7541 = VECTOR('',#7542,1.);
#7542 = DIRECTION('',(1.,0.));
#7543 = ( GEOMETRIC_REPRESENTATION_CONTEXT(2) 
PARAMETRIC_REPRESENTATION_CONTEXT() REPRESENTATION_CONTEXT('2D SPACE',''
  ) );
#7544 = PCURVE('',#6427,#7545);
#7545 = DEFINITIONAL_REPRESENTATION('',(#7546),#7550);
#7546 = LINE('',#7547,#7548);
#7547 = CARTESIAN_POINT('',(0.,0.));
#7548 = VECTOR('',#7549,1.);
#7549 = DIRECTION('',(1.,0.));
#7550 = ( GEOMETRIC_REPRESENTATION_CONTEXT(2) 
PARAMETRIC_REPRESENTATION_CONTEXT() REPRESENTATION_CONTEXT('2D SPACE',''
  ) );
#7551 = ORIENTED_EDGE('',*,*,#6895,.T.);
#7552 = ORIENTED_EDGE('',*,*,#7553,.T.);
#7553 = EDGE_CURVE('',#6898,#6330,#7554,.T.);
#7554 = SURFACE_CURVE('',#7555,(#7559,#7566),.PCURVE_S1.);
#7555 = LINE('',#7556,#7557);
#7556 = CARTESIAN_POINT('',(1.025E+03,156.,491.));
#7557 = VECTOR('',#7558,1.);
#7558 = DIRECTION('',(0.,0.,1.));
#7559 = PCURVE('',#6345,#7560);
#7560 = DEFINITIONAL_REPRESENTATION('',(#7561),#7565);
#7561 = LINE('',#7562,#7563);
#7562 = CARTESIAN_POINT('',(0.,0.));
#7563 = VECTOR('',#7564,1.);
#7564 = DIRECTION('',(1.,0.));
#7565 = ( GEOMETRIC_REPRESENTATION_CONTEXT(2) 
PARAMETRIC_REPRESENTATION_CONTEXT() REPRESENTATION_CONTEXT('2D SPACE',''
  ) );
#7566 = PCURVE('',#6373,#7567);
#7567 = DEFINITIONAL_REPRESENTATION('',(#7568),#7572);
#7568 = LINE('',#7569,#7570);
#7569 = CARTESIAN_POINT('',(0.,0.));
#7570 = VECTOR('',#7571,1.);
#7571 = DIRECTION('',(1.,0.));
#7572 = ( GEOMETRIC_REPRESENTATION_CONTEXT(2) 
PARAMETRIC_REPRESENTATION_CONTEXT() REPRESENTATION_CONTEXT('2D SPACE',''
  ) );
#7573 = ORIENTED_EDGE('',*,*,#6327,.F.);
#7574 = ADVANCED_FACE('',(#7575),#6427,.F.);
#7575 = FACE_BOUND('',#7576,.F.);
#7576 = EDGE_LOOP('',(#7577,#7578,#7579,#7600));
#7577 = ORIENTED_EDGE('',*,*,#7531,.F.);
#7578 = ORIENTED_EDGE('',*,*,#6966,.T.);
#7579 = ORIENTED_EDGE('',*,*,#7580,.T.);
#7580 = EDGE_CURVE('',#6944,#6386,#7581,.T.);
#7581 = SURFACE_CURVE('',#7582,(#7586,#7593),.PCURVE_S1.);
#7582 = LINE('',#7583,#7584);
#7583 = CARTESIAN_POINT('',(1.345E+03,184.,491.));
#7584 = VECTOR('',#7585,1.);
#7585 = DIRECTION('',(0.,0.,1.));
#7586 = PCURVE('',#6427,#7587);
#7587 = DEFINITIONAL_REPRESENTATION('',(#7588),#7592);
#7588 = LINE('',#7589,#7590);
#7589 = CARTESIAN_POINT('',(0.,-28.));
#7590 = VECTOR('',#7591,1.);
#7591 = DIRECTION('',(1.,0.));
#7592 = ( GEOMETRIC_REPRESENTATION_CONTEXT(2) 
PARAMETRIC_REPRESENTATION_CONTEXT() REPRESENTATION_CONTEXT('2D SPACE',''
  ) );
#7593 = PCURVE('',#6401,#7594);
#7594 = DEFINITIONAL_REPRESENTATION('',(#7595),#7599);
#7595 = LINE('',#7596,#7597);
#7596 = CARTESIAN_POINT('',(0.,320.));
#7597 = VECTOR('',#7598,1.);
#7598 = DIRECTION('',(1.,0.));
#7599 = ( GEOMETRIC_REPRESENTATION_CONTEXT(2) 
PARAMETRIC_REPRESENTATION_CONTEXT() REPRESENTATION_CONTEXT('2D SPACE',''
  ) );
#7600 = ORIENTED_EDGE('',*,*,#6413,.F.);
#7601 = ADVANCED_FACE('',(#7602),#6373,.T.);
#7602 = FACE_BOUND('',#7603,.T.);
#7603 = EDGE_LOOP('',(#7604,#7605,#7606,#7627));
#7604 = ORIENTED_EDGE('',*,*,#7553,.F.);
#7605 = ORIENTED_EDGE('',*,*,#6920,.T.);
#7606 = ORIENTED_EDGE('',*,*,#7607,.T.);
#7607 = EDGE_CURVE('',#6921,#6358,#7608,.T.);
#7608 = SURFACE_CURVE('',#7609,(#7613,#7620),.PCURVE_S1.);
#7609 = LINE('',#7610,#7611);
#7610 = CARTESIAN_POINT('',(1.025E+03,184.,491.));
#7611 = VECTOR('',#7612,1.);
#7612 = DIRECTION('',(0.,0.,1.));
#7613 = PCURVE('',#6373,#7614);
#7614 = DEFINITIONAL_REPRESENTATION('',(#7615),#7619);
#7615 = LINE('',#7616,#7617);
#7616 = CARTESIAN_POINT('',(0.,-28.));
#7617 = VECTOR('',#7618,1.);
#7618 = DIRECTION('',(1.,0.));
#7619 = ( GEOMETRIC_REPRESENTATION_CONTEXT(2) 
PARAMETRIC_REPRESENTATION_CONTEXT() REPRESENTATION_CONTEXT('2D SPACE',''
  ) );
#7620 = PCURVE('',#6401,#7621);
#7621 = DEFINITIONAL_REPRESENTATION('',(#7622),#7626);
#7622 = LINE('',#7623,#7624);
#7623 = CARTESIAN_POINT('',(0.,0.));
#7624 = VECTOR('',#7625,1.);
#7625 = DIRECTION('',(1.,0.));
#7626 = ( GEOMETRIC_REPRESENTATION_CONTEXT(2) 
PARAMETRIC_REPRESENTATION_CONTEXT() REPRESENTATION_CONTEXT('2D SPACE',''
  ) );
#7627 = ORIENTED_EDGE('',*,*,#6357,.F.);
#7628 = ADVANCED_FACE('',(#7629),#6401,.F.);
#7629 = FACE_BOUND('',#7630,.F.);
#7630 = EDGE_LOOP('',(#7631,#7632,#7633,#7634));
#7631 = ORIENTED_EDGE('',*,*,#7580,.F.);
#7632 = ORIENTED_EDGE('',*,*,#6943,.T.);
#7633 = ORIENTED_EDGE('',*,*,#7607,.T.);
#7634 = ORIENTED_EDGE('',*,*,#6385,.F.);
#7635 = ADVANCED_FACE('',(#7636),#6459,.T.);
#7636 = FACE_BOUND('',#7637,.T.);
#7637 = EDGE_LOOP('',(#7638,#7659,#7660,#7681));
#7638 = ORIENTED_EDGE('',*,*,#7639,.F.);
#7639 = EDGE_CURVE('',#6990,#6442,#7640,.T.);
#7640 = SURFACE_CURVE('',#7641,(#7645,#7652),.PCURVE_S1.);
#7641 = LINE('',#7642,#7643);
#7642 = CARTESIAN_POINT('',(1.345E+03,206.,491.));
#7643 = VECTOR('',#7644,1.);
#7644 = DIRECTION('',(0.,0.,1.));
#7645 = PCURVE('',#6459,#7646);
#7646 = DEFINITIONAL_REPRESENTATION('',(#7647),#7651);
#7647 = LINE('',#7648,#7649);
#7648 = CARTESIAN_POINT('',(0.,320.));
#7649 = VECTOR('',#7650,1.);
#7650 = DIRECTION('',(1.,0.));
#7651 = ( GEOMETRIC_REPRESENTATION_CONTEXT(2) 
PARAMETRIC_REPRESENTATION_CONTEXT() REPRESENTATION_CONTEXT('2D SPACE',''
  ) );
#7652 = PCURVE('',#6541,#7653);
#7653 = DEFINITIONAL_REPRESENTATION('',(#7654),#7658);
#7654 = LINE('',#7655,#7656);
#7655 = CARTESIAN_POINT('',(0.,0.));
#7656 = VECTOR('',#7657,1.);
#7657 = DIRECTION('',(1.,0.));
#7658 = ( GEOMETRIC_REPRESENTATION_CONTEXT(2) 
PARAMETRIC_REPRESENTATION_CONTEXT() REPRESENTATION_CONTEXT('2D SPACE',''
  ) );
#7659 = ORIENTED_EDGE('',*,*,#6989,.T.);
#7660 = ORIENTED_EDGE('',*,*,#7661,.T.);
#7661 = EDGE_CURVE('',#6992,#6444,#7662,.T.);
#7662 = SURFACE_CURVE('',#7663,(#7667,#7674),.PCURVE_S1.);
#7663 = LINE('',#7664,#7665);
#7664 = CARTESIAN_POINT('',(1.025E+03,206.,491.));
#7665 = VECTOR('',#7666,1.);
#7666 = DIRECTION('',(0.,0.,1.));
#7667 = PCURVE('',#6459,#7668);
#7668 = DEFINITIONAL_REPRESENTATION('',(#7669),#7673);
#7669 = LINE('',#7670,#7671);
#7670 = CARTESIAN_POINT('',(0.,0.));
#7671 = VECTOR('',#7672,1.);
#7672 = DIRECTION('',(1.,0.));
#7673 = ( GEOMETRIC_REPRESENTATION_CONTEXT(2) 
PARAMETRIC_REPRESENTATION_CONTEXT() REPRESENTATION_CONTEXT('2D SPACE',''
  ) );
#7674 = PCURVE('',#6487,#7675);
#7675 = DEFINITIONAL_REPRESENTATION('',(#7676),#7680);
#7676 = LINE('',#7677,#7678);
#7677 = CARTESIAN_POINT('',(0.,0.));
#7678 = VECTOR('',#7679,1.);
#7679 = DIRECTION('',(1.,0.));
#7680 = ( GEOMETRIC_REPRESENTATION_CONTEXT(2) 
PARAMETRIC_REPRESENTATION_CONTEXT() REPRESENTATION_CONTEXT('2D SPACE',''
  ) );
#7681 = ORIENTED_EDGE('',*,*,#6441,.F.);
#7682 = ADVANCED_FACE('',(#7683),#6541,.F.);
#7683 = FACE_BOUND('',#7684,.F.);
#7684 = EDGE_LOOP('',(#7685,#7686,#7687,#7708));
#7685 = ORIENTED_EDGE('',*,*,#7639,.F.);
#7686 = ORIENTED_EDGE('',*,*,#7060,.T.);
#7687 = ORIENTED_EDGE('',*,*,#7688,.T.);
#7688 = EDGE_CURVE('',#7038,#6500,#7689,.T.);
#7689 = SURFACE_CURVE('',#7690,(#7694,#7701),.PCURVE_S1.);
#7690 = LINE('',#7691,#7692);
#7691 = CARTESIAN_POINT('',(1.345E+03,234.,491.));
#7692 = VECTOR('',#7693,1.);
#7693 = DIRECTION('',(0.,0.,1.));
#7694 = PCURVE('',#6541,#7695);
#7695 = DEFINITIONAL_REPRESENTATION('',(#7696),#7700);
#7696 = LINE('',#7697,#7698);
#7697 = CARTESIAN_POINT('',(0.,-28.));
#7698 = VECTOR('',#7699,1.);
#7699 = DIRECTION('',(1.,0.));
#7700 = ( GEOMETRIC_REPRESENTATION_CONTEXT(2) 
PARAMETRIC_REPRESENTATION_CONTEXT() REPRESENTATION_CONTEXT('2D SPACE',''
  ) );
#7701 = PCURVE('',#6515,#7702);
#7702 = DEFINITIONAL_REPRESENTATION('',(#7703),#7707);
#7703 = LINE('',#7704,#7705);
#7704 = CARTESIAN_POINT('',(0.,320.));
#7705 = VECTOR('',#7706,1.);
#7706 = DIRECTION('',(1.,0.));
#7707 = ( GEOMETRIC_REPRESENTATION_CONTEXT(2) 
PARAMETRIC_REPRESENTATION_CONTEXT() REPRESENTATION_CONTEXT('2D SPACE',''
  ) );
#7708 = ORIENTED_EDGE('',*,*,#6527,.F.);
#7709 = ADVANCED_FACE('',(#7710),#6515,.F.);
#7710 = FACE_BOUND('',#7711,.F.);
#7711 = EDGE_LOOP('',(#7712,#7713,#7714,#7735));
#7712 = ORIENTED_EDGE('',*,*,#7688,.F.);
#7713 = ORIENTED_EDGE('',*,*,#7037,.T.);
#7714 = ORIENTED_EDGE('',*,*,#7715,.T.);
#7715 = EDGE_CURVE('',#7015,#6472,#7716,.T.);
#7716 = SURFACE_CURVE('',#7717,(#7721,#7728),.PCURVE_S1.);
#7717 = LINE('',#7718,#7719);
#7718 = CARTESIAN_POINT('',(1.025E+03,234.,491.));
#7719 = VECTOR('',#7720,1.);
#7720 = DIRECTION('',(0.,0.,1.));
#7721 = PCURVE('',#6515,#7722);
#7722 = DEFINITIONAL_REPRESENTATION('',(#7723),#7727);
#7723 = LINE('',#7724,#7725);
#7724 = CARTESIAN_POINT('',(0.,0.));
#7725 = VECTOR('',#7726,1.);
#7726 = DIRECTION('',(1.,0.));
#7727 = ( GEOMETRIC_REPRESENTATION_CONTEXT(2) 
PARAMETRIC_REPRESENTATION_CONTEXT() REPRESENTATION_CONTEXT('2D SPACE',''
  ) );
#7728 = PCURVE('',#6487,#7729);
#7729 = DEFINITIONAL_REPRESENTATION('',(#7730),#7734);
#7730 = LINE('',#7731,#7732);
#7731 = CARTESIAN_POINT('',(0.,-28.));
#7732 = VECTOR('',#7733,1.);
#7733 = DIRECTION('',(1.,0.));
#7734 = ( GEOMETRIC_REPRESENTATION_CONTEXT(2) 
PARAMETRIC_REPRESENTATION_CONTEXT() REPRESENTATION_CONTEXT('2D SPACE',''
  ) );
#7735 = ORIENTED_EDGE('',*,*,#6499,.F.);
#7736 = ADVANCED_FACE('',(#7737),#6487,.T.);
#7737 = FACE_BOUND('',#7738,.T.);
#7738 = EDGE_LOOP('',(#7739,#7740,#7741,#7742));
#7739 = ORIENTED_EDGE('',*,*,#7661,.F.);
#7740 = ORIENTED_EDGE('',*,*,#7014,.T.);
#7741 = ORIENTED_EDGE('',*,*,#7715,.T.);
#7742 = ORIENTED_EDGE('',*,*,#6471,.F.);
#7743 = ADVANCED_FACE('',(#7744),#6601,.T.);
#7744 = FACE_BOUND('',#7745,.T.);
#7745 = EDGE_LOOP('',(#7746,#7769,#7770,#7771));
#7746 = ORIENTED_EDGE('',*,*,#7747,.F.);
#7747 = EDGE_CURVE('',#6558,#7748,#7750,.T.);
#7748 = VERTEX_POINT('',#7749);
#7749 = CARTESIAN_POINT('',(1.395E+03,360.,494.));
#7750 = SURFACE_CURVE('',#7751,(#7755,#7762),.PCURVE_S1.);
#7751 = LINE('',#7752,#7753);
#7752 = CARTESIAN_POINT('',(935.,360.,494.));
#7753 = VECTOR('',#7754,1.);
#7754 = DIRECTION('',(1.,0.,0.));
#7755 = PCURVE('',#6601,#7756);
#7756 = DEFINITIONAL_REPRESENTATION('',(#7757),#7761);
#7757 = LINE('',#7758,#7759);
#7758 = CARTESIAN_POINT('',(0.,0.));
#7759 = VECTOR('',#7760,1.);
#7760 = DIRECTION('',(0.,1.));
#7761 = ( GEOMETRIC_REPRESENTATION_CONTEXT(2) 
PARAMETRIC_REPRESENTATION_CONTEXT() REPRESENTATION_CONTEXT('2D SPACE',''
  ) );
#7762 = PCURVE('',#6573,#7763);
#7763 = DEFINITIONAL_REPRESENTATION('',(#7764),#7768);
#7764 = LINE('',#7765,#7766);
#7765 = CARTESIAN_POINT('',(0.,60.));
#7766 = VECTOR('',#7767,1.);
#7767 = DIRECTION('',(1.,0.));
#7768 = ( GEOMETRIC_REPRESENTATION_CONTEXT(2) 
PARAMETRIC_REPRESENTATION_CONTEXT() REPRESENTATION_CONTEXT('2D SPACE',''
  ) );
#7769 = ORIENTED_EDGE('',*,*,#6585,.T.);
#7770 = ORIENTED_EDGE('',*,*,#7244,.T.);
#7771 = ORIENTED_EDGE('',*,*,#7772,.F.);
#7772 = EDGE_CURVE('',#7748,#7217,#7773,.T.);
#7773 = SURFACE_CURVE('',#7774,(#7778,#7785),.PCURVE_S1.);
#7774 = LINE('',#7775,#7776);
#7775 = CARTESIAN_POINT('',(1.395E+03,360.,494.));
#7776 = VECTOR('',#7777,1.);
#7777 = DIRECTION('',(0.,0.,1.));
#7778 = PCURVE('',#6601,#7779);
#7779 = DEFINITIONAL_REPRESENTATION('',(#7780),#7784);
#7780 = LINE('',#7781,#7782);
#7781 = CARTESIAN_POINT('',(0.,460.));
#7782 = VECTOR('',#7783,1.);
#7783 = DIRECTION('',(1.,0.));
#7784 = ( GEOMETRIC_REPRESENTATION_CONTEXT(2) 
PARAMETRIC_REPRESENTATION_CONTEXT() REPRESENTATION_CONTEXT('2D SPACE',''
  ) );
#7785 = PCURVE('',#7232,#7786);
#7786 = DEFINITIONAL_REPRESENTATION('',(#7787),#7791);
#7787 = LINE('',#7788,#7789);
#7788 = CARTESIAN_POINT('',(0.,-60.));
#7789 = VECTOR('',#7790,1.);
#7790 = DIRECTION('',(1.,0.));
#7791 = ( GEOMETRIC_REPRESENTATION_CONTEXT(2) 
PARAMETRIC_REPRESENTATION_CONTEXT() REPRESENTATION_CONTEXT('2D SPACE',''
  ) );
#7792 = ADVANCED_FACE('',(#7793),#6573,.F.);
#7793 = FACE_BOUND('',#7794,.F.);
#7794 = EDGE_LOOP('',(#7795,#7796,#7797,#7818));
#7795 = ORIENTED_EDGE('',*,*,#6557,.F.);
#7796 = ORIENTED_EDGE('',*,*,#6684,.T.);
#7797 = ORIENTED_EDGE('',*,*,#7798,.T.);
#7798 = EDGE_CURVE('',#6662,#7748,#7799,.T.);
#7799 = SURFACE_CURVE('',#7800,(#7804,#7811),.PCURVE_S1.);
#7800 = LINE('',#7801,#7802);
#7801 = CARTESIAN_POINT('',(1.395E+03,300.,494.));
#7802 = VECTOR('',#7803,1.);
#7803 = DIRECTION('',(0.,1.,0.));
#7804 = PCURVE('',#6573,#7805);
#7805 = DEFINITIONAL_REPRESENTATION('',(#7806),#7810);
#7806 = LINE('',#7807,#7808);
#7807 = CARTESIAN_POINT('',(460.,0.));
#7808 = VECTOR('',#7809,1.);
#7809 = DIRECTION('',(0.,1.));
#7810 = ( GEOMETRIC_REPRESENTATION_CONTEXT(2) 
PARAMETRIC_REPRESENTATION_CONTEXT() REPRESENTATION_CONTEXT('2D SPACE',''
  ) );
#7811 = PCURVE('',#7232,#7812);
#7812 = DEFINITIONAL_REPRESENTATION('',(#7813),#7817);
#7813 = LINE('',#7814,#7815);
#7814 = CARTESIAN_POINT('',(0.,0.));
#7815 = VECTOR('',#7816,1.);
#7816 = DIRECTION('',(0.,-1.));
#7817 = ( GEOMETRIC_REPRESENTATION_CONTEXT(2) 
PARAMETRIC_REPRESENTATION_CONTEXT() REPRESENTATION_CONTEXT('2D SPACE',''
  ) );
#7818 = ORIENTED_EDGE('',*,*,#7747,.F.);
#7819 = ADVANCED_FACE('',(#7820),#7145,.T.);
#7820 = FACE_BOUND('',#7821,.T.);
#7821 = EDGE_LOOP('',(#7822,#7823,#7824,#7825));
#7822 = ORIENTED_EDGE('',*,*,#7131,.F.);
#7823 = ORIENTED_EDGE('',*,*,#7189,.T.);
#7824 = ORIENTED_EDGE('',*,*,#7268,.T.);
#7825 = ORIENTED_EDGE('',*,*,#7162,.F.);
#7826 = ADVANCED_FACE('',(#7827),#7232,.T.);
#7827 = FACE_BOUND('',#7828,.T.);
#7828 = EDGE_LOOP('',(#7829,#7830,#7831,#7832));
#7829 = ORIENTED_EDGE('',*,*,#7290,.F.);
#7830 = ORIENTED_EDGE('',*,*,#7798,.T.);
#7831 = ORIENTED_EDGE('',*,*,#7772,.T.);
#7832 = ORIENTED_EDGE('',*,*,#7216,.F.);
#7833 = ( GEOMETRIC_REPRESENTATION_CONTEXT(3) 
GLOBAL_UNCERTAINTY_ASSIGNED_CONTEXT((#7837)) 
GLOBAL_UNIT_ASSIGNED_CONTEXT((#7834,#7835,#7836)) REPRESENTATION_CONTEXT
('Context #1','3D Context with UNIT and UNCERTAINTY') );
#7834 = ( LENGTH_UNIT() NAMED_UNIT(*) SI_UNIT(.MILLI.,.METRE.) );
#7835 = ( NAMED_UNIT(*) PLANE_ANGLE_UNIT() SI_UNIT($,.RADIAN.) );
#7836 = ( NAMED_UNIT(*) SI_UNIT($,.STERADIAN.) SOLID_ANGLE_UNIT() );
#7837 = UNCERTAINTY_MEASURE_WITH_UNIT(LENGTH_MEASURE(1.E-07),#7834,
  'distance_accuracy_value','confusion accuracy');
#7838 = CONTEXT_DEPENDENT_SHAPE_REPRESENTATION(#7839,#7841);
#7839 = ( REPRESENTATION_RELATIONSHIP('','',#5806,#10) 
REPRESENTATION_RELATIONSHIP_WITH_TRANSFORMATION(#7840) 
SHAPE_REPRESENTATION_RELATIONSHIP() );
#7840 = ITEM_DEFINED_TRANSFORMATION('','',#11,#127);
#7841 = PRODUCT_DEFINITION_SHAPE('Placement','Placement of an item',
  #7842);
#7842 = NEXT_ASSEMBLY_USAGE_OCCURRENCE('29','D20_R02_TRAY','',#5,#5801,$
  );
#7843 = PRODUCT_RELATED_PRODUCT_CATEGORY('part',$,(#5803));
#7844 = SHAPE_DEFINITION_REPRESENTATION(#7845,#7851);
#7845 = PRODUCT_DEFINITION_SHAPE('','',#7846);
#7846 = PRODUCT_DEFINITION('design','',#7847,#7850);
#7847 = PRODUCT_DEFINITION_FORMATION('','',#7848);
#7848 = PRODUCT('D21_LAPTOP','D21_LAPTOP','',(#7849));
#7849 = PRODUCT_CONTEXT('',#2,'mechanical');
#7850 = PRODUCT_DEFINITION_CONTEXT('part definition',#2,'design');
#7851 = ADVANCED_BREP_SHAPE_REPRESENTATION('',(#11,#7852),#8182);
#7852 = MANIFOLD_SOLID_BREP('',#7853);
#7853 = CLOSED_SHELL('',(#7854,#7974,#8074,#8121,#8168,#8175));
#7854 = ADVANCED_FACE('',(#7855),#7869,.F.);
#7855 = FACE_BOUND('',#7856,.F.);
#7856 = EDGE_LOOP('',(#7857,#7892,#7920,#7948));
#7857 = ORIENTED_EDGE('',*,*,#7858,.F.);
#7858 = EDGE_CURVE('',#7859,#7861,#7863,.T.);
#7859 = VERTEX_POINT('',#7860);
#7860 = CARTESIAN_POINT('',(1.065E+03,-195.,522.));
#7861 = VERTEX_POINT('',#7862);
#7862 = CARTESIAN_POINT('',(1.065E+03,-195.,540.));
#7863 = SURFACE_CURVE('',#7864,(#7868,#7880),.PCURVE_S1.);
#7864 = LINE('',#7865,#7866);
#7865 = CARTESIAN_POINT('',(1.065E+03,-195.,522.));
#7866 = VECTOR('',#7867,1.);
#7867 = DIRECTION('',(0.,0.,1.));
#7868 = PCURVE('',#7869,#7874);
#7869 = PLANE('',#7870);
#7870 = AXIS2_PLACEMENT_3D('',#7871,#7872,#7873);
#7871 = CARTESIAN_POINT('',(1.065E+03,-195.,522.));
#7872 = DIRECTION('',(1.,0.,0.));
#7873 = DIRECTION('',(0.,0.,1.));
#7874 = DEFINITIONAL_REPRESENTATION('',(#7875),#7879);
#7875 = LINE('',#7876,#7877);
#7876 = CARTESIAN_POINT('',(0.,0.));
#7877 = VECTOR('',#7878,1.);
#7878 = DIRECTION('',(1.,0.));
#7879 = ( GEOMETRIC_REPRESENTATION_CONTEXT(2) 
PARAMETRIC_REPRESENTATION_CONTEXT() REPRESENTATION_CONTEXT('2D SPACE',''
  ) );
#7880 = PCURVE('',#7881,#7886);
#7881 = PLANE('',#7882);
#7882 = AXIS2_PLACEMENT_3D('',#7883,#7884,#7885);
#7883 = CARTESIAN_POINT('',(1.065E+03,-195.,522.));
#7884 = DIRECTION('',(0.,1.,0.));
#7885 = DIRECTION('',(0.,0.,1.));
#7886 = DEFINITIONAL_REPRESENTATION('',(#7887),#7891);
#7887 = LINE('',#7888,#7889);
#7888 = CARTESIAN_POINT('',(0.,0.));
#7889 = VECTOR('',#7890,1.);
#7890 = DIRECTION('',(1.,0.));
#7891 = ( GEOMETRIC_REPRESENTATION_CONTEXT(2) 
PARAMETRIC_REPRESENTATION_CONTEXT() REPRESENTATION_CONTEXT('2D SPACE',''
  ) );
#7892 = ORIENTED_EDGE('',*,*,#7893,.T.);
#7893 = EDGE_CURVE('',#7859,#7894,#7896,.T.);
#7894 = VERTEX_POINT('',#7895);
#7895 = CARTESIAN_POINT('',(1.065E+03,195.,522.));
#7896 = SURFACE_CURVE('',#7897,(#7901,#7908),.PCURVE_S1.);
#7897 = LINE('',#7898,#7899);
#7898 = CARTESIAN_POINT('',(1.065E+03,-195.,522.));
#7899 = VECTOR('',#7900,1.);
#7900 = DIRECTION('',(0.,1.,0.));
#7901 = PCURVE('',#7869,#7902);
#7902 = DEFINITIONAL_REPRESENTATION('',(#7903),#7907);
#7903 = LINE('',#7904,#7905);
#7904 = CARTESIAN_POINT('',(0.,0.));
#7905 = VECTOR('',#7906,1.);
#7906 = DIRECTION('',(0.,-1.));
#7907 = ( GEOMETRIC_REPRESENTATION_CONTEXT(2) 
PARAMETRIC_REPRESENTATION_CONTEXT() REPRESENTATION_CONTEXT('2D SPACE',''
  ) );
#7908 = PCURVE('',#7909,#7914);
#7909 = PLANE('',#7910);
#7910 = AXIS2_PLACEMENT_3D('',#7911,#7912,#7913);
#7911 = CARTESIAN_POINT('',(1.065E+03,-195.,522.));
#7912 = DIRECTION('',(0.,0.,1.));
#7913 = DIRECTION('',(1.,0.,0.));
#7914 = DEFINITIONAL_REPRESENTATION('',(#7915),#7919);
#7915 = LINE('',#7916,#7917);
#7916 = CARTESIAN_POINT('',(0.,0.));
#7917 = VECTOR('',#7918,1.);
#7918 = DIRECTION('',(0.,1.));
#7919 = ( GEOMETRIC_REPRESENTATION_CONTEXT(2) 
PARAMETRIC_REPRESENTATION_CONTEXT() REPRESENTATION_CONTEXT('2D SPACE',''
  ) );
#7920 = ORIENTED_EDGE('',*,*,#7921,.T.);
#7921 = EDGE_CURVE('',#7894,#7922,#7924,.T.);
#7922 = VERTEX_POINT('',#7923);
#7923 = CARTESIAN_POINT('',(1.065E+03,195.,540.));
#7924 = SURFACE_CURVE('',#7925,(#7929,#7936),.PCURVE_S1.);
#7925 = LINE('',#7926,#7927);
#7926 = CARTESIAN_POINT('',(1.065E+03,195.,522.));
#7927 = VECTOR('',#7928,1.);
#7928 = DIRECTION('',(0.,0.,1.));
#7929 = PCURVE('',#7869,#7930);
#7930 = DEFINITIONAL_REPRESENTATION('',(#7931),#7935);
#7931 = LINE('',#7932,#7933);
#7932 = CARTESIAN_POINT('',(0.,-390.));
#7933 = VECTOR('',#7934,1.);
#7934 = DIRECTION('',(1.,0.));
#7935 = ( GEOMETRIC_REPRESENTATION_CONTEXT(2) 
PARAMETRIC_REPRESENTATION_CONTEXT() REPRESENTATION_CONTEXT('2D SPACE',''
  ) );
#7936 = PCURVE('',#7937,#7942);
#7937 = PLANE('',#7938);
#7938 = AXIS2_PLACEMENT_3D('',#7939,#7940,#7941);
#7939 = CARTESIAN_POINT('',(1.065E+03,195.,522.));
#7940 = DIRECTION('',(0.,1.,0.));
#7941 = DIRECTION('',(0.,0.,1.));
#7942 = DEFINITIONAL_REPRESENTATION('',(#7943),#7947);
#7943 = LINE('',#7944,#7945);
#7944 = CARTESIAN_POINT('',(0.,0.));
#7945 = VECTOR('',#7946,1.);
#7946 = DIRECTION('',(1.,0.));
#7947 = ( GEOMETRIC_REPRESENTATION_CONTEXT(2) 
PARAMETRIC_REPRESENTATION_CONTEXT() REPRESENTATION_CONTEXT('2D SPACE',''
  ) );
#7948 = ORIENTED_EDGE('',*,*,#7949,.F.);
#7949 = EDGE_CURVE('',#7861,#7922,#7950,.T.);
#7950 = SURFACE_CURVE('',#7951,(#7955,#7962),.PCURVE_S1.);
#7951 = LINE('',#7952,#7953);
#7952 = CARTESIAN_POINT('',(1.065E+03,-195.,540.));
#7953 = VECTOR('',#7954,1.);
#7954 = DIRECTION('',(0.,1.,0.));
#7955 = PCURVE('',#7869,#7956);
#7956 = DEFINITIONAL_REPRESENTATION('',(#7957),#7961);
#7957 = LINE('',#7958,#7959);
#7958 = CARTESIAN_POINT('',(18.,0.));
#7959 = VECTOR('',#7960,1.);
#7960 = DIRECTION('',(0.,-1.));
#7961 = ( GEOMETRIC_REPRESENTATION_CONTEXT(2) 
PARAMETRIC_REPRESENTATION_CONTEXT() REPRESENTATION_CONTEXT('2D SPACE',''
  ) );
#7962 = PCURVE('',#7963,#7968);
#7963 = PLANE('',#7964);
#7964 = AXIS2_PLACEMENT_3D('',#7965,#7966,#7967);
#7965 = CARTESIAN_POINT('',(1.065E+03,-195.,540.));
#7966 = DIRECTION('',(0.,0.,1.));
#7967 = DIRECTION('',(1.,0.,0.));
#7968 = DEFINITIONAL_REPRESENTATION('',(#7969),#7973);
#7969 = LINE('',#7970,#7971);
#7970 = CARTESIAN_POINT('',(0.,0.));
#7971 = VECTOR('',#7972,1.);
#7972 = DIRECTION('',(0.,1.));
#7973 = ( GEOMETRIC_REPRESENTATION_CONTEXT(2) 
PARAMETRIC_REPRESENTATION_CONTEXT() REPRESENTATION_CONTEXT('2D SPACE',''
  ) );
#7974 = ADVANCED_FACE('',(#7975),#7989,.T.);
#7975 = FACE_BOUND('',#7976,.T.);
#7976 = EDGE_LOOP('',(#7977,#8007,#8030,#8053));
#7977 = ORIENTED_EDGE('',*,*,#7978,.F.);
#7978 = EDGE_CURVE('',#7979,#7981,#7983,.T.);
#7979 = VERTEX_POINT('',#7980);
#7980 = CARTESIAN_POINT('',(1.355E+03,-195.,522.));
#7981 = VERTEX_POINT('',#7982);
#7982 = CARTESIAN_POINT('',(1.355E+03,-195.,540.));
#7983 = SURFACE_CURVE('',#7984,(#7988,#8000),.PCURVE_S1.);
#7984 = LINE('',#7985,#7986);
#7985 = CARTESIAN_POINT('',(1.355E+03,-195.,522.));
#7986 = VECTOR('',#7987,1.);
#7987 = DIRECTION('',(0.,0.,1.));
#7988 = PCURVE('',#7989,#7994);
#7989 = PLANE('',#7990);
#7990 = AXIS2_PLACEMENT_3D('',#7991,#7992,#7993);
#7991 = CARTESIAN_POINT('',(1.355E+03,-195.,522.));
#7992 = DIRECTION('',(1.,0.,0.));
#7993 = DIRECTION('',(0.,0.,1.));
#7994 = DEFINITIONAL_REPRESENTATION('',(#7995),#7999);
#7995 = LINE('',#7996,#7997);
#7996 = CARTESIAN_POINT('',(0.,0.));
#7997 = VECTOR('',#7998,1.);
#7998 = DIRECTION('',(1.,0.));
#7999 = ( GEOMETRIC_REPRESENTATION_CONTEXT(2) 
PARAMETRIC_REPRESENTATION_CONTEXT() REPRESENTATION_CONTEXT('2D SPACE',''
  ) );
#8000 = PCURVE('',#7881,#8001);
#8001 = DEFINITIONAL_REPRESENTATION('',(#8002),#8006);
#8002 = LINE('',#8003,#8004);
#8003 = CARTESIAN_POINT('',(0.,290.));
#8004 = VECTOR('',#8005,1.);
#8005 = DIRECTION('',(1.,0.));
#8006 = ( GEOMETRIC_REPRESENTATION_CONTEXT(2) 
PARAMETRIC_REPRESENTATION_CONTEXT() REPRESENTATION_CONTEXT('2D SPACE',''
  ) );
#8007 = ORIENTED_EDGE('',*,*,#8008,.T.);
#8008 = EDGE_CURVE('',#7979,#8009,#8011,.T.);
#8009 = VERTEX_POINT('',#8010);
#8010 = CARTESIAN_POINT('',(1.355E+03,195.,522.));
#8011 = SURFACE_CURVE('',#8012,(#8016,#8023),.PCURVE_S1.);
#8012 = LINE('',#8013,#8014);
#8013 = CARTESIAN_POINT('',(1.355E+03,-195.,522.));
#8014 = VECTOR('',#8015,1.);
#8015 = DIRECTION('',(0.,1.,0.));
#8016 = PCURVE('',#7989,#8017);
#8017 = DEFINITIONAL_REPRESENTATION('',(#8018),#8022);
#8018 = LINE('',#8019,#8020);
#8019 = CARTESIAN_POINT('',(0.,0.));
#8020 = VECTOR('',#8021,1.);
#8021 = DIRECTION('',(0.,-1.));
#8022 = ( GEOMETRIC_REPRESENTATION_CONTEXT(2) 
PARAMETRIC_REPRESENTATION_CONTEXT() REPRESENTATION_CONTEXT('2D SPACE',''
  ) );
#8023 = PCURVE('',#7909,#8024);
#8024 = DEFINITIONAL_REPRESENTATION('',(#8025),#8029);
#8025 = LINE('',#8026,#8027);
#8026 = CARTESIAN_POINT('',(290.,0.));
#8027 = VECTOR('',#8028,1.);
#8028 = DIRECTION('',(0.,1.));
#8029 = ( GEOMETRIC_REPRESENTATION_CONTEXT(2) 
PARAMETRIC_REPRESENTATION_CONTEXT() REPRESENTATION_CONTEXT('2D SPACE',''
  ) );
#8030 = ORIENTED_EDGE('',*,*,#8031,.T.);
#8031 = EDGE_CURVE('',#8009,#8032,#8034,.T.);
#8032 = VERTEX_POINT('',#8033);
#8033 = CARTESIAN_POINT('',(1.355E+03,195.,540.));
#8034 = SURFACE_CURVE('',#8035,(#8039,#8046),.PCURVE_S1.);
#8035 = LINE('',#8036,#8037);
#8036 = CARTESIAN_POINT('',(1.355E+03,195.,522.));
#8037 = VECTOR('',#8038,1.);
#8038 = DIRECTION('',(0.,0.,1.));
#8039 = PCURVE('',#7989,#8040);
#8040 = DEFINITIONAL_REPRESENTATION('',(#8041),#8045);
#8041 = LINE('',#8042,#8043);
#8042 = CARTESIAN_POINT('',(0.,-390.));
#8043 = VECTOR('',#8044,1.);
#8044 = DIRECTION('',(1.,0.));
#8045 = ( GEOMETRIC_REPRESENTATION_CONTEXT(2) 
PARAMETRIC_REPRESENTATION_CONTEXT() REPRESENTATION_CONTEXT('2D SPACE',''
  ) );
#8046 = PCURVE('',#7937,#8047);
#8047 = DEFINITIONAL_REPRESENTATION('',(#8048),#8052);
#8048 = LINE('',#8049,#8050);
#8049 = CARTESIAN_POINT('',(0.,290.));
#8050 = VECTOR('',#8051,1.);
#8051 = DIRECTION('',(1.,0.));
#8052 = ( GEOMETRIC_REPRESENTATION_CONTEXT(2) 
PARAMETRIC_REPRESENTATION_CONTEXT() REPRESENTATION_CONTEXT('2D SPACE',''
  ) );
#8053 = ORIENTED_EDGE('',*,*,#8054,.F.);
#8054 = EDGE_CURVE('',#7981,#8032,#8055,.T.);
#8055 = SURFACE_CURVE('',#8056,(#8060,#8067),.PCURVE_S1.);
#8056 = LINE('',#8057,#8058);
#8057 = CARTESIAN_POINT('',(1.355E+03,-195.,540.));
#8058 = VECTOR('',#8059,1.);
#8059 = DIRECTION('',(0.,1.,0.));
#8060 = PCURVE('',#7989,#8061);
#8061 = DEFINITIONAL_REPRESENTATION('',(#8062),#8066);
#8062 = LINE('',#8063,#8064);
#8063 = CARTESIAN_POINT('',(18.,0.));
#8064 = VECTOR('',#8065,1.);
#8065 = DIRECTION('',(0.,-1.));
#8066 = ( GEOMETRIC_REPRESENTATION_CONTEXT(2) 
PARAMETRIC_REPRESENTATION_CONTEXT() REPRESENTATION_CONTEXT('2D SPACE',''
  ) );
#8067 = PCURVE('',#7963,#8068);
#8068 = DEFINITIONAL_REPRESENTATION('',(#8069),#8073);
#8069 = LINE('',#8070,#8071);
#8070 = CARTESIAN_POINT('',(290.,0.));
#8071 = VECTOR('',#8072,1.);
#8072 = DIRECTION('',(0.,1.));
#8073 = ( GEOMETRIC_REPRESENTATION_CONTEXT(2) 
PARAMETRIC_REPRESENTATION_CONTEXT() REPRESENTATION_CONTEXT('2D SPACE',''
  ) );
#8074 = ADVANCED_FACE('',(#8075),#7881,.F.);
#8075 = FACE_BOUND('',#8076,.F.);
#8076 = EDGE_LOOP('',(#8077,#8098,#8099,#8120));
#8077 = ORIENTED_EDGE('',*,*,#8078,.F.);
#8078 = EDGE_CURVE('',#7859,#7979,#8079,.T.);
#8079 = SURFACE_CURVE('',#8080,(#8084,#8091),.PCURVE_S1.);
#8080 = LINE('',#8081,#8082);
#8081 = CARTESIAN_POINT('',(1.065E+03,-195.,522.));
#8082 = VECTOR('',#8083,1.);
#8083 = DIRECTION('',(1.,0.,0.));
#8084 = PCURVE('',#7881,#8085);
#8085 = DEFINITIONAL_REPRESENTATION('',(#8086),#8090);
#8086 = LINE('',#8087,#8088);
#8087 = CARTESIAN_POINT('',(0.,0.));
#8088 = VECTOR('',#8089,1.);
#8089 = DIRECTION('',(0.,1.));
#8090 = ( GEOMETRIC_REPRESENTATION_CONTEXT(2) 
PARAMETRIC_REPRESENTATION_CONTEXT() REPRESENTATION_CONTEXT('2D SPACE',''
  ) );
#8091 = PCURVE('',#7909,#8092);
#8092 = DEFINITIONAL_REPRESENTATION('',(#8093),#8097);
#8093 = LINE('',#8094,#8095);
#8094 = CARTESIAN_POINT('',(0.,0.));
#8095 = VECTOR('',#8096,1.);
#8096 = DIRECTION('',(1.,0.));
#8097 = ( GEOMETRIC_REPRESENTATION_CONTEXT(2) 
PARAMETRIC_REPRESENTATION_CONTEXT() REPRESENTATION_CONTEXT('2D SPACE',''
  ) );
#8098 = ORIENTED_EDGE('',*,*,#7858,.T.);
#8099 = ORIENTED_EDGE('',*,*,#8100,.T.);
#8100 = EDGE_CURVE('',#7861,#7981,#8101,.T.);
#8101 = SURFACE_CURVE('',#8102,(#8106,#8113),.PCURVE_S1.);
#8102 = LINE('',#8103,#8104);
#8103 = CARTESIAN_POINT('',(1.065E+03,-195.,540.));
#8104 = VECTOR('',#8105,1.);
#8105 = DIRECTION('',(1.,0.,0.));
#8106 = PCURVE('',#7881,#8107);
#8107 = DEFINITIONAL_REPRESENTATION('',(#8108),#8112);
#8108 = LINE('',#8109,#8110);
#8109 = CARTESIAN_POINT('',(18.,0.));
#8110 = VECTOR('',#8111,1.);
#8111 = DIRECTION('',(0.,1.));
#8112 = ( GEOMETRIC_REPRESENTATION_CONTEXT(2) 
PARAMETRIC_REPRESENTATION_CONTEXT() REPRESENTATION_CONTEXT('2D SPACE',''
  ) );
#8113 = PCURVE('',#7963,#8114);
#8114 = DEFINITIONAL_REPRESENTATION('',(#8115),#8119);
#8115 = LINE('',#8116,#8117);
#8116 = CARTESIAN_POINT('',(0.,0.));
#8117 = VECTOR('',#8118,1.);
#8118 = DIRECTION('',(1.,0.));
#8119 = ( GEOMETRIC_REPRESENTATION_CONTEXT(2) 
PARAMETRIC_REPRESENTATION_CONTEXT() REPRESENTATION_CONTEXT('2D SPACE',''
  ) );
#8120 = ORIENTED_EDGE('',*,*,#7978,.F.);
#8121 = ADVANCED_FACE('',(#8122),#7937,.T.);
#8122 = FACE_BOUND('',#8123,.T.);
#8123 = EDGE_LOOP('',(#8124,#8145,#8146,#8167));
#8124 = ORIENTED_EDGE('',*,*,#8125,.F.);
#8125 = EDGE_CURVE('',#7894,#8009,#8126,.T.);
#8126 = SURFACE_CURVE('',#8127,(#8131,#8138),.PCURVE_S1.);
#8127 = LINE('',#8128,#8129);
#8128 = CARTESIAN_POINT('',(1.065E+03,195.,522.));
#8129 = VECTOR('',#8130,1.);
#8130 = DIRECTION('',(1.,0.,0.));
#8131 = PCURVE('',#7937,#8132);
#8132 = DEFINITIONAL_REPRESENTATION('',(#8133),#8137);
#8133 = LINE('',#8134,#8135);
#8134 = CARTESIAN_POINT('',(0.,0.));
#8135 = VECTOR('',#8136,1.);
#8136 = DIRECTION('',(0.,1.));
#8137 = ( GEOMETRIC_REPRESENTATION_CONTEXT(2) 
PARAMETRIC_REPRESENTATION_CONTEXT() REPRESENTATION_CONTEXT('2D SPACE',''
  ) );
#8138 = PCURVE('',#7909,#8139);
#8139 = DEFINITIONAL_REPRESENTATION('',(#8140),#8144);
#8140 = LINE('',#8141,#8142);
#8141 = CARTESIAN_POINT('',(0.,390.));
#8142 = VECTOR('',#8143,1.);
#8143 = DIRECTION('',(1.,0.));
#8144 = ( GEOMETRIC_REPRESENTATION_CONTEXT(2) 
PARAMETRIC_REPRESENTATION_CONTEXT() REPRESENTATION_CONTEXT('2D SPACE',''
  ) );
#8145 = ORIENTED_EDGE('',*,*,#7921,.T.);
#8146 = ORIENTED_EDGE('',*,*,#8147,.T.);
#8147 = EDGE_CURVE('',#7922,#8032,#8148,.T.);
#8148 = SURFACE_CURVE('',#8149,(#8153,#8160),.PCURVE_S1.);
#8149 = LINE('',#8150,#8151);
#8150 = CARTESIAN_POINT('',(1.065E+03,195.,540.));
#8151 = VECTOR('',#8152,1.);
#8152 = DIRECTION('',(1.,0.,0.));
#8153 = PCURVE('',#7937,#8154);
#8154 = DEFINITIONAL_REPRESENTATION('',(#8155),#8159);
#8155 = LINE('',#8156,#8157);
#8156 = CARTESIAN_POINT('',(18.,0.));
#8157 = VECTOR('',#8158,1.);
#8158 = DIRECTION('',(0.,1.));
#8159 = ( GEOMETRIC_REPRESENTATION_CONTEXT(2) 
PARAMETRIC_REPRESENTATION_CONTEXT() REPRESENTATION_CONTEXT('2D SPACE',''
  ) );
#8160 = PCURVE('',#7963,#8161);
#8161 = DEFINITIONAL_REPRESENTATION('',(#8162),#8166);
#8162 = LINE('',#8163,#8164);
#8163 = CARTESIAN_POINT('',(0.,390.));
#8164 = VECTOR('',#8165,1.);
#8165 = DIRECTION('',(1.,0.));
#8166 = ( GEOMETRIC_REPRESENTATION_CONTEXT(2) 
PARAMETRIC_REPRESENTATION_CONTEXT() REPRESENTATION_CONTEXT('2D SPACE',''
  ) );
#8167 = ORIENTED_EDGE('',*,*,#8031,.F.);
#8168 = ADVANCED_FACE('',(#8169),#7909,.F.);
#8169 = FACE_BOUND('',#8170,.F.);
#8170 = EDGE_LOOP('',(#8171,#8172,#8173,#8174));
#8171 = ORIENTED_EDGE('',*,*,#7893,.F.);
#8172 = ORIENTED_EDGE('',*,*,#8078,.T.);
#8173 = ORIENTED_EDGE('',*,*,#8008,.T.);
#8174 = ORIENTED_EDGE('',*,*,#8125,.F.);
#8175 = ADVANCED_FACE('',(#8176),#7963,.T.);
#8176 = FACE_BOUND('',#8177,.T.);
#8177 = EDGE_LOOP('',(#8178,#8179,#8180,#8181));
#8178 = ORIENTED_EDGE('',*,*,#7949,.F.);
#8179 = ORIENTED_EDGE('',*,*,#8100,.T.);
#8180 = ORIENTED_EDGE('',*,*,#8054,.T.);
#8181 = ORIENTED_EDGE('',*,*,#8147,.F.);
#8182 = ( GEOMETRIC_REPRESENTATION_CONTEXT(3) 
GLOBAL_UNCERTAINTY_ASSIGNED_CONTEXT((#8186)) 
GLOBAL_UNIT_ASSIGNED_CONTEXT((#8183,#8184,#8185)) REPRESENTATION_CONTEXT
('Context #1','3D Context with UNIT and UNCERTAINTY') );
#8183 = ( LENGTH_UNIT() NAMED_UNIT(*) SI_UNIT(.MILLI.,.METRE.) );
#8184 = ( NAMED_UNIT(*) PLANE_ANGLE_UNIT() SI_UNIT($,.RADIAN.) );
#8185 = ( NAMED_UNIT(*) SI_UNIT($,.STERADIAN.) SOLID_ANGLE_UNIT() );
#8186 = UNCERTAINTY_MEASURE_WITH_UNIT(LENGTH_MEASURE(1.E-07),#8183,
  'distance_accuracy_value','confusion accuracy');
#8187 = CONTEXT_DEPENDENT_SHAPE_REPRESENTATION(#8188,#8190);
#8188 = ( REPRESENTATION_RELATIONSHIP('','',#7851,#10) 
REPRESENTATION_RELATIONSHIP_WITH_TRANSFORMATION(#8189) 
SHAPE_REPRESENTATION_RELATIONSHIP() );
#8189 = ITEM_DEFINED_TRANSFORMATION('','',#11,#131);
#8190 = PRODUCT_DEFINITION_SHAPE('Placement','Placement of an item',
  #8191);
#8191 = NEXT_ASSEMBLY_USAGE_OCCURRENCE('30','D21_LAPTOP','',#5,#7846,$);
#8192 = PRODUCT_RELATED_PRODUCT_CATEGORY('part',$,(#7848));
#8193 = SHAPE_DEFINITION_REPRESENTATION(#8194,#8200);
#8194 = PRODUCT_DEFINITION_SHAPE('','',#8195);
#8195 = PRODUCT_DEFINITION('design','',#8196,#8199);
#8196 = PRODUCT_DEFINITION_FORMATION('','',#8197);
#8197 = PRODUCT('D22_SCREEN','D22_SCREEN','',(#8198));
#8198 = PRODUCT_CONTEXT('',#2,'mechanical');
#8199 = PRODUCT_DEFINITION_CONTEXT('part definition',#2,'design');
#8200 = ADVANCED_BREP_SHAPE_REPRESENTATION('',(#11,#8201),#8531);
#8201 = MANIFOLD_SOLID_BREP('',#8202);
#8202 = CLOSED_SHELL('',(#8203,#8323,#8423,#8470,#8517,#8524));
#8203 = ADVANCED_FACE('',(#8204),#8218,.F.);
#8204 = FACE_BOUND('',#8205,.F.);
#8205 = EDGE_LOOP('',(#8206,#8241,#8269,#8297));
#8206 = ORIENTED_EDGE('',*,*,#8207,.F.);
#8207 = EDGE_CURVE('',#8208,#8210,#8212,.T.);
#8208 = VERTEX_POINT('',#8209);
#8209 = CARTESIAN_POINT('',(1.359131114396E+03,-195.,541.2474701449));
#8210 = VERTEX_POINT('',#8211);
#8211 = CARTESIAN_POINT('',(1.409029920192E+03,-195.,776.00289432102));
#8212 = SURFACE_CURVE('',#8213,(#8217,#8229),.PCURVE_S1.);
#8213 = LINE('',#8214,#8215);
#8214 = CARTESIAN_POINT('',(1.359131114396E+03,-195.,541.2474701449));
#8215 = VECTOR('',#8216,1.);
#8216 = DIRECTION('',(0.207911690818,0.,0.978147600734));
#8217 = PCURVE('',#8218,#8223);
#8218 = PLANE('',#8219);
#8219 = AXIS2_PLACEMENT_3D('',#8220,#8221,#8222);
#8220 = CARTESIAN_POINT('',(1.359131114396E+03,-195.,541.2474701449));
#8221 = DIRECTION('',(0.978147600734,0.,-0.207911690818));
#8222 = DIRECTION('',(0.207911690818,0.,0.978147600734));
#8223 = DEFINITIONAL_REPRESENTATION('',(#8224),#8228);
#8224 = LINE('',#8225,#8226);
#8225 = CARTESIAN_POINT('',(0.,0.));
#8226 = VECTOR('',#8227,1.);
#8227 = DIRECTION('',(1.,0.));
#8228 = ( GEOMETRIC_REPRESENTATION_CONTEXT(2) 
PARAMETRIC_REPRESENTATION_CONTEXT() REPRESENTATION_CONTEXT('2D SPACE',''
  ) );
#8229 = PCURVE('',#8230,#8235);
#8230 = PLANE('',#8231);
#8231 = AXIS2_PLACEMENT_3D('',#8232,#8233,#8234);
#8232 = CARTESIAN_POINT('',(1.359131114396E+03,-195.,541.2474701449));
#8233 = DIRECTION('',(0.,1.,0.));
#8234 = DIRECTION('',(0.207911690818,0.,0.978147600734));
#8235 = DEFINITIONAL_REPRESENTATION('',(#8236),#8240);
#8236 = LINE('',#8237,#8238);
#8237 = CARTESIAN_POINT('',(0.,0.));
#8238 = VECTOR('',#8239,1.);
#8239 = DIRECTION('',(1.,0.));
#8240 = ( GEOMETRIC_REPRESENTATION_CONTEXT(2) 
PARAMETRIC_REPRESENTATION_CONTEXT() REPRESENTATION_CONTEXT('2D SPACE',''
  ) );
#8241 = ORIENTED_EDGE('',*,*,#8242,.T.);
#8242 = EDGE_CURVE('',#8208,#8243,#8245,.T.);
#8243 = VERTEX_POINT('',#8244);
#8244 = CARTESIAN_POINT('',(1.359131114396E+03,195.,541.2474701449));
#8245 = SURFACE_CURVE('',#8246,(#8250,#8257),.PCURVE_S1.);
#8246 = LINE('',#8247,#8248);
#8247 = CARTESIAN_POINT('',(1.359131114396E+03,-195.,541.2474701449));
#8248 = VECTOR('',#8249,1.);
#8249 = DIRECTION('',(0.,1.,0.));
#8250 = PCURVE('',#8218,#8251);
#8251 = DEFINITIONAL_REPRESENTATION('',(#8252),#8256);
#8252 = LINE('',#8253,#8254);
#8253 = CARTESIAN_POINT('',(0.,0.));
#8254 = VECTOR('',#8255,1.);
#8255 = DIRECTION('',(0.,-1.));
#8256 = ( GEOMETRIC_REPRESENTATION_CONTEXT(2) 
PARAMETRIC_REPRESENTATION_CONTEXT() REPRESENTATION_CONTEXT('2D SPACE',''
  ) );
#8257 = PCURVE('',#8258,#8263);
#8258 = PLANE('',#8259);
#8259 = AXIS2_PLACEMENT_3D('',#8260,#8261,#8262);
#8260 = CARTESIAN_POINT('',(1.359131114396E+03,-195.,541.2474701449));
#8261 = DIRECTION('',(0.207911690818,0.,0.978147600734));
#8262 = DIRECTION('',(0.978147600734,0.,-0.207911690818));
#8263 = DEFINITIONAL_REPRESENTATION('',(#8264),#8268);
#8264 = LINE('',#8265,#8266);
#8265 = CARTESIAN_POINT('',(0.,0.));
#8266 = VECTOR('',#8267,1.);
#8267 = DIRECTION('',(0.,1.));
#8268 = ( GEOMETRIC_REPRESENTATION_CONTEXT(2) 
PARAMETRIC_REPRESENTATION_CONTEXT() REPRESENTATION_CONTEXT('2D SPACE',''
  ) );
#8269 = ORIENTED_EDGE('',*,*,#8270,.T.);
#8270 = EDGE_CURVE('',#8243,#8271,#8273,.T.);
#8271 = VERTEX_POINT('',#8272);
#8272 = CARTESIAN_POINT('',(1.409029920192E+03,195.,776.00289432102));
#8273 = SURFACE_CURVE('',#8274,(#8278,#8285),.PCURVE_S1.);
#8274 = LINE('',#8275,#8276);
#8275 = CARTESIAN_POINT('',(1.359131114396E+03,195.,541.2474701449));
#8276 = VECTOR('',#8277,1.);
#8277 = DIRECTION('',(0.207911690818,0.,0.978147600734));
#8278 = PCURVE('',#8218,#8279);
#8279 = DEFINITIONAL_REPRESENTATION('',(#8280),#8284);
#8280 = LINE('',#8281,#8282);
#8281 = CARTESIAN_POINT('',(0.,-390.));
#8282 = VECTOR('',#8283,1.);
#8283 = DIRECTION('',(1.,0.));
#8284 = ( GEOMETRIC_REPRESENTATION_CONTEXT(2) 
PARAMETRIC_REPRESENTATION_CONTEXT() REPRESENTATION_CONTEXT('2D SPACE',''
  ) );
#8285 = PCURVE('',#8286,#8291);
#8286 = PLANE('',#8287);
#8287 = AXIS2_PLACEMENT_3D('',#8288,#8289,#8290);
#8288 = CARTESIAN_POINT('',(1.359131114396E+03,195.,541.2474701449));
#8289 = DIRECTION('',(0.,1.,0.));
#8290 = DIRECTION('',(0.207911690818,0.,0.978147600734));
#8291 = DEFINITIONAL_REPRESENTATION('',(#8292),#8296);
#8292 = LINE('',#8293,#8294);
#8293 = CARTESIAN_POINT('',(0.,0.));
#8294 = VECTOR('',#8295,1.);
#8295 = DIRECTION('',(1.,0.));
#8296 = ( GEOMETRIC_REPRESENTATION_CONTEXT(2) 
PARAMETRIC_REPRESENTATION_CONTEXT() REPRESENTATION_CONTEXT('2D SPACE',''
  ) );
#8297 = ORIENTED_EDGE('',*,*,#8298,.F.);
#8298 = EDGE_CURVE('',#8210,#8271,#8299,.T.);
#8299 = SURFACE_CURVE('',#8300,(#8304,#8311),.PCURVE_S1.);
#8300 = LINE('',#8301,#8302);
#8301 = CARTESIAN_POINT('',(1.409029920192E+03,-195.,776.00289432102));
#8302 = VECTOR('',#8303,1.);
#8303 = DIRECTION('',(0.,1.,0.));
#8304 = PCURVE('',#8218,#8305);
#8305 = DEFINITIONAL_REPRESENTATION('',(#8306),#8310);
#8306 = LINE('',#8307,#8308);
#8307 = CARTESIAN_POINT('',(240.,0.));
#8308 = VECTOR('',#8309,1.);
#8309 = DIRECTION('',(0.,-1.));
#8310 = ( GEOMETRIC_REPRESENTATION_CONTEXT(2) 
PARAMETRIC_REPRESENTATION_CONTEXT() REPRESENTATION_CONTEXT('2D SPACE',''
  ) );
#8311 = PCURVE('',#8312,#8317);
#8312 = PLANE('',#8313);
#8313 = AXIS2_PLACEMENT_3D('',#8314,#8315,#8316);
#8314 = CARTESIAN_POINT('',(1.409029920192E+03,-195.,776.00289432102));
#8315 = DIRECTION('',(0.207911690818,0.,0.978147600734));
#8316 = DIRECTION('',(0.978147600734,0.,-0.207911690818));
#8317 = DEFINITIONAL_REPRESENTATION('',(#8318),#8322);
#8318 = LINE('',#8319,#8320);
#8319 = CARTESIAN_POINT('',(0.,0.));
#8320 = VECTOR('',#8321,1.);
#8321 = DIRECTION('',(0.,1.));
#8322 = ( GEOMETRIC_REPRESENTATION_CONTEXT(2) 
PARAMETRIC_REPRESENTATION_CONTEXT() REPRESENTATION_CONTEXT('2D SPACE',''
  ) );
#8323 = ADVANCED_FACE('',(#8324),#8338,.T.);
#8324 = FACE_BOUND('',#8325,.T.);
#8325 = EDGE_LOOP('',(#8326,#8356,#8379,#8402));
#8326 = ORIENTED_EDGE('',*,*,#8327,.F.);
#8327 = EDGE_CURVE('',#8328,#8330,#8332,.T.);
#8328 = VERTEX_POINT('',#8329);
#8329 = CARTESIAN_POINT('',(1.370868885604E+03,-195.,538.75252985509));
#8330 = VERTEX_POINT('',#8331);
#8331 = CARTESIAN_POINT('',(1.420767691401E+03,-195.,773.5079540312));
#8332 = SURFACE_CURVE('',#8333,(#8337,#8349),.PCURVE_S1.);
#8333 = LINE('',#8334,#8335);
#8334 = CARTESIAN_POINT('',(1.370868885604E+03,-195.,538.75252985509));
#8335 = VECTOR('',#8336,1.);
#8336 = DIRECTION('',(0.207911690818,0.,0.978147600734));
#8337 = PCURVE('',#8338,#8343);
#8338 = PLANE('',#8339);
#8339 = AXIS2_PLACEMENT_3D('',#8340,#8341,#8342);
#8340 = CARTESIAN_POINT('',(1.370868885604E+03,-195.,538.75252985509));
#8341 = DIRECTION('',(0.978147600734,0.,-0.207911690818));
#8342 = DIRECTION('',(0.207911690818,0.,0.978147600734));
#8343 = DEFINITIONAL_REPRESENTATION('',(#8344),#8348);
#8344 = LINE('',#8345,#8346);
#8345 = CARTESIAN_POINT('',(0.,0.));
#8346 = VECTOR('',#8347,1.);
#8347 = DIRECTION('',(1.,0.));
#8348 = ( GEOMETRIC_REPRESENTATION_CONTEXT(2) 
PARAMETRIC_REPRESENTATION_CONTEXT() REPRESENTATION_CONTEXT('2D SPACE',''
  ) );
#8349 = PCURVE('',#8230,#8350);
#8350 = DEFINITIONAL_REPRESENTATION('',(#8351),#8355);
#8351 = LINE('',#8352,#8353);
#8352 = CARTESIAN_POINT('',(4.485301019486E-14,12.));
#8353 = VECTOR('',#8354,1.);
#8354 = DIRECTION('',(1.,0.));
#8355 = ( GEOMETRIC_REPRESENTATION_CONTEXT(2) 
PARAMETRIC_REPRESENTATION_CONTEXT() REPRESENTATION_CONTEXT('2D SPACE',''
  ) );
#8356 = ORIENTED_EDGE('',*,*,#8357,.T.);
#8357 = EDGE_CURVE('',#8328,#8358,#8360,.T.);
#8358 = VERTEX_POINT('',#8359);
#8359 = CARTESIAN_POINT('',(1.370868885604E+03,195.,538.75252985509));
#8360 = SURFACE_CURVE('',#8361,(#8365,#8372),.PCURVE_S1.);
#8361 = LINE('',#8362,#8363);
#8362 = CARTESIAN_POINT('',(1.370868885604E+03,-195.,538.75252985509));
#8363 = VECTOR('',#8364,1.);
#8364 = DIRECTION('',(0.,1.,0.));
#8365 = PCURVE('',#8338,#8366);
#8366 = DEFINITIONAL_REPRESENTATION('',(#8367),#8371);
#8367 = LINE('',#8368,#8369);
#8368 = CARTESIAN_POINT('',(0.,0.));
#8369 = VECTOR('',#8370,1.);
#8370 = DIRECTION('',(0.,-1.));
#8371 = ( GEOMETRIC_REPRESENTATION_CONTEXT(2) 
PARAMETRIC_REPRESENTATION_CONTEXT() REPRESENTATION_CONTEXT('2D SPACE',''
  ) );
#8372 = PCURVE('',#8258,#8373);
#8373 = DEFINITIONAL_REPRESENTATION('',(#8374),#8378);
#8374 = LINE('',#8375,#8376);
#8375 = CARTESIAN_POINT('',(12.,0.));
#8376 = VECTOR('',#8377,1.);
#8377 = DIRECTION('',(0.,1.));
#8378 = ( GEOMETRIC_REPRESENTATION_CONTEXT(2) 
PARAMETRIC_REPRESENTATION_CONTEXT() REPRESENTATION_CONTEXT('2D SPACE',''
  ) );
#8379 = ORIENTED_EDGE('',*,*,#8380,.T.);
#8380 = EDGE_CURVE('',#8358,#8381,#8383,.T.);
#8381 = VERTEX_POINT('',#8382);
#8382 = CARTESIAN_POINT('',(1.420767691401E+03,195.,773.5079540312));
#8383 = SURFACE_CURVE('',#8384,(#8388,#8395),.PCURVE_S1.);
#8384 = LINE('',#8385,#8386);
#8385 = CARTESIAN_POINT('',(1.370868885604E+03,195.,538.75252985509));
#8386 = VECTOR('',#8387,1.);
#8387 = DIRECTION('',(0.207911690818,0.,0.978147600734));
#8388 = PCURVE('',#8338,#8389);
#8389 = DEFINITIONAL_REPRESENTATION('',(#8390),#8394);
#8390 = LINE('',#8391,#8392);
#8391 = CARTESIAN_POINT('',(0.,-390.));
#8392 = VECTOR('',#8393,1.);
#8393 = DIRECTION('',(1.,0.));
#8394 = ( GEOMETRIC_REPRESENTATION_CONTEXT(2) 
PARAMETRIC_REPRESENTATION_CONTEXT() REPRESENTATION_CONTEXT('2D SPACE',''
  ) );
#8395 = PCURVE('',#8286,#8396);
#8396 = DEFINITIONAL_REPRESENTATION('',(#8397),#8401);
#8397 = LINE('',#8398,#8399);
#8398 = CARTESIAN_POINT('',(4.485301019486E-14,12.));
#8399 = VECTOR('',#8400,1.);
#8400 = DIRECTION('',(1.,0.));
#8401 = ( GEOMETRIC_REPRESENTATION_CONTEXT(2) 
PARAMETRIC_REPRESENTATION_CONTEXT() REPRESENTATION_CONTEXT('2D SPACE',''
  ) );
#8402 = ORIENTED_EDGE('',*,*,#8403,.F.);
#8403 = EDGE_CURVE('',#8330,#8381,#8404,.T.);
#8404 = SURFACE_CURVE('',#8405,(#8409,#8416),.PCURVE_S1.);
#8405 = LINE('',#8406,#8407);
#8406 = CARTESIAN_POINT('',(1.420767691401E+03,-195.,773.5079540312));
#8407 = VECTOR('',#8408,1.);
#8408 = DIRECTION('',(0.,1.,0.));
#8409 = PCURVE('',#8338,#8410);
#8410 = DEFINITIONAL_REPRESENTATION('',(#8411),#8415);
#8411 = LINE('',#8412,#8413);
#8412 = CARTESIAN_POINT('',(240.,0.));
#8413 = VECTOR('',#8414,1.);
#8414 = DIRECTION('',(0.,-1.));
#8415 = ( GEOMETRIC_REPRESENTATION_CONTEXT(2) 
PARAMETRIC_REPRESENTATION_CONTEXT() REPRESENTATION_CONTEXT('2D SPACE',''
  ) );
#8416 = PCURVE('',#8312,#8417);
#8417 = DEFINITIONAL_REPRESENTATION('',(#8418),#8422);
#8418 = LINE('',#8419,#8420);
#8419 = CARTESIAN_POINT('',(12.,0.));
#8420 = VECTOR('',#8421,1.);
#8421 = DIRECTION('',(0.,1.));
#8422 = ( GEOMETRIC_REPRESENTATION_CONTEXT(2) 
PARAMETRIC_REPRESENTATION_CONTEXT() REPRESENTATION_CONTEXT('2D SPACE',''
  ) );
#8423 = ADVANCED_FACE('',(#8424),#8230,.F.);
#8424 = FACE_BOUND('',#8425,.F.);
#8425 = EDGE_LOOP('',(#8426,#8447,#8448,#8469));
#8426 = ORIENTED_EDGE('',*,*,#8427,.F.);
#8427 = EDGE_CURVE('',#8208,#8328,#8428,.T.);
#8428 = SURFACE_CURVE('',#8429,(#8433,#8440),.PCURVE_S1.);
#8429 = LINE('',#8430,#8431);
#8430 = CARTESIAN_POINT('',(1.359131114396E+03,-195.,541.2474701449));
#8431 = VECTOR('',#8432,1.);
#8432 = DIRECTION('',(0.978147600734,0.,-0.207911690818));
#8433 = PCURVE('',#8230,#8434);
#8434 = DEFINITIONAL_REPRESENTATION('',(#8435),#8439);
#8435 = LINE('',#8436,#8437);
#8436 = CARTESIAN_POINT('',(0.,0.));
#8437 = VECTOR('',#8438,1.);
#8438 = DIRECTION('',(0.,1.));
#8439 = ( GEOMETRIC_REPRESENTATION_CONTEXT(2) 
PARAMETRIC_REPRESENTATION_CONTEXT() REPRESENTATION_CONTEXT('2D SPACE',''
  ) );
#8440 = PCURVE('',#8258,#8441);
#8441 = DEFINITIONAL_REPRESENTATION('',(#8442),#8446);
#8442 = LINE('',#8443,#8444);
#8443 = CARTESIAN_POINT('',(0.,0.));
#8444 = VECTOR('',#8445,1.);
#8445 = DIRECTION('',(1.,0.));
#8446 = ( GEOMETRIC_REPRESENTATION_CONTEXT(2) 
PARAMETRIC_REPRESENTATION_CONTEXT() REPRESENTATION_CONTEXT('2D SPACE',''
  ) );
#8447 = ORIENTED_EDGE('',*,*,#8207,.T.);
#8448 = ORIENTED_EDGE('',*,*,#8449,.T.);
#8449 = EDGE_CURVE('',#8210,#8330,#8450,.T.);
#8450 = SURFACE_CURVE('',#8451,(#8455,#8462),.PCURVE_S1.);
#8451 = LINE('',#8452,#8453);
#8452 = CARTESIAN_POINT('',(1.409029920192E+03,-195.,776.00289432102));
#8453 = VECTOR('',#8454,1.);
#8454 = DIRECTION('',(0.978147600734,0.,-0.207911690818));
#8455 = PCURVE('',#8230,#8456);
#8456 = DEFINITIONAL_REPRESENTATION('',(#8457),#8461);
#8457 = LINE('',#8458,#8459);
#8458 = CARTESIAN_POINT('',(240.,-7.815970093361E-14));
#8459 = VECTOR('',#8460,1.);
#8460 = DIRECTION('',(0.,1.));
#8461 = ( GEOMETRIC_REPRESENTATION_CONTEXT(2) 
PARAMETRIC_REPRESENTATION_CONTEXT() REPRESENTATION_CONTEXT('2D SPACE',''
  ) );
#8462 = PCURVE('',#8312,#8463);
#8463 = DEFINITIONAL_REPRESENTATION('',(#8464),#8468);
#8464 = LINE('',#8465,#8466);
#8465 = CARTESIAN_POINT('',(0.,0.));
#8466 = VECTOR('',#8467,1.);
#8467 = DIRECTION('',(1.,0.));
#8468 = ( GEOMETRIC_REPRESENTATION_CONTEXT(2) 
PARAMETRIC_REPRESENTATION_CONTEXT() REPRESENTATION_CONTEXT('2D SPACE',''
  ) );
#8469 = ORIENTED_EDGE('',*,*,#8327,.F.);
#8470 = ADVANCED_FACE('',(#8471),#8286,.T.);
#8471 = FACE_BOUND('',#8472,.T.);
#8472 = EDGE_LOOP('',(#8473,#8494,#8495,#8516));
#8473 = ORIENTED_EDGE('',*,*,#8474,.F.);
#8474 = EDGE_CURVE('',#8243,#8358,#8475,.T.);
#8475 = SURFACE_CURVE('',#8476,(#8480,#8487),.PCURVE_S1.);
#8476 = LINE('',#8477,#8478);
#8477 = CARTESIAN_POINT('',(1.359131114396E+03,195.,541.2474701449));
#8478 = VECTOR('',#8479,1.);
#8479 = DIRECTION('',(0.978147600734,0.,-0.207911690818));
#8480 = PCURVE('',#8286,#8481);
#8481 = DEFINITIONAL_REPRESENTATION('',(#8482),#8486);
#8482 = LINE('',#8483,#8484);
#8483 = CARTESIAN_POINT('',(0.,0.));
#8484 = VECTOR('',#8485,1.);
#8485 = DIRECTION('',(0.,1.));
#8486 = ( GEOMETRIC_REPRESENTATION_CONTEXT(2) 
PARAMETRIC_REPRESENTATION_CONTEXT() REPRESENTATION_CONTEXT('2D SPACE',''
  ) );
#8487 = PCURVE('',#8258,#8488);
#8488 = DEFINITIONAL_REPRESENTATION('',(#8489),#8493);
#8489 = LINE('',#8490,#8491);
#8490 = CARTESIAN_POINT('',(0.,390.));
#8491 = VECTOR('',#8492,1.);
#8492 = DIRECTION('',(1.,0.));
#8493 = ( GEOMETRIC_REPRESENTATION_CONTEXT(2) 
PARAMETRIC_REPRESENTATION_CONTEXT() REPRESENTATION_CONTEXT('2D SPACE',''
  ) );
#8494 = ORIENTED_EDGE('',*,*,#8270,.T.);
#8495 = ORIENTED_EDGE('',*,*,#8496,.T.);
#8496 = EDGE_CURVE('',#8271,#8381,#8497,.T.);
#8497 = SURFACE_CURVE('',#8498,(#8502,#8509),.PCURVE_S1.);
#8498 = LINE('',#8499,#8500);
#8499 = CARTESIAN_POINT('',(1.409029920192E+03,195.,776.00289432102));
#8500 = VECTOR('',#8501,1.);
#8501 = DIRECTION('',(0.978147600734,0.,-0.207911690818));
#8502 = PCURVE('',#8286,#8503);
#8503 = DEFINITIONAL_REPRESENTATION('',(#8504),#8508);
#8504 = LINE('',#8505,#8506);
#8505 = CARTESIAN_POINT('',(240.,-7.815970093361E-14));
#8506 = VECTOR('',#8507,1.);
#8507 = DIRECTION('',(0.,1.));
#8508 = ( GEOMETRIC_REPRESENTATION_CONTEXT(2) 
PARAMETRIC_REPRESENTATION_CONTEXT() REPRESENTATION_CONTEXT('2D SPACE',''
  ) );
#8509 = PCURVE('',#8312,#8510);
#8510 = DEFINITIONAL_REPRESENTATION('',(#8511),#8515);
#8511 = LINE('',#8512,#8513);
#8512 = CARTESIAN_POINT('',(0.,390.));
#8513 = VECTOR('',#8514,1.);
#8514 = DIRECTION('',(1.,0.));
#8515 = ( GEOMETRIC_REPRESENTATION_CONTEXT(2) 
PARAMETRIC_REPRESENTATION_CONTEXT() REPRESENTATION_CONTEXT('2D SPACE',''
  ) );
#8516 = ORIENTED_EDGE('',*,*,#8380,.F.);
#8517 = ADVANCED_FACE('',(#8518),#8258,.F.);
#8518 = FACE_BOUND('',#8519,.F.);
#8519 = EDGE_LOOP('',(#8520,#8521,#8522,#8523));
#8520 = ORIENTED_EDGE('',*,*,#8242,.F.);
#8521 = ORIENTED_EDGE('',*,*,#8427,.T.);
#8522 = ORIENTED_EDGE('',*,*,#8357,.T.);
#8523 = ORIENTED_EDGE('',*,*,#8474,.F.);
#8524 = ADVANCED_FACE('',(#8525),#8312,.T.);
#8525 = FACE_BOUND('',#8526,.T.);
#8526 = EDGE_LOOP('',(#8527,#8528,#8529,#8530));
#8527 = ORIENTED_EDGE('',*,*,#8298,.F.);
#8528 = ORIENTED_EDGE('',*,*,#8449,.T.);
#8529 = ORIENTED_EDGE('',*,*,#8403,.T.);
#8530 = ORIENTED_EDGE('',*,*,#8496,.F.);
#8531 = ( GEOMETRIC_REPRESENTATION_CONTEXT(3) 
GLOBAL_UNCERTAINTY_ASSIGNED_CONTEXT((#8535)) 
GLOBAL_UNIT_ASSIGNED_CONTEXT((#8532,#8533,#8534)) REPRESENTATION_CONTEXT
('Context #1','3D Context with UNIT and UNCERTAINTY') );
#8532 = ( LENGTH_UNIT() NAMED_UNIT(*) SI_UNIT(.MILLI.,.METRE.) );
#8533 = ( NAMED_UNIT(*) PLANE_ANGLE_UNIT() SI_UNIT($,.RADIAN.) );
#8534 = ( NAMED_UNIT(*) SI_UNIT($,.STERADIAN.) SOLID_ANGLE_UNIT() );
#8535 = UNCERTAINTY_MEASURE_WITH_UNIT(LENGTH_MEASURE(1.E-07),#8532,
  'distance_accuracy_value','confusion accuracy');
#8536 = CONTEXT_DEPENDENT_SHAPE_REPRESENTATION(#8537,#8539);
#8537 = ( REPRESENTATION_RELATIONSHIP('','',#8200,#10) 
REPRESENTATION_RELATIONSHIP_WITH_TRANSFORMATION(#8538) 
SHAPE_REPRESENTATION_RELATIONSHIP() );
#8538 = ITEM_DEFINED_TRANSFORMATION('','',#11,#135);
#8539 = PRODUCT_DEFINITION_SHAPE('Placement','Placement of an item',
  #8540);
#8540 = NEXT_ASSEMBLY_USAGE_OCCURRENCE('31','D22_SCREEN','',#5,#8195,$);
#8541 = PRODUCT_RELATED_PRODUCT_CATEGORY('part',$,(#8197));
#8542 = SHAPE_DEFINITION_REPRESENTATION(#8543,#8549);
#8543 = PRODUCT_DEFINITION_SHAPE('','',#8544);
#8544 = PRODUCT_DEFINITION('design','',#8545,#8548);
#8545 = PRODUCT_DEFINITION_FORMATION('','',#8546);
#8546 = PRODUCT('TOUCHPAD','TOUCHPAD','',(#8547));
#8547 = PRODUCT_CONTEXT('',#2,'mechanical');
#8548 = PRODUCT_DEFINITION_CONTEXT('part definition',#2,'design');
#8549 = ADVANCED_BREP_SHAPE_REPRESENTATION('',(#11,#8550),#8880);
#8550 = MANIFOLD_SOLID_BREP('',#8551);
#8551 = CLOSED_SHELL('',(#8552,#8672,#8772,#8819,#8866,#8873));
#8552 = ADVANCED_FACE('',(#8553),#8567,.F.);
#8553 = FACE_BOUND('',#8554,.F.);
#8554 = EDGE_LOOP('',(#8555,#8590,#8618,#8646));
#8555 = ORIENTED_EDGE('',*,*,#8556,.F.);
#8556 = EDGE_CURVE('',#8557,#8559,#8561,.T.);
#8557 = VERTEX_POINT('',#8558);
#8558 = CARTESIAN_POINT('',(1.034E+03,-60.,539.7));
#8559 = VERTEX_POINT('',#8560);
#8560 = CARTESIAN_POINT('',(1.034E+03,-60.,540.7));
#8561 = SURFACE_CURVE('',#8562,(#8566,#8578),.PCURVE_S1.);
#8562 = LINE('',#8563,#8564);
#8563 = CARTESIAN_POINT('',(1.034E+03,-60.,539.7));
#8564 = VECTOR('',#8565,1.);
#8565 = DIRECTION('',(0.,0.,1.));
#8566 = PCURVE('',#8567,#8572);
#8567 = PLANE('',#8568);
#8568 = AXIS2_PLACEMENT_3D('',#8569,#8570,#8571);
#8569 = CARTESIAN_POINT('',(1.034E+03,-60.,539.7));
#8570 = DIRECTION('',(1.,0.,0.));
#8571 = DIRECTION('',(0.,0.,1.));
#8572 = DEFINITIONAL_REPRESENTATION('',(#8573),#8577);
#8573 = LINE('',#8574,#8575);
#8574 = CARTESIAN_POINT('',(0.,0.));
#8575 = VECTOR('',#8576,1.);
#8576 = DIRECTION('',(1.,0.));
#8577 = ( GEOMETRIC_REPRESENTATION_CONTEXT(2) 
PARAMETRIC_REPRESENTATION_CONTEXT() REPRESENTATION_CONTEXT('2D SPACE',''
  ) );
#8578 = PCURVE('',#8579,#8584);
#8579 = PLANE('',#8580);
#8580 = AXIS2_PLACEMENT_3D('',#8581,#8582,#8583);
#8581 = CARTESIAN_POINT('',(1.034E+03,-60.,539.7));
#8582 = DIRECTION('',(0.,1.,0.));
#8583 = DIRECTION('',(0.,0.,1.));
#8584 = DEFINITIONAL_REPRESENTATION('',(#8585),#8589);
#8585 = LINE('',#8586,#8587);
#8586 = CARTESIAN_POINT('',(0.,0.));
#8587 = VECTOR('',#8588,1.);
#8588 = DIRECTION('',(1.,0.));
#8589 = ( GEOMETRIC_REPRESENTATION_CONTEXT(2) 
PARAMETRIC_REPRESENTATION_CONTEXT() REPRESENTATION_CONTEXT('2D SPACE',''
  ) );
#8590 = ORIENTED_EDGE('',*,*,#8591,.T.);
#8591 = EDGE_CURVE('',#8557,#8592,#8594,.T.);
#8592 = VERTEX_POINT('',#8593);
#8593 = CARTESIAN_POINT('',(1.034E+03,60.,539.7));
#8594 = SURFACE_CURVE('',#8595,(#8599,#8606),.PCURVE_S1.);
#8595 = LINE('',#8596,#8597);
#8596 = CARTESIAN_POINT('',(1.034E+03,-60.,539.7));
#8597 = VECTOR('',#8598,1.);
#8598 = DIRECTION('',(0.,1.,0.));
#8599 = PCURVE('',#8567,#8600);
#8600 = DEFINITIONAL_REPRESENTATION('',(#8601),#8605);
#8601 = LINE('',#8602,#8603);
#8602 = CARTESIAN_POINT('',(0.,0.));
#8603 = VECTOR('',#8604,1.);
#8604 = DIRECTION('',(0.,-1.));
#8605 = ( GEOMETRIC_REPRESENTATION_CONTEXT(2) 
PARAMETRIC_REPRESENTATION_CONTEXT() REPRESENTATION_CONTEXT('2D SPACE',''
  ) );
#8606 = PCURVE('',#8607,#8612);
#8607 = PLANE('',#8608);
#8608 = AXIS2_PLACEMENT_3D('',#8609,#8610,#8611);
#8609 = CARTESIAN_POINT('',(1.034E+03,-60.,539.7));
#8610 = DIRECTION('',(0.,0.,1.));
#8611 = DIRECTION('',(1.,0.,0.));
#8612 = DEFINITIONAL_REPRESENTATION('',(#8613),#8617);
#8613 = LINE('',#8614,#8615);
#8614 = CARTESIAN_POINT('',(0.,0.));
#8615 = VECTOR('',#8616,1.);
#8616 = DIRECTION('',(0.,1.));
#8617 = ( GEOMETRIC_REPRESENTATION_CONTEXT(2) 
PARAMETRIC_REPRESENTATION_CONTEXT() REPRESENTATION_CONTEXT('2D SPACE',''
  ) );
#8618 = ORIENTED_EDGE('',*,*,#8619,.T.);
#8619 = EDGE_CURVE('',#8592,#8620,#8622,.T.);
#8620 = VERTEX_POINT('',#8621);
#8621 = CARTESIAN_POINT('',(1.034E+03,60.,540.7));
#8622 = SURFACE_CURVE('',#8623,(#8627,#8634),.PCURVE_S1.);
#8623 = LINE('',#8624,#8625);
#8624 = CARTESIAN_POINT('',(1.034E+03,60.,539.7));
#8625 = VECTOR('',#8626,1.);
#8626 = DIRECTION('',(0.,0.,1.));
#8627 = PCURVE('',#8567,#8628);
#8628 = DEFINITIONAL_REPRESENTATION('',(#8629),#8633);
#8629 = LINE('',#8630,#8631);
#8630 = CARTESIAN_POINT('',(0.,-120.));
#8631 = VECTOR('',#8632,1.);
#8632 = DIRECTION('',(1.,0.));
#8633 = ( GEOMETRIC_REPRESENTATION_CONTEXT(2) 
PARAMETRIC_REPRESENTATION_CONTEXT() REPRESENTATION_CONTEXT('2D SPACE',''
  ) );
#8634 = PCURVE('',#8635,#8640);
#8635 = PLANE('',#8636);
#8636 = AXIS2_PLACEMENT_3D('',#8637,#8638,#8639);
#8637 = CARTESIAN_POINT('',(1.034E+03,60.,539.7));
#8638 = DIRECTION('',(0.,1.,0.));
#8639 = DIRECTION('',(0.,0.,1.));
#8640 = DEFINITIONAL_REPRESENTATION('',(#8641),#8645);
#8641 = LINE('',#8642,#8643);
#8642 = CARTESIAN_POINT('',(0.,0.));
#8643 = VECTOR('',#8644,1.);
#8644 = DIRECTION('',(1.,0.));
#8645 = ( GEOMETRIC_REPRESENTATION_CONTEXT(2) 
PARAMETRIC_REPRESENTATION_CONTEXT() REPRESENTATION_CONTEXT('2D SPACE',''
  ) );
#8646 = ORIENTED_EDGE('',*,*,#8647,.F.);
#8647 = EDGE_CURVE('',#8559,#8620,#8648,.T.);
#8648 = SURFACE_CURVE('',#8649,(#8653,#8660),.PCURVE_S1.);
#8649 = LINE('',#8650,#8651);
#8650 = CARTESIAN_POINT('',(1.034E+03,-60.,540.7));
#8651 = VECTOR('',#8652,1.);
#8652 = DIRECTION('',(0.,1.,0.));
#8653 = PCURVE('',#8567,#8654);
#8654 = DEFINITIONAL_REPRESENTATION('',(#8655),#8659);
#8655 = LINE('',#8656,#8657);
#8656 = CARTESIAN_POINT('',(1.,0.));
#8657 = VECTOR('',#8658,1.);
#8658 = DIRECTION('',(0.,-1.));
#8659 = ( GEOMETRIC_REPRESENTATION_CONTEXT(2) 
PARAMETRIC_REPRESENTATION_CONTEXT() REPRESENTATION_CONTEXT('2D SPACE',''
  ) );
#8660 = PCURVE('',#8661,#8666);
#8661 = PLANE('',#8662);
#8662 = AXIS2_PLACEMENT_3D('',#8663,#8664,#8665);
#8663 = CARTESIAN_POINT('',(1.034E+03,-60.,540.7));
#8664 = DIRECTION('',(0.,0.,1.));
#8665 = DIRECTION('',(1.,0.,0.));
#8666 = DEFINITIONAL_REPRESENTATION('',(#8667),#8671);
#8667 = LINE('',#8668,#8669);
#8668 = CARTESIAN_POINT('',(0.,0.));
#8669 = VECTOR('',#8670,1.);
#8670 = DIRECTION('',(0.,1.));
#8671 = ( GEOMETRIC_REPRESENTATION_CONTEXT(2) 
PARAMETRIC_REPRESENTATION_CONTEXT() REPRESENTATION_CONTEXT('2D SPACE',''
  ) );
#8672 = ADVANCED_FACE('',(#8673),#8687,.T.);
#8673 = FACE_BOUND('',#8674,.T.);
#8674 = EDGE_LOOP('',(#8675,#8705,#8728,#8751));
#8675 = ORIENTED_EDGE('',*,*,#8676,.F.);
#8676 = EDGE_CURVE('',#8677,#8679,#8681,.T.);
#8677 = VERTEX_POINT('',#8678);
#8678 = CARTESIAN_POINT('',(1.096E+03,-60.,539.7));
#8679 = VERTEX_POINT('',#8680);
#8680 = CARTESIAN_POINT('',(1.096E+03,-60.,540.7));
#8681 = SURFACE_CURVE('',#8682,(#8686,#8698),.PCURVE_S1.);
#8682 = LINE('',#8683,#8684);
#8683 = CARTESIAN_POINT('',(1.096E+03,-60.,539.7));
#8684 = VECTOR('',#8685,1.);
#8685 = DIRECTION('',(0.,0.,1.));
#8686 = PCURVE('',#8687,#8692);
#8687 = PLANE('',#8688);
#8688 = AXIS2_PLACEMENT_3D('',#8689,#8690,#8691);
#8689 = CARTESIAN_POINT('',(1.096E+03,-60.,539.7));
#8690 = DIRECTION('',(1.,0.,0.));
#8691 = DIRECTION('',(0.,0.,1.));
#8692 = DEFINITIONAL_REPRESENTATION('',(#8693),#8697);
#8693 = LINE('',#8694,#8695);
#8694 = CARTESIAN_POINT('',(0.,0.));
#8695 = VECTOR('',#8696,1.);
#8696 = DIRECTION('',(1.,0.));
#8697 = ( GEOMETRIC_REPRESENTATION_CONTEXT(2) 
PARAMETRIC_REPRESENTATION_CONTEXT() REPRESENTATION_CONTEXT('2D SPACE',''
  ) );
#8698 = PCURVE('',#8579,#8699);
#8699 = DEFINITIONAL_REPRESENTATION('',(#8700),#8704);
#8700 = LINE('',#8701,#8702);
#8701 = CARTESIAN_POINT('',(0.,62.));
#8702 = VECTOR('',#8703,1.);
#8703 = DIRECTION('',(1.,0.));
#8704 = ( GEOMETRIC_REPRESENTATION_CONTEXT(2) 
PARAMETRIC_REPRESENTATION_CONTEXT() REPRESENTATION_CONTEXT('2D SPACE',''
  ) );
#8705 = ORIENTED_EDGE('',*,*,#8706,.T.);
#8706 = EDGE_CURVE('',#8677,#8707,#8709,.T.);
#8707 = VERTEX_POINT('',#8708);
#8708 = CARTESIAN_POINT('',(1.096E+03,60.,539.7));
#8709 = SURFACE_CURVE('',#8710,(#8714,#8721),.PCURVE_S1.);
#8710 = LINE('',#8711,#8712);
#8711 = CARTESIAN_POINT('',(1.096E+03,-60.,539.7));
#8712 = VECTOR('',#8713,1.);
#8713 = DIRECTION('',(0.,1.,0.));
#8714 = PCURVE('',#8687,#8715);
#8715 = DEFINITIONAL_REPRESENTATION('',(#8716),#8720);
#8716 = LINE('',#8717,#8718);
#8717 = CARTESIAN_POINT('',(0.,0.));
#8718 = VECTOR('',#8719,1.);
#8719 = DIRECTION('',(0.,-1.));
#8720 = ( GEOMETRIC_REPRESENTATION_CONTEXT(2) 
PARAMETRIC_REPRESENTATION_CONTEXT() REPRESENTATION_CONTEXT('2D SPACE',''
  ) );
#8721 = PCURVE('',#8607,#8722);
#8722 = DEFINITIONAL_REPRESENTATION('',(#8723),#8727);
#8723 = LINE('',#8724,#8725);
#8724 = CARTESIAN_POINT('',(62.,0.));
#8725 = VECTOR('',#8726,1.);
#8726 = DIRECTION('',(0.,1.));
#8727 = ( GEOMETRIC_REPRESENTATION_CONTEXT(2) 
PARAMETRIC_REPRESENTATION_CONTEXT() REPRESENTATION_CONTEXT('2D SPACE',''
  ) );
#8728 = ORIENTED_EDGE('',*,*,#8729,.T.);
#8729 = EDGE_CURVE('',#8707,#8730,#8732,.T.);
#8730 = VERTEX_POINT('',#8731);
#8731 = CARTESIAN_POINT('',(1.096E+03,60.,540.7));
#8732 = SURFACE_CURVE('',#8733,(#8737,#8744),.PCURVE_S1.);
#8733 = LINE('',#8734,#8735);
#8734 = CARTESIAN_POINT('',(1.096E+03,60.,539.7));
#8735 = VECTOR('',#8736,1.);
#8736 = DIRECTION('',(0.,0.,1.));
#8737 = PCURVE('',#8687,#8738);
#8738 = DEFINITIONAL_REPRESENTATION('',(#8739),#8743);
#8739 = LINE('',#8740,#8741);
#8740 = CARTESIAN_POINT('',(0.,-120.));
#8741 = VECTOR('',#8742,1.);
#8742 = DIRECTION('',(1.,0.));
#8743 = ( GEOMETRIC_REPRESENTATION_CONTEXT(2) 
PARAMETRIC_REPRESENTATION_CONTEXT() REPRESENTATION_CONTEXT('2D SPACE',''
  ) );
#8744 = PCURVE('',#8635,#8745);
#8745 = DEFINITIONAL_REPRESENTATION('',(#8746),#8750);
#8746 = LINE('',#8747,#8748);
#8747 = CARTESIAN_POINT('',(0.,62.));
#8748 = VECTOR('',#8749,1.);
#8749 = DIRECTION('',(1.,0.));
#8750 = ( GEOMETRIC_REPRESENTATION_CONTEXT(2) 
PARAMETRIC_REPRESENTATION_CONTEXT() REPRESENTATION_CONTEXT('2D SPACE',''
  ) );
#8751 = ORIENTED_EDGE('',*,*,#8752,.F.);
#8752 = EDGE_CURVE('',#8679,#8730,#8753,.T.);
#8753 = SURFACE_CURVE('',#8754,(#8758,#8765),.PCURVE_S1.);
#8754 = LINE('',#8755,#8756);
#8755 = CARTESIAN_POINT('',(1.096E+03,-60.,540.7));
#8756 = VECTOR('',#8757,1.);
#8757 = DIRECTION('',(0.,1.,0.));
#8758 = PCURVE('',#8687,#8759);
#8759 = DEFINITIONAL_REPRESENTATION('',(#8760),#8764);
#8760 = LINE('',#8761,#8762);
#8761 = CARTESIAN_POINT('',(1.,0.));
#8762 = VECTOR('',#8763,1.);
#8763 = DIRECTION('',(0.,-1.));
#8764 = ( GEOMETRIC_REPRESENTATION_CONTEXT(2) 
PARAMETRIC_REPRESENTATION_CONTEXT() REPRESENTATION_CONTEXT('2D SPACE',''
  ) );
#8765 = PCURVE('',#8661,#8766);
#8766 = DEFINITIONAL_REPRESENTATION('',(#8767),#8771);
#8767 = LINE('',#8768,#8769);
#8768 = CARTESIAN_POINT('',(62.,0.));
#8769 = VECTOR('',#8770,1.);
#8770 = DIRECTION('',(0.,1.));
#8771 = ( GEOMETRIC_REPRESENTATION_CONTEXT(2) 
PARAMETRIC_REPRESENTATION_CONTEXT() REPRESENTATION_CONTEXT('2D SPACE',''
  ) );
#8772 = ADVANCED_FACE('',(#8773),#8579,.F.);
#8773 = FACE_BOUND('',#8774,.F.);
#8774 = EDGE_LOOP('',(#8775,#8796,#8797,#8818));
#8775 = ORIENTED_EDGE('',*,*,#8776,.F.);
#8776 = EDGE_CURVE('',#8557,#8677,#8777,.T.);
#8777 = SURFACE_CURVE('',#8778,(#8782,#8789),.PCURVE_S1.);
#8778 = LINE('',#8779,#8780);
#8779 = CARTESIAN_POINT('',(1.034E+03,-60.,539.7));
#8780 = VECTOR('',#8781,1.);
#8781 = DIRECTION('',(1.,0.,0.));
#8782 = PCURVE('',#8579,#8783);
#8783 = DEFINITIONAL_REPRESENTATION('',(#8784),#8788);
#8784 = LINE('',#8785,#8786);
#8785 = CARTESIAN_POINT('',(0.,0.));
#8786 = VECTOR('',#8787,1.);
#8787 = DIRECTION('',(0.,1.));
#8788 = ( GEOMETRIC_REPRESENTATION_CONTEXT(2) 
PARAMETRIC_REPRESENTATION_CONTEXT() REPRESENTATION_CONTEXT('2D SPACE',''
  ) );
#8789 = PCURVE('',#8607,#8790);
#8790 = DEFINITIONAL_REPRESENTATION('',(#8791),#8795);
#8791 = LINE('',#8792,#8793);
#8792 = CARTESIAN_POINT('',(0.,0.));
#8793 = VECTOR('',#8794,1.);
#8794 = DIRECTION('',(1.,0.));
#8795 = ( GEOMETRIC_REPRESENTATION_CONTEXT(2) 
PARAMETRIC_REPRESENTATION_CONTEXT() REPRESENTATION_CONTEXT('2D SPACE',''
  ) );
#8796 = ORIENTED_EDGE('',*,*,#8556,.T.);
#8797 = ORIENTED_EDGE('',*,*,#8798,.T.);
#8798 = EDGE_CURVE('',#8559,#8679,#8799,.T.);
#8799 = SURFACE_CURVE('',#8800,(#8804,#8811),.PCURVE_S1.);
#8800 = LINE('',#8801,#8802);
#8801 = CARTESIAN_POINT('',(1.034E+03,-60.,540.7));
#8802 = VECTOR('',#8803,1.);
#8803 = DIRECTION('',(1.,0.,0.));
#8804 = PCURVE('',#8579,#8805);
#8805 = DEFINITIONAL_REPRESENTATION('',(#8806),#8810);
#8806 = LINE('',#8807,#8808);
#8807 = CARTESIAN_POINT('',(1.,0.));
#8808 = VECTOR('',#8809,1.);
#8809 = DIRECTION('',(0.,1.));
#8810 = ( GEOMETRIC_REPRESENTATION_CONTEXT(2) 
PARAMETRIC_REPRESENTATION_CONTEXT() REPRESENTATION_CONTEXT('2D SPACE',''
  ) );
#8811 = PCURVE('',#8661,#8812);
#8812 = DEFINITIONAL_REPRESENTATION('',(#8813),#8817);
#8813 = LINE('',#8814,#8815);
#8814 = CARTESIAN_POINT('',(0.,0.));
#8815 = VECTOR('',#8816,1.);
#8816 = DIRECTION('',(1.,0.));
#8817 = ( GEOMETRIC_REPRESENTATION_CONTEXT(2) 
PARAMETRIC_REPRESENTATION_CONTEXT() REPRESENTATION_CONTEXT('2D SPACE',''
  ) );
#8818 = ORIENTED_EDGE('',*,*,#8676,.F.);
#8819 = ADVANCED_FACE('',(#8820),#8635,.T.);
#8820 = FACE_BOUND('',#8821,.T.);
#8821 = EDGE_LOOP('',(#8822,#8843,#8844,#8865));
#8822 = ORIENTED_EDGE('',*,*,#8823,.F.);
#8823 = EDGE_CURVE('',#8592,#8707,#8824,.T.);
#8824 = SURFACE_CURVE('',#8825,(#8829,#8836),.PCURVE_S1.);
#8825 = LINE('',#8826,#8827);
#8826 = CARTESIAN_POINT('',(1.034E+03,60.,539.7));
#8827 = VECTOR('',#8828,1.);
#8828 = DIRECTION('',(1.,0.,0.));
#8829 = PCURVE('',#8635,#8830);
#8830 = DEFINITIONAL_REPRESENTATION('',(#8831),#8835);
#8831 = LINE('',#8832,#8833);
#8832 = CARTESIAN_POINT('',(0.,0.));
#8833 = VECTOR('',#8834,1.);
#8834 = DIRECTION('',(0.,1.));
#8835 = ( GEOMETRIC_REPRESENTATION_CONTEXT(2) 
PARAMETRIC_REPRESENTATION_CONTEXT() REPRESENTATION_CONTEXT('2D SPACE',''
  ) );
#8836 = PCURVE('',#8607,#8837);
#8837 = DEFINITIONAL_REPRESENTATION('',(#8838),#8842);
#8838 = LINE('',#8839,#8840);
#8839 = CARTESIAN_POINT('',(0.,120.));
#8840 = VECTOR('',#8841,1.);
#8841 = DIRECTION('',(1.,0.));
#8842 = ( GEOMETRIC_REPRESENTATION_CONTEXT(2) 
PARAMETRIC_REPRESENTATION_CONTEXT() REPRESENTATION_CONTEXT('2D SPACE',''
  ) );
#8843 = ORIENTED_EDGE('',*,*,#8619,.T.);
#8844 = ORIENTED_EDGE('',*,*,#8845,.T.);
#8845 = EDGE_CURVE('',#8620,#8730,#8846,.T.);
#8846 = SURFACE_CURVE('',#8847,(#8851,#8858),.PCURVE_S1.);
#8847 = LINE('',#8848,#8849);
#8848 = CARTESIAN_POINT('',(1.034E+03,60.,540.7));
#8849 = VECTOR('',#8850,1.);
#8850 = DIRECTION('',(1.,0.,0.));
#8851 = PCURVE('',#8635,#8852);
#8852 = DEFINITIONAL_REPRESENTATION('',(#8853),#8857);
#8853 = LINE('',#8854,#8855);
#8854 = CARTESIAN_POINT('',(1.,0.));
#8855 = VECTOR('',#8856,1.);
#8856 = DIRECTION('',(0.,1.));
#8857 = ( GEOMETRIC_REPRESENTATION_CONTEXT(2) 
PARAMETRIC_REPRESENTATION_CONTEXT() REPRESENTATION_CONTEXT('2D SPACE',''
  ) );
#8858 = PCURVE('',#8661,#8859);
#8859 = DEFINITIONAL_REPRESENTATION('',(#8860),#8864);
#8860 = LINE('',#8861,#8862);
#8861 = CARTESIAN_POINT('',(0.,120.));
#8862 = VECTOR('',#8863,1.);
#8863 = DIRECTION('',(1.,0.));
#8864 = ( GEOMETRIC_REPRESENTATION_CONTEXT(2) 
PARAMETRIC_REPRESENTATION_CONTEXT() REPRESENTATION_CONTEXT('2D SPACE',''
  ) );
#8865 = ORIENTED_EDGE('',*,*,#8729,.F.);
#8866 = ADVANCED_FACE('',(#8867),#8607,.F.);
#8867 = FACE_BOUND('',#8868,.F.);
#8868 = EDGE_LOOP('',(#8869,#8870,#8871,#8872));
#8869 = ORIENTED_EDGE('',*,*,#8591,.F.);
#8870 = ORIENTED_EDGE('',*,*,#8776,.T.);
#8871 = ORIENTED_EDGE('',*,*,#8706,.T.);
#8872 = ORIENTED_EDGE('',*,*,#8823,.F.);
#8873 = ADVANCED_FACE('',(#8874),#8661,.T.);
#8874 = FACE_BOUND('',#8875,.T.);
#8875 = EDGE_LOOP('',(#8876,#8877,#8878,#8879));
#8876 = ORIENTED_EDGE('',*,*,#8647,.F.);
#8877 = ORIENTED_EDGE('',*,*,#8798,.T.);
#8878 = ORIENTED_EDGE('',*,*,#8752,.T.);
#8879 = ORIENTED_EDGE('',*,*,#8845,.F.);
#8880 = ( GEOMETRIC_REPRESENTATION_CONTEXT(3) 
GLOBAL_UNCERTAINTY_ASSIGNED_CONTEXT((#8884)) 
GLOBAL_UNIT_ASSIGNED_CONTEXT((#8881,#8882,#8883)) REPRESENTATION_CONTEXT
('Context #1','3D Context with UNIT and UNCERTAINTY') );
#8881 = ( LENGTH_UNIT() NAMED_UNIT(*) SI_UNIT(.MILLI.,.METRE.) );
#8882 = ( NAMED_UNIT(*) PLANE_ANGLE_UNIT() SI_UNIT($,.RADIAN.) );
#8883 = ( NAMED_UNIT(*) SI_UNIT($,.STERADIAN.) SOLID_ANGLE_UNIT() );
#8884 = UNCERTAINTY_MEASURE_WITH_UNIT(LENGTH_MEASURE(1.E-07),#8881,
  'distance_accuracy_value','confusion accuracy');
#8885 = CONTEXT_DEPENDENT_SHAPE_REPRESENTATION(#8886,#8888);
#8886 = ( REPRESENTATION_RELATIONSHIP('','',#8549,#10) 
REPRESENTATION_RELATIONSHIP_WITH_TRANSFORMATION(#8887) 
SHAPE_REPRESENTATION_RELATIONSHIP() );
#8887 = ITEM_DEFINED_TRANSFORMATION('','',#11,#139);
#8888 = PRODUCT_DEFINITION_SHAPE('Placement','Placement of an item',
  #8889);
#8889 = NEXT_ASSEMBLY_USAGE_OCCURRENCE('32','TOUCHPAD','',#5,#8544,$);
#8890 = PRODUCT_RELATED_PRODUCT_CATEGORY('part',$,(#8546));
#8891 = SHAPE_DEFINITION_REPRESENTATION(#8892,#8898);
#8892 = PRODUCT_DEFINITION_SHAPE('','',#8893);
#8893 = PRODUCT_DEFINITION('design','',#8894,#8897);
#8894 = PRODUCT_DEFINITION_FORMATION('','',#8895);
#8895 = PRODUCT('FOOT_1070_-177','FOOT_1070_-177','',(#8896));
#8896 = PRODUCT_CONTEXT('',#2,'mechanical');
#8897 = PRODUCT_DEFINITION_CONTEXT('part definition',#2,'design');
#8898 = ADVANCED_BREP_SHAPE_REPRESENTATION('',(#11,#8899),#9229);
#8899 = MANIFOLD_SOLID_BREP('',#8900);
#8900 = CLOSED_SHELL('',(#8901,#9021,#9121,#9168,#9215,#9222));
#8901 = ADVANCED_FACE('',(#8902),#8916,.F.);
#8902 = FACE_BOUND('',#8903,.F.);
#8903 = EDGE_LOOP('',(#8904,#8939,#8967,#8995));
#8904 = ORIENTED_EDGE('',*,*,#8905,.F.);
#8905 = EDGE_CURVE('',#8906,#8908,#8910,.T.);
#8906 = VERTEX_POINT('',#8907);
#8907 = CARTESIAN_POINT('',(1.058E+03,-186.,506.));
#8908 = VERTEX_POINT('',#8909);
#8909 = CARTESIAN_POINT('',(1.058E+03,-186.,522.));
#8910 = SURFACE_CURVE('',#8911,(#8915,#8927),.PCURVE_S1.);
#8911 = LINE('',#8912,#8913);
#8912 = CARTESIAN_POINT('',(1.058E+03,-186.,506.));
#8913 = VECTOR('',#8914,1.);
#8914 = DIRECTION('',(0.,0.,1.));
#8915 = PCURVE('',#8916,#8921);
#8916 = PLANE('',#8917);
#8917 = AXIS2_PLACEMENT_3D('',#8918,#8919,#8920);
#8918 = CARTESIAN_POINT('',(1.058E+03,-186.,506.));
#8919 = DIRECTION('',(1.,0.,0.));
#8920 = DIRECTION('',(0.,0.,1.));
#8921 = DEFINITIONAL_REPRESENTATION('',(#8922),#8926);
#8922 = LINE('',#8923,#8924);
#8923 = CARTESIAN_POINT('',(0.,0.));
#8924 = VECTOR('',#8925,1.);
#8925 = DIRECTION('',(1.,0.));
#8926 = ( GEOMETRIC_REPRESENTATION_CONTEXT(2) 
PARAMETRIC_REPRESENTATION_CONTEXT() REPRESENTATION_CONTEXT('2D SPACE',''
  ) );
#8927 = PCURVE('',#8928,#8933);
#8928 = PLANE('',#8929);
#8929 = AXIS2_PLACEMENT_3D('',#8930,#8931,#8932);
#8930 = CARTESIAN_POINT('',(1.058E+03,-186.,506.));
#8931 = DIRECTION('',(0.,1.,0.));
#8932 = DIRECTION('',(0.,0.,1.));
#8933 = DEFINITIONAL_REPRESENTATION('',(#8934),#8938);
#8934 = LINE('',#8935,#8936);
#8935 = CARTESIAN_POINT('',(0.,0.));
#8936 = VECTOR('',#8937,1.);
#8937 = DIRECTION('',(1.,0.));
#8938 = ( GEOMETRIC_REPRESENTATION_CONTEXT(2) 
PARAMETRIC_REPRESENTATION_CONTEXT() REPRESENTATION_CONTEXT('2D SPACE',''
  ) );
#8939 = ORIENTED_EDGE('',*,*,#8940,.T.);
#8940 = EDGE_CURVE('',#8906,#8941,#8943,.T.);
#8941 = VERTEX_POINT('',#8942);
#8942 = CARTESIAN_POINT('',(1.058E+03,-168.,506.));
#8943 = SURFACE_CURVE('',#8944,(#8948,#8955),.PCURVE_S1.);
#8944 = LINE('',#8945,#8946);
#8945 = CARTESIAN_POINT('',(1.058E+03,-186.,506.));
#8946 = VECTOR('',#8947,1.);
#8947 = DIRECTION('',(0.,1.,0.));
#8948 = PCURVE('',#8916,#8949);
#8949 = DEFINITIONAL_REPRESENTATION('',(#8950),#8954);
#8950 = LINE('',#8951,#8952);
#8951 = CARTESIAN_POINT('',(0.,0.));
#8952 = VECTOR('',#8953,1.);
#8953 = DIRECTION('',(0.,-1.));
#8954 = ( GEOMETRIC_REPRESENTATION_CONTEXT(2) 
PARAMETRIC_REPRESENTATION_CONTEXT() REPRESENTATION_CONTEXT('2D SPACE',''
  ) );
#8955 = PCURVE('',#8956,#8961);
#8956 = PLANE('',#8957);
#8957 = AXIS2_PLACEMENT_3D('',#8958,#8959,#8960);
#8958 = CARTESIAN_POINT('',(1.058E+03,-186.,506.));
#8959 = DIRECTION('',(0.,0.,1.));
#8960 = DIRECTION('',(1.,0.,0.));
#8961 = DEFINITIONAL_REPRESENTATION('',(#8962),#8966);
#8962 = LINE('',#8963,#8964);
#8963 = CARTESIAN_POINT('',(0.,0.));
#8964 = VECTOR('',#8965,1.);
#8965 = DIRECTION('',(0.,1.));
#8966 = ( GEOMETRIC_REPRESENTATION_CONTEXT(2) 
PARAMETRIC_REPRESENTATION_CONTEXT() REPRESENTATION_CONTEXT('2D SPACE',''
  ) );
#8967 = ORIENTED_EDGE('',*,*,#8968,.T.);
#8968 = EDGE_CURVE('',#8941,#8969,#8971,.T.);
#8969 = VERTEX_POINT('',#8970);
#8970 = CARTESIAN_POINT('',(1.058E+03,-168.,522.));
#8971 = SURFACE_CURVE('',#8972,(#8976,#8983),.PCURVE_S1.);
#8972 = LINE('',#8973,#8974);
#8973 = CARTESIAN_POINT('',(1.058E+03,-168.,506.));
#8974 = VECTOR('',#8975,1.);
#8975 = DIRECTION('',(0.,0.,1.));
#8976 = PCURVE('',#8916,#8977);
#8977 = DEFINITIONAL_REPRESENTATION('',(#8978),#8982);
#8978 = LINE('',#8979,#8980);
#8979 = CARTESIAN_POINT('',(0.,-18.));
#8980 = VECTOR('',#8981,1.);
#8981 = DIRECTION('',(1.,0.));
#8982 = ( GEOMETRIC_REPRESENTATION_CONTEXT(2) 
PARAMETRIC_REPRESENTATION_CONTEXT() REPRESENTATION_CONTEXT('2D SPACE',''
  ) );
#8983 = PCURVE('',#8984,#8989);
#8984 = PLANE('',#8985);
#8985 = AXIS2_PLACEMENT_3D('',#8986,#8987,#8988);
#8986 = CARTESIAN_POINT('',(1.058E+03,-168.,506.));
#8987 = DIRECTION('',(0.,1.,0.));
#8988 = DIRECTION('',(0.,0.,1.));
#8989 = DEFINITIONAL_REPRESENTATION('',(#8990),#8994);
#8990 = LINE('',#8991,#8992);
#8991 = CARTESIAN_POINT('',(0.,0.));
#8992 = VECTOR('',#8993,1.);
#8993 = DIRECTION('',(1.,0.));
#8994 = ( GEOMETRIC_REPRESENTATION_CONTEXT(2) 
PARAMETRIC_REPRESENTATION_CONTEXT() REPRESENTATION_CONTEXT('2D SPACE',''
  ) );
#8995 = ORIENTED_EDGE('',*,*,#8996,.F.);
#8996 = EDGE_CURVE('',#8908,#8969,#8997,.T.);
#8997 = SURFACE_CURVE('',#8998,(#9002,#9009),.PCURVE_S1.);
#8998 = LINE('',#8999,#9000);
#8999 = CARTESIAN_POINT('',(1.058E+03,-186.,522.));
#9000 = VECTOR('',#9001,1.);
#9001 = DIRECTION('',(0.,1.,0.));
#9002 = PCURVE('',#8916,#9003);
#9003 = DEFINITIONAL_REPRESENTATION('',(#9004),#9008);
#9004 = LINE('',#9005,#9006);
#9005 = CARTESIAN_POINT('',(16.,0.));
#9006 = VECTOR('',#9007,1.);
#9007 = DIRECTION('',(0.,-1.));
#9008 = ( GEOMETRIC_REPRESENTATION_CONTEXT(2) 
PARAMETRIC_REPRESENTATION_CONTEXT() REPRESENTATION_CONTEXT('2D SPACE',''
  ) );
#9009 = PCURVE('',#9010,#9015);
#9010 = PLANE('',#9011);
#9011 = AXIS2_PLACEMENT_3D('',#9012,#9013,#9014);
#9012 = CARTESIAN_POINT('',(1.058E+03,-186.,522.));
#9013 = DIRECTION('',(0.,0.,1.));
#9014 = DIRECTION('',(1.,0.,0.));
#9015 = DEFINITIONAL_REPRESENTATION('',(#9016),#9020);
#9016 = LINE('',#9017,#9018);
#9017 = CARTESIAN_POINT('',(0.,0.));
#9018 = VECTOR('',#9019,1.);
#9019 = DIRECTION('',(0.,1.));
#9020 = ( GEOMETRIC_REPRESENTATION_CONTEXT(2) 
PARAMETRIC_REPRESENTATION_CONTEXT() REPRESENTATION_CONTEXT('2D SPACE',''
  ) );
#9021 = ADVANCED_FACE('',(#9022),#9036,.T.);
#9022 = FACE_BOUND('',#9023,.T.);
#9023 = EDGE_LOOP('',(#9024,#9054,#9077,#9100));
#9024 = ORIENTED_EDGE('',*,*,#9025,.F.);
#9025 = EDGE_CURVE('',#9026,#9028,#9030,.T.);
#9026 = VERTEX_POINT('',#9027);
#9027 = CARTESIAN_POINT('',(1.082E+03,-186.,506.));
#9028 = VERTEX_POINT('',#9029);
#9029 = CARTESIAN_POINT('',(1.082E+03,-186.,522.));
#9030 = SURFACE_CURVE('',#9031,(#9035,#9047),.PCURVE_S1.);
#9031 = LINE('',#9032,#9033);
#9032 = CARTESIAN_POINT('',(1.082E+03,-186.,506.));
#9033 = VECTOR('',#9034,1.);
#9034 = DIRECTION('',(0.,0.,1.));
#9035 = PCURVE('',#9036,#9041);
#9036 = PLANE('',#9037);
#9037 = AXIS2_PLACEMENT_3D('',#9038,#9039,#9040);
#9038 = CARTESIAN_POINT('',(1.082E+03,-186.,506.));
#9039 = DIRECTION('',(1.,0.,0.));
#9040 = DIRECTION('',(0.,0.,1.));
#9041 = DEFINITIONAL_REPRESENTATION('',(#9042),#9046);
#9042 = LINE('',#9043,#9044);
#9043 = CARTESIAN_POINT('',(0.,0.));
#9044 = VECTOR('',#9045,1.);
#9045 = DIRECTION('',(1.,0.));
#9046 = ( GEOMETRIC_REPRESENTATION_CONTEXT(2) 
PARAMETRIC_REPRESENTATION_CONTEXT() REPRESENTATION_CONTEXT('2D SPACE',''
  ) );
#9047 = PCURVE('',#8928,#9048);
#9048 = DEFINITIONAL_REPRESENTATION('',(#9049),#9053);
#9049 = LINE('',#9050,#9051);
#9050 = CARTESIAN_POINT('',(0.,24.));
#9051 = VECTOR('',#9052,1.);
#9052 = DIRECTION('',(1.,0.));
#9053 = ( GEOMETRIC_REPRESENTATION_CONTEXT(2) 
PARAMETRIC_REPRESENTATION_CONTEXT() REPRESENTATION_CONTEXT('2D SPACE',''
  ) );
#9054 = ORIENTED_EDGE('',*,*,#9055,.T.);
#9055 = EDGE_CURVE('',#9026,#9056,#9058,.T.);
#9056 = VERTEX_POINT('',#9057);
#9057 = CARTESIAN_POINT('',(1.082E+03,-168.,506.));
#9058 = SURFACE_CURVE('',#9059,(#9063,#9070),.PCURVE_S1.);
#9059 = LINE('',#9060,#9061);
#9060 = CARTESIAN_POINT('',(1.082E+03,-186.,506.));
#9061 = VECTOR('',#9062,1.);
#9062 = DIRECTION('',(0.,1.,0.));
#9063 = PCURVE('',#9036,#9064);
#9064 = DEFINITIONAL_REPRESENTATION('',(#9065),#9069);
#9065 = LINE('',#9066,#9067);
#9066 = CARTESIAN_POINT('',(0.,0.));
#9067 = VECTOR('',#9068,1.);
#9068 = DIRECTION('',(0.,-1.));
#9069 = ( GEOMETRIC_REPRESENTATION_CONTEXT(2) 
PARAMETRIC_REPRESENTATION_CONTEXT() REPRESENTATION_CONTEXT('2D SPACE',''
  ) );
#9070 = PCURVE('',#8956,#9071);
#9071 = DEFINITIONAL_REPRESENTATION('',(#9072),#9076);
#9072 = LINE('',#9073,#9074);
#9073 = CARTESIAN_POINT('',(24.,0.));
#9074 = VECTOR('',#9075,1.);
#9075 = DIRECTION('',(0.,1.));
#9076 = ( GEOMETRIC_REPRESENTATION_CONTEXT(2) 
PARAMETRIC_REPRESENTATION_CONTEXT() REPRESENTATION_CONTEXT('2D SPACE',''
  ) );
#9077 = ORIENTED_EDGE('',*,*,#9078,.T.);
#9078 = EDGE_CURVE('',#9056,#9079,#9081,.T.);
#9079 = VERTEX_POINT('',#9080);
#9080 = CARTESIAN_POINT('',(1.082E+03,-168.,522.));
#9081 = SURFACE_CURVE('',#9082,(#9086,#9093),.PCURVE_S1.);
#9082 = LINE('',#9083,#9084);
#9083 = CARTESIAN_POINT('',(1.082E+03,-168.,506.));
#9084 = VECTOR('',#9085,1.);
#9085 = DIRECTION('',(0.,0.,1.));
#9086 = PCURVE('',#9036,#9087);
#9087 = DEFINITIONAL_REPRESENTATION('',(#9088),#9092);
#9088 = LINE('',#9089,#9090);
#9089 = CARTESIAN_POINT('',(0.,-18.));
#9090 = VECTOR('',#9091,1.);
#9091 = DIRECTION('',(1.,0.));
#9092 = ( GEOMETRIC_REPRESENTATION_CONTEXT(2) 
PARAMETRIC_REPRESENTATION_CONTEXT() REPRESENTATION_CONTEXT('2D SPACE',''
  ) );
#9093 = PCURVE('',#8984,#9094);
#9094 = DEFINITIONAL_REPRESENTATION('',(#9095),#9099);
#9095 = LINE('',#9096,#9097);
#9096 = CARTESIAN_POINT('',(0.,24.));
#9097 = VECTOR('',#9098,1.);
#9098 = DIRECTION('',(1.,0.));
#9099 = ( GEOMETRIC_REPRESENTATION_CONTEXT(2) 
PARAMETRIC_REPRESENTATION_CONTEXT() REPRESENTATION_CONTEXT('2D SPACE',''
  ) );
#9100 = ORIENTED_EDGE('',*,*,#9101,.F.);
#9101 = EDGE_CURVE('',#9028,#9079,#9102,.T.);
#9102 = SURFACE_CURVE('',#9103,(#9107,#9114),.PCURVE_S1.);
#9103 = LINE('',#9104,#9105);
#9104 = CARTESIAN_POINT('',(1.082E+03,-186.,522.));
#9105 = VECTOR('',#9106,1.);
#9106 = DIRECTION('',(0.,1.,0.));
#9107 = PCURVE('',#9036,#9108);
#9108 = DEFINITIONAL_REPRESENTATION('',(#9109),#9113);
#9109 = LINE('',#9110,#9111);
#9110 = CARTESIAN_POINT('',(16.,0.));
#9111 = VECTOR('',#9112,1.);
#9112 = DIRECTION('',(0.,-1.));
#9113 = ( GEOMETRIC_REPRESENTATION_CONTEXT(2) 
PARAMETRIC_REPRESENTATION_CONTEXT() REPRESENTATION_CONTEXT('2D SPACE',''
  ) );
#9114 = PCURVE('',#9010,#9115);
#9115 = DEFINITIONAL_REPRESENTATION('',(#9116),#9120);
#9116 = LINE('',#9117,#9118);
#9117 = CARTESIAN_POINT('',(24.,0.));
#9118 = VECTOR('',#9119,1.);
#9119 = DIRECTION('',(0.,1.));
#9120 = ( GEOMETRIC_REPRESENTATION_CONTEXT(2) 
PARAMETRIC_REPRESENTATION_CONTEXT() REPRESENTATION_CONTEXT('2D SPACE',''
  ) );
#9121 = ADVANCED_FACE('',(#9122),#8928,.F.);
#9122 = FACE_BOUND('',#9123,.F.);
#9123 = EDGE_LOOP('',(#9124,#9145,#9146,#9167));
#9124 = ORIENTED_EDGE('',*,*,#9125,.F.);
#9125 = EDGE_CURVE('',#8906,#9026,#9126,.T.);
#9126 = SURFACE_CURVE('',#9127,(#9131,#9138),.PCURVE_S1.);
#9127 = LINE('',#9128,#9129);
#9128 = CARTESIAN_POINT('',(1.058E+03,-186.,506.));
#9129 = VECTOR('',#9130,1.);
#9130 = DIRECTION('',(1.,0.,0.));
#9131 = PCURVE('',#8928,#9132);
#9132 = DEFINITIONAL_REPRESENTATION('',(#9133),#9137);
#9133 = LINE('',#9134,#9135);
#9134 = CARTESIAN_POINT('',(0.,0.));
#9135 = VECTOR('',#9136,1.);
#9136 = DIRECTION('',(0.,1.));
#9137 = ( GEOMETRIC_REPRESENTATION_CONTEXT(2) 
PARAMETRIC_REPRESENTATION_CONTEXT() REPRESENTATION_CONTEXT('2D SPACE',''
  ) );
#9138 = PCURVE('',#8956,#9139);
#9139 = DEFINITIONAL_REPRESENTATION('',(#9140),#9144);
#9140 = LINE('',#9141,#9142);
#9141 = CARTESIAN_POINT('',(0.,0.));
#9142 = VECTOR('',#9143,1.);
#9143 = DIRECTION('',(1.,0.));
#9144 = ( GEOMETRIC_REPRESENTATION_CONTEXT(2) 
PARAMETRIC_REPRESENTATION_CONTEXT() REPRESENTATION_CONTEXT('2D SPACE',''
  ) );
#9145 = ORIENTED_EDGE('',*,*,#8905,.T.);
#9146 = ORIENTED_EDGE('',*,*,#9147,.T.);
#9147 = EDGE_CURVE('',#8908,#9028,#9148,.T.);
#9148 = SURFACE_CURVE('',#9149,(#9153,#9160),.PCURVE_S1.);
#9149 = LINE('',#9150,#9151);
#9150 = CARTESIAN_POINT('',(1.058E+03,-186.,522.));
#9151 = VECTOR('',#9152,1.);
#9152 = DIRECTION('',(1.,0.,0.));
#9153 = PCURVE('',#8928,#9154);
#9154 = DEFINITIONAL_REPRESENTATION('',(#9155),#9159);
#9155 = LINE('',#9156,#9157);
#9156 = CARTESIAN_POINT('',(16.,0.));
#9157 = VECTOR('',#9158,1.);
#9158 = DIRECTION('',(0.,1.));
#9159 = ( GEOMETRIC_REPRESENTATION_CONTEXT(2) 
PARAMETRIC_REPRESENTATION_CONTEXT() REPRESENTATION_CONTEXT('2D SPACE',''
  ) );
#9160 = PCURVE('',#9010,#9161);
#9161 = DEFINITIONAL_REPRESENTATION('',(#9162),#9166);
#9162 = LINE('',#9163,#9164);
#9163 = CARTESIAN_POINT('',(0.,0.));
#9164 = VECTOR('',#9165,1.);
#9165 = DIRECTION('',(1.,0.));
#9166 = ( GEOMETRIC_REPRESENTATION_CONTEXT(2) 
PARAMETRIC_REPRESENTATION_CONTEXT() REPRESENTATION_CONTEXT('2D SPACE',''
  ) );
#9167 = ORIENTED_EDGE('',*,*,#9025,.F.);
#9168 = ADVANCED_FACE('',(#9169),#8984,.T.);
#9169 = FACE_BOUND('',#9170,.T.);
#9170 = EDGE_LOOP('',(#9171,#9192,#9193,#9214));
#9171 = ORIENTED_EDGE('',*,*,#9172,.F.);
#9172 = EDGE_CURVE('',#8941,#9056,#9173,.T.);
#9173 = SURFACE_CURVE('',#9174,(#9178,#9185),.PCURVE_S1.);
#9174 = LINE('',#9175,#9176);
#9175 = CARTESIAN_POINT('',(1.058E+03,-168.,506.));
#9176 = VECTOR('',#9177,1.);
#9177 = DIRECTION('',(1.,0.,0.));
#9178 = PCURVE('',#8984,#9179);
#9179 = DEFINITIONAL_REPRESENTATION('',(#9180),#9184);
#9180 = LINE('',#9181,#9182);
#9181 = CARTESIAN_POINT('',(0.,0.));
#9182 = VECTOR('',#9183,1.);
#9183 = DIRECTION('',(0.,1.));
#9184 = ( GEOMETRIC_REPRESENTATION_CONTEXT(2) 
PARAMETRIC_REPRESENTATION_CONTEXT() REPRESENTATION_CONTEXT('2D SPACE',''
  ) );
#9185 = PCURVE('',#8956,#9186);
#9186 = DEFINITIONAL_REPRESENTATION('',(#9187),#9191);
#9187 = LINE('',#9188,#9189);
#9188 = CARTESIAN_POINT('',(0.,18.));
#9189 = VECTOR('',#9190,1.);
#9190 = DIRECTION('',(1.,0.));
#9191 = ( GEOMETRIC_REPRESENTATION_CONTEXT(2) 
PARAMETRIC_REPRESENTATION_CONTEXT() REPRESENTATION_CONTEXT('2D SPACE',''
  ) );
#9192 = ORIENTED_EDGE('',*,*,#8968,.T.);
#9193 = ORIENTED_EDGE('',*,*,#9194,.T.);
#9194 = EDGE_CURVE('',#8969,#9079,#9195,.T.);
#9195 = SURFACE_CURVE('',#9196,(#9200,#9207),.PCURVE_S1.);
#9196 = LINE('',#9197,#9198);
#9197 = CARTESIAN_POINT('',(1.058E+03,-168.,522.));
#9198 = VECTOR('',#9199,1.);
#9199 = DIRECTION('',(1.,0.,0.));
#9200 = PCURVE('',#8984,#9201);
#9201 = DEFINITIONAL_REPRESENTATION('',(#9202),#9206);
#9202 = LINE('',#9203,#9204);
#9203 = CARTESIAN_POINT('',(16.,0.));
#9204 = VECTOR('',#9205,1.);
#9205 = DIRECTION('',(0.,1.));
#9206 = ( GEOMETRIC_REPRESENTATION_CONTEXT(2) 
PARAMETRIC_REPRESENTATION_CONTEXT() REPRESENTATION_CONTEXT('2D SPACE',''
  ) );
#9207 = PCURVE('',#9010,#9208);
#9208 = DEFINITIONAL_REPRESENTATION('',(#9209),#9213);
#9209 = LINE('',#9210,#9211);
#9210 = CARTESIAN_POINT('',(0.,18.));
#9211 = VECTOR('',#9212,1.);
#9212 = DIRECTION('',(1.,0.));
#9213 = ( GEOMETRIC_REPRESENTATION_CONTEXT(2) 
PARAMETRIC_REPRESENTATION_CONTEXT() REPRESENTATION_CONTEXT('2D SPACE',''
  ) );
#9214 = ORIENTED_EDGE('',*,*,#9078,.F.);
#9215 = ADVANCED_FACE('',(#9216),#8956,.F.);
#9216 = FACE_BOUND('',#9217,.F.);
#9217 = EDGE_LOOP('',(#9218,#9219,#9220,#9221));
#9218 = ORIENTED_EDGE('',*,*,#8940,.F.);
#9219 = ORIENTED_EDGE('',*,*,#9125,.T.);
#9220 = ORIENTED_EDGE('',*,*,#9055,.T.);
#9221 = ORIENTED_EDGE('',*,*,#9172,.F.);
#9222 = ADVANCED_FACE('',(#9223),#9010,.T.);
#9223 = FACE_BOUND('',#9224,.T.);
#9224 = EDGE_LOOP('',(#9225,#9226,#9227,#9228));
#9225 = ORIENTED_EDGE('',*,*,#8996,.F.);
#9226 = ORIENTED_EDGE('',*,*,#9147,.T.);
#9227 = ORIENTED_EDGE('',*,*,#9101,.T.);
#9228 = ORIENTED_EDGE('',*,*,#9194,.F.);
#9229 = ( GEOMETRIC_REPRESENTATION_CONTEXT(3) 
GLOBAL_UNCERTAINTY_ASSIGNED_CONTEXT((#9233)) 
GLOBAL_UNIT_ASSIGNED_CONTEXT((#9230,#9231,#9232)) REPRESENTATION_CONTEXT
('Context #1','3D Context with UNIT and UNCERTAINTY') );
#9230 = ( LENGTH_UNIT() NAMED_UNIT(*) SI_UNIT(.MILLI.,.METRE.) );
#9231 = ( NAMED_UNIT(*) PLANE_ANGLE_UNIT() SI_UNIT($,.RADIAN.) );
#9232 = ( NAMED_UNIT(*) SI_UNIT($,.STERADIAN.) SOLID_ANGLE_UNIT() );
#9233 = UNCERTAINTY_MEASURE_WITH_UNIT(LENGTH_MEASURE(1.E-07),#9230,
  'distance_accuracy_value','confusion accuracy');
#9234 = CONTEXT_DEPENDENT_SHAPE_REPRESENTATION(#9235,#9237);
#9235 = ( REPRESENTATION_RELATIONSHIP('','',#8898,#10) 
REPRESENTATION_RELATIONSHIP_WITH_TRANSFORMATION(#9236) 
SHAPE_REPRESENTATION_RELATIONSHIP() );
#9236 = ITEM_DEFINED_TRANSFORMATION('','',#11,#143);
#9237 = PRODUCT_DEFINITION_SHAPE('Placement','Placement of an item',
  #9238);
#9238 = NEXT_ASSEMBLY_USAGE_OCCURRENCE('33','FOOT_1070_-177','',#5,#8893
  ,$);
#9239 = PRODUCT_RELATED_PRODUCT_CATEGORY('part',$,(#8895));
#9240 = SHAPE_DEFINITION_REPRESENTATION(#9241,#9247);
#9241 = PRODUCT_DEFINITION_SHAPE('','',#9242);
#9242 = PRODUCT_DEFINITION('design','',#9243,#9246);
#9243 = PRODUCT_DEFINITION_FORMATION('','',#9244);
#9244 = PRODUCT('FOOT_1070_177','FOOT_1070_177','',(#9245));
#9245 = PRODUCT_CONTEXT('',#2,'mechanical');
#9246 = PRODUCT_DEFINITION_CONTEXT('part definition',#2,'design');
#9247 = ADVANCED_BREP_SHAPE_REPRESENTATION('',(#11,#9248),#9578);
#9248 = MANIFOLD_SOLID_BREP('',#9249);
#9249 = CLOSED_SHELL('',(#9250,#9370,#9470,#9517,#9564,#9571));
#9250 = ADVANCED_FACE('',(#9251),#9265,.F.);
#9251 = FACE_BOUND('',#9252,.F.);
#9252 = EDGE_LOOP('',(#9253,#9288,#9316,#9344));
#9253 = ORIENTED_EDGE('',*,*,#9254,.F.);
#9254 = EDGE_CURVE('',#9255,#9257,#9259,.T.);
#9255 = VERTEX_POINT('',#9256);
#9256 = CARTESIAN_POINT('',(1.058E+03,168.,506.));
#9257 = VERTEX_POINT('',#9258);
#9258 = CARTESIAN_POINT('',(1.058E+03,168.,522.));
#9259 = SURFACE_CURVE('',#9260,(#9264,#9276),.PCURVE_S1.);
#9260 = LINE('',#9261,#9262);
#9261 = CARTESIAN_POINT('',(1.058E+03,168.,506.));
#9262 = VECTOR('',#9263,1.);
#9263 = DIRECTION('',(0.,0.,1.));
#9264 = PCURVE('',#9265,#9270);
#9265 = PLANE('',#9266);
#9266 = AXIS2_PLACEMENT_3D('',#9267,#9268,#9269);
#9267 = CARTESIAN_POINT('',(1.058E+03,168.,506.));
#9268 = DIRECTION('',(1.,0.,0.));
#9269 = DIRECTION('',(0.,0.,1.));
#9270 = DEFINITIONAL_REPRESENTATION('',(#9271),#9275);
#9271 = LINE('',#9272,#9273);
#9272 = CARTESIAN_POINT('',(0.,0.));
#9273 = VECTOR('',#9274,1.);
#9274 = DIRECTION('',(1.,0.));
#9275 = ( GEOMETRIC_REPRESENTATION_CONTEXT(2) 
PARAMETRIC_REPRESENTATION_CONTEXT() REPRESENTATION_CONTEXT('2D SPACE',''
  ) );
#9276 = PCURVE('',#9277,#9282);
#9277 = PLANE('',#9278);
#9278 = AXIS2_PLACEMENT_3D('',#9279,#9280,#9281);
#9279 = CARTESIAN_POINT('',(1.058E+03,168.,506.));
#9280 = DIRECTION('',(0.,1.,0.));
#9281 = DIRECTION('',(0.,0.,1.));
#9282 = DEFINITIONAL_REPRESENTATION('',(#9283),#9287);
#9283 = LINE('',#9284,#9285);
#9284 = CARTESIAN_POINT('',(0.,0.));
#9285 = VECTOR('',#9286,1.);
#9286 = DIRECTION('',(1.,0.));
#9287 = ( GEOMETRIC_REPRESENTATION_CONTEXT(2) 
PARAMETRIC_REPRESENTATION_CONTEXT() REPRESENTATION_CONTEXT('2D SPACE',''
  ) );
#9288 = ORIENTED_EDGE('',*,*,#9289,.T.);
#9289 = EDGE_CURVE('',#9255,#9290,#9292,.T.);
#9290 = VERTEX_POINT('',#9291);
#9291 = CARTESIAN_POINT('',(1.058E+03,186.,506.));
#9292 = SURFACE_CURVE('',#9293,(#9297,#9304),.PCURVE_S1.);
#9293 = LINE('',#9294,#9295);
#9294 = CARTESIAN_POINT('',(1.058E+03,168.,506.));
#9295 = VECTOR('',#9296,1.);
#9296 = DIRECTION('',(0.,1.,0.));
#9297 = PCURVE('',#9265,#9298);
#9298 = DEFINITIONAL_REPRESENTATION('',(#9299),#9303);
#9299 = LINE('',#9300,#9301);
#9300 = CARTESIAN_POINT('',(0.,0.));
#9301 = VECTOR('',#9302,1.);
#9302 = DIRECTION('',(0.,-1.));
#9303 = ( GEOMETRIC_REPRESENTATION_CONTEXT(2) 
PARAMETRIC_REPRESENTATION_CONTEXT() REPRESENTATION_CONTEXT('2D SPACE',''
  ) );
#9304 = PCURVE('',#9305,#9310);
#9305 = PLANE('',#9306);
#9306 = AXIS2_PLACEMENT_3D('',#9307,#9308,#9309);
#9307 = CARTESIAN_POINT('',(1.058E+03,168.,506.));
#9308 = DIRECTION('',(0.,0.,1.));
#9309 = DIRECTION('',(1.,0.,0.));
#9310 = DEFINITIONAL_REPRESENTATION('',(#9311),#9315);
#9311 = LINE('',#9312,#9313);
#9312 = CARTESIAN_POINT('',(0.,0.));
#9313 = VECTOR('',#9314,1.);
#9314 = DIRECTION('',(0.,1.));
#9315 = ( GEOMETRIC_REPRESENTATION_CONTEXT(2) 
PARAMETRIC_REPRESENTATION_CONTEXT() REPRESENTATION_CONTEXT('2D SPACE',''
  ) );
#9316 = ORIENTED_EDGE('',*,*,#9317,.T.);
#9317 = EDGE_CURVE('',#9290,#9318,#9320,.T.);
#9318 = VERTEX_POINT('',#9319);
#9319 = CARTESIAN_POINT('',(1.058E+03,186.,522.));
#9320 = SURFACE_CURVE('',#9321,(#9325,#9332),.PCURVE_S1.);
#9321 = LINE('',#9322,#9323);
#9322 = CARTESIAN_POINT('',(1.058E+03,186.,506.));
#9323 = VECTOR('',#9324,1.);
#9324 = DIRECTION('',(0.,0.,1.));
#9325 = PCURVE('',#9265,#9326);
#9326 = DEFINITIONAL_REPRESENTATION('',(#9327),#9331);
#9327 = LINE('',#9328,#9329);
#9328 = CARTESIAN_POINT('',(0.,-18.));
#9329 = VECTOR('',#9330,1.);
#9330 = DIRECTION('',(1.,0.));
#9331 = ( GEOMETRIC_REPRESENTATION_CONTEXT(2) 
PARAMETRIC_REPRESENTATION_CONTEXT() REPRESENTATION_CONTEXT('2D SPACE',''
  ) );
#9332 = PCURVE('',#9333,#9338);
#9333 = PLANE('',#9334);
#9334 = AXIS2_PLACEMENT_3D('',#9335,#9336,#9337);
#9335 = CARTESIAN_POINT('',(1.058E+03,186.,506.));
#9336 = DIRECTION('',(0.,1.,0.));
#9337 = DIRECTION('',(0.,0.,1.));
#9338 = DEFINITIONAL_REPRESENTATION('',(#9339),#9343);
#9339 = LINE('',#9340,#9341);
#9340 = CARTESIAN_POINT('',(0.,0.));
#9341 = VECTOR('',#9342,1.);
#9342 = DIRECTION('',(1.,0.));
#9343 = ( GEOMETRIC_REPRESENTATION_CONTEXT(2) 
PARAMETRIC_REPRESENTATION_CONTEXT() REPRESENTATION_CONTEXT('2D SPACE',''
  ) );
#9344 = ORIENTED_EDGE('',*,*,#9345,.F.);
#9345 = EDGE_CURVE('',#9257,#9318,#9346,.T.);
#9346 = SURFACE_CURVE('',#9347,(#9351,#9358),.PCURVE_S1.);
#9347 = LINE('',#9348,#9349);
#9348 = CARTESIAN_POINT('',(1.058E+03,168.,522.));
#9349 = VECTOR('',#9350,1.);
#9350 = DIRECTION('',(0.,1.,0.));
#9351 = PCURVE('',#9265,#9352);
#9352 = DEFINITIONAL_REPRESENTATION('',(#9353),#9357);
#9353 = LINE('',#9354,#9355);
#9354 = CARTESIAN_POINT('',(16.,0.));
#9355 = VECTOR('',#9356,1.);
#9356 = DIRECTION('',(0.,-1.));
#9357 = ( GEOMETRIC_REPRESENTATION_CONTEXT(2) 
PARAMETRIC_REPRESENTATION_CONTEXT() REPRESENTATION_CONTEXT('2D SPACE',''
  ) );
#9358 = PCURVE('',#9359,#9364);
#9359 = PLANE('',#9360);
#9360 = AXIS2_PLACEMENT_3D('',#9361,#9362,#9363);
#9361 = CARTESIAN_POINT('',(1.058E+03,168.,522.));
#9362 = DIRECTION('',(0.,0.,1.));
#9363 = DIRECTION('',(1.,0.,0.));
#9364 = DEFINITIONAL_REPRESENTATION('',(#9365),#9369);
#9365 = LINE('',#9366,#9367);
#9366 = CARTESIAN_POINT('',(0.,0.));
#9367 = VECTOR('',#9368,1.);
#9368 = DIRECTION('',(0.,1.));
#9369 = ( GEOMETRIC_REPRESENTATION_CONTEXT(2) 
PARAMETRIC_REPRESENTATION_CONTEXT() REPRESENTATION_CONTEXT('2D SPACE',''
  ) );
#9370 = ADVANCED_FACE('',(#9371),#9385,.T.);
#9371 = FACE_BOUND('',#9372,.T.);
#9372 = EDGE_LOOP('',(#9373,#9403,#9426,#9449));
#9373 = ORIENTED_EDGE('',*,*,#9374,.F.);
#9374 = EDGE_CURVE('',#9375,#9377,#9379,.T.);
#9375 = VERTEX_POINT('',#9376);
#9376 = CARTESIAN_POINT('',(1.082E+03,168.,506.));
#9377 = VERTEX_POINT('',#9378);
#9378 = CARTESIAN_POINT('',(1.082E+03,168.,522.));
#9379 = SURFACE_CURVE('',#9380,(#9384,#9396),.PCURVE_S1.);
#9380 = LINE('',#9381,#9382);
#9381 = CARTESIAN_POINT('',(1.082E+03,168.,506.));
#9382 = VECTOR('',#9383,1.);
#9383 = DIRECTION('',(0.,0.,1.));
#9384 = PCURVE('',#9385,#9390);
#9385 = PLANE('',#9386);
#9386 = AXIS2_PLACEMENT_3D('',#9387,#9388,#9389);
#9387 = CARTESIAN_POINT('',(1.082E+03,168.,506.));
#9388 = DIRECTION('',(1.,0.,0.));
#9389 = DIRECTION('',(0.,0.,1.));
#9390 = DEFINITIONAL_REPRESENTATION('',(#9391),#9395);
#9391 = LINE('',#9392,#9393);
#9392 = CARTESIAN_POINT('',(0.,0.));
#9393 = VECTOR('',#9394,1.);
#9394 = DIRECTION('',(1.,0.));
#9395 = ( GEOMETRIC_REPRESENTATION_CONTEXT(2) 
PARAMETRIC_REPRESENTATION_CONTEXT() REPRESENTATION_CONTEXT('2D SPACE',''
  ) );
#9396 = PCURVE('',#9277,#9397);
#9397 = DEFINITIONAL_REPRESENTATION('',(#9398),#9402);
#9398 = LINE('',#9399,#9400);
#9399 = CARTESIAN_POINT('',(0.,24.));
#9400 = VECTOR('',#9401,1.);
#9401 = DIRECTION('',(1.,0.));
#9402 = ( GEOMETRIC_REPRESENTATION_CONTEXT(2) 
PARAMETRIC_REPRESENTATION_CONTEXT() REPRESENTATION_CONTEXT('2D SPACE',''
  ) );
#9403 = ORIENTED_EDGE('',*,*,#9404,.T.);
#9404 = EDGE_CURVE('',#9375,#9405,#9407,.T.);
#9405 = VERTEX_POINT('',#9406);
#9406 = CARTESIAN_POINT('',(1.082E+03,186.,506.));
#9407 = SURFACE_CURVE('',#9408,(#9412,#9419),.PCURVE_S1.);
#9408 = LINE('',#9409,#9410);
#9409 = CARTESIAN_POINT('',(1.082E+03,168.,506.));
#9410 = VECTOR('',#9411,1.);
#9411 = DIRECTION('',(0.,1.,0.));
#9412 = PCURVE('',#9385,#9413);
#9413 = DEFINITIONAL_REPRESENTATION('',(#9414),#9418);
#9414 = LINE('',#9415,#9416);
#9415 = CARTESIAN_POINT('',(0.,0.));
#9416 = VECTOR('',#9417,1.);
#9417 = DIRECTION('',(0.,-1.));
#9418 = ( GEOMETRIC_REPRESENTATION_CONTEXT(2) 
PARAMETRIC_REPRESENTATION_CONTEXT() REPRESENTATION_CONTEXT('2D SPACE',''
  ) );
#9419 = PCURVE('',#9305,#9420);
#9420 = DEFINITIONAL_REPRESENTATION('',(#9421),#9425);
#9421 = LINE('',#9422,#9423);
#9422 = CARTESIAN_POINT('',(24.,0.));
#9423 = VECTOR('',#9424,1.);
#9424 = DIRECTION('',(0.,1.));
#9425 = ( GEOMETRIC_REPRESENTATION_CONTEXT(2) 
PARAMETRIC_REPRESENTATION_CONTEXT() REPRESENTATION_CONTEXT('2D SPACE',''
  ) );
#9426 = ORIENTED_EDGE('',*,*,#9427,.T.);
#9427 = EDGE_CURVE('',#9405,#9428,#9430,.T.);
#9428 = VERTEX_POINT('',#9429);
#9429 = CARTESIAN_POINT('',(1.082E+03,186.,522.));
#9430 = SURFACE_CURVE('',#9431,(#9435,#9442),.PCURVE_S1.);
#9431 = LINE('',#9432,#9433);
#9432 = CARTESIAN_POINT('',(1.082E+03,186.,506.));
#9433 = VECTOR('',#9434,1.);
#9434 = DIRECTION('',(0.,0.,1.));
#9435 = PCURVE('',#9385,#9436);
#9436 = DEFINITIONAL_REPRESENTATION('',(#9437),#9441);
#9437 = LINE('',#9438,#9439);
#9438 = CARTESIAN_POINT('',(0.,-18.));
#9439 = VECTOR('',#9440,1.);
#9440 = DIRECTION('',(1.,0.));
#9441 = ( GEOMETRIC_REPRESENTATION_CONTEXT(2) 
PARAMETRIC_REPRESENTATION_CONTEXT() REPRESENTATION_CONTEXT('2D SPACE',''
  ) );
#9442 = PCURVE('',#9333,#9443);
#9443 = DEFINITIONAL_REPRESENTATION('',(#9444),#9448);
#9444 = LINE('',#9445,#9446);
#9445 = CARTESIAN_POINT('',(0.,24.));
#9446 = VECTOR('',#9447,1.);
#9447 = DIRECTION('',(1.,0.));
#9448 = ( GEOMETRIC_REPRESENTATION_CONTEXT(2) 
PARAMETRIC_REPRESENTATION_CONTEXT() REPRESENTATION_CONTEXT('2D SPACE',''
  ) );
#9449 = ORIENTED_EDGE('',*,*,#9450,.F.);
#9450 = EDGE_CURVE('',#9377,#9428,#9451,.T.);
#9451 = SURFACE_CURVE('',#9452,(#9456,#9463),.PCURVE_S1.);
#9452 = LINE('',#9453,#9454);
#9453 = CARTESIAN_POINT('',(1.082E+03,168.,522.));
#9454 = VECTOR('',#9455,1.);
#9455 = DIRECTION('',(0.,1.,0.));
#9456 = PCURVE('',#9385,#9457);
#9457 = DEFINITIONAL_REPRESENTATION('',(#9458),#9462);
#9458 = LINE('',#9459,#9460);
#9459 = CARTESIAN_POINT('',(16.,0.));
#9460 = VECTOR('',#9461,1.);
#9461 = DIRECTION('',(0.,-1.));
#9462 = ( GEOMETRIC_REPRESENTATION_CONTEXT(2) 
PARAMETRIC_REPRESENTATION_CONTEXT() REPRESENTATION_CONTEXT('2D SPACE',''
  ) );
#9463 = PCURVE('',#9359,#9464);
#9464 = DEFINITIONAL_REPRESENTATION('',(#9465),#9469);
#9465 = LINE('',#9466,#9467);
#9466 = CARTESIAN_POINT('',(24.,0.));
#9467 = VECTOR('',#9468,1.);
#9468 = DIRECTION('',(0.,1.));
#9469 = ( GEOMETRIC_REPRESENTATION_CONTEXT(2) 
PARAMETRIC_REPRESENTATION_CONTEXT() REPRESENTATION_CONTEXT('2D SPACE',''
  ) );
#9470 = ADVANCED_FACE('',(#9471),#9277,.F.);
#9471 = FACE_BOUND('',#9472,.F.);
#9472 = EDGE_LOOP('',(#9473,#9494,#9495,#9516));
#9473 = ORIENTED_EDGE('',*,*,#9474,.F.);
#9474 = EDGE_CURVE('',#9255,#9375,#9475,.T.);
#9475 = SURFACE_CURVE('',#9476,(#9480,#9487),.PCURVE_S1.);
#9476 = LINE('',#9477,#9478);
#9477 = CARTESIAN_POINT('',(1.058E+03,168.,506.));
#9478 = VECTOR('',#9479,1.);
#9479 = DIRECTION('',(1.,0.,0.));
#9480 = PCURVE('',#9277,#9481);
#9481 = DEFINITIONAL_REPRESENTATION('',(#9482),#9486);
#9482 = LINE('',#9483,#9484);
#9483 = CARTESIAN_POINT('',(0.,0.));
#9484 = VECTOR('',#9485,1.);
#9485 = DIRECTION('',(0.,1.));
#9486 = ( GEOMETRIC_REPRESENTATION_CONTEXT(2) 
PARAMETRIC_REPRESENTATION_CONTEXT() REPRESENTATION_CONTEXT('2D SPACE',''
  ) );
#9487 = PCURVE('',#9305,#9488);
#9488 = DEFINITIONAL_REPRESENTATION('',(#9489),#9493);
#9489 = LINE('',#9490,#9491);
#9490 = CARTESIAN_POINT('',(0.,0.));
#9491 = VECTOR('',#9492,1.);
#9492 = DIRECTION('',(1.,0.));
#9493 = ( GEOMETRIC_REPRESENTATION_CONTEXT(2) 
PARAMETRIC_REPRESENTATION_CONTEXT() REPRESENTATION_CONTEXT('2D SPACE',''
  ) );
#9494 = ORIENTED_EDGE('',*,*,#9254,.T.);
#9495 = ORIENTED_EDGE('',*,*,#9496,.T.);
#9496 = EDGE_CURVE('',#9257,#9377,#9497,.T.);
#9497 = SURFACE_CURVE('',#9498,(#9502,#9509),.PCURVE_S1.);
#9498 = LINE('',#9499,#9500);
#9499 = CARTESIAN_POINT('',(1.058E+03,168.,522.));
#9500 = VECTOR('',#9501,1.);
#9501 = DIRECTION('',(1.,0.,0.));
#9502 = PCURVE('',#9277,#9503);
#9503 = DEFINITIONAL_REPRESENTATION('',(#9504),#9508);
#9504 = LINE('',#9505,#9506);
#9505 = CARTESIAN_POINT('',(16.,0.));
#9506 = VECTOR('',#9507,1.);
#9507 = DIRECTION('',(0.,1.));
#9508 = ( GEOMETRIC_REPRESENTATION_CONTEXT(2) 
PARAMETRIC_REPRESENTATION_CONTEXT() REPRESENTATION_CONTEXT('2D SPACE',''
  ) );
#9509 = PCURVE('',#9359,#9510);
#9510 = DEFINITIONAL_REPRESENTATION('',(#9511),#9515);
#9511 = LINE('',#9512,#9513);
#9512 = CARTESIAN_POINT('',(0.,0.));
#9513 = VECTOR('',#9514,1.);
#9514 = DIRECTION('',(1.,0.));
#9515 = ( GEOMETRIC_REPRESENTATION_CONTEXT(2) 
PARAMETRIC_REPRESENTATION_CONTEXT() REPRESENTATION_CONTEXT('2D SPACE',''
  ) );
#9516 = ORIENTED_EDGE('',*,*,#9374,.F.);
#9517 = ADVANCED_FACE('',(#9518),#9333,.T.);
#9518 = FACE_BOUND('',#9519,.T.);
#9519 = EDGE_LOOP('',(#9520,#9541,#9542,#9563));
#9520 = ORIENTED_EDGE('',*,*,#9521,.F.);
#9521 = EDGE_CURVE('',#9290,#9405,#9522,.T.);
#9522 = SURFACE_CURVE('',#9523,(#9527,#9534),.PCURVE_S1.);
#9523 = LINE('',#9524,#9525);
#9524 = CARTESIAN_POINT('',(1.058E+03,186.,506.));
#9525 = VECTOR('',#9526,1.);
#9526 = DIRECTION('',(1.,0.,0.));
#9527 = PCURVE('',#9333,#9528);
#9528 = DEFINITIONAL_REPRESENTATION('',(#9529),#9533);
#9529 = LINE('',#9530,#9531);
#9530 = CARTESIAN_POINT('',(0.,0.));
#9531 = VECTOR('',#9532,1.);
#9532 = DIRECTION('',(0.,1.));
#9533 = ( GEOMETRIC_REPRESENTATION_CONTEXT(2) 
PARAMETRIC_REPRESENTATION_CONTEXT() REPRESENTATION_CONTEXT('2D SPACE',''
  ) );
#9534 = PCURVE('',#9305,#9535);
#9535 = DEFINITIONAL_REPRESENTATION('',(#9536),#9540);
#9536 = LINE('',#9537,#9538);
#9537 = CARTESIAN_POINT('',(0.,18.));
#9538 = VECTOR('',#9539,1.);
#9539 = DIRECTION('',(1.,0.));
#9540 = ( GEOMETRIC_REPRESENTATION_CONTEXT(2) 
PARAMETRIC_REPRESENTATION_CONTEXT() REPRESENTATION_CONTEXT('2D SPACE',''
  ) );
#9541 = ORIENTED_EDGE('',*,*,#9317,.T.);
#9542 = ORIENTED_EDGE('',*,*,#9543,.T.);
#9543 = EDGE_CURVE('',#9318,#9428,#9544,.T.);
#9544 = SURFACE_CURVE('',#9545,(#9549,#9556),.PCURVE_S1.);
#9545 = LINE('',#9546,#9547);
#9546 = CARTESIAN_POINT('',(1.058E+03,186.,522.));
#9547 = VECTOR('',#9548,1.);
#9548 = DIRECTION('',(1.,0.,0.));
#9549 = PCURVE('',#9333,#9550);
#9550 = DEFINITIONAL_REPRESENTATION('',(#9551),#9555);
#9551 = LINE('',#9552,#9553);
#9552 = CARTESIAN_POINT('',(16.,0.));
#9553 = VECTOR('',#9554,1.);
#9554 = DIRECTION('',(0.,1.));
#9555 = ( GEOMETRIC_REPRESENTATION_CONTEXT(2) 
PARAMETRIC_REPRESENTATION_CONTEXT() REPRESENTATION_CONTEXT('2D SPACE',''
  ) );
#9556 = PCURVE('',#9359,#9557);
#9557 = DEFINITIONAL_REPRESENTATION('',(#9558),#9562);
#9558 = LINE('',#9559,#9560);
#9559 = CARTESIAN_POINT('',(0.,18.));
#9560 = VECTOR('',#9561,1.);
#9561 = DIRECTION('',(1.,0.));
#9562 = ( GEOMETRIC_REPRESENTATION_CONTEXT(2) 
PARAMETRIC_REPRESENTATION_CONTEXT() REPRESENTATION_CONTEXT('2D SPACE',''
  ) );
#9563 = ORIENTED_EDGE('',*,*,#9427,.F.);
#9564 = ADVANCED_FACE('',(#9565),#9305,.F.);
#9565 = FACE_BOUND('',#9566,.F.);
#9566 = EDGE_LOOP('',(#9567,#9568,#9569,#9570));
#9567 = ORIENTED_EDGE('',*,*,#9289,.F.);
#9568 = ORIENTED_EDGE('',*,*,#9474,.T.);
#9569 = ORIENTED_EDGE('',*,*,#9404,.T.);
#9570 = ORIENTED_EDGE('',*,*,#9521,.F.);
#9571 = ADVANCED_FACE('',(#9572),#9359,.T.);
#9572 = FACE_BOUND('',#9573,.T.);
#9573 = EDGE_LOOP('',(#9574,#9575,#9576,#9577));
#9574 = ORIENTED_EDGE('',*,*,#9345,.F.);
#9575 = ORIENTED_EDGE('',*,*,#9496,.T.);
#9576 = ORIENTED_EDGE('',*,*,#9450,.T.);
#9577 = ORIENTED_EDGE('',*,*,#9543,.F.);
#9578 = ( GEOMETRIC_REPRESENTATION_CONTEXT(3) 
GLOBAL_UNCERTAINTY_ASSIGNED_CONTEXT((#9582)) 
GLOBAL_UNIT_ASSIGNED_CONTEXT((#9579,#9580,#9581)) REPRESENTATION_CONTEXT
('Context #1','3D Context with UNIT and UNCERTAINTY') );
#9579 = ( LENGTH_UNIT() NAMED_UNIT(*) SI_UNIT(.MILLI.,.METRE.) );
#9580 = ( NAMED_UNIT(*) PLANE_ANGLE_UNIT() SI_UNIT($,.RADIAN.) );
#9581 = ( NAMED_UNIT(*) SI_UNIT($,.STERADIAN.) SOLID_ANGLE_UNIT() );
#9582 = UNCERTAINTY_MEASURE_WITH_UNIT(LENGTH_MEASURE(1.E-07),#9579,
  'distance_accuracy_value','confusion accuracy');
#9583 = CONTEXT_DEPENDENT_SHAPE_REPRESENTATION(#9584,#9586);
#9584 = ( REPRESENTATION_RELATIONSHIP('','',#9247,#10) 
REPRESENTATION_RELATIONSHIP_WITH_TRANSFORMATION(#9585) 
SHAPE_REPRESENTATION_RELATIONSHIP() );
#9585 = ITEM_DEFINED_TRANSFORMATION('','',#11,#147);
#9586 = PRODUCT_DEFINITION_SHAPE('Placement','Placement of an item',
  #9587);
#9587 = NEXT_ASSEMBLY_USAGE_OCCURRENCE('34','FOOT_1070_177','',#5,#9242,
  $);
#9588 = PRODUCT_RELATED_PRODUCT_CATEGORY('part',$,(#9244));
#9589 = SHAPE_DEFINITION_REPRESENTATION(#9590,#9596);
#9590 = PRODUCT_DEFINITION_SHAPE('','',#9591);
#9591 = PRODUCT_DEFINITION('design','',#9592,#9595);
#9592 = PRODUCT_DEFINITION_FORMATION('','',#9593);
#9593 = PRODUCT('FOOT_1345_-177','FOOT_1345_-177','',(#9594));
#9594 = PRODUCT_CONTEXT('',#2,'mechanical');
#9595 = PRODUCT_DEFINITION_CONTEXT('part definition',#2,'design');
#9596 = ADVANCED_BREP_SHAPE_REPRESENTATION('',(#11,#9597),#9927);
#9597 = MANIFOLD_SOLID_BREP('',#9598);
#9598 = CLOSED_SHELL('',(#9599,#9719,#9819,#9866,#9913,#9920));
#9599 = ADVANCED_FACE('',(#9600),#9614,.F.);
#9600 = FACE_BOUND('',#9601,.F.);
#9601 = EDGE_LOOP('',(#9602,#9637,#9665,#9693));
#9602 = ORIENTED_EDGE('',*,*,#9603,.F.);
#9603 = EDGE_CURVE('',#9604,#9606,#9608,.T.);
#9604 = VERTEX_POINT('',#9605);
#9605 = CARTESIAN_POINT('',(1.333E+03,-186.,506.));
#9606 = VERTEX_POINT('',#9607);
#9607 = CARTESIAN_POINT('',(1.333E+03,-186.,522.));
#9608 = SURFACE_CURVE('',#9609,(#9613,#9625),.PCURVE_S1.);
#9609 = LINE('',#9610,#9611);
#9610 = CARTESIAN_POINT('',(1.333E+03,-186.,506.));
#9611 = VECTOR('',#9612,1.);
#9612 = DIRECTION('',(0.,0.,1.));
#9613 = PCURVE('',#9614,#9619);
#9614 = PLANE('',#9615);
#9615 = AXIS2_PLACEMENT_3D('',#9616,#9617,#9618);
#9616 = CARTESIAN_POINT('',(1.333E+03,-186.,506.));
#9617 = DIRECTION('',(1.,0.,0.));
#9618 = DIRECTION('',(0.,0.,1.));
#9619 = DEFINITIONAL_REPRESENTATION('',(#9620),#9624);
#9620 = LINE('',#9621,#9622);
#9621 = CARTESIAN_POINT('',(0.,0.));
#9622 = VECTOR('',#9623,1.);
#9623 = DIRECTION('',(1.,0.));
#9624 = ( GEOMETRIC_REPRESENTATION_CONTEXT(2) 
PARAMETRIC_REPRESENTATION_CONTEXT() REPRESENTATION_CONTEXT('2D SPACE',''
  ) );
#9625 = PCURVE('',#9626,#9631);
#9626 = PLANE('',#9627);
#9627 = AXIS2_PLACEMENT_3D('',#9628,#9629,#9630);
#9628 = CARTESIAN_POINT('',(1.333E+03,-186.,506.));
#9629 = DIRECTION('',(0.,1.,0.));
#9630 = DIRECTION('',(0.,0.,1.));
#9631 = DEFINITIONAL_REPRESENTATION('',(#9632),#9636);
#9632 = LINE('',#9633,#9634);
#9633 = CARTESIAN_POINT('',(0.,0.));
#9634 = VECTOR('',#9635,1.);
#9635 = DIRECTION('',(1.,0.));
#9636 = ( GEOMETRIC_REPRESENTATION_CONTEXT(2) 
PARAMETRIC_REPRESENTATION_CONTEXT() REPRESENTATION_CONTEXT('2D SPACE',''
  ) );
#9637 = ORIENTED_EDGE('',*,*,#9638,.T.);
#9638 = EDGE_CURVE('',#9604,#9639,#9641,.T.);
#9639 = VERTEX_POINT('',#9640);
#9640 = CARTESIAN_POINT('',(1.333E+03,-168.,506.));
#9641 = SURFACE_CURVE('',#9642,(#9646,#9653),.PCURVE_S1.);
#9642 = LINE('',#9643,#9644);
#9643 = CARTESIAN_POINT('',(1.333E+03,-186.,506.));
#9644 = VECTOR('',#9645,1.);
#9645 = DIRECTION('',(0.,1.,0.));
#9646 = PCURVE('',#9614,#9647);
#9647 = DEFINITIONAL_REPRESENTATION('',(#9648),#9652);
#9648 = LINE('',#9649,#9650);
#9649 = CARTESIAN_POINT('',(0.,0.));
#9650 = VECTOR('',#9651,1.);
#9651 = DIRECTION('',(0.,-1.));
#9652 = ( GEOMETRIC_REPRESENTATION_CONTEXT(2) 
PARAMETRIC_REPRESENTATION_CONTEXT() REPRESENTATION_CONTEXT('2D SPACE',''
  ) );
#9653 = PCURVE('',#9654,#9659);
#9654 = PLANE('',#9655);
#9655 = AXIS2_PLACEMENT_3D('',#9656,#9657,#9658);
#9656 = CARTESIAN_POINT('',(1.333E+03,-186.,506.));
#9657 = DIRECTION('',(0.,0.,1.));
#9658 = DIRECTION('',(1.,0.,0.));
#9659 = DEFINITIONAL_REPRESENTATION('',(#9660),#9664);
#9660 = LINE('',#9661,#9662);
#9661 = CARTESIAN_POINT('',(0.,0.));
#9662 = VECTOR('',#9663,1.);
#9663 = DIRECTION('',(0.,1.));
#9664 = ( GEOMETRIC_REPRESENTATION_CONTEXT(2) 
PARAMETRIC_REPRESENTATION_CONTEXT() REPRESENTATION_CONTEXT('2D SPACE',''
  ) );
#9665 = ORIENTED_EDGE('',*,*,#9666,.T.);
#9666 = EDGE_CURVE('',#9639,#9667,#9669,.T.);
#9667 = VERTEX_POINT('',#9668);
#9668 = CARTESIAN_POINT('',(1.333E+03,-168.,522.));
#9669 = SURFACE_CURVE('',#9670,(#9674,#9681),.PCURVE_S1.);
#9670 = LINE('',#9671,#9672);
#9671 = CARTESIAN_POINT('',(1.333E+03,-168.,506.));
#9672 = VECTOR('',#9673,1.);
#9673 = DIRECTION('',(0.,0.,1.));
#9674 = PCURVE('',#9614,#9675);
#9675 = DEFINITIONAL_REPRESENTATION('',(#9676),#9680);
#9676 = LINE('',#9677,#9678);
#9677 = CARTESIAN_POINT('',(0.,-18.));
#9678 = VECTOR('',#9679,1.);
#9679 = DIRECTION('',(1.,0.));
#9680 = ( GEOMETRIC_REPRESENTATION_CONTEXT(2) 
PARAMETRIC_REPRESENTATION_CONTEXT() REPRESENTATION_CONTEXT('2D SPACE',''
  ) );
#9681 = PCURVE('',#9682,#9687);
#9682 = PLANE('',#9683);
#9683 = AXIS2_PLACEMENT_3D('',#9684,#9685,#9686);
#9684 = CARTESIAN_POINT('',(1.333E+03,-168.,506.));
#9685 = DIRECTION('',(0.,1.,0.));
#9686 = DIRECTION('',(0.,0.,1.));
#9687 = DEFINITIONAL_REPRESENTATION('',(#9688),#9692);
#9688 = LINE('',#9689,#9690);
#9689 = CARTESIAN_POINT('',(0.,0.));
#9690 = VECTOR('',#9691,1.);
#9691 = DIRECTION('',(1.,0.));
#9692 = ( GEOMETRIC_REPRESENTATION_CONTEXT(2) 
PARAMETRIC_REPRESENTATION_CONTEXT() REPRESENTATION_CONTEXT('2D SPACE',''
  ) );
#9693 = ORIENTED_EDGE('',*,*,#9694,.F.);
#9694 = EDGE_CURVE('',#9606,#9667,#9695,.T.);
#9695 = SURFACE_CURVE('',#9696,(#9700,#9707),.PCURVE_S1.);
#9696 = LINE('',#9697,#9698);
#9697 = CARTESIAN_POINT('',(1.333E+03,-186.,522.));
#9698 = VECTOR('',#9699,1.);
#9699 = DIRECTION('',(0.,1.,0.));
#9700 = PCURVE('',#9614,#9701);
#9701 = DEFINITIONAL_REPRESENTATION('',(#9702),#9706);
#9702 = LINE('',#9703,#9704);
#9703 = CARTESIAN_POINT('',(16.,0.));
#9704 = VECTOR('',#9705,1.);
#9705 = DIRECTION('',(0.,-1.));
#9706 = ( GEOMETRIC_REPRESENTATION_CONTEXT(2) 
PARAMETRIC_REPRESENTATION_CONTEXT() REPRESENTATION_CONTEXT('2D SPACE',''
  ) );
#9707 = PCURVE('',#9708,#9713);
#9708 = PLANE('',#9709);
#9709 = AXIS2_PLACEMENT_3D('',#9710,#9711,#9712);
#9710 = CARTESIAN_POINT('',(1.333E+03,-186.,522.));
#9711 = DIRECTION('',(0.,0.,1.));
#9712 = DIRECTION('',(1.,0.,0.));
#9713 = DEFINITIONAL_REPRESENTATION('',(#9714),#9718);
#9714 = LINE('',#9715,#9716);
#9715 = CARTESIAN_POINT('',(0.,0.));
#9716 = VECTOR('',#9717,1.);
#9717 = DIRECTION('',(0.,1.));
#9718 = ( GEOMETRIC_REPRESENTATION_CONTEXT(2) 
PARAMETRIC_REPRESENTATION_CONTEXT() REPRESENTATION_CONTEXT('2D SPACE',''
  ) );
#9719 = ADVANCED_FACE('',(#9720),#9734,.T.);
#9720 = FACE_BOUND('',#9721,.T.);
#9721 = EDGE_LOOP('',(#9722,#9752,#9775,#9798));
#9722 = ORIENTED_EDGE('',*,*,#9723,.F.);
#9723 = EDGE_CURVE('',#9724,#9726,#9728,.T.);
#9724 = VERTEX_POINT('',#9725);
#9725 = CARTESIAN_POINT('',(1.357E+03,-186.,506.));
#9726 = VERTEX_POINT('',#9727);
#9727 = CARTESIAN_POINT('',(1.357E+03,-186.,522.));
#9728 = SURFACE_CURVE('',#9729,(#9733,#9745),.PCURVE_S1.);
#9729 = LINE('',#9730,#9731);
#9730 = CARTESIAN_POINT('',(1.357E+03,-186.,506.));
#9731 = VECTOR('',#9732,1.);
#9732 = DIRECTION('',(0.,0.,1.));
#9733 = PCURVE('',#9734,#9739);
#9734 = PLANE('',#9735);
#9735 = AXIS2_PLACEMENT_3D('',#9736,#9737,#9738);
#9736 = CARTESIAN_POINT('',(1.357E+03,-186.,506.));
#9737 = DIRECTION('',(1.,0.,0.));
#9738 = DIRECTION('',(0.,0.,1.));
#9739 = DEFINITIONAL_REPRESENTATION('',(#9740),#9744);
#9740 = LINE('',#9741,#9742);
#9741 = CARTESIAN_POINT('',(0.,0.));
#9742 = VECTOR('',#9743,1.);
#9743 = DIRECTION('',(1.,0.));
#9744 = ( GEOMETRIC_REPRESENTATION_CONTEXT(2) 
PARAMETRIC_REPRESENTATION_CONTEXT() REPRESENTATION_CONTEXT('2D SPACE',''
  ) );
#9745 = PCURVE('',#9626,#9746);
#9746 = DEFINITIONAL_REPRESENTATION('',(#9747),#9751);
#9747 = LINE('',#9748,#9749);
#9748 = CARTESIAN_POINT('',(0.,24.));
#9749 = VECTOR('',#9750,1.);
#9750 = DIRECTION('',(1.,0.));
#9751 = ( GEOMETRIC_REPRESENTATION_CONTEXT(2) 
PARAMETRIC_REPRESENTATION_CONTEXT() REPRESENTATION_CONTEXT('2D SPACE',''
  ) );
#9752 = ORIENTED_EDGE('',*,*,#9753,.T.);
#9753 = EDGE_CURVE('',#9724,#9754,#9756,.T.);
#9754 = VERTEX_POINT('',#9755);
#9755 = CARTESIAN_POINT('',(1.357E+03,-168.,506.));
#9756 = SURFACE_CURVE('',#9757,(#9761,#9768),.PCURVE_S1.);
#9757 = LINE('',#9758,#9759);
#9758 = CARTESIAN_POINT('',(1.357E+03,-186.,506.));
#9759 = VECTOR('',#9760,1.);
#9760 = DIRECTION('',(0.,1.,0.));
#9761 = PCURVE('',#9734,#9762);
#9762 = DEFINITIONAL_REPRESENTATION('',(#9763),#9767);
#9763 = LINE('',#9764,#9765);
#9764 = CARTESIAN_POINT('',(0.,0.));
#9765 = VECTOR('',#9766,1.);
#9766 = DIRECTION('',(0.,-1.));
#9767 = ( GEOMETRIC_REPRESENTATION_CONTEXT(2) 
PARAMETRIC_REPRESENTATION_CONTEXT() REPRESENTATION_CONTEXT('2D SPACE',''
  ) );
#9768 = PCURVE('',#9654,#9769);
#9769 = DEFINITIONAL_REPRESENTATION('',(#9770),#9774);
#9770 = LINE('',#9771,#9772);
#9771 = CARTESIAN_POINT('',(24.,0.));
#9772 = VECTOR('',#9773,1.);
#9773 = DIRECTION('',(0.,1.));
#9774 = ( GEOMETRIC_REPRESENTATION_CONTEXT(2) 
PARAMETRIC_REPRESENTATION_CONTEXT() REPRESENTATION_CONTEXT('2D SPACE',''
  ) );
#9775 = ORIENTED_EDGE('',*,*,#9776,.T.);
#9776 = EDGE_CURVE('',#9754,#9777,#9779,.T.);
#9777 = VERTEX_POINT('',#9778);
#9778 = CARTESIAN_POINT('',(1.357E+03,-168.,522.));
#9779 = SURFACE_CURVE('',#9780,(#9784,#9791),.PCURVE_S1.);
#9780 = LINE('',#9781,#9782);
#9781 = CARTESIAN_POINT('',(1.357E+03,-168.,506.));
#9782 = VECTOR('',#9783,1.);
#9783 = DIRECTION('',(0.,0.,1.));
#9784 = PCURVE('',#9734,#9785);
#9785 = DEFINITIONAL_REPRESENTATION('',(#9786),#9790);
#9786 = LINE('',#9787,#9788);
#9787 = CARTESIAN_POINT('',(0.,-18.));
#9788 = VECTOR('',#9789,1.);
#9789 = DIRECTION('',(1.,0.));
#9790 = ( GEOMETRIC_REPRESENTATION_CONTEXT(2) 
PARAMETRIC_REPRESENTATION_CONTEXT() REPRESENTATION_CONTEXT('2D SPACE',''
  ) );
#9791 = PCURVE('',#9682,#9792);
#9792 = DEFINITIONAL_REPRESENTATION('',(#9793),#9797);
#9793 = LINE('',#9794,#9795);
#9794 = CARTESIAN_POINT('',(0.,24.));
#9795 = VECTOR('',#9796,1.);
#9796 = DIRECTION('',(1.,0.));
#9797 = ( GEOMETRIC_REPRESENTATION_CONTEXT(2) 
PARAMETRIC_REPRESENTATION_CONTEXT() REPRESENTATION_CONTEXT('2D SPACE',''
  ) );
#9798 = ORIENTED_EDGE('',*,*,#9799,.F.);
#9799 = EDGE_CURVE('',#9726,#9777,#9800,.T.);
#9800 = SURFACE_CURVE('',#9801,(#9805,#9812),.PCURVE_S1.);
#9801 = LINE('',#9802,#9803);
#9802 = CARTESIAN_POINT('',(1.357E+03,-186.,522.));
#9803 = VECTOR('',#9804,1.);
#9804 = DIRECTION('',(0.,1.,0.));
#9805 = PCURVE('',#9734,#9806);
#9806 = DEFINITIONAL_REPRESENTATION('',(#9807),#9811);
#9807 = LINE('',#9808,#9809);
#9808 = CARTESIAN_POINT('',(16.,0.));
#9809 = VECTOR('',#9810,1.);
#9810 = DIRECTION('',(0.,-1.));
#9811 = ( GEOMETRIC_REPRESENTATION_CONTEXT(2) 
PARAMETRIC_REPRESENTATION_CONTEXT() REPRESENTATION_CONTEXT('2D SPACE',''
  ) );
#9812 = PCURVE('',#9708,#9813);
#9813 = DEFINITIONAL_REPRESENTATION('',(#9814),#9818);
#9814 = LINE('',#9815,#9816);
#9815 = CARTESIAN_POINT('',(24.,0.));
#9816 = VECTOR('',#9817,1.);
#9817 = DIRECTION('',(0.,1.));
#9818 = ( GEOMETRIC_REPRESENTATION_CONTEXT(2) 
PARAMETRIC_REPRESENTATION_CONTEXT() REPRESENTATION_CONTEXT('2D SPACE',''
  ) );
#9819 = ADVANCED_FACE('',(#9820),#9626,.F.);
#9820 = FACE_BOUND('',#9821,.F.);
#9821 = EDGE_LOOP('',(#9822,#9843,#9844,#9865));
#9822 = ORIENTED_EDGE('',*,*,#9823,.F.);
#9823 = EDGE_CURVE('',#9604,#9724,#9824,.T.);
#9824 = SURFACE_CURVE('',#9825,(#9829,#9836),.PCURVE_S1.);
#9825 = LINE('',#9826,#9827);
#9826 = CARTESIAN_POINT('',(1.333E+03,-186.,506.));
#9827 = VECTOR('',#9828,1.);
#9828 = DIRECTION('',(1.,0.,0.));
#9829 = PCURVE('',#9626,#9830);
#9830 = DEFINITIONAL_REPRESENTATION('',(#9831),#9835);
#9831 = LINE('',#9832,#9833);
#9832 = CARTESIAN_POINT('',(0.,0.));
#9833 = VECTOR('',#9834,1.);
#9834 = DIRECTION('',(0.,1.));
#9835 = ( GEOMETRIC_REPRESENTATION_CONTEXT(2) 
PARAMETRIC_REPRESENTATION_CONTEXT() REPRESENTATION_CONTEXT('2D SPACE',''
  ) );
#9836 = PCURVE('',#9654,#9837);
#9837 = DEFINITIONAL_REPRESENTATION('',(#9838),#9842);
#9838 = LINE('',#9839,#9840);
#9839 = CARTESIAN_POINT('',(0.,0.));
#9840 = VECTOR('',#9841,1.);
#9841 = DIRECTION('',(1.,0.));
#9842 = ( GEOMETRIC_REPRESENTATION_CONTEXT(2) 
PARAMETRIC_REPRESENTATION_CONTEXT() REPRESENTATION_CONTEXT('2D SPACE',''
  ) );
#9843 = ORIENTED_EDGE('',*,*,#9603,.T.);
#9844 = ORIENTED_EDGE('',*,*,#9845,.T.);
#9845 = EDGE_CURVE('',#9606,#9726,#9846,.T.);
#9846 = SURFACE_CURVE('',#9847,(#9851,#9858),.PCURVE_S1.);
#9847 = LINE('',#9848,#9849);
#9848 = CARTESIAN_POINT('',(1.333E+03,-186.,522.));
#9849 = VECTOR('',#9850,1.);
#9850 = DIRECTION('',(1.,0.,0.));
#9851 = PCURVE('',#9626,#9852);
#9852 = DEFINITIONAL_REPRESENTATION('',(#9853),#9857);
#9853 = LINE('',#9854,#9855);
#9854 = CARTESIAN_POINT('',(16.,0.));
#9855 = VECTOR('',#9856,1.);
#9856 = DIRECTION('',(0.,1.));
#9857 = ( GEOMETRIC_REPRESENTATION_CONTEXT(2) 
PARAMETRIC_REPRESENTATION_CONTEXT() REPRESENTATION_CONTEXT('2D SPACE',''
  ) );
#9858 = PCURVE('',#9708,#9859);
#9859 = DEFINITIONAL_REPRESENTATION('',(#9860),#9864);
#9860 = LINE('',#9861,#9862);
#9861 = CARTESIAN_POINT('',(0.,0.));
#9862 = VECTOR('',#9863,1.);
#9863 = DIRECTION('',(1.,0.));
#9864 = ( GEOMETRIC_REPRESENTATION_CONTEXT(2) 
PARAMETRIC_REPRESENTATION_CONTEXT() REPRESENTATION_CONTEXT('2D SPACE',''
  ) );
#9865 = ORIENTED_EDGE('',*,*,#9723,.F.);
#9866 = ADVANCED_FACE('',(#9867),#9682,.T.);
#9867 = FACE_BOUND('',#9868,.T.);
#9868 = EDGE_LOOP('',(#9869,#9890,#9891,#9912));
#9869 = ORIENTED_EDGE('',*,*,#9870,.F.);
#9870 = EDGE_CURVE('',#9639,#9754,#9871,.T.);
#9871 = SURFACE_CURVE('',#9872,(#9876,#9883),.PCURVE_S1.);
#9872 = LINE('',#9873,#9874);
#9873 = CARTESIAN_POINT('',(1.333E+03,-168.,506.));
#9874 = VECTOR('',#9875,1.);
#9875 = DIRECTION('',(1.,0.,0.));
#9876 = PCURVE('',#9682,#9877);
#9877 = DEFINITIONAL_REPRESENTATION('',(#9878),#9882);
#9878 = LINE('',#9879,#9880);
#9879 = CARTESIAN_POINT('',(0.,0.));
#9880 = VECTOR('',#9881,1.);
#9881 = DIRECTION('',(0.,1.));
#9882 = ( GEOMETRIC_REPRESENTATION_CONTEXT(2) 
PARAMETRIC_REPRESENTATION_CONTEXT() REPRESENTATION_CONTEXT('2D SPACE',''
  ) );
#9883 = PCURVE('',#9654,#9884);
#9884 = DEFINITIONAL_REPRESENTATION('',(#9885),#9889);
#9885 = LINE('',#9886,#9887);
#9886 = CARTESIAN_POINT('',(0.,18.));
#9887 = VECTOR('',#9888,1.);
#9888 = DIRECTION('',(1.,0.));
#9889 = ( GEOMETRIC_REPRESENTATION_CONTEXT(2) 
PARAMETRIC_REPRESENTATION_CONTEXT() REPRESENTATION_CONTEXT('2D SPACE',''
  ) );
#9890 = ORIENTED_EDGE('',*,*,#9666,.T.);
#9891 = ORIENTED_EDGE('',*,*,#9892,.T.);
#9892 = EDGE_CURVE('',#9667,#9777,#9893,.T.);
#9893 = SURFACE_CURVE('',#9894,(#9898,#9905),.PCURVE_S1.);
#9894 = LINE('',#9895,#9896);
#9895 = CARTESIAN_POINT('',(1.333E+03,-168.,522.));
#9896 = VECTOR('',#9897,1.);
#9897 = DIRECTION('',(1.,0.,0.));
#9898 = PCURVE('',#9682,#9899);
#9899 = DEFINITIONAL_REPRESENTATION('',(#9900),#9904);
#9900 = LINE('',#9901,#9902);
#9901 = CARTESIAN_POINT('',(16.,0.));
#9902 = VECTOR('',#9903,1.);
#9903 = DIRECTION('',(0.,1.));
#9904 = ( GEOMETRIC_REPRESENTATION_CONTEXT(2) 
PARAMETRIC_REPRESENTATION_CONTEXT() REPRESENTATION_CONTEXT('2D SPACE',''
  ) );
#9905 = PCURVE('',#9708,#9906);
#9906 = DEFINITIONAL_REPRESENTATION('',(#9907),#9911);
#9907 = LINE('',#9908,#9909);
#9908 = CARTESIAN_POINT('',(0.,18.));
#9909 = VECTOR('',#9910,1.);
#9910 = DIRECTION('',(1.,0.));
#9911 = ( GEOMETRIC_REPRESENTATION_CONTEXT(2) 
PARAMETRIC_REPRESENTATION_CONTEXT() REPRESENTATION_CONTEXT('2D SPACE',''
  ) );
#9912 = ORIENTED_EDGE('',*,*,#9776,.F.);
#9913 = ADVANCED_FACE('',(#9914),#9654,.F.);
#9914 = FACE_BOUND('',#9915,.F.);
#9915 = EDGE_LOOP('',(#9916,#9917,#9918,#9919));
#9916 = ORIENTED_EDGE('',*,*,#9638,.F.);
#9917 = ORIENTED_EDGE('',*,*,#9823,.T.);
#9918 = ORIENTED_EDGE('',*,*,#9753,.T.);
#9919 = ORIENTED_EDGE('',*,*,#9870,.F.);
#9920 = ADVANCED_FACE('',(#9921),#9708,.T.);
#9921 = FACE_BOUND('',#9922,.T.);
#9922 = EDGE_LOOP('',(#9923,#9924,#9925,#9926));
#9923 = ORIENTED_EDGE('',*,*,#9694,.F.);
#9924 = ORIENTED_EDGE('',*,*,#9845,.T.);
#9925 = ORIENTED_EDGE('',*,*,#9799,.T.);
#9926 = ORIENTED_EDGE('',*,*,#9892,.F.);
#9927 = ( GEOMETRIC_REPRESENTATION_CONTEXT(3) 
GLOBAL_UNCERTAINTY_ASSIGNED_CONTEXT((#9931)) 
GLOBAL_UNIT_ASSIGNED_CONTEXT((#9928,#9929,#9930)) REPRESENTATION_CONTEXT
('Context #1','3D Context with UNIT and UNCERTAINTY') );
#9928 = ( LENGTH_UNIT() NAMED_UNIT(*) SI_UNIT(.MILLI.,.METRE.) );
#9929 = ( NAMED_UNIT(*) PLANE_ANGLE_UNIT() SI_UNIT($,.RADIAN.) );
#9930 = ( NAMED_UNIT(*) SI_UNIT($,.STERADIAN.) SOLID_ANGLE_UNIT() );
#9931 = UNCERTAINTY_MEASURE_WITH_UNIT(LENGTH_MEASURE(1.E-07),#9928,
  'distance_accuracy_value','confusion accuracy');
#9932 = CONTEXT_DEPENDENT_SHAPE_REPRESENTATION(#9933,#9935);
#9933 = ( REPRESENTATION_RELATIONSHIP('','',#9596,#10) 
REPRESENTATION_RELATIONSHIP_WITH_TRANSFORMATION(#9934) 
SHAPE_REPRESENTATION_RELATIONSHIP() );
#9934 = ITEM_DEFINED_TRANSFORMATION('','',#11,#151);
#9935 = PRODUCT_DEFINITION_SHAPE('Placement','Placement of an item',
  #9936);
#9936 = NEXT_ASSEMBLY_USAGE_OCCURRENCE('35','FOOT_1345_-177','',#5,#9591
  ,$);
#9937 = PRODUCT_RELATED_PRODUCT_CATEGORY('part',$,(#9593));
#9938 = SHAPE_DEFINITION_REPRESENTATION(#9939,#9945);
#9939 = PRODUCT_DEFINITION_SHAPE('','',#9940);
#9940 = PRODUCT_DEFINITION('design','',#9941,#9944);
#9941 = PRODUCT_DEFINITION_FORMATION('','',#9942);
#9942 = PRODUCT('FOOT_1345_177','FOOT_1345_177','',(#9943));
#9943 = PRODUCT_CONTEXT('',#2,'mechanical');
#9944 = PRODUCT_DEFINITION_CONTEXT('part definition',#2,'design');
#9945 = ADVANCED_BREP_SHAPE_REPRESENTATION('',(#11,#9946),#10276);
#9946 = MANIFOLD_SOLID_BREP('',#9947);
#9947 = CLOSED_SHELL('',(#9948,#10068,#10168,#10215,#10262,#10269));
#9948 = ADVANCED_FACE('',(#9949),#9963,.F.);
#9949 = FACE_BOUND('',#9950,.F.);
#9950 = EDGE_LOOP('',(#9951,#9986,#10014,#10042));
#9951 = ORIENTED_EDGE('',*,*,#9952,.F.);
#9952 = EDGE_CURVE('',#9953,#9955,#9957,.T.);
#9953 = VERTEX_POINT('',#9954);
#9954 = CARTESIAN_POINT('',(1.333E+03,168.,506.));
#9955 = VERTEX_POINT('',#9956);
#9956 = CARTESIAN_POINT('',(1.333E+03,168.,522.));
#9957 = SURFACE_CURVE('',#9958,(#9962,#9974),.PCURVE_S1.);
#9958 = LINE('',#9959,#9960);
#9959 = CARTESIAN_POINT('',(1.333E+03,168.,506.));
#9960 = VECTOR('',#9961,1.);
#9961 = DIRECTION('',(0.,0.,1.));
#9962 = PCURVE('',#9963,#9968);
#9963 = PLANE('',#9964);
#9964 = AXIS2_PLACEMENT_3D('',#9965,#9966,#9967);
#9965 = CARTESIAN_POINT('',(1.333E+03,168.,506.));
#9966 = DIRECTION('',(1.,0.,0.));
#9967 = DIRECTION('',(0.,0.,1.));
#9968 = DEFINITIONAL_REPRESENTATION('',(#9969),#9973);
#9969 = LINE('',#9970,#9971);
#9970 = CARTESIAN_POINT('',(0.,0.));
#9971 = VECTOR('',#9972,1.);
#9972 = DIRECTION('',(1.,0.));
#9973 = ( GEOMETRIC_REPRESENTATION_CONTEXT(2) 
PARAMETRIC_REPRESENTATION_CONTEXT() REPRESENTATION_CONTEXT('2D SPACE',''
  ) );
#9974 = PCURVE('',#9975,#9980);
#9975 = PLANE('',#9976);
#9976 = AXIS2_PLACEMENT_3D('',#9977,#9978,#9979);
#9977 = CARTESIAN_POINT('',(1.333E+03,168.,506.));
#9978 = DIRECTION('',(0.,1.,0.));
#9979 = DIRECTION('',(0.,0.,1.));
#9980 = DEFINITIONAL_REPRESENTATION('',(#9981),#9985);
#9981 = LINE('',#9982,#9983);
#9982 = CARTESIAN_POINT('',(0.,0.));
#9983 = VECTOR('',#9984,1.);
#9984 = DIRECTION('',(1.,0.));
#9985 = ( GEOMETRIC_REPRESENTATION_CONTEXT(2) 
PARAMETRIC_REPRESENTATION_CONTEXT() REPRESENTATION_CONTEXT('2D SPACE',''
  ) );
#9986 = ORIENTED_EDGE('',*,*,#9987,.T.);
#9987 = EDGE_CURVE('',#9953,#9988,#9990,.T.);
#9988 = VERTEX_POINT('',#9989);
#9989 = CARTESIAN_POINT('',(1.333E+03,186.,506.));
#9990 = SURFACE_CURVE('',#9991,(#9995,#10002),.PCURVE_S1.);
#9991 = LINE('',#9992,#9993);
#9992 = CARTESIAN_POINT('',(1.333E+03,168.,506.));
#9993 = VECTOR('',#9994,1.);
#9994 = DIRECTION('',(0.,1.,0.));
#9995 = PCURVE('',#9963,#9996);
#9996 = DEFINITIONAL_REPRESENTATION('',(#9997),#10001);
#9997 = LINE('',#9998,#9999);
#9998 = CARTESIAN_POINT('',(0.,0.));
#9999 = VECTOR('',#10000,1.);
#10000 = DIRECTION('',(0.,-1.));
#10001 = ( GEOMETRIC_REPRESENTATION_CONTEXT(2) 
PARAMETRIC_REPRESENTATION_CONTEXT() REPRESENTATION_CONTEXT('2D SPACE',''
  ) );
#10002 = PCURVE('',#10003,#10008);
#10003 = PLANE('',#10004);
#10004 = AXIS2_PLACEMENT_3D('',#10005,#10006,#10007);
#10005 = CARTESIAN_POINT('',(1.333E+03,168.,506.));
#10006 = DIRECTION('',(0.,0.,1.));
#10007 = DIRECTION('',(1.,0.,0.));
#10008 = DEFINITIONAL_REPRESENTATION('',(#10009),#10013);
#10009 = LINE('',#10010,#10011);
#10010 = CARTESIAN_POINT('',(0.,0.));
#10011 = VECTOR('',#10012,1.);
#10012 = DIRECTION('',(0.,1.));
#10013 = ( GEOMETRIC_REPRESENTATION_CONTEXT(2) 
PARAMETRIC_REPRESENTATION_CONTEXT() REPRESENTATION_CONTEXT('2D SPACE',''
  ) );
#10014 = ORIENTED_EDGE('',*,*,#10015,.T.);
#10015 = EDGE_CURVE('',#9988,#10016,#10018,.T.);
#10016 = VERTEX_POINT('',#10017);
#10017 = CARTESIAN_POINT('',(1.333E+03,186.,522.));
#10018 = SURFACE_CURVE('',#10019,(#10023,#10030),.PCURVE_S1.);
#10019 = LINE('',#10020,#10021);
#10020 = CARTESIAN_POINT('',(1.333E+03,186.,506.));
#10021 = VECTOR('',#10022,1.);
#10022 = DIRECTION('',(0.,0.,1.));
#10023 = PCURVE('',#9963,#10024);
#10024 = DEFINITIONAL_REPRESENTATION('',(#10025),#10029);
#10025 = LINE('',#10026,#10027);
#10026 = CARTESIAN_POINT('',(0.,-18.));
#10027 = VECTOR('',#10028,1.);
#10028 = DIRECTION('',(1.,0.));
#10029 = ( GEOMETRIC_REPRESENTATION_CONTEXT(2) 
PARAMETRIC_REPRESENTATION_CONTEXT() REPRESENTATION_CONTEXT('2D SPACE',''
  ) );
#10030 = PCURVE('',#10031,#10036);
#10031 = PLANE('',#10032);
#10032 = AXIS2_PLACEMENT_3D('',#10033,#10034,#10035);
#10033 = CARTESIAN_POINT('',(1.333E+03,186.,506.));
#10034 = DIRECTION('',(0.,1.,0.));
#10035 = DIRECTION('',(0.,0.,1.));
#10036 = DEFINITIONAL_REPRESENTATION('',(#10037),#10041);
#10037 = LINE('',#10038,#10039);
#10038 = CARTESIAN_POINT('',(0.,0.));
#10039 = VECTOR('',#10040,1.);
#10040 = DIRECTION('',(1.,0.));
#10041 = ( GEOMETRIC_REPRESENTATION_CONTEXT(2) 
PARAMETRIC_REPRESENTATION_CONTEXT() REPRESENTATION_CONTEXT('2D SPACE',''
  ) );
#10042 = ORIENTED_EDGE('',*,*,#10043,.F.);
#10043 = EDGE_CURVE('',#9955,#10016,#10044,.T.);
#10044 = SURFACE_CURVE('',#10045,(#10049,#10056),.PCURVE_S1.);
#10045 = LINE('',#10046,#10047);
#10046 = CARTESIAN_POINT('',(1.333E+03,168.,522.));
#10047 = VECTOR('',#10048,1.);
#10048 = DIRECTION('',(0.,1.,0.));
#10049 = PCURVE('',#9963,#10050);
#10050 = DEFINITIONAL_REPRESENTATION('',(#10051),#10055);
#10051 = LINE('',#10052,#10053);
#10052 = CARTESIAN_POINT('',(16.,0.));
#10053 = VECTOR('',#10054,1.);
#10054 = DIRECTION('',(0.,-1.));
#10055 = ( GEOMETRIC_REPRESENTATION_CONTEXT(2) 
PARAMETRIC_REPRESENTATION_CONTEXT() REPRESENTATION_CONTEXT('2D SPACE',''
  ) );
#10056 = PCURVE('',#10057,#10062);
#10057 = PLANE('',#10058);
#10058 = AXIS2_PLACEMENT_3D('',#10059,#10060,#10061);
#10059 = CARTESIAN_POINT('',(1.333E+03,168.,522.));
#10060 = DIRECTION('',(0.,0.,1.));
#10061 = DIRECTION('',(1.,0.,0.));
#10062 = DEFINITIONAL_REPRESENTATION('',(#10063),#10067);
#10063 = LINE('',#10064,#10065);
#10064 = CARTESIAN_POINT('',(0.,0.));
#10065 = VECTOR('',#10066,1.);
#10066 = DIRECTION('',(0.,1.));
#10067 = ( GEOMETRIC_REPRESENTATION_CONTEXT(2) 
PARAMETRIC_REPRESENTATION_CONTEXT() REPRESENTATION_CONTEXT('2D SPACE',''
  ) );
#10068 = ADVANCED_FACE('',(#10069),#10083,.T.);
#10069 = FACE_BOUND('',#10070,.T.);
#10070 = EDGE_LOOP('',(#10071,#10101,#10124,#10147));
#10071 = ORIENTED_EDGE('',*,*,#10072,.F.);
#10072 = EDGE_CURVE('',#10073,#10075,#10077,.T.);
#10073 = VERTEX_POINT('',#10074);
#10074 = CARTESIAN_POINT('',(1.357E+03,168.,506.));
#10075 = VERTEX_POINT('',#10076);
#10076 = CARTESIAN_POINT('',(1.357E+03,168.,522.));
#10077 = SURFACE_CURVE('',#10078,(#10082,#10094),.PCURVE_S1.);
#10078 = LINE('',#10079,#10080);
#10079 = CARTESIAN_POINT('',(1.357E+03,168.,506.));
#10080 = VECTOR('',#10081,1.);
#10081 = DIRECTION('',(0.,0.,1.));
#10082 = PCURVE('',#10083,#10088);
#10083 = PLANE('',#10084);
#10084 = AXIS2_PLACEMENT_3D('',#10085,#10086,#10087);
#10085 = CARTESIAN_POINT('',(1.357E+03,168.,506.));
#10086 = DIRECTION('',(1.,0.,0.));
#10087 = DIRECTION('',(0.,0.,1.));
#10088 = DEFINITIONAL_REPRESENTATION('',(#10089),#10093);
#10089 = LINE('',#10090,#10091);
#10090 = CARTESIAN_POINT('',(0.,0.));
#10091 = VECTOR('',#10092,1.);
#10092 = DIRECTION('',(1.,0.));
#10093 = ( GEOMETRIC_REPRESENTATION_CONTEXT(2) 
PARAMETRIC_REPRESENTATION_CONTEXT() REPRESENTATION_CONTEXT('2D SPACE',''
  ) );
#10094 = PCURVE('',#9975,#10095);
#10095 = DEFINITIONAL_REPRESENTATION('',(#10096),#10100);
#10096 = LINE('',#10097,#10098);
#10097 = CARTESIAN_POINT('',(0.,24.));
#10098 = VECTOR('',#10099,1.);
#10099 = DIRECTION('',(1.,0.));
#10100 = ( GEOMETRIC_REPRESENTATION_CONTEXT(2) 
PARAMETRIC_REPRESENTATION_CONTEXT() REPRESENTATION_CONTEXT('2D SPACE',''
  ) );
#10101 = ORIENTED_EDGE('',*,*,#10102,.T.);
#10102 = EDGE_CURVE('',#10073,#10103,#10105,.T.);
#10103 = VERTEX_POINT('',#10104);
#10104 = CARTESIAN_POINT('',(1.357E+03,186.,506.));
#10105 = SURFACE_CURVE('',#10106,(#10110,#10117),.PCURVE_S1.);
#10106 = LINE('',#10107,#10108);
#10107 = CARTESIAN_POINT('',(1.357E+03,168.,506.));
#10108 = VECTOR('',#10109,1.);
#10109 = DIRECTION('',(0.,1.,0.));
#10110 = PCURVE('',#10083,#10111);
#10111 = DEFINITIONAL_REPRESENTATION('',(#10112),#10116);
#10112 = LINE('',#10113,#10114);
#10113 = CARTESIAN_POINT('',(0.,0.));
#10114 = VECTOR('',#10115,1.);
#10115 = DIRECTION('',(0.,-1.));
#10116 = ( GEOMETRIC_REPRESENTATION_CONTEXT(2) 
PARAMETRIC_REPRESENTATION_CONTEXT() REPRESENTATION_CONTEXT('2D SPACE',''
  ) );
#10117 = PCURVE('',#10003,#10118);
#10118 = DEFINITIONAL_REPRESENTATION('',(#10119),#10123);
#10119 = LINE('',#10120,#10121);
#10120 = CARTESIAN_POINT('',(24.,0.));
#10121 = VECTOR('',#10122,1.);
#10122 = DIRECTION('',(0.,1.));
#10123 = ( GEOMETRIC_REPRESENTATION_CONTEXT(2) 
PARAMETRIC_REPRESENTATION_CONTEXT() REPRESENTATION_CONTEXT('2D SPACE',''
  ) );
#10124 = ORIENTED_EDGE('',*,*,#10125,.T.);
#10125 = EDGE_CURVE('',#10103,#10126,#10128,.T.);
#10126 = VERTEX_POINT('',#10127);
#10127 = CARTESIAN_POINT('',(1.357E+03,186.,522.));
#10128 = SURFACE_CURVE('',#10129,(#10133,#10140),.PCURVE_S1.);
#10129 = LINE('',#10130,#10131);
#10130 = CARTESIAN_POINT('',(1.357E+03,186.,506.));
#10131 = VECTOR('',#10132,1.);
#10132 = DIRECTION('',(0.,0.,1.));
#10133 = PCURVE('',#10083,#10134);
#10134 = DEFINITIONAL_REPRESENTATION('',(#10135),#10139);
#10135 = LINE('',#10136,#10137);
#10136 = CARTESIAN_POINT('',(0.,-18.));
#10137 = VECTOR('',#10138,1.);
#10138 = DIRECTION('',(1.,0.));
#10139 = ( GEOMETRIC_REPRESENTATION_CONTEXT(2) 
PARAMETRIC_REPRESENTATION_CONTEXT() REPRESENTATION_CONTEXT('2D SPACE',''
  ) );
#10140 = PCURVE('',#10031,#10141);
#10141 = DEFINITIONAL_REPRESENTATION('',(#10142),#10146);
#10142 = LINE('',#10143,#10144);
#10143 = CARTESIAN_POINT('',(0.,24.));
#10144 = VECTOR('',#10145,1.);
#10145 = DIRECTION('',(1.,0.));
#10146 = ( GEOMETRIC_REPRESENTATION_CONTEXT(2) 
PARAMETRIC_REPRESENTATION_CONTEXT() REPRESENTATION_CONTEXT('2D SPACE',''
  ) );
#10147 = ORIENTED_EDGE('',*,*,#10148,.F.);
#10148 = EDGE_CURVE('',#10075,#10126,#10149,.T.);
#10149 = SURFACE_CURVE('',#10150,(#10154,#10161),.PCURVE_S1.);
#10150 = LINE('',#10151,#10152);
#10151 = CARTESIAN_POINT('',(1.357E+03,168.,522.));
#10152 = VECTOR('',#10153,1.);
#10153 = DIRECTION('',(0.,1.,0.));
#10154 = PCURVE('',#10083,#10155);
#10155 = DEFINITIONAL_REPRESENTATION('',(#10156),#10160);
#10156 = LINE('',#10157,#10158);
#10157 = CARTESIAN_POINT('',(16.,0.));
#10158 = VECTOR('',#10159,1.);
#10159 = DIRECTION('',(0.,-1.));
#10160 = ( GEOMETRIC_REPRESENTATION_CONTEXT(2) 
PARAMETRIC_REPRESENTATION_CONTEXT() REPRESENTATION_CONTEXT('2D SPACE',''
  ) );
#10161 = PCURVE('',#10057,#10162);
#10162 = DEFINITIONAL_REPRESENTATION('',(#10163),#10167);
#10163 = LINE('',#10164,#10165);
#10164 = CARTESIAN_POINT('',(24.,0.));
#10165 = VECTOR('',#10166,1.);
#10166 = DIRECTION('',(0.,1.));
#10167 = ( GEOMETRIC_REPRESENTATION_CONTEXT(2) 
PARAMETRIC_REPRESENTATION_CONTEXT() REPRESENTATION_CONTEXT('2D SPACE',''
  ) );
#10168 = ADVANCED_FACE('',(#10169),#9975,.F.);
#10169 = FACE_BOUND('',#10170,.F.);
#10170 = EDGE_LOOP('',(#10171,#10192,#10193,#10214));
#10171 = ORIENTED_EDGE('',*,*,#10172,.F.);
#10172 = EDGE_CURVE('',#9953,#10073,#10173,.T.);
#10173 = SURFACE_CURVE('',#10174,(#10178,#10185),.PCURVE_S1.);
#10174 = LINE('',#10175,#10176);
#10175 = CARTESIAN_POINT('',(1.333E+03,168.,506.));
#10176 = VECTOR('',#10177,1.);
#10177 = DIRECTION('',(1.,0.,0.));
#10178 = PCURVE('',#9975,#10179);
#10179 = DEFINITIONAL_REPRESENTATION('',(#10180),#10184);
#10180 = LINE('',#10181,#10182);
#10181 = CARTESIAN_POINT('',(0.,0.));
#10182 = VECTOR('',#10183,1.);
#10183 = DIRECTION('',(0.,1.));
#10184 = ( GEOMETRIC_REPRESENTATION_CONTEXT(2) 
PARAMETRIC_REPRESENTATION_CONTEXT() REPRESENTATION_CONTEXT('2D SPACE',''
  ) );
#10185 = PCURVE('',#10003,#10186);
#10186 = DEFINITIONAL_REPRESENTATION('',(#10187),#10191);
#10187 = LINE('',#10188,#10189);
#10188 = CARTESIAN_POINT('',(0.,0.));
#10189 = VECTOR('',#10190,1.);
#10190 = DIRECTION('',(1.,0.));
#10191 = ( GEOMETRIC_REPRESENTATION_CONTEXT(2) 
PARAMETRIC_REPRESENTATION_CONTEXT() REPRESENTATION_CONTEXT('2D SPACE',''
  ) );
#10192 = ORIENTED_EDGE('',*,*,#9952,.T.);
#10193 = ORIENTED_EDGE('',*,*,#10194,.T.);
#10194 = EDGE_CURVE('',#9955,#10075,#10195,.T.);
#10195 = SURFACE_CURVE('',#10196,(#10200,#10207),.PCURVE_S1.);
#10196 = LINE('',#10197,#10198);
#10197 = CARTESIAN_POINT('',(1.333E+03,168.,522.));
#10198 = VECTOR('',#10199,1.);
#10199 = DIRECTION('',(1.,0.,0.));
#10200 = PCURVE('',#9975,#10201);
#10201 = DEFINITIONAL_REPRESENTATION('',(#10202),#10206);
#10202 = LINE('',#10203,#10204);
#10203 = CARTESIAN_POINT('',(16.,0.));
#10204 = VECTOR('',#10205,1.);
#10205 = DIRECTION('',(0.,1.));
#10206 = ( GEOMETRIC_REPRESENTATION_CONTEXT(2) 
PARAMETRIC_REPRESENTATION_CONTEXT() REPRESENTATION_CONTEXT('2D SPACE',''
  ) );
#10207 = PCURVE('',#10057,#10208);
#10208 = DEFINITIONAL_REPRESENTATION('',(#10209),#10213);
#10209 = LINE('',#10210,#10211);
#10210 = CARTESIAN_POINT('',(0.,0.));
#10211 = VECTOR('',#10212,1.);
#10212 = DIRECTION('',(1.,0.));
#10213 = ( GEOMETRIC_REPRESENTATION_CONTEXT(2) 
PARAMETRIC_REPRESENTATION_CONTEXT() REPRESENTATION_CONTEXT('2D SPACE',''
  ) );
#10214 = ORIENTED_EDGE('',*,*,#10072,.F.);
#10215 = ADVANCED_FACE('',(#10216),#10031,.T.);
#10216 = FACE_BOUND('',#10217,.T.);
#10217 = EDGE_LOOP('',(#10218,#10239,#10240,#10261));
#10218 = ORIENTED_EDGE('',*,*,#10219,.F.);
#10219 = EDGE_CURVE('',#9988,#10103,#10220,.T.);
#10220 = SURFACE_CURVE('',#10221,(#10225,#10232),.PCURVE_S1.);
#10221 = LINE('',#10222,#10223);
#10222 = CARTESIAN_POINT('',(1.333E+03,186.,506.));
#10223 = VECTOR('',#10224,1.);
#10224 = DIRECTION('',(1.,0.,0.));
#10225 = PCURVE('',#10031,#10226);
#10226 = DEFINITIONAL_REPRESENTATION('',(#10227),#10231);
#10227 = LINE('',#10228,#10229);
#10228 = CARTESIAN_POINT('',(0.,0.));
#10229 = VECTOR('',#10230,1.);
#10230 = DIRECTION('',(0.,1.));
#10231 = ( GEOMETRIC_REPRESENTATION_CONTEXT(2) 
PARAMETRIC_REPRESENTATION_CONTEXT() REPRESENTATION_CONTEXT('2D SPACE',''
  ) );
#10232 = PCURVE('',#10003,#10233);
#10233 = DEFINITIONAL_REPRESENTATION('',(#10234),#10238);
#10234 = LINE('',#10235,#10236);
#10235 = CARTESIAN_POINT('',(0.,18.));
#10236 = VECTOR('',#10237,1.);
#10237 = DIRECTION('',(1.,0.));
#10238 = ( GEOMETRIC_REPRESENTATION_CONTEXT(2) 
PARAMETRIC_REPRESENTATION_CONTEXT() REPRESENTATION_CONTEXT('2D SPACE',''
  ) );
#10239 = ORIENTED_EDGE('',*,*,#10015,.T.);
#10240 = ORIENTED_EDGE('',*,*,#10241,.T.);
#10241 = EDGE_CURVE('',#10016,#10126,#10242,.T.);
#10242 = SURFACE_CURVE('',#10243,(#10247,#10254),.PCURVE_S1.);
#10243 = LINE('',#10244,#10245);
#10244 = CARTESIAN_POINT('',(1.333E+03,186.,522.));
#10245 = VECTOR('',#10246,1.);
#10246 = DIRECTION('',(1.,0.,0.));
#10247 = PCURVE('',#10031,#10248);
#10248 = DEFINITIONAL_REPRESENTATION('',(#10249),#10253);
#10249 = LINE('',#10250,#10251);
#10250 = CARTESIAN_POINT('',(16.,0.));
#10251 = VECTOR('',#10252,1.);
#10252 = DIRECTION('',(0.,1.));
#10253 = ( GEOMETRIC_REPRESENTATION_CONTEXT(2) 
PARAMETRIC_REPRESENTATION_CONTEXT() REPRESENTATION_CONTEXT('2D SPACE',''
  ) );
#10254 = PCURVE('',#10057,#10255);
#10255 = DEFINITIONAL_REPRESENTATION('',(#10256),#10260);
#10256 = LINE('',#10257,#10258);
#10257 = CARTESIAN_POINT('',(0.,18.));
#10258 = VECTOR('',#10259,1.);
#10259 = DIRECTION('',(1.,0.));
#10260 = ( GEOMETRIC_REPRESENTATION_CONTEXT(2) 
PARAMETRIC_REPRESENTATION_CONTEXT() REPRESENTATION_CONTEXT('2D SPACE',''
  ) );
#10261 = ORIENTED_EDGE('',*,*,#10125,.F.);
#10262 = ADVANCED_FACE('',(#10263),#10003,.F.);
#10263 = FACE_BOUND('',#10264,.F.);
#10264 = EDGE_LOOP('',(#10265,#10266,#10267,#10268));
#10265 = ORIENTED_EDGE('',*,*,#9987,.F.);
#10266 = ORIENTED_EDGE('',*,*,#10172,.T.);
#10267 = ORIENTED_EDGE('',*,*,#10102,.T.);
#10268 = ORIENTED_EDGE('',*,*,#10219,.F.);
#10269 = ADVANCED_FACE('',(#10270),#10057,.T.);
#10270 = FACE_BOUND('',#10271,.T.);
#10271 = EDGE_LOOP('',(#10272,#10273,#10274,#10275));
#10272 = ORIENTED_EDGE('',*,*,#10043,.F.);
#10273 = ORIENTED_EDGE('',*,*,#10194,.T.);
#10274 = ORIENTED_EDGE('',*,*,#10148,.T.);
#10275 = ORIENTED_EDGE('',*,*,#10241,.F.);
#10276 = ( GEOMETRIC_REPRESENTATION_CONTEXT(3) 
GLOBAL_UNCERTAINTY_ASSIGNED_CONTEXT((#10280)) 
GLOBAL_UNIT_ASSIGNED_CONTEXT((#10277,#10278,#10279)) 
REPRESENTATION_CONTEXT('Context #1',
  '3D Context with UNIT and UNCERTAINTY') );
#10277 = ( LENGTH_UNIT() NAMED_UNIT(*) SI_UNIT(.MILLI.,.METRE.) );
#10278 = ( NAMED_UNIT(*) PLANE_ANGLE_UNIT() SI_UNIT($,.RADIAN.) );
#10279 = ( NAMED_UNIT(*) SI_UNIT($,.STERADIAN.) SOLID_ANGLE_UNIT() );
#10280 = UNCERTAINTY_MEASURE_WITH_UNIT(LENGTH_MEASURE(1.E-07),#10277,
  'distance_accuracy_value','confusion accuracy');
#10281 = CONTEXT_DEPENDENT_SHAPE_REPRESENTATION(#10282,#10284);
#10282 = ( REPRESENTATION_RELATIONSHIP('','',#9945,#10) 
REPRESENTATION_RELATIONSHIP_WITH_TRANSFORMATION(#10283) 
SHAPE_REPRESENTATION_RELATIONSHIP() );
#10283 = ITEM_DEFINED_TRANSFORMATION('','',#11,#155);
#10284 = PRODUCT_DEFINITION_SHAPE('Placement','Placement of an item',
  #10285);
#10285 = NEXT_ASSEMBLY_USAGE_OCCURRENCE('36','FOOT_1345_177','',#5,#9940
  ,$);
#10286 = PRODUCT_RELATED_PRODUCT_CATEGORY('part',$,(#9942));
#10287 = SHAPE_DEFINITION_REPRESENTATION(#10288,#10294);
#10288 = PRODUCT_DEFINITION_SHAPE('','',#10289);
#10289 = PRODUCT_DEFINITION('design','',#10290,#10293);
#10290 = PRODUCT_DEFINITION_FORMATION('','',#10291);
#10291 = PRODUCT('ARM_BAG_-365','ARM_BAG_-365','',(#10292));
#10292 = PRODUCT_CONTEXT('',#2,'mechanical');
#10293 = PRODUCT_DEFINITION_CONTEXT('part definition',#2,'design');
#10294 = ADVANCED_BREP_SHAPE_REPRESENTATION('',(#11,#10295),#11633);
#10295 = MANIFOLD_SOLID_BREP('',#10296);
#10296 = CLOSED_SHELL('',(#10297,#10417,#10505,#10588,#10671,#10749,
    #10781,#10813,#10889,#10970,#10997,#11078,#11105,#11181,#11214,
    #11247,#11325,#11358,#11429,#11462,#11533,#11602,#11608,#11614,
    #11621,#11627));
#10297 = ADVANCED_FACE('',(#10298),#10312,.F.);
#10298 = FACE_BOUND('',#10299,.F.);
#10299 = EDGE_LOOP('',(#10300,#10335,#10363,#10391));
#10300 = ORIENTED_EDGE('',*,*,#10301,.F.);
#10301 = EDGE_CURVE('',#10302,#10304,#10306,.T.);
#10302 = VERTEX_POINT('',#10303);
#10303 = CARTESIAN_POINT('',(940.,-377.5,378.5));
#10304 = VERTEX_POINT('',#10305);
#10305 = CARTESIAN_POINT('',(940.,-377.5,433.5));
#10306 = SURFACE_CURVE('',#10307,(#10311,#10323),.PCURVE_S1.);
#10307 = LINE('',#10308,#10309);
#10308 = CARTESIAN_POINT('',(940.,-377.5,318.5));
#10309 = VECTOR('',#10310,1.);
#10310 = DIRECTION('',(0.,0.,1.));
#10311 = PCURVE('',#10312,#10317);
#10312 = PLANE('',#10313);
#10313 = AXIS2_PLACEMENT_3D('',#10314,#10315,#10316);
#10314 = CARTESIAN_POINT('',(940.,-437.5,318.5));
#10315 = DIRECTION('',(1.,0.,0.));
#10316 = DIRECTION('',(0.,0.,1.));
#10317 = DEFINITIONAL_REPRESENTATION('',(#10318),#10322);
#10318 = LINE('',#10319,#10320);
#10319 = CARTESIAN_POINT('',(0.,-60.));
#10320 = VECTOR('',#10321,1.);
#10321 = DIRECTION('',(1.,0.));
#10322 = ( GEOMETRIC_REPRESENTATION_CONTEXT(2) 
PARAMETRIC_REPRESENTATION_CONTEXT() REPRESENTATION_CONTEXT('2D SPACE',''
  ) );
#10323 = PCURVE('',#10324,#10329);
#10324 = CYLINDRICAL_SURFACE('',#10325,60.);
#10325 = AXIS2_PLACEMENT_3D('',#10326,#10327,#10328);
#10326 = CARTESIAN_POINT('',(1.E+03,-377.5,318.5));
#10327 = DIRECTION('',(0.,0.,1.));
#10328 = DIRECTION('',(-1.,-0.,0.));
#10329 = DEFINITIONAL_REPRESENTATION('',(#10330),#10334);
#10330 = LINE('',#10331,#10332);
#10331 = CARTESIAN_POINT('',(0.,0.));
#10332 = VECTOR('',#10333,1.);
#10333 = DIRECTION('',(0.,1.));
#10334 = ( GEOMETRIC_REPRESENTATION_CONTEXT(2) 
PARAMETRIC_REPRESENTATION_CONTEXT() REPRESENTATION_CONTEXT('2D SPACE',''
  ) );
#10335 = ORIENTED_EDGE('',*,*,#10336,.T.);
#10336 = EDGE_CURVE('',#10302,#10337,#10339,.T.);
#10337 = VERTEX_POINT('',#10338);
#10338 = CARTESIAN_POINT('',(940.,-352.5,378.5));
#10339 = SURFACE_CURVE('',#10340,(#10344,#10351),.PCURVE_S1.);
#10340 = LINE('',#10341,#10342);
#10341 = CARTESIAN_POINT('',(940.,-437.5,378.5));
#10342 = VECTOR('',#10343,1.);
#10343 = DIRECTION('',(0.,1.,0.));
#10344 = PCURVE('',#10312,#10345);
#10345 = DEFINITIONAL_REPRESENTATION('',(#10346),#10350);
#10346 = LINE('',#10347,#10348);
#10347 = CARTESIAN_POINT('',(60.,0.));
#10348 = VECTOR('',#10349,1.);
#10349 = DIRECTION('',(0.,-1.));
#10350 = ( GEOMETRIC_REPRESENTATION_CONTEXT(2) 
PARAMETRIC_REPRESENTATION_CONTEXT() REPRESENTATION_CONTEXT('2D SPACE',''
  ) );
#10351 = PCURVE('',#10352,#10357);
#10352 = CYLINDRICAL_SURFACE('',#10353,60.);
#10353 = AXIS2_PLACEMENT_3D('',#10354,#10355,#10356);
#10354 = CARTESIAN_POINT('',(1.E+03,-437.5,378.5));
#10355 = DIRECTION('',(0.,1.,0.));
#10356 = DIRECTION('',(-1.,0.,0.));
#10357 = DEFINITIONAL_REPRESENTATION('',(#10358),#10362);
#10358 = LINE('',#10359,#10360);
#10359 = CARTESIAN_POINT('',(-0.,0.));
#10360 = VECTOR('',#10361,1.);
#10361 = DIRECTION('',(-0.,1.));
#10362 = ( GEOMETRIC_REPRESENTATION_CONTEXT(2) 
PARAMETRIC_REPRESENTATION_CONTEXT() REPRESENTATION_CONTEXT('2D SPACE',''
  ) );
#10363 = ORIENTED_EDGE('',*,*,#10364,.T.);
#10364 = EDGE_CURVE('',#10337,#10365,#10367,.T.);
#10365 = VERTEX_POINT('',#10366);
#10366 = CARTESIAN_POINT('',(940.,-352.5,433.5));
#10367 = SURFACE_CURVE('',#10368,(#10372,#10379),.PCURVE_S1.);
#10368 = LINE('',#10369,#10370);
#10369 = CARTESIAN_POINT('',(940.,-352.5,318.5));
#10370 = VECTOR('',#10371,1.);
#10371 = DIRECTION('',(0.,0.,1.));
#10372 = PCURVE('',#10312,#10373);
#10373 = DEFINITIONAL_REPRESENTATION('',(#10374),#10378);
#10374 = LINE('',#10375,#10376);
#10375 = CARTESIAN_POINT('',(0.,-85.));
#10376 = VECTOR('',#10377,1.);
#10377 = DIRECTION('',(1.,0.));
#10378 = ( GEOMETRIC_REPRESENTATION_CONTEXT(2) 
PARAMETRIC_REPRESENTATION_CONTEXT() REPRESENTATION_CONTEXT('2D SPACE',''
  ) );
#10379 = PCURVE('',#10380,#10385);
#10380 = CYLINDRICAL_SURFACE('',#10381,60.);
#10381 = AXIS2_PLACEMENT_3D('',#10382,#10383,#10384);
#10382 = CARTESIAN_POINT('',(1.E+03,-352.5,318.5));
#10383 = DIRECTION('',(0.,0.,1.));
#10384 = DIRECTION('',(-1.,-0.,0.));
#10385 = DEFINITIONAL_REPRESENTATION('',(#10386),#10390);
#10386 = LINE('',#10387,#10388);
#10387 = CARTESIAN_POINT('',(-0.,0.));
#10388 = VECTOR('',#10389,1.);
#10389 = DIRECTION('',(-0.,1.));
#10390 = ( GEOMETRIC_REPRESENTATION_CONTEXT(2) 
PARAMETRIC_REPRESENTATION_CONTEXT() REPRESENTATION_CONTEXT('2D SPACE',''
  ) );
#10391 = ORIENTED_EDGE('',*,*,#10392,.F.);
#10392 = EDGE_CURVE('',#10304,#10365,#10393,.T.);
#10393 = SURFACE_CURVE('',#10394,(#10398,#10405),.PCURVE_S1.);
#10394 = LINE('',#10395,#10396);
#10395 = CARTESIAN_POINT('',(940.,-437.5,433.5));
#10396 = VECTOR('',#10397,1.);
#10397 = DIRECTION('',(0.,1.,0.));
#10398 = PCURVE('',#10312,#10399);
#10399 = DEFINITIONAL_REPRESENTATION('',(#10400),#10404);
#10400 = LINE('',#10401,#10402);
#10401 = CARTESIAN_POINT('',(115.,0.));
#10402 = VECTOR('',#10403,1.);
#10403 = DIRECTION('',(0.,-1.));
#10404 = ( GEOMETRIC_REPRESENTATION_CONTEXT(2) 
PARAMETRIC_REPRESENTATION_CONTEXT() REPRESENTATION_CONTEXT('2D SPACE',''
  ) );
#10405 = PCURVE('',#10406,#10411);
#10406 = CYLINDRICAL_SURFACE('',#10407,60.);
#10407 = AXIS2_PLACEMENT_3D('',#10408,#10409,#10410);
#10408 = CARTESIAN_POINT('',(1.E+03,-437.5,433.5));
#10409 = DIRECTION('',(0.,1.,0.));
#10410 = DIRECTION('',(-1.,0.,0.));
#10411 = DEFINITIONAL_REPRESENTATION('',(#10412),#10416);
#10412 = LINE('',#10413,#10414);
#10413 = CARTESIAN_POINT('',(0.,0.));
#10414 = VECTOR('',#10415,1.);
#10415 = DIRECTION('',(0.,1.));
#10416 = ( GEOMETRIC_REPRESENTATION_CONTEXT(2) 
PARAMETRIC_REPRESENTATION_CONTEXT() REPRESENTATION_CONTEXT('2D SPACE',''
  ) );
#10417 = ADVANCED_FACE('',(#10418),#10324,.T.);
#10418 = FACE_BOUND('',#10419,.T.);
#10419 = EDGE_LOOP('',(#10420,#10421,#10450,#10478));
#10420 = ORIENTED_EDGE('',*,*,#10301,.F.);
#10421 = ORIENTED_EDGE('',*,*,#10422,.T.);
#10422 = EDGE_CURVE('',#10302,#10423,#10425,.T.);
#10423 = VERTEX_POINT('',#10424);
#10424 = CARTESIAN_POINT('',(1.E+03,-437.5,378.5));
#10425 = SURFACE_CURVE('',#10426,(#10431,#10438),.PCURVE_S1.);
#10426 = CIRCLE('',#10427,60.);
#10427 = AXIS2_PLACEMENT_3D('',#10428,#10429,#10430);
#10428 = CARTESIAN_POINT('',(1.E+03,-377.5,378.5));
#10429 = DIRECTION('',(0.,0.,1.));
#10430 = DIRECTION('',(-1.,0.,0.));
#10431 = PCURVE('',#10324,#10432);
#10432 = DEFINITIONAL_REPRESENTATION('',(#10433),#10437);
#10433 = LINE('',#10434,#10435);
#10434 = CARTESIAN_POINT('',(0.,60.));
#10435 = VECTOR('',#10436,1.);
#10436 = DIRECTION('',(1.,0.));
#10437 = ( GEOMETRIC_REPRESENTATION_CONTEXT(2) 
PARAMETRIC_REPRESENTATION_CONTEXT() REPRESENTATION_CONTEXT('2D SPACE',''
  ) );
#10438 = PCURVE('',#10439,#10444);
#10439 = SPHERICAL_SURFACE('',#10440,60.);
#10440 = AXIS2_PLACEMENT_3D('',#10441,#10442,#10443);
#10441 = CARTESIAN_POINT('',(1.E+03,-377.5,378.5));
#10442 = DIRECTION('',(0.,0.,1.));
#10443 = DIRECTION('',(-1.,0.,0.));
#10444 = DEFINITIONAL_REPRESENTATION('',(#10445),#10449);
#10445 = LINE('',#10446,#10447);
#10446 = CARTESIAN_POINT('',(0.,0.));
#10447 = VECTOR('',#10448,1.);
#10448 = DIRECTION('',(1.,0.));
#10449 = ( GEOMETRIC_REPRESENTATION_CONTEXT(2) 
PARAMETRIC_REPRESENTATION_CONTEXT() REPRESENTATION_CONTEXT('2D SPACE',''
  ) );
#10450 = ORIENTED_EDGE('',*,*,#10451,.T.);
#10451 = EDGE_CURVE('',#10423,#10452,#10454,.T.);
#10452 = VERTEX_POINT('',#10453);
#10453 = CARTESIAN_POINT('',(1.E+03,-437.5,433.5));
#10454 = SURFACE_CURVE('',#10455,(#10459,#10466),.PCURVE_S1.);
#10455 = LINE('',#10456,#10457);
#10456 = CARTESIAN_POINT('',(1.E+03,-437.5,318.5));
#10457 = VECTOR('',#10458,1.);
#10458 = DIRECTION('',(0.,0.,1.));
#10459 = PCURVE('',#10324,#10460);
#10460 = DEFINITIONAL_REPRESENTATION('',(#10461),#10465);
#10461 = LINE('',#10462,#10463);
#10462 = CARTESIAN_POINT('',(1.570796326795,0.));
#10463 = VECTOR('',#10464,1.);
#10464 = DIRECTION('',(0.,1.));
#10465 = ( GEOMETRIC_REPRESENTATION_CONTEXT(2) 
PARAMETRIC_REPRESENTATION_CONTEXT() REPRESENTATION_CONTEXT('2D SPACE',''
  ) );
#10466 = PCURVE('',#10467,#10472);
#10467 = PLANE('',#10468);
#10468 = AXIS2_PLACEMENT_3D('',#10469,#10470,#10471);
#10469 = CARTESIAN_POINT('',(940.,-437.5,318.5));
#10470 = DIRECTION('',(0.,1.,0.));
#10471 = DIRECTION('',(0.,0.,1.));
#10472 = DEFINITIONAL_REPRESENTATION('',(#10473),#10477);
#10473 = LINE('',#10474,#10475);
#10474 = CARTESIAN_POINT('',(0.,60.));
#10475 = VECTOR('',#10476,1.);
#10476 = DIRECTION('',(1.,0.));
#10477 = ( GEOMETRIC_REPRESENTATION_CONTEXT(2) 
PARAMETRIC_REPRESENTATION_CONTEXT() REPRESENTATION_CONTEXT('2D SPACE',''
  ) );
#10478 = ORIENTED_EDGE('',*,*,#10479,.F.);
#10479 = EDGE_CURVE('',#10304,#10452,#10480,.T.);
#10480 = SURFACE_CURVE('',#10481,(#10486,#10493),.PCURVE_S1.);
#10481 = CIRCLE('',#10482,60.);
#10482 = AXIS2_PLACEMENT_3D('',#10483,#10484,#10485);
#10483 = CARTESIAN_POINT('',(1.E+03,-377.5,433.5));
#10484 = DIRECTION('',(0.,0.,1.));
#10485 = DIRECTION('',(-1.,0.,0.));
#10486 = PCURVE('',#10324,#10487);
#10487 = DEFINITIONAL_REPRESENTATION('',(#10488),#10492);
#10488 = LINE('',#10489,#10490);
#10489 = CARTESIAN_POINT('',(0.,115.));
#10490 = VECTOR('',#10491,1.);
#10491 = DIRECTION('',(1.,0.));
#10492 = ( GEOMETRIC_REPRESENTATION_CONTEXT(2) 
PARAMETRIC_REPRESENTATION_CONTEXT() REPRESENTATION_CONTEXT('2D SPACE',''
  ) );
#10493 = PCURVE('',#10494,#10499);
#10494 = SPHERICAL_SURFACE('',#10495,60.);
#10495 = AXIS2_PLACEMENT_3D('',#10496,#10497,#10498);
#10496 = CARTESIAN_POINT('',(1.E+03,-377.5,433.5));
#10497 = DIRECTION('',(-0.,-0.,-1.));
#10498 = DIRECTION('',(-1.,0.,0.));
#10499 = DEFINITIONAL_REPRESENTATION('',(#10500),#10504);
#10500 = LINE('',#10501,#10502);
#10501 = CARTESIAN_POINT('',(-0.,0.));
#10502 = VECTOR('',#10503,1.);
#10503 = DIRECTION('',(-1.,0.));
#10504 = ( GEOMETRIC_REPRESENTATION_CONTEXT(2) 
PARAMETRIC_REPRESENTATION_CONTEXT() REPRESENTATION_CONTEXT('2D SPACE',''
  ) );
#10505 = ADVANCED_FACE('',(#10506),#10352,.T.);
#10506 = FACE_BOUND('',#10507,.F.);
#10507 = EDGE_LOOP('',(#10508,#10532,#10560,#10587));
#10508 = ORIENTED_EDGE('',*,*,#10509,.F.);
#10509 = EDGE_CURVE('',#10510,#10302,#10512,.T.);
#10510 = VERTEX_POINT('',#10511);
#10511 = CARTESIAN_POINT('',(1.E+03,-377.5,318.5));
#10512 = SURFACE_CURVE('',#10513,(#10518,#10525),.PCURVE_S1.);
#10513 = CIRCLE('',#10514,60.);
#10514 = AXIS2_PLACEMENT_3D('',#10515,#10516,#10517);
#10515 = CARTESIAN_POINT('',(1.E+03,-377.5,378.5));
#10516 = DIRECTION('',(0.,1.,-0.));
#10517 = DIRECTION('',(-1.,0.,0.));
#10518 = PCURVE('',#10352,#10519);
#10519 = DEFINITIONAL_REPRESENTATION('',(#10520),#10524);
#10520 = LINE('',#10521,#10522);
#10521 = CARTESIAN_POINT('',(-6.28318530718,60.));
#10522 = VECTOR('',#10523,1.);
#10523 = DIRECTION('',(1.,-0.));
#10524 = ( GEOMETRIC_REPRESENTATION_CONTEXT(2) 
PARAMETRIC_REPRESENTATION_CONTEXT() REPRESENTATION_CONTEXT('2D SPACE',''
  ) );
#10525 = PCURVE('',#10439,#10526);
#10526 = DEFINITIONAL_REPRESENTATION('',(#10527),#10531);
#10527 = LINE('',#10528,#10529);
#10528 = CARTESIAN_POINT('',(0.,-6.28318530718));
#10529 = VECTOR('',#10530,1.);
#10530 = DIRECTION('',(0.,1.));
#10531 = ( GEOMETRIC_REPRESENTATION_CONTEXT(2) 
PARAMETRIC_REPRESENTATION_CONTEXT() REPRESENTATION_CONTEXT('2D SPACE',''
  ) );
#10532 = ORIENTED_EDGE('',*,*,#10533,.T.);
#10533 = EDGE_CURVE('',#10510,#10534,#10536,.T.);
#10534 = VERTEX_POINT('',#10535);
#10535 = CARTESIAN_POINT('',(1.E+03,-352.5,318.5));
#10536 = SURFACE_CURVE('',#10537,(#10541,#10548),.PCURVE_S1.);
#10537 = LINE('',#10538,#10539);
#10538 = CARTESIAN_POINT('',(1.E+03,-437.5,318.5));
#10539 = VECTOR('',#10540,1.);
#10540 = DIRECTION('',(0.,1.,0.));
#10541 = PCURVE('',#10352,#10542);
#10542 = DEFINITIONAL_REPRESENTATION('',(#10543),#10547);
#10543 = LINE('',#10544,#10545);
#10544 = CARTESIAN_POINT('',(-1.570796326795,0.));
#10545 = VECTOR('',#10546,1.);
#10546 = DIRECTION('',(-0.,1.));
#10547 = ( GEOMETRIC_REPRESENTATION_CONTEXT(2) 
PARAMETRIC_REPRESENTATION_CONTEXT() REPRESENTATION_CONTEXT('2D SPACE',''
  ) );
#10548 = PCURVE('',#10549,#10554);
#10549 = PLANE('',#10550);
#10550 = AXIS2_PLACEMENT_3D('',#10551,#10552,#10553);
#10551 = CARTESIAN_POINT('',(940.,-437.5,318.5));
#10552 = DIRECTION('',(0.,0.,1.));
#10553 = DIRECTION('',(1.,0.,0.));
#10554 = DEFINITIONAL_REPRESENTATION('',(#10555),#10559);
#10555 = LINE('',#10556,#10557);
#10556 = CARTESIAN_POINT('',(60.,0.));
#10557 = VECTOR('',#10558,1.);
#10558 = DIRECTION('',(0.,1.));
#10559 = ( GEOMETRIC_REPRESENTATION_CONTEXT(2) 
PARAMETRIC_REPRESENTATION_CONTEXT() REPRESENTATION_CONTEXT('2D SPACE',''
  ) );
#10560 = ORIENTED_EDGE('',*,*,#10561,.T.);
#10561 = EDGE_CURVE('',#10534,#10337,#10562,.T.);
#10562 = SURFACE_CURVE('',#10563,(#10568,#10575),.PCURVE_S1.);
#10563 = CIRCLE('',#10564,60.);
#10564 = AXIS2_PLACEMENT_3D('',#10565,#10566,#10567);
#10565 = CARTESIAN_POINT('',(1.E+03,-352.5,378.5));
#10566 = DIRECTION('',(0.,1.,-0.));
#10567 = DIRECTION('',(-1.,0.,0.));
#10568 = PCURVE('',#10352,#10569);
#10569 = DEFINITIONAL_REPRESENTATION('',(#10570),#10574);
#10570 = LINE('',#10571,#10572);
#10571 = CARTESIAN_POINT('',(-6.28318530718,85.));
#10572 = VECTOR('',#10573,1.);
#10573 = DIRECTION('',(1.,-0.));
#10574 = ( GEOMETRIC_REPRESENTATION_CONTEXT(2) 
PARAMETRIC_REPRESENTATION_CONTEXT() REPRESENTATION_CONTEXT('2D SPACE',''
  ) );
#10575 = PCURVE('',#10576,#10581);
#10576 = SPHERICAL_SURFACE('',#10577,60.);
#10577 = AXIS2_PLACEMENT_3D('',#10578,#10579,#10580);
#10578 = CARTESIAN_POINT('',(1.E+03,-352.5,378.5));
#10579 = DIRECTION('',(0.,0.,1.));
#10580 = DIRECTION('',(-1.,0.,0.));
#10581 = DEFINITIONAL_REPRESENTATION('',(#10582),#10586);
#10582 = LINE('',#10583,#10584);
#10583 = CARTESIAN_POINT('',(-0.,-6.28318530718));
#10584 = VECTOR('',#10585,1.);
#10585 = DIRECTION('',(-0.,1.));
#10586 = ( GEOMETRIC_REPRESENTATION_CONTEXT(2) 
PARAMETRIC_REPRESENTATION_CONTEXT() REPRESENTATION_CONTEXT('2D SPACE',''
  ) );
#10587 = ORIENTED_EDGE('',*,*,#10336,.F.);
#10588 = ADVANCED_FACE('',(#10589),#10406,.T.);
#10589 = FACE_BOUND('',#10590,.T.);
#10590 = EDGE_LOOP('',(#10591,#10615,#10643,#10670));
#10591 = ORIENTED_EDGE('',*,*,#10592,.F.);
#10592 = EDGE_CURVE('',#10593,#10304,#10595,.T.);
#10593 = VERTEX_POINT('',#10594);
#10594 = CARTESIAN_POINT('',(1.E+03,-377.5,493.5));
#10595 = SURFACE_CURVE('',#10596,(#10601,#10608),.PCURVE_S1.);
#10596 = CIRCLE('',#10597,60.);
#10597 = AXIS2_PLACEMENT_3D('',#10598,#10599,#10600);
#10598 = CARTESIAN_POINT('',(1.E+03,-377.5,433.5));
#10599 = DIRECTION('',(0.,-1.,0.));
#10600 = DIRECTION('',(-1.,0.,0.));
#10601 = PCURVE('',#10406,#10602);
#10602 = DEFINITIONAL_REPRESENTATION('',(#10603),#10607);
#10603 = LINE('',#10604,#10605);
#10604 = CARTESIAN_POINT('',(6.28318530718,60.));
#10605 = VECTOR('',#10606,1.);
#10606 = DIRECTION('',(-1.,-0.));
#10607 = ( GEOMETRIC_REPRESENTATION_CONTEXT(2) 
PARAMETRIC_REPRESENTATION_CONTEXT() REPRESENTATION_CONTEXT('2D SPACE',''
  ) );
#10608 = PCURVE('',#10494,#10609);
#10609 = DEFINITIONAL_REPRESENTATION('',(#10610),#10614);
#10610 = LINE('',#10611,#10612);
#10611 = CARTESIAN_POINT('',(-0.,-6.28318530718));
#10612 = VECTOR('',#10613,1.);
#10613 = DIRECTION('',(-0.,1.));
#10614 = ( GEOMETRIC_REPRESENTATION_CONTEXT(2) 
PARAMETRIC_REPRESENTATION_CONTEXT() REPRESENTATION_CONTEXT('2D SPACE',''
  ) );
#10615 = ORIENTED_EDGE('',*,*,#10616,.T.);
#10616 = EDGE_CURVE('',#10593,#10617,#10619,.T.);
#10617 = VERTEX_POINT('',#10618);
#10618 = CARTESIAN_POINT('',(1.E+03,-352.5,493.5));
#10619 = SURFACE_CURVE('',#10620,(#10624,#10631),.PCURVE_S1.);
#10620 = LINE('',#10621,#10622);
#10621 = CARTESIAN_POINT('',(1.E+03,-437.5,493.5));
#10622 = VECTOR('',#10623,1.);
#10623 = DIRECTION('',(0.,1.,0.));
#10624 = PCURVE('',#10406,#10625);
#10625 = DEFINITIONAL_REPRESENTATION('',(#10626),#10630);
#10626 = LINE('',#10627,#10628);
#10627 = CARTESIAN_POINT('',(1.570796326795,0.));
#10628 = VECTOR('',#10629,1.);
#10629 = DIRECTION('',(0.,1.));
#10630 = ( GEOMETRIC_REPRESENTATION_CONTEXT(2) 
PARAMETRIC_REPRESENTATION_CONTEXT() REPRESENTATION_CONTEXT('2D SPACE',''
  ) );
#10631 = PCURVE('',#10632,#10637);
#10632 = PLANE('',#10633);
#10633 = AXIS2_PLACEMENT_3D('',#10634,#10635,#10636);
#10634 = CARTESIAN_POINT('',(940.,-437.5,493.5));
#10635 = DIRECTION('',(0.,0.,1.));
#10636 = DIRECTION('',(1.,0.,0.));
#10637 = DEFINITIONAL_REPRESENTATION('',(#10638),#10642);
#10638 = LINE('',#10639,#10640);
#10639 = CARTESIAN_POINT('',(60.,0.));
#10640 = VECTOR('',#10641,1.);
#10641 = DIRECTION('',(0.,1.));
#10642 = ( GEOMETRIC_REPRESENTATION_CONTEXT(2) 
PARAMETRIC_REPRESENTATION_CONTEXT() REPRESENTATION_CONTEXT('2D SPACE',''
  ) );
#10643 = ORIENTED_EDGE('',*,*,#10644,.F.);
#10644 = EDGE_CURVE('',#10365,#10617,#10645,.T.);
#10645 = SURFACE_CURVE('',#10646,(#10651,#10658),.PCURVE_S1.);
#10646 = CIRCLE('',#10647,60.);
#10647 = AXIS2_PLACEMENT_3D('',#10648,#10649,#10650);
#10648 = CARTESIAN_POINT('',(1.E+03,-352.5,433.5));
#10649 = DIRECTION('',(0.,1.,0.));
#10650 = DIRECTION('',(-1.,0.,0.));
#10651 = PCURVE('',#10406,#10652);
#10652 = DEFINITIONAL_REPRESENTATION('',(#10653),#10657);
#10653 = LINE('',#10654,#10655);
#10654 = CARTESIAN_POINT('',(0.,85.));
#10655 = VECTOR('',#10656,1.);
#10656 = DIRECTION('',(1.,0.));
#10657 = ( GEOMETRIC_REPRESENTATION_CONTEXT(2) 
PARAMETRIC_REPRESENTATION_CONTEXT() REPRESENTATION_CONTEXT('2D SPACE',''
  ) );
#10658 = PCURVE('',#10659,#10664);
#10659 = SPHERICAL_SURFACE('',#10660,60.);
#10660 = AXIS2_PLACEMENT_3D('',#10661,#10662,#10663);
#10661 = CARTESIAN_POINT('',(1.E+03,-352.5,433.5));
#10662 = DIRECTION('',(-0.,-1.,-0.));
#10663 = DIRECTION('',(-1.,0.,0.));
#10664 = DEFINITIONAL_REPRESENTATION('',(#10665),#10669);
#10665 = LINE('',#10666,#10667);
#10666 = CARTESIAN_POINT('',(-0.,0.));
#10667 = VECTOR('',#10668,1.);
#10668 = DIRECTION('',(-1.,0.));
#10669 = ( GEOMETRIC_REPRESENTATION_CONTEXT(2) 
PARAMETRIC_REPRESENTATION_CONTEXT() REPRESENTATION_CONTEXT('2D SPACE',''
  ) );
#10670 = ORIENTED_EDGE('',*,*,#10392,.F.);
#10671 = ADVANCED_FACE('',(#10672),#10380,.T.);
#10672 = FACE_BOUND('',#10673,.F.);
#10673 = EDGE_LOOP('',(#10674,#10675,#10699,#10727));
#10674 = ORIENTED_EDGE('',*,*,#10364,.F.);
#10675 = ORIENTED_EDGE('',*,*,#10676,.T.);
#10676 = EDGE_CURVE('',#10337,#10677,#10679,.T.);
#10677 = VERTEX_POINT('',#10678);
#10678 = CARTESIAN_POINT('',(1.E+03,-292.5,378.5));
#10679 = SURFACE_CURVE('',#10680,(#10685,#10692),.PCURVE_S1.);
#10680 = CIRCLE('',#10681,60.);
#10681 = AXIS2_PLACEMENT_3D('',#10682,#10683,#10684);
#10682 = CARTESIAN_POINT('',(1.E+03,-352.5,378.5));
#10683 = DIRECTION('',(-0.,0.,-1.));
#10684 = DIRECTION('',(-1.,0.,0.));
#10685 = PCURVE('',#10380,#10686);
#10686 = DEFINITIONAL_REPRESENTATION('',(#10687),#10691);
#10687 = LINE('',#10688,#10689);
#10688 = CARTESIAN_POINT('',(-0.,60.));
#10689 = VECTOR('',#10690,1.);
#10690 = DIRECTION('',(-1.,0.));
#10691 = ( GEOMETRIC_REPRESENTATION_CONTEXT(2) 
PARAMETRIC_REPRESENTATION_CONTEXT() REPRESENTATION_CONTEXT('2D SPACE',''
  ) );
#10692 = PCURVE('',#10576,#10693);
#10693 = DEFINITIONAL_REPRESENTATION('',(#10694),#10698);
#10694 = LINE('',#10695,#10696);
#10695 = CARTESIAN_POINT('',(-0.,0.));
#10696 = VECTOR('',#10697,1.);
#10697 = DIRECTION('',(-1.,0.));
#10698 = ( GEOMETRIC_REPRESENTATION_CONTEXT(2) 
PARAMETRIC_REPRESENTATION_CONTEXT() REPRESENTATION_CONTEXT('2D SPACE',''
  ) );
#10699 = ORIENTED_EDGE('',*,*,#10700,.T.);
#10700 = EDGE_CURVE('',#10677,#10701,#10703,.T.);
#10701 = VERTEX_POINT('',#10702);
#10702 = CARTESIAN_POINT('',(1.E+03,-292.5,433.5));
#10703 = SURFACE_CURVE('',#10704,(#10708,#10715),.PCURVE_S1.);
#10704 = LINE('',#10705,#10706);
#10705 = CARTESIAN_POINT('',(1.E+03,-292.5,318.5));
#10706 = VECTOR('',#10707,1.);
#10707 = DIRECTION('',(0.,0.,1.));
#10708 = PCURVE('',#10380,#10709);
#10709 = DEFINITIONAL_REPRESENTATION('',(#10710),#10714);
#10710 = LINE('',#10711,#10712);
#10711 = CARTESIAN_POINT('',(-1.570796326795,0.));
#10712 = VECTOR('',#10713,1.);
#10713 = DIRECTION('',(-0.,1.));
#10714 = ( GEOMETRIC_REPRESENTATION_CONTEXT(2) 
PARAMETRIC_REPRESENTATION_CONTEXT() REPRESENTATION_CONTEXT('2D SPACE',''
  ) );
#10715 = PCURVE('',#10716,#10721);
#10716 = PLANE('',#10717);
#10717 = AXIS2_PLACEMENT_3D('',#10718,#10719,#10720);
#10718 = CARTESIAN_POINT('',(940.,-292.5,318.5));
#10719 = DIRECTION('',(0.,1.,0.));
#10720 = DIRECTION('',(0.,0.,1.));
#10721 = DEFINITIONAL_REPRESENTATION('',(#10722),#10726);
#10722 = LINE('',#10723,#10724);
#10723 = CARTESIAN_POINT('',(0.,60.));
#10724 = VECTOR('',#10725,1.);
#10725 = DIRECTION('',(1.,0.));
#10726 = ( GEOMETRIC_REPRESENTATION_CONTEXT(2) 
PARAMETRIC_REPRESENTATION_CONTEXT() REPRESENTATION_CONTEXT('2D SPACE',''
  ) );
#10727 = ORIENTED_EDGE('',*,*,#10728,.T.);
#10728 = EDGE_CURVE('',#10701,#10365,#10729,.T.);
#10729 = SURFACE_CURVE('',#10730,(#10735,#10742),.PCURVE_S1.);
#10730 = CIRCLE('',#10731,60.);
#10731 = AXIS2_PLACEMENT_3D('',#10732,#10733,#10734);
#10732 = CARTESIAN_POINT('',(1.E+03,-352.5,433.5));
#10733 = DIRECTION('',(0.,0.,1.));
#10734 = DIRECTION('',(-1.,0.,0.));
#10735 = PCURVE('',#10380,#10736);
#10736 = DEFINITIONAL_REPRESENTATION('',(#10737),#10741);
#10737 = LINE('',#10738,#10739);
#10738 = CARTESIAN_POINT('',(-6.28318530718,115.));
#10739 = VECTOR('',#10740,1.);
#10740 = DIRECTION('',(1.,-0.));
#10741 = ( GEOMETRIC_REPRESENTATION_CONTEXT(2) 
PARAMETRIC_REPRESENTATION_CONTEXT() REPRESENTATION_CONTEXT('2D SPACE',''
  ) );
#10742 = PCURVE('',#10659,#10743);
#10743 = DEFINITIONAL_REPRESENTATION('',(#10744),#10748);
#10744 = LINE('',#10745,#10746);
#10745 = CARTESIAN_POINT('',(-0.,-6.28318530718));
#10746 = VECTOR('',#10747,1.);
#10747 = DIRECTION('',(-0.,1.));
#10748 = ( GEOMETRIC_REPRESENTATION_CONTEXT(2) 
PARAMETRIC_REPRESENTATION_CONTEXT() REPRESENTATION_CONTEXT('2D SPACE',''
  ) );
#10749 = ADVANCED_FACE('',(#10750),#10439,.T.);
#10750 = FACE_BOUND('',#10751,.T.);
#10751 = EDGE_LOOP('',(#10752,#10753,#10780));
#10752 = ORIENTED_EDGE('',*,*,#10509,.F.);
#10753 = ORIENTED_EDGE('',*,*,#10754,.T.);
#10754 = EDGE_CURVE('',#10510,#10423,#10755,.T.);
#10755 = SURFACE_CURVE('',#10756,(#10761,#10768),.PCURVE_S1.);
#10756 = CIRCLE('',#10757,60.);
#10757 = AXIS2_PLACEMENT_3D('',#10758,#10759,#10760);
#10758 = CARTESIAN_POINT('',(1.E+03,-377.5,378.5));
#10759 = DIRECTION('',(-1.,6.123233995737E-17,0.));
#10760 = DIRECTION('',(-6.123233995737E-17,-1.,0.));
#10761 = PCURVE('',#10439,#10762);
#10762 = DEFINITIONAL_REPRESENTATION('',(#10763),#10767);
#10763 = LINE('',#10764,#10765);
#10764 = CARTESIAN_POINT('',(1.570796326795,-6.28318530718));
#10765 = VECTOR('',#10766,1.);
#10766 = DIRECTION('',(0.,1.));
#10767 = ( GEOMETRIC_REPRESENTATION_CONTEXT(2) 
PARAMETRIC_REPRESENTATION_CONTEXT() REPRESENTATION_CONTEXT('2D SPACE',''
  ) );
#10768 = PCURVE('',#10769,#10774);
#10769 = CYLINDRICAL_SURFACE('',#10770,60.);
#10770 = AXIS2_PLACEMENT_3D('',#10771,#10772,#10773);
#10771 = CARTESIAN_POINT('',(940.,-377.5,378.5));
#10772 = DIRECTION('',(1.,0.,0.));
#10773 = DIRECTION('',(0.,-1.,0.));
#10774 = DEFINITIONAL_REPRESENTATION('',(#10775),#10779);
#10775 = LINE('',#10776,#10777);
#10776 = CARTESIAN_POINT('',(6.28318530718,60.));
#10777 = VECTOR('',#10778,1.);
#10778 = DIRECTION('',(-1.,-0.));
#10779 = ( GEOMETRIC_REPRESENTATION_CONTEXT(2) 
PARAMETRIC_REPRESENTATION_CONTEXT() REPRESENTATION_CONTEXT('2D SPACE',''
  ) );
#10780 = ORIENTED_EDGE('',*,*,#10422,.F.);
#10781 = ADVANCED_FACE('',(#10782),#10494,.T.);
#10782 = FACE_BOUND('',#10783,.F.);
#10783 = EDGE_LOOP('',(#10784,#10785,#10812));
#10784 = ORIENTED_EDGE('',*,*,#10592,.F.);
#10785 = ORIENTED_EDGE('',*,*,#10786,.T.);
#10786 = EDGE_CURVE('',#10593,#10452,#10787,.T.);
#10787 = SURFACE_CURVE('',#10788,(#10793,#10800),.PCURVE_S1.);
#10788 = CIRCLE('',#10789,60.);
#10789 = AXIS2_PLACEMENT_3D('',#10790,#10791,#10792);
#10790 = CARTESIAN_POINT('',(1.E+03,-377.5,433.5));
#10791 = DIRECTION('',(1.,-6.123233995737E-17,0.));
#10792 = DIRECTION('',(-6.123233995737E-17,-1.,0.));
#10793 = PCURVE('',#10494,#10794);
#10794 = DEFINITIONAL_REPRESENTATION('',(#10795),#10799);
#10795 = LINE('',#10796,#10797);
#10796 = CARTESIAN_POINT('',(-1.570796326795,-6.28318530718));
#10797 = VECTOR('',#10798,1.);
#10798 = DIRECTION('',(-0.,1.));
#10799 = ( GEOMETRIC_REPRESENTATION_CONTEXT(2) 
PARAMETRIC_REPRESENTATION_CONTEXT() REPRESENTATION_CONTEXT('2D SPACE',''
  ) );
#10800 = PCURVE('',#10801,#10806);
#10801 = CYLINDRICAL_SURFACE('',#10802,60.);
#10802 = AXIS2_PLACEMENT_3D('',#10803,#10804,#10805);
#10803 = CARTESIAN_POINT('',(940.,-377.5,433.5));
#10804 = DIRECTION('',(1.,0.,0.));
#10805 = DIRECTION('',(0.,-1.,0.));
#10806 = DEFINITIONAL_REPRESENTATION('',(#10807),#10811);
#10807 = LINE('',#10808,#10809);
#10808 = CARTESIAN_POINT('',(-6.28318530718,60.));
#10809 = VECTOR('',#10810,1.);
#10810 = DIRECTION('',(1.,-0.));
#10811 = ( GEOMETRIC_REPRESENTATION_CONTEXT(2) 
PARAMETRIC_REPRESENTATION_CONTEXT() REPRESENTATION_CONTEXT('2D SPACE',''
  ) );
#10812 = ORIENTED_EDGE('',*,*,#10479,.F.);
#10813 = ADVANCED_FACE('',(#10814),#10467,.F.);
#10814 = FACE_BOUND('',#10815,.F.);
#10815 = EDGE_LOOP('',(#10816,#10817,#10840,#10868));
#10816 = ORIENTED_EDGE('',*,*,#10451,.T.);
#10817 = ORIENTED_EDGE('',*,*,#10818,.T.);
#10818 = EDGE_CURVE('',#10452,#10819,#10821,.T.);
#10819 = VERTEX_POINT('',#10820);
#10820 = CARTESIAN_POINT('',(1.33E+03,-437.5,433.5));
#10821 = SURFACE_CURVE('',#10822,(#10826,#10833),.PCURVE_S1.);
#10822 = LINE('',#10823,#10824);
#10823 = CARTESIAN_POINT('',(940.,-437.5,433.5));
#10824 = VECTOR('',#10825,1.);
#10825 = DIRECTION('',(1.,0.,0.));
#10826 = PCURVE('',#10467,#10827);
#10827 = DEFINITIONAL_REPRESENTATION('',(#10828),#10832);
#10828 = LINE('',#10829,#10830);
#10829 = CARTESIAN_POINT('',(115.,0.));
#10830 = VECTOR('',#10831,1.);
#10831 = DIRECTION('',(0.,1.));
#10832 = ( GEOMETRIC_REPRESENTATION_CONTEXT(2) 
PARAMETRIC_REPRESENTATION_CONTEXT() REPRESENTATION_CONTEXT('2D SPACE',''
  ) );
#10833 = PCURVE('',#10801,#10834);
#10834 = DEFINITIONAL_REPRESENTATION('',(#10835),#10839);
#10835 = LINE('',#10836,#10837);
#10836 = CARTESIAN_POINT('',(-0.,0.));
#10837 = VECTOR('',#10838,1.);
#10838 = DIRECTION('',(-0.,1.));
#10839 = ( GEOMETRIC_REPRESENTATION_CONTEXT(2) 
PARAMETRIC_REPRESENTATION_CONTEXT() REPRESENTATION_CONTEXT('2D SPACE',''
  ) );
#10840 = ORIENTED_EDGE('',*,*,#10841,.F.);
#10841 = EDGE_CURVE('',#10842,#10819,#10844,.T.);
#10842 = VERTEX_POINT('',#10843);
#10843 = CARTESIAN_POINT('',(1.33E+03,-437.5,378.5));
#10844 = SURFACE_CURVE('',#10845,(#10849,#10856),.PCURVE_S1.);
#10845 = LINE('',#10846,#10847);
#10846 = CARTESIAN_POINT('',(1.33E+03,-437.5,318.5));
#10847 = VECTOR('',#10848,1.);
#10848 = DIRECTION('',(0.,0.,1.));
#10849 = PCURVE('',#10467,#10850);
#10850 = DEFINITIONAL_REPRESENTATION('',(#10851),#10855);
#10851 = LINE('',#10852,#10853);
#10852 = CARTESIAN_POINT('',(0.,390.));
#10853 = VECTOR('',#10854,1.);
#10854 = DIRECTION('',(1.,0.));
#10855 = ( GEOMETRIC_REPRESENTATION_CONTEXT(2) 
PARAMETRIC_REPRESENTATION_CONTEXT() REPRESENTATION_CONTEXT('2D SPACE',''
  ) );
#10856 = PCURVE('',#10857,#10862);
#10857 = CYLINDRICAL_SURFACE('',#10858,60.);
#10858 = AXIS2_PLACEMENT_3D('',#10859,#10860,#10861);
#10859 = CARTESIAN_POINT('',(1.33E+03,-377.5,318.5));
#10860 = DIRECTION('',(0.,0.,1.));
#10861 = DIRECTION('',(1.,0.,-0.));
#10862 = DEFINITIONAL_REPRESENTATION('',(#10863),#10867);
#10863 = LINE('',#10864,#10865);
#10864 = CARTESIAN_POINT('',(-1.570796326795,0.));
#10865 = VECTOR('',#10866,1.);
#10866 = DIRECTION('',(-0.,1.));
#10867 = ( GEOMETRIC_REPRESENTATION_CONTEXT(2) 
PARAMETRIC_REPRESENTATION_CONTEXT() REPRESENTATION_CONTEXT('2D SPACE',''
  ) );
#10868 = ORIENTED_EDGE('',*,*,#10869,.F.);
#10869 = EDGE_CURVE('',#10423,#10842,#10870,.T.);
#10870 = SURFACE_CURVE('',#10871,(#10875,#10882),.PCURVE_S1.);
#10871 = LINE('',#10872,#10873);
#10872 = CARTESIAN_POINT('',(940.,-437.5,378.5));
#10873 = VECTOR('',#10874,1.);
#10874 = DIRECTION('',(1.,0.,0.));
#10875 = PCURVE('',#10467,#10876);
#10876 = DEFINITIONAL_REPRESENTATION('',(#10877),#10881);
#10877 = LINE('',#10878,#10879);
#10878 = CARTESIAN_POINT('',(60.,0.));
#10879 = VECTOR('',#10880,1.);
#10880 = DIRECTION('',(0.,1.));
#10881 = ( GEOMETRIC_REPRESENTATION_CONTEXT(2) 
PARAMETRIC_REPRESENTATION_CONTEXT() REPRESENTATION_CONTEXT('2D SPACE',''
  ) );
#10882 = PCURVE('',#10769,#10883);
#10883 = DEFINITIONAL_REPRESENTATION('',(#10884),#10888);
#10884 = LINE('',#10885,#10886);
#10885 = CARTESIAN_POINT('',(0.,0.));
#10886 = VECTOR('',#10887,1.);
#10887 = DIRECTION('',(0.,1.));
#10888 = ( GEOMETRIC_REPRESENTATION_CONTEXT(2) 
PARAMETRIC_REPRESENTATION_CONTEXT() REPRESENTATION_CONTEXT('2D SPACE',''
  ) );
#10889 = ADVANCED_FACE('',(#10890),#10549,.F.);
#10890 = FACE_BOUND('',#10891,.F.);
#10891 = EDGE_LOOP('',(#10892,#10893,#10916,#10944));
#10892 = ORIENTED_EDGE('',*,*,#10533,.F.);
#10893 = ORIENTED_EDGE('',*,*,#10894,.T.);
#10894 = EDGE_CURVE('',#10510,#10895,#10897,.T.);
#10895 = VERTEX_POINT('',#10896);
#10896 = CARTESIAN_POINT('',(1.33E+03,-377.5,318.5));
#10897 = SURFACE_CURVE('',#10898,(#10902,#10909),.PCURVE_S1.);
#10898 = LINE('',#10899,#10900);
#10899 = CARTESIAN_POINT('',(940.,-377.5,318.5));
#10900 = VECTOR('',#10901,1.);
#10901 = DIRECTION('',(1.,0.,0.));
#10902 = PCURVE('',#10549,#10903);
#10903 = DEFINITIONAL_REPRESENTATION('',(#10904),#10908);
#10904 = LINE('',#10905,#10906);
#10905 = CARTESIAN_POINT('',(0.,60.));
#10906 = VECTOR('',#10907,1.);
#10907 = DIRECTION('',(1.,0.));
#10908 = ( GEOMETRIC_REPRESENTATION_CONTEXT(2) 
PARAMETRIC_REPRESENTATION_CONTEXT() REPRESENTATION_CONTEXT('2D SPACE',''
  ) );
#10909 = PCURVE('',#10769,#10910);
#10910 = DEFINITIONAL_REPRESENTATION('',(#10911),#10915);
#10911 = LINE('',#10912,#10913);
#10912 = CARTESIAN_POINT('',(1.570796326795,0.));
#10913 = VECTOR('',#10914,1.);
#10914 = DIRECTION('',(0.,1.));
#10915 = ( GEOMETRIC_REPRESENTATION_CONTEXT(2) 
PARAMETRIC_REPRESENTATION_CONTEXT() REPRESENTATION_CONTEXT('2D SPACE',''
  ) );
#10916 = ORIENTED_EDGE('',*,*,#10917,.T.);
#10917 = EDGE_CURVE('',#10895,#10918,#10920,.T.);
#10918 = VERTEX_POINT('',#10919);
#10919 = CARTESIAN_POINT('',(1.33E+03,-352.5,318.5));
#10920 = SURFACE_CURVE('',#10921,(#10925,#10932),.PCURVE_S1.);
#10921 = LINE('',#10922,#10923);
#10922 = CARTESIAN_POINT('',(1.33E+03,-437.5,318.5));
#10923 = VECTOR('',#10924,1.);
#10924 = DIRECTION('',(0.,1.,0.));
#10925 = PCURVE('',#10549,#10926);
#10926 = DEFINITIONAL_REPRESENTATION('',(#10927),#10931);
#10927 = LINE('',#10928,#10929);
#10928 = CARTESIAN_POINT('',(390.,0.));
#10929 = VECTOR('',#10930,1.);
#10930 = DIRECTION('',(0.,1.));
#10931 = ( GEOMETRIC_REPRESENTATION_CONTEXT(2) 
PARAMETRIC_REPRESENTATION_CONTEXT() REPRESENTATION_CONTEXT('2D SPACE',''
  ) );
#10932 = PCURVE('',#10933,#10938);
#10933 = CYLINDRICAL_SURFACE('',#10934,60.);
#10934 = AXIS2_PLACEMENT_3D('',#10935,#10936,#10937);
#10935 = CARTESIAN_POINT('',(1.33E+03,-437.5,378.5));
#10936 = DIRECTION('',(0.,1.,0.));
#10937 = DIRECTION('',(1.,0.,-0.));
#10938 = DEFINITIONAL_REPRESENTATION('',(#10939),#10943);
#10939 = LINE('',#10940,#10941);
#10940 = CARTESIAN_POINT('',(1.570796326795,0.));
#10941 = VECTOR('',#10942,1.);
#10942 = DIRECTION('',(0.,1.));
#10943 = ( GEOMETRIC_REPRESENTATION_CONTEXT(2) 
PARAMETRIC_REPRESENTATION_CONTEXT() REPRESENTATION_CONTEXT('2D SPACE',''
  ) );
#10944 = ORIENTED_EDGE('',*,*,#10945,.F.);
#10945 = EDGE_CURVE('',#10534,#10918,#10946,.T.);
#10946 = SURFACE_CURVE('',#10947,(#10951,#10958),.PCURVE_S1.);
#10947 = LINE('',#10948,#10949);
#10948 = CARTESIAN_POINT('',(940.,-352.5,318.5));
#10949 = VECTOR('',#10950,1.);
#10950 = DIRECTION('',(1.,0.,0.));
#10951 = PCURVE('',#10549,#10952);
#10952 = DEFINITIONAL_REPRESENTATION('',(#10953),#10957);
#10953 = LINE('',#10954,#10955);
#10954 = CARTESIAN_POINT('',(0.,85.));
#10955 = VECTOR('',#10956,1.);
#10956 = DIRECTION('',(1.,0.));
#10957 = ( GEOMETRIC_REPRESENTATION_CONTEXT(2) 
PARAMETRIC_REPRESENTATION_CONTEXT() REPRESENTATION_CONTEXT('2D SPACE',''
  ) );
#10958 = PCURVE('',#10959,#10964);
#10959 = CYLINDRICAL_SURFACE('',#10960,60.);
#10960 = AXIS2_PLACEMENT_3D('',#10961,#10962,#10963);
#10961 = CARTESIAN_POINT('',(940.,-352.5,378.5));
#10962 = DIRECTION('',(1.,0.,0.));
#10963 = DIRECTION('',(-0.,1.,0.));
#10964 = DEFINITIONAL_REPRESENTATION('',(#10965),#10969);
#10965 = LINE('',#10966,#10967);
#10966 = CARTESIAN_POINT('',(-1.570796326795,0.));
#10967 = VECTOR('',#10968,1.);
#10968 = DIRECTION('',(-0.,1.));
#10969 = ( GEOMETRIC_REPRESENTATION_CONTEXT(2) 
PARAMETRIC_REPRESENTATION_CONTEXT() REPRESENTATION_CONTEXT('2D SPACE',''
  ) );
#10970 = ADVANCED_FACE('',(#10971),#10576,.T.);
#10971 = FACE_BOUND('',#10972,.F.);
#10972 = EDGE_LOOP('',(#10973,#10974,#10996));
#10973 = ORIENTED_EDGE('',*,*,#10561,.F.);
#10974 = ORIENTED_EDGE('',*,*,#10975,.T.);
#10975 = EDGE_CURVE('',#10534,#10677,#10976,.T.);
#10976 = SURFACE_CURVE('',#10977,(#10982,#10989),.PCURVE_S1.);
#10977 = CIRCLE('',#10978,60.);
#10978 = AXIS2_PLACEMENT_3D('',#10979,#10980,#10981);
#10979 = CARTESIAN_POINT('',(1.E+03,-352.5,378.5));
#10980 = DIRECTION('',(1.,6.123233995737E-17,-0.));
#10981 = DIRECTION('',(-6.123233995737E-17,1.,0.));
#10982 = PCURVE('',#10576,#10983);
#10983 = DEFINITIONAL_REPRESENTATION('',(#10984),#10988);
#10984 = LINE('',#10985,#10986);
#10985 = CARTESIAN_POINT('',(-1.570796326795,-6.28318530718));
#10986 = VECTOR('',#10987,1.);
#10987 = DIRECTION('',(-0.,1.));
#10988 = ( GEOMETRIC_REPRESENTATION_CONTEXT(2) 
PARAMETRIC_REPRESENTATION_CONTEXT() REPRESENTATION_CONTEXT('2D SPACE',''
  ) );
#10989 = PCURVE('',#10959,#10990);
#10990 = DEFINITIONAL_REPRESENTATION('',(#10991),#10995);
#10991 = LINE('',#10992,#10993);
#10992 = CARTESIAN_POINT('',(-6.28318530718,60.));
#10993 = VECTOR('',#10994,1.);
#10994 = DIRECTION('',(1.,-0.));
#10995 = ( GEOMETRIC_REPRESENTATION_CONTEXT(2) 
PARAMETRIC_REPRESENTATION_CONTEXT() REPRESENTATION_CONTEXT('2D SPACE',''
  ) );
#10996 = ORIENTED_EDGE('',*,*,#10676,.F.);
#10997 = ADVANCED_FACE('',(#10998),#10632,.T.);
#10998 = FACE_BOUND('',#10999,.T.);
#10999 = EDGE_LOOP('',(#11000,#11001,#11024,#11052));
#11000 = ORIENTED_EDGE('',*,*,#10616,.F.);
#11001 = ORIENTED_EDGE('',*,*,#11002,.T.);
#11002 = EDGE_CURVE('',#10593,#11003,#11005,.T.);
#11003 = VERTEX_POINT('',#11004);
#11004 = CARTESIAN_POINT('',(1.33E+03,-377.5,493.5));
#11005 = SURFACE_CURVE('',#11006,(#11010,#11017),.PCURVE_S1.);
#11006 = LINE('',#11007,#11008);
#11007 = CARTESIAN_POINT('',(940.,-377.5,493.5));
#11008 = VECTOR('',#11009,1.);
#11009 = DIRECTION('',(1.,0.,0.));
#11010 = PCURVE('',#10632,#11011);
#11011 = DEFINITIONAL_REPRESENTATION('',(#11012),#11016);
#11012 = LINE('',#11013,#11014);
#11013 = CARTESIAN_POINT('',(0.,60.));
#11014 = VECTOR('',#11015,1.);
#11015 = DIRECTION('',(1.,0.));
#11016 = ( GEOMETRIC_REPRESENTATION_CONTEXT(2) 
PARAMETRIC_REPRESENTATION_CONTEXT() REPRESENTATION_CONTEXT('2D SPACE',''
  ) );
#11017 = PCURVE('',#10801,#11018);
#11018 = DEFINITIONAL_REPRESENTATION('',(#11019),#11023);
#11019 = LINE('',#11020,#11021);
#11020 = CARTESIAN_POINT('',(-1.570796326795,0.));
#11021 = VECTOR('',#11022,1.);
#11022 = DIRECTION('',(-0.,1.));
#11023 = ( GEOMETRIC_REPRESENTATION_CONTEXT(2) 
PARAMETRIC_REPRESENTATION_CONTEXT() REPRESENTATION_CONTEXT('2D SPACE',''
  ) );
#11024 = ORIENTED_EDGE('',*,*,#11025,.T.);
#11025 = EDGE_CURVE('',#11003,#11026,#11028,.T.);
#11026 = VERTEX_POINT('',#11027);
#11027 = CARTESIAN_POINT('',(1.33E+03,-352.5,493.5));
#11028 = SURFACE_CURVE('',#11029,(#11033,#11040),.PCURVE_S1.);
#11029 = LINE('',#11030,#11031);
#11030 = CARTESIAN_POINT('',(1.33E+03,-437.5,493.5));
#11031 = VECTOR('',#11032,1.);
#11032 = DIRECTION('',(0.,1.,0.));
#11033 = PCURVE('',#10632,#11034);
#11034 = DEFINITIONAL_REPRESENTATION('',(#11035),#11039);
#11035 = LINE('',#11036,#11037);
#11036 = CARTESIAN_POINT('',(390.,0.));
#11037 = VECTOR('',#11038,1.);
#11038 = DIRECTION('',(0.,1.));
#11039 = ( GEOMETRIC_REPRESENTATION_CONTEXT(2) 
PARAMETRIC_REPRESENTATION_CONTEXT() REPRESENTATION_CONTEXT('2D SPACE',''
  ) );
#11040 = PCURVE('',#11041,#11046);
#11041 = CYLINDRICAL_SURFACE('',#11042,60.);
#11042 = AXIS2_PLACEMENT_3D('',#11043,#11044,#11045);
#11043 = CARTESIAN_POINT('',(1.33E+03,-437.5,433.5));
#11044 = DIRECTION('',(0.,1.,0.));
#11045 = DIRECTION('',(1.,0.,-0.));
#11046 = DEFINITIONAL_REPRESENTATION('',(#11047),#11051);
#11047 = LINE('',#11048,#11049);
#11048 = CARTESIAN_POINT('',(-1.570796326795,0.));
#11049 = VECTOR('',#11050,1.);
#11050 = DIRECTION('',(-0.,1.));
#11051 = ( GEOMETRIC_REPRESENTATION_CONTEXT(2) 
PARAMETRIC_REPRESENTATION_CONTEXT() REPRESENTATION_CONTEXT('2D SPACE',''
  ) );
#11052 = ORIENTED_EDGE('',*,*,#11053,.F.);
#11053 = EDGE_CURVE('',#10617,#11026,#11054,.T.);
#11054 = SURFACE_CURVE('',#11055,(#11059,#11066),.PCURVE_S1.);
#11055 = LINE('',#11056,#11057);
#11056 = CARTESIAN_POINT('',(940.,-352.5,493.5));
#11057 = VECTOR('',#11058,1.);
#11058 = DIRECTION('',(1.,0.,0.));
#11059 = PCURVE('',#10632,#11060);
#11060 = DEFINITIONAL_REPRESENTATION('',(#11061),#11065);
#11061 = LINE('',#11062,#11063);
#11062 = CARTESIAN_POINT('',(0.,85.));
#11063 = VECTOR('',#11064,1.);
#11064 = DIRECTION('',(1.,0.));
#11065 = ( GEOMETRIC_REPRESENTATION_CONTEXT(2) 
PARAMETRIC_REPRESENTATION_CONTEXT() REPRESENTATION_CONTEXT('2D SPACE',''
  ) );
#11066 = PCURVE('',#11067,#11072);
#11067 = CYLINDRICAL_SURFACE('',#11068,60.);
#11068 = AXIS2_PLACEMENT_3D('',#11069,#11070,#11071);
#11069 = CARTESIAN_POINT('',(940.,-352.5,433.5));
#11070 = DIRECTION('',(1.,0.,0.));
#11071 = DIRECTION('',(-0.,1.,0.));
#11072 = DEFINITIONAL_REPRESENTATION('',(#11073),#11077);
#11073 = LINE('',#11074,#11075);
#11074 = CARTESIAN_POINT('',(1.570796326795,0.));
#11075 = VECTOR('',#11076,1.);
#11076 = DIRECTION('',(0.,1.));
#11077 = ( GEOMETRIC_REPRESENTATION_CONTEXT(2) 
PARAMETRIC_REPRESENTATION_CONTEXT() REPRESENTATION_CONTEXT('2D SPACE',''
  ) );
#11078 = ADVANCED_FACE('',(#11079),#10659,.T.);
#11079 = FACE_BOUND('',#11080,.F.);
#11080 = EDGE_LOOP('',(#11081,#11082,#11104));
#11081 = ORIENTED_EDGE('',*,*,#10728,.F.);
#11082 = ORIENTED_EDGE('',*,*,#11083,.T.);
#11083 = EDGE_CURVE('',#10701,#10617,#11084,.T.);
#11084 = SURFACE_CURVE('',#11085,(#11090,#11097),.PCURVE_S1.);
#11085 = CIRCLE('',#11086,60.);
#11086 = AXIS2_PLACEMENT_3D('',#11087,#11088,#11089);
#11087 = CARTESIAN_POINT('',(1.E+03,-352.5,433.5));
#11088 = DIRECTION('',(1.,0.,6.123233995737E-17));
#11089 = DIRECTION('',(-6.123233995737E-17,0.,1.));
#11090 = PCURVE('',#10659,#11091);
#11091 = DEFINITIONAL_REPRESENTATION('',(#11092),#11096);
#11092 = LINE('',#11093,#11094);
#11093 = CARTESIAN_POINT('',(-1.570796326795,-6.28318530718));
#11094 = VECTOR('',#11095,1.);
#11095 = DIRECTION('',(-0.,1.));
#11096 = ( GEOMETRIC_REPRESENTATION_CONTEXT(2) 
PARAMETRIC_REPRESENTATION_CONTEXT() REPRESENTATION_CONTEXT('2D SPACE',''
  ) );
#11097 = PCURVE('',#11067,#11098);
#11098 = DEFINITIONAL_REPRESENTATION('',(#11099),#11103);
#11099 = LINE('',#11100,#11101);
#11100 = CARTESIAN_POINT('',(-4.712388980385,60.));
#11101 = VECTOR('',#11102,1.);
#11102 = DIRECTION('',(1.,0.));
#11103 = ( GEOMETRIC_REPRESENTATION_CONTEXT(2) 
PARAMETRIC_REPRESENTATION_CONTEXT() REPRESENTATION_CONTEXT('2D SPACE',''
  ) );
#11104 = ORIENTED_EDGE('',*,*,#10644,.F.);
#11105 = ADVANCED_FACE('',(#11106),#10716,.T.);
#11106 = FACE_BOUND('',#11107,.T.);
#11107 = EDGE_LOOP('',(#11108,#11109,#11132,#11160));
#11108 = ORIENTED_EDGE('',*,*,#10700,.T.);
#11109 = ORIENTED_EDGE('',*,*,#11110,.T.);
#11110 = EDGE_CURVE('',#10701,#11111,#11113,.T.);
#11111 = VERTEX_POINT('',#11112);
#11112 = CARTESIAN_POINT('',(1.33E+03,-292.5,433.5));
#11113 = SURFACE_CURVE('',#11114,(#11118,#11125),.PCURVE_S1.);
#11114 = LINE('',#11115,#11116);
#11115 = CARTESIAN_POINT('',(940.,-292.5,433.5));
#11116 = VECTOR('',#11117,1.);
#11117 = DIRECTION('',(1.,0.,0.));
#11118 = PCURVE('',#10716,#11119);
#11119 = DEFINITIONAL_REPRESENTATION('',(#11120),#11124);
#11120 = LINE('',#11121,#11122);
#11121 = CARTESIAN_POINT('',(115.,0.));
#11122 = VECTOR('',#11123,1.);
#11123 = DIRECTION('',(0.,1.));
#11124 = ( GEOMETRIC_REPRESENTATION_CONTEXT(2) 
PARAMETRIC_REPRESENTATION_CONTEXT() REPRESENTATION_CONTEXT('2D SPACE',''
  ) );
#11125 = PCURVE('',#11067,#11126);
#11126 = DEFINITIONAL_REPRESENTATION('',(#11127),#11131);
#11127 = LINE('',#11128,#11129);
#11128 = CARTESIAN_POINT('',(0.,0.));
#11129 = VECTOR('',#11130,1.);
#11130 = DIRECTION('',(0.,1.));
#11131 = ( GEOMETRIC_REPRESENTATION_CONTEXT(2) 
PARAMETRIC_REPRESENTATION_CONTEXT() REPRESENTATION_CONTEXT('2D SPACE',''
  ) );
#11132 = ORIENTED_EDGE('',*,*,#11133,.F.);
#11133 = EDGE_CURVE('',#11134,#11111,#11136,.T.);
#11134 = VERTEX_POINT('',#11135);
#11135 = CARTESIAN_POINT('',(1.33E+03,-292.5,378.5));
#11136 = SURFACE_CURVE('',#11137,(#11141,#11148),.PCURVE_S1.);
#11137 = LINE('',#11138,#11139);
#11138 = CARTESIAN_POINT('',(1.33E+03,-292.5,318.5));
#11139 = VECTOR('',#11140,1.);
#11140 = DIRECTION('',(0.,0.,1.));
#11141 = PCURVE('',#10716,#11142);
#11142 = DEFINITIONAL_REPRESENTATION('',(#11143),#11147);
#11143 = LINE('',#11144,#11145);
#11144 = CARTESIAN_POINT('',(0.,390.));
#11145 = VECTOR('',#11146,1.);
#11146 = DIRECTION('',(1.,0.));
#11147 = ( GEOMETRIC_REPRESENTATION_CONTEXT(2) 
PARAMETRIC_REPRESENTATION_CONTEXT() REPRESENTATION_CONTEXT('2D SPACE',''
  ) );
#11148 = PCURVE('',#11149,#11154);
#11149 = CYLINDRICAL_SURFACE('',#11150,60.);
#11150 = AXIS2_PLACEMENT_3D('',#11151,#11152,#11153);
#11151 = CARTESIAN_POINT('',(1.33E+03,-352.5,318.5));
#11152 = DIRECTION('',(0.,0.,1.));
#11153 = DIRECTION('',(1.,0.,-0.));
#11154 = DEFINITIONAL_REPRESENTATION('',(#11155),#11159);
#11155 = LINE('',#11156,#11157);
#11156 = CARTESIAN_POINT('',(1.570796326795,0.));
#11157 = VECTOR('',#11158,1.);
#11158 = DIRECTION('',(0.,1.));
#11159 = ( GEOMETRIC_REPRESENTATION_CONTEXT(2) 
PARAMETRIC_REPRESENTATION_CONTEXT() REPRESENTATION_CONTEXT('2D SPACE',''
  ) );
#11160 = ORIENTED_EDGE('',*,*,#11161,.F.);
#11161 = EDGE_CURVE('',#10677,#11134,#11162,.T.);
#11162 = SURFACE_CURVE('',#11163,(#11167,#11174),.PCURVE_S1.);
#11163 = LINE('',#11164,#11165);
#11164 = CARTESIAN_POINT('',(940.,-292.5,378.5));
#11165 = VECTOR('',#11166,1.);
#11166 = DIRECTION('',(1.,0.,0.));
#11167 = PCURVE('',#10716,#11168);
#11168 = DEFINITIONAL_REPRESENTATION('',(#11169),#11173);
#11169 = LINE('',#11170,#11171);
#11170 = CARTESIAN_POINT('',(60.,0.));
#11171 = VECTOR('',#11172,1.);
#11172 = DIRECTION('',(0.,1.));
#11173 = ( GEOMETRIC_REPRESENTATION_CONTEXT(2) 
PARAMETRIC_REPRESENTATION_CONTEXT() REPRESENTATION_CONTEXT('2D SPACE',''
  ) );
#11174 = PCURVE('',#10959,#11175);
#11175 = DEFINITIONAL_REPRESENTATION('',(#11176),#11180);
#11176 = LINE('',#11177,#11178);
#11177 = CARTESIAN_POINT('',(-0.,0.));
#11178 = VECTOR('',#11179,1.);
#11179 = DIRECTION('',(-0.,1.));
#11180 = ( GEOMETRIC_REPRESENTATION_CONTEXT(2) 
PARAMETRIC_REPRESENTATION_CONTEXT() REPRESENTATION_CONTEXT('2D SPACE',''
  ) );
#11181 = ADVANCED_FACE('',(#11182),#10769,.T.);
#11182 = FACE_BOUND('',#11183,.T.);
#11183 = EDGE_LOOP('',(#11184,#11185,#11186,#11213));
#11184 = ORIENTED_EDGE('',*,*,#10754,.F.);
#11185 = ORIENTED_EDGE('',*,*,#10894,.T.);
#11186 = ORIENTED_EDGE('',*,*,#11187,.T.);
#11187 = EDGE_CURVE('',#10895,#10842,#11188,.T.);
#11188 = SURFACE_CURVE('',#11189,(#11194,#11201),.PCURVE_S1.);
#11189 = CIRCLE('',#11190,60.);
#11190 = AXIS2_PLACEMENT_3D('',#11191,#11192,#11193);
#11191 = CARTESIAN_POINT('',(1.33E+03,-377.5,378.5));
#11192 = DIRECTION('',(-1.,-6.123233995737E-17,0.));
#11193 = DIRECTION('',(6.123233995737E-17,-1.,-0.));
#11194 = PCURVE('',#10769,#11195);
#11195 = DEFINITIONAL_REPRESENTATION('',(#11196),#11200);
#11196 = LINE('',#11197,#11198);
#11197 = CARTESIAN_POINT('',(6.28318530718,390.));
#11198 = VECTOR('',#11199,1.);
#11199 = DIRECTION('',(-1.,-0.));
#11200 = ( GEOMETRIC_REPRESENTATION_CONTEXT(2) 
PARAMETRIC_REPRESENTATION_CONTEXT() REPRESENTATION_CONTEXT('2D SPACE',''
  ) );
#11201 = PCURVE('',#11202,#11207);
#11202 = SPHERICAL_SURFACE('',#11203,60.);
#11203 = AXIS2_PLACEMENT_3D('',#11204,#11205,#11206);
#11204 = CARTESIAN_POINT('',(1.33E+03,-377.5,378.5));
#11205 = DIRECTION('',(0.,0.,1.));
#11206 = DIRECTION('',(1.,0.,-0.));
#11207 = DEFINITIONAL_REPRESENTATION('',(#11208),#11212);
#11208 = LINE('',#11209,#11210);
#11209 = CARTESIAN_POINT('',(-1.570796326795,-6.28318530718));
#11210 = VECTOR('',#11211,1.);
#11211 = DIRECTION('',(-0.,1.));
#11212 = ( GEOMETRIC_REPRESENTATION_CONTEXT(2) 
PARAMETRIC_REPRESENTATION_CONTEXT() REPRESENTATION_CONTEXT('2D SPACE',''
  ) );
#11213 = ORIENTED_EDGE('',*,*,#10869,.F.);
#11214 = ADVANCED_FACE('',(#11215),#10801,.T.);
#11215 = FACE_BOUND('',#11216,.F.);
#11216 = EDGE_LOOP('',(#11217,#11218,#11219,#11246));
#11217 = ORIENTED_EDGE('',*,*,#10786,.F.);
#11218 = ORIENTED_EDGE('',*,*,#11002,.T.);
#11219 = ORIENTED_EDGE('',*,*,#11220,.T.);
#11220 = EDGE_CURVE('',#11003,#10819,#11221,.T.);
#11221 = SURFACE_CURVE('',#11222,(#11227,#11234),.PCURVE_S1.);
#11222 = CIRCLE('',#11223,60.);
#11223 = AXIS2_PLACEMENT_3D('',#11224,#11225,#11226);
#11224 = CARTESIAN_POINT('',(1.33E+03,-377.5,433.5));
#11225 = DIRECTION('',(1.,6.123233995737E-17,0.));
#11226 = DIRECTION('',(6.123233995737E-17,-1.,0.));
#11227 = PCURVE('',#10801,#11228);
#11228 = DEFINITIONAL_REPRESENTATION('',(#11229),#11233);
#11229 = LINE('',#11230,#11231);
#11230 = CARTESIAN_POINT('',(-6.28318530718,390.));
#11231 = VECTOR('',#11232,1.);
#11232 = DIRECTION('',(1.,-0.));
#11233 = ( GEOMETRIC_REPRESENTATION_CONTEXT(2) 
PARAMETRIC_REPRESENTATION_CONTEXT() REPRESENTATION_CONTEXT('2D SPACE',''
  ) );
#11234 = PCURVE('',#11235,#11240);
#11235 = SPHERICAL_SURFACE('',#11236,60.);
#11236 = AXIS2_PLACEMENT_3D('',#11237,#11238,#11239);
#11237 = CARTESIAN_POINT('',(1.33E+03,-377.5,433.5));
#11238 = DIRECTION('',(-0.,-0.,-1.));
#11239 = DIRECTION('',(1.,0.,0.));
#11240 = DEFINITIONAL_REPRESENTATION('',(#11241),#11245);
#11241 = LINE('',#11242,#11243);
#11242 = CARTESIAN_POINT('',(1.570796326795,-6.28318530718));
#11243 = VECTOR('',#11244,1.);
#11244 = DIRECTION('',(0.,1.));
#11245 = ( GEOMETRIC_REPRESENTATION_CONTEXT(2) 
PARAMETRIC_REPRESENTATION_CONTEXT() REPRESENTATION_CONTEXT('2D SPACE',''
  ) );
#11246 = ORIENTED_EDGE('',*,*,#10818,.F.);
#11247 = ADVANCED_FACE('',(#11248),#10857,.T.);
#11248 = FACE_BOUND('',#11249,.F.);
#11249 = EDGE_LOOP('',(#11250,#11280,#11302,#11303));
#11250 = ORIENTED_EDGE('',*,*,#11251,.F.);
#11251 = EDGE_CURVE('',#11252,#11254,#11256,.T.);
#11252 = VERTEX_POINT('',#11253);
#11253 = CARTESIAN_POINT('',(1.39E+03,-377.5,378.5));
#11254 = VERTEX_POINT('',#11255);
#11255 = CARTESIAN_POINT('',(1.39E+03,-377.5,433.5));
#11256 = SURFACE_CURVE('',#11257,(#11261,#11268),.PCURVE_S1.);
#11257 = LINE('',#11258,#11259);
#11258 = CARTESIAN_POINT('',(1.39E+03,-377.5,318.5));
#11259 = VECTOR('',#11260,1.);
#11260 = DIRECTION('',(0.,0.,1.));
#11261 = PCURVE('',#10857,#11262);
#11262 = DEFINITIONAL_REPRESENTATION('',(#11263),#11267);
#11263 = LINE('',#11264,#11265);
#11264 = CARTESIAN_POINT('',(-0.,0.));
#11265 = VECTOR('',#11266,1.);
#11266 = DIRECTION('',(-0.,1.));
#11267 = ( GEOMETRIC_REPRESENTATION_CONTEXT(2) 
PARAMETRIC_REPRESENTATION_CONTEXT() REPRESENTATION_CONTEXT('2D SPACE',''
  ) );
#11268 = PCURVE('',#11269,#11274);
#11269 = PLANE('',#11270);
#11270 = AXIS2_PLACEMENT_3D('',#11271,#11272,#11273);
#11271 = CARTESIAN_POINT('',(1.39E+03,-437.5,318.5));
#11272 = DIRECTION('',(1.,0.,0.));
#11273 = DIRECTION('',(0.,0.,1.));
#11274 = DEFINITIONAL_REPRESENTATION('',(#11275),#11279);
#11275 = LINE('',#11276,#11277);
#11276 = CARTESIAN_POINT('',(0.,-60.));
#11277 = VECTOR('',#11278,1.);
#11278 = DIRECTION('',(1.,0.));
#11279 = ( GEOMETRIC_REPRESENTATION_CONTEXT(2) 
PARAMETRIC_REPRESENTATION_CONTEXT() REPRESENTATION_CONTEXT('2D SPACE',''
  ) );
#11280 = ORIENTED_EDGE('',*,*,#11281,.T.);
#11281 = EDGE_CURVE('',#11252,#10842,#11282,.T.);
#11282 = SURFACE_CURVE('',#11283,(#11288,#11295),.PCURVE_S1.);
#11283 = CIRCLE('',#11284,60.);
#11284 = AXIS2_PLACEMENT_3D('',#11285,#11286,#11287);
#11285 = CARTESIAN_POINT('',(1.33E+03,-377.5,378.5));
#11286 = DIRECTION('',(0.,-0.,-1.));
#11287 = DIRECTION('',(1.,0.,-0.));
#11288 = PCURVE('',#10857,#11289);
#11289 = DEFINITIONAL_REPRESENTATION('',(#11290),#11294);
#11290 = LINE('',#11291,#11292);
#11291 = CARTESIAN_POINT('',(-0.,60.));
#11292 = VECTOR('',#11293,1.);
#11293 = DIRECTION('',(-1.,0.));
#11294 = ( GEOMETRIC_REPRESENTATION_CONTEXT(2) 
PARAMETRIC_REPRESENTATION_CONTEXT() REPRESENTATION_CONTEXT('2D SPACE',''
  ) );
#11295 = PCURVE('',#11202,#11296);
#11296 = DEFINITIONAL_REPRESENTATION('',(#11297),#11301);
#11297 = LINE('',#11298,#11299);
#11298 = CARTESIAN_POINT('',(-0.,0.));
#11299 = VECTOR('',#11300,1.);
#11300 = DIRECTION('',(-1.,0.));
#11301 = ( GEOMETRIC_REPRESENTATION_CONTEXT(2) 
PARAMETRIC_REPRESENTATION_CONTEXT() REPRESENTATION_CONTEXT('2D SPACE',''
  ) );
#11302 = ORIENTED_EDGE('',*,*,#10841,.T.);
#11303 = ORIENTED_EDGE('',*,*,#11304,.F.);
#11304 = EDGE_CURVE('',#11254,#10819,#11305,.T.);
#11305 = SURFACE_CURVE('',#11306,(#11311,#11318),.PCURVE_S1.);
#11306 = CIRCLE('',#11307,60.);
#11307 = AXIS2_PLACEMENT_3D('',#11308,#11309,#11310);
#11308 = CARTESIAN_POINT('',(1.33E+03,-377.5,433.5));
#11309 = DIRECTION('',(0.,0.,-1.));
#11310 = DIRECTION('',(1.,0.,0.));
#11311 = PCURVE('',#10857,#11312);
#11312 = DEFINITIONAL_REPRESENTATION('',(#11313),#11317);
#11313 = LINE('',#11314,#11315);
#11314 = CARTESIAN_POINT('',(-0.,115.));
#11315 = VECTOR('',#11316,1.);
#11316 = DIRECTION('',(-1.,0.));
#11317 = ( GEOMETRIC_REPRESENTATION_CONTEXT(2) 
PARAMETRIC_REPRESENTATION_CONTEXT() REPRESENTATION_CONTEXT('2D SPACE',''
  ) );
#11318 = PCURVE('',#11235,#11319);
#11319 = DEFINITIONAL_REPRESENTATION('',(#11320),#11324);
#11320 = LINE('',#11321,#11322);
#11321 = CARTESIAN_POINT('',(0.,0.));
#11322 = VECTOR('',#11323,1.);
#11323 = DIRECTION('',(1.,0.));
#11324 = ( GEOMETRIC_REPRESENTATION_CONTEXT(2) 
PARAMETRIC_REPRESENTATION_CONTEXT() REPRESENTATION_CONTEXT('2D SPACE',''
  ) );
#11325 = ADVANCED_FACE('',(#11326),#10959,.T.);
#11326 = FACE_BOUND('',#11327,.F.);
#11327 = EDGE_LOOP('',(#11328,#11329,#11330,#11357));
#11328 = ORIENTED_EDGE('',*,*,#10975,.F.);
#11329 = ORIENTED_EDGE('',*,*,#10945,.T.);
#11330 = ORIENTED_EDGE('',*,*,#11331,.T.);
#11331 = EDGE_CURVE('',#10918,#11134,#11332,.T.);
#11332 = SURFACE_CURVE('',#11333,(#11338,#11345),.PCURVE_S1.);
#11333 = CIRCLE('',#11334,60.);
#11334 = AXIS2_PLACEMENT_3D('',#11335,#11336,#11337);
#11335 = CARTESIAN_POINT('',(1.33E+03,-352.5,378.5));
#11336 = DIRECTION('',(1.,-6.123233995737E-17,0.));
#11337 = DIRECTION('',(6.123233995737E-17,1.,0.));
#11338 = PCURVE('',#10959,#11339);
#11339 = DEFINITIONAL_REPRESENTATION('',(#11340),#11344);
#11340 = LINE('',#11341,#11342);
#11341 = CARTESIAN_POINT('',(-6.28318530718,390.));
#11342 = VECTOR('',#11343,1.);
#11343 = DIRECTION('',(1.,-0.));
#11344 = ( GEOMETRIC_REPRESENTATION_CONTEXT(2) 
PARAMETRIC_REPRESENTATION_CONTEXT() REPRESENTATION_CONTEXT('2D SPACE',''
  ) );
#11345 = PCURVE('',#11346,#11351);
#11346 = SPHERICAL_SURFACE('',#11347,60.);
#11347 = AXIS2_PLACEMENT_3D('',#11348,#11349,#11350);
#11348 = CARTESIAN_POINT('',(1.33E+03,-352.5,378.5));
#11349 = DIRECTION('',(0.,0.,1.));
#11350 = DIRECTION('',(1.,0.,-0.));
#11351 = DEFINITIONAL_REPRESENTATION('',(#11352),#11356);
#11352 = LINE('',#11353,#11354);
#11353 = CARTESIAN_POINT('',(1.570796326795,-6.28318530718));
#11354 = VECTOR('',#11355,1.);
#11355 = DIRECTION('',(0.,1.));
#11356 = ( GEOMETRIC_REPRESENTATION_CONTEXT(2) 
PARAMETRIC_REPRESENTATION_CONTEXT() REPRESENTATION_CONTEXT('2D SPACE',''
  ) );
#11357 = ORIENTED_EDGE('',*,*,#11161,.F.);
#11358 = ADVANCED_FACE('',(#11359),#10933,.T.);
#11359 = FACE_BOUND('',#11360,.T.);
#11360 = EDGE_LOOP('',(#11361,#11383,#11384,#11408));
#11361 = ORIENTED_EDGE('',*,*,#11362,.F.);
#11362 = EDGE_CURVE('',#10895,#11252,#11363,.T.);
#11363 = SURFACE_CURVE('',#11364,(#11369,#11376),.PCURVE_S1.);
#11364 = CIRCLE('',#11365,60.);
#11365 = AXIS2_PLACEMENT_3D('',#11366,#11367,#11368);
#11366 = CARTESIAN_POINT('',(1.33E+03,-377.5,378.5));
#11367 = DIRECTION('',(0.,-1.,0.));
#11368 = DIRECTION('',(1.,0.,0.));
#11369 = PCURVE('',#10933,#11370);
#11370 = DEFINITIONAL_REPRESENTATION('',(#11371),#11375);
#11371 = LINE('',#11372,#11373);
#11372 = CARTESIAN_POINT('',(6.28318530718,60.));
#11373 = VECTOR('',#11374,1.);
#11374 = DIRECTION('',(-1.,-0.));
#11375 = ( GEOMETRIC_REPRESENTATION_CONTEXT(2) 
PARAMETRIC_REPRESENTATION_CONTEXT() REPRESENTATION_CONTEXT('2D SPACE',''
  ) );
#11376 = PCURVE('',#11202,#11377);
#11377 = DEFINITIONAL_REPRESENTATION('',(#11378),#11382);
#11378 = LINE('',#11379,#11380);
#11379 = CARTESIAN_POINT('',(-0.,-6.28318530718));
#11380 = VECTOR('',#11381,1.);
#11381 = DIRECTION('',(-0.,1.));
#11382 = ( GEOMETRIC_REPRESENTATION_CONTEXT(2) 
PARAMETRIC_REPRESENTATION_CONTEXT() REPRESENTATION_CONTEXT('2D SPACE',''
  ) );
#11383 = ORIENTED_EDGE('',*,*,#10917,.T.);
#11384 = ORIENTED_EDGE('',*,*,#11385,.T.);
#11385 = EDGE_CURVE('',#10918,#11386,#11388,.T.);
#11386 = VERTEX_POINT('',#11387);
#11387 = CARTESIAN_POINT('',(1.39E+03,-352.5,378.5));
#11388 = SURFACE_CURVE('',#11389,(#11394,#11401),.PCURVE_S1.);
#11389 = CIRCLE('',#11390,60.);
#11390 = AXIS2_PLACEMENT_3D('',#11391,#11392,#11393);
#11391 = CARTESIAN_POINT('',(1.33E+03,-352.5,378.5));
#11392 = DIRECTION('',(0.,-1.,0.));
#11393 = DIRECTION('',(1.,0.,0.));
#11394 = PCURVE('',#10933,#11395);
#11395 = DEFINITIONAL_REPRESENTATION('',(#11396),#11400);
#11396 = LINE('',#11397,#11398);
#11397 = CARTESIAN_POINT('',(6.28318530718,85.));
#11398 = VECTOR('',#11399,1.);
#11399 = DIRECTION('',(-1.,-0.));
#11400 = ( GEOMETRIC_REPRESENTATION_CONTEXT(2) 
PARAMETRIC_REPRESENTATION_CONTEXT() REPRESENTATION_CONTEXT('2D SPACE',''
  ) );
#11401 = PCURVE('',#11346,#11402);
#11402 = DEFINITIONAL_REPRESENTATION('',(#11403),#11407);
#11403 = LINE('',#11404,#11405);
#11404 = CARTESIAN_POINT('',(0.,-6.28318530718));
#11405 = VECTOR('',#11406,1.);
#11406 = DIRECTION('',(0.,1.));
#11407 = ( GEOMETRIC_REPRESENTATION_CONTEXT(2) 
PARAMETRIC_REPRESENTATION_CONTEXT() REPRESENTATION_CONTEXT('2D SPACE',''
  ) );
#11408 = ORIENTED_EDGE('',*,*,#11409,.F.);
#11409 = EDGE_CURVE('',#11252,#11386,#11410,.T.);
#11410 = SURFACE_CURVE('',#11411,(#11415,#11422),.PCURVE_S1.);
#11411 = LINE('',#11412,#11413);
#11412 = CARTESIAN_POINT('',(1.39E+03,-437.5,378.5));
#11413 = VECTOR('',#11414,1.);
#11414 = DIRECTION('',(0.,1.,0.));
#11415 = PCURVE('',#10933,#11416);
#11416 = DEFINITIONAL_REPRESENTATION('',(#11417),#11421);
#11417 = LINE('',#11418,#11419);
#11418 = CARTESIAN_POINT('',(0.,0.));
#11419 = VECTOR('',#11420,1.);
#11420 = DIRECTION('',(0.,1.));
#11421 = ( GEOMETRIC_REPRESENTATION_CONTEXT(2) 
PARAMETRIC_REPRESENTATION_CONTEXT() REPRESENTATION_CONTEXT('2D SPACE',''
  ) );
#11422 = PCURVE('',#11269,#11423);
#11423 = DEFINITIONAL_REPRESENTATION('',(#11424),#11428);
#11424 = LINE('',#11425,#11426);
#11425 = CARTESIAN_POINT('',(60.,0.));
#11426 = VECTOR('',#11427,1.);
#11427 = DIRECTION('',(0.,-1.));
#11428 = ( GEOMETRIC_REPRESENTATION_CONTEXT(2) 
PARAMETRIC_REPRESENTATION_CONTEXT() REPRESENTATION_CONTEXT('2D SPACE',''
  ) );
#11429 = ADVANCED_FACE('',(#11430),#11067,.T.);
#11430 = FACE_BOUND('',#11431,.T.);
#11431 = EDGE_LOOP('',(#11432,#11433,#11434,#11461));
#11432 = ORIENTED_EDGE('',*,*,#11083,.T.);
#11433 = ORIENTED_EDGE('',*,*,#11053,.T.);
#11434 = ORIENTED_EDGE('',*,*,#11435,.F.);
#11435 = EDGE_CURVE('',#11111,#11026,#11436,.T.);
#11436 = SURFACE_CURVE('',#11437,(#11442,#11449),.PCURVE_S1.);
#11437 = CIRCLE('',#11438,60.);
#11438 = AXIS2_PLACEMENT_3D('',#11439,#11440,#11441);
#11439 = CARTESIAN_POINT('',(1.33E+03,-352.5,433.5));
#11440 = DIRECTION('',(1.,0.,-6.123233995737E-17));
#11441 = DIRECTION('',(6.123233995737E-17,0.,1.));
#11442 = PCURVE('',#11067,#11443);
#11443 = DEFINITIONAL_REPRESENTATION('',(#11444),#11448);
#11444 = LINE('',#11445,#11446);
#11445 = CARTESIAN_POINT('',(-4.712388980385,390.));
#11446 = VECTOR('',#11447,1.);
#11447 = DIRECTION('',(1.,0.));
#11448 = ( GEOMETRIC_REPRESENTATION_CONTEXT(2) 
PARAMETRIC_REPRESENTATION_CONTEXT() REPRESENTATION_CONTEXT('2D SPACE',''
  ) );
#11449 = PCURVE('',#11450,#11455);
#11450 = SPHERICAL_SURFACE('',#11451,60.);
#11451 = AXIS2_PLACEMENT_3D('',#11452,#11453,#11454);
#11452 = CARTESIAN_POINT('',(1.33E+03,-352.5,433.5));
#11453 = DIRECTION('',(-0.,-1.,-0.));
#11454 = DIRECTION('',(1.,-0.,0.));
#11455 = DEFINITIONAL_REPRESENTATION('',(#11456),#11460);
#11456 = LINE('',#11457,#11458);
#11457 = CARTESIAN_POINT('',(1.570796326795,-6.28318530718));
#11458 = VECTOR('',#11459,1.);
#11459 = DIRECTION('',(0.,1.));
#11460 = ( GEOMETRIC_REPRESENTATION_CONTEXT(2) 
PARAMETRIC_REPRESENTATION_CONTEXT() REPRESENTATION_CONTEXT('2D SPACE',''
  ) );
#11461 = ORIENTED_EDGE('',*,*,#11110,.F.);
#11462 = ADVANCED_FACE('',(#11463),#11041,.T.);
#11463 = FACE_BOUND('',#11464,.F.);
#11464 = EDGE_LOOP('',(#11465,#11487,#11488,#11512));
#11465 = ORIENTED_EDGE('',*,*,#11466,.F.);
#11466 = EDGE_CURVE('',#11003,#11254,#11467,.T.);
#11467 = SURFACE_CURVE('',#11468,(#11473,#11480),.PCURVE_S1.);
#11468 = CIRCLE('',#11469,60.);
#11469 = AXIS2_PLACEMENT_3D('',#11470,#11471,#11472);
#11470 = CARTESIAN_POINT('',(1.33E+03,-377.5,433.5));
#11471 = DIRECTION('',(-0.,1.,0.));
#11472 = DIRECTION('',(1.,0.,0.));
#11473 = PCURVE('',#11041,#11474);
#11474 = DEFINITIONAL_REPRESENTATION('',(#11475),#11479);
#11475 = LINE('',#11476,#11477);
#11476 = CARTESIAN_POINT('',(-6.28318530718,60.));
#11477 = VECTOR('',#11478,1.);
#11478 = DIRECTION('',(1.,-0.));
#11479 = ( GEOMETRIC_REPRESENTATION_CONTEXT(2) 
PARAMETRIC_REPRESENTATION_CONTEXT() REPRESENTATION_CONTEXT('2D SPACE',''
  ) );
#11480 = PCURVE('',#11235,#11481);
#11481 = DEFINITIONAL_REPRESENTATION('',(#11482),#11486);
#11482 = LINE('',#11483,#11484);
#11483 = CARTESIAN_POINT('',(0.,-6.28318530718));
#11484 = VECTOR('',#11485,1.);
#11485 = DIRECTION('',(0.,1.));
#11486 = ( GEOMETRIC_REPRESENTATION_CONTEXT(2) 
PARAMETRIC_REPRESENTATION_CONTEXT() REPRESENTATION_CONTEXT('2D SPACE',''
  ) );
#11487 = ORIENTED_EDGE('',*,*,#11025,.T.);
#11488 = ORIENTED_EDGE('',*,*,#11489,.F.);
#11489 = EDGE_CURVE('',#11490,#11026,#11492,.T.);
#11490 = VERTEX_POINT('',#11491);
#11491 = CARTESIAN_POINT('',(1.39E+03,-352.5,433.5));
#11492 = SURFACE_CURVE('',#11493,(#11498,#11505),.PCURVE_S1.);
#11493 = CIRCLE('',#11494,60.);
#11494 = AXIS2_PLACEMENT_3D('',#11495,#11496,#11497);
#11495 = CARTESIAN_POINT('',(1.33E+03,-352.5,433.5));
#11496 = DIRECTION('',(-0.,-1.,0.));
#11497 = DIRECTION('',(1.,-0.,0.));
#11498 = PCURVE('',#11041,#11499);
#11499 = DEFINITIONAL_REPRESENTATION('',(#11500),#11504);
#11500 = LINE('',#11501,#11502);
#11501 = CARTESIAN_POINT('',(-0.,85.));
#11502 = VECTOR('',#11503,1.);
#11503 = DIRECTION('',(-1.,0.));
#11504 = ( GEOMETRIC_REPRESENTATION_CONTEXT(2) 
PARAMETRIC_REPRESENTATION_CONTEXT() REPRESENTATION_CONTEXT('2D SPACE',''
  ) );
#11505 = PCURVE('',#11450,#11506);
#11506 = DEFINITIONAL_REPRESENTATION('',(#11507),#11511);
#11507 = LINE('',#11508,#11509);
#11508 = CARTESIAN_POINT('',(0.,0.));
#11509 = VECTOR('',#11510,1.);
#11510 = DIRECTION('',(1.,0.));
#11511 = ( GEOMETRIC_REPRESENTATION_CONTEXT(2) 
PARAMETRIC_REPRESENTATION_CONTEXT() REPRESENTATION_CONTEXT('2D SPACE',''
  ) );
#11512 = ORIENTED_EDGE('',*,*,#11513,.F.);
#11513 = EDGE_CURVE('',#11254,#11490,#11514,.T.);
#11514 = SURFACE_CURVE('',#11515,(#11519,#11526),.PCURVE_S1.);
#11515 = LINE('',#11516,#11517);
#11516 = CARTESIAN_POINT('',(1.39E+03,-437.5,433.5));
#11517 = VECTOR('',#11518,1.);
#11518 = DIRECTION('',(0.,1.,0.));
#11519 = PCURVE('',#11041,#11520);
#11520 = DEFINITIONAL_REPRESENTATION('',(#11521),#11525);
#11521 = LINE('',#11522,#11523);
#11522 = CARTESIAN_POINT('',(-0.,0.));
#11523 = VECTOR('',#11524,1.);
#11524 = DIRECTION('',(-0.,1.));
#11525 = ( GEOMETRIC_REPRESENTATION_CONTEXT(2) 
PARAMETRIC_REPRESENTATION_CONTEXT() REPRESENTATION_CONTEXT('2D SPACE',''
  ) );
#11526 = PCURVE('',#11269,#11527);
#11527 = DEFINITIONAL_REPRESENTATION('',(#11528),#11532);
#11528 = LINE('',#11529,#11530);
#11529 = CARTESIAN_POINT('',(115.,0.));
#11530 = VECTOR('',#11531,1.);
#11531 = DIRECTION('',(0.,-1.));
#11532 = ( GEOMETRIC_REPRESENTATION_CONTEXT(2) 
PARAMETRIC_REPRESENTATION_CONTEXT() REPRESENTATION_CONTEXT('2D SPACE',''
  ) );
#11533 = ADVANCED_FACE('',(#11534),#11149,.T.);
#11534 = FACE_BOUND('',#11535,.T.);
#11535 = EDGE_LOOP('',(#11536,#11557,#11579,#11580));
#11536 = ORIENTED_EDGE('',*,*,#11537,.F.);
#11537 = EDGE_CURVE('',#11386,#11490,#11538,.T.);
#11538 = SURFACE_CURVE('',#11539,(#11543,#11550),.PCURVE_S1.);
#11539 = LINE('',#11540,#11541);
#11540 = CARTESIAN_POINT('',(1.39E+03,-352.5,318.5));
#11541 = VECTOR('',#11542,1.);
#11542 = DIRECTION('',(0.,0.,1.));
#11543 = PCURVE('',#11149,#11544);
#11544 = DEFINITIONAL_REPRESENTATION('',(#11545),#11549);
#11545 = LINE('',#11546,#11547);
#11546 = CARTESIAN_POINT('',(0.,0.));
#11547 = VECTOR('',#11548,1.);
#11548 = DIRECTION('',(0.,1.));
#11549 = ( GEOMETRIC_REPRESENTATION_CONTEXT(2) 
PARAMETRIC_REPRESENTATION_CONTEXT() REPRESENTATION_CONTEXT('2D SPACE',''
  ) );
#11550 = PCURVE('',#11269,#11551);
#11551 = DEFINITIONAL_REPRESENTATION('',(#11552),#11556);
#11552 = LINE('',#11553,#11554);
#11553 = CARTESIAN_POINT('',(0.,-85.));
#11554 = VECTOR('',#11555,1.);
#11555 = DIRECTION('',(1.,0.));
#11556 = ( GEOMETRIC_REPRESENTATION_CONTEXT(2) 
PARAMETRIC_REPRESENTATION_CONTEXT() REPRESENTATION_CONTEXT('2D SPACE',''
  ) );
#11557 = ORIENTED_EDGE('',*,*,#11558,.T.);
#11558 = EDGE_CURVE('',#11386,#11134,#11559,.T.);
#11559 = SURFACE_CURVE('',#11560,(#11565,#11572),.PCURVE_S1.);
#11560 = CIRCLE('',#11561,60.);
#11561 = AXIS2_PLACEMENT_3D('',#11562,#11563,#11564);
#11562 = CARTESIAN_POINT('',(1.33E+03,-352.5,378.5));
#11563 = DIRECTION('',(0.,0.,1.));
#11564 = DIRECTION('',(1.,0.,-0.));
#11565 = PCURVE('',#11149,#11566);
#11566 = DEFINITIONAL_REPRESENTATION('',(#11567),#11571);
#11567 = LINE('',#11568,#11569);
#11568 = CARTESIAN_POINT('',(0.,60.));
#11569 = VECTOR('',#11570,1.);
#11570 = DIRECTION('',(1.,0.));
#11571 = ( GEOMETRIC_REPRESENTATION_CONTEXT(2) 
PARAMETRIC_REPRESENTATION_CONTEXT() REPRESENTATION_CONTEXT('2D SPACE',''
  ) );
#11572 = PCURVE('',#11346,#11573);
#11573 = DEFINITIONAL_REPRESENTATION('',(#11574),#11578);
#11574 = LINE('',#11575,#11576);
#11575 = CARTESIAN_POINT('',(0.,0.));
#11576 = VECTOR('',#11577,1.);
#11577 = DIRECTION('',(1.,0.));
#11578 = ( GEOMETRIC_REPRESENTATION_CONTEXT(2) 
PARAMETRIC_REPRESENTATION_CONTEXT() REPRESENTATION_CONTEXT('2D SPACE',''
  ) );
#11579 = ORIENTED_EDGE('',*,*,#11133,.T.);
#11580 = ORIENTED_EDGE('',*,*,#11581,.T.);
#11581 = EDGE_CURVE('',#11111,#11490,#11582,.T.);
#11582 = SURFACE_CURVE('',#11583,(#11588,#11595),.PCURVE_S1.);
#11583 = CIRCLE('',#11584,60.);
#11584 = AXIS2_PLACEMENT_3D('',#11585,#11586,#11587);
#11585 = CARTESIAN_POINT('',(1.33E+03,-352.5,433.5));
#11586 = DIRECTION('',(0.,0.,-1.));
#11587 = DIRECTION('',(1.,0.,0.));
#11588 = PCURVE('',#11149,#11589);
#11589 = DEFINITIONAL_REPRESENTATION('',(#11590),#11594);
#11590 = LINE('',#11591,#11592);
#11591 = CARTESIAN_POINT('',(6.28318530718,115.));
#11592 = VECTOR('',#11593,1.);
#11593 = DIRECTION('',(-1.,-0.));
#11594 = ( GEOMETRIC_REPRESENTATION_CONTEXT(2) 
PARAMETRIC_REPRESENTATION_CONTEXT() REPRESENTATION_CONTEXT('2D SPACE',''
  ) );
#11595 = PCURVE('',#11450,#11596);
#11596 = DEFINITIONAL_REPRESENTATION('',(#11597),#11601);
#11597 = LINE('',#11598,#11599);
#11598 = CARTESIAN_POINT('',(0.,-6.28318530718));
#11599 = VECTOR('',#11600,1.);
#11600 = DIRECTION('',(0.,1.));
#11601 = ( GEOMETRIC_REPRESENTATION_CONTEXT(2) 
PARAMETRIC_REPRESENTATION_CONTEXT() REPRESENTATION_CONTEXT('2D SPACE',''
  ) );
#11602 = ADVANCED_FACE('',(#11603),#11202,.T.);
#11603 = FACE_BOUND('',#11604,.F.);
#11604 = EDGE_LOOP('',(#11605,#11606,#11607));
#11605 = ORIENTED_EDGE('',*,*,#11362,.F.);
#11606 = ORIENTED_EDGE('',*,*,#11187,.T.);
#11607 = ORIENTED_EDGE('',*,*,#11281,.F.);
#11608 = ADVANCED_FACE('',(#11609),#11235,.T.);
#11609 = FACE_BOUND('',#11610,.T.);
#11610 = EDGE_LOOP('',(#11611,#11612,#11613));
#11611 = ORIENTED_EDGE('',*,*,#11466,.F.);
#11612 = ORIENTED_EDGE('',*,*,#11220,.T.);
#11613 = ORIENTED_EDGE('',*,*,#11304,.F.);
#11614 = ADVANCED_FACE('',(#11615),#11269,.T.);
#11615 = FACE_BOUND('',#11616,.T.);
#11616 = EDGE_LOOP('',(#11617,#11618,#11619,#11620));
#11617 = ORIENTED_EDGE('',*,*,#11251,.F.);
#11618 = ORIENTED_EDGE('',*,*,#11409,.T.);
#11619 = ORIENTED_EDGE('',*,*,#11537,.T.);
#11620 = ORIENTED_EDGE('',*,*,#11513,.F.);
#11621 = ADVANCED_FACE('',(#11622),#11346,.T.);
#11622 = FACE_BOUND('',#11623,.T.);
#11623 = EDGE_LOOP('',(#11624,#11625,#11626));
#11624 = ORIENTED_EDGE('',*,*,#11385,.F.);
#11625 = ORIENTED_EDGE('',*,*,#11331,.T.);
#11626 = ORIENTED_EDGE('',*,*,#11558,.F.);
#11627 = ADVANCED_FACE('',(#11628),#11450,.T.);
#11628 = FACE_BOUND('',#11629,.T.);
#11629 = EDGE_LOOP('',(#11630,#11631,#11632));
#11630 = ORIENTED_EDGE('',*,*,#11581,.F.);
#11631 = ORIENTED_EDGE('',*,*,#11435,.T.);
#11632 = ORIENTED_EDGE('',*,*,#11489,.F.);
#11633 = ( GEOMETRIC_REPRESENTATION_CONTEXT(3) 
GLOBAL_UNCERTAINTY_ASSIGNED_CONTEXT((#11637)) 
GLOBAL_UNIT_ASSIGNED_CONTEXT((#11634,#11635,#11636)) 
REPRESENTATION_CONTEXT('Context #1',
  '3D Context with UNIT and UNCERTAINTY') );
#11634 = ( LENGTH_UNIT() NAMED_UNIT(*) SI_UNIT(.MILLI.,.METRE.) );
#11635 = ( NAMED_UNIT(*) PLANE_ANGLE_UNIT() SI_UNIT($,.RADIAN.) );
#11636 = ( NAMED_UNIT(*) SI_UNIT($,.STERADIAN.) SOLID_ANGLE_UNIT() );
#11637 = UNCERTAINTY_MEASURE_WITH_UNIT(LENGTH_MEASURE(1.E-07),#11634,
  'distance_accuracy_value','confusion accuracy');
#11638 = CONTEXT_DEPENDENT_SHAPE_REPRESENTATION(#11639,#11641);
#11639 = ( REPRESENTATION_RELATIONSHIP('','',#10294,#10) 
REPRESENTATION_RELATIONSHIP_WITH_TRANSFORMATION(#11640) 
SHAPE_REPRESENTATION_RELATIONSHIP() );
#11640 = ITEM_DEFINED_TRANSFORMATION('','',#11,#159);
#11641 = PRODUCT_DEFINITION_SHAPE('Placement','Placement of an item',
  #11642);
#11642 = NEXT_ASSEMBLY_USAGE_OCCURRENCE('37','ARM_BAG_-365','',#5,#10289
  ,$);
#11643 = PRODUCT_RELATED_PRODUCT_CATEGORY('part',$,(#10291));
#11644 = SHAPE_DEFINITION_REPRESENTATION(#11645,#11651);
#11645 = PRODUCT_DEFINITION_SHAPE('','',#11646);
#11646 = PRODUCT_DEFINITION('design','',#11647,#11650);
#11647 = PRODUCT_DEFINITION_FORMATION('','',#11648);
#11648 = PRODUCT('ARM_BAG_365','ARM_BAG_365','',(#11649));
#11649 = PRODUCT_CONTEXT('',#2,'mechanical');
#11650 = PRODUCT_DEFINITION_CONTEXT('part definition',#2,'design');
#11651 = ADVANCED_BREP_SHAPE_REPRESENTATION('',(#11,#11652),#12990);
#11652 = MANIFOLD_SOLID_BREP('',#11653);
#11653 = CLOSED_SHELL('',(#11654,#11774,#11862,#11945,#12028,#12106,
    #12138,#12170,#12246,#12327,#12354,#12435,#12462,#12538,#12571,
    #12604,#12682,#12715,#12786,#12819,#12890,#12959,#12965,#12971,
    #12978,#12984));
#11654 = ADVANCED_FACE('',(#11655),#11669,.F.);
#11655 = FACE_BOUND('',#11656,.F.);
#11656 = EDGE_LOOP('',(#11657,#11692,#11720,#11748));
#11657 = ORIENTED_EDGE('',*,*,#11658,.F.);
#11658 = EDGE_CURVE('',#11659,#11661,#11663,.T.);
#11659 = VERTEX_POINT('',#11660);
#11660 = CARTESIAN_POINT('',(940.,352.5,378.5));
#11661 = VERTEX_POINT('',#11662);
#11662 = CARTESIAN_POINT('',(940.,352.5,433.5));
#11663 = SURFACE_CURVE('',#11664,(#11668,#11680),.PCURVE_S1.);
#11664 = LINE('',#11665,#11666);
#11665 = CARTESIAN_POINT('',(940.,352.5,318.5));
#11666 = VECTOR('',#11667,1.);
#11667 = DIRECTION('',(0.,0.,1.));
#11668 = PCURVE('',#11669,#11674);
#11669 = PLANE('',#11670);
#11670 = AXIS2_PLACEMENT_3D('',#11671,#11672,#11673);
#11671 = CARTESIAN_POINT('',(940.,292.5,318.5));
#11672 = DIRECTION('',(1.,0.,0.));
#11673 = DIRECTION('',(0.,0.,1.));
#11674 = DEFINITIONAL_REPRESENTATION('',(#11675),#11679);
#11675 = LINE('',#11676,#11677);
#11676 = CARTESIAN_POINT('',(0.,-60.));
#11677 = VECTOR('',#11678,1.);
#11678 = DIRECTION('',(1.,0.));
#11679 = ( GEOMETRIC_REPRESENTATION_CONTEXT(2) 
PARAMETRIC_REPRESENTATION_CONTEXT() REPRESENTATION_CONTEXT('2D SPACE',''
  ) );
#11680 = PCURVE('',#11681,#11686);
#11681 = CYLINDRICAL_SURFACE('',#11682,60.);
#11682 = AXIS2_PLACEMENT_3D('',#11683,#11684,#11685);
#11683 = CARTESIAN_POINT('',(1.E+03,352.5,318.5));
#11684 = DIRECTION('',(0.,0.,1.));
#11685 = DIRECTION('',(-1.,-0.,0.));
#11686 = DEFINITIONAL_REPRESENTATION('',(#11687),#11691);
#11687 = LINE('',#11688,#11689);
#11688 = CARTESIAN_POINT('',(0.,0.));
#11689 = VECTOR('',#11690,1.);
#11690 = DIRECTION('',(0.,1.));
#11691 = ( GEOMETRIC_REPRESENTATION_CONTEXT(2) 
PARAMETRIC_REPRESENTATION_CONTEXT() REPRESENTATION_CONTEXT('2D SPACE',''
  ) );
#11692 = ORIENTED_EDGE('',*,*,#11693,.T.);
#11693 = EDGE_CURVE('',#11659,#11694,#11696,.T.);
#11694 = VERTEX_POINT('',#11695);
#11695 = CARTESIAN_POINT('',(940.,377.5,378.5));
#11696 = SURFACE_CURVE('',#11697,(#11701,#11708),.PCURVE_S1.);
#11697 = LINE('',#11698,#11699);
#11698 = CARTESIAN_POINT('',(940.,292.5,378.5));
#11699 = VECTOR('',#11700,1.);
#11700 = DIRECTION('',(0.,1.,0.));
#11701 = PCURVE('',#11669,#11702);
#11702 = DEFINITIONAL_REPRESENTATION('',(#11703),#11707);
#11703 = LINE('',#11704,#11705);
#11704 = CARTESIAN_POINT('',(60.,0.));
#11705 = VECTOR('',#11706,1.);
#11706 = DIRECTION('',(0.,-1.));
#11707 = ( GEOMETRIC_REPRESENTATION_CONTEXT(2) 
PARAMETRIC_REPRESENTATION_CONTEXT() REPRESENTATION_CONTEXT('2D SPACE',''
  ) );
#11708 = PCURVE('',#11709,#11714);
#11709 = CYLINDRICAL_SURFACE('',#11710,60.);
#11710 = AXIS2_PLACEMENT_3D('',#11711,#11712,#11713);
#11711 = CARTESIAN_POINT('',(1.E+03,292.5,378.5));
#11712 = DIRECTION('',(0.,1.,0.));
#11713 = DIRECTION('',(-1.,0.,0.));
#11714 = DEFINITIONAL_REPRESENTATION('',(#11715),#11719);
#11715 = LINE('',#11716,#11717);
#11716 = CARTESIAN_POINT('',(-0.,0.));
#11717 = VECTOR('',#11718,1.);
#11718 = DIRECTION('',(-0.,1.));
#11719 = ( GEOMETRIC_REPRESENTATION_CONTEXT(2) 
PARAMETRIC_REPRESENTATION_CONTEXT() REPRESENTATION_CONTEXT('2D SPACE',''
  ) );
#11720 = ORIENTED_EDGE('',*,*,#11721,.T.);
#11721 = EDGE_CURVE('',#11694,#11722,#11724,.T.);
#11722 = VERTEX_POINT('',#11723);
#11723 = CARTESIAN_POINT('',(940.,377.5,433.5));
#11724 = SURFACE_CURVE('',#11725,(#11729,#11736),.PCURVE_S1.);
#11725 = LINE('',#11726,#11727);
#11726 = CARTESIAN_POINT('',(940.,377.5,318.5));
#11727 = VECTOR('',#11728,1.);
#11728 = DIRECTION('',(0.,0.,1.));
#11729 = PCURVE('',#11669,#11730);
#11730 = DEFINITIONAL_REPRESENTATION('',(#11731),#11735);
#11731 = LINE('',#11732,#11733);
#11732 = CARTESIAN_POINT('',(0.,-85.));
#11733 = VECTOR('',#11734,1.);
#11734 = DIRECTION('',(1.,0.));
#11735 = ( GEOMETRIC_REPRESENTATION_CONTEXT(2) 
PARAMETRIC_REPRESENTATION_CONTEXT() REPRESENTATION_CONTEXT('2D SPACE',''
  ) );
#11736 = PCURVE('',#11737,#11742);
#11737 = CYLINDRICAL_SURFACE('',#11738,60.);
#11738 = AXIS2_PLACEMENT_3D('',#11739,#11740,#11741);
#11739 = CARTESIAN_POINT('',(1.E+03,377.5,318.5));
#11740 = DIRECTION('',(0.,0.,1.));
#11741 = DIRECTION('',(-1.,-0.,0.));
#11742 = DEFINITIONAL_REPRESENTATION('',(#11743),#11747);
#11743 = LINE('',#11744,#11745);
#11744 = CARTESIAN_POINT('',(-0.,0.));
#11745 = VECTOR('',#11746,1.);
#11746 = DIRECTION('',(-0.,1.));
#11747 = ( GEOMETRIC_REPRESENTATION_CONTEXT(2) 
PARAMETRIC_REPRESENTATION_CONTEXT() REPRESENTATION_CONTEXT('2D SPACE',''
  ) );
#11748 = ORIENTED_EDGE('',*,*,#11749,.F.);
#11749 = EDGE_CURVE('',#11661,#11722,#11750,.T.);
#11750 = SURFACE_CURVE('',#11751,(#11755,#11762),.PCURVE_S1.);
#11751 = LINE('',#11752,#11753);
#11752 = CARTESIAN_POINT('',(940.,292.5,433.5));
#11753 = VECTOR('',#11754,1.);
#11754 = DIRECTION('',(0.,1.,0.));
#11755 = PCURVE('',#11669,#11756);
#11756 = DEFINITIONAL_REPRESENTATION('',(#11757),#11761);
#11757 = LINE('',#11758,#11759);
#11758 = CARTESIAN_POINT('',(115.,0.));
#11759 = VECTOR('',#11760,1.);
#11760 = DIRECTION('',(0.,-1.));
#11761 = ( GEOMETRIC_REPRESENTATION_CONTEXT(2) 
PARAMETRIC_REPRESENTATION_CONTEXT() REPRESENTATION_CONTEXT('2D SPACE',''
  ) );
#11762 = PCURVE('',#11763,#11768);
#11763 = CYLINDRICAL_SURFACE('',#11764,60.);
#11764 = AXIS2_PLACEMENT_3D('',#11765,#11766,#11767);
#11765 = CARTESIAN_POINT('',(1.E+03,292.5,433.5));
#11766 = DIRECTION('',(0.,1.,0.));
#11767 = DIRECTION('',(-1.,0.,0.));
#11768 = DEFINITIONAL_REPRESENTATION('',(#11769),#11773);
#11769 = LINE('',#11770,#11771);
#11770 = CARTESIAN_POINT('',(0.,0.));
#11771 = VECTOR('',#11772,1.);
#11772 = DIRECTION('',(0.,1.));
#11773 = ( GEOMETRIC_REPRESENTATION_CONTEXT(2) 
PARAMETRIC_REPRESENTATION_CONTEXT() REPRESENTATION_CONTEXT('2D SPACE',''
  ) );
#11774 = ADVANCED_FACE('',(#11775),#11681,.T.);
#11775 = FACE_BOUND('',#11776,.T.);
#11776 = EDGE_LOOP('',(#11777,#11778,#11807,#11835));
#11777 = ORIENTED_EDGE('',*,*,#11658,.F.);
#11778 = ORIENTED_EDGE('',*,*,#11779,.T.);
#11779 = EDGE_CURVE('',#11659,#11780,#11782,.T.);
#11780 = VERTEX_POINT('',#11781);
#11781 = CARTESIAN_POINT('',(1.E+03,292.5,378.5));
#11782 = SURFACE_CURVE('',#11783,(#11788,#11795),.PCURVE_S1.);
#11783 = CIRCLE('',#11784,60.);
#11784 = AXIS2_PLACEMENT_3D('',#11785,#11786,#11787);
#11785 = CARTESIAN_POINT('',(1.E+03,352.5,378.5));
#11786 = DIRECTION('',(0.,0.,1.));
#11787 = DIRECTION('',(-1.,0.,0.));
#11788 = PCURVE('',#11681,#11789);
#11789 = DEFINITIONAL_REPRESENTATION('',(#11790),#11794);
#11790 = LINE('',#11791,#11792);
#11791 = CARTESIAN_POINT('',(0.,60.));
#11792 = VECTOR('',#11793,1.);
#11793 = DIRECTION('',(1.,0.));
#11794 = ( GEOMETRIC_REPRESENTATION_CONTEXT(2) 
PARAMETRIC_REPRESENTATION_CONTEXT() REPRESENTATION_CONTEXT('2D SPACE',''
  ) );
#11795 = PCURVE('',#11796,#11801);
#11796 = SPHERICAL_SURFACE('',#11797,60.);
#11797 = AXIS2_PLACEMENT_3D('',#11798,#11799,#11800);
#11798 = CARTESIAN_POINT('',(1.E+03,352.5,378.5));
#11799 = DIRECTION('',(0.,0.,1.));
#11800 = DIRECTION('',(-1.,0.,0.));
#11801 = DEFINITIONAL_REPRESENTATION('',(#11802),#11806);
#11802 = LINE('',#11803,#11804);
#11803 = CARTESIAN_POINT('',(0.,0.));
#11804 = VECTOR('',#11805,1.);
#11805 = DIRECTION('',(1.,0.));
#11806 = ( GEOMETRIC_REPRESENTATION_CONTEXT(2) 
PARAMETRIC_REPRESENTATION_CONTEXT() REPRESENTATION_CONTEXT('2D SPACE',''
  ) );
#11807 = ORIENTED_EDGE('',*,*,#11808,.T.);
#11808 = EDGE_CURVE('',#11780,#11809,#11811,.T.);
#11809 = VERTEX_POINT('',#11810);
#11810 = CARTESIAN_POINT('',(1.E+03,292.5,433.5));
#11811 = SURFACE_CURVE('',#11812,(#11816,#11823),.PCURVE_S1.);
#11812 = LINE('',#11813,#11814);
#11813 = CARTESIAN_POINT('',(1.E+03,292.5,318.5));
#11814 = VECTOR('',#11815,1.);
#11815 = DIRECTION('',(0.,0.,1.));
#11816 = PCURVE('',#11681,#11817);
#11817 = DEFINITIONAL_REPRESENTATION('',(#11818),#11822);
#11818 = LINE('',#11819,#11820);
#11819 = CARTESIAN_POINT('',(1.570796326795,0.));
#11820 = VECTOR('',#11821,1.);
#11821 = DIRECTION('',(0.,1.));
#11822 = ( GEOMETRIC_REPRESENTATION_CONTEXT(2) 
PARAMETRIC_REPRESENTATION_CONTEXT() REPRESENTATION_CONTEXT('2D SPACE',''
  ) );
#11823 = PCURVE('',#11824,#11829);
#11824 = PLANE('',#11825);
#11825 = AXIS2_PLACEMENT_3D('',#11826,#11827,#11828);
#11826 = CARTESIAN_POINT('',(940.,292.5,318.5));
#11827 = DIRECTION('',(0.,1.,0.));
#11828 = DIRECTION('',(0.,0.,1.));
#11829 = DEFINITIONAL_REPRESENTATION('',(#11830),#11834);
#11830 = LINE('',#11831,#11832);
#11831 = CARTESIAN_POINT('',(0.,60.));
#11832 = VECTOR('',#11833,1.);
#11833 = DIRECTION('',(1.,0.));
#11834 = ( GEOMETRIC_REPRESENTATION_CONTEXT(2) 
PARAMETRIC_REPRESENTATION_CONTEXT() REPRESENTATION_CONTEXT('2D SPACE',''
  ) );
#11835 = ORIENTED_EDGE('',*,*,#11836,.F.);
#11836 = EDGE_CURVE('',#11661,#11809,#11837,.T.);
#11837 = SURFACE_CURVE('',#11838,(#11843,#11850),.PCURVE_S1.);
#11838 = CIRCLE('',#11839,60.);
#11839 = AXIS2_PLACEMENT_3D('',#11840,#11841,#11842);
#11840 = CARTESIAN_POINT('',(1.E+03,352.5,433.5));
#11841 = DIRECTION('',(0.,0.,1.));
#11842 = DIRECTION('',(-1.,0.,0.));
#11843 = PCURVE('',#11681,#11844);
#11844 = DEFINITIONAL_REPRESENTATION('',(#11845),#11849);
#11845 = LINE('',#11846,#11847);
#11846 = CARTESIAN_POINT('',(0.,115.));
#11847 = VECTOR('',#11848,1.);
#11848 = DIRECTION('',(1.,0.));
#11849 = ( GEOMETRIC_REPRESENTATION_CONTEXT(2) 
PARAMETRIC_REPRESENTATION_CONTEXT() REPRESENTATION_CONTEXT('2D SPACE',''
  ) );
#11850 = PCURVE('',#11851,#11856);
#11851 = SPHERICAL_SURFACE('',#11852,60.);
#11852 = AXIS2_PLACEMENT_3D('',#11853,#11854,#11855);
#11853 = CARTESIAN_POINT('',(1.E+03,352.5,433.5));
#11854 = DIRECTION('',(-0.,-0.,-1.));
#11855 = DIRECTION('',(-1.,0.,0.));
#11856 = DEFINITIONAL_REPRESENTATION('',(#11857),#11861);
#11857 = LINE('',#11858,#11859);
#11858 = CARTESIAN_POINT('',(-0.,0.));
#11859 = VECTOR('',#11860,1.);
#11860 = DIRECTION('',(-1.,0.));
#11861 = ( GEOMETRIC_REPRESENTATION_CONTEXT(2) 
PARAMETRIC_REPRESENTATION_CONTEXT() REPRESENTATION_CONTEXT('2D SPACE',''
  ) );
#11862 = ADVANCED_FACE('',(#11863),#11709,.T.);
#11863 = FACE_BOUND('',#11864,.F.);
#11864 = EDGE_LOOP('',(#11865,#11889,#11917,#11944));
#11865 = ORIENTED_EDGE('',*,*,#11866,.F.);
#11866 = EDGE_CURVE('',#11867,#11659,#11869,.T.);
#11867 = VERTEX_POINT('',#11868);
#11868 = CARTESIAN_POINT('',(1.E+03,352.5,318.5));
#11869 = SURFACE_CURVE('',#11870,(#11875,#11882),.PCURVE_S1.);
#11870 = CIRCLE('',#11871,60.);
#11871 = AXIS2_PLACEMENT_3D('',#11872,#11873,#11874);
#11872 = CARTESIAN_POINT('',(1.E+03,352.5,378.5));
#11873 = DIRECTION('',(0.,1.,-0.));
#11874 = DIRECTION('',(-1.,0.,0.));
#11875 = PCURVE('',#11709,#11876);
#11876 = DEFINITIONAL_REPRESENTATION('',(#11877),#11881);
#11877 = LINE('',#11878,#11879);
#11878 = CARTESIAN_POINT('',(-6.28318530718,60.));
#11879 = VECTOR('',#11880,1.);
#11880 = DIRECTION('',(1.,-0.));
#11881 = ( GEOMETRIC_REPRESENTATION_CONTEXT(2) 
PARAMETRIC_REPRESENTATION_CONTEXT() REPRESENTATION_CONTEXT('2D SPACE',''
  ) );
#11882 = PCURVE('',#11796,#11883);
#11883 = DEFINITIONAL_REPRESENTATION('',(#11884),#11888);
#11884 = LINE('',#11885,#11886);
#11885 = CARTESIAN_POINT('',(0.,-6.28318530718));
#11886 = VECTOR('',#11887,1.);
#11887 = DIRECTION('',(0.,1.));
#11888 = ( GEOMETRIC_REPRESENTATION_CONTEXT(2) 
PARAMETRIC_REPRESENTATION_CONTEXT() REPRESENTATION_CONTEXT('2D SPACE',''
  ) );
#11889 = ORIENTED_EDGE('',*,*,#11890,.T.);
#11890 = EDGE_CURVE('',#11867,#11891,#11893,.T.);
#11891 = VERTEX_POINT('',#11892);
#11892 = CARTESIAN_POINT('',(1.E+03,377.5,318.5));
#11893 = SURFACE_CURVE('',#11894,(#11898,#11905),.PCURVE_S1.);
#11894 = LINE('',#11895,#11896);
#11895 = CARTESIAN_POINT('',(1.E+03,292.5,318.5));
#11896 = VECTOR('',#11897,1.);
#11897 = DIRECTION('',(0.,1.,0.));
#11898 = PCURVE('',#11709,#11899);
#11899 = DEFINITIONAL_REPRESENTATION('',(#11900),#11904);
#11900 = LINE('',#11901,#11902);
#11901 = CARTESIAN_POINT('',(-1.570796326795,0.));
#11902 = VECTOR('',#11903,1.);
#11903 = DIRECTION('',(-0.,1.));
#11904 = ( GEOMETRIC_REPRESENTATION_CONTEXT(2) 
PARAMETRIC_REPRESENTATION_CONTEXT() REPRESENTATION_CONTEXT('2D SPACE',''
  ) );
#11905 = PCURVE('',#11906,#11911);
#11906 = PLANE('',#11907);
#11907 = AXIS2_PLACEMENT_3D('',#11908,#11909,#11910);
#11908 = CARTESIAN_POINT('',(940.,292.5,318.5));
#11909 = DIRECTION('',(0.,0.,1.));
#11910 = DIRECTION('',(1.,0.,0.));
#11911 = DEFINITIONAL_REPRESENTATION('',(#11912),#11916);
#11912 = LINE('',#11913,#11914);
#11913 = CARTESIAN_POINT('',(60.,0.));
#11914 = VECTOR('',#11915,1.);
#11915 = DIRECTION('',(0.,1.));
#11916 = ( GEOMETRIC_REPRESENTATION_CONTEXT(2) 
PARAMETRIC_REPRESENTATION_CONTEXT() REPRESENTATION_CONTEXT('2D SPACE',''
  ) );
#11917 = ORIENTED_EDGE('',*,*,#11918,.T.);
#11918 = EDGE_CURVE('',#11891,#11694,#11919,.T.);
#11919 = SURFACE_CURVE('',#11920,(#11925,#11932),.PCURVE_S1.);
#11920 = CIRCLE('',#11921,60.);
#11921 = AXIS2_PLACEMENT_3D('',#11922,#11923,#11924);
#11922 = CARTESIAN_POINT('',(1.E+03,377.5,378.5));
#11923 = DIRECTION('',(0.,1.,-0.));
#11924 = DIRECTION('',(-1.,0.,0.));
#11925 = PCURVE('',#11709,#11926);
#11926 = DEFINITIONAL_REPRESENTATION('',(#11927),#11931);
#11927 = LINE('',#11928,#11929);
#11928 = CARTESIAN_POINT('',(-6.28318530718,85.));
#11929 = VECTOR('',#11930,1.);
#11930 = DIRECTION('',(1.,-0.));
#11931 = ( GEOMETRIC_REPRESENTATION_CONTEXT(2) 
PARAMETRIC_REPRESENTATION_CONTEXT() REPRESENTATION_CONTEXT('2D SPACE',''
  ) );
#11932 = PCURVE('',#11933,#11938);
#11933 = SPHERICAL_SURFACE('',#11934,60.);
#11934 = AXIS2_PLACEMENT_3D('',#11935,#11936,#11937);
#11935 = CARTESIAN_POINT('',(1.E+03,377.5,378.5));
#11936 = DIRECTION('',(0.,0.,1.));
#11937 = DIRECTION('',(-1.,0.,0.));
#11938 = DEFINITIONAL_REPRESENTATION('',(#11939),#11943);
#11939 = LINE('',#11940,#11941);
#11940 = CARTESIAN_POINT('',(-0.,-6.28318530718));
#11941 = VECTOR('',#11942,1.);
#11942 = DIRECTION('',(-0.,1.));
#11943 = ( GEOMETRIC_REPRESENTATION_CONTEXT(2) 
PARAMETRIC_REPRESENTATION_CONTEXT() REPRESENTATION_CONTEXT('2D SPACE',''
  ) );
#11944 = ORIENTED_EDGE('',*,*,#11693,.F.);
#11945 = ADVANCED_FACE('',(#11946),#11763,.T.);
#11946 = FACE_BOUND('',#11947,.T.);
#11947 = EDGE_LOOP('',(#11948,#11972,#12000,#12027));
#11948 = ORIENTED_EDGE('',*,*,#11949,.F.);
#11949 = EDGE_CURVE('',#11950,#11661,#11952,.T.);
#11950 = VERTEX_POINT('',#11951);
#11951 = CARTESIAN_POINT('',(1.E+03,352.5,493.5));
#11952 = SURFACE_CURVE('',#11953,(#11958,#11965),.PCURVE_S1.);
#11953 = CIRCLE('',#11954,60.);
#11954 = AXIS2_PLACEMENT_3D('',#11955,#11956,#11957);
#11955 = CARTESIAN_POINT('',(1.E+03,352.5,433.5));
#11956 = DIRECTION('',(0.,-1.,0.));
#11957 = DIRECTION('',(-1.,0.,0.));
#11958 = PCURVE('',#11763,#11959);
#11959 = DEFINITIONAL_REPRESENTATION('',(#11960),#11964);
#11960 = LINE('',#11961,#11962);
#11961 = CARTESIAN_POINT('',(6.28318530718,60.));
#11962 = VECTOR('',#11963,1.);
#11963 = DIRECTION('',(-1.,-0.));
#11964 = ( GEOMETRIC_REPRESENTATION_CONTEXT(2) 
PARAMETRIC_REPRESENTATION_CONTEXT() REPRESENTATION_CONTEXT('2D SPACE',''
  ) );
#11965 = PCURVE('',#11851,#11966);
#11966 = DEFINITIONAL_REPRESENTATION('',(#11967),#11971);
#11967 = LINE('',#11968,#11969);
#11968 = CARTESIAN_POINT('',(-0.,-6.28318530718));
#11969 = VECTOR('',#11970,1.);
#11970 = DIRECTION('',(-0.,1.));
#11971 = ( GEOMETRIC_REPRESENTATION_CONTEXT(2) 
PARAMETRIC_REPRESENTATION_CONTEXT() REPRESENTATION_CONTEXT('2D SPACE',''
  ) );
#11972 = ORIENTED_EDGE('',*,*,#11973,.T.);
#11973 = EDGE_CURVE('',#11950,#11974,#11976,.T.);
#11974 = VERTEX_POINT('',#11975);
#11975 = CARTESIAN_POINT('',(1.E+03,377.5,493.5));
#11976 = SURFACE_CURVE('',#11977,(#11981,#11988),.PCURVE_S1.);
#11977 = LINE('',#11978,#11979);
#11978 = CARTESIAN_POINT('',(1.E+03,292.5,493.5));
#11979 = VECTOR('',#11980,1.);
#11980 = DIRECTION('',(0.,1.,0.));
#11981 = PCURVE('',#11763,#11982);
#11982 = DEFINITIONAL_REPRESENTATION('',(#11983),#11987);
#11983 = LINE('',#11984,#11985);
#11984 = CARTESIAN_POINT('',(1.570796326795,0.));
#11985 = VECTOR('',#11986,1.);
#11986 = DIRECTION('',(0.,1.));
#11987 = ( GEOMETRIC_REPRESENTATION_CONTEXT(2) 
PARAMETRIC_REPRESENTATION_CONTEXT() REPRESENTATION_CONTEXT('2D SPACE',''
  ) );
#11988 = PCURVE('',#11989,#11994);
#11989 = PLANE('',#11990);
#11990 = AXIS2_PLACEMENT_3D('',#11991,#11992,#11993);
#11991 = CARTESIAN_POINT('',(940.,292.5,493.5));
#11992 = DIRECTION('',(0.,0.,1.));
#11993 = DIRECTION('',(1.,0.,0.));
#11994 = DEFINITIONAL_REPRESENTATION('',(#11995),#11999);
#11995 = LINE('',#11996,#11997);
#11996 = CARTESIAN_POINT('',(60.,0.));
#11997 = VECTOR('',#11998,1.);
#11998 = DIRECTION('',(0.,1.));
#11999 = ( GEOMETRIC_REPRESENTATION_CONTEXT(2) 
PARAMETRIC_REPRESENTATION_CONTEXT() REPRESENTATION_CONTEXT('2D SPACE',''
  ) );
#12000 = ORIENTED_EDGE('',*,*,#12001,.F.);
#12001 = EDGE_CURVE('',#11722,#11974,#12002,.T.);
#12002 = SURFACE_CURVE('',#12003,(#12008,#12015),.PCURVE_S1.);
#12003 = CIRCLE('',#12004,60.);
#12004 = AXIS2_PLACEMENT_3D('',#12005,#12006,#12007);
#12005 = CARTESIAN_POINT('',(1.E+03,377.5,433.5));
#12006 = DIRECTION('',(0.,1.,0.));
#12007 = DIRECTION('',(-1.,0.,0.));
#12008 = PCURVE('',#11763,#12009);
#12009 = DEFINITIONAL_REPRESENTATION('',(#12010),#12014);
#12010 = LINE('',#12011,#12012);
#12011 = CARTESIAN_POINT('',(0.,85.));
#12012 = VECTOR('',#12013,1.);
#12013 = DIRECTION('',(1.,0.));
#12014 = ( GEOMETRIC_REPRESENTATION_CONTEXT(2) 
PARAMETRIC_REPRESENTATION_CONTEXT() REPRESENTATION_CONTEXT('2D SPACE',''
  ) );
#12015 = PCURVE('',#12016,#12021);
#12016 = SPHERICAL_SURFACE('',#12017,60.);
#12017 = AXIS2_PLACEMENT_3D('',#12018,#12019,#12020);
#12018 = CARTESIAN_POINT('',(1.E+03,377.5,433.5));
#12019 = DIRECTION('',(-0.,-1.,-0.));
#12020 = DIRECTION('',(-1.,0.,0.));
#12021 = DEFINITIONAL_REPRESENTATION('',(#12022),#12026);
#12022 = LINE('',#12023,#12024);
#12023 = CARTESIAN_POINT('',(-0.,0.));
#12024 = VECTOR('',#12025,1.);
#12025 = DIRECTION('',(-1.,0.));
#12026 = ( GEOMETRIC_REPRESENTATION_CONTEXT(2) 
PARAMETRIC_REPRESENTATION_CONTEXT() REPRESENTATION_CONTEXT('2D SPACE',''
  ) );
#12027 = ORIENTED_EDGE('',*,*,#11749,.F.);
#12028 = ADVANCED_FACE('',(#12029),#11737,.T.);
#12029 = FACE_BOUND('',#12030,.F.);
#12030 = EDGE_LOOP('',(#12031,#12032,#12056,#12084));
#12031 = ORIENTED_EDGE('',*,*,#11721,.F.);
#12032 = ORIENTED_EDGE('',*,*,#12033,.T.);
#12033 = EDGE_CURVE('',#11694,#12034,#12036,.T.);
#12034 = VERTEX_POINT('',#12035);
#12035 = CARTESIAN_POINT('',(1.E+03,437.5,378.5));
#12036 = SURFACE_CURVE('',#12037,(#12042,#12049),.PCURVE_S1.);
#12037 = CIRCLE('',#12038,60.);
#12038 = AXIS2_PLACEMENT_3D('',#12039,#12040,#12041);
#12039 = CARTESIAN_POINT('',(1.E+03,377.5,378.5));
#12040 = DIRECTION('',(-0.,0.,-1.));
#12041 = DIRECTION('',(-1.,0.,0.));
#12042 = PCURVE('',#11737,#12043);
#12043 = DEFINITIONAL_REPRESENTATION('',(#12044),#12048);
#12044 = LINE('',#12045,#12046);
#12045 = CARTESIAN_POINT('',(-0.,60.));
#12046 = VECTOR('',#12047,1.);
#12047 = DIRECTION('',(-1.,0.));
#12048 = ( GEOMETRIC_REPRESENTATION_CONTEXT(2) 
PARAMETRIC_REPRESENTATION_CONTEXT() REPRESENTATION_CONTEXT('2D SPACE',''
  ) );
#12049 = PCURVE('',#11933,#12050);
#12050 = DEFINITIONAL_REPRESENTATION('',(#12051),#12055);
#12051 = LINE('',#12052,#12053);
#12052 = CARTESIAN_POINT('',(-0.,0.));
#12053 = VECTOR('',#12054,1.);
#12054 = DIRECTION('',(-1.,0.));
#12055 = ( GEOMETRIC_REPRESENTATION_CONTEXT(2) 
PARAMETRIC_REPRESENTATION_CONTEXT() REPRESENTATION_CONTEXT('2D SPACE',''
  ) );
#12056 = ORIENTED_EDGE('',*,*,#12057,.T.);
#12057 = EDGE_CURVE('',#12034,#12058,#12060,.T.);
#12058 = VERTEX_POINT('',#12059);
#12059 = CARTESIAN_POINT('',(1.E+03,437.5,433.5));
#12060 = SURFACE_CURVE('',#12061,(#12065,#12072),.PCURVE_S1.);
#12061 = LINE('',#12062,#12063);
#12062 = CARTESIAN_POINT('',(1.E+03,437.5,318.5));
#12063 = VECTOR('',#12064,1.);
#12064 = DIRECTION('',(0.,0.,1.));
#12065 = PCURVE('',#11737,#12066);
#12066 = DEFINITIONAL_REPRESENTATION('',(#12067),#12071);
#12067 = LINE('',#12068,#12069);
#12068 = CARTESIAN_POINT('',(-1.570796326795,0.));
#12069 = VECTOR('',#12070,1.);
#12070 = DIRECTION('',(-0.,1.));
#12071 = ( GEOMETRIC_REPRESENTATION_CONTEXT(2) 
PARAMETRIC_REPRESENTATION_CONTEXT() REPRESENTATION_CONTEXT('2D SPACE',''
  ) );
#12072 = PCURVE('',#12073,#12078);
#12073 = PLANE('',#12074);
#12074 = AXIS2_PLACEMENT_3D('',#12075,#12076,#12077);
#12075 = CARTESIAN_POINT('',(940.,437.5,318.5));
#12076 = DIRECTION('',(0.,1.,0.));
#12077 = DIRECTION('',(0.,0.,1.));
#12078 = DEFINITIONAL_REPRESENTATION('',(#12079),#12083);
#12079 = LINE('',#12080,#12081);
#12080 = CARTESIAN_POINT('',(0.,60.));
#12081 = VECTOR('',#12082,1.);
#12082 = DIRECTION('',(1.,0.));
#12083 = ( GEOMETRIC_REPRESENTATION_CONTEXT(2) 
PARAMETRIC_REPRESENTATION_CONTEXT() REPRESENTATION_CONTEXT('2D SPACE',''
  ) );
#12084 = ORIENTED_EDGE('',*,*,#12085,.T.);
#12085 = EDGE_CURVE('',#12058,#11722,#12086,.T.);
#12086 = SURFACE_CURVE('',#12087,(#12092,#12099),.PCURVE_S1.);
#12087 = CIRCLE('',#12088,60.);
#12088 = AXIS2_PLACEMENT_3D('',#12089,#12090,#12091);
#12089 = CARTESIAN_POINT('',(1.E+03,377.5,433.5));
#12090 = DIRECTION('',(0.,0.,1.));
#12091 = DIRECTION('',(-1.,0.,0.));
#12092 = PCURVE('',#11737,#12093);
#12093 = DEFINITIONAL_REPRESENTATION('',(#12094),#12098);
#12094 = LINE('',#12095,#12096);
#12095 = CARTESIAN_POINT('',(-6.28318530718,115.));
#12096 = VECTOR('',#12097,1.);
#12097 = DIRECTION('',(1.,-0.));
#12098 = ( GEOMETRIC_REPRESENTATION_CONTEXT(2) 
PARAMETRIC_REPRESENTATION_CONTEXT() REPRESENTATION_CONTEXT('2D SPACE',''
  ) );
#12099 = PCURVE('',#12016,#12100);
#12100 = DEFINITIONAL_REPRESENTATION('',(#12101),#12105);
#12101 = LINE('',#12102,#12103);
#12102 = CARTESIAN_POINT('',(-0.,-6.28318530718));
#12103 = VECTOR('',#12104,1.);
#12104 = DIRECTION('',(-0.,1.));
#12105 = ( GEOMETRIC_REPRESENTATION_CONTEXT(2) 
PARAMETRIC_REPRESENTATION_CONTEXT() REPRESENTATION_CONTEXT('2D SPACE',''
  ) );
#12106 = ADVANCED_FACE('',(#12107),#11796,.T.);
#12107 = FACE_BOUND('',#12108,.T.);
#12108 = EDGE_LOOP('',(#12109,#12110,#12137));
#12109 = ORIENTED_EDGE('',*,*,#11866,.F.);
#12110 = ORIENTED_EDGE('',*,*,#12111,.T.);
#12111 = EDGE_CURVE('',#11867,#11780,#12112,.T.);
#12112 = SURFACE_CURVE('',#12113,(#12118,#12125),.PCURVE_S1.);
#12113 = CIRCLE('',#12114,60.);
#12114 = AXIS2_PLACEMENT_3D('',#12115,#12116,#12117);
#12115 = CARTESIAN_POINT('',(1.E+03,352.5,378.5));
#12116 = DIRECTION('',(-1.,6.123233995737E-17,0.));
#12117 = DIRECTION('',(-6.123233995737E-17,-1.,0.));
#12118 = PCURVE('',#11796,#12119);
#12119 = DEFINITIONAL_REPRESENTATION('',(#12120),#12124);
#12120 = LINE('',#12121,#12122);
#12121 = CARTESIAN_POINT('',(1.570796326795,-6.28318530718));
#12122 = VECTOR('',#12123,1.);
#12123 = DIRECTION('',(0.,1.));
#12124 = ( GEOMETRIC_REPRESENTATION_CONTEXT(2) 
PARAMETRIC_REPRESENTATION_CONTEXT() REPRESENTATION_CONTEXT('2D SPACE',''
  ) );
#12125 = PCURVE('',#12126,#12131);
#12126 = CYLINDRICAL_SURFACE('',#12127,60.);
#12127 = AXIS2_PLACEMENT_3D('',#12128,#12129,#12130);
#12128 = CARTESIAN_POINT('',(940.,352.5,378.5));
#12129 = DIRECTION('',(1.,0.,0.));
#12130 = DIRECTION('',(0.,-1.,0.));
#12131 = DEFINITIONAL_REPRESENTATION('',(#12132),#12136);
#12132 = LINE('',#12133,#12134);
#12133 = CARTESIAN_POINT('',(6.28318530718,60.));
#12134 = VECTOR('',#12135,1.);
#12135 = DIRECTION('',(-1.,-0.));
#12136 = ( GEOMETRIC_REPRESENTATION_CONTEXT(2) 
PARAMETRIC_REPRESENTATION_CONTEXT() REPRESENTATION_CONTEXT('2D SPACE',''
  ) );
#12137 = ORIENTED_EDGE('',*,*,#11779,.F.);
#12138 = ADVANCED_FACE('',(#12139),#11851,.T.);
#12139 = FACE_BOUND('',#12140,.F.);
#12140 = EDGE_LOOP('',(#12141,#12142,#12169));
#12141 = ORIENTED_EDGE('',*,*,#11949,.F.);
#12142 = ORIENTED_EDGE('',*,*,#12143,.T.);
#12143 = EDGE_CURVE('',#11950,#11809,#12144,.T.);
#12144 = SURFACE_CURVE('',#12145,(#12150,#12157),.PCURVE_S1.);
#12145 = CIRCLE('',#12146,60.);
#12146 = AXIS2_PLACEMENT_3D('',#12147,#12148,#12149);
#12147 = CARTESIAN_POINT('',(1.E+03,352.5,433.5));
#12148 = DIRECTION('',(1.,-6.123233995737E-17,0.));
#12149 = DIRECTION('',(-6.123233995737E-17,-1.,0.));
#12150 = PCURVE('',#11851,#12151);
#12151 = DEFINITIONAL_REPRESENTATION('',(#12152),#12156);
#12152 = LINE('',#12153,#12154);
#12153 = CARTESIAN_POINT('',(-1.570796326795,-6.28318530718));
#12154 = VECTOR('',#12155,1.);
#12155 = DIRECTION('',(-0.,1.));
#12156 = ( GEOMETRIC_REPRESENTATION_CONTEXT(2) 
PARAMETRIC_REPRESENTATION_CONTEXT() REPRESENTATION_CONTEXT('2D SPACE',''
  ) );
#12157 = PCURVE('',#12158,#12163);
#12158 = CYLINDRICAL_SURFACE('',#12159,60.);
#12159 = AXIS2_PLACEMENT_3D('',#12160,#12161,#12162);
#12160 = CARTESIAN_POINT('',(940.,352.5,433.5));
#12161 = DIRECTION('',(1.,0.,0.));
#12162 = DIRECTION('',(0.,-1.,0.));
#12163 = DEFINITIONAL_REPRESENTATION('',(#12164),#12168);
#12164 = LINE('',#12165,#12166);
#12165 = CARTESIAN_POINT('',(-6.28318530718,60.));
#12166 = VECTOR('',#12167,1.);
#12167 = DIRECTION('',(1.,-0.));
#12168 = ( GEOMETRIC_REPRESENTATION_CONTEXT(2) 
PARAMETRIC_REPRESENTATION_CONTEXT() REPRESENTATION_CONTEXT('2D SPACE',''
  ) );
#12169 = ORIENTED_EDGE('',*,*,#11836,.F.);
#12170 = ADVANCED_FACE('',(#12171),#11824,.F.);
#12171 = FACE_BOUND('',#12172,.F.);
#12172 = EDGE_LOOP('',(#12173,#12174,#12197,#12225));
#12173 = ORIENTED_EDGE('',*,*,#11808,.T.);
#12174 = ORIENTED_EDGE('',*,*,#12175,.T.);
#12175 = EDGE_CURVE('',#11809,#12176,#12178,.T.);
#12176 = VERTEX_POINT('',#12177);
#12177 = CARTESIAN_POINT('',(1.33E+03,292.5,433.5));
#12178 = SURFACE_CURVE('',#12179,(#12183,#12190),.PCURVE_S1.);
#12179 = LINE('',#12180,#12181);
#12180 = CARTESIAN_POINT('',(940.,292.5,433.5));
#12181 = VECTOR('',#12182,1.);
#12182 = DIRECTION('',(1.,0.,0.));
#12183 = PCURVE('',#11824,#12184);
#12184 = DEFINITIONAL_REPRESENTATION('',(#12185),#12189);
#12185 = LINE('',#12186,#12187);
#12186 = CARTESIAN_POINT('',(115.,0.));
#12187 = VECTOR('',#12188,1.);
#12188 = DIRECTION('',(0.,1.));
#12189 = ( GEOMETRIC_REPRESENTATION_CONTEXT(2) 
PARAMETRIC_REPRESENTATION_CONTEXT() REPRESENTATION_CONTEXT('2D SPACE',''
  ) );
#12190 = PCURVE('',#12158,#12191);
#12191 = DEFINITIONAL_REPRESENTATION('',(#12192),#12196);
#12192 = LINE('',#12193,#12194);
#12193 = CARTESIAN_POINT('',(-0.,0.));
#12194 = VECTOR('',#12195,1.);
#12195 = DIRECTION('',(-0.,1.));
#12196 = ( GEOMETRIC_REPRESENTATION_CONTEXT(2) 
PARAMETRIC_REPRESENTATION_CONTEXT() REPRESENTATION_CONTEXT('2D SPACE',''
  ) );
#12197 = ORIENTED_EDGE('',*,*,#12198,.F.);
#12198 = EDGE_CURVE('',#12199,#12176,#12201,.T.);
#12199 = VERTEX_POINT('',#12200);
#12200 = CARTESIAN_POINT('',(1.33E+03,292.5,378.5));
#12201 = SURFACE_CURVE('',#12202,(#12206,#12213),.PCURVE_S1.);
#12202 = LINE('',#12203,#12204);
#12203 = CARTESIAN_POINT('',(1.33E+03,292.5,318.5));
#12204 = VECTOR('',#12205,1.);
#12205 = DIRECTION('',(0.,0.,1.));
#12206 = PCURVE('',#11824,#12207);
#12207 = DEFINITIONAL_REPRESENTATION('',(#12208),#12212);
#12208 = LINE('',#12209,#12210);
#12209 = CARTESIAN_POINT('',(0.,390.));
#12210 = VECTOR('',#12211,1.);
#12211 = DIRECTION('',(1.,0.));
#12212 = ( GEOMETRIC_REPRESENTATION_CONTEXT(2) 
PARAMETRIC_REPRESENTATION_CONTEXT() REPRESENTATION_CONTEXT('2D SPACE',''
  ) );
#12213 = PCURVE('',#12214,#12219);
#12214 = CYLINDRICAL_SURFACE('',#12215,60.);
#12215 = AXIS2_PLACEMENT_3D('',#12216,#12217,#12218);
#12216 = CARTESIAN_POINT('',(1.33E+03,352.5,318.5));
#12217 = DIRECTION('',(0.,0.,1.));
#12218 = DIRECTION('',(1.,0.,-0.));
#12219 = DEFINITIONAL_REPRESENTATION('',(#12220),#12224);
#12220 = LINE('',#12221,#12222);
#12221 = CARTESIAN_POINT('',(-1.570796326795,0.));
#12222 = VECTOR('',#12223,1.);
#12223 = DIRECTION('',(-0.,1.));
#12224 = ( GEOMETRIC_REPRESENTATION_CONTEXT(2) 
PARAMETRIC_REPRESENTATION_CONTEXT() REPRESENTATION_CONTEXT('2D SPACE',''
  ) );
#12225 = ORIENTED_EDGE('',*,*,#12226,.F.);
#12226 = EDGE_CURVE('',#11780,#12199,#12227,.T.);
#12227 = SURFACE_CURVE('',#12228,(#12232,#12239),.PCURVE_S1.);
#12228 = LINE('',#12229,#12230);
#12229 = CARTESIAN_POINT('',(940.,292.5,378.5));
#12230 = VECTOR('',#12231,1.);
#12231 = DIRECTION('',(1.,0.,0.));
#12232 = PCURVE('',#11824,#12233);
#12233 = DEFINITIONAL_REPRESENTATION('',(#12234),#12238);
#12234 = LINE('',#12235,#12236);
#12235 = CARTESIAN_POINT('',(60.,0.));
#12236 = VECTOR('',#12237,1.);
#12237 = DIRECTION('',(0.,1.));
#12238 = ( GEOMETRIC_REPRESENTATION_CONTEXT(2) 
PARAMETRIC_REPRESENTATION_CONTEXT() REPRESENTATION_CONTEXT('2D SPACE',''
  ) );
#12239 = PCURVE('',#12126,#12240);
#12240 = DEFINITIONAL_REPRESENTATION('',(#12241),#12245);
#12241 = LINE('',#12242,#12243);
#12242 = CARTESIAN_POINT('',(0.,0.));
#12243 = VECTOR('',#12244,1.);
#12244 = DIRECTION('',(0.,1.));
#12245 = ( GEOMETRIC_REPRESENTATION_CONTEXT(2) 
PARAMETRIC_REPRESENTATION_CONTEXT() REPRESENTATION_CONTEXT('2D SPACE',''
  ) );
#12246 = ADVANCED_FACE('',(#12247),#11906,.F.);
#12247 = FACE_BOUND('',#12248,.F.);
#12248 = EDGE_LOOP('',(#12249,#12250,#12273,#12301));
#12249 = ORIENTED_EDGE('',*,*,#11890,.F.);
#12250 = ORIENTED_EDGE('',*,*,#12251,.T.);
#12251 = EDGE_CURVE('',#11867,#12252,#12254,.T.);
#12252 = VERTEX_POINT('',#12253);
#12253 = CARTESIAN_POINT('',(1.33E+03,352.5,318.5));
#12254 = SURFACE_CURVE('',#12255,(#12259,#12266),.PCURVE_S1.);
#12255 = LINE('',#12256,#12257);
#12256 = CARTESIAN_POINT('',(940.,352.5,318.5));
#12257 = VECTOR('',#12258,1.);
#12258 = DIRECTION('',(1.,0.,0.));
#12259 = PCURVE('',#11906,#12260);
#12260 = DEFINITIONAL_REPRESENTATION('',(#12261),#12265);
#12261 = LINE('',#12262,#12263);
#12262 = CARTESIAN_POINT('',(0.,60.));
#12263 = VECTOR('',#12264,1.);
#12264 = DIRECTION('',(1.,0.));
#12265 = ( GEOMETRIC_REPRESENTATION_CONTEXT(2) 
PARAMETRIC_REPRESENTATION_CONTEXT() REPRESENTATION_CONTEXT('2D SPACE',''
  ) );
#12266 = PCURVE('',#12126,#12267);
#12267 = DEFINITIONAL_REPRESENTATION('',(#12268),#12272);
#12268 = LINE('',#12269,#12270);
#12269 = CARTESIAN_POINT('',(1.570796326795,0.));
#12270 = VECTOR('',#12271,1.);
#12271 = DIRECTION('',(0.,1.));
#12272 = ( GEOMETRIC_REPRESENTATION_CONTEXT(2) 
PARAMETRIC_REPRESENTATION_CONTEXT() REPRESENTATION_CONTEXT('2D SPACE',''
  ) );
#12273 = ORIENTED_EDGE('',*,*,#12274,.T.);
#12274 = EDGE_CURVE('',#12252,#12275,#12277,.T.);
#12275 = VERTEX_POINT('',#12276);
#12276 = CARTESIAN_POINT('',(1.33E+03,377.5,318.5));
#12277 = SURFACE_CURVE('',#12278,(#12282,#12289),.PCURVE_S1.);
#12278 = LINE('',#12279,#12280);
#12279 = CARTESIAN_POINT('',(1.33E+03,292.5,318.5));
#12280 = VECTOR('',#12281,1.);
#12281 = DIRECTION('',(0.,1.,0.));
#12282 = PCURVE('',#11906,#12283);
#12283 = DEFINITIONAL_REPRESENTATION('',(#12284),#12288);
#12284 = LINE('',#12285,#12286);
#12285 = CARTESIAN_POINT('',(390.,0.));
#12286 = VECTOR('',#12287,1.);
#12287 = DIRECTION('',(0.,1.));
#12288 = ( GEOMETRIC_REPRESENTATION_CONTEXT(2) 
PARAMETRIC_REPRESENTATION_CONTEXT() REPRESENTATION_CONTEXT('2D SPACE',''
  ) );
#12289 = PCURVE('',#12290,#12295);
#12290 = CYLINDRICAL_SURFACE('',#12291,60.);
#12291 = AXIS2_PLACEMENT_3D('',#12292,#12293,#12294);
#12292 = CARTESIAN_POINT('',(1.33E+03,292.5,378.5));
#12293 = DIRECTION('',(0.,1.,0.));
#12294 = DIRECTION('',(1.,0.,-0.));
#12295 = DEFINITIONAL_REPRESENTATION('',(#12296),#12300);
#12296 = LINE('',#12297,#12298);
#12297 = CARTESIAN_POINT('',(1.570796326795,0.));
#12298 = VECTOR('',#12299,1.);
#12299 = DIRECTION('',(0.,1.));
#12300 = ( GEOMETRIC_REPRESENTATION_CONTEXT(2) 
PARAMETRIC_REPRESENTATION_CONTEXT() REPRESENTATION_CONTEXT('2D SPACE',''
  ) );
#12301 = ORIENTED_EDGE('',*,*,#12302,.F.);
#12302 = EDGE_CURVE('',#11891,#12275,#12303,.T.);
#12303 = SURFACE_CURVE('',#12304,(#12308,#12315),.PCURVE_S1.);
#12304 = LINE('',#12305,#12306);
#12305 = CARTESIAN_POINT('',(940.,377.5,318.5));
#12306 = VECTOR('',#12307,1.);
#12307 = DIRECTION('',(1.,0.,0.));
#12308 = PCURVE('',#11906,#12309);
#12309 = DEFINITIONAL_REPRESENTATION('',(#12310),#12314);
#12310 = LINE('',#12311,#12312);
#12311 = CARTESIAN_POINT('',(0.,85.));
#12312 = VECTOR('',#12313,1.);
#12313 = DIRECTION('',(1.,0.));
#12314 = ( GEOMETRIC_REPRESENTATION_CONTEXT(2) 
PARAMETRIC_REPRESENTATION_CONTEXT() REPRESENTATION_CONTEXT('2D SPACE',''
  ) );
#12315 = PCURVE('',#12316,#12321);
#12316 = CYLINDRICAL_SURFACE('',#12317,60.);
#12317 = AXIS2_PLACEMENT_3D('',#12318,#12319,#12320);
#12318 = CARTESIAN_POINT('',(940.,377.5,378.5));
#12319 = DIRECTION('',(1.,0.,0.));
#12320 = DIRECTION('',(-0.,1.,0.));
#12321 = DEFINITIONAL_REPRESENTATION('',(#12322),#12326);
#12322 = LINE('',#12323,#12324);
#12323 = CARTESIAN_POINT('',(-1.570796326795,0.));
#12324 = VECTOR('',#12325,1.);
#12325 = DIRECTION('',(-0.,1.));
#12326 = ( GEOMETRIC_REPRESENTATION_CONTEXT(2) 
PARAMETRIC_REPRESENTATION_CONTEXT() REPRESENTATION_CONTEXT('2D SPACE',''
  ) );
#12327 = ADVANCED_FACE('',(#12328),#11933,.T.);
#12328 = FACE_BOUND('',#12329,.F.);
#12329 = EDGE_LOOP('',(#12330,#12331,#12353));
#12330 = ORIENTED_EDGE('',*,*,#11918,.F.);
#12331 = ORIENTED_EDGE('',*,*,#12332,.T.);
#12332 = EDGE_CURVE('',#11891,#12034,#12333,.T.);
#12333 = SURFACE_CURVE('',#12334,(#12339,#12346),.PCURVE_S1.);
#12334 = CIRCLE('',#12335,60.);
#12335 = AXIS2_PLACEMENT_3D('',#12336,#12337,#12338);
#12336 = CARTESIAN_POINT('',(1.E+03,377.5,378.5));
#12337 = DIRECTION('',(1.,6.123233995737E-17,-0.));
#12338 = DIRECTION('',(-6.123233995737E-17,1.,0.));
#12339 = PCURVE('',#11933,#12340);
#12340 = DEFINITIONAL_REPRESENTATION('',(#12341),#12345);
#12341 = LINE('',#12342,#12343);
#12342 = CARTESIAN_POINT('',(-1.570796326795,-6.28318530718));
#12343 = VECTOR('',#12344,1.);
#12344 = DIRECTION('',(-0.,1.));
#12345 = ( GEOMETRIC_REPRESENTATION_CONTEXT(2) 
PARAMETRIC_REPRESENTATION_CONTEXT() REPRESENTATION_CONTEXT('2D SPACE',''
  ) );
#12346 = PCURVE('',#12316,#12347);
#12347 = DEFINITIONAL_REPRESENTATION('',(#12348),#12352);
#12348 = LINE('',#12349,#12350);
#12349 = CARTESIAN_POINT('',(-6.28318530718,60.));
#12350 = VECTOR('',#12351,1.);
#12351 = DIRECTION('',(1.,-0.));
#12352 = ( GEOMETRIC_REPRESENTATION_CONTEXT(2) 
PARAMETRIC_REPRESENTATION_CONTEXT() REPRESENTATION_CONTEXT('2D SPACE',''
  ) );
#12353 = ORIENTED_EDGE('',*,*,#12033,.F.);
#12354 = ADVANCED_FACE('',(#12355),#11989,.T.);
#12355 = FACE_BOUND('',#12356,.T.);
#12356 = EDGE_LOOP('',(#12357,#12358,#12381,#12409));
#12357 = ORIENTED_EDGE('',*,*,#11973,.F.);
#12358 = ORIENTED_EDGE('',*,*,#12359,.T.);
#12359 = EDGE_CURVE('',#11950,#12360,#12362,.T.);
#12360 = VERTEX_POINT('',#12361);
#12361 = CARTESIAN_POINT('',(1.33E+03,352.5,493.5));
#12362 = SURFACE_CURVE('',#12363,(#12367,#12374),.PCURVE_S1.);
#12363 = LINE('',#12364,#12365);
#12364 = CARTESIAN_POINT('',(940.,352.5,493.5));
#12365 = VECTOR('',#12366,1.);
#12366 = DIRECTION('',(1.,0.,0.));
#12367 = PCURVE('',#11989,#12368);
#12368 = DEFINITIONAL_REPRESENTATION('',(#12369),#12373);
#12369 = LINE('',#12370,#12371);
#12370 = CARTESIAN_POINT('',(0.,60.));
#12371 = VECTOR('',#12372,1.);
#12372 = DIRECTION('',(1.,0.));
#12373 = ( GEOMETRIC_REPRESENTATION_CONTEXT(2) 
PARAMETRIC_REPRESENTATION_CONTEXT() REPRESENTATION_CONTEXT('2D SPACE',''
  ) );
#12374 = PCURVE('',#12158,#12375);
#12375 = DEFINITIONAL_REPRESENTATION('',(#12376),#12380);
#12376 = LINE('',#12377,#12378);
#12377 = CARTESIAN_POINT('',(-1.570796326795,0.));
#12378 = VECTOR('',#12379,1.);
#12379 = DIRECTION('',(-0.,1.));
#12380 = ( GEOMETRIC_REPRESENTATION_CONTEXT(2) 
PARAMETRIC_REPRESENTATION_CONTEXT() REPRESENTATION_CONTEXT('2D SPACE',''
  ) );
#12381 = ORIENTED_EDGE('',*,*,#12382,.T.);
#12382 = EDGE_CURVE('',#12360,#12383,#12385,.T.);
#12383 = VERTEX_POINT('',#12384);
#12384 = CARTESIAN_POINT('',(1.33E+03,377.5,493.5));
#12385 = SURFACE_CURVE('',#12386,(#12390,#12397),.PCURVE_S1.);
#12386 = LINE('',#12387,#12388);
#12387 = CARTESIAN_POINT('',(1.33E+03,292.5,493.5));
#12388 = VECTOR('',#12389,1.);
#12389 = DIRECTION('',(0.,1.,0.));
#12390 = PCURVE('',#11989,#12391);
#12391 = DEFINITIONAL_REPRESENTATION('',(#12392),#12396);
#12392 = LINE('',#12393,#12394);
#12393 = CARTESIAN_POINT('',(390.,0.));
#12394 = VECTOR('',#12395,1.);
#12395 = DIRECTION('',(0.,1.));
#12396 = ( GEOMETRIC_REPRESENTATION_CONTEXT(2) 
PARAMETRIC_REPRESENTATION_CONTEXT() REPRESENTATION_CONTEXT('2D SPACE',''
  ) );
#12397 = PCURVE('',#12398,#12403);
#12398 = CYLINDRICAL_SURFACE('',#12399,60.);
#12399 = AXIS2_PLACEMENT_3D('',#12400,#12401,#12402);
#12400 = CARTESIAN_POINT('',(1.33E+03,292.5,433.5));
#12401 = DIRECTION('',(0.,1.,0.));
#12402 = DIRECTION('',(1.,0.,-0.));
#12403 = DEFINITIONAL_REPRESENTATION('',(#12404),#12408);
#12404 = LINE('',#12405,#12406);
#12405 = CARTESIAN_POINT('',(-1.570796326795,0.));
#12406 = VECTOR('',#12407,1.);
#12407 = DIRECTION('',(-0.,1.));
#12408 = ( GEOMETRIC_REPRESENTATION_CONTEXT(2) 
PARAMETRIC_REPRESENTATION_CONTEXT() REPRESENTATION_CONTEXT('2D SPACE',''
  ) );
#12409 = ORIENTED_EDGE('',*,*,#12410,.F.);
#12410 = EDGE_CURVE('',#11974,#12383,#12411,.T.);
#12411 = SURFACE_CURVE('',#12412,(#12416,#12423),.PCURVE_S1.);
#12412 = LINE('',#12413,#12414);
#12413 = CARTESIAN_POINT('',(940.,377.5,493.5));
#12414 = VECTOR('',#12415,1.);
#12415 = DIRECTION('',(1.,0.,0.));
#12416 = PCURVE('',#11989,#12417);
#12417 = DEFINITIONAL_REPRESENTATION('',(#12418),#12422);
#12418 = LINE('',#12419,#12420);
#12419 = CARTESIAN_POINT('',(0.,85.));
#12420 = VECTOR('',#12421,1.);
#12421 = DIRECTION('',(1.,0.));
#12422 = ( GEOMETRIC_REPRESENTATION_CONTEXT(2) 
PARAMETRIC_REPRESENTATION_CONTEXT() REPRESENTATION_CONTEXT('2D SPACE',''
  ) );
#12423 = PCURVE('',#12424,#12429);
#12424 = CYLINDRICAL_SURFACE('',#12425,60.);
#12425 = AXIS2_PLACEMENT_3D('',#12426,#12427,#12428);
#12426 = CARTESIAN_POINT('',(940.,377.5,433.5));
#12427 = DIRECTION('',(1.,0.,0.));
#12428 = DIRECTION('',(-0.,1.,0.));
#12429 = DEFINITIONAL_REPRESENTATION('',(#12430),#12434);
#12430 = LINE('',#12431,#12432);
#12431 = CARTESIAN_POINT('',(1.570796326795,0.));
#12432 = VECTOR('',#12433,1.);
#12433 = DIRECTION('',(0.,1.));
#12434 = ( GEOMETRIC_REPRESENTATION_CONTEXT(2) 
PARAMETRIC_REPRESENTATION_CONTEXT() REPRESENTATION_CONTEXT('2D SPACE',''
  ) );
#12435 = ADVANCED_FACE('',(#12436),#12016,.T.);
#12436 = FACE_BOUND('',#12437,.F.);
#12437 = EDGE_LOOP('',(#12438,#12439,#12461));
#12438 = ORIENTED_EDGE('',*,*,#12085,.F.);
#12439 = ORIENTED_EDGE('',*,*,#12440,.T.);
#12440 = EDGE_CURVE('',#12058,#11974,#12441,.T.);
#12441 = SURFACE_CURVE('',#12442,(#12447,#12454),.PCURVE_S1.);
#12442 = CIRCLE('',#12443,60.);
#12443 = AXIS2_PLACEMENT_3D('',#12444,#12445,#12446);
#12444 = CARTESIAN_POINT('',(1.E+03,377.5,433.5));
#12445 = DIRECTION('',(1.,0.,6.123233995737E-17));
#12446 = DIRECTION('',(-6.123233995737E-17,0.,1.));
#12447 = PCURVE('',#12016,#12448);
#12448 = DEFINITIONAL_REPRESENTATION('',(#12449),#12453);
#12449 = LINE('',#12450,#12451);
#12450 = CARTESIAN_POINT('',(-1.570796326795,-6.28318530718));
#12451 = VECTOR('',#12452,1.);
#12452 = DIRECTION('',(-0.,1.));
#12453 = ( GEOMETRIC_REPRESENTATION_CONTEXT(2) 
PARAMETRIC_REPRESENTATION_CONTEXT() REPRESENTATION_CONTEXT('2D SPACE',''
  ) );
#12454 = PCURVE('',#12424,#12455);
#12455 = DEFINITIONAL_REPRESENTATION('',(#12456),#12460);
#12456 = LINE('',#12457,#12458);
#12457 = CARTESIAN_POINT('',(-4.712388980385,60.));
#12458 = VECTOR('',#12459,1.);
#12459 = DIRECTION('',(1.,0.));
#12460 = ( GEOMETRIC_REPRESENTATION_CONTEXT(2) 
PARAMETRIC_REPRESENTATION_CONTEXT() REPRESENTATION_CONTEXT('2D SPACE',''
  ) );
#12461 = ORIENTED_EDGE('',*,*,#12001,.F.);
#12462 = ADVANCED_FACE('',(#12463),#12073,.T.);
#12463 = FACE_BOUND('',#12464,.T.);
#12464 = EDGE_LOOP('',(#12465,#12466,#12489,#12517));
#12465 = ORIENTED_EDGE('',*,*,#12057,.T.);
#12466 = ORIENTED_EDGE('',*,*,#12467,.T.);
#12467 = EDGE_CURVE('',#12058,#12468,#12470,.T.);
#12468 = VERTEX_POINT('',#12469);
#12469 = CARTESIAN_POINT('',(1.33E+03,437.5,433.5));
#12470 = SURFACE_CURVE('',#12471,(#12475,#12482),.PCURVE_S1.);
#12471 = LINE('',#12472,#12473);
#12472 = CARTESIAN_POINT('',(940.,437.5,433.5));
#12473 = VECTOR('',#12474,1.);
#12474 = DIRECTION('',(1.,0.,0.));
#12475 = PCURVE('',#12073,#12476);
#12476 = DEFINITIONAL_REPRESENTATION('',(#12477),#12481);
#12477 = LINE('',#12478,#12479);
#12478 = CARTESIAN_POINT('',(115.,0.));
#12479 = VECTOR('',#12480,1.);
#12480 = DIRECTION('',(0.,1.));
#12481 = ( GEOMETRIC_REPRESENTATION_CONTEXT(2) 
PARAMETRIC_REPRESENTATION_CONTEXT() REPRESENTATION_CONTEXT('2D SPACE',''
  ) );
#12482 = PCURVE('',#12424,#12483);
#12483 = DEFINITIONAL_REPRESENTATION('',(#12484),#12488);
#12484 = LINE('',#12485,#12486);
#12485 = CARTESIAN_POINT('',(0.,0.));
#12486 = VECTOR('',#12487,1.);
#12487 = DIRECTION('',(0.,1.));
#12488 = ( GEOMETRIC_REPRESENTATION_CONTEXT(2) 
PARAMETRIC_REPRESENTATION_CONTEXT() REPRESENTATION_CONTEXT('2D SPACE',''
  ) );
#12489 = ORIENTED_EDGE('',*,*,#12490,.F.);
#12490 = EDGE_CURVE('',#12491,#12468,#12493,.T.);
#12491 = VERTEX_POINT('',#12492);
#12492 = CARTESIAN_POINT('',(1.33E+03,437.5,378.5));
#12493 = SURFACE_CURVE('',#12494,(#12498,#12505),.PCURVE_S1.);
#12494 = LINE('',#12495,#12496);
#12495 = CARTESIAN_POINT('',(1.33E+03,437.5,318.5));
#12496 = VECTOR('',#12497,1.);
#12497 = DIRECTION('',(0.,0.,1.));
#12498 = PCURVE('',#12073,#12499);
#12499 = DEFINITIONAL_REPRESENTATION('',(#12500),#12504);
#12500 = LINE('',#12501,#12502);
#12501 = CARTESIAN_POINT('',(0.,390.));
#12502 = VECTOR('',#12503,1.);
#12503 = DIRECTION('',(1.,0.));
#12504 = ( GEOMETRIC_REPRESENTATION_CONTEXT(2) 
PARAMETRIC_REPRESENTATION_CONTEXT() REPRESENTATION_CONTEXT('2D SPACE',''
  ) );
#12505 = PCURVE('',#12506,#12511);
#12506 = CYLINDRICAL_SURFACE('',#12507,60.);
#12507 = AXIS2_PLACEMENT_3D('',#12508,#12509,#12510);
#12508 = CARTESIAN_POINT('',(1.33E+03,377.5,318.5));
#12509 = DIRECTION('',(0.,0.,1.));
#12510 = DIRECTION('',(1.,0.,-0.));
#12511 = DEFINITIONAL_REPRESENTATION('',(#12512),#12516);
#12512 = LINE('',#12513,#12514);
#12513 = CARTESIAN_POINT('',(1.570796326795,0.));
#12514 = VECTOR('',#12515,1.);
#12515 = DIRECTION('',(0.,1.));
#12516 = ( GEOMETRIC_REPRESENTATION_CONTEXT(2) 
PARAMETRIC_REPRESENTATION_CONTEXT() REPRESENTATION_CONTEXT('2D SPACE',''
  ) );
#12517 = ORIENTED_EDGE('',*,*,#12518,.F.);
#12518 = EDGE_CURVE('',#12034,#12491,#12519,.T.);
#12519 = SURFACE_CURVE('',#12520,(#12524,#12531),.PCURVE_S1.);
#12520 = LINE('',#12521,#12522);
#12521 = CARTESIAN_POINT('',(940.,437.5,378.5));
#12522 = VECTOR('',#12523,1.);
#12523 = DIRECTION('',(1.,0.,0.));
#12524 = PCURVE('',#12073,#12525);
#12525 = DEFINITIONAL_REPRESENTATION('',(#12526),#12530);
#12526 = LINE('',#12527,#12528);
#12527 = CARTESIAN_POINT('',(60.,0.));
#12528 = VECTOR('',#12529,1.);
#12529 = DIRECTION('',(0.,1.));
#12530 = ( GEOMETRIC_REPRESENTATION_CONTEXT(2) 
PARAMETRIC_REPRESENTATION_CONTEXT() REPRESENTATION_CONTEXT('2D SPACE',''
  ) );
#12531 = PCURVE('',#12316,#12532);
#12532 = DEFINITIONAL_REPRESENTATION('',(#12533),#12537);
#12533 = LINE('',#12534,#12535);
#12534 = CARTESIAN_POINT('',(-0.,0.));
#12535 = VECTOR('',#12536,1.);
#12536 = DIRECTION('',(-0.,1.));
#12537 = ( GEOMETRIC_REPRESENTATION_CONTEXT(2) 
PARAMETRIC_REPRESENTATION_CONTEXT() REPRESENTATION_CONTEXT('2D SPACE',''
  ) );
#12538 = ADVANCED_FACE('',(#12539),#12126,.T.);
#12539 = FACE_BOUND('',#12540,.T.);
#12540 = EDGE_LOOP('',(#12541,#12542,#12543,#12570));
#12541 = ORIENTED_EDGE('',*,*,#12111,.F.);
#12542 = ORIENTED_EDGE('',*,*,#12251,.T.);
#12543 = ORIENTED_EDGE('',*,*,#12544,.T.);
#12544 = EDGE_CURVE('',#12252,#12199,#12545,.T.);
#12545 = SURFACE_CURVE('',#12546,(#12551,#12558),.PCURVE_S1.);
#12546 = CIRCLE('',#12547,60.);
#12547 = AXIS2_PLACEMENT_3D('',#12548,#12549,#12550);
#12548 = CARTESIAN_POINT('',(1.33E+03,352.5,378.5));
#12549 = DIRECTION('',(-1.,-6.123233995737E-17,0.));
#12550 = DIRECTION('',(6.123233995737E-17,-1.,-0.));
#12551 = PCURVE('',#12126,#12552);
#12552 = DEFINITIONAL_REPRESENTATION('',(#12553),#12557);
#12553 = LINE('',#12554,#12555);
#12554 = CARTESIAN_POINT('',(6.28318530718,390.));
#12555 = VECTOR('',#12556,1.);
#12556 = DIRECTION('',(-1.,-0.));
#12557 = ( GEOMETRIC_REPRESENTATION_CONTEXT(2) 
PARAMETRIC_REPRESENTATION_CONTEXT() REPRESENTATION_CONTEXT('2D SPACE',''
  ) );
#12558 = PCURVE('',#12559,#12564);
#12559 = SPHERICAL_SURFACE('',#12560,60.);
#12560 = AXIS2_PLACEMENT_3D('',#12561,#12562,#12563);
#12561 = CARTESIAN_POINT('',(1.33E+03,352.5,378.5));
#12562 = DIRECTION('',(0.,0.,1.));
#12563 = DIRECTION('',(1.,0.,-0.));
#12564 = DEFINITIONAL_REPRESENTATION('',(#12565),#12569);
#12565 = LINE('',#12566,#12567);
#12566 = CARTESIAN_POINT('',(-1.570796326795,-6.28318530718));
#12567 = VECTOR('',#12568,1.);
#12568 = DIRECTION('',(-0.,1.));
#12569 = ( GEOMETRIC_REPRESENTATION_CONTEXT(2) 
PARAMETRIC_REPRESENTATION_CONTEXT() REPRESENTATION_CONTEXT('2D SPACE',''
  ) );
#12570 = ORIENTED_EDGE('',*,*,#12226,.F.);
#12571 = ADVANCED_FACE('',(#12572),#12158,.T.);
#12572 = FACE_BOUND('',#12573,.F.);
#12573 = EDGE_LOOP('',(#12574,#12575,#12576,#12603));
#12574 = ORIENTED_EDGE('',*,*,#12143,.F.);
#12575 = ORIENTED_EDGE('',*,*,#12359,.T.);
#12576 = ORIENTED_EDGE('',*,*,#12577,.T.);
#12577 = EDGE_CURVE('',#12360,#12176,#12578,.T.);
#12578 = SURFACE_CURVE('',#12579,(#12584,#12591),.PCURVE_S1.);
#12579 = CIRCLE('',#12580,60.);
#12580 = AXIS2_PLACEMENT_3D('',#12581,#12582,#12583);
#12581 = CARTESIAN_POINT('',(1.33E+03,352.5,433.5));
#12582 = DIRECTION('',(1.,6.123233995737E-17,0.));
#12583 = DIRECTION('',(6.123233995737E-17,-1.,0.));
#12584 = PCURVE('',#12158,#12585);
#12585 = DEFINITIONAL_REPRESENTATION('',(#12586),#12590);
#12586 = LINE('',#12587,#12588);
#12587 = CARTESIAN_POINT('',(-6.28318530718,390.));
#12588 = VECTOR('',#12589,1.);
#12589 = DIRECTION('',(1.,-0.));
#12590 = ( GEOMETRIC_REPRESENTATION_CONTEXT(2) 
PARAMETRIC_REPRESENTATION_CONTEXT() REPRESENTATION_CONTEXT('2D SPACE',''
  ) );
#12591 = PCURVE('',#12592,#12597);
#12592 = SPHERICAL_SURFACE('',#12593,60.);
#12593 = AXIS2_PLACEMENT_3D('',#12594,#12595,#12596);
#12594 = CARTESIAN_POINT('',(1.33E+03,352.5,433.5));
#12595 = DIRECTION('',(-0.,-0.,-1.));
#12596 = DIRECTION('',(1.,0.,0.));
#12597 = DEFINITIONAL_REPRESENTATION('',(#12598),#12602);
#12598 = LINE('',#12599,#12600);
#12599 = CARTESIAN_POINT('',(1.570796326795,-6.28318530718));
#12600 = VECTOR('',#12601,1.);
#12601 = DIRECTION('',(0.,1.));
#12602 = ( GEOMETRIC_REPRESENTATION_CONTEXT(2) 
PARAMETRIC_REPRESENTATION_CONTEXT() REPRESENTATION_CONTEXT('2D SPACE',''
  ) );
#12603 = ORIENTED_EDGE('',*,*,#12175,.F.);
#12604 = ADVANCED_FACE('',(#12605),#12214,.T.);
#12605 = FACE_BOUND('',#12606,.F.);
#12606 = EDGE_LOOP('',(#12607,#12637,#12659,#12660));
#12607 = ORIENTED_EDGE('',*,*,#12608,.F.);
#12608 = EDGE_CURVE('',#12609,#12611,#12613,.T.);
#12609 = VERTEX_POINT('',#12610);
#12610 = CARTESIAN_POINT('',(1.39E+03,352.5,378.5));
#12611 = VERTEX_POINT('',#12612);
#12612 = CARTESIAN_POINT('',(1.39E+03,352.5,433.5));
#12613 = SURFACE_CURVE('',#12614,(#12618,#12625),.PCURVE_S1.);
#12614 = LINE('',#12615,#12616);
#12615 = CARTESIAN_POINT('',(1.39E+03,352.5,318.5));
#12616 = VECTOR('',#12617,1.);
#12617 = DIRECTION('',(0.,0.,1.));
#12618 = PCURVE('',#12214,#12619);
#12619 = DEFINITIONAL_REPRESENTATION('',(#12620),#12624);
#12620 = LINE('',#12621,#12622);
#12621 = CARTESIAN_POINT('',(-0.,0.));
#12622 = VECTOR('',#12623,1.);
#12623 = DIRECTION('',(-0.,1.));
#12624 = ( GEOMETRIC_REPRESENTATION_CONTEXT(2) 
PARAMETRIC_REPRESENTATION_CONTEXT() REPRESENTATION_CONTEXT('2D SPACE',''
  ) );
#12625 = PCURVE('',#12626,#12631);
#12626 = PLANE('',#12627);
#12627 = AXIS2_PLACEMENT_3D('',#12628,#12629,#12630);
#12628 = CARTESIAN_POINT('',(1.39E+03,292.5,318.5));
#12629 = DIRECTION('',(1.,0.,0.));
#12630 = DIRECTION('',(0.,0.,1.));
#12631 = DEFINITIONAL_REPRESENTATION('',(#12632),#12636);
#12632 = LINE('',#12633,#12634);
#12633 = CARTESIAN_POINT('',(0.,-60.));
#12634 = VECTOR('',#12635,1.);
#12635 = DIRECTION('',(1.,0.));
#12636 = ( GEOMETRIC_REPRESENTATION_CONTEXT(2) 
PARAMETRIC_REPRESENTATION_CONTEXT() REPRESENTATION_CONTEXT('2D SPACE',''
  ) );
#12637 = ORIENTED_EDGE('',*,*,#12638,.T.);
#12638 = EDGE_CURVE('',#12609,#12199,#12639,.T.);
#12639 = SURFACE_CURVE('',#12640,(#12645,#12652),.PCURVE_S1.);
#12640 = CIRCLE('',#12641,60.);
#12641 = AXIS2_PLACEMENT_3D('',#12642,#12643,#12644);
#12642 = CARTESIAN_POINT('',(1.33E+03,352.5,378.5));
#12643 = DIRECTION('',(0.,-0.,-1.));
#12644 = DIRECTION('',(1.,0.,-0.));
#12645 = PCURVE('',#12214,#12646);
#12646 = DEFINITIONAL_REPRESENTATION('',(#12647),#12651);
#12647 = LINE('',#12648,#12649);
#12648 = CARTESIAN_POINT('',(-0.,60.));
#12649 = VECTOR('',#12650,1.);
#12650 = DIRECTION('',(-1.,0.));
#12651 = ( GEOMETRIC_REPRESENTATION_CONTEXT(2) 
PARAMETRIC_REPRESENTATION_CONTEXT() REPRESENTATION_CONTEXT('2D SPACE',''
  ) );
#12652 = PCURVE('',#12559,#12653);
#12653 = DEFINITIONAL_REPRESENTATION('',(#12654),#12658);
#12654 = LINE('',#12655,#12656);
#12655 = CARTESIAN_POINT('',(-0.,0.));
#12656 = VECTOR('',#12657,1.);
#12657 = DIRECTION('',(-1.,0.));
#12658 = ( GEOMETRIC_REPRESENTATION_CONTEXT(2) 
PARAMETRIC_REPRESENTATION_CONTEXT() REPRESENTATION_CONTEXT('2D SPACE',''
  ) );
#12659 = ORIENTED_EDGE('',*,*,#12198,.T.);
#12660 = ORIENTED_EDGE('',*,*,#12661,.F.);
#12661 = EDGE_CURVE('',#12611,#12176,#12662,.T.);
#12662 = SURFACE_CURVE('',#12663,(#12668,#12675),.PCURVE_S1.);
#12663 = CIRCLE('',#12664,60.);
#12664 = AXIS2_PLACEMENT_3D('',#12665,#12666,#12667);
#12665 = CARTESIAN_POINT('',(1.33E+03,352.5,433.5));
#12666 = DIRECTION('',(0.,0.,-1.));
#12667 = DIRECTION('',(1.,0.,0.));
#12668 = PCURVE('',#12214,#12669);
#12669 = DEFINITIONAL_REPRESENTATION('',(#12670),#12674);
#12670 = LINE('',#12671,#12672);
#12671 = CARTESIAN_POINT('',(-0.,115.));
#12672 = VECTOR('',#12673,1.);
#12673 = DIRECTION('',(-1.,0.));
#12674 = ( GEOMETRIC_REPRESENTATION_CONTEXT(2) 
PARAMETRIC_REPRESENTATION_CONTEXT() REPRESENTATION_CONTEXT('2D SPACE',''
  ) );
#12675 = PCURVE('',#12592,#12676);
#12676 = DEFINITIONAL_REPRESENTATION('',(#12677),#12681);
#12677 = LINE('',#12678,#12679);
#12678 = CARTESIAN_POINT('',(0.,0.));
#12679 = VECTOR('',#12680,1.);
#12680 = DIRECTION('',(1.,0.));
#12681 = ( GEOMETRIC_REPRESENTATION_CONTEXT(2) 
PARAMETRIC_REPRESENTATION_CONTEXT() REPRESENTATION_CONTEXT('2D SPACE',''
  ) );
#12682 = ADVANCED_FACE('',(#12683),#12316,.T.);
#12683 = FACE_BOUND('',#12684,.F.);
#12684 = EDGE_LOOP('',(#12685,#12686,#12687,#12714));
#12685 = ORIENTED_EDGE('',*,*,#12332,.F.);
#12686 = ORIENTED_EDGE('',*,*,#12302,.T.);
#12687 = ORIENTED_EDGE('',*,*,#12688,.T.);
#12688 = EDGE_CURVE('',#12275,#12491,#12689,.T.);
#12689 = SURFACE_CURVE('',#12690,(#12695,#12702),.PCURVE_S1.);
#12690 = CIRCLE('',#12691,60.);
#12691 = AXIS2_PLACEMENT_3D('',#12692,#12693,#12694);
#12692 = CARTESIAN_POINT('',(1.33E+03,377.5,378.5));
#12693 = DIRECTION('',(1.,-6.123233995737E-17,0.));
#12694 = DIRECTION('',(6.123233995737E-17,1.,0.));
#12695 = PCURVE('',#12316,#12696);
#12696 = DEFINITIONAL_REPRESENTATION('',(#12697),#12701);
#12697 = LINE('',#12698,#12699);
#12698 = CARTESIAN_POINT('',(-6.28318530718,390.));
#12699 = VECTOR('',#12700,1.);
#12700 = DIRECTION('',(1.,-0.));
#12701 = ( GEOMETRIC_REPRESENTATION_CONTEXT(2) 
PARAMETRIC_REPRESENTATION_CONTEXT() REPRESENTATION_CONTEXT('2D SPACE',''
  ) );
#12702 = PCURVE('',#12703,#12708);
#12703 = SPHERICAL_SURFACE('',#12704,60.);
#12704 = AXIS2_PLACEMENT_3D('',#12705,#12706,#12707);
#12705 = CARTESIAN_POINT('',(1.33E+03,377.5,378.5));
#12706 = DIRECTION('',(0.,0.,1.));
#12707 = DIRECTION('',(1.,0.,-0.));
#12708 = DEFINITIONAL_REPRESENTATION('',(#12709),#12713);
#12709 = LINE('',#12710,#12711);
#12710 = CARTESIAN_POINT('',(1.570796326795,-6.28318530718));
#12711 = VECTOR('',#12712,1.);
#12712 = DIRECTION('',(0.,1.));
#12713 = ( GEOMETRIC_REPRESENTATION_CONTEXT(2) 
PARAMETRIC_REPRESENTATION_CONTEXT() REPRESENTATION_CONTEXT('2D SPACE',''
  ) );
#12714 = ORIENTED_EDGE('',*,*,#12518,.F.);
#12715 = ADVANCED_FACE('',(#12716),#12290,.T.);
#12716 = FACE_BOUND('',#12717,.T.);
#12717 = EDGE_LOOP('',(#12718,#12740,#12741,#12765));
#12718 = ORIENTED_EDGE('',*,*,#12719,.F.);
#12719 = EDGE_CURVE('',#12252,#12609,#12720,.T.);
#12720 = SURFACE_CURVE('',#12721,(#12726,#12733),.PCURVE_S1.);
#12721 = CIRCLE('',#12722,60.);
#12722 = AXIS2_PLACEMENT_3D('',#12723,#12724,#12725);
#12723 = CARTESIAN_POINT('',(1.33E+03,352.5,378.5));
#12724 = DIRECTION('',(0.,-1.,0.));
#12725 = DIRECTION('',(1.,0.,0.));
#12726 = PCURVE('',#12290,#12727);
#12727 = DEFINITIONAL_REPRESENTATION('',(#12728),#12732);
#12728 = LINE('',#12729,#12730);
#12729 = CARTESIAN_POINT('',(6.28318530718,60.));
#12730 = VECTOR('',#12731,1.);
#12731 = DIRECTION('',(-1.,-0.));
#12732 = ( GEOMETRIC_REPRESENTATION_CONTEXT(2) 
PARAMETRIC_REPRESENTATION_CONTEXT() REPRESENTATION_CONTEXT('2D SPACE',''
  ) );
#12733 = PCURVE('',#12559,#12734);
#12734 = DEFINITIONAL_REPRESENTATION('',(#12735),#12739);
#12735 = LINE('',#12736,#12737);
#12736 = CARTESIAN_POINT('',(-0.,-6.28318530718));
#12737 = VECTOR('',#12738,1.);
#12738 = DIRECTION('',(-0.,1.));
#12739 = ( GEOMETRIC_REPRESENTATION_CONTEXT(2) 
PARAMETRIC_REPRESENTATION_CONTEXT() REPRESENTATION_CONTEXT('2D SPACE',''
  ) );
#12740 = ORIENTED_EDGE('',*,*,#12274,.T.);
#12741 = ORIENTED_EDGE('',*,*,#12742,.T.);
#12742 = EDGE_CURVE('',#12275,#12743,#12745,.T.);
#12743 = VERTEX_POINT('',#12744);
#12744 = CARTESIAN_POINT('',(1.39E+03,377.5,378.5));
#12745 = SURFACE_CURVE('',#12746,(#12751,#12758),.PCURVE_S1.);
#12746 = CIRCLE('',#12747,60.);
#12747 = AXIS2_PLACEMENT_3D('',#12748,#12749,#12750);
#12748 = CARTESIAN_POINT('',(1.33E+03,377.5,378.5));
#12749 = DIRECTION('',(0.,-1.,0.));
#12750 = DIRECTION('',(1.,0.,0.));
#12751 = PCURVE('',#12290,#12752);
#12752 = DEFINITIONAL_REPRESENTATION('',(#12753),#12757);
#12753 = LINE('',#12754,#12755);
#12754 = CARTESIAN_POINT('',(6.28318530718,85.));
#12755 = VECTOR('',#12756,1.);
#12756 = DIRECTION('',(-1.,-0.));
#12757 = ( GEOMETRIC_REPRESENTATION_CONTEXT(2) 
PARAMETRIC_REPRESENTATION_CONTEXT() REPRESENTATION_CONTEXT('2D SPACE',''
  ) );
#12758 = PCURVE('',#12703,#12759);
#12759 = DEFINITIONAL_REPRESENTATION('',(#12760),#12764);
#12760 = LINE('',#12761,#12762);
#12761 = CARTESIAN_POINT('',(0.,-6.28318530718));
#12762 = VECTOR('',#12763,1.);
#12763 = DIRECTION('',(0.,1.));
#12764 = ( GEOMETRIC_REPRESENTATION_CONTEXT(2) 
PARAMETRIC_REPRESENTATION_CONTEXT() REPRESENTATION_CONTEXT('2D SPACE',''
  ) );
#12765 = ORIENTED_EDGE('',*,*,#12766,.F.);
#12766 = EDGE_CURVE('',#12609,#12743,#12767,.T.);
#12767 = SURFACE_CURVE('',#12768,(#12772,#12779),.PCURVE_S1.);
#12768 = LINE('',#12769,#12770);
#12769 = CARTESIAN_POINT('',(1.39E+03,292.5,378.5));
#12770 = VECTOR('',#12771,1.);
#12771 = DIRECTION('',(0.,1.,0.));
#12772 = PCURVE('',#12290,#12773);
#12773 = DEFINITIONAL_REPRESENTATION('',(#12774),#12778);
#12774 = LINE('',#12775,#12776);
#12775 = CARTESIAN_POINT('',(0.,0.));
#12776 = VECTOR('',#12777,1.);
#12777 = DIRECTION('',(0.,1.));
#12778 = ( GEOMETRIC_REPRESENTATION_CONTEXT(2) 
PARAMETRIC_REPRESENTATION_CONTEXT() REPRESENTATION_CONTEXT('2D SPACE',''
  ) );
#12779 = PCURVE('',#12626,#12780);
#12780 = DEFINITIONAL_REPRESENTATION('',(#12781),#12785);
#12781 = LINE('',#12782,#12783);
#12782 = CARTESIAN_POINT('',(60.,0.));
#12783 = VECTOR('',#12784,1.);
#12784 = DIRECTION('',(0.,-1.));
#12785 = ( GEOMETRIC_REPRESENTATION_CONTEXT(2) 
PARAMETRIC_REPRESENTATION_CONTEXT() REPRESENTATION_CONTEXT('2D SPACE',''
  ) );
#12786 = ADVANCED_FACE('',(#12787),#12424,.T.);
#12787 = FACE_BOUND('',#12788,.T.);
#12788 = EDGE_LOOP('',(#12789,#12790,#12791,#12818));
#12789 = ORIENTED_EDGE('',*,*,#12440,.T.);
#12790 = ORIENTED_EDGE('',*,*,#12410,.T.);
#12791 = ORIENTED_EDGE('',*,*,#12792,.F.);
#12792 = EDGE_CURVE('',#12468,#12383,#12793,.T.);
#12793 = SURFACE_CURVE('',#12794,(#12799,#12806),.PCURVE_S1.);
#12794 = CIRCLE('',#12795,60.);
#12795 = AXIS2_PLACEMENT_3D('',#12796,#12797,#12798);
#12796 = CARTESIAN_POINT('',(1.33E+03,377.5,433.5));
#12797 = DIRECTION('',(1.,0.,-6.123233995737E-17));
#12798 = DIRECTION('',(6.123233995737E-17,0.,1.));
#12799 = PCURVE('',#12424,#12800);
#12800 = DEFINITIONAL_REPRESENTATION('',(#12801),#12805);
#12801 = LINE('',#12802,#12803);
#12802 = CARTESIAN_POINT('',(-4.712388980385,390.));
#12803 = VECTOR('',#12804,1.);
#12804 = DIRECTION('',(1.,0.));
#12805 = ( GEOMETRIC_REPRESENTATION_CONTEXT(2) 
PARAMETRIC_REPRESENTATION_CONTEXT() REPRESENTATION_CONTEXT('2D SPACE',''
  ) );
#12806 = PCURVE('',#12807,#12812);
#12807 = SPHERICAL_SURFACE('',#12808,60.);
#12808 = AXIS2_PLACEMENT_3D('',#12809,#12810,#12811);
#12809 = CARTESIAN_POINT('',(1.33E+03,377.5,433.5));
#12810 = DIRECTION('',(-0.,-1.,-0.));
#12811 = DIRECTION('',(1.,-0.,0.));
#12812 = DEFINITIONAL_REPRESENTATION('',(#12813),#12817);
#12813 = LINE('',#12814,#12815);
#12814 = CARTESIAN_POINT('',(1.570796326795,-6.28318530718));
#12815 = VECTOR('',#12816,1.);
#12816 = DIRECTION('',(0.,1.));
#12817 = ( GEOMETRIC_REPRESENTATION_CONTEXT(2) 
PARAMETRIC_REPRESENTATION_CONTEXT() REPRESENTATION_CONTEXT('2D SPACE',''
  ) );
#12818 = ORIENTED_EDGE('',*,*,#12467,.F.);
#12819 = ADVANCED_FACE('',(#12820),#12398,.T.);
#12820 = FACE_BOUND('',#12821,.F.);
#12821 = EDGE_LOOP('',(#12822,#12844,#12845,#12869));
#12822 = ORIENTED_EDGE('',*,*,#12823,.F.);
#12823 = EDGE_CURVE('',#12360,#12611,#12824,.T.);
#12824 = SURFACE_CURVE('',#12825,(#12830,#12837),.PCURVE_S1.);
#12825 = CIRCLE('',#12826,60.);
#12826 = AXIS2_PLACEMENT_3D('',#12827,#12828,#12829);
#12827 = CARTESIAN_POINT('',(1.33E+03,352.5,433.5));
#12828 = DIRECTION('',(-0.,1.,0.));
#12829 = DIRECTION('',(1.,0.,0.));
#12830 = PCURVE('',#12398,#12831);
#12831 = DEFINITIONAL_REPRESENTATION('',(#12832),#12836);
#12832 = LINE('',#12833,#12834);
#12833 = CARTESIAN_POINT('',(-6.28318530718,60.));
#12834 = VECTOR('',#12835,1.);
#12835 = DIRECTION('',(1.,-0.));
#12836 = ( GEOMETRIC_REPRESENTATION_CONTEXT(2) 
PARAMETRIC_REPRESENTATION_CONTEXT() REPRESENTATION_CONTEXT('2D SPACE',''
  ) );
#12837 = PCURVE('',#12592,#12838);
#12838 = DEFINITIONAL_REPRESENTATION('',(#12839),#12843);
#12839 = LINE('',#12840,#12841);
#12840 = CARTESIAN_POINT('',(0.,-6.28318530718));
#12841 = VECTOR('',#12842,1.);
#12842 = DIRECTION('',(0.,1.));
#12843 = ( GEOMETRIC_REPRESENTATION_CONTEXT(2) 
PARAMETRIC_REPRESENTATION_CONTEXT() REPRESENTATION_CONTEXT('2D SPACE',''
  ) );
#12844 = ORIENTED_EDGE('',*,*,#12382,.T.);
#12845 = ORIENTED_EDGE('',*,*,#12846,.F.);
#12846 = EDGE_CURVE('',#12847,#12383,#12849,.T.);
#12847 = VERTEX_POINT('',#12848);
#12848 = CARTESIAN_POINT('',(1.39E+03,377.5,433.5));
#12849 = SURFACE_CURVE('',#12850,(#12855,#12862),.PCURVE_S1.);
#12850 = CIRCLE('',#12851,60.);
#12851 = AXIS2_PLACEMENT_3D('',#12852,#12853,#12854);
#12852 = CARTESIAN_POINT('',(1.33E+03,377.5,433.5));
#12853 = DIRECTION('',(-0.,-1.,0.));
#12854 = DIRECTION('',(1.,-0.,0.));
#12855 = PCURVE('',#12398,#12856);
#12856 = DEFINITIONAL_REPRESENTATION('',(#12857),#12861);
#12857 = LINE('',#12858,#12859);
#12858 = CARTESIAN_POINT('',(-0.,85.));
#12859 = VECTOR('',#12860,1.);
#12860 = DIRECTION('',(-1.,0.));
#12861 = ( GEOMETRIC_REPRESENTATION_CONTEXT(2) 
PARAMETRIC_REPRESENTATION_CONTEXT() REPRESENTATION_CONTEXT('2D SPACE',''
  ) );
#12862 = PCURVE('',#12807,#12863);
#12863 = DEFINITIONAL_REPRESENTATION('',(#12864),#12868);
#12864 = LINE('',#12865,#12866);
#12865 = CARTESIAN_POINT('',(0.,0.));
#12866 = VECTOR('',#12867,1.);
#12867 = DIRECTION('',(1.,0.));
#12868 = ( GEOMETRIC_REPRESENTATION_CONTEXT(2) 
PARAMETRIC_REPRESENTATION_CONTEXT() REPRESENTATION_CONTEXT('2D SPACE',''
  ) );
#12869 = ORIENTED_EDGE('',*,*,#12870,.F.);
#12870 = EDGE_CURVE('',#12611,#12847,#12871,.T.);
#12871 = SURFACE_CURVE('',#12872,(#12876,#12883),.PCURVE_S1.);
#12872 = LINE('',#12873,#12874);
#12873 = CARTESIAN_POINT('',(1.39E+03,292.5,433.5));
#12874 = VECTOR('',#12875,1.);
#12875 = DIRECTION('',(0.,1.,0.));
#12876 = PCURVE('',#12398,#12877);
#12877 = DEFINITIONAL_REPRESENTATION('',(#12878),#12882);
#12878 = LINE('',#12879,#12880);
#12879 = CARTESIAN_POINT('',(-0.,0.));
#12880 = VECTOR('',#12881,1.);
#12881 = DIRECTION('',(-0.,1.));
#12882 = ( GEOMETRIC_REPRESENTATION_CONTEXT(2) 
PARAMETRIC_REPRESENTATION_CONTEXT() REPRESENTATION_CONTEXT('2D SPACE',''
  ) );
#12883 = PCURVE('',#12626,#12884);
#12884 = DEFINITIONAL_REPRESENTATION('',(#12885),#12889);
#12885 = LINE('',#12886,#12887);
#12886 = CARTESIAN_POINT('',(115.,0.));
#12887 = VECTOR('',#12888,1.);
#12888 = DIRECTION('',(0.,-1.));
#12889 = ( GEOMETRIC_REPRESENTATION_CONTEXT(2) 
PARAMETRIC_REPRESENTATION_CONTEXT() REPRESENTATION_CONTEXT('2D SPACE',''
  ) );
#12890 = ADVANCED_FACE('',(#12891),#12506,.T.);
#12891 = FACE_BOUND('',#12892,.T.);
#12892 = EDGE_LOOP('',(#12893,#12914,#12936,#12937));
#12893 = ORIENTED_EDGE('',*,*,#12894,.F.);
#12894 = EDGE_CURVE('',#12743,#12847,#12895,.T.);
#12895 = SURFACE_CURVE('',#12896,(#12900,#12907),.PCURVE_S1.);
#12896 = LINE('',#12897,#12898);
#12897 = CARTESIAN_POINT('',(1.39E+03,377.5,318.5));
#12898 = VECTOR('',#12899,1.);
#12899 = DIRECTION('',(0.,0.,1.));
#12900 = PCURVE('',#12506,#12901);
#12901 = DEFINITIONAL_REPRESENTATION('',(#12902),#12906);
#12902 = LINE('',#12903,#12904);
#12903 = CARTESIAN_POINT('',(0.,0.));
#12904 = VECTOR('',#12905,1.);
#12905 = DIRECTION('',(0.,1.));
#12906 = ( GEOMETRIC_REPRESENTATION_CONTEXT(2) 
PARAMETRIC_REPRESENTATION_CONTEXT() REPRESENTATION_CONTEXT('2D SPACE',''
  ) );
#12907 = PCURVE('',#12626,#12908);
#12908 = DEFINITIONAL_REPRESENTATION('',(#12909),#12913);
#12909 = LINE('',#12910,#12911);
#12910 = CARTESIAN_POINT('',(0.,-85.));
#12911 = VECTOR('',#12912,1.);
#12912 = DIRECTION('',(1.,0.));
#12913 = ( GEOMETRIC_REPRESENTATION_CONTEXT(2) 
PARAMETRIC_REPRESENTATION_CONTEXT() REPRESENTATION_CONTEXT('2D SPACE',''
  ) );
#12914 = ORIENTED_EDGE('',*,*,#12915,.T.);
#12915 = EDGE_CURVE('',#12743,#12491,#12916,.T.);
#12916 = SURFACE_CURVE('',#12917,(#12922,#12929),.PCURVE_S1.);
#12917 = CIRCLE('',#12918,60.);
#12918 = AXIS2_PLACEMENT_3D('',#12919,#12920,#12921);
#12919 = CARTESIAN_POINT('',(1.33E+03,377.5,378.5));
#12920 = DIRECTION('',(0.,0.,1.));
#12921 = DIRECTION('',(1.,0.,-0.));
#12922 = PCURVE('',#12506,#12923);
#12923 = DEFINITIONAL_REPRESENTATION('',(#12924),#12928);
#12924 = LINE('',#12925,#12926);
#12925 = CARTESIAN_POINT('',(0.,60.));
#12926 = VECTOR('',#12927,1.);
#12927 = DIRECTION('',(1.,0.));
#12928 = ( GEOMETRIC_REPRESENTATION_CONTEXT(2) 
PARAMETRIC_REPRESENTATION_CONTEXT() REPRESENTATION_CONTEXT('2D SPACE',''
  ) );
#12929 = PCURVE('',#12703,#12930);
#12930 = DEFINITIONAL_REPRESENTATION('',(#12931),#12935);
#12931 = LINE('',#12932,#12933);
#12932 = CARTESIAN_POINT('',(0.,0.));
#12933 = VECTOR('',#12934,1.);
#12934 = DIRECTION('',(1.,0.));
#12935 = ( GEOMETRIC_REPRESENTATION_CONTEXT(2) 
PARAMETRIC_REPRESENTATION_CONTEXT() REPRESENTATION_CONTEXT('2D SPACE',''
  ) );
#12936 = ORIENTED_EDGE('',*,*,#12490,.T.);
#12937 = ORIENTED_EDGE('',*,*,#12938,.T.);
#12938 = EDGE_CURVE('',#12468,#12847,#12939,.T.);
#12939 = SURFACE_CURVE('',#12940,(#12945,#12952),.PCURVE_S1.);
#12940 = CIRCLE('',#12941,60.);
#12941 = AXIS2_PLACEMENT_3D('',#12942,#12943,#12944);
#12942 = CARTESIAN_POINT('',(1.33E+03,377.5,433.5));
#12943 = DIRECTION('',(0.,0.,-1.));
#12944 = DIRECTION('',(1.,0.,0.));
#12945 = PCURVE('',#12506,#12946);
#12946 = DEFINITIONAL_REPRESENTATION('',(#12947),#12951);
#12947 = LINE('',#12948,#12949);
#12948 = CARTESIAN_POINT('',(6.28318530718,115.));
#12949 = VECTOR('',#12950,1.);
#12950 = DIRECTION('',(-1.,-0.));
#12951 = ( GEOMETRIC_REPRESENTATION_CONTEXT(2) 
PARAMETRIC_REPRESENTATION_CONTEXT() REPRESENTATION_CONTEXT('2D SPACE',''
  ) );
#12952 = PCURVE('',#12807,#12953);
#12953 = DEFINITIONAL_REPRESENTATION('',(#12954),#12958);
#12954 = LINE('',#12955,#12956);
#12955 = CARTESIAN_POINT('',(0.,-6.28318530718));
#12956 = VECTOR('',#12957,1.);
#12957 = DIRECTION('',(0.,1.));
#12958 = ( GEOMETRIC_REPRESENTATION_CONTEXT(2) 
PARAMETRIC_REPRESENTATION_CONTEXT() REPRESENTATION_CONTEXT('2D SPACE',''
  ) );
#12959 = ADVANCED_FACE('',(#12960),#12559,.T.);
#12960 = FACE_BOUND('',#12961,.F.);
#12961 = EDGE_LOOP('',(#12962,#12963,#12964));
#12962 = ORIENTED_EDGE('',*,*,#12719,.F.);
#12963 = ORIENTED_EDGE('',*,*,#12544,.T.);
#12964 = ORIENTED_EDGE('',*,*,#12638,.F.);
#12965 = ADVANCED_FACE('',(#12966),#12592,.T.);
#12966 = FACE_BOUND('',#12967,.T.);
#12967 = EDGE_LOOP('',(#12968,#12969,#12970));
#12968 = ORIENTED_EDGE('',*,*,#12823,.F.);
#12969 = ORIENTED_EDGE('',*,*,#12577,.T.);
#12970 = ORIENTED_EDGE('',*,*,#12661,.F.);
#12971 = ADVANCED_FACE('',(#12972),#12626,.T.);
#12972 = FACE_BOUND('',#12973,.T.);
#12973 = EDGE_LOOP('',(#12974,#12975,#12976,#12977));
#12974 = ORIENTED_EDGE('',*,*,#12608,.F.);
#12975 = ORIENTED_EDGE('',*,*,#12766,.T.);
#12976 = ORIENTED_EDGE('',*,*,#12894,.T.);
#12977 = ORIENTED_EDGE('',*,*,#12870,.F.);
#12978 = ADVANCED_FACE('',(#12979),#12703,.T.);
#12979 = FACE_BOUND('',#12980,.T.);
#12980 = EDGE_LOOP('',(#12981,#12982,#12983));
#12981 = ORIENTED_EDGE('',*,*,#12742,.F.);
#12982 = ORIENTED_EDGE('',*,*,#12688,.T.);
#12983 = ORIENTED_EDGE('',*,*,#12915,.F.);
#12984 = ADVANCED_FACE('',(#12985),#12807,.T.);
#12985 = FACE_BOUND('',#12986,.T.);
#12986 = EDGE_LOOP('',(#12987,#12988,#12989));
#12987 = ORIENTED_EDGE('',*,*,#12938,.F.);
#12988 = ORIENTED_EDGE('',*,*,#12792,.T.);
#12989 = ORIENTED_EDGE('',*,*,#12846,.F.);
#12990 = ( GEOMETRIC_REPRESENTATION_CONTEXT(3) 
GLOBAL_UNCERTAINTY_ASSIGNED_CONTEXT((#12994)) 
GLOBAL_UNIT_ASSIGNED_CONTEXT((#12991,#12992,#12993)) 
REPRESENTATION_CONTEXT('Context #1',
  '3D Context with UNIT and UNCERTAINTY') );
#12991 = ( LENGTH_UNIT() NAMED_UNIT(*) SI_UNIT(.MILLI.,.METRE.) );
#12992 = ( NAMED_UNIT(*) PLANE_ANGLE_UNIT() SI_UNIT($,.RADIAN.) );
#12993 = ( NAMED_UNIT(*) SI_UNIT($,.STERADIAN.) SOLID_ANGLE_UNIT() );
#12994 = UNCERTAINTY_MEASURE_WITH_UNIT(LENGTH_MEASURE(1.E-07),#12991,
  'distance_accuracy_value','confusion accuracy');
#12995 = CONTEXT_DEPENDENT_SHAPE_REPRESENTATION(#12996,#12998);
#12996 = ( REPRESENTATION_RELATIONSHIP('','',#11651,#10) 
REPRESENTATION_RELATIONSHIP_WITH_TRANSFORMATION(#12997) 
SHAPE_REPRESENTATION_RELATIONSHIP() );
#12997 = ITEM_DEFINED_TRANSFORMATION('','',#11,#163);
#12998 = PRODUCT_DEFINITION_SHAPE('Placement','Placement of an item',
  #12999);
#12999 = NEXT_ASSEMBLY_USAGE_OCCURRENCE('38','ARM_BAG_365','',#5,#11646,
  $);
#13000 = PRODUCT_RELATED_PRODUCT_CATEGORY('part',$,(#11648));
#13001 = SHAPE_DEFINITION_REPRESENTATION(#13002,#13008);
#13002 = PRODUCT_DEFINITION_SHAPE('','',#13003);
#13003 = PRODUCT_DEFINITION('design','',#13004,#13007);
#13004 = PRODUCT_DEFINITION_FORMATION('','',#13005);
#13005 = PRODUCT('PASSIVE_HOOD_0','PASSIVE_HOOD_0','',(#13006));
#13006 = PRODUCT_CONTEXT('',#2,'mechanical');
#13007 = PRODUCT_DEFINITION_CONTEXT('part definition',#2,'design');
#13008 = MANIFOLD_SURFACE_SHAPE_REPRESENTATION('',(#11,#13009),#13375);
#13009 = SHELL_BASED_SURFACE_MODEL('',(#13010));
#13010 = OPEN_SHELL('',(#13011));
#13011 = ADVANCED_FACE('',(#13012),#13047,.T.);
#13012 = FACE_BOUND('',#13013,.T.);
#13013 = EDGE_LOOP('',(#13014,#13294,#13317,#13354));
#13014 = ORIENTED_EDGE('',*,*,#13015,.F.);
#13015 = EDGE_CURVE('',#13016,#13018,#13020,.T.);
#13016 = VERTEX_POINT('',#13017);
#13017 = CARTESIAN_POINT('',(965.,335.,545.));
#13018 = VERTEX_POINT('',#13019);
#13019 = CARTESIAN_POINT('',(965.,-335.,545.));
#13020 = SURFACE_CURVE('',#13021,(#13046),.PCURVE_S1.);
#13021 = B_SPLINE_CURVE_WITH_KNOTS('',2,(#13022,#13023,#13024,#13025,
    #13026,#13027,#13028,#13029,#13030,#13031,#13032,#13033,#13034,
    #13035,#13036,#13037,#13038,#13039,#13040,#13041,#13042,#13043,
    #13044,#13045),.UNSPECIFIED.,.F.,.F.,(3,1,1,1,1,1,1,1,1,1,1,1,1,1,1,
    1,1,1,1,1,1,1,3),(0.,2.942309878049E-02,6.063174553123E-02,
    9.51222777639E-02,0.133396775591,0.175855398559,0.222477995773,
    0.272940170395,0.326531466939,0.382901927403,0.440927396023,
    0.499909382515,0.558998843383,0.617004440851,0.673375101475,
    0.726999361685,0.777382252698,0.823993498009,0.866525378989,
    0.904851644882,0.939354213396,0.970600242725,1.),.UNSPECIFIED.);
#13022 = CARTESIAN_POINT('',(965.,335.,545.));
#13023 = CARTESIAN_POINT('',(965.,335.04489190768,556.95785737386));
#13024 = CARTESIAN_POINT('',(965.,327.84977823195,580.86177955687));
#13025 = CARTESIAN_POINT('',(964.99999999999,314.12954248651,
    603.5219360172));
#13026 = CARTESIAN_POINT('',(965.,293.87330244454,625.06777004205));
#13027 = CARTESIAN_POINT('',(965.,267.87793084236,644.76959361536));
#13028 = CARTESIAN_POINT('',(965.,236.41703407883,662.50109665861));
#13029 = CARTESIAN_POINT('',(965.,200.11842257205,677.82652937492));
#13030 = CARTESIAN_POINT('',(965.,161.34738691352,690.09806412699));
#13031 = CARTESIAN_POINT('',(965.,115.29280589422,700.37509304147));
#13032 = CARTESIAN_POINT('',(965.,69.668853782661,706.92789559676));
#13033 = CARTESIAN_POINT('',(965.,17.457796506955,710.10520009819));
#13034 = CARTESIAN_POINT('',(965.,-17.98694131001,710.05757490756));
#13035 = CARTESIAN_POINT('',(965.,-69.88106511044,706.9269717296));
#13036 = CARTESIAN_POINT('',(964.99999999999,-115.480964385,
    700.32070512186));
#13037 = CARTESIAN_POINT('',(965.,-161.296026412,690.1192656567));
#13038 = CARTESIAN_POINT('',(965.,-200.1023664298,677.82955463394));
#13039 = CARTESIAN_POINT('',(965.,-236.4463587092,662.48898498773));
#13040 = CARTESIAN_POINT('',(965.,-267.8978961177,644.75522916305));
#13041 = CARTESIAN_POINT('',(965.,-293.8524608486,625.08481200564));
#13042 = CARTESIAN_POINT('',(965.,-314.1307633692,603.52288720678));
#13043 = CARTESIAN_POINT('',(965.,-327.8554226759,580.85037659439));
#13044 = CARTESIAN_POINT('',(965.,-335.0338738298,556.99010573278));
#13045 = CARTESIAN_POINT('',(965.,-335.,545.));
#13046 = PCURVE('',#13047,#13288);
#13047 = B_SPLINE_SURFACE_WITH_KNOTS('',3,2,(
    (#13048,#13049,#13050,#13051,#13052,#13053,#13054,#13055,#13056
      ,#13057,#13058,#13059,#13060,#13061,#13062,#13063,#13064,#13065
      ,#13066,#13067,#13068,#13069,#13070,#13071)
    ,(#13072,#13073,#13074,#13075,#13076,#13077,#13078,#13079,#13080
      ,#13081,#13082,#13083,#13084,#13085,#13086,#13087,#13088,#13089
      ,#13090,#13091,#13092,#13093,#13094,#13095)
    ,(#13096,#13097,#13098,#13099,#13100,#13101,#13102,#13103,#13104
      ,#13105,#13106,#13107,#13108,#13109,#13110,#13111,#13112,#13113
      ,#13114,#13115,#13116,#13117,#13118,#13119)
    ,(#13120,#13121,#13122,#13123,#13124,#13125,#13126,#13127,#13128
      ,#13129,#13130,#13131,#13132,#13133,#13134,#13135,#13136,#13137
      ,#13138,#13139,#13140,#13141,#13142,#13143)
    ,(#13144,#13145,#13146,#13147,#13148,#13149,#13150,#13151,#13152
      ,#13153,#13154,#13155,#13156,#13157,#13158,#13159,#13160,#13161
      ,#13162,#13163,#13164,#13165,#13166,#13167)
    ,(#13168,#13169,#13170,#13171,#13172,#13173,#13174,#13175,#13176
      ,#13177,#13178,#13179,#13180,#13181,#13182,#13183,#13184,#13185
      ,#13186,#13187,#13188,#13189,#13190,#13191)
    ,(#13192,#13193,#13194,#13195,#13196,#13197,#13198,#13199,#13200
      ,#13201,#13202,#13203,#13204,#13205,#13206,#13207,#13208,#13209
      ,#13210,#13211,#13212,#13213,#13214,#13215)
    ,(#13216,#13217,#13218,#13219,#13220,#13221,#13222,#13223,#13224
      ,#13225,#13226,#13227,#13228,#13229,#13230,#13231,#13232,#13233
      ,#13234,#13235,#13236,#13237,#13238,#13239)
    ,(#13240,#13241,#13242,#13243,#13244,#13245,#13246,#13247,#13248
      ,#13249,#13250,#13251,#13252,#13253,#13254,#13255,#13256,#13257
      ,#13258,#13259,#13260,#13261,#13262,#13263)
    ,(#13264,#13265,#13266,#13267,#13268,#13269,#13270,#13271,#13272
      ,#13273,#13274,#13275,#13276,#13277,#13278,#13279,#13280,#13281
      ,#13282,#13283,#13284,#13285,#13286,#13287
  )),.UNSPECIFIED.,.F.,.F.,.F.,(4,1,1,1,1,1,1,4),(3,1,1,1,1,1,1,1,1,1,1,
    1,1,1,1,1,1,1,1,1,1,1,3),(0.,0.143714537794,0.286500710887,
    0.428898391903,0.571189534926,0.7135859418,0.856261540299,1.),(0.,
    2.942309878049E-02,6.063174553123E-02,9.51222777639E-02,
    0.133396775591,0.175855398559,0.222477995773,0.272940170395,
    0.326531466939,0.382901927403,0.440927396023,0.499909382515,
    0.558998843383,0.617004440851,0.673375101475,0.726999361685,
    0.777382252698,0.823993498009,0.866525378989,0.904851644882,
    0.939354213396,0.970600242725,1.),.UNSPECIFIED.);
#13048 = CARTESIAN_POINT('',(965.,335.,545.));
#13049 = CARTESIAN_POINT('',(965.,335.04489190768,556.95785737386));
#13050 = CARTESIAN_POINT('',(965.,327.84977823195,580.86177955687));
#13051 = CARTESIAN_POINT('',(964.99999999999,314.12954248651,
    603.5219360172));
#13052 = CARTESIAN_POINT('',(965.,293.87330244454,625.06777004205));
#13053 = CARTESIAN_POINT('',(965.,267.87793084236,644.76959361536));
#13054 = CARTESIAN_POINT('',(965.,236.41703407883,662.50109665861));
#13055 = CARTESIAN_POINT('',(965.,200.11842257205,677.82652937492));
#13056 = CARTESIAN_POINT('',(965.,161.34738691352,690.09806412699));
#13057 = CARTESIAN_POINT('',(965.,115.29280589422,700.37509304147));
#13058 = CARTESIAN_POINT('',(965.,69.668853782661,706.92789559676));
#13059 = CARTESIAN_POINT('',(965.,17.457796506955,710.10520009819));
#13060 = CARTESIAN_POINT('',(965.,-17.98694131001,710.05757490756));
#13061 = CARTESIAN_POINT('',(965.,-69.88106511044,706.9269717296));
#13062 = CARTESIAN_POINT('',(964.99999999999,-115.480964385,
    700.32070512186));
#13063 = CARTESIAN_POINT('',(965.,-161.296026412,690.1192656567));
#13064 = CARTESIAN_POINT('',(965.,-200.1023664298,677.82955463394));
#13065 = CARTESIAN_POINT('',(965.,-236.4463587092,662.48898498773));
#13066 = CARTESIAN_POINT('',(965.,-267.8978961177,644.75522916305));
#13067 = CARTESIAN_POINT('',(965.,-293.8524608486,625.08481200564));
#13068 = CARTESIAN_POINT('',(965.,-314.1307633692,603.52288720678));
#13069 = CARTESIAN_POINT('',(965.,-327.8554226759,580.85037659439));
#13070 = CARTESIAN_POINT('',(965.,-335.0338738298,556.99010573278));
#13071 = CARTESIAN_POINT('',(965.,-335.,545.));
#13072 = CARTESIAN_POINT('',(982.17454145254,335.,545.));
#13073 = CARTESIAN_POINT('',(983.11888612995,332.48915126505,
    556.78676523656));
#13074 = CARTESIAN_POINT('',(980.92527256271,331.1677047163,
    581.25952564401));
#13075 = CARTESIAN_POINT('',(984.15914057247,316.97138648741,
    607.50141560135));
#13076 = CARTESIAN_POINT('',(979.88346534823,288.64696630681,
    617.89796855801));
#13077 = CARTESIAN_POINT('',(981.77866626782,264.98273564998,
    640.22395822398));
#13078 = CARTESIAN_POINT('',(982.66505221147,237.41038576114,
    664.15235166855));
#13079 = CARTESIAN_POINT('',(980.53490811135,197.32966012202,
    669.89181253968));
#13080 = CARTESIAN_POINT('',(981.18843736424,159.88573397342,
    684.2809076383));
#13081 = CARTESIAN_POINT('',(982.7911089448,115.8659367899,
    702.19276654709));
#13082 = CARTESIAN_POINT('',(979.75578041681,68.261792138111,
    695.17008185286));
#13083 = CARTESIAN_POINT('',(982.58791042679,18.020095240503,
    710.02359789069));
#13084 = CARTESIAN_POINT('',(981.67045467707,-18.42670174626,
    707.1803703718));
#13085 = CARTESIAN_POINT('',(980.14094060549,-68.40740394645,
    696.47041220582));
#13086 = CARTESIAN_POINT('',(982.94640427577,-116.1158157885,
    702.29933239534));
#13087 = CARTESIAN_POINT('',(980.78816181544,-159.4930755406,
    683.3176516778));
#13088 = CARTESIAN_POINT('',(981.06301866992,-197.7840059802,
    671.33835788102));
#13089 = CARTESIAN_POINT('',(982.60407429461,-237.3797183864,
    663.67997481891));
#13090 = CARTESIAN_POINT('',(981.29075117719,-263.8296541396,
    638.58276766265));
#13091 = CARTESIAN_POINT('',(980.39880878646,-290.0665840975,
    619.09954830023));
#13092 = CARTESIAN_POINT('',(983.75726954521,-316.9538742058,
    606.61156323187));
#13093 = CARTESIAN_POINT('',(981.08261101089,-332.1429181213,
    582.00038752399));
#13094 = CARTESIAN_POINT('',(983.15905459347,-331.7034793677,
    556.38221910346));
#13095 = CARTESIAN_POINT('',(982.17454145254,-335.,545.));
#13096 = CARTESIAN_POINT('',(1.016177776132E+03,335.,545.));
#13097 = CARTESIAN_POINT('',(1.014994664661E+03,338.82168206754,
    555.01262037833));
#13098 = CARTESIAN_POINT('',(1.01721312742E+03,334.2109344137,
    584.90722309444));
#13099 = CARTESIAN_POINT('',(1.015242031727E+03,309.60840882704,
    595.28034366475));
#13100 = CARTESIAN_POINT('',(1.01417215861E+03,281.16749663363,
    607.64676641219));
#13101 = CARTESIAN_POINT('',(1.01625102659E+03,265.46791790696,
    637.38989778254));
#13102 = CARTESIAN_POINT('',(1.017191924863E+03,234.81594232034,
    657.97939322084));
#13103 = CARTESIAN_POINT('',(1.013818479259E+03,193.99651987533,
    657.28518956579));
#13104 = CARTESIAN_POINT('',(1.015559308695E+03,157.63570055009,
    677.2448218509));
#13105 = CARTESIAN_POINT('',(1.017217582634E+03,115.60140040554,
    697.50324496581));
#13106 = CARTESIAN_POINT('',(1.013114423484E+03,67.269039546529,
    681.54500520241));
#13107 = CARTESIAN_POINT('',(1.016808431615E+03,17.344110012549,
    703.86488994155));
#13108 = CARTESIAN_POINT('',(1.016099930898E+03,-17.67143505848,
    700.96250967));
#13109 = CARTESIAN_POINT('',(1.013406839288E+03,-67.22599570909,
    682.50231753451));
#13110 = CARTESIAN_POINT('',(1.017176791109E+03,-115.8921950318,
    697.83459378078));
#13111 = CARTESIAN_POINT('',(1.015335430161E+03,-157.0735293322,
    676.08222200563));
#13112 = CARTESIAN_POINT('',(1.014041780263E+03,-194.336333364,
    658.32226631221));
#13113 = CARTESIAN_POINT('',(1.017130741371E+03,-234.9667338938,
    658.08949434619));
#13114 = CARTESIAN_POINT('',(1.016013150123E+03,-264.6553634927,
    635.90330227647));
#13115 = CARTESIAN_POINT('',(1.013682890593E+03,-281.0434405305,
    606.72436340043));
#13116 = CARTESIAN_POINT('',(1.015922381515E+03,-311.1084638093,
    597.1898521186));
#13117 = CARTESIAN_POINT('',(1.016740605428E+03,-333.8363191193,
    583.51127916151));
#13118 = CARTESIAN_POINT('',(1.01502070043E+03,-340.5326940411,
    555.94626194787));
#13119 = CARTESIAN_POINT('',(1.016177776132E+03,-335.,545.));
#13120 = CARTESIAN_POINT('',(1.067811616065E+03,335.,545.));
#13121 = CARTESIAN_POINT('',(1.067444525984E+03,343.72128127311,
    556.16832894891));
#13122 = CARTESIAN_POINT('',(1.068254843308E+03,330.44572910516,
    581.31575001059));
#13123 = CARTESIAN_POINT('',(1.066413350049E+03,303.36769565015,
    584.88761649913));
#13124 = CARTESIAN_POINT('',(1.066471868146E+03,278.54842592553,
    602.14975145179));
#13125 = CARTESIAN_POINT('',(1.067915006667E+03,265.26207743942,
    633.57095620312));
#13126 = CARTESIAN_POINT('',(1.068051190342E+03,231.14819125549,
    648.60294957673));
#13127 = CARTESIAN_POINT('',(1.06545352938E+03,190.74151093957,
    646.19252348921));
#13128 = CARTESIAN_POINT('',(1.067507579839E+03,157.60189566821,
    672.51826395899));
#13129 = CARTESIAN_POINT('',(1.068217031985E+03,113.90007585721,
    689.51803909418));
#13130 = CARTESIAN_POINT('',(1.065103564631E+03,66.949552350471,
    670.52143798651));
#13131 = CARTESIAN_POINT('',(1.068004251161E+03,16.504030782184,
    696.31321331863));
#13132 = CARTESIAN_POINT('',(1.067525432818E+03,-16.7292693209,
    693.47598724324));
#13133 = CARTESIAN_POINT('',(1.065335571038E+03,-67.06727272339,
    671.5183479292));
#13134 = CARTESIAN_POINT('',(1.067933027064E+03,-113.6342911779,
    688.68349262453));
#13135 = CARTESIAN_POINT('',(1.06759650512E+03,-158.1164045823,
    673.2957725524));
#13136 = CARTESIAN_POINT('',(1.065415867105E+03,-190.5612378634,
    646.22723532392));
#13137 = CARTESIAN_POINT('',(1.067908872406E+03,-231.0133745289,
    648.14775934916));
#13138 = CARTESIAN_POINT('',(1.067853380168E+03,-265.1740269188,
    633.1064878798));
#13139 = CARTESIAN_POINT('',(1.066081715173E+03,-277.5097394963,
    600.80037342507));
#13140 = CARTESIAN_POINT('',(1.066405185036E+03,-304.1719459246,
    585.42059118229));
#13141 = CARTESIAN_POINT('',(1.068305725022E+03,-330.4080050697,
    580.83906605826));
#13142 = CARTESIAN_POINT('',(1.067422180097E+03,-344.1796848786,
    556.2370206972));
#13143 = CARTESIAN_POINT('',(1.067811616065E+03,-335.,545.));
#13144 = CARTESIAN_POINT('',(1.119255926171E+03,335.,545.));
#13145 = CARTESIAN_POINT('',(1.119013160858E+03,344.47770461936,
    556.94002486736));
#13146 = CARTESIAN_POINT('',(1.119416095125E+03,329.01371954395,
    580.01973583948));
#13147 = CARTESIAN_POINT('',(1.118677438855E+03,300.63082711741,
    580.18874067518));
#13148 = CARTESIAN_POINT('',(1.118878133526E+03,278.52493252264,
    600.06353723552));
#13149 = CARTESIAN_POINT('',(1.119391987264E+03,264.63727385177,
    631.28956104762));
#13150 = CARTESIAN_POINT('',(1.119464050558E+03,229.32041266596,
    643.20299742669));
#13151 = CARTESIAN_POINT('',(1.118314378228E+03,189.16080488465,
    640.97117623946));
#13152 = CARTESIAN_POINT('',(1.119252740636E+03,157.83965510654,
    670.25550903634));
#13153 = CARTESIAN_POINT('',(1.119538383746E+03,112.97133292285,
    685.34075362758));
#13154 = CARTESIAN_POINT('',(1.11816469269E+03,66.925362020723,
    664.90999726765));
#13155 = CARTESIAN_POINT('',(1.119367016068E+03,15.968247165107,
    692.60564384919));
#13156 = CARTESIAN_POINT('',(1.119258235373E+03,-16.14508647442,
    689.74924466745));
#13157 = CARTESIAN_POINT('',(1.118264466171E+03,-67.07266523859,
    666.03287630816));
#13158 = CARTESIAN_POINT('',(1.119241685148E+03,-112.4287398055,
    683.53270616292));
#13159 = CARTESIAN_POINT('',(1.119374603058E+03,-158.870372583,
    672.08370791401));
#13160 = CARTESIAN_POINT('',(1.118255468357E+03,-188.7538156197,
    641.25497611952));
#13161 = CARTESIAN_POINT('',(1.119196466399E+03,-228.9247256724,
    641.48791248016));
#13162 = CARTESIAN_POINT('',(1.119396512309E+03,-264.7899123373,
    631.15584988554));
#13163 = CARTESIAN_POINT('',(1.118659431558E+03,-277.5477675655,
    598.81431626254));
#13164 = CARTESIAN_POINT('',(1.11860887224E+03,-300.9608658689,
    580.41019765354));
#13165 = CARTESIAN_POINT('',(1.119450822328E+03,-328.9371023664,
    579.56421010841));
#13166 = CARTESIAN_POINT('',(1.119059132889E+03,-344.9292413275,
    557.13769540103));
#13167 = CARTESIAN_POINT('',(1.119255926171E+03,-335.,545.));
#13168 = CARTESIAN_POINT('',(1.170737779713E+03,335.,545.));
#13169 = CARTESIAN_POINT('',(1.170587441645E+03,344.4511935916,
    556.81723607162));
#13170 = CARTESIAN_POINT('',(1.170760127085E+03,329.23973740244,
    580.18095584593));
#13171 = CARTESIAN_POINT('',(1.17114299775E+03,301.05875988348,
    580.60520145045));
#13172 = CARTESIAN_POINT('',(1.171229578688E+03,278.52519158325,
    599.87930393328));
#13173 = CARTESIAN_POINT('',(1.170812707929E+03,264.57460324004,
    631.09160708805));
#13174 = CARTESIAN_POINT('',(1.17108282103E+03,229.3837272415,
    643.52185882156));
#13175 = CARTESIAN_POINT('',(1.171414796056E+03,189.23104125284,
    640.94432995247));
#13176 = CARTESIAN_POINT('',(1.170976821681E+03,157.82915844727,
    670.16419579543));
#13177 = CARTESIAN_POINT('',(1.170893962635E+03,112.98230366675,
    685.41745781461));
#13178 = CARTESIAN_POINT('',(1.171562498312E+03,66.903973559355,
    664.98522976162));
#13179 = CARTESIAN_POINT('',(1.170797040845E+03,16.05717940589,
    692.5423805882));
#13180 = CARTESIAN_POINT('',(1.170952307206E+03,-16.22350308925,
    689.90765873718));
#13181 = CARTESIAN_POINT('',(1.171576443612E+03,-67.07805348787,
    666.04641568604));
#13182 = CARTESIAN_POINT('',(1.170691047596E+03,-112.3659464211,
    683.36477111161));
#13183 = CARTESIAN_POINT('',(1.171025088924E+03,-158.9899818319,
    672.41618528277));
#13184 = CARTESIAN_POINT('',(1.171333185873E+03,-188.7852984021,
    641.31542946343));
#13185 = CARTESIAN_POINT('',(1.170945642706E+03,-228.8477209539,
    641.37236718837));
#13186 = CARTESIAN_POINT('',(1.170772794967E+03,-264.8783755808,
    631.30419142423));
#13187 = CARTESIAN_POINT('',(1.171220758313E+03,-277.6829345436,
    598.88259228785));
#13188 = CARTESIAN_POINT('',(1.171091133142E+03,-300.8482883521,
    580.33068138122));
#13189 = CARTESIAN_POINT('',(1.170755480819E+03,-328.9525504071,
    579.61732747852));
#13190 = CARTESIAN_POINT('',(1.170607681389E+03,-344.587582647,
    557.09251768382));
#13191 = CARTESIAN_POINT('',(1.170737779713E+03,-335.,545.));
#13192 = CARTESIAN_POINT('',(1.222198767945E+03,335.,545.));
#13193 = CARTESIAN_POINT('',(1.222363092088E+03,343.37030369764,
    555.5040169013));
#13194 = CARTESIAN_POINT('',(1.221808298899E+03,331.11915213678,
    582.2443244114));
#13195 = CARTESIAN_POINT('',(1.223477688084E+03,304.3320304349,
    585.44915391039));
#13196 = CARTESIAN_POINT('',(1.223520681229E+03,278.71197245954,
    601.83519558676));
#13197 = CARTESIAN_POINT('',(1.222314191521E+03,265.05236751432,
    632.97190099066));
#13198 = CARTESIAN_POINT('',(1.222293478225E+03,231.43554411348,
    649.49646694814));
#13199 = CARTESIAN_POINT('',(1.224263837653E+03,190.91392788592,
    646.09216726034));
#13200 = CARTESIAN_POINT('',(1.222730737931E+03,157.53777399095,
    672.19767994935));
#13201 = CARTESIAN_POINT('',(1.222089026485E+03,113.94308566384,
    689.84091191251));
#13202 = CARTESIAN_POINT('',(1.224640843598E+03,66.939486320971,
    670.60246711361));
#13203 = CARTESIAN_POINT('',(1.22215617526E+03,16.636062474905,
    696.26201871537));
#13204 = CARTESIAN_POINT('',(1.222564881812E+03,-16.81643882042,
    693.76098383552));
#13205 = CARTESIAN_POINT('',(1.224543645905E+03,-67.19098259874,
    671.74456707278));
#13206 = CARTESIAN_POINT('',(1.222021190401E+03,-113.2585415257,
    687.77837982873));
#13207 = CARTESIAN_POINT('',(1.222613906736E+03,-158.9286565279,
    674.85107745579));
#13208 = CARTESIAN_POINT('',(1.224271815561E+03,-190.5012528221,
    646.18657322834));
#13209 = CARTESIAN_POINT('',(1.222205263973E+03,-230.8042458991,
    647.8153326995));
#13210 = CARTESIAN_POINT('',(1.222286839373E+03,-265.4923775445,
    633.45534177629));
#13211 = CARTESIAN_POINT('',(1.223648648033E+03,-277.8502161007,
    601.12918614356));
#13212 = CARTESIAN_POINT('',(1.223498870134E+03,-303.9092865341,
    585.09116758896));
#13213 = CARTESIAN_POINT('',(1.221850014679E+03,-330.2228880789,
    581.41716533892));
#13214 = CARTESIAN_POINT('',(1.222283150253E+03,-344.126483108,
    556.06868915109));
#13215 = CARTESIAN_POINT('',(1.222198767945E+03,-335.,545.));
#13216 = CARTESIAN_POINT('',(1.273722764649E+03,335.,544.99999999999));
#13217 = CARTESIAN_POINT('',(1.274472054686E+03,337.88833461349,
    555.02982306463));
#13218 = CARTESIAN_POINT('',(1.273074282736E+03,334.64596452114,
    584.2743742638));
#13219 = CARTESIAN_POINT('',(1.273989899602E+03,311.46704638386,
    598.37296918516));
#13220 = CARTESIAN_POINT('',(1.275913264908E+03,282.11576531288,
    607.50297846347));
#13221 = CARTESIAN_POINT('',(1.274071274552E+03,264.47118812115,
    635.87046829472));
#13222 = CARTESIAN_POINT('',(1.272903075039E+03,235.37712532573,
    659.0736243472));
#13223 = CARTESIAN_POINT('',(1.275996002029E+03,194.23857097204,
    657.84664078879));
#13224 = CARTESIAN_POINT('',(1.274653946535E+03,157.75962501934,
    676.7361523209));
#13225 = CARTESIAN_POINT('',(1.272891200847E+03,115.56606268091,
    697.82258685732));
#13226 = CARTESIAN_POINT('',(1.276769101807E+03,67.209844576628,
    682.08793595871));
#13227 = CARTESIAN_POINT('',(1.273345941556E+03,17.622757276776,
    703.27157625262));
#13228 = CARTESIAN_POINT('',(1.273828195311E+03,-17.92287035079,
    701.82872739));
#13229 = CARTESIAN_POINT('',(1.27662130572E+03,-67.4030300546,
    682.70253040062));
#13230 = CARTESIAN_POINT('',(1.272883169979E+03,-115.2329606839,
    696.63500090079));
#13231 = CARTESIAN_POINT('',(1.274423233509E+03,-158.5726292712,
    678.8098240313));
#13232 = CARTESIAN_POINT('',(1.276174139282E+03,-193.9758587916,
    657.35350209287));
#13233 = CARTESIAN_POINT('',(1.272894745153E+03,-234.5946617773,
    657.75092445383));
#13234 = CARTESIAN_POINT('',(1.273964736653E+03,-265.7044009937,
    637.27305703986));
#13235 = CARTESIAN_POINT('',(1.276199340598E+03,-280.9257795171,
    606.59786474737));
#13236 = CARTESIAN_POINT('',(1.274243704866E+03,-310.8062590902,
    597.13079541597));
#13237 = CARTESIAN_POINT('',(1.272869150231E+03,-334.5201206458,
    584.69367188098));
#13238 = CARTESIAN_POINT('',(1.274734532172E+03,-338.2876929764,
    554.81903367963));
#13239 = CARTESIAN_POINT('',(1.273722764649E+03,-335.,544.99999999999));
#13240 = CARTESIAN_POINT('',(1.308081419897E+03,335.,545.));
#13241 = CARTESIAN_POINT('',(1.307580204149E+03,332.0193066469,
    557.31923189111));
#13242 = CARTESIAN_POINT('',(1.308834261792E+03,330.03153750061,
    580.3159311997));
#13243 = CARTESIAN_POINT('',(1.306577202985E+03,317.76826785658,
    607.73161580604));
#13244 = CARTESIAN_POINT('',(1.308708161727E+03,290.44092427901,
    619.57007634855));
#13245 = CARTESIAN_POINT('',(1.30881571558E+03,263.8161282907,
    638.65543050158));
#13246 = CARTESIAN_POINT('',(1.307086041514E+03,237.90172945573,
    664.53631791302));
#13247 = CARTESIAN_POINT('',(1.30884615062E+03,197.62611203545,
    670.63262285792));
#13248 = CARTESIAN_POINT('',(1.308784588389E+03,159.79442730181,
    683.90147935764));
#13249 = CARTESIAN_POINT('',(1.307081738681E+03,116.03927626068,
    702.74251285972));
#13250 = CARTESIAN_POINT('',(1.309862944708E+03,68.267833759583,
    695.42321231952));
#13251 = CARTESIAN_POINT('',(1.307430332521E+03,18.009311495338,
    709.45522989232));
#13252 = CARTESIAN_POINT('',(1.308019757243E+03,-18.46722197722,
    708.28699307832));
#13253 = CARTESIAN_POINT('',(1.309658988892E+03,-68.37830271676,
    695.85902436675));
#13254 = CARTESIAN_POINT('',(1.307036899419E+03,-116.2062524137,
    702.246504176));
#13255 = CARTESIAN_POINT('',(1.308870335912E+03,-159.6774495342,
    684.32122806405));
#13256 = CARTESIAN_POINT('',(1.309002029874E+03,-197.5831483421,
    670.16129344479));
#13257 = CARTESIAN_POINT('',(1.307083661534E+03,-237.4332373981,
    663.82011343332));
#13258 = CARTESIAN_POINT('',(1.308653438609E+03,-265.2038152069,
    640.12313019018));
#13259 = CARTESIAN_POINT('',(1.309478201164E+03,-289.2143060546,
    617.70772075785));
#13260 = CARTESIAN_POINT('',(1.305987366349E+03,-318.2101487169,
    609.09514062167));
#13261 = CARTESIAN_POINT('',(1.309325386558E+03,-329.6594573868,
    579.49551104596));
#13262 = CARTESIAN_POINT('',(1.307499531203E+03,-333.7323480057,
    558.08233926209));
#13263 = CARTESIAN_POINT('',(1.308081419897E+03,-335.,545.));
#13264 = CARTESIAN_POINT('',(1.325E+03,335.,545.));
#13265 = CARTESIAN_POINT('',(1.325E+03,335.04489190768,556.95785737386)
  );
#13266 = CARTESIAN_POINT('',(1.325E+03,327.84977823195,580.86177955687)
  );
#13267 = CARTESIAN_POINT('',(1.325E+03,314.12954248651,603.5219360172));
#13268 = CARTESIAN_POINT('',(1.325E+03,293.87330244454,625.06777004205)
  );
#13269 = CARTESIAN_POINT('',(1.325E+03,267.87793084236,644.76959361536)
  );
#13270 = CARTESIAN_POINT('',(1.325E+03,236.41703407883,662.50109665861)
  );
#13271 = CARTESIAN_POINT('',(1.325E+03,200.11842257205,677.82652937492)
  );
#13272 = CARTESIAN_POINT('',(1.325E+03,161.34738691352,690.09806412699)
  );
#13273 = CARTESIAN_POINT('',(1.325E+03,115.29280589422,700.37509304147)
  );
#13274 = CARTESIAN_POINT('',(1.325E+03,69.668853782661,706.92789559676)
  );
#13275 = CARTESIAN_POINT('',(1.325E+03,17.457796506955,710.10520009819)
  );
#13276 = CARTESIAN_POINT('',(1.325E+03,-17.98694131001,710.05757490756)
  );
#13277 = CARTESIAN_POINT('',(1.325E+03,-69.88106511044,706.9269717296));
#13278 = CARTESIAN_POINT('',(1.325E+03,-115.480964385,700.32070512186));
#13279 = CARTESIAN_POINT('',(1.325E+03,-161.296026412,690.1192656567));
#13280 = CARTESIAN_POINT('',(1.325E+03,-200.1023664298,677.82955463394)
  );
#13281 = CARTESIAN_POINT('',(1.325E+03,-236.4463587092,662.48898498773)
  );
#13282 = CARTESIAN_POINT('',(1.325E+03,-267.8978961177,644.75522916305)
  );
#13283 = CARTESIAN_POINT('',(1.325E+03,-293.8524608486,625.08481200564)
  );
#13284 = CARTESIAN_POINT('',(1.325E+03,-314.1307633692,603.52288720678)
  );
#13285 = CARTESIAN_POINT('',(1.325E+03,-327.8554226759,580.85037659439)
  );
#13286 = CARTESIAN_POINT('',(1.325E+03,-335.0338738298,556.99010573278)
  );
#13287 = CARTESIAN_POINT('',(1.325E+03,-335.,545.));
#13288 = DEFINITIONAL_REPRESENTATION('',(#13289),#13293);
#13289 = LINE('',#13290,#13291);
#13290 = CARTESIAN_POINT('',(0.,0.));
#13291 = VECTOR('',#13292,1.);
#13292 = DIRECTION('',(0.,1.));
#13293 = ( GEOMETRIC_REPRESENTATION_CONTEXT(2) 
PARAMETRIC_REPRESENTATION_CONTEXT() REPRESENTATION_CONTEXT('2D SPACE',''
  ) );
#13294 = ORIENTED_EDGE('',*,*,#13295,.T.);
#13295 = EDGE_CURVE('',#13016,#13296,#13298,.T.);
#13296 = VERTEX_POINT('',#13297);
#13297 = CARTESIAN_POINT('',(1.325E+03,335.,545.));
#13298 = SURFACE_CURVE('',#13299,(#13310),.PCURVE_S1.);
#13299 = B_SPLINE_CURVE_WITH_KNOTS('',3,(#13300,#13301,#13302,#13303,
    #13304,#13305,#13306,#13307,#13308,#13309),.UNSPECIFIED.,.F.,.F.,(4,
    1,1,1,1,1,1,4),(0.,0.143714537794,0.286500710887,0.428898391903,
    0.571189534926,0.7135859418,0.856261540299,1.),.UNSPECIFIED.);
#13300 = CARTESIAN_POINT('',(965.,335.,545.));
#13301 = CARTESIAN_POINT('',(982.17454145254,335.,545.));
#13302 = CARTESIAN_POINT('',(1.016177776132E+03,335.,545.));
#13303 = CARTESIAN_POINT('',(1.067811616065E+03,335.,545.));
#13304 = CARTESIAN_POINT('',(1.119255926171E+03,335.,545.));
#13305 = CARTESIAN_POINT('',(1.170737779713E+03,335.,545.));
#13306 = CARTESIAN_POINT('',(1.222198767945E+03,335.,545.));
#13307 = CARTESIAN_POINT('',(1.273722764649E+03,335.,544.99999999999));
#13308 = CARTESIAN_POINT('',(1.308081419897E+03,335.,545.));
#13309 = CARTESIAN_POINT('',(1.325E+03,335.,545.));
#13310 = PCURVE('',#13047,#13311);
#13311 = DEFINITIONAL_REPRESENTATION('',(#13312),#13316);
#13312 = LINE('',#13313,#13314);
#13313 = CARTESIAN_POINT('',(0.,0.));
#13314 = VECTOR('',#13315,1.);
#13315 = DIRECTION('',(1.,0.));
#13316 = ( GEOMETRIC_REPRESENTATION_CONTEXT(2) 
PARAMETRIC_REPRESENTATION_CONTEXT() REPRESENTATION_CONTEXT('2D SPACE',''
  ) );
#13317 = ORIENTED_EDGE('',*,*,#13318,.T.);
#13318 = EDGE_CURVE('',#13296,#13319,#13321,.T.);
#13319 = VERTEX_POINT('',#13320);
#13320 = CARTESIAN_POINT('',(1.325E+03,-335.,545.));
#13321 = SURFACE_CURVE('',#13322,(#13347),.PCURVE_S1.);
#13322 = B_SPLINE_CURVE_WITH_KNOTS('',2,(#13323,#13324,#13325,#13326,
    #13327,#13328,#13329,#13330,#13331,#13332,#13333,#13334,#13335,
    #13336,#13337,#13338,#13339,#13340,#13341,#13342,#13343,#13344,
    #13345,#13346),.UNSPECIFIED.,.F.,.F.,(3,1,1,1,1,1,1,1,1,1,1,1,1,1,1,
    1,1,1,1,1,1,1,3),(0.,2.942309878049E-02,6.063174553123E-02,
    9.51222777639E-02,0.133396775591,0.175855398559,0.222477995773,
    0.272940170395,0.326531466939,0.382901927403,0.440927396023,
    0.499909382515,0.558998843383,0.617004440851,0.673375101475,
    0.726999361685,0.777382252698,0.823993498009,0.866525378989,
    0.904851644882,0.939354213396,0.970600242725,1.),.UNSPECIFIED.);
#13323 = CARTESIAN_POINT('',(1.325E+03,335.,545.));
#13324 = CARTESIAN_POINT('',(1.325E+03,335.04489190768,556.95785737386)
  );
#13325 = CARTESIAN_POINT('',(1.325E+03,327.84977823195,580.86177955687)
  );
#13326 = CARTESIAN_POINT('',(1.325E+03,314.12954248651,603.5219360172));
#13327 = CARTESIAN_POINT('',(1.325E+03,293.87330244454,625.06777004205)
  );
#13328 = CARTESIAN_POINT('',(1.325E+03,267.87793084236,644.76959361536)
  );
#13329 = CARTESIAN_POINT('',(1.325E+03,236.41703407883,662.50109665861)
  );
#13330 = CARTESIAN_POINT('',(1.325E+03,200.11842257205,677.82652937492)
  );
#13331 = CARTESIAN_POINT('',(1.325E+03,161.34738691352,690.09806412699)
  );
#13332 = CARTESIAN_POINT('',(1.325E+03,115.29280589422,700.37509304147)
  );
#13333 = CARTESIAN_POINT('',(1.325E+03,69.668853782661,706.92789559676)
  );
#13334 = CARTESIAN_POINT('',(1.325E+03,17.457796506955,710.10520009819)
  );
#13335 = CARTESIAN_POINT('',(1.325E+03,-17.98694131001,710.05757490756)
  );
#13336 = CARTESIAN_POINT('',(1.325E+03,-69.88106511044,706.9269717296));
#13337 = CARTESIAN_POINT('',(1.325E+03,-115.480964385,700.32070512186));
#13338 = CARTESIAN_POINT('',(1.325E+03,-161.296026412,690.1192656567));
#13339 = CARTESIAN_POINT('',(1.325E+03,-200.1023664298,677.82955463394)
  );
#13340 = CARTESIAN_POINT('',(1.325E+03,-236.4463587092,662.48898498773)
  );
#13341 = CARTESIAN_POINT('',(1.325E+03,-267.8978961177,644.75522916305)
  );
#13342 = CARTESIAN_POINT('',(1.325E+03,-293.8524608486,625.08481200564)
  );
#13343 = CARTESIAN_POINT('',(1.325E+03,-314.1307633692,603.52288720678)
  );
#13344 = CARTESIAN_POINT('',(1.325E+03,-327.8554226759,580.85037659439)
  );
#13345 = CARTESIAN_POINT('',(1.325E+03,-335.0338738298,556.99010573278)
  );
#13346 = CARTESIAN_POINT('',(1.325E+03,-335.,545.));
#13347 = PCURVE('',#13047,#13348);
#13348 = DEFINITIONAL_REPRESENTATION('',(#13349),#13353);
#13349 = LINE('',#13350,#13351);
#13350 = CARTESIAN_POINT('',(1.,0.));
#13351 = VECTOR('',#13352,1.);
#13352 = DIRECTION('',(0.,1.));
#13353 = ( GEOMETRIC_REPRESENTATION_CONTEXT(2) 
PARAMETRIC_REPRESENTATION_CONTEXT() REPRESENTATION_CONTEXT('2D SPACE',''
  ) );
#13354 = ORIENTED_EDGE('',*,*,#13355,.F.);
#13355 = EDGE_CURVE('',#13018,#13319,#13356,.T.);
#13356 = SURFACE_CURVE('',#13357,(#13368),.PCURVE_S1.);
#13357 = B_SPLINE_CURVE_WITH_KNOTS('',3,(#13358,#13359,#13360,#13361,
    #13362,#13363,#13364,#13365,#13366,#13367),.UNSPECIFIED.,.F.,.F.,(4,
    1,1,1,1,1,1,4),(0.,0.143714537794,0.286500710887,0.428898391903,
    0.571189534926,0.7135859418,0.856261540299,1.),.UNSPECIFIED.);
#13358 = CARTESIAN_POINT('',(965.,-335.,545.));
#13359 = CARTESIAN_POINT('',(982.17454145254,-335.,545.));
#13360 = CARTESIAN_POINT('',(1.016177776132E+03,-335.,545.));
#13361 = CARTESIAN_POINT('',(1.067811616065E+03,-335.,545.));
#13362 = CARTESIAN_POINT('',(1.119255926171E+03,-335.,545.));
#13363 = CARTESIAN_POINT('',(1.170737779713E+03,-335.,545.));
#13364 = CARTESIAN_POINT('',(1.222198767945E+03,-335.,545.));
#13365 = CARTESIAN_POINT('',(1.273722764649E+03,-335.,544.99999999999));
#13366 = CARTESIAN_POINT('',(1.308081419897E+03,-335.,545.));
#13367 = CARTESIAN_POINT('',(1.325E+03,-335.,545.));
#13368 = PCURVE('',#13047,#13369);
#13369 = DEFINITIONAL_REPRESENTATION('',(#13370),#13374);
#13370 = LINE('',#13371,#13372);
#13371 = CARTESIAN_POINT('',(0.,1.));
#13372 = VECTOR('',#13373,1.);
#13373 = DIRECTION('',(1.,0.));
#13374 = ( GEOMETRIC_REPRESENTATION_CONTEXT(2) 
PARAMETRIC_REPRESENTATION_CONTEXT() REPRESENTATION_CONTEXT('2D SPACE',''
  ) );
#13375 = ( GEOMETRIC_REPRESENTATION_CONTEXT(3) 
GLOBAL_UNCERTAINTY_ASSIGNED_CONTEXT((#13379)) 
GLOBAL_UNIT_ASSIGNED_CONTEXT((#13376,#13377,#13378)) 
REPRESENTATION_CONTEXT('Context #1',
  '3D Context with UNIT and UNCERTAINTY') );
#13376 = ( LENGTH_UNIT() NAMED_UNIT(*) SI_UNIT(.MILLI.,.METRE.) );
#13377 = ( NAMED_UNIT(*) PLANE_ANGLE_UNIT() SI_UNIT($,.RADIAN.) );
#13378 = ( NAMED_UNIT(*) SI_UNIT($,.STERADIAN.) SOLID_ANGLE_UNIT() );
#13379 = UNCERTAINTY_MEASURE_WITH_UNIT(LENGTH_MEASURE(1.E-07),#13376,
  'distance_accuracy_value','confusion accuracy');
#13380 = CONTEXT_DEPENDENT_SHAPE_REPRESENTATION(#13381,#13383);
#13381 = ( REPRESENTATION_RELATIONSHIP('','',#13008,#10) 
REPRESENTATION_RELATIONSHIP_WITH_TRANSFORMATION(#13382) 
SHAPE_REPRESENTATION_RELATIONSHIP() );
#13382 = ITEM_DEFINED_TRANSFORMATION('','',#11,#167);
#13383 = PRODUCT_DEFINITION_SHAPE('Placement','Placement of an item',
  #13384);
#13384 = NEXT_ASSEMBLY_USAGE_OCCURRENCE('39','PASSIVE_HOOD_0','',#5,
  #13003,$);
#13385 = PRODUCT_RELATED_PRODUCT_CATEGORY('part',$,(#13005));
#13386 = SHAPE_DEFINITION_REPRESENTATION(#13387,#13393);
#13387 = PRODUCT_DEFINITION_SHAPE('','',#13388);
#13388 = PRODUCT_DEFINITION('design','',#13389,#13392);
#13389 = PRODUCT_DEFINITION_FORMATION('','',#13390);
#13390 = PRODUCT('FLEXIBLE_RIB_0_0','FLEXIBLE_RIB_0_0','',(#13391));
#13391 = PRODUCT_CONTEXT('',#2,'mechanical');
#13392 = PRODUCT_DEFINITION_CONTEXT('part definition',#2,'design');
#13393 = GEOMETRICALLY_BOUNDED_WIREFRAME_SHAPE_REPRESENTATION('',(#11,
    #13394),#13731);
#13394 = GEOMETRIC_CURVE_SET('',(#13395,#13402,#13409,#13416,#13423,
    #13430,#13437,#13444,#13451,#13458,#13465,#13472,#13479,#13486,
    #13493,#13500,#13507,#13514,#13521,#13528,#13535,#13542,#13549,
    #13556,#13563,#13570,#13577,#13584,#13591,#13598,#13605,#13612,
    #13619,#13626,#13633,#13640,#13647,#13654,#13661,#13668,#13675,
    #13682,#13689,#13696,#13703,#13710,#13717,#13724));
#13395 = TRIMMED_CURVE('',#13396,(#13400,PARAMETER_VALUE(0.)),(#13401,
    PARAMETER_VALUE(10.815326508358)),.T.,.PARAMETER.);
#13396 = LINE('',#13397,#13398);
#13397 = CARTESIAN_POINT('',(965.,335.,545.));
#13398 = VECTOR('',#13399,1.);
#13399 = DIRECTION('',(0.,-6.631891459898E-02,0.997798477432));
#13400 = CARTESIAN_POINT('',(965.,335.,545.));
#13401 = CARTESIAN_POINT('',(965.,334.28273928493,555.79151632297));
#13402 = TRIMMED_CURVE('',#13403,(#13407,PARAMETER_VALUE(0.)),(#13408,
    PARAMETER_VALUE(10.958035671346)),.T.,.PARAMETER.);
#13403 = LINE('',#13404,#13405);
#13404 = CARTESIAN_POINT('',(965.,334.28273928493,555.79151632297));
#13405 = VECTOR('',#13406,1.);
#13406 = DIRECTION('',(0.,-0.196085392414,0.980586823735));
#13407 = CARTESIAN_POINT('',(965.,334.28273928493,555.79151632297));
#13408 = CARTESIAN_POINT('',(965.,332.13402856022,566.5368217163));
#13409 = TRIMMED_CURVE('',#13410,(#13414,PARAMETER_VALUE(0.)),(#13415,
    PARAMETER_VALUE(11.235652909727)),.T.,.PARAMETER.);
#13410 = LINE('',#13411,#13412);
#13411 = CARTESIAN_POINT('',(965.,332.13402856022,566.5368217163));
#13412 = VECTOR('',#13413,1.);
#13413 = DIRECTION('',(0.,-0.317823953253,0.948149742783));
#13414 = CARTESIAN_POINT('',(965.,332.13402856022,566.5368217163));
#13415 = CARTESIAN_POINT('',(965.,328.56306893508,577.18990313266));
#13416 = TRIMMED_CURVE('',#13417,(#13421,PARAMETER_VALUE(0.)),(#13422,
    PARAMETER_VALUE(11.633998309548)),.T.,.PARAMETER.);
#13417 = LINE('',#13418,#13419);
#13418 = CARTESIAN_POINT('',(965.,328.56306893508,577.18990313266));
#13419 = VECTOR('',#13420,1.);
#13420 = DIRECTION('',(0.,-0.427876727828,0.903837101354));
#13421 = CARTESIAN_POINT('',(965.,328.56306893508,577.18990313266));
#13422 = CARTESIAN_POINT('',(965.,323.58515180683,587.70514244191));
#13423 = TRIMMED_CURVE('',#13424,(#13428,PARAMETER_VALUE(0.)),(#13429,
    PARAMETER_VALUE(12.134773664001)),.T.,.PARAMETER.);
#13424 = LINE('',#13425,#13426);
#13425 = CARTESIAN_POINT('',(965.,323.58515180683,587.70514244191));
#13426 = VECTOR('',#13427,1.);
#13427 = DIRECTION('',(0.,-0.524406849454,0.851467824551));
#13428 = CARTESIAN_POINT('',(965.,323.58515180683,587.70514244191));
#13429 = CARTESIAN_POINT('',(965.,317.22159338086,598.03751177502));
#13430 = TRIMMED_CURVE('',#13431,(#13435,PARAMETER_VALUE(0.)),(#13436,
    PARAMETER_VALUE(12.717888247246)),.T.,.PARAMETER.);
#13431 = LINE('',#13432,#13433);
#13432 = CARTESIAN_POINT('',(965.,317.22159338086,598.03751177502));
#13433 = VECTOR('',#13434,1.);
#13434 = DIRECTION('',(0.,-0.60717234178,0.794570165169));
#13435 = CARTESIAN_POINT('',(965.,317.22159338086,598.03751177502));
#13436 = CARTESIAN_POINT('',(965.,309.49964339128,608.14276634024));
#13437 = TRIMMED_CURVE('',#13438,(#13442,PARAMETER_VALUE(0.)),(#13443,
    PARAMETER_VALUE(13.363300646539)),.T.,.PARAMETER.);
#13438 = LINE('',#13439,#13440);
#13439 = CARTESIAN_POINT('',(965.,309.49964339128,608.14276634024));
#13440 = VECTOR('',#13441,1.);
#13441 = DIRECTION('',(0.,-0.677023979115,0.735960958002));
#13442 = CARTESIAN_POINT('',(965.,309.49964339128,608.14276634024));
#13443 = CARTESIAN_POINT('',(965.,300.45236841345,617.97763388613));
#13444 = TRIMMED_CURVE('',#13445,(#13449,PARAMETER_VALUE(0.)),(#13450,
    PARAMETER_VALUE(14.052191308873)),.T.,.PARAMETER.);
#13445 = LINE('',#13446,#13447);
#13446 = CARTESIAN_POINT('',(965.,300.45236841345,617.97763388613));
#13447 = VECTOR('',#13448,1.);
#13448 = DIRECTION('',(0.,-0.735391222516,0.677642789267));
#13449 = CARTESIAN_POINT('',(965.,300.45236841345,617.97763388613));
#13450 = CARTESIAN_POINT('',(965.,290.11851026778,627.5));
#13451 = TRIMMED_CURVE('',#13452,(#13456,PARAMETER_VALUE(0.)),(#13457,
    PARAMETER_VALUE(14.767544185746)),.T.,.PARAMETER.);
#13452 = LINE('',#13453,#13454);
#13453 = CARTESIAN_POINT('',(965.,290.11851026778,627.5));
#13454 = VECTOR('',#13455,1.);
#13455 = DIRECTION('',(0.,-0.78389405854,0.620894600545));
#13456 = CARTESIAN_POINT('',(965.,290.11851026778,627.5));
#13457 = CARTESIAN_POINT('',(965.,278.54232012135,636.66908844823));
#13458 = TRIMMED_CURVE('',#13459,(#13463,PARAMETER_VALUE(0.)),(#13464,
    PARAMETER_VALUE(15.49431818382)),.T.,.PARAMETER.);
#13459 = LINE('',#13460,#13461);
#13460 = CARTESIAN_POINT('',(965.,278.54232012135,636.66908844823));
#13461 = VECTOR('',#13462,1.);
#13462 = DIRECTION('',(0.,-0.824105389621,0.566436498469));
#13463 = CARTESIAN_POINT('',(965.,278.54232012135,636.66908844823));
#13464 = CARTESIAN_POINT('',(965.,265.77336899756,645.44563578643));
#13465 = TRIMMED_CURVE('',#13466,(#13470,PARAMETER_VALUE(0.)),(#13471,
    PARAMETER_VALUE(16.219382516457)),.T.,.PARAMETER.);
#13466 = LINE('',#13467,#13468);
#13467 = CARTESIAN_POINT('',(965.,265.77336899756,645.44563578643));
#13468 = VECTOR('',#13469,1.);
#13469 = DIRECTION('',(0.,-0.857432980448,0.514595651012));
#13470 = CARTESIAN_POINT('',(965.,265.77336899756,645.44563578643));
#13471 = CARTESIAN_POINT('',(965.,251.86633550545,653.79205949151));
#13472 = TRIMMED_CURVE('',#13473,(#13477,PARAMETER_VALUE(0.)),(#13478,
    PARAMETER_VALUE(16.931341918666)),.T.,.PARAMETER.);
#13473 = LINE('',#13474,#13475);
#13474 = CARTESIAN_POINT('',(965.,251.86633550545,653.79205949151));
#13475 = VECTOR('',#13476,1.);
#13476 = DIRECTION('',(0.,-0.885078328697,0.465442103888));
#13477 = CARTESIAN_POINT('',(965.,251.86633550545,653.79205949151));
#13478 = CARTESIAN_POINT('',(965.,236.88077169749,661.67261889578));
#13479 = TRIMMED_CURVE('',#13480,(#13484,PARAMETER_VALUE(0.)),(#13485,
    PARAMETER_VALUE(17.620328305304)),.T.,.PARAMETER.);
#13480 = LINE('',#13481,#13482);
#13481 = CARTESIAN_POINT('',(965.,236.88077169749,661.67261889578));
#13482 = VECTOR('',#13483,1.);
#13483 = DIRECTION('',(0.,-0.908037771019,0.418888298241));
#13484 = CARTESIAN_POINT('',(965.,236.88077169749,661.67261889578));
#13485 = CARTESIAN_POINT('',(965.,220.88084805852,669.05356823403));
#13486 = TRIMMED_CURVE('',#13487,(#13491,PARAMETER_VALUE(0.)),(#13492,
    PARAMETER_VALUE(18.277799089013)),.T.,.PARAMETER.);
#13487 = LINE('',#13488,#13489);
#13488 = CARTESIAN_POINT('',(965.,220.88084805852,669.05356823403));
#13489 = VECTOR('',#13490,1.);
#13490 = DIRECTION('',(0.,-0.92712307746,0.374756986914));
#13491 = CARTESIAN_POINT('',(965.,220.88084805852,669.05356823403));
#13492 = CARTESIAN_POINT('',(965.,203.93507871792,675.90330114805));
#13493 = TRIMMED_CURVE('',#13494,(#13498,PARAMETER_VALUE(0.)),(#13499,
    PARAMETER_VALUE(18.896359775682)),.T.,.PARAMETER.);
#13494 = LINE('',#13495,#13496);
#13495 = CARTESIAN_POINT('',(965.,203.93507871792,675.90330114805));
#13496 = VECTOR('',#13497,1.);
#13497 = DIRECTION('',(0.,-0.942988536834,0.332825208481));
#13498 = CARTESIAN_POINT('',(965.,203.93507871792,675.90330114805));
#13499 = CARTESIAN_POINT('',(965.,186.11602806156,682.19248602992));
#13500 = TRIMMED_CURVE('',#13501,(#13505,PARAMETER_VALUE(0.)),(#13506,
    PARAMETER_VALUE(19.469616007398)),.T.,.PARAMETER.);
#13501 = LINE('',#13502,#13503);
#13502 = CARTESIAN_POINT('',(965.,186.11602806156,682.19248602992));
#13503 = VECTOR('',#13504,1.);
#13504 = DIRECTION('',(0.,-0.956157946541,0.29285146622));
#13505 = CARTESIAN_POINT('',(965.,186.11602806156,682.19248602992));
#13506 = CARTESIAN_POINT('',(965.,167.5,687.89419162443));
#13507 = TRIMMED_CURVE('',#13508,(#13512,PARAMETER_VALUE(0.)),(#13513,
    PARAMETER_VALUE(19.992054125885)),.T.,.PARAMETER.);
#13508 = LINE('',#13509,#13510);
#13509 = CARTESIAN_POINT('',(965.,167.5,687.89419162443));
#13510 = VECTOR('',#13511,1.);
#13511 = DIRECTION('',(0.,-0.96704864117,0.254591684097));
#13512 = CARTESIAN_POINT('',(965.,167.5,687.89419162443));
#13513 = CARTESIAN_POINT('',(965.,148.16671122336,692.98400235289));
#13514 = TRIMMED_CURVE('',#13515,(#13519,PARAMETER_VALUE(0.)),(#13520,
    PARAMETER_VALUE(20.458946810227)),.T.,.PARAMETER.);
#13515 = LINE('',#13516,#13517);
#13516 = CARTESIAN_POINT('',(965.,148.16671122336,692.98400235289));
#13517 = VECTOR('',#13518,1.);
#13518 = DIRECTION('',(0.,-0.975991656182,0.217807913223));
#13519 = CARTESIAN_POINT('',(965.,148.16671122336,692.98400235289));
#13520 = CARTESIAN_POINT('',(965.,128.1989498423,697.44012286436));
#13521 = TRIMMED_CURVE('',#13522,(#13526,PARAMETER_VALUE(0.)),(#13527,
    PARAMETER_VALUE(20.866279670417)),.T.,.PARAMETER.);
#13522 = LINE('',#13523,#13524);
#13523 = CARTESIAN_POINT('',(965.,128.1989498423,697.44012286436));
#13524 = VECTOR('',#13525,1.);
#13525 = DIRECTION('',(0.,-0.983248058102,0.182272478008));
#13526 = CARTESIAN_POINT('',(965.,128.1989498423,697.44012286436));
#13527 = CARTESIAN_POINT('',(965.,107.68222087655,701.24347136669));
#13528 = TRIMMED_CURVE('',#13529,(#13533,PARAMETER_VALUE(0.)),(#13534,
    PARAMETER_VALUE(21.210694870205)),.T.,.PARAMETER.);
#13529 = LINE('',#13530,#13531);
#13530 = CARTESIAN_POINT('',(965.,107.68222087655,701.24347136669));
#13531 = VECTOR('',#13532,1.);
#13532 = DIRECTION('',(0.,-0.989021854097,0.147769320627));
#13533 = CARTESIAN_POINT('',(965.,107.68222087655,701.24347136669));
#13534 = CARTESIAN_POINT('',(965.,86.704380109345,704.37776133769));
#13535 = TRIMMED_CURVE('',#13536,(#13540,PARAMETER_VALUE(0.)),(#13541,
    PARAMETER_VALUE(21.489448389545)),.T.,.PARAMETER.);
#13536 = LINE('',#13537,#13538);
#13537 = CARTESIAN_POINT('',(965.,86.704380109345,704.37776133769));
#13538 = VECTOR('',#13539,1.);
#13539 = DIRECTION('',(0.,-0.993469997319,0.114093665151));
#13540 = CARTESIAN_POINT('',(965.,86.704380109345,704.37776133769));
#13541 = CARTESIAN_POINT('',(965.,65.355257875403,706.82957126653));
#13542 = TRIMMED_CURVE('',#13543,(#13547,PARAMETER_VALUE(0.)),(#13548,
    PARAMETER_VALUE(21.700378163655)),.T.,.PARAMETER.);
#13543 = LINE('',#13544,#13545);
#13544 = CARTESIAN_POINT('',(965.,65.355257875403,706.82957126653));
#13545 = VECTOR('',#13546,1.);
#13546 = DIRECTION('',(0.,-0.996709979825,8.105070090859E-02));
#13547 = CARTESIAN_POINT('',(965.,65.355257875403,706.82957126653));
#13548 = CARTESIAN_POINT('',(965.,43.726274393717,708.58840212667));
#13549 = TRIMMED_CURVE('',#13550,(#13554,PARAMETER_VALUE(0.)),(#13555,
    PARAMETER_VALUE(21.841880939584)),.T.,.PARAMETER.);
#13550 = LINE('',#13551,#13552);
#13551 = CARTESIAN_POINT('',(965.,43.726274393717,708.58840212667));
#13552 = VECTOR('',#13553,1.);
#13553 = DIRECTION('',(0.,-0.99882542909,4.845371195907E-02));
#13554 = CARTESIAN_POINT('',(965.,43.726274393717,708.58840212667));
#13555 = CARTESIAN_POINT('',(965.,21.910048292098,709.64672233437));
#13556 = TRIMMED_CURVE('',#13557,(#13561,PARAMETER_VALUE(0.)),(#13562,
    PARAMETER_VALUE(21.912896231925)),.T.,.PARAMETER.);
#13557 = LINE('',#13558,#13559);
#13558 = CARTESIAN_POINT('',(965.,21.910048292098,709.64672233437));
#13559 = VECTOR('',#13560,1.);
#13560 = DIRECTION('',(0.,-0.999870033619,1.612190656549E-02));
#13561 = CARTESIAN_POINT('',(965.,21.910048292098,709.64672233437));
#13562 = CARTESIAN_POINT('',(965.,0.,710.));
#13563 = TRIMMED_CURVE('',#13564,(#13568,PARAMETER_VALUE(0.)),(#13569,
    PARAMETER_VALUE(21.912896231925)),.T.,.PARAMETER.);
#13564 = LINE('',#13565,#13566);
#13565 = CARTESIAN_POINT('',(965.,0.,710.));
#13566 = VECTOR('',#13567,1.);
#13567 = DIRECTION('',(0.,-0.999870033619,-1.612190656549E-02));
#13568 = CARTESIAN_POINT('',(965.,0.,710.));
#13569 = CARTESIAN_POINT('',(965.,-21.91004829209,709.64672233437));
#13570 = TRIMMED_CURVE('',#13571,(#13575,PARAMETER_VALUE(0.)),(#13576,
    PARAMETER_VALUE(21.841880939584)),.T.,.PARAMETER.);
#13571 = LINE('',#13572,#13573);
#13572 = CARTESIAN_POINT('',(965.,-21.91004829209,709.64672233437));
#13573 = VECTOR('',#13574,1.);
#13574 = DIRECTION('',(0.,-0.99882542909,-4.845371195907E-02));
#13575 = CARTESIAN_POINT('',(965.,-21.91004829209,709.64672233437));
#13576 = CARTESIAN_POINT('',(965.,-43.72627439371,708.58840212667));
#13577 = TRIMMED_CURVE('',#13578,(#13582,PARAMETER_VALUE(0.)),(#13583,
    PARAMETER_VALUE(21.700378163655)),.T.,.PARAMETER.);
#13578 = LINE('',#13579,#13580);
#13579 = CARTESIAN_POINT('',(965.,-43.72627439371,708.58840212667));
#13580 = VECTOR('',#13581,1.);
#13581 = DIRECTION('',(0.,-0.996709979825,-8.105070090859E-02));
#13582 = CARTESIAN_POINT('',(965.,-43.72627439371,708.58840212667));
#13583 = CARTESIAN_POINT('',(965.,-65.3552578754,706.82957126653));
#13584 = TRIMMED_CURVE('',#13585,(#13589,PARAMETER_VALUE(0.)),(#13590,
    PARAMETER_VALUE(21.489448389545)),.T.,.PARAMETER.);
#13585 = LINE('',#13586,#13587);
#13586 = CARTESIAN_POINT('',(965.,-65.3552578754,706.82957126653));
#13587 = VECTOR('',#13588,1.);
#13588 = DIRECTION('',(0.,-0.993469997319,-0.114093665151));
#13589 = CARTESIAN_POINT('',(965.,-65.3552578754,706.82957126653));
#13590 = CARTESIAN_POINT('',(965.,-86.70438010934,704.37776133769));
#13591 = TRIMMED_CURVE('',#13592,(#13596,PARAMETER_VALUE(0.)),(#13597,
    PARAMETER_VALUE(21.210694870205)),.T.,.PARAMETER.);
#13592 = LINE('',#13593,#13594);
#13593 = CARTESIAN_POINT('',(965.,-86.70438010934,704.37776133769));
#13594 = VECTOR('',#13595,1.);
#13595 = DIRECTION('',(0.,-0.989021854097,-0.147769320627));
#13596 = CARTESIAN_POINT('',(965.,-86.70438010934,704.37776133769));
#13597 = CARTESIAN_POINT('',(965.,-107.6822208765,701.24347136669));
#13598 = TRIMMED_CURVE('',#13599,(#13603,PARAMETER_VALUE(0.)),(#13604,
    PARAMETER_VALUE(20.866279670417)),.T.,.PARAMETER.);
#13599 = LINE('',#13600,#13601);
#13600 = CARTESIAN_POINT('',(965.,-107.6822208765,701.24347136669));
#13601 = VECTOR('',#13602,1.);
#13602 = DIRECTION('',(0.,-0.983248058102,-0.182272478008));
#13603 = CARTESIAN_POINT('',(965.,-107.6822208765,701.24347136669));
#13604 = CARTESIAN_POINT('',(965.,-128.1989498423,697.44012286436));
#13605 = TRIMMED_CURVE('',#13606,(#13610,PARAMETER_VALUE(0.)),(#13611,
    PARAMETER_VALUE(20.458946810227)),.T.,.PARAMETER.);
#13606 = LINE('',#13607,#13608);
#13607 = CARTESIAN_POINT('',(965.,-128.1989498423,697.44012286436));
#13608 = VECTOR('',#13609,1.);
#13609 = DIRECTION('',(0.,-0.975991656182,-0.217807913223));
#13610 = CARTESIAN_POINT('',(965.,-128.1989498423,697.44012286436));
#13611 = CARTESIAN_POINT('',(965.,-148.1667112233,692.98400235289));
#13612 = TRIMMED_CURVE('',#13613,(#13617,PARAMETER_VALUE(0.)),(#13618,
    PARAMETER_VALUE(19.992054125885)),.T.,.PARAMETER.);
#13613 = LINE('',#13614,#13615);
#13614 = CARTESIAN_POINT('',(965.,-148.1667112233,692.98400235289));
#13615 = VECTOR('',#13616,1.);
#13616 = DIRECTION('',(0.,-0.96704864117,-0.254591684097));
#13617 = CARTESIAN_POINT('',(965.,-148.1667112233,692.98400235289));
#13618 = CARTESIAN_POINT('',(965.,-167.5,687.89419162443));
#13619 = TRIMMED_CURVE('',#13620,(#13624,PARAMETER_VALUE(0.)),(#13625,
    PARAMETER_VALUE(19.469616007398)),.T.,.PARAMETER.);
#13620 = LINE('',#13621,#13622);
#13621 = CARTESIAN_POINT('',(965.,-167.5,687.89419162443));
#13622 = VECTOR('',#13623,1.);
#13623 = DIRECTION('',(0.,-0.956157946541,-0.29285146622));
#13624 = CARTESIAN_POINT('',(965.,-167.5,687.89419162443));
#13625 = CARTESIAN_POINT('',(965.,-186.1160280615,682.19248602992));
#13626 = TRIMMED_CURVE('',#13627,(#13631,PARAMETER_VALUE(0.)),(#13632,
    PARAMETER_VALUE(18.896359775682)),.T.,.PARAMETER.);
#13627 = LINE('',#13628,#13629);
#13628 = CARTESIAN_POINT('',(965.,-186.1160280615,682.19248602992));
#13629 = VECTOR('',#13630,1.);
#13630 = DIRECTION('',(0.,-0.942988536834,-0.332825208481));
#13631 = CARTESIAN_POINT('',(965.,-186.1160280615,682.19248602992));
#13632 = CARTESIAN_POINT('',(965.,-203.9350787179,675.90330114805));
#13633 = TRIMMED_CURVE('',#13634,(#13638,PARAMETER_VALUE(0.)),(#13639,
    PARAMETER_VALUE(18.277799089013)),.T.,.PARAMETER.);
#13634 = LINE('',#13635,#13636);
#13635 = CARTESIAN_POINT('',(965.,-203.9350787179,675.90330114805));
#13636 = VECTOR('',#13637,1.);
#13637 = DIRECTION('',(0.,-0.92712307746,-0.374756986914));
#13638 = CARTESIAN_POINT('',(965.,-203.9350787179,675.90330114805));
#13639 = CARTESIAN_POINT('',(965.,-220.8808480585,669.05356823403));
#13640 = TRIMMED_CURVE('',#13641,(#13645,PARAMETER_VALUE(0.)),(#13646,
    PARAMETER_VALUE(17.620328305304)),.T.,.PARAMETER.);
#13641 = LINE('',#13642,#13643);
#13642 = CARTESIAN_POINT('',(965.,-220.8808480585,669.05356823403));
#13643 = VECTOR('',#13644,1.);
#13644 = DIRECTION('',(0.,-0.908037771019,-0.418888298241));
#13645 = CARTESIAN_POINT('',(965.,-220.8808480585,669.05356823403));
#13646 = CARTESIAN_POINT('',(965.,-236.8807716974,661.67261889578));
#13647 = TRIMMED_CURVE('',#13648,(#13652,PARAMETER_VALUE(0.)),(#13653,
    PARAMETER_VALUE(16.931341918666)),.T.,.PARAMETER.);
#13648 = LINE('',#13649,#13650);
#13649 = CARTESIAN_POINT('',(965.,-236.8807716974,661.67261889578));
#13650 = VECTOR('',#13651,1.);
#13651 = DIRECTION('',(0.,-0.885078328697,-0.465442103888));
#13652 = CARTESIAN_POINT('',(965.,-236.8807716974,661.67261889578));
#13653 = CARTESIAN_POINT('',(965.,-251.8663355054,653.79205949151));
#13654 = TRIMMED_CURVE('',#13655,(#13659,PARAMETER_VALUE(0.)),(#13660,
    PARAMETER_VALUE(16.219382516457)),.T.,.PARAMETER.);
#13655 = LINE('',#13656,#13657);
#13656 = CARTESIAN_POINT('',(965.,-251.8663355054,653.79205949151));
#13657 = VECTOR('',#13658,1.);
#13658 = DIRECTION('',(0.,-0.857432980448,-0.514595651012));
#13659 = CARTESIAN_POINT('',(965.,-251.8663355054,653.79205949151));
#13660 = CARTESIAN_POINT('',(965.,-265.7733689975,645.44563578643));
#13661 = TRIMMED_CURVE('',#13662,(#13666,PARAMETER_VALUE(0.)),(#13667,
    PARAMETER_VALUE(15.49431818382)),.T.,.PARAMETER.);
#13662 = LINE('',#13663,#13664);
#13663 = CARTESIAN_POINT('',(965.,-265.7733689975,645.44563578643));
#13664 = VECTOR('',#13665,1.);
#13665 = DIRECTION('',(0.,-0.824105389621,-0.566436498469));
#13666 = CARTESIAN_POINT('',(965.,-265.7733689975,645.44563578643));
#13667 = CARTESIAN_POINT('',(965.,-278.5423201213,636.66908844823));
#13668 = TRIMMED_CURVE('',#13669,(#13673,PARAMETER_VALUE(0.)),(#13674,
    PARAMETER_VALUE(14.767544185746)),.T.,.PARAMETER.);
#13669 = LINE('',#13670,#13671);
#13670 = CARTESIAN_POINT('',(965.,-278.5423201213,636.66908844823));
#13671 = VECTOR('',#13672,1.);
#13672 = DIRECTION('',(0.,-0.78389405854,-0.620894600545));
#13673 = CARTESIAN_POINT('',(965.,-278.5423201213,636.66908844823));
#13674 = CARTESIAN_POINT('',(965.,-290.1185102677,627.5));
#13675 = TRIMMED_CURVE('',#13676,(#13680,PARAMETER_VALUE(0.)),(#13681,
    PARAMETER_VALUE(14.052191308873)),.T.,.PARAMETER.);
#13676 = LINE('',#13677,#13678);
#13677 = CARTESIAN_POINT('',(965.,-290.1185102677,627.5));
#13678 = VECTOR('',#13679,1.);
#13679 = DIRECTION('',(0.,-0.735391222516,-0.677642789267));
#13680 = CARTESIAN_POINT('',(965.,-290.1185102677,627.5));
#13681 = CARTESIAN_POINT('',(965.,-300.4523684134,617.97763388613));
#13682 = TRIMMED_CURVE('',#13683,(#13687,PARAMETER_VALUE(0.)),(#13688,
    PARAMETER_VALUE(13.363300646539)),.T.,.PARAMETER.);
#13683 = LINE('',#13684,#13685);
#13684 = CARTESIAN_POINT('',(965.,-300.4523684134,617.97763388613));
#13685 = VECTOR('',#13686,1.);
#13686 = DIRECTION('',(0.,-0.677023979115,-0.735960958002));
#13687 = CARTESIAN_POINT('',(965.,-300.4523684134,617.97763388613));
#13688 = CARTESIAN_POINT('',(965.,-309.4996433912,608.14276634024));
#13689 = TRIMMED_CURVE('',#13690,(#13694,PARAMETER_VALUE(0.)),(#13695,
    PARAMETER_VALUE(12.717888247246)),.T.,.PARAMETER.);
#13690 = LINE('',#13691,#13692);
#13691 = CARTESIAN_POINT('',(965.,-309.4996433912,608.14276634024));
#13692 = VECTOR('',#13693,1.);
#13693 = DIRECTION('',(0.,-0.60717234178,-0.794570165169));
#13694 = CARTESIAN_POINT('',(965.,-309.4996433912,608.14276634024));
#13695 = CARTESIAN_POINT('',(965.,-317.2215933808,598.03751177502));
#13696 = TRIMMED_CURVE('',#13697,(#13701,PARAMETER_VALUE(0.)),(#13702,
    PARAMETER_VALUE(12.134773664001)),.T.,.PARAMETER.);
#13697 = LINE('',#13698,#13699);
#13698 = CARTESIAN_POINT('',(965.,-317.2215933808,598.03751177502));
#13699 = VECTOR('',#13700,1.);
#13700 = DIRECTION('',(0.,-0.524406849454,-0.851467824551));
#13701 = CARTESIAN_POINT('',(965.,-317.2215933808,598.03751177502));
#13702 = CARTESIAN_POINT('',(965.,-323.5851518068,587.70514244191));
#13703 = TRIMMED_CURVE('',#13704,(#13708,PARAMETER_VALUE(0.)),(#13709,
    PARAMETER_VALUE(11.633998309548)),.T.,.PARAMETER.);
#13704 = LINE('',#13705,#13706);
#13705 = CARTESIAN_POINT('',(965.,-323.5851518068,587.70514244191));
#13706 = VECTOR('',#13707,1.);
#13707 = DIRECTION('',(0.,-0.427876727828,-0.903837101354));
#13708 = CARTESIAN_POINT('',(965.,-323.5851518068,587.70514244191));
#13709 = CARTESIAN_POINT('',(965.,-328.563068935,577.18990313266));
#13710 = TRIMMED_CURVE('',#13711,(#13715,PARAMETER_VALUE(0.)),(#13716,
    PARAMETER_VALUE(11.235652909727)),.T.,.PARAMETER.);
#13711 = LINE('',#13712,#13713);
#13712 = CARTESIAN_POINT('',(965.,-328.563068935,577.18990313266));
#13713 = VECTOR('',#13714,1.);
#13714 = DIRECTION('',(0.,-0.317823953253,-0.948149742783));
#13715 = CARTESIAN_POINT('',(965.,-328.563068935,577.18990313266));
#13716 = CARTESIAN_POINT('',(965.,-332.1340285602,566.5368217163));
#13717 = TRIMMED_CURVE('',#13718,(#13722,PARAMETER_VALUE(0.)),(#13723,
    PARAMETER_VALUE(10.958035671346)),.T.,.PARAMETER.);
#13718 = LINE('',#13719,#13720);
#13719 = CARTESIAN_POINT('',(965.,-332.1340285602,566.5368217163));
#13720 = VECTOR('',#13721,1.);
#13721 = DIRECTION('',(0.,-0.196085392414,-0.980586823735));
#13722 = CARTESIAN_POINT('',(965.,-332.1340285602,566.5368217163));
#13723 = CARTESIAN_POINT('',(965.,-334.2827392849,555.79151632297));
#13724 = TRIMMED_CURVE('',#13725,(#13729,PARAMETER_VALUE(0.)),(#13730,
    PARAMETER_VALUE(10.815326508358)),.T.,.PARAMETER.);
#13725 = LINE('',#13726,#13727);
#13726 = CARTESIAN_POINT('',(965.,-334.2827392849,555.79151632297));
#13727 = VECTOR('',#13728,1.);
#13728 = DIRECTION('',(0.,-6.631891459898E-02,-0.997798477432));
#13729 = CARTESIAN_POINT('',(965.,-334.2827392849,555.79151632297));
#13730 = CARTESIAN_POINT('',(965.,-335.,545.));
#13731 = ( GEOMETRIC_REPRESENTATION_CONTEXT(3) 
GLOBAL_UNCERTAINTY_ASSIGNED_CONTEXT((#13735)) 
GLOBAL_UNIT_ASSIGNED_CONTEXT((#13732,#13733,#13734)) 
REPRESENTATION_CONTEXT('Context #1',
  '3D Context with UNIT and UNCERTAINTY') );
#13732 = ( LENGTH_UNIT() NAMED_UNIT(*) SI_UNIT(.MILLI.,.METRE.) );
#13733 = ( NAMED_UNIT(*) PLANE_ANGLE_UNIT() SI_UNIT($,.RADIAN.) );
#13734 = ( NAMED_UNIT(*) SI_UNIT($,.STERADIAN.) SOLID_ANGLE_UNIT() );
#13735 = UNCERTAINTY_MEASURE_WITH_UNIT(LENGTH_MEASURE(1.E-07),#13732,
  'distance_accuracy_value','confusion accuracy');
#13736 = CONTEXT_DEPENDENT_SHAPE_REPRESENTATION(#13737,#13739);
#13737 = ( REPRESENTATION_RELATIONSHIP('','',#13393,#10) 
REPRESENTATION_RELATIONSHIP_WITH_TRANSFORMATION(#13738) 
SHAPE_REPRESENTATION_RELATIONSHIP() );
#13738 = ITEM_DEFINED_TRANSFORMATION('','',#11,#171);
#13739 = PRODUCT_DEFINITION_SHAPE('Placement','Placement of an item',
  #13740);
#13740 = NEXT_ASSEMBLY_USAGE_OCCURRENCE('40','FLEXIBLE_RIB_0_0','',#5,
  #13388,$);
#13741 = PRODUCT_RELATED_PRODUCT_CATEGORY('part',$,(#13390));
#13742 = SHAPE_DEFINITION_REPRESENTATION(#13743,#13749);
#13743 = PRODUCT_DEFINITION_SHAPE('','',#13744);
#13744 = PRODUCT_DEFINITION('design','',#13745,#13748);
#13745 = PRODUCT_DEFINITION_FORMATION('','',#13746);
#13746 = PRODUCT('FLEXIBLE_RIB_1_0','FLEXIBLE_RIB_1_0','',(#13747));
#13747 = PRODUCT_CONTEXT('',#2,'mechanical');
#13748 = PRODUCT_DEFINITION_CONTEXT('part definition',#2,'design');
#13749 = GEOMETRICALLY_BOUNDED_WIREFRAME_SHAPE_REPRESENTATION('',(#11,
    #13750),#14087);
#13750 = GEOMETRIC_CURVE_SET('',(#13751,#13758,#13765,#13772,#13779,
    #13786,#13793,#13800,#13807,#13814,#13821,#13828,#13835,#13842,
    #13849,#13856,#13863,#13870,#13877,#13884,#13891,#13898,#13905,
    #13912,#13919,#13926,#13933,#13940,#13947,#13954,#13961,#13968,
    #13975,#13982,#13989,#13996,#14003,#14010,#14017,#14024,#14031,
    #14038,#14045,#14052,#14059,#14066,#14073,#14080));
#13751 = TRIMMED_CURVE('',#13752,(#13756,PARAMETER_VALUE(0.)),(#13757,
    PARAMETER_VALUE(10.815326508358)),.T.,.PARAMETER.);
#13752 = LINE('',#13753,#13754);
#13753 = CARTESIAN_POINT('',(1.325E+03,335.,545.));
#13754 = VECTOR('',#13755,1.);
#13755 = DIRECTION('',(0.,-6.631891459898E-02,0.997798477432));
#13756 = CARTESIAN_POINT('',(1.325E+03,335.,545.));
#13757 = CARTESIAN_POINT('',(1.325E+03,334.28273928493,555.79151632297)
  );
#13758 = TRIMMED_CURVE('',#13759,(#13763,PARAMETER_VALUE(0.)),(#13764,
    PARAMETER_VALUE(10.958035671346)),.T.,.PARAMETER.);
#13759 = LINE('',#13760,#13761);
#13760 = CARTESIAN_POINT('',(1.325E+03,334.28273928493,555.79151632297)
  );
#13761 = VECTOR('',#13762,1.);
#13762 = DIRECTION('',(0.,-0.196085392414,0.980586823735));
#13763 = CARTESIAN_POINT('',(1.325E+03,334.28273928493,555.79151632297)
  );
#13764 = CARTESIAN_POINT('',(1.325E+03,332.13402856022,566.5368217163));
#13765 = TRIMMED_CURVE('',#13766,(#13770,PARAMETER_VALUE(0.)),(#13771,
    PARAMETER_VALUE(11.235652909727)),.T.,.PARAMETER.);
#13766 = LINE('',#13767,#13768);
#13767 = CARTESIAN_POINT('',(1.325E+03,332.13402856022,566.5368217163));
#13768 = VECTOR('',#13769,1.);
#13769 = DIRECTION('',(0.,-0.317823953253,0.948149742783));
#13770 = CARTESIAN_POINT('',(1.325E+03,332.13402856022,566.5368217163));
#13771 = CARTESIAN_POINT('',(1.325E+03,328.56306893508,577.18990313266)
  );
#13772 = TRIMMED_CURVE('',#13773,(#13777,PARAMETER_VALUE(0.)),(#13778,
    PARAMETER_VALUE(11.633998309548)),.T.,.PARAMETER.);
#13773 = LINE('',#13774,#13775);
#13774 = CARTESIAN_POINT('',(1.325E+03,328.56306893508,577.18990313266)
  );
#13775 = VECTOR('',#13776,1.);
#13776 = DIRECTION('',(0.,-0.427876727828,0.903837101354));
#13777 = CARTESIAN_POINT('',(1.325E+03,328.56306893508,577.18990313266)
  );
#13778 = CARTESIAN_POINT('',(1.325E+03,323.58515180683,587.70514244191)
  );
#13779 = TRIMMED_CURVE('',#13780,(#13784,PARAMETER_VALUE(0.)),(#13785,
    PARAMETER_VALUE(12.134773664001)),.T.,.PARAMETER.);
#13780 = LINE('',#13781,#13782);
#13781 = CARTESIAN_POINT('',(1.325E+03,323.58515180683,587.70514244191)
  );
#13782 = VECTOR('',#13783,1.);
#13783 = DIRECTION('',(0.,-0.524406849454,0.851467824551));
#13784 = CARTESIAN_POINT('',(1.325E+03,323.58515180683,587.70514244191)
  );
#13785 = CARTESIAN_POINT('',(1.325E+03,317.22159338086,598.03751177502)
  );
#13786 = TRIMMED_CURVE('',#13787,(#13791,PARAMETER_VALUE(0.)),(#13792,
    PARAMETER_VALUE(12.717888247246)),.T.,.PARAMETER.);
#13787 = LINE('',#13788,#13789);
#13788 = CARTESIAN_POINT('',(1.325E+03,317.22159338086,598.03751177502)
  );
#13789 = VECTOR('',#13790,1.);
#13790 = DIRECTION('',(0.,-0.60717234178,0.794570165169));
#13791 = CARTESIAN_POINT('',(1.325E+03,317.22159338086,598.03751177502)
  );
#13792 = CARTESIAN_POINT('',(1.325E+03,309.49964339128,608.14276634024)
  );
#13793 = TRIMMED_CURVE('',#13794,(#13798,PARAMETER_VALUE(0.)),(#13799,
    PARAMETER_VALUE(13.363300646539)),.T.,.PARAMETER.);
#13794 = LINE('',#13795,#13796);
#13795 = CARTESIAN_POINT('',(1.325E+03,309.49964339128,608.14276634024)
  );
#13796 = VECTOR('',#13797,1.);
#13797 = DIRECTION('',(0.,-0.677023979115,0.735960958002));
#13798 = CARTESIAN_POINT('',(1.325E+03,309.49964339128,608.14276634024)
  );
#13799 = CARTESIAN_POINT('',(1.325E+03,300.45236841345,617.97763388613)
  );
#13800 = TRIMMED_CURVE('',#13801,(#13805,PARAMETER_VALUE(0.)),(#13806,
    PARAMETER_VALUE(14.052191308873)),.T.,.PARAMETER.);
#13801 = LINE('',#13802,#13803);
#13802 = CARTESIAN_POINT('',(1.325E+03,300.45236841345,617.97763388613)
  );
#13803 = VECTOR('',#13804,1.);
#13804 = DIRECTION('',(0.,-0.735391222516,0.677642789267));
#13805 = CARTESIAN_POINT('',(1.325E+03,300.45236841345,617.97763388613)
  );
#13806 = CARTESIAN_POINT('',(1.325E+03,290.11851026778,627.5));
#13807 = TRIMMED_CURVE('',#13808,(#13812,PARAMETER_VALUE(0.)),(#13813,
    PARAMETER_VALUE(14.767544185746)),.T.,.PARAMETER.);
#13808 = LINE('',#13809,#13810);
#13809 = CARTESIAN_POINT('',(1.325E+03,290.11851026778,627.5));
#13810 = VECTOR('',#13811,1.);
#13811 = DIRECTION('',(0.,-0.78389405854,0.620894600545));
#13812 = CARTESIAN_POINT('',(1.325E+03,290.11851026778,627.5));
#13813 = CARTESIAN_POINT('',(1.325E+03,278.54232012135,636.66908844823)
  );
#13814 = TRIMMED_CURVE('',#13815,(#13819,PARAMETER_VALUE(0.)),(#13820,
    PARAMETER_VALUE(15.49431818382)),.T.,.PARAMETER.);
#13815 = LINE('',#13816,#13817);
#13816 = CARTESIAN_POINT('',(1.325E+03,278.54232012135,636.66908844823)
  );
#13817 = VECTOR('',#13818,1.);
#13818 = DIRECTION('',(0.,-0.824105389621,0.566436498469));
#13819 = CARTESIAN_POINT('',(1.325E+03,278.54232012135,636.66908844823)
  );
#13820 = CARTESIAN_POINT('',(1.325E+03,265.77336899756,645.44563578643)
  );
#13821 = TRIMMED_CURVE('',#13822,(#13826,PARAMETER_VALUE(0.)),(#13827,
    PARAMETER_VALUE(16.219382516457)),.T.,.PARAMETER.);
#13822 = LINE('',#13823,#13824);
#13823 = CARTESIAN_POINT('',(1.325E+03,265.77336899756,645.44563578643)
  );
#13824 = VECTOR('',#13825,1.);
#13825 = DIRECTION('',(0.,-0.857432980448,0.514595651012));
#13826 = CARTESIAN_POINT('',(1.325E+03,265.77336899756,645.44563578643)
  );
#13827 = CARTESIAN_POINT('',(1.325E+03,251.86633550545,653.79205949151)
  );
#13828 = TRIMMED_CURVE('',#13829,(#13833,PARAMETER_VALUE(0.)),(#13834,
    PARAMETER_VALUE(16.931341918666)),.T.,.PARAMETER.);
#13829 = LINE('',#13830,#13831);
#13830 = CARTESIAN_POINT('',(1.325E+03,251.86633550545,653.79205949151)
  );
#13831 = VECTOR('',#13832,1.);
#13832 = DIRECTION('',(0.,-0.885078328697,0.465442103888));
#13833 = CARTESIAN_POINT('',(1.325E+03,251.86633550545,653.79205949151)
  );
#13834 = CARTESIAN_POINT('',(1.325E+03,236.88077169749,661.67261889578)
  );
#13835 = TRIMMED_CURVE('',#13836,(#13840,PARAMETER_VALUE(0.)),(#13841,
    PARAMETER_VALUE(17.620328305304)),.T.,.PARAMETER.);
#13836 = LINE('',#13837,#13838);
#13837 = CARTESIAN_POINT('',(1.325E+03,236.88077169749,661.67261889578)
  );
#13838 = VECTOR('',#13839,1.);
#13839 = DIRECTION('',(0.,-0.908037771019,0.418888298241));
#13840 = CARTESIAN_POINT('',(1.325E+03,236.88077169749,661.67261889578)
  );
#13841 = CARTESIAN_POINT('',(1.325E+03,220.88084805852,669.05356823403)
  );
#13842 = TRIMMED_CURVE('',#13843,(#13847,PARAMETER_VALUE(0.)),(#13848,
    PARAMETER_VALUE(18.277799089013)),.T.,.PARAMETER.);
#13843 = LINE('',#13844,#13845);
#13844 = CARTESIAN_POINT('',(1.325E+03,220.88084805852,669.05356823403)
  );
#13845 = VECTOR('',#13846,1.);
#13846 = DIRECTION('',(0.,-0.92712307746,0.374756986914));
#13847 = CARTESIAN_POINT('',(1.325E+03,220.88084805852,669.05356823403)
  );
#13848 = CARTESIAN_POINT('',(1.325E+03,203.93507871792,675.90330114805)
  );
#13849 = TRIMMED_CURVE('',#13850,(#13854,PARAMETER_VALUE(0.)),(#13855,
    PARAMETER_VALUE(18.896359775682)),.T.,.PARAMETER.);
#13850 = LINE('',#13851,#13852);
#13851 = CARTESIAN_POINT('',(1.325E+03,203.93507871792,675.90330114805)
  );
#13852 = VECTOR('',#13853,1.);
#13853 = DIRECTION('',(0.,-0.942988536834,0.332825208481));
#13854 = CARTESIAN_POINT('',(1.325E+03,203.93507871792,675.90330114805)
  );
#13855 = CARTESIAN_POINT('',(1.325E+03,186.11602806156,682.19248602992)
  );
#13856 = TRIMMED_CURVE('',#13857,(#13861,PARAMETER_VALUE(0.)),(#13862,
    PARAMETER_VALUE(19.469616007398)),.T.,.PARAMETER.);
#13857 = LINE('',#13858,#13859);
#13858 = CARTESIAN_POINT('',(1.325E+03,186.11602806156,682.19248602992)
  );
#13859 = VECTOR('',#13860,1.);
#13860 = DIRECTION('',(0.,-0.956157946541,0.29285146622));
#13861 = CARTESIAN_POINT('',(1.325E+03,186.11602806156,682.19248602992)
  );
#13862 = CARTESIAN_POINT('',(1.325E+03,167.5,687.89419162443));
#13863 = TRIMMED_CURVE('',#13864,(#13868,PARAMETER_VALUE(0.)),(#13869,
    PARAMETER_VALUE(19.992054125885)),.T.,.PARAMETER.);
#13864 = LINE('',#13865,#13866);
#13865 = CARTESIAN_POINT('',(1.325E+03,167.5,687.89419162443));
#13866 = VECTOR('',#13867,1.);
#13867 = DIRECTION('',(0.,-0.96704864117,0.254591684097));
#13868 = CARTESIAN_POINT('',(1.325E+03,167.5,687.89419162443));
#13869 = CARTESIAN_POINT('',(1.325E+03,148.16671122336,692.98400235289)
  );
#13870 = TRIMMED_CURVE('',#13871,(#13875,PARAMETER_VALUE(0.)),(#13876,
    PARAMETER_VALUE(20.458946810227)),.T.,.PARAMETER.);
#13871 = LINE('',#13872,#13873);
#13872 = CARTESIAN_POINT('',(1.325E+03,148.16671122336,692.98400235289)
  );
#13873 = VECTOR('',#13874,1.);
#13874 = DIRECTION('',(0.,-0.975991656182,0.217807913223));
#13875 = CARTESIAN_POINT('',(1.325E+03,148.16671122336,692.98400235289)
  );
#13876 = CARTESIAN_POINT('',(1.325E+03,128.1989498423,697.44012286436));
#13877 = TRIMMED_CURVE('',#13878,(#13882,PARAMETER_VALUE(0.)),(#13883,
    PARAMETER_VALUE(20.866279670417)),.T.,.PARAMETER.);
#13878 = LINE('',#13879,#13880);
#13879 = CARTESIAN_POINT('',(1.325E+03,128.1989498423,697.44012286436));
#13880 = VECTOR('',#13881,1.);
#13881 = DIRECTION('',(0.,-0.983248058102,0.182272478008));
#13882 = CARTESIAN_POINT('',(1.325E+03,128.1989498423,697.44012286436));
#13883 = CARTESIAN_POINT('',(1.325E+03,107.68222087655,701.24347136669)
  );
#13884 = TRIMMED_CURVE('',#13885,(#13889,PARAMETER_VALUE(0.)),(#13890,
    PARAMETER_VALUE(21.210694870205)),.T.,.PARAMETER.);
#13885 = LINE('',#13886,#13887);
#13886 = CARTESIAN_POINT('',(1.325E+03,107.68222087655,701.24347136669)
  );
#13887 = VECTOR('',#13888,1.);
#13888 = DIRECTION('',(0.,-0.989021854097,0.147769320627));
#13889 = CARTESIAN_POINT('',(1.325E+03,107.68222087655,701.24347136669)
  );
#13890 = CARTESIAN_POINT('',(1.325E+03,86.704380109345,704.37776133769)
  );
#13891 = TRIMMED_CURVE('',#13892,(#13896,PARAMETER_VALUE(0.)),(#13897,
    PARAMETER_VALUE(21.489448389545)),.T.,.PARAMETER.);
#13892 = LINE('',#13893,#13894);
#13893 = CARTESIAN_POINT('',(1.325E+03,86.704380109345,704.37776133769)
  );
#13894 = VECTOR('',#13895,1.);
#13895 = DIRECTION('',(0.,-0.993469997319,0.114093665151));
#13896 = CARTESIAN_POINT('',(1.325E+03,86.704380109345,704.37776133769)
  );
#13897 = CARTESIAN_POINT('',(1.325E+03,65.355257875403,706.82957126653)
  );
#13898 = TRIMMED_CURVE('',#13899,(#13903,PARAMETER_VALUE(0.)),(#13904,
    PARAMETER_VALUE(21.700378163655)),.T.,.PARAMETER.);
#13899 = LINE('',#13900,#13901);
#13900 = CARTESIAN_POINT('',(1.325E+03,65.355257875403,706.82957126653)
  );
#13901 = VECTOR('',#13902,1.);
#13902 = DIRECTION('',(0.,-0.996709979825,8.105070090859E-02));
#13903 = CARTESIAN_POINT('',(1.325E+03,65.355257875403,706.82957126653)
  );
#13904 = CARTESIAN_POINT('',(1.325E+03,43.726274393717,708.58840212667)
  );
#13905 = TRIMMED_CURVE('',#13906,(#13910,PARAMETER_VALUE(0.)),(#13911,
    PARAMETER_VALUE(21.841880939584)),.T.,.PARAMETER.);
#13906 = LINE('',#13907,#13908);
#13907 = CARTESIAN_POINT('',(1.325E+03,43.726274393717,708.58840212667)
  );
#13908 = VECTOR('',#13909,1.);
#13909 = DIRECTION('',(0.,-0.99882542909,4.845371195907E-02));
#13910 = CARTESIAN_POINT('',(1.325E+03,43.726274393717,708.58840212667)
  );
#13911 = CARTESIAN_POINT('',(1.325E+03,21.910048292098,709.64672233437)
  );
#13912 = TRIMMED_CURVE('',#13913,(#13917,PARAMETER_VALUE(0.)),(#13918,
    PARAMETER_VALUE(21.912896231925)),.T.,.PARAMETER.);
#13913 = LINE('',#13914,#13915);
#13914 = CARTESIAN_POINT('',(1.325E+03,21.910048292098,709.64672233437)
  );
#13915 = VECTOR('',#13916,1.);
#13916 = DIRECTION('',(0.,-0.999870033619,1.612190656549E-02));
#13917 = CARTESIAN_POINT('',(1.325E+03,21.910048292098,709.64672233437)
  );
#13918 = CARTESIAN_POINT('',(1.325E+03,0.,710.));
#13919 = TRIMMED_CURVE('',#13920,(#13924,PARAMETER_VALUE(0.)),(#13925,
    PARAMETER_VALUE(21.912896231925)),.T.,.PARAMETER.);
#13920 = LINE('',#13921,#13922);
#13921 = CARTESIAN_POINT('',(1.325E+03,0.,710.));
#13922 = VECTOR('',#13923,1.);
#13923 = DIRECTION('',(0.,-0.999870033619,-1.612190656549E-02));
#13924 = CARTESIAN_POINT('',(1.325E+03,0.,710.));
#13925 = CARTESIAN_POINT('',(1.325E+03,-21.91004829209,709.64672233437)
  );
#13926 = TRIMMED_CURVE('',#13927,(#13931,PARAMETER_VALUE(0.)),(#13932,
    PARAMETER_VALUE(21.841880939584)),.T.,.PARAMETER.);
#13927 = LINE('',#13928,#13929);
#13928 = CARTESIAN_POINT('',(1.325E+03,-21.91004829209,709.64672233437)
  );
#13929 = VECTOR('',#13930,1.);
#13930 = DIRECTION('',(0.,-0.99882542909,-4.845371195907E-02));
#13931 = CARTESIAN_POINT('',(1.325E+03,-21.91004829209,709.64672233437)
  );
#13932 = CARTESIAN_POINT('',(1.325E+03,-43.72627439371,708.58840212667)
  );
#13933 = TRIMMED_CURVE('',#13934,(#13938,PARAMETER_VALUE(0.)),(#13939,
    PARAMETER_VALUE(21.700378163655)),.T.,.PARAMETER.);
#13934 = LINE('',#13935,#13936);
#13935 = CARTESIAN_POINT('',(1.325E+03,-43.72627439371,708.58840212667)
  );
#13936 = VECTOR('',#13937,1.);
#13937 = DIRECTION('',(0.,-0.996709979825,-8.105070090859E-02));
#13938 = CARTESIAN_POINT('',(1.325E+03,-43.72627439371,708.58840212667)
  );
#13939 = CARTESIAN_POINT('',(1.325E+03,-65.3552578754,706.82957126653));
#13940 = TRIMMED_CURVE('',#13941,(#13945,PARAMETER_VALUE(0.)),(#13946,
    PARAMETER_VALUE(21.489448389545)),.T.,.PARAMETER.);
#13941 = LINE('',#13942,#13943);
#13942 = CARTESIAN_POINT('',(1.325E+03,-65.3552578754,706.82957126653));
#13943 = VECTOR('',#13944,1.);
#13944 = DIRECTION('',(0.,-0.993469997319,-0.114093665151));
#13945 = CARTESIAN_POINT('',(1.325E+03,-65.3552578754,706.82957126653));
#13946 = CARTESIAN_POINT('',(1.325E+03,-86.70438010934,704.37776133769)
  );
#13947 = TRIMMED_CURVE('',#13948,(#13952,PARAMETER_VALUE(0.)),(#13953,
    PARAMETER_VALUE(21.210694870205)),.T.,.PARAMETER.);
#13948 = LINE('',#13949,#13950);
#13949 = CARTESIAN_POINT('',(1.325E+03,-86.70438010934,704.37776133769)
  );
#13950 = VECTOR('',#13951,1.);
#13951 = DIRECTION('',(0.,-0.989021854097,-0.147769320627));
#13952 = CARTESIAN_POINT('',(1.325E+03,-86.70438010934,704.37776133769)
  );
#13953 = CARTESIAN_POINT('',(1.325E+03,-107.6822208765,701.24347136669)
  );
#13954 = TRIMMED_CURVE('',#13955,(#13959,PARAMETER_VALUE(0.)),(#13960,
    PARAMETER_VALUE(20.866279670417)),.T.,.PARAMETER.);
#13955 = LINE('',#13956,#13957);
#13956 = CARTESIAN_POINT('',(1.325E+03,-107.6822208765,701.24347136669)
  );
#13957 = VECTOR('',#13958,1.);
#13958 = DIRECTION('',(0.,-0.983248058102,-0.182272478008));
#13959 = CARTESIAN_POINT('',(1.325E+03,-107.6822208765,701.24347136669)
  );
#13960 = CARTESIAN_POINT('',(1.325E+03,-128.1989498423,697.44012286436)
  );
#13961 = TRIMMED_CURVE('',#13962,(#13966,PARAMETER_VALUE(0.)),(#13967,
    PARAMETER_VALUE(20.458946810227)),.T.,.PARAMETER.);
#13962 = LINE('',#13963,#13964);
#13963 = CARTESIAN_POINT('',(1.325E+03,-128.1989498423,697.44012286436)
  );
#13964 = VECTOR('',#13965,1.);
#13965 = DIRECTION('',(0.,-0.975991656182,-0.217807913223));
#13966 = CARTESIAN_POINT('',(1.325E+03,-128.1989498423,697.44012286436)
  );
#13967 = CARTESIAN_POINT('',(1.325E+03,-148.1667112233,692.98400235289)
  );
#13968 = TRIMMED_CURVE('',#13969,(#13973,PARAMETER_VALUE(0.)),(#13974,
    PARAMETER_VALUE(19.992054125885)),.T.,.PARAMETER.);
#13969 = LINE('',#13970,#13971);
#13970 = CARTESIAN_POINT('',(1.325E+03,-148.1667112233,692.98400235289)
  );
#13971 = VECTOR('',#13972,1.);
#13972 = DIRECTION('',(0.,-0.96704864117,-0.254591684097));
#13973 = CARTESIAN_POINT('',(1.325E+03,-148.1667112233,692.98400235289)
  );
#13974 = CARTESIAN_POINT('',(1.325E+03,-167.5,687.89419162443));
#13975 = TRIMMED_CURVE('',#13976,(#13980,PARAMETER_VALUE(0.)),(#13981,
    PARAMETER_VALUE(19.469616007398)),.T.,.PARAMETER.);
#13976 = LINE('',#13977,#13978);
#13977 = CARTESIAN_POINT('',(1.325E+03,-167.5,687.89419162443));
#13978 = VECTOR('',#13979,1.);
#13979 = DIRECTION('',(0.,-0.956157946541,-0.29285146622));
#13980 = CARTESIAN_POINT('',(1.325E+03,-167.5,687.89419162443));
#13981 = CARTESIAN_POINT('',(1.325E+03,-186.1160280615,682.19248602992)
  );
#13982 = TRIMMED_CURVE('',#13983,(#13987,PARAMETER_VALUE(0.)),(#13988,
    PARAMETER_VALUE(18.896359775682)),.T.,.PARAMETER.);
#13983 = LINE('',#13984,#13985);
#13984 = CARTESIAN_POINT('',(1.325E+03,-186.1160280615,682.19248602992)
  );
#13985 = VECTOR('',#13986,1.);
#13986 = DIRECTION('',(0.,-0.942988536834,-0.332825208481));
#13987 = CARTESIAN_POINT('',(1.325E+03,-186.1160280615,682.19248602992)
  );
#13988 = CARTESIAN_POINT('',(1.325E+03,-203.9350787179,675.90330114805)
  );
#13989 = TRIMMED_CURVE('',#13990,(#13994,PARAMETER_VALUE(0.)),(#13995,
    PARAMETER_VALUE(18.277799089013)),.T.,.PARAMETER.);
#13990 = LINE('',#13991,#13992);
#13991 = CARTESIAN_POINT('',(1.325E+03,-203.9350787179,675.90330114805)
  );
#13992 = VECTOR('',#13993,1.);
#13993 = DIRECTION('',(0.,-0.92712307746,-0.374756986914));
#13994 = CARTESIAN_POINT('',(1.325E+03,-203.9350787179,675.90330114805)
  );
#13995 = CARTESIAN_POINT('',(1.325E+03,-220.8808480585,669.05356823403)
  );
#13996 = TRIMMED_CURVE('',#13997,(#14001,PARAMETER_VALUE(0.)),(#14002,
    PARAMETER_VALUE(17.620328305304)),.T.,.PARAMETER.);
#13997 = LINE('',#13998,#13999);
#13998 = CARTESIAN_POINT('',(1.325E+03,-220.8808480585,669.05356823403)
  );
#13999 = VECTOR('',#14000,1.);
#14000 = DIRECTION('',(0.,-0.908037771019,-0.418888298241));
#14001 = CARTESIAN_POINT('',(1.325E+03,-220.8808480585,669.05356823403)
  );
#14002 = CARTESIAN_POINT('',(1.325E+03,-236.8807716974,661.67261889578)
  );
#14003 = TRIMMED_CURVE('',#14004,(#14008,PARAMETER_VALUE(0.)),(#14009,
    PARAMETER_VALUE(16.931341918666)),.T.,.PARAMETER.);
#14004 = LINE('',#14005,#14006);
#14005 = CARTESIAN_POINT('',(1.325E+03,-236.8807716974,661.67261889578)
  );
#14006 = VECTOR('',#14007,1.);
#14007 = DIRECTION('',(0.,-0.885078328697,-0.465442103888));
#14008 = CARTESIAN_POINT('',(1.325E+03,-236.8807716974,661.67261889578)
  );
#14009 = CARTESIAN_POINT('',(1.325E+03,-251.8663355054,653.79205949151)
  );
#14010 = TRIMMED_CURVE('',#14011,(#14015,PARAMETER_VALUE(0.)),(#14016,
    PARAMETER_VALUE(16.219382516457)),.T.,.PARAMETER.);
#14011 = LINE('',#14012,#14013);
#14012 = CARTESIAN_POINT('',(1.325E+03,-251.8663355054,653.79205949151)
  );
#14013 = VECTOR('',#14014,1.);
#14014 = DIRECTION('',(0.,-0.857432980448,-0.514595651012));
#14015 = CARTESIAN_POINT('',(1.325E+03,-251.8663355054,653.79205949151)
  );
#14016 = CARTESIAN_POINT('',(1.325E+03,-265.7733689975,645.44563578643)
  );
#14017 = TRIMMED_CURVE('',#14018,(#14022,PARAMETER_VALUE(0.)),(#14023,
    PARAMETER_VALUE(15.49431818382)),.T.,.PARAMETER.);
#14018 = LINE('',#14019,#14020);
#14019 = CARTESIAN_POINT('',(1.325E+03,-265.7733689975,645.44563578643)
  );
#14020 = VECTOR('',#14021,1.);
#14021 = DIRECTION('',(0.,-0.824105389621,-0.566436498469));
#14022 = CARTESIAN_POINT('',(1.325E+03,-265.7733689975,645.44563578643)
  );
#14023 = CARTESIAN_POINT('',(1.325E+03,-278.5423201213,636.66908844823)
  );
#14024 = TRIMMED_CURVE('',#14025,(#14029,PARAMETER_VALUE(0.)),(#14030,
    PARAMETER_VALUE(14.767544185746)),.T.,.PARAMETER.);
#14025 = LINE('',#14026,#14027);
#14026 = CARTESIAN_POINT('',(1.325E+03,-278.5423201213,636.66908844823)
  );
#14027 = VECTOR('',#14028,1.);
#14028 = DIRECTION('',(0.,-0.78389405854,-0.620894600545));
#14029 = CARTESIAN_POINT('',(1.325E+03,-278.5423201213,636.66908844823)
  );
#14030 = CARTESIAN_POINT('',(1.325E+03,-290.1185102677,627.5));
#14031 = TRIMMED_CURVE('',#14032,(#14036,PARAMETER_VALUE(0.)),(#14037,
    PARAMETER_VALUE(14.052191308873)),.T.,.PARAMETER.);
#14032 = LINE('',#14033,#14034);
#14033 = CARTESIAN_POINT('',(1.325E+03,-290.1185102677,627.5));
#14034 = VECTOR('',#14035,1.);
#14035 = DIRECTION('',(0.,-0.735391222516,-0.677642789267));
#14036 = CARTESIAN_POINT('',(1.325E+03,-290.1185102677,627.5));
#14037 = CARTESIAN_POINT('',(1.325E+03,-300.4523684134,617.97763388613)
  );
#14038 = TRIMMED_CURVE('',#14039,(#14043,PARAMETER_VALUE(0.)),(#14044,
    PARAMETER_VALUE(13.363300646539)),.T.,.PARAMETER.);
#14039 = LINE('',#14040,#14041);
#14040 = CARTESIAN_POINT('',(1.325E+03,-300.4523684134,617.97763388613)
  );
#14041 = VECTOR('',#14042,1.);
#14042 = DIRECTION('',(0.,-0.677023979115,-0.735960958002));
#14043 = CARTESIAN_POINT('',(1.325E+03,-300.4523684134,617.97763388613)
  );
#14044 = CARTESIAN_POINT('',(1.325E+03,-309.4996433912,608.14276634024)
  );
#14045 = TRIMMED_CURVE('',#14046,(#14050,PARAMETER_VALUE(0.)),(#14051,
    PARAMETER_VALUE(12.717888247246)),.T.,.PARAMETER.);
#14046 = LINE('',#14047,#14048);
#14047 = CARTESIAN_POINT('',(1.325E+03,-309.4996433912,608.14276634024)
  );
#14048 = VECTOR('',#14049,1.);
#14049 = DIRECTION('',(0.,-0.60717234178,-0.794570165169));
#14050 = CARTESIAN_POINT('',(1.325E+03,-309.4996433912,608.14276634024)
  );
#14051 = CARTESIAN_POINT('',(1.325E+03,-317.2215933808,598.03751177502)
  );
#14052 = TRIMMED_CURVE('',#14053,(#14057,PARAMETER_VALUE(0.)),(#14058,
    PARAMETER_VALUE(12.134773664001)),.T.,.PARAMETER.);
#14053 = LINE('',#14054,#14055);
#14054 = CARTESIAN_POINT('',(1.325E+03,-317.2215933808,598.03751177502)
  );
#14055 = VECTOR('',#14056,1.);
#14056 = DIRECTION('',(0.,-0.524406849454,-0.851467824551));
#14057 = CARTESIAN_POINT('',(1.325E+03,-317.2215933808,598.03751177502)
  );
#14058 = CARTESIAN_POINT('',(1.325E+03,-323.5851518068,587.70514244191)
  );
#14059 = TRIMMED_CURVE('',#14060,(#14064,PARAMETER_VALUE(0.)),(#14065,
    PARAMETER_VALUE(11.633998309548)),.T.,.PARAMETER.);
#14060 = LINE('',#14061,#14062);
#14061 = CARTESIAN_POINT('',(1.325E+03,-323.5851518068,587.70514244191)
  );
#14062 = VECTOR('',#14063,1.);
#14063 = DIRECTION('',(0.,-0.427876727828,-0.903837101354));
#14064 = CARTESIAN_POINT('',(1.325E+03,-323.5851518068,587.70514244191)
  );
#14065 = CARTESIAN_POINT('',(1.325E+03,-328.563068935,577.18990313266));
#14066 = TRIMMED_CURVE('',#14067,(#14071,PARAMETER_VALUE(0.)),(#14072,
    PARAMETER_VALUE(11.235652909727)),.T.,.PARAMETER.);
#14067 = LINE('',#14068,#14069);
#14068 = CARTESIAN_POINT('',(1.325E+03,-328.563068935,577.18990313266));
#14069 = VECTOR('',#14070,1.);
#14070 = DIRECTION('',(0.,-0.317823953253,-0.948149742783));
#14071 = CARTESIAN_POINT('',(1.325E+03,-328.563068935,577.18990313266));
#14072 = CARTESIAN_POINT('',(1.325E+03,-332.1340285602,566.5368217163));
#14073 = TRIMMED_CURVE('',#14074,(#14078,PARAMETER_VALUE(0.)),(#14079,
    PARAMETER_VALUE(10.958035671346)),.T.,.PARAMETER.);
#14074 = LINE('',#14075,#14076);
#14075 = CARTESIAN_POINT('',(1.325E+03,-332.1340285602,566.5368217163));
#14076 = VECTOR('',#14077,1.);
#14077 = DIRECTION('',(0.,-0.196085392414,-0.980586823735));
#14078 = CARTESIAN_POINT('',(1.325E+03,-332.1340285602,566.5368217163));
#14079 = CARTESIAN_POINT('',(1.325E+03,-334.2827392849,555.79151632297)
  );
#14080 = TRIMMED_CURVE('',#14081,(#14085,PARAMETER_VALUE(0.)),(#14086,
    PARAMETER_VALUE(10.815326508358)),.T.,.PARAMETER.);
#14081 = LINE('',#14082,#14083);
#14082 = CARTESIAN_POINT('',(1.325E+03,-334.2827392849,555.79151632297)
  );
#14083 = VECTOR('',#14084,1.);
#14084 = DIRECTION('',(0.,-6.631891459898E-02,-0.997798477432));
#14085 = CARTESIAN_POINT('',(1.325E+03,-334.2827392849,555.79151632297)
  );
#14086 = CARTESIAN_POINT('',(1.325E+03,-335.,545.));
#14087 = ( GEOMETRIC_REPRESENTATION_CONTEXT(3) 
GLOBAL_UNCERTAINTY_ASSIGNED_CONTEXT((#14091)) 
GLOBAL_UNIT_ASSIGNED_CONTEXT((#14088,#14089,#14090)) 
REPRESENTATION_CONTEXT('Context #1',
  '3D Context with UNIT and UNCERTAINTY') );
#14088 = ( LENGTH_UNIT() NAMED_UNIT(*) SI_UNIT(.MILLI.,.METRE.) );
#14089 = ( NAMED_UNIT(*) PLANE_ANGLE_UNIT() SI_UNIT($,.RADIAN.) );
#14090 = ( NAMED_UNIT(*) SI_UNIT($,.STERADIAN.) SOLID_ANGLE_UNIT() );
#14091 = UNCERTAINTY_MEASURE_WITH_UNIT(LENGTH_MEASURE(1.E-07),#14088,
  'distance_accuracy_value','confusion accuracy');
#14092 = CONTEXT_DEPENDENT_SHAPE_REPRESENTATION(#14093,#14095);
#14093 = ( REPRESENTATION_RELATIONSHIP('','',#13749,#10) 
REPRESENTATION_RELATIONSHIP_WITH_TRANSFORMATION(#14094) 
SHAPE_REPRESENTATION_RELATIONSHIP() );
#14094 = ITEM_DEFINED_TRANSFORMATION('','',#11,#175);
#14095 = PRODUCT_DEFINITION_SHAPE('Placement','Placement of an item',
  #14096);
#14096 = NEXT_ASSEMBLY_USAGE_OCCURRENCE('41','FLEXIBLE_RIB_1_0','',#5,
  #13744,$);
#14097 = PRODUCT_RELATED_PRODUCT_CATEGORY('part',$,(#13746));
#14098 = SHAPE_DEFINITION_REPRESENTATION(#14099,#14105);
#14099 = PRODUCT_DEFINITION_SHAPE('','',#14100);
#14100 = PRODUCT_DEFINITION('design','',#14101,#14104);
#14101 = PRODUCT_DEFINITION_FORMATION('','',#14102);
#14102 = PRODUCT('FOOT_QUILT_DRAPED','FOOT_QUILT_DRAPED','',(#14103));
#14103 = PRODUCT_CONTEXT('',#2,'mechanical');
#14104 = PRODUCT_DEFINITION_CONTEXT('part definition',#2,'design');
#14105 = MANIFOLD_SURFACE_SHAPE_REPRESENTATION('',(#11,#14106),#14568);
#14106 = SHELL_BASED_SURFACE_MODEL('',(#14107));
#14107 = OPEN_SHELL('',(#14108));
#14108 = ADVANCED_FACE('',(#14109),#14135,.T.);
#14109 = FACE_BOUND('',#14110,.T.);
#14110 = EDGE_LOOP('',(#14111,#14472,#14507,#14535));
#14111 = ORIENTED_EDGE('',*,*,#14112,.F.);
#14112 = EDGE_CURVE('',#14113,#14115,#14117,.T.);
#14113 = VERTEX_POINT('',#14114);
#14114 = CARTESIAN_POINT('',(1.39E+03,-370.66509,306.40439));
#14115 = VERTEX_POINT('',#14116);
#14116 = CARTESIAN_POINT('',(1.39E+03,370.66509,306.40439));
#14117 = SURFACE_CURVE('',#14118,(#14134),.PCURVE_S1.);
#14118 = B_SPLINE_CURVE_WITH_KNOTS('',3,(#14119,#14120,#14121,#14122,
    #14123,#14124,#14125,#14126,#14127,#14128,#14129,#14130,#14131,
    #14132,#14133),.UNSPECIFIED.,.F.,.F.,(4,1,1,1,1,1,1,1,1,1,1,1,4),(0.
    ,9.113240608841E-02,0.17801834002,0.261858623924,0.342924975794,
    0.422009443398,0.499954129538,0.577969163323,0.656996924091,
    0.738016661537,0.821777766602,0.908760958297,1.),.UNSPECIFIED.);
#14119 = CARTESIAN_POINT('',(1.39E+03,-370.66509,306.40439));
#14120 = CARTESIAN_POINT('',(1.390216831754E+03,-344.7301751407,
    301.0793768047));
#14121 = CARTESIAN_POINT('',(1.38467327348E+03,-311.7246665784,
    271.66179916509));
#14122 = CARTESIAN_POINT('',(1.385104731154E+03,-238.5767205304,
    260.20621929658));
#14123 = CARTESIAN_POINT('',(1.384075611107E+03,-176.4534172355,
    250.79937852167));
#14124 = CARTESIAN_POINT('',(1.385846089271E+03,-107.6378965558,
    263.51463347582));
#14125 = CARTESIAN_POINT('',(1.375289804288E+03,-58.02073095887,
    295.16973486073));
#14126 = CARTESIAN_POINT('',(1.366087846366E+03,-0.243006304042,
    335.85168222893));
#14127 = CARTESIAN_POINT('',(1.374932152875E+03,58.404928995922,
    295.82446697318));
#14128 = CARTESIAN_POINT('',(1.385636317438E+03,107.17481143678,
    263.18603368993));
#14129 = CARTESIAN_POINT('',(1.383738457692E+03,176.66619852378,
    251.1619161986));
#14130 = CARTESIAN_POINT('',(1.38485553914E+03,238.09932213686,
    260.62210300692));
#14131 = CARTESIAN_POINT('',(1.384527316932E+03,312.76708456792,
    271.6108738585));
#14132 = CARTESIAN_POINT('',(1.390055930024E+03,343.42664361046,
    300.82619913189));
#14133 = CARTESIAN_POINT('',(1.39E+03,370.66509,306.40439));
#14134 = PCURVE('',#14135,#14466);
#14135 = B_SPLINE_SURFACE_WITH_KNOTS('',3,3,(
    (#14136,#14137,#14138,#14139,#14140,#14141,#14142,#14143,#14144
      ,#14145,#14146,#14147,#14148,#14149,#14150)
    ,(#14151,#14152,#14153,#14154,#14155,#14156,#14157,#14158,#14159
      ,#14160,#14161,#14162,#14163,#14164,#14165)
    ,(#14166,#14167,#14168,#14169,#14170,#14171,#14172,#14173,#14174
      ,#14175,#14176,#14177,#14178,#14179,#14180)
    ,(#14181,#14182,#14183,#14184,#14185,#14186,#14187,#14188,#14189
      ,#14190,#14191,#14192,#14193,#14194,#14195)
    ,(#14196,#14197,#14198,#14199,#14200,#14201,#14202,#14203,#14204
      ,#14205,#14206,#14207,#14208,#14209,#14210)
    ,(#14211,#14212,#14213,#14214,#14215,#14216,#14217,#14218,#14219
      ,#14220,#14221,#14222,#14223,#14224,#14225)
    ,(#14226,#14227,#14228,#14229,#14230,#14231,#14232,#14233,#14234
      ,#14235,#14236,#14237,#14238,#14239,#14240)
    ,(#14241,#14242,#14243,#14244,#14245,#14246,#14247,#14248,#14249
      ,#14250,#14251,#14252,#14253,#14254,#14255)
    ,(#14256,#14257,#14258,#14259,#14260,#14261,#14262,#14263,#14264
      ,#14265,#14266,#14267,#14268,#14269,#14270)
    ,(#14271,#14272,#14273,#14274,#14275,#14276,#14277,#14278,#14279
      ,#14280,#14281,#14282,#14283,#14284,#14285)
    ,(#14286,#14287,#14288,#14289,#14290,#14291,#14292,#14293,#14294
      ,#14295,#14296,#14297,#14298,#14299,#14300)
    ,(#14301,#14302,#14303,#14304,#14305,#14306,#14307,#14308,#14309
      ,#14310,#14311,#14312,#14313,#14314,#14315)
    ,(#14316,#14317,#14318,#14319,#14320,#14321,#14322,#14323,#14324
      ,#14325,#14326,#14327,#14328,#14329,#14330)
    ,(#14331,#14332,#14333,#14334,#14335,#14336,#14337,#14338,#14339
      ,#14340,#14341,#14342,#14343,#14344,#14345)
    ,(#14346,#14347,#14348,#14349,#14350,#14351,#14352,#14353,#14354
      ,#14355,#14356,#14357,#14358,#14359,#14360)
    ,(#14361,#14362,#14363,#14364,#14365,#14366,#14367,#14368,#14369
      ,#14370,#14371,#14372,#14373,#14374,#14375)
    ,(#14376,#14377,#14378,#14379,#14380,#14381,#14382,#14383,#14384
      ,#14385,#14386,#14387,#14388,#14389,#14390)
    ,(#14391,#14392,#14393,#14394,#14395,#14396,#14397,#14398,#14399
      ,#14400,#14401,#14402,#14403,#14404,#14405)
    ,(#14406,#14407,#14408,#14409,#14410,#14411,#14412,#14413,#14414
      ,#14415,#14416,#14417,#14418,#14419,#14420)
    ,(#14421,#14422,#14423,#14424,#14425,#14426,#14427,#14428,#14429
      ,#14430,#14431,#14432,#14433,#14434,#14435)
    ,(#14436,#14437,#14438,#14439,#14440,#14441,#14442,#14443,#14444
      ,#14445,#14446,#14447,#14448,#14449,#14450)
    ,(#14451,#14452,#14453,#14454,#14455,#14456,#14457,#14458,#14459
      ,#14460,#14461,#14462,#14463,#14464,#14465
  )),.UNSPECIFIED.,.F.,.F.,.F.,(4,1,1,1,1,1,1,1,1,1,1,1,1,1,1,1,1,1,1,4)
  ,(4,1,1,1,1,1,1,1,1,1,1,1,4),(0.,4.797584077753E-02,9.672852487616E-02
    ,0.156347317262,0.219746985503,0.271651168304,0.318901663386,
    0.370288068513,0.42006627992,0.473357603218,0.525240674166,
    0.572307037048,0.620119858501,0.669512325214,0.719895263106,
    0.770512862411,0.822637786332,0.876163354631,0.932175742117,1.),(0.,
    9.113240608841E-02,0.17801834002,0.261858623924,0.342924975794,
    0.422009443398,0.499954129538,0.577969163323,0.656996924091,
    0.738016661537,0.821777766602,0.908760958297,1.),.UNSPECIFIED.);
#14136 = CARTESIAN_POINT('',(1.39E+03,-370.66509,306.40439));
#14137 = CARTESIAN_POINT('',(1.390216831754E+03,-344.7301751407,
    301.0793768047));
#14138 = CARTESIAN_POINT('',(1.38467327348E+03,-311.7246665784,
    271.66179916509));
#14139 = CARTESIAN_POINT('',(1.385104731154E+03,-238.5767205304,
    260.20621929658));
#14140 = CARTESIAN_POINT('',(1.384075611107E+03,-176.4534172355,
    250.79937852167));
#14141 = CARTESIAN_POINT('',(1.385846089271E+03,-107.6378965558,
    263.51463347582));
#14142 = CARTESIAN_POINT('',(1.375289804288E+03,-58.02073095887,
    295.16973486073));
#14143 = CARTESIAN_POINT('',(1.366087846366E+03,-0.243006304042,
    335.85168222893));
#14144 = CARTESIAN_POINT('',(1.374932152875E+03,58.404928995922,
    295.82446697318));
#14145 = CARTESIAN_POINT('',(1.385636317438E+03,107.17481143678,
    263.18603368993));
#14146 = CARTESIAN_POINT('',(1.383738457692E+03,176.66619852378,
    251.1619161986));
#14147 = CARTESIAN_POINT('',(1.38485553914E+03,238.09932213686,
    260.62210300692));
#14148 = CARTESIAN_POINT('',(1.384527316932E+03,312.76708456792,
    271.6108738585));
#14149 = CARTESIAN_POINT('',(1.390055930024E+03,343.42664361046,
    300.82619913189));
#14150 = CARTESIAN_POINT('',(1.39E+03,370.66509,306.40439));
#14151 = CARTESIAN_POINT('',(1.41829457881E+03,-366.2175321502,
    305.2905440669));
#14152 = CARTESIAN_POINT('',(1.522516221213E+03,-217.5464302933,
    -417.6569669849));
#14153 = CARTESIAN_POINT('',(1.333300160088E+03,-419.4586037484,
    807.11586192374));
#14154 = CARTESIAN_POINT('',(1.458512504966E+03,-142.7191000007,
    -31.29396320107));
#14155 = CARTESIAN_POINT('',(1.397391573535E+03,-207.2197038306,
    324.52054888053));
#14156 = CARTESIAN_POINT('',(1.412037257934E+03,-105.0388382964,
    270.56896112737));
#14157 = CARTESIAN_POINT('',(1.405029218763E+03,-56.8561938139,
    296.63742099098));
#14158 = CARTESIAN_POINT('',(1.392958608515E+03,-0.169909767457,
    346.03814180352));
#14159 = CARTESIAN_POINT('',(1.406070840028E+03,54.598034531253,
    292.97905638904));
#14160 = CARTESIAN_POINT('',(1.406770625678E+03,117.64745494278,
    295.28928774138));
#14161 = CARTESIAN_POINT('',(1.452024253732E+03,101.12854197775,
    86.305564431951));
#14162 = CARTESIAN_POINT('',(1.332695992023E+03,377.38235071781,
    605.10056542354));
#14163 = CARTESIAN_POINT('',(1.554629376028E+03,58.706791645391,
    -289.3433252956));
#14164 = CARTESIAN_POINT('',(1.230898009521E+03,680.26801511369,
    980.01022704511));
#14165 = CARTESIAN_POINT('',(1.41829457881E+03,366.21753215025,
    305.2905440669));
#14166 = CARTESIAN_POINT('',(1.422997115045E+03,-369.3923321374,
    303.87761889503));
#14167 = CARTESIAN_POINT('',(1.335774562768E+03,-450.0047074877,
    800.39960071792));
#14168 = CARTESIAN_POINT('',(1.484777576657E+03,-221.4369898079,
    -113.2085377848));
#14169 = CARTESIAN_POINT('',(1.380563406548E+03,-311.1039920495,
    461.55351580206));
#14170 = CARTESIAN_POINT('',(1.434771020479E+03,-146.1782467551,
    198.14015469624));
#14171 = CARTESIAN_POINT('',(1.409322819273E+03,-120.4671020336,
    292.0800439476));
#14172 = CARTESIAN_POINT('',(1.405575437951E+03,-60.80253694339,
    312.32911633768));
#14173 = CARTESIAN_POINT('',(1.399785024708E+03,-0.152029205622,
    336.8016910231));
#14174 = CARTESIAN_POINT('',(1.404523441197E+03,62.020186529159,
    315.00094873567));
#14175 = CARTESIAN_POINT('',(1.412591856459E+03,111.9082849132,
    275.36354141847));
#14176 = CARTESIAN_POINT('',(1.397887308309E+03,216.9467024351,
    357.74899473147));
#14177 = CARTESIAN_POINT('',(1.463331128132E+03,154.29569995214,
    39.843764509619));
#14178 = CARTESIAN_POINT('',(1.338475874869E+03,461.98327704329,
    612.61822309541));
#14179 = CARTESIAN_POINT('',(1.527929442324E+03,141.49188696699,
    -123.7747801916));
#14180 = CARTESIAN_POINT('',(1.422997115045E+03,369.39233213746,
    303.87761889503));
#14181 = CARTESIAN_POINT('',(1.48808505704E+03,-360.603027258,
    301.12405239852));
#14182 = CARTESIAN_POINT('',(1.51885240678E+03,-303.0011608498,
    50.823758566686));
#14183 = CARTESIAN_POINT('',(1.459917072809E+03,-339.9491494377,
    441.54449210372));
#14184 = CARTESIAN_POINT('',(1.498463131304E+03,-200.7418273707,
    156.15728569292));
#14185 = CARTESIAN_POINT('',(1.476027301224E+03,-183.5302094882,
    303.50878323137));
#14186 = CARTESIAN_POINT('',(1.474315392043E+03,-114.9570527849,
    304.06508348744));
#14187 = CARTESIAN_POINT('',(1.467069957643E+03,-62.105668284,
    335.15432812286));
#14188 = CARTESIAN_POINT('',(1.46667588428E+03,0.126419009249,
    343.17934562637));
#14189 = CARTESIAN_POINT('',(1.467607532185E+03,61.099785510648,
    333.74414346872));
#14190 = CARTESIAN_POINT('',(1.472374664001E+03,119.94418834234,
    313.84439161227));
#14191 = CARTESIAN_POINT('',(1.496817540443E+03,141.57060822602,
    210.22544887658));
#14192 = CARTESIAN_POINT('',(1.454055017368E+03,291.27099445837,
    392.26135828984));
#14193 = CARTESIAN_POINT('',(1.535681560316E+03,202.36471555123,
    39.685160596809));
#14194 = CARTESIAN_POINT('',(1.419319671898E+03,479.40819109753,
    559.06848584138));
#14195 = CARTESIAN_POINT('',(1.48808505704E+03,360.60302725807,
    301.12405239852));
#14196 = CARTESIAN_POINT('',(1.516191033895E+03,-358.1932975123,
    299.6735017605));
#14197 = CARTESIAN_POINT('',(1.501318874102E+03,-371.698754275,
    400.82005410432));
#14198 = CARTESIAN_POINT('',(1.525283384695E+03,-273.768842233,
    162.8316913869));
#14199 = CARTESIAN_POINT('',(1.500897898481E+03,-258.0412967466,
    339.63385883441));
#14200 = CARTESIAN_POINT('',(1.512895743289E+03,-160.7848879078,
    265.96708671814));
#14201 = CARTESIAN_POINT('',(1.499379297417E+03,-119.0344895757,
    320.6339328968));
#14202 = CARTESIAN_POINT('',(1.494481422544E+03,-61.2202827232,
    343.96857647441));
#14203 = CARTESIAN_POINT('',(1.493467866839E+03,-0.139245192108,
    351.99504169637));
#14204 = CARTESIAN_POINT('',(1.494594928136E+03,61.600277157848,
    345.03142580715));
#14205 = CARTESIAN_POINT('',(1.500142057533E+03,115.85440040788,
    314.5959331088));
#14206 = CARTESIAN_POINT('',(1.501746460852E+03,186.54212149834,
    323.96633980551));
#14207 = CARTESIAN_POINT('',(1.51436115336E+03,209.24161132981,
    223.50136646623));
#14208 = CARTESIAN_POINT('',(1.507597035812E+03,337.16235542778,
    322.11672992614));
#14209 = CARTESIAN_POINT('',(1.5228686647E+03,290.77411445923,
    219.26453922763));
#14210 = CARTESIAN_POINT('',(1.516191033895E+03,358.19329751231,
    299.6735017605));
#14211 = CARTESIAN_POINT('',(1.557325171161E+03,-351.8858788247,
    298.2929129616));
#14212 = CARTESIAN_POINT('',(1.545224191493E+03,-360.061445857,
    324.87381041659));
#14213 = CARTESIAN_POINT('',(1.562946962023E+03,-277.3200654666,
    238.54491623812));
#14214 = CARTESIAN_POINT('',(1.547983033949E+03,-226.309438802,
    268.84862051192));
#14215 = CARTESIAN_POINT('',(1.54697686098E+03,-171.0570956035,
    302.65777761005));
#14216 = CARTESIAN_POINT('',(1.54046361475E+03,-115.571020206,
    329.09708378439));
#14217 = CARTESIAN_POINT('',(1.535667349593E+03,-60.16828837706,
    352.81035998903));
#14218 = CARTESIAN_POINT('',(1.534630504238E+03,5.091641871269E-03,
    359.86251217855));
#14219 = CARTESIAN_POINT('',(1.535723114097E+03,59.797810871632,
    352.63448317618));
#14220 = CARTESIAN_POINT('',(1.540460442133E+03,116.20912255342,
    330.67165543986));
#14221 = CARTESIAN_POINT('',(1.547954408214E+03,164.24443411879,
    288.78507803663));
#14222 = CARTESIAN_POINT('',(1.548292556134E+03,234.69393326484,
    284.91641457381));
#14223 = CARTESIAN_POINT('',(1.559862250501E+03,276.76421304387,
    244.11715815744));
#14224 = CARTESIAN_POINT('',(1.549843584386E+03,357.17850090631,
    299.7424939354));
#14225 = CARTESIAN_POINT('',(1.557325171161E+03,351.88587882479,
    298.2929129616));
#14226 = CARTESIAN_POINT('',(1.599926898353E+03,-345.6429364548,
    296.8912300432));
#14227 = CARTESIAN_POINT('',(1.60216926145E+03,-302.1002242912,
    225.56536584079));
#14228 = CARTESIAN_POINT('',(1.595749166635E+03,-303.558495175,
    301.6835093575));
#14229 = CARTESIAN_POINT('',(1.592588268465E+03,-215.9218159981,
    270.57515615303));
#14230 = CARTESIAN_POINT('',(1.589519454493E+03,-163.0512954726,
    301.94781869521));
#14231 = CARTESIAN_POINT('',(1.582442009968E+03,-115.1286281611,
    340.97889560618));
#14232 = CARTESIAN_POINT('',(1.578717007514E+03,-58.92397838552,
    361.20529174998));
#14233 = CARTESIAN_POINT('',(1.577641041172E+03,-5.508564875447E-02,
    367.97405521317));
#14234 = CARTESIAN_POINT('',(1.578776850119E+03,58.687864887038,
    361.2823275331));
#14235 = CARTESIAN_POINT('',(1.582237852595E+03,115.10058161991,
    340.88955336458));
#14236 = CARTESIAN_POINT('',(1.589361179788E+03,163.05870974243,
    302.90134083371));
#14237 = CARTESIAN_POINT('',(1.592504085728E+03,217.07870883548,
    273.56275817823));
#14238 = CARTESIAN_POINT('',(1.598509469856E+03,289.87896471325,
    268.15503841111));
#14239 = CARTESIAN_POINT('',(1.598121384111E+03,322.14598039773,
    285.09387842625));
#14240 = CARTESIAN_POINT('',(1.599926898353E+03,345.64293645487,
    296.8912300432));
#14241 = CARTESIAN_POINT('',(1.652601418466E+03,-335.9355555086,
    295.65437665123));
#14242 = CARTESIAN_POINT('',(1.646056917313E+03,-349.934444335,
    360.4018688256));
#14243 = CARTESIAN_POINT('',(1.65347739018E+03,-253.360704857,
    219.23727655684));
#14244 = CARTESIAN_POINT('',(1.644843261427E+03,-216.163036493,
    291.04199950921));
#14245 = CARTESIAN_POINT('',(1.640648246328E+03,-160.9248673444,
    314.53930725106));
#14246 = CARTESIAN_POINT('',(1.635532305806E+03,-112.3359858592,
    349.62774227468));
#14247 = CARTESIAN_POINT('',(1.632665233051E+03,-57.31042384947,
    368.23465123683));
#14248 = CARTESIAN_POINT('',(1.631719999423E+03,-0.118259272368,
    374.36923257331));
#14249 = CARTESIAN_POINT('',(1.632623642169E+03,56.904548091247,
    368.3153345907));
#14250 = CARTESIAN_POINT('',(1.635302334227E+03,112.15385904136,
    349.7036141802));
#14251 = CARTESIAN_POINT('',(1.640724437748E+03,160.29142897479,
    314.96672732427));
#14252 = CARTESIAN_POINT('',(1.644674284201E+03,216.37797525228,
    289.73295558308));
#14253 = CARTESIAN_POINT('',(1.651734764342E+03,266.88973574717,
    258.46672189558));
#14254 = CARTESIAN_POINT('',(1.649407779493E+03,329.32281111874,
    289.54208713342));
#14255 = CARTESIAN_POINT('',(1.652601418466E+03,335.93555550864,
    295.65437665123));
#14256 = CARTESIAN_POINT('',(1.687025304178E+03,-329.1192795267,
    294.95951261757));
#14257 = CARTESIAN_POINT('',(1.685663615774E+03,-288.2712389341,
    214.97314519652));
#14258 = CARTESIAN_POINT('',(1.684905864747E+03,-283.7466818938,
    307.20723539168));
#14259 = CARTESIAN_POINT('',(1.678071329647E+03,-208.1688639449,
    288.22283699991));
#14260 = CARTESIAN_POINT('',(1.674606032244E+03,-158.6127774461,
    322.24422535981));
#14261 = CARTESIAN_POINT('',(1.67053818328E+03,-110.1701958388,
    354.38967602837));
#14262 = CARTESIAN_POINT('',(1.668110278401E+03,-56.13298620377,
    371.95348207037));
#14263 = CARTESIAN_POINT('',(1.667253376614E+03,-0.166617470139,
    377.74638100137));
#14264 = CARTESIAN_POINT('',(1.667979205752E+03,55.696881115863,
    372.05748784106));
#14265 = CARTESIAN_POINT('',(1.670301369476E+03,109.8773879319,
    354.34352372508));
#14266 = CARTESIAN_POINT('',(1.674348948267E+03,159.4945285673,
    323.69852975796));
#14267 = CARTESIAN_POINT('',(1.681812540134E+03,191.77171033439,
    266.63399939139));
#14268 = CARTESIAN_POINT('',(1.679506079646E+03,295.42953213332,
    309.30156872857));
#14269 = CARTESIAN_POINT('',(1.692860060577E+03,274.23156186241,
    238.92378112361));
#14270 = CARTESIAN_POINT('',(1.687025304178E+03,329.1192795267,
    294.95951261757));
#14271 = CARTESIAN_POINT('',(1.736066959158E+03,-318.0787849314,
    294.19944522384));
#14272 = CARTESIAN_POINT('',(1.739650412003E+03,-285.383280881,
    254.82956874698));
#14273 = CARTESIAN_POINT('',(1.729719898631E+03,-272.0829806854,
    291.99865347316));
#14274 = CARTESIAN_POINT('',(1.727233261863E+03,-191.3349962816,
    281.17206870337));
#14275 = CARTESIAN_POINT('',(1.723764130866E+03,-155.8777633377,
    330.30271016746));
#14276 = CARTESIAN_POINT('',(1.72072580399E+03,-106.8836709941,
    358.92230227188));
#14277 = CARTESIAN_POINT('',(1.718771598624E+03,-54.45907187692,
    375.36162169624));
#14278 = CARTESIAN_POINT('',(1.718024685662E+03,-0.3368841482,
    380.64932726326));
#14279 = CARTESIAN_POINT('',(1.718556586859E+03,53.567277751044,
    375.49127606832));
#14280 = CARTESIAN_POINT('',(1.720349892246E+03,106.31572988819,
    359.4104626821));
#14281 = CARTESIAN_POINT('',(1.723509457764E+03,153.88406385842,
    329.10702387998));
#14282 = CARTESIAN_POINT('',(1.726800000592E+03,210.47794479468,
    310.44608965559));
#14283 = CARTESIAN_POINT('',(1.735988765292E+03,228.3117684104,
    224.99343498763));
#14284 = CARTESIAN_POINT('',(1.729591811483E+03,339.81179302317,
    346.32870490678));
#14285 = CARTESIAN_POINT('',(1.736066959158E+03,318.07878493145,
    294.19944522384));
#14286 = CARTESIAN_POINT('',(1.775265762763E+03,-308.1972358781,
    293.73646943227));
#14287 = CARTESIAN_POINT('',(1.775695846367E+03,-291.4082380829,
    292.27023173314));
#14288 = CARTESIAN_POINT('',(1.769643068034E+03,-247.4764705931,
    268.46089751764));
#14289 = CARTESIAN_POINT('',(1.766099693957E+03,-191.0770854765,
    292.66394022097));
#14290 = CARTESIAN_POINT('',(1.76332906775E+03,-151.8368689658,
    334.07761644742));
#14291 = CARTESIAN_POINT('',(1.760905059612E+03,-103.9395849701,
    361.33819251399));
#14292 = CARTESIAN_POINT('',(1.759249776248E+03,-52.88727589266,
    376.55903461278));
#14293 = CARTESIAN_POINT('',(1.758582680583E+03,-0.487149579823,
    381.69893428279));
#14294 = CARTESIAN_POINT('',(1.758988584354E+03,51.719279977308,
    376.76348679543));
#14295 = CARTESIAN_POINT('',(1.760465282282E+03,102.79282881448,
    361.76375916674));
#14296 = CARTESIAN_POINT('',(1.763054040006E+03,150.6785628507,
    335.54376349305));
#14297 = CARTESIAN_POINT('',(1.765435514714E+03,184.70529925155,
    286.21839078373));
#14298 = CARTESIAN_POINT('',(1.774429912434E+03,280.59116821289,
    330.86483331116));
#14299 = CARTESIAN_POINT('',(1.770199099075E+03,245.70613567581,
    193.74607778571));
#14300 = CARTESIAN_POINT('',(1.775265762763E+03,308.19723587811,
    293.73646943227));
#14301 = CARTESIAN_POINT('',(1.816320444797E+03,-296.8604855996,
    293.35434947913));
#14302 = CARTESIAN_POINT('',(1.817095398666E+03,-290.7213734658,
    300.52298361731));
#14303 = CARTESIAN_POINT('',(1.809934186942E+03,-230.1549623126,
    262.94793828432));
#14304 = CARTESIAN_POINT('',(1.807266704626E+03,-186.0384103829,
    298.06877366228));
#14305 = CARTESIAN_POINT('',(1.804988346876E+03,-147.0802301317,
    337.58985112362));
#14306 = CARTESIAN_POINT('',(1.802966328882E+03,-100.2501789141,
    362.52827296069));
#14307 = CARTESIAN_POINT('',(1.801577788596E+03,-51.01685445902,
    377.17039162901));
#14308 = CARTESIAN_POINT('',(1.800975319753E+03,-0.566105149337,
    381.47478320257));
#14309 = CARTESIAN_POINT('',(1.801281318125E+03,49.722920886511,
    377.43806198906));
#14310 = CARTESIAN_POINT('',(1.802469960233E+03,99.091352196939,
    362.9682668014));
#14311 = CARTESIAN_POINT('',(1.804447922419E+03,145.85131729189,
    338.27249414261));
#14312 = CARTESIAN_POINT('',(1.80697133721E+03,187.03336754556,
    301.02197605844));
#14313 = CARTESIAN_POINT('',(1.80742973359E+03,222.25085049865,
    251.05604228748));
#14314 = CARTESIAN_POINT('',(1.821160675984E+03,303.71392265877,
    326.11586811045));
#14315 = CARTESIAN_POINT('',(1.816320444797E+03,296.8604855996,
    293.35434947913));
#14316 = CARTESIAN_POINT('',(1.862647034126E+03,-282.5260273997,
    293.04365624332));
#14317 = CARTESIAN_POINT('',(1.863174930433E+03,-282.3711923045,
    305.43979628089));
#14318 = CARTESIAN_POINT('',(1.855898902832E+03,-212.9672582948,
    257.5307646789));
#14319 = CARTESIAN_POINT('',(1.853947379528E+03,-179.7120872403,
    305.20419966402));
#14320 = CARTESIAN_POINT('',(1.851981574777E+03,-140.1564718613,
    339.22299377519));
#14321 = CARTESIAN_POINT('',(1.85033723292E+03,-95.27666692922,
    363.21987190905));
#14322 = CARTESIAN_POINT('',(1.849078535759E+03,-48.23633083049,
    374.78635072581));
#14323 = CARTESIAN_POINT('',(1.848543718659E+03,-0.61156574871,
    380.44449870267));
#14324 = CARTESIAN_POINT('',(1.848704966129E+03,46.789281415848,
    374.90782499923));
#14325 = CARTESIAN_POINT('',(1.849735452845E+03,94.104943744522,
    363.95875464265));
#14326 = CARTESIAN_POINT('',(1.851320084968E+03,138.85010453879,
    339.78224126653));
#14327 = CARTESIAN_POINT('',(1.853312233153E+03,178.1136557201,
    305.80204047255));
#14328 = CARTESIAN_POINT('',(1.856140342841E+03,218.29714732864,
    268.41627441307));
#14329 = CARTESIAN_POINT('',(1.861831641821E+03,272.87303744385,
    289.80420068961));
#14330 = CARTESIAN_POINT('',(1.862647034126E+03,282.52602739979,
    293.04365624332));
#14331 = CARTESIAN_POINT('',(1.905427472175E+03,-267.6321241859,
    292.84691950216));
#14332 = CARTESIAN_POINT('',(1.906597372373E+03,-268.5487464466,
    292.16751700618));
#14333 = CARTESIAN_POINT('',(1.89799711232E+03,-199.8399088756,
    267.01961216826));
#14334 = CARTESIAN_POINT('',(1.896938018195E+03,-170.5062433036,
    304.85362878928));
#14335 = CARTESIAN_POINT('',(1.89544382036E+03,-133.103356147,
    343.90580815865));
#14336 = CARTESIAN_POINT('',(1.893905176961E+03,-89.42473478953,
    358.73290763926));
#14337 = CARTESIAN_POINT('',(1.892892005804E+03,-45.80438827572,
    378.95115499697));
#14338 = CARTESIAN_POINT('',(1.892378115774E+03,-0.85373743691,
    374.14124120762));
#14339 = CARTESIAN_POINT('',(1.892559952304E+03,44.697209944137,
    379.87013274531));
#14340 = CARTESIAN_POINT('',(1.893237341539E+03,87.55089772134,
    357.86635000363));
#14341 = CARTESIAN_POINT('',(1.894615342761E+03,132.33769551159,
    346.23923114199));
#14342 = CARTESIAN_POINT('',(1.896350346029E+03,169.08552817213,
    304.31607856905));
#14343 = CARTESIAN_POINT('',(1.897007604142E+03,199.35229600231,
    269.69631245897));
#14344 = CARTESIAN_POINT('',(1.907153206348E+03,268.83009613813,
    295.40041850847));
#14345 = CARTESIAN_POINT('',(1.905427472175E+03,267.63212418596,
    292.84691950216));
#14346 = CARTESIAN_POINT('',(1.948313240806E+03,-250.9624668872,
    292.71086001056));
#14347 = CARTESIAN_POINT('',(1.949079465923E+03,-265.3014009461,
    289.11816647391));
#14348 = CARTESIAN_POINT('',(1.940329447396E+03,-174.0891829802,
    267.73851220893));
#14349 = CARTESIAN_POINT('',(1.940474485221E+03,-168.2565645098,
    313.9243722102));
#14350 = CARTESIAN_POINT('',(1.938664612938E+03,-122.9498906735,
    349.3232453933));
#14351 = CARTESIAN_POINT('',(1.936425466131E+03,-80.70773874041,
    349.80294520573));
#14352 = CARTESIAN_POINT('',(1.937053923777E+03,-42.96284153755,
    383.89131274352));
#14353 = CARTESIAN_POINT('',(1.935292086864E+03,-1.226484536654,
    365.58040151432));
#14354 = CARTESIAN_POINT('',(1.936683053019E+03,41.272451342265,
    383.04198292205));
#14355 = CARTESIAN_POINT('',(1.935714867277E+03,78.613301413791,
    350.67278016007));
#14356 = CARTESIAN_POINT('',(1.93888638895E+03,126.62105807202,
    358.10592353274));
#14357 = CARTESIAN_POINT('',(1.937532083445E+03,151.88206441427,
    293.74070602975));
#14358 = CARTESIAN_POINT('',(1.943614698874E+03,203.25084382813,
    310.1062727019));
#14359 = CARTESIAN_POINT('',(1.943714224037E+03,224.90127009128,
    234.38469601596));
#14360 = CARTESIAN_POINT('',(1.948313240806E+03,250.96246688728,
    292.71086001056));
#14361 = CARTESIAN_POINT('',(1.990363972452E+03,-232.4441729402,
    292.62906056612));
#14362 = CARTESIAN_POINT('',(1.99104119667E+03,-218.945252676,
    271.48221217518));
#14363 = CARTESIAN_POINT('',(1.984761366789E+03,-185.1351078319,
    287.25599264757));
#14364 = CARTESIAN_POINT('',(1.983561219978E+03,-147.7893306693,
    303.41866813288));
#14365 = CARTESIAN_POINT('',(1.98430366074E+03,-117.4375759946,
    339.23597744041));
#14366 = CARTESIAN_POINT('',(1.981880202319E+03,-79.04640545063,
    352.12391635758));
#14367 = CARTESIAN_POINT('',(1.983163760492E+03,-39.84713690879,
    365.91851322264));
#14368 = CARTESIAN_POINT('',(1.981002248347E+03,-0.872417855944,
    365.55496106579));
#14369 = CARTESIAN_POINT('',(1.982739469179E+03,39.449665714462,
    365.53529756744));
#14370 = CARTESIAN_POINT('',(1.981541887893E+03,77.628928716143,
    354.05055281423));
#14371 = CARTESIAN_POINT('',(1.98277298861E+03,113.371742497,
    330.68892416095));
#14372 = CARTESIAN_POINT('',(1.985117621845E+03,159.16312953508,
    327.69135153959));
#14373 = CARTESIAN_POINT('',(1.980871503477E+03,160.86716037132,
    244.12240099199));
#14374 = CARTESIAN_POINT('',(1.995289298859E+03,250.92290014668,
    335.26052985736));
#14375 = CARTESIAN_POINT('',(1.990363972452E+03,232.44417294029,
    292.62906056612));
#14376 = CARTESIAN_POINT('',(2.034180905499E+03,-210.525944251,
    292.57650239759));
#14377 = CARTESIAN_POINT('',(2.035151993263E+03,-210.7628549456,
    303.95104668785));
#14378 = CARTESIAN_POINT('',(2.028763851221E+03,-158.0703833198,
    266.87322103485));
#14379 = CARTESIAN_POINT('',(2.030543268421E+03,-141.1254570661,
    317.84584333889));
#14380 = CARTESIAN_POINT('',(2.029356234609E+03,-104.8849671988,
    329.7191922309));
#14381 = CARTESIAN_POINT('',(2.030881399394E+03,-71.08734893967,
    348.08871791781));
#14382 = CARTESIAN_POINT('',(2.028671953322E+03,-36.05889236076,
    353.12008779377));
#14383 = CARTESIAN_POINT('',(2.030317600918E+03,-0.211656354035,
    358.75098306239));
#14384 = CARTESIAN_POINT('',(2.028589111776E+03,34.496971085389,
    353.73449387211));
#14385 = CARTESIAN_POINT('',(2.03013399862E+03,70.304478951267,
    347.04696402476));
#14386 = CARTESIAN_POINT('',(2.029852024801E+03,107.25476586063,
    340.34017593111));
#14387 = CARTESIAN_POINT('',(2.027379033316E+03,126.77636142629,
    293.60917966115));
#14388 = CARTESIAN_POINT('',(2.032311835006E+03,183.54137792731,
    316.11573371043));
#14389 = CARTESIAN_POINT('',(2.029846387445E+03,175.57500882092,
    240.38304638837));
#14390 = CARTESIAN_POINT('',(2.034180905499E+03,210.52594425109,
    292.57650239759));
#14391 = CARTESIAN_POINT('',(2.07756230504E+03,-184.9455649377,
    292.55487408371));
#14392 = CARTESIAN_POINT('',(2.07961861952E+03,-169.9811380388,
    272.87128440328));
#14393 = CARTESIAN_POINT('',(2.073819872273E+03,-154.3774431949,
    299.3205624927));
#14394 = CARTESIAN_POINT('',(2.074859646807E+03,-117.6977839392,
    296.69676267915));
#14395 = CARTESIAN_POINT('',(2.077406584922E+03,-95.85207492513,
    328.38566565442));
#14396 = CARTESIAN_POINT('',(2.075266153659E+03,-64.67107620708,
    335.65562212915));
#14397 = CARTESIAN_POINT('',(2.078006487377E+03,-32.73823225938,
    347.49677630489));
#14398 = CARTESIAN_POINT('',(2.075373735975E+03,-0.73831910193,
    346.07003400069));
#14399 = CARTESIAN_POINT('',(2.077581513883E+03,32.588426382634,
    347.12082817967));
#14400 = CARTESIAN_POINT('',(2.075171211166E+03,63.566206401217,
    338.08393294124));
#14401 = CARTESIAN_POINT('',(2.075203816503E+03,90.156141028459,
    315.12681860828));
#14402 = CARTESIAN_POINT('',(2.077682728364E+03,135.63039498385,
    333.00198958347));
#14403 = CARTESIAN_POINT('',(2.067912174989E+03,117.31697424751,
    232.52882670254));
#14404 = CARTESIAN_POINT('',(2.086616102177E+03,219.10768711624,
    369.09676088483));
#14405 = CARTESIAN_POINT('',(2.07756230504E+03,184.94556493776,
    292.55487408371));
#14406 = CARTESIAN_POINT('',(2.118750411754E+03,-155.9951713115,
    292.54086887635));
#14407 = CARTESIAN_POINT('',(2.107502135639E+03,-134.6003762022,
    274.96394049438));
#14408 = CARTESIAN_POINT('',(2.124064033626E+03,-132.966069043,
    290.58565332569));
#14409 = CARTESIAN_POINT('',(2.118872997015E+03,-110.0635707555,
    322.00575626608));
#14410 = CARTESIAN_POINT('',(2.117074343375E+03,-75.94023963644,
    312.01622516148));
#14411 = CARTESIAN_POINT('',(2.121693543343E+03,-51.71690662389,
    330.09115095164));
#14412 = CARTESIAN_POINT('',(2.117221995125E+03,-26.4009182638,
    327.36653342176));
#14413 = CARTESIAN_POINT('',(2.12179416203E+03,0.207701432066,
    335.92485430204));
#14414 = CARTESIAN_POINT('',(2.117394478358E+03,24.153424861638,
    328.53067429746));
#14415 = CARTESIAN_POINT('',(2.120637555196E+03,51.270709795342,
    326.93371356765));
#14416 = CARTESIAN_POINT('',(2.119035677923E+03,83.262480605844,
    337.08042382603));
#14417 = CARTESIAN_POINT('',(2.111874788128E+03,76.928922305963,
    262.36233903857));
#14418 = CARTESIAN_POINT('',(2.135099943932E+03,201.23364869793,
    421.43918331208));
#14419 = CARTESIAN_POINT('',(2.092886578278E+03,43.154095658571,
    107.20264121318));
#14420 = CARTESIAN_POINT('',(2.118750411754E+03,155.99517131153,
    292.54086887635));
#14421 = CARTESIAN_POINT('',(2.169858518277E+03,-110.9822275619,
    292.54723591392));
#14422 = CARTESIAN_POINT('',(2.209093131166E+03,-155.6432997384,
    357.64326306011));
#14423 = CARTESIAN_POINT('',(2.147222852064E+03,-67.21305248667,
    268.13392756416));
#14424 = CARTESIAN_POINT('',(2.169628759835E+03,-56.98250681625,
    252.37200478466));
#14425 = CARTESIAN_POINT('',(2.177082973491E+03,-64.32162809593,
    317.81863309937));
#14426 = CARTESIAN_POINT('',(2.167121179936E+03,-42.6989067768,
    301.7673681817));
#14427 = CARTESIAN_POINT('',(2.17924879823E+03,-21.37990764139,
    325.38712817624));
#14428 = CARTESIAN_POINT('',(2.168222536981E+03,-1.748461807517,
    309.86356275952));
#14429 = CARTESIAN_POINT('',(2.178195005131E+03,24.147943022063,
    323.08632451094));
#14430 = CARTESIAN_POINT('',(2.168165092417E+03,41.175061913769,
    310.94628258329));
#14431 = CARTESIAN_POINT('',(2.169521765728E+03,43.596419145168,
    257.97062767849));
#14432 = CARTESIAN_POINT('',(2.18341579887E+03,137.03493418455,
    402.66616297902));
#14433 = CARTESIAN_POINT('',(2.116901261173E+03,-101.5341895574,
    -50.68807089879));
#14434 = CARTESIAN_POINT('',(2.243093810941E+03,375.10752228796,
    764.59530442658));
#14435 = CARTESIAN_POINT('',(2.169858518277E+03,110.98222756193,
    292.54723591392));
#14436 = CARTESIAN_POINT('',(2.187245607815E+03,-79.80780939657,
    292.52952552038));
#14437 = CARTESIAN_POINT('',(2.116316793345E+03,17.733004440544,
    182.5872441775));
#14438 = CARTESIAN_POINT('',(2.23889625802E+03,-124.5367723969,
    378.09362914461));
#14439 = CARTESIAN_POINT('',(2.195107753789E+03,-91.18815924012,
    403.49392756996));
#14440 = CARTESIAN_POINT('',(2.183563303169E+03,-28.67925605463,
    293.54622457895));
#14441 = CARTESIAN_POINT('',(2.200045313471E+03,-18.43785475455,
    322.00270929121));
#14442 = CARTESIAN_POINT('',(2.17540531356E+03,-9.563547416994,
    278.24654079072));
#14443 = CARTESIAN_POINT('',(2.197108850735E+03,2.709327262355,
    311.28884089526));
#14444 = CARTESIAN_POINT('',(2.177285360837E+03,3.148340347426,
    283.483188275));
#14445 = CARTESIAN_POINT('',(2.195259506737E+03,19.762321550161,
    301.70827292996));
#14446 = CARTESIAN_POINT('',(2.196180432491E+03,66.290522566533,
    404.71232504131));
#14447 = CARTESIAN_POINT('',(2.166876336561E+03,-59.56151892768,
    118.8081780363));
#14448 = CARTESIAN_POINT('',(2.294781643053E+03,438.82989543319,
    974.02953366625));
#14449 = CARTESIAN_POINT('',(2.048255085626E+03,-430.1395573244,
    -586.3487234704));
#14450 = CARTESIAN_POINT('',(2.187245607815E+03,79.807809396575,
    292.52952552038));
#14451 = CARTESIAN_POINT('',(2.205E+03,-47.39074,292.54117));
#14452 = CARTESIAN_POINT('',(2.205E+03,-44.86472906671,292.54117));
#14453 = CARTESIAN_POINT('',(2.205E+03,-39.68907587941,292.54116999999)
  );
#14454 = CARTESIAN_POINT('',(2.205E+03,-31.75393352358,292.54117));
#14455 = CARTESIAN_POINT('',(2.205E+03,-23.86420721456,292.54116999999)
  );
#14456 = CARTESIAN_POINT('',(2.205E+03,-15.9079746616,292.54117));
#14457 = CARTESIAN_POINT('',(2.205E+03,-7.966062411358,292.54117));
#14458 = CARTESIAN_POINT('',(2.205E+03,6.531765490167E-03,292.54117));
#14459 = CARTESIAN_POINT('',(2.205E+03,7.952194870532,292.54117));
#14460 = CARTESIAN_POINT('',(2.205E+03,15.916143399972,292.54117));
#14461 = CARTESIAN_POINT('',(2.205E+03,23.854282358723,292.54117));
#14462 = CARTESIAN_POINT('',(2.205E+03,31.76969122813,292.54116999999));
#14463 = CARTESIAN_POINT('',(2.205E+03,39.689435359943,292.54117));
#14464 = CARTESIAN_POINT('',(2.205E+03,44.858615554884,292.54116999999)
  );
#14465 = CARTESIAN_POINT('',(2.205E+03,47.39074,292.54117));
#14466 = DEFINITIONAL_REPRESENTATION('',(#14467),#14471);
#14467 = LINE('',#14468,#14469);
#14468 = CARTESIAN_POINT('',(0.,0.));
#14469 = VECTOR('',#14470,1.);
#14470 = DIRECTION('',(0.,1.));
#14471 = ( GEOMETRIC_REPRESENTATION_CONTEXT(2) 
PARAMETRIC_REPRESENTATION_CONTEXT() REPRESENTATION_CONTEXT('2D SPACE',''
  ) );
#14472 = ORIENTED_EDGE('',*,*,#14473,.T.);
#14473 = EDGE_CURVE('',#14113,#14474,#14476,.T.);
#14474 = VERTEX_POINT('',#14475);
#14475 = CARTESIAN_POINT('',(2.205E+03,-47.39074,292.54117));
#14476 = SURFACE_CURVE('',#14477,(#14500),.PCURVE_S1.);
#14477 = B_SPLINE_CURVE_WITH_KNOTS('',3,(#14478,#14479,#14480,#14481,
    #14482,#14483,#14484,#14485,#14486,#14487,#14488,#14489,#14490,
    #14491,#14492,#14493,#14494,#14495,#14496,#14497,#14498,#14499),
  .UNSPECIFIED.,.F.,.F.,(4,1,1,1,1,1,1,1,1,1,1,1,1,1,1,1,1,1,1,4),(0.,
    4.797584077753E-02,9.672852487616E-02,0.156347317262,0.219746985503,
    0.271651168304,0.318901663386,0.370288068513,0.42006627992,
    0.473357603218,0.525240674166,0.572307037048,0.620119858501,
    0.669512325214,0.719895263106,0.770512862411,0.822637786332,
    0.876163354631,0.932175742117,1.),.UNSPECIFIED.);
#14478 = CARTESIAN_POINT('',(1.39E+03,-370.66509,306.40439));
#14479 = CARTESIAN_POINT('',(1.41829457881E+03,-366.2175321502,
    305.2905440669));
#14480 = CARTESIAN_POINT('',(1.422997115045E+03,-369.3923321374,
    303.87761889503));
#14481 = CARTESIAN_POINT('',(1.48808505704E+03,-360.603027258,
    301.12405239852));
#14482 = CARTESIAN_POINT('',(1.516191033895E+03,-358.1932975123,
    299.6735017605));
#14483 = CARTESIAN_POINT('',(1.557325171161E+03,-351.8858788247,
    298.2929129616));
#14484 = CARTESIAN_POINT('',(1.599926898353E+03,-345.6429364548,
    296.8912300432));
#14485 = CARTESIAN_POINT('',(1.652601418466E+03,-335.9355555086,
    295.65437665123));
#14486 = CARTESIAN_POINT('',(1.687025304178E+03,-329.1192795267,
    294.95951261757));
#14487 = CARTESIAN_POINT('',(1.736066959158E+03,-318.0787849314,
    294.19944522384));
#14488 = CARTESIAN_POINT('',(1.775265762763E+03,-308.1972358781,
    293.73646943227));
#14489 = CARTESIAN_POINT('',(1.816320444797E+03,-296.8604855996,
    293.35434947913));
#14490 = CARTESIAN_POINT('',(1.862647034126E+03,-282.5260273997,
    293.04365624332));
#14491 = CARTESIAN_POINT('',(1.905427472175E+03,-267.6321241859,
    292.84691950216));
#14492 = CARTESIAN_POINT('',(1.948313240806E+03,-250.9624668872,
    292.71086001056));
#14493 = CARTESIAN_POINT('',(1.990363972452E+03,-232.4441729402,
    292.62906056612));
#14494 = CARTESIAN_POINT('',(2.034180905499E+03,-210.525944251,
    292.57650239759));
#14495 = CARTESIAN_POINT('',(2.07756230504E+03,-184.9455649377,
    292.55487408371));
#14496 = CARTESIAN_POINT('',(2.118750411754E+03,-155.9951713115,
    292.54086887635));
#14497 = CARTESIAN_POINT('',(2.169858518277E+03,-110.9822275619,
    292.54723591392));
#14498 = CARTESIAN_POINT('',(2.187245607815E+03,-79.80780939657,
    292.52952552038));
#14499 = CARTESIAN_POINT('',(2.205E+03,-47.39074,292.54117));
#14500 = PCURVE('',#14135,#14501);
#14501 = DEFINITIONAL_REPRESENTATION('',(#14502),#14506);
#14502 = LINE('',#14503,#14504);
#14503 = CARTESIAN_POINT('',(0.,0.));
#14504 = VECTOR('',#14505,1.);
#14505 = DIRECTION('',(1.,0.));
#14506 = ( GEOMETRIC_REPRESENTATION_CONTEXT(2) 
PARAMETRIC_REPRESENTATION_CONTEXT() REPRESENTATION_CONTEXT('2D SPACE',''
  ) );
#14507 = ORIENTED_EDGE('',*,*,#14508,.T.);
#14508 = EDGE_CURVE('',#14474,#14509,#14511,.T.);
#14509 = VERTEX_POINT('',#14510);
#14510 = CARTESIAN_POINT('',(2.205E+03,47.39074,292.54117));
#14511 = SURFACE_CURVE('',#14512,(#14528),.PCURVE_S1.);
#14512 = B_SPLINE_CURVE_WITH_KNOTS('',3,(#14513,#14514,#14515,#14516,
    #14517,#14518,#14519,#14520,#14521,#14522,#14523,#14524,#14525,
    #14526,#14527),.UNSPECIFIED.,.F.,.F.,(4,1,1,1,1,1,1,1,1,1,1,1,4),(0.
    ,9.113240608841E-02,0.17801834002,0.261858623924,0.342924975794,
    0.422009443398,0.499954129538,0.577969163323,0.656996924091,
    0.738016661537,0.821777766602,0.908760958297,1.),.UNSPECIFIED.);
#14513 = CARTESIAN_POINT('',(2.205E+03,-47.39074,292.54117));
#14514 = CARTESIAN_POINT('',(2.205E+03,-44.86472906671,292.54117));
#14515 = CARTESIAN_POINT('',(2.205E+03,-39.68907587941,292.54116999999)
  );
#14516 = CARTESIAN_POINT('',(2.205E+03,-31.75393352358,292.54117));
#14517 = CARTESIAN_POINT('',(2.205E+03,-23.86420721456,292.54116999999)
  );
#14518 = CARTESIAN_POINT('',(2.205E+03,-15.9079746616,292.54117));
#14519 = CARTESIAN_POINT('',(2.205E+03,-7.966062411358,292.54117));
#14520 = CARTESIAN_POINT('',(2.205E+03,6.531765490167E-03,292.54117));
#14521 = CARTESIAN_POINT('',(2.205E+03,7.952194870532,292.54117));
#14522 = CARTESIAN_POINT('',(2.205E+03,15.916143399972,292.54117));
#14523 = CARTESIAN_POINT('',(2.205E+03,23.854282358723,292.54117));
#14524 = CARTESIAN_POINT('',(2.205E+03,31.76969122813,292.54116999999));
#14525 = CARTESIAN_POINT('',(2.205E+03,39.689435359943,292.54117));
#14526 = CARTESIAN_POINT('',(2.205E+03,44.858615554884,292.54116999999)
  );
#14527 = CARTESIAN_POINT('',(2.205E+03,47.39074,292.54117));
#14528 = PCURVE('',#14135,#14529);
#14529 = DEFINITIONAL_REPRESENTATION('',(#14530),#14534);
#14530 = LINE('',#14531,#14532);
#14531 = CARTESIAN_POINT('',(1.,0.));
#14532 = VECTOR('',#14533,1.);
#14533 = DIRECTION('',(0.,1.));
#14534 = ( GEOMETRIC_REPRESENTATION_CONTEXT(2) 
PARAMETRIC_REPRESENTATION_CONTEXT() REPRESENTATION_CONTEXT('2D SPACE',''
  ) );
#14535 = ORIENTED_EDGE('',*,*,#14536,.F.);
#14536 = EDGE_CURVE('',#14115,#14509,#14537,.T.);
#14537 = SURFACE_CURVE('',#14538,(#14561),.PCURVE_S1.);
#14538 = B_SPLINE_CURVE_WITH_KNOTS('',3,(#14539,#14540,#14541,#14542,
    #14543,#14544,#14545,#14546,#14547,#14548,#14549,#14550,#14551,
    #14552,#14553,#14554,#14555,#14556,#14557,#14558,#14559,#14560),
  .UNSPECIFIED.,.F.,.F.,(4,1,1,1,1,1,1,1,1,1,1,1,1,1,1,1,1,1,1,4),(0.,
    4.797584077753E-02,9.672852487616E-02,0.156347317262,0.219746985503,
    0.271651168304,0.318901663386,0.370288068513,0.42006627992,
    0.473357603218,0.525240674166,0.572307037048,0.620119858501,
    0.669512325214,0.719895263106,0.770512862411,0.822637786332,
    0.876163354631,0.932175742117,1.),.UNSPECIFIED.);
#14539 = CARTESIAN_POINT('',(1.39E+03,370.66509,306.40439));
#14540 = CARTESIAN_POINT('',(1.41829457881E+03,366.21753215025,
    305.2905440669));
#14541 = CARTESIAN_POINT('',(1.422997115045E+03,369.39233213746,
    303.87761889503));
#14542 = CARTESIAN_POINT('',(1.48808505704E+03,360.60302725807,
    301.12405239852));
#14543 = CARTESIAN_POINT('',(1.516191033895E+03,358.19329751231,
    299.6735017605));
#14544 = CARTESIAN_POINT('',(1.557325171161E+03,351.88587882479,
    298.2929129616));
#14545 = CARTESIAN_POINT('',(1.599926898353E+03,345.64293645487,
    296.8912300432));
#14546 = CARTESIAN_POINT('',(1.652601418466E+03,335.93555550864,
    295.65437665123));
#14547 = CARTESIAN_POINT('',(1.687025304178E+03,329.1192795267,
    294.95951261757));
#14548 = CARTESIAN_POINT('',(1.736066959158E+03,318.07878493145,
    294.19944522384));
#14549 = CARTESIAN_POINT('',(1.775265762763E+03,308.19723587811,
    293.73646943227));
#14550 = CARTESIAN_POINT('',(1.816320444797E+03,296.8604855996,
    293.35434947913));
#14551 = CARTESIAN_POINT('',(1.862647034126E+03,282.52602739979,
    293.04365624332));
#14552 = CARTESIAN_POINT('',(1.905427472175E+03,267.63212418596,
    292.84691950216));
#14553 = CARTESIAN_POINT('',(1.948313240806E+03,250.96246688728,
    292.71086001056));
#14554 = CARTESIAN_POINT('',(1.990363972452E+03,232.44417294029,
    292.62906056612));
#14555 = CARTESIAN_POINT('',(2.034180905499E+03,210.52594425109,
    292.57650239759));
#14556 = CARTESIAN_POINT('',(2.07756230504E+03,184.94556493776,
    292.55487408371));
#14557 = CARTESIAN_POINT('',(2.118750411754E+03,155.99517131153,
    292.54086887635));
#14558 = CARTESIAN_POINT('',(2.169858518277E+03,110.98222756193,
    292.54723591392));
#14559 = CARTESIAN_POINT('',(2.187245607815E+03,79.807809396575,
    292.52952552038));
#14560 = CARTESIAN_POINT('',(2.205E+03,47.39074,292.54117));
#14561 = PCURVE('',#14135,#14562);
#14562 = DEFINITIONAL_REPRESENTATION('',(#14563),#14567);
#14563 = LINE('',#14564,#14565);
#14564 = CARTESIAN_POINT('',(0.,1.));
#14565 = VECTOR('',#14566,1.);
#14566 = DIRECTION('',(1.,0.));
#14567 = ( GEOMETRIC_REPRESENTATION_CONTEXT(2) 
PARAMETRIC_REPRESENTATION_CONTEXT() REPRESENTATION_CONTEXT('2D SPACE',''
  ) );
#14568 = ( GEOMETRIC_REPRESENTATION_CONTEXT(3) 
GLOBAL_UNCERTAINTY_ASSIGNED_CONTEXT((#14572)) 
GLOBAL_UNIT_ASSIGNED_CONTEXT((#14569,#14570,#14571)) 
REPRESENTATION_CONTEXT('Context #1',
  '3D Context with UNIT and UNCERTAINTY') );
#14569 = ( LENGTH_UNIT() NAMED_UNIT(*) SI_UNIT(.MILLI.,.METRE.) );
#14570 = ( NAMED_UNIT(*) PLANE_ANGLE_UNIT() SI_UNIT($,.RADIAN.) );
#14571 = ( NAMED_UNIT(*) SI_UNIT($,.STERADIAN.) SOLID_ANGLE_UNIT() );
#14572 = UNCERTAINTY_MEASURE_WITH_UNIT(LENGTH_MEASURE(1.E-07),#14569,
  'distance_accuracy_value','confusion accuracy');
#14573 = CONTEXT_DEPENDENT_SHAPE_REPRESENTATION(#14574,#14576);
#14574 = ( REPRESENTATION_RELATIONSHIP('','',#14105,#10) 
REPRESENTATION_RELATIONSHIP_WITH_TRANSFORMATION(#14575) 
SHAPE_REPRESENTATION_RELATIONSHIP() );
#14575 = ITEM_DEFINED_TRANSFORMATION('','',#11,#179);
#14576 = PRODUCT_DEFINITION_SHAPE('Placement','Placement of an item',
  #14577);
#14577 = NEXT_ASSEMBLY_USAGE_OCCURRENCE('42','FOOT_QUILT_DRAPED','',#5,
  #14100,$);
#14578 = PRODUCT_RELATED_PRODUCT_CATEGORY('part',$,(#14102));
#14579 = MECHANICAL_DESIGN_GEOMETRIC_PRESENTATION_REPRESENTATION('',(
    #14580),#3048);
#14580 = STYLED_ITEM('color',(#14581),#2930);
#14581 = PRESENTATION_STYLE_ASSIGNMENT((#14582));
#14582 = SURFACE_STYLE_USAGE(.BOTH.,#14583);
#14583 = SURFACE_SIDE_STYLE('',(#14584));
#14584 = SURFACE_STYLE_FILL_AREA(#14585);
#14585 = FILL_AREA_STYLE('',(#14586));
#14586 = FILL_AREA_STYLE_COLOUR('',#14587);
#14587 = COLOUR_RGB('',0.170000001676,0.299999996101,0.369999997777);
#14588 = MECHANICAL_DESIGN_GEOMETRIC_PRESENTATION_REPRESENTATION('',(
    #14589),#3787);
#14589 = STYLED_ITEM('color',(#14590),#3647);
#14590 = PRESENTATION_STYLE_ASSIGNMENT((#14591));
#14591 = SURFACE_STYLE_USAGE(.BOTH.,#14592);
#14592 = SURFACE_SIDE_STYLE('',(#14593));
#14593 = SURFACE_STYLE_FILL_AREA(#14594);
#14594 = FILL_AREA_STYLE('',(#14595));
#14595 = FILL_AREA_STYLE_COLOUR('',#14596);
#14596 = COLOUR_RGB('',0.56000001326,0.520000005207,0.460000000054);
#14597 = MECHANICAL_DESIGN_GEOMETRIC_PRESENTATION_REPRESENTATION('',(
    #14598),#2759);
#14598 = STYLED_ITEM('color',(#14599),#2609);
#14599 = PRESENTATION_STYLE_ASSIGNMENT((#14600));
#14600 = SURFACE_STYLE_USAGE(.BOTH.,#14601);
#14601 = SURFACE_SIDE_STYLE('',(#14602));
#14602 = SURFACE_STYLE_FILL_AREA(#14603);
#14603 = FILL_AREA_STYLE('',(#14604));
#14604 = FILL_AREA_STYLE_COLOUR('',#14587);
#14605 = MECHANICAL_DESIGN_GEOMETRIC_PRESENTATION_REPRESENTATION('',(
    #14606),#12990);
#14606 = STYLED_ITEM('color',(#14607),#11652);
#14607 = PRESENTATION_STYLE_ASSIGNMENT((#14608));
#14608 = SURFACE_STYLE_USAGE(.BOTH.,#14609);
#14609 = SURFACE_SIDE_STYLE('',(#14610));
#14610 = SURFACE_STYLE_FILL_AREA(#14611);
#14611 = FILL_AREA_STYLE('',(#14612));
#14612 = FILL_AREA_STYLE_COLOUR('',#14587);
#14613 = MECHANICAL_DESIGN_GEOMETRIC_PRESENTATION_REPRESENTATION('',(
    #14614),#2909);
#14614 = STYLED_ITEM('color',(#14615),#2780);
#14615 = PRESENTATION_STYLE_ASSIGNMENT((#14616));
#14616 = SURFACE_STYLE_USAGE(.BOTH.,#14617);
#14617 = SURFACE_SIDE_STYLE('',(#14618));
#14618 = SURFACE_STYLE_FILL_AREA(#14619);
#14619 = FILL_AREA_STYLE('',(#14620));
#14620 = FILL_AREA_STYLE_COLOUR('',#14596);
#14621 = MECHANICAL_DESIGN_GEOMETRIC_PRESENTATION_REPRESENTATION('',(
    #14622),#3326);
#14622 = STYLED_ITEM('color',(#14623),#3208);
#14623 = PRESENTATION_STYLE_ASSIGNMENT((#14624));
#14624 = SURFACE_STYLE_USAGE(.BOTH.,#14625);
#14625 = SURFACE_SIDE_STYLE('',(#14626));
#14626 = SURFACE_STYLE_FILL_AREA(#14627);
#14627 = FILL_AREA_STYLE('',(#14628));
#14628 = FILL_AREA_STYLE_COLOUR('',#14587);
#14629 = MECHANICAL_DESIGN_GEOMETRIC_PRESENTATION_REPRESENTATION('',(
    #14630),#1538);
#14630 = STYLED_ITEM('color',(#14631),#1388);
#14631 = PRESENTATION_STYLE_ASSIGNMENT((#14632));
#14632 = SURFACE_STYLE_USAGE(.BOTH.,#14633);
#14633 = SURFACE_SIDE_STYLE('',(#14634));
#14634 = SURFACE_STYLE_FILL_AREA(#14635);
#14635 = FILL_AREA_STYLE('',(#14636));
#14636 = FILL_AREA_STYLE_COLOUR('',#14596);
#14637 = MECHANICAL_DESIGN_GEOMETRIC_PRESENTATION_REPRESENTATION('',(
    #14638),#8182);
#14638 = STYLED_ITEM('color',(#14639),#7852);
#14639 = PRESENTATION_STYLE_ASSIGNMENT((#14640));
#14640 = SURFACE_STYLE_USAGE(.BOTH.,#14641);
#14641 = SURFACE_SIDE_STYLE('',(#14642));
#14642 = SURFACE_STYLE_FILL_AREA(#14643);
#14643 = FILL_AREA_STYLE('',(#14644));
#14644 = FILL_AREA_STYLE_COLOUR('',#14645);
#14645 = COLOUR_RGB('',0.120000001395,0.139999997847,0.170000001676);
#14646 = MECHANICAL_DESIGN_GEOMETRIC_PRESENTATION_REPRESENTATION('',(
    #14647),#3187);
#14647 = STYLED_ITEM('color',(#14648),#3069);
#14648 = PRESENTATION_STYLE_ASSIGNMENT((#14649));
#14649 = SURFACE_STYLE_USAGE(.BOTH.,#14650);
#14650 = SURFACE_SIDE_STYLE('',(#14651));
#14651 = SURFACE_STYLE_FILL_AREA(#14652);
#14652 = FILL_AREA_STYLE('',(#14653));
#14653 = FILL_AREA_STYLE_COLOUR('',#14596);
#14654 = MECHANICAL_DESIGN_GEOMETRIC_PRESENTATION_REPRESENTATION('',(
    #14655),#8531);
#14655 = STYLED_ITEM('color',(#14656),#8201);
#14656 = PRESENTATION_STYLE_ASSIGNMENT((#14657));
#14657 = SURFACE_STYLE_USAGE(.BOTH.,#14658);
#14658 = SURFACE_SIDE_STYLE('',(#14659));
#14659 = SURFACE_STYLE_FILL_AREA(#14660);
#14660 = FILL_AREA_STYLE('',(#14661));
#14661 = FILL_AREA_STYLE_COLOUR('',#14662);
#14662 = COLOUR_RGB('',0.1599999992,0.36000000506,0.460000000054);
#14663 = MECHANICAL_DESIGN_GEOMETRIC_PRESENTATION_REPRESENTATION('',(
    #14664),#2588);
#14664 = STYLED_ITEM('color',(#14665),#2438);
#14665 = PRESENTATION_STYLE_ASSIGNMENT((#14666));
#14666 = SURFACE_STYLE_USAGE(.BOTH.,#14667);
#14667 = SURFACE_SIDE_STYLE('',(#14668));
#14668 = SURFACE_STYLE_FILL_AREA(#14669);
#14669 = FILL_AREA_STYLE('',(#14670));
#14670 = FILL_AREA_STYLE_COLOUR('',#14596);
#14671 = MECHANICAL_DESIGN_GEOMETRIC_PRESENTATION_REPRESENTATION('',(
    #14672),#1886);
#14672 = STYLED_ITEM('color',(#14673),#1730);
#14673 = PRESENTATION_STYLE_ASSIGNMENT((#14674));
#14674 = SURFACE_STYLE_USAGE(.BOTH.,#14675);
#14675 = SURFACE_SIDE_STYLE('',(#14676));
#14676 = SURFACE_STYLE_FILL_AREA(#14677);
#14677 = FILL_AREA_STYLE('',(#14678));
#14678 = FILL_AREA_STYLE_COLOUR('',#14596);
#14679 = MECHANICAL_DESIGN_GEOMETRIC_PRESENTATION_REPRESENTATION('',(
    #14680),#3626);
#14680 = STYLED_ITEM('color',(#14681),#3497);
#14681 = PRESENTATION_STYLE_ASSIGNMENT((#14682));
#14682 = SURFACE_STYLE_USAGE(.BOTH.,#14683);
#14683 = SURFACE_SIDE_STYLE('',(#14684));
#14684 = SURFACE_STYLE_FILL_AREA(#14685);
#14685 = FILL_AREA_STYLE('',(#14686));
#14686 = FILL_AREA_STYLE_COLOUR('',#14587);
#14687 = MECHANICAL_DESIGN_GEOMETRIC_PRESENTATION_REPRESENTATION('',(
    #14688),#1709);
#14688 = STYLED_ITEM('color',(#14689),#1559);
#14689 = PRESENTATION_STYLE_ASSIGNMENT((#14690));
#14690 = SURFACE_STYLE_USAGE(.BOTH.,#14691);
#14691 = SURFACE_SIDE_STYLE('',(#14692));
#14692 = SURFACE_STYLE_FILL_AREA(#14693);
#14693 = FILL_AREA_STYLE('',(#14694));
#14694 = FILL_AREA_STYLE_COLOUR('',#14587);
#14695 = MECHANICAL_DESIGN_GEOMETRIC_PRESENTATION_REPRESENTATION('',(
    #14696),#4188);
#14696 = STYLED_ITEM('color',(#14697),#4087);
#14697 = PRESENTATION_STYLE_ASSIGNMENT((#14698));
#14698 = SURFACE_STYLE_USAGE(.BOTH.,#14699);
#14699 = SURFACE_SIDE_STYLE('',(#14700));
#14700 = SURFACE_STYLE_FILL_AREA(#14701);
#14701 = FILL_AREA_STYLE('',(#14702));
#14702 = FILL_AREA_STYLE_COLOUR('',#14703);
#14703 = COLOUR_RGB('',0.230000002338,0.24000000363,0.24000000363);
#14704 = MECHANICAL_DESIGN_GEOMETRIC_PRESENTATION_REPRESENTATION('',(
    #14705),#2063);
#14705 = STYLED_ITEM('color',(#14706),#1907);
#14706 = PRESENTATION_STYLE_ASSIGNMENT((#14707));
#14707 = SURFACE_STYLE_USAGE(.BOTH.,#14708);
#14708 = SURFACE_SIDE_STYLE('',(#14709));
#14709 = SURFACE_STYLE_FILL_AREA(#14710);
#14710 = FILL_AREA_STYLE('',(#14711));
#14711 = FILL_AREA_STYLE_COLOUR('',#14587);
#14712 = MECHANICAL_DESIGN_GEOMETRIC_PRESENTATION_REPRESENTATION('',(
    #14713),#339);
#14713 = STYLED_ITEM('color',(#14714),#199);
#14714 = PRESENTATION_STYLE_ASSIGNMENT((#14715));
#14715 = SURFACE_STYLE_USAGE(.BOTH.,#14716);
#14716 = SURFACE_SIDE_STYLE('',(#14717));
#14717 = SURFACE_STYLE_FILL_AREA(#14718);
#14718 = FILL_AREA_STYLE('',(#14719));
#14719 = FILL_AREA_STYLE_COLOUR('',#14596);
#14720 = MECHANICAL_DESIGN_GEOMETRIC_PRESENTATION_REPRESENTATION('',(
    #14721),#13731);
#14721 = STYLED_ITEM('color',(#14722),#13394);
#14722 = PRESENTATION_STYLE_ASSIGNMENT((#14723));
#14723 = SURFACE_STYLE_USAGE(.BOTH.,#14724);
#14724 = SURFACE_SIDE_STYLE('',(#14725));
#14725 = SURFACE_STYLE_FILL_AREA(#14726);
#14726 = FILL_AREA_STYLE('',(#14727));
#14727 = FILL_AREA_STYLE_COLOUR('',#14728);
#14728 = COLOUR_RGB('',0.130000001093,0.230000002338,0.290000003841);
#14729 = MECHANICAL_DESIGN_GEOMETRIC_PRESENTATION_REPRESENTATION('',(
    #14730),#4068);
#14730 = STYLED_ITEM('color',(#14731),#3967);
#14731 = PRESENTATION_STYLE_ASSIGNMENT((#14732));
#14732 = SURFACE_STYLE_USAGE(.BOTH.,#14733);
#14733 = SURFACE_SIDE_STYLE('',(#14734));
#14734 = SURFACE_STYLE_FILL_AREA(#14735);
#14735 = FILL_AREA_STYLE('',(#14736));
#14736 = FILL_AREA_STYLE_COLOUR('',#14737);
#14737 = COLOUR_RGB('',0.819999987296,0.78000000177,0.659999992303);
#14738 = MECHANICAL_DESIGN_GEOMETRIC_PRESENTATION_REPRESENTATION('',(
    #14739),#1367);
#14739 = STYLED_ITEM('color',(#14740),#1249);
#14740 = PRESENTATION_STYLE_ASSIGNMENT((#14741));
#14741 = SURFACE_STYLE_USAGE(.BOTH.,#14742);
#14742 = SURFACE_SIDE_STYLE('',(#14743));
#14743 = SURFACE_STYLE_FILL_AREA(#14744);
#14744 = FILL_AREA_STYLE('',(#14745));
#14745 = FILL_AREA_STYLE_COLOUR('',#14587);
#14746 = MECHANICAL_DESIGN_GEOMETRIC_PRESENTATION_REPRESENTATION('',(
    #14747),#650);
#14747 = STYLED_ITEM('color',(#14748),#521);
#14748 = PRESENTATION_STYLE_ASSIGNMENT((#14749));
#14749 = SURFACE_STYLE_USAGE(.BOTH.,#14750);
#14750 = SURFACE_SIDE_STYLE('',(#14751));
#14751 = SURFACE_STYLE_FILL_AREA(#14752);
#14752 = FILL_AREA_STYLE('',(#14753));
#14753 = FILL_AREA_STYLE_COLOUR('',#14596);
#14754 = MECHANICAL_DESIGN_GEOMETRIC_PRESENTATION_REPRESENTATION('',(
    #14755),#2417);
#14755 = STYLED_ITEM('color',(#14756),#2261);
#14756 = PRESENTATION_STYLE_ASSIGNMENT((#14757));
#14757 = SURFACE_STYLE_USAGE(.BOTH.,#14758);
#14758 = SURFACE_SIDE_STYLE('',(#14759));
#14759 = SURFACE_STYLE_FILL_AREA(#14760);
#14760 = FILL_AREA_STYLE('',(#14761));
#14761 = FILL_AREA_STYLE_COLOUR('',#14587);
#14762 = MECHANICAL_DESIGN_GEOMETRIC_PRESENTATION_REPRESENTATION('',(
    #14763),#939);
#14763 = STYLED_ITEM('color',(#14764),#821);
#14764 = PRESENTATION_STYLE_ASSIGNMENT((#14765));
#14765 = SURFACE_STYLE_USAGE(.BOTH.,#14766);
#14766 = SURFACE_SIDE_STYLE('',(#14767));
#14767 = SURFACE_STYLE_FILL_AREA(#14768);
#14768 = FILL_AREA_STYLE('',(#14769));
#14769 = FILL_AREA_STYLE_COLOUR('',#14596);
#14770 = MECHANICAL_DESIGN_GEOMETRIC_PRESENTATION_REPRESENTATION('',(
    #14771),#9578);
#14771 = STYLED_ITEM('color',(#14772),#9248);
#14772 = PRESENTATION_STYLE_ASSIGNMENT((#14773));
#14773 = SURFACE_STYLE_USAGE(.BOTH.,#14774);
#14774 = SURFACE_SIDE_STYLE('',(#14775));
#14775 = SURFACE_STYLE_FILL_AREA(#14776);
#14776 = FILL_AREA_STYLE('',(#14777));
#14777 = FILL_AREA_STYLE_COLOUR('',#14645);
#14778 = MECHANICAL_DESIGN_GEOMETRIC_PRESENTATION_REPRESENTATION('',(
    #14779),#11633);
#14779 = STYLED_ITEM('color',(#14780),#10295);
#14780 = PRESENTATION_STYLE_ASSIGNMENT((#14781));
#14781 = SURFACE_STYLE_USAGE(.BOTH.,#14782);
#14782 = SURFACE_SIDE_STYLE('',(#14783));
#14783 = SURFACE_STYLE_FILL_AREA(#14784);
#14784 = FILL_AREA_STYLE('',(#14785));
#14785 = FILL_AREA_STYLE_COLOUR('',#14587);
#14786 = MECHANICAL_DESIGN_GEOMETRIC_PRESENTATION_REPRESENTATION('',(
    #14787),#2240);
#14787 = STYLED_ITEM('color',(#14788),#2084);
#14788 = PRESENTATION_STYLE_ASSIGNMENT((#14789));
#14789 = SURFACE_STYLE_USAGE(.BOTH.,#14790);
#14790 = SURFACE_SIDE_STYLE('',(#14791));
#14791 = SURFACE_STYLE_FILL_AREA(#14792);
#14792 = FILL_AREA_STYLE('',(#14793));
#14793 = FILL_AREA_STYLE_COLOUR('',#14596);
#14794 = MECHANICAL_DESIGN_GEOMETRIC_PRESENTATION_REPRESENTATION('',(
    #14795),#4431);
#14795 = STYLED_ITEM('color',(#14796),#4209);
#14796 = PRESENTATION_STYLE_ASSIGNMENT((#14797));
#14797 = SURFACE_STYLE_USAGE(.BOTH.,#14798);
#14798 = SURFACE_SIDE_STYLE('',(#14799));
#14799 = SURFACE_STYLE_FILL_AREA(#14800);
#14800 = FILL_AREA_STYLE('',(#14801));
#14801 = FILL_AREA_STYLE_COLOUR('',#14802);
#14802 = COLOUR_RGB('',0.250000000672,0.389999993588,0.45000000386);
#14803 = MECHANICAL_DESIGN_GEOMETRIC_PRESENTATION_REPRESENTATION('',(
    #14804),#9927);
#14804 = STYLED_ITEM('color',(#14805),#9597);
#14805 = PRESENTATION_STYLE_ASSIGNMENT((#14806));
#14806 = SURFACE_STYLE_USAGE(.BOTH.,#14807);
#14807 = SURFACE_SIDE_STYLE('',(#14808));
#14808 = SURFACE_STYLE_FILL_AREA(#14809);
#14809 = FILL_AREA_STYLE('',(#14810));
#14810 = FILL_AREA_STYLE_COLOUR('',#14645);
#14811 = MECHANICAL_DESIGN_GEOMETRIC_PRESENTATION_REPRESENTATION('',(
    #14812),#5788);
#14812 = STYLED_ITEM('color',(#14813),#4450);
#14813 = PRESENTATION_STYLE_ASSIGNMENT((#14814));
#14814 = SURFACE_STYLE_USAGE(.BOTH.,#14815);
#14815 = SURFACE_SIDE_STYLE('',(#14816));
#14816 = SURFACE_STYLE_FILL_AREA(#14817);
#14817 = FILL_AREA_STYLE('',(#14818));
#14818 = FILL_AREA_STYLE_COLOUR('',#14587);
#14819 = MECHANICAL_DESIGN_GEOMETRIC_PRESENTATION_REPRESENTATION('',(
    #14820),#1228);
#14820 = STYLED_ITEM('color',(#14821),#1099);
#14821 = PRESENTATION_STYLE_ASSIGNMENT((#14822));
#14822 = SURFACE_STYLE_USAGE(.BOTH.,#14823);
#14823 = SURFACE_SIDE_STYLE('',(#14824));
#14824 = SURFACE_STYLE_FILL_AREA(#14825);
#14825 = FILL_AREA_STYLE('',(#14826));
#14826 = FILL_AREA_STYLE_COLOUR('',#14596);
#14827 = MECHANICAL_DESIGN_GEOMETRIC_PRESENTATION_REPRESENTATION('',(
    #14828),#14087);
#14828 = STYLED_ITEM('color',(#14829),#13750);
#14829 = PRESENTATION_STYLE_ASSIGNMENT((#14830));
#14830 = SURFACE_STYLE_USAGE(.BOTH.,#14831);
#14831 = SURFACE_SIDE_STYLE('',(#14832));
#14832 = SURFACE_STYLE_FILL_AREA(#14833);
#14833 = FILL_AREA_STYLE('',(#14834));
#14834 = FILL_AREA_STYLE_COLOUR('',#14728);
#14835 = MECHANICAL_DESIGN_GEOMETRIC_PRESENTATION_REPRESENTATION('',(
    #14836),#10276);
#14836 = STYLED_ITEM('color',(#14837),#9946);
#14837 = PRESENTATION_STYLE_ASSIGNMENT((#14838));
#14838 = SURFACE_STYLE_USAGE(.BOTH.,#14839);
#14839 = SURFACE_SIDE_STYLE('',(#14840));
#14840 = SURFACE_STYLE_FILL_AREA(#14841);
#14841 = FILL_AREA_STYLE('',(#14842));
#14842 = FILL_AREA_STYLE_COLOUR('',#14645);
#14843 = MECHANICAL_DESIGN_GEOMETRIC_PRESENTATION_REPRESENTATION('',(
    #14844),#7833);
#14844 = STYLED_ITEM('color',(#14845),#5807);
#14845 = PRESENTATION_STYLE_ASSIGNMENT((#14846));
#14846 = SURFACE_STYLE_USAGE(.BOTH.,#14847);
#14847 = SURFACE_SIDE_STYLE('',(#14848));
#14848 = SURFACE_STYLE_FILL_AREA(#14849);
#14849 = FILL_AREA_STYLE('',(#14850));
#14850 = FILL_AREA_STYLE_COLOUR('',#14851);
#14851 = COLOUR_RGB('',0.649999988539,0.490000003723,0.309999994343);
#14852 = MECHANICAL_DESIGN_GEOMETRIC_PRESENTATION_REPRESENTATION('',(
    #14853),#3476);
#14853 = STYLED_ITEM('color',(#14854),#3347);
#14854 = PRESENTATION_STYLE_ASSIGNMENT((#14855));
#14855 = SURFACE_STYLE_USAGE(.BOTH.,#14856);
#14856 = SURFACE_SIDE_STYLE('',(#14857));
#14857 = SURFACE_STYLE_FILL_AREA(#14858);
#14858 = FILL_AREA_STYLE('',(#14859));
#14859 = FILL_AREA_STYLE_COLOUR('',#14596);
#14860 = MECHANICAL_DESIGN_GEOMETRIC_PRESENTATION_REPRESENTATION('',(
    #14861),#9229);
#14861 = STYLED_ITEM('color',(#14862),#8899);
#14862 = PRESENTATION_STYLE_ASSIGNMENT((#14863));
#14863 = SURFACE_STYLE_USAGE(.BOTH.,#14864);
#14864 = SURFACE_SIDE_STYLE('',(#14865));
#14865 = SURFACE_STYLE_FILL_AREA(#14866);
#14866 = FILL_AREA_STYLE('',(#14867));
#14867 = FILL_AREA_STYLE_COLOUR('',#14645);
#14868 = MECHANICAL_DESIGN_GEOMETRIC_PRESENTATION_REPRESENTATION('',(
    #14869),#13375);
#14869 = STYLED_ITEM('color',(#14870),#13011);
#14870 = PRESENTATION_STYLE_ASSIGNMENT((#14871));
#14871 = SURFACE_STYLE_USAGE(.BOTH.,#14872);
#14872 = SURFACE_SIDE_STYLE('',(#14873));
#14873 = SURFACE_STYLE_FILL_AREA(#14874);
#14874 = FILL_AREA_STYLE('',(#14875));
#14875 = FILL_AREA_STYLE_COLOUR('',#14596);
#14876 = MECHANICAL_DESIGN_GEOMETRIC_PRESENTATION_REPRESENTATION('',(
    #14877),#800);
#14877 = STYLED_ITEM('color',(#14878),#671);
#14878 = PRESENTATION_STYLE_ASSIGNMENT((#14879));
#14879 = SURFACE_STYLE_USAGE(.BOTH.,#14880);
#14880 = SURFACE_SIDE_STYLE('',(#14881));
#14881 = SURFACE_STYLE_FILL_AREA(#14882);
#14882 = FILL_AREA_STYLE('',(#14883));
#14883 = FILL_AREA_STYLE_COLOUR('',#14587);
#14884 = MECHANICAL_DESIGN_GEOMETRIC_PRESENTATION_REPRESENTATION('',(
    #14885),#1078);
#14885 = STYLED_ITEM('color',(#14886),#960);
#14886 = PRESENTATION_STYLE_ASSIGNMENT((#14887));
#14887 = SURFACE_STYLE_USAGE(.BOTH.,#14888);
#14888 = SURFACE_SIDE_STYLE('',(#14889));
#14889 = SURFACE_STYLE_FILL_AREA(#14890);
#14890 = FILL_AREA_STYLE('',(#14891));
#14891 = FILL_AREA_STYLE_COLOUR('',#14587);
#14892 = MECHANICAL_DESIGN_GEOMETRIC_PRESENTATION_REPRESENTATION('',(
    #14893),#8880);
#14893 = STYLED_ITEM('color',(#14894),#8550);
#14894 = PRESENTATION_STYLE_ASSIGNMENT((#14895));
#14895 = SURFACE_STYLE_USAGE(.BOTH.,#14896);
#14896 = SURFACE_SIDE_STYLE('',(#14897));
#14897 = SURFACE_STYLE_FILL_AREA(#14898);
#14898 = FILL_AREA_STYLE('',(#14899));
#14899 = FILL_AREA_STYLE_COLOUR('',#14900);
#14900 = COLOUR_RGB('',0.55000000909,0.630000008194,0.659999992303);
#14901 = MECHANICAL_DESIGN_GEOMETRIC_PRESENTATION_REPRESENTATION('',(
    #14902),#3948);
#14902 = STYLED_ITEM('color',(#14903),#3808);
#14903 = PRESENTATION_STYLE_ASSIGNMENT((#14904));
#14904 = SURFACE_STYLE_USAGE(.BOTH.,#14905);
#14905 = SURFACE_SIDE_STYLE('',(#14906));
#14906 = SURFACE_STYLE_FILL_AREA(#14907);
#14907 = FILL_AREA_STYLE('',(#14908));
#14908 = FILL_AREA_STYLE_COLOUR('',#14587);
#14909 = MECHANICAL_DESIGN_GEOMETRIC_PRESENTATION_REPRESENTATION('',(
    #14910),#500);
#14910 = STYLED_ITEM('color',(#14911),#360);
#14911 = PRESENTATION_STYLE_ASSIGNMENT((#14912));
#14912 = SURFACE_STYLE_USAGE(.BOTH.,#14913);
#14913 = SURFACE_SIDE_STYLE('',(#14914));
#14914 = SURFACE_STYLE_FILL_AREA(#14915);
#14915 = FILL_AREA_STYLE('',(#14916));
#14916 = FILL_AREA_STYLE_COLOUR('',#14587);
#14917 = MECHANICAL_DESIGN_GEOMETRIC_PRESENTATION_REPRESENTATION('',(
    #14918),#14568);
#14918 = STYLED_ITEM('color',(#14919),#14108);
#14919 = PRESENTATION_STYLE_ASSIGNMENT((#14920));
#14920 = SURFACE_STYLE_USAGE(.BOTH.,#14921);
#14921 = SURFACE_SIDE_STYLE('',(#14922));
#14922 = SURFACE_STYLE_FILL_AREA(#14923);
#14923 = FILL_AREA_STYLE('',(#14924));
#14924 = FILL_AREA_STYLE_COLOUR('',#14596);
ENDSEC;
END-ISO-10303-21;
