  0
SECTION
  2
HEADER
  9
$ACADVER
  1
AC1024
  9
$ACADMAINTVER
 70
6
  9
$DWGCODEPAGE
  3
ANSI_1252
  9
$LASTSAVEDBY
  1
ezdxf
  9
$INSBASE
 10
0.0
 20
0.0
 30
0.0
  9
$EXTMIN
 10
1e+20
 20
1e+20
 30
1e+20
  9
$EXTMAX
 10
-1e+20
 20
-1e+20
 30
-1e+20
  9
$LIMMIN
 10
0.0
 20
0.0
  9
$LIMMAX
 10
420.0
 20
297.0
  9
$ORTHOMODE
 70
0
  9
$REGENMODE
 70
1
  9
$FILLMODE
 70
1
  9
$QTEXTMODE
 70
0
  9
$MIRRTEXT
 70
1
  9
$LTSCALE
 40
1.0
  9
$ATTMODE
 70
1
  9
$TEXTSIZE
 40
2.5
  9
$TRACEWID
 40
1.0
  9
$TEXTSTYLE
  7
Standard
  9
$CLAYER
  8
0
  9
$CELTYPE
  6
ByLayer
  9
$CECOLOR
 62
256
  9
$CELTSCALE
 40
1.0
  9
$DISPSILH
 70
0
  9
$DIMSCALE
 40
1.0
  9
$DIMASZ
 40
2.5
  9
$DIMEXO
 40
0.625
  9
$DIMDLI
 40
3.75
  9
$DIMRND
 40
0.0
  9
$DIMDLE
 40
0.0
  9
$DIMEXE
 40
1.25
  9
$DIMTP
 40
0.0
  9
$DIMTM
 40
0.0
  9
$DIMTXT
 40
2.5
  9
$DIMCEN
 40
2.5
  9
$DIMTSZ
 40
0.0
  9
$DIMTOL
 70
0
  9
$DIMLIM
 70
0
  9
$DIMTIH
 70
0
  9
$DIMTOH
 70
0
  9
$DIMSE1
 70
0
  9
$DIMSE2
 70
0
  9
$DIMTAD
 70
1
  9
$DIMZIN
 70
8
  9
$DIMBLK
  1

  9
$DIMASO
 70
1
  9
$DIMSHO
 70
1
  9
$DIMPOST
  1

  9
$DIMAPOST
  1

  9
$DIMALT
 70
0
  9
$DIMALTD
 70
3
  9
$DIMALTF
 40
0.03937007874
  9
$DIMLFAC
 40
1.0
  9
$DIMTOFL
 70
1
  9
$DIMTVP
 40
0.0
  9
$DIMTIX
 70
0
  9
$DIMSOXD
 70
0
  9
$DIMSAH
 70
0
  9
$DIMBLK1
  1

  9
$DIMBLK2
  1

  9
$DIMSTYLE
  2
ISO-25
  9
$DIMCLRD
 70
0
  9
$DIMCLRE
 70
0
  9
$DIMCLRT
 70
0
  9
$DIMTFAC
 40
1.0
  9
$DIMGAP
 40
0.625
  9
$DIMJUST
 70
0
  9
$DIMSD1
 70
0
  9
$DIMSD2
 70
0
  9
$DIMTOLJ
 70
0
  9
$DIMTZIN
 70
8
  9
$DIMALTZ
 70
0
  9
$DIMALTTZ
 70
0
  9
$DIMUPT
 70
0
  9
$DIMDEC
 70
2
  9
$DIMTDEC
 70
2
  9
$DIMALTU
 70
2
  9
$DIMALTTD
 70
3
  9
$DIMTXSTY
  7
Standard
  9
$DIMAUNIT
 70
0
  9
$DIMADEC
 70
0
  9
$DIMALTRND
 40
0.0
  9
$DIMAZIN
 70
0
  9
$DIMDSEP
 70
44
  9
$DIMATFIT
 70
3
  9
$DIMFRAC
 70
0
  9
$DIMLDRBLK
  1

  9
$DIMLUNIT
 70
2
  9
$DIMLWD
 70
-2
  9
$DIMLWE
 70
-2
  9
$DIMTMOVE
 70
0
  9
$DIMFXL
 40
1.0
  9
$DIMFXLON
 70
0
  9
$DIMJOGANG
 40
0.785398163397
  9
$DIMTFILL
 70
0
  9
$DIMTFILLCLR
 70
0
  9
$DIMARCSYM
 70
0
  9
$DIMLTYPE
  6

  9
$DIMLTEX1
  6

  9
$DIMLTEX2
  6

  9
$DIMTXTDIRECTION
 70
0
  9
$LUNITS
 70
2
  9
$LUPREC
 70
4
  9
$SKETCHINC
 40
1.0
  9
$FILLETRAD
 40
10.0
  9
$AUNITS
 70
0
  9
$AUPREC
 70
2
  9
$MENU
  1
.
  9
$ELEVATION
 40
0.0
  9
$PELEVATION
 40
0.0
  9
$THICKNESS
 40
0.0
  9
$LIMCHECK
 70
0
  9
$CHAMFERA
 40
0.0
  9
$CHAMFERB
 40
0.0
  9
$CHAMFERC
 40
0.0
  9
$CHAMFERD
 40
0.0
  9
$SKPOLY
 70
0
  9
$TDCREATE
 40
2461318.7702546297
  9
$TDUCREATE
 40
2458532.153996898
  9
$TDUPDATE
 40
2461318.7702546297
  9
$TDUUPDATE
 40
2458532.1544311
  9
$TDINDWG
 40
0.0
  9
$TDUSRTIMER
 40
0.0
  9
$USRTIMER
 70
1
  9
$ANGBASE
 50
0.0
  9
$ANGDIR
 70
0
  9
$PDMODE
 70
0
  9
$PDSIZE
 40
0.0
  9
$PLINEWID
 40
0.0
  9
$SPLFRAME
 70
0
  9
$SPLINETYPE
 70
6
  9
$SPLINESEGS
 70
8
  9
$HANDSEED
  5
14A
  9
$SURFTAB1
 70
6
  9
$SURFTAB2
 70
6
  9
$SURFTYPE
 70
6
  9
$SURFU
 70
6
  9
$SURFV
 70
6
  9
$UCSBASE
  2

  9
$UCSNAME
  2

  9
$UCSORG
 10
0.0
 20
0.0
 30
0.0
  9
$UCSXDIR
 10
1.0
 20
0.0
 30
0.0
  9
$UCSYDIR
 10
0.0
 20
1.0
 30
0.0
  9
$UCSORTHOREF
  2

  9
$UCSORTHOVIEW
 70
0
  9
$UCSORGTOP
 10
0.0
 20
0.0
 30
0.0
  9
$UCSORGBOTTOM
 10
0.0
 20
0.0
 30
0.0
  9
$UCSORGLEFT
 10
0.0
 20
0.0
 30
0.0
  9
$UCSORGRIGHT
 10
0.0
 20
0.0
 30
0.0
  9
$UCSORGFRONT
 10
0.0
 20
0.0
 30
0.0
  9
$UCSORGBACK
 10
0.0
 20
0.0
 30
0.0
  9
$PUCSBASE
  2

  9
$PUCSNAME
  2

  9
$PUCSORG
 10
0.0
 20
0.0
 30
0.0
  9
$PUCSXDIR
 10
1.0
 20
0.0
 30
0.0
  9
$PUCSYDIR
 10
0.0
 20
1.0
 30
0.0
  9
$PUCSORTHOREF
  2

  9
$PUCSORTHOVIEW
 70
0
  9
$PUCSORGTOP
 10
0.0
 20
0.0
 30
0.0
  9
$PUCSORGBOTTOM
 10
0.0
 20
0.0
 30
0.0
  9
$PUCSORGLEFT
 10
0.0
 20
0.0
 30
0.0
  9
$PUCSORGRIGHT
 10
0.0
 20
0.0
 30
0.0
  9
$PUCSORGFRONT
 10
0.0
 20
0.0
 30
0.0
  9
$PUCSORGBACK
 10
0.0
 20
0.0
 30
0.0
  9
$USERI1
 70
0
  9
$USERI2
 70
0
  9
$USERI3
 70
0
  9
$USERI4
 70
0
  9
$USERI5
 70
0
  9
$USERR1
 40
0.0
  9
$USERR2
 40
0.0
  9
$USERR3
 40
0.0
  9
$USERR4
 40
0.0
  9
$USERR5
 40
0.0
  9
$WORLDVIEW
 70
1
  9
$SHADEDGE
 70
3
  9
$SHADEDIF
 70
70
  9
$TILEMODE
 70
1
  9
$MAXACTVP
 70
64
  9
$PINSBASE
 10
0.0
 20
0.0
 30
0.0
  9
$PLIMCHECK
 70
0
  9
$PEXTMIN
 10
1e+20
 20
1e+20
 30
1e+20
  9
$PEXTMAX
 10
-1e+20
 20
-1e+20
 30
-1e+20
  9
$PLIMMIN
 10
0.0
 20
0.0
  9
$PLIMMAX
 10
420.0
 20
297.0
  9
$UNITMODE
 70
0
  9
$VISRETAIN
 70
1
  9
$PLINEGEN
 70
0
  9
$PSLTSCALE
 70
1
  9
$TREEDEPTH
 70
3020
  9
$CMLSTYLE
  2
Standard
  9
$CMLJUST
 70
0
  9
$CMLSCALE
 40
20.0
  9
$PROXYGRAPHICS
 70
1
  9
$MEASUREMENT
 70
1
  9
$CELWEIGHT
370
-1
  9
$ENDCAPS
280
0
  9
$JOINSTYLE
280
0
  9
$LWDISPLAY
290
0
  9
$INSUNITS
 70
4
  9
$HYPERLINKBASE
  1

  9
$STYLESHEET
  1

  9
$XEDIT
290
1
  9
$CEPSNTYPE
380
0
  9
$PSTYLEMODE
290
1
  9
$FINGERPRINTGUID
  2
{1A3C74D1-9A2B-4BE8-A87C-09DD817AEFBF}
  9
$VERSIONGUID
  2
{48213C66-6305-40D1-925D-E01B6E5219F6}
  9
$EXTNAMES
290
1
  9
$PSVPSCALE
 40
0.0
  9
$OLESTARTUP
290
0
  9
$SORTENTS
280
127
  9
$INDEXCTL
280
0
  9
$HIDETEXT
280
1
  9
$XCLIPFRAME
280
1
  9
$HALOGAP
280
0
  9
$OBSCOLOR
 70
257
  9
$OBSLTYPE
280
0
  9
$INTERSECTIONDISPLAY
280
0
  9
$INTERSECTIONCOLOR
 70
257
  9
$DIMASSOC
280
2
  9
$PROJECTNAME
  1

  9
$CAMERADISPLAY
290
0
  9
$LENSLENGTH
 40
50.0
  9
$CAMERAHEIGHT
 40
0.0
  9
$STEPSPERSEC
 40
24.0
  9
$STEPSIZE
 40
100.0
  9
$3DDWFPREC
 40
2.0
  9
$PSOLWIDTH
 40
0.005
  9
$PSOLHEIGHT
 40
0.08
  9
$LOFTANG1
 40
1.570796326795
  9
$LOFTANG2
 40
1.570796326795
  9
$LOFTMAG1
 40
0.0
  9
$LOFTMAG2
 40
0.0
  9
$LOFTPARAM
 70
7
  9
$LOFTNORMALS
280
1
  9
$LATITUDE
 40
37.795
  9
$LONGITUDE
 40
-122.394
  9
$NORTHDIRECTION
 40
0.0
  9
$TIMEZONE
 70
-8000
  9
$LIGHTGLYPHDISPLAY
280
1
  9
$TILEMODELIGHTSYNCH
280
1
  9
$CMATERIAL
347
20
  9
$SOLIDHIST
280
0
  9
$SHOWHIST
280
1
  9
$DWFFRAME
280
2
  9
$DGNFRAME
280
2
  9
$REALWORLDSCALE
290
1
  9
$INTERFERECOLOR
 62
256
  9
$CSHADOW
280
0
  9
$SHADOWPLANELOCATION
 40
0.0
  0
ENDSEC
  0
SECTION
  2
CLASSES
  0
CLASS
  1
ACDBDICTIONARYWDFLT
  2
AcDbDictionaryWithDefault
  3
ObjectDBX Classes
 90
0
 91
0
280
0
281
0
  0
CLASS
  1
SUN
  2
AcDbSun
  3
SCENEOE
 90
1153
 91
0
280
0
281
0
  0
CLASS
  1
VISUALSTYLE
  2
AcDbVisualStyle
  3
ObjectDBX Classes
 90
4095
 91
0
280
0
281
0
  0
CLASS
  1
MATERIAL
  2
AcDbMaterial
  3
ObjectDBX Classes
 90
1153
 91
0
280
0
281
0
  0
CLASS
  1
SCALE
  2
AcDbScale
  3
ObjectDBX Classes
 90
1153
 91
0
280
0
281
0
  0
CLASS
  1
TABLESTYLE
  2
AcDbTableStyle
  3
ObjectDBX Classes
 90
4095
 91
0
280
0
281
0
  0
CLASS
  1
MLEADERSTYLE
  2
AcDbMLeaderStyle
  3
ACDB_MLEADERSTYLE_CLASS
 90
4095
 91
0
280
0
281
0
  0
CLASS
  1
DICTIONARYVAR
  2
AcDbDictionaryVar
  3
ObjectDBX Classes
 90
0
 91
0
280
0
281
0
  0
CLASS
  1
CELLSTYLEMAP
  2
AcDbCellStyleMap
  3
ObjectDBX Classes
 90
1152
 91
0
280
0
281
0
  0
CLASS
  1
MENTALRAYRENDERSETTINGS
  2
AcDbMentalRayRenderSettings
  3
SCENEOE
 90
1024
 91
0
280
0
281
0
  0
CLASS
  1
ACDBDETAILVIEWSTYLE
  2
AcDbDetailViewStyle
  3
ObjectDBX Classes
 90
1025
 91
0
280
0
281
0
  0
CLASS
  1
ACDBSECTIONVIEWSTYLE
  2
AcDbSectionViewStyle
  3
ObjectDBX Classes
 90
1025
 91
0
280
0
281
0
  0
CLASS
  1
RASTERVARIABLES
  2
AcDbRasterVariables
  3
ISM
 90
0
 91
0
280
0
281
0
  0
CLASS
  1
LAYOUT
  2
AcDbLayout
  3
ObjectDBX Classes
 90
0
 91
0
280
0
281
0
  0
CLASS
  1
ACDBPLACEHOLDER
  2
AcDbPlaceHolder
  3
ObjectDBX Classes
 90
0
 91
0
280
0
281
0
  0
ENDSEC
  0
SECTION
  2
TABLES
  0
TABLE
  2
VPORT
  5
8
330
0
100
AcDbSymbolTable
 70
1
  0
VPORT
  5
23
330
8
100
AcDbSymbolTableRecord
100
AcDbViewportTableRecord
  2
*Active
 70
0
 10
0.0
 20
0.0
 11
1.0
 21
1.0
 12
0.0
 22
0.0
 13
0.0
 23
0.0
 14
0.5
 24
0.5
 15
0.5
 25
0.5
 16
0.0
 26
0.0
 36
1.0
 17
0.0
 27
0.0
 37
0.0
 40
1000.0
 41
1.34
 42
50.0
 43
0.0
 44
0.0
 50
0.0
 51
0.0
 71
0
 72
1000
 73
1
 74
3
 75
0
 76
0
 77
0
 78
0
281
0
 65
0
146
0.0
  0
ENDTAB
  0
TABLE
  2
LTYPE
  5
2
330
0
100
AcDbSymbolTable
 70
3
  0
LTYPE
  5
24
330
2
100
AcDbSymbolTableRecord
100
AcDbLinetypeTableRecord
  2
ByBlock
 70
0
  3

 72
65
 73
0
 40
0.0
  0
LTYPE
  5
25
330
2
100
AcDbSymbolTableRecord
100
AcDbLinetypeTableRecord
  2
ByLayer
 70
0
  3

 72
65
 73
0
 40
0.0
  0
LTYPE
  5
26
330
2
100
AcDbSymbolTableRecord
100
AcDbLinetypeTableRecord
  2
Continuous
 70
0
  3

 72
65
 73
0
 40
0.0
  0
ENDTAB
  0
TABLE
  2
LAYER
  5
1
330
0
100
AcDbSymbolTable
 70
2
  0
LAYER
  5
27
330
1
100
AcDbSymbolTableRecord
100
AcDbLayerTableRecord
  2
0
 70
0
 62
7
  6
Continuous
370
-3
390
13
347
21
  0
LAYER
  5
28
330
1
100
AcDbSymbolTableRecord
100
AcDbLayerTableRecord
  2
Defpoints
 70
0
 62
7
  6
Continuous
290
0
370
-3
390
13
347
21
  0
ENDTAB
  0
TABLE
  2
STYLE
  5
5
330
0
100
AcDbSymbolTable
 70
1
  0
STYLE
  5
29
330
5
100
AcDbSymbolTableRecord
100
AcDbTextStyleTableRecord
  2
Standard
 70
0
 40
0.0
 41
1.0
 50
0.0
 71
0
 42
2.5
  3
txt
  4

  0
ENDTAB
  0
TABLE
  2
VIEW
  5
7
330
0
100
AcDbSymbolTable
 70
0
  0
ENDTAB
  0
TABLE
  2
UCS
  5
6
330
0
100
AcDbSymbolTable
 70
0
  0
ENDTAB
  0
TABLE
  2
APPID
  5
3
330
0
100
AcDbSymbolTable
 70
3
  0
APPID
  5
2A
330
3
100
AcDbSymbolTableRecord
100
AcDbRegAppTableRecord
  2
ACAD
 70
0
  0
APPID
  5
147
330
3
100
AcDbSymbolTableRecord
100
AcDbRegAppTableRecord
  2
HATCHBACKGROUNDCOLOR
 70
0
  0
APPID
  5
148
330
3
100
AcDbSymbolTableRecord
100
AcDbRegAppTableRecord
  2
EZDXF
 70
0
  0
ENDTAB
  0
TABLE
  2
DIMSTYLE
  5
4
330
0
100
AcDbSymbolTable
 70
1
100
AcDbDimStyleTable
  0
DIMSTYLE
105
2B
330
4
100
AcDbSymbolTableRecord
100
AcDbDimStyleTableRecord
  2
Standard
 70
0
 40
1.0
 41
2.5
 42
0.625
 43
3.75
 44
1.25
 45
0.0
 46
0.0
 47
0.0
 48
0.0
 49
2.5
140
2.5
141
2.5
142
0.0
143
0.03937007874
144
1.0
145
0.0
146
1.0
147
0.625
148
0.0
 69
0
 70
0
 71
0
 72
0
 73
0
 74
0
 75
0
 76
0
 77
1
 78
8
 79
3
170
0
171
3
172
1
173
0
174
0
175
0
176
0
177
0
178
0
179
2
271
2
272
2
273
2
274
3
275
0
276
0
277
2
278
44
279
0
280
0
281
0
282
0
283
0
284
8
285
0
286
0
288
0
289
3
290
0
371
-2
372
-2
  0
ENDTAB
  0
TABLE
  2
BLOCK_RECORD
  5
9
330
0
100
AcDbSymbolTable
 70
2
  0
BLOCK_RECORD
  5
17
330
9
100
AcDbSymbolTableRecord
100
AcDbBlockTableRecord
  2
*Model_Space
340
1A
 70
0
280
1
281
0
  0
BLOCK_RECORD
  5
1B
330
9
100
AcDbSymbolTableRecord
100
AcDbBlockTableRecord
  2
*Paper_Space
340
1E
 70
0
280
1
281
0
  0
ENDTAB
  0
ENDSEC
  0
SECTION
  2
BLOCKS
  0
BLOCK
  5
18
330
17
100
AcDbEntity
  8
0
100
AcDbBlockBegin
  2
*Model_Space
 70
0
 10
0.0
 20
0.0
 30
0.0
  3
*Model_Space
  1

  0
ENDBLK
  5
19
330
17
100
AcDbEntity
  8
0
100
AcDbBlockEnd
  0
BLOCK
  5
1C
330
1B
100
AcDbEntity
  8
0
100
AcDbBlockBegin
  2
*Paper_Space
 70
0
 10
0.0
 20
0.0
 30
0.0
  3
*Paper_Space
  1

  0
ENDBLK
  5
1D
330
1B
100
AcDbEntity
  8
0
100
AcDbBlockEnd
  0
ENDSEC
  0
SECTION
  2
ENTITIES
  0
LWPOLYLINE
  5
2F
330
17
100
AcDbEntity
  8
0
100
AcDbPolyline
 90
101
 70
1
 10
15.000000000000002
 20
76.24838422727252
 10
51.133616633297564
 20
144.46435182007247
 10
86.0561181935235
 20
206.54682871933548
 10
123.37451984028826
 20
264.31730011374555
 10
166.66894258775994
 20
317.5960635578207
 10
225.93421589054412
 20
370.6752148804863
 10
300.0545001790396
 20
420.82075580245316
 10
380.74847893069193
 20
463.9365559231668
 10
459.03187618961226
 20
495.8779131864637
 10
533.9114391069982
 20
517.6702688198827
 10
614.2088309376122
 20
537.3448917354577
 10
693.1339057069808
 20
553.3512637258169
 10
763.3819929234496
 20
563.7414281171509
 10
819.2399430033815
 20
566.4605471018087
 10
868.0804033657707
 20
560.1876526548151
 10
913.7723186724575
 20
547.1454059541443
 10
956.2933555008096
 20
530.2109952161172
 10
995.845097408185
 20
512.1664685410744
 10
1033.0547433087224
 20
495.5552860532633
 10
1069.5846316037585
 20
479.6515033962546
 10
1105.9275926017492
 20
462.56241092140573
 10
1141.6513799523366
 20
444.53992689317386
 10
1171.25132729708
 20
428.7138986795383
 10
1441.486475147835
 20
562.6764328663849
 10
1508.0848701706213
 20
562.7894191955049
 10
1568.9178615730268
 20
562.8648075648371
 10
1628.0975411456595
 20
561.241639490694
 10
1686.3310643602904
 20
557.5796477488063
 10
1743.424545899038
 20
552.7806455542457
 10
1799.3803136400275
 20
547.734670862568
 10
1854.501220200674
 20
543.1471325477919
 10
1909.4963294652634
 20
538.4491301655731
 10
1964.3176957042588
 20
533.4128983326011
 10
2018.8638936427665
 20
527.9649271383355
 10
2073.1002204477127
 20
522.0304494482389
 10
2127.052045072135
 20
515.5362724678155
 10
2180.8761821447806
 20
508.50718992715855
 10
2234.7157884133157
 20
500.89667513263856
 10
2288.6067169838084
 20
492.427122032213
 10
2342.5532821828283
 20
482.82154968312994
 10
2396.560978166855
 20
471.801676467906
 10
2450.6991734769017
 20
459.0369096214774
 10
2504.9931300990306
 20
443.5472722415895
 10
2559.3876643331832
 20
424.55530843985827
 10
2613.8489911852826
 20
401.4687983022527
 10
2668.487762591783
 20
373.6350533284264
 10
2723.7897170803717
 20
338.4240191333424
 10
2781.346531453876
 20
288.6565783726814
 10
2842.954155765168
 20
219.2266681355151
 10
2986.1889667229125
 20
78.31247549297397
 10
2986.2846095520085
 20
21.936992167568405
 10
2826.1784606261062
 20
142.08704163224215
 10
2764.5501137572874
 20
211.5403055585842
 10
2709.5213343503997
 20
259.12183954501825
 10
2656.670311246671
 20
292.7723533281167
 10
2603.807898816158
 20
319.7011964996726
 10
2550.841219236025
 20
342.1541159520912
 10
2497.841025963996
 20
360.6592427314495
 10
2444.7517047857345
 20
375.8052071252199
 10
2391.5086472363705
 20
388.3589173461901
 10
2338.151686850535
 20
399.24601274784425
 10
2284.7414354941548
 20
408.75609057566754
 10
2231.2747375490285
 20
417.15897115988906
 10
2177.74438963983
 20
424.72577063993737
 10
2124.1657467461305
 20
431.72279323609905
 10
2070.4626087392517
 20
438.18703582749595
 10
2016.4677899726953
 20
444.09508798049916
 10
1962.1290756760925
 20
449.5223361006166
 10
1907.4789376920078
 20
454.54283784061124
 10
1852.5863388915125
 20
459.2320831822321
 10
1797.40903817329
 20
463.82431500396865
 10
1741.4434392179896
 20
468.8711762540944
 10
1684.6744161564593
 20
473.64290603677455
 10
1627.1168568656665
 20
477.2623900585336
 10
1568.7054500030217
 20
478.86448610687165
 10
1508.2246349790178
 20
478.7895354257863
 10
1446.810777096349
 20
478.6853448314501
 10
1170.4612123774489
 20
363.955824170739
 10
1130.6512093943504
 20
385.24080225051637
 10
1095.4787189282142
 20
402.98515957293944
 10
1059.7506739313317
 20
419.7851078471333
 10
1023.4371707549979
 20
435.5946843059118
 10
986.0368224375502
 20
452.2910004350544
 10
946.931371984502
 20
470.1319174164632
 10
906.0833747135148
 20
486.40002410457356
 10
863.2951361555117
 20
498.6134487206121
 10
818.3518005562412
 20
504.38581036950313
 10
765.7913484816636
 20
501.827210870709
 10
697.3421907759666
 20
491.70312024858305
 10
619.5163054692364
 20
475.919668990048
 10
540.187816842441
 20
456.4824486194652
 10
467.0044688614371
 20
435.1837459626953
 10
391.02872948015414
 20
404.18396414568724
 10
312.5318901676792
 20
362.2421230534219
 10
240.79671030061226
 20
313.71020723443473
 10
184.16081273626017
 20
262.98597684483144
 10
142.88924521251175
 20
212.19656926017026
 10
106.67843020512508
 20
156.14068904446816
 10
71.86883401234711
 20
94.25892642835296
 10
15.103909862933458
 20
14.999999999999993
 10
15.000000000000002
 20
76.24838422727252
  0
TEXT
  5
30
330
17
100
AcDbEntity
  8
0
100
AcDbText
 10
1452.7457744144479
 20
411.5845929183505
 30
0.0
 40
8.0
  1
O08_SMOOTH_LOWER_LEFT
100
AcDbText
  0
LWPOLYLINE
  5
31
330
17
100
AcDbEntity
  8
0
100
AcDbPolyline
 90
101
 70
1
 10
15.000000000000002
 20
647.7089313290815
 10
51.133616633297564
 20
715.9248989218813
 10
86.0561181935235
 20
778.0073758211444
 10
123.37451984028826
 20
835.7778472155545
 10
166.66894258775994
 20
889.0566106596297
 10
225.93421589054412
 20
942.1357619822952
 10
300.0545001790396
 20
992.281302904262
 10
380.74847893069193
 20
1035.3971030249756
 10
459.03187618961226
 20
1067.3384602882725
 10
533.9114391069982
 20
1089.1308159216917
 10
614.2088309376122
 20
1108.8054388372666
 10
693.1339057069808
 20
1124.8118108276258
 10
763.3819929234496
 20
1135.20197521896
 10
819.2399430033815
 20
1137.9210942036177
 10
868.0804033657707
 20
1131.648199756624
 10
913.7723186724575
 20
1118.6059530559533
 10
956.2933555008096
 20
1101.6715423179262
 10
995.845097408185
 20
1083.6270156428834
 10
1033.0547433087224
 20
1067.0158331550722
 10
1069.5846316037585
 20
1051.1120504980636
 10
1105.9275926017492
 20
1034.0229580232146
 10
1141.6513799523366
 20
1016.0004739949827
 10
1171.25132729708
 20
1000.1744457813472
 10
1441.486475147835
 20
1134.1369799681938
 10
1508.0848701706213
 20
1134.249966297314
 10
1568.9178615730268
 20
1134.325354666646
 10
1628.0975411456595
 20
1132.7021865925028
 10
1686.3310643602904
 20
1129.040194850615
 10
1743.424545899038
 20
1124.2411926560546
 10
1799.3803136400275
 20
1119.195217964377
 10
1854.501220200674
 20
1114.6076796496009
 10
1909.4963294652634
 20
1109.909677267382
 10
1964.3176957042588
 20
1104.87344543441
 10
2018.8638936427665
 20
1099.4254742401445
 10
2073.1002204477127
 20
1093.4909965500478
 10
2127.052045072135
 20
1086.9968195696244
 10
2180.8761821447806
 20
1079.9677370289673
 10
2234.7157884133157
 20
1072.3572222344474
 10
2288.6067169838084
 20
1063.887669134022
 10
2342.5532821828283
 20
1054.2820967849389
 10
2396.560978166855
 20
1043.262223569715
 10
2450.6991734769017
 20
1030.4974567232862
 10
2504.9931300990306
 20
1015.0078193433984
 10
2559.3876643331832
 20
996.0158555416672
 10
2613.8489911852826
 20
972.9293454040617
 10
2668.487762591783
 20
945.0956004302353
 10
2723.7897170803717
 20
909.8845662351514
 10
2781.346531453876
 20
860.1171254744903
 10
2842.954155765168
 20
790.687215237324
 10
2986.1889667229125
 20
649.7730225947829
 10
2986.2846095520085
 20
593.3975392693774
 10
2826.1784606261062
 20
713.547588734051
 10
2764.5501137572874
 20
783.0008526603931
 10
2709.5213343503997
 20
830.5823866468271
 10
2656.670311246671
 20
864.2329004299256
 10
2603.807898816158
 20
891.1617436014815
 10
2550.841219236025
 20
913.6146630539001
 10
2497.841025963996
 20
932.1197898332584
 10
2444.7517047857345
 20
947.2657542270288
 10
2391.5086472363705
 20
959.819464447999
 10
2338.151686850535
 20
970.7065598496531
 10
2284.7414354941548
 20
980.2166376774765
 10
2231.2747375490285
 20
988.619518261698
 10
2177.74438963983
 20
996.1863177417463
 10
2124.1657467461305
 20
1003.183340337908
 10
2070.4626087392517
 20
1009.6475829293049
 10
2016.4677899726953
 20
1015.5556350823081
 10
1962.1290756760925
 20
1020.9828832024255
 10
1907.4789376920078
 20
1026.00338494242
 10
1852.5863388915125
 20
1030.6926302840411
 10
1797.40903817329
 20
1035.2848621057776
 10
1741.4434392179896
 20
1040.3317233559033
 10
1684.6744161564593
 20
1045.1034531385835
 10
1627.1168568656665
 20
1048.7229371603426
 10
1568.7054500030217
 20
1050.3250332086805
 10
1508.2246349790178
 20
1050.2500825275952
 10
1446.810777096349
 20
1050.145891933259
 10
1170.4612123774489
 20
935.4163712725478
 10
1130.6512093943504
 20
956.7013493523252
 10
1095.4787189282142
 20
974.4457066747484
 10
1059.7506739313317
 20
991.2456549489423
 10
1023.4371707549979
 20
1007.0552314077207
 10
986.0368224375502
 20
1023.7515475368633
 10
946.931371984502
 20
1041.5924645182722
 10
906.0833747135148
 20
1057.8605712063825
 10
863.2951361555117
 20
1070.073995822421
 10
818.3518005562412
 20
1075.846357471312
 10
765.7913484816636
 20
1073.287757972518
 10
697.3421907759666
 20
1063.163667350392
 10
619.5163054692364
 20
1047.380216091857
 10
540.187816842441
 20
1027.9429957212742
 10
467.0044688614371
 20
1006.6442930645042
 10
391.02872948015414
 20
975.6445112474962
 10
312.5318901676792
 20
933.7026701552309
 10
240.79671030061226
 20
885.1707543362437
 10
184.16081273626017
 20
834.4465239466404
 10
142.88924521251175
 20
783.6571163619792
 10
106.67843020512508
 20
727.6012361462771
 10
71.86883401234711
 20
665.7194735301618
 10
15.103909862933458
 20
586.4605471018089
 10
15.000000000000002
 20
647.7089313290815
  0
TEXT
  5
32
330
17
100
AcDbEntity
  8
0
100
AcDbText
 10
1452.7457744144479
 20
983.0451400201589
 30
0.0
 40
8.0
  1
O08_SMOOTH_LOWER_RIGHT
100
AcDbText
  0
LWPOLYLINE
  5
33
330
17
100
AcDbEntity
  8
0
100
AcDbPolyline
 90
109
 70
1
 10
3006.4542141792763
 20
457.8457327543228
 10
3060.1344841197124
 20
422.0076406672107
 10
3095.071529288552
 20
392.5232727516126
 10
3129.547987002878
 20
365.83271069948665
 10
3164.093709425277
 20
341.3365377024697
 10
3198.7018000400767
 20
316.86339677211504
 10
3232.9588057153896
 20
293.82426624939444
 10
3266.68407976273
 20
274.2416504325124
 10
3300.068876974919
 20
259.84555412222016
 10
3333.9546066824814
 20
249.77285415914233
 10
3368.252451078741
 20
240.49212257640554
 10
3402.268431149912
 20
232.9610963739964
 10
3435.9668988786743
 20
228.05312732029427
 10
3469.432351229471
 20
226.5894873432308
 10
3503.036917208582
 20
228.98530151735383
 10
3537.094039645864
 20
234.3557310279763
 10
3571.613361518207
 20
241.5531809248449
 10
3606.5446814523903
 20
249.40439560861608
 10
3641.619567705646
 20
256.6649508719343
 10
3676.5089642793046
 20
263.5110638271416
 10
3711.285703334611
 20
270.82150148062277
 10
3746.0821629956636
 20
278.54516711052713
 10
3784.7442907716268
 20
287.6416891630898
 10
3917.0694959707002
 20
231.69340307031652
 10
3968.270223286942
 20
231.78981726447637
 10
4021.8156731299205
 20
231.96587733298415
 10
4075.2543050076047
 20
233.02769617283315
 10
4128.724939091446
 20
235.08115207321904
 10
4182.288843089518
 20
237.68850410793956
 10
4235.936804904546
 20
240.42776298948897
 10
4289.5943257721865
 20
242.95604029086138
 10
4343.2102314737685
 20
245.5340076564216
 10
4396.80958398895
 20
248.26927456825405
 10
4450.4003757100245
 20
251.19557503737076
 10
4503.98241826419
 20
254.34661739209136
 10
4557.5606122605395
 20
257.75670198574596
 10
4611.136570666371
 20
261.414675073886
 10
4664.694680161851
 20
265.3399114511062
 10
4718.22226908458
 20
269.6593607502977
 10
4771.718722087548
 20
274.5014575214439
 10
4825.181847751399
 20
279.9944460449765
 10
4878.577826142301
 20
286.27866159701176
 10
4931.885106768514
 20
293.7842721880962
 10
4985.125702262077
 20
302.86324991233886
 10
5038.313968650348
 20
313.7862708328141
 10
5091.375758885385
 20
326.8032864776915
 10
5144.086663647233
 20
342.9130349577613
 10
5196.597608009797
 20
365.20349615289524
 10
5249.227045981872
 20
396.1701947086011
 10
5321.114473246376
 20
461.16705560647904
 10
5322.7894236310985
 20
432.8007790786995
 10
5322.859274382539
 20
429.4151327229352
 10
5322.833657105539
 20
426.69030181093785
 10
5322.866949524241
 20
425.52232910581256
 10
5324.42202525553
 20
419.07731245075314
 10
5267.028250905231
 20
326.1661553309606
 10
5210.838872045668
 20
267.7140889744595
 10
5155.4645663571
 20
226.24837047196974
 10
5100.571631294437
 20
196.81299459367443
 10
5046.153667582137
 20
173.482123145755
 10
4991.899717949156
 20
154.0611409585681
 10
4937.706829954186
 20
138.00108150675362
 10
4883.602392407111
 20
124.80989424764755
 10
4829.626375311739
 20
113.85036909258446
 10
4775.746810685758
 20
104.33576845143028
 10
4721.912088987663
 20
95.98989266516759
 10
4668.121340495563
 20
88.58050870291459
 10
4614.376326827774
 20
81.87738432580807
 10
4560.658889440738
 20
75.65071602611931
 10
4506.943883415817
 20
69.85006124327339
 10
4453.23206871915
 20
64.49155410478511
 10
4399.531027604384
 20
59.51936108627103
 10
4345.840623706908
 20
54.87647606316477
 10
4292.175390649094
 20
50.507668475759544
 10
4238.582816755358
 20
46.22883461428705
 10
4184.979728319162
 20
41.5578820393697
 10
4131.227706958363
 20
37.07503438473822
 10
4077.3041920309333
 20
33.51844799433957
 10
4023.318165879966
 20
31.636516199045047
 10
3969.5324098317833
 20
31.12338556042664
 10
3912.035923130392
 20
30.299487645947863
 10
3782.2512401789313
 20
120.65860347847917
 10
3752.9789219475706
 20
108.60420628894263
 10
3717.563819384261
 20
94.7211290539575
 10
3682.1901863824332
 20
81.51559478136784
 10
3647.0451583933063
 20
69.19743557786666
 10
3612.1036015626773
 20
56.36775441027345
 10
3576.8550712061888
 20
42.4812477547876
 10
3541.0538392870217
 20
29.461849850033047
 10
3504.666591303261
 20
19.510640889297974
 10
3467.687890001907
 20
15.0
 10
3430.645937293702
 20
17.98772968464442
 10
3394.2327851035775
 20
27.621930355537415
 10
3358.5556179227146
 20
41.929770984453626
 10
3323.4262630163394
 20
59.10508525543963
 10
3287.839334095618
 20
78.16124243952783
 10
3251.885706384417
 20
105.8956807444257
 10
3216.5438997962965
 20
142.49868194634723
 10
3181.756015313606
 20
184.17721624405993
 10
3147.197516175585
 20
227.59693335079527
 10
3112.473778296357
 20
271.177022275889
 10
3077.418916762849
 20
319.06323085732936
 10
3043.1564331472464
 20
370.07428921822367
 10
3006.2846095520085
 20
413.4277301282618
 10
3006.2942266117534
 20
420.71792592792235
 10
3006.2945156143874
 20
423.94228946999453
 10
3006.2957772294585
 20
427.51651115915826
 10
3006.30211942472
 20
431.4113024127639
 10
3006.4542141792763
 20
457.8457327543228
  0
TEXT
  5
34
330
17
100
AcDbEntity
  8
0
100
AcDbText
 10
4053.228743141727
 20
221.14425738570992
 30
0.0
 40
8.0
  1
O08_SMOOTH_LOWER_I5
100
AcDbText
  0
LWPOLYLINE
  5
35
330
17
100
AcDbEntity
  8
0
100
AcDbPolyline
 90
111
 70
1
 10
3006.2846095520085
 20
526.2814565686267
 10
3045.0759386509867
 20
556.4221744162027
 10
3079.438709598479
 20
590.3971516580007
 10
3114.7694266724484
 20
622.4157486145701
 10
3149.754405294007
 20
651.5337851529089
 10
3184.6294470696694
 20
680.5037235031325
 10
3219.8028129317995
 20
708.2887831722833
 10
3255.519407299683
 20
732.6125693606372
 10
3291.672168708069
 20
750.831732741794
 10
3327.3419521042515
 20
763.1416170538962
 10
3362.5624843374526
 20
774.1692004296484
 10
3398.128601261846
 20
783.2230031920025
 10
3434.1077203553264
 20
789.1464527582716
 10
3470.4241914138192
 20
790.7176451977091
 10
3506.6463256770976
 20
787.2800810136454
 10
3542.3974902494924
 20
780.1198103281201
 10
3577.657799088314
 20
770.8245095427113
 10
3612.460031395688
 20
760.9073054207652
 10
3647.075988150161
 20
751.7568424580179
 10
3681.8962980612455
 20
742.9960167384335
 10
3716.8678362924134
 20
733.5906551487922
 10
3751.813030477983
 20
723.6696099191419
 10
3782.245271833343
 20
714.6485387363323
 10
3912.142897870188
 20
777.0030726428199
 10
3968.5098788762575
 20
777.1607588398172
 10
4022.271805071533
 20
777.2949584659651
 10
4076.1584873583383
 20
776.4898007394677
 10
4130.01445474651
 20
774.555283131271
 10
4183.762504673569
 20
771.9887248304949
 10
4237.411829064205
 20
769.282843551453
 10
4291.050786416189
 20
766.8317704759426
 10
4344.738949539113
 20
764.3210073486432
 10
4398.446513124847
 20
761.62344394433
 10
4452.163874778107
 20
758.6981269080619
 10
4505.891126316294
 20
755.5036205959552
 10
4559.622295192297
 20
751.9988601507915
 10
4613.355328763652
 20
748.1972183775397
 10
4667.108472542106
 20
744.073964683357
 10
4720.896272897927
 20
739.4762638725225
 10
4774.718972828635
 20
734.2508612891086
 10
4828.578721015607
 20
728.2440249990427
 10
4882.516074669032
 20
721.2765762240908
 10
4936.55785449607
 20
712.8096328157276
 10
4990.679475934324
 20
702.4100800924028
 10
5044.865418319531
 20
689.7454666465037
 10
5099.207128320349
 20
674.4542559888573
 10
5154.006006146767
 20
655.0471120106843
 10
5209.316117192428
 20
627.3665126633587
 10
5265.166098728277
 20
587.8009303120344
 10
5323.094455462523
 20
525.1190514214346
 10
5323.099111552841
 20
517.2658777193406
 10
5323.107959118663
 20
513.9358290340105
 10
5323.118412221105
 20
510.4549825027192
 10
5323.12948214074
 20
506.8672863742843
 10
5323.141149634089
 20
503.20826505925686
 10
5323.187827298278
 20
487.5069972449887
 10
5257.453586058951
 20
487.3307541707759
 10
5203.487127907587
 20
487.1732179125944
 10
5149.737975259841
 20
487.01794633384895
 10
5096.067196494043
 20
486.86469968082935
 10
5042.408300640476
 20
486.71249861064496
 10
4988.751597456243
 20
486.5608821296351
 10
4935.096563435165
 20
486.4097134038418
 10
4881.442570025467
 20
486.25893345923305
 10
4827.788863906006
 20
486.1084641161038
 10
4774.135183056983
 20
485.9581935048042
 10
4720.481519764802
 20
485.80804214971295
 10
4666.827868748947
 20
485.6579548001771
 10
4613.174224054074
 20
485.50790308447023
 10
4559.520580315198
 20
485.35788258395723
 10
4505.866939025171
 20
485.20788230615057
 10
4452.2133015907675
 20
485.0578851475662
 10
4398.559663556337
 20
484.90789384559616
 10
4344.906023539497
 20
484.75791719609356
 10
4291.252385303371
 20
484.607947873973
 10
4237.598750210054
 20
484.45797670392693
 10
4183.945117920972
 20
484.30799361660286
 10
4130.291488494094
 20
484.1579833298782
 10
4076.6378645871628
 20
484.00793630940814
 10
4022.984256427814
 20
483.85781385561177
 10
3969.330701797393
 20
483.70751582300113
 10
3915.6784263345303
 20
483.55667158062727
 10
3783.83192961149
 20
483.15747504825526
 10
3749.0550516986823
 20
483.0645633518309
 10
3714.2818516486295
 20
482.9733737526081
 10
3679.5087933005125
 20
482.8834759094519
 10
3644.7359414993753
 20
482.7942669819285
 10
3609.9632319438488
 20
482.70533331938054
 10
3575.1905955321117
 20
482.6164689144061
 10
3540.4179887290547
 20
482.5275927219013
 10
3505.6453872422103
 20
482.4386841928273
 10
3470.8727892396205
 20
482.3497344236302
 10
3436.100190856747
 20
482.26073319470186
 10
3401.327584568528
 20
482.1716940964108
 10
3366.554971793973
 20
482.082650134088
 10
3331.7823532376015
 20
481.99362040562664
 10
3297.0097325482207
 20
481.9046109565873
 10
3262.237108222665
 20
481.8156320306656
 10
3227.4612044370597
 20
481.7267722369131
 10
3192.6653024783327
 20
481.63815438850725
 10
3157.8375679903006
 20
481.54982158997757
 10
3122.9726600029685
 20
481.46168205933833
 10
3087.942925499344
 20
481.37296110085606
 10
3053.1702254264806
 20
481.2851332044153
 10
3006.3981590908174
 20
481.1670556064791
 10
3006.3550035251997
 20
497.9693132068008
 10
3006.342985030177
 20
502.7263878583773
 10
3006.331357358339
 20
507.39130317140393
 10
3006.3201760811107
 20
511.9191056710958
 10
3006.3094957788353
 20
516.2660279263724
 10
3006.2846095520085
 20
526.2814565686267
  0
TEXT
  5
36
330
17
100
AcDbEntity
  8
0
100
AcDbText
 10
4055.7671435911825
 20
593.4374546093193
 30
0.0
 40
8.0
  1
O08_SMOOTH_LOWER_I3
100
AcDbText
  0
LWPOLYLINE
  5
37
330
17
100
AcDbEntity
  8
0
100
AcDbPolyline
 90
109
 70
1
 10
3006.2846095520085
 20
1075.970702959072
 10
3053.057151940773
 20
1075.9740382041211
 10
3087.830036229399
 20
1075.9760628041129
 10
3122.859930061891
 20
1075.9779837747917
 10
3157.7248504821778
 20
1075.98002151844
 10
3192.5525642399575
 20
1075.982093407736
 10
3227.3484804172867
 20
1075.984155434101
 10
3262.1244697593343
 20
1075.9861690572698
 10
3296.8972233114164
 20
1075.9881067443582
 10
3331.669975722115
 20
1075.9899719756074
 10
3366.4427188000154
 20
1075.9917917933788
 10
3401.215452074839
 20
1075.993593821626
 10
3435.988176507368
 20
1075.9953975884841
 10
3470.7608974693003
 20
1075.9972166452917
 10
3505.533618086117
 20
1075.9990577733345
 10
3540.306341484743
 20
1076.000916203576
 10
3575.079067898187
 20
1076.0027806742846
 10
3609.851794406627
 20
1076.00464562028
 10
3644.6245180894207
 20
1076.0065154139054
 10
3679.397238403827
 20
1076.0084027932267
 10
3714.169961842878
 20
1076.010314882194
 10
3748.9426933073364
 20
1076.0122164152274
 10
3783.715498131613
 20
1076.0138952873388
 10
3915.5650118391245
 20
1076.0049333823206
 10
3969.218576477014
 20
1076.003811076872
 10
4022.8724638090193
 20
1076.0025026861483
 10
4076.526305033906
 20
1076.0012033949574
 10
4130.180143692156
 20
1075.9999423456943
 10
4183.833984594802
 20
1075.9987124841684
 10
4237.487828201463
 20
1075.997500177134
 10
4291.141673153198
 20
1075.9962946070134
 10
4344.795518157647
 20
1075.9950942484725
 10
4398.449363433665
 20
1075.993900053696
 10
4452.10320940765
 20
1075.9927085535007
 10
4505.757055753608
 20
1075.991516286814
 10
4559.410901267813
 20
1075.9903250482853
 10
4613.064746007214
 20
1075.9891391847616
 10
4666.718590437877
 20
1075.9879612390394
 10
4720.3724348970145
 20
1075.9867915923735
 10
4774.026279258296
 20
1075.985629623221
 10
4827.680123437567
 20
1075.9844765578664
 10
4881.333969450692
 20
1075.9833330377603
 10
4934.988089643788
 20
1075.982180295332
 10
4988.643242098782
 20
1075.9810030776537
 10
5042.3000358218105
 20
1075.9797964978889
 10
5095.9589284418125
 20
1075.9785546318187
 10
5149.629561274635
 20
1075.9771435203406
 10
5203.378717879588
 20
1075.9750878357665
 10
5257.346768256004
 20
1075.9717416252872
 10
5323.079516628039
 20
1075.9715178074327
 10
5323.078553728179
 20
1060.275576329179
 10
5323.078175612324
 20
1056.6154138665634
 10
5323.077772866993
 20
1053.028669887609
 10
5323.078653126793
 20
1049.5475733868718
 10
5323.08103789372
 20
1040.9472272345306
 10
5264.59387051114
 20
986.9592866841864
 10
5208.867319365028
 20
953.258958554919
 10
5153.7392398603915
 20
929.6816262954525
 10
5099.106709478929
 20
913.117544032164
 10
5044.886343197093
 20
900.0328440245796
 10
4990.801093483075
 20
889.1715473910026
 10
4936.768994884339
 20
880.2294464466029
 10
4882.8027133375645
 20
872.9246672537735
 10
4828.923171040858
 20
866.8900653158596
 10
4775.108044888458
 20
861.6692268956274
 10
4721.32284681538
 20
857.1108244208808
 10
4667.565994951021
 20
853.0845642486036
 10
4613.837569566867
 20
849.4605238522136
 10
4560.125518014192
 20
846.109211355194
 10
4506.414371954097
 20
843.0097773236871
 10
4452.705841291607
 20
840.1735436271285
 10
4399.005092072821
 20
837.5656467800231
 10
4345.312137830616
 20
835.1509472190581
 10
4291.640662721855
 20
832.8948996863669
 10
4237.999967956562
 20
830.6888724337742
 10
4184.356503867787
 20
828.2669187515353
 10
4130.628860514133
 20
825.9636124955814
 10
4076.808131386711
 20
824.196786635706
 10
4022.9587280978867
 20
823.3877992022307
 10
3969.216087800571
 20
823.3757983607069
 10
3913.2263273777653
 20
823.3765607117509
 10
3782.870902663469
 20
876.0579940290673
 10
3751.848440302964
 20
868.1769247645668
 10
3716.947159642154
 20
859.6846725874752
 10
3682.0223349262815
 20
851.6311504332801
 10
3647.2281740430053
 20
844.1206781795639
 10
3612.6133740013
 20
836.2742395486653
 10
3577.8376941455354
 20
827.7820518110299
 10
3542.6619326998243
 20
819.8299399838505
 10
3507.062835628545
 20
813.6976154669392
 10
3471.063031096186
 20
810.717645197709
 10
3434.9748649751623
 20
811.9617556929188
 10
3399.1549957184484
 20
816.8835027547295
 10
3363.6726322079444
 20
824.4633444690985
 10
3328.481045846665
 20
833.7264461284724
 10
3292.8754089374247
 20
844.063604260806
 10
3256.7807092922017
 20
859.39653526385
 10
3221.0337144280816
 20
879.9361548082088
 10
3185.7876909378965
 20
903.4330652549854
 10
3150.843716238941
 20
927.9315715361347
 10
3115.768969261849
 20
952.5708474382125
 10
3080.3415902610363
 20
979.6713918234068
 10
3045.902163264604
 20
1008.414336985339
 10
3006.28628293622
 20
1034.3920210827855
 10
3006.2860663917522
 20
1045.2197471321513
 10
3006.2859129224516
 20
1049.7471822156208
 10
3006.285738844345
 20
1054.4116694803934
 10
3006.2855489667727
 20
1059.1681438369785
 10
3006.2846095520085
 20
1075.970702959072
  0
TEXT
  5
38
330
17
100
AcDbEntity
  8
0
100
AcDbText
 10
4053.9435246073444
 20
980.3399059402947
 30
0.0
 40
8.0
  1
O08_SMOOTH_LOWER_I4
100
AcDbText
  0
LWPOLYLINE
  5
39
330
17
100
AcDbEntity
  8
0
100
AcDbPolyline
 90
61
 70
1
 10
5344.42202525553
 20
459.9538723029419
 10
5422.643800300352
 20
443.14324379563294
 10
5480.2547623105975
 20
434.94183834772343
 10
5537.4943734734225
 20
428.7701601291885
 10
5593.969788773524
 20
424.90606831438333
 10
5649.5414563911145
 20
423.7958416422887
 10
5704.440162003705
 20
425.5817141563977
 10
5759.315062790954
 20
428.25650912008905
 10
5813.8851725672785
 20
431.8922493551781
 10
5867.956012685821
 20
437.0218360417031
 10
5921.390157597298
 20
444.17990997399147
 10
5974.185758010341
 20
453.9208109876166
 10
6026.742070621265
 20
465.7513342680156
 10
6079.455468115711
 20
478.1021083937191
 10
6132.2825940689245
 20
490.71701175003915
 10
6185.34352760963
 20
503.38220525986924
 10
6238.767621776446
 20
515.8771326632831
 10
6292.648344497014
 20
528.0091674474193
 10
6347.212570496598
 20
540.1352647798905
 10
6402.958704959311
 20
552.0930346343562
 10
6460.410895778092
 20
563.4873921438045
 10
6520.383842430111
 20
573.967869946138
 10
6585.416761137507
 20
580.6756340705397
 10
6661.302358675468
 20
577.760622962382
 10
6756.47609409456
 20
563.3162061832136
 10
6900.09809920674
 20
450.8108251195159
 10
6907.122557081401
 20
417.17968455095547
 10
6910.423275112567
 20
395.6677013230148
 10
6912.174987462764
 20
381.05059808589687
 10
6913.279226975235
 20
372.6167585680564
 10
6919.3112013221125
 20
353.15148134494655
 10
6797.241757803074
 20
345.87160753069213
 10
6718.802885669604
 20
328.33630599680475
 10
6651.76252441101
 20
313.2490602377682
 10
6591.815302058583
 20
299.1248934483152
 10
6534.696067004836
 20
285.1932191030762
 10
6479.147762086075
 20
271.3189236386231
 10
6424.77630364869
 20
257.43534371019007
 10
6371.230771045704
 20
243.55487504680156
 10
6318.213456383161
 20
229.69816827017246
 10
6265.499162508953
 20
215.82292863192126
 10
6213.008592961927
 20
201.89837355379183
 10
6160.667773776923
 20
187.9423229920542
 10
6108.4195386890315
 20
173.99268476209687
 10
6056.187408611672
 20
160.09707972313737
 10
6003.949657086749
 20
146.37779678007507
 10
5951.7072149005835
 20
132.87007747373627
 10
5899.468001834393
 20
119.54074781730247
 10
5847.238507157563
 20
106.34034423449992
 10
5795.016025907363
 20
93.21243070390665
 10
5742.732064942564
 20
80.17838711829404
 10
5690.292773488828
 20
67.57170518246215
 10
5637.86909677514
 20
55.18545483809862
 10
5585.566529066877
 20
42.79620170747978
 10
5533.3797350743735
 20
30.169428521014765
 10
5470.0734201388495
 20
15.0
 10
5456.388212209225
 20
61.24566131834035
 10
5441.8431956904205
 20
111.3181811069926
 10
5420.657828413297
 20
185.12133727142606
 10
5390.611536976264
 20
291.89302599538166
 10
5344.42202525553
 20
459.9538723029419
  0
TEXT
  5
3A
330
17
100
AcDbEntity
  8
0
100
AcDbText
 10
6100.393342051779
 20
328.7283037160588
 30
0.0
 40
8.0
  1
O08_SMOOTH_LOWER_I1_B
100
AcDbText
  0
LWPOLYLINE
  5
3B
330
17
100
AcDbEntity
  8
0
100
AcDbPolyline
 90
67
 70
1
 10
5344.42202525553
 20
728.6742918024627
 10
5413.141008175137
 20
698.1972347078871
 10
5459.5575846552365
 20
680.0352770691313
 10
5504.948293435439
 20
665.8191024859448
 10
5549.7793922059145
 20
655.1608906700234
 10
5594.45499316097
 20
646.037096451069
 10
5638.564057578566
 20
639.0225702417034
 10
5681.962435508025
 20
634.6866843469029
 10
5724.731654251473
 20
633.501844835979
 10
5767.296522540732
 20
634.5824446675753
 10
5809.871996527623
 20
636.9498057066965
 10
5852.593596530592
 20
639.8534816053523
 10
5895.559865725914
 20
642.5262326764687
 10
5938.683777500959
 20
644.7812510724038
 10
5981.692526830814
 20
647.2846645550219
 10
6024.383071373193
 20
650.7463567133016
 10
6066.642822718646
 20
655.8748511340259
 10
6108.686335545309
 20
662.7159485260846
 10
6150.82747353811
 20
670.1362423804192
 10
6193.048883467007
 20
677.8452371622848
 10
6235.458697053229
 20
685.600113176144
 10
6278.166368521312
 20
693.1573688524135
 10
6321.189831805778
 20
700.3848251278548
 10
6364.463866630011
 20
707.5212329662982
 10
6408.2214033682
 20
714.4756607741209
 10
6452.712821890694
 20
721.118852157672
 10
6498.241888770339
 20
727.3325433796149
 10
6545.424795070157
 20
733.0420963427209
 10
6596.927659773059
 20
736.2531560385962
 10
6655.15173134879
 20
735.5066360406917
 10
6719.236160908113
 20
731.9348906864313
 10
6788.092292477302
 20
726.5331092953581
 10
6869.21367510539
 20
719.4398924891615
 10
6876.028267323624
 20
686.0922399590087
 10
6787.910358927951
 20
693.7972297965791
 10
6719.431564183743
 20
699.1694090158065
 10
6656.1316367369745
 20
702.6974301488294
 10
6599.323279112609
 20
703.4257985687456
 10
6549.41686548164
 20
700.3142731361213
 10
6503.108255646284
 20
694.7105178518947
 10
6457.909677292077
 20
688.5419308631418
 10
6413.679049965011
 20
681.9376792544934
 10
6370.101913909805
 20
675.011922702409
 10
6326.93233217016
 20
667.8927404315522
 10
6284.047319572551
 20
660.6885423089691
 10
6241.510076218006
 20
653.1614444189743
 10
6199.166207664803
 20
645.4186268300774
 10
6156.865783666366
 20
637.6952048482358
 10
6114.496616306527
 20
630.2347591377476
 10
6071.819021673932
 20
623.2904873176432
 10
6028.601486646563
 20
618.0457596463061
 10
5985.161832258573
 20
614.5233236463623
 10
5941.809648386141
 20
611.999919843689
 10
5898.7334834485
 20
609.747398206333
 10
5855.954281917933
 20
607.0862838286207
 10
5813.153913021685
 20
604.1772542134149
 10
5770.069419831884
 20
601.7815897376836
 10
5726.505784220169
 20
600.6756340705397
 10
5682.237097527293
 20
601.9020134768381
 10
5637.285759724327
 20
606.3930539449655
 10
5591.969095346104
 20
613.5996209896128
 10
5546.403326344049
 20
622.9052081762609
 10
5500.380285674447
 20
633.8467940245299
 10
5453.3907614216105
 20
648.5637107308528
 10
5405.70074465931
 20
667.223942266882
 10
5352.123730259291
 20
690.9854948605303
 10
5344.42202525553
 20
728.6742918024627
  0
TEXT
  5
3C
330
17
100
AcDbEntity
  8
0
100
AcDbText
 10
6064.106424045419
 20
665.7155733760288
 30
0.0
 40
8.0
  1
L08_CONTINUOUS_COVER_LEFT
100
AcDbText
  0
LWPOLYLINE
  5
3D
330
17
100
AcDbEntity
  8
0
100
AcDbPolyline
 90
67
 70
1
 10
5344.42202525553
 20
884.2518137705192
 10
5413.141008175137
 20
853.7747566759436
 10
5459.5575846552365
 20
835.6127990371879
 10
5504.948293435439
 20
821.3966244540013
 10
5549.7793922059145
 20
810.7384126380799
 10
5594.45499316097
 20
801.6146184191256
 10
5638.564057578566
 20
794.60009220976
 10
5681.962435508025
 20
790.2642063149594
 10
5724.731654251473
 20
789.0793668040355
 10
5767.296522540732
 20
790.1599666356318
 10
5809.871996527623
 20
792.527327674753
 10
5852.593596530592
 20
795.4310035734088
 10
5895.559865725914
 20
798.1037546445252
 10
5938.683777500959
 20
800.3587730404604
 10
5981.692526830814
 20
802.8621865230784
 10
6024.383071373193
 20
806.3238786813581
 10
6066.642822718646
 20
811.4523731020824
 10
6108.686335545309
 20
818.2934704941412
 10
6150.82747353811
 20
825.7137643484757
 10
6193.048883467007
 20
833.4227591303413
 10
6235.458697053229
 20
841.1776351442005
 10
6278.166368521312
 20
848.73489082047
 10
6321.189831805778
 20
855.9623470959114
 10
6364.463866630011
 20
863.0987549343547
 10
6408.2214033682
 20
870.0531827421775
 10
6452.712821890694
 20
876.6963741257285
 10
6498.241888770339
 20
882.9100653476714
 10
6545.424795070157
 20
888.6196183107775
 10
6596.927659773059
 20
891.8306780066528
 10
6655.15173134879
 20
891.0841580087482
 10
6719.236160908113
 20
887.5124126544879
 10
6788.092292477302
 20
882.1106312634147
 10
6869.21367510539
 20
875.017414457218
 10
6876.028267323624
 20
841.6697619270652
 10
6787.910358927951
 20
849.3747517646357
 10
6719.431564183743
 20
854.7469309838631
 10
6656.1316367369745
 20
858.274952116886
 10
6599.323279112609
 20
859.0033205368021
 10
6549.41686548164
 20
855.8917951041778
 10
6503.108255646284
 20
850.2880398199512
 10
6457.909677292077
 20
844.1194528311984
 10
6413.679049965011
 20
837.51520122255
 10
6370.101913909805
 20
830.5894446704656
 10
6326.93233217016
 20
823.4702623996087
 10
6284.047319572551
 20
816.2660642770256
 10
6241.510076218006
 20
808.7389663870308
 10
6199.166207664803
 20
800.996148798134
 10
6156.865783666366
 20
793.2727268162923
 10
6114.496616306527
 20
785.8122811058041
 10
6071.819021673932
 20
778.8680092856997
 10
6028.601486646563
 20
773.6232816143627
 10
5985.161832258573
 20
770.1008456144189
 10
5941.809648386141
 20
767.5774418117455
 10
5898.7334834485
 20
765.3249201743895
 10
5855.954281917933
 20
762.6638057966773
 10
5813.153913021685
 20
759.7547761814715
 10
5770.069419831884
 20
757.3591117057401
 10
5726.505784220169
 20
756.2531560385962
 10
5682.237097527293
 20
757.4795354448946
 10
5637.285759724327
 20
761.970575913022
 10
5591.969095346104
 20
769.1771429576694
 10
5546.403326344049
 20
778.4827301443174
 10
5500.380285674447
 20
789.4243159925865
 10
5453.3907614216105
 20
804.1412326989093
 10
5405.70074465931
 20
822.8014642349385
 10
5352.123730259291
 20
846.5630168285868
 10
5344.42202525553
 20
884.2518137705192
  0
TEXT
  5
3E
330
17
100
AcDbEntity
  8
0
100
AcDbText
 10
6064.106424045419
 20
821.293095344085
 30
0.0
 40
8.0
  1
L08_CONTINUOUS_COVER_RIGHT
100
AcDbText
  0
LWPOLYLINE
  5
3F
330
17
100
AcDbEntity
  8
0
100
AcDbPolyline
 90
77
 70
1
 10
5344.42202525553
 20
1267.4135288671164
 10
5417.013022330727
 20
1264.7608576163843
 10
5467.121611452495
 20
1264.2261837568306
 10
5515.018732473331
 20
1265.7940230425436
 10
5561.266928984353
 20
1269.0024624217185
 10
5606.795677885777
 20
1273.0343290727797
 10
5651.175622185556
 20
1278.6882282904332
 10
5694.28489863097
 20
1286.4250791007203
 10
5736.3143339417165
 20
1296.0916172493519
 10
5777.973287319728
 20
1306.5354411565786
 10
5819.5772623769035
 20
1317.0547090734997
 10
5861.273643287572
 20
1327.378970882847
 10
5903.292517397411
 20
1337.2892146436966
 10
5945.8051269262905
 20
1346.2024240267936
 10
5988.5437932193745
 20
1354.212071941536
 10
6031.312799590423
 20
1361.485645432394
 10
6073.957365381262
 20
1368.1844057797055
 10
6116.462761781526
 20
1374.5751906318299
 10
6158.994510948519
 20
1380.7812223624676
 10
6201.681025185993
 20
1386.6405073328565
 10
6244.622902506026
 20
1391.9735851592973
 10
6287.927896588049
 20
1396.514984943587
 10
6331.613409449044
 20
1400.0428199243995
 10
6375.6619752670795
 20
1402.6541386128342
 10
6420.30868502527
 20
1403.8684742921637
 10
6465.722378513599
 20
1403.167991087598
 10
6512.066774720901
 20
1400.0498433331709
 10
6559.833833761033
 20
1393.9889825157582
 10
6610.567336091879
 20
1381.3448568098872
 10
6665.261573531811
 20
1359.944388425973
 10
6723.419987313948
 20
1332.1446154962027
 10
6784.6496287444415
 20
1299.9078367272903
 10
6853.674457699386
 20
1262.2838298825932
 10
6856.230053260308
 20
1242.8667016860345
 10
6857.233380425689
 20
1229.241088707962
 10
6859.051027902699
 20
1217.143346745171
 10
6861.5255910236665
 20
1205.4022636029003
 10
6864.448921680406
 20
1193.7909881994433
 10
6873.00979019422
 20
1162.838277483057
 10
6802.174557285548
 20
1178.7752275088021
 10
6752.1768096446085
 20
1188.4376309842417
 10
6703.906542256377
 20
1195.5277815937466
 10
6657.809572807397
 20
1199.2276995855857
 10
6613.875847678162
 20
1198.691959899984
 10
6570.956609096682
 20
1195.0947914582312
 10
6528.338998015385
 20
1190.094434344267
 10
6486.08356739604
 20
1183.9099128224202
 10
6444.073209731291
 20
1176.7570192667577
 10
6402.195498384217
 20
1168.8543547092236
 10
6360.361638454864
 20
1160.388112864973
 10
6318.537590233849
 20
1151.2240926688842
 10
6276.719285316289
 20
1141.4534208476732
 10
6234.965129823893
 20
1131.3037410001687
 10
6193.3360299599235
 20
1121.0376871986864
 10
6151.85141157553
 20
1110.9157472557745
 10
6110.393974933034
 20
1100.9792086026475
 10
6069.007097563834
 20
1091.030615686328
 10
6027.776865305126
 20
1080.8772650279464
 10
5986.766668276411
 20
1070.3421675022491
 10
5945.950110339648
 20
1059.2824159126892
 10
5905.185657107973
 20
1047.952800898484
 10
5864.462547827593
 20
1036.424857584112
 10
5823.768206579355
 20
1024.676121079379
 10
5783.033434306972
 20
1012.721341302884
 10
5742.148902082123
 20
1000.5837914665244
 10
5701.301993753754
 20
988.0493836316296
 10
5660.6977432855665
 20
974.9784733871775
 10
5620.503729946088
 20
961.3605202297374
 10
5580.678251349072
 20
947.0264278748477
 10
5541.092421590664
 20
932.0430264302884
 10
5489.771907593766
 20
911.8306780066528
 10
5472.36234600831
 20
965.4466771162431
 10
5458.677495323243
 20
1007.4913520134021
 10
5444.006995000046
 20
1051.525411207971
 10
5425.8297681791355
 20
1101.071230090202
 10
5398.961284468674
 20
1162.8747147769009
 10
5344.42202525553
 20
1267.4135288671164
  0
TEXT
  5
40
330
17
100
AcDbEntity
  8
0
100
AcDbText
 10
6113.938678882999
 20
1206.3976720652233
 30
0.0
 40
8.0
  1
L08_CONTINUOUS_COVER_I1
100
AcDbText
  0
LWPOLYLINE
  5
41
330
17
100
AcDbEntity
  8
0
100
AcDbPolyline
 90
77
 70
1
 10
7016.927220678993
 20
391.5407713595601
 10
7070.9799265058255
 20
381.3561400084342
 10
7112.68313414999
 20
373.88496884679427
 10
7154.484529276752
 20
366.9987604978803
 10
7196.514773788641
 20
360.7132766531067
 10
7238.82058285429
 20
354.79130110712185
 10
7281.215609656615
 20
349.25587492360444
 10
7323.533991329124
 20
344.1149972390433
 10
7365.662554407975
 20
339.27230878392146
 10
7407.732167057287
 20
334.81383623403224
 10
7449.8159503191255
 20
330.74660822776764
 10
7491.928369683689
 20
327.01449281826274
 10
7534.062392866665
 20
323.64634599094006
 10
7576.304396334576
 20
320.87749567042476
 10
7618.698726200812
 20
318.5383742993382
 10
7661.207243504284
 20
316.43722074937574
 10
7703.779780760722
 20
314.3912870635376
 10
7746.421828669251
 20
312.20804572717554
 10
7789.246760163631
 20
309.8954570459367
 10
7832.1757387135
 20
307.65519349151384
 10
7875.089266255225
 20
305.7409192442073
 10
7917.88628226907
 20
304.40040946559265
 10
7960.558092221081
 20
303.75944371313545
 10
8003.168156527281
 20
303.7068116814778
 10
8045.772006475718
 20
304.43707400107866
 10
8088.439523996416
 20
306.1771708877916
 10
8131.245177924112
 20
309.15398067297355
 10
8174.090223217358
 20
313.5665536472784
 10
8217.372223452081
 20
321.16169420559595
 10
8262.007857937218
 20
333.2885637343039
 10
8308.166013353995
 20
349.1167334611768
 10
8355.56305140558
 20
367.7572149631216
 10
8422.291736696236
 20
396.32305377221803
 10
8419.547164015266
 20
364.34218404800174
 10
8418.785613514709
 20
352.3895502050668
 10
8418.498324037884
 20
340.44091263272645
 10
8419.003879334765
 20
328.3230248423476
 10
8420.737888731976
 20
314.81508803510894
 10
8422.061801442956
 20
295.1544850047014
 10
8361.038713219494
 20
245.4343017935368
 10
8306.776632366535
 20
202.4981565500196
 10
8254.726403902067
 20
164.46788358202846
 10
8204.883454616933
 20
133.4016144343211
 10
8157.354282451017
 20
111.6398450628281
 10
8111.543043317985
 20
96.84052036987833
 10
8066.578799319774
 20
85.18785642514945
 10
8022.076888560041
 20
76.09230070478475
 10
7977.97154449555
 20
69.03171080562953
 10
7934.191728316973
 20
63.470115444104465
 10
7890.595029866439
 20
58.90246673227517
 10
7847.188800617052
 20
55.43056820193692
 10
7804.007920465567
 20
52.792972088841395
 10
7760.993443034367
 20
50.65679118664724
 10
7718.064064417225
 20
48.81493511596966
 10
7675.111694108262
 20
47.13890364356536
 10
7631.957607266507
 20
45.77316568927273
 10
7588.576841132331
 20
44.97434795415603
 10
7545.089605984591
 20
44.915692595364135
 10
7501.65316373196
 20
45.80864449480271
 10
7458.510558017439
 20
47.81410214291532
 10
7415.6018137359515
 20
50.37064165868662
 10
7372.7451472079
 20
53.26150537404669
 10
7329.840068860565
 20
56.235688092923965
 10
7286.697513106597
 20
58.642583386607896
 10
7242.85178802269
 20
59.29839585343717
 10
7198.176315493465
 20
57.74055876151937
 10
7152.721699694655
 20
54.08351506474429
 10
7106.73350973411
 20
49.01140106109426
 10
7059.394731797534
 20
41.796883214760726
 10
7010.332269435474
 20
32.056175455186235
 10
6939.3112013221125
 20
15.0
 10
6974.468642155249
 20
127.95795833046392
 10
6988.8728457300185
 20
193.69455702172826
 10
6997.114179398886
 20
245.85607486149559
 10
7003.270079162136
 20
291.93725126200474
 10
7009.124536440865
 20
335.8487019249322
 10
7016.927220678993
 20
391.5407713595601
  0
TEXT
  5
42
330
17
100
AcDbEntity
  8
0
100
AcDbText
 10
7685.396801830076
 20
219.4497036708688
 30
0.0
 40
8.0
  1
L08_CONTINUOUS_COVER_I4
100
AcDbText
  0
LWPOLYLINE
  5
43
330
17
100
AcDbEntity
  8
0
100
AcDbPolyline
 90
61
 70
1
 10
6939.3112013221125
 20
599.4528342759082
 10
7003.235579242234
 20
616.2611122023334
 10
7055.764168296031
 20
628.8538474812749
 10
7108.683559100059
 20
639.8912252900657
 10
7161.680228657076
 20
650.0423394508244
 10
7214.566684519941
 20
660.0350558347141
 10
7267.318454898332
 20
670.4784899764578
 10
7320.164598530368
 20
680.8856173318293
 10
7373.1068140947655
 20
691.0593239750697
 10
7426.1442794778395
 20
700.9482742977161
 10
7479.292367673019
 20
710.5048622216631
 10
7532.5616373354615
 20
719.6821991198465
 10
7585.954965833424
 20
728.4843155621738
 10
7639.516119231622
 20
736.838087028397
 10
7693.327020932288
 20
744.5256549199661
 10
7747.454616347789
 20
751.3226232141
 10
7801.969062322444
 20
757.0064287279631
 10
7857.000812508577
 20
761.331148217746
 10
7912.821454672098
 20
763.5804922088773
 10
7969.603818861544
 20
763.1350631314045
 10
8027.494461706681
 20
759.5219986776025
 10
8086.791031256973
 20
752.2546823498142
 10
8148.521085240842
 20
739.3044135967399
 10
8214.784211185568
 20
715.0110759729998
 10
8288.107106295345
 20
674.5136504314045
 10
8372.090337555983
 20
595.9065278459808
 10
8371.596481731274
 20
586.7195938031983
 10
8371.592741981443
 20
584.8649413618413
 10
8371.731796838398
 20
583.6828074623766
 10
8372.109078809413
 20
582.147511489309
 10
8382.304934949594
 20
550.9033315306993
 10
8287.303320065987
 20
603.0519394414347
 10
8225.592786659387
 20
620.4747292013324
 10
8167.449428762615
 20
628.9488394557117
 10
8111.492375825607
 20
630.9913376106555
 10
8056.306488875959
 20
629.7831657707882
 10
8001.722100687362
 20
626.4181024540272
 10
7947.7108272934265
 20
621.1541245229572
 10
7894.152758782422
 20
614.2530514547801
 10
7840.899430743107
 20
606.0687786161919
 10
7787.830576573387
 20
597.0515624749561
 10
7734.936791647367
 20
587.3435135003541
 10
7682.177955507936
 20
577.073234109989
 10
7629.512787109487
 20
566.3740612518723
 10
7576.913953275138
 20
555.3843601552578
 10
7524.392083809667
 20
544.127868585035
 10
7471.948504850944
 20
532.5917441944124
 10
7419.566362838978
 20
520.8129310425612
 10
7367.234962696464
 20
508.8285960296458
 10
7314.934620341872
 20
496.67272822205155
 10
7262.602537878262
 20
484.4558148148664
 10
7210.210649992483
 20
472.48354463883095
 10
7157.950949002754
 20
460.39889073318784
 10
7105.9603625475565
 20
447.7534369946744
 10
7054.2900297801625
 20
434.0891066830544
 10
6991.213355711765
 20
416.32305377221803
 10
6977.490392241458
 20
464.6295206162115
 10
6967.86688326774
 20
498.6402165285369
 10
6959.107279240195
 20
529.7609639209246
 10
6951.025478426306
 20
558.579908358269
 10
6939.3112013221125
 20
599.4528342759082
  0
TEXT
  5
44
330
17
100
AcDbEntity
  8
0
100
AcDbText
 10
7634.683736838793
 20
615.2970735806718
 30
0.0
 40
8.0
  1
O08_SMOOTH_LOWER_I2_B
100
AcDbText
  0
LWPOLYLINE
  5
45
330
17
100
AcDbEntity
  8
0
100
AcDbPolyline
 90
77
 70
1
 10
6939.3112013221125
 20
1065.487173867881
 10
6992.5384651897675
 20
1074.9492921763083
 10
7034.62763412405
 20
1081.9459672432124
 10
7076.889823838992
 20
1088.2887113661018
 10
7119.331345631024
 20
1093.9142366085505
 10
7161.957887397396
 20
1099.0828888680905
 10
7204.604985420767
 20
1103.951743199146
 10
7247.080123135611
 20
1108.6723903552024
 10
7289.330371167969
 20
1113.3922556857358
 10
7331.546491181422
 20
1117.9779229071464
 10
7373.773199270019
 20
1122.3371064700714
 10
7416.03640168747
 20
1126.445359178168
 10
7458.413979320089
 20
1130.212738258243
 10
7500.934798365399
 20
1133.3577517365914
 10
7543.511504779966
 20
1136.0276203346607
 10
7586.093370970688
 20
1138.4287164090697
 10
7628.63553363132
 20
1140.7662093674633
 10
7671.214806911828
 20
1143.201386026748
 10
7714.050245413637
 20
1145.6518207714487
 10
7757.105484035447
 20
1147.9412904545895
 10
7800.263873584763
 20
1149.8877875621577
 10
7843.39412759592
 20
1151.3092254767962
 10
7886.401188159742
 20
1152.1131802963478
 10
7929.378815420965
 20
1152.4013370304547
 10
7972.481327981607
 20
1151.946248843024
 10
8015.786059737938
 20
1150.4837577023397
 10
8059.3588215385025
 20
1147.7498031668135
 10
8103.492367842684
 20
1143.465077021363
 10
8148.755963261705
 20
1135.7010372838763
 10
8195.25108949881
 20
1123.1255443850387
 10
8242.654004950897
 20
1106.7964779754022
 10
8290.823407773816
 20
1087.6689096918337
 10
8345.914388884163
 20
1063.9117928228557
 10
8347.832624282943
 20
1044.8372915937382
 10
8349.14514925888
 20
1032.8731736545801
 10
8350.541945751367
 20
1020.9223303247203
 10
8352.011699775672
 20
1008.9889580506513
 10
8353.553610717663
 20
997.0783222136994
 10
8356.798808562435
 20
973.3020331772295
 10
8300.670897022997
 20
965.422752260343
 10
8256.717714073338
 20
959.2712633733995
 10
8213.254318491143
 20
953.2135163808786
 10
8170.357652956011
 20
947.2600741789521
 10
8127.9945026540345
 20
941.4031847537456
 10
8085.903108128002
 20
935.5993510063632
 10
8043.88995849721
 20
929.8145043023655
 10
8001.901483771745
 20
924.0368631167095
 10
7959.90655354084
 20
918.2597832414625
 10
7917.866923088338
 20
912.4771034974736
 10
7875.706529550599
 20
906.6783083436829
 10
7833.3366090013305
 20
900.8512783370155
 10
7790.82704664398
 20
895.0053145095015
 10
7748.323438471729
 20
889.1599945420228
 10
7705.968851596069
 20
883.334746710048
 10
7663.835159783658
 20
877.5394631009539
 10
7621.760027028176
 20
871.7524774483934
 10
7579.686633534537
 20
865.9662666936252
 10
7537.639234573221
 20
860.1840162309716
 10
7495.633384192356
 20
854.4079174748244
 10
7453.6664279758115
 20
848.6380413958861
 10
7411.714760668666
 20
842.8718257712849
 10
7369.761159762471
 20
837.1084013028831
 10
7327.7801951091205
 20
831.3470084369949
 10
7285.708795490112
 20
825.5840768711188
 10
7243.409948103265
 20
819.8070868344364
 10
7200.95544630668
 20
814.0222980237945
 10
7158.520801696064
 20
808.243820493901
 10
7116.263939784194
 20
802.4814290847174
 10
7074.108842493462
 20
796.7233408460114
 10
7031.9939544058425
 20
790.9647880316347
 10
6978.031635195659
 20
783.5804922088773
 10
6970.492428705276
 20
838.5591738624846
 10
6964.556789120905
 20
881.6479341946226
 10
6958.598915057824
 20
924.7400304355232
 10
6952.6355622469255
 20
967.8360178394353
 10
6946.701245739793
 20
1010.9535743761448
 10
6939.3112013221125
 20
1065.487173867881
  0
TEXT
  5
46
330
17
100
AcDbEntity
  8
0
100
AcDbText
 10
7640.340506534532
 20
997.2575267913986
 30
0.0
 40
8.0
  1
L08_CONTINUOUS_COVER_I2
100
AcDbText
  0
LWPOLYLINE
  5
47
330
17
100
AcDbEntity
  8
0
100
AcDbPolyline
 90
77
 70
1
 10
6939.3910459754425
 20
1460.81117875538
 10
6993.85718854902
 20
1460.8445137241401
 10
7036.364208729033
 20
1460.873855490907
 10
7078.910952111175
 20
1460.908372112902
 10
7121.558546829883
 20
1460.9516660384706
 10
7164.382875228748
 20
1461.0063915414846
 10
7207.225436556349
 20
1461.064448461424
 10
7249.914170310829
 20
1461.1151633258514
 10
7292.379749951679
 20
1461.1501472040889
 10
7334.756438326085
 20
1461.1714440827363
 10
7377.105730567393
 20
1461.1838294626632
 10
7419.452866407035
 20
1461.190997422975
 10
7461.815183915233
 20
1461.195264545151
 10
7504.216699184711
 20
1461.1977042721496
 10
7546.660054491331
 20
1461.1989288753464
 10
7589.129552959561
 20
1461.1993125958566
 10
7631.60090468484
 20
1461.1990568458652
 10
7674.131449558921
 20
1461.1984326006284
 10
7716.884897320002
 20
1461.1976969702375
 10
7759.788788117559
 20
1461.1964543734512
 10
7802.69859677109
 20
1461.1944726964173
 10
7845.467383991503
 20
1461.191725381053
 10
7888.024755522327
 20
1461.1882889882554
 10
7930.460116187164
 20
1461.184579621526
 10
7972.85001916405
 20
1461.181182866145
 10
8015.232984288537
 20
1461.1783344680703
 10
8057.640287304187
 20
1461.175257377223
 10
8100.1264112982235
 20
1461.1692876895645
 10
8142.889035756924
 20
1461.1533634595166
 10
8186.195429464379
 20
1461.1172614330485
 10
8230.079673434666
 20
1461.0529108204094
 10
8274.465211250175
 20
1460.9542316157676
 10
8331.139232365387
 20
1460.7822289545732
 10
8331.185610850798
 20
1436.7887239028178
 10
8331.270809054351
 20
1424.764506458213
 10
8331.422629051465
 20
1412.7370103334674
 10
8331.64706723278
 20
1400.7085437228432
 10
8331.961648697852
 20
1388.6916868836552
 10
8332.675771023352
 20
1369.5377825739927
 10
8281.32178231678
 20
1338.5069382971637
 10
8236.215805111931
 20
1312.9882919678994
 10
8191.4894175048075
 20
1290.3366266656162
 10
8147.148325235312
 20
1271.5258360085372
 10
8103.3677880703335
 20
1257.653151349351
 10
8060.2301661963975
 20
1247.386738157638
 10
8017.435792308017
 20
1238.738073494553
 10
7974.733491577574
 20
1231.388729970529
 10
7932.094256873689
 20
1225.0668718488523
 10
7889.477512123705
 20
1219.4994926876404
 10
7846.761408036241
 20
1214.4398961893075
 10
7803.839377931668
 20
1209.9754440056759
 10
7760.818331570947
 20
1206.02658423297
 10
7717.853156946883
 20
1202.4297279973352
 10
7675.083738627592
 20
1199.019824686486
 10
7632.569580728434
 20
1195.6297126365798
 10
7590.105354165952
 20
1192.1496629954695
 10
7547.593559287225
 20
1188.727290951911
 10
7505.050558582765
 20
1185.570605744584
 10
7462.498240986153
 20
1182.8908499637055
 10
7420.003025141011
 20
1180.8460576937932
 10
7377.5748077739145
 20
1179.1533762829322
 10
7335.14880149553
 20
1177.7123537538698
 10
7292.702367806687
 20
1176.4944913250654
 10
7250.203046968141
 20
1175.4036902759726
 10
7207.479874469169
 20
1174.2859490257001
 10
7164.566076881617
 20
1173.2966533047831
 10
7121.632355056201
 20
1172.6097402180667
 10
7078.819909558638
 20
1172.4013370304547
 10
7036.087515386344
 20
1172.9288252040483
 10
6993.436848140856
 20
1174.1278452768966
 10
6939.417909948533
 20
1176.2590372039085
 10
6939.3112013221125
 20
1231.290756495291
 10
6939.326825170146
 20
1274.8073387245106
 10
6939.3704406233965
 20
1318.3209529580072
 10
6939.404078010296
 20
1361.8218038091181
 10
6939.412907877154
 20
1405.3171166944985
 10
6939.3910459754425
 20
1460.81117875538
  0
TEXT
  5
48
330
17
100
AcDbEntity
  8
0
100
AcDbText
 10
7624.622546678854
 20
1343.0837024913294
 30
0.0
 40
8.0
  1
L08_CONTINUOUS_COVER_I3
100
AcDbText
  0
LWPOLYLINE
  5
49
330
17
100
AcDbEntity
  8
0
100
AcDbPolyline
 90
61
 70
1
 10
8442.291736696236
 20
176.47159857154256
 10
8512.230568809726
 20
226.60389033668062
 10
8570.590470639965
 20
268.43638151999687
 10
8633.891330013277
 20
298.26810913092515
 10
8701.491164091045
 20
315.70671110582697
 10
8781.971025214443
 20
314.23830731614095
 10
8869.987378613654
 20
296.8428713031701
 10
8957.212473546397
 20
270.2541856476386
 10
9035.937167298305
 20
241.32554802591233
 10
9107.73483205674
 20
211.75831135375486
 10
9182.308868114627
 20
176.38751542416324
 10
9254.077527163228
 20
141.61410399981224
 10
9317.38021586841
 20
114.40776973800283
 10
9368.201780183837
 20
101.36367480815072
 10
9413.796085135418
 20
96.52528696378
 10
9458.651662636752
 20
95.90766645878995
 10
9502.170405330002
 20
99.63021205121754
 10
9543.474447484266
 20
107.34172129160892
 10
9581.716755172492
 20
118.62500700935587
 10
9618.505391989387
 20
131.97196217585702
 10
9654.834639466166
 20
146.69383596183204
 10
9689.672988642309
 20
163.59238676379726
 10
9732.478057723783
 20
189.7655196043834
 10
9744.073474528836
 20
173.58892123832572
 10
9749.17115074379
 20
166.47722682651013
 10
9754.268826952097
 20
159.3655324229558
 10
9759.366503159954
 20
152.25383802149292
 10
9764.464179368457
 20
145.14214361934518
 10
9769.561855577085
 20
138.030449214975
 10
9774.659531784679
 20
130.91875480410036
 10
9787.279124496448
 20
113.31334332474484
 10
9741.978599929775
 20
85.61436577847294
 10
9705.370792843905
 20
67.85752877537048
 10
9667.88916631104
 20
52.66867094311888
 10
9629.993598740311
 20
38.92012016412764
 10
9589.86873736341
 20
27.081392256665225
 10
9546.1848591363
 20
18.925565055509225
 10
9500.292699733382
 20
15.0
 10
9453.142942041108
 20
15.649209283575146
 10
9404.711026544664
 20
20.78871940574058
 10
9350.39367978162
 20
34.73005784627978
 10
9284.883107277321
 20
62.88530000914329
 10
9212.715153892988
 20
97.85217787422177
 10
9138.797627778376
 20
132.91158825084378
 10
9068.006900275595
 20
162.06415471549997
 10
8990.349856844236
 20
190.60046729900407
 10
8904.928331657376
 20
216.63937371214527
 10
8820.186850558128
 20
233.38756832838635
 10
8745.102682503823
 20
234.75752445916527
 10
8682.857900820492
 20
218.70035522712695
 10
8623.57886319407
 20
190.76398719175563
 10
8566.994176516086
 20
150.203973647834
 10
8497.055344082284
 20
100.07168164608319
 10
8484.96656898764
 20
116.93655736479724
 10
8479.868892838495
 20
124.0482517007841
 10
8474.771216637731
 20
131.15994610648255
 10
8469.673540436008
 20
138.27164052724578
 10
8464.575864240693
 20
145.38333494123626
 10
8459.478188046194
 20
152.49502933094152
 10
8454.38051184036
 20
159.60672366550764
 10
8442.291736696236
 20
176.47159857154256
  0
TEXT
  5
4A
330
17
100
AcDbEntity
  8
0
100
AcDbText
 10
9162.110508787728
 20
147.46343688710485
 30
0.0
 40
8.0
  1
G08_BACK_-1_I1
100
AcDbText
  0
LWPOLYLINE
  5
4B
330
17
100
AcDbEntity
  8
0
100
AcDbPolyline
 90
61
 70
1
 10
8442.291736696236
 20
497.1783096773695
 10
8512.230568809726
 20
547.3106014425076
 10
8570.590470639965
 20
589.1430926258238
 10
8633.891330013277
 20
618.9748202367521
 10
8701.491164091045
 20
636.4134222116539
 10
8781.971025214443
 20
634.9450184219679
 10
8869.987378613654
 20
617.5495824089971
 10
8957.212473546397
 20
590.9608967534656
 10
9035.937167298305
 20
562.0322591317392
 10
9107.73483205674
 20
532.4650224595819
 10
9182.308868114627
 20
497.0942265299902
 10
9254.077527163228
 20
462.3208151056392
 10
9317.38021586841
 20
435.1144808438298
 10
9368.201780183837
 20
422.0703859139777
 10
9413.796085135418
 20
417.23199806960696
 10
9458.651662636752
 20
416.6143775646169
 10
9502.170405330002
 20
420.3369231570445
 10
9543.474447484266
 20
428.0484323974359
 10
9581.716755172492
 20
439.3317181151828
 10
9618.505391989387
 20
452.678673281684
 10
9654.834639466166
 20
467.400547067659
 10
9689.672988642309
 20
484.29909786962423
 10
9732.478057723783
 20
510.4722307102104
 10
9744.073474528836
 20
494.2956323441527
 10
9749.17115074379
 20
487.1839379323371
 10
9754.268826952097
 20
480.07224352878274
 10
9759.366503159954
 20
472.9605491273199
 10
9764.464179368457
 20
465.84885472517215
 10
9769.561855577085
 20
458.737160320802
 10
9774.659531784679
 20
451.62546590992736
 10
9787.279124496448
 20
434.0200544305718
 10
9741.978599929775
 20
406.32107688429994
 10
9705.370792843905
 20
388.56423988119747
 10
9667.88916631104
 20
373.3753820489459
 10
9629.993598740311
 20
359.6268312699546
 10
9589.86873736341
 20
347.78810336249217
 10
9546.1848591363
 20
339.6322761613362
 10
9500.292699733382
 20
335.70671110582697
 10
9453.142942041108
 20
336.3559203894021
 10
9404.711026544664
 20
341.4954305115675
 10
9350.39367978162
 20
355.4367689521067
 10
9284.883107277321
 20
383.59201111497026
 10
9212.715153892988
 20
418.5588889800487
 10
9138.797627778376
 20
453.6182993566707
 10
9068.006900275595
 20
482.77086582132694
 10
8990.349856844236
 20
511.307178404831
 10
8904.928331657376
 20
537.3460848179723
 10
8820.186850558128
 20
554.0942794342133
 10
8745.102682503823
 20
555.4642355649922
 10
8682.857900820492
 20
539.407066332954
 10
8623.57886319407
 20
511.4706982975826
 10
8566.994176516086
 20
470.910684753661
 10
8497.055344082284
 20
420.77839275191013
 10
8484.96656898764
 20
437.6432684706242
 10
8479.868892838495
 20
444.75496280661105
 10
8474.771216637731
 20
451.8666572123095
 10
8469.673540436008
 20
458.97835163307275
 10
8464.575864240693
 20
466.09004604706325
 10
8459.478188046194
 20
473.2017404367685
 10
8454.38051184036
 20
480.3134347713346
 10
8442.291736696236
 20
497.1783096773695
  0
TEXT
  5
4C
330
17
100
AcDbEntity
  8
0
100
AcDbText
 10
9162.110508787728
 20
468.17014799293173
 30
0.0
 40
8.0
  1
G08_BACK_1_I1
100
AcDbText
  0
LWPOLYLINE
  5
4D
330
17
100
AcDbEntity
  8
0
100
AcDbPolyline
 90
47
 70
1
 10
8459.731988695583
 20
721.7746353493301
 10
8513.887407118182
 20
776.7859718273452
 10
8565.125974936513
 20
826.267526179425
 10
8617.425262344788
 20
870.9315497687527
 10
8674.163988054417
 20
909.5806206503945
 10
8746.147518966147
 20
943.4648382489772
 10
8831.523808462673
 20
970.2842530294979
 10
8921.185357174392
 20
988.485821902465
 10
9005.33723769278
 20
996.671272130659
 10
9083.321453468361
 20
996.1075376009351
 10
9165.890132803015
 20
991.9632506176463
 10
9246.093486062213
 20
984.6973372115341
 10
9316.374932948565
 20
974.5352755500413
 10
9370.672151157527
 20
961.1443722962134
 10
9415.670723096502
 20
941.147665152132
 10
9455.71406396935
 20
915.5667704231432
 10
9491.6047212743
 20
887.1647712290578
 10
9524.332536079935
 20
858.5494716695291
 10
9555.226814563657
 20
831.9781960385479
 10
9585.67238402499
 20
806.2793567296512
 10
9615.599415667168
 20
779.4983807802361
 10
9644.66590852197
 20
752.0004189223213
 10
9677.977123665165
 20
718.952484171385
 10
9659.400359799407
 20
656.4134222116539
 10
9617.14484385016
 20
698.3349650900808
 10
9588.526911132485
 20
725.4085727060399
 10
9559.10623918464
 20
751.7364196262253
 10
9528.84101432521
 20
777.2830316315612
 10
9497.788400188656
 20
803.9904871793461
 10
9465.42987743849
 20
832.2828992239288
 10
9430.951379711241
 20
859.5673887873863
 10
9393.452754179209
 20
883.5226425526174
 10
9352.044751364832
 20
901.9237532994944
 10
9300.952895480914
 20
914.5241428179237
 10
9232.471232387588
 20
924.42597201847
 10
9153.384871174692
 20
931.5906930535164
 10
9071.81250138532
 20
935.6849732701581
 10
8995.594828928732
 20
936.2359377610059
 10
8913.92359892879
 20
928.291780314711
 10
8826.703359071831
 20
910.5858046129365
 10
8744.0743791346
 20
884.6294073638137
 10
8675.284484887277
 20
852.2485041803063
 10
8621.19677564595
 20
815.4052426838825
 10
8570.44969812412
 20
772.0668191633
 10
8519.376785945235
 20
722.7452399798482
 10
8442.291736696236
 20
663.0616642278609
 10
8459.731988695583
 20
721.7746353493301
  0
TEXT
  5
4E
330
17
100
AcDbEntity
  8
0
100
AcDbText
 10
9129.857022519347
 20
855.4801314166942
 30
0.0
 40
8.0
  1
H08_CANOPY_LEFT
100
AcDbText
  0
LWPOLYLINE
  5
4F
330
17
100
AcDbEntity
  8
0
100
AcDbPolyline
 90
47
 70
1
 10
8459.731988695583
 20
1082.0324852683352
 10
8513.887407118182
 20
1137.0438217463502
 10
8565.125974936513
 20
1186.52537609843
 10
8617.425262344788
 20
1231.1893996877577
 10
8674.163988054417
 20
1269.8384705693995
 10
8746.147518966147
 20
1303.7226881679824
 10
8831.523808462673
 20
1330.5421029485028
 10
8921.185357174392
 20
1348.7436718214701
 10
9005.33723769278
 20
1356.9291220496639
 10
9083.321453468361
 20
1356.3653875199402
 10
9165.890132803015
 20
1352.2211005366514
 10
9246.093486062213
 20
1344.9551871305391
 10
9316.374932948565
 20
1334.7931254690463
 10
9370.672151157527
 20
1321.4022222152184
 10
9415.670723096502
 20
1301.405515071137
 10
9455.71406396935
 20
1275.8246203421481
 10
9491.6047212743
 20
1247.422621148063
 10
9524.332536079935
 20
1218.807321588534
 10
9555.226814563657
 20
1192.236045957553
 10
9585.67238402499
 20
1166.5372066486561
 10
9615.599415667168
 20
1139.756230699241
 10
9644.66590852197
 20
1112.2582688413263
 10
9677.977123665165
 20
1079.21033409039
 10
9659.400359799407
 20
1016.671272130659
 10
9617.14484385016
 20
1058.5928150090858
 10
9588.526911132485
 20
1085.6664226250448
 10
9559.10623918464
 20
1111.9942695452303
 10
9528.84101432521
 20
1137.5408815505664
 10
9497.788400188656
 20
1164.2483370983512
 10
9465.42987743849
 20
1192.540749142934
 10
9430.951379711241
 20
1219.8252387063912
 10
9393.452754179209
 20
1243.7804924716224
 10
9352.044751364832
 20
1262.1816032184995
 10
9300.952895480914
 20
1274.7819927369287
 10
9232.471232387588
 20
1284.6838219374752
 10
9153.384871174692
 20
1291.8485429725215
 10
9071.81250138532
 20
1295.9428231891632
 10
8995.594828928732
 20
1296.4937876800109
 10
8913.92359892879
 20
1288.549630233716
 10
8826.703359071831
 20
1270.8436545319416
 10
8744.0743791346
 20
1244.8872572828186
 10
8675.284484887277
 20
1212.5063540993115
 10
8621.19677564595
 20
1175.6630926028877
 10
8570.44969812412
 20
1132.324669082305
 10
8519.376785945235
 20
1083.0030898988532
 10
8442.291736696236
 20
1023.3195141468659
 10
8459.731988695583
 20
1082.0324852683352
  0
TEXT
  5
50
330
17
100
AcDbEntity
  8
0
100
AcDbText
 10
9129.857022519347
 20
1215.7379813356995
 30
0.0
 40
8.0
  1
H08_CANOPY_RIGHT
100
AcDbText
  0
LWPOLYLINE
  5
51
330
17
100
AcDbEntity
  8
0
100
AcDbPolyline
 90
47
 70
1
 10
9824.110272488635
 20
71.66240981170642
 10
9878.265690911234
 20
126.67374628972117
 10
9929.504258729565
 20
176.15530064180103
 10
9981.80354613784
 20
220.81932423112903
 10
10038.54227184747
 20
259.46839511277074
 10
10110.525802759199
 20
293.35261271135323
 10
10195.902092255725
 20
320.17202749187385
 10
10285.563640967444
 20
338.3735963648411
 10
10369.715521485832
 20
346.5590465930353
 10
10447.699737261413
 20
345.995312063312
 10
10530.268416596069
 20
341.85102508002365
 10
10610.471769855265
 20
334.58511167391134
 10
10680.75321674162
 20
324.42305001241846
 10
10735.050434950579
 20
311.03214675859056
 10
10780.049006889554
 20
291.03543961450896
 10
10820.092347762402
 20
265.4545448855202
 10
10855.983005067352
 20
237.05254569143412
 10
10888.710819872998
 20
208.43724613189644
 10
10919.60509835671
 20
181.86597050092297
 10
10950.050667818043
 20
156.1671311920253
 10
10979.977699460216
 20
129.3861552426152
 10
11009.044192315027
 20
101.88819338469239
 10
11042.355407458215
 20
68.84025863376154
 10
11032.321020891539
 20
35.05928753695392
 10
10990.065504942286
 20
76.98083041538452
 10
10961.447572224617
 20
104.05443803133745
 10
10932.02690027677
 20
130.3822849515252
 10
10901.761675417336
 20
155.9288969568633
 10
10870.709061280779
 20
182.63635250465296
 10
10838.35053853062
 20
210.92876454922924
 10
10803.872040803371
 20
238.21325411268705
 10
10766.373415271339
 20
262.16850787791816
 10
10724.965412456962
 20
280.5696186247952
 10
10673.873556573046
 20
293.17000814322466
 10
10605.39189347972
 20
303.071837343771
 10
10526.305532266824
 20
310.23655837881756
 10
10444.733162477452
 20
314.3308385954588
 10
10368.515490020862
 20
314.88180308630604
 10
10286.844260020922
 20
306.9376456400107
 10
10199.624020163963
 20
289.23166993823645
 10
10116.995040226731
 20
263.2752726891134
 10
10048.20514597941
 20
230.89436950560628
 10
9994.117436738083
 20
194.0511080091827
 10
9943.37035921625
 20
150.7126844886
 10
9892.877961269145
 20
101.95171321702061
 10
9807.279124496448
 20
14.999999999999993
 10
9824.110272488635
 20
71.66240981170642
  0
TEXT
  5
52
330
17
100
AcDbEntity
  8
0
100
AcDbText
 10
10498.259176925565
 20
218.88469669196314
 30
0.0
 40
8.0
  1
G08_BACK_-1_LEFT
100
AcDbText
  0
LWPOLYLINE
  5
53
330
17
100
AcDbEntity
  8
0
100
AcDbPolyline
 90
47
 70
1
 10
9824.110272488635
 20
423.22145640474184
 10
9878.265690911234
 20
478.23279288275654
 10
9929.504258729565
 20
527.7143472348364
 10
9981.80354613784
 20
572.3783708241644
 10
10038.54227184747
 20
611.027441705806
 10
10110.525802759199
 20
644.9116593043886
 10
10195.902092255725
 20
671.7310740849092
 10
10285.563640967444
 20
689.9326429578764
 10
10369.715521485832
 20
698.1180931860707
 10
10447.699737261413
 20
697.5543586563474
 10
10530.268416596069
 20
693.4100716730591
 10
10610.471769855265
 20
686.1441582669468
 10
10680.75321674162
 20
675.9820966054538
 10
10735.050434950579
 20
662.5911933516259
 10
10780.049006889554
 20
642.5944862075444
 10
10820.092347762402
 20
617.0135914785556
 10
10855.983005067352
 20
588.6115922844695
 10
10888.710819872998
 20
559.9962927249319
 10
10919.60509835671
 20
533.4250170939583
 10
10950.050667818043
 20
507.7261777850607
 10
10979.977699460216
 20
480.94520183565055
 10
11009.044192315027
 20
453.44723997772775
 10
11042.355407458215
 20
420.3993052267969
 10
11032.321020891539
 20
386.6183341299893
 10
10990.065504942286
 20
428.5398770084199
 10
10961.447572224617
 20
455.61348462437286
 10
10932.02690027677
 20
481.9413315445606
 10
10901.761675417336
 20
507.48794354989866
 10
10870.709061280779
 20
534.1953990976883
 10
10838.35053853062
 20
562.4878111422646
 10
10803.872040803371
 20
589.7723007057225
 10
10766.373415271339
 20
613.7275544709536
 10
10724.965412456962
 20
632.1286652178305
 10
10673.873556573046
 20
644.7290547362601
 10
10605.39189347972
 20
654.6308839368064
 10
10526.305532266824
 20
661.795604971853
 10
10444.733162477452
 20
665.8898851884942
 10
10368.515490020862
 20
666.4408496793415
 10
10286.844260020922
 20
658.4966922330461
 10
10199.624020163963
 20
640.7907165312718
 10
10116.995040226731
 20
614.8343192821487
 10
10048.20514597941
 20
582.4534160986417
 10
9994.117436738083
 20
545.6101546022181
 10
9943.37035921625
 20
502.2717310816354
 10
9892.877961269145
 20
453.510759810056
 10
9807.279124496448
 20
366.55904659303536
 10
9824.110272488635
 20
423.22145640474184
  0
TEXT
  5
54
330
17
100
AcDbEntity
  8
0
100
AcDbText
 10
10498.259176925565
 20
570.4437432849985
 30
0.0
 40
8.0
  1
G08_BACK_1_LEFT
100
AcDbText
  0
LWPOLYLINE
  5
55
330
17
100
AcDbEntity
  8
0
100
AcDbPolyline
 90
47
 70
1
 10
9824.110272488635
 20
774.7805029977773
 10
9878.265690911234
 20
829.7918394757924
 10
9929.504258729563
 20
879.2733938278725
 10
9981.80354613784
 20
923.9374174172008
 10
10038.542271847467
 20
962.5864882988426
 10
10110.525802759197
 20
996.4707058974254
 10
10195.902092255723
 20
1023.2901206779466
 10
10285.563640967443
 20
1041.491689550914
 10
10369.715521485832
 20
1049.6771397791088
 10
10447.699737261411
 20
1049.1134052493858
 10
10530.268416596067
 20
1044.9691182660981
 10
10610.471769855261
 20
1037.7032048599863
 10
10680.753216741618
 20
1027.5411431984937
 10
10735.050434950579
 20
1014.1502399446659
 10
10780.049006889552
 20
994.1535328005846
 10
10820.0923477624
 20
968.5726380715962
 10
10855.983005067352
 20
940.1706388775108
 10
10888.710819872993
 20
911.5553393179758
 10
10919.605098356704
 20
884.9840636870016
 10
10950.050667818035
 20
859.2852243781059
 10
10979.977699460218
 20
832.5042484286863
 10
11009.044192315025
 20
805.0062865707653
 10
11042.355407458212
 20
771.9583518198314
 10
11032.32102089153
 20
738.1773807230247
 10
10990.065504942282
 20
780.0989236014591
 10
10961.447572224612
 20
807.1725312174156
 10
10932.026900276775
 20
833.5003781375962
 10
10901.761675417334
 20
859.04699014294
 10
10870.709061280784
 20
885.7544456907232
 10
10838.35053853062
 20
914.0468577353042
 10
10803.872040803371
 20
941.3313472987627
 10
10766.373415271339
 20
965.2866010639938
 10
10724.965412456962
 20
983.6877118108705
 10
10673.873556573044
 20
996.2881013292999
 10
10605.391893479718
 20
1006.1899305298458
 10
10526.305532266822
 20
1013.3546515648918
 10
10444.73316247745
 20
1017.4489317815327
 10
10368.515490020862
 20
1017.9998962723796
 10
10286.84426002092
 20
1010.0557388260838
 10
10199.624020163961
 20
992.3497631243091
 10
10116.99504022673
 20
966.3933658751856
 10
10048.20514597941
 20
934.0124626916783
 10
9994.11743673808
 20
897.1692011952543
 10
9943.37035921625
 20
853.8307776746714
 10
9892.877961269145
 20
805.0698064030918
 10
9807.279124496448
 20
718.1180931860707
 10
9824.110272488635
 20
774.7805029977773
  0
TEXT
  5
56
330
17
100
AcDbEntity
  8
0
100
AcDbText
 10
10498.259176925563
 20
922.0027898780369
 30
0.0
 40
8.0
  1
G08_BACK_-1_RIGHT
100
AcDbText
  0
LWPOLYLINE
  5
57
330
17
100
AcDbEntity
  8
0
100
AcDbPolyline
 90
47
 70
1
 10
9824.110272488635
 20
1126.339549590815
 10
9878.265690911234
 20
1181.3508860688303
 10
9929.504258729563
 20
1230.8324404209104
 10
9981.80354613784
 20
1275.4964640102387
 10
10038.542271847467
 20
1314.1455348918805
 10
10110.525802759197
 20
1348.0297524904634
 10
10195.902092255723
 20
1374.8491672709845
 10
10285.563640967443
 20
1393.050736143952
 10
10369.715521485832
 20
1401.2361863721467
 10
10447.699737261411
 20
1400.672451842424
 10
10530.268416596067
 20
1396.5281648591358
 10
10610.471769855261
 20
1389.2622514530242
 10
10680.753216741618
 20
1379.1001897915316
 10
10735.050434950579
 20
1365.709286537704
 10
10780.049006889552
 20
1345.7125793936225
 10
10820.0923477624
 20
1320.1316846646341
 10
10855.983005067352
 20
1291.7296854705487
 10
10888.710819872993
 20
1263.1143859110139
 10
10919.605098356704
 20
1236.5431102800396
 10
10950.050667818035
 20
1210.8442709711437
 10
10979.977699460218
 20
1184.0632950217241
 10
11009.044192315025
 20
1156.5653331638032
 10
11042.355407458212
 20
1123.5173984128694
 10
11032.32102089153
 20
1089.7364273160626
 10
10990.065504942282
 20
1131.657970194497
 10
10961.447572224612
 20
1158.7315778104535
 10
10932.026900276775
 20
1185.059424730634
 10
10901.761675417334
 20
1210.6060367359778
 10
10870.709061280784
 20
1237.313492283761
 10
10838.35053853062
 20
1265.6059043283421
 10
10803.872040803371
 20
1292.8903938918006
 10
10766.373415271339
 20
1316.8456476570316
 10
10724.965412456962
 20
1335.2467584039084
 10
10673.873556573044
 20
1347.8471479223379
 10
10605.391893479718
 20
1357.7489771228838
 10
10526.305532266822
 20
1364.9136981579297
 10
10444.73316247745
 20
1369.0079783745705
 10
10368.515490020862
 20
1369.5589428654175
 10
10286.84426002092
 20
1361.6147854191217
 10
10199.624020163961
 20
1343.9088097173471
 10
10116.99504022673
 20
1317.9524124682237
 10
10048.20514597941
 20
1285.571509284716
 10
9994.11743673808
 20
1248.7282477882923
 10
9943.37035921625
 20
1205.3898242677092
 10
9892.877961269145
 20
1156.6288529961298
 10
9807.279124496448
 20
1069.6771397791085
 10
9824.110272488635
 20
1126.339549590815
  0
TEXT
  5
58
330
17
100
AcDbEntity
  8
0
100
AcDbText
 10
10498.259176925563
 20
1273.561836471075
 30
0.0
 40
8.0
  1
G08_BACK_1_RIGHT
100
AcDbText
  0
LWPOLYLINE
  5
59
330
17
100
AcDbEntity
  8
0
100
AcDbPolyline
 90
41
 70
1
 10
11182.340822975635
 20
394.69500688736935
 10
11304.118638493464
 20
410.0879070481279
 10
11422.43795899819
 20
412.250849534235
 10
11532.92396772916
 20
413.66611537422114
 10
11634.701019008056
 20
413.7208698481216
 10
11738.988786317603
 20
415.2690430551538
 10
11841.944908912632
 20
417.6729072150605
 10
11934.696147997813
 20
418.6944896581407
 10
12008.680783861744
 20
416.0172698908726
 10
12066.037467161063
 20
409.54107806472985
 10
12121.572537348246
 20
402.81087540309915
 10
12191.092003632808
 20
392.42753366812667
 10
12152.398707866396
 20
332.62135198463443
 10
12120.021589647182
 20
288.98654700842025
 10
12084.232695193674
 20
246.47242780946647
 10
12045.179499327925
 20
205.3762150364962
 10
12003.067422533979
 20
165.99148362601588
 10
11958.15769641831
 20
128.5850796718872
 10
11910.788091297212
 20
93.36861608347516
 10
11861.475525235885
 20
60.41394291081582
 10
11808.723089985266
 20
27.580439509351663
 10
11726.027663916568
 20
20.922332564953706
 10
11643.586785732517
 20
15.366966061197388
 10
11565.755350922851
 20
15.0
 10
11481.77031583675
 20
19.55637286423803
 10
11391.172302580682
 20
31.35109366049926
 10
11303.954834560102
 20
52.71993950783428
 10
11230.443013669776
 20
85.54993581793025
 10
11176.613145363157
 20
130.0252747149469
 10
11132.056399431132
 20
184.0168911773922
 10
11097.213385237736
 20
246.78549138856104
 10
11062.355407458215
 20
309.00405602655974
 10
11087.871048547566
 20
323.97639500956586
 10
11102.489472800684
 20
332.9894207021156
 10
11116.367278701993
 20
341.99471710346734
 10
11129.43909992862
 20
350.9037920468292
 10
11141.632800187785
 20
359.62265214536006
 10
11152.850956716975
 20
368.06885573218085
 10
11162.945279804208
 20
376.18185004357593
 10
11171.728414264768
 20
383.94904279717207
 10
11182.340822975635
 20
394.69500688736935
  0
TEXT
  5
5A
330
17
100
AcDbEntity
  8
0
100
AcDbText
 10
11560.541296062926
 20
263.63244233023346
 30
0.0
 40
8.0
  1
H08_CANOPY_I4_A
100
AcDbText
  0
LWPOLYLINE
  5
5B
330
17
100
AcDbEntity
  8
0
100
AcDbPolyline
 90
5
 70
1
 10
11062.355407458215
 20
438.6944896581407
 10
11062.355407458215
 20
547.6944896581407
 10
12176.355407458215
 20
547.6944896581407
 10
12176.355407458215
 20
438.6944896581407
 10
11062.355407458215
 20
438.6944896581407
  0
TEXT
  5
5C
330
17
100
AcDbEntity
  8
0
100
AcDbText
 10
11507.955407458216
 20
482.2944896581407
 30
0.0
 40
8.0
  1
B09_L01_CALF_CONTACT_INNER_FILL_GUARD
100
AcDbText
  0
LWPOLYLINE
  5
5D
330
17
100
AcDbEntity
  8
0
100
AcDbPolyline
 90
51
 70
1
 10
11062.355407458215
 20
834.0086160744704
 10
11127.620071977386
 20
718.2414970510406
 10
11169.042698364341
 20
673.418466871737
 10
11209.84479390672
 20
648.3962085744773
 10
11250.894029361818
 20
635.6810722091955
 10
11292.732297079263
 20
630.4550196823915
 10
11335.319469212678
 20
629.5256519902864
 10
11378.4197538356
 20
630.7244559440264
 10
11421.824034039313
 20
632.6709283472742
 10
11465.388573168688
 20
634.5792308023263
 10
11509.02533578057
 20
636.0655665455783
 10
11552.68745758178
 20
636.9812658904813
 10
11596.355407458215
 20
637.2879315790492
 10
11640.02335733465
 20
636.9812658904815
 10
11683.68547913586
 20
636.0655665455788
 10
11727.322241747745
 20
634.579230802327
 10
11770.886780877117
 20
632.670928347275
 10
11814.29106108083
 20
630.7244559440272
 10
11857.391345703752
 20
629.5256519902871
 10
11899.97851783717
 20
630.455019682392
 10
11941.816785554613
 20
635.6810722091959
 10
11982.866021009711
 20
648.3962085744778
 10
12023.668116552091
 20
673.4184668717376
 10
12065.090742939045
 20
718.2414970510406
 10
12130.355407458217
 20
834.0086160744701
 10
12130.355407458217
 20
776.4687463546085
 10
12084.981446284528
 20
685.2197058754978
 10
12039.5837999783
 20
630.4467850030965
 10
11993.573412122085
 20
597.8578539640442
 10
11947.654160812677
 20
580.1113994772265
 10
11902.409458264872
 20
571.6076757480263
 10
11857.88297366047
 20
568.3270796459361
 10
11813.87363770154
 20
567.6944896581415
 10
11770.17756542907
 20
568.1898006682472
 10
11726.648789181385
 20
568.9867432221383
 10
11683.196685824323
 20
569.68776028707
 10
11639.772530677039
 20
570.1360249331481
 10
11596.355407458215
 20
570.287562583319
 10
11552.938284239392
 20
570.1360249331478
 10
11509.514129092107
 20
569.6877602870695
 10
11466.062025735046
 20
568.9867432221376
 10
11422.533249487362
 20
568.1898006682466
 10
11378.837177214891
 20
567.6944896581407
 10
11334.827841255961
 20
568.3270796459354
 10
11290.301356651558
 20
571.6076757480258
 10
11245.056654103753
 20
580.1113994772261
 10
11199.137402794348
 20
597.8578539640439
 10
11153.127014938133
 20
630.446785003096
 10
11107.729368631903
 20
685.2197058754978
 10
11062.355407458215
 20
776.4687463546084
 10
11062.355407458215
 20
834.0086160744704
  0
TEXT
  5
5E
330
17
100
AcDbEntity
  8
0
100
AcDbText
 10
11585.884819222925
 20
635.932317644662
 30
0.0
 40
8.0
  1
L08_CONTINUOUS_COVER_START
100
AcDbText
  0
LWPOLYLINE
  5
5F
330
17
100
AcDbEntity
  8
0
100
AcDbPolyline
 90
5
 70
1
 10
11062.355407458215
 20
854.0086160744704
 10
11062.355407458215
 20
963.0086160744704
 10
12126.355407458215
 20
963.0086160744704
 10
12126.355407458215
 20
854.0086160744704
 10
11062.355407458215
 20
854.0086160744704
  0
TEXT
  5
60
330
17
100
AcDbEntity
  8
0
100
AcDbText
 10
11487.955407458216
 20
897.6086160744704
 30
0.0
 40
8.0
  1
B09_B04_CONTACT_WORK_INNER_FILL_GUARD
100
AcDbText
  0
LWPOLYLINE
  5
61
330
17
100
AcDbEntity
  8
0
100
AcDbPolyline
 90
41
 70
1
 10
12211.092003632808
 20
485.1682633591739
 10
12265.847071328237
 20
531.0140658052801
 10
12320.642560563527
 20
577.3770609953552
 10
12381.38491743784
 20
612.1499526353809
 10
12447.423756515145
 20
634.8139773211458
 10
12527.771557490034
 20
639.6554078667166
 10
12616.896351697884
 20
629.1796920155257
 10
12705.934822172445
 20
609.2117813193032
 10
12786.554156283973
 20
585.6542589350022
 10
12860.024040012462
 20
560.0746845469229
 10
12936.25307863009
 20
527.8925976024549
 10
13011.84961369532
 20
493.241740523061
 10
13049.59197488062
 20
443.614507819486
 10
13083.033328834214
 20
394.4988671567304
 10
13113.84315398168
 20
344.2049781204785
 10
13141.83434779615
 20
292.97695872286033
 10
13166.824786392539
 20
241.0992100899443
 10
13188.684466873372
 20
188.87641817607516
 10
13207.346652246684
 20
136.62325479575435
 10
13222.815154365968
 20
84.65718421335339
 10
13239.622239744149
 20
15.0
 10
13170.496686044473
 20
29.946068083389036
 10
13116.13144578552
 20
42.694549373660436
 10
13060.028914409455
 20
55.9420878433138
 10
12989.385823410163
 20
77.96083027907127
 10
12902.188475332909
 20
109.68830684310501
 10
12805.989842667248
 20
146.67914164074045
 10
12708.52729958939
 20
184.05403898499202
 10
12613.15265531578
 20
219.74479675519797
 10
12510.238876348509
 20
260.0728697245969
 10
12400.405631672695
 20
304.2021088106478
 10
12292.447243665649
 20
361.9137864827804
 10
12285.641018699826
 20
375.48104486741
 10
12280.17406302136
 20
386.424665786419
 10
12273.991384942257
 20
397.8792593729283
 10
12266.927270622487
 20
409.90790526531777
 10
12258.950905850008
 20
422.4442164253541
 10
12250.083170605052
 20
435.40517478534025
 10
12240.375129296619
 20
448.6938303099808
 10
12229.87998932844
 20
462.21164322820357
 10
12211.092003632808
 20
485.1682633591739
  0
TEXT
  5
62
330
17
100
AcDbEntity
  8
0
100
AcDbText
 10
12691.49702109307
 20
357.1585231766251
 30
0.0
 40
8.0
  1
H08_CANOPY_I1_A
100
AcDbText
  0
LWPOLYLINE
  5
63
330
17
100
AcDbEntity
  8
0
100
AcDbPolyline
 90
5
 70
1
 10
12211.092003632808
 20
659.6554078667166
 10
12211.092003632808
 20
768.6554078667166
 10
13195.092003632808
 20
768.6554078667166
 10
13195.092003632808
 20
659.6554078667166
 10
12211.092003632808
 20
659.6554078667166
  0
TEXT
  5
64
330
17
100
AcDbEntity
  8
0
100
AcDbText
 10
12604.692003632808
 20
703.2554078667166
 30
0.0
 40
8.0
  1
B09_B02_WORK_GRANULAR_INNER_FILL_GUARD
100
AcDbText
  0
LWPOLYLINE
  5
65
330
17
100
AcDbEntity
  8
0
100
AcDbPolyline
 90
5
 70
1
 10
12211.092003632808
 20
788.6554078667166
 10
12211.092003632808
 20
897.6554078667166
 10
13125.092003632808
 20
897.6554078667166
 10
13125.092003632808
 20
788.6554078667166
 10
12211.092003632808
 20
788.6554078667166
  0
TEXT
  5
66
330
17
100
AcDbEntity
  8
0
100
AcDbText
 10
12576.692003632808
 20
832.2554078667166
 30
0.0
 40
8.0
  1
B09_PAD_D_C1_CANTILEVER_INNER_FILL_GUARD
100
AcDbText
  0
LWPOLYLINE
  5
67
330
17
100
AcDbEntity
  8
0
100
AcDbPolyline
 90
5
 70
1
 10
12211.092003632808
 20
917.6554078667166
 10
12211.092003632808
 20
1026.6554078667166
 10
13125.092003632808
 20
1026.6554078667166
 10
13125.092003632808
 20
917.6554078667166
 10
12211.092003632808
 20
917.6554078667166
  0
TEXT
  5
68
330
17
100
AcDbEntity
  8
0
100
AcDbText
 10
12576.692003632808
 20
961.2554078667166
 30
0.0
 40
8.0
  1
B09_PAD_D_C2_CANTILEVER_INNER_FILL_GUARD
100
AcDbText
  0
LWPOLYLINE
  5
69
330
17
100
AcDbEntity
  8
0
100
AcDbPolyline
 90
5
 70
1
 10
12211.092003632808
 20
1046.6554078667166
 10
12211.092003632808
 20
1155.6554078667166
 10
13105.092003632808
 20
1155.6554078667166
 10
13105.092003632808
 20
1046.6554078667166
 10
12211.092003632808
 20
1046.6554078667166
  0
TEXT
  5
6A
330
17
100
AcDbEntity
  8
0
100
AcDbText
 10
12568.692003632808
 20
1090.2554078667167
 30
0.0
 40
8.0
  1
B09_B01_WORK_GRANULAR_INNER_FILL_GUARD
100
AcDbText
  0
LWPOLYLINE
  5
6B
330
17
100
AcDbEntity
  8
0
100
AcDbPolyline
 90
75
 70
1
 10
13259.622239744149
 20
15.00000000000002
 10
13261.744649876051
 20
64.2040033764652
 10
13266.546882633242
 20
101.12541892406985
 10
13274.510221772995
 20
137.48377295752798
 10
13285.574400927173
 20
173.00280621506576
 10
13299.655659330674
 20
207.41254641116524
 10
13316.647350499672
 20
240.4513391982449
 10
13336.420719807466
 20
271.86782367284707
 10
13358.825847103884
 20
301.42283856403685
 10
13383.692749547388
 20
328.8912452548188
 10
13410.832638756954
 20
354.06365382792507
 10
13440.03932522393
 20
376.748038421957
 10
13471.090761639667
 20
396.7712283701661
 10
13503.750715391297
 20
413.9802619194142
 10
13537.770558970584
 20
428.2435898441601
 10
13572.89116546477
 20
439.45211703272037
 10
13608.844894710015
 20
447.5200711752782
 10
13645.357654162417
 20
452.38568905313764
 10
13682.15101716698
 20
454.0117126200768
 10
13718.944380171542
 20
452.3856890531376
 10
13755.457139623944
 20
447.52007117527813
 10
13791.410868869189
 20
439.45211703272054
 10
13826.531475363377
 20
428.2435898441599
 10
13860.551318942662
 20
413.98026191941466
 10
13893.211272694292
 20
396.7712283701663
 10
13924.262709110031
 20
376.74803842195684
 10
13953.469395577005
 20
354.06365382792586
 10
13980.609284786571
 20
328.8912452548187
 10
14005.476187230077
 20
301.4228385640373
 10
14027.881314526494
 20
271.86782367284724
 10
14047.654683834287
 20
240.4513391982451
 10
14064.646375003285
 20
207.41254641116515
 10
14078.727633406786
 20
173.0028062150661
 10
14089.791812560965
 20
137.48377295752763
 10
14097.755151700716
 20
101.12541892406958
 10
14102.557384457908
 20
64.20400337646514
 10
14104.67979458981
 20
15.0
 10
14042.65747527756
 20
15.000000000000087
 10
14040.76545937327
 20
58.86295446780711
 10
14036.653023012337
 20
90.48109304373259
 10
14029.834733678239
 20
121.61161507728367
 10
14020.363896113458
 20
152.01572579731345
 10
14008.314439232696
 20
181.4605783687566
 10
13993.780233606014
 20
209.7211446390194
 10
13976.874235200346
 20
236.58199370641313
 10
13957.727470486074
 20
261.838959891534
 10
13936.487880386669
 20
285.3006846747085
 10
13913.319042279396
 20
306.79002058742765
 10
13888.398790216888
 20
326.1452887748488
 10
13861.917753634085
 20
343.22138579227766
 10
13834.077833985442
 20
357.89073892906
 10
13805.090637047255
 20
370.0441127085059
 10
13775.175876131536
 20
379.5912719293883
 10
13744.559758394536
 20
386.46150846163073
 10
13713.47336307094
 20
390.60403982162023
 10
13682.15101716698
 20
391.9882872667743
 10
13650.82867126302
 20
390.6040398216203
 10
13619.742275939423
 20
386.46150846163073
 10
13589.126158202424
 20
379.5912719293883
 10
13559.211397286705
 20
370.0441127085059
 10
13530.224200348519
 20
357.89073892906003
 10
13502.384280699875
 20
343.2213857922774
 10
13475.903244117071
 20
326.1452887748487
 10
13450.982992054564
 20
306.79002058742685
 10
13427.814153947293
 20
285.3006846747086
 10
13406.574563847886
 20
261.83895989153353
 10
13387.427799133615
 20
236.58199370641285
 10
13370.521800727945
 20
209.7211446390189
 10
13355.987595101264
 20
181.4605783687566
 10
13343.938138220501
 20
152.01572579731265
 10
13334.46730065572
 20
121.61161507728342
 10
13327.649011321622
 20
90.48109304373226
 10
13323.53657496069
 20
58.86295446780698
 10
13321.6445590564
 20
15.000000000000009
 10
13259.622239744149
 20
15.00000000000002
  0
TEXT
  5
6C
330
17
100
AcDbEntity
  8
0
100
AcDbText
 10
13676.517300134672
 20
268.11065495556676
 30
0.0
 40
8.0
  1
H08_CANOPY_END
100
AcDbText
  0
LWPOLYLINE
  5
6D
330
17
100
AcDbEntity
  8
0
100
AcDbPolyline
 90
5
 70
1
 10
13259.622239744149
 20
474.0117126200768
 10
13259.622239744149
 20
583.0117126200769
 10
14053.622239744149
 20
583.0117126200769
 10
14053.622239744149
 20
474.0117126200768
 10
13259.622239744149
 20
474.0117126200768
  0
TEXT
  5
6E
330
17
100
AcDbEntity
  8
0
100
AcDbText
 10
13577.222239744147
 20
517.6117126200768
 30
0.0
 40
8.0
  1
B09_B03_WORK_GRANULAR_INNER_FILL_GUARD
100
AcDbText
  0
LWPOLYLINE
  5
6F
330
17
100
AcDbEntity
  8
0
100
AcDbPolyline
 90
5
 70
1
 10
13259.622239744149
 20
603.0117126200769
 10
13259.622239744149
 20
712.0117126200769
 10
14023.622239744149
 20
712.0117126200769
 10
14023.622239744149
 20
603.0117126200769
 10
13259.622239744149
 20
603.0117126200769
  0
TEXT
  5
70
330
17
100
AcDbEntity
  8
0
100
AcDbText
 10
13565.222239744147
 20
646.6117126200768
 30
0.0
 40
8.0
  1
B09_O08_TOE_CAP_INNER_FILL_GUARD
100
AcDbText
  0
LWPOLYLINE
  5
71
330
17
100
AcDbEntity
  8
0
100
AcDbPolyline
 90
27
 70
1
 10
13314.277668506344
 20
983.1361959575885
 10
13478.55390518838
 20
983.9895980365668
 10
13633.816828496741
 20
985.3172456314865
 10
13772.766333567914
 20
985.4834395495775
 10
13893.564820386535
 20
984.4380260222981
 10
14023.048280458383
 20
983.065609527689
 10
14019.335373977174
 20
944.9633756401516
 10
14011.849886169575
 20
918.5562202554987
 10
13999.25281142478
 20
891.8163840085774
 10
13981.3660550865
 20
864.8257493149571
 10
13958.119291014556
 20
837.8027688484876
 10
13929.5662929497
 20
811.0197838456024
 10
13895.865951934033
 20
784.7523862725741
 10
13857.265084021581
 20
759.2480431611202
 10
13809.37506503969
 20
732.0117126200769
 10
13706.889716583059
 20
772.7309897281805
 10
13612.759639663711
 20
811.6025564703168
 10
13510.551355015708
 20
853.2274916228853
 10
13402.259709026875
 20
897.408194677878
 10
13259.622239744149
 20
936.7301673213847
 10
13295.685161625683
 20
955.3149752737281
 10
13302.71350747474
 20
959.5728687910058
 10
13308.248434240842
 20
963.5985058842757
 10
13312.238825403681
 20
967.1821101768318
 10
13314.674028444717
 20
970.0102094831965
 10
13315.475781475914
 20
971.3211938070999
 10
13314.277668506344
 20
983.1361959575885
  0
TEXT
  5
72
330
17
100
AcDbEntity
  8
0
100
AcDbText
 10
13638.274804275086
 20
907.1208147365415
 30
0.0
 40
8.0
  1
H08_CANOPY_I3_A_A
100
AcDbText
  0
LWPOLYLINE
  5
73
330
17
100
AcDbEntity
  8
0
100
AcDbPolyline
 90
5
 70
1
 10
13259.622239744149
 20
1005.4834395495775
 10
13259.622239744149
 20
1114.4834395495775
 10
14013.622239744149
 20
1114.4834395495775
 10
14013.622239744149
 20
1005.4834395495775
 10
13259.622239744149
 20
1005.4834395495775
  0
TEXT
  5
74
330
17
100
AcDbEntity
  8
0
100
AcDbText
 10
13561.222239744147
 20
1049.0834395495774
 30
0.0
 40
8.0
  1
B09_P01_PELVIS_CHAMBER_INNER_FILL_GUARD
100
AcDbText
  0
LWPOLYLINE
  5
75
330
17
100
AcDbEntity
  8
0
100
AcDbPolyline
 90
5
 70
1
 10
13259.622239744149
 20
1134.4834395495775
 10
13259.622239744149
 20
1243.4834395495775
 10
14013.622239744149
 20
1243.4834395495775
 10
14013.622239744149
 20
1134.4834395495775
 10
13259.622239744149
 20
1134.4834395495775
  0
TEXT
  5
76
330
17
100
AcDbEntity
  8
0
100
AcDbText
 10
13561.222239744147
 20
1178.0834395495774
 30
0.0
 40
8.0
  1
B09_P02_THIGH_TRANSITION_INNER_FILL_GUARD
100
AcDbText
  0
LWPOLYLINE
  5
77
330
17
100
AcDbEntity
  8
0
100
AcDbPolyline
 90
27
 70
1
 10
14124.679794589809
 20
328.1662350303475
 10
14272.302880243835
 20
314.4776715662418
 10
14389.216308123074
 20
317.44746688708574
 10
14499.530782297023
 20
320.282468070888
 10
14601.317086745235
 20
323.50707520957695
 10
14711.58062332542
 20
325.45389084853406
 10
14746.795140393515
 20
283.0730045659601
 10
14773.869372109057
 20
245.54296318383524
 10
14796.07583036979
 20
209.03717982178588
 10
14813.286584248403
 20
173.87478756128317
 10
14825.449646737201
 20
140.3666062331502
 10
14832.606847753344
 20
108.78568536312414
 10
14834.899641647778
 20
79.3194397777088
 10
14832.554317210135
 20
52.00092388976384
 10
14822.682031079206
 20
15.0
 10
14701.012764864145
 20
59.421917808985285
 10
14587.59934279246
 20
101.02826401683635
 10
14457.65098475058
 20
150.2518161437285
 10
14312.906083558648
 20
206.4487613979989
 10
14161.100727965493
 20
264.7237414274648
 10
14164.863034862663
 20
275.8001152712842
 10
14164.538418800017
 20
277.6551458080131
 10
14163.30986268782
 20
281.1557343437735
 10
14160.907762138682
 20
285.918937318936
 10
14157.231305358882
 20
291.6122358616181
 10
14152.209314655602
 20
298.01313846338826
 10
14124.679794589809
 20
328.1662350303475
  0
TEXT
  5
78
330
17
100
AcDbEntity
  8
0
100
AcDbText
 10
14488.32801051473
 20
224.31597929265402
 30
0.0
 40
8.0
  1
H08_CANOPY_I2_A_A
100
AcDbText
  0
LWPOLYLINE
  5
79
330
17
100
AcDbEntity
  8
0
100
AcDbPolyline
 90
37
 70
1
 10
14138.915587532221
 20
840.4006115078914
 10
14204.205777568499
 20
839.8701370940017
 10
14257.769478082811
 20
840.0184894248565
 10
14311.463237583495
 20
840.6309462597615
 10
14365.299876526075
 20
841.2608391069081
 10
14419.205820754676
 20
841.6270119653138
 10
14473.053288069754
 20
841.5442939077982
 10
14526.86197012379
 20
841.4253034565259
 10
14580.68356073791
 20
841.3314140861208
 10
14634.548104979242
 20
841.214744830896
 10
14688.45466302748
 20
841.0294183492302
 10
14742.412840066703
 20
840.7361077341784
 10
14809.357327900763
 20
840.2023563738716
 10
14806.210823823281
 20
802.9796334464878
 10
14804.269322180191
 20
776.7066235792422
 10
14802.568019886858
 20
742.4650087252685
 10
14801.138449304844
 20
693.3977895487009
 10
14799.9090081084
 20
622.9368637751027
 10
14798.580666185317
 20
513.3117460133046
 10
14733.23235148153
 20
511.2459197155586
 10
14679.72953605887
 20
507.2031237923958
 10
14626.23280195108
 20
500.47888790890477
 10
14572.612602706562
 20
491.7030258341324
 10
14518.865209250329
 20
481.45916679610053
 10
14465.047066818337
 20
470.31780007811415
 10
14411.434663804206
 20
458.37785961263756
 10
14357.941351770438
 20
443.39316710890836
 10
14304.327455791343
 20
425.3275313914102
 10
14250.546110467083
 20
404.7252014025218
 10
14196.673809463375
 20
382.29071595537823
 10
14124.679794589809
 20
348.1662350303475
 10
14127.434798432489
 20
521.9956143532036
 10
14130.3819730283
 20
632.9381522020742
 10
14133.27093564674
 20
709.7378359767597
 10
14135.703383587472
 20
761.8403099353266
 10
14137.488211919552
 20
798.5337880217974
 10
14138.915587532221
 20
840.4006115078914
  0
TEXT
  5
7A
330
17
100
AcDbEntity
  8
0
100
AcDbText
 10
14459.714201803838
 20
669.5466023191602
 30
0.0
 40
8.0
  1
O08_SMOOTH_LOWER_I6_B_A
100
AcDbText
  0
LWPOLYLINE
  5
7B
330
17
100
AcDbEntity
  8
0
100
AcDbPolyline
 90
29
 70
1
 10
14124.679794589809
 20
1211.8311549314012
 10
14155.389872291964
 20
1262.830230040944
 10
14186.550604305516
 20
1300.3514023821065
 10
14220.119842164186
 20
1333.5460951874113
 10
14256.03076487079
 20
1362.43291171994
 10
14293.284516156222
 20
1386.6733878177113
 10
14330.491800868609
 20
1405.7910430333075
 10
14367.397396066257
 20
1422.0063877156194
 10
14405.00630486221
 20
1436.8890970812326
 10
14443.752306134289
 20
1449.2863477723592
 10
14489.462559237027
 20
1459.2219941722594
 10
14700.451870771672
 20
1245.5620810331172
 10
14762.564868982054
 20
1217.6257791224762
 10
14786.511768680482
 20
1058.2618291355461
 10
14802.745167604595
 20
932.7720101640512
 10
14731.098665606865
 20
942.0211392718916
 10
14549.787292537747
 20
1000.4614660317326
 10
14514.084076962801
 20
994.7349721674025
 10
14476.354549080683
 20
986.6750360972007
 10
14438.992283469595
 20
977.478814732531
 10
14402.140623282467
 20
967.7398018888141
 10
14365.294571335704
 20
956.9188499678587
 10
14328.307742705543
 20
944.0878314774216
 10
14292.224960809775
 20
929.4227609080231
 10
14257.966279333745
 20
913.102162222266
 10
14225.972202307355
 20
895.3157198246905
 10
14178.99436779344
 20
861.6270119653137
 10
14154.787742624105
 20
1017.3074313914611
 10
14124.679794589809
 20
1211.8311549314012
  0
TEXT
  5
7C
330
17
100
AcDbEntity
  8
0
100
AcDbText
 10
14391.900847931909
 20
1140.8208932478444
 30
0.0
 40
8.0
  1
O08_SMOOTH_LOWER_I1_A_B_A
100
AcDbText
  0
LWPOLYLINE
  5
7D
330
17
100
AcDbEntity
  8
0
100
AcDbPolyline
 90
35
 70
1
 10
14886.93840122946
 20
170.05439333744485
 10
14945.397039039479
 20
175.1820884922521
 10
15008.09550681493
 20
188.0916438581412
 10
15068.915556405667
 20
198.23211988950612
 10
15126.146361984838
 20
205.59901880829415
 10
15183.093288918943
 20
213.3908756715411
 10
15238.88306931617
 20
220.24888307551865
 10
15291.330623512304
 20
223.346140373801
 10
15337.734826957998
 20
219.58931432368917
 10
15377.598722140227
 20
209.72997103964235
 10
15415.884194297048
 20
198.9508158829607
 10
15452.603423464923
 20
185.80808646876977
 10
15499.526196401881
 20
162.19076216774994
 10
15466.507507795326
 20
124.90965656121998
 10
15444.071909757398
 20
101.49440974921369
 10
15420.083209447987
 20
77.1278807082652
 10
15393.930208573176
 20
50.75047139285368
 10
15358.517610751582
 20
15.0
 10
15321.884570200406
 20
40.91996379192847
 10
15291.648917522532
 20
58.6096223606567
 10
15259.7354526487
 20
75.13532596071862
 10
15227.5109132533
 20
90.74381192381041
 10
15192.065759909374
 20
102.4957172761597
 10
15151.99111138743
 20
110.35986348751749
 10
15108.625172827842
 20
115.88521362953671
 10
15063.818432334274
 20
120.58730903484981
 10
15019.061076796519
 20
125.3361360911252
 10
14972.49384512347
 20
128.22398666793913
 10
14923.252747908095
 20
129.24099664985079
 10
14854.899641647778
 20
138.9253318795928
 10
14875.14218040024
 20
158.73270163649582
 10
14877.838331143486
 20
161.28953024821672
 10
14880.23402202487
 20
163.51753561093625
 10
14882.194251110837
 20
165.3518945109644
 10
14886.93840122946
 20
170.05439333744485
  0
TEXT
  5
7E
330
17
100
AcDbEntity
  8
0
100
AcDbText
 10
15162.988356693657
 20
142.71731045424602
 30
0.0
 40
8.0
  1
O08_SMOOTH_LOWER_I2_A_A
100
AcDbText
  0
LWPOLYLINE
  5
7F
330
17
100
AcDbEntity
  8
0
100
AcDbPolyline
 90
31
 70
1
 10
14864.797444084783
 20
883.9960739375402
 10
14914.002432020472
 20
867.1832903696222
 10
14948.364241552164
 20
859.2160259169372
 10
14984.735793716696
 20
852.4811646381676
 10
15022.61376697389
 20
846.921432268802
 10
15061.092576217463
 20
842.5133326465208
 10
15099.11253873109
 20
839.2177144974271
 10
15136.908142713537
 20
836.5706795896075
 10
15175.123286001395
 20
834.3625783098803
 10
15213.638554825095
 20
832.8658180791781
 10
15251.2438162017
 20
832.414889732054
 10
15421.001667172224
 20
869.2258064223358
 10
15488.458947526211
 20
881.7793115037589
 10
15490.751774696253
 20
790.896155931035
 10
15491.615426467522
 20
679.8766497547232
 10
15491.05914786805
 20
518.8438793360845
 10
15433.859290161805
 20
481.6522740706914
 10
15250.758127067988
 20
243.34614037380095
 10
15204.273558049044
 20
247.91640437877163
 10
15164.362100317026
 20
254.84262942214764
 10
15125.037889462617
 20
264.1329556863715
 10
15086.174881543422
 20
274.86810198323485
 10
15046.611708023582
 20
288.4678654800815
 10
15006.277020683608
 20
307.1150975403125
 10
14966.57633561817
 20
330.49984191657256
 10
14928.539964875808
 20
358.4711005427239
 10
14892.259022132941
 20
391.15545802752956
 10
14854.899641647778
 20
437.5469263083193
 10
14857.821882253502
 20
634.3859266718886
 10
14860.96824069607
 20
772.5099786520153
 10
14864.797444084783
 20
883.9960739375402
  0
TEXT
  5
80
330
17
100
AcDbEntity
  8
0
100
AcDbText
 10
15116.05602139957
 20
620.621663804054
 30
0.0
 40
8.0
  1
O08_SMOOTH_LOWER_I6_A_B_B
100
AcDbText
  0
LWPOLYLINE
  5
81
330
17
100
AcDbEntity
  8
0
100
AcDbPolyline
 90
17
 70
1
 10
14959.073600415999
 20
1100.6105922488177
 10
15052.587484837413
 20
1093.2493362844568
 10
15135.372316516394
 20
1090.9198675581554
 10
15211.996173763055
 20
1091.0971017366867
 10
15293.732064081225
 20
1095.3247710594496
 10
15373.844916421327
 20
1099.9032324770808
 10
15487.11486945298
 20
1100.6129387739168
 10
15286.640717508173
 20
977.0939088363795
 10
15162.225131405006
 20
903.9960739375402
 10
15116.567790945262
 20
924.0325967677886
 10
15071.723890909469
 20
940.6869928101221
 10
15024.787505236274
 20
958.4546657632175
 10
14979.4946942167
 20
978.4901348241436
 10
14929.709180738404
 20
1002.1979022678277
 10
14854.899641647778
 20
1042.3548920815201
 10
14909.61512370758
 20
1070.6931050661865
 10
14959.073600415999
 20
1100.6105922488177
  0
TEXT
  5
82
330
17
100
AcDbEntity
  8
0
100
AcDbText
 10
15106.379923659943
 20
1033.5487473377711
 30
0.0
 40
8.0
  1
O08_SMOOTH_LOWER_I1_A_A_B_A
100
AcDbText
  0
LWPOLYLINE
  5
83
330
17
100
AcDbEntity
  8
0
100
AcDbPolyline
 90
47
 70
1
 10
14854.899641647778
 20
1180.1136882939645
 10
14883.30649667719
 20
1191.5050813538223
 10
14900.508232983826
 20
1197.8376930436611
 10
14917.801946540574
 20
1203.7392257161712
 10
14935.71354389491
 20
1209.4670022399498
 10
14955.585694379168
 20
1213.6491512732891
 10
14977.420331012603
 20
1213.6860918332075
 10
14999.717582074347
 20
1211.0262557829788
 10
15022.296977190308
 20
1207.0425708694138
 10
15044.958414973364
 20
1202.845646427932
 10
15067.71246705688
 20
1199.374946898417
 10
15091.504860544946
 20
1196.4175694867029
 10
15117.191803329835
 20
1191.8856139891145
 10
15143.905624568779
 20
1187.1693917679097
 10
15171.87798406756
 20
1183.4211403930426
 10
15201.95187629788
 20
1181.4610133315073
 10
15236.072504898912
 20
1182.2598005001705
 10
15281.408199890951
 20
1188.7224466806742
 10
15349.0101424678
 20
1204.0348658502598
 10
15373.25147340534
 20
1198.6707134250555
 10
15394.757631009408
 20
1194.0617641131582
 10
15416.189812156445
 20
1189.6194570187793
 10
15443.740252916745
 20
1184.1067112977946
 10
15471.321236929409
 20
1120.6129387739168
 10
15427.336656921949
 20
1129.414097613264
 10
15405.744358387385
 20
1133.8895926786513
 10
15384.08104790892
 20
1138.5322211649338
 10
15364.797981261303
 20
1142.79920258562
 10
15300.352304103053
 20
1130.5090267802047
 10
15251.983047053816
 20
1125.281798019291
 10
15214.876488214508
 20
1125.64036377732
 10
15182.46768550373
 20
1128.8256727035844
 10
15152.765987227289
 20
1133.7856091826047
 10
15125.19092352704
 20
1139.52434405663
 10
15099.835822397188
 20
1144.699117292111
 10
15076.20034634007
 20
1148.10362343678
 10
15052.717079686543
 20
1151.9372147724407
 10
15029.802455935307
 20
1156.2749299643776
 10
15008.0377339138
 20
1160.1001657207685
 10
14987.914149645814
 20
1162.4214099284293
 10
14970.072817807462
 20
1162.2839500062746
 10
14953.884013921295
 20
1158.762656410377
 10
14937.43466638045
 20
1153.3587044070907
 10
14920.723844519758
 20
1147.4712315346624
 10
14904.216722711626
 20
1141.1735118245242
 10
14876.781419439865
 20
1129.7399735305285
 10
14854.899641647778
 20
1180.1136882939645
  0
TEXT
  5
84
330
17
100
AcDbEntity
  8
0
100
AcDbText
 10
15122.004721816395
 20
1169.3058060860708
 30
0.0
 40
8.0
  1
S08_WRAP_-1_RIGHT
100
AcDbText
  0
LWPOLYLINE
  5
85
330
17
100
AcDbEntity
  8
0
100
AcDbPolyline
 90
47
 70
1
 10
14854.899641647778
 20
1293.1868413532552
 10
14883.30649667719
 20
1304.578234413113
 10
14900.508232983826
 20
1310.9108461029518
 10
14917.801946540574
 20
1316.8123787754619
 10
14935.71354389491
 20
1322.5401552992405
 10
14955.585694379168
 20
1326.7223043325798
 10
14977.420331012603
 20
1326.7592448924981
 10
14999.717582074347
 20
1324.0994088422694
 10
15022.296977190308
 20
1320.1157239287045
 10
15044.958414973364
 20
1315.9187994872227
 10
15067.71246705688
 20
1312.4480999577077
 10
15091.504860544946
 20
1309.4907225459935
 10
15117.191803329835
 20
1304.9587670484052
 10
15143.905624568779
 20
1300.2425448272004
 10
15171.87798406756
 20
1296.4942934523333
 10
15201.95187629788
 20
1294.534166390798
 10
15236.072504898912
 20
1295.3329535594612
 10
15281.408199890951
 20
1301.795599739965
 10
15349.0101424678
 20
1317.1080189095505
 10
15373.25147340534
 20
1311.7438664843462
 10
15394.757631009408
 20
1307.134917172449
 10
15416.189812156445
 20
1302.69261007807
 10
15443.740252916745
 20
1297.1798643570853
 10
15471.321236929409
 20
1233.6860918332075
 10
15427.336656921949
 20
1242.4872506725546
 10
15405.744358387385
 20
1246.962745737942
 10
15384.08104790892
 20
1251.6053742242245
 10
15364.797981261303
 20
1255.8723556449106
 10
15300.352304103053
 20
1243.5821798394954
 10
15251.983047053816
 20
1238.3549510785817
 10
15214.876488214508
 20
1238.7135168366108
 10
15182.46768550373
 20
1241.898825762875
 10
15152.765987227289
 20
1246.8587622418954
 10
15125.19092352704
 20
1252.5974971159208
 10
15099.835822397188
 20
1257.7722703514016
 10
15076.20034634007
 20
1261.1767764960707
 10
15052.717079686543
 20
1265.0103678317314
 10
15029.802455935307
 20
1269.3480830236683
 10
15008.0377339138
 20
1273.1733187800592
 10
14987.914149645814
 20
1275.49456298772
 10
14970.072817807462
 20
1275.3571030655653
 10
14953.884013921295
 20
1271.8358094696678
 10
14937.43466638045
 20
1266.4318574663814
 10
14920.723844519758
 20
1260.544384593953
 10
14904.216722711626
 20
1254.246664883815
 10
14876.781419439865
 20
1242.8131265898191
 10
14854.899641647778
 20
1293.1868413532552
  0
TEXT
  5
86
330
17
100
AcDbEntity
  8
0
100
AcDbText
 10
15122.004721816395
 20
1282.3789591453613
 30
0.0
 40
8.0
  1
S08_WRAP_1_LEFT
100
AcDbText
  0
LWPOLYLINE
  5
87
330
17
100
AcDbEntity
  8
0
100
AcDbPolyline
 90
57
 70
1
 10
15585.315815750491
 20
294.90559621976433
 10
15612.306411830752
 20
279.19930064035844
 10
15627.759675074023
 20
271.34324984124623
 10
15643.629458026127
 20
264.340515166622
 10
15659.980270824297
 20
258.16035371482906
 10
15677.107184954813
 20
252.5128582972506
 10
15695.772199000196
 20
246.83548314605366
 10
15715.976750180353
 20
241.31942198190467
 10
15737.409126017212
 20
236.34820201859335
 10
15759.629555293435
 20
232.34833295490947
 10
15782.247573335599
 20
229.71054185187333
 10
15805.674170086171
 20
228.49829733842776
 10
15831.277571425288
 20
228.33548359244259
 10
15858.29097581038
 20
229.8513932207972
 10
15886.276744013592
 20
233.87216668017427
 10
15915.389588844413
 20
241.4698907653036
 10
15946.527789678039
 20
254.60845392284799
 10
15983.905571452298
 20
280.20646332376276
 10
16038.439229304196
 20
331.8278292551193
 10
16065.750510875447
 20
318.0071921513992
 10
16085.454434704207
 20
308.104282204477
 10
16105.08376526482
 20
298.26268811858245
 10
16135.547412201555
 20
283.02302839081216
 10
16108.935261099017
 20
231.99915365065524
 10
16088.570652317441
 20
191.59844381535714
 10
16068.777408359805
 20
150.91140512607896
 10
16049.582542006741
 20
109.91095360581423
 10
16031.0269062927
 20
68.55630220911797
 10
16008.114072773365
 20
15.0
 10
15977.194882218746
 20
30.387502232622694
 10
15957.476284722257
 20
40.25973530824433
 10
15937.609078563866
 20
50.23495743411448
 10
15923.046430320395
 20
57.593945090955515
 10
15894.592842737788
 20
43.2851499210075
 10
15862.970566494116
 20
42.519712737194226
 10
15835.990512661176
 20
53.2159065396948
 10
15811.968889983731
 20
68.01959761708449
 10
15789.321828592303
 20
83.87519381643395
 10
15767.876283908065
 20
98.3076162631618
 10
15748.28462281251
 20
108.97960090462422
 10
15730.010242366752
 20
114.73692103269303
 10
15710.322500346518
 20
118.09483135100672
 10
15689.439637815502
 20
120.25478606798688
 10
15668.216476166486
 20
121.59882862582305
 10
15647.227417233245
 20
122.58223191429278
 10
15626.891218371007
 20
123.69264917971742
 10
15607.477494040924
 20
125.48524789455422
 10
15588.590329495419
 20
127.99123223548236
 10
15569.999735649873
 20
130.9986072476865
 10
15551.608509883996
 20
134.49724324342333
 10
15519.52619640188
 20
141.56978159708214
 10
15534.166354878838
 20
176.49625093507484
 10
15543.290227218195
 20
197.9737407827285
 10
15552.440493401116
 20
219.2851149420706
 10
15561.613870160763
 20
240.46398252827015
 10
15570.789129486642
 20
261.53531093240554
 10
15585.315815750491
 20
294.90559621976433
  0
TEXT
  5
88
330
17
100
AcDbEntity
  8
0
100
AcDbText
 10
15794.263447341742
 20
179.99839575087321
 30
0.0
 40
8.0
  1
S08_WRAP_1_I1
100
AcDbText
  0
LWPOLYLINE
  5
89
330
17
100
AcDbEntity
  8
0
100
AcDbPolyline
 90
27
 70
1
 10
15519.52619640188
 20
414.06949931913493
 10
15575.402611990949
 20
428.3992887358054
 10
15619.927920891509
 20
438.75003318157565
 10
15664.741355871734
 20
448.0713623125587
 10
15709.865884131386
 20
456.3057226967439
 10
15755.335889336664
 20
463.3621390629118
 10
15801.202788228064
 20
469.1025679873091
 10
15847.545729279582
 20
473.31637299027653
 10
15894.494026861059
 20
475.6690118710818
 10
15942.281980715627
 20
475.5850774124053
 10
15991.42412835715
 20
471.91931519691246
 10
16044.512153892365
 20
461.38096267935
 10
16109.005625789294
 20
412.54380757100853
 10
16124.129475350283
 20
356.2020244099086
 10
16040.281106937338
 20
417.85988835194786
 10
15994.608180289917
 20
425.5125663209534
 10
15948.253932099773
 20
427.43248494817846
 10
15902.406099619382
 20
425.9303445339243
 10
15857.004538002808
 20
422.0437782643214
 10
15811.986683655745
 20
416.31774190969145
 10
15767.306835299985
 20
409.07608102870756
 10
15722.932989004186
 20
400.5254937164637
 10
15678.84324156558
 20
390.8028781273165
 10
15635.023351629203
 20
379.9994408200203
 10
15591.465257360394
 20
368.1738128310413
 10
15536.233755191442
 20
351.8278292551193
 10
15519.52619640188
 20
414.06949931913493
  0
TEXT
  5
8A
330
17
100
AcDbEntity
  8
0
100
AcDbText
 10
15800.195108672415
 20
425.71292684643726
 30
0.0
 40
8.0
  1
S08_WRAP_1_END
100
AcDbText
  0
LWPOLYLINE
  5
8B
330
17
100
AcDbEntity
  8
0
100
AcDbPolyline
 90
27
 70
1
 10
15534.650045962868
 20
556.3849901869711
 10
15599.143517859799
 20
605.2221452953125
 10
15652.231543395013
 20
615.7604978128751
 10
15701.373691036535
 20
619.4262600283681
 10
15749.161644891103
 20
619.5101944870445
 10
15796.109942472582
 20
617.1575556062394
 10
15842.452883524098
 20
612.943750603272
 10
15888.3197824155
 20
607.2033216788747
 10
15933.789787620777
 20
600.1469053127068
 10
15978.914315880429
 20
591.9125449285216
 10
16023.727750860653
 20
582.5912157975386
 10
16068.253059761213
 20
572.2404713517681
 10
16124.129475350283
 20
557.9106819350974
 10
16107.421916560721
 20
495.6690118710818
 10
16052.190414391769
 20
512.0149954470038
 10
16008.632320122959
 20
523.8406234359832
 10
15964.812430186581
 20
534.6440607432793
 10
15920.722682747975
 20
544.3666763324268
 10
15876.348836452176
 20
552.9172636446705
 10
15831.668988096417
 20
560.1589245256544
 10
15786.651133749354
 20
565.8849608802843
 10
15741.24957213278
 20
569.7715271498871
 10
15695.40173965239
 20
571.2736675641412
 10
15649.047491462246
 20
569.353748936916
 10
15603.374564814825
 20
561.7010709679104
 10
15519.52619640188
 20
500.04320702587125
 10
15534.650045962868
 20
556.3849901869711
  0
TEXT
  5
8C
330
17
100
AcDbEntity
  8
0
100
AcDbText
 10
15821.627991620955
 20
569.4976023606175
 30
0.0
 40
8.0
  1
S08_WRAP_-1_END
100
AcDbText
  0
LWPOLYLINE
  5
8D
330
17
100
AcDbEntity
  8
0
100
AcDbPolyline
 90
57
 70
1
 10
15555.86970602491
 20
966.4370064474191
 10
15585.472950850475
 20
935.8767715602806
 10
15600.84401864255
 20
921.5199912350053
 10
15616.47707979712
 20
907.5492547838287
 10
15632.376076952038
 20
893.9181817990409
 10
15648.638706283964
 20
879.4050666713623
 10
15664.569457775307
 20
862.9710635892229
 10
15679.680753696222
 20
846.4302203511169
 10
15694.187940621705
 20
831.7600920290488
 10
15708.27048590055
 20
821.0367878884605
 10
15721.17708865968
 20
815.9801150504434
 10
15734.74594440317
 20
817.6495410399235
 10
15759.66389758865
 20
829.6934602096372
 10
15795.89904209906
 20
850.2386848128415
 10
15838.390372727534
 20
876.0668515699773
 10
15882.810233957307
 20
904.1874743316478
 10
15925.592980556725
 20
930.9471122745597
 10
15964.532505893707
 20
951.7142146890147
 10
15997.261497548205
 20
960.3765964184205
 10
16022.579302790626
 20
959.0686932181867
 10
16045.72858277927
 20
957.9675206282756
 10
16068.31142045116
 20
956.5460109806195
 10
16110.214546578109
 20
953.1928975010568
 10
16059.294719462183
 20
877.0792256472292
 10
16044.013626994261
 20
831.7536479351742
 10
16032.733126084338
 20
786.3390750912024
 10
16023.882031255349
 20
741.0666718512343
 10
16016.608151504026
 20
695.8522126294596
 10
16008.821316531694
 20
639.5101944870446
 10
15975.885950770735
 20
641.70237834064
 10
15953.89662327761
 20
643.2346094651405
 10
15931.79227922433
 20
644.7504911024737
 10
15903.506045690872
 20
646.4744683864457
 10
15882.480211385218
 20
678.7014660423222
 10
15864.289195846985
 20
689.6266216601458
 10
15842.54947998287
 20
692.4125788280562
 10
15817.256400679244
 20
691.0338724036467
 10
15790.357042588608
 20
687.8122890683655
 10
15763.376451281203
 20
684.922699923879
 10
15737.647328164778
 20
684.4820047006767
 10
15714.904076518707
 20
688.5117993401907
 10
15693.638851503152
 20
695.2699689471731
 10
15672.954103934953
 20
703.1268399123485
 10
15652.770102152524
 20
711.4407217969548
 10
15633.33497595354
 20
719.6735857783655
 10
15614.928223800369
 20
727.4092357630057
 10
15597.448649854045
 20
734.3751065668464
 10
15580.160026134132
 20
740.9199144802111
 10
15562.906181876482
 20
747.2777676010517
 10
15545.673714469827
 20
753.4489405907109
 10
15519.52619640188
 20
762.7023472368104
 10
15522.997448420816
 20
795.789700897034
 10
15525.917517009155
 20
819.8674942201189
 10
15529.229761905646
 20
844.4654335938333
 10
15533.033830342234
 20
870.0690663460318
 10
15537.734434437158
 20
898.4787007670002
 10
15555.86970602491
 20
966.4370064474191
  0
TEXT
  5
8E
330
17
100
AcDbEntity
  8
0
100
AcDbText
 10
15770.082673228804
 20
802.9219604724145
 30
0.0
 40
8.0
  1
S08_WRAP_-1_I1
100
AcDbText
  0
LWPOLYLINE
  5
8F
330
17
100
AcDbEntity
  8
0
100
AcDbPolyline
 90
5
 70
1
 10
15519.52619640188
 20
986.437006447419
 10
15519.52619640188
 20
1095.437006447419
 10
16103.52619640188
 20
1095.437006447419
 10
16103.52619640188
 20
986.437006447419
 10
15519.52619640188
 20
986.437006447419
  0
TEXT
  5
90
330
17
100
AcDbEntity
  8
0
100
AcDbText
 10
15753.126196401881
 20
1030.037006447419
 30
0.0
 40
8.0
  1
B09_PAD_D_C2_LEFT_COLUMN_INNER_FILL_GUARD
100
AcDbText
  0
LWPOLYLINE
  5
91
330
17
100
AcDbEntity
  8
0
100
AcDbPolyline
 90
47
 70
1
 10
15519.52619640188
 20
1156.6472580148902
 10
15538.63364912244
 20
1179.4090320767914
 10
15553.15825986035
 20
1195.7560638078962
 10
15568.233643245398
 20
1211.445915498159
 10
15583.890953056607
 20
1226.172939221484
 10
15600.178431324117
 20
1240.2840812090155
 10
15617.290914604508
 20
1254.8044221037508
 10
15634.877497375446
 20
1269.2051141448399
 10
15652.369560300747
 20
1282.7583163396705
 10
15669.413182694128
 20
1294.8400929821757
 10
15687.296755251733
 20
1305.7308083093005
 10
15710.390301561996
 20
1311.0270627770058
 10
15743.033145737647
 20
1301.8905716323563
 10
15782.850110585861
 20
1284.85434834374
 10
15828.22947196266
 20
1262.7999897268091
 10
15875.206159278785
 20
1238.5093464817107
 10
15919.373056839016
 20
1214.8595105267195
 10
15956.320667172047
 20
1195.092236380607
 10
15982.823953373661
 20
1183.2082446888617
 10
16004.467337671518
 20
1178.0214803571268
 10
16026.702006437808
 20
1173.1674007078627
 10
16048.194903441143
 20
1169.324324088067
 10
16075.596122648567
 20
1166.1597674421948
 10
16097.482544170483
 20
1122.6429415207647
 10
16053.688940334492
 20
1127.700648589081
 10
16031.014977238197
 20
1131.754907884139
 10
16008.097051231123
 20
1136.7581503161978
 10
15984.036634004164
 20
1142.5241484688902
 10
15954.723472302127
 20
1155.6680796582439
 10
15917.035769713555
 20
1175.8313092227677
 10
15873.015558181858
 20
1199.402599057577
 10
15826.457060605799
 20
1223.4770053058787
 10
15781.864868273617
 20
1245.148799958148
 10
15744.030171895121
 20
1261.3368830533357
 10
15718.788876626335
 20
1268.4017352905305
 10
15705.441671940232
 20
1265.3406986051978
 10
15691.596691789173
 20
1256.9094001580227
 10
15675.651846033636
 20
1245.606517439124
 10
15658.81883983035
 20
1232.5639656489636
 10
15641.644863839516
 20
1218.5011347632635
 10
15624.78675359474
 20
1204.1966353177843
 10
15608.963274441398
 20
1190.4874927849585
 10
15594.105396850302
 20
1176.5124026576825
 10
15579.774854988496
 20
1161.5977520176318
 10
15565.78502838628
 20
1145.8526044535602
 10
15540.252545755997
 20
1115.437006447419
 10
15519.52619640188
 20
1156.6472580148902
  0
TEXT
  5
92
330
17
100
AcDbEntity
  8
0
100
AcDbText
 10
15765.417875922913
 20
1209.707838372236
 30
0.0
 40
8.0
  1
S08_WRAP_-1_LEFT
100
AcDbText
  0
LWPOLYLINE
  5
93
330
17
100
AcDbEntity
  8
0
100
AcDbPolyline
 90
47
 70
1
 10
16155.547412201557
 20
56.210251567471175
 10
16174.654864922117
 20
78.97202562937244
 10
16189.179475660028
 20
95.31905736047712
 10
16204.254859045075
 20
111.00890905073976
 10
16219.912168856285
 20
125.73593277406496
 10
16236.199647123794
 20
139.8470747615965
 10
16253.312130404185
 20
154.36741565633164
 10
16270.898713175124
 20
168.76810769742087
 10
16288.390776100425
 20
182.32130989225152
 10
16305.434398493806
 20
194.40308653475662
 10
16323.31797105141
 20
205.2938018618814
 10
16346.411517361674
 20
210.59005632958676
 10
16379.054361537324
 20
201.45356518493736
 10
16418.87132638554
 20
184.41734189632095
 10
16464.25068776234
 20
162.3629832793901
 10
16511.227375078463
 20
138.07234003429164
 10
16555.394272638692
 20
114.42250407930052
 10
16592.341882971723
 20
94.65522993318785
 10
16618.84516917334
 20
82.77123824144253
 10
16640.488553471194
 20
77.58447390970787
 10
16662.723222237488
 20
72.73039426044362
 10
16684.21611924082
 20
68.88731764064794
 10
16711.617338448246
 20
65.72276099477571
 10
16733.50375997016
 20
22.205935073345614
 10
16689.71015613417
 20
27.263642141662004
 10
16667.036193037875
 20
31.317901436719843
 10
16644.1182670308
 20
36.32114386877863
 10
16620.05784980384
 20
42.08714202147114
 10
16590.744688101804
 20
55.23107321082482
 10
16553.05698551323
 20
75.3943027753487
 10
16509.036773981537
 20
98.96559261015796
 10
16462.478276405476
 20
123.03999885845974
 10
16417.886084073292
 20
144.71179351072897
 10
16380.051387694799
 20
160.89987660591655
 10
16354.810092426012
 20
167.96472884311152
 10
16341.46288773991
 20
164.90369215777875
 10
16327.61790758885
 20
156.47239371060363
 10
16311.673061833313
 20
145.16951099170487
 10
16294.840055630028
 20
132.12695920154462
 10
16277.666079639193
 20
118.06412831584451
 10
16260.807969394418
 20
103.75962887036516
 10
16244.984490241075
 20
90.0504863375395
 10
16230.12661264998
 20
76.07539621026342
 10
16215.796070788174
 20
61.16074557021283
 10
16201.806244185958
 20
45.415598006141
 10
16176.273761555674
 20
15.0
 10
16155.547412201557
 20
56.210251567471175
  0
TEXT
  5
94
330
17
100
AcDbEntity
  8
0
100
AcDbText
 10
16401.43909172259
 20
109.27083192481685
 30
0.0
 40
8.0
  1
S08_WRAP_1_RIGHT
100
AcDbText
  0
LWPOLYLINE
  5
95
330
17
100
AcDbEntity
  8
0
100
AcDbPolyline
 90
57
 70
1
 10
16155.547412201557
 20
543.056907290781
 10
16188.470862498833
 20
541.8687026914852
 10
16207.116340635108
 20
540.7499204539813
 10
16225.857145199372
 20
539.1403739522946
 10
16244.766014170602
 20
537.0085880886922
 10
16264.02939350939
 20
534.0976730637915
 10
16284.05442227383
 20
530.3034114543884
 10
16304.692907864497
 20
526.169189901745
 10
16325.632523703305
 20
522.258799208494
 10
16346.422072908901
 20
519.1713323664632
 10
16366.331556821002
 20
517.5189456286442
 10
16385.460668720654
 20
518.5477060493255
 10
16407.09076108565
 20
524.0144765470686
 10
16431.457036683874
 20
532.6556395513844
 10
16457.341514870586
 20
542.369132604087
 10
16484.294186463972
 20
550.7220011262185
 10
16513.0988513657
 20
554.3575335041828
 10
16543.53641962993
 20
545.6836116952733
 10
16567.439380417614
 20
524.690087304023
 10
16583.331317610966
 20
528.2271791663126
 10
16605.058007651576
 20
532.9723766932846
 10
16626.592754122004
 20
537.6510575693408
 10
16660.37512462638
 20
544.9679171165072
 10
16669.25522694224
 20
487.3703527927237
 10
16677.013224075567
 20
442.72648048339903
 10
16685.512124509947
 20
398.2643391406714
 10
16694.667559340287
 20
353.9493830185789
 10
16704.416360349445
 20
309.7570355019557
 10
16717.517446747
 20
253.74023704523978
 10
16684.258587096676
 20
246.47834556522508
 10
16662.787586246086
 20
241.80013380809794
 10
16641.21852541358
 20
237.10385255930845
 10
16611.354293063563
 20
230.5900563295868
 10
16571.133054796952
 20
293.9689672609543
 10
16541.308400794336
 20
328.1118070678755
 10
16514.440480167523
 20
348.6173888201064
 10
16488.151973942695
 20
363.25246925052886
 10
16462.062569139594
 20
374.1380890567683
 10
16436.288010399134
 20
382.3411693007371
 10
16411.45464911028
 20
388.54983496917896
 10
16388.46302147005
 20
393.19470065534983
 10
16365.90207195153
 20
396.2580096535286
 10
16343.397123688093
 20
397.889990894451
 10
16321.427280285077
 20
398.34901462544167
 10
16300.523503503264
 20
397.92110030163695
 10
16281.068851393278
 20
396.9000481066015
 10
16263.087286213467
 20
395.5105276111426
 10
16245.705780348275
 20
393.44397871596084
 10
16228.581795287564
 20
390.50179640915434
 10
16211.626521822855
 20
386.6656971707314
 10
16181.638555581148
 20
378.2507860160182
 10
16175.650348577794
 20
414.06400249795666
 10
16171.967013063044
 20
436.7928008129876
 10
16168.363640382564
 20
459.602985999786
 10
16164.821607438333
 20
482.51183078059114
 10
16161.304633045374
 20
505.53493244090356
 10
16155.547412201557
 20
543.056907290781
  0
TEXT
  5
96
330
17
100
AcDbEntity
  8
0
100
AcDbText
 10
16411.928301639004
 20
440.97213359617064
 30
0.0
 40
8.0
  1
S08_WRAP_-1_I2
100
AcDbText
  0
LWPOLYLINE
  5
97
330
17
100
AcDbEntity
  8
0
100
AcDbPolyline
 90
67
 70
1
 10
16155.547412201557
 20
613.3982446362392
 10
16183.496795019342
 20
615.0268740861477
 10
16200.16670731216
 20
615.9355723126359
 10
16216.83664619819
 20
616.7816030455734
 10
16233.506609801423
 20
617.5649659968533
 10
16250.176596240655
 20
618.2856608993012
 10
16266.846603629872
 20
618.9436875067704
 10
16283.51663007864
 20
619.5390455942264
 10
16300.186673692515
 20
620.0717349578276
 10
16316.856732573417
 20
620.5417554149959
 10
16333.526804820041
 20
620.9491068044811
 10
16350.196888528264
 20
621.293788986418
 10
16366.866981791525
 20
621.5758018423755
 10
16383.53708270125
 20
621.7951452753981
 10
16400.207189347242
 20
621.951819210041
 10
16416.877299818083
 20
622.0458235923953
 10
16433.54741220156
 20
622.0771583901086
 10
16450.21752458503
 20
622.0458235923953
 10
16466.88763505587
 20
621.951819210041
 10
16483.557741701865
 20
621.7951452753982
 10
16500.227842611588
 20
621.5758018423754
 10
16516.89793587485
 20
621.293788986418
 10
16533.568019583072
 20
620.9491068044812
 10
16550.238091829695
 20
620.5417554149959
 10
16566.9081507106
 20
620.0717349578276
 10
16583.578194324473
 20
619.5390455942264
 10
16600.24822077324
 20
618.9436875067704
 10
16616.91822816246
 20
618.2856608993013
 10
16633.58821460169
 20
617.5649659968533
 10
16650.258178204924
 20
616.7816030455735
 10
16666.928117090953
 20
615.9355723126359
 10
16683.59802938377
 20
615.0268740861478
 10
16711.54741220156
 20
613.3982446362392
 10
16711.54741220156
 20
574.3575335041828
 10
16682.246795019342
 20
576.0649002948758
 10
16665.66670731216
 20
576.9687020683876
 10
16649.08664619819
 20
577.81017133545
 10
16632.506609801425
 20
578.5893083841703
 10
16615.926596240657
 20
579.3061134817223
 10
16599.34660362987
 20
579.9605868742532
 10
16582.76663007864
 20
580.552728786797
 10
16566.186673692515
 20
581.0825394231958
 10
16549.606732573415
 20
581.5500189660277
 10
16533.02680482004
 20
581.9551675765424
 10
16516.446888528262
 20
582.2979853946055
 10
16499.866981791525
 20
582.578472538648
 10
16483.28708270125
 20
582.7966291056254
 10
16466.707189347242
 20
582.9524551709826
 10
16450.127299818083
 20
583.0459507886283
 10
16433.54741220156
 20
583.0771159909149
 10
16416.96752458503
 20
583.0459507886283
 10
16400.38763505587
 20
582.9524551709826
 10
16383.807741701863
 20
582.7966291056254
 10
16367.227842611588
 20
582.578472538648
 10
16350.647935874851
 20
582.2979853946055
 10
16334.068019583072
 20
581.9551675765424
 10
16317.488091829697
 20
581.5500189660277
 10
16300.908150710598
 20
581.0825394231958
 10
16284.328194324473
 20
580.552728786797
 10
16267.748220773241
 20
579.9605868742532
 10
16251.168228162458
 20
579.3061134817223
 10
16234.58821460169
 20
578.5893083841702
 10
16218.008178204924
 20
577.8101713354499
 10
16201.428117090953
 20
576.9687020683875
 10
16184.84802938377
 20
576.0649002948757
 10
16155.547412201557
 20
574.3575335041828
 10
16155.547412201557
 20
613.3982446362392
  0
TEXT
  5
98
330
17
100
AcDbEntity
  8
0
100
AcDbText
 10
16429.398158470212
 20
599.9058553243107
 30
0.0
 40
8.0
  1
K09_FLAP_EDGE_START
100
AcDbText
  0
LWPOLYLINE
  5
99
330
17
100
AcDbEntity
  8
0
100
AcDbPolyline
 90
67
 70
1
 10
16155.547412201557
 20
681.1178695221649
 10
16183.496795019342
 20
682.7464989720735
 10
16200.16670731216
 20
683.6551971985617
 10
16216.83664619819
 20
684.5012279314992
 10
16233.506609801423
 20
685.2845908827791
 10
16250.176596240655
 20
686.005285785227
 10
16266.846603629872
 20
686.6633123926962
 10
16283.51663007864
 20
687.2586704801522
 10
16300.186673692515
 20
687.7913598437534
 10
16316.856732573417
 20
688.2613803009217
 10
16333.526804820041
 20
688.6687316904068
 10
16350.196888528264
 20
689.0134138723438
 10
16366.866981791525
 20
689.2954267283012
 10
16383.53708270125
 20
689.5147701613239
 10
16400.207189347242
 20
689.6714440959668
 10
16416.877299818083
 20
689.7654484783211
 10
16433.54741220156
 20
689.7967832760344
 10
16450.21752458503
 20
689.7654484783211
 10
16466.88763505587
 20
689.6714440959668
 10
16483.557741701865
 20
689.514770161324
 10
16500.227842611588
 20
689.2954267283012
 10
16516.89793587485
 20
689.0134138723438
 10
16533.568019583072
 20
688.668731690407
 10
16550.238091829695
 20
688.2613803009217
 10
16566.9081507106
 20
687.7913598437534
 10
16583.578194324473
 20
687.2586704801522
 10
16600.24822077324
 20
686.6633123926962
 10
16616.91822816246
 20
686.0052857852271
 10
16633.58821460169
 20
685.2845908827791
 10
16650.258178204924
 20
684.5012279314993
 10
16666.928117090953
 20
683.6551971985617
 10
16683.59802938377
 20
682.7464989720736
 10
16711.54741220156
 20
681.1178695221649
 10
16711.54741220156
 20
642.0771583901087
 10
16682.246795019342
 20
643.7845251808016
 10
16665.66670731216
 20
644.6883269543134
 10
16649.08664619819
 20
645.5297962213758
 10
16632.506609801425
 20
646.3089332700961
 10
16615.926596240657
 20
647.025738367648
 10
16599.34660362987
 20
647.680211760179
 10
16582.76663007864
 20
648.2723536727228
 10
16566.186673692515
 20
648.8021643091216
 10
16549.606732573415
 20
649.2696438519534
 10
16533.02680482004
 20
649.6747924624682
 10
16516.446888528262
 20
650.0176102805312
 10
16499.866981791525
 20
650.2980974245738
 10
16483.28708270125
 20
650.5162539915511
 10
16466.707189347242
 20
650.6720800569084
 10
16450.127299818083
 20
650.765575674554
 10
16433.54741220156
 20
650.7967408768407
 10
16416.96752458503
 20
650.765575674554
 10
16400.38763505587
 20
650.6720800569084
 10
16383.807741701863
 20
650.5162539915511
 10
16367.227842611588
 20
650.2980974245738
 10
16350.647935874851
 20
650.0176102805312
 10
16334.068019583072
 20
649.6747924624682
 10
16317.488091829697
 20
649.2696438519533
 10
16300.908150710598
 20
648.8021643091216
 10
16284.328194324473
 20
648.2723536727228
 10
16267.748220773241
 20
647.680211760179
 10
16251.168228162458
 20
647.025738367648
 10
16234.58821460169
 20
646.308933270096
 10
16218.008178204924
 20
645.5297962213757
 10
16201.428117090953
 20
644.6883269543133
 10
16184.84802938377
 20
643.7845251808014
 10
16155.547412201557
 20
642.0771583901086
 10
16155.547412201557
 20
681.1178695221649
  0
TEXT
  5
9A
330
17
100
AcDbEntity
  8
0
100
AcDbText
 10
16429.398158470212
 20
667.6254802102363
 30
0.0
 40
8.0
  1
K09_FLAP_EDGE_END
100
AcDbText
  0
LWPOLYLINE
  5
9B
330
17
100
AcDbEntity
  8
0
100
AcDbPolyline
 90
5
 70
1
 10
16155.547412201557
 20
709.7967832760344
 10
16155.547412201557
 20
1173.84029790335
 10
16699.583935964285
 20
1173.84029790335
 10
16699.583935964285
 20
709.7967832760344
 10
16155.547412201557
 20
709.7967832760344
  0
TEXT
  5
9C
330
17
100
AcDbEntity
  8
0
100
AcDbText
 10
16373.162021706648
 20
895.4141891269604
 30
0.0
 40
8.0
  1
EH09_BACK_A
100
AcDbText
  0
LWPOLYLINE
  5
9D
330
17
100
AcDbEntity
  8
0
100
AcDbPolyline
 90
5
 70
1
 10
16753.50375997016
 20
15.0
 10
16753.50375997016
 20
479.0435146273154
 10
17297.540283732887
 20
479.0435146273154
 10
17297.540283732887
 20
15.0
 10
16753.50375997016
 20
15.0
  0
TEXT
  5
9E
330
17
100
AcDbEntity
  8
0
100
AcDbText
 10
16971.11836947525
 20
200.61740585092616
 30
0.0
 40
8.0
  1
EH09_BACK_B
100
AcDbText
  0
LWPOLYLINE
  5
9F
330
17
100
AcDbEntity
  8
0
100
AcDbPolyline
 90
5
 70
1
 10
16753.50375997016
 20
499.0435146273154
 10
16753.50375997016
 20
608.0435146273154
 10
17297.50375997016
 20
608.0435146273154
 10
17297.50375997016
 20
499.0435146273154
 10
16753.50375997016
 20
499.0435146273154
  0
TEXT
  5
A0
330
17
100
AcDbEntity
  8
0
100
AcDbText
 10
16971.10375997016
 20
542.6435146273154
 30
0.0
 40
8.0
  1
B09_H08_REMOVABLE_NAPE_PILLOW_INNER_FILL_GUARD
100
AcDbText
  0
LWPOLYLINE
  5
A1
330
17
100
AcDbEntity
  8
0
100
AcDbPolyline
 90
57
 70
1
 10
16768.874800381436
 20
957.6287374707614
 10
16796.62312039394
 20
960.0129594964135
 10
16814.580686635985
 20
962.1080729762508
 10
16832.697056225057
 20
964.5881639525877
 10
16850.94062632302
 20
967.3682969728836
 10
16869.583041367892
 20
970.5205311624318
 10
16889.44468623725
 20
973.9726103309681
 10
16910.476768075278
 20
977.2974683157325
 10
16932.21145641767
 20
980.2264285841486
 10
16954.226157072597
 20
982.4832473078542
 10
16976.459576371766
 20
983.604768699737
 10
16999.453008339835
 20
981.8334854259806
 10
17024.284579571864
 20
975.0024346812579
 10
17049.710054350562
 20
965.3612681844418
 10
17074.916534143307
 20
955.2929555112938
 10
17099.00658726119
 20
947.3435667930115
 10
17120.737656741574
 20
944.2919173374022
 10
17140.988763766305
 20
949.944625189947
 10
17169.025254985823
 20
976.3992472482569
 10
17196.94591033119
 20
970.4064240817721
 10
17218.585711408017
 20
966.1397613734209
 10
17240.113429332632
 20
962.0865288950637
 10
17272.741058761385
 20
956.3544179237653
 10
17265.816440947347
 20
899.7319813155046
 10
17261.606960999015
 20
854.1966042694756
 10
17259.075256294156
 20
808.1677564535
 10
17258.931283530193
 20
761.3725370160287
 10
17262.615818352726
 20
713.6179828086456
 10
17292.169354564343
 20
628.0435146273154
 10
17251.263504258175
 20
633.3294948339117
 10
17228.74705563381
 20
637.808875480644
 10
17206.04249576576
 20
642.7865874748638
 10
17181.245190678062
 20
648.306072465097
 10
17152.10586406593
 20
665.4114989579939
 10
17119.8367887874
 20
695.4455807451908
 10
17085.502490360188
 20
732.4796522867764
 10
17050.079230607753
 20
771.2479801952846
 10
17015.538354778975
 20
806.8678587311057
 10
16985.5170846709
 20
835.6216471446262
 10
16964.194198459616
 20
853.2471431551403
 10
16951.20152386216
 20
858.2623547023903
 10
16937.1856750095
 20
856.9623495098234
 10
16920.842792814914
 20
850.6009562844331
 10
16903.393794139323
 20
840.2107050009096
 10
16885.221968787886
 20
827.6538045932865
 10
16866.48144970657
 20
814.8422929436801
 10
16847.697708366315
 20
803.7387411733384
 10
16829.233153666348
 20
793.5660283250373
 10
16810.80396419197
 20
783.223567730119
 10
16792.13679216555
 20
772.577813907607
 10
16756.05997619003
 20
752.5231283393775
 10
16753.50375997016
 20
821.3279849832751
 10
16755.9655358021
 20
850.2186635565616
 10
16758.793376893434
 20
875.9843115787603
 10
16761.784075350668
 20
900.5609918245914
 10
16764.806664877076
 20
924.4541276580482
 10
16768.874800381436
 20
957.6287374707614
  0
TEXT
  5
A2
330
17
100
AcDbEntity
  8
0
100
AcDbText
 10
17001.87545455132
 20
861.4436358852364
 30
0.0
 40
8.0
  1
S08_WRAP_1_I2
100
AcDbText
  0
LWPOLYLINE
  5
A3
330
17
100
AcDbEntity
  8
0
100
AcDbPolyline
 90
5
 70
1
 10
16753.50375997016
 20
1003.604768699737
 10
16753.50375997016
 20
1112.604768699737
 10
17257.50375997016
 20
1112.604768699737
 10
17257.50375997016
 20
1003.604768699737
 10
16753.50375997016
 20
1003.604768699737
  0
TEXT
  5
A4
330
17
100
AcDbEntity
  8
0
100
AcDbText
 10
16955.10375997016
 20
1047.204768699737
 30
0.0
 40
8.0
  1
B09_PAD_D_C1_LEFT_COLUMN_INNER_FILL_GUARD
100
AcDbText
  0
LWPOLYLINE
  5
A5
330
17
100
AcDbEntity
  8
0
100
AcDbPolyline
 90
5
 70
1
 10
16753.50375997016
 20
1132.604768699737
 10
16753.50375997016
 20
1241.604768699737
 10
17257.50375997016
 20
1241.604768699737
 10
17257.50375997016
 20
1132.604768699737
 10
16753.50375997016
 20
1132.604768699737
  0
TEXT
  5
A6
330
17
100
AcDbEntity
  8
0
100
AcDbText
 10
16955.10375997016
 20
1176.204768699737
 30
0.0
 40
8.0
  1
B09_F01_FOOTSTOP_2000_INNER_FILL_GUARD
100
AcDbText
  0
LWPOLYLINE
  5
A7
330
17
100
AcDbEntity
  8
0
100
AcDbPolyline
 90
25
 70
1
 10
17527.792177194053
 20
361.59158251819093
 10
17646.987173463418
 20
363.58904989325384
 10
17739.09782606303
 20
363.61067770999307
 10
17819.831355416132
 20
361.4292871968825
 10
17815.99575062336
 20
311.8111953311662
 10
17807.854342913633
 20
273.98994761094764
 10
17794.505278628752
 20
236.21618592601965
 10
17775.902465824045
 20
198.565135395316
 10
17752.03668145916
 20
161.19079229708638
 10
17722.958861152947
 20
124.29835569485971
 10
17688.78374656068
 20
88.12366149022273
 10
17649.702101446932
 20
52.93417046892739
 10
17601.181101987422
 20
15.0
 10
17525.99211768175
 20
41.62560430701336
 10
17438.383006829456
 20
70.79510911154728
 10
17317.540283732887
 20
112.1900192542804
 10
17379.089155875863
 20
151.96519349974608
 10
17414.96462136298
 20
178.4334022790483
 10
17445.89562620021
 20
204.9720787705695
 10
17471.706806281974
 20
231.26443471936432
 10
17492.330161768685
 20
256.96406088205777
 10
17507.85739906925
 20
281.7514031895373
 10
17518.575962233394
 20
305.407967103989
 10
17524.84779164229
 20
327.89916054317814
 10
17527.792177194053
 20
361.59158251819093
  0
TEXT
  5
A8
330
17
100
AcDbEntity
  8
0
100
AcDbText
 10
17596.304158904255
 20
217.48840230845556
 30
0.0
 40
8.0
  1
H08_CANOPY_I3_A_B_A
100
AcDbText
  0
LWPOLYLINE
  5
A9
330
17
100
AcDbEntity
  8
0
100
AcDbPolyline
 90
19
 70
1
 10
17317.540283732887
 20
818.9939077366039
 10
17395.29447101051
 20
821.8698459371608
 10
17444.601692703913
 20
822.5479021486909
 10
17488.56660561361
 20
822.8714493307818
 10
17532.25749975662
 20
821.1102072490961
 10
17573.812616958312
 20
819.4125116456455
 10
17620.28663653044
 20
819.864146295249
 10
17665.270919200964
 20
727.1156049531999
 10
17721.726989233048
 20
600.7959371062955
 10
17813.159450200998
 20
383.610677709993
 10
17721.442006735324
 20
450.2656111507836
 10
17658.52470440833
 20
499.99402113753837
 10
17594.138059267818
 20
550.590915213942
 10
17531.80170957834
 20
595.2099348519098
 10
17463.030624867595
 20
641.4666686555929
 10
17383.014467596484
 20
690.6108869743271
 10
17360.97354754355
 20
744.1256173208176
 10
17344.325900027157
 20
778.3986303644626
 10
17317.540283732887
 20
818.9939077366039
  0
TEXT
  5
AA
330
17
100
AcDbEntity
  8
0
100
AcDbText
 10
17523.54255098415
 20
696.202546500984
 30
0.0
 40
8.0
  1
O08_SMOOTH_LOWER_I6_A_A_B_B
100
AcDbText
  0
LWPOLYLINE
  5
AB
330
17
100
AcDbEntity
  8
0
100
AcDbPolyline
 90
21
 70
1
 10
17345.58329314609
 20
986.2491731746846
 10
17345.584168335932
 20
986.2505864376652
 10
17351.18202056515
 20
999.7099262960128
 10
17417.6332530753
 20
975.4836730590076
 10
17484.307267960594
 20
955.2033415098264
 10
17549.324874398597
 20
943.4109697227798
 10
17613.806758761584
 20
942.3593194698831
 10
17686.77224943877
 20
960.5984736373251
 10
17795.03378276253
 20
1007.9813480850848
 10
17759.768223916275
 20
929.5370396584116
 10
17739.868934890626
 20
894.0674707765561
 10
17721.38107118061
 20
870.1188915651153
 10
17703.155459301834
 20
854.8050067726041
 10
17680.896703005816
 20
842.871449330782
 10
17622.939782418867
 20
861.9902504347071
 10
17568.449305896134
 20
881.3007400388591
 10
17515.19887145919
 20
902.5644411681361
 10
17457.132428254532
 20
921.1099715128124
 10
17395.838800825273
 20
942.6359314602214
 10
17317.540283732887
 20
974.7843525976122
 10
17345.58329314609
 20
986.2491731746846
  0
TEXT
  5
AC
330
17
100
AcDbEntity
  8
0
100
AcDbText
 10
17543.665753641555
 20
934.251501422989
 30
0.0
 40
8.0
  1
O08_SMOOTH_LOWER_I1_A_A_A
100
AcDbText
  0
LWPOLYLINE
  5
AD
330
17
100
AcDbEntity
  8
0
100
AcDbPolyline
 90
5
 70
1
 10
17317.540283732887
 20
1027.9813480850848
 10
17317.540283732887
 20
1436.9813480850853
 10
17781.540845776573
 20
1436.9813480850853
 10
17781.540845776573
 20
1027.9813480850848
 10
17317.540283732887
 20
1027.9813480850848
  0
TEXT
  5
AE
330
17
100
AcDbEntity
  8
0
100
AcDbText
 10
17503.14050855036
 20
1191.5813480850852
 30
0.0
 40
8.0
  1
EH09_SEAT_A
100
AcDbText
  0
LWPOLYLINE
  5
AF
330
17
100
AcDbEntity
  8
0
100
AcDbPolyline
 90
5
 70
1
 10
17839.831355416136
 20
15.000000000000002
 10
17839.831355416136
 20
424.00000000000045
 10
18303.831917459822
 20
424.00000000000045
 10
18303.831917459822
 20
15.000000000000002
 10
17839.831355416136
 20
15.000000000000002
  0
TEXT
  5
B0
330
17
100
AcDbEntity
  8
0
100
AcDbText
 10
18025.43158023361
 20
178.6000000000002
 30
0.0
 40
8.0
  1
EH09_SEAT_B
100
AcDbText
  0
LWPOLYLINE
  5
B1
330
17
100
AcDbEntity
  8
0
100
AcDbPolyline
 90
22
 70
1
 10
17839.831355416136
 20
651.9178720050295
 10
17925.110515860455
 20
655.0021866412961
 10
17987.38724013841
 20
653.0286551902823
 10
18045.805730879023
 20
651.0466288610648
 10
18101.00204147085
 20
653.0309124498042
 10
18156.614831385195
 20
653.4437669350917
 10
18214.967086404788
 20
653.0418609836714
 10
18233.53943034481
 20
636.3507103427064
 10
18247.18185404182
 20
620.4284087208628
 10
18258.393330776627
 20
599.3478295794093
 10
18266.609900415606
 20
570.2760731556014
 10
18272.082578905607
 20
530.0885874363283
 10
18277.177174744218
 20
444.00000000000045
 10
18193.17080060776
 20
527.5228008153956
 10
18131.552218575867
 20
570.6940364292333
 10
18071.113844596082
 20
593.3017664180236
 10
18006.131783576497
 20
605.9981751575907
 10
17936.727489959125
 20
613.0305972673125
 10
17866.19506569271
 20
615.4493681263277
 10
17865.938909917775
 20
630.1901029168856
 10
17865.886756459462
 20
630.5692893051998
 10
17839.831355416136
 20
651.9178720050295
  0
TEXT
  5
B2
330
17
100
AcDbEntity
  8
0
100
AcDbText
 10
18072.829604344774
 20
609.5307954882794
 30
0.0
 40
8.0
  1
O08_SMOOTH_LOWER_I6_A_A_A
100
AcDbText
  0
LWPOLYLINE
  5
B3
330
17
100
AcDbEntity
  8
0
100
AcDbPolyline
 90
5
 70
1
 10
17839.831355416136
 20
675.0021866412961
 10
17839.831355416136
 20
784.0021866412961
 10
18263.831355416136
 20
784.0021866412961
 10
18263.831355416136
 20
675.0021866412961
 10
17839.831355416136
 20
675.0021866412961
  0
TEXT
  5
B4
330
17
100
AcDbEntity
  8
0
100
AcDbText
 10
18009.431355416134
 20
718.6021866412962
 30
0.0
 40
8.0
  1
B09_A_SOFT_-1_INNER_FILL_GUARD
100
AcDbText
  0
LWPOLYLINE
  5
B5
330
17
100
AcDbEntity
  8
0
100
AcDbPolyline
 90
5
 70
1
 10
17839.831355416136
 20
804.0021866412961
 10
17839.831355416136
 20
913.0021866412961
 10
18263.831355416136
 20
913.0021866412961
 10
18263.831355416136
 20
804.0021866412961
 10
17839.831355416136
 20
804.0021866412961
  0
TEXT
  5
B6
330
17
100
AcDbEntity
  8
0
100
AcDbText
 10
18009.431355416134
 20
847.602186641296
 30
0.0
 40
8.0
  1
B09_A_SOFT_1_INNER_FILL_GUARD
100
AcDbText
  0
LWPOLYLINE
  5
B7
330
17
100
AcDbEntity
  8
0
100
AcDbPolyline
 90
34
 70
1
 10
17839.831355416136
 20
971.3154230924587
 10
17888.2222624924
 20
971.3154230924587
 10
17910.208030775746
 20
971.3154230924587
 10
17954.17956734244
 20
971.3154230924587
 10
17976.16533562578
 20
971.3154230924587
 10
17998.151103909127
 20
971.3154230924587
 10
18020.136872192474
 20
971.3154230924587
 10
18042.12264047582
 20
971.3154230924587
 10
18064.108408759166
 20
971.3154230924587
 10
18086.094177042512
 20
971.3154230924587
 10
18108.07994532586
 20
971.3154230924587
 10
18130.065713609205
 20
971.3154230924587
 10
18152.05148189255
 20
971.3154230924587
 10
18174.037250175897
 20
971.3154230924587
 10
18196.02301845924
 20
971.3154230924587
 10
18223.462270669686
 20
971.3154230924587
 10
18256.909175124576
 20
933.0021866412961
 10
18208.51826804831
 20
933.0021866412961
 10
18186.532499764966
 20
933.0021866412961
 10
18164.54673148162
 20
933.0021866412961
 10
18142.560963198273
 20
933.0021866412961
 10
18120.575194914927
 20
933.0021866412961
 10
18098.58942663158
 20
933.0021866412961
 10
18076.603658348235
 20
933.0021866412961
 10
18054.61789006489
 20
933.0021866412961
 10
18032.632121781542
 20
933.0021866412961
 10
18010.646353498196
 20
933.0021866412961
 10
17988.66058521485
 20
933.0021866412961
 10
17966.674816931507
 20
933.0021866412961
 10
17944.68904864816
 20
933.0021866412961
 10
17922.703280364814
 20
933.0021866412961
 10
17900.717512081468
 20
933.0021866412961
 10
17873.278259871022
 20
933.0021866412961
 10
17839.831355416136
 20
971.3154230924587
  0
TEXT
  5
B8
330
17
100
AcDbEntity
  8
0
100
AcDbText
 10
18045.653722810268
 20
952.158804866878
 30
0.0
 40
8.0
  1
G08_FOREARM_GUSSET_1_END
100
AcDbText
  0
LWPOLYLINE
  5
B9
330
17
100
AcDbEntity
  8
0
100
AcDbPolyline
 90
35
 70
1
 10
17873.278259871022
 20
1029.6286595436218
 10
17900.717512081468
 20
1029.6286595436216
 10
17922.703280364814
 20
1029.6286595436218
 10
17944.68904864816
 20
1029.6286595436216
 10
17966.674816931507
 20
1029.6286595436216
 10
17988.66058521485
 20
1029.6286595436216
 10
18010.646353498196
 20
1029.6286595436216
 10
18032.632121781542
 20
1029.6286595436213
 10
18054.61789006489
 20
1029.6286595436213
 10
18076.603658348235
 20
1029.6286595436213
 10
18098.58942663158
 20
1029.6286595436213
 10
18120.575194914927
 20
1029.6286595436216
 10
18142.560963198273
 20
1029.6286595436213
 10
18164.54673148162
 20
1029.6286595436216
 10
18186.532499764966
 20
1029.6286595436216
 10
18208.51826804831
 20
1029.6286595436216
 10
18256.909175124576
 20
1029.6286595436218
 10
18223.462270669686
 20
991.3154230924592
 10
18196.023018459244
 20
991.315423092459
 10
18174.037250175897
 20
991.315423092459
 10
18152.05148189255
 20
991.3154230924589
 10
18130.065713609205
 20
991.3154230924588
 10
18108.07994532586
 20
991.3154230924589
 10
18086.094177042512
 20
991.3154230924588
 10
18064.108408759166
 20
991.3154230924588
 10
18042.12264047582
 20
991.3154230924589
 10
18020.136872192474
 20
991.3154230924589
 10
17998.151103909127
 20
991.315423092459
 10
17976.165335625785
 20
991.315423092459
 10
17954.17956734244
 20
991.315423092459
 10
17932.193799059092
 20
991.3154230924591
 10
17910.208030775746
 20
991.3154230924591
 10
17888.2222624924
 20
991.3154230924591
 10
17839.831355416136
 20
991.3154230924591
 10
17873.278259871022
 20
1029.6286595436218
  0
TEXT
  5
BA
330
17
100
AcDbEntity
  8
0
100
AcDbText
 10
18043.36763654466
 20
1011.0193732673428
 30
0.0
 40
8.0
  1
G08_FOREARM_GUSSET_-1_END
100
AcDbText
  0
LWPOLYLINE
  5
BB
330
17
100
AcDbEntity
  8
0
100
AcDbPolyline
 90
25
 70
1
 10
17839.831355416136
 20
1448.4979535164127
 10
17967.95590990802
 20
1447.7797098152682
 10
18060.220881851437
 20
1447.1525086345437
 10
18139.984555343894
 20
1448.4643852917466
 10
18173.7061949782
 20
1396.8519952106928
 10
18199.156372664467
 20
1350.8004059686
 10
18219.63420138057
 20
1305.4427990218962
 10
18235.05376331235
 20
1261.0692404469453
 10
18245.381285512638
 20
1217.941419600067
 10
18250.634440549526
 20
1176.26781932199
 10
18250.843756344104
 20
1136.1918821558863
 10
18246.07729477756
 20
1097.8569452698998
 10
18233.876006333256
 20
1049.6286595436218
 10
18156.72774161519
 20
1073.6299294053565
 10
18069.45929543549
 20
1103.183913300519
 10
17957.599522898316
 20
1143.9846520099466
 10
17965.26125980099
 20
1176.884560269558
 10
17966.85040897974
 20
1200.3230305681084
 10
17964.625873369125
 20
1226.1863675280574
 10
17958.187857167035
 20
1254.6974311033541
 10
17947.204013524206
 20
1285.7506648493993
 10
17931.486073606593
 20
1319.071689609234
 10
17911.036714370875
 20
1354.3141199890656
 10
17885.857656535074
 20
1391.0044966895127
 10
17839.831355416136
 20
1448.4979535164127
  0
TEXT
  5
BC
330
17
100
AcDbEntity
  8
0
100
AcDbText
 10
18064.659351643637
 20
1270.4589813054438
 30
0.0
 40
8.0
  1
H08_CANOPY_I2_A_B_A
100
AcDbText
  0
LWPOLYLINE
  5
BD
330
17
100
AcDbEntity
  8
0
100
AcDbPolyline
 90
19
 70
1
 10
18397.234079607282
 20
193.07663966401284
 10
18464.106403030528
 20
193.86920874001564
 10
18518.882049603842
 20
194.87881946857158
 10
18567.852187957717
 20
194.64551334956056
 10
18617.551631154583
 20
196.06279961198445
 10
18666.345456967065
 20
196.659598487589
 10
18733.544600846017
 20
191.28148971593563
 10
18658.929267607353
 20
99.22509455508947
 10
18614.738907936247
 20
51.8615313605691
 10
18576.118697270347
 20
15.0
 10
18537.754594960854
 20
38.591183520989745
 10
18504.696247639957
 20
55.846787395519726
 10
18469.688505279624
 20
73.12491421570277
 10
18434.243995974288
 20
90.68283488295661
 10
18393.527025420808
 20
107.93692083693375
 10
18323.831917459822
 20
135.2042025690951
 10
18359.312305259355
 20
157.6909933223141
 10
18375.00954091721
 20
169.75725294690974
 10
18397.234079607282
 20
193.07663966401284
  0
TEXT
  5
BE
330
17
100
AcDbEntity
  8
0
100
AcDbText
 10
18505.821131289485
 20
134.1301275951454
 30
0.0
 40
8.0
  1
O08_SMOOTH_LOWER_I1_A_A_B_B
100
AcDbText
  0
LWPOLYLINE
  5
BF
330
17
100
AcDbEntity
  8
0
100
AcDbPolyline
 90
31
 70
1
 10
18323.831917459822
 20
601.1479192147069
 10
18384.69870202169
 20
590.2944233838787
 10
18424.439387939416
 20
587.4684191466591
 10
18463.586313824293
 20
587.1619244149875
 10
18502.852914152125
 20
588.1410262930011
 10
18541.579451963276
 20
591.3417509900827
 10
18590.708984906916
 20
599.5606363876109
 10
18602.68601803891
 20
557.8035544226268
 10
18612.67025826979
 20
526.8517077822294
 10
18623.68490240246
 20
496.26504518868114
 10
18635.67946935439
 20
466.0564641113066
 10
18648.599317771375
 20
436.2484543475855
 10
18662.397395252603
 20
406.8672349245958
 10
18677.045517836654
 20
377.95675184073104
 10
18692.560249365204
 20
349.61959194666076
 10
18715.550372339214
 20
311.3539089276214
 10
18671.36232525923
 20
285.7274951866043
 10
18637.46072407883
 20
267.5762512394244
 10
18603.116819208808
 20
251.49539935950378
 10
18568.15077113054
 20
237.98416063635415
 10
18532.164825389526
 20
227.23346599009238
 10
18487.054698823536
 20
216.659598487589
 10
18461.160424427046
 20
261.32508480011586
 10
18440.670240699452
 20
299.2232123972971
 10
18421.19979168219
 20
337.83950875346375
 10
18402.799344215724
 20
377.155712068823
 10
18385.530416036447
 20
417.1393775203802
 10
18369.45687982282
 20
457.7497710675465
 10
18354.639025817112
 20
498.9379193206148
 10
18341.137097152918
 20
540.656812111738
 10
18323.831917459822
 20
601.1479192147069
  0
TEXT
  5
C0
330
17
100
AcDbEntity
  8
0
100
AcDbText
 10
18519.42924110007
 20
430.70937101539425
 30
0.0
 40
8.0
  1
H08_CANOPY_I1_B_B
100
AcDbText
  0
LWPOLYLINE
  5
C1
330
17
100
AcDbEntity
  8
0
100
AcDbPolyline
 90
25
 70
1
 10
18323.831917459822
 20
682.7955894449973
 10
18377.91674943103
 20
672.517615744437
 10
18409.48833362472
 20
668.0066922123921
 10
18440.34691533814
 20
665.409846560367
 10
18470.999605400968
 20
663.8671708638368
 10
18501.45176804505
 20
662.9388033054288
 10
18531.517225224477
 20
662.792110976325
 10
18561.125620243904
 20
663.5869441154821
 10
18590.206815934824
 20
665.4811822589874
 10
18618.70389469037
 20
668.6318494008317
 10
18646.704829557424
 20
673.1603031981188
 10
18684.396091057464
 20
680.6266048848954
 10
18700.51122822534
 20
640.3128593366318
 10
18658.0062530354
 20
631.8930040352463
 10
18628.992955238275
 20
627.2008257488768
 10
18599.359074603733
 20
623.924472589962
 10
18569.280539880074
 20
621.9652715866796
 10
18538.83327905612
 20
621.1479192147069
 10
18508.080000559075
 20
621.2979674918172
 10
18477.0831932893
 20
622.2429391386529
 10
18445.78952479657
 20
623.8178737280823
 10
18413.83498139093
 20
626.506947966037
 10
18381.029559145696
 20
631.1941613246333
 10
18341.45278130566
 20
638.71510697552
 10
18323.831917459822
 20
682.7955894449973
  0
TEXT
  5
C2
330
17
100
AcDbEntity
  8
0
100
AcDbText
 10
18509.71100215977
 20
649.7131860619177
 30
0.0
 40
8.0
  1
G08_FOREARM_GUSSET_-1_LEFT
100
AcDbText
  0
LWPOLYLINE
  5
C3
330
17
100
AcDbEntity
  8
0
100
AcDbPolyline
 90
25
 70
1
 10
18323.831917459822
 20
764.4432596752877
 10
18377.91674943103
 20
754.1652859747273
 10
18409.48833362472
 20
749.6543624426824
 10
18440.34691533814
 20
747.0575167906574
 10
18470.999605400968
 20
745.5148410941272
 10
18501.45176804505
 20
744.586473535719
 10
18531.517225224477
 20
744.4397812066154
 10
18561.125620243904
 20
745.2346143457725
 10
18590.206815934824
 20
747.1288524892777
 10
18618.70389469037
 20
750.2795196311221
 10
18646.704829557424
 20
754.8079734284091
 10
18684.396091057464
 20
762.2742751151858
 10
18700.51122822534
 20
721.9605295669222
 10
18658.0062530354
 20
713.5406742655367
 10
18628.992955238275
 20
708.8484959791672
 10
18599.359074603733
 20
705.5721428202523
 10
18569.280539880074
 20
703.61294181697
 10
18538.83327905612
 20
702.7955894449973
 10
18508.080000559075
 20
702.9456377221076
 10
18477.0831932893
 20
703.8906093689433
 10
18445.78952479657
 20
705.4655439583727
 10
18413.83498139093
 20
708.1546181963274
 10
18381.029559145696
 20
712.8418315549238
 10
18341.45278130566
 20
720.3627772058104
 10
18323.831917459822
 20
764.4432596752877
  0
TEXT
  5
C4
330
17
100
AcDbEntity
  8
0
100
AcDbText
 10
18509.71100215977
 20
731.360856292208
 30
0.0
 40
8.0
  1
G08_FOREARM_GUSSET_1_RIGHT
100
AcDbText
  0
LWPOLYLINE
  5
C5
330
17
100
AcDbEntity
  8
0
100
AcDbPolyline
 90
25
 70
1
 10
18335.757143987314
 20
1112.0164582823
 10
18400.43246043108
 20
1111.203751439258
 10
18454.490902212718
 20
1110.8330818139987
 10
18508.686868386274
 20
1110.7003914436266
 10
18563.06518245821
 20
1110.8210761450946
 10
18617.69414984572
 20
1111.1966699495079
 10
18686.856092073715
 20
1112.0568316453787
 10
18681.79631106233
 20
1077.1084357523212
 10
18679.135643979585
 20
1053.347702809525
 10
18677.187807212584
 20
1020.9359381836416
 10
18676.204588659235
 20
973.4786973896523
 10
18676.312003072486
 20
904.8769772232365
 10
18677.71924887201
 20
797.5364349924539
 10
18610.365894430248
 20
794.4653289526693
 10
18555.241417705125
 20
791.7003946270187
 10
18500.391978684154
 20
789.482193952188
 10
18445.825162526446
 20
787.7087116554156
 10
18391.47029572787
 20
786.1710692350032
 10
18325.082805375983
 20
784.4432596752877
 10
18323.831917459822
 20
894.898997001499
 10
18324.2846982264
 20
965.7315010450752
 10
18325.8745056639
 20
1015.3624716685223
 10
18328.285751359293
 20
1050.2975729414575
 10
18331.233831504218
 20
1077.0467310261904
 10
18335.757143987314
 20
1112.0164582823
  0
TEXT
  5
C6
330
17
100
AcDbEntity
  8
0
100
AcDbText
 10
18497.319352196166
 20
978.2174854853048
 30
0.0
 40
8.0
  1
O08_SMOOTH_LOWER_I6_B_B_A
100
AcDbText
  0
LWPOLYLINE
  5
C7
330
17
100
AcDbEntity
  8
0
100
AcDbPolyline
 90
21
 70
1
 10
18358.307367546186
 20
1432.6737727504737
 10
18426.566199838864
 20
1428.4179559273693
 10
18493.695323893102
 20
1425.6443447426736
 10
18571.6124039229
 20
1422.237619354057
 10
18686.472670715168
 20
1433.4596018879693
 10
18686.342071722556
 20
1415.8022506907876
 10
18685.857731358865
 20
1409.4326740277154
 10
18685.336211755104
 20
1400.0952266765266
 10
18684.829170282006
 20
1385.73025217333
 10
18684.411187023612
 20
1364.7260483427347
 10
18684.54538142472
 20
1330.779873327735
 10
18566.359763050983
 20
1191.7321028321744
 10
18476.078507876406
 20
1158.4312120052653
 10
18402.431241547358
 20
1139.9313390442885
 10
18324.677332835174
 20
1132.0568316453787
 10
18323.831917459822
 20
1239.0068251124435
 10
18325.836413813104
 20
1306.712804571154
 10
18330.213755170596
 20
1354.0169258086185
 10
18336.84637273894
 20
1386.5674397397156
 10
18345.506535926816
 20
1409.0720588291388
 10
18358.307367546186
 20
1432.6737727504737
  0
TEXT
  5
C8
330
17
100
AcDbEntity
  8
0
100
AcDbText
 10
18497.05071083088
 20
1342.8190920114296
 30
0.0
 40
8.0
  1
O08_SMOOTH_LOWER_I6_B_B_B_B
100
AcDbText
  0
LWPOLYLINE
  5
C9
330
17
100
AcDbEntity
  8
0
100
AcDbPolyline
 90
27
 70
1
 10
18784.396146727566
 20
79.16064834003019
 10
18828.351305376804
 20
112.14071396721391
 10
18859.829270962637
 20
118.70896206575011
 10
18887.245871293537
 20
120.54863910645585
 10
18913.13493486574
 20
120.07801909241616
 10
18938.087111144276
 20
118.1106620458149
 10
18962.381907713716
 20
115.05200959906105
 10
18986.17759818605
 20
111.13941387574872
 10
19009.57376544252
 20
106.52610112321854
 10
19032.637653338486
 20
101.31771206726233
 10
19055.417027210395
 20
95.59056849757225
 10
19077.947119318727
 20
89.40173848999078
 10
19113.664579901008
 20
78.82343949374882
 10
19089.62609137694
 20
28.831616888162813
 10
19057.979873073535
 20
39.5496299660208
 10
19036.32004050315
 20
46.403582874836275
 10
19014.4651493094
 20
52.79250857832151
 10
18992.39596619841
 20
58.65936112564193
 10
18970.087824106882
 20
63.928558876822656
 10
18947.508451675392
 20
68.49678996097626
 10
18924.614565365657
 20
72.21684178644368
 10
18901.346415631702
 20
74.8666569846537
 10
18877.619635957264
 20
76.08284391348259
 10
18853.3239398739
 20
75.19178774139789
 10
18829.246432299737
 20
70.8001954369884
 10
18753.544600846017
 20
14.999999999999993
 10
18784.396146727566
 20
79.16064834003019
  0
TEXT
  5
CA
330
17
100
AcDbEntity
  8
0
100
AcDbText
 10
18943.752571275076
 20
81.05850556437268
 30
0.0
 40
8.0
  1
S08_WRAP_-1_START
100
AcDbText
  0
LWPOLYLINE
  5
CB
330
17
100
AcDbEntity
  8
0
100
AcDbPolyline
 90
27
 70
1
 10
18753.544600846017
 20
204.37207860020453
 10
18789.262061428297
 20
214.9503775964465
 10
18811.79215353663
 20
221.139207604028
 10
18834.571527408538
 20
226.866351173718
 10
18857.635415304503
 20
232.07474022967423
 10
18881.031582560972
 20
236.6880529822044
 10
18904.82727303331
 20
240.6006487055168
 10
18929.12206960275
 20
243.65930115227064
 10
18954.074245881286
 20
245.6266581988719
 10
18979.963309453487
 20
246.0972782129116
 10
19007.379909784388
 20
244.25760117220585
 10
19038.85787537022
 20
237.68935307366962
 10
19082.81303401946
 20
204.70928744648597
 10
19113.664579901008
 20
140.54863910645588
 10
19037.962748447288
 20
196.34883454344413
 10
19013.885240873125
 20
200.74042684785363
 10
18989.58954478976
 20
201.63148301993832
 10
18965.862765115322
 20
200.41529609110944
 10
18942.594615381367
 20
197.7654808928994
 10
18919.70072907163
 20
194.045429067432
 10
18897.121356640142
 20
189.47719798327836
 10
18874.813214548612
 20
184.20800023209767
 10
18852.744031437625
 20
178.3411476847772
 10
18830.889140243875
 20
171.95222198129196
 10
18809.22930767349
 20
165.09826907247637
 10
18777.583089370084
 20
154.38025599461855
 10
18753.544600846017
 20
204.37207860020453
  0
TEXT
  5
CC
330
17
100
AcDbEntity
  8
0
100
AcDbText
 10
18911.26148231738
 20
206.59465545429953
 30
0.0
 40
8.0
  1
S08_WRAP_1_START
100
AcDbText
  0
LWPOLYLINE
  5
CD
330
17
100
AcDbEntity
  8
0
100
AcDbPolyline
 90
13
 70
1
 10
18753.544600846017
 20
434.8393074854438
 10
18864.78253728912
 20
427.91631676426425
 10
18922.408307531005
 20
432.5547350176789
 10
18967.879482599707
 20
399.96651704028716
 10
19009.191408045433
 20
369.02313435607647
 10
19049.47925608691
 20
337.04154396806416
 10
19106.65231444602
 20
289.29546288986757
 10
19039.60384093667
 20
272.3133658847976
 10
18977.31107968895
 20
266.09727821291165
 10
18928.808144285515
 20
305.6546222413341
 10
18882.897939139155
 20
341.3349077832891
 10
18836.03160661161
 20
376.42664583302417
 10
18753.544600846017
 20
434.8393074854438
  0
TEXT
  5
CE
330
17
100
AcDbEntity
  8
0
100
AcDbText
 10
18930.16423987324
 20
360.5617803817294
 30
0.0
 40
8.0
  1
H08_CANOPY_I1_B_A_A_A
100
AcDbText
  0
LWPOLYLINE
  5
CF
330
17
100
AcDbEntity
  8
0
100
AcDbPolyline
 90
23
 70
1
 10
18762.906974716847
 20
497.3955523528406
 10
18801.409703265115
 20
497.3955523528406
 10
18830.265463106665
 20
497.3955523528406
 10
18887.976982789758
 20
497.39555235284064
 10
18916.832742631304
 20
497.3955523528405
 10
18945.688502472854
 20
497.39555235284064
 10
18974.5442623144
 20
497.3955523528405
 10
19003.400022155947
 20
497.3955523528405
 10
19032.255781997494
 20
497.3955523528406
 10
19061.111541839044
 20
497.3955523528405
 10
19104.894270387314
 20
497.3955523528406
 10
19095.531896516484
 20
454.8393074854439
 10
19057.029167968216
 20
454.83930748544384
 10
19028.17340812667
 20
454.83930748544384
 10
18999.31764828512
 20
454.83930748544384
 10
18970.461888443573
 20
454.8393074854438
 10
18941.606128602027
 20
454.83930748544395
 10
18912.75036876048
 20
454.83930748544384
 10
18883.89460891893
 20
454.8393074854439
 10
18826.183089235838
 20
454.83930748544384
 10
18797.327329394288
 20
454.8393074854439
 10
18753.544600846017
 20
454.83930748544384
 10
18762.906974716847
 20
497.3955523528406
  0
TEXT
  5
D0
330
17
100
AcDbEntity
  8
0
100
AcDbText
 10
18928.26145032571
 20
477.0425656771289
 30
0.0
 40
8.0
  1
G08_FOREARM_GUSSET_-1_RIGHT
100
AcDbText
  0
LWPOLYLINE
  5
D1
330
17
100
AcDbEntity
  8
0
100
AcDbPolyline
 90
23
 70
1
 10
18762.906974716847
 20
559.9517972202374
 10
18801.409703265115
 20
559.9517972202374
 10
18830.265463106665
 20
559.9517972202374
 10
18887.976982789758
 20
559.9517972202374
 10
18916.832742631304
 20
559.9517972202374
 10
18945.688502472854
 20
559.9517972202374
 10
18974.5442623144
 20
559.9517972202373
 10
19003.400022155947
 20
559.9517972202374
 10
19032.255781997494
 20
559.9517972202374
 10
19061.111541839044
 20
559.9517972202374
 10
19104.894270387314
 20
559.9517972202374
 10
19095.531896516484
 20
517.3955523528407
 10
19057.029167968216
 20
517.3955523528406
 10
19028.17340812667
 20
517.3955523528407
 10
18999.31764828512
 20
517.3955523528407
 10
18970.461888443573
 20
517.3955523528406
 10
18941.606128602027
 20
517.3955523528407
 10
18912.75036876048
 20
517.3955523528407
 10
18883.89460891893
 20
517.3955523528407
 10
18826.183089235838
 20
517.3955523528407
 10
18797.327329394288
 20
517.3955523528407
 10
18753.544600846017
 20
517.3955523528407
 10
18762.906974716847
 20
559.9517972202374
  0
TEXT
  5
D2
330
17
100
AcDbEntity
  8
0
100
AcDbText
 10
18928.26145032571
 20
539.5988105445258
 30
0.0
 40
8.0
  1
G08_FOREARM_GUSSET_1_LEFT
100
AcDbText
  0
LWPOLYLINE
  5
D3
330
17
100
AcDbEntity
  8
0
100
AcDbPolyline
 90
15
 70
1
 10
18971.941854557444
 20
835.811792085595
 10
19032.00188629679
 20
840.0409304029513
 10
19096.910193874835
 20
834.2906685443737
 10
19054.193925585147
 20
776.3295948542833
 10
19022.446711151304
 20
736.1525177100833
 10
18989.374472304567
 20
696.7453247489748
 10
18955.258600307923
 20
658.0738116475738
 10
18917.618298400746
 20
616.8197058703366
 10
18860.329452227266
 20
608.7700936611182
 10
18753.544600846017
 20
579.9517972202374
 10
18821.174763008803
 20
653.8747105373502
 10
18860.13751649682
 20
697.6611119998188
 10
18897.899633543762
 20
741.8538010401577
 10
18934.158129012092
 20
786.4117246363311
 10
18971.941854557444
 20
835.811792085595
  0
TEXT
  5
D4
330
17
100
AcDbEntity
  8
0
100
AcDbText
 10
18942.595459478067
 20
726.5732918029854
 30
0.0
 40
8.0
  1
H08_CANOPY_I4_B_A_B_A
100
AcDbText
  0
LWPOLYLINE
  5
D5
330
17
100
AcDbEntity
  8
0
100
AcDbPolyline
 90
27
 70
1
 10
18762.047527586146
 20
898.6905974035277
 10
18796.865716907338
 20
898.6905974035277
 10
18822.036937521803
 20
898.6905974035277
 10
18847.208158136273
 20
898.6905974035277
 10
18872.379378750742
 20
898.6905974035277
 10
18897.550599365208
 20
898.6905974035278
 10
18922.721819979677
 20
898.6905974035277
 10
18947.893040594146
 20
898.6905974035277
 10
18973.064261208612
 20
898.6905974035277
 10
18998.23548182308
 20
898.6905974035278
 10
19023.406702437547
 20
898.6905974035277
 10
19048.577923052017
 20
898.6905974035277
 10
19088.676112373207
 20
898.6905974035277
 10
19080.17318563308
 20
860.0409304029513
 10
19045.35499631189
 20
860.0409304029514
 10
19020.183775697424
 20
860.0409304029514
 10
18995.012555082954
 20
860.0409304029514
 10
18969.841334468485
 20
860.0409304029513
 10
18944.67011385402
 20
860.0409304029514
 10
18919.49889323955
 20
860.0409304029514
 10
18894.32767262508
 20
860.0409304029514
 10
18869.156452010615
 20
860.0409304029514
 10
18843.985231396146
 20
860.0409304029514
 10
18818.814010781676
 20
860.0409304029514
 10
18793.64279016721
 20
860.0409304029513
 10
18753.544600846017
 20
860.0409304029514
 10
18762.047527586146
 20
898.6905974035277
  0
TEXT
  5
D6
330
17
100
AcDbEntity
  8
0
100
AcDbText
 10
18915.219140719855
 20
880.0814984773247
 30
0.0
 40
8.0
  1
K09_FLAP_EDGE_LEFT
100
AcDbText
  0
LWPOLYLINE
  5
D7
330
17
100
AcDbEntity
  8
0
100
AcDbPolyline
 90
27
 70
1
 10
18762.047527586146
 20
957.3402644041042
 10
18796.865716907338
 20
957.3402644041042
 10
18822.036937521803
 20
957.3402644041042
 10
18847.208158136273
 20
957.3402644041042
 10
18872.379378750742
 20
957.3402644041042
 10
18897.550599365208
 20
957.3402644041043
 10
18922.721819979677
 20
957.3402644041042
 10
18947.893040594146
 20
957.3402644041042
 10
18973.064261208612
 20
957.3402644041042
 10
18998.23548182308
 20
957.3402644041043
 10
19023.406702437547
 20
957.3402644041042
 10
19048.577923052017
 20
957.3402644041042
 10
19088.676112373207
 20
957.3402644041042
 10
19080.17318563308
 20
918.6905974035278
 10
19045.35499631189
 20
918.6905974035279
 10
19020.183775697424
 20
918.6905974035279
 10
18995.012555082954
 20
918.6905974035279
 10
18969.841334468485
 20
918.6905974035278
 10
18944.67011385402
 20
918.6905974035279
 10
18919.49889323955
 20
918.6905974035279
 10
18894.32767262508
 20
918.6905974035279
 10
18869.156452010615
 20
918.6905974035279
 10
18843.985231396146
 20
918.6905974035279
 10
18818.814010781676
 20
918.6905974035279
 10
18793.64279016721
 20
918.6905974035278
 10
18753.544600846017
 20
918.6905974035279
 10
18762.047527586146
 20
957.3402644041042
  0
TEXT
  5
D8
330
17
100
AcDbEntity
  8
0
100
AcDbText
 10
18915.219140719855
 20
938.731165477901
 30
0.0
 40
8.0
  1
K09_FLAP_EDGE_RIGHT
100
AcDbText
  0
LWPOLYLINE
  5
D9
330
17
100
AcDbEntity
  8
0
100
AcDbPolyline
 90
31
 70
1
 10
18753.544600846017
 20
1368.8921748997493
 10
18806.02677529721
 20
1363.0124912920542
 10
18842.002077525794
 20
1360.9614011220606
 10
18878.02030361141
 20
1361.0980515873698
 10
18914.848381920863
 20
1362.5680333410478
 10
18952.583048122473
 20
1364.775000111449
 10
19001.909643508014
 20
1367.8177396979574
 10
19009.29733941614
 20
1325.1634578117219
 10
19015.398172947185
 20
1293.3842113357464
 10
19022.206480640034
 20
1261.8214519549401
 10
19029.726805958104
 20
1230.4625561508922
 10
19037.957895880034
 20
1199.3221049851372
 10
19046.906927424392
 20
1168.422041750603
 10
19056.604025886198
 20
1137.807776737816
 10
19067.149123739197
 20
1107.5999783103794
 10
19083.275546544108
 20
1066.9587907268524
 10
19037.584347253553
 20
1046.8305151365728
 10
19002.96934186199
 20
1031.6482361401845
 10
18968.93907078026
 20
1017.3426744390474
 10
18935.53667290646
 20
1004.2715857565581
 10
18902.283214930583
 20
992.2164924370362
 10
18858.016595148205
 20
977.3402644041043
 10
18839.179244779185
 20
1027.0428650734357
 10
18825.518049795202
 20
1066.5319618469325
 10
18812.85140589351
 20
1106.3906622986055
 10
18801.158759587124
 20
1146.637276504051
 10
18790.432911449
 20
1187.2696051499813
 10
18780.663676780205
 20
1228.2767707662358
 10
18771.816266053494
 20
1269.6289997654223
 10
18763.7819447542
 20
1311.2693799569752
 10
18753.544600846017
 20
1368.8921748997493
  0
TEXT
  5
DA
330
17
100
AcDbEntity
  8
0
100
AcDbText
 10
18914.894621035037
 20
1197.4727976255058
 30
0.0
 40
8.0
  1
H08_CANOPY_I2_B_B
100
AcDbText
  0
LWPOLYLINE
  5
DB
330
17
100
AcDbEntity
  8
0
100
AcDbPolyline
 90
25
 70
1
 10
19301.963112946083
 20
424.3848986719458
 10
19362.493423078322
 20
425.21616289160215
 10
19408.701233010226
 20
425.3366160815857
 10
19463.18498090991
 20
424.3072397054179
 10
19460.950051011885
 20
369.0941213774444
 10
19455.881114808017
 20
325.64744263060334
 10
19447.532259512154
 20
282.13265874655133
 10
19435.87887774438
 20
238.5286309276237
 10
19420.88554943772
 20
194.85635847193757
 10
19402.520043765322
 20
151.17910264438848
 10
19380.764407570543
 20
107.60182263885065
 10
19355.62874105865
 20
64.27391259189648
 10
19323.022128161894
 20
15.0
 10
19264.63165420637
 20
25.71390253612452
 10
19209.719884390575
 20
35.18182175974215
 10
19133.664579901008
 20
49.0819437788615
 10
19179.943743439064
 20
107.19450999691708
 10
19209.399377321042
 20
148.7965805418819
 10
19234.614854280815
 20
189.59020715150768
 10
19255.59876746352
 20
229.3798655988421
 10
19272.434980116308
 20
268.0319184390712
 10
19285.275028160057
 20
305.5118298031297
 10
19294.316096266204
 20
341.9115761289089
 10
19299.726450308684
 20
377.43589923594334
 10
19301.963112946083
 20
424.3848986719458
  0
TEXT
  5
DC
330
17
100
AcDbEntity
  8
0
100
AcDbText
 10
19326.427778072593
 20
237.99095684090886
 30
0.0
 40
8.0
  1
H08_CANOPY_I3_A_B_B
100
AcDbText
  0
LWPOLYLINE
  5
DD
330
17
100
AcDbEntity
  8
0
100
AcDbPolyline
 90
19
 70
1
 10
19133.664579901008
 20
611.2813203604378
 10
19208.96150843866
 20
599.2162898295408
 10
19251.245189300258
 20
596.2419524419856
 10
19289.731220119615
 20
597.4864029654441
 10
19327.880130262638
 20
598.9113785292624
 10
19364.360897590373
 20
601.7154275801888
 10
19408.67407722797
 20
608.3912311217464
 10
19425.399992800085
 20
567.9331358375448
 10
19439.594429893037
 20
525.7169681267824
 10
19461.61157807028
 20
445.3366160815857
 10
19403.895976939995
 20
455.6139686628376
 10
19362.677604518314
 20
466.2241229376507
 10
19320.88535706157
 20
478.63823495618635
 10
19278.580552182495
 20
490.7124743380566
 10
19231.60293512435
 20
507.72300635402917
 10
19174.895192769603
 20
532.7727575433848
 10
19166.552308347502
 20
557.1713719840731
 10
19158.973731722028
 20
572.7760350716379
 10
19133.664579901008
 20
611.2813203604378
  0
TEXT
  5
DE
330
17
100
AcDbEntity
  8
0
100
AcDbText
 10
19291.72904432478
 20
548.6917902675166
 30
0.0
 40
8.0
  1
O08_SMOOTH_LOWER_I6_A_A_B_A
100
AcDbText
  0
LWPOLYLINE
  5
DF
330
17
100
AcDbEntity
  8
0
100
AcDbPolyline
 90
89
 70
1
 10
19133.664579901008
 20
1187.586855847841
 10
19170.986736959887
 20
1187.586855848059
 10
19196.15795757451
 20
1187.5868558484342
 10
19221.329178189153
 20
1187.586855848956
 10
19246.500398803855
 20
1187.5868558494547
 10
19271.67161941847
 20
1187.5868558494183
 10
19296.842840033103
 20
1187.5868558500827
 10
19322.014060647714
 20
1187.5868558507825
 10
19347.185281262526
 20
1187.5868558510488
 10
19372.356501877137
 20
1187.5868558512375
 10
19397.52772249209
 20
1187.586855850573
 10
19422.698943106985
 20
1187.5868558491177
 10
19459.721102178275
 20
1187.5868558473442
 10
19460.077373697237
 20
1159.084943045362
 10
19460.272208897142
 20
1142.4267526582823
 10
19460.453607543302
 20
1125.771689827461
 10
19460.62156961763
 20
1109.1195316640874
 10
19460.776095103058
 20
1092.4700551633996
 10
19460.91718398384
 20
1075.823037213673
 10
19461.044836245914
 20
1059.1782546051602
 10
19461.159051876526
 20
1042.5354840383843
 10
19461.259830864037
 20
1025.8945021332297
 10
19461.347173197846
 20
1009.2550854378908
 10
19461.421078868854
 20
992.6170104382037
 10
19461.481547869287
 20
975.9800535661235
 10
19461.528580192382
 20
959.3439912085831
 10
19461.56217583265
 20
942.7085997168423
 10
19461.582334786166
 20
926.0736554155219
 10
19461.589057050503
 20
909.4389346112498
 10
19461.58234262426
 20
892.8042136014153
 10
19461.562191507182
 20
876.1692686835177
 10
19461.528603700557
 20
859.5338761643743
 10
19461.481579207193
 20
842.8978123687648
 10
19461.421118031096
 20
826.2608536482228
 10
19461.34722017726
 20
809.6227763900415
 10
19461.259885652038
 20
792.9833570266806
 10
19461.15911446327
 20
776.342372044532
 10
19461.044906620256
 20
759.6995979927424
 10
19460.917262133244
 20
743.0548114917895
 10
19460.77618101384
 20
726.407789243071
 10
19460.621663275186
 20
709.7583080376216
 10
19460.453708931815
 20
693.1061447647622
 10
19460.272317999388
 20
676.4510764208595
 10
19460.077490494947
 20
659.7928801185628
 10
19459.721102274176
 20
631.2813203704865
 10
19422.698943201267
 20
631.2813203660455
 10
19397.527722586485
 20
631.28132036365
 10
19372.356501971895
 20
631.2813203614579
 10
19347.185281356808
 20
631.2813203605182
 10
19322.014060741913
 20
631.2813203604378
 10
19296.84284012692
 20
631.2813203614489
 10
19271.671619512435
 20
631.281320362494
 10
19246.50039889813
 20
631.2813203632253
 10
19221.329178283897
 20
631.2813203639435
 10
19196.15795766979
 20
631.281320363498
 10
19170.986737055464
 20
631.2813203627759
 10
19133.664579997803
 20
631.2813203608316
 10
19134.02454087782
 20
660.0783842666028
 10
19134.219146504773
 20
676.7172778059289
 10
19134.400330971577
 20
693.3530321603782
 10
19134.568094295628
 20
709.9858710241276
 10
19134.722436493135
 20
726.6160182096651
 10
19134.86335757905
 20
743.2436976386741
 10
19134.990857566936
 20
759.8691333331469
 10
19135.104936469328
 20
776.4925494062321
 10
19135.20559429722
 20
793.1141700531482
 10
19135.29283106035
 20
809.7342195422929
 10
19135.366646767405
 20
826.3529222060297
 10
19135.427041425777
 20
842.9705024315128
 10
19135.47401504169
 20
859.5871846515727
 10
19135.507567620018
 20
876.2031933354207
 10
19135.527699163806
 20
892.8187529798522
 10
19135.53440967524
 20
909.4340881001303
 10
19135.527699155096
 20
926.0494232204401
 10
19135.50756760263
 20
942.6649828650147
 10
19135.47401501589
 20
959.2809915490019
 10
19135.427041391522
 20
975.8976737692773
 10
19135.366646725073
 20
992.5152539951675
 10
19135.2928310104
 20
1009.1339566592691
 10
19135.205594239837
 20
1025.7540061487946
 10
19135.104936404932
 20
1042.3756267962603
 10
19134.99085749615
 20
1058.9990428700169
 10
19134.86335750253
 20
1075.6244785652677
 10
19134.722436411754
 20
1092.2521579950628
 10
19134.568094210044
 20
1108.8823051813922
 10
19134.400330882592
 20
1125.5151440459967
 10
19134.219146413227
 20
1142.1508984012241
 10
19134.02454078425
 20
1158.7897919410843
 10
19133.664579901008
 20
1187.586855847841
  0
TEXT
  5
E0
330
17
100
AcDbEntity
  8
0
100
AcDbText
 10
19295.825868747594
 20
912.5610853539259
 30
0.0
 40
8.0
  1
K08_FLAP_LINING
100
AcDbText
  0
LWPOLYLINE
  5
E1
330
17
100
AcDbEntity
  8
0
100
AcDbPolyline
 90
15
 70
1
 10
19133.664579901008
 20
1331.2201269091809
 10
19216.492691082312
 20
1319.98773417787
 10
19260.14421246461
 20
1319.6236125800624
 10
19300.159819073615
 20
1321.6144333178415
 10
19340.2801696206
 20
1323.8674951070252
 10
19387.685736768362
 20
1328.2387890477532
 10
19414.950633697674
 20
1285.8602096866896
 10
19448.610350321516
 20
1235.0471019497797
 10
19392.703374624816
 20
1224.21312749302
 10
19354.67294277548
 20
1217.8411405971428
 10
19316.695241947902
 20
1211.6186314523284
 10
19274.403664541755
 20
1207.5868558512375
 10
19216.368233789195
 20
1210.698119503478
 10
19182.376555885883
 20
1262.3525172984205
 10
19133.664579901008
 20
1331.2201269091809
  0
TEXT
  5
E2
330
17
100
AcDbEntity
  8
0
100
AcDbText
 10
19291.52485242638
 20
1275.3993347920673
 30
0.0
 40
8.0
  1
H08_CANOPY_I1_B_A_B_A
100
AcDbText
  0
LWPOLYLINE
  5
E3
330
17
100
AcDbEntity
  8
0
100
AcDbPolyline
 90
51
 70
1
 10
19133.664579901008
 20
1382.1123980414488
 10
19148.338115018378
 20
1403.4878091003452
 10
19161.57511636721
 20
1417.8767943553735
 10
19174.910658385445
 20
1428.7866967920309
 10
19188.193572966513
 20
1437.0744736656584
 10
19201.329967947095
 20
1443.4250616036798
 10
19214.302072620772
 20
1448.353083225863
 10
19227.140696552407
 20
1452.2113735568948
 10
19239.89220419356
 20
1455.219378940127
 10
19252.598247002195
 20
1457.499323074515
 10
19265.287567985066
 20
1459.1098007583357
 10
19277.975042176513
 20
1460.0728747903036
 10
19290.664579901008
 20
1460.3937687964856
 10
19303.354117625506
 20
1460.0728747903036
 10
19316.04159181695
 20
1459.1098007583357
 10
19328.73091279982
 20
1457.499323074515
 10
19341.436955608457
 20
1455.219378940127
 10
19354.188463249608
 20
1452.211373556895
 10
19367.027087181246
 20
1448.353083225863
 10
19379.99919185492
 20
1443.4250616036798
 10
19393.135586835502
 20
1437.0744736656584
 10
19406.41850141657
 20
1428.7866967920309
 10
19419.75404343481
 20
1417.8767943553735
 10
19432.991044783637
 20
1403.4878091003452
 10
19447.664579901008
 20
1382.1123980414488
 10
19447.664579901008
 20
1351.2201269091806
 10
19418.33449557548
 20
1363.7398804622746
 10
19406.347082944732
 20
1370.295565793112
 10
19395.473511398533
 20
1374.7052278426468
 10
19384.419268771042
 20
1377.9208851307483
 10
19373.096797687693
 20
1380.2960243492982
 10
19361.54681299273
 20
1382.083769922506
 10
19349.84124771964
 20
1383.4577141920968
 10
19338.04590566423
 20
1384.524274032443
 10
19326.208784798044
 20
1385.3381562950133
 10
19314.359064653596
 20
1385.919804751079
 10
19302.510193975464
 20
1386.2714349850517
 10
19290.664579901008
 20
1386.389338092747
 10
19278.81896582655
 20
1386.2714349850517
 10
19266.97009514842
 20
1385.919804751079
 10
19255.12037500397
 20
1385.3381562950133
 10
19243.28325413779
 20
1384.524274032443
 10
19231.487912082375
 20
1383.4577141920965
 10
19219.782346809287
 20
1382.0837699225058
 10
19208.232362114326
 20
1380.2960243492982
 10
19196.909891030973
 20
1377.9208851307483
 10
19185.85564840348
 20
1374.7052278426468
 10
19174.982076857283
 20
1370.295565793112
 10
19162.994664226535
 20
1363.7398804622744
 10
19133.664579901008
 20
1351.2201269091806
 10
19133.664579901008
 20
1382.1123980414488
  0
TEXT
  5
E4
330
17
100
AcDbEntity
  8
0
100
AcDbText
 10
19287.58614852846
 20
1407.2725366680543
 30
0.0
 40
8.0
  1
L08_CONTINUOUS_COVER_END
100
AcDbText
  0
LWPOLYLINE
  5
E5
330
17
100
AcDbEntity
  8
0
100
AcDbPolyline
 90
19
 70
1
 10
19531.149275234
 20
285.4166271936659
 10
19576.54180450968
 20
297.1113756864281
 10
19615.354344412175
 20
301.7487378784136
 10
19655.14487058277
 20
302.3982643485281
 10
19695.544388941224
 20
299.66375895569064
 10
19735.635935172206
 20
294.420535124057
 10
19787.004505640863
 20
285.01518928245144
 10
19751.91389914256
 20
156.06099334666152
 10
19732.833551999523
 20
79.01761767646443
 10
19721.582628878088
 20
15.0
 10
19672.473686241763
 20
29.216614282939815
 10
19635.812957199625
 20
39.64967608076191
 10
19599.591438780182
 20
49.23349070397248
 10
19564.453177014762
 20
57.185822490690356
 10
19530.515777711804
 20
62.80074020965637
 10
19483.18498090991
 20
66.45350169209499
 10
19492.10054736274
 20
122.85993256133176
 10
19505.55918550734
 20
186.0252585564224
 10
19531.149275234
 20
285.4166271936659
  0
TEXT
  5
E6
330
17
100
AcDbEntity
  8
0
100
AcDbText
 10
19621.97611739344
 20
169.19446122441565
 30
0.0
 40
8.0
  1
O08_SMOOTH_LOWER_I1_A_B_B_A
100
AcDbText
  0
LWPOLYLINE
  5
E7
330
17
100
AcDbEntity
  8
0
100
AcDbPolyline
 90
17
 70
1
 10
19483.18498090991
 20
491.59418146268774
 10
19555.750024652534
 20
485.37989424143063
 10
19596.0857747197
 20
486.76695147398266
 10
19634.216441496985
 20
488.7566639538982
 10
19672.844021755365
 20
489.28507230900317
 10
19719.36119159556
 20
489.8147584068402
 10
19741.033852288983
 20
444.07075637113707
 10
19759.137310796563
 20
405.37042330816314
 10
19784.281560053
 20
352.45721865298196
 10
19732.04869306608
 20
344.24301984569763
 10
19696.515684321945
 20
338.16270621149386
 10
19661.42048503851
 20
330.9292211744679
 10
19623.391384376977
 20
324.22683322608464
 10
19570.030286807283
 20
322.3982643485281
 10
19544.03621130783
 20
376.4328886106714
 10
19520.182807319976
 20
424.05830531377194
 10
19483.18498090991
 20
491.59418146268774
  0
TEXT
  5
E8
330
17
100
AcDbEntity
  8
0
100
AcDbText
 10
19633.92386420101
 20
416.7965494337369
 30
0.0
 40
8.0
  1
H08_CANOPY_I1_B_A_B_B
100
AcDbText
  0
LWPOLYLINE
  5
E9
330
17
100
AcDbEntity
  8
0
100
AcDbPolyline
 90
33
 70
1
 10
19489.51881871151
 20
554.3894418484223
 10
19516.616415293793
 20
554.3894418484223
 10
19533.359333111457
 20
554.3894418484223
 10
19566.845168746793
 20
554.3894418484224
 10
19583.588086564458
 20
554.3894418484223
 10
19600.331004382126
 20
554.3894418484223
 10
19617.073922199794
 20
554.3894418484223
 10
19633.816840017458
 20
554.3894418484223
 10
19650.559757835126
 20
554.3894418484223
 10
19667.30267565279
 20
554.3894418484223
 10
19684.04559347046
 20
554.3894418484223
 10
19700.788511288127
 20
554.3894418484223
 10
19717.53142910579
 20
554.3894418484223
 10
19734.27434692346
 20
554.3894418484223
 10
19751.017264741127
 20
554.3894418484223
 10
19781.666939424307
 20
554.3894418484223
 10
19775.33310162271
 20
511.59418146268786
 10
19748.235505040426
 20
511.5941814626878
 10
19731.492587222758
 20
511.59418146268786
 10
19714.749669405093
 20
511.59418146268786
 10
19698.006751587425
 20
511.5941814626878
 10
19681.263833769757
 20
511.59418146268786
 10
19664.520915952093
 20
511.5941814626878
 10
19647.777998134425
 20
511.59418146268786
 10
19614.292162499092
 20
511.5941814626878
 10
19597.549244681424
 20
511.59418146268786
 10
19580.80632686376
 20
511.5941814626878
 10
19564.06340904609
 20
511.59418146268786
 10
19547.320491228424
 20
511.59418146268786
 10
19530.57757341076
 20
511.5941814626878
 10
19513.83465559309
 20
511.59418146268786
 10
19483.18498090991
 20
511.5941814626878
 10
19489.51881871151
 20
554.3894418484223
  0
TEXT
  5
EA
330
17
100
AcDbEntity
  8
0
100
AcDbText
 10
19630.63224645901
 20
533.6402246917025
 30
0.0
 40
8.0
  1
G08_FOREARM_GUSSET_-1_START
100
AcDbText
  0
LWPOLYLINE
  5
EB
330
17
100
AcDbEntity
  8
0
100
AcDbPolyline
 90
34
 70
1
 10
19483.18498090991
 20
617.1847022341568
 10
19513.83465559309
 20
617.1847022341568
 10
19530.577573410756
 20
617.1847022341568
 10
19547.320491228424
 20
617.1847022341568
 10
19564.06340904609
 20
617.1847022341568
 10
19580.806326863756
 20
617.1847022341568
 10
19597.549244681424
 20
617.1847022341568
 10
19614.292162499092
 20
617.1847022341568
 10
19647.777998134425
 20
617.1847022341568
 10
19664.52091595209
 20
617.1847022341568
 10
19681.263833769757
 20
617.1847022341568
 10
19698.006751587425
 20
617.1847022341569
 10
19714.74966940509
 20
617.1847022341568
 10
19731.492587222758
 20
617.1847022341568
 10
19748.235505040426
 20
617.1847022341568
 10
19775.33310162271
 20
617.1847022341568
 10
19781.666939424304
 20
574.3894418484223
 10
19751.017264741124
 20
574.3894418484224
 10
19734.27434692346
 20
574.3894418484223
 10
19717.53142910579
 20
574.3894418484224
 10
19700.788511288123
 20
574.3894418484224
 10
19684.04559347046
 20
574.3894418484224
 10
19667.30267565279
 20
574.3894418484224
 10
19650.559757835126
 20
574.3894418484223
 10
19633.816840017458
 20
574.3894418484224
 10
19617.07392219979
 20
574.3894418484224
 10
19600.331004382126
 20
574.3894418484223
 10
19583.588086564458
 20
574.3894418484224
 10
19566.84516874679
 20
574.3894418484223
 10
19550.102250929125
 20
574.3894418484224
 10
19533.359333111457
 20
574.3894418484224
 10
19516.61641529379
 20
574.3894418484223
 10
19489.51881871151
 20
574.3894418484224
 10
19483.18498090991
 20
617.1847022341568
  0
TEXT
  5
EC
330
17
100
AcDbEntity
  8
0
100
AcDbText
 10
19628.07742783161
 20
595.7870720412897
 30
0.0
 40
8.0
  1
G08_FOREARM_GUSSET_1_START
100
AcDbText
  0
LWPOLYLINE
  5
ED
330
17
100
AcDbEntity
  8
0
100
AcDbPolyline
 90
15
 70
1
 10
19543.09320701397
 20
815.7511134745242
 10
19717.05552193092
 20
840.0478492204096
 10
19779.495967232295
 20
811.0013396513754
 10
19763.083704882923
 20
772.3586859020888
 10
19750.88896078346
 20
744.8813987170327
 10
19737.715822337977
 20
715.3590839435835
 10
19723.354700894983
 20
683.0903770264048
 10
19702.97528845215
 20
637.1847022341568
 10
19645.44680112855
 20
662.6840557610562
 10
19483.18498090991
 20
658.0355555470228
 10
19502.831995456603
 20
702.2871168830736
 10
19513.949679225774
 20
727.1834156177756
 10
19524.244827978102
 20
750.530126395138
 10
19533.780900828267
 20
774.5074733984712
 10
19543.09320701397
 20
815.7511134745242
  0
TEXT
  5
EE
330
17
100
AcDbEntity
  8
0
100
AcDbText
 10
19630.946371071324
 20
740.7102271497758
 30
0.0
 40
8.0
  1
O08_SMOOTH_LOWER_I2_A_B_B_B_B
100
AcDbText
  0
LWPOLYLINE
  5
EF
330
17
100
AcDbEntity
  8
0
100
AcDbPolyline
 90
15
 70
1
 10
19483.18498090991
 20
1047.477626046985
 10
19556.57425287349
 20
1041.497431238385
 10
19601.593797365626
 20
1041.6069256915766
 10
19652.441293435764
 20
1045.8460947726392
 10
19682.435117510267
 20
1005.8295503506441
 10
19708.989186737173
 20
971.7218466376555
 10
19736.1271436209
 20
938.195251896857
 10
19776.422060999517
 20
890.7546356119915
 10
19718.42181520132
 20
875.5754655402608
 10
19678.204264113494
 20
867.3888530993058
 10
19631.256092023308
 20
860.0478492204097
 10
19594.250889808176
 20
904.3624827182471
 10
19562.09520487342
 20
944.3824938101187
 10
19530.542458590964
 20
985.0686328782416
 10
19483.18498090991
 20
1047.477626046985
  0
TEXT
  5
F0
330
17
100
AcDbEntity
  8
0
100
AcDbText
 10
19626.381569264882
 20
964.4821843706868
 30
0.0
 40
8.0
  1
H08_CANOPY_I1_B_A_A_B
100
AcDbText
  0
LWPOLYLINE
  5
F1
330
17
100
AcDbEntity
  8
0
100
AcDbPolyline
 90
23
 70
1
 10
19483.18498090991
 20
1263.6816021834932
 10
19527.52955592987
 20
1278.0446146013296
 10
19564.52550117488
 20
1282.6183666368463
 10
19602.488641872584
 20
1281.8536125743276
 10
19640.796807412895
 20
1277.7794603194684
 10
19678.826973758685
 20
1272.3656035475008
 10
19725.639985016773
 20
1266.1341643637868
 10
19730.106916502442
 20
1221.3988500190853
 10
19735.662935348453
 20
1192.7077807568367
 10
19742.49905279003
 20
1163.7217552805776
 10
19750.20016812104
 20
1132.437290465624
 10
19762.36320624095
 20
1083.506559651812
 10
19710.672820554213
 20
1084.3199026049851
 10
19674.52685501198
 20
1085.5255128783758
 10
19639.01694332058
 20
1085.980383713102
 10
19604.499837841107
 20
1084.4128563510544
 10
19571.22569292638
 20
1079.6577038738437
 10
19526.532921989136
 20
1067.477626046985
 10
19513.8545572919
 20
1118.386013738296
 10
19505.103992608405
 20
1154.588741695455
 10
19497.47029672053
 20
1188.046390350925
 10
19491.053204764783
 20
1219.798309678187
 10
19483.18498090991
 20
1263.6816021834932
  0
TEXT
  5
F2
330
17
100
AcDbEntity
  8
0
100
AcDbText
 10
19615.69420995728
 20
1180.3532479789299
 30
0.0
 40
8.0
  1
O08_SMOOTH_LOWER_I2_A_B_A
100
AcDbText
  0
LWPOLYLINE
  5
F3
330
17
100
AcDbEntity
  8
0
100
AcDbPolyline
 90
9
 70
1
 10
19807.00450564086
 20
15.0
 10
19867.015078411725
 20
145.79351303769772
 10
19897.228292703767
 20
221.84056009371523
 10
19915.82233559315
 20
286.04338564544065
 10
20082.703204835485
 20
202.1203211994723
 10
20076.322208247704
 20
154.3120367222397
 10
20060.18023756779
 20
99.46163335633214
 10
20026.081071372293
 20
15.0
 10
19807.00450564086
 20
15.0
  0
TEXT
  5
F4
330
17
100
AcDbEntity
  8
0
100
AcDbText
 10
19948.81793777929
 20
128.28571667276643
 30
0.0
 40
8.0
  1
O08_SMOOTH_LOWER_I1_A_B_B_B_B_B_A
100
AcDbText
  0
LWPOLYLINE
  5
F5
330
17
100
AcDbEntity
  8
0
100
AcDbPolyline
 90
31
 70
1
 10
19807.00450564086
 20
708.6198152654
 10
19853.836721114465
 20
710.1259197525712
 10
19888.94222370709
 20
711.4358092516457
 10
19924.739446843247
 20
712.2773526106224
 10
19961.727677247243
 20
712.1810296493036
 10
19999.71763051833
 20
711.0765763997439
 10
20049.421038169767
 20
708.379792125333
 10
20049.798323953575
 20
664.8014145006348
 10
20050.624506741176
 20
632.6252789340772
 10
20052.161829290235
 20
600.497118648122
 10
20054.44622361705
 20
568.4037376311619
 10
20057.511628315064
 20
536.3598833549256
 10
20061.395262459864
 20
504.38704810265165
 10
20066.146028326428
 20
472.523369130413
 10
20071.863598915876
 20
440.864662529075
 10
20081.36253421302
 20
398.45793420228256
 10
20034.02322072195
 20
383.7111883127999
 10
19998.45578361614
 20
371.54422332057106
 10
19963.983300106884
 20
358.6334875580009
 10
19930.59442096164
 20
344.831992038494
 10
19897.708077762265
 20
329.47741925528317
 10
19850.876394375537
 20
306.04338564544065
 10
19838.56693346866
 20
362.7454990665742
 10
19830.888498162007
 20
404.60747431153703
 10
19824.410272601446
 20
446.4662872363093
 10
19819.080902842754
 20
488.3169793627503
 10
19814.85901593465
 20
530.1424694603987
 10
19811.6994072767
 20
571.9281967548463
 10
19809.53154819505
 20
613.652045063457
 10
19808.18938001463
 20
655.2661681078648
 10
19807.00450564086
 20
708.6198152654
  0
TEXT
  5
F6
330
17
100
AcDbEntity
  8
0
100
AcDbText
 10
19937.760349701755
 20
537.7097862208933
 30
0.0
 40
8.0
  1
H08_CANOPY_I3_B_B
100
AcDbText
  0
LWPOLYLINE
  5
F7
330
17
100
AcDbEntity
  8
0
100
AcDbPolyline
 90
25
 70
1
 10
19807.00450564086
 20
1160.0792489723774
 10
19884.425370159664
 20
1159.9243661949656
 10
19940.099812059154
 20
1159.701391216115
 10
19999.480806746902
 20
1160.0906944647345
 10
20022.928007475366
 20
1105.8206006260498
 10
20039.927491297796
 20
1058.6776821413257
 10
20053.504497914793
 20
1011.8893093185111
 10
20063.680693555456
 20
965.6008577883312
 10
20070.492386169597
 20
919.9192587244056
 10
20073.986150205663
 20
874.9089232112507
 10
20074.207273820102
 20
830.595574790408
 10
20071.21875395497
 20
787.0012924024472
 10
20063.692856954567
 20
732.2773526106223
 10
20009.919544349905
 20
740.9729611335024
 10
19964.403697544276
 20
748.9717156335003
 10
19904.990269925154
 20
760.6347349127743
 10
19911.031626640535
 20
807.2648274141059
 10
19912.294172022153
 20
843.2341016184382
 10
19910.140713075372
 20
880.6680103982023
 10
19904.399438140274
 20
919.8507537744947
 10
19894.887410829866
 20
960.9066974045487
 10
19881.449775242883
 20
1003.8228623903099
 10
19863.99291995195
 20
1048.4758729436437
 10
19842.454983774594
 20
1094.6436156060997
 10
19807.00450564086
 20
1160.0792489723774
  0
TEXT
  5
F8
330
17
100
AcDbEntity
  8
0
100
AcDbText
 10
19958.86470652371
 20
955.8404781865419
 30
0.0
 40
8.0
  1
H08_CANOPY_I2_A_B_B
100
AcDbText
  0
LWPOLYLINE
  5
F9
330
17
100
AcDbEntity
  8
0
100
AcDbPolyline
 90
31
 70
1
 10
20121.65091473608
 20
432.361101392236
 10
20167.44467057233
 20
439.4384912033245
 10
20204.70489054195
 20
443.3492606591567
 10
20242.147629766507
 20
444.4817251967805
 10
20280.065704022334
 20
443.01173975654996
 10
20318.43884885732
 20
439.29130284985547
 10
20368.942284923814
 20
432.0349639287434
 10
20362.39811689173
 20
387.9273918914345
 10
20358.494851229807
 20
355.76127791156796
 10
20355.542822931187
 20
323.47800183456854
 10
20353.588864968133
 20
291.0965217702389
 10
20352.681171540306
 20
258.6512911597064
 10
20352.86741567834
 20
226.18238554988937
 10
20354.195113936992
 20
193.7385154104925
 10
20356.72493679766
 20
161.39360989403502
 10
20361.94809230625
 20
118.18886113965607
 10
20313.289176724826
 20
107.23922372580137
 10
20276.440843969365
 20
95.16416493776535
 10
20239.885937701736
 20
80.7403374959921
 10
20203.822089805093
 20
65.33062532748505
 10
20168.047205118663
 20
47.60164687505329
 10
20115.83420552081
 20
15.0
 10
20108.460571727963
 20
77.19370565325607
 10
20104.994131674837
 20
120.95404765936075
 10
20103.09730034107
 20
164.72247752479421
 10
20102.703204835485
 20
208.42616686488077
 10
20103.74938827802
 20
251.9907281031396
 10
20106.170062371013
 20
295.34808585730485
 10
20109.883632926674
 20
338.43337385707184
 10
20114.75006005872
 20
381.1776265009269
 10
20121.65091473608
 20
432.361101392236
  0
TEXT
  5
FA
330
17
100
AcDbEntity
  8
0
100
AcDbText
 10
20232.406937273903
 20
260.38934688139693
 30
0.0
 40
8.0
  1
H08_CANOPY_I4_B_B
100
AcDbText
  0
LWPOLYLINE
  5
FB
330
17
100
AcDbEntity
  8
0
100
AcDbPolyline
 90
19
 70
1
 10
20102.703204835485
 20
676.4719053067686
 10
20163.752908147537
 20
675.4093990065916
 10
20200.849658026455
 20
678.38529905657
 10
20237.350644523343
 20
680.0834318649026
 10
20274.383116803976
 20
678.8668161003266
 10
20319.908287917813
 20
675.5233985135717
 10
20333.18112781348
 20
626.3141741605023
 10
20343.668936466434
 20
585.312902553474
 10
20353.78849487453
 20
544.4985228341322
 10
20367.399487068105
 20
490.46871163245453
 10
20318.533232261856
 20
485.44361644648876
 10
20284.177934294894
 20
480.7804960645555
 10
20250.124839762226
 20
474.6089583498392
 10
20214.54246659192
 20
468.1664439066649
 10
20164.298372463552
 20
464.4817251967804
 10
20150.068325140703
 20
519.1897758197725
 10
20137.583811016324
 20
565.3051460726845
 10
20123.94174775191
 20
612.3966449505126
 10
20102.703204835485
 20
676.4719053067686
  0
TEXT
  5
FC
330
17
100
AcDbEntity
  8
0
100
AcDbText
 10
20233.839989505053
 20
582.0094354285978
 30
0.0
 40
8.0
  1
H08_CANOPY_I2_B_A_A
100
AcDbText
  0
LWPOLYLINE
  5
FD
330
17
100
AcDbEntity
  8
0
100
AcDbPolyline
 90
17
 70
1
 10
20221.72316794165
 20
963.7373105632255
 10
20268.18967004982
 20
965.4780334966875
 10
20308.044324917577
 20
965.9301457459062
 10
20366.312796704
 20
963.115633322586
 10
20338.99757447843
 20
908.0460007527273
 10
20320.21153841854
 20
869.198543808315
 10
20301.9975896846
 20
830.047542724317
 10
20284.57094721337
 20
790.5619307134463
 10
20265.725260955558
 20
744.3585812480503
 10
20215.600856283058
 20
735.28117777074
 10
20172.050063632
 20
723.4373651704973
 10
20102.703204835485
 20
700.0834318649026
 10
20132.17957629063
 20
772.1051624498241
 10
20152.87238662982
 20
819.3542802159975
 10
20174.360457257968
 20
865.9672919974955
 10
20196.3981552417
 20
911.919671680784
 10
20221.72316794165
 20
963.7373105632255
  0
TEXT
  5
FE
330
17
100
AcDbEntity
  8
0
100
AcDbText
 10
20237.862396380933
 20
852.4917302405133
 30
0.0
 40
8.0
  1
H08_CANOPY_I4_B_A_B_B
100
AcDbText
  0
LWPOLYLINE
  5
FF
330
17
100
AcDbEntity
  8
0
100
AcDbPolyline
 90
45
 70
1
 10
20152.235284394446
 20
988.8855249789806
 10
20148.406361271605
 20
1017.5605761870196
 10
20145.949642222087
 20
1036.2406477831232
 10
20143.455104448214
 20
1054.8834193391071
 10
20140.899176303432
 20
1073.509624949576
 10
20138.276267373596
 20
1092.1245296268983
 10
20135.58498669036
 20
1110.728979599889
 10
20132.82451746469
 20
1129.3227332985136
 10
20129.994057688746
 20
1147.90542603694
 10
20127.09286324202
 20
1166.4767298017578
 10
20124.120300133487
 20
1185.0363439927307
 10
20121.075854726638
 20
1203.5839742930073
 10
20117.95911417382
 20
1222.1193051647656
 10
20114.769706677755
 20
1240.6419079992263
 10
20111.507127483696
 20
1259.15062883636
 10
20108.170719860325
 20
1277.6332226707675
 10
20102.703204835485
 20
1306.9006839112774
 10
20140.989206818576
 20
1317.6827022360958
 10
20168.619297871985
 20
1325.7039985767656
 10
20196.221090317533
 20
1333.8998767314602
 10
20223.807919686744
 20
1342.2225205421407
 10
20251.397772552125
 20
1350.6193529094508
 10
20292.269211228784
 20
1363.0718746194634
 10
20297.673708066355
 20
1327.6130480397105
 10
20300.950608073133
 20
1305.8659691974608
 10
20304.236536966724
 20
1284.1411971529294
 10
20307.559063033976
 20
1262.43199377344
 10
20310.92888206537
 20
1240.7334754817578
 10
20314.348703805317
 20
1219.043556485173
 10
20317.818991198605
 20
1197.3618201634076
 10
20321.33990812378
 20
1175.6883491614317
 10
20324.91160609306
 20
1154.0232776202633
 10
20328.534207172343
 20
1132.3667274253326
 10
20332.20779741993
 20
1110.7188213834067
 10
20335.932448197284
 20
1089.0797123978934
 10
20339.70828960141
 20
1067.4496794913969
 10
20343.535745677837
 20
1045.82966647555
 10
20347.41598587758
 20
1024.2293545924604
 10
20353.86533707056
 20
989.1514136259008
 10
20311.438818660576
 20
987.0544120563633
 10
20282.31884657847
 20
986.121256762088
 10
20252.801789842542
 20
985.9301457459063
 10
20222.950140119796
 20
986.3428860021731
 10
20192.759783880283
 20
987.214460937691
 10
20152.235284394446
 20
988.8855249789806
  0
TEXT
  5
100
330
17
100
AcDbEntity
  8
0
100
AcDbText
 10
20223.64002820857
 20
1157.626251845245
 30
0.0
 40
8.0
  1
G08_FOREARM_GUSSET_-1_I1b
100
AcDbText
  0
LWPOLYLINE
  5
101
330
17
100
AcDbEntity
  8
0
100
AcDbPolyline
 90
5
 70
1
 10
20388.942284923814
 20
183.0
 10
20632.942284923814
 20
183.0
 10
20632.942284923814
 20
15.0
 10
20388.942284923814
 20
15.0
 10
20388.942284923814
 20
183.0
  0
TEXT
  5
102
330
17
100
AcDbEntity
  8
0
100
AcDbText
 10
20486.542284923817
 20
115.8
 30
0.0
 40
8.0
  1
G08_REAR_I
100
AcDbText
  0
LWPOLYLINE
  5
103
330
17
100
AcDbEntity
  8
0
100
AcDbPolyline
 90
5
 70
1
 10
20388.942284923814
 20
251.0
 10
20632.942284923814
 20
251.0
 10
20632.942284923814
 20
203.0
 10
20388.942284923814
 20
203.0
 10
20388.942284923814
 20
251.0
  0
TEXT
  5
104
330
17
100
AcDbEntity
  8
0
100
AcDbText
 10
20486.542284923817
 20
231.8
 30
0.0
 40
8.0
  1
G09_REAR_EDGE_LEFT
100
AcDbText
  0
LWPOLYLINE
  5
105
330
17
100
AcDbEntity
  8
0
100
AcDbPolyline
 90
5
 70
1
 10
20388.942284923814
 20
319.0
 10
20632.942284923814
 20
319.0
 10
20632.942284923814
 20
271.0
 10
20388.942284923814
 20
271.0
 10
20388.942284923814
 20
319.0
  0
TEXT
  5
106
330
17
100
AcDbEntity
  8
0
100
AcDbText
 10
20486.542284923817
 20
299.8
 30
0.0
 40
8.0
  1
G09_REAR_EDGE_RIGHT
100
AcDbText
  0
LWPOLYLINE
  5
107
330
17
100
AcDbEntity
  8
0
100
AcDbPolyline
 90
17
 70
1
 10
20422.157067064665
 20
509.7349107842989
 10
20472.92798708206
 20
512.3468225078977
 10
20509.28066320781
 20
510.8179473864399
 10
20543.963685257313
 20
509.4091983078173
 10
20578.908841811375
 20
509.5258254023876
 10
20628.809008765213
 20
510.5316966365069
 10
20620.12008173063
 20
454.80890773191254
 10
20613.175275978785
 20
413.1224135028894
 10
20604.75109112386
 20
362.8182023110876
 10
20559.694397676285
 20
355.58327297084884
 10
20523.19320333249
 20
350.4927796759349
 10
20486.871778397
 20
347.86019074191563
 10
20449.580774048678
 20
346.13414296667383
 10
20388.942284923814
 20
339.0
 10
20403.091888082257
 20
404.9789558703271
 10
20412.657875797988
 20
453.1296096720441
 10
20422.157067064665
 20
509.7349107842989
  0
TEXT
  5
108
330
17
100
AcDbEntity
  8
0
100
AcDbText
 10
20508.251939490874
 20
435.2958698384283
 30
0.0
 40
8.0
  1
H08_CANOPY_I3_B_A_B_B
100
AcDbText
  0
LWPOLYLINE
  5
109
330
17
100
AcDbEntity
  8
0
100
AcDbPolyline
 90
45
 70
1
 10
20430.75637036022
 20
532.4005203155231
 10
20427.540301057914
 20
561.9688665883474
 10
20425.53535464451
 20
580.7005648806023
 10
20423.48959683586
 20
599.3966287085709
 10
20421.380119985046
 20
618.0774556168085
 10
20419.201610109852
 20
636.7485627471841
 10
20416.9530962942
 20
655.4110006235348
 10
20414.6343256022
 20
674.0646888354476
 10
20412.245148089456
 20
692.7093726435467
 10
20409.785423855505
 20
711.3448379748565
 10
20407.255217592625
 20
729.9709275558189
 10
20404.654711469935
 20
748.5874398309767
 10
20401.98411023131
 20
767.1941637981542
 10
20399.243704857236
 20
785.7907501282727
 10
20396.43346504346
 20
804.3759579678165
 10
20393.55258514592
 20
822.9369451161198
 10
20388.942284923814
 20
851.5129600277132
 10
20427.378389523197
 20
864.5795877376855
 10
20456.02368894937
 20
874.0629154742768
 10
20484.504483896617
 20
883.0318253506741
 10
20512.86464325418
 20
891.2948505181619
 10
20541.09263997414
 20
898.6713822066918
 10
20582.32659928915
 20
908.4905808194007
 10
20586.230330615235
 20
873.1231035623755
 10
20588.606506945824
 20
851.2594253076455
 10
20590.99276767832
 20
829.4175678744202
 10
20593.41628032511
 20
807.5897612676911
 10
20595.887619735993
 20
785.7707167735942
 10
20598.409404021437
 20
763.9581931868436
 10
20600.98200270657
 20
742.1517737628708
 10
20603.60566512558
 20
720.3515996620763
 10
20606.28067084026
 20
698.5578404707139
 10
20609.00732539419
 20
676.7706650907289
 10
20611.78594635493
 20
654.9902365744816
 10
20614.61683729158
 20
633.2167526015913
 10
20617.50042190615
 20
611.4505312349618
 10
20620.4373940308
 20
589.6925842930295
 10
20623.429695953408
 20
567.9531975159484
 10
20628.486157396375
 20
532.3468225078977
 10
20585.66123440084
 20
532.8919686233663
 10
20556.867724071286
 20
533.1102700475334
 10
20528.075941323907
 20
533.182389084213
 10
20499.28546576575
 20
533.0944991762916
 10
20470.48094592486
 20
532.8541908604828
 10
20430.75637036022
 20
532.4005203155231
  0
TEXT
  5
10A
330
17
100
AcDbEntity
  8
0
100
AcDbText
 10
20505.746235092323
 20
702.8768310057883
 30
0.0
 40
8.0
  1
G08_FOREARM_GUSSET_1_I1b
100
AcDbText
  0
LWPOLYLINE
  5
10B
330
17
100
AcDbEntity
  8
0
100
AcDbPolyline
 90
9
 70
1
 10
20388.942284923814
 20
928.4905808194007
 10
20408.38456120125
 20
976.4676531830474
 10
20419.799813818052
 20
1026.5997548381397
 10
20431.77671155321
 20
1122.0562816489808
 10
20623.95025469232
 20
1065.9541993321109
 10
20609.296175533487
 20
999.7120923274516
 10
20594.382407193887
 20
961.837706905608
 10
20574.37658352653
 20
928.4905808194007
 10
20388.942284923814
 20
928.4905808194007
  0
TEXT
  5
10C
330
17
100
AcDbEntity
  8
0
100
AcDbText
 10
20493.31678637404
 20
993.1221589659488
 30
0.0
 40
8.0
  1
O08_SMOOTH_LOWER_I6_A_B_A_B_B_B_A
100
AcDbText
  0
LWPOLYLINE
  5
10D
330
17
100
AcDbEntity
  8
0
100
AcDbPolyline
 90
21
 70
1
 10
20388.942284923814
 20
1383.2812958298814
 10
20441.308571000987
 20
1385.912136925032
 10
20476.847421292325
 20
1389.1324961886066
 10
20512.611920282794
 20
1389.9645595521788
 10
20548.484400943504
 20
1387.8256474803084
 10
20593.789687689645
 20
1382.7848258477916
 10
20598.302610841576
 20
1331.3485541202986
 10
20601.43180258466
 20
1289.7262269513174
 10
20604.18998945583
 20
1248.2155870414842
 10
20606.736767285478
 20
1206.8332337930835
 10
20610.234470340838
 20
1153.7753630025059
 10
20563.72883172579
 20
1149.819936070097
 10
20528.995188388115
 20
1146.7293516792874
 10
20494.10375602984
 20
1143.9209537054915
 10
20458.63797787103
 20
1142.0562816489808
 10
20409.190832706605
 20
1142.3572377056782
 10
20406.07257502328
 20
1196.0264474384157
 10
20403.32903812123
 20
1238.6865693069126
 10
20400.109330392737
 20
1281.85298772769
 10
20396.174978656974
 20
1325.661444939354
 10
20388.942284923814
 20
1383.2812958298814
  0
TEXT
  5
10E
330
17
100
AcDbEntity
  8
0
100
AcDbText
 10
20496.769748594324
 20
1271.3901158468702
 30
0.0
 40
8.0
  1
H08_CANOPY_I2_B_A_B
100
AcDbText
  0
LWPOLYLINE
  5
10F
330
17
100
AcDbEntity
  8
0
100
AcDbPolyline
 90
43
 70
1
 10
20686.251956752825
 20
15.067181074760667
 10
20684.333656099636
 20
43.01187111647192
 10
20683.290468201612
 20
59.73293094969104
 10
20682.178150787797
 20
76.36966084313948
 10
20680.95000116016
 20
92.97958512270147
 10
20679.596854421652
 20
109.57522942158475
 10
20678.114583516282
 20
126.15641014173104
 10
20676.49816232493
 20
142.72114522600708
 10
20674.742280976414
 20
159.2678332731848
 10
20672.842045274974
 20
175.79513119569413
 10
20670.79325600754
 20
192.3017937100679
 10
20668.59254089352
 20
208.78662883043643
 10
20666.2374016427
 20
225.24843726255727
 10
20663.726118978095
 20
241.68575827179018
 10
20661.057291422847
 20
258.09541296270424
 10
20658.230015589226
 20
274.4484463971865
 10
20652.942284923814
 20
302.5859482573193
 10
20692.930681297017
 20
310.1887277750812
 10
20720.94106352698
 20
316.1233920733463
 10
20748.908988608695
 20
322.52791196912364
 10
20776.87661999552
 20
329.2559449761073
 10
20817.905660171757
 20
339.30268278861587
 10
20822.067753211384
 20
307.29036820958527
 10
20824.40729775742
 20
288.5810768286818
 10
20826.791333869605
 20
269.9423405936417
 10
20829.281288994294
 20
251.33966458421366
 10
20831.891180302457
 20
232.75732414339012
 10
20834.621442037806
 20
214.19215141974462
 10
20837.47149690094
 20
195.64474372450934
 10
20840.44093247282
 20
177.11574705845226
 10
20843.52897268626
 20
158.60551340885672
 10
20846.73432931861
 20
140.114258240381
 10
20850.055212411713
 20
121.64212034830466
 10
20853.489410964936
 20
103.18924115733178
 10
20857.034496024033
 20
84.75605191120042
 10
20860.688421988212
 20
66.34475736346519
 10
20864.449815886604
 20
47.97991288932418
 10
20871.547807006253
 20
15.0
 10
20825.893029554583
 20
15.284012159004694
 10
20794.9340518738
 20
15.29432864268515
 10
20763.426422150016
 20
15.210759924394491
 10
20730.908916772943
 20
15.169110368317362
 10
20686.251956752825
 20
15.067181074760667
  0
TEXT
  5
110
330
17
100
AcDbEntity
  8
0
100
AcDbText
 10
20755.67106166305
 20
164.45927273696623
 30
0.0
 40
8.0
  1
G08_FOREARM_GUSSET_-1_I1a
100
AcDbText
  0
LWPOLYLINE
  5
111
330
17
100
AcDbEntity
  8
0
100
AcDbPolyline
 90
15
 70
1
 10
20665.440228222567
 20
474.743366791315
 10
20715.540487649036
 20
475.90969734579994
 10
20751.13595653051
 20
474.4001987168878
 10
20785.607222820097
 20
473.3526158813741
 10
20820.224822854358
 20
473.7851434212147
 10
20868.847479571537
 20
475.4517785657159
 10
20864.122595131816
 20
420.3916630743596
 10
20859.705629558048
 20
368.9726424273343
 10
20814.398442294365
 20
363.42726516062197
 10
20778.612376556855
 20
360.27007730038713
 10
20742.959894753534
 20
359.58274872273
 10
20707.150817679536
 20
360.46106932491006
 10
20652.942284923814
 20
359.3026827886159
 10
20660.270076936253
 20
419.1224980121815
 10
20665.440228222567
 20
474.743366791315
  0
TEXT
  5
112
330
17
100
AcDbEntity
  8
0
100
AcDbText
 10
20756.82656958032
 20
422.2611209549841
 30
0.0
 40
8.0
  1
H08_CANOPY_I3_B_A_B_A
100
AcDbText
  0
LWPOLYLINE
  5
113
330
17
100
AcDbEntity
  8
0
100
AcDbPolyline
 90
19
 70
1
 10
20672.036930621394
 20
810.3816930933741
 10
20737.06069544286
 20
809.4793040312738
 10
20793.8328401121
 20
809.5932870154686
 10
20867.96846802074
 20
810.434059600068
 10
20859.118704825472
 20
777.844478739373
 10
20855.348517201513
 20
756.9250177796303
 10
20852.727572027263
 20
726.3970884969194
 10
20851.621101977114
 20
680.5115963043683
 10
20852.33411905153
 20
613.7083817013661
 10
20855.52351338168
 20
508.9041288815661
 10
20783.92885379661
 20
503.1361272296407
 10
20725.525468365428
 20
499.2996894158479
 10
20656.392081322818
 20
495.9096973457999
 10
20653.2383017836
 20
604.0559383645613
 10
20652.942284923814
 20
673.2625566375817
 10
20654.781165891425
 20
721.7400538374533
 10
20658.456893712162
 20
755.5623459791306
 10
20663.64138581248
 20
780.4303158634676
 10
20672.036930621394
 20
810.3816930933741
  0
TEXT
  5
114
330
17
100
AcDbEntity
  8
0
100
AcDbText
 10
20753.606096257445
 20
691.9977607058034
 30
0.0
 40
8.0
  1
O08_SMOOTH_LOWER_I6_B_B_B_A
100
AcDbText
  0
LWPOLYLINE
  5
115
330
17
100
AcDbEntity
  8
0
100
AcDbPolyline
 90
19
 70
1
 10
20658.882207182658
 20
1028.5718032358932
 10
20708.275797096365
 20
1030.9327342313377
 10
20743.604086117914
 20
1031.719058653661
 10
20778.68133034449
 20
1031.4014014714305
 10
20813.690923223116
 20
1030.478228020708
 10
20860.33866758924
 20
1028.6710356797423
 10
20859.692106639828
 20
975.5069960227029
 10
20858.79169028971
 20
933.963270006958
 10
20857.622392803656
 20
892.4327001620019
 10
20856.267413335863
 20
840.4969433650847
 10
20810.836133762714
 20
834.9738100029399
 10
20775.46277025332
 20
831.6434911408494
 10
20739.981429295167
 20
830.434059600068
 10
20704.32815999203
 20
831.1589297037003
 10
20652.942284923814
 20
832.4488527700219
 10
20655.92579688266
 20
888.9303538597543
 10
20657.749178511953
 20
932.1831325587112
 10
20658.952715887946
 20
974.7519037024524
 10
20658.882207182658
 20
1028.5718032358932
  0
TEXT
  5
116
330
17
100
AcDbEntity
  8
0
100
AcDbText
 10
20753.205646911316
 20
937.3300267065215
 30
0.0
 40
8.0
  1
H08_CANOPY_I3_B_A_A
100
AcDbText
  0
LWPOLYLINE
  5
117
330
17
100
AcDbEntity
  8
0
100
AcDbPolyline
 90
13
 70
1
 10
20750.531574611225
 20
1279.4855323268084
 10
20803.83098511932
 20
1282.6972461506562
 10
20857.460701518747
 20
1278.8510759774636
 10
20837.544588656187
 20
1218.143083696277
 10
20820.37701540451
 20
1171.8804134158079
 10
20801.31309045256
 20
1125.778197817788
 10
20777.783239994522
 20
1073.8336514252842
 10
20729.027237523555
 20
1068.4530044749376
 10
20652.942284923814
 20
1051.7190586536612
 10
20687.94672272312
 20
1124.2068794001616
 10
20710.128210073402
 20
1173.9438683794306
 10
20730.13510567821
 20
1223.1845045130076
 10
20750.531574611225
 20
1279.4855323268084
  0
TEXT
  5
118
330
17
100
AcDbEntity
  8
0
100
AcDbText
 10
20762.273256253106
 20
1180.897080658315
 30
0.0
 40
8.0
  1
H08_CANOPY_I4_B_A_A_A
100
AcDbText
  0
LWPOLYLINE
  5
119
330
17
100
AcDbEntity
  8
0
100
AcDbPolyline
 90
43
 70
1
 10
20919.749754314482
 20
15.083886852337185
 10
20918.453184414713
 20
43.607999645122895
 10
20917.774684936103
 20
60.32898411203838
 10
20916.995971356337
 20
76.96276199285467
 10
20916.06997653621
 20
93.570641241622
 10
20914.990115559252
 20
110.16733907567838
 10
20913.75710652118
 20
126.75395723406807
 10
20912.37193731159
 20
143.32935411195206
 10
20910.835969399912
 20
159.8927050873727
 10
20909.151388199418
 20
176.44347429362318
 10
20907.321230439393
 20
192.98123413643265
 10
20905.349259909795
 20
209.50559586817997
 10
20903.239765158738
 20
226.01610788812928
 10
20900.997205963187
 20
242.5119065581054
 10
20898.625390775822
 20
258.98992467563653
 10
20896.126431438173
 20
275.41895273357665
 10
20891.547807006253
 20
303.12715180096137
 10
20935.32428742096
 20
312.61636512706065
 10
20966.985029433967
 20
319.7982141243626
 10
20997.746621811973
 20
326.7357904801065
 10
21028.041786843656
 20
333.51891243711134
 10
21072.397917406583
 20
343.26685112540184
 10
21072.99984696372
 20
309.74650987782337
 10
21073.241258094655
 20
290.8858662660197
 10
21073.517336237976
 20
272.086616586777
 10
21073.886777998687
 20
253.3120851246532
 10
21074.3637154608
 20
234.54491830224725
 10
21074.949652537394
 20
215.78194101864477
 10
21075.646472930788
 20
197.02432417246166
 10
21076.457047599877
 20
178.27313860903774
 10
21077.38418154945
 20
159.52906296256475
 10
21078.430295729544
 20
140.7926847291883
 10
21079.59734953488
 20
122.06459436176895
 10
21080.886865462286
 20
103.34546569669675
 10
21082.300109147083
 20
84.63631464127441
 10
21083.838800639016
 20
65.93990093315631
 10
21085.507601348465
 20
47.28178983770012
 10
21088.760678950883
 20
15.0
 10
21046.342148248634
 20
16.251975311858097
 10
21017.67134787109
 20
16.673885077717195
 10
20989.002459526833
 20
16.651704981161288
 10
20960.30826885807
 20
16.181000836129577
 10
20919.749754314482
 20
15.083886852337185
  0
TEXT
  5
11A
330
17
100
AcDbEntity
  8
0
100
AcDbText
 10
20991.597553282845
 20
165.62129713444074
 30
0.0
 40
8.0
  1
G08_FOREARM_GUSSET_1_I1a
100
AcDbText
  0
LWPOLYLINE
  5
11B
330
17
100
AcDbEntity
  8
0
100
AcDbPolyline
 90
15
 70
1
 10
20951.05296228318
 20
580.7740530957219
 10
20995.997042972645
 20
579.6871394300284
 10
21032.123081958965
 20
580.1919939610368
 10
21085.085515388066
 20
580.7078878805657
 10
21069.06827251574
 20
524.3520534437388
 10
21057.50871315606
 20
483.2642708793204
 10
21046.14751437033
 20
442.0052926683179
 10
21033.336820128294
 20
393.21797240774976
 10
20987.326032445253
 20
383.81295567504645
 10
20948.97161724129
 20
375.0862617940235
 10
20891.547807006253
 20
363.26685112540184
 10
20909.205627598018
 20
430.37393030720654
 10
20922.272149722943
 20
478.1834636972731
 10
20935.467773657438
 20
525.3028895245334
 10
20951.05296228318
 20
580.7740530957219
  0
TEXT
  5
11C
330
17
100
AcDbEntity
  8
0
100
AcDbText
 10
20987.744259515177
 20
486.73340459904574
 30
0.0
 40
8.0
  1
H08_CANOPY_I4_B_A_A_B
100
AcDbText
  0
LWPOLYLINE
  5
11D
330
17
100
AcDbEntity
  8
0
100
AcDbPolyline
 90
17
 70
1
 10
20891.547807006253
 20
779.5419542224856
 10
20944.035911776366
 20
780.5053211665927
 10
20982.13461373002
 20
780.5329087828371
 10
21030.0269805588
 20
779.6355779929322
 10
21039.042780816177
 20
736.2761850159881
 10
21047.267365487096
 20
710.6982577382927
 10
21056.710601919964
 20
685.8977419118695
 10
21067.21613075686
 20
659.366147599197
 10
21084.528842615837
 20
615.9686111236286
 10
21032.79370832666
 20
610.7107492341155
 10
20997.16616855168
 20
606.6051514156884
 10
20952.43441629648
 20
600.7740530957219
 10
20936.062884790033
 20
641.7942237470403
 10
20924.128725755323
 20
671.8810962332097
 10
20913.2234276745
 20
700.2542388426781
 10
20903.37610233511
 20
729.4664947080679
 10
20891.547807006253
 20
779.5419542224856
  0
TEXT
  5
11E
330
17
100
AcDbEntity
  8
0
100
AcDbText
 10
20981.955545611967
 20
698.2029804148724
 30
0.0
 40
8.0
  1
O08_SMOOTH_LOWER_I2_A_B_B_A
100
AcDbText
  0
LWPOLYLINE
  5
11F
330
17
100
AcDbEntity
  8
0
100
AcDbPolyline
 90
5
 70
1
 10
20891.547807006253
 20
848.5329087828371
 10
21059.547807006253
 20
848.5329087828371
 10
21059.547807006253
 20
800.5329087828371
 10
20891.547807006253
 20
800.5329087828371
 10
20891.547807006253
 20
848.5329087828371
  0
TEXT
  5
120
330
17
100
AcDbEntity
  8
0
100
AcDbText
 10
20958.747807006253
 20
829.3329087828372
 30
0.0
 40
8.0
  1
G09_REAR_EDGE_START
100
AcDbText
  0
LWPOLYLINE
  5
121
330
17
100
AcDbEntity
  8
0
100
AcDbPolyline
 90
5
 70
1
 10
20891.547807006253
 20
916.5329087828371
 10
21059.547807006253
 20
916.5329087828371
 10
21059.547807006253
 20
868.5329087828371
 10
20891.547807006253
 20
868.5329087828371
 10
20891.547807006253
 20
916.5329087828371
  0
TEXT
  5
122
330
17
100
AcDbEntity
  8
0
100
AcDbText
 10
20958.747807006253
 20
897.3329087828372
 30
0.0
 40
8.0
  1
G09_REAR_EDGE_END
100
AcDbText
  0
LWPOLYLINE
  5
123
330
17
100
AcDbEntity
  8
0
100
AcDbPolyline
 90
55
 70
1
 10
20891.547807006253
 20
936.5329087828371
 10
20892.275626901413
 20
960.62433804561
 10
20893.483304805064
 20
970.1987349546332
 10
20895.940306608547
 20
978.2642807926024
 10
20900.32036247844
 20
985.0401148051288
 10
20906.384130273087
 20
989.6147606762992
 10
20912.621761829738
 20
991.8915676844558
 10
20918.34353090301
 20
992.8672840064842
 10
20923.785370919144
 20
993.2763258397994
 10
20929.25902052035
 20
993.4432800020855
 10
20934.939004079213
 20
993.5060602184118
 10
20940.892335605546
 20
993.5264761384321
 10
20947.117715102548
 20
993.5317964517303
 10
20953.59403824683
 20
993.5327951930765
 10
20960.259292024286
 20
993.5329042829154
 10
20967.054603029144
 20
993.5329087650928
 10
20973.91581073376
 20
993.5329087828372
 10
20980.777010618887
 20
993.5329087650954
 10
20987.572141218494
 20
993.5329042845167
 10
20994.235934371976
 20
993.5327953333239
 10
21000.70549614049
 20
993.5318006920949
 10
21006.939285924036
 20
993.526476138432
 10
21012.892617450365
 20
993.5060602184118
 10
21018.57260100923
 20
993.4432800020855
 10
21024.046250610434
 20
993.2763258397993
 10
21029.488090626568
 20
992.867284006484
 10
21035.20985969984
 20
991.8915676844558
 10
21041.44749125649
 20
989.6147606762992
 10
21047.511259051138
 20
985.0401148051288
 10
21051.89131492103
 20
978.2642807926023
 10
21054.348316724514
 20
970.1987349546333
 10
21055.555994628165
 20
960.62433804561
 10
21056.283814523325
 20
936.5329087828371
 10
21011.593403483195
 20
936.5329087828372
 10
21010.906522399924
 20
948.3439848146985
 10
21008.234835821684
 20
948.4483070132794
 10
21004.87157092285
 20
948.501597611971
 10
21001.093613222616
 20
948.5232897363747
 10
20997.000898328988
 20
948.5305807791428
 10
20992.66415596107
 20
948.5325061050974
 10
20988.13922973999
 20
948.5328675331225
 10
20983.47518352766
 20
948.5329071471027
 10
20978.718648576094
 20
948.5329087763856
 10
20973.91581076479
 20
948.5329087828372
 10
20969.112972953484
 20
948.5329087763856
 10
20964.35643800192
 20
948.5329071471027
 10
20959.692391789587
 20
948.5328675331225
 10
20955.16746556851
 20
948.5325061050974
 10
20950.83072320059
 20
948.5305807791428
 10
20946.738008306962
 20
948.5232897363747
 10
20942.96005060673
 20
948.501597611971
 10
20939.596785707894
 20
948.4483070132794
 10
20936.925099129654
 20
948.3439848146985
 10
20936.238218046383
 20
936.5329087828372
 10
20891.547807006253
 20
936.5329087828371
  0
TEXT
  5
124
330
17
100
AcDbEntity
  8
0
100
AcDbText
 10
20972.418024234696
 20
969.6446458292713
 30
0.0
 40
8.0
  1
O08_SMOOTH_LOWER_START
100
AcDbText
  0
LWPOLYLINE
  5
125
330
17
100
AcDbEntity
  8
0
100
AcDbPolyline
 90
71
 70
1
 10
20891.547807006253
 20
1013.5329087828372
 10
20891.99155035705
 20
1044.4326900114322
 10
20892.804932146664
 20
1062.8332693381724
 10
20894.156564245677
 20
1080.6175422460503
 10
20896.039690458783
 20
1097.6800759651233
 10
20898.444901514915
 20
1113.9291975784545
 10
20901.360656884262
 20
1129.2870154221723
 10
20904.774019254473
 20
1143.6891109852975
 10
20908.671677333907
 20
1157.0838886552528
 10
20913.041358523467
 20
1169.4315182182054
 10
20917.87374655742
 20
1180.7022930690664
 10
20923.16497238367
 20
1190.874009632943
 10
20928.91950865822
 20
1199.927596493902
 10
20935.15256692228
 20
1207.8397034669247
 10
20941.88933959109
 20
1214.5706975037879
 10
20949.155311494833
 20
1220.048021701364
 10
20956.949449110674
 20
1224.15137593411
 10
20965.19900340953
 20
1226.7187773530595
 10
20973.721373060456
 20
1227.5963633952606
 10
20982.243742711384
 20
1226.7187773530595
 10
20990.493297010238
 20
1224.15137593411
 10
20998.28743462608
 20
1220.048021701364
 10
21005.553406529823
 20
1214.5706975037879
 10
21012.290179198633
 20
1207.8397034669244
 10
21018.523237462694
 20
1199.927596493902
 10
21024.27777373724
 20
1190.874009632943
 10
21029.568999563493
 20
1180.7022930690664
 10
21034.40138759745
 20
1169.4315182182056
 10
21038.771068787006
 20
1157.0838886552526
 10
21042.668726866443
 20
1143.689110985298
 10
21046.08208923665
 20
1129.2870154221725
 10
21048.997844606
 20
1113.929197578455
 10
21051.40305566213
 20
1097.6800759651233
 10
21053.286181875235
 20
1080.61754224605
 10
21054.63781397425
 20
1062.8332693381724
 10
21055.451195763868
 20
1044.4326900114324
 10
21055.89493911466
 20
1013.5329087828372
 10
21010.89251225607
 20
1013.5329087828371
 10
21010.4673272251
 20
1043.132067168871
 10
21009.71259391835
 20
1060.1888985694561
 10
21008.46586529554
 20
1076.563398687509
 10
21006.743210139055
 20
1092.1290895216011
 10
21004.567422040855
 20
1106.7707820894473
 10
21001.968922316584
 20
1120.3836665598753
 10
20998.987202344844
 20
1132.87192306439
 10
20995.673140967127
 20
1144.146855579254
 10
20992.09276996084
 20
1154.124622113576
 10
20988.333467175707
 20
1162.723840275946
 10
20984.514228200474
 20
1169.863918375765
 10
20980.80263971018
 20
1175.4664943761413
 10
20977.44195436208
 20
1179.4663353780666
 10
20974.78910916661
 20
1181.8476954925845
 10
20973.843472964327
 20
1182.4328778693746
 10
20973.721373060456
 20
1182.4157763162095
 10
20973.599273156586
 20
1182.4328778693746
 10
20972.653636954303
 20
1181.8476954925845
 10
20970.000791758834
 20
1179.4663353780663
 10
20966.640106410738
 20
1175.4664943761416
 10
20962.928517920438
 20
1169.863918375765
 10
20959.10927894521
 20
1162.7238402759463
 10
20955.349976160076
 20
1154.1246221135762
 10
20951.769605153786
 20
1144.1468555792537
 10
20948.45554377607
 20
1132.8719230643899
 10
20945.47382380433
 20
1120.3836665598756
 10
20942.87532408006
 20
1106.7707820894473
 10
20940.699535981857
 20
1092.1290895216007
 10
20938.976880825372
 20
1076.5633986875093
 10
20937.730152202563
 20
1060.1888985694563
 10
20936.975418895814
 20
1043.1320671688707
 10
20936.550233864844
 20
1013.5329087828371
 10
20891.547807006253
 20
1013.5329087828372
  0
TEXT
  5
126
330
17
100
AcDbEntity
  8
0
100
AcDbText
 10
20972.563998890677
 20
1137.5990870566197
 30
0.0
 40
8.0
  1
H08_CANOPY_START
100
AcDbText
  0
LWPOLYLINE
  5
127
330
17
100
AcDbEntity
  8
0
100
AcDbPolyline
 90
5
 70
1
 10
20891.547807006253
 20
1333.5963633952606
 10
21055.547807006253
 20
1333.5963633952606
 10
21055.547807006253
 20
1247.5963633952606
 10
20891.547807006253
 20
1247.5963633952606
 10
20891.547807006253
 20
1333.5963633952606
  0
TEXT
  5
128
330
17
100
AcDbEntity
  8
0
100
AcDbText
 10
20957.14780700625
 20
1299.1963633952605
 30
0.0
 40
8.0
  1
F09_END_START
100
AcDbText
  0
LWPOLYLINE
  5
129
330
17
100
AcDbEntity
  8
0
100
AcDbPolyline
 90
13
 70
1
 10
21131.157609418264
 20
206.39350670789068
 10
21177.901674514906
 20
205.91597309790896
 10
21215.695632517283
 20
206.2352636868519
 10
21268.195233761468
 20
206.32304288271752
 10
21257.20230768558
 20
157.1937279541372
 10
21251.72937226742
 20
106.57366706330171
 10
21248.767740858108
 20
15.0
 10
21198.10130466943
 20
17.28040698627899
 10
21158.753666643686
 20
19.956549991034535
 10
21108.760678950883
 20
25.159739515630918
 10
21112.907565924223
 20
111.37887837774392
 10
21119.699131428646
 20
161.62983152489414
 10
21131.157609418264
 20
206.39350670789068
  0
TEXT
  5
12A
330
17
100
AcDbEntity
  8
0
100
AcDbText
 10
21183.07919446601
 20
126.57185342279088
 30
0.0
 40
8.0
  1
O08_SMOOTH_LOWER_I6_A_B_A_A_B
100
AcDbText
  0
LWPOLYLINE
  5
12B
330
17
100
AcDbEntity
  8
0
100
AcDbPolyline
 90
13
 70
1
 10
21129.93543982186
 20
420.43161031823547
 10
21176.72975277566
 20
419.92952167739395
 10
21214.146307490755
 20
419.9599607006914
 10
21266.79940050803
 20
420.4729993327501
 10
21256.795669709303
 20
371.8894631062711
 10
21251.568064817748
 20
320.1234040031695
 10
21248.17304888023
 20
226.39350670789065
 10
21197.55725734464
 20
226.83507069084172
 10
21158.881221307194
 20
227.97392237904785
 10
21108.760678950883
 20
230.31227808325184
 10
21113.15198130626
 20
322.57964573192385
 10
21119.549582535223
 20
375.3085776357876
 10
21129.93543982186
 20
420.43161031823547
  0
TEXT
  5
12C
330
17
100
AcDbEntity
  8
0
100
AcDbText
 10
21182.460295789973
 20
338.6647362065762
 30
0.0
 40
8.0
  1
O08_SMOOTH_LOWER_I6_A_B_A_B_A
100
AcDbText
  0
LWPOLYLINE
  5
12D
330
17
100
AcDbEntity
  8
0
100
AcDbPolyline
 90
59
 70
1
 10
21108.760678950883
 20
440.4729993327503
 10
21109.172282596068
 20
491.604252757398
 10
21110.122950361085
 20
519.8893488887027
 10
21111.73939691042
 20
539.803335956984
 10
21114.152123045722
 20
553.8108065966227
 10
21117.803547456573
 20
564.1490277148195
 10
21123.447372650935
 20
571.880258524187
 10
21130.641906288383
 20
576.4845676666702
 10
21137.569350625254
 20
578.438743260789
 10
21143.689849680468
 20
579.139352205246
 10
21149.419652564822
 20
579.3770274746109
 10
21155.120419785933
 20
579.4503961670738
 10
21160.960537933115
 20
579.4691271942235
 10
21166.982238503173
 20
579.4726019860902
 10
21173.176059812515
 20
579.4729836342036
 10
21179.486523246258
 20
579.4729992708859
 10
21185.857666946435
 20
579.4729993327502
 10
21192.22878130076
 20
579.4729992709226
 10
21198.538567689142
 20
579.4729836567572
 10
21204.72690740375
 20
579.4726039613847
 10
21210.75479619266
 20
579.4691271942235
 10
21216.59491433984
 20
579.4503961670738
 10
21222.29568156095
 20
579.3770274746109
 10
21228.025484445305
 20
579.139352205246
 10
21234.14598350052
 20
578.4387432607889
 10
21241.07342783739
 20
576.4845676666702
 10
21248.267961474838
 20
571.880258524187
 10
21253.9117866692
 20
564.1490277148195
 10
21257.56321108005
 20
553.8108065966227
 10
21259.975937215357
 20
539.8033359569839
 10
21261.592383764688
 20
519.8893488887031
 10
21262.54305152971
 20
491.6042527573976
 10
21262.95465517489
 20
440.47299933275036
 10
21211.630910510597
 20
440.4729993327501
 10
21211.377070063936
 20
481.9341937938668
 10
21210.84272628926
 20
502.837905364836
 10
21209.982492302322
 20
516.7722718556687
 10
21208.892741675678
 20
525.0909166257917
 10
21208.10773985302
 20
528.0132376782657
 10
21206.37423977606
 20
528.1077834122631
 10
21203.50249920158
 20
528.1563789548213
 10
21200.25497767099
 20
528.1700740721965
 10
21196.79636298454
 20
528.172698203613
 10
21193.21206860862
 20
528.1729873797046
 10
21189.552893655637
 20
528.1729992856002
 10
21185.857667062886
 20
528.1729993327501
 10
21182.16244047014
 20
528.1729992856002
 10
21178.503265517156
 20
528.1729873797046
 10
21174.918971141233
 20
528.172698203613
 10
21171.460356454787
 20
528.1700740721965
 10
21168.212834924194
 20
528.1563789548213
 10
21165.34109434971
 20
528.1077834122631
 10
21163.60759427275
 20
528.0132376782657
 10
21162.822592450095
 20
525.0909166257918
 10
21161.73284182345
 20
516.7722718556688
 10
21160.872607836514
 20
502.8379053648357
 10
21160.338264061837
 20
481.93419379386734
 10
21160.084423615175
 20
440.4729993327502
 10
21108.760678950883
 20
440.4729993327503
  0
TEXT
  5
12E
330
17
100
AcDbEntity
  8
0
100
AcDbText
 10
21184.550821085766
 20
536.6278567657185
 30
0.0
 40
8.0
  1
O08_SMOOTH_LOWER_END
100
AcDbText
  0
LWPOLYLINE
  5
12F
330
17
100
AcDbEntity
  8
0
100
AcDbPolyline
 90
5
 70
1
 10
21108.760678950883
 20
685.4729993327501
 10
21262.760678950883
 20
685.4729993327501
 10
21262.760678950883
 20
599.4729993327501
 10
21108.760678950883
 20
599.4729993327501
 10
21108.760678950883
 20
685.4729993327501
  0
TEXT
  5
130
330
17
100
AcDbEntity
  8
0
100
AcDbText
 10
21170.360678950885
 20
651.0729993327501
 30
0.0
 40
8.0
  1
F09_END_END
100
AcDbText
  0
LWPOLYLINE
  5
131
330
17
100
AcDbEntity
  8
0
100
AcDbPolyline
 90
13
 70
1
 10
21118.151208370728
 20
990.5013030321304
 10
21167.674081065532
 20
991.6545638878426
 10
21206.74543560949
 20
991.8515971560474
 10
21258.45326431829
 20
990.4098536701061
 10
21249.516152534336
 20
853.3938943486523
 10
21247.030863435797
 20
771.5278489449863
 10
21249.330027823642
 20
705.4729993327501
 10
21197.895398037654
 20
709.5643117648322
 10
21160.222531327654
 20
712.1477865021104
 10
21112.14359935799
 20
715.0475288091375
 10
21108.760678950883
 20
778.1412764459599
 10
21110.284328586553
 20
858.7275223712867
 10
21118.151208370728
 20
990.5013030321304
  0
TEXT
  5
132
330
17
100
AcDbEntity
  8
0
100
AcDbText
 10
21177.258367522252
 20
850.6878299459978
 30
0.0
 40
8.0
  1
O08_SMOOTH_LOWER_I1_A_B_B_B_A
100
AcDbText
  0
LWPOLYLINE
  5
133
330
17
100
AcDbEntity
  8
0
100
AcDbPolyline
 90
13
 70
1
 10
21113.067215808107
 20
1197.9302524263026
 10
21159.490996959074
 20
1192.7239413902018
 10
21193.465350385864
 20
1193.5109146622315
 10
21243.176756757097
 20
1197.7270252541996
 10
21240.09977445006
 20
1148.1204340016207
 10
21239.469630982916
 20
1099.1600467102178
 10
21241.733221895698
 20
1011.8515971560473
 10
21190.786152058132
 20
1015.0750304568244
 10
21153.539578278676
 20
1020.2318460479356
 10
21109.52828985805
 20
1034.06726556519
 10
21108.760678950883
 20
1107.058771358688
 10
21110.311914351285
 20
1151.238776379193
 10
21113.067215808107
 20
1197.9302524263026
  0
TEXT
  5
134
330
17
100
AcDbEntity
  8
0
100
AcDbText
 10
21170.49975204184
 20
1120.5097041411505
 30
0.0
 40
8.0
  1
O08_SMOOTH_LOWER_I6_A_B_A_A_A
100
AcDbText
  0
LWPOLYLINE
  5
135
330
17
100
AcDbEntity
  8
0
100
AcDbPolyline
 90
9
 70
1
 10
21108.760678950883
 20
1217.9302524263026
 10
21134.056109409277
 20
1312.607486492223
 10
21148.112239026217
 20
1366.3752688527793
 10
21160.31486615149
 20
1415.0672001955525
 10
21236.455046565683
 20
1399.4372110403763
 10
21224.509886564676
 20
1351.514886870094
 10
21211.348959451218
 20
1301.0096812333004
 10
21189.18131740342
 20
1217.9302524263026
 10
21108.760678950883
 20
1217.9302524263026
  0
TEXT
  5
136
330
17
100
AcDbEntity
  8
0
100
AcDbText
 10
21169.05553138597
 20
1311.0891657736927
 30
0.0
 40
8.0
  1
O08_SMOOTH_LOWER_I1_A_B_B_B_B_B_B
100
AcDbText
  0
LWPOLYLINE
  5
137
330
17
100
AcDbEntity
  8
0
100
AcDbPolyline
 90
13
 70
1
 10
21288.195233761468
 20
15.0
 10
21300.213558706728
 20
64.83441304835273
 10
21310.083513064797
 20
91.92349161187587
 10
21320.85509156607
 20
117.06128102771142
 10
21332.53226444306
 20
143.30752197411124
 10
21348.785170173076
 20
179.61674621853098
 10
21409.610126229873
 20
171.64125258299245
 10
21391.04185992317
 20
130.1554136203642
 10
21380.003422980055
 20
105.3243179495868
 10
21370.07530365791
 20
82.03819498231576
 10
21361.353810282642
 20
57.63627390263197
 10
21351.46729762856
 20
15.0
 10
21288.195233761468
 20
15.0
  0
TEXT
  5
138
330
17
100
AcDbEntity
  8
0
100
AcDbText
 10
21342.49322201376
 20
91.4260697629595
 30
0.0
 40
8.0
  1
O08_SMOOTH_LOWER_I2_A_B_B_B_A
100
AcDbText
  0
LWPOLYLINE
  5
139
330
17
100
AcDbEntity
  8
0
100
AcDbPolyline
 90
17
 70
1
 10
21288.195233761468
 20
231.61674621853098
 10
21317.695233761468
 20
231.61674621853098
 10
21326.445233761468
 20
231.61674621853098
 10
21335.195233761468
 20
231.61674621853098
 10
21343.945233761468
 20
231.61674621853098
 10
21352.695233761468
 20
231.61674621853098
 10
21361.445233761468
 20
231.61674621853098
 10
21382.195233761468
 20
231.61674621853098
 10
21382.195233761468
 20
199.61674621853098
 10
21361.445233761468
 20
199.61674621853098
 10
21352.695233761468
 20
199.61674621853098
 10
21335.195233761468
 20
199.61674621853098
 10
21326.445233761468
 20
199.61674621853098
 10
21317.695233761468
 20
199.61674621853098
 10
21308.945233761468
 20
199.61674621853098
 10
21288.195233761468
 20
199.61674621853098
 10
21288.195233761468
 20
231.61674621853098
  0
TEXT
  5
13A
330
17
100
AcDbEntity
  8
0
100
AcDbText
 10
21333.45993964382
 20
216.55792268911915
 30
0.0
 40
8.0
  1
G08_BACK_-1_START
100
AcDbText
  0
LWPOLYLINE
  5
13B
330
17
100
AcDbEntity
  8
0
100
AcDbPolyline
 90
17
 70
1
 10
21288.195233761468
 20
283.616746218531
 10
21317.695233761468
 20
283.616746218531
 10
21326.445233761468
 20
283.616746218531
 10
21335.195233761468
 20
283.616746218531
 10
21343.945233761468
 20
283.616746218531
 10
21352.695233761468
 20
283.616746218531
 10
21361.445233761468
 20
283.616746218531
 10
21382.195233761468
 20
283.616746218531
 10
21382.195233761468
 20
251.61674621853098
 10
21361.445233761468
 20
251.61674621853098
 10
21352.695233761468
 20
251.61674621853098
 10
21335.195233761468
 20
251.61674621853098
 10
21326.445233761468
 20
251.61674621853098
 10
21317.695233761468
 20
251.61674621853098
 10
21308.945233761468
 20
251.61674621853098
 10
21288.195233761468
 20
251.61674621853098
 10
21288.195233761468
 20
283.616746218531
  0
TEXT
  5
13C
330
17
100
AcDbEntity
  8
0
100
AcDbText
 10
21333.45993964382
 20
268.55792268911915
 30
0.0
 40
8.0
  1
G08_BACK_-1_END
100
AcDbText
  0
LWPOLYLINE
  5
13D
330
17
100
AcDbEntity
  8
0
100
AcDbPolyline
 90
17
 70
1
 10
21288.195233761468
 20
335.616746218531
 10
21317.695233761468
 20
335.616746218531
 10
21326.445233761468
 20
335.616746218531
 10
21335.195233761468
 20
335.616746218531
 10
21343.945233761468
 20
335.616746218531
 10
21352.695233761468
 20
335.616746218531
 10
21361.445233761468
 20
335.616746218531
 10
21382.195233761468
 20
335.616746218531
 10
21382.195233761468
 20
303.616746218531
 10
21361.445233761468
 20
303.616746218531
 10
21352.695233761468
 20
303.616746218531
 10
21335.195233761468
 20
303.616746218531
 10
21326.445233761468
 20
303.616746218531
 10
21317.695233761468
 20
303.616746218531
 10
21308.945233761468
 20
303.616746218531
 10
21288.195233761468
 20
303.616746218531
 10
21288.195233761468
 20
335.616746218531
  0
TEXT
  5
13E
330
17
100
AcDbEntity
  8
0
100
AcDbText
 10
21333.45993964382
 20
320.5579226891192
 30
0.0
 40
8.0
  1
G08_BACK_1_START
100
AcDbText
  0
LWPOLYLINE
  5
13F
330
17
100
AcDbEntity
  8
0
100
AcDbPolyline
 90
17
 70
1
 10
21288.195233761468
 20
387.616746218531
 10
21317.695233761468
 20
387.616746218531
 10
21326.445233761468
 20
387.616746218531
 10
21335.195233761468
 20
387.616746218531
 10
21343.945233761468
 20
387.616746218531
 10
21352.695233761468
 20
387.616746218531
 10
21361.445233761468
 20
387.616746218531
 10
21382.195233761468
 20
387.616746218531
 10
21382.195233761468
 20
355.616746218531
 10
21361.445233761468
 20
355.616746218531
 10
21352.695233761468
 20
355.616746218531
 10
21335.195233761468
 20
355.616746218531
 10
21326.445233761468
 20
355.616746218531
 10
21317.695233761468
 20
355.616746218531
 10
21308.945233761468
 20
355.616746218531
 10
21288.195233761468
 20
355.616746218531
 10
21288.195233761468
 20
387.616746218531
  0
TEXT
  5
140
330
17
100
AcDbEntity
  8
0
100
AcDbText
 10
21333.45993964382
 20
372.55792268911927
 30
0.0
 40
8.0
  1
G08_BACK_1_END
100
AcDbText
  0
LWPOLYLINE
  5
141
330
17
100
AcDbEntity
  8
0
100
AcDbPolyline
 90
9
 70
1
 10
21309.630348140192
 20
407.616746218531
 10
21299.36005204082
 20
451.9855868662158
 10
21292.965234633022
 20
505.70351137752937
 10
21288.195233761468
 20
601.1550276880638
 10
21351.397937144535
 20
600.9500927697505
 10
21355.740556969307
 20
507.30667724018434
 10
21361.548386357135
 20
455.68802687268334
 10
21372.231143695804
 20
407.616746218531
 10
21309.630348140192
 20
407.616746218531
  0
TEXT
  5
142
330
17
100
AcDbEntity
  8
0
100
AcDbText
 10
21326.74436009805
 20
482.8487957188911
 30
0.0
 40
8.0
  1
O08_SMOOTH_LOWER_I6_A_B_A_B_B_A
100
AcDbText
  0
LWPOLYLINE
  5
143
330
17
100
AcDbEntity
  8
0
100
AcDbPolyline
 90
9
 70
1
 10
21292.561219157124
 20
621.1550276880638
 10
21291.897751139222
 20
663.9923474043337
 10
21290.832624069255
 20
702.6080171321398
 10
21288.195233761468
 20
772.1800353501528
 10
21366.321565232174
 20
763.0145529024455
 10
21368.63709197727
 20
700.6173866686424
 10
21369.608247719207
 20
663.6819472409545
 10
21370.221970683375
 20
621.1550276880638
 10
21292.561219157124
 20
621.1550276880638
  0
TEXT
  5
144
330
17
100
AcDbEntity
  8
0
100
AcDbText
 10
21325.64854698847
 20
681.0621521958733
 30
0.0
 40
8.0
  1
O08_SMOOTH_LOWER_I6_A_B_A_B_B_B_B
100
AcDbText
  0
LWPOLYLINE
  5
145
330
17
100
AcDbEntity
  8
0
100
AcDbPolyline
 90
9
 70
1
 10
21288.195233761468
 20
792.1800353501528
 10
21288.74575429704
 20
929.5140454291245
 10
21292.219594785252
 20
1012.5835966828986
 10
21299.272784472803
 20
1076.1961538862236
 10
21361.870134669323
 20
1077.2686367467345
 10
21355.005810727915
 20
1011.4924924089645
 10
21351.86976195014
 20
929.4439371696146
 10
21351.563281319304
 20
792.1800353501528
 10
21288.195233761468
 20
792.1800353501528
  0
TEXT
  5
146
330
17
100
AcDbEntity
  8
0
100
AcDbText
 10
21319.65973219386
 20
934.782107597113
 30
0.0
 40
8.0
  1
O08_SMOOTH_LOWER_I1_A_B_B_B_B_A
100
AcDbText
  0
ENDSEC
  0
SECTION
  2
OBJECTS
  0
DICTIONARY
  5
A
330
0
100
AcDbDictionary
281
1
  3
ACAD_COLOR
350
B
  3
ACAD_GROUP
350
C
  3
ACAD_LAYOUT
350
D
  3
ACAD_MATERIAL
350
E
  3
ACAD_MLEADERSTYLE
350
F
  3
ACAD_MLINESTYLE
350
10
  3
ACAD_PLOTSETTINGS
350
11
  3
ACAD_PLOTSTYLENAME
350
12
  3
ACAD_SCALELIST
350
14
  3
ACAD_TABLESTYLE
350
15
  3
ACAD_VISUALSTYLE
350
16
  3
EZDXF_META
350
2D
  0
DICTIONARY
  5
B
330
A
100
AcDbDictionary
281
1
  0
DICTIONARY
  5
C
330
A
100
AcDbDictionary
281
1
  0
DICTIONARY
  5
D
330
A
100
AcDbDictionary
281
1
  3
Model
350
1A
  3
Layout1
350
1E
  0
DICTIONARY
  5
E
330
A
100
AcDbDictionary
281
1
  3
ByBlock
350
1F
  3
ByLayer
350
20
  3
Global
350
21
  0
DICTIONARY
  5
F
330
A
100
AcDbDictionary
281
1
  3
Standard
350
2C
  0
DICTIONARY
  5
10
330
A
100
AcDbDictionary
281
1
  3
Standard
350
22
  0
DICTIONARY
  5
11
330
A
100
AcDbDictionary
281
1
  0
ACDBDICTIONARYWDFLT
  5
12
330
A
100
AcDbDictionary
281
1
  3
Normal
350
13
100
AcDbDictionaryWithDefault
340
13
  0
ACDBPLACEHOLDER
  5
13
330
12
  0
DICTIONARY
  5
14
330
A
100
AcDbDictionary
281
1
  0
DICTIONARY
  5
15
330
A
100
AcDbDictionary
281
1
  0
DICTIONARY
  5
16
330
A
100
AcDbDictionary
281
1
  0
LAYOUT
  5
1A
330
D
100
AcDbPlotSettings
  1

  4
A3
  6

 40
7.5
 41
20.0
 42
7.5
 43
20.0
 44
420.0
 45
297.0
 46
0.0
 47
0.0
 48
0.0
 49
0.0
140
0.0
141
0.0
142
1.0
143
1.0
 70
1024
 72
1
 73
0
 74
5
  7

 75
16
 76
0
 77
2
 78
300
147
1.0
148
0.0
149
0.0
100
AcDbLayout
  1
Model
 70
1
 71
0
 10
0.0
 20
0.0
 11
420.0
 21
297.0
 12
0.0
 22
0.0
 32
0.0
 14
1e+20
 24
1e+20
 34
1e+20
 15
-1e+20
 25
-1e+20
 35
-1e+20
146
0.0
 13
0.0
 23
0.0
 33
0.0
 16
1.0
 26
0.0
 36
0.0
 17
0.0
 27
1.0
 37
0.0
 76
1
330
17
  0
LAYOUT
  5
1E
330
D
100
AcDbPlotSettings
  1

  4
A3
  6

 40
7.5
 41
20.0
 42
7.5
 43
20.0
 44
420.0
 45
297.0
 46
0.0
 47
0.0
 48
0.0
 49
0.0
140
0.0
141
0.0
142
1.0
143
1.0
 70
0
 72
1
 73
0
 74
5
  7

 75
16
 76
0
 77
2
 78
300
147
1.0
148
0.0
149
0.0
100
AcDbLayout
  1
Layout1
 70
1
 71
1
 10
0.0
 20
0.0
 11
420.0
 21
297.0
 12
0.0
 22
0.0
 32
0.0
 14
1e+20
 24
1e+20
 34
1e+20
 15
-1e+20
 25
-1e+20
 35
-1e+20
146
0.0
 13
0.0
 23
0.0
 33
0.0
 16
1.0
 26
0.0
 36
0.0
 17
0.0
 27
1.0
 37
0.0
 76
1
330
1B
  0
MATERIAL
  5
1F
102
{ACAD_REACTORS
330
E
102
}
330
E
100
AcDbMaterial
  1
ByBlock
  2

 70
0
 40
1.0
 71
1
 41
1.0
 91
-1023410177
 42
1.0
 72
1
  3

 73
1
 74
1
 75
1
 44
0.5
 73
0
 45
1.0
 46
1.0
 77
1
  4

 78
1
 79
1
170
1
 48
1.0
171
1
  6

172
1
173
1
174
1
140
1.0
141
1.0
175
1
  7

176
1
177
1
178
1
143
1.0
179
1
  8

270
1
271
1
272
1
145
1.0
146
1.0
273
1
  9

274
1
275
1
276
1
 42
1.0
 72
1
  3

 73
1
 74
1
 75
1
 94
63
  0
MATERIAL
  5
20
102
{ACAD_REACTORS
330
E
102
}
330
E
100
AcDbMaterial
  1
ByLayer
  2

 70
0
 40
1.0
 71
1
 41
1.0
 91
-1023410177
 42
1.0
 72
1
  3

 73
1
 74
1
 75
1
 44
0.5
 73
0
 45
1.0
 46
1.0
 77
1
  4

 78
1
 79
1
170
1
 48
1.0
171
1
  6

172
1
173
1
174
1
140
1.0
141
1.0
175
1
  7

176
1
177
1
178
1
143
1.0
179
1
  8

270
1
271
1
272
1
145
1.0
146
1.0
273
1
  9

274
1
275
1
276
1
 42
1.0
 72
1
  3

 73
1
 74
1
 75
1
 94
63
  0
MATERIAL
  5
21
102
{ACAD_REACTORS
330
E
102
}
330
E
100
AcDbMaterial
  1
Global
  2

 70
0
 40
1.0
 71
1
 41
1.0
 91
-1023410177
 42
1.0
 72
1
  3

 73
1
 74
1
 75
1
 44
0.5
 73
0
 45
1.0
 46
1.0
 77
1
  4

 78
1
 79
1
170
1
 48
1.0
171
1
  6

172
1
173
1
174
1
140
1.0
141
1.0
175
1
  7

176
1
177
1
178
1
143
1.0
179
1
  8

270
1
271
1
272
1
145
1.0
146
1.0
273
1
  9

274
1
275
1
276
1
 42
1.0
 72
1
  3

 73
1
 74
1
 75
1
 94
63
  0
MLINESTYLE
  5
22
102
{ACAD_REACTORS
330
10
102
}
330
10
100
AcDbMlineStyle
  2
Standard
 70
0
  3

 62
256
 51
90.0
 52
90.0
 71
2
 49
0.5
 62
256
  6
BYLAYER
 49
-0.5
 62
256
  6
BYLAYER
  0
MLEADERSTYLE
  5
2C
102
{ACAD_REACTORS
330
F
102
}
330
F
100
AcDbMLeaderStyle
179
2
170
2
171
1
172
0
 90
2
 40
0.0
 41
0.0
173
1
 91
-1056964608
 92
-2
290
1
 42
2.0
291
1
 43
8.0
  3
Standard
 44
4.0
300

342
29
174
1
175
1
176
0
178
1
 93
-1056964608
 45
4.0
292
0
297
0
 46
4.0
 94
-1056964608
 47
1.0
 49
1.0
140
1.0
294
1
141
0.0
177
0
142
1.0
295
0
296
0
143
3.75
271
0
272
9
273
9
  0
DICTIONARY
  5
2D
330
A
100
AcDbDictionary
280
1
281
1
  3
CREATED_BY_EZDXF
350
2E
  3
WRITTEN_BY_EZDXF
350
149
  0
DICTIONARYVAR
  5
2E
330
2D
100
DictionaryVariables
280
0
  1
1.4.4 @ 2026-10-04T18:29:10.811773+00:00
  0
DICTIONARYVAR
  5
149
330
2D
100
DictionaryVariables
280
0
  1
1.4.4 @ 2026-10-04T18:29:10.834709+00:00
  0
ENDSEC
  0
EOF
