seam,module,panel_A,panel_B,A_mm,B_mm,ease_mm,operation
J0001,B09_A_SOFT_-1,B09_A_SOFT_-1_CAP_A,B09_A_SOFT_-1_G1,5.022062168334224,5.022062168334222,1.7763568394002505e-15,sew
J0002,B09_A_SOFT_-1,B09_A_SOFT_-1_CAP_A,B09_A_SOFT_-1_G10,4.508661882997949,4.508661882997947,1.7763568394002505e-15,sew
J0003,B09_A_SOFT_-1,B09_A_SOFT_-1_CAP_A,B09_A_SOFT_-1_G11,4.03682324920761,4.036823249207609,8.881784197001252e-16,sew
J0004,B09_A_SOFT_-1,B09_A_SOFT_-1_CAP_A,B09_A_SOFT_-1_G12,3.8718369684044824,3.871836968404482,4.440892098500626e-16,sew
J0005,B09_A_SOFT_-1,B09_A_SOFT_-1_CAP_A,B09_A_SOFT_-1_G13,4.1365632096033265,4.136563209603326,8.881784197001252e-16,sew
J0006,B09_A_SOFT_-1,B09_A_SOFT_-1_CAP_A,B09_A_SOFT_-1_G14,4.550625534109988,4.550625534109987,1.7763568394002505e-15,sew
J0007,B09_A_SOFT_-1,B09_A_SOFT_-1_CAP_A,B09_A_SOFT_-1_G15,5.028742828182862,5.02874282818286,1.7763568394002505e-15,sew
J0008,B09_A_SOFT_-1,B09_A_SOFT_-1_CAP_A,B09_A_SOFT_-1_G16,5.112509597081488,5.1125095970814876,8.881784197001252e-16,sew
J0009,B09_A_SOFT_-1,B09_A_SOFT_-1_CAP_A,B09_A_SOFT_-1_G2,4.479026715694542,4.479026715694542,0.0,sew
J0010,B09_A_SOFT_-1,B09_A_SOFT_-1_CAP_A,B09_A_SOFT_-1_G3,4.009714960895643,4.009714960895642,8.881784197001252e-16,sew
J0011,B09_A_SOFT_-1,B09_A_SOFT_-1_CAP_A,B09_A_SOFT_-1_G4,3.8713854329603565,3.871385432960357,4.440892098500626e-16,sew
J0012,B09_A_SOFT_-1,B09_A_SOFT_-1_CAP_A,B09_A_SOFT_-1_G5,4.1025088344544285,4.102508834454427,1.7763568394002505e-15,sew
J0013,B09_A_SOFT_-1,B09_A_SOFT_-1_CAP_A,B09_A_SOFT_-1_G6,4.576265443397758,4.576265443397757,8.881784197001252e-16,sew
J0014,B09_A_SOFT_-1,B09_A_SOFT_-1_CAP_A,B09_A_SOFT_-1_G7,5.041672653322789,5.041672653322786,2.6645352591003757e-15,sew
J0015,B09_A_SOFT_-1,B09_A_SOFT_-1_CAP_A,B09_A_SOFT_-1_G8,5.118682784965206,5.118682784965206,0.0,sew
J0016,B09_A_SOFT_-1,B09_A_SOFT_-1_CAP_A,B09_A_SOFT_-1_G9,5.013244781509774,5.0132447815097745,8.881784197001252e-16,sew
J0017,B09_A_SOFT_-1,B09_A_SOFT_-1_CAP_B,B09_A_SOFT_-1_G1,4.944670789557007,4.9446707895570094,2.6645352591003757e-15,sew
J0018,B09_A_SOFT_-1,B09_A_SOFT_-1_CAP_B,B09_A_SOFT_-1_G10,4.466421880101123,4.466421880101127,3.552713678800501e-15,sew
J0019,B09_A_SOFT_-1,B09_A_SOFT_-1_CAP_B,B09_A_SOFT_-1_G11,4.005883428053705,4.005883428053709,3.552713678800501e-15,sew
J0020,B09_A_SOFT_-1,B09_A_SOFT_-1_CAP_B,B09_A_SOFT_-1_G12,3.8589378801409886,3.8589378801409895,8.881784197001252e-16,sew
J0021,B09_A_SOFT_-1,B09_A_SOFT_-1_CAP_B,B09_A_SOFT_-1_G13,4.1088197228724335,4.1088197228724335,0.0,sew
J0022,B09_A_SOFT_-1,B09_A_SOFT_-1_CAP_B,B09_A_SOFT_-1_G14,4.579151401265785,4.579151401265783,1.7763568394002505e-15,sew
J0023,B09_A_SOFT_-1,B09_A_SOFT_-1_CAP_B,B09_A_SOFT_-1_G15,5.008839322146983,5.008839322146984,8.881784197001252e-16,sew
J0024,B09_A_SOFT_-1,B09_A_SOFT_-1_CAP_B,B09_A_SOFT_-1_G16,5.07158008949383,5.071580089493831,8.881784197001252e-16,sew
J0025,B09_A_SOFT_-1,B09_A_SOFT_-1_CAP_B,B09_A_SOFT_-1_G2,4.452893111287954,4.4528931112879535,8.881784197001252e-16,sew
J0026,B09_A_SOFT_-1,B09_A_SOFT_-1_CAP_B,B09_A_SOFT_-1_G3,3.9867373466910085,3.986737346691008,4.440892098500626e-16,sew
J0027,B09_A_SOFT_-1,B09_A_SOFT_-1_CAP_B,B09_A_SOFT_-1_G4,3.857538895091285,3.8575388950912854,4.440892098500626e-16,sew
J0028,B09_A_SOFT_-1,B09_A_SOFT_-1_CAP_B,B09_A_SOFT_-1_G5,4.097243808636456,4.097243808636457,8.881784197001252e-16,sew
J0029,B09_A_SOFT_-1,B09_A_SOFT_-1_CAP_B,B09_A_SOFT_-1_G6,4.598554820844607,4.598554820844609,1.7763568394002505e-15,sew
J0030,B09_A_SOFT_-1,B09_A_SOFT_-1_CAP_B,B09_A_SOFT_-1_G7,4.987138979027596,4.987138979027596,0.0,sew
J0031,B09_A_SOFT_-1,B09_A_SOFT_-1_CAP_B,B09_A_SOFT_-1_G8,5.049640867003993,5.049640867003996,2.6645352591003757e-15,sew
J0032,B09_A_SOFT_-1,B09_A_SOFT_-1_CAP_B,B09_A_SOFT_-1_G9,4.915770460842806,4.915770460842807,8.881784197001252e-16,sew
J0033,B09_A_SOFT_-1,B09_A_SOFT_-1_G1,B09_A_SOFT_-1_G16,392.0722563078731,392.07225630787303,5.684341886080802e-14,sew
J0034,B09_A_SOFT_-1,B09_A_SOFT_-1_G1,B09_A_SOFT_-1_G2,387.58403375967845,387.58403375967833,1.1368683772161603e-13,sew
J0035,B09_A_SOFT_-1,B09_A_SOFT_-1_G10,B09_A_SOFT_-1_G11,383.8195420729739,383.81954207297395,5.684341886080802e-14,sew
J0036,B09_A_SOFT_-1,B09_A_SOFT_-1_G10,B09_A_SOFT_-1_G9,387.46987292725214,387.469872927252,1.1368683772161603e-13,sew
J0037,B09_A_SOFT_-1,B09_A_SOFT_-1_G11,B09_A_SOFT_-1_G12,381.72487434178936,381.7248743417895,1.1368683772161603e-13,sew
J0038,B09_A_SOFT_-1,B09_A_SOFT_-1_G12,B09_A_SOFT_-1_G13,381.9952946806919,381.99529468069204,1.1368683772161603e-13,sew
J0039,B09_A_SOFT_-1,B09_A_SOFT_-1_G13,B09_A_SOFT_-1_G14,384.52451525365154,384.5245152536515,5.684341886080802e-14,sew
J0040,B09_A_SOFT_-1,B09_A_SOFT_-1_G14,B09_A_SOFT_-1_G15,388.7930365910779,388.79303659107796,5.684341886080802e-14,sew
J0041,B09_A_SOFT_-1,B09_A_SOFT_-1_G15,B09_A_SOFT_-1_G16,392.71983094574233,392.7198309457424,5.684341886080802e-14,sew
J0042,B09_A_SOFT_-1,B09_A_SOFT_-1_G2,B09_A_SOFT_-1_G3,383.6035785466047,383.6035785466048,1.1368683772161603e-13,sew
J0043,B09_A_SOFT_-1,B09_A_SOFT_-1_G3,B09_A_SOFT_-1_G4,381.6835482706482,381.6835482706482,0.0,sew
J0044,B09_A_SOFT_-1,B09_A_SOFT_-1_G4,B09_A_SOFT_-1_G5,381.7408505978835,381.7408505978836,1.1368683772161603e-13,sew
J0045,B09_A_SOFT_-1,B09_A_SOFT_-1_G5,B09_A_SOFT_-1_G6,384.5518181540864,384.5518181540862,1.7053025658242404e-13,sew
J0046,B09_A_SOFT_-1,B09_A_SOFT_-1_G6,B09_A_SOFT_-1_G7,388.84582242038925,388.8458224203892,5.684341886080802e-14,sew
J0047,B09_A_SOFT_-1,B09_A_SOFT_-1_G7,B09_A_SOFT_-1_G8,392.7855675882232,392.7855675882232,0.0,zipper_service
J0048,B09_A_SOFT_-1,B09_A_SOFT_-1_G8,B09_A_SOFT_-1_G9,392.0123776514815,392.0123776514817,2.2737367544323206e-13,sew
J0049,B09_A_SOFT_1,B09_A_SOFT_1_CAP_A,B09_A_SOFT_1_G1,5.052076358234991,5.0520763582349915,8.881784197001252e-16,sew
J0050,B09_A_SOFT_1,B09_A_SOFT_1_CAP_A,B09_A_SOFT_1_G10,4.992836206226156,4.9928362062261575,1.7763568394002505e-15,sew
J0051,B09_A_SOFT_1,B09_A_SOFT_1_CAP_A,B09_A_SOFT_1_G11,4.5762955520572755,4.576295552057276,8.881784197001252e-16,sew
J0052,B09_A_SOFT_1,B09_A_SOFT_1_CAP_A,B09_A_SOFT_1_G12,4.122740775034252,4.122740775034252,0.0,sew
J0053,B09_A_SOFT_1,B09_A_SOFT_1_CAP_A,B09_A_SOFT_1_G13,3.879231602298457,3.8792316022984568,4.440892098500626e-16,sew
J0054,B09_A_SOFT_1,B09_A_SOFT_1_CAP_A,B09_A_SOFT_1_G14,4.006123614677958,4.006123614677957,8.881784197001252e-16,sew
J0055,B09_A_SOFT_1,B09_A_SOFT_1_CAP_A,B09_A_SOFT_1_G15,4.4712557882553785,4.471255788255378,8.881784197001252e-16,sew
J0056,B09_A_SOFT_1,B09_A_SOFT_1_CAP_A,B09_A_SOFT_1_G16,4.914445444486872,4.914445444486872,0.0,sew
J0057,B09_A_SOFT_1,B09_A_SOFT_1_CAP_A,B09_A_SOFT_1_G2,4.991644530998081,4.991644530998081,0.0,sew
J0058,B09_A_SOFT_1,B09_A_SOFT_1_CAP_A,B09_A_SOFT_1_G3,4.603560702159563,4.603560702159563,0.0,sew
J0059,B09_A_SOFT_1,B09_A_SOFT_1_CAP_A,B09_A_SOFT_1_G4,4.106826950919922,4.106826950919923,8.881784197001252e-16,sew
J0060,B09_A_SOFT_1,B09_A_SOFT_1_CAP_A,B09_A_SOFT_1_G5,3.86374898050313,3.8637489805031313,1.3322676295501878e-15,sew
J0061,B09_A_SOFT_1,B09_A_SOFT_1_CAP_A,B09_A_SOFT_1_G6,3.9907122692221892,3.9907122692221892,0.0,sew
J0062,B09_A_SOFT_1,B09_A_SOFT_1_CAP_A,B09_A_SOFT_1_G7,4.449299975135645,4.449299975135646,8.881784197001252e-16,sew
J0063,B09_A_SOFT_1,B09_A_SOFT_1_CAP_A,B09_A_SOFT_1_G8,4.983978007095231,4.983978007095231,0.0,sew
J0064,B09_A_SOFT_1,B09_A_SOFT_1_CAP_A,B09_A_SOFT_1_G9,5.0778495536715145,5.0778495536715145,0.0,sew
J0065,B09_A_SOFT_1,B09_A_SOFT_1_CAP_B,B09_A_SOFT_1_G1,5.05237101451778,5.052371014517781,8.881784197001252e-16,sew
J0066,B09_A_SOFT_1,B09_A_SOFT_1_CAP_B,B09_A_SOFT_1_G10,4.9976087788343735,4.997608778834373,8.881784197001252e-16,sew
J0067,B09_A_SOFT_1,B09_A_SOFT_1_CAP_B,B09_A_SOFT_1_G11,4.554736983769179,4.554736983769179,0.0,sew
J0068,B09_A_SOFT_1,B09_A_SOFT_1_CAP_B,B09_A_SOFT_1_G12,4.0976951251414935,4.097695125141493,8.881784197001252e-16,sew
J0069,B09_A_SOFT_1,B09_A_SOFT_1_CAP_B,B09_A_SOFT_1_G13,3.859461614261394,3.8594616142613924,1.3322676295501878e-15,sew
J0070,B09_A_SOFT_1,B09_A_SOFT_1_CAP_B,B09_A_SOFT_1_G14,4.020684463910294,4.020684463910291,3.552713678800501e-15,sew
J0071,B09_A_SOFT_1,B09_A_SOFT_1_CAP_B,B09_A_SOFT_1_G15,4.4863437941172455,4.486343794117244,1.7763568394002505e-15,sew
J0072,B09_A_SOFT_1,B09_A_SOFT_1_CAP_B,B09_A_SOFT_1_G16,4.892764416713452,4.892764416713452,0.0,sew
J0073,B09_A_SOFT_1,B09_A_SOFT_1_CAP_B,B09_A_SOFT_1_G2,5.008199547626412,5.008199547626411,8.881784197001252e-16,sew
J0074,B09_A_SOFT_1,B09_A_SOFT_1_CAP_B,B09_A_SOFT_1_G3,4.546661533838044,4.546661533838045,8.881784197001252e-16,sew
J0075,B09_A_SOFT_1,B09_A_SOFT_1_CAP_B,B09_A_SOFT_1_G4,4.076935650538956,4.076935650538957,8.881784197001252e-16,sew
J0076,B09_A_SOFT_1,B09_A_SOFT_1_CAP_B,B09_A_SOFT_1_G5,3.8567116877040455,3.8567116877040455,0.0,sew
J0077,B09_A_SOFT_1,B09_A_SOFT_1_CAP_B,B09_A_SOFT_1_G6,4.0051534669983,4.0051534669983,0.0,sew
J0078,B09_A_SOFT_1,B09_A_SOFT_1_CAP_B,B09_A_SOFT_1_G7,4.4898117901316885,4.489811790131689,8.881784197001252e-16,sew
J0079,B09_A_SOFT_1,B09_A_SOFT_1_CAP_B,B09_A_SOFT_1_G8,4.950714181254929,4.950714181254932,2.6645352591003757e-15,sew
J0080,B09_A_SOFT_1,B09_A_SOFT_1_CAP_B,B09_A_SOFT_1_G9,5.06861452688973,5.0686145268897285,1.7763568394002505e-15,sew
J0081,B09_A_SOFT_1,B09_A_SOFT_1_G1,B09_A_SOFT_1_G16,392.2766687576682,392.27666875766835,1.7053025658242404e-13,sew
J0082,B09_A_SOFT_1,B09_A_SOFT_1_G1,B09_A_SOFT_1_G2,392.8519970087509,392.851997008751,1.1368683772161603e-13,zipper_service
J0083,B09_A_SOFT_1,B09_A_SOFT_1_G10,B09_A_SOFT_1_G11,388.8250450091365,388.8250450091368,2.8421709430404007e-13,sew
J0084,B09_A_SOFT_1,B09_A_SOFT_1_G10,B09_A_SOFT_1_G9,392.7719193337566,392.77191933375644,1.7053025658242404e-13,sew
J0085,B09_A_SOFT_1,B09_A_SOFT_1_G11,B09_A_SOFT_1_G12,384.5622828577478,384.56228285774773,5.684341886080802e-14,sew
J0086,B09_A_SOFT_1,B09_A_SOFT_1_G12,B09_A_SOFT_1_G13,381.99385921223177,381.9938592122317,5.684341886080802e-14,sew
J0087,B09_A_SOFT_1,B09_A_SOFT_1_G13,B09_A_SOFT_1_G14,381.74786314924677,381.7478631492469,1.1368683772161603e-13,sew
J0088,B09_A_SOFT_1,B09_A_SOFT_1_G14,B09_A_SOFT_1_G15,383.85997902021677,383.8599790202167,5.684341886080802e-14,sew
J0089,B09_A_SOFT_1,B09_A_SOFT_1_G15,B09_A_SOFT_1_G16,387.4926982366159,387.49269823661587,5.684341886080802e-14,sew
J0090,B09_A_SOFT_1,B09_A_SOFT_1_G2,B09_A_SOFT_1_G3,388.87714209928106,388.87714209928106,0.0,sew
J0091,B09_A_SOFT_1,B09_A_SOFT_1_G3,B09_A_SOFT_1_G4,384.58210672318484,384.58210672318484,0.0,sew
J0092,B09_A_SOFT_1,B09_A_SOFT_1_G4,B09_A_SOFT_1_G5,381.8006750231084,381.80067502310834,5.684341886080802e-14,sew
J0093,B09_A_SOFT_1,B09_A_SOFT_1_G5,B09_A_SOFT_1_G6,381.6762899342564,381.6762899342565,1.1368683772161603e-13,sew
J0094,B09_A_SOFT_1,B09_A_SOFT_1_G6,B09_A_SOFT_1_G7,383.6639721961064,383.6639721961064,0.0,sew
J0095,B09_A_SOFT_1,B09_A_SOFT_1_G7,B09_A_SOFT_1_G8,387.60853910098444,387.60853910098444,0.0,sew
J0096,B09_A_SOFT_1,B09_A_SOFT_1_G8,B09_A_SOFT_1_G9,392.0870920328559,392.0870920328559,0.0,sew
J0097,B09_B01_WORK_GRANULAR,B09_B01_WORK_GRANULAR_CAP_A,B09_B01_WORK_GRANULAR_G1,52.31368423284081,52.31368423284081,0.0,sew
J0098,B09_B01_WORK_GRANULAR,B09_B01_WORK_GRANULAR_CAP_A,B09_B01_WORK_GRANULAR_G10,115.10828067459227,115.10828067459227,0.0,sew
J0099,B09_B01_WORK_GRANULAR,B09_B01_WORK_GRANULAR_CAP_A,B09_B01_WORK_GRANULAR_G11,112.08646870088414,112.08646870088414,0.0,sew
J0100,B09_B01_WORK_GRANULAR,B09_B01_WORK_GRANULAR_CAP_A,B09_B01_WORK_GRANULAR_G12,49.28368596722318,49.28368596722318,0.0,sew
J0101,B09_B01_WORK_GRANULAR,B09_B01_WORK_GRANULAR_CAP_A,B09_B01_WORK_GRANULAR_G13,33.70792451709416,33.70792451709418,1.4210854715202004e-14,sew
J0102,B09_B01_WORK_GRANULAR,B09_B01_WORK_GRANULAR_CAP_A,B09_B01_WORK_GRANULAR_G14,28.384070429191183,28.38407042919118,3.552713678800501e-15,sew
J0103,B09_B01_WORK_GRANULAR,B09_B01_WORK_GRANULAR_CAP_A,B09_B01_WORK_GRANULAR_G15,31.577196830751898,31.577196830751895,3.552713678800501e-15,sew
J0104,B09_B01_WORK_GRANULAR,B09_B01_WORK_GRANULAR_CAP_A,B09_B01_WORK_GRANULAR_G16,43.57043421093563,43.57043421093563,0.0,sew
J0105,B09_B01_WORK_GRANULAR,B09_B01_WORK_GRANULAR_CAP_A,B09_B01_WORK_GRANULAR_G2,70.04848056788789,70.04848056788789,0.0,sew
J0106,B09_B01_WORK_GRANULAR,B09_B01_WORK_GRANULAR_CAP_A,B09_B01_WORK_GRANULAR_G3,65.84839668136713,65.84839668136712,1.4210854715202004e-14,sew
J0107,B09_B01_WORK_GRANULAR,B09_B01_WORK_GRANULAR_CAP_A,B09_B01_WORK_GRANULAR_G4,63.607781568649415,63.60778156864943,1.4210854715202004e-14,sew
J0108,B09_B01_WORK_GRANULAR,B09_B01_WORK_GRANULAR_CAP_A,B09_B01_WORK_GRANULAR_G5,47.97017567408677,47.970175674086754,1.4210854715202004e-14,sew
J0109,B09_B01_WORK_GRANULAR,B09_B01_WORK_GRANULAR_CAP_A,B09_B01_WORK_GRANULAR_G6,27.86740617376275,27.86740617376276,1.0658141036401503e-14,sew
J0110,B09_B01_WORK_GRANULAR,B09_B01_WORK_GRANULAR_CAP_A,B09_B01_WORK_GRANULAR_G7,24.031480400650114,24.031480400650114,0.0,sew
J0111,B09_B01_WORK_GRANULAR,B09_B01_WORK_GRANULAR_CAP_A,B09_B01_WORK_GRANULAR_G8,28.83956531445741,28.839565314457413,3.552713678800501e-15,sew
J0112,B09_B01_WORK_GRANULAR,B09_B01_WORK_GRANULAR_CAP_A,B09_B01_WORK_GRANULAR_G9,52.25858314304184,52.25858314304184,0.0,sew
J0113,B09_B01_WORK_GRANULAR,B09_B01_WORK_GRANULAR_CAP_B,B09_B01_WORK_GRANULAR_G1,46.605194926846934,46.60519492684693,7.105427357601002e-15,sew
J0114,B09_B01_WORK_GRANULAR,B09_B01_WORK_GRANULAR_CAP_B,B09_B01_WORK_GRANULAR_G10,116.14092818326004,116.14092818326004,0.0,sew
J0115,B09_B01_WORK_GRANULAR,B09_B01_WORK_GRANULAR_CAP_B,B09_B01_WORK_GRANULAR_G11,106.13697995411287,106.13697995411287,0.0,sew
J0116,B09_B01_WORK_GRANULAR,B09_B01_WORK_GRANULAR_CAP_B,B09_B01_WORK_GRANULAR_G12,47.695286348649745,47.695286348649724,2.1316282072803006e-14,sew
J0117,B09_B01_WORK_GRANULAR,B09_B01_WORK_GRANULAR_CAP_B,B09_B01_WORK_GRANULAR_G13,31.391338732850965,31.391338732850986,2.1316282072803006e-14,sew
J0118,B09_B01_WORK_GRANULAR,B09_B01_WORK_GRANULAR_CAP_B,B09_B01_WORK_GRANULAR_G14,26.048662318507063,26.04866231850706,3.552713678800501e-15,sew
J0119,B09_B01_WORK_GRANULAR,B09_B01_WORK_GRANULAR_CAP_B,B09_B01_WORK_GRANULAR_G15,27.71852104693249,27.718521046932445,4.618527782440651e-14,sew
J0120,B09_B01_WORK_GRANULAR,B09_B01_WORK_GRANULAR_CAP_B,B09_B01_WORK_GRANULAR_G16,37.30703279451938,37.307032794519365,1.4210854715202004e-14,sew
J0121,B09_B01_WORK_GRANULAR,B09_B01_WORK_GRANULAR_CAP_B,B09_B01_WORK_GRANULAR_G2,61.00818657130478,61.008186571304826,4.263256414560601e-14,sew
J0122,B09_B01_WORK_GRANULAR,B09_B01_WORK_GRANULAR_CAP_B,B09_B01_WORK_GRANULAR_G3,60.44735071900362,60.447350719003644,2.1316282072803006e-14,sew
J0123,B09_B01_WORK_GRANULAR,B09_B01_WORK_GRANULAR_CAP_B,B09_B01_WORK_GRANULAR_G4,88.6320081958892,88.6320081958892,0.0,sew
J0124,B09_B01_WORK_GRANULAR,B09_B01_WORK_GRANULAR_CAP_B,B09_B01_WORK_GRANULAR_G5,35.847550647431106,35.84755064743098,1.2789769243681803e-13,sew
J0125,B09_B01_WORK_GRANULAR,B09_B01_WORK_GRANULAR_CAP_B,B09_B01_WORK_GRANULAR_G6,21.86880535196327,21.868805351963324,5.3290705182007514e-14,sew
J0126,B09_B01_WORK_GRANULAR,B09_B01_WORK_GRANULAR_CAP_B,B09_B01_WORK_GRANULAR_G7,19.515901420623383,19.515901420623376,7.105427357601002e-15,sew
J0127,B09_B01_WORK_GRANULAR,B09_B01_WORK_GRANULAR_CAP_B,B09_B01_WORK_GRANULAR_G8,24.2685780935033,24.26857809350326,4.263256414560601e-14,sew
J0128,B09_B01_WORK_GRANULAR,B09_B01_WORK_GRANULAR_CAP_B,B09_B01_WORK_GRANULAR_G9,46.50887144810885,46.5088714481088,4.973799150320701e-14,sew
J0129,B09_B01_WORK_GRANULAR,B09_B01_WORK_GRANULAR_G1,B09_B01_WORK_GRANULAR_G16,846.3747223318034,846.3747223318036,2.2737367544323206e-13,sew
J0130,B09_B01_WORK_GRANULAR,B09_B01_WORK_GRANULAR_G1,B09_B01_WORK_GRANULAR_G2,860.724998486949,860.7249984869492,2.2737367544323206e-13,zipper_service
J0131,B09_B01_WORK_GRANULAR,B09_B01_WORK_GRANULAR_G10,B09_B01_WORK_GRANULAR_G11,606.0082953568597,606.0082953568599,2.2737367544323206e-13,sew
J0132,B09_B01_WORK_GRANULAR,B09_B01_WORK_GRANULAR_G10,B09_B01_WORK_GRANULAR_G9,687.4572876149863,687.4572876149864,1.1368683772161603e-13,sew
J0133,B09_B01_WORK_GRANULAR,B09_B01_WORK_GRANULAR_G11,B09_B01_WORK_GRANULAR_G12,614.5860738256283,614.5860738256281,2.2737367544323206e-13,sew
J0134,B09_B01_WORK_GRANULAR,B09_B01_WORK_GRANULAR_G12,B09_B01_WORK_GRANULAR_G13,626.5667867852281,626.566786785228,1.1368683772161603e-13,sew
J0135,B09_B01_WORK_GRANULAR,B09_B01_WORK_GRANULAR_G13,B09_B01_WORK_GRANULAR_G14,647.3194411880969,647.3194411880969,0.0,sew
J0136,B09_B01_WORK_GRANULAR,B09_B01_WORK_GRANULAR_G14,B09_B01_WORK_GRANULAR_G15,675.9065626798906,675.9065626798908,2.2737367544323206e-13,sew
J0137,B09_B01_WORK_GRANULAR,B09_B01_WORK_GRANULAR_G15,B09_B01_WORK_GRANULAR_G16,730.0168036411991,730.016803641199,1.1368683772161603e-13,sew
J0138,B09_B01_WORK_GRANULAR,B09_B01_WORK_GRANULAR_G2,B09_B01_WORK_GRANULAR_G3,669.2158425792302,669.2158425792305,3.410605131648481e-13,sew
J0139,B09_B01_WORK_GRANULAR,B09_B01_WORK_GRANULAR_G3,B09_B01_WORK_GRANULAR_G4,612.2242618445123,612.2242618445125,2.2737367544323206e-13,sew
J0140,B09_B01_WORK_GRANULAR,B09_B01_WORK_GRANULAR_G4,B09_B01_WORK_GRANULAR_G5,689.2068053293235,689.2068053293235,0.0,sew
J0141,B09_B01_WORK_GRANULAR,B09_B01_WORK_GRANULAR_G5,B09_B01_WORK_GRANULAR_G6,732.2244031827545,732.2244031827548,3.410605131648481e-13,sew
J0142,B09_B01_WORK_GRANULAR,B09_B01_WORK_GRANULAR_G6,B09_B01_WORK_GRANULAR_G7,738.8728922620963,738.8728922620962,1.1368683772161603e-13,sew
J0143,B09_B01_WORK_GRANULAR,B09_B01_WORK_GRANULAR_G7,B09_B01_WORK_GRANULAR_G8,744.9268394156475,744.9268394156475,0.0,sew
J0144,B09_B01_WORK_GRANULAR,B09_B01_WORK_GRANULAR_G8,B09_B01_WORK_GRANULAR_G9,700.4874045062877,700.4874045062878,1.1368683772161603e-13,sew
J0145,B09_B02_WORK_GRANULAR,B09_B02_WORK_GRANULAR_CAP_A,B09_B02_WORK_GRANULAR_G1,20.41985780358148,20.41985780358148,0.0,sew
J0146,B09_B02_WORK_GRANULAR,B09_B02_WORK_GRANULAR_CAP_A,B09_B02_WORK_GRANULAR_G10,19.96853600778217,19.968536007782166,3.552713678800501e-15,sew
J0147,B09_B02_WORK_GRANULAR,B09_B02_WORK_GRANULAR_CAP_A,B09_B02_WORK_GRANULAR_G11,19.555424748554124,19.555424748554127,3.552713678800501e-15,sew
J0148,B09_B02_WORK_GRANULAR,B09_B02_WORK_GRANULAR_CAP_A,B09_B02_WORK_GRANULAR_G12,18.615559303735047,18.61555930373504,7.105427357601002e-15,sew
J0149,B09_B02_WORK_GRANULAR,B09_B02_WORK_GRANULAR_CAP_A,B09_B02_WORK_GRANULAR_G13,18.62256823849625,18.622568238496257,7.105427357601002e-15,sew
J0150,B09_B02_WORK_GRANULAR,B09_B02_WORK_GRANULAR_CAP_A,B09_B02_WORK_GRANULAR_G14,26.348261261614503,26.348261261614514,1.0658141036401503e-14,sew
J0151,B09_B02_WORK_GRANULAR,B09_B02_WORK_GRANULAR_CAP_A,B09_B02_WORK_GRANULAR_G15,25.400662060523633,25.400662060523633,0.0,sew
J0152,B09_B02_WORK_GRANULAR,B09_B02_WORK_GRANULAR_CAP_A,B09_B02_WORK_GRANULAR_G16,27.35018068196567,27.350180681965664,7.105427357601002e-15,sew
J0153,B09_B02_WORK_GRANULAR,B09_B02_WORK_GRANULAR_CAP_A,B09_B02_WORK_GRANULAR_G2,15.383505272805946,15.383505272805952,5.329070518200751e-15,sew
J0154,B09_B02_WORK_GRANULAR,B09_B02_WORK_GRANULAR_CAP_A,B09_B02_WORK_GRANULAR_G3,14.383119696698426,14.383119696698424,1.7763568394002505e-15,sew
J0155,B09_B02_WORK_GRANULAR,B09_B02_WORK_GRANULAR_CAP_A,B09_B02_WORK_GRANULAR_G4,17.052731288222766,17.052731288222766,0.0,sew
J0156,B09_B02_WORK_GRANULAR,B09_B02_WORK_GRANULAR_CAP_A,B09_B02_WORK_GRANULAR_G5,27.150616127211595,27.1506161272116,3.552713678800501e-15,sew
J0157,B09_B02_WORK_GRANULAR,B09_B02_WORK_GRANULAR_CAP_A,B09_B02_WORK_GRANULAR_G6,28.261032562241972,28.261032562241986,1.4210854715202004e-14,sew
J0158,B09_B02_WORK_GRANULAR,B09_B02_WORK_GRANULAR_CAP_A,B09_B02_WORK_GRANULAR_G7,32.90890437553616,32.90890437553615,7.105427357601002e-15,sew
J0159,B09_B02_WORK_GRANULAR,B09_B02_WORK_GRANULAR_CAP_A,B09_B02_WORK_GRANULAR_G8,19.19208781562139,19.192087815621395,3.552713678800501e-15,sew
J0160,B09_B02_WORK_GRANULAR,B09_B02_WORK_GRANULAR_CAP_A,B09_B02_WORK_GRANULAR_G9,16.594357985514236,16.594357985514236,0.0,sew
J0161,B09_B02_WORK_GRANULAR,B09_B02_WORK_GRANULAR_CAP_B,B09_B02_WORK_GRANULAR_G1,8.836819719840628,8.83681971984069,6.217248937900877e-14,sew
J0162,B09_B02_WORK_GRANULAR,B09_B02_WORK_GRANULAR_CAP_B,B09_B02_WORK_GRANULAR_G10,6.871077568305979,6.871077568305983,4.440892098500626e-15,sew
J0163,B09_B02_WORK_GRANULAR,B09_B02_WORK_GRANULAR_CAP_B,B09_B02_WORK_GRANULAR_G11,6.964978188852449,6.964978188852466,1.687538997430238e-14,sew
J0164,B09_B02_WORK_GRANULAR,B09_B02_WORK_GRANULAR_CAP_B,B09_B02_WORK_GRANULAR_G12,9.772663921407283,9.772663921407323,4.085620730620576e-14,sew
J0165,B09_B02_WORK_GRANULAR,B09_B02_WORK_GRANULAR_CAP_B,B09_B02_WORK_GRANULAR_G13,17.955769457548048,17.955769457547987,6.039613253960852e-14,sew
J0166,B09_B02_WORK_GRANULAR,B09_B02_WORK_GRANULAR_CAP_B,B09_B02_WORK_GRANULAR_G14,22.940414267691025,22.940414267691036,1.0658141036401503e-14,sew
J0167,B09_B02_WORK_GRANULAR,B09_B02_WORK_GRANULAR_CAP_B,B09_B02_WORK_GRANULAR_G15,25.974136497971003,25.97413649797097,3.197442310920451e-14,sew
J0168,B09_B02_WORK_GRANULAR,B09_B02_WORK_GRANULAR_CAP_B,B09_B02_WORK_GRANULAR_G16,13.915067013400497,13.9150670134005,3.552713678800501e-15,sew
J0169,B09_B02_WORK_GRANULAR,B09_B02_WORK_GRANULAR_CAP_B,B09_B02_WORK_GRANULAR_G2,7.904692489228887,7.904692489228878,8.881784197001252e-15,sew
J0170,B09_B02_WORK_GRANULAR,B09_B02_WORK_GRANULAR_CAP_B,B09_B02_WORK_GRANULAR_G3,9.14565349372936,9.145653493729363,1.7763568394002505e-15,sew
J0171,B09_B02_WORK_GRANULAR,B09_B02_WORK_GRANULAR_CAP_B,B09_B02_WORK_GRANULAR_G4,12.88714479365866,12.887144793658681,2.1316282072803006e-14,sew
J0172,B09_B02_WORK_GRANULAR,B09_B02_WORK_GRANULAR_CAP_B,B09_B02_WORK_GRANULAR_G5,12.839136704319545,12.839136704319545,0.0,sew
J0173,B09_B02_WORK_GRANULAR,B09_B02_WORK_GRANULAR_CAP_B,B09_B02_WORK_GRANULAR_G6,18.165535704066105,18.1655357040661,3.552713678800501e-15,sew
J0174,B09_B02_WORK_GRANULAR,B09_B02_WORK_GRANULAR_CAP_B,B09_B02_WORK_GRANULAR_G7,16.915885664269233,16.915885664269307,7.460698725481052e-14,sew
J0175,B09_B02_WORK_GRANULAR,B09_B02_WORK_GRANULAR_CAP_B,B09_B02_WORK_GRANULAR_G8,19.492597185206517,19.492597185206503,1.4210854715202004e-14,sew
J0176,B09_B02_WORK_GRANULAR,B09_B02_WORK_GRANULAR_CAP_B,B09_B02_WORK_GRANULAR_G9,9.14807799712003,9.148077997120051,2.1316282072803006e-14,sew
J0177,B09_B02_WORK_GRANULAR,B09_B02_WORK_GRANULAR_G1,B09_B02_WORK_GRANULAR_G16,909.0617500717455,909.0617500717453,1.1368683772161603e-13,sew
J0178,B09_B02_WORK_GRANULAR,B09_B02_WORK_GRANULAR_G1,B09_B02_WORK_GRANULAR_G2,825.3492450356246,825.3492450356246,0.0,sew
J0179,B09_B02_WORK_GRANULAR,B09_B02_WORK_GRANULAR_G10,B09_B02_WORK_GRANULAR_G11,851.7391112286876,851.7391112286876,0.0,sew
J0180,B09_B02_WORK_GRANULAR,B09_B02_WORK_GRANULAR_G10,B09_B02_WORK_GRANULAR_G9,916.8873417851826,916.8873417851826,0.0,sew
J0181,B09_B02_WORK_GRANULAR,B09_B02_WORK_GRANULAR_G11,B09_B02_WORK_GRANULAR_G12,823.6004926811746,823.6004926811744,2.2737367544323206e-13,sew
J0182,B09_B02_WORK_GRANULAR,B09_B02_WORK_GRANULAR_G12,B09_B02_WORK_GRANULAR_G13,803.7265544412305,803.7265544412304,1.1368683772161603e-13,sew
J0183,B09_B02_WORK_GRANULAR,B09_B02_WORK_GRANULAR_G13,B09_B02_WORK_GRANULAR_G14,791.6051993389336,791.6051993389336,0.0,sew
J0184,B09_B02_WORK_GRANULAR,B09_B02_WORK_GRANULAR_G14,B09_B02_WORK_GRANULAR_G15,798.7605409815436,798.7605409815437,1.1368683772161603e-13,sew
J0185,B09_B02_WORK_GRANULAR,B09_B02_WORK_GRANULAR_G15,B09_B02_WORK_GRANULAR_G16,951.7833137149412,951.7833137149412,0.0,zipper_service
J0186,B09_B02_WORK_GRANULAR,B09_B02_WORK_GRANULAR_G2,B09_B02_WORK_GRANULAR_G3,798.956335815292,798.9563358152918,2.2737367544323206e-13,sew
J0187,B09_B02_WORK_GRANULAR,B09_B02_WORK_GRANULAR_G3,B09_B02_WORK_GRANULAR_G4,785.7672234873681,785.767223487368,1.1368683772161603e-13,sew
J0188,B09_B02_WORK_GRANULAR,B09_B02_WORK_GRANULAR_G4,B09_B02_WORK_GRANULAR_G5,770.3773551310811,770.3773551310812,1.1368683772161603e-13,sew
J0189,B09_B02_WORK_GRANULAR,B09_B02_WORK_GRANULAR_G5,B09_B02_WORK_GRANULAR_G6,752.1559153231377,752.1559153231381,3.410605131648481e-13,sew
J0190,B09_B02_WORK_GRANULAR,B09_B02_WORK_GRANULAR_G6,B09_B02_WORK_GRANULAR_G7,788.0647287101605,788.0647287101602,2.2737367544323206e-13,sew
J0191,B09_B02_WORK_GRANULAR,B09_B02_WORK_GRANULAR_G7,B09_B02_WORK_GRANULAR_G8,900.9267699166727,900.9267699166728,1.1368683772161603e-13,sew
J0192,B09_B02_WORK_GRANULAR,B09_B02_WORK_GRANULAR_G8,B09_B02_WORK_GRANULAR_G9,894.9052927492032,894.9052927492037,4.547473508864641e-13,sew
J0193,B09_B03_WORK_GRANULAR,B09_B03_WORK_GRANULAR_CAP_A,B09_B03_WORK_GRANULAR_G1,9.191449159481733,9.191449159481735,1.7763568394002505e-15,sew
J0194,B09_B03_WORK_GRANULAR,B09_B03_WORK_GRANULAR_CAP_A,B09_B03_WORK_GRANULAR_G10,10.607506616712417,10.607506616712417,0.0,sew
J0195,B09_B03_WORK_GRANULAR,B09_B03_WORK_GRANULAR_CAP_A,B09_B03_WORK_GRANULAR_G11,12.965216503521445,12.965216503521441,3.552713678800501e-15,sew
J0196,B09_B03_WORK_GRANULAR,B09_B03_WORK_GRANULAR_CAP_A,B09_B03_WORK_GRANULAR_G12,22.722921942430844,22.72292194243085,7.105427357601002e-15,sew
J0197,B09_B03_WORK_GRANULAR,B09_B03_WORK_GRANULAR_CAP_A,B09_B03_WORK_GRANULAR_G13,52.186340788324415,52.186340788324415,0.0,sew
J0198,B09_B03_WORK_GRANULAR,B09_B03_WORK_GRANULAR_CAP_A,B09_B03_WORK_GRANULAR_G14,36.060995927031755,36.060995927031755,0.0,sew
J0199,B09_B03_WORK_GRANULAR,B09_B03_WORK_GRANULAR_CAP_A,B09_B03_WORK_GRANULAR_G15,56.984008789602086,56.9840087896021,1.4210854715202004e-14,sew
J0200,B09_B03_WORK_GRANULAR,B09_B03_WORK_GRANULAR_CAP_A,B09_B03_WORK_GRANULAR_G16,15.484689858171567,15.484689858171565,1.7763568394002505e-15,sew
J0201,B09_B03_WORK_GRANULAR,B09_B03_WORK_GRANULAR_CAP_A,B09_B03_WORK_GRANULAR_G2,8.045200374272394,8.045200374272396,1.7763568394002505e-15,sew
J0202,B09_B03_WORK_GRANULAR,B09_B03_WORK_GRANULAR_CAP_A,B09_B03_WORK_GRANULAR_G3,9.803681533852481,9.803681533852483,1.7763568394002505e-15,sew
J0203,B09_B03_WORK_GRANULAR,B09_B03_WORK_GRANULAR_CAP_A,B09_B03_WORK_GRANULAR_G4,18.191290094239772,18.19129009423977,3.552713678800501e-15,sew
J0204,B09_B03_WORK_GRANULAR,B09_B03_WORK_GRANULAR_CAP_A,B09_B03_WORK_GRANULAR_G5,92.9842617368786,92.9842617368786,0.0,sew
J0205,B09_B03_WORK_GRANULAR,B09_B03_WORK_GRANULAR_CAP_A,B09_B03_WORK_GRANULAR_G6,70.72815012177526,70.72815012177527,1.4210854715202004e-14,sew
J0206,B09_B03_WORK_GRANULAR,B09_B03_WORK_GRANULAR_CAP_A,B09_B03_WORK_GRANULAR_G7,33.02385393044724,33.02385393044724,0.0,sew
J0207,B09_B03_WORK_GRANULAR,B09_B03_WORK_GRANULAR_CAP_A,B09_B03_WORK_GRANULAR_G8,17.11560233036803,17.115602330368027,3.552713678800501e-15,sew
J0208,B09_B03_WORK_GRANULAR,B09_B03_WORK_GRANULAR_CAP_A,B09_B03_WORK_GRANULAR_G9,11.443137411250135,11.443137411250133,1.7763568394002505e-15,sew
J0209,B09_B03_WORK_GRANULAR,B09_B03_WORK_GRANULAR_CAP_B,B09_B03_WORK_GRANULAR_G1,8.573984203446143,8.573984203446146,3.552713678800501e-15,sew
J0210,B09_B03_WORK_GRANULAR,B09_B03_WORK_GRANULAR_CAP_B,B09_B03_WORK_GRANULAR_G10,10.324264180655913,10.324264180655906,7.105427357601002e-15,sew
J0211,B09_B03_WORK_GRANULAR,B09_B03_WORK_GRANULAR_CAP_B,B09_B03_WORK_GRANULAR_G11,12.483672114391837,12.483672114391837,0.0,sew
J0212,B09_B03_WORK_GRANULAR,B09_B03_WORK_GRANULAR_CAP_B,B09_B03_WORK_GRANULAR_G12,21.67493315524725,21.674933155247178,7.105427357601002e-14,sew
J0213,B09_B03_WORK_GRANULAR,B09_B03_WORK_GRANULAR_CAP_B,B09_B03_WORK_GRANULAR_G13,57.46766235452722,57.467662354527214,7.105427357601002e-15,sew
J0214,B09_B03_WORK_GRANULAR,B09_B03_WORK_GRANULAR_CAP_B,B09_B03_WORK_GRANULAR_G14,40.905381427915884,40.90538142791589,7.105427357601002e-15,sew
J0215,B09_B03_WORK_GRANULAR,B09_B03_WORK_GRANULAR_CAP_B,B09_B03_WORK_GRANULAR_G15,47.08261440461135,47.082614404611235,1.1368683772161603e-13,sew
J0216,B09_B03_WORK_GRANULAR,B09_B03_WORK_GRANULAR_CAP_B,B09_B03_WORK_GRANULAR_G16,13.992717824765743,13.992717824765739,3.552713678800501e-15,sew
J0217,B09_B03_WORK_GRANULAR,B09_B03_WORK_GRANULAR_CAP_B,B09_B03_WORK_GRANULAR_G2,7.675775972633585,7.675775972633607,2.220446049250313e-14,sew
J0218,B09_B03_WORK_GRANULAR,B09_B03_WORK_GRANULAR_CAP_B,B09_B03_WORK_GRANULAR_G3,9.57715311986637,9.577153119866361,8.881784197001252e-15,sew
J0219,B09_B03_WORK_GRANULAR,B09_B03_WORK_GRANULAR_CAP_B,B09_B03_WORK_GRANULAR_G4,18.45403866699755,18.454038666997576,2.4868995751603507e-14,sew
J0220,B09_B03_WORK_GRANULAR,B09_B03_WORK_GRANULAR_CAP_B,B09_B03_WORK_GRANULAR_G5,89.42260291215739,89.42260291215742,2.842170943040401e-14,sew
J0221,B09_B03_WORK_GRANULAR,B09_B03_WORK_GRANULAR_CAP_B,B09_B03_WORK_GRANULAR_G6,69.0010554002146,69.0010554002146,0.0,sew
J0222,B09_B03_WORK_GRANULAR,B09_B03_WORK_GRANULAR_CAP_B,B09_B03_WORK_GRANULAR_G7,31.843792557335888,31.843792557335902,1.4210854715202004e-14,sew
J0223,B09_B03_WORK_GRANULAR,B09_B03_WORK_GRANULAR_CAP_B,B09_B03_WORK_GRANULAR_G8,16.30021609298941,16.300216092989437,2.842170943040401e-14,sew
J0224,B09_B03_WORK_GRANULAR,B09_B03_WORK_GRANULAR_CAP_B,B09_B03_WORK_GRANULAR_G9,11.116006812249397,11.116006812249413,1.5987211554602254e-14,sew
J0225,B09_B03_WORK_GRANULAR,B09_B03_WORK_GRANULAR_G1,B09_B03_WORK_GRANULAR_G16,682.3425842166985,682.3425842166984,1.1368683772161603e-13,sew
J0226,B09_B03_WORK_GRANULAR,B09_B03_WORK_GRANULAR_G1,B09_B03_WORK_GRANULAR_G2,663.9724436210266,663.9724436210264,2.2737367544323206e-13,sew
J0227,B09_B03_WORK_GRANULAR,B09_B03_WORK_GRANULAR_G10,B09_B03_WORK_GRANULAR_G11,684.9688276145135,684.9688276145138,2.2737367544323206e-13,sew
J0228,B09_B03_WORK_GRANULAR,B09_B03_WORK_GRANULAR_G10,B09_B03_WORK_GRANULAR_G9,666.7142062811173,666.7142062811172,1.1368683772161603e-13,sew
J0229,B09_B03_WORK_GRANULAR,B09_B03_WORK_GRANULAR_G11,B09_B03_WORK_GRANULAR_G12,692.6928541575481,692.6928541575483,1.1368683772161603e-13,sew
J0230,B09_B03_WORK_GRANULAR,B09_B03_WORK_GRANULAR_G12,B09_B03_WORK_GRANULAR_G13,683.9508526035746,683.9508526035746,0.0,sew
J0231,B09_B03_WORK_GRANULAR,B09_B03_WORK_GRANULAR_G13,B09_B03_WORK_GRANULAR_G14,636.0713426088834,636.0713426088831,2.2737367544323206e-13,sew
J0232,B09_B03_WORK_GRANULAR,B09_B03_WORK_GRANULAR_G14,B09_B03_WORK_GRANULAR_G15,709.3271404626287,709.3271404626287,0.0,sew
J0233,B09_B03_WORK_GRANULAR,B09_B03_WORK_GRANULAR_G15,B09_B03_WORK_GRANULAR_G16,761.8904015550572,761.8904015550573,1.1368683772161603e-13,zipper_service
J0234,B09_B03_WORK_GRANULAR,B09_B03_WORK_GRANULAR_G2,B09_B03_WORK_GRANULAR_G3,657.0243975567976,657.0243975567977,1.1368683772161603e-13,sew
J0235,B09_B03_WORK_GRANULAR,B09_B03_WORK_GRANULAR_G3,B09_B03_WORK_GRANULAR_G4,655.3645495093383,655.3645495093383,0.0,sew
J0236,B09_B03_WORK_GRANULAR,B09_B03_WORK_GRANULAR_G4,B09_B03_WORK_GRANULAR_G5,660.6130579217894,660.6130579217894,0.0,sew
J0237,B09_B03_WORK_GRANULAR,B09_B03_WORK_GRANULAR_G5,B09_B03_WORK_GRANULAR_G6,636.0620219693775,636.0620219693774,1.1368683772161603e-13,sew
J0238,B09_B03_WORK_GRANULAR,B09_B03_WORK_GRANULAR_G6,B09_B03_WORK_GRANULAR_G7,667.8994621668779,667.899462166878,1.1368683772161603e-13,sew
J0239,B09_B03_WORK_GRANULAR,B09_B03_WORK_GRANULAR_G7,B09_B03_WORK_GRANULAR_G8,658.4889257196045,658.4889257196045,0.0,sew
J0240,B09_B03_WORK_GRANULAR,B09_B03_WORK_GRANULAR_G8,B09_B03_WORK_GRANULAR_G9,659.1148802077182,659.1148802077182,0.0,sew
J0241,B09_B04_CONTACT_WORK,B09_B04_CONTACT_WORK_CAP_A,B09_B04_CONTACT_WORK_G1,17.80561349040547,17.805613490405477,7.105427357601002e-15,sew
J0242,B09_B04_CONTACT_WORK,B09_B04_CONTACT_WORK_CAP_A,B09_B04_CONTACT_WORK_G10,9.937852493270805,9.937852493270809,3.552713678800501e-15,sew
J0243,B09_B04_CONTACT_WORK,B09_B04_CONTACT_WORK_CAP_A,B09_B04_CONTACT_WORK_G11,4.283693108310276,4.283693108310277,8.881784197001252e-16,sew
J0244,B09_B04_CONTACT_WORK,B09_B04_CONTACT_WORK_CAP_A,B09_B04_CONTACT_WORK_G12,3.0358669194116787,3.0358669194116796,8.881784197001252e-16,sew
J0245,B09_B04_CONTACT_WORK,B09_B04_CONTACT_WORK_CAP_A,B09_B04_CONTACT_WORK_G13,3.003727478319632,3.0037274783196324,4.440892098500626e-16,sew
J0246,B09_B04_CONTACT_WORK,B09_B04_CONTACT_WORK_CAP_A,B09_B04_CONTACT_WORK_G14,3.9973307323873635,3.9973307323873652,1.7763568394002505e-15,sew
J0247,B09_B04_CONTACT_WORK,B09_B04_CONTACT_WORK_CAP_A,B09_B04_CONTACT_WORK_G15,7.480150633004477,7.48015063300448,2.6645352591003757e-15,sew
J0248,B09_B04_CONTACT_WORK,B09_B04_CONTACT_WORK_CAP_A,B09_B04_CONTACT_WORK_G16,18.09566436154208,18.095664361542084,3.552713678800501e-15,sew
J0249,B09_B04_CONTACT_WORK,B09_B04_CONTACT_WORK_CAP_A,B09_B04_CONTACT_WORK_G2,7.835730418962187,7.83573041896219,3.552713678800501e-15,sew
J0250,B09_B04_CONTACT_WORK,B09_B04_CONTACT_WORK_CAP_A,B09_B04_CONTACT_WORK_G3,3.9463370265578246,3.946337026557826,1.3322676295501878e-15,sew
J0251,B09_B04_CONTACT_WORK,B09_B04_CONTACT_WORK_CAP_A,B09_B04_CONTACT_WORK_G4,3.0486238786210693,3.0486238786210706,1.3322676295501878e-15,sew
J0252,B09_B04_CONTACT_WORK,B09_B04_CONTACT_WORK_CAP_A,B09_B04_CONTACT_WORK_G5,3.1228086664983428,3.1228086664983437,8.881784197001252e-16,sew
J0253,B09_B04_CONTACT_WORK,B09_B04_CONTACT_WORK_CAP_A,B09_B04_CONTACT_WORK_G6,4.409722283084859,4.409722283084861,1.7763568394002505e-15,sew
J0254,B09_B04_CONTACT_WORK,B09_B04_CONTACT_WORK_CAP_A,B09_B04_CONTACT_WORK_G7,8.900036810624762,8.900036810624766,3.552713678800501e-15,sew
J0255,B09_B04_CONTACT_WORK,B09_B04_CONTACT_WORK_CAP_A,B09_B04_CONTACT_WORK_G8,12.845392422105999,12.845392422106002,3.552713678800501e-15,sew
J0256,B09_B04_CONTACT_WORK,B09_B04_CONTACT_WORK_CAP_A,B09_B04_CONTACT_WORK_G9,12.330340216985341,12.330340216985345,3.552713678800501e-15,sew
J0257,B09_B04_CONTACT_WORK,B09_B04_CONTACT_WORK_CAP_B,B09_B04_CONTACT_WORK_G1,12.588596199043794,12.588596199043792,1.7763568394002505e-15,sew
J0258,B09_B04_CONTACT_WORK,B09_B04_CONTACT_WORK_CAP_B,B09_B04_CONTACT_WORK_G10,7.661891081340494,7.661891081340467,2.7533531010703882e-14,sew
J0259,B09_B04_CONTACT_WORK,B09_B04_CONTACT_WORK_CAP_B,B09_B04_CONTACT_WORK_G11,3.763001936477501,3.7630019364774627,3.8191672047105385e-14,sew
J0260,B09_B04_CONTACT_WORK,B09_B04_CONTACT_WORK_CAP_B,B09_B04_CONTACT_WORK_G12,2.917782842531174,2.917782842531182,7.993605777301127e-15,sew
J0261,B09_B04_CONTACT_WORK,B09_B04_CONTACT_WORK_CAP_B,B09_B04_CONTACT_WORK_G13,3.15334138138448,3.1533413813844846,4.440892098500626e-15,sew
J0262,B09_B04_CONTACT_WORK,B09_B04_CONTACT_WORK_CAP_B,B09_B04_CONTACT_WORK_G14,4.438108932031331,4.438108932031341,9.769962616701378e-15,sew
J0263,B09_B04_CONTACT_WORK,B09_B04_CONTACT_WORK_CAP_B,B09_B04_CONTACT_WORK_G15,9.672939921059882,9.67293992105989,7.105427357601002e-15,sew
J0264,B09_B04_CONTACT_WORK,B09_B04_CONTACT_WORK_CAP_B,B09_B04_CONTACT_WORK_G16,12.121183607869881,12.121183607869856,2.4868995751603507e-14,sew
J0265,B09_B04_CONTACT_WORK,B09_B04_CONTACT_WORK_CAP_B,B09_B04_CONTACT_WORK_G2,9.293192044331791,9.293192044331821,3.019806626980426e-14,sew
J0266,B09_B04_CONTACT_WORK,B09_B04_CONTACT_WORK_CAP_B,B09_B04_CONTACT_WORK_G3,4.169568624791665,4.1695686247916806,1.5987211554602254e-14,sew
J0267,B09_B04_CONTACT_WORK,B09_B04_CONTACT_WORK_CAP_B,B09_B04_CONTACT_WORK_G4,2.994497553338322,2.9944975533383285,6.661338147750939e-15,sew
J0268,B09_B04_CONTACT_WORK,B09_B04_CONTACT_WORK_CAP_B,B09_B04_CONTACT_WORK_G5,2.9736277915705007,2.9736277915704625,3.8191672047105385e-14,sew
J0269,B09_B04_CONTACT_WORK,B09_B04_CONTACT_WORK_CAP_B,B09_B04_CONTACT_WORK_G6,4.116185966581088,4.116185966581095,7.105427357601002e-15,sew
J0270,B09_B04_CONTACT_WORK,B09_B04_CONTACT_WORK_CAP_B,B09_B04_CONTACT_WORK_G7,8.034901860563966,8.034901860564007,4.085620730620576e-14,sew
J0271,B09_B04_CONTACT_WORK,B09_B04_CONTACT_WORK_CAP_B,B09_B04_CONTACT_WORK_G8,17.457314404604155,17.45731440460417,1.4210854715202004e-14,sew
J0272,B09_B04_CONTACT_WORK,B09_B04_CONTACT_WORK_CAP_B,B09_B04_CONTACT_WORK_G9,18.09799515012118,18.097995150121132,4.618527782440651e-14,sew
J0273,B09_B04_CONTACT_WORK,B09_B04_CONTACT_WORK_G1,B09_B04_CONTACT_WORK_G16,1031.52755961864,1031.52755961864,0.0,zipper_service
J0274,B09_B04_CONTACT_WORK,B09_B04_CONTACT_WORK_G1,B09_B04_CONTACT_WORK_G2,867.9442621559186,867.9442621559189,2.2737367544323206e-13,sew
J0275,B09_B04_CONTACT_WORK,B09_B04_CONTACT_WORK_G10,B09_B04_CONTACT_WORK_G11,862.5760414135137,862.5760414135137,0.0,sew
J0276,B09_B04_CONTACT_WORK,B09_B04_CONTACT_WORK_G10,B09_B04_CONTACT_WORK_G9,870.3824030640346,870.3824030640346,0.0,sew
J0277,B09_B04_CONTACT_WORK,B09_B04_CONTACT_WORK_G11,B09_B04_CONTACT_WORK_G12,861.1217325666641,861.1217325666643,1.1368683772161603e-13,sew
J0278,B09_B04_CONTACT_WORK,B09_B04_CONTACT_WORK_G12,B09_B04_CONTACT_WORK_G13,860.6495992845572,860.6495992845572,0.0,sew
J0279,B09_B04_CONTACT_WORK,B09_B04_CONTACT_WORK_G13,B09_B04_CONTACT_WORK_G14,860.79683325233,860.7968332523297,2.2737367544323206e-13,sew
J0280,B09_B04_CONTACT_WORK,B09_B04_CONTACT_WORK_G14,B09_B04_CONTACT_WORK_G15,862.0652837392793,862.065283739279,2.2737367544323206e-13,sew
J0281,B09_B04_CONTACT_WORK,B09_B04_CONTACT_WORK_G15,B09_B04_CONTACT_WORK_G16,869.1202568620836,869.1202568620836,0.0,sew
J0282,B09_B04_CONTACT_WORK,B09_B04_CONTACT_WORK_G2,B09_B04_CONTACT_WORK_G3,864.0363340485156,864.0363340485154,2.2737367544323206e-13,sew
J0283,B09_B04_CONTACT_WORK,B09_B04_CONTACT_WORK_G3,B09_B04_CONTACT_WORK_G4,863.3484495218537,863.3484495218539,2.2737367544323206e-13,sew
J0284,B09_B04_CONTACT_WORK,B09_B04_CONTACT_WORK_G4,B09_B04_CONTACT_WORK_G5,863.0538455604653,863.0538455604654,1.1368683772161603e-13,sew
J0285,B09_B04_CONTACT_WORK,B09_B04_CONTACT_WORK_G5,B09_B04_CONTACT_WORK_G6,863.0080954952872,863.0080954952872,0.0,sew
J0286,B09_B04_CONTACT_WORK,B09_B04_CONTACT_WORK_G6,B09_B04_CONTACT_WORK_G7,863.2197294093223,863.2197294093224,1.1368683772161603e-13,sew
J0287,B09_B04_CONTACT_WORK,B09_B04_CONTACT_WORK_G7,B09_B04_CONTACT_WORK_G8,866.4889471000447,866.4889471000447,0.0,sew
J0288,B09_B04_CONTACT_WORK,B09_B04_CONTACT_WORK_G8,B09_B04_CONTACT_WORK_G9,1031.4317161077956,1031.4317161077952,4.547473508864641e-13,sew
J0289,B09_F01_FOOTSTOP_2000,B09_F01_FOOTSTOP_2000_CAP_A,B09_F01_FOOTSTOP_2000_G1,7.107748435620569,7.10774843562057,8.881784197001252e-16,sew
J0290,B09_F01_FOOTSTOP_2000,B09_F01_FOOTSTOP_2000_CAP_A,B09_F01_FOOTSTOP_2000_G10,8.689527165621671,8.689527165621671,0.0,sew
J0291,B09_F01_FOOTSTOP_2000,B09_F01_FOOTSTOP_2000_CAP_A,B09_F01_FOOTSTOP_2000_G11,6.6579551349411314,6.6579551349411314,0.0,sew
J0292,B09_F01_FOOTSTOP_2000,B09_F01_FOOTSTOP_2000_CAP_A,B09_F01_FOOTSTOP_2000_G12,4.707004689529273,4.707004689529273,0.0,sew
J0293,B09_F01_FOOTSTOP_2000,B09_F01_FOOTSTOP_2000_CAP_A,B09_F01_FOOTSTOP_2000_G13,4.706275423197445,4.706275423197446,8.881784197001252e-16,sew
J0294,B09_F01_FOOTSTOP_2000,B09_F01_FOOTSTOP_2000_CAP_A,B09_F01_FOOTSTOP_2000_G14,6.6544339254802605,6.654433925480261,8.881784197001252e-16,sew
J0295,B09_F01_FOOTSTOP_2000,B09_F01_FOOTSTOP_2000_CAP_A,B09_F01_FOOTSTOP_2000_G15,8.86347145430019,8.863471454300191,1.7763568394002505e-15,sew
J0296,B09_F01_FOOTSTOP_2000,B09_F01_FOOTSTOP_2000_CAP_A,B09_F01_FOOTSTOP_2000_G16,8.226001985904448,8.226001985904448,0.0,sew
J0297,B09_F01_FOOTSTOP_2000,B09_F01_FOOTSTOP_2000_CAP_A,B09_F01_FOOTSTOP_2000_G2,6.944657867477244,6.944657867477247,2.6645352591003757e-15,sew
J0298,B09_F01_FOOTSTOP_2000,B09_F01_FOOTSTOP_2000_CAP_A,B09_F01_FOOTSTOP_2000_G3,6.24881876020925,6.248818760209249,8.881784197001252e-16,sew
J0299,B09_F01_FOOTSTOP_2000,B09_F01_FOOTSTOP_2000_CAP_A,B09_F01_FOOTSTOP_2000_G4,5.6391098236370185,5.639109823637018,8.881784197001252e-16,sew
J0300,B09_F01_FOOTSTOP_2000,B09_F01_FOOTSTOP_2000_CAP_A,B09_F01_FOOTSTOP_2000_G5,5.67340066766185,5.673400667661851,8.881784197001252e-16,sew
J0301,B09_F01_FOOTSTOP_2000,B09_F01_FOOTSTOP_2000_CAP_A,B09_F01_FOOTSTOP_2000_G6,6.217255249936103,6.217255249936104,8.881784197001252e-16,sew
J0302,B09_F01_FOOTSTOP_2000,B09_F01_FOOTSTOP_2000_CAP_A,B09_F01_FOOTSTOP_2000_G7,7.001803606581593,7.001803606581594,8.881784197001252e-16,sew
J0303,B09_F01_FOOTSTOP_2000,B09_F01_FOOTSTOP_2000_CAP_A,B09_F01_FOOTSTOP_2000_G8,7.131124642733549,7.131124642733549,0.0,sew
J0304,B09_F01_FOOTSTOP_2000,B09_F01_FOOTSTOP_2000_CAP_A,B09_F01_FOOTSTOP_2000_G9,8.101274651503008,8.10127465150301,1.7763568394002505e-15,sew
J0305,B09_F01_FOOTSTOP_2000,B09_F01_FOOTSTOP_2000_CAP_B,B09_F01_FOOTSTOP_2000_G1,7.150570566043732,7.150570566043744,1.2434497875801753e-14,sew
J0306,B09_F01_FOOTSTOP_2000,B09_F01_FOOTSTOP_2000_CAP_B,B09_F01_FOOTSTOP_2000_G10,8.983838996290222,8.98383899629022,1.7763568394002505e-15,sew
J0307,B09_F01_FOOTSTOP_2000,B09_F01_FOOTSTOP_2000_CAP_B,B09_F01_FOOTSTOP_2000_G11,6.482395814767201,6.482395814767203,2.6645352591003757e-15,sew
J0308,B09_F01_FOOTSTOP_2000,B09_F01_FOOTSTOP_2000_CAP_B,B09_F01_FOOTSTOP_2000_G12,4.582888722756586,4.582888722756585,8.881784197001252e-16,sew
J0309,B09_F01_FOOTSTOP_2000,B09_F01_FOOTSTOP_2000_CAP_B,B09_F01_FOOTSTOP_2000_G13,4.582178686605488,4.582178686605489,8.881784197001252e-16,sew
J0310,B09_F01_FOOTSTOP_2000,B09_F01_FOOTSTOP_2000_CAP_B,B09_F01_FOOTSTOP_2000_G14,6.478967456835662,6.478967456835666,4.440892098500626e-15,sew
J0311,B09_F01_FOOTSTOP_2000,B09_F01_FOOTSTOP_2000_CAP_B,B09_F01_FOOTSTOP_2000_G15,8.956112528549427,8.956112528549433,5.329070518200751e-15,sew
J0312,B09_F01_FOOTSTOP_2000,B09_F01_FOOTSTOP_2000_CAP_B,B09_F01_FOOTSTOP_2000_G16,8.151480503891655,8.151480503891651,3.552713678800501e-15,sew
J0313,B09_F01_FOOTSTOP_2000,B09_F01_FOOTSTOP_2000_CAP_B,B09_F01_FOOTSTOP_2000_G2,7.155885994895096,7.155885994895105,8.881784197001252e-15,sew
J0314,B09_F01_FOOTSTOP_2000,B09_F01_FOOTSTOP_2000_CAP_B,B09_F01_FOOTSTOP_2000_G3,5.852917769384151,5.852917769384141,9.769962616701378e-15,sew
J0315,B09_F01_FOOTSTOP_2000,B09_F01_FOOTSTOP_2000_CAP_B,B09_F01_FOOTSTOP_2000_G4,5.645533037175277,5.645533037175284,6.217248937900877e-15,sew
J0316,B09_F01_FOOTSTOP_2000,B09_F01_FOOTSTOP_2000_CAP_B,B09_F01_FOOTSTOP_2000_G5,5.565322138965039,5.565322138965034,4.440892098500626e-15,sew
J0317,B09_F01_FOOTSTOP_2000,B09_F01_FOOTSTOP_2000_CAP_B,B09_F01_FOOTSTOP_2000_G6,5.799109648640967,5.79910964864098,1.2434497875801753e-14,sew
J0318,B09_F01_FOOTSTOP_2000,B09_F01_FOOTSTOP_2000_CAP_B,B09_F01_FOOTSTOP_2000_G7,7.231338832948557,7.231338832948568,1.0658141036401503e-14,sew
J0319,B09_F01_FOOTSTOP_2000,B09_F01_FOOTSTOP_2000_CAP_B,B09_F01_FOOTSTOP_2000_G8,7.1585623052967104,7.158562305296704,6.217248937900877e-15,sew
J0320,B09_F01_FOOTSTOP_2000,B09_F01_FOOTSTOP_2000_CAP_B,B09_F01_FOOTSTOP_2000_G9,8.176915148081417,8.176915148081422,5.329070518200751e-15,sew
J0321,B09_F01_FOOTSTOP_2000,B09_F01_FOOTSTOP_2000_G1,B09_F01_FOOTSTOP_2000_G16,464.95714999350014,464.9571499935,1.1368683772161603e-13,sew
J0322,B09_F01_FOOTSTOP_2000,B09_F01_FOOTSTOP_2000_G1,B09_F01_FOOTSTOP_2000_G2,468.45254212290973,468.45254212290973,0.0,sew
J0323,B09_F01_FOOTSTOP_2000,B09_F01_FOOTSTOP_2000_G10,B09_F01_FOOTSTOP_2000_G11,428.25358558663726,428.25358558663737,1.1368683772161603e-13,sew
J0324,B09_F01_FOOTSTOP_2000,B09_F01_FOOTSTOP_2000_G10,B09_F01_FOOTSTOP_2000_G9,466.8742077180949,466.8742077180949,0.0,sew
J0325,B09_F01_FOOTSTOP_2000,B09_F01_FOOTSTOP_2000_G11,B09_F01_FOOTSTOP_2000_G12,419.32735860640406,419.32735860640406,0.0,sew
J0326,B09_F01_FOOTSTOP_2000,B09_F01_FOOTSTOP_2000_G12,B09_F01_FOOTSTOP_2000_G13,417.43664908830135,417.4366490883011,2.2737367544323206e-13,sew
J0327,B09_F01_FOOTSTOP_2000,B09_F01_FOOTSTOP_2000_G13,B09_F01_FOOTSTOP_2000_G14,419.3531616298026,419.3531616298026,0.0,sew
J0328,B09_F01_FOOTSTOP_2000,B09_F01_FOOTSTOP_2000_G14,B09_F01_FOOTSTOP_2000_G15,428.2841136600641,428.2841136600642,5.684341886080802e-14,sew
J0329,B09_F01_FOOTSTOP_2000,B09_F01_FOOTSTOP_2000_G15,B09_F01_FOOTSTOP_2000_G16,466.733415990392,466.733415990392,0.0,sew
J0330,B09_F01_FOOTSTOP_2000,B09_F01_FOOTSTOP_2000_G2,B09_F01_FOOTSTOP_2000_G3,474.9872343215163,474.9872343215163,0.0,sew
J0331,B09_F01_FOOTSTOP_2000,B09_F01_FOOTSTOP_2000_G3,B09_F01_FOOTSTOP_2000_G4,470.30722413041843,470.3072241304182,2.2737367544323206e-13,sew
J0332,B09_F01_FOOTSTOP_2000,B09_F01_FOOTSTOP_2000_G4,B09_F01_FOOTSTOP_2000_G5,468.6647627914775,468.6647627914775,0.0,sew
J0333,B09_F01_FOOTSTOP_2000,B09_F01_FOOTSTOP_2000_G5,B09_F01_FOOTSTOP_2000_G6,470.4618179265221,470.46181792652214,5.684341886080802e-14,sew
J0334,B09_F01_FOOTSTOP_2000,B09_F01_FOOTSTOP_2000_G6,B09_F01_FOOTSTOP_2000_G7,475.0577421360343,475.05774213603434,5.684341886080802e-14,zipper_service
J0335,B09_F01_FOOTSTOP_2000,B09_F01_FOOTSTOP_2000_G7,B09_F01_FOOTSTOP_2000_G8,468.15911284678253,468.15911284678253,0.0,sew
J0336,B09_F01_FOOTSTOP_2000,B09_F01_FOOTSTOP_2000_G8,B09_F01_FOOTSTOP_2000_G9,464.84349979108686,464.8434997910871,2.2737367544323206e-13,sew
J0337,B09_H08_REMOVABLE_NAPE_PILLOW,B09_H08_REMOVABLE_NAPE_PILLOW_CAP_A,B09_H08_REMOVABLE_NAPE_PILLOW_G1,8.747562825696512,8.747562825696512,0.0,sew
J0338,B09_H08_REMOVABLE_NAPE_PILLOW,B09_H08_REMOVABLE_NAPE_PILLOW_CAP_A,B09_H08_REMOVABLE_NAPE_PILLOW_G10,7.945817013597824,7.945817013597823,8.881784197001252e-16,sew
J0339,B09_H08_REMOVABLE_NAPE_PILLOW,B09_H08_REMOVABLE_NAPE_PILLOW_CAP_A,B09_H08_REMOVABLE_NAPE_PILLOW_G11,6.205191607053602,6.205191607053604,1.7763568394002505e-15,sew
J0340,B09_H08_REMOVABLE_NAPE_PILLOW,B09_H08_REMOVABLE_NAPE_PILLOW_CAP_A,B09_H08_REMOVABLE_NAPE_PILLOW_G12,5.579604082766101,5.579604082766101,0.0,sew
J0341,B09_H08_REMOVABLE_NAPE_PILLOW,B09_H08_REMOVABLE_NAPE_PILLOW_CAP_A,B09_H08_REMOVABLE_NAPE_PILLOW_G13,5.5593763002635646,5.5593763002635646,0.0,sew
J0342,B09_H08_REMOVABLE_NAPE_PILLOW,B09_H08_REMOVABLE_NAPE_PILLOW_CAP_A,B09_H08_REMOVABLE_NAPE_PILLOW_G14,6.210394255482732,6.210394255482733,8.881784197001252e-16,sew
J0343,B09_H08_REMOVABLE_NAPE_PILLOW,B09_H08_REMOVABLE_NAPE_PILLOW_CAP_A,B09_H08_REMOVABLE_NAPE_PILLOW_G15,7.896918005709992,7.896918005709992,0.0,sew
J0344,B09_H08_REMOVABLE_NAPE_PILLOW,B09_H08_REMOVABLE_NAPE_PILLOW_CAP_A,B09_H08_REMOVABLE_NAPE_PILLOW_G16,8.786296266995267,8.786296266995269,1.7763568394002505e-15,sew
J0345,B09_H08_REMOVABLE_NAPE_PILLOW,B09_H08_REMOVABLE_NAPE_PILLOW_CAP_A,B09_H08_REMOVABLE_NAPE_PILLOW_G2,7.975411608977857,7.975411608977859,1.7763568394002505e-15,sew
J0346,B09_H08_REMOVABLE_NAPE_PILLOW,B09_H08_REMOVABLE_NAPE_PILLOW_CAP_A,B09_H08_REMOVABLE_NAPE_PILLOW_G3,6.510924959481863,6.510924959481863,0.0,sew
J0347,B09_H08_REMOVABLE_NAPE_PILLOW,B09_H08_REMOVABLE_NAPE_PILLOW_CAP_A,B09_H08_REMOVABLE_NAPE_PILLOW_G4,5.417367750336539,5.41736775033654,8.881784197001252e-16,sew
J0348,B09_H08_REMOVABLE_NAPE_PILLOW,B09_H08_REMOVABLE_NAPE_PILLOW_CAP_A,B09_H08_REMOVABLE_NAPE_PILLOW_G5,5.405561781615767,5.405561781615768,8.881784197001252e-16,sew
J0349,B09_H08_REMOVABLE_NAPE_PILLOW,B09_H08_REMOVABLE_NAPE_PILLOW_CAP_A,B09_H08_REMOVABLE_NAPE_PILLOW_G6,6.563669957555691,6.5636699575556925,1.7763568394002505e-15,sew
J0350,B09_H08_REMOVABLE_NAPE_PILLOW,B09_H08_REMOVABLE_NAPE_PILLOW_CAP_A,B09_H08_REMOVABLE_NAPE_PILLOW_G7,7.964438828046629,7.9644388280466325,3.552713678800501e-15,sew
J0351,B09_H08_REMOVABLE_NAPE_PILLOW,B09_H08_REMOVABLE_NAPE_PILLOW_CAP_A,B09_H08_REMOVABLE_NAPE_PILLOW_G8,8.60911752264553,8.60911752264553,0.0,sew
J0352,B09_H08_REMOVABLE_NAPE_PILLOW,B09_H08_REMOVABLE_NAPE_PILLOW_CAP_A,B09_H08_REMOVABLE_NAPE_PILLOW_G9,8.63080060983056,8.63080060983056,0.0,sew
J0353,B09_H08_REMOVABLE_NAPE_PILLOW,B09_H08_REMOVABLE_NAPE_PILLOW_CAP_B,B09_H08_REMOVABLE_NAPE_PILLOW_G1,8.525714872932461,8.525714872932465,3.552713678800501e-15,sew
J0354,B09_H08_REMOVABLE_NAPE_PILLOW,B09_H08_REMOVABLE_NAPE_PILLOW_CAP_B,B09_H08_REMOVABLE_NAPE_PILLOW_G10,7.8962195510687145,7.896219551068714,8.881784197001252e-16,sew
J0355,B09_H08_REMOVABLE_NAPE_PILLOW,B09_H08_REMOVABLE_NAPE_PILLOW_CAP_B,B09_H08_REMOVABLE_NAPE_PILLOW_G11,6.210528531535962,6.210528531535955,7.105427357601002e-15,sew
J0356,B09_H08_REMOVABLE_NAPE_PILLOW,B09_H08_REMOVABLE_NAPE_PILLOW_CAP_B,B09_H08_REMOVABLE_NAPE_PILLOW_G12,5.55902876272796,5.559028762727969,8.881784197001252e-15,sew
J0357,B09_H08_REMOVABLE_NAPE_PILLOW,B09_H08_REMOVABLE_NAPE_PILLOW_CAP_B,B09_H08_REMOVABLE_NAPE_PILLOW_G13,5.57926218772237,5.57926218772237,0.0,sew
J0358,B09_H08_REMOVABLE_NAPE_PILLOW,B09_H08_REMOVABLE_NAPE_PILLOW_CAP_B,B09_H08_REMOVABLE_NAPE_PILLOW_G14,6.205469928379526,6.205469928379521,5.329070518200751e-15,sew
J0359,B09_H08_REMOVABLE_NAPE_PILLOW,B09_H08_REMOVABLE_NAPE_PILLOW_CAP_B,B09_H08_REMOVABLE_NAPE_PILLOW_G15,7.945497793540824,7.945497793540824,0.0,sew
J0360,B09_H08_REMOVABLE_NAPE_PILLOW,B09_H08_REMOVABLE_NAPE_PILLOW_CAP_B,B09_H08_REMOVABLE_NAPE_PILLOW_G16,8.541564196893642,8.541564196893646,3.552713678800501e-15,sew
J0361,B09_H08_REMOVABLE_NAPE_PILLOW,B09_H08_REMOVABLE_NAPE_PILLOW_CAP_B,B09_H08_REMOVABLE_NAPE_PILLOW_G2,7.961506229787954,7.961506229787957,2.6645352591003757e-15,sew
J0362,B09_H08_REMOVABLE_NAPE_PILLOW,B09_H08_REMOVABLE_NAPE_PILLOW_CAP_B,B09_H08_REMOVABLE_NAPE_PILLOW_G3,6.5627661162900095,6.56276611629001,8.881784197001252e-16,sew
J0363,B09_H08_REMOVABLE_NAPE_PILLOW,B09_H08_REMOVABLE_NAPE_PILLOW_CAP_B,B09_H08_REMOVABLE_NAPE_PILLOW_G4,5.404665681094016,5.404665681094017,8.881784197001252e-16,sew
J0364,B09_H08_REMOVABLE_NAPE_PILLOW,B09_H08_REMOVABLE_NAPE_PILLOW_CAP_B,B09_H08_REMOVABLE_NAPE_PILLOW_G5,5.416457955603058,5.416457955603059,8.881784197001252e-16,sew
J0365,B09_H08_REMOVABLE_NAPE_PILLOW,B09_H08_REMOVABLE_NAPE_PILLOW_CAP_B,B09_H08_REMOVABLE_NAPE_PILLOW_G6,6.509725139808148,6.509725139808149,8.881784197001252e-16,sew
J0366,B09_H08_REMOVABLE_NAPE_PILLOW,B09_H08_REMOVABLE_NAPE_PILLOW_CAP_B,B09_H08_REMOVABLE_NAPE_PILLOW_G7,7.972208479812187,7.972208479812186,8.881784197001252e-16,sew
J0367,B09_H08_REMOVABLE_NAPE_PILLOW,B09_H08_REMOVABLE_NAPE_PILLOW_CAP_B,B09_H08_REMOVABLE_NAPE_PILLOW_G8,8.56925852546355,8.569258525463546,3.552713678800501e-15,sew
J0368,B09_H08_REMOVABLE_NAPE_PILLOW,B09_H08_REMOVABLE_NAPE_PILLOW_CAP_B,B09_H08_REMOVABLE_NAPE_PILLOW_G9,8.594081811518409,8.594081811518409,0.0,sew
J0369,B09_H08_REMOVABLE_NAPE_PILLOW,B09_H08_REMOVABLE_NAPE_PILLOW_G1,B09_H08_REMOVABLE_NAPE_PILLOW_G16,518.26083884703,518.2608388470298,1.1368683772161603e-13,sew
J0370,B09_H08_REMOVABLE_NAPE_PILLOW,B09_H08_REMOVABLE_NAPE_PILLOW_G1,B09_H08_REMOVABLE_NAPE_PILLOW_G2,507.407940721491,507.4079407214908,2.2737367544323206e-13,sew
J0371,B09_H08_REMOVABLE_NAPE_PILLOW,B09_H08_REMOVABLE_NAPE_PILLOW_G10,B09_H08_REMOVABLE_NAPE_PILLOW_G11,492.9194952990663,492.91949529906617,1.1368683772161603e-13,sew
J0372,B09_H08_REMOVABLE_NAPE_PILLOW,B09_H08_REMOVABLE_NAPE_PILLOW_G10,B09_H08_REMOVABLE_NAPE_PILLOW_G9,507.64404575631505,507.64404575631494,1.1368683772161603e-13,sew
J0373,B09_H08_REMOVABLE_NAPE_PILLOW,B09_H08_REMOVABLE_NAPE_PILLOW_G11,B09_H08_REMOVABLE_NAPE_PILLOW_G12,484.38657824076955,484.3865782407693,2.2737367544323206e-13,sew
J0374,B09_H08_REMOVABLE_NAPE_PILLOW,B09_H08_REMOVABLE_NAPE_PILLOW_G12,B09_H08_REMOVABLE_NAPE_PILLOW_G13,483.29928302126467,483.2992830212646,5.684341886080802e-14,sew
J0375,B09_H08_REMOVABLE_NAPE_PILLOW,B09_H08_REMOVABLE_NAPE_PILLOW_G13,B09_H08_REMOVABLE_NAPE_PILLOW_G14,484.40817683602023,484.40817683602023,0.0,sew
J0376,B09_H08_REMOVABLE_NAPE_PILLOW,B09_H08_REMOVABLE_NAPE_PILLOW_G14,B09_H08_REMOVABLE_NAPE_PILLOW_G15,492.9734606778663,492.97346067786646,1.7053025658242404e-13,sew
J0377,B09_H08_REMOVABLE_NAPE_PILLOW,B09_H08_REMOVABLE_NAPE_PILLOW_G15,B09_H08_REMOVABLE_NAPE_PILLOW_G16,507.74590485394504,507.745904853945,5.684341886080802e-14,sew
J0378,B09_H08_REMOVABLE_NAPE_PILLOW,B09_H08_REMOVABLE_NAPE_PILLOW_G2,B09_H08_REMOVABLE_NAPE_PILLOW_G3,492.74339387184733,492.74339387184733,0.0,sew
J0379,B09_H08_REMOVABLE_NAPE_PILLOW,B09_H08_REMOVABLE_NAPE_PILLOW_G3,B09_H08_REMOVABLE_NAPE_PILLOW_G4,485.3929980655628,485.39299806556267,1.1368683772161603e-13,sew
J0380,B09_H08_REMOVABLE_NAPE_PILLOW,B09_H08_REMOVABLE_NAPE_PILLOW_G4,B09_H08_REMOVABLE_NAPE_PILLOW_G5,483.3973012607046,483.39730126070447,1.1368683772161603e-13,sew
J0381,B09_H08_REMOVABLE_NAPE_PILLOW,B09_H08_REMOVABLE_NAPE_PILLOW_G5,B09_H08_REMOVABLE_NAPE_PILLOW_G6,485.37573703738525,485.37573703738514,1.1368683772161603e-13,sew
J0382,B09_H08_REMOVABLE_NAPE_PILLOW,B09_H08_REMOVABLE_NAPE_PILLOW_G6,B09_H08_REMOVABLE_NAPE_PILLOW_G7,492.6424480273598,492.64244802735976,5.684341886080802e-14,sew
J0383,B09_H08_REMOVABLE_NAPE_PILLOW,B09_H08_REMOVABLE_NAPE_PILLOW_G7,B09_H08_REMOVABLE_NAPE_PILLOW_G8,507.0929000727543,507.0929000727543,0.0,sew
J0384,B09_H08_REMOVABLE_NAPE_PILLOW,B09_H08_REMOVABLE_NAPE_PILLOW_G8,B09_H08_REMOVABLE_NAPE_PILLOW_G9,518.3478415678245,518.3478415678245,0.0,zipper_service
J0385,B09_L01_CALF_CONTACT,B09_L01_CALF_CONTACT_CAP_A,B09_L01_CALF_CONTACT_G1,27.642670151000477,27.642670151000463,1.4210854715202004e-14,sew
J0386,B09_L01_CALF_CONTACT,B09_L01_CALF_CONTACT_CAP_A,B09_L01_CALF_CONTACT_G10,8.58739419447067,8.58739419447067,0.0,sew
J0387,B09_L01_CALF_CONTACT,B09_L01_CALF_CONTACT_CAP_A,B09_L01_CALF_CONTACT_G11,3.8109582642181445,3.8109582642181428,1.7763568394002505e-15,sew
J0388,B09_L01_CALF_CONTACT,B09_L01_CALF_CONTACT_CAP_A,B09_L01_CALF_CONTACT_G12,2.792390275054391,2.7923902750543896,1.3322676295501878e-15,sew
J0389,B09_L01_CALF_CONTACT,B09_L01_CALF_CONTACT_CAP_A,B09_L01_CALF_CONTACT_G13,2.8774820698248678,2.8774820698248664,1.3322676295501878e-15,sew
J0390,B09_L01_CALF_CONTACT,B09_L01_CALF_CONTACT_CAP_A,B09_L01_CALF_CONTACT_G14,4.22235785669523,4.222357856695228,1.7763568394002505e-15,sew
J0391,B09_L01_CALF_CONTACT,B09_L01_CALF_CONTACT_CAP_A,B09_L01_CALF_CONTACT_G15,10.386923076996272,10.386923076996272,0.0,sew
J0392,B09_L01_CALF_CONTACT,B09_L01_CALF_CONTACT_CAP_A,B09_L01_CALF_CONTACT_G16,26.02429933443027,26.024299334430257,1.4210854715202004e-14,sew
J0393,B09_L01_CALF_CONTACT,B09_L01_CALF_CONTACT_CAP_A,B09_L01_CALF_CONTACT_G2,8.460252081832756,8.460252081832753,3.552713678800501e-15,sew
J0394,B09_L01_CALF_CONTACT,B09_L01_CALF_CONTACT_CAP_A,B09_L01_CALF_CONTACT_G3,4.073415235014081,4.073415235014079,1.7763568394002505e-15,sew
J0395,B09_L01_CALF_CONTACT,B09_L01_CALF_CONTACT_CAP_A,B09_L01_CALF_CONTACT_G4,3.1223446462745343,3.1223446462745326,1.7763568394002505e-15,sew
J0396,B09_L01_CALF_CONTACT,B09_L01_CALF_CONTACT_CAP_A,B09_L01_CALF_CONTACT_G5,3.2019207791703463,3.201920779170345,1.3322676295501878e-15,sew
J0397,B09_L01_CALF_CONTACT,B09_L01_CALF_CONTACT_CAP_A,B09_L01_CALF_CONTACT_G6,4.16760302748043,4.167603027480428,1.7763568394002505e-15,sew
J0398,B09_L01_CALF_CONTACT,B09_L01_CALF_CONTACT_CAP_A,B09_L01_CALF_CONTACT_G7,8.56144666171592,8.561446661715912,7.105427357601002e-15,sew
J0399,B09_L01_CALF_CONTACT,B09_L01_CALF_CONTACT_CAP_A,B09_L01_CALF_CONTACT_G8,29.163961923371122,29.16396192337111,1.0658141036401503e-14,sew
J0400,B09_L01_CALF_CONTACT,B09_L01_CALF_CONTACT_CAP_A,B09_L01_CALF_CONTACT_G9,29.781680396478308,29.781680396478293,1.4210854715202004e-14,sew
J0401,B09_L01_CALF_CONTACT,B09_L01_CALF_CONTACT_CAP_B,B09_L01_CALF_CONTACT_G1,15.78594993093443,15.785949930934441,1.0658141036401503e-14,sew
J0402,B09_L01_CALF_CONTACT,B09_L01_CALF_CONTACT_CAP_B,B09_L01_CALF_CONTACT_G10,7.18253192010659,7.18253192010659,0.0,sew
J0403,B09_L01_CALF_CONTACT,B09_L01_CALF_CONTACT_CAP_B,B09_L01_CALF_CONTACT_G11,3.943820372898213,3.9438203728982133,4.440892098500626e-16,sew
J0404,B09_L01_CALF_CONTACT,B09_L01_CALF_CONTACT_CAP_B,B09_L01_CALF_CONTACT_G12,3.2267563201531204,3.2267563201531235,3.1086244689504383e-15,sew
J0405,B09_L01_CALF_CONTACT,B09_L01_CALF_CONTACT_CAP_B,B09_L01_CALF_CONTACT_G13,3.2609479087989937,3.2609479087989968,3.1086244689504383e-15,sew
J0406,B09_L01_CALF_CONTACT,B09_L01_CALF_CONTACT_CAP_B,B09_L01_CALF_CONTACT_G14,4.00232652056053,4.002326520560532,1.7763568394002505e-15,sew
J0407,B09_L01_CALF_CONTACT,B09_L01_CALF_CONTACT_CAP_B,B09_L01_CALF_CONTACT_G15,7.2057187535631755,7.205718753563177,1.7763568394002505e-15,sew
J0408,B09_L01_CALF_CONTACT,B09_L01_CALF_CONTACT_CAP_B,B09_L01_CALF_CONTACT_G16,15.771882748536052,15.77188274853605,1.7763568394002505e-15,sew
J0409,B09_L01_CALF_CONTACT,B09_L01_CALF_CONTACT_CAP_B,B09_L01_CALF_CONTACT_G2,7.202617196935288,7.202617196935291,3.552713678800501e-15,sew
J0410,B09_L01_CALF_CONTACT,B09_L01_CALF_CONTACT_CAP_B,B09_L01_CALF_CONTACT_G3,3.986534606540955,3.9865346065409564,1.3322676295501878e-15,sew
J0411,B09_L01_CALF_CONTACT,B09_L01_CALF_CONTACT_CAP_B,B09_L01_CALF_CONTACT_G4,3.265676455299372,3.265676455299376,3.9968028886505635e-15,sew
J0412,B09_L01_CALF_CONTACT,B09_L01_CALF_CONTACT_CAP_B,B09_L01_CALF_CONTACT_G5,3.2272915770007797,3.2272915770007833,3.552713678800501e-15,sew
J0413,B09_L01_CALF_CONTACT,B09_L01_CALF_CONTACT_CAP_B,B09_L01_CALF_CONTACT_G6,3.9363688512622046,3.936368851262212,7.549516567451064e-15,sew
J0414,B09_L01_CALF_CONTACT,B09_L01_CALF_CONTACT_CAP_B,B09_L01_CALF_CONTACT_G7,7.172253272730148,7.1722532727301544,6.217248937900877e-15,sew
J0415,B09_L01_CALF_CONTACT,B09_L01_CALF_CONTACT_CAP_B,B09_L01_CALF_CONTACT_G8,16.127584851844915,16.12758485184493,1.4210854715202004e-14,sew
J0416,B09_L01_CALF_CONTACT,B09_L01_CALF_CONTACT_CAP_B,B09_L01_CALF_CONTACT_G9,16.110588480681557,16.110588480681567,1.0658141036401503e-14,sew
J0417,B09_L01_CALF_CONTACT,B09_L01_CALF_CONTACT_G1,B09_L01_CALF_CONTACT_G16,1086.3273197258695,1086.3273197258695,0.0,zipper_service
J0418,B09_L01_CALF_CONTACT,B09_L01_CALF_CONTACT_G1,B09_L01_CALF_CONTACT_G2,920.2308214470974,920.2308214470972,1.1368683772161603e-13,sew
J0419,B09_L01_CALF_CONTACT,B09_L01_CALF_CONTACT_G10,B09_L01_CALF_CONTACT_G11,889.485244438007,889.4852444380066,4.547473508864641e-13,sew
J0420,B09_L01_CALF_CONTACT,B09_L01_CALF_CONTACT_G10,B09_L01_CALF_CONTACT_G9,921.9093829306214,921.9093829306213,1.1368683772161603e-13,sew
J0421,B09_L01_CALF_CONTACT,B09_L01_CALF_CONTACT_G11,B09_L01_CALF_CONTACT_G12,882.1171939475046,882.1171939475046,0.0,sew
J0422,B09_L01_CALF_CONTACT,B09_L01_CALF_CONTACT_G12,B09_L01_CALF_CONTACT_G13,880.4736718682907,880.4736718682907,0.0,sew
J0423,B09_L01_CALF_CONTACT,B09_L01_CALF_CONTACT_G13,B09_L01_CALF_CONTACT_G14,881.5506841557888,881.5506841557886,1.1368683772161603e-13,sew
J0424,B09_L01_CALF_CONTACT,B09_L01_CALF_CONTACT_G14,B09_L01_CALF_CONTACT_G15,888.2040601111619,888.2040601111621,2.2737367544323206e-13,sew
J0425,B09_L01_CALF_CONTACT,B09_L01_CALF_CONTACT_G15,B09_L01_CALF_CONTACT_G16,918.7368773486354,918.7368773486352,2.2737367544323206e-13,sew
J0426,B09_L01_CALF_CONTACT,B09_L01_CALF_CONTACT_G2,B09_L01_CALF_CONTACT_G3,888.1589559858467,888.1589559858468,1.1368683772161603e-13,sew
J0427,B09_L01_CALF_CONTACT,B09_L01_CALF_CONTACT_G3,B09_L01_CALF_CONTACT_G4,881.2590486759484,881.2590486759487,3.410605131648481e-13,sew
J0428,B09_L01_CALF_CONTACT,B09_L01_CALF_CONTACT_G4,B09_L01_CALF_CONTACT_G5,880.014755344554,880.014755344554,0.0,sew
J0429,B09_L01_CALF_CONTACT,B09_L01_CALF_CONTACT_G5,B09_L01_CALF_CONTACT_G6,881.5351071191049,881.5351071191044,4.547473508864641e-13,sew
J0430,B09_L01_CALF_CONTACT,B09_L01_CALF_CONTACT_G6,B09_L01_CALF_CONTACT_G7,888.7766817801358,888.7766817801358,0.0,sew
J0431,B09_L01_CALF_CONTACT,B09_L01_CALF_CONTACT_G7,B09_L01_CALF_CONTACT_G8,921.3110258709971,921.3110258709971,0.0,sew
J0432,B09_L01_CALF_CONTACT,B09_L01_CALF_CONTACT_G8,B09_L01_CALF_CONTACT_G9,1086.024829476467,1086.024829476467,0.0,sew
J0433,B09_O08_TOE_CAP,B09_O08_TOE_CAP_CAP_A,B09_O08_TOE_CAP_G1,14.692310783785972,14.692310783785976,3.552713678800501e-15,sew
J0434,B09_O08_TOE_CAP,B09_O08_TOE_CAP_CAP_A,B09_O08_TOE_CAP_G10,7.565964066992168,7.565964066992171,2.6645352591003757e-15,sew
J0435,B09_O08_TOE_CAP,B09_O08_TOE_CAP_CAP_A,B09_O08_TOE_CAP_G11,3.1347532412484607,3.134753241248462,1.3322676295501878e-15,sew
J0436,B09_O08_TOE_CAP,B09_O08_TOE_CAP_CAP_A,B09_O08_TOE_CAP_G12,2.216898220283942,2.216898220283943,1.3322676295501878e-15,sew
J0437,B09_O08_TOE_CAP,B09_O08_TOE_CAP_CAP_A,B09_O08_TOE_CAP_G13,2.217140950099116,2.217140950099117,8.881784197001252e-16,sew
J0438,B09_O08_TOE_CAP,B09_O08_TOE_CAP_CAP_A,B09_O08_TOE_CAP_G14,3.135925244492454,3.1359252444924555,1.3322676295501878e-15,sew
J0439,B09_O08_TOE_CAP,B09_O08_TOE_CAP_CAP_A,B09_O08_TOE_CAP_G15,7.57279500316466,7.5727950031646625,2.6645352591003757e-15,sew
J0440,B09_O08_TOE_CAP,B09_O08_TOE_CAP_CAP_A,B09_O08_TOE_CAP_G16,14.384021007884973,14.384021007884977,3.552713678800501e-15,sew
J0441,B09_O08_TOE_CAP,B09_O08_TOE_CAP_CAP_A,B09_O08_TOE_CAP_G2,6.338494232154013,6.338494232154017,3.552713678800501e-15,sew
J0442,B09_O08_TOE_CAP,B09_O08_TOE_CAP_CAP_A,B09_O08_TOE_CAP_G3,3.5261752611749753,3.526175261174977,1.7763568394002505e-15,sew
J0443,B09_O08_TOE_CAP,B09_O08_TOE_CAP_CAP_A,B09_O08_TOE_CAP_G4,2.811589172174036,2.8115891721740374,1.3322676295501878e-15,sew
J0444,B09_O08_TOE_CAP,B09_O08_TOE_CAP_CAP_A,B09_O08_TOE_CAP_G5,3.1059727131786428,3.105972713178644,1.3322676295501878e-15,sew
J0445,B09_O08_TOE_CAP,B09_O08_TOE_CAP_CAP_A,B09_O08_TOE_CAP_G6,4.992059803810918,4.99205980381092,2.6645352591003757e-15,sew
J0446,B09_O08_TOE_CAP,B09_O08_TOE_CAP_CAP_A,B09_O08_TOE_CAP_G7,8.216317509253377,8.21631750925338,1.7763568394002505e-15,sew
J0447,B09_O08_TOE_CAP,B09_O08_TOE_CAP_CAP_A,B09_O08_TOE_CAP_G8,10.913544035613532,10.913544035613537,5.329070518200751e-15,sew
J0448,B09_O08_TOE_CAP,B09_O08_TOE_CAP_CAP_A,B09_O08_TOE_CAP_G9,13.003402328605434,13.003402328605441,7.105427357601002e-15,sew
J0449,B09_O08_TOE_CAP,B09_O08_TOE_CAP_CAP_B,B09_O08_TOE_CAP_G1,14.298956186830681,14.298956186830635,4.618527782440651e-14,sew
J0450,B09_O08_TOE_CAP,B09_O08_TOE_CAP_CAP_B,B09_O08_TOE_CAP_G10,8.330866680922279,8.330866680922279,0.0,sew
J0451,B09_O08_TOE_CAP,B09_O08_TOE_CAP_CAP_B,B09_O08_TOE_CAP_G11,3.451670019248775,3.451670019248776,8.881784197001252e-16,sew
J0452,B09_O08_TOE_CAP,B09_O08_TOE_CAP_CAP_B,B09_O08_TOE_CAP_G12,2.441021839587863,2.4410218395878633,4.440892098500626e-16,sew
J0453,B09_O08_TOE_CAP,B09_O08_TOE_CAP_CAP_B,B09_O08_TOE_CAP_G13,2.4412891091076148,2.441289109107615,4.440892098500626e-16,sew
J0454,B09_O08_TOE_CAP,B09_O08_TOE_CAP_CAP_B,B09_O08_TOE_CAP_G14,3.452960510485559,3.452960510485559,0.0,sew
J0455,B09_O08_TOE_CAP,B09_O08_TOE_CAP_CAP_B,B09_O08_TOE_CAP_G15,8.338388212687736,8.338388212687738,1.7763568394002505e-15,sew
J0456,B09_O08_TOE_CAP,B09_O08_TOE_CAP_CAP_B,B09_O08_TOE_CAP_G16,13.334877253354913,13.334877253354891,2.1316282072803006e-14,sew
J0457,B09_O08_TOE_CAP,B09_O08_TOE_CAP_CAP_B,B09_O08_TOE_CAP_G2,6.426737857084753,6.426737857084778,2.5757174171303632e-14,sew
J0458,B09_O08_TOE_CAP,B09_O08_TOE_CAP_CAP_B,B09_O08_TOE_CAP_G3,3.660201738951371,3.6602017389513803,9.325873406851315e-15,sew
J0459,B09_O08_TOE_CAP,B09_O08_TOE_CAP_CAP_B,B09_O08_TOE_CAP_G4,3.114234490472524,3.114234490472528,3.9968028886505635e-15,sew
J0460,B09_O08_TOE_CAP,B09_O08_TOE_CAP_CAP_B,B09_O08_TOE_CAP_G5,3.6868528601351804,3.686852860135177,3.552713678800501e-15,sew
J0461,B09_O08_TOE_CAP,B09_O08_TOE_CAP_CAP_B,B09_O08_TOE_CAP_G6,6.544205200648266,6.544205200648295,2.930988785010413e-14,sew
J0462,B09_O08_TOE_CAP,B09_O08_TOE_CAP_CAP_B,B09_O08_TOE_CAP_G7,6.853343652630484,6.853343652630465,1.865174681370263e-14,sew
J0463,B09_O08_TOE_CAP,B09_O08_TOE_CAP_CAP_B,B09_O08_TOE_CAP_G8,10.648370164093022,10.648370164093016,5.329070518200751e-15,sew
J0464,B09_O08_TOE_CAP,B09_O08_TOE_CAP_CAP_B,B09_O08_TOE_CAP_G9,11.685045239288124,11.685045239288097,2.6645352591003757e-14,sew
J0465,B09_O08_TOE_CAP,B09_O08_TOE_CAP_G1,B09_O08_TOE_CAP_G16,737.9924171693857,737.9924171693859,2.2737367544323206e-13,zipper_service
J0466,B09_O08_TOE_CAP,B09_O08_TOE_CAP_G1,B09_O08_TOE_CAP_G2,726.6827391546392,726.6827391546392,0.0,sew
J0467,B09_O08_TOE_CAP,B09_O08_TOE_CAP_G10,B09_O08_TOE_CAP_G11,642.278415387457,642.278415387457,0.0,sew
J0468,B09_O08_TOE_CAP,B09_O08_TOE_CAP_G10,B09_O08_TOE_CAP_G9,702.08705033459,702.0870503345899,1.1368683772161603e-13,sew
J0469,B09_O08_TOE_CAP,B09_O08_TOE_CAP_G11,B09_O08_TOE_CAP_G12,630.4875605992554,630.4875605992554,0.0,sew
J0470,B09_O08_TOE_CAP,B09_O08_TOE_CAP_G12,B09_O08_TOE_CAP_G13,628.6799370904045,628.6799370904046,1.1368683772161603e-13,sew
J0471,B09_O08_TOE_CAP,B09_O08_TOE_CAP_G13,B09_O08_TOE_CAP_G14,632.4789883686259,632.4789883686257,2.2737367544323206e-13,sew
J0472,B09_O08_TOE_CAP,B09_O08_TOE_CAP_G14,B09_O08_TOE_CAP_G15,646.1694519075809,646.1694519075808,1.1368683772161603e-13,sew
J0473,B09_O08_TOE_CAP,B09_O08_TOE_CAP_G15,B09_O08_TOE_CAP_G16,707.5698833064321,707.569883306432,1.1368683772161603e-13,sew
J0474,B09_O08_TOE_CAP,B09_O08_TOE_CAP_G2,B09_O08_TOE_CAP_G3,712.085605143541,712.0856051435409,1.1368683772161603e-13,sew
J0475,B09_O08_TOE_CAP,B09_O08_TOE_CAP_G3,B09_O08_TOE_CAP_G4,706.442262330162,706.442262330162,0.0,sew
J0476,B09_O08_TOE_CAP,B09_O08_TOE_CAP_G4,B09_O08_TOE_CAP_G5,703.908633157431,703.9086331574307,3.410605131648481e-13,sew
J0477,B09_O08_TOE_CAP,B09_O08_TOE_CAP_G5,B09_O08_TOE_CAP_G6,703.2595577016127,703.2595577016125,2.2737367544323206e-13,sew
J0478,B09_O08_TOE_CAP,B09_O08_TOE_CAP_G6,B09_O08_TOE_CAP_G7,704.4938228318526,704.4938228318529,2.2737367544323206e-13,sew
J0479,B09_O08_TOE_CAP,B09_O08_TOE_CAP_G7,B09_O08_TOE_CAP_G8,716.7631903440099,716.7631903440099,0.0,sew
J0480,B09_O08_TOE_CAP,B09_O08_TOE_CAP_G8,B09_O08_TOE_CAP_G9,736.1765241776717,736.1765241776718,1.1368683772161603e-13,sew
J0481,B09_P01_PELVIS_CHAMBER,B09_P01_PELVIS_CHAMBER_CAP_A,B09_P01_PELVIS_CHAMBER_G1,18.751443448347118,18.751443448347118,0.0,sew
J0482,B09_P01_PELVIS_CHAMBER,B09_P01_PELVIS_CHAMBER_CAP_A,B09_P01_PELVIS_CHAMBER_G10,26.54322610764484,26.54322610764484,0.0,sew
J0483,B09_P01_PELVIS_CHAMBER,B09_P01_PELVIS_CHAMBER_CAP_A,B09_P01_PELVIS_CHAMBER_G11,64.08101645821148,64.08101645821148,0.0,sew
J0484,B09_P01_PELVIS_CHAMBER,B09_P01_PELVIS_CHAMBER_CAP_A,B09_P01_PELVIS_CHAMBER_G12,98.50372186938768,98.50372186938768,0.0,sew
J0485,B09_P01_PELVIS_CHAMBER,B09_P01_PELVIS_CHAMBER_CAP_A,B09_P01_PELVIS_CHAMBER_G13,98.57469229159062,98.57469229159062,0.0,sew
J0486,B09_P01_PELVIS_CHAMBER,B09_P01_PELVIS_CHAMBER_CAP_A,B09_P01_PELVIS_CHAMBER_G14,64.02143253541885,64.02143253541885,0.0,sew
J0487,B09_P01_PELVIS_CHAMBER,B09_P01_PELVIS_CHAMBER_CAP_A,B09_P01_PELVIS_CHAMBER_G15,26.518545638724618,26.518545638724618,0.0,sew
J0488,B09_P01_PELVIS_CHAMBER,B09_P01_PELVIS_CHAMBER_CAP_A,B09_P01_PELVIS_CHAMBER_G16,18.751443448347118,18.751443448347118,0.0,sew
J0489,B09_P01_PELVIS_CHAMBER,B09_P01_PELVIS_CHAMBER_CAP_A,B09_P01_PELVIS_CHAMBER_G2,26.518545638724618,26.51854563872462,3.552713678800501e-15,sew
J0490,B09_P01_PELVIS_CHAMBER,B09_P01_PELVIS_CHAMBER_CAP_A,B09_P01_PELVIS_CHAMBER_G3,64.02143253541885,64.02143253541885,0.0,sew
J0491,B09_P01_PELVIS_CHAMBER,B09_P01_PELVIS_CHAMBER_CAP_A,B09_P01_PELVIS_CHAMBER_G4,98.5746922915905,98.5746922915905,0.0,sew
J0492,B09_P01_PELVIS_CHAMBER,B09_P01_PELVIS_CHAMBER_CAP_A,B09_P01_PELVIS_CHAMBER_G5,98.50372186938739,98.50372186938739,0.0,sew
J0493,B09_P01_PELVIS_CHAMBER,B09_P01_PELVIS_CHAMBER_CAP_A,B09_P01_PELVIS_CHAMBER_G6,64.0810164582117,64.0810164582117,0.0,sew
J0494,B09_P01_PELVIS_CHAMBER,B09_P01_PELVIS_CHAMBER_CAP_A,B09_P01_PELVIS_CHAMBER_G7,26.54322610764484,26.54322610764484,0.0,sew
J0495,B09_P01_PELVIS_CHAMBER,B09_P01_PELVIS_CHAMBER_CAP_A,B09_P01_PELVIS_CHAMBER_G8,18.768895175283433,18.768895175283433,0.0,sew
J0496,B09_P01_PELVIS_CHAMBER,B09_P01_PELVIS_CHAMBER_CAP_A,B09_P01_PELVIS_CHAMBER_G9,18.768895175283433,18.768895175283433,0.0,sew
J0497,B09_P01_PELVIS_CHAMBER,B09_P01_PELVIS_CHAMBER_CAP_B,B09_P01_PELVIS_CHAMBER_G1,18.76207566777225,18.76207566777225,0.0,sew
J0498,B09_P01_PELVIS_CHAMBER,B09_P01_PELVIS_CHAMBER_CAP_B,B09_P01_PELVIS_CHAMBER_G10,26.528189878735702,26.528189878735702,0.0,sew
J0499,B09_P01_PELVIS_CHAMBER,B09_P01_PELVIS_CHAMBER_CAP_B,B09_P01_PELVIS_CHAMBER_G11,64.04471579045253,64.04471579045253,0.0,sew
J0500,B09_P01_PELVIS_CHAMBER,B09_P01_PELVIS_CHAMBER_CAP_B,B09_P01_PELVIS_CHAMBER_G12,98.54679617079746,98.54679617079746,0.0,sew
J0501,B09_P01_PELVIS_CHAMBER,B09_P01_PELVIS_CHAMBER_CAP_B,B09_P01_PELVIS_CHAMBER_G13,98.53129114154,98.53129114153998,1.4210854715202004e-14,sew
J0502,B09_P01_PELVIS_CHAMBER,B09_P01_PELVIS_CHAMBER_CAP_B,B09_P01_PELVIS_CHAMBER_G14,64.05773320317792,64.05773320317792,0.0,sew
J0503,B09_P01_PELVIS_CHAMBER,B09_P01_PELVIS_CHAMBER_CAP_B,B09_P01_PELVIS_CHAMBER_G15,26.53358186763353,26.53358186763353,0.0,sew
J0504,B09_P01_PELVIS_CHAMBER,B09_P01_PELVIS_CHAMBER_CAP_B,B09_P01_PELVIS_CHAMBER_G16,18.76207566777225,18.762075667772248,3.552713678800501e-15,sew
J0505,B09_P01_PELVIS_CHAMBER,B09_P01_PELVIS_CHAMBER_CAP_B,B09_P01_PELVIS_CHAMBER_G2,26.53358186763353,26.533581867633533,3.552713678800501e-15,sew
J0506,B09_P01_PELVIS_CHAMBER,B09_P01_PELVIS_CHAMBER_CAP_B,B09_P01_PELVIS_CHAMBER_G3,64.05773320317803,64.05773320317802,1.4210854715202004e-14,sew
J0507,B09_P01_PELVIS_CHAMBER,B09_P01_PELVIS_CHAMBER_CAP_B,B09_P01_PELVIS_CHAMBER_G4,98.53129114153997,98.53129114153997,0.0,sew
J0508,B09_P01_PELVIS_CHAMBER,B09_P01_PELVIS_CHAMBER_CAP_B,B09_P01_PELVIS_CHAMBER_G5,98.54679617079738,98.54679617079734,4.263256414560601e-14,sew
J0509,B09_P01_PELVIS_CHAMBER,B09_P01_PELVIS_CHAMBER_CAP_B,B09_P01_PELVIS_CHAMBER_G6,64.04471579045253,64.04471579045251,1.4210854715202004e-14,sew
J0510,B09_P01_PELVIS_CHAMBER,B09_P01_PELVIS_CHAMBER_CAP_B,B09_P01_PELVIS_CHAMBER_G7,26.528189878735702,26.5281898787357,3.552713678800501e-15,sew
J0511,B09_P01_PELVIS_CHAMBER,B09_P01_PELVIS_CHAMBER_CAP_B,B09_P01_PELVIS_CHAMBER_G8,18.758262955858527,18.758262955858527,0.0,sew
J0512,B09_P01_PELVIS_CHAMBER,B09_P01_PELVIS_CHAMBER_CAP_B,B09_P01_PELVIS_CHAMBER_G9,18.7582629558583,18.7582629558583,0.0,sew
J0513,B09_P01_PELVIS_CHAMBER,B09_P01_PELVIS_CHAMBER_G1,B09_P01_PELVIS_CHAMBER_G16,640.831531977203,640.8315319772026,3.410605131648481e-13,sew
J0514,B09_P01_PELVIS_CHAMBER,B09_P01_PELVIS_CHAMBER_G1,B09_P01_PELVIS_CHAMBER_G2,644.3754646888492,644.3754646888494,2.2737367544323206e-13,sew
J0515,B09_P01_PELVIS_CHAMBER,B09_P01_PELVIS_CHAMBER_G10,B09_P01_PELVIS_CHAMBER_G11,659.7118649909347,659.7118649909345,2.2737367544323206e-13,sew
J0516,B09_P01_PELVIS_CHAMBER,B09_P01_PELVIS_CHAMBER_G10,B09_P01_PELVIS_CHAMBER_G9,644.3700614290412,644.3700614290412,0.0,sew
J0517,B09_P01_PELVIS_CHAMBER,B09_P01_PELVIS_CHAMBER_G11,B09_P01_PELVIS_CHAMBER_G12,719.9889575292024,719.9889575292025,1.1368683772161603e-13,sew
J0518,B09_P01_PELVIS_CHAMBER,B09_P01_PELVIS_CHAMBER_G12,B09_P01_PELVIS_CHAMBER_G13,640.7357203528419,640.7357203528419,0.0,sew
J0519,B09_P01_PELVIS_CHAMBER,B09_P01_PELVIS_CHAMBER_G13,B09_P01_PELVIS_CHAMBER_G14,720.0727303046394,720.0727303046391,3.410605131648481e-13,sew
J0520,B09_P01_PELVIS_CHAMBER,B09_P01_PELVIS_CHAMBER_G14,B09_P01_PELVIS_CHAMBER_G15,659.7371698690031,659.7371698690033,2.2737367544323206e-13,sew
J0521,B09_P01_PELVIS_CHAMBER,B09_P01_PELVIS_CHAMBER_G15,B09_P01_PELVIS_CHAMBER_G16,644.3754646888024,644.3754646888027,3.410605131648481e-13,sew
J0522,B09_P01_PELVIS_CHAMBER,B09_P01_PELVIS_CHAMBER_G2,B09_P01_PELVIS_CHAMBER_G3,659.7371698690876,659.7371698690874,1.1368683772161603e-13,sew
J0523,B09_P01_PELVIS_CHAMBER,B09_P01_PELVIS_CHAMBER_G3,B09_P01_PELVIS_CHAMBER_G4,720.0727303047565,720.0727303047563,2.2737367544323206e-13,zipper_service
J0524,B09_P01_PELVIS_CHAMBER,B09_P01_PELVIS_CHAMBER_G4,B09_P01_PELVIS_CHAMBER_G5,640.7357203533471,640.7357203533471,0.0,sew
J0525,B09_P01_PELVIS_CHAMBER,B09_P01_PELVIS_CHAMBER_G5,B09_P01_PELVIS_CHAMBER_G6,719.9889575276502,719.9889575276504,2.2737367544323206e-13,sew
J0526,B09_P01_PELVIS_CHAMBER,B09_P01_PELVIS_CHAMBER_G6,B09_P01_PELVIS_CHAMBER_G7,659.7118649910184,659.7118649910182,2.2737367544323206e-13,sew
J0527,B09_P01_PELVIS_CHAMBER,B09_P01_PELVIS_CHAMBER_G7,B09_P01_PELVIS_CHAMBER_G8,644.3700614290874,644.3700614290873,1.1368683772161603e-13,sew
J0528,B09_P01_PELVIS_CHAMBER,B09_P01_PELVIS_CHAMBER_G8,B09_P01_PELVIS_CHAMBER_G9,640.8315319772028,640.8315319772028,0.0,sew
J0529,B09_P02_THIGH_TRANSITION,B09_P02_THIGH_TRANSITION_CAP_A,B09_P02_THIGH_TRANSITION_G1,4.110482341526879,4.110482341526881,1.7763568394002505e-15,sew
J0530,B09_P02_THIGH_TRANSITION,B09_P02_THIGH_TRANSITION_CAP_A,B09_P02_THIGH_TRANSITION_G10,5.926202400089719,5.9262024000897195,8.881784197001252e-16,sew
J0531,B09_P02_THIGH_TRANSITION,B09_P02_THIGH_TRANSITION_CAP_A,B09_P02_THIGH_TRANSITION_G11,8.975001183811106,8.975001183811107,1.7763568394002505e-15,sew
J0532,B09_P02_THIGH_TRANSITION,B09_P02_THIGH_TRANSITION_CAP_A,B09_P02_THIGH_TRANSITION_G12,20.555958983143725,20.55595898314372,3.552713678800501e-15,sew
J0533,B09_P02_THIGH_TRANSITION,B09_P02_THIGH_TRANSITION_CAP_A,B09_P02_THIGH_TRANSITION_G13,19.60622748895113,19.60622748895113,0.0,sew
J0534,B09_P02_THIGH_TRANSITION,B09_P02_THIGH_TRANSITION_CAP_A,B09_P02_THIGH_TRANSITION_G14,9.581968728941254,9.581968728941256,1.7763568394002505e-15,sew
J0535,B09_P02_THIGH_TRANSITION,B09_P02_THIGH_TRANSITION_CAP_A,B09_P02_THIGH_TRANSITION_G15,6.346251322237819,6.34625132223782,8.881784197001252e-16,sew
J0536,B09_P02_THIGH_TRANSITION,B09_P02_THIGH_TRANSITION_CAP_A,B09_P02_THIGH_TRANSITION_G16,4.721204045170042,4.721204045170042,0.0,sew
J0537,B09_P02_THIGH_TRANSITION,B09_P02_THIGH_TRANSITION_CAP_A,B09_P02_THIGH_TRANSITION_G2,4.981465344047232,4.981465344047232,0.0,sew
J0538,B09_P02_THIGH_TRANSITION,B09_P02_THIGH_TRANSITION_CAP_A,B09_P02_THIGH_TRANSITION_G3,9.164336552864107,9.16433655286411,3.552713678800501e-15,sew
J0539,B09_P02_THIGH_TRANSITION,B09_P02_THIGH_TRANSITION_CAP_A,B09_P02_THIGH_TRANSITION_G4,21.281606193275575,21.281606193275582,7.105427357601002e-15,sew
J0540,B09_P02_THIGH_TRANSITION,B09_P02_THIGH_TRANSITION_CAP_A,B09_P02_THIGH_TRANSITION_G5,19.080879383122586,19.080879383122593,7.105427357601002e-15,sew
J0541,B09_P02_THIGH_TRANSITION,B09_P02_THIGH_TRANSITION_CAP_A,B09_P02_THIGH_TRANSITION_G6,11.432030513162657,11.432030513162658,1.7763568394002505e-15,sew
J0542,B09_P02_THIGH_TRANSITION,B09_P02_THIGH_TRANSITION_CAP_A,B09_P02_THIGH_TRANSITION_G7,5.435904249769971,5.435904249769973,2.6645352591003757e-15,sew
J0543,B09_P02_THIGH_TRANSITION,B09_P02_THIGH_TRANSITION_CAP_A,B09_P02_THIGH_TRANSITION_G8,4.137101471367974,4.137101471367975,8.881784197001252e-16,sew
J0544,B09_P02_THIGH_TRANSITION,B09_P02_THIGH_TRANSITION_CAP_A,B09_P02_THIGH_TRANSITION_G9,4.407192474816647,4.407192474816648,1.7763568394002505e-15,sew
J0545,B09_P02_THIGH_TRANSITION,B09_P02_THIGH_TRANSITION_CAP_B,B09_P02_THIGH_TRANSITION_G1,4.1583176234602215,4.158317623460215,6.217248937900877e-15,sew
J0546,B09_P02_THIGH_TRANSITION,B09_P02_THIGH_TRANSITION_CAP_B,B09_P02_THIGH_TRANSITION_G10,6.015464912169211,6.0154649121692145,3.552713678800501e-15,sew
J0547,B09_P02_THIGH_TRANSITION,B09_P02_THIGH_TRANSITION_CAP_B,B09_P02_THIGH_TRANSITION_G11,9.464106548349099,9.464106548349095,3.552713678800501e-15,sew
J0548,B09_P02_THIGH_TRANSITION,B09_P02_THIGH_TRANSITION_CAP_B,B09_P02_THIGH_TRANSITION_G12,19.547816453322792,19.547816453322785,7.105427357601002e-15,sew
J0549,B09_P02_THIGH_TRANSITION,B09_P02_THIGH_TRANSITION_CAP_B,B09_P02_THIGH_TRANSITION_G13,20.50070927465486,20.50070927465486,0.0,sew
J0550,B09_P02_THIGH_TRANSITION,B09_P02_THIGH_TRANSITION_CAP_B,B09_P02_THIGH_TRANSITION_G14,8.855954228834065,8.855954228834074,8.881784197001252e-15,sew
J0551,B09_P02_THIGH_TRANSITION,B09_P02_THIGH_TRANSITION_CAP_B,B09_P02_THIGH_TRANSITION_G15,5.640974617627107,5.640974617627108,8.881784197001252e-16,sew
J0552,B09_P02_THIGH_TRANSITION,B09_P02_THIGH_TRANSITION_CAP_B,B09_P02_THIGH_TRANSITION_G16,4.452659539458058,4.452659539458062,3.552713678800501e-15,sew
J0553,B09_P02_THIGH_TRANSITION,B09_P02_THIGH_TRANSITION_CAP_B,B09_P02_THIGH_TRANSITION_G2,5.432446992476369,5.432446992476367,1.7763568394002505e-15,sew
J0554,B09_P02_THIGH_TRANSITION,B09_P02_THIGH_TRANSITION_CAP_B,B09_P02_THIGH_TRANSITION_G3,11.31009775800464,11.31009775800464,0.0,sew
J0555,B09_P02_THIGH_TRANSITION,B09_P02_THIGH_TRANSITION_CAP_B,B09_P02_THIGH_TRANSITION_G4,18.464114552567377,18.464114552567363,1.4210854715202004e-14,sew
J0556,B09_P02_THIGH_TRANSITION,B09_P02_THIGH_TRANSITION_CAP_B,B09_P02_THIGH_TRANSITION_G5,20.61236229628197,20.612362296281965,3.552713678800501e-15,sew
J0557,B09_P02_THIGH_TRANSITION,B09_P02_THIGH_TRANSITION_CAP_B,B09_P02_THIGH_TRANSITION_G6,9.054960493696381,9.054960493696383,1.7763568394002505e-15,sew
J0558,B09_P02_THIGH_TRANSITION,B09_P02_THIGH_TRANSITION_CAP_B,B09_P02_THIGH_TRANSITION_G7,4.993283866111953,4.993283866111954,8.881784197001252e-16,sew
J0559,B09_P02_THIGH_TRANSITION,B09_P02_THIGH_TRANSITION_CAP_B,B09_P02_THIGH_TRANSITION_G8,4.158743234037865,4.158743234037876,1.0658141036401503e-14,sew
J0560,B09_P02_THIGH_TRANSITION,B09_P02_THIGH_TRANSITION_CAP_B,B09_P02_THIGH_TRANSITION_G9,4.82021259458029,4.820212594580289,8.881784197001252e-16,sew
J0561,B09_P02_THIGH_TRANSITION,B09_P02_THIGH_TRANSITION_G1,B09_P02_THIGH_TRANSITION_G16,595.8064002361414,595.8064002361414,0.0,sew
J0562,B09_P02_THIGH_TRANSITION,B09_P02_THIGH_TRANSITION_G1,B09_P02_THIGH_TRANSITION_G2,599.0109740325996,599.0109740325997,1.1368683772161603e-13,sew
J0563,B09_P02_THIGH_TRANSITION,B09_P02_THIGH_TRANSITION_G10,B09_P02_THIGH_TRANSITION_G11,605.2405324434048,605.240532443405,1.1368683772161603e-13,sew
J0564,B09_P02_THIGH_TRANSITION,B09_P02_THIGH_TRANSITION_G10,B09_P02_THIGH_TRANSITION_G9,596.6211119197953,596.6211119197955,1.1368683772161603e-13,sew
J0565,B09_P02_THIGH_TRANSITION,B09_P02_THIGH_TRANSITION_G11,B09_P02_THIGH_TRANSITION_G12,644.1074369867663,644.1074369867661,2.2737367544323206e-13,sew
J0566,B09_P02_THIGH_TRANSITION,B09_P02_THIGH_TRANSITION_G12,B09_P02_THIGH_TRANSITION_G13,724.5820351565833,724.5820351565832,1.1368683772161603e-13,sew
J0567,B09_P02_THIGH_TRANSITION,B09_P02_THIGH_TRANSITION_G13,B09_P02_THIGH_TRANSITION_G14,643.9519710511238,643.9519710511236,2.2737367544323206e-13,sew
J0568,B09_P02_THIGH_TRANSITION,B09_P02_THIGH_TRANSITION_G14,B09_P02_THIGH_TRANSITION_G15,605.2121236938337,605.2121236938341,3.410605131648481e-13,sew
J0569,B09_P02_THIGH_TRANSITION,B09_P02_THIGH_TRANSITION_G15,B09_P02_THIGH_TRANSITION_G16,596.7021697023403,596.7021697023404,1.1368683772161603e-13,sew
J0570,B09_P02_THIGH_TRANSITION,B09_P02_THIGH_TRANSITION_G2,B09_P02_THIGH_TRANSITION_G3,610.119641363314,610.1196413633139,1.1368683772161603e-13,sew
J0571,B09_P02_THIGH_TRANSITION,B09_P02_THIGH_TRANSITION_G3,B09_P02_THIGH_TRANSITION_G4,648.4968264472005,648.4968264472004,1.1368683772161603e-13,sew
J0572,B09_P02_THIGH_TRANSITION,B09_P02_THIGH_TRANSITION_G4,B09_P02_THIGH_TRANSITION_G5,726.6158192494363,726.6158192494364,1.1368683772161603e-13,zipper_service
J0573,B09_P02_THIGH_TRANSITION,B09_P02_THIGH_TRANSITION_G5,B09_P02_THIGH_TRANSITION_G6,648.318737025461,648.3187370254612,2.2737367544323206e-13,sew
J0574,B09_P02_THIGH_TRANSITION,B09_P02_THIGH_TRANSITION_G6,B09_P02_THIGH_TRANSITION_G7,609.9834065374713,609.9834065374713,0.0,sew
J0575,B09_P02_THIGH_TRANSITION,B09_P02_THIGH_TRANSITION_G7,B09_P02_THIGH_TRANSITION_G8,598.8125687061568,598.8125687061568,0.0,sew
J0576,B09_P02_THIGH_TRANSITION,B09_P02_THIGH_TRANSITION_G8,B09_P02_THIGH_TRANSITION_G9,595.7408348691114,595.7408348691116,2.2737367544323206e-13,sew
J0577,B09_PAD_D_C1_CANTILEVER,B09_PAD_D_C1_CANTILEVER_CAP_A,B09_PAD_D_C1_CANTILEVER_G1,8.569946973610513,8.569946973610513,0.0,sew
J0578,B09_PAD_D_C1_CANTILEVER,B09_PAD_D_C1_CANTILEVER_CAP_A,B09_PAD_D_C1_CANTILEVER_G10,8.514747832262612,8.514747832262614,1.7763568394002505e-15,sew
J0579,B09_PAD_D_C1_CANTILEVER,B09_PAD_D_C1_CANTILEVER_CAP_A,B09_PAD_D_C1_CANTILEVER_G11,8.555108659566066,8.555108659566066,0.0,sew
J0580,B09_PAD_D_C1_CANTILEVER,B09_PAD_D_C1_CANTILEVER_CAP_A,B09_PAD_D_C1_CANTILEVER_G12,8.566789989308365,8.566789989308367,1.7763568394002505e-15,sew
J0581,B09_PAD_D_C1_CANTILEVER,B09_PAD_D_C1_CANTILEVER_CAP_A,B09_PAD_D_C1_CANTILEVER_G13,8.586214247666863,8.586214247666867,3.552713678800501e-15,sew
J0582,B09_PAD_D_C1_CANTILEVER,B09_PAD_D_C1_CANTILEVER_CAP_A,B09_PAD_D_C1_CANTILEVER_G14,8.61852224465772,8.61852224465772,0.0,sew
J0583,B09_PAD_D_C1_CANTILEVER,B09_PAD_D_C1_CANTILEVER_CAP_A,B09_PAD_D_C1_CANTILEVER_G15,8.683296444470262,8.683296444470262,0.0,sew
J0584,B09_PAD_D_C1_CANTILEVER,B09_PAD_D_C1_CANTILEVER_CAP_A,B09_PAD_D_C1_CANTILEVER_G16,8.569946973610513,8.569946973610513,0.0,sew
J0585,B09_PAD_D_C1_CANTILEVER,B09_PAD_D_C1_CANTILEVER_CAP_A,B09_PAD_D_C1_CANTILEVER_G2,8.683296444470262,8.683296444470262,0.0,sew
J0586,B09_PAD_D_C1_CANTILEVER,B09_PAD_D_C1_CANTILEVER_CAP_A,B09_PAD_D_C1_CANTILEVER_G3,8.618522244657846,8.618522244657846,0.0,sew
J0587,B09_PAD_D_C1_CANTILEVER,B09_PAD_D_C1_CANTILEVER_CAP_A,B09_PAD_D_C1_CANTILEVER_G4,8.586214247666863,8.586214247666865,1.7763568394002505e-15,sew
J0588,B09_PAD_D_C1_CANTILEVER,B09_PAD_D_C1_CANTILEVER_CAP_A,B09_PAD_D_C1_CANTILEVER_G5,8.56678998930835,8.566789989308354,3.552713678800501e-15,sew
J0589,B09_PAD_D_C1_CANTILEVER,B09_PAD_D_C1_CANTILEVER_CAP_A,B09_PAD_D_C1_CANTILEVER_G6,8.555108659566113,8.555108659566113,0.0,sew
J0590,B09_PAD_D_C1_CANTILEVER,B09_PAD_D_C1_CANTILEVER_CAP_A,B09_PAD_D_C1_CANTILEVER_G7,8.514747832262422,8.514747832262422,0.0,sew
J0591,B09_PAD_D_C1_CANTILEVER,B09_PAD_D_C1_CANTILEVER_CAP_A,B09_PAD_D_C1_CANTILEVER_G8,8.508454766360543,8.508454766360543,0.0,sew
J0592,B09_PAD_D_C1_CANTILEVER,B09_PAD_D_C1_CANTILEVER_CAP_A,B09_PAD_D_C1_CANTILEVER_G9,8.508454766360321,8.508454766360321,0.0,sew
J0593,B09_PAD_D_C1_CANTILEVER,B09_PAD_D_C1_CANTILEVER_CAP_B,B09_PAD_D_C1_CANTILEVER_G1,8.569946973610513,8.569946973610511,1.7763568394002505e-15,sew
J0594,B09_PAD_D_C1_CANTILEVER,B09_PAD_D_C1_CANTILEVER_CAP_B,B09_PAD_D_C1_CANTILEVER_G10,8.514747832262422,8.514747832262433,1.0658141036401503e-14,sew
J0595,B09_PAD_D_C1_CANTILEVER,B09_PAD_D_C1_CANTILEVER_CAP_B,B09_PAD_D_C1_CANTILEVER_G11,8.555108659566066,8.555108659566049,1.7763568394002505e-14,sew
J0596,B09_PAD_D_C1_CANTILEVER,B09_PAD_D_C1_CANTILEVER_CAP_B,B09_PAD_D_C1_CANTILEVER_G12,8.56678998930841,8.566789989308429,1.9539925233402755e-14,sew
J0597,B09_PAD_D_C1_CANTILEVER,B09_PAD_D_C1_CANTILEVER_CAP_B,B09_PAD_D_C1_CANTILEVER_G13,8.586214247666865,8.586214247666863,1.7763568394002505e-15,sew
J0598,B09_PAD_D_C1_CANTILEVER,B09_PAD_D_C1_CANTILEVER_CAP_B,B09_PAD_D_C1_CANTILEVER_G14,8.618522244657846,8.618522244657825,2.1316282072803006e-14,sew
J0599,B09_PAD_D_C1_CANTILEVER,B09_PAD_D_C1_CANTILEVER_CAP_B,B09_PAD_D_C1_CANTILEVER_G15,8.683296444470262,8.683296444470198,6.394884621840902e-14,sew
J0600,B09_PAD_D_C1_CANTILEVER,B09_PAD_D_C1_CANTILEVER_CAP_B,B09_PAD_D_C1_CANTILEVER_G16,8.569946973610513,8.569946973610513,0.0,sew
J0601,B09_PAD_D_C1_CANTILEVER,B09_PAD_D_C1_CANTILEVER_CAP_B,B09_PAD_D_C1_CANTILEVER_G2,8.683296444470262,8.683296444470251,1.0658141036401503e-14,sew
J0602,B09_PAD_D_C1_CANTILEVER,B09_PAD_D_C1_CANTILEVER_CAP_B,B09_PAD_D_C1_CANTILEVER_G3,8.61852224465772,8.618522244657708,1.2434497875801753e-14,sew
J0603,B09_PAD_D_C1_CANTILEVER,B09_PAD_D_C1_CANTILEVER_CAP_B,B09_PAD_D_C1_CANTILEVER_G4,8.586214247666865,8.586214247666845,1.9539925233402755e-14,sew
J0604,B09_PAD_D_C1_CANTILEVER,B09_PAD_D_C1_CANTILEVER_CAP_B,B09_PAD_D_C1_CANTILEVER_G5,8.56678998930831,8.566789989308264,4.618527782440651e-14,sew
J0605,B09_PAD_D_C1_CANTILEVER,B09_PAD_D_C1_CANTILEVER_CAP_B,B09_PAD_D_C1_CANTILEVER_G6,8.555108659566113,8.555108659566104,8.881784197001252e-15,sew
J0606,B09_PAD_D_C1_CANTILEVER,B09_PAD_D_C1_CANTILEVER_CAP_B,B09_PAD_D_C1_CANTILEVER_G7,8.514747832262612,8.51474783226262,7.105427357601002e-15,sew
J0607,B09_PAD_D_C1_CANTILEVER,B09_PAD_D_C1_CANTILEVER_CAP_B,B09_PAD_D_C1_CANTILEVER_G8,8.508454766360321,8.50845476636032,1.7763568394002505e-15,sew
J0608,B09_PAD_D_C1_CANTILEVER,B09_PAD_D_C1_CANTILEVER_CAP_B,B09_PAD_D_C1_CANTILEVER_G9,8.508454766360543,8.508454766360545,1.7763568394002505e-15,sew
J0609,B09_PAD_D_C1_CANTILEVER,B09_PAD_D_C1_CANTILEVER_G1,B09_PAD_D_C1_CANTILEVER_G16,866.6150254050275,866.6150254050274,1.1368683772161603e-13,sew
J0610,B09_PAD_D_C1_CANTILEVER,B09_PAD_D_C1_CANTILEVER_G1,B09_PAD_D_C1_CANTILEVER_G2,867.2268284315585,867.2268284315587,2.2737367544323206e-13,sew
J0611,B09_PAD_D_C1_CANTILEVER,B09_PAD_D_C1_CANTILEVER_G10,B09_PAD_D_C1_CANTILEVER_G11,888.6378327901477,888.637832790148,2.2737367544323206e-13,sew
J0612,B09_PAD_D_C1_CANTILEVER,B09_PAD_D_C1_CANTILEVER_G10,B09_PAD_D_C1_CANTILEVER_G9,888.2987221238842,888.298722123884,2.2737367544323206e-13,sew
J0613,B09_PAD_D_C1_CANTILEVER,B09_PAD_D_C1_CANTILEVER_G11,B09_PAD_D_C1_CANTILEVER_G12,888.989487965462,888.9894879654616,3.410605131648481e-13,sew
J0614,B09_PAD_D_C1_CANTILEVER,B09_PAD_D_C1_CANTILEVER_G12,B09_PAD_D_C1_CANTILEVER_G13,889.3323087288893,889.332308728889,3.410605131648481e-13,zipper_service
J0615,B09_PAD_D_C1_CANTILEVER,B09_PAD_D_C1_CANTILEVER_G13,B09_PAD_D_C1_CANTILEVER_G14,888.9570941404336,888.9570941404335,1.1368683772161603e-13,sew
J0616,B09_PAD_D_C1_CANTILEVER,B09_PAD_D_C1_CANTILEVER_G14,B09_PAD_D_C1_CANTILEVER_G15,878.3269130290213,878.326913029021,3.410605131648481e-13,sew
J0617,B09_PAD_D_C1_CANTILEVER,B09_PAD_D_C1_CANTILEVER_G15,B09_PAD_D_C1_CANTILEVER_G16,867.2268284315587,867.2268284315587,0.0,sew
J0618,B09_PAD_D_C1_CANTILEVER,B09_PAD_D_C1_CANTILEVER_G2,B09_PAD_D_C1_CANTILEVER_G3,878.3269130290211,878.326913029021,1.1368683772161603e-13,sew
J0619,B09_PAD_D_C1_CANTILEVER,B09_PAD_D_C1_CANTILEVER_G3,B09_PAD_D_C1_CANTILEVER_G4,888.9570941404336,888.9570941404335,1.1368683772161603e-13,sew
J0620,B09_PAD_D_C1_CANTILEVER,B09_PAD_D_C1_CANTILEVER_G4,B09_PAD_D_C1_CANTILEVER_G5,889.332308728889,889.3323087288888,1.1368683772161603e-13,sew
J0621,B09_PAD_D_C1_CANTILEVER,B09_PAD_D_C1_CANTILEVER_G5,B09_PAD_D_C1_CANTILEVER_G6,888.9894879654619,888.989487965462,1.1368683772161603e-13,sew
J0622,B09_PAD_D_C1_CANTILEVER,B09_PAD_D_C1_CANTILEVER_G6,B09_PAD_D_C1_CANTILEVER_G7,888.6378327901477,888.6378327901477,0.0,sew
J0623,B09_PAD_D_C1_CANTILEVER,B09_PAD_D_C1_CANTILEVER_G7,B09_PAD_D_C1_CANTILEVER_G8,888.2987221238841,888.2987221238841,0.0,sew
J0624,B09_PAD_D_C1_CANTILEVER,B09_PAD_D_C1_CANTILEVER_G8,B09_PAD_D_C1_CANTILEVER_G9,888.0688281364418,888.0688281364414,3.410605131648481e-13,sew
J0625,B09_PAD_D_C1_LEFT_COLUMN,B09_PAD_D_C1_LEFT_COLUMN_CAP_A,B09_PAD_D_C1_LEFT_COLUMN_G1,18.914775823550798,18.9147758235508,3.552713678800501e-15,sew
J0626,B09_PAD_D_C1_LEFT_COLUMN,B09_PAD_D_C1_LEFT_COLUMN_CAP_A,B09_PAD_D_C1_LEFT_COLUMN_G10,18.9164118874352,18.916411887435203,3.552713678800501e-15,sew
J0627,B09_PAD_D_C1_LEFT_COLUMN,B09_PAD_D_C1_LEFT_COLUMN_CAP_A,B09_PAD_D_C1_LEFT_COLUMN_G11,18.924360371519906,18.924360371519906,0.0,sew
J0628,B09_PAD_D_C1_LEFT_COLUMN,B09_PAD_D_C1_LEFT_COLUMN_CAP_A,B09_PAD_D_C1_LEFT_COLUMN_G12,18.960246433415016,18.960246433415016,0.0,sew
J0629,B09_PAD_D_C1_LEFT_COLUMN,B09_PAD_D_C1_LEFT_COLUMN_CAP_A,B09_PAD_D_C1_LEFT_COLUMN_G13,18.960246433415072,18.960246433415072,0.0,sew
J0630,B09_PAD_D_C1_LEFT_COLUMN,B09_PAD_D_C1_LEFT_COLUMN_CAP_A,B09_PAD_D_C1_LEFT_COLUMN_G14,18.924360371519903,18.924360371519906,3.552713678800501e-15,sew
J0631,B09_PAD_D_C1_LEFT_COLUMN,B09_PAD_D_C1_LEFT_COLUMN_CAP_A,B09_PAD_D_C1_LEFT_COLUMN_G15,18.9164118874352,18.916411887435203,3.552713678800501e-15,sew
J0632,B09_PAD_D_C1_LEFT_COLUMN,B09_PAD_D_C1_LEFT_COLUMN_CAP_A,B09_PAD_D_C1_LEFT_COLUMN_G16,18.921875311636807,18.921875311636807,0.0,sew
J0633,B09_PAD_D_C1_LEFT_COLUMN,B09_PAD_D_C1_LEFT_COLUMN_CAP_A,B09_PAD_D_C1_LEFT_COLUMN_G2,18.921692959490333,18.921692959490336,3.552713678800501e-15,sew
J0634,B09_PAD_D_C1_LEFT_COLUMN,B09_PAD_D_C1_LEFT_COLUMN_CAP_A,B09_PAD_D_C1_LEFT_COLUMN_G3,18.917838824076178,18.917838824076178,0.0,sew
J0635,B09_PAD_D_C1_LEFT_COLUMN,B09_PAD_D_C1_LEFT_COLUMN_CAP_A,B09_PAD_D_C1_LEFT_COLUMN_G4,18.92589098191606,18.92589098191606,0.0,sew
J0636,B09_PAD_D_C1_LEFT_COLUMN,B09_PAD_D_C1_LEFT_COLUMN_CAP_A,B09_PAD_D_C1_LEFT_COLUMN_G5,18.925890981916112,18.925890981916115,3.552713678800501e-15,sew
J0637,B09_PAD_D_C1_LEFT_COLUMN,B09_PAD_D_C1_LEFT_COLUMN_CAP_A,B09_PAD_D_C1_LEFT_COLUMN_G6,18.917838824076128,18.91783882407613,3.552713678800501e-15,sew
J0638,B09_PAD_D_C1_LEFT_COLUMN,B09_PAD_D_C1_LEFT_COLUMN_CAP_A,B09_PAD_D_C1_LEFT_COLUMN_G7,18.92169295949036,18.921692959490372,1.0658141036401503e-14,sew
J0639,B09_PAD_D_C1_LEFT_COLUMN,B09_PAD_D_C1_LEFT_COLUMN_CAP_A,B09_PAD_D_C1_LEFT_COLUMN_G8,18.914775823550798,18.9147758235508,3.552713678800501e-15,sew
J0640,B09_PAD_D_C1_LEFT_COLUMN,B09_PAD_D_C1_LEFT_COLUMN_CAP_A,B09_PAD_D_C1_LEFT_COLUMN_G9,18.921875311636807,18.921875311636807,0.0,sew
J0641,B09_PAD_D_C1_LEFT_COLUMN,B09_PAD_D_C1_LEFT_COLUMN_CAP_B,B09_PAD_D_C1_LEFT_COLUMN_G1,8.350481074138164,8.35048107413816,3.552713678800501e-15,sew
J0642,B09_PAD_D_C1_LEFT_COLUMN,B09_PAD_D_C1_LEFT_COLUMN_CAP_B,B09_PAD_D_C1_LEFT_COLUMN_G10,8.351677789064333,8.351677789064333,0.0,sew
J0643,B09_PAD_D_C1_LEFT_COLUMN,B09_PAD_D_C1_LEFT_COLUMN_CAP_B,B09_PAD_D_C1_LEFT_COLUMN_G11,8.350389048066912,8.350389048066914,1.7763568394002505e-15,sew
J0644,B09_PAD_D_C1_LEFT_COLUMN,B09_PAD_D_C1_LEFT_COLUMN_CAP_B,B09_PAD_D_C1_LEFT_COLUMN_G12,8.348917459594333,8.348917459594333,0.0,sew
J0645,B09_PAD_D_C1_LEFT_COLUMN,B09_PAD_D_C1_LEFT_COLUMN_CAP_B,B09_PAD_D_C1_LEFT_COLUMN_G13,8.34891745959439,8.348917459594391,1.7763568394002505e-15,sew
J0646,B09_PAD_D_C1_LEFT_COLUMN,B09_PAD_D_C1_LEFT_COLUMN_CAP_B,B09_PAD_D_C1_LEFT_COLUMN_G14,8.350389048066914,8.350389048066914,0.0,sew
J0647,B09_PAD_D_C1_LEFT_COLUMN,B09_PAD_D_C1_LEFT_COLUMN_CAP_B,B09_PAD_D_C1_LEFT_COLUMN_G15,8.35167778906433,8.35167778906433,0.0,sew
J0648,B09_PAD_D_C1_LEFT_COLUMN,B09_PAD_D_C1_LEFT_COLUMN_CAP_B,B09_PAD_D_C1_LEFT_COLUMN_G16,8.347652014868356,8.347652014868356,0.0,sew
J0649,B09_PAD_D_C1_LEFT_COLUMN,B09_PAD_D_C1_LEFT_COLUMN_CAP_B,B09_PAD_D_C1_LEFT_COLUMN_G2,8.347944943275099,8.347944943275097,1.7763568394002505e-15,sew
J0650,B09_PAD_D_C1_LEFT_COLUMN,B09_PAD_D_C1_LEFT_COLUMN_CAP_B,B09_PAD_D_C1_LEFT_COLUMN_G3,8.352626142653792,8.352626142653795,3.552713678800501e-15,sew
J0651,B09_PAD_D_C1_LEFT_COLUMN,B09_PAD_D_C1_LEFT_COLUMN_CAP_B,B09_PAD_D_C1_LEFT_COLUMN_G4,8.351762221411038,8.351762221411038,0.0,sew
J0652,B09_PAD_D_C1_LEFT_COLUMN,B09_PAD_D_C1_LEFT_COLUMN_CAP_B,B09_PAD_D_C1_LEFT_COLUMN_G5,8.351762221410983,8.351762221410983,0.0,sew
J0653,B09_PAD_D_C1_LEFT_COLUMN,B09_PAD_D_C1_LEFT_COLUMN_CAP_B,B09_PAD_D_C1_LEFT_COLUMN_G6,8.352626142653795,8.352626142653797,1.7763568394002505e-15,sew
J0654,B09_PAD_D_C1_LEFT_COLUMN,B09_PAD_D_C1_LEFT_COLUMN_CAP_B,B09_PAD_D_C1_LEFT_COLUMN_G7,8.347944943275097,8.347944943275103,5.329070518200751e-15,sew
J0655,B09_PAD_D_C1_LEFT_COLUMN,B09_PAD_D_C1_LEFT_COLUMN_CAP_B,B09_PAD_D_C1_LEFT_COLUMN_G8,8.350481074138163,8.350481074138163,0.0,sew
J0656,B09_PAD_D_C1_LEFT_COLUMN,B09_PAD_D_C1_LEFT_COLUMN_CAP_B,B09_PAD_D_C1_LEFT_COLUMN_G9,8.347652014868357,8.347652014868357,0.0,sew
J0657,B09_PAD_D_C1_LEFT_COLUMN,B09_PAD_D_C1_LEFT_COLUMN_G1,B09_PAD_D_C1_LEFT_COLUMN_G16,476.81708360270477,476.8170836027048,5.684341886080802e-14,sew
J0658,B09_PAD_D_C1_LEFT_COLUMN,B09_PAD_D_C1_LEFT_COLUMN_G1,B09_PAD_D_C1_LEFT_COLUMN_G2,476.81721921159436,476.8172192115944,5.684341886080802e-14,sew
J0659,B09_PAD_D_C1_LEFT_COLUMN,B09_PAD_D_C1_LEFT_COLUMN_G10,B09_PAD_D_C1_LEFT_COLUMN_G11,476.8088994348727,476.80889943487267,5.684341886080802e-14,sew
J0660,B09_PAD_D_C1_LEFT_COLUMN,B09_PAD_D_C1_LEFT_COLUMN_G10,B09_PAD_D_C1_LEFT_COLUMN_G9,476.8333782851881,476.83337828518796,1.1368683772161603e-13,sew
J0661,B09_PAD_D_C1_LEFT_COLUMN,B09_PAD_D_C1_LEFT_COLUMN_G11,B09_PAD_D_C1_LEFT_COLUMN_G12,476.83854886731586,476.83854886731564,2.2737367544323206e-13,sew
J0662,B09_PAD_D_C1_LEFT_COLUMN,B09_PAD_D_C1_LEFT_COLUMN_G12,B09_PAD_D_C1_LEFT_COLUMN_G13,476.8766073274577,476.87660732745775,5.684341886080802e-14,zipper_service
J0663,B09_PAD_D_C1_LEFT_COLUMN,B09_PAD_D_C1_LEFT_COLUMN_G13,B09_PAD_D_C1_LEFT_COLUMN_G14,476.83854886731575,476.8385488673158,5.684341886080802e-14,sew
J0664,B09_PAD_D_C1_LEFT_COLUMN,B09_PAD_D_C1_LEFT_COLUMN_G14,B09_PAD_D_C1_LEFT_COLUMN_G15,476.8088994348048,476.80889943480474,5.684341886080802e-14,sew
J0665,B09_PAD_D_C1_LEFT_COLUMN,B09_PAD_D_C1_LEFT_COLUMN_G15,B09_PAD_D_C1_LEFT_COLUMN_G16,476.83337828518813,476.8333782851882,5.684341886080802e-14,sew
J0666,B09_PAD_D_C1_LEFT_COLUMN,B09_PAD_D_C1_LEFT_COLUMN_G2,B09_PAD_D_C1_LEFT_COLUMN_G3,476.8294959843593,476.8294959843594,1.1368683772161603e-13,sew
J0667,B09_PAD_D_C1_LEFT_COLUMN,B09_PAD_D_C1_LEFT_COLUMN_G3,B09_PAD_D_C1_LEFT_COLUMN_G4,476.7982551110489,476.79825511104883,5.684341886080802e-14,sew
J0668,B09_PAD_D_C1_LEFT_COLUMN,B09_PAD_D_C1_LEFT_COLUMN_G4,B09_PAD_D_C1_LEFT_COLUMN_G5,476.8453105798228,476.8453105798225,2.8421709430404007e-13,sew
J0669,B09_PAD_D_C1_LEFT_COLUMN,B09_PAD_D_C1_LEFT_COLUMN_G5,B09_PAD_D_C1_LEFT_COLUMN_G6,476.7982551109825,476.7982551109824,1.1368683772161603e-13,sew
J0670,B09_PAD_D_C1_LEFT_COLUMN,B09_PAD_D_C1_LEFT_COLUMN_G6,B09_PAD_D_C1_LEFT_COLUMN_G7,476.82949598420413,476.829495984204,1.1368683772161603e-13,sew
J0671,B09_PAD_D_C1_LEFT_COLUMN,B09_PAD_D_C1_LEFT_COLUMN_G7,B09_PAD_D_C1_LEFT_COLUMN_G8,476.8172192115943,476.8172192115942,1.1368683772161603e-13,sew
J0672,B09_PAD_D_C1_LEFT_COLUMN,B09_PAD_D_C1_LEFT_COLUMN_G8,B09_PAD_D_C1_LEFT_COLUMN_G9,476.8170836027049,476.81708360270477,1.1368683772161603e-13,sew
J0673,B09_PAD_D_C2_CANTILEVER,B09_PAD_D_C2_CANTILEVER_CAP_A,B09_PAD_D_C2_CANTILEVER_G1,8.569946973610513,8.569946973610513,0.0,sew
J0674,B09_PAD_D_C2_CANTILEVER,B09_PAD_D_C2_CANTILEVER_CAP_A,B09_PAD_D_C2_CANTILEVER_G10,8.514747832262612,8.514747832262612,0.0,sew
J0675,B09_PAD_D_C2_CANTILEVER,B09_PAD_D_C2_CANTILEVER_CAP_A,B09_PAD_D_C2_CANTILEVER_G11,8.555108659566066,8.555108659566066,0.0,sew
J0676,B09_PAD_D_C2_CANTILEVER,B09_PAD_D_C2_CANTILEVER_CAP_A,B09_PAD_D_C2_CANTILEVER_G12,8.566789989308367,8.566789989308367,0.0,sew
J0677,B09_PAD_D_C2_CANTILEVER,B09_PAD_D_C2_CANTILEVER_CAP_A,B09_PAD_D_C2_CANTILEVER_G13,8.58621424766692,8.58621424766692,0.0,sew
J0678,B09_PAD_D_C2_CANTILEVER,B09_PAD_D_C2_CANTILEVER_CAP_A,B09_PAD_D_C2_CANTILEVER_G14,8.61852224465772,8.61852224465772,0.0,sew
J0679,B09_PAD_D_C2_CANTILEVER,B09_PAD_D_C2_CANTILEVER_CAP_A,B09_PAD_D_C2_CANTILEVER_G15,8.68329644447023,8.683296444470232,1.7763568394002505e-15,sew
J0680,B09_PAD_D_C2_CANTILEVER,B09_PAD_D_C2_CANTILEVER_CAP_A,B09_PAD_D_C2_CANTILEVER_G16,8.569946973610513,8.569946973610513,0.0,sew
J0681,B09_PAD_D_C2_CANTILEVER,B09_PAD_D_C2_CANTILEVER_CAP_A,B09_PAD_D_C2_CANTILEVER_G2,8.68329644447023,8.683296444470232,1.7763568394002505e-15,sew
J0682,B09_PAD_D_C2_CANTILEVER,B09_PAD_D_C2_CANTILEVER_CAP_A,B09_PAD_D_C2_CANTILEVER_G3,8.618522244657846,8.618522244657846,0.0,sew
J0683,B09_PAD_D_C2_CANTILEVER,B09_PAD_D_C2_CANTILEVER_CAP_A,B09_PAD_D_C2_CANTILEVER_G4,8.58621424766692,8.58621424766692,0.0,sew
J0684,B09_PAD_D_C2_CANTILEVER,B09_PAD_D_C2_CANTILEVER_CAP_A,B09_PAD_D_C2_CANTILEVER_G5,8.566789989308353,8.566789989308353,0.0,sew
J0685,B09_PAD_D_C2_CANTILEVER,B09_PAD_D_C2_CANTILEVER_CAP_A,B09_PAD_D_C2_CANTILEVER_G6,8.555108659566113,8.555108659566113,0.0,sew
J0686,B09_PAD_D_C2_CANTILEVER,B09_PAD_D_C2_CANTILEVER_CAP_A,B09_PAD_D_C2_CANTILEVER_G7,8.514747832262422,8.514747832262422,0.0,sew
J0687,B09_PAD_D_C2_CANTILEVER,B09_PAD_D_C2_CANTILEVER_CAP_A,B09_PAD_D_C2_CANTILEVER_G8,8.508454766360543,8.508454766360543,0.0,sew
J0688,B09_PAD_D_C2_CANTILEVER,B09_PAD_D_C2_CANTILEVER_CAP_A,B09_PAD_D_C2_CANTILEVER_G9,8.508454766360321,8.508454766360321,0.0,sew
J0689,B09_PAD_D_C2_CANTILEVER,B09_PAD_D_C2_CANTILEVER_CAP_B,B09_PAD_D_C2_CANTILEVER_G1,8.569946973610513,8.569946973610513,0.0,sew
J0690,B09_PAD_D_C2_CANTILEVER,B09_PAD_D_C2_CANTILEVER_CAP_B,B09_PAD_D_C2_CANTILEVER_G10,8.514747832262422,8.51474783226242,1.7763568394002505e-15,sew
J0691,B09_PAD_D_C2_CANTILEVER,B09_PAD_D_C2_CANTILEVER_CAP_B,B09_PAD_D_C2_CANTILEVER_G11,8.555108659566113,8.5551086595661,1.2434497875801753e-14,sew
J0692,B09_PAD_D_C2_CANTILEVER,B09_PAD_D_C2_CANTILEVER_CAP_B,B09_PAD_D_C2_CANTILEVER_G12,8.56678998930835,8.566789989308333,1.7763568394002505e-14,sew
J0693,B09_PAD_D_C2_CANTILEVER,B09_PAD_D_C2_CANTILEVER_CAP_B,B09_PAD_D_C2_CANTILEVER_G13,8.586214247666918,8.586214247666915,3.552713678800501e-15,sew
J0694,B09_PAD_D_C2_CANTILEVER,B09_PAD_D_C2_CANTILEVER_CAP_B,B09_PAD_D_C2_CANTILEVER_G14,8.618522244657846,8.618522244657825,2.1316282072803006e-14,sew
J0695,B09_PAD_D_C2_CANTILEVER,B09_PAD_D_C2_CANTILEVER_CAP_B,B09_PAD_D_C2_CANTILEVER_G15,8.68329644447023,8.683296444470201,2.842170943040401e-14,sew
J0696,B09_PAD_D_C2_CANTILEVER,B09_PAD_D_C2_CANTILEVER_CAP_B,B09_PAD_D_C2_CANTILEVER_G16,8.569946973610513,8.569946973610511,1.7763568394002505e-15,sew
J0697,B09_PAD_D_C2_CANTILEVER,B09_PAD_D_C2_CANTILEVER_CAP_B,B09_PAD_D_C2_CANTILEVER_G2,8.68329644447023,8.683296444470233,3.552713678800501e-15,sew
J0698,B09_PAD_D_C2_CANTILEVER,B09_PAD_D_C2_CANTILEVER_CAP_B,B09_PAD_D_C2_CANTILEVER_G3,8.61852224465772,8.618522244657724,3.552713678800501e-15,sew
J0699,B09_PAD_D_C2_CANTILEVER,B09_PAD_D_C2_CANTILEVER_CAP_B,B09_PAD_D_C2_CANTILEVER_G4,8.586214247666918,8.586214247666945,2.6645352591003757e-14,sew
J0700,B09_PAD_D_C2_CANTILEVER,B09_PAD_D_C2_CANTILEVER_CAP_B,B09_PAD_D_C2_CANTILEVER_G5,8.56678998930831,8.566789989308333,2.3092638912203256e-14,sew
J0701,B09_PAD_D_C2_CANTILEVER,B09_PAD_D_C2_CANTILEVER_CAP_B,B09_PAD_D_C2_CANTILEVER_G6,8.555108659566113,8.55510865956611,1.7763568394002505e-15,sew
J0702,B09_PAD_D_C2_CANTILEVER,B09_PAD_D_C2_CANTILEVER_CAP_B,B09_PAD_D_C2_CANTILEVER_G7,8.514747832262612,8.514747832262598,1.4210854715202004e-14,sew
J0703,B09_PAD_D_C2_CANTILEVER,B09_PAD_D_C2_CANTILEVER_CAP_B,B09_PAD_D_C2_CANTILEVER_G8,8.508454766360321,8.508454766360316,5.329070518200751e-15,sew
J0704,B09_PAD_D_C2_CANTILEVER,B09_PAD_D_C2_CANTILEVER_CAP_B,B09_PAD_D_C2_CANTILEVER_G9,8.508454766360543,8.508454766360543,0.0,sew
J0705,B09_PAD_D_C2_CANTILEVER,B09_PAD_D_C2_CANTILEVER_G1,B09_PAD_D_C2_CANTILEVER_G16,866.6150254050272,866.6150254050272,0.0,sew
J0706,B09_PAD_D_C2_CANTILEVER,B09_PAD_D_C2_CANTILEVER_G1,B09_PAD_D_C2_CANTILEVER_G2,867.2268284315578,867.2268284315579,1.1368683772161603e-13,sew
J0707,B09_PAD_D_C2_CANTILEVER,B09_PAD_D_C2_CANTILEVER_G10,B09_PAD_D_C2_CANTILEVER_G11,888.6378327901473,888.6378327901475,2.2737367544323206e-13,sew
J0708,B09_PAD_D_C2_CANTILEVER,B09_PAD_D_C2_CANTILEVER_G10,B09_PAD_D_C2_CANTILEVER_G9,888.2987221238836,888.2987221238835,1.1368683772161603e-13,sew
J0709,B09_PAD_D_C2_CANTILEVER,B09_PAD_D_C2_CANTILEVER_G11,B09_PAD_D_C2_CANTILEVER_G12,888.9894879654616,888.9894879654615,1.1368683772161603e-13,sew
J0710,B09_PAD_D_C2_CANTILEVER,B09_PAD_D_C2_CANTILEVER_G12,B09_PAD_D_C2_CANTILEVER_G13,889.3323087288884,889.3323087288886,2.2737367544323206e-13,zipper_service
J0711,B09_PAD_D_C2_CANTILEVER,B09_PAD_D_C2_CANTILEVER_G13,B09_PAD_D_C2_CANTILEVER_G14,888.9570941404332,888.9570941404329,3.410605131648481e-13,sew
J0712,B09_PAD_D_C2_CANTILEVER,B09_PAD_D_C2_CANTILEVER_G14,B09_PAD_D_C2_CANTILEVER_G15,878.3269130290204,878.3269130290204,0.0,sew
J0713,B09_PAD_D_C2_CANTILEVER,B09_PAD_D_C2_CANTILEVER_G15,B09_PAD_D_C2_CANTILEVER_G16,867.2268284315578,867.2268284315583,4.547473508864641e-13,sew
J0714,B09_PAD_D_C2_CANTILEVER,B09_PAD_D_C2_CANTILEVER_G2,B09_PAD_D_C2_CANTILEVER_G3,878.3269130290205,878.3269130290203,2.2737367544323206e-13,sew
J0715,B09_PAD_D_C2_CANTILEVER,B09_PAD_D_C2_CANTILEVER_G3,B09_PAD_D_C2_CANTILEVER_G4,888.9570941404329,888.9570941404329,0.0,sew
J0716,B09_PAD_D_C2_CANTILEVER,B09_PAD_D_C2_CANTILEVER_G4,B09_PAD_D_C2_CANTILEVER_G5,889.3323087288884,889.3323087288885,1.1368683772161603e-13,sew
J0717,B09_PAD_D_C2_CANTILEVER,B09_PAD_D_C2_CANTILEVER_G5,B09_PAD_D_C2_CANTILEVER_G6,888.9894879654613,888.9894879654614,1.1368683772161603e-13,sew
J0718,B09_PAD_D_C2_CANTILEVER,B09_PAD_D_C2_CANTILEVER_G6,B09_PAD_D_C2_CANTILEVER_G7,888.6378327901472,888.6378327901474,2.2737367544323206e-13,sew
J0719,B09_PAD_D_C2_CANTILEVER,B09_PAD_D_C2_CANTILEVER_G7,B09_PAD_D_C2_CANTILEVER_G8,888.2987221238835,888.2987221238834,1.1368683772161603e-13,sew
J0720,B09_PAD_D_C2_CANTILEVER,B09_PAD_D_C2_CANTILEVER_G8,B09_PAD_D_C2_CANTILEVER_G9,888.0688281364409,888.0688281364409,0.0,sew
J0721,B09_PAD_D_C2_LEFT_COLUMN,B09_PAD_D_C2_LEFT_COLUMN_CAP_A,B09_PAD_D_C2_LEFT_COLUMN_G1,18.947921463655437,18.947921463655433,3.552713678800501e-15,sew
J0722,B09_PAD_D_C2_LEFT_COLUMN,B09_PAD_D_C2_LEFT_COLUMN_CAP_A,B09_PAD_D_C2_LEFT_COLUMN_G10,18.949348751510165,18.949348751510158,7.105427357601002e-15,sew
J0723,B09_PAD_D_C2_LEFT_COLUMN,B09_PAD_D_C2_LEFT_COLUMN_CAP_A,B09_PAD_D_C2_LEFT_COLUMN_G11,18.958722570087353,18.95872257008736,7.105427357601002e-15,sew
J0724,B09_PAD_D_C2_LEFT_COLUMN,B09_PAD_D_C2_LEFT_COLUMN_CAP_A,B09_PAD_D_C2_LEFT_COLUMN_G12,18.99400378678475,18.99400378678475,0.0,sew
J0725,B09_PAD_D_C2_LEFT_COLUMN,B09_PAD_D_C2_LEFT_COLUMN_CAP_A,B09_PAD_D_C2_LEFT_COLUMN_G13,18.99400378678475,18.99400378678475,0.0,sew
J0726,B09_PAD_D_C2_LEFT_COLUMN,B09_PAD_D_C2_LEFT_COLUMN_CAP_A,B09_PAD_D_C2_LEFT_COLUMN_G14,18.95872257008736,18.95872257008736,0.0,sew
J0727,B09_PAD_D_C2_LEFT_COLUMN,B09_PAD_D_C2_LEFT_COLUMN_CAP_A,B09_PAD_D_C2_LEFT_COLUMN_G15,18.949348751510158,18.949348751510154,3.552713678800501e-15,sew
J0728,B09_PAD_D_C2_LEFT_COLUMN,B09_PAD_D_C2_LEFT_COLUMN_CAP_A,B09_PAD_D_C2_LEFT_COLUMN_G16,18.95488836448188,18.95488836448188,0.0,sew
J0729,B09_PAD_D_C2_LEFT_COLUMN,B09_PAD_D_C2_LEFT_COLUMN_CAP_A,B09_PAD_D_C2_LEFT_COLUMN_G2,18.956082162099428,18.956082162099424,3.552713678800501e-15,sew
J0730,B09_PAD_D_C2_LEFT_COLUMN,B09_PAD_D_C2_LEFT_COLUMN_CAP_A,B09_PAD_D_C2_LEFT_COLUMN_G3,18.95237561757161,18.95237561757161,0.0,sew
J0731,B09_PAD_D_C2_LEFT_COLUMN,B09_PAD_D_C2_LEFT_COLUMN_CAP_A,B09_PAD_D_C2_LEFT_COLUMN_G4,18.960319772133044,18.96031977213304,3.552713678800501e-15,sew
J0732,B09_PAD_D_C2_LEFT_COLUMN,B09_PAD_D_C2_LEFT_COLUMN_CAP_A,B09_PAD_D_C2_LEFT_COLUMN_G5,18.960319772133044,18.96031977213304,3.552713678800501e-15,sew
J0733,B09_PAD_D_C2_LEFT_COLUMN,B09_PAD_D_C2_LEFT_COLUMN_CAP_A,B09_PAD_D_C2_LEFT_COLUMN_G6,18.95237561757162,18.95237561757161,7.105427357601002e-15,sew
J0734,B09_PAD_D_C2_LEFT_COLUMN,B09_PAD_D_C2_LEFT_COLUMN_CAP_A,B09_PAD_D_C2_LEFT_COLUMN_G7,18.95608216209942,18.956082162099424,3.552713678800501e-15,sew
J0735,B09_PAD_D_C2_LEFT_COLUMN,B09_PAD_D_C2_LEFT_COLUMN_CAP_A,B09_PAD_D_C2_LEFT_COLUMN_G8,18.94792146365544,18.947921463655433,7.105427357601002e-15,sew
J0736,B09_PAD_D_C2_LEFT_COLUMN,B09_PAD_D_C2_LEFT_COLUMN_CAP_A,B09_PAD_D_C2_LEFT_COLUMN_G9,18.95488836448188,18.95488836448188,0.0,sew
J0737,B09_PAD_D_C2_LEFT_COLUMN,B09_PAD_D_C2_LEFT_COLUMN_CAP_B,B09_PAD_D_C2_LEFT_COLUMN_G1,8.532557388903836,8.532557388903836,0.0,sew
J0738,B09_PAD_D_C2_LEFT_COLUMN,B09_PAD_D_C2_LEFT_COLUMN_CAP_B,B09_PAD_D_C2_LEFT_COLUMN_G10,8.533133795778458,8.53313379577846,1.7763568394002505e-15,sew
J0739,B09_PAD_D_C2_LEFT_COLUMN,B09_PAD_D_C2_LEFT_COLUMN_CAP_B,B09_PAD_D_C2_LEFT_COLUMN_G11,8.531579662358032,8.531579662358032,0.0,sew
J0740,B09_PAD_D_C2_LEFT_COLUMN,B09_PAD_D_C2_LEFT_COLUMN_CAP_B,B09_PAD_D_C2_LEFT_COLUMN_G12,8.535511703011391,8.535511703011393,1.7763568394002505e-15,sew
J0741,B09_PAD_D_C2_LEFT_COLUMN,B09_PAD_D_C2_LEFT_COLUMN_CAP_B,B09_PAD_D_C2_LEFT_COLUMN_G13,8.535511703011393,8.535511703011395,1.7763568394002505e-15,sew
J0742,B09_PAD_D_C2_LEFT_COLUMN,B09_PAD_D_C2_LEFT_COLUMN_CAP_B,B09_PAD_D_C2_LEFT_COLUMN_G14,8.53157966235803,8.53157966235803,0.0,sew
J0743,B09_PAD_D_C2_LEFT_COLUMN,B09_PAD_D_C2_LEFT_COLUMN_CAP_B,B09_PAD_D_C2_LEFT_COLUMN_G15,8.533133795778458,8.533133795778461,3.552713678800501e-15,sew
J0744,B09_PAD_D_C2_LEFT_COLUMN,B09_PAD_D_C2_LEFT_COLUMN_CAP_B,B09_PAD_D_C2_LEFT_COLUMN_G16,8.529330369606592,8.529330369606594,1.7763568394002505e-15,sew
J0745,B09_PAD_D_C2_LEFT_COLUMN,B09_PAD_D_C2_LEFT_COLUMN_CAP_B,B09_PAD_D_C2_LEFT_COLUMN_G2,8.5302769273562,8.530276927356201,1.7763568394002505e-15,sew
J0746,B09_PAD_D_C2_LEFT_COLUMN,B09_PAD_D_C2_LEFT_COLUMN_CAP_B,B09_PAD_D_C2_LEFT_COLUMN_G3,8.53514614661868,8.535146146618679,1.7763568394002505e-15,sew
J0747,B09_PAD_D_C2_LEFT_COLUMN,B09_PAD_D_C2_LEFT_COLUMN_CAP_B,B09_PAD_D_C2_LEFT_COLUMN_G4,8.534390112846557,8.534390112846555,1.7763568394002505e-15,sew
J0748,B09_PAD_D_C2_LEFT_COLUMN,B09_PAD_D_C2_LEFT_COLUMN_CAP_B,B09_PAD_D_C2_LEFT_COLUMN_G5,8.534390112846502,8.5343901128465,1.7763568394002505e-15,sew
J0749,B09_PAD_D_C2_LEFT_COLUMN,B09_PAD_D_C2_LEFT_COLUMN_CAP_B,B09_PAD_D_C2_LEFT_COLUMN_G6,8.535146146618727,8.535146146618732,5.329070518200751e-15,sew
J0750,B09_PAD_D_C2_LEFT_COLUMN,B09_PAD_D_C2_LEFT_COLUMN_CAP_B,B09_PAD_D_C2_LEFT_COLUMN_G7,8.5302769273562,8.530276927356205,5.329070518200751e-15,sew
J0751,B09_PAD_D_C2_LEFT_COLUMN,B09_PAD_D_C2_LEFT_COLUMN_CAP_B,B09_PAD_D_C2_LEFT_COLUMN_G8,8.532557388903838,8.532557388903832,5.329070518200751e-15,sew
J0752,B09_PAD_D_C2_LEFT_COLUMN,B09_PAD_D_C2_LEFT_COLUMN_CAP_B,B09_PAD_D_C2_LEFT_COLUMN_G9,8.529330369606592,8.529330369606589,3.552713678800501e-15,sew
J0753,B09_PAD_D_C2_LEFT_COLUMN,B09_PAD_D_C2_LEFT_COLUMN_G1,B09_PAD_D_C2_LEFT_COLUMN_G16,553.3068531358863,553.3068531358864,1.1368683772161603e-13,sew
J0754,B09_PAD_D_C2_LEFT_COLUMN,B09_PAD_D_C2_LEFT_COLUMN_G1,B09_PAD_D_C2_LEFT_COLUMN_G2,553.3251559889725,553.3251559889723,2.2737367544323206e-13,sew
J0755,B09_PAD_D_C2_LEFT_COLUMN,B09_PAD_D_C2_LEFT_COLUMN_G10,B09_PAD_D_C2_LEFT_COLUMN_G11,553.3042000518417,553.3042000518418,1.1368683772161603e-13,sew
J0756,B09_PAD_D_C2_LEFT_COLUMN,B09_PAD_D_C2_LEFT_COLUMN_G10,B09_PAD_D_C2_LEFT_COLUMN_G9,553.3153110236452,553.315311023645,2.2737367544323206e-13,sew
J0757,B09_PAD_D_C2_LEFT_COLUMN,B09_PAD_D_C2_LEFT_COLUMN_G11,B09_PAD_D_C2_LEFT_COLUMN_G12,553.28817640949,553.2881764094899,1.1368683772161603e-13,sew
J0758,B09_PAD_D_C2_LEFT_COLUMN,B09_PAD_D_C2_LEFT_COLUMN_G12,B09_PAD_D_C2_LEFT_COLUMN_G13,553.3940116598429,553.3940116598428,1.1368683772161603e-13,zipper_service
J0759,B09_PAD_D_C2_LEFT_COLUMN,B09_PAD_D_C2_LEFT_COLUMN_G13,B09_PAD_D_C2_LEFT_COLUMN_G14,553.2881764094905,553.2881764094903,1.1368683772161603e-13,sew
J0760,B09_PAD_D_C2_LEFT_COLUMN,B09_PAD_D_C2_LEFT_COLUMN_G14,B09_PAD_D_C2_LEFT_COLUMN_G15,553.3042000518898,553.3042000518898,0.0,sew
J0761,B09_PAD_D_C2_LEFT_COLUMN,B09_PAD_D_C2_LEFT_COLUMN_G15,B09_PAD_D_C2_LEFT_COLUMN_G16,553.3153110236451,553.3153110236452,1.1368683772161603e-13,sew
J0762,B09_PAD_D_C2_LEFT_COLUMN,B09_PAD_D_C2_LEFT_COLUMN_G2,B09_PAD_D_C2_LEFT_COLUMN_G3,553.2943598889582,553.2943598889581,1.1368683772161603e-13,sew
J0763,B09_PAD_D_C2_LEFT_COLUMN,B09_PAD_D_C2_LEFT_COLUMN_G3,B09_PAD_D_C2_LEFT_COLUMN_G4,553.2856226863349,553.2856226863349,0.0,sew
J0764,B09_PAD_D_C2_LEFT_COLUMN,B09_PAD_D_C2_LEFT_COLUMN_G4,B09_PAD_D_C2_LEFT_COLUMN_G5,553.3012366536663,553.3012366536664,1.1368683772161603e-13,sew
J0765,B09_PAD_D_C2_LEFT_COLUMN,B09_PAD_D_C2_LEFT_COLUMN_G5,B09_PAD_D_C2_LEFT_COLUMN_G6,553.2856226863349,553.2856226863348,1.1368683772161603e-13,sew
J0766,B09_PAD_D_C2_LEFT_COLUMN,B09_PAD_D_C2_LEFT_COLUMN_G6,B09_PAD_D_C2_LEFT_COLUMN_G7,553.2943598889198,553.2943598889201,3.410605131648481e-13,sew
J0767,B09_PAD_D_C2_LEFT_COLUMN,B09_PAD_D_C2_LEFT_COLUMN_G7,B09_PAD_D_C2_LEFT_COLUMN_G8,553.3251559889721,553.3251559889723,1.1368683772161603e-13,sew
J0768,B09_PAD_D_C2_LEFT_COLUMN,B09_PAD_D_C2_LEFT_COLUMN_G8,B09_PAD_D_C2_LEFT_COLUMN_G9,553.3068531358864,553.3068531358865,1.1368683772161603e-13,sew
J0769,F08_FLEXIBLE_SOLE,F08_BOTTOM,F08_EDGE_LEFT,2801.419317490597,2801.419317490598,9.094947017729282e-13,sew
J0770,F08_FLEXIBLE_SOLE,F08_BOTTOM,F08_EDGE_RIGHT,2801.419317490604,2801.419317490598,5.9117155615240335e-12,sew
J0771,F08_FLEXIBLE_SOLE,F08_BOTTOM,F09_END_END,130.0,130.0,0.0,sew
J0772,F08_FLEXIBLE_SOLE,F08_BOTTOM,F09_END_START,140.0,140.0,0.0,sew
J0773,F08_FLEXIBLE_SOLE,F08_EDGE_LEFT,F08_TOP,2801.4193174905977,2801.419317490597,4.547473508864641e-13,sew
J0774,F08_FLEXIBLE_SOLE,F08_EDGE_LEFT,F09_END_END,62.0,62.0,0.0,sew
J0775,F08_FLEXIBLE_SOLE,F08_EDGE_LEFT,F09_END_START,62.0,62.0,0.0,sew
J0776,F08_FLEXIBLE_SOLE,F08_EDGE_RIGHT,F08_TOP,2801.4193174905977,2801.419317490604,6.366462912410498e-12,sew
J0777,F08_FLEXIBLE_SOLE,F08_EDGE_RIGHT,F09_END_END,62.0,62.0,0.0,sew
J0778,F08_FLEXIBLE_SOLE,F08_EDGE_RIGHT,F09_END_START,62.0,61.99999999999999,7.105427357601002e-15,sew
J0779,F08_FLEXIBLE_SOLE,F08_TOP,F09_END_END,130.0,130.0,0.0,sew
J0780,F08_FLEXIBLE_SOLE,F08_TOP,F09_END_START,140.0,140.0,0.0,sew
J0781,G08_BACK_-1,G08_BACK_-1_END,G08_BACK_-1_I1,70.0,70.00000000000104,1.0373923942097463e-12,sew
J0782,G08_BACK_-1,G08_BACK_-1_END,G08_BACK_-1_LEFT,8.0,7.999999999999989,1.0658141036401503e-14,sew
J0783,G08_BACK_-1,G08_BACK_-1_END,G08_BACK_-1_O1,70.0,70.00000000000104,1.0373923942097463e-12,sew
J0784,G08_BACK_-1,G08_BACK_-1_END,G08_BACK_-1_RIGHT,8.0,7.999999999999997,2.6645352591003757e-15,sew
J0785,G08_BACK_-1,G08_BACK_-1_I1,G08_BACK_-1_LEFT,1363.6677035249268,1363.6677035238495,1.0772964742500335e-09,sew
J0786,G08_BACK_-1,G08_BACK_-1_I1,G08_BACK_-1_RIGHT,1363.6677035252176,1363.667703523849,1.3685621524928138e-09,sew
J0787,G08_BACK_-1,G08_BACK_-1_I1,G08_BACK_-1_START,70.00000000000432,70.0,4.320099833421409e-12,sew
J0788,G08_BACK_-1,G08_BACK_-1_LEFT,G08_BACK_-1_O1,1363.6677035238495,1363.6677035249268,1.0772964742500335e-09,sew
J0789,G08_BACK_-1,G08_BACK_-1_LEFT,G08_BACK_-1_START,7.999999999999999,8.0,8.881784197001252e-16,sew
J0790,G08_BACK_-1,G08_BACK_-1_O1,G08_BACK_-1_RIGHT,1363.6677035252176,1363.6677035238497,1.367880031466484e-09,sew
J0791,G08_BACK_-1,G08_BACK_-1_O1,G08_BACK_-1_START,70.00000000000432,70.0,4.320099833421409e-12,sew
J0792,G08_BACK_-1,G08_BACK_-1_RIGHT,G08_BACK_-1_START,8.0,8.0,0.0,sew
J0793,G08_BACK_1,G08_BACK_1_END,G08_BACK_1_I1,70.0,70.00000000000104,1.0373923942097463e-12,sew
J0794,G08_BACK_1,G08_BACK_1_END,G08_BACK_1_LEFT,8.0,7.999999999999989,1.0658141036401503e-14,sew
J0795,G08_BACK_1,G08_BACK_1_END,G08_BACK_1_O1,70.0,70.00000000000104,1.0373923942097463e-12,sew
J0796,G08_BACK_1,G08_BACK_1_END,G08_BACK_1_RIGHT,8.0,7.999999999999997,2.6645352591003757e-15,sew
J0797,G08_BACK_1,G08_BACK_1_I1,G08_BACK_1_LEFT,1363.6677035249268,1363.6677035238495,1.0772964742500335e-09,sew
J0798,G08_BACK_1,G08_BACK_1_I1,G08_BACK_1_RIGHT,1363.6677035252176,1363.667703523849,1.3685621524928138e-09,sew
J0799,G08_BACK_1,G08_BACK_1_I1,G08_BACK_1_START,70.00000000000432,70.0,4.320099833421409e-12,sew
J0800,G08_BACK_1,G08_BACK_1_LEFT,G08_BACK_1_O1,1363.6677035238495,1363.6677035249268,1.0772964742500335e-09,sew
J0801,G08_BACK_1,G08_BACK_1_LEFT,G08_BACK_1_START,7.999999999999999,8.0,8.881784197001252e-16,sew
J0802,G08_BACK_1,G08_BACK_1_O1,G08_BACK_1_RIGHT,1363.6677035252176,1363.6677035238497,1.367880031466484e-09,sew
J0803,G08_BACK_1,G08_BACK_1_O1,G08_BACK_1_START,70.00000000000432,70.0,4.320099833421409e-12,sew
J0804,G08_BACK_1,G08_BACK_1_RIGHT,G08_BACK_1_START,8.0,8.0,0.0,sew
J0805,G08_FOREARM_GUSSET_-1,G08_FOREARM_GUSSET_-1_END,G08_FOREARM_GUSSET_-1_I1b,351.77229253353426,351.7713482003391,0.0009443331951501932,sew
J0806,G08_FOREARM_GUSSET_-1,G08_FOREARM_GUSSET_-1_END,G08_FOREARM_GUSSET_-1_LEFT,19.0,18.99999999999999,1.0658141036401503e-14,sew
J0807,G08_FOREARM_GUSSET_-1,G08_FOREARM_GUSSET_-1_END,G08_FOREARM_GUSSET_-1_O1b,351.7722925335342,351.7713482003391,0.0009443331950933498,sew
J0808,G08_FOREARM_GUSSET_-1,G08_FOREARM_GUSSET_-1_END,G08_FOREARM_GUSSET_-1_RIGHT,18.999999999999975,19.000000000000004,2.842170943040401e-14,sew
J0809,G08_FOREARM_GUSSET_-1,G08_FOREARM_GUSSET_-1_I1a,G08_FOREARM_GUSSET_-1_I1b,301.4798337075671,301.4804729202527,0.0006392126855985225,sew
J0810,G08_FOREARM_GUSSET_-1,G08_FOREARM_GUSSET_-1_I1a,G08_FOREARM_GUSSET_-1_LEFT,159.21653940319678,159.21705489256084,0.0005154893640622049,sew
J0811,G08_FOREARM_GUSSET_-1,G08_FOREARM_GUSSET_-1_I1a,G08_FOREARM_GUSSET_-1_RIGHT,144.27825763600387,144.27879920773694,0.0005415717330663483,sew
J0812,G08_FOREARM_GUSSET_-1,G08_FOREARM_GUSSET_-1_I1a,G08_FOREARM_GUSSET_-1_START,267.8851539500455,267.8866850826684,0.0015311326229152655,sew
J0813,G08_FOREARM_GUSSET_-1,G08_FOREARM_GUSSET_-1_I1b,G08_FOREARM_GUSSET_-1_LEFT,176.88029296794718,176.8806022886986,0.000309320751426867,sew
J0814,G08_FOREARM_GUSSET_-1,G08_FOREARM_GUSSET_-1_I1b,G08_FOREARM_GUSSET_-1_RIGHT,173.13423333457553,173.13455904928412,0.0003257147085946599,sew
J0815,G08_FOREARM_GUSSET_-1,G08_FOREARM_GUSSET_-1_LEFT,G08_FOREARM_GUSSET_-1_O1a,159.21705489256084,159.21653940319678,0.0005154893640622049,sew
J0816,G08_FOREARM_GUSSET_-1,G08_FOREARM_GUSSET_-1_LEFT,G08_FOREARM_GUSSET_-1_O1b,176.88060228869864,176.88029296794718,0.0003093207514552887,sew
J0817,G08_FOREARM_GUSSET_-1,G08_FOREARM_GUSSET_-1_LEFT,G08_FOREARM_GUSSET_-1_START,19.0,19.0,0.0,sew
J0818,G08_FOREARM_GUSSET_-1,G08_FOREARM_GUSSET_-1_O1a,G08_FOREARM_GUSSET_-1_O1b,301.4798337075671,301.4804729202527,0.0006392126855985225,sew
J0819,G08_FOREARM_GUSSET_-1,G08_FOREARM_GUSSET_-1_O1a,G08_FOREARM_GUSSET_-1_RIGHT,144.27825763600387,144.27879920773694,0.0005415717330663483,sew
J0820,G08_FOREARM_GUSSET_-1,G08_FOREARM_GUSSET_-1_O1a,G08_FOREARM_GUSSET_-1_START,267.8851539500455,267.8866850826684,0.0015311326229152655,sew
J0821,G08_FOREARM_GUSSET_-1,G08_FOREARM_GUSSET_-1_O1b,G08_FOREARM_GUSSET_-1_RIGHT,173.13423333457553,173.13455904928412,0.0003257147085946599,sew
J0822,G08_FOREARM_GUSSET_-1,G08_FOREARM_GUSSET_-1_RIGHT,G08_FOREARM_GUSSET_-1_START,19.0,18.999999999999993,7.105427357601002e-15,sew
J0823,G08_FOREARM_GUSSET_1,G08_FOREARM_GUSSET_1_END,G08_FOREARM_GUSSET_1_I1b,351.77229253353426,351.7713421188416,0.0009504146926815338,sew
J0824,G08_FOREARM_GUSSET_1,G08_FOREARM_GUSSET_1_END,G08_FOREARM_GUSSET_1_LEFT,19.0,19.000000000000004,3.552713678800501e-15,sew
J0825,G08_FOREARM_GUSSET_1,G08_FOREARM_GUSSET_1_END,G08_FOREARM_GUSSET_1_O1b,351.77229253353426,351.7713421188416,0.0009504146926815338,sew
J0826,G08_FOREARM_GUSSET_1,G08_FOREARM_GUSSET_1_END,G08_FOREARM_GUSSET_1_RIGHT,19.000000000000004,18.99999999999999,1.4210854715202004e-14,sew
J0827,G08_FOREARM_GUSSET_1,G08_FOREARM_GUSSET_1_I1a,G08_FOREARM_GUSSET_1_I1b,301.4797805399085,301.4804653622653,0.0006848223567885725,sew
J0828,G08_FOREARM_GUSSET_1,G08_FOREARM_GUSSET_1_I1a,G08_FOREARM_GUSSET_1_LEFT,144.27825870590664,144.27879920773694,0.0005405018303008546,sew
J0829,G08_FOREARM_GUSSET_1,G08_FOREARM_GUSSET_1_I1a,G08_FOREARM_GUSSET_1_RIGHT,159.21648273334404,159.21705489256084,0.0005721592168015377,sew
J0830,G08_FOREARM_GUSSET_1,G08_FOREARM_GUSSET_1_I1a,G08_FOREARM_GUSSET_1_START,267.88509478625866,267.8866850826684,0.0015902964097449512,sew
J0831,G08_FOREARM_GUSSET_1,G08_FOREARM_GUSSET_1_I1b,G08_FOREARM_GUSSET_1_LEFT,173.13424833853674,173.13455904928412,0.0003107107473852011,sew
J0832,G08_FOREARM_GUSSET_1,G08_FOREARM_GUSSET_1_I1b,G08_FOREARM_GUSSET_1_RIGHT,176.88026372248348,176.8806022886986,0.0003385662151345059,sew
J0833,G08_FOREARM_GUSSET_1,G08_FOREARM_GUSSET_1_LEFT,G08_FOREARM_GUSSET_1_O1a,144.27879920773694,144.27825870590664,0.0005405018303008546,sew
J0834,G08_FOREARM_GUSSET_1,G08_FOREARM_GUSSET_1_LEFT,G08_FOREARM_GUSSET_1_O1b,173.13455904928412,173.13424833853674,0.0003107107473852011,sew
J0835,G08_FOREARM_GUSSET_1,G08_FOREARM_GUSSET_1_LEFT,G08_FOREARM_GUSSET_1_START,19.0,19.0,0.0,sew
J0836,G08_FOREARM_GUSSET_1,G08_FOREARM_GUSSET_1_O1a,G08_FOREARM_GUSSET_1_O1b,301.4797805399085,301.4804653622653,0.0006848223567885725,sew
J0837,G08_FOREARM_GUSSET_1,G08_FOREARM_GUSSET_1_O1a,G08_FOREARM_GUSSET_1_RIGHT,159.21648273334404,159.21705489256084,0.0005721592168015377,sew
J0838,G08_FOREARM_GUSSET_1,G08_FOREARM_GUSSET_1_O1a,G08_FOREARM_GUSSET_1_START,267.88509478625866,267.8866850826684,0.0015902964097449512,sew
J0839,G08_FOREARM_GUSSET_1,G08_FOREARM_GUSSET_1_O1b,G08_FOREARM_GUSSET_1_RIGHT,176.88026372248348,176.88060228869864,0.0003385662151629276,sew
J0840,G08_FOREARM_GUSSET_1,G08_FOREARM_GUSSET_1_RIGHT,G08_FOREARM_GUSSET_1_START,19.0,19.0,0.0,sew
J0841,G08_REAR_END,G08_REAR_I,G09_REAR_EDGE_END,144.0,144.0,0.0,sew
J0842,G08_REAR_END,G08_REAR_I,G09_REAR_EDGE_LEFT,220.0,220.0,0.0,sew
J0843,G08_REAR_END,G08_REAR_I,G09_REAR_EDGE_RIGHT,220.0,220.0,0.0,sew
J0844,G08_REAR_END,G08_REAR_I,G09_REAR_EDGE_START,144.0,144.0,0.0,sew
J0845,G08_REAR_END,G08_REAR_O,G09_REAR_EDGE_END,144.0,144.0,0.0,sew
J0846,G08_REAR_END,G08_REAR_O,G09_REAR_EDGE_LEFT,220.0,220.0,0.0,sew
J0847,G08_REAR_END,G08_REAR_O,G09_REAR_EDGE_RIGHT,220.0,220.0,0.0,sew
J0848,G08_REAR_END,G08_REAR_O,G09_REAR_EDGE_START,144.0,144.0,0.0,sew
J0849,G08_REAR_END,G09_REAR_EDGE_END,G09_REAR_EDGE_LEFT,24.0,24.0,0.0,sew
J0850,G08_REAR_END,G09_REAR_EDGE_END,G09_REAR_EDGE_RIGHT,24.0,24.0,0.0,sew
J0851,G08_REAR_END,G09_REAR_EDGE_LEFT,G09_REAR_EDGE_START,24.0,24.0,0.0,sew
J0852,G08_REAR_END,G09_REAR_EDGE_RIGHT,G09_REAR_EDGE_START,24.0,24.0,0.0,sew
J0853,H08_CANOPY,H08_CANOPY_END,H08_CANOPY_I1_B_B,295.52253054663737,295.5239430945738,0.0014125479364111015,sew
J0854,H08_CANOPY,H08_CANOPY_END,H08_CANOPY_I2_B_B,292.56000219606597,292.5626473610565,0.0026451649905538943,sew
J0855,H08_CANOPY,H08_CANOPY_END,H08_CANOPY_I3_B_B,292.5600021960662,292.5623391210305,0.002336924964311038,sew
J0856,H08_CANOPY,H08_CANOPY_END,H08_CANOPY_I4_B_B,295.5225305466373,295.5235876864705,0.0010571398331649107,sew
J0857,H08_CANOPY,H08_CANOPY_END,H08_CANOPY_LEFT,38.0,37.99999999999998,2.1316282072803006e-14,sew
J0858,H08_CANOPY,H08_CANOPY_END,H08_CANOPY_O1_B_B,325.1281084208915,325.12968288073375,0.0015744598422315903,sew
J0859,H08_CANOPY,H08_CANOPY_END,H08_CANOPY_O2_B_B,322.62574206628017,322.62869562732453,0.0029535610443645055,sew
J0860,H08_CANOPY,H08_CANOPY_END,H08_CANOPY_O3_B_B,322.6257420662804,322.62836358246227,0.0026215161818754495,sew
J0861,H08_CANOPY,H08_CANOPY_END,H08_CANOPY_O4_B_B,325.1281084208914,325.12928904980873,0.0011806289173250661,sew
J0862,H08_CANOPY,H08_CANOPY_END,H08_CANOPY_RIGHT,38.0,37.99999999999998,2.1316282072803006e-14,sew
J0863,H08_CANOPY,H08_CANOPY_I1_A,H08_CANOPY_I1_B_A_A_A,234.01094161605658,234.00792553730622,0.003016078750363249,sew
J0864,H08_CANOPY,H08_CANOPY_I1_A,H08_CANOPY_I1_B_A_B_A,112.9389587656041,112.93793183935243,0.0010269262516686695,sew
J0865,H08_CANOPY,H08_CANOPY_I1_A,H08_CANOPY_I1_B_A_B_B,160.64840348741018,160.6485982959477,0.0001948085375147457,sew
J0866,H08_CANOPY,H08_CANOPY_I1_A,H08_CANOPY_I2_A_A,552.2302521364446,552.2258699601623,0.004382176282319961,sew
J0867,H08_CANOPY,H08_CANOPY_I1_A,H08_CANOPY_I2_A_B_A,268.65494523649267,268.65209949606657,0.0028457404260961994,sew
J0868,H08_CANOPY,H08_CANOPY_I1_A,H08_CANOPY_I2_A_B_B,164.44224226609632,164.44193159453278,0.0003106715635396995,sew
J0869,H08_CANOPY,H08_CANOPY_I1_A,H08_CANOPY_LEFT,843.7402329422665,843.7336941161324,0.006538826134146802,sew
J0870,H08_CANOPY,H08_CANOPY_I1_A,H08_CANOPY_START,135.15094563283827,135.15089638116342,4.9251674852257565e-05,sew
J0871,H08_CANOPY,H08_CANOPY_I1_B_A_A_A,H08_CANOPY_I1_B_A_A_B,204.69126664472324,204.69157873459434,0.0003120898711017617,sew
J0872,H08_CANOPY,H08_CANOPY_I1_B_A_A_A,H08_CANOPY_I1_B_A_B_A,101.51184427189094,101.51185115496881,6.883077872998911e-06,sew
J0873,H08_CANOPY,H08_CANOPY_I1_B_A_A_A,H08_CANOPY_LEFT,124.37653738705944,124.3764595259866,7.786107283891397e-05,sew
J0874,H08_CANOPY,H08_CANOPY_I1_B_A_A_B,H08_CANOPY_I1_B_A_B_A,121.42706960582194,121.4271019776593,3.237183736359839e-05,sew
J0875,H08_CANOPY,H08_CANOPY_I1_B_A_A_B,H08_CANOPY_I1_B_B,173.61943325931225,173.61926365196115,0.00016960735109705638,sew
J0876,H08_CANOPY,H08_CANOPY_I1_B_A_A_B,H08_CANOPY_LEFT,138.1530699776129,138.15281230755082,0.0002576700620693373,sew
J0877,H08_CANOPY,H08_CANOPY_I1_B_A_B_A,H08_CANOPY_I1_B_A_B_B,207.613292581652,207.61381304139874,0.0005204597467525218,sew
J0878,H08_CANOPY,H08_CANOPY_I1_B_A_B_A,H08_CANOPY_I1_B_B,86.24111998068926,86.24152098531312,0.00040100462385339597,sew
J0879,H08_CANOPY,H08_CANOPY_I1_B_A_B_B,H08_CANOPY_I1_B_B,128.18778462365924,128.18813247149805,0.00034784783881036674,sew
J0880,H08_CANOPY,H08_CANOPY_I1_B_A_B_B,H08_CANOPY_I2_B_A_A,191.40381506968305,191.40402843943323,0.00021336975018471094,sew
J0881,H08_CANOPY,H08_CANOPY_I1_B_B,H08_CANOPY_I2_B_B,224.20863724055948,224.20921582152837,0.0005785809688916288,sew
J0882,H08_CANOPY,H08_CANOPY_I1_B_B,H08_CANOPY_LEFT,242.9334073437021,242.93285246091202,0.000554882790083866,sew
J0883,H08_CANOPY,H08_CANOPY_I2_A_A,H08_CANOPY_I2_A_B_A,316.20524837152897,316.20554410760803,0.0002957360790674102,sew
J0884,H08_CANOPY,H08_CANOPY_I2_A_A,H08_CANOPY_I3_A_A,682.3055001005999,682.3054347586908,6.534190913498605e-05,sew
J0885,H08_CANOPY,H08_CANOPY_I2_A_A,H08_CANOPY_START,48.65922372451707,48.65922477954727,1.0550302036449466e-06,sew
J0886,H08_CANOPY,H08_CANOPY_I2_A_B_A,H08_CANOPY_I2_A_B_B,396.6014678226368,396.60129036990816,0.00017745272862157435,sew
J0887,H08_CANOPY,H08_CANOPY_I2_A_B_A,H08_CANOPY_I3_A_B_A,268.1296029125146,268.12940288399614,0.00020002851846356862,sew
J0888,H08_CANOPY,H08_CANOPY_I2_A_B_B,H08_CANOPY_I2_B_A_A,194.6928875299205,194.69365910378764,0.0007715738671265626,sew
J0889,H08_CANOPY,H08_CANOPY_I2_A_B_B,H08_CANOPY_I2_B_A_B,218.4665005052927,218.4676755046164,0.0011749993237231138,sew
J0890,H08_CANOPY,H08_CANOPY_I2_A_B_B,H08_CANOPY_I3_A_B_B,137.29873582270028,137.29870696348377,2.88592165134105e-05,sew
J0891,H08_CANOPY,H08_CANOPY_I2_B_A_A,H08_CANOPY_I2_B_A_B,180.71931728173405,180.71935928054353,4.199880947908241e-05,sew
J0892,H08_CANOPY,H08_CANOPY_I2_B_A_A,H08_CANOPY_I2_B_B,168.47431524105778,168.4743939156852,7.867462741728559e-05,sew
J0893,H08_CANOPY,H08_CANOPY_I2_B_A_B,H08_CANOPY_I2_B_B,207.7470207693379,207.74852355364328,0.0015027843053871948,sew
J0894,H08_CANOPY,H08_CANOPY_I2_B_A_B,H08_CANOPY_I3_B_A_A,177.39199955983975,177.3917795987407,0.00021996109904875993,sew
J0895,H08_CANOPY,H08_CANOPY_I2_B_B,H08_CANOPY_I3_B_B,218.37843103914562,218.37838704309596,4.3996049669203785e-05,sew
J0896,H08_CANOPY,H08_CANOPY_I3_A_A,H08_CANOPY_I3_A_B_A,316.20522774522004,316.20548659609534,0.0002588508752978669,sew
J0897,H08_CANOPY,H08_CANOPY_I3_A_A,H08_CANOPY_I4_A,552.2258493012243,552.2263591052144,0.0005098039900985896,sew
J0898,H08_CANOPY,H08_CANOPY_I3_A_A,H08_CANOPY_START,48.659226204826616,48.65922477954729,1.4252793292257593e-06,sew
J0899,H08_CANOPY,H08_CANOPY_I3_A_B_A,H08_CANOPY_I3_A_B_B,396.601163067818,396.6012625073955,9.943957752511778e-05,sew
J0900,H08_CANOPY,H08_CANOPY_I3_A_B_A,H08_CANOPY_I4_A,268.65202430072395,268.6530174523214,0.0009931515974699323,sew
J0901,H08_CANOPY,H08_CANOPY_I3_A_B_B,H08_CANOPY_I3_B_A_A,173.11390287111374,173.11427045638908,0.000367585275341753,sew
J0902,H08_CANOPY,H08_CANOPY_I3_A_B_B,H08_CANOPY_I3_B_A_B_A,91.93974745301225,91.93962962302771,0.00011782998453213622,sew
J0903,H08_CANOPY,H08_CANOPY_I3_A_B_B,H08_CANOPY_I3_B_A_B_B,148.10557462774153,148.10581190992812,0.00023728218658902733,sew
J0904,H08_CANOPY,H08_CANOPY_I3_A_B_B,H08_CANOPY_I4_A,164.4419108818821,164.4424715375132,0.0005606556310908672,sew
J0905,H08_CANOPY,H08_CANOPY_I3_B_A_A,H08_CANOPY_I3_B_A_B_A,179.4167435604001,179.41627651853187,0.00046704186823376403,sew
J0906,H08_CANOPY,H08_CANOPY_I3_B_A_A,H08_CANOPY_I3_B_B,166.01603423905777,166.01644443411305,0.00041019505528083755,sew
J0907,H08_CANOPY,H08_CANOPY_I3_B_A_B_A,H08_CANOPY_I3_B_A_B_B,182.47276812348554,182.47300940208993,0.00024127860439193682,sew
J0908,H08_CANOPY,H08_CANOPY_I3_B_A_B_A,H08_CANOPY_I3_B_B,83.60085809068583,83.60183594801785,0.0009778573320176065,sew
J0909,H08_CANOPY,H08_CANOPY_I3_B_A_B_B,H08_CANOPY_I3_B_B,126.60325858888442,126.60417260124233,0.00091401235791011,sew
J0910,H08_CANOPY,H08_CANOPY_I3_B_A_B_B,H08_CANOPY_I4_B_A_A_A,82.31590523308617,82.31566368516113,0.00024154792504305078,sew
J0911,H08_CANOPY,H08_CANOPY_I3_B_A_B_B,H08_CANOPY_I4_B_A_A_B,109.08752803411846,109.08744566743316,8.236668530514635e-05,sew
J0912,H08_CANOPY,H08_CANOPY_I3_B_B,H08_CANOPY_I4_B_B,224.20896211077076,224.20838319159594,0.0005789191748135636,sew
J0913,H08_CANOPY,H08_CANOPY_I4_A,H08_CANOPY_I4_B_A_A_A,216.62619426751579,216.6255148436274,0.0006794238883855996,sew
J0914,H08_CANOPY,H08_CANOPY_I4_A,H08_CANOPY_I4_B_A_B_A,290.9687761028506,290.9683026355088,0.00047346734180564454,sew
J0915,H08_CANOPY,H08_CANOPY_I4_A,H08_CANOPY_RIGHT,843.735802348028,843.7336941161324,0.0021082318955905066,sew
J0916,H08_CANOPY,H08_CANOPY_I4_A,H08_CANOPY_START,135.15094402533327,135.15089638116336,4.7644169910654455e-05,sew
J0917,H08_CANOPY,H08_CANOPY_I4_B_A_A_A,H08_CANOPY_I4_B_A_A_B,196.638879988083,196.63898075054468,0.0001007624616704561,sew
J0918,H08_CANOPY,H08_CANOPY_I4_B_A_A_A,H08_CANOPY_I4_B_A_B_A,96.69819066734237,96.69817279132016,1.78760222127039e-05,sew
J0919,H08_CANOPY,H08_CANOPY_I4_B_A_A_B,H08_CANOPY_I4_B_A_B_B,118.13721286162712,118.13722615048161,1.3288854489701407e-05,sew
J0920,H08_CANOPY,H08_CANOPY_I4_B_A_A_B,H08_CANOPY_I4_B_B,171.240482691497,171.24061674031358,0.00013404881659084822,sew
J0921,H08_CANOPY,H08_CANOPY_I4_B_A_B_A,H08_CANOPY_I4_B_A_B_B,255.13880136758087,255.13905189779746,0.00025053021659005026,sew
J0922,H08_CANOPY,H08_CANOPY_I4_B_A_B_A,H08_CANOPY_RIGHT,124.37650969294336,124.3764595259866,5.0166956754083e-05,sew
J0923,H08_CANOPY,H08_CANOPY_I4_B_A_B_B,H08_CANOPY_I4_B_B,216.8075037323361,216.807851610809,0.0003478784728940809,sew
J0924,H08_CANOPY,H08_CANOPY_I4_B_A_B_B,H08_CANOPY_RIGHT,138.152945907668,138.15281230755082,0.00013360011718077658,sew
J0925,H08_CANOPY,H08_CANOPY_I4_B_B,H08_CANOPY_RIGHT,242.9333230933007,242.93285246091202,0.0004706323886694008,sew
J0926,H08_CANOPY,H08_CANOPY_LEFT,H08_CANOPY_O1_A,858.2055792294,858.2124531173881,0.006873887988149363,sew
J0927,H08_CANOPY,H08_CANOPY_LEFT,H08_CANOPY_O1_B_A_A_A,124.3764595259865,124.37653252831748,7.300233097851105e-05,sew
J0928,H08_CANOPY,H08_CANOPY_LEFT,H08_CANOPY_O1_B_A_A_B,138.15281230755093,138.15305258986643,0.00024028231550232704,sew
J0929,H08_CANOPY,H08_CANOPY_LEFT,H08_CANOPY_O1_B_B,242.93285246091233,242.9333631233483,0.0005106624359711986,sew
J0930,H08_CANOPY,H08_CANOPY_LEFT,H08_CANOPY_START,21.0,21.0,0.0,sew
J0931,H08_CANOPY,H08_CANOPY_O1_A,H08_CANOPY_O1_B_A_A_A,244.27637848162567,244.2731270053803,0.0032514762453672574,sew
J0932,H08_CANOPY,H08_CANOPY_O1_A,H08_CANOPY_O1_B_A_B_A,118.40066417066993,118.39956959551586,0.0010945751540702986,sew
J0933,H08_CANOPY,H08_CANOPY_O1_A,H08_CANOPY_O1_B_A_B_B,169.6339319212732,169.63415771950116,0.0002257982279729731,sew
J0934,H08_CANOPY,H08_CANOPY_O1_A,H08_CANOPY_O2_A_A,565.0298071098837,565.0251922258267,0.004614884056991286,sew
J0935,H08_CANOPY,H08_CANOPY_O1_A,H08_CANOPY_O2_A_B_A,437.61698458148993,437.6143918175243,0.0025927639656515566,sew
J0936,H08_CANOPY,H08_CANOPY_O1_A,H08_CANOPY_START,141.75795768028837,141.7578563748407,0.0001013054476572961,sew
J0937,H08_CANOPY,H08_CANOPY_O1_B_A_A_A,H08_CANOPY_O1_B_A_A_B,216.49651761606373,216.49684841584096,0.00033079977723105003,sew
J0938,H08_CANOPY,H08_CANOPY_O1_B_A_A_A,H08_CANOPY_O1_B_A_B_A,102.51053874987795,102.5105517775231,1.3027645152874356e-05,sew
J0939,H08_CANOPY,H08_CANOPY_O1_B_A_A_B,H08_CANOPY_O1_B_A_B_A,121.91390687834877,121.91395658017952,4.970183074703982e-05,sew
J0940,H08_CANOPY,H08_CANOPY_O1_B_A_A_B,H08_CANOPY_O1_B_B,186.40666516131012,186.40648834278196,0.00017681852816053834,sew
J0941,H08_CANOPY,H08_CANOPY_O1_B_A_B_A,H08_CANOPY_O1_B_A_B_B,209.3090662001261,209.30957458907443,0.0005083889483330495,sew
J0942,H08_CANOPY,H08_CANOPY_O1_B_A_B_A,H08_CANOPY_O1_B_B,92.70370126457892,92.70413106893919,0.0004298043602659618,sew
J0943,H08_CANOPY,H08_CANOPY_O1_B_A_B_B,H08_CANOPY_O1_B_B,138.02669557782593,138.02706262000527,0.0003670421793344758,sew
J0944,H08_CANOPY,H08_CANOPY_O1_B_A_B_B,H08_CANOPY_O2_B_A_A,192.73028534821682,192.73047869771068,0.00019334949385552136,sew
J0945,H08_CANOPY,H08_CANOPY_O1_B_B,H08_CANOPY_O2_B_B,224.29355816200737,224.29408143777727,0.0005232757698934165,sew
J0946,H08_CANOPY,H08_CANOPY_O2_A_A,H08_CANOPY_O2_A_B_A,187.15579360793168,187.15585936526054,6.57573288549429e-05,sew
J0947,H08_CANOPY,H08_CANOPY_O2_A_A,H08_CANOPY_O2_A_B_B,172.43253530027374,172.43275671707332,0.0002214167995759908,sew
J0948,H08_CANOPY,H08_CANOPY_O2_A_A,H08_CANOPY_O3_A_A,698.8949448229696,698.8948318400292,0.00011298294043626811,sew
J0949,H08_CANOPY,H08_CANOPY_O2_A_A,H08_CANOPY_START,74.758918110315,74.75891296951053,5.140804461234438e-06,sew
J0950,H08_CANOPY,H08_CANOPY_O2_A_B_A,H08_CANOPY_O2_A_B_B,416.0772388022511,416.07797042000203,0.0007316177509437694,sew
J0951,H08_CANOPY,H08_CANOPY_O2_A_B_A,H08_CANOPY_O2_B_A_A,208.7686463266694,208.76955138579365,0.000905059124249874,sew
J0952,H08_CANOPY,H08_CANOPY_O2_A_B_B,H08_CANOPY_O2_B_A_B,239.34845545570045,239.34892281550225,0.0004673598018030134,sew
J0953,H08_CANOPY,H08_CANOPY_O2_A_B_B,H08_CANOPY_O3_A_B_A,405.4306596657909,405.428905121831,0.0017545439599189194,sew
J0954,H08_CANOPY,H08_CANOPY_O2_B_A_A,H08_CANOPY_O2_B_A_B,181.11882205056136,181.11884240856006,2.0357998693043555e-05,sew
J0955,H08_CANOPY,H08_CANOPY_O2_B_A_A,H08_CANOPY_O2_B_B,181.90210462187045,181.90216717899284,6.25571223906718e-05,sew
J0956,H08_CANOPY,H08_CANOPY_O2_B_A_B,H08_CANOPY_O2_B_B,224.9020775422215,224.9037042051276,0.0016266629061192361,sew
J0957,H08_CANOPY,H08_CANOPY_O2_B_A_B,H08_CANOPY_O3_B_A_A,177.39194235467247,177.39173625345325,0.0002061012192200451,sew
J0958,H08_CANOPY,H08_CANOPY_O2_B_B,H08_CANOPY_O3_B_B,218.37832027524257,218.37828053876336,3.9736479209295794e-05,sew
J0959,H08_CANOPY,H08_CANOPY_O3_A_A,H08_CANOPY_O3_A_B_A,133.51209706380675,133.5121761283893,7.906458256456972e-05,sew
J0960,H08_CANOPY,H08_CANOPY_O3_A_A,H08_CANOPY_O3_A_B_B,226.076190902897,226.07638844077627,0.00019753787927356825,sew
J0961,H08_CANOPY,H08_CANOPY_O3_A_A,H08_CANOPY_O4_A,565.0251376934814,565.025776879736,0.000639186254602464,sew
J0962,H08_CANOPY,H08_CANOPY_O3_A_A,H08_CANOPY_START,74.75891757136128,74.75891296951049,4.601850790209028e-06,sew
J0963,H08_CANOPY,H08_CANOPY_O3_A_B_A,H08_CANOPY_O3_A_B_B,412.3204717310037,412.3197208727746,0.0007508582290824961,sew
J0964,H08_CANOPY,H08_CANOPY_O3_A_B_A,H08_CANOPY_O3_B_A_A,190.0588559718515,190.05922034907107,0.0003643772195687234,sew
J0965,H08_CANOPY,H08_CANOPY_O3_A_B_B,H08_CANOPY_O3_B_A_B_A,99.64732986181164,99.64711671317306,0.00021314863857924138,sew
J0966,H08_CANOPY,H08_CANOPY_O3_A_B_B,H08_CANOPY_O3_B_A_B_B,158.4101855245512,158.41031903541264,0.00013351086144552937,sew
J0967,H08_CANOPY,H08_CANOPY_O3_A_B_B,H08_CANOPY_O4_A,437.61446878742976,437.6153436739169,0.0008748864871677142,sew
J0968,H08_CANOPY,H08_CANOPY_O3_B_A_A,H08_CANOPY_O3_B_A_B_A,179.65480433077573,179.65437377140478,0.0004305593709545974,sew
J0969,H08_CANOPY,H08_CANOPY_O3_B_A_A,H08_CANOPY_O3_B_B,179.76391269631995,179.76435082906772,0.00043813274777448896,sew
J0970,H08_CANOPY,H08_CANOPY_O3_B_A_B_A,H08_CANOPY_O3_B_A_B_B,183.0773785095144,183.07760402896923,0.0002255194548297368,sew
J0971,H08_CANOPY,H08_CANOPY_O3_B_A_B_A,H08_CANOPY_O3_B_B,90.39683120290803,90.39789080598459,0.0010596030765555042,sew
J0972,H08_CANOPY,H08_CANOPY_O3_B_A_B_B,H08_CANOPY_O3_B_B,136.6421316571774,136.6431219573459,0.0009903001684961055,sew
J0973,H08_CANOPY,H08_CANOPY_O3_B_A_B_B,H08_CANOPY_O4_B_A_A_A,83.20318180753144,83.20294839609699,0.00023341143445065882,sew
J0974,H08_CANOPY,H08_CANOPY_O3_B_A_B_B,H08_CANOPY_O4_B_A_A_B,109.52670699191029,109.52662325528303,8.373662726057773e-05,sew
J0975,H08_CANOPY,H08_CANOPY_O3_B_B,H08_CANOPY_O4_B_B,224.29384468085146,224.29332268449298,0.0005219963584863763,sew
J0976,H08_CANOPY,H08_CANOPY_O4_A,H08_CANOPY_O4_B_A_A_A,228.38404790477213,228.38332299318492,0.0007249115872127732,sew
J0977,H08_CANOPY,H08_CANOPY_O4_A,H08_CANOPY_O4_B_A_B_A,120.04494762497069,120.04453639810737,0.000411226863320735,sew
J0978,H08_CANOPY,H08_CANOPY_O4_A,H08_CANOPY_O4_B_A_B_B,183.87837501918813,183.8783200134141,5.500577401562623e-05,sew
J0979,H08_CANOPY,H08_CANOPY_O4_A,H08_CANOPY_RIGHT,858.2077651675183,858.2055792294,0.0021859381183730875,sew
J0980,H08_CANOPY,H08_CANOPY_O4_A,H08_CANOPY_START,141.7579389142951,141.75785637484069,8.253945441083488e-05,sew
J0981,H08_CANOPY,H08_CANOPY_O4_B_A_A_A,H08_CANOPY_O4_B_A_A_B,209.27561346890283,209.27572060537892,0.00010713647608895371,sew
J0982,H08_CANOPY,H08_CANOPY_O4_B_A_A_A,H08_CANOPY_O4_B_A_B_A,97.80332197097906,97.80331156666196,1.0404317094980797e-05,sew
J0983,H08_CANOPY,H08_CANOPY_O4_B_A_A_B,H08_CANOPY_O4_B_A_B_A,118.6739637389768,118.67398604005238,2.2301075588870845e-05,sew
J0984,H08_CANOPY,H08_CANOPY_O4_B_A_A_B,H08_CANOPY_O4_B_B,184.31890347227997,184.3190632233302,0.00015975105023358083,sew
J0985,H08_CANOPY,H08_CANOPY_O4_B_A_B_A,H08_CANOPY_O4_B_A_B_B,233.08981902298694,233.08991203290606,9.300991911231904e-05,sew
J0986,H08_CANOPY,H08_CANOPY_O4_B_A_B_A,H08_CANOPY_O4_B_B,92.92184591795467,92.9221837167976,0.00033779884293494433,sew
J0987,H08_CANOPY,H08_CANOPY_O4_B_A_B_B,H08_CANOPY_O4_B_B,139.89575152198665,139.89595941157523,0.00020788958858020123,sew
J0988,H08_CANOPY,H08_CANOPY_O4_B_A_B_B,H08_CANOPY_RIGHT,262.52968738207545,262.52927183353745,0.00041554853800107594,sew
J0989,H08_CANOPY,H08_CANOPY_O4_B_B,H08_CANOPY_RIGHT,242.93328857659225,242.93285246091233,0.0004361156799177479,sew
J0990,H08_CANOPY,H08_CANOPY_RIGHT,H08_CANOPY_START,21.0,21.0,0.0,sew
J0991,K07_PASSIVE_FLAP_CLOSED,K08_FLAP_LINING,K09_FLAP_EDGE_END,532.3203154049343,532.3203154086948,3.760533218155615e-09,sew
J0992,K07_PASSIVE_FLAP_CLOSED,K08_FLAP_LINING,K09_FLAP_EDGE_LEFT,302.05464737556736,302.05464737361683,1.9505250747897662e-09,sew
J0993,K07_PASSIVE_FLAP_CLOSED,K08_FLAP_LINING,K09_FLAP_EDGE_RIGHT,302.0546473736433,302.05464737361683,2.6489033189136535e-11,sew
J0994,K07_PASSIVE_FLAP_CLOSED,K08_FLAP_LINING,K09_FLAP_EDGE_START,532.3203154125854,532.3203154086948,3.890590960509144e-09,sew
J0995,K07_PASSIVE_FLAP_CLOSED,K08_FLAP_OUTER,K09_FLAP_EDGE_END,532.3203154049343,532.3203154086948,3.760533218155615e-09,sew
J0996,K07_PASSIVE_FLAP_CLOSED,K08_FLAP_OUTER,K09_FLAP_EDGE_LEFT,302.05464737556736,302.05464737361683,1.9505250747897662e-09,sew
J0997,K07_PASSIVE_FLAP_CLOSED,K08_FLAP_OUTER,K09_FLAP_EDGE_RIGHT,302.0546473736433,302.05464737361683,2.6489033189136535e-11,sew
J0998,K07_PASSIVE_FLAP_CLOSED,K08_FLAP_OUTER,K09_FLAP_EDGE_START,532.3203154125854,532.3203154086948,3.890590960509144e-09,sew
J0999,K07_PASSIVE_FLAP_CLOSED,K09_FLAP_EDGE_END,K09_FLAP_EDGE_LEFT,15.0,15.000000000000004,3.552713678800501e-15,sew
J1000,K07_PASSIVE_FLAP_CLOSED,K09_FLAP_EDGE_END,K09_FLAP_EDGE_RIGHT,15.0,15.000000000000004,3.552713678800501e-15,sew
J1001,K07_PASSIVE_FLAP_CLOSED,K09_FLAP_EDGE_LEFT,K09_FLAP_EDGE_START,15.000000000000002,15.0,1.7763568394002505e-15,sew
J1002,K07_PASSIVE_FLAP_CLOSED,K09_FLAP_EDGE_RIGHT,K09_FLAP_EDGE_START,15.000000000000002,15.0,1.7763568394002505e-15,sew
J1003,L08_CONTINUOUS_COVER,L08_CONTINUOUS_COVER_END,L08_CONTINUOUS_COVER_I1,77.10728151109659,77.10727225449097,9.256605622454117e-06,sew
J1004,L08_CONTINUOUS_COVER,L08_CONTINUOUS_COVER_END,L08_CONTINUOUS_COVER_I2,72.68124245822334,72.68124631523139,3.85700805338729e-06,sew
J1005,L08_CONTINUOUS_COVER,L08_CONTINUOUS_COVER_END,L08_CONTINUOUS_COVER_I3,72.6812424582234,72.68124701872004,4.560496648764456e-06,sew
J1006,L08_CONTINUOUS_COVER,L08_CONTINUOUS_COVER_END,L08_CONTINUOUS_COVER_I4,77.10728151109657,77.10726975021186,1.1760884717659792e-05,sew
J1007,L08_CONTINUOUS_COVER,L08_CONTINUOUS_COVER_END,L08_CONTINUOUS_COVER_LEFT,9.0,9.00000000000003,3.019806626980426e-14,sew
J1008,L08_CONTINUOUS_COVER,L08_CONTINUOUS_COVER_END,L08_CONTINUOUS_COVER_O1_B,95.39943776162481,95.39954126968998,0.00010350806516612465,sew
J1009,L08_CONTINUOUS_COVER,L08_CONTINUOUS_COVER_END,L08_CONTINUOUS_COVER_O2,73.6940358555039,73.69407026480853,3.440930463227687e-05,sew
J1010,L08_CONTINUOUS_COVER,L08_CONTINUOUS_COVER_END,L08_CONTINUOUS_COVER_O3,73.69403585550386,73.6940721920051,3.6336501239020436e-05,sew
J1011,L08_CONTINUOUS_COVER,L08_CONTINUOUS_COVER_END,L08_CONTINUOUS_COVER_O4_B,95.39943776162484,95.39953359607628,9.583445144301095e-05,sew
J1012,L08_CONTINUOUS_COVER,L08_CONTINUOUS_COVER_END,L08_CONTINUOUS_COVER_RIGHT,9.0,9.00000000000003,3.019806626980426e-14,sew
J1013,L08_CONTINUOUS_COVER,L08_CONTINUOUS_COVER_I1,L08_CONTINUOUS_COVER_I2,1399.7933012425472,1399.7963671430687,0.0030659005215056823,sew
J1014,L08_CONTINUOUS_COVER,L08_CONTINUOUS_COVER_I1,L08_CONTINUOUS_COVER_LEFT,1519.359090891928,1519.3639141521844,0.004823260256443973,sew
J1015,L08_CONTINUOUS_COVER,L08_CONTINUOUS_COVER_I1,L08_CONTINUOUS_COVER_START,353.6866265433094,353.6873970661014,0.000770522792038264,sew
J1016,L08_CONTINUOUS_COVER,L08_CONTINUOUS_COVER_I2,L08_CONTINUOUS_COVER_I3,1367.7671174957788,1367.7671269407256,9.444946726944181e-06,sew
J1017,L08_CONTINUOUS_COVER,L08_CONTINUOUS_COVER_I2,L08_CONTINUOUS_COVER_START,261.02282605416207,261.02282138728225,4.666879817705194e-06,sew
J1018,L08_CONTINUOUS_COVER,L08_CONTINUOUS_COVER_I3,L08_CONTINUOUS_COVER_I4,1399.7963525806406,1399.793308740622,0.00304384001856306,sew
J1019,L08_CONTINUOUS_COVER,L08_CONTINUOUS_COVER_I3,L08_CONTINUOUS_COVER_START,261.02282533411363,261.02282138728197,3.946831668599771e-06,sew
J1020,L08_CONTINUOUS_COVER,L08_CONTINUOUS_COVER_I4,L08_CONTINUOUS_COVER_RIGHT,1519.3587727107426,1519.3639141521844,0.005141441441764982,sew
J1021,L08_CONTINUOUS_COVER,L08_CONTINUOUS_COVER_I4,L08_CONTINUOUS_COVER_START,353.6866219559153,353.6873970661015,0.0007751101861686038,sew
J1022,L08_CONTINUOUS_COVER,L08_CONTINUOUS_COVER_LEFT,L08_CONTINUOUS_COVER_O1_A_A_A,197.7809358199986,197.78074805592334,0.0001877640752638854,sew
J1023,L08_CONTINUOUS_COVER,L08_CONTINUOUS_COVER_LEFT,L08_CONTINUOUS_COVER_O1_A_A_B,179.25715035186897,179.25640933898222,0.0007410128867491039,sew
J1024,L08_CONTINUOUS_COVER,L08_CONTINUOUS_COVER_LEFT,L08_CONTINUOUS_COVER_O1_A_B,344.4606500253367,344.46113640514056,0.00048637980387411517,sew
J1025,L08_CONTINUOUS_COVER,L08_CONTINUOUS_COVER_LEFT,L08_CONTINUOUS_COVER_O1_B,797.8651779549806,797.8701567218586,0.0049787668780254535,sew
J1026,L08_CONTINUOUS_COVER,L08_CONTINUOUS_COVER_LEFT,L08_CONTINUOUS_COVER_START,9.0,9.0,0.0,sew
J1027,L08_CONTINUOUS_COVER,L08_CONTINUOUS_COVER_O1_A_A_A,L08_CONTINUOUS_COVER_O1_A_A_B,275.04750124865575,275.04672021510584,0.0007810335499129906,sew
J1028,L08_CONTINUOUS_COVER,L08_CONTINUOUS_COVER_O1_A_A_A,L08_CONTINUOUS_COVER_O2,170.7816501011994,170.78167957215356,2.9470954160615292e-05,sew
J1029,L08_CONTINUOUS_COVER,L08_CONTINUOUS_COVER_O1_A_A_A,L08_CONTINUOUS_COVER_START,336.58648486318407,336.58678427059374,0.0002994074096704935,sew
J1030,L08_CONTINUOUS_COVER,L08_CONTINUOUS_COVER_O1_A_A_B,L08_CONTINUOUS_COVER_O1_A_B,263.9056302114739,263.9067365285832,0.0011063171093042001,sew
J1031,L08_CONTINUOUS_COVER,L08_CONTINUOUS_COVER_O1_A_A_B,L08_CONTINUOUS_COVER_O2,172.37173827351876,172.37204047805636,0.0003022045376042115,sew
J1032,L08_CONTINUOUS_COVER,L08_CONTINUOUS_COVER_O1_A_B,L08_CONTINUOUS_COVER_O1_B,262.82325048983677,262.8231919855805,5.8504256287505996e-05,sew
J1033,L08_CONTINUOUS_COVER,L08_CONTINUOUS_COVER_O1_A_B,L08_CONTINUOUS_COVER_O2,340.4719374439318,340.47195672428904,1.9280357264506165e-05,sew
J1034,L08_CONTINUOUS_COVER,L08_CONTINUOUS_COVER_O1_B,L08_CONTINUOUS_COVER_O2,724.0696257396589,724.0671841590317,0.0024415806271917972,sew
J1035,L08_CONTINUOUS_COVER,L08_CONTINUOUS_COVER_O2,L08_CONTINUOUS_COVER_O3,1377.8785175174767,1377.8785438915675,2.637409079397912e-05,sew
J1036,L08_CONTINUOUS_COVER,L08_CONTINUOUS_COVER_O2,L08_CONTINUOUS_COVER_START,261.1381069906594,261.1381212331095,1.4242450049550825e-05,sew
J1037,L08_CONTINUOUS_COVER,L08_CONTINUOUS_COVER_O3,L08_CONTINUOUS_COVER_O4_A_A_A,170.7817165460317,170.78165397454808,6.257148362465159e-05,sew
J1038,L08_CONTINUOUS_COVER,L08_CONTINUOUS_COVER_O3,L08_CONTINUOUS_COVER_O4_A_A_B,172.37216837946636,172.37171594044187,0.00045243902448532936,sew
J1039,L08_CONTINUOUS_COVER,L08_CONTINUOUS_COVER_O3,L08_CONTINUOUS_COVER_O4_A_B,340.47191676688163,340.47178580493903,0.00013096194260242555,sew
J1040,L08_CONTINUOUS_COVER,L08_CONTINUOUS_COVER_O3,L08_CONTINUOUS_COVER_O4_B,724.0668546605137,724.0689295204843,0.0020748599705484594,sew
J1041,L08_CONTINUOUS_COVER,L08_CONTINUOUS_COVER_O3,L08_CONTINUOUS_COVER_START,261.1381070317806,261.13812123310976,1.4201329179286404e-05,sew
J1042,L08_CONTINUOUS_COVER,L08_CONTINUOUS_COVER_O4_A_A_A,L08_CONTINUOUS_COVER_O4_A_A_B,275.0475560419958,275.046767631487,0.0007884105087896387,sew
J1043,L08_CONTINUOUS_COVER,L08_CONTINUOUS_COVER_O4_A_A_A,L08_CONTINUOUS_COVER_RIGHT,197.7808129479738,197.7809358199986,0.00012287202480365522,sew
J1044,L08_CONTINUOUS_COVER,L08_CONTINUOUS_COVER_O4_A_A_A,L08_CONTINUOUS_COVER_START,336.58653634189454,336.58678427059357,0.00024792869902512393,sew
J1045,L08_CONTINUOUS_COVER,L08_CONTINUOUS_COVER_O4_A_A_B,L08_CONTINUOUS_COVER_O4_A_B,263.9054869572378,263.9066200235171,0.0011330662792943258,sew
J1046,L08_CONTINUOUS_COVER,L08_CONTINUOUS_COVER_O4_A_A_B,L08_CONTINUOUS_COVER_RIGHT,179.25640825964206,179.25715035186897,0.0007420922269147923,sew
J1047,L08_CONTINUOUS_COVER,L08_CONTINUOUS_COVER_O4_A_B,L08_CONTINUOUS_COVER_O4_B,262.82314723353096,262.82317443873444,2.7205203480207274e-05,sew
J1048,L08_CONTINUOUS_COVER,L08_CONTINUOUS_COVER_O4_A_B,L08_CONTINUOUS_COVER_RIGHT,344.4609540271985,344.4606500253367,0.0003040018618207796,sew
J1049,L08_CONTINUOUS_COVER,L08_CONTINUOUS_COVER_O4_B,L08_CONTINUOUS_COVER_RIGHT,797.8687124239367,797.8651779549806,0.0035344689561043197,sew
J1050,L08_CONTINUOUS_COVER,L08_CONTINUOUS_COVER_RIGHT,L08_CONTINUOUS_COVER_START,9.0,9.0,0.0,sew
J1051,O08_SMOOTH_LOWER,O08_SMOOTH_LOWER_END,O08_SMOOTH_LOWER_I1_B,81.17797023780413,81.17811782934614,0.00014759154200305602,sew
J1052,O08_SMOOTH_LOWER,O08_SMOOTH_LOWER_END,O08_SMOOTH_LOWER_I2_B,15.196957775952361,15.196957273351941,5.026004199493173e-07,sew
J1053,O08_SMOOTH_LOWER,O08_SMOOTH_LOWER_END,O08_SMOOTH_LOWER_I3,20.945482854192257,20.945482564816377,2.8937587970290224e-07,sew
J1054,O08_SMOOTH_LOWER,O08_SMOOTH_LOWER_END,O08_SMOOTH_LOWER_I4,17.771687731626795,17.77168769414397,3.748282395577007e-08,sew
J1055,O08_SMOOTH_LOWER,O08_SMOOTH_LOWER_END,O08_SMOOTH_LOWER_I5,14.452333958258826,14.452334309793287,3.515344602078585e-07,sew
J1056,O08_SMOOTH_LOWER,O08_SMOOTH_LOWER_END,O08_SMOOTH_LOWER_I6_B_B_B_B,85.09638917806323,85.09643242099477,4.32429315395666e-05,sew
J1057,O08_SMOOTH_LOWER,O08_SMOOTH_LOWER_END,O08_SMOOTH_LOWER_LEFT,27.299999999999997,27.299999999999997,0.0,sew
J1058,O08_SMOOTH_LOWER,O08_SMOOTH_LOWER_END,O08_SMOOTH_LOWER_O1_B,106.7522127995544,106.75250701054108,0.0002942109866808096,sew
J1059,O08_SMOOTH_LOWER,O08_SMOOTH_LOWER_END,O08_SMOOTH_LOWER_O2_B,24.409313169435503,24.40933247353204,1.930409653638776e-05,sew
J1060,O08_SMOOTH_LOWER,O08_SMOOTH_LOWER_END,O08_SMOOTH_LOWER_O3,36.11254891818438,36.112551223432035,2.305247654987852e-06,sew
J1061,O08_SMOOTH_LOWER,O08_SMOOTH_LOWER_END,O08_SMOOTH_LOWER_O4,30.640818563904254,30.640818607319908,4.341565329468722e-08,sew
J1062,O08_SMOOTH_LOWER,O08_SMOOTH_LOWER_END,O08_SMOOTH_LOWER_O5_B,24.31916550320096,24.319176254124272,1.0750923312485838e-05,sew
J1063,O08_SMOOTH_LOWER,O08_SMOOTH_LOWER_END,O08_SMOOTH_LOWER_O6_B_B_B_B_B,112.31409082006911,112.31412238072674,3.1560657632212497e-05,sew
J1064,O08_SMOOTH_LOWER,O08_SMOOTH_LOWER_END,O08_SMOOTH_LOWER_RIGHT,27.299999999999997,27.299999999999997,0.0,sew
J1065,O08_SMOOTH_LOWER,O08_SMOOTH_LOWER_I1_A_A_A,O08_SMOOTH_LOWER_I1_A_A_B_A,93.5978865146206,93.59786586868668,2.064593391537528e-05,sew
J1066,O08_SMOOTH_LOWER,O08_SMOOTH_LOWER_I1_A_A_A,O08_SMOOTH_LOWER_I1_A_A_B_B,68.21358693193947,68.21367971019195,9.277825247977489e-05,sew
J1067,O08_SMOOTH_LOWER,O08_SMOOTH_LOWER_I1_A_A_A,O08_SMOOTH_LOWER_I2_A_A,351.4497009003279,351.4496705036555,3.0396672400456737e-05,sew
J1068,O08_SMOOTH_LOWER,O08_SMOOTH_LOWER_I1_A_A_A,O08_SMOOTH_LOWER_LEFT,430.93857967580544,430.9381826313342,0.00039704447124222497,sew
J1069,O08_SMOOTH_LOWER,O08_SMOOTH_LOWER_I1_A_A_A,O08_SMOOTH_LOWER_START,13.650554173014388,13.650554193069812,2.0055423988196708e-08,sew
J1070,O08_SMOOTH_LOWER,O08_SMOOTH_LOWER_I1_A_A_B_A,O08_SMOOTH_LOWER_I1_A_A_B_B,307.6209658634725,307.62176046409144,0.0007946006189172294,sew
J1071,O08_SMOOTH_LOWER,O08_SMOOTH_LOWER_I1_A_A_B_A,O08_SMOOTH_LOWER_I1_A_B_A,330.52416179591603,330.52410609403876,5.570187727244047e-05,sew
J1072,O08_SMOOTH_LOWER,O08_SMOOTH_LOWER_I1_A_A_B_A,O08_SMOOTH_LOWER_LEFT,482.8986933684814,482.8985791918472,0.0001141766342129813,sew
J1073,O08_SMOOTH_LOWER,O08_SMOOTH_LOWER_I1_A_A_B_B,O08_SMOOTH_LOWER_I1_A_B_B_A,203.0978694450005,203.09785489714346,1.4547857034585832e-05,sew
J1074,O08_SMOOTH_LOWER,O08_SMOOTH_LOWER_I1_A_A_B_B,O08_SMOOTH_LOWER_I2_A_A,249.18705713773488,249.18680816672082,0.000248971014059407,sew
J1075,O08_SMOOTH_LOWER,O08_SMOOTH_LOWER_I1_A_B_A,O08_SMOOTH_LOWER_I1_A_B_B_A,233.5576729760084,233.55801692330863,0.00034394730022313524,sew
J1076,O08_SMOOTH_LOWER,O08_SMOOTH_LOWER_I1_A_B_A,O08_SMOOTH_LOWER_I1_A_B_B_B_A,116.22228043462567,116.22234791024358,6.747561791087264e-05,sew
J1077,O08_SMOOTH_LOWER,O08_SMOOTH_LOWER_I1_A_B_A,O08_SMOOTH_LOWER_I1_A_B_B_B_B_A,39.34658456401932,39.34661113966942,2.657565010366625e-05,sew
J1078,O08_SMOOTH_LOWER,O08_SMOOTH_LOWER_I1_A_B_A,O08_SMOOTH_LOWER_I1_A_B_B_B_B_B_A,192.27174885396818,192.2715537745036,0.00019507946458929837,sew
J1079,O08_SMOOTH_LOWER,O08_SMOOTH_LOWER_I1_A_B_A,O08_SMOOTH_LOWER_I1_A_B_B_B_B_B_B,55.5756867871436,55.57568680790433,2.0760730023994256e-08,sew
J1080,O08_SMOOTH_LOWER,O08_SMOOTH_LOWER_I1_A_B_A,O08_SMOOTH_LOWER_I1_B,265.3330246216292,265.33283387133554,0.00019075029365467344,sew
J1081,O08_SMOOTH_LOWER,O08_SMOOTH_LOWER_I1_A_B_A,O08_SMOOTH_LOWER_LEFT,795.0748019897896,795.075068220565,0.0002662307753098503,sew
J1082,O08_SMOOTH_LOWER,O08_SMOOTH_LOWER_I1_A_B_B_A,O08_SMOOTH_LOWER_I1_A_B_B_B_A,252.68431878988508,252.6839567847273,0.00036200515779682974,sew
J1083,O08_SMOOTH_LOWER,O08_SMOOTH_LOWER_I1_A_B_B_A,O08_SMOOTH_LOWER_I2_A_B_A,220.6988583185949,220.6991505257072,0.0002922071123236947,sew
J1084,O08_SMOOTH_LOWER,O08_SMOOTH_LOWER_I1_A_B_B_B_A,O08_SMOOTH_LOWER_I1_A_B_B_B_B_A,260.5948712504836,260.5948171242931,5.4126190491388115e-05,sew
J1085,O08_SMOOTH_LOWER,O08_SMOOTH_LOWER_I1_A_B_B_B_A,O08_SMOOTH_LOWER_I2_A_B_B_A,113.59319237228739,113.59322639647877,3.40241913789896e-05,sew
J1086,O08_SMOOTH_LOWER,O08_SMOOTH_LOWER_I1_A_B_B_B_B_A,O08_SMOOTH_LOWER_I1_A_B_B_B_B_B_A,261.2050854409486,261.2050854409486,0.0,sew
J1087,O08_SMOOTH_LOWER,O08_SMOOTH_LOWER_I1_A_B_B_B_B_A,O08_SMOOTH_LOWER_I2_A_B_B_B_A,38.49822617706316,38.49822617706316,0.0,sew
J1088,O08_SMOOTH_LOWER,O08_SMOOTH_LOWER_I1_A_B_B_B_B_B_A,O08_SMOOTH_LOWER_I1_A_B_B_B_B_B_B,176.83604543708464,176.83604543708458,5.684341886080802e-14,sew
J1089,O08_SMOOTH_LOWER,O08_SMOOTH_LOWER_I1_A_B_B_B_B_B_A,O08_SMOOTH_LOWER_I2_A_B_B_B_B,163.81017902472934,163.81017890008664,1.2464269616430101e-07,sew
J1090,O08_SMOOTH_LOWER,O08_SMOOTH_LOWER_I1_A_B_B_B_B_B_B,O08_SMOOTH_LOWER_I1_B,165.63833345395955,165.63882553275246,0.0004920787929165726,sew
J1091,O08_SMOOTH_LOWER,O08_SMOOTH_LOWER_I1_A_B_B_B_B_B_B,O08_SMOOTH_LOWER_I2_A_B_B_B_B,53.72148784379975,53.72157105686569,8.321306594183397e-05,sew
J1092,O08_SMOOTH_LOWER,O08_SMOOTH_LOWER_I1_B,O08_SMOOTH_LOWER_I2_B,1465.6055740573788,1465.594846288418,0.010727768960805406,sew
J1093,O08_SMOOTH_LOWER,O08_SMOOTH_LOWER_I1_B,O08_SMOOTH_LOWER_LEFT,1584.05665296569,1584.047908113229,0.008744852461177288,sew
J1094,O08_SMOOTH_LOWER,O08_SMOOTH_LOWER_I2_A_A,O08_SMOOTH_LOWER_I2_A_B_A,177.46416893152107,177.46462774108156,0.0004588095604844966,sew
J1095,O08_SMOOTH_LOWER,O08_SMOOTH_LOWER_I2_A_A,O08_SMOOTH_LOWER_I3,499.7243209345014,499.7236953152488,0.000625619252616616,sew
J1096,O08_SMOOTH_LOWER,O08_SMOOTH_LOWER_I2_A_A,O08_SMOOTH_LOWER_START,16.049438830836948,16.04943926954909,4.3871214217006127e-07,sew
J1097,O08_SMOOTH_LOWER,O08_SMOOTH_LOWER_I2_A_B_A,O08_SMOOTH_LOWER_I2_A_B_B_A,163.23536351621163,163.23526578545574,9.773075589691871e-05,sew
J1098,O08_SMOOTH_LOWER,O08_SMOOTH_LOWER_I2_A_B_A,O08_SMOOTH_LOWER_I3,213.38165416400966,213.38128403199823,0.0003701320114259943,sew
J1099,O08_SMOOTH_LOWER,O08_SMOOTH_LOWER_I2_A_B_B_A,O08_SMOOTH_LOWER_I2_A_B_B_B_A,149.56256784060403,149.5625093663099,5.8474294121424464e-05,sew
J1100,O08_SMOOTH_LOWER,O08_SMOOTH_LOWER_I2_A_B_B_A,O08_SMOOTH_LOWER_I3,108.0866219051556,108.08660878600327,1.3119152328044947e-05,sew
J1101,O08_SMOOTH_LOWER,O08_SMOOTH_LOWER_I2_A_B_B_B_A,O08_SMOOTH_LOWER_I2_A_B_B_B_B,144.2913282356428,144.29134904660432,2.0810961530060013e-05,sew
J1102,O08_SMOOTH_LOWER,O08_SMOOTH_LOWER_I2_A_B_B_B_A,O08_SMOOTH_LOWER_I3,36.29667738507408,36.29668090514811,3.520074031371223e-06,sew
J1103,O08_SMOOTH_LOWER,O08_SMOOTH_LOWER_I2_A_B_B_B_B,O08_SMOOTH_LOWER_I2_B,166.13101660692962,166.13099711991816,1.9487011456931214e-05,sew
J1104,O08_SMOOTH_LOWER,O08_SMOOTH_LOWER_I2_A_B_B_B_B,O08_SMOOTH_LOWER_I3,199.65381049066332,199.6538162809,5.790236684788397e-06,sew
J1105,O08_SMOOTH_LOWER,O08_SMOOTH_LOWER_I2_B,O08_SMOOTH_LOWER_I3,1397.2248435209817,1397.2233723948968,0.0014711260848798702,sew
J1106,O08_SMOOTH_LOWER,O08_SMOOTH_LOWER_I3,O08_SMOOTH_LOWER_I4,2292.793512258889,2292.7935019519055,1.0306983767804923e-05,sew
J1107,O08_SMOOTH_LOWER,O08_SMOOTH_LOWER_I3,O08_SMOOTH_LOWER_START,27.22294841486007,27.222948405774257,9.085812990861086e-09,sew
J1108,O08_SMOOTH_LOWER,O08_SMOOTH_LOWER_I4,O08_SMOOTH_LOWER_I5,2412.4824251525006,2412.482284682983,0.0001404695176461246,sew
J1109,O08_SMOOTH_LOWER,O08_SMOOTH_LOWER_I4,O08_SMOOTH_LOWER_START,23.0984405190961,23.098440547472066,2.8375964689075772e-08,sew
J1110,O08_SMOOTH_LOWER,O08_SMOOTH_LOWER_I5,O08_SMOOTH_LOWER_I6_A_A_A,338.4693210560418,338.46957850286316,0.0002574468213651926,sew
J1111,O08_SMOOTH_LOWER,O08_SMOOTH_LOWER_I5,O08_SMOOTH_LOWER_I6_A_A_B_A,243.81735475582713,243.8181809840415,0.0008262282143789434,sew
J1112,O08_SMOOTH_LOWER,O08_SMOOTH_LOWER_I5,O08_SMOOTH_LOWER_I6_A_B_A_A_A,106.3947395977992,106.39473080729923,8.790499975930288e-06,sew
J1113,O08_SMOOTH_LOWER,O08_SMOOTH_LOWER_I5,O08_SMOOTH_LOWER_I6_A_B_A_A_B,112.76293246773824,112.76285626703927,7.62006989702968e-05,sew
J1114,O08_SMOOTH_LOWER,O08_SMOOTH_LOWER_I5,O08_SMOOTH_LOWER_I6_A_B_A_B_A,112.58707932052872,112.5874937059387,0.00041438540998228746,sew
J1115,O08_SMOOTH_LOWER,O08_SMOOTH_LOWER_I5,O08_SMOOTH_LOWER_I6_A_B_A_B_B_A,38.10142639268064,38.1017413950718,0.00031500239116155626,sew
J1116,O08_SMOOTH_LOWER,O08_SMOOTH_LOWER_I5,O08_SMOOTH_LOWER_I6_A_B_A_B_B_B_A,160.8277217242299,160.82880910840268,0.0010873841727914169,sew
J1117,O08_SMOOTH_LOWER,O08_SMOOTH_LOWER_I5,O08_SMOOTH_LOWER_I6_A_B_A_B_B_B_B,53.67054380451444,53.67074301903922,0.00019921452478399715,sew
J1118,O08_SMOOTH_LOWER,O08_SMOOTH_LOWER_I5,O08_SMOOTH_LOWER_I6_B_A,645.8090825842389,645.8123276355161,0.003245051277190214,sew
J1119,O08_SMOOTH_LOWER,O08_SMOOTH_LOWER_I5,O08_SMOOTH_LOWER_I6_B_B_A,326.69102035374874,326.6922041052879,0.0011837515391448505,sew
J1120,O08_SMOOTH_LOWER,O08_SMOOTH_LOWER_I5,O08_SMOOTH_LOWER_I6_B_B_B_A,171.13546420832844,171.13563291235252,0.0001687040240767601,sew
J1121,O08_SMOOTH_LOWER,O08_SMOOTH_LOWER_I5,O08_SMOOTH_LOWER_I6_B_B_B_B,309.90685977979956,309.90829259024974,0.001432810450182842,sew
J1122,O08_SMOOTH_LOWER,O08_SMOOTH_LOWER_I5,O08_SMOOTH_LOWER_START,17.657767204880223,17.65776668380918,5.210710440906041e-07,sew
J1123,O08_SMOOTH_LOWER,O08_SMOOTH_LOWER_I6_A_A_A,O08_SMOOTH_LOWER_I6_A_A_B_A,59.76529060404982,59.76536251503143,7.19109816103014e-05,sew
J1124,O08_SMOOTH_LOWER,O08_SMOOTH_LOWER_I6_A_A_A,O08_SMOOTH_LOWER_I6_A_A_B_B,121.68151745971666,121.68171504727741,0.00019758756074850226,sew
J1125,O08_SMOOTH_LOWER,O08_SMOOTH_LOWER_I6_A_A_A,O08_SMOOTH_LOWER_RIGHT,430.9388388278537,430.9381826313342,0.0006561965195146513,sew
J1126,O08_SMOOTH_LOWER,O08_SMOOTH_LOWER_I6_A_A_A,O08_SMOOTH_LOWER_START,16.166734464906657,16.16673463711197,1.7220531134398698e-07,sew
J1127,O08_SMOOTH_LOWER,O08_SMOOTH_LOWER_I6_A_A_B_A,O08_SMOOTH_LOWER_I6_A_A_B_B,273.6138081758428,273.6126363941022,0.0011717817405951791,sew
J1128,O08_SMOOTH_LOWER,O08_SMOOTH_LOWER_I6_A_A_B_A,O08_SMOOTH_LOWER_I6_A_B_A_A_A,141.78149586818134,141.78177380720433,0.00027793902299322326,sew
J1129,O08_SMOOTH_LOWER,O08_SMOOTH_LOWER_I6_A_A_B_B,O08_SMOOTH_LOWER_I6_A_B_B,425.8202061465119,425.8202196292584,1.3482746510362631e-05,sew
J1130,O08_SMOOTH_LOWER,O08_SMOOTH_LOWER_I6_A_A_B_B,O08_SMOOTH_LOWER_RIGHT,482.89946147385587,482.8985791918472,0.0008822820086606953,sew
J1131,O08_SMOOTH_LOWER,O08_SMOOTH_LOWER_I6_A_B_A_A_A,O08_SMOOTH_LOWER_I6_A_B_A_A_B,160.03741608423712,160.03697031015156,0.00044577408556278897,sew
J1132,O08_SMOOTH_LOWER,O08_SMOOTH_LOWER_I6_A_B_A_A_A,O08_SMOOTH_LOWER_I6_A_B_B,110.05387342153702,110.05368737958429,0.00018604195273042023,sew
J1133,O08_SMOOTH_LOWER,O08_SMOOTH_LOWER_I6_A_B_A_A_B,O08_SMOOTH_LOWER_I6_A_B_A_B_A,167.97597812967476,167.9760653485634,8.721888863760796e-05,sew
J1134,O08_SMOOTH_LOWER,O08_SMOOTH_LOWER_I6_A_B_A_A_B,O08_SMOOTH_LOWER_I6_A_B_B,116.21160066458748,116.21160372198688,3.0573993967664137e-06,sew
J1135,O08_SMOOTH_LOWER,O08_SMOOTH_LOWER_I6_A_B_A_B_A,O08_SMOOTH_LOWER_I6_A_B_A_B_B_A,170.88254023073574,170.8825070229527,3.320778304782834e-05,sew
J1136,O08_SMOOTH_LOWER,O08_SMOOTH_LOWER_I6_A_B_A_B_A,O08_SMOOTH_LOWER_I6_A_B_B,115.34488554214391,115.34475256745048,0.0001329746934288778,sew
J1137,O08_SMOOTH_LOWER,O08_SMOOTH_LOWER_I6_A_B_A_B_B_A,O08_SMOOTH_LOWER_I6_A_B_A_B_B_B_A,170.62313330167072,170.6231333016707,2.842170943040401e-14,sew
J1138,O08_SMOOTH_LOWER,O08_SMOOTH_LOWER_I6_A_B_A_B_B_A,O08_SMOOTH_LOWER_I6_A_B_B,39.12808242710238,39.128017213571674,6.521353070354508e-05,sew
J1139,O08_SMOOTH_LOWER,O08_SMOOTH_LOWER_I6_A_B_A_B_B_B_A,O08_SMOOTH_LOWER_I6_A_B_A_B_B_B_B,125.53206256933723,125.53206256933733,9.947598300641403e-14,sew
J1140,O08_SMOOTH_LOWER,O08_SMOOTH_LOWER_I6_A_B_A_B_B_B_A,O08_SMOOTH_LOWER_I6_A_B_B,174.88511170090143,174.88475391976502,0.00035778113641526943,sew
J1141,O08_SMOOTH_LOWER,O08_SMOOTH_LOWER_I6_A_B_A_B_B_B_B,O08_SMOOTH_LOWER_I6_A_B_B,54.36384691607088,54.36388539784932,3.848177844645306e-05,sew
J1142,O08_SMOOTH_LOWER,O08_SMOOTH_LOWER_I6_A_B_A_B_B_B_B,O08_SMOOTH_LOWER_I6_B_A,119.19102467959056,119.19127240860354,0.00024772901298319994,sew
J1143,O08_SMOOTH_LOWER,O08_SMOOTH_LOWER_I6_A_B_B,O08_SMOOTH_LOWER_I6_B_A,342.06598601072,342.06702746803603,0.0010414573160346663,sew
J1144,O08_SMOOTH_LOWER,O08_SMOOTH_LOWER_I6_A_B_B,O08_SMOOTH_LOWER_RIGHT,795.0751350768105,795.075068220565,6.685624555302638e-05,sew
J1145,O08_SMOOTH_LOWER,O08_SMOOTH_LOWER_I6_B_A,O08_SMOOTH_LOWER_I6_B_B_A,303.6037617210461,303.6041123607897,0.0003506397436012776,sew
J1146,O08_SMOOTH_LOWER,O08_SMOOTH_LOWER_I6_B_A,O08_SMOOTH_LOWER_RIGHT,673.7791732667154,673.7781909805219,0.0009822861934480898,sew
J1147,O08_SMOOTH_LOWER,O08_SMOOTH_LOWER_I6_B_B_A,O08_SMOOTH_LOWER_I6_B_B_B_A,291.33952624733934,291.33951595681845,1.0290520890521293e-05,sew
J1148,O08_SMOOTH_LOWER,O08_SMOOTH_LOWER_I6_B_B_A,O08_SMOOTH_LOWER_RIGHT,328.8646780008027,328.8642461489767,0.00043185182602201166,sew
J1149,O08_SMOOTH_LOWER,O08_SMOOTH_LOWER_I6_B_B_B_A,O08_SMOOTH_LOWER_I6_B_B_B_B,279.4799671971708,279.4804984576707,0.0005312604998835013,sew
J1150,O08_SMOOTH_LOWER,O08_SMOOTH_LOWER_I6_B_B_B_A,O08_SMOOTH_LOWER_RIGHT,175.5402171913213,175.54013110738924,8.608393204667664e-05,sew
J1151,O08_SMOOTH_LOWER,O08_SMOOTH_LOWER_I6_B_B_B_B,O08_SMOOTH_LOWER_RIGHT,405.86569086309515,405.8653398763411,0.00035098675402878143,sew
J1152,O08_SMOOTH_LOWER,O08_SMOOTH_LOWER_LEFT,O08_SMOOTH_LOWER_O1_A_A_A,445.4100677446018,445.41051714111444,0.00044939651263575797,sew
J1153,O08_SMOOTH_LOWER,O08_SMOOTH_LOWER_LEFT,O08_SMOOTH_LOWER_O1_A_A_B_A,482.89857919184715,482.898685532675,0.00010634082786964427,sew
J1154,O08_SMOOTH_LOWER,O08_SMOOTH_LOWER_LEFT,O08_SMOOTH_LOWER_O1_A_B_A,804.1545506734058,804.1542534957892,0.0002971776165168194,sew
J1155,O08_SMOOTH_LOWER,O08_SMOOTH_LOWER_LEFT,O08_SMOOTH_LOWER_O1_B,1605.4651240014225,1605.475123938232,0.009999936809435894,sew
J1156,O08_SMOOTH_LOWER,O08_SMOOTH_LOWER_LEFT,O08_SMOOTH_LOWER_START,21.0,21.0,0.0,sew
J1157,O08_SMOOTH_LOWER,O08_SMOOTH_LOWER_O1_A_A_A,O08_SMOOTH_LOWER_O1_A_A_B_A,115.64157032351442,115.6415214086162,4.891489821545747e-05,sew
J1158,O08_SMOOTH_LOWER,O08_SMOOTH_LOWER_O1_A_A_A,O08_SMOOTH_LOWER_O1_A_A_B_B,81.44004089310948,81.44015724364291,0.00011635053343184154,sew
J1159,O08_SMOOTH_LOWER,O08_SMOOTH_LOWER_O1_A_A_A,O08_SMOOTH_LOWER_O2_A_A,365.5413484822646,365.54123978848963,0.00010869377496192101,sew
J1160,O08_SMOOTH_LOWER,O08_SMOOTH_LOWER_O1_A_A_A,O08_SMOOTH_LOWER_START,32.88671731433327,32.88671380895798,3.5053752895919388e-06,sew
J1161,O08_SMOOTH_LOWER,O08_SMOOTH_LOWER_O1_A_A_B_A,O08_SMOOTH_LOWER_O1_A_A_B_B,307.62096135403925,307.6217507347141,0.0007893806748597854,sew
J1162,O08_SMOOTH_LOWER,O08_SMOOTH_LOWER_O1_A_A_B_A,O08_SMOOTH_LOWER_O1_A_B_A,352.59111989029526,352.59104936201743,7.052827783127213e-05,sew
J1163,O08_SMOOTH_LOWER,O08_SMOOTH_LOWER_O1_A_A_B_B,O08_SMOOTH_LOWER_O1_A_B_B_A,216.7847895183736,216.78474110827884,4.8410094763085e-05,sew
J1164,O08_SMOOTH_LOWER,O08_SMOOTH_LOWER_O1_A_A_B_B,O08_SMOOTH_LOWER_O2_A_A,249.18707488894069,249.18694239467754,0.00013249426314132506,sew
J1165,O08_SMOOTH_LOWER,O08_SMOOTH_LOWER_O1_A_B_A,O08_SMOOTH_LOWER_O1_A_B_B_A,233.5576667203868,233.55799875093197,0.00033203054516661723,sew
J1166,O08_SMOOTH_LOWER,O08_SMOOTH_LOWER_O1_A_B_A,O08_SMOOTH_LOWER_O1_A_B_B_B_A,116.22227534627483,116.22234760234355,7.225606871941181e-05,sew
J1167,O08_SMOOTH_LOWER,O08_SMOOTH_LOWER_O1_A_B_A,O08_SMOOTH_LOWER_O1_A_B_B_B_B_A,39.34658253442197,39.34661113966942,2.8605247450741444e-05,sew
J1168,O08_SMOOTH_LOWER,O08_SMOOTH_LOWER_O1_A_B_A,O08_SMOOTH_LOWER_O1_A_B_B_B_B_B_A,211.26396373356062,211.26376385991165,0.00019987364896678628,sew
J1169,O08_SMOOTH_LOWER,O08_SMOOTH_LOWER_O1_A_B_A,O08_SMOOTH_LOWER_O1_A_B_B_B_B_B_B,55.57568677441385,55.57568680790433,3.3490479722786404e-08,sew
J1170,O08_SMOOTH_LOWER,O08_SMOOTH_LOWER_O1_A_B_A,O08_SMOOTH_LOWER_O1_B,300.17583208598626,300.17561559819677,0.00021648778948701874,sew
J1171,O08_SMOOTH_LOWER,O08_SMOOTH_LOWER_O1_A_B_B_A,O08_SMOOTH_LOWER_O1_A_B_B_B_A,266.28839997801725,266.28800905527703,0.0003909227402232318,sew
J1172,O08_SMOOTH_LOWER,O08_SMOOTH_LOWER_O1_A_B_B_A,O08_SMOOTH_LOWER_O2_A_B_A,220.69883416181975,220.6991234245615,0.00028926274174523314,sew
J1173,O08_SMOOTH_LOWER,O08_SMOOTH_LOWER_O1_A_B_B_B_A,O08_SMOOTH_LOWER_O1_A_B_B_B_B_A,274.14963458726953,274.1495769624765,5.762479304394219e-05,sew
J1174,O08_SMOOTH_LOWER,O08_SMOOTH_LOWER_O1_A_B_B_B_A,O08_SMOOTH_LOWER_O2_A_B_B_A,113.59319180066873,113.59322363523917,3.1834570435762544e-05,sew
J1175,O08_SMOOTH_LOWER,O08_SMOOTH_LOWER_O1_A_B_B_B_B_A,O08_SMOOTH_LOWER_O1_A_B_B_B_B_B_A,274.74273224221497,274.742732242215,5.684341886080802e-14,sew
J1176,O08_SMOOTH_LOWER,O08_SMOOTH_LOWER_O1_A_B_B_B_B_A,O08_SMOOTH_LOWER_O2_A_B_B_B_A,38.49822617706315,38.49822617706316,7.105427357601002e-15,sew
J1177,O08_SMOOTH_LOWER,O08_SMOOTH_LOWER_O1_A_B_B_B_B_B_A,O08_SMOOTH_LOWER_O1_A_B_B_B_B_B_B,198.45586246428317,198.45586246428297,1.9895196601282805e-13,sew
J1178,O08_SMOOTH_LOWER,O08_SMOOTH_LOWER_O1_A_B_B_B_B_B_A,O08_SMOOTH_LOWER_O2_A_B_B_B_B,177.27965871003144,177.27966096529536,2.2552639222794824e-06,sew
J1179,O08_SMOOTH_LOWER,O08_SMOOTH_LOWER_O1_A_B_B_B_B_B_B,O08_SMOOTH_LOWER_O1_B,187.25550970840683,187.2561233763177,0.0006136679108692533,sew
J1180,O08_SMOOTH_LOWER,O08_SMOOTH_LOWER_O1_A_B_B_B_B_B_B,O08_SMOOTH_LOWER_O2_A_B_B_B_B,53.721487843799736,53.72169827580035,0.00021043200061399148,sew
J1181,O08_SMOOTH_LOWER,O08_SMOOTH_LOWER_O1_B,O08_SMOOTH_LOWER_O2_B,1491.7379733555263,1491.7268125969542,0.011160758572032137,sew
J1182,O08_SMOOTH_LOWER,O08_SMOOTH_LOWER_O2_A_A,O08_SMOOTH_LOWER_O2_A_B_A,190.546784448054,190.54724642694387,0.0004619788898594379,sew
J1183,O08_SMOOTH_LOWER,O08_SMOOTH_LOWER_O2_A_A,O08_SMOOTH_LOWER_O3,508.85046155797005,508.8495999860963,0.0008615718737701172,sew
J1184,O08_SMOOTH_LOWER,O08_SMOOTH_LOWER_O2_A_A,O08_SMOOTH_LOWER_START,23.147277781114738,23.147273079308196,4.701806542328768e-06,sew
J1185,O08_SMOOTH_LOWER,O08_SMOOTH_LOWER_O2_A_B_A,O08_SMOOTH_LOWER_O2_A_B_B_A,176.20309772512644,176.2029741908122,0.00012353431424116934,sew
J1186,O08_SMOOTH_LOWER,O08_SMOOTH_LOWER_O2_A_B_A,O08_SMOOTH_LOWER_O3,213.38162784249675,213.3812812126153,0.0003466298814487345,sew
J1187,O08_SMOOTH_LOWER,O08_SMOOTH_LOWER_O2_A_B_B_A,O08_SMOOTH_LOWER_O2_A_B_B_B_A,162.43382188762192,162.43375989049412,6.19971278013054e-05,sew
J1188,O08_SMOOTH_LOWER,O08_SMOOTH_LOWER_O2_A_B_B_A,O08_SMOOTH_LOWER_O3,108.08661893571502,108.08660360007775,1.5335637272073654e-05,sew
J1189,O08_SMOOTH_LOWER,O08_SMOOTH_LOWER_O2_A_B_B_B_A,O08_SMOOTH_LOWER_O2_A_B_B_B_B,157.1238989344803,157.12400063523148,0.00010170075117343913,sew
J1190,O08_SMOOTH_LOWER,O08_SMOOTH_LOWER_O2_A_B_B_B_A,O08_SMOOTH_LOWER_O3,36.296677385074084,36.29667746190162,7.68275398854712e-08,sew
J1191,O08_SMOOTH_LOWER,O08_SMOOTH_LOWER_O2_A_B_B_B_B,O08_SMOOTH_LOWER_O2_B,186.79425273843083,186.79400501267864,0.0002477257521888987,sew
J1192,O08_SMOOTH_LOWER,O08_SMOOTH_LOWER_O2_A_B_B_B_B,O08_SMOOTH_LOWER_O3,203.73855498947202,203.7382796418526,0.0002753476194072846,sew
J1193,O08_SMOOTH_LOWER,O08_SMOOTH_LOWER_O2_B,O08_SMOOTH_LOWER_O3,1415.955161572189,1415.9527414687448,0.002420103444137567,sew
J1194,O08_SMOOTH_LOWER,O08_SMOOTH_LOWER_O3,O08_SMOOTH_LOWER_O4,2302.5176991610792,2302.517691827988,7.3330911618540995e-06,sew
J1195,O08_SMOOTH_LOWER,O08_SMOOTH_LOWER_O3,O08_SMOOTH_LOWER_START,38.88995375816045,38.889953303036684,4.551237680061604e-07,sew
J1196,O08_SMOOTH_LOWER,O08_SMOOTH_LOWER_O4,O08_SMOOTH_LOWER_O5_A_A,486.55461855131136,486.5548760892768,0.00025753796541039264,sew
J1197,O08_SMOOTH_LOWER,O08_SMOOTH_LOWER_O4,O08_SMOOTH_LOWER_O5_A_B_A,212.06786452333776,212.06797255523264,0.00010803189488228782,sew
J1198,O08_SMOOTH_LOWER,O08_SMOOTH_LOWER_O4,O08_SMOOTH_LOWER_O5_A_B_B_A,107.04470147332702,107.04470500451808,3.531191055117233e-06,sew
J1199,O08_SMOOTH_LOWER,O08_SMOOTH_LOWER_O4,O08_SMOOTH_LOWER_O5_A_B_B_B_A,35.87640363093947,35.87640375817558,1.272361060955518e-07,sew
J1200,O08_SMOOTH_LOWER,O08_SMOOTH_LOWER_O4,O08_SMOOTH_LOWER_O5_A_B_B_B_B,198.3945398545111,198.39456251298623,2.265847513172048e-05,sew
J1201,O08_SMOOTH_LOWER,O08_SMOOTH_LOWER_O4,O08_SMOOTH_LOWER_O5_B,1399.2516346810728,1399.2526102206664,0.0009755395935826527,sew
J1202,O08_SMOOTH_LOWER,O08_SMOOTH_LOWER_O4,O08_SMOOTH_LOWER_START,32.99777400351468,32.99777392294127,8.057340750156072e-08,sew
J1203,O08_SMOOTH_LOWER,O08_SMOOTH_LOWER_O5_A_A,O08_SMOOTH_LOWER_O5_A_B_A,200.21184937316843,200.21191211528676,6.274211833101617e-05,sew
J1204,O08_SMOOTH_LOWER,O08_SMOOTH_LOWER_O5_A_A,O08_SMOOTH_LOWER_O6_A_A_A,351.86411366055603,351.8653900554619,0.0012763949058580693,sew
J1205,O08_SMOOTH_LOWER,O08_SMOOTH_LOWER_O5_A_A,O08_SMOOTH_LOWER_O6_A_A_B_A,243.81684749651833,243.8183449865874,0.0014974900690560844,sew
J1206,O08_SMOOTH_LOWER,O08_SMOOTH_LOWER_O5_A_A,O08_SMOOTH_LOWER_START,25.279930582554016,25.279926322109404,4.260444612214087e-06,sew
J1207,O08_SMOOTH_LOWER,O08_SMOOTH_LOWER_O5_A_B_A,O08_SMOOTH_LOWER_O5_A_B_B_A,178.2064877298746,178.20642077534723,6.695452736948937e-05,sew
J1208,O08_SMOOTH_LOWER,O08_SMOOTH_LOWER_O5_A_B_A,O08_SMOOTH_LOWER_O6_A_B_A_A_A,106.39452793093112,106.39470927909449,0.00018134816336612403,sew
J1209,O08_SMOOTH_LOWER,O08_SMOOTH_LOWER_O5_A_B_A,O08_SMOOTH_LOWER_O6_A_B_A_A_B,112.76292593658157,112.76285678381923,6.915276233598888e-05,sew
J1210,O08_SMOOTH_LOWER,O08_SMOOTH_LOWER_O5_A_B_B_A,O08_SMOOTH_LOWER_O5_A_B_B_B_A,160.8679860326982,160.86797201498266,1.4017715557201882e-05,sew
J1211,O08_SMOOTH_LOWER,O08_SMOOTH_LOWER_O5_A_B_B_A,O08_SMOOTH_LOWER_O6_A_B_A_B_A,112.58747318595542,112.58749272065606,1.953470064108842e-05,sew
J1212,O08_SMOOTH_LOWER,O08_SMOOTH_LOWER_O5_A_B_B_B_A,O08_SMOOTH_LOWER_O5_A_B_B_B_B,154.42242495782327,154.4224599456469,3.498782362498787e-05,sew
J1213,O08_SMOOTH_LOWER,O08_SMOOTH_LOWER_O5_A_B_B_B_A,O08_SMOOTH_LOWER_O6_A_B_A_B_B_A,38.1017413950718,38.1017413950718,0.0,sew
J1214,O08_SMOOTH_LOWER,O08_SMOOTH_LOWER_O5_A_B_B_B_B,O08_SMOOTH_LOWER_O5_B,198.55693806662475,198.55682973667038,0.000108329954372266,sew
J1215,O08_SMOOTH_LOWER,O08_SMOOTH_LOWER_O5_A_B_B_B_B,O08_SMOOTH_LOWER_O6_A_B_A_B_B_B_A,172.0114800990812,172.01112255419477,0.0003575448864410191,sew
J1216,O08_SMOOTH_LOWER,O08_SMOOTH_LOWER_O5_A_B_B_B_B,O08_SMOOTH_LOWER_O6_A_B_A_B_B_B_B,53.67074304446733,53.67074301903922,2.5428107619518414e-08,sew
J1217,O08_SMOOTH_LOWER,O08_SMOOTH_LOWER_O5_B,O08_SMOOTH_LOWER_O6_B_A,645.809413732274,645.8123709919694,0.002957259695335779,sew
J1218,O08_SMOOTH_LOWER,O08_SMOOTH_LOWER_O5_B,O08_SMOOTH_LOWER_O6_B_B_A,326.69112352762266,326.6922135863553,0.0010900587326432287,sew
J1219,O08_SMOOTH_LOWER,O08_SMOOTH_LOWER_O5_B,O08_SMOOTH_LOWER_O6_B_B_B_A,171.13559417432128,171.13563578316615,4.1608844867369044e-05,sew
J1220,O08_SMOOTH_LOWER,O08_SMOOTH_LOWER_O5_B,O08_SMOOTH_LOWER_O6_B_B_B_B_A,128.15638866106661,128.1562393262593,0.0001493348073040579,sew
J1221,O08_SMOOTH_LOWER,O08_SMOOTH_LOWER_O5_B,O08_SMOOTH_LOWER_O6_B_B_B_B_B,207.61185783917824,207.61199980090268,0.00014196172443803334,sew
J1222,O08_SMOOTH_LOWER,O08_SMOOTH_LOWER_O6_A_A_A,O08_SMOOTH_LOWER_O6_A_A_B_A,69.00320885514765,69.00326516029472,5.6305147069224404e-05,sew
J1223,O08_SMOOTH_LOWER,O08_SMOOTH_LOWER_O6_A_A_A,O08_SMOOTH_LOWER_O6_A_A_B_B,150.01922149396367,150.0194394795571,0.00021798559342300905,sew
J1224,O08_SMOOTH_LOWER,O08_SMOOTH_LOWER_O6_A_A_A,O08_SMOOTH_LOWER_RIGHT,445.41115401706963,445.4100677446018,0.0010862724678304403,sew
J1225,O08_SMOOTH_LOWER,O08_SMOOTH_LOWER_O6_A_A_A,O08_SMOOTH_LOWER_START,36.64625925599828,36.6462399462522,1.9309746079443357e-05,sew
J1226,O08_SMOOTH_LOWER,O08_SMOOTH_LOWER_O6_A_A_B_A,O08_SMOOTH_LOWER_O6_A_A_B_B,273.6139493582565,273.61260424538534,0.0013451128711494675,sew
J1227,O08_SMOOTH_LOWER,O08_SMOOTH_LOWER_O6_A_A_B_A,O08_SMOOTH_LOWER_O6_A_B_A_A_A,151.51615824914342,151.5164184097255,0.00026016058208711,sew
J1228,O08_SMOOTH_LOWER,O08_SMOOTH_LOWER_O6_A_A_B_B,O08_SMOOTH_LOWER_O6_A_B_B,454.26072790912826,454.2606485832138,7.932591444159698e-05,sew
J1229,O08_SMOOTH_LOWER,O08_SMOOTH_LOWER_O6_A_A_B_B,O08_SMOOTH_LOWER_RIGHT,482.8993963456141,482.89857919184715,0.0008171537669454665,sew
J1230,O08_SMOOTH_LOWER,O08_SMOOTH_LOWER_O6_A_B_A_A_A,O08_SMOOTH_LOWER_O6_A_B_A_A_B,169.71998563383002,169.71951054990149,0.0004750839285350139,sew
J1231,O08_SMOOTH_LOWER,O08_SMOOTH_LOWER_O6_A_B_A_A_A,O08_SMOOTH_LOWER_O6_A_B_B,110.05385829394808,110.05367855738605,0.00017973656203196242,sew
J1232,O08_SMOOTH_LOWER,O08_SMOOTH_LOWER_O6_A_B_A_A_B,O08_SMOOTH_LOWER_O6_A_B_A_B_A,177.5718981792445,177.57199176102023,9.358177572948989e-05,sew
J1233,O08_SMOOTH_LOWER,O08_SMOOTH_LOWER_O6_A_B_A_A_B,O08_SMOOTH_LOWER_O6_A_B_B,116.2116010028227,116.21158571395287,1.5288869832374985e-05,sew
J1234,O08_SMOOTH_LOWER,O08_SMOOTH_LOWER_O6_A_B_A_B_A,O08_SMOOTH_LOWER_O6_A_B_A_B_B_A,180.38619824197,180.38616220215883,3.6039811163846025e-05,sew
J1235,O08_SMOOTH_LOWER,O08_SMOOTH_LOWER_O6_A_B_A_B_A,O08_SMOOTH_LOWER_O6_A_B_B,115.34488501807557,115.34473329021614,0.00015172785943207145,sew
J1236,O08_SMOOTH_LOWER,O08_SMOOTH_LOWER_O6_A_B_A_B_B_A,O08_SMOOTH_LOWER_O6_A_B_A_B_B_B_A,180.0933741501631,180.09337415016307,2.842170943040401e-14,sew
J1237,O08_SMOOTH_LOWER,O08_SMOOTH_LOWER_O6_A_B_A_B_B_A,O08_SMOOTH_LOWER_O6_A_B_B,39.12808242710238,39.12801026919015,7.215791222847656e-05,sew
J1238,O08_SMOOTH_LOWER,O08_SMOOTH_LOWER_O6_A_B_A_B_B_B_A,O08_SMOOTH_LOWER_O6_A_B_A_B_B_B_B,140.91571038274947,140.91571038274958,1.1368683772161603e-13,sew
J1239,O08_SMOOTH_LOWER,O08_SMOOTH_LOWER_O6_A_B_A_B_B_B_A,O08_SMOOTH_LOWER_O6_A_B_B,193.1737593147612,193.17331934912715,0.00043996563405812594,sew
J1240,O08_SMOOTH_LOWER,O08_SMOOTH_LOWER_O6_A_B_A_B_B_B_B,O08_SMOOTH_LOWER_O6_A_B_B,54.36384691607087,54.36388588784423,3.897177336398272e-05,sew
J1241,O08_SMOOTH_LOWER,O08_SMOOTH_LOWER_O6_A_B_A_B_B_B_B,O08_SMOOTH_LOWER_O6_B_A,134.57101865066443,134.57133038785386,0.0003117371894347798,sew
J1242,O08_SMOOTH_LOWER,O08_SMOOTH_LOWER_O6_A_B_B,O08_SMOOTH_LOWER_O6_B_A,386.9729709219851,386.9741867183087,0.0012157963236063551,sew
J1243,O08_SMOOTH_LOWER,O08_SMOOTH_LOWER_O6_A_B_B,O08_SMOOTH_LOWER_RIGHT,804.1545775554938,804.1545506734058,2.688208803647285e-05,sew
J1244,O08_SMOOTH_LOWER,O08_SMOOTH_LOWER_O6_B_A,O08_SMOOTH_LOWER_O6_B_B_A,363.7020082544738,363.7024684844278,0.000460229954001079,sew
J1245,O08_SMOOTH_LOWER,O08_SMOOTH_LOWER_O6_B_A,O08_SMOOTH_LOWER_RIGHT,673.7790572582891,673.7781909805221,0.0008662777669314892,sew
J1246,O08_SMOOTH_LOWER,O08_SMOOTH_LOWER_O6_B_B_A,O08_SMOOTH_LOWER_O6_B_B_B_A,351.55476143832874,351.55475328829465,8.150034091158886e-06,sew
J1247,O08_SMOOTH_LOWER,O08_SMOOTH_LOWER_O6_B_B_A,O08_SMOOTH_LOWER_RIGHT,328.86460333435167,328.86424614897754,0.0003571853741277664,sew
J1248,O08_SMOOTH_LOWER,O08_SMOOTH_LOWER_O6_B_B_B_A,O08_SMOOTH_LOWER_O6_B_B_B_B_A,339.7664457787435,339.76647313596516,2.7357221654256136e-05,sew
J1249,O08_SMOOTH_LOWER,O08_SMOOTH_LOWER_O6_B_B_B_A,O08_SMOOTH_LOWER_RIGHT,175.5401968442223,175.54013110738924,6.573683305077793e-05,sew
J1250,O08_SMOOTH_LOWER,O08_SMOOTH_LOWER_O6_B_B_B_B_A,O08_SMOOTH_LOWER_O6_B_B_B_B_B,307.91318261297255,307.9131584020671,2.4210905451127473e-05,sew
J1251,O08_SMOOTH_LOWER,O08_SMOOTH_LOWER_O6_B_B_B_B_A,O08_SMOOTH_LOWER_RIGHT,138.5256291753536,138.52560053534899,2.864000461499927e-05,sew
J1252,O08_SMOOTH_LOWER,O08_SMOOTH_LOWER_O6_B_B_B_B_B,O08_SMOOTH_LOWER_RIGHT,288.75700539394546,288.7569552291845,5.016476097807754e-05,sew
J1253,O08_SMOOTH_LOWER,O08_SMOOTH_LOWER_RIGHT,O08_SMOOTH_LOWER_START,21.0,21.0,0.0,sew
J1254,S08_WRAP_-1,S08_WRAP_-1_END,S08_WRAP_-1_I1,308.8183893559057,308.81734831935916,0.0010410365465531868,sew
J1255,S08_WRAP_-1,S08_WRAP_-1_END,S08_WRAP_-1_I2,272.88842785010286,272.8883512660727,7.658403018240278e-05,sew
J1256,S08_WRAP_-1,S08_WRAP_-1_END,S08_WRAP_-1_LEFT,19.999999999999996,20.00000000000005,5.3290705182007514e-14,sew
J1257,S08_WRAP_-1,S08_WRAP_-1_END,S08_WRAP_-1_O1,312.35136911183235,312.3504161524318,0.0009529594005357467,sew
J1258,S08_WRAP_-1,S08_WRAP_-1_END,S08_WRAP_-1_O2,273.4217761570674,273.4217044291507,7.172791674747714e-05,sew
J1259,S08_WRAP_-1,S08_WRAP_-1_END,S08_WRAP_-1_RIGHT,39.999999999999986,39.99999999999999,7.105427357601002e-15,sew
J1260,S08_WRAP_-1,S08_WRAP_-1_I1,S08_WRAP_-1_I2,499.97660971824723,499.9769942691132,0.000384550865987876,sew
J1261,S08_WRAP_-1,S08_WRAP_-1_I1,S08_WRAP_-1_LEFT,618.8589477983973,618.859489941808,0.0005421434107120149,sew
J1262,S08_WRAP_-1,S08_WRAP_-1_I1,S08_WRAP_-1_START,174.82724603213626,174.82568691145184,0.001559120684419213,sew
J1263,S08_WRAP_-1,S08_WRAP_-1_I2,S08_WRAP_-1_RIGHT,579.4939269954792,579.493860680944,6.631453527461417e-05,sew
J1264,S08_WRAP_-1,S08_WRAP_-1_I2,S08_WRAP_-1_START,138.82697502207478,138.82676401455672,0.0002110075180610238,sew
J1265,S08_WRAP_-1,S08_WRAP_-1_LEFT,S08_WRAP_-1_O1,618.859489941808,618.8589965278752,0.0004934139327588127,sew
J1266,S08_WRAP_-1,S08_WRAP_-1_LEFT,S08_WRAP_-1_START,20.0,20.0,0.0,sew
J1267,S08_WRAP_-1,S08_WRAP_-1_O1,S08_WRAP_-1_O2,497.03485156295704,497.0351860365193,0.00033447356224769464,sew
J1268,S08_WRAP_-1,S08_WRAP_-1_O1,S08_WRAP_-1_START,177.5249466727098,177.52342546031008,0.0015212123997230265,sew
J1269,S08_WRAP_-1,S08_WRAP_-1_O2,S08_WRAP_-1_RIGHT,575.5327632746793,575.5326541923785,0.00010908230080985959,sew
J1270,S08_WRAP_-1,S08_WRAP_-1_O2,S08_WRAP_-1_START,139.88887221479627,139.88865829665022,0.00021391814604498904,sew
J1271,S08_WRAP_-1,S08_WRAP_-1_RIGHT,S08_WRAP_-1_START,30.753006648211908,30.75300664821191,3.552713678800501e-15,sew
J1272,S08_WRAP_1,S08_WRAP_1_END,S08_WRAP_1_I1,272.8884278501029,272.8883422795855,8.55705173989918e-05,sew
J1273,S08_WRAP_1,S08_WRAP_1_END,S08_WRAP_1_I2,308.81838935590565,308.817172805425,0.001216550480648948,sew
J1274,S08_WRAP_1,S08_WRAP_1_END,S08_WRAP_1_LEFT,40.0,39.99999999999999,7.105427357601002e-15,sew
J1275,S08_WRAP_1,S08_WRAP_1_END,S08_WRAP_1_O1,273.4217761570674,273.4216974461644,7.871090303979145e-05,sew
J1276,S08_WRAP_1,S08_WRAP_1_END,S08_WRAP_1_O2,312.3513691118323,312.3502721331106,0.0010969787217049998,sew
J1277,S08_WRAP_1,S08_WRAP_1_END,S08_WRAP_1_RIGHT,20.0,20.00000000000005,4.973799150320701e-14,sew
J1278,S08_WRAP_1,S08_WRAP_1_I1,S08_WRAP_1_I2,499.97701581676927,499.9772501696041,0.00023435283480921498,sew
J1279,S08_WRAP_1,S08_WRAP_1_I1,S08_WRAP_1_LEFT,579.4940627594493,579.493860680944,0.0002020785053673535,sew
J1280,S08_WRAP_1,S08_WRAP_1_I1,S08_WRAP_1_START,138.82695872313045,138.82676401455674,0.00019470857370151862,sew
J1281,S08_WRAP_1,S08_WRAP_1_I2,S08_WRAP_1_RIGHT,618.858716208609,618.859489941808,0.0007737331989119411,sew
J1282,S08_WRAP_1,S08_WRAP_1_I2,S08_WRAP_1_START,174.82683664092258,174.82568691145187,0.001149729470711236,sew
J1283,S08_WRAP_1,S08_WRAP_1_LEFT,S08_WRAP_1_O1,575.5326541923785,575.5328882146022,0.00023402222370805248,sew
J1284,S08_WRAP_1,S08_WRAP_1_LEFT,S08_WRAP_1_START,30.753006648211908,30.753006648211908,0.0,sew
J1285,S08_WRAP_1,S08_WRAP_1_O1,S08_WRAP_1_O2,497.0351964399532,497.03539203349436,0.00019559354115017413,sew
J1286,S08_WRAP_1,S08_WRAP_1_O1,S08_WRAP_1_START,139.88885789888582,139.88865829665028,0.00019960223553994183,sew
J1287,S08_WRAP_1,S08_WRAP_1_O2,S08_WRAP_1_RIGHT,618.8588347333757,618.859489941808,0.0006552084322493101,sew
J1288,S08_WRAP_1,S08_WRAP_1_O2,S08_WRAP_1_START,177.5245519214252,177.52342546031008,0.0011264611151204917,sew
J1289,S08_WRAP_1,S08_WRAP_1_RIGHT,S08_WRAP_1_START,20.0,20.000000000000014,1.4210854715202004e-14,sew
