  0
SECTION
  2
HEADER
  9
$ACADVER
  1
AC1024
  9
$ACADMAINTVER
 70
6
  9
$DWGCODEPAGE
  3
ANSI_1252
  9
$LASTSAVEDBY
  1
ezdxf
  9
$INSBASE
 10
0.0
 20
0.0
 30
0.0
  9
$EXTMIN
 10
1e+20
 20
1e+20
 30
1e+20
  9
$EXTMAX
 10
-1e+20
 20
-1e+20
 30
-1e+20
  9
$LIMMIN
 10
0.0
 20
0.0
  9
$LIMMAX
 10
420.0
 20
297.0
  9
$ORTHOMODE
 70
0
  9
$REGENMODE
 70
1
  9
$FILLMODE
 70
1
  9
$QTEXTMODE
 70
0
  9
$MIRRTEXT
 70
1
  9
$LTSCALE
 40
1.0
  9
$ATTMODE
 70
1
  9
$TEXTSIZE
 40
2.5
  9
$TRACEWID
 40
1.0
  9
$TEXTSTYLE
  7
Standard
  9
$CLAYER
  8
0
  9
$CELTYPE
  6
ByLayer
  9
$CECOLOR
 62
256
  9
$CELTSCALE
 40
1.0
  9
$DISPSILH
 70
0
  9
$DIMSCALE
 40
1.0
  9
$DIMASZ
 40
2.5
  9
$DIMEXO
 40
0.625
  9
$DIMDLI
 40
3.75
  9
$DIMRND
 40
0.0
  9
$DIMDLE
 40
0.0
  9
$DIMEXE
 40
1.25
  9
$DIMTP
 40
0.0
  9
$DIMTM
 40
0.0
  9
$DIMTXT
 40
2.5
  9
$DIMCEN
 40
2.5
  9
$DIMTSZ
 40
0.0
  9
$DIMTOL
 70
0
  9
$DIMLIM
 70
0
  9
$DIMTIH
 70
0
  9
$DIMTOH
 70
0
  9
$DIMSE1
 70
0
  9
$DIMSE2
 70
0
  9
$DIMTAD
 70
1
  9
$DIMZIN
 70
8
  9
$DIMBLK
  1

  9
$DIMASO
 70
1
  9
$DIMSHO
 70
1
  9
$DIMPOST
  1

  9
$DIMAPOST
  1

  9
$DIMALT
 70
0
  9
$DIMALTD
 70
3
  9
$DIMALTF
 40
0.03937007874
  9
$DIMLFAC
 40
1.0
  9
$DIMTOFL
 70
1
  9
$DIMTVP
 40
0.0
  9
$DIMTIX
 70
0
  9
$DIMSOXD
 70
0
  9
$DIMSAH
 70
0
  9
$DIMBLK1
  1

  9
$DIMBLK2
  1

  9
$DIMSTYLE
  2
ISO-25
  9
$DIMCLRD
 70
0
  9
$DIMCLRE
 70
0
  9
$DIMCLRT
 70
0
  9
$DIMTFAC
 40
1.0
  9
$DIMGAP
 40
0.625
  9
$DIMJUST
 70
0
  9
$DIMSD1
 70
0
  9
$DIMSD2
 70
0
  9
$DIMTOLJ
 70
0
  9
$DIMTZIN
 70
8
  9
$DIMALTZ
 70
0
  9
$DIMALTTZ
 70
0
  9
$DIMUPT
 70
0
  9
$DIMDEC
 70
2
  9
$DIMTDEC
 70
2
  9
$DIMALTU
 70
2
  9
$DIMALTTD
 70
3
  9
$DIMTXSTY
  7
Standard
  9
$DIMAUNIT
 70
0
  9
$DIMADEC
 70
0
  9
$DIMALTRND
 40
0.0
  9
$DIMAZIN
 70
0
  9
$DIMDSEP
 70
44
  9
$DIMATFIT
 70
3
  9
$DIMFRAC
 70
0
  9
$DIMLDRBLK
  1

  9
$DIMLUNIT
 70
2
  9
$DIMLWD
 70
-2
  9
$DIMLWE
 70
-2
  9
$DIMTMOVE
 70
0
  9
$DIMFXL
 40
1.0
  9
$DIMFXLON
 70
0
  9
$DIMJOGANG
 40
0.785398163397
  9
$DIMTFILL
 70
0
  9
$DIMTFILLCLR
 70
0
  9
$DIMARCSYM
 70
0
  9
$DIMLTYPE
  6

  9
$DIMLTEX1
  6

  9
$DIMLTEX2
  6

  9
$DIMTXTDIRECTION
 70
0
  9
$LUNITS
 70
2
  9
$LUPREC
 70
4
  9
$SKETCHINC
 40
1.0
  9
$FILLETRAD
 40
10.0
  9
$AUNITS
 70
0
  9
$AUPREC
 70
2
  9
$MENU
  1
.
  9
$ELEVATION
 40
0.0
  9
$PELEVATION
 40
0.0
  9
$THICKNESS
 40
0.0
  9
$LIMCHECK
 70
0
  9
$CHAMFERA
 40
0.0
  9
$CHAMFERB
 40
0.0
  9
$CHAMFERC
 40
0.0
  9
$CHAMFERD
 40
0.0
  9
$SKPOLY
 70
0
  9
$TDCREATE
 40
2461316.7023032405
  9
$TDUCREATE
 40
2458532.153996898
  9
$TDUPDATE
 40
2461316.7023032405
  9
$TDUUPDATE
 40
2458532.1544311
  9
$TDINDWG
 40
0.0
  9
$TDUSRTIMER
 40
0.0
  9
$USRTIMER
 70
1
  9
$ANGBASE
 50
0.0
  9
$ANGDIR
 70
0
  9
$PDMODE
 70
0
  9
$PDSIZE
 40
0.0
  9
$PLINEWID
 40
0.0
  9
$SPLFRAME
 70
0
  9
$SPLINETYPE
 70
6
  9
$SPLINESEGS
 70
8
  9
$HANDSEED
  5
1557
  9
$SURFTAB1
 70
6
  9
$SURFTAB2
 70
6
  9
$SURFTYPE
 70
6
  9
$SURFU
 70
6
  9
$SURFV
 70
6
  9
$UCSBASE
  2

  9
$UCSNAME
  2

  9
$UCSORG
 10
0.0
 20
0.0
 30
0.0
  9
$UCSXDIR
 10
1.0
 20
0.0
 30
0.0
  9
$UCSYDIR
 10
0.0
 20
1.0
 30
0.0
  9
$UCSORTHOREF
  2

  9
$UCSORTHOVIEW
 70
0
  9
$UCSORGTOP
 10
0.0
 20
0.0
 30
0.0
  9
$UCSORGBOTTOM
 10
0.0
 20
0.0
 30
0.0
  9
$UCSORGLEFT
 10
0.0
 20
0.0
 30
0.0
  9
$UCSORGRIGHT
 10
0.0
 20
0.0
 30
0.0
  9
$UCSORGFRONT
 10
0.0
 20
0.0
 30
0.0
  9
$UCSORGBACK
 10
0.0
 20
0.0
 30
0.0
  9
$PUCSBASE
  2

  9
$PUCSNAME
  2

  9
$PUCSORG
 10
0.0
 20
0.0
 30
0.0
  9
$PUCSXDIR
 10
1.0
 20
0.0
 30
0.0
  9
$PUCSYDIR
 10
0.0
 20
1.0
 30
0.0
  9
$PUCSORTHOREF
  2

  9
$PUCSORTHOVIEW
 70
0
  9
$PUCSORGTOP
 10
0.0
 20
0.0
 30
0.0
  9
$PUCSORGBOTTOM
 10
0.0
 20
0.0
 30
0.0
  9
$PUCSORGLEFT
 10
0.0
 20
0.0
 30
0.0
  9
$PUCSORGRIGHT
 10
0.0
 20
0.0
 30
0.0
  9
$PUCSORGFRONT
 10
0.0
 20
0.0
 30
0.0
  9
$PUCSORGBACK
 10
0.0
 20
0.0
 30
0.0
  9
$USERI1
 70
0
  9
$USERI2
 70
0
  9
$USERI3
 70
0
  9
$USERI4
 70
0
  9
$USERI5
 70
0
  9
$USERR1
 40
0.0
  9
$USERR2
 40
0.0
  9
$USERR3
 40
0.0
  9
$USERR4
 40
0.0
  9
$USERR5
 40
0.0
  9
$WORLDVIEW
 70
1
  9
$SHADEDGE
 70
3
  9
$SHADEDIF
 70
70
  9
$TILEMODE
 70
1
  9
$MAXACTVP
 70
64
  9
$PINSBASE
 10
0.0
 20
0.0
 30
0.0
  9
$PLIMCHECK
 70
0
  9
$PEXTMIN
 10
1e+20
 20
1e+20
 30
1e+20
  9
$PEXTMAX
 10
-1e+20
 20
-1e+20
 30
-1e+20
  9
$PLIMMIN
 10
0.0
 20
0.0
  9
$PLIMMAX
 10
420.0
 20
297.0
  9
$UNITMODE
 70
0
  9
$VISRETAIN
 70
1
  9
$PLINEGEN
 70
0
  9
$PSLTSCALE
 70
1
  9
$TREEDEPTH
 70
3020
  9
$CMLSTYLE
  2
Standard
  9
$CMLJUST
 70
0
  9
$CMLSCALE
 40
20.0
  9
$PROXYGRAPHICS
 70
1
  9
$MEASUREMENT
 70
1
  9
$CELWEIGHT
370
-1
  9
$ENDCAPS
280
0
  9
$JOINSTYLE
280
0
  9
$LWDISPLAY
290
0
  9
$INSUNITS
 70
4
  9
$HYPERLINKBASE
  1

  9
$STYLESHEET
  1

  9
$XEDIT
290
1
  9
$CEPSNTYPE
380
0
  9
$PSTYLEMODE
290
1
  9
$FINGERPRINTGUID
  2
{B599344C-B5CE-4C97-95D4-D19DB573CC80}
  9
$VERSIONGUID
  2
{05895975-79E1-465A-BC0E-0512624A4092}
  9
$EXTNAMES
290
1
  9
$PSVPSCALE
 40
0.0
  9
$OLESTARTUP
290
0
  9
$SORTENTS
280
127
  9
$INDEXCTL
280
0
  9
$HIDETEXT
280
1
  9
$XCLIPFRAME
280
1
  9
$HALOGAP
280
0
  9
$OBSCOLOR
 70
257
  9
$OBSLTYPE
280
0
  9
$INTERSECTIONDISPLAY
280
0
  9
$INTERSECTIONCOLOR
 70
257
  9
$DIMASSOC
280
2
  9
$PROJECTNAME
  1

  9
$CAMERADISPLAY
290
0
  9
$LENSLENGTH
 40
50.0
  9
$CAMERAHEIGHT
 40
0.0
  9
$STEPSPERSEC
 40
24.0
  9
$STEPSIZE
 40
100.0
  9
$3DDWFPREC
 40
2.0
  9
$PSOLWIDTH
 40
0.005
  9
$PSOLHEIGHT
 40
0.08
  9
$LOFTANG1
 40
1.570796326795
  9
$LOFTANG2
 40
1.570796326795
  9
$LOFTMAG1
 40
0.0
  9
$LOFTMAG2
 40
0.0
  9
$LOFTPARAM
 70
7
  9
$LOFTNORMALS
280
1
  9
$LATITUDE
 40
37.795
  9
$LONGITUDE
 40
-122.394
  9
$NORTHDIRECTION
 40
0.0
  9
$TIMEZONE
 70
-8000
  9
$LIGHTGLYPHDISPLAY
280
1
  9
$TILEMODELIGHTSYNCH
280
1
  9
$CMATERIAL
347
20
  9
$SOLIDHIST
280
0
  9
$SHOWHIST
280
1
  9
$DWFFRAME
280
2
  9
$DGNFRAME
280
2
  9
$REALWORLDSCALE
290
1
  9
$INTERFERECOLOR
 62
256
  9
$CSHADOW
280
0
  9
$SHADOWPLANELOCATION
 40
0.0
  0
ENDSEC
  0
SECTION
  2
CLASSES
  0
CLASS
  1
ACDBDICTIONARYWDFLT
  2
AcDbDictionaryWithDefault
  3
ObjectDBX Classes
 90
0
 91
0
280
0
281
0
  0
CLASS
  1
SUN
  2
AcDbSun
  3
SCENEOE
 90
1153
 91
0
280
0
281
0
  0
CLASS
  1
VISUALSTYLE
  2
AcDbVisualStyle
  3
ObjectDBX Classes
 90
4095
 91
0
280
0
281
0
  0
CLASS
  1
MATERIAL
  2
AcDbMaterial
  3
ObjectDBX Classes
 90
1153
 91
0
280
0
281
0
  0
CLASS
  1
SCALE
  2
AcDbScale
  3
ObjectDBX Classes
 90
1153
 91
0
280
0
281
0
  0
CLASS
  1
TABLESTYLE
  2
AcDbTableStyle
  3
ObjectDBX Classes
 90
4095
 91
0
280
0
281
0
  0
CLASS
  1
MLEADERSTYLE
  2
AcDbMLeaderStyle
  3
ACDB_MLEADERSTYLE_CLASS
 90
4095
 91
0
280
0
281
0
  0
CLASS
  1
DICTIONARYVAR
  2
AcDbDictionaryVar
  3
ObjectDBX Classes
 90
0
 91
0
280
0
281
0
  0
CLASS
  1
CELLSTYLEMAP
  2
AcDbCellStyleMap
  3
ObjectDBX Classes
 90
1152
 91
0
280
0
281
0
  0
CLASS
  1
MENTALRAYRENDERSETTINGS
  2
AcDbMentalRayRenderSettings
  3
SCENEOE
 90
1024
 91
0
280
0
281
0
  0
CLASS
  1
ACDBDETAILVIEWSTYLE
  2
AcDbDetailViewStyle
  3
ObjectDBX Classes
 90
1025
 91
0
280
0
281
0
  0
CLASS
  1
ACDBSECTIONVIEWSTYLE
  2
AcDbSectionViewStyle
  3
ObjectDBX Classes
 90
1025
 91
0
280
0
281
0
  0
CLASS
  1
RASTERVARIABLES
  2
AcDbRasterVariables
  3
ISM
 90
0
 91
0
280
0
281
0
  0
CLASS
  1
ACDBPLACEHOLDER
  2
AcDbPlaceHolder
  3
ObjectDBX Classes
 90
0
 91
0
280
0
281
0
  0
CLASS
  1
LAYOUT
  2
AcDbLayout
  3
ObjectDBX Classes
 90
0
 91
0
280
0
281
0
  0
ENDSEC
  0
SECTION
  2
TABLES
  0
TABLE
  2
VPORT
  5
8
330
0
100
AcDbSymbolTable
 70
1
  0
VPORT
  5
23
330
8
100
AcDbSymbolTableRecord
100
AcDbViewportTableRecord
  2
*Active
 70
0
 10
0.0
 20
0.0
 11
1.0
 21
1.0
 12
0.0
 22
0.0
 13
0.0
 23
0.0
 14
0.5
 24
0.5
 15
0.5
 25
0.5
 16
0.0
 26
0.0
 36
1.0
 17
0.0
 27
0.0
 37
0.0
 40
1000.0
 41
1.34
 42
50.0
 43
0.0
 44
0.0
 50
0.0
 51
0.0
 71
0
 72
1000
 73
1
 74
3
 75
0
 76
0
 77
0
 78
0
281
0
 65
0
146
0.0
  0
ENDTAB
  0
TABLE
  2
LTYPE
  5
2
330
0
100
AcDbSymbolTable
 70
3
  0
LTYPE
  5
24
330
2
100
AcDbSymbolTableRecord
100
AcDbLinetypeTableRecord
  2
ByBlock
 70
0
  3

 72
65
 73
0
 40
0.0
  0
LTYPE
  5
25
330
2
100
AcDbSymbolTableRecord
100
AcDbLinetypeTableRecord
  2
ByLayer
 70
0
  3

 72
65
 73
0
 40
0.0
  0
LTYPE
  5
26
330
2
100
AcDbSymbolTableRecord
100
AcDbLinetypeTableRecord
  2
Continuous
 70
0
  3

 72
65
 73
0
 40
0.0
  0
ENDTAB
  0
TABLE
  2
LAYER
  5
1
330
0
100
AcDbSymbolTable
 70
102
  0
LAYER
  5
27
330
1
100
AcDbSymbolTableRecord
100
AcDbLayerTableRecord
  2
0
 70
0
 62
7
  6
Continuous
370
-3
390
13
347
21
  0
LAYER
  5
28
330
1
100
AcDbSymbolTableRecord
100
AcDbLayerTableRecord
  2
Defpoints
 70
0
 62
7
  6
Continuous
290
0
370
-3
390
13
347
21
  0
LAYER
  5
2F
330
1
100
AcDbSymbolTableRecord
100
AcDbLayerTableRecord
  2
B01
 70
0
 62
7
  6
Continuous
370
-3
390
13
347
21
  0
LAYER
  5
48
330
1
100
AcDbSymbolTableRecord
100
AcDbLayerTableRecord
  2
B02
 70
0
 62
7
  6
Continuous
370
-3
390
13
347
21
  0
LAYER
  5
61
330
1
100
AcDbSymbolTableRecord
100
AcDbLayerTableRecord
  2
B10
 70
0
 62
7
  6
Continuous
370
-3
390
13
347
21
  0
LAYER
  5
7A
330
1
100
AcDbSymbolTableRecord
100
AcDbLayerTableRecord
  2
B200
 70
0
 62
7
  6
Continuous
370
-3
390
13
347
21
  0
LAYER
  5
93
330
1
100
AcDbSymbolTableRecord
100
AcDbLayerTableRecord
  2
B300
 70
0
 62
7
  6
Continuous
370
-3
390
13
347
21
  0
LAYER
  5
A0
330
1
100
AcDbSymbolTableRecord
100
AcDbLayerTableRecord
  2
B201
 70
0
 62
7
  6
Continuous
370
-3
390
13
347
21
  0
LAYER
  5
B9
330
1
100
AcDbSymbolTableRecord
100
AcDbLayerTableRecord
  2
B301
 70
0
 62
7
  6
Continuous
370
-3
390
13
347
21
  0
LAYER
  5
C6
330
1
100
AcDbSymbolTableRecord
100
AcDbLayerTableRecord
  2
B11
 70
0
 62
7
  6
Continuous
370
-3
390
13
347
21
  0
LAYER
  5
DF
330
1
100
AcDbSymbolTableRecord
100
AcDbLayerTableRecord
  2
B210
 70
0
 62
7
  6
Continuous
370
-3
390
13
347
21
  0
LAYER
  5
F8
330
1
100
AcDbSymbolTableRecord
100
AcDbLayerTableRecord
  2
B310
 70
0
 62
7
  6
Continuous
370
-3
390
13
347
21
  0
LAYER
  5
105
330
1
100
AcDbSymbolTableRecord
100
AcDbLayerTableRecord
  2
B211
 70
0
 62
7
  6
Continuous
370
-3
390
13
347
21
  0
LAYER
  5
11E
330
1
100
AcDbSymbolTableRecord
100
AcDbLayerTableRecord
  2
B311
 70
0
 62
7
  6
Continuous
370
-3
390
13
347
21
  0
LAYER
  5
12B
330
1
100
AcDbSymbolTableRecord
100
AcDbLayerTableRecord
  2
B12
 70
0
 62
7
  6
Continuous
370
-3
390
13
347
21
  0
LAYER
  5
144
330
1
100
AcDbSymbolTableRecord
100
AcDbLayerTableRecord
  2
B220
 70
0
 62
7
  6
Continuous
370
-3
390
13
347
21
  0
LAYER
  5
15D
330
1
100
AcDbSymbolTableRecord
100
AcDbLayerTableRecord
  2
B320
 70
0
 62
7
  6
Continuous
370
-3
390
13
347
21
  0
LAYER
  5
16A
330
1
100
AcDbSymbolTableRecord
100
AcDbLayerTableRecord
  2
B221
 70
0
 62
7
  6
Continuous
370
-3
390
13
347
21
  0
LAYER
  5
183
330
1
100
AcDbSymbolTableRecord
100
AcDbLayerTableRecord
  2
B321
 70
0
 62
7
  6
Continuous
370
-3
390
13
347
21
  0
LAYER
  5
190
330
1
100
AcDbSymbolTableRecord
100
AcDbLayerTableRecord
  2
B60
 70
0
 62
7
  6
Continuous
370
-3
390
13
347
21
  0
LAYER
  5
1A9
330
1
100
AcDbSymbolTableRecord
100
AcDbLayerTableRecord
  2
B61
 70
0
 62
7
  6
Continuous
370
-3
390
13
347
21
  0
LAYER
  5
1C2
330
1
100
AcDbSymbolTableRecord
100
AcDbLayerTableRecord
  2
B62
 70
0
 62
7
  6
Continuous
370
-3
390
13
347
21
  0
LAYER
  5
1DB
330
1
100
AcDbSymbolTableRecord
100
AcDbLayerTableRecord
  2
B63
 70
0
 62
7
  6
Continuous
370
-3
390
13
347
21
  0
LAYER
  5
1F4
330
1
100
AcDbSymbolTableRecord
100
AcDbLayerTableRecord
  2
B64
 70
0
 62
7
  6
Continuous
370
-3
390
13
347
21
  0
LAYER
  5
20D
330
1
100
AcDbSymbolTableRecord
100
AcDbLayerTableRecord
  2
B400
 70
0
 62
7
  6
Continuous
370
-3
390
13
347
21
  0
LAYER
  5
226
330
1
100
AcDbSymbolTableRecord
100
AcDbLayerTableRecord
  2
B401
 70
0
 62
7
  6
Continuous
370
-3
390
13
347
21
  0
LAYER
  5
23F
330
1
100
AcDbSymbolTableRecord
100
AcDbLayerTableRecord
  2
B50
 70
0
 62
7
  6
Continuous
370
-3
390
13
347
21
  0
LAYER
  5
258
330
1
100
AcDbSymbolTableRecord
100
AcDbLayerTableRecord
  2
B410
 70
0
 62
7
  6
Continuous
370
-3
390
13
347
21
  0
LAYER
  5
271
330
1
100
AcDbSymbolTableRecord
100
AcDbLayerTableRecord
  2
B411
 70
0
 62
7
  6
Continuous
370
-3
390
13
347
21
  0
LAYER
  5
28A
330
1
100
AcDbSymbolTableRecord
100
AcDbLayerTableRecord
  2
B51
 70
0
 62
7
  6
Continuous
370
-3
390
13
347
21
  0
LAYER
  5
2A3
330
1
100
AcDbSymbolTableRecord
100
AcDbLayerTableRecord
  2
R010
 70
0
 62
7
  6
Continuous
370
-3
390
13
347
21
  0
LAYER
  5
2BC
330
1
100
AcDbSymbolTableRecord
100
AcDbLayerTableRecord
  2
R011
 70
0
 62
7
  6
Continuous
370
-3
390
13
347
21
  0
LAYER
  5
2D5
330
1
100
AcDbSymbolTableRecord
100
AcDbLayerTableRecord
  2
R020
 70
0
 62
7
  6
Continuous
370
-3
390
13
347
21
  0
LAYER
  5
2EE
330
1
100
AcDbSymbolTableRecord
100
AcDbLayerTableRecord
  2
R021
 70
0
 62
7
  6
Continuous
370
-3
390
13
347
21
  0
LAYER
  5
307
330
1
100
AcDbSymbolTableRecord
100
AcDbLayerTableRecord
  2
R1000
 70
0
 62
7
  6
Continuous
370
-3
390
13
347
21
  0
LAYER
  5
386
330
1
100
AcDbSymbolTableRecord
100
AcDbLayerTableRecord
  2
R1001
 70
0
 62
7
  6
Continuous
370
-3
390
13
347
21
  0
LAYER
  5
405
330
1
100
AcDbSymbolTableRecord
100
AcDbLayerTableRecord
  2
R1002
 70
0
 62
7
  6
Continuous
370
-3
390
13
347
21
  0
LAYER
  5
484
330
1
100
AcDbSymbolTableRecord
100
AcDbLayerTableRecord
  2
R1003
 70
0
 62
7
  6
Continuous
370
-3
390
13
347
21
  0
LAYER
  5
503
330
1
100
AcDbSymbolTableRecord
100
AcDbLayerTableRecord
  2
R1004
 70
0
 62
7
  6
Continuous
370
-3
390
13
347
21
  0
LAYER
  5
582
330
1
100
AcDbSymbolTableRecord
100
AcDbLayerTableRecord
  2
R1005
 70
0
 62
7
  6
Continuous
370
-3
390
13
347
21
  0
LAYER
  5
601
330
1
100
AcDbSymbolTableRecord
100
AcDbLayerTableRecord
  2
R1006
 70
0
 62
7
  6
Continuous
370
-3
390
13
347
21
  0
LAYER
  5
680
330
1
100
AcDbSymbolTableRecord
100
AcDbLayerTableRecord
  2
R1007
 70
0
 62
7
  6
Continuous
370
-3
390
13
347
21
  0
LAYER
  5
6FF
330
1
100
AcDbSymbolTableRecord
100
AcDbLayerTableRecord
  2
R200
 70
0
 62
7
  6
Continuous
370
-3
390
13
347
21
  0
LAYER
  5
718
330
1
100
AcDbSymbolTableRecord
100
AcDbLayerTableRecord
  2
S010
 70
0
 62
7
  6
Continuous
370
-3
390
13
347
21
  0
LAYER
  5
731
330
1
100
AcDbSymbolTableRecord
100
AcDbLayerTableRecord
  2
S011
 70
0
 62
7
  6
Continuous
370
-3
390
13
347
21
  0
LAYER
  5
74A
330
1
100
AcDbSymbolTableRecord
100
AcDbLayerTableRecord
  2
S020
 70
0
 62
7
  6
Continuous
370
-3
390
13
347
21
  0
LAYER
  5
763
330
1
100
AcDbSymbolTableRecord
100
AcDbLayerTableRecord
  2
S021
 70
0
 62
7
  6
Continuous
370
-3
390
13
347
21
  0
LAYER
  5
77C
330
1
100
AcDbSymbolTableRecord
100
AcDbLayerTableRecord
  2
S1000
 70
0
 62
7
  6
Continuous
370
-3
390
13
347
21
  0
LAYER
  5
7FB
330
1
100
AcDbSymbolTableRecord
100
AcDbLayerTableRecord
  2
S1001
 70
0
 62
7
  6
Continuous
370
-3
390
13
347
21
  0
LAYER
  5
87A
330
1
100
AcDbSymbolTableRecord
100
AcDbLayerTableRecord
  2
S1002
 70
0
 62
7
  6
Continuous
370
-3
390
13
347
21
  0
LAYER
  5
8F9
330
1
100
AcDbSymbolTableRecord
100
AcDbLayerTableRecord
  2
S1003
 70
0
 62
7
  6
Continuous
370
-3
390
13
347
21
  0
LAYER
  5
978
330
1
100
AcDbSymbolTableRecord
100
AcDbLayerTableRecord
  2
S1004
 70
0
 62
7
  6
Continuous
370
-3
390
13
347
21
  0
LAYER
  5
9F7
330
1
100
AcDbSymbolTableRecord
100
AcDbLayerTableRecord
  2
S200
 70
0
 62
7
  6
Continuous
370
-3
390
13
347
21
  0
LAYER
  5
A10
330
1
100
AcDbSymbolTableRecord
100
AcDbLayerTableRecord
  2
L010
 70
0
 62
7
  6
Continuous
370
-3
390
13
347
21
  0
LAYER
  5
A29
330
1
100
AcDbSymbolTableRecord
100
AcDbLayerTableRecord
  2
L011
 70
0
 62
7
  6
Continuous
370
-3
390
13
347
21
  0
LAYER
  5
A42
330
1
100
AcDbSymbolTableRecord
100
AcDbLayerTableRecord
  2
L020
 70
0
 62
7
  6
Continuous
370
-3
390
13
347
21
  0
LAYER
  5
A5B
330
1
100
AcDbSymbolTableRecord
100
AcDbLayerTableRecord
  2
L021
 70
0
 62
7
  6
Continuous
370
-3
390
13
347
21
  0
LAYER
  5
A74
330
1
100
AcDbSymbolTableRecord
100
AcDbLayerTableRecord
  2
L1000
 70
0
 62
7
  6
Continuous
370
-3
390
13
347
21
  0
LAYER
  5
AF3
330
1
100
AcDbSymbolTableRecord
100
AcDbLayerTableRecord
  2
L1001
 70
0
 62
7
  6
Continuous
370
-3
390
13
347
21
  0
LAYER
  5
B72
330
1
100
AcDbSymbolTableRecord
100
AcDbLayerTableRecord
  2
L1002
 70
0
 62
7
  6
Continuous
370
-3
390
13
347
21
  0
LAYER
  5
BF1
330
1
100
AcDbSymbolTableRecord
100
AcDbLayerTableRecord
  2
L1003
 70
0
 62
7
  6
Continuous
370
-3
390
13
347
21
  0
LAYER
  5
C70
330
1
100
AcDbSymbolTableRecord
100
AcDbLayerTableRecord
  2
L1004
 70
0
 62
7
  6
Continuous
370
-3
390
13
347
21
  0
LAYER
  5
CEF
330
1
100
AcDbSymbolTableRecord
100
AcDbLayerTableRecord
  2
L1005
 70
0
 62
7
  6
Continuous
370
-3
390
13
347
21
  0
LAYER
  5
D6E
330
1
100
AcDbSymbolTableRecord
100
AcDbLayerTableRecord
  2
L1006
 70
0
 62
7
  6
Continuous
370
-3
390
13
347
21
  0
LAYER
  5
DED
330
1
100
AcDbSymbolTableRecord
100
AcDbLayerTableRecord
  2
L1007
 70
0
 62
7
  6
Continuous
370
-3
390
13
347
21
  0
LAYER
  5
E6C
330
1
100
AcDbSymbolTableRecord
100
AcDbLayerTableRecord
  2
L200
 70
0
 62
7
  6
Continuous
370
-3
390
13
347
21
  0
LAYER
  5
E85
330
1
100
AcDbSymbolTableRecord
100
AcDbLayerTableRecord
  2
H000
 70
0
 62
7
  6
Continuous
370
-3
390
13
347
21
  0
LAYER
  5
E8C
330
1
100
AcDbSymbolTableRecord
100
AcDbLayerTableRecord
  2
H100
 70
0
 62
7
  6
Continuous
370
-3
390
13
347
21
  0
LAYER
  5
E90
330
1
100
AcDbSymbolTableRecord
100
AcDbLayerTableRecord
  2
H001
 70
0
 62
7
  6
Continuous
370
-3
390
13
347
21
  0
LAYER
  5
E97
330
1
100
AcDbSymbolTableRecord
100
AcDbLayerTableRecord
  2
H101
 70
0
 62
7
  6
Continuous
370
-3
390
13
347
21
  0
LAYER
  5
E9B
330
1
100
AcDbSymbolTableRecord
100
AcDbLayerTableRecord
  2
H010
 70
0
 62
7
  6
Continuous
370
-3
390
13
347
21
  0
LAYER
  5
EA2
330
1
100
AcDbSymbolTableRecord
100
AcDbLayerTableRecord
  2
H110
 70
0
 62
7
  6
Continuous
370
-3
390
13
347
21
  0
LAYER
  5
EA6
330
1
100
AcDbSymbolTableRecord
100
AcDbLayerTableRecord
  2
H011
 70
0
 62
7
  6
Continuous
370
-3
390
13
347
21
  0
LAYER
  5
EAD
330
1
100
AcDbSymbolTableRecord
100
AcDbLayerTableRecord
  2
H111
 70
0
 62
7
  6
Continuous
370
-3
390
13
347
21
  0
LAYER
  5
EB1
330
1
100
AcDbSymbolTableRecord
100
AcDbLayerTableRecord
  2
T00
 70
0
 62
7
  6
Continuous
370
-3
390
13
347
21
  0
LAYER
  5
ECA
330
1
100
AcDbSymbolTableRecord
100
AcDbLayerTableRecord
  2
T01
 70
0
 62
7
  6
Continuous
370
-3
390
13
347
21
  0
LAYER
  5
EE3
330
1
100
AcDbSymbolTableRecord
100
AcDbLayerTableRecord
  2
T10
 70
0
 62
7
  6
Continuous
370
-3
390
13
347
21
  0
LAYER
  5
EFC
330
1
100
AcDbSymbolTableRecord
100
AcDbLayerTableRecord
  2
T11
 70
0
 62
7
  6
Continuous
370
-3
390
13
347
21
  0
LAYER
  5
F15
330
1
100
AcDbSymbolTableRecord
100
AcDbLayerTableRecord
  2
C1
 70
0
 62
7
  6
Continuous
370
-3
390
13
347
21
  0
LAYER
  5
FAC
330
1
100
AcDbSymbolTableRecord
100
AcDbLayerTableRecord
  2
C2
 70
0
 62
7
  6
Continuous
370
-3
390
13
347
21
  0
LAYER
  5
1043
330
1
100
AcDbSymbolTableRecord
100
AcDbLayerTableRecord
  2
C3
 70
0
 62
7
  6
Continuous
370
-3
390
13
347
21
  0
LAYER
  5
10DA
330
1
100
AcDbSymbolTableRecord
100
AcDbLayerTableRecord
  2
C31
 70
0
 62
7
  6
Continuous
370
-3
390
13
347
21
  0
LAYER
  5
1126
330
1
100
AcDbSymbolTableRecord
100
AcDbLayerTableRecord
  2
C40
 70
0
 62
7
  6
Continuous
370
-3
390
13
347
21
  0
LAYER
  5
113F
330
1
100
AcDbSymbolTableRecord
100
AcDbLayerTableRecord
  2
C41
 70
0
 62
7
  6
Continuous
370
-3
390
13
347
21
  0
LAYER
  5
1158
330
1
100
AcDbSymbolTableRecord
100
AcDbLayerTableRecord
  2
EH0
 70
0
 62
7
  6
Continuous
370
-3
390
13
347
21
  0
LAYER
  5
11EF
330
1
100
AcDbSymbolTableRecord
100
AcDbLayerTableRecord
  2
EH1
 70
0
 62
7
  6
Continuous
370
-3
390
13
347
21
  0
LAYER
  5
1286
330
1
100
AcDbSymbolTableRecord
100
AcDbLayerTableRecord
  2
EH2
 70
0
 62
7
  6
Continuous
370
-3
390
13
347
21
  0
LAYER
  5
131D
330
1
100
AcDbSymbolTableRecord
100
AcDbLayerTableRecord
  2
D00
 70
0
 62
7
  6
Continuous
370
-3
390
13
347
21
  0
LAYER
  5
1336
330
1
100
AcDbSymbolTableRecord
100
AcDbLayerTableRecord
  2
D10
 70
0
 62
7
  6
Continuous
370
-3
390
13
347
21
  0
LAYER
  5
134F
330
1
100
AcDbSymbolTableRecord
100
AcDbLayerTableRecord
  2
D01
 70
0
 62
7
  6
Continuous
370
-3
390
13
347
21
  0
LAYER
  5
1368
330
1
100
AcDbSymbolTableRecord
100
AcDbLayerTableRecord
  2
D11
 70
0
 62
7
  6
Continuous
370
-3
390
13
347
21
  0
LAYER
  5
1381
330
1
100
AcDbSymbolTableRecord
100
AcDbLayerTableRecord
  2
D20
 70
0
 62
7
  6
Continuous
370
-3
390
13
347
21
  0
LAYER
  5
13BE
330
1
100
AcDbSymbolTableRecord
100
AcDbLayerTableRecord
  2
D21
 70
0
 62
7
  6
Continuous
370
-3
390
13
347
21
  0
LAYER
  5
13CB
330
1
100
AcDbSymbolTableRecord
100
AcDbLayerTableRecord
  2
D22
 70
0
 62
7
  6
Continuous
370
-3
390
13
347
21
  0
LAYER
  5
13D8
330
1
100
AcDbSymbolTableRecord
100
AcDbLayerTableRecord
  2
D23
 70
0
 62
7
  6
Continuous
370
-3
390
13
347
21
  0
LAYER
  5
146F
330
1
100
AcDbSymbolTableRecord
100
AcDbLayerTableRecord
  2
EH3
 70
0
 62
7
  6
Continuous
370
-3
390
13
347
21
  0
LAYER
  5
1506
330
1
100
AcDbSymbolTableRecord
100
AcDbLayerTableRecord
  2
E09
 70
0
 62
7
  6
Continuous
370
-3
390
13
347
21
  0
LAYER
  5
1513
330
1
100
AcDbSymbolTableRecord
100
AcDbLayerTableRecord
  2
E10
 70
0
 62
7
  6
Continuous
370
-3
390
13
347
21
  0
LAYER
  5
1520
330
1
100
AcDbSymbolTableRecord
100
AcDbLayerTableRecord
  2
E12
 70
0
 62
7
  6
Continuous
370
-3
390
13
347
21
  0
LAYER
  5
152D
330
1
100
AcDbSymbolTableRecord
100
AcDbLayerTableRecord
  2
E13
 70
0
 62
7
  6
Continuous
370
-3
390
13
347
21
  0
LAYER
  5
153A
330
1
100
AcDbSymbolTableRecord
100
AcDbLayerTableRecord
  2
E14
 70
0
 62
7
  6
Continuous
370
-3
390
13
347
21
  0
LAYER
  5
1547
330
1
100
AcDbSymbolTableRecord
100
AcDbLayerTableRecord
  2
E11
 70
0
 62
7
  6
Continuous
370
-3
390
13
347
21
  0
ENDTAB
  0
TABLE
  2
STYLE
  5
5
330
0
100
AcDbSymbolTable
 70
1
  0
STYLE
  5
29
330
5
100
AcDbSymbolTableRecord
100
AcDbTextStyleTableRecord
  2
Standard
 70
0
 40
0.0
 41
1.0
 50
0.0
 71
0
 42
2.5
  3
txt
  4

  0
ENDTAB
  0
TABLE
  2
VIEW
  5
7
330
0
100
AcDbSymbolTable
 70
0
  0
ENDTAB
  0
TABLE
  2
UCS
  5
6
330
0
100
AcDbSymbolTable
 70
0
  0
ENDTAB
  0
TABLE
  2
APPID
  5
3
330
0
100
AcDbSymbolTable
 70
3
  0
APPID
  5
2A
330
3
100
AcDbSymbolTableRecord
100
AcDbRegAppTableRecord
  2
ACAD
 70
0
  0
APPID
  5
1554
330
3
100
AcDbSymbolTableRecord
100
AcDbRegAppTableRecord
  2
HATCHBACKGROUNDCOLOR
 70
0
  0
APPID
  5
1555
330
3
100
AcDbSymbolTableRecord
100
AcDbRegAppTableRecord
  2
EZDXF
 70
0
  0
ENDTAB
  0
TABLE
  2
DIMSTYLE
  5
4
330
0
100
AcDbSymbolTable
 70
1
100
AcDbDimStyleTable
  0
DIMSTYLE
105
2B
330
4
100
AcDbSymbolTableRecord
100
AcDbDimStyleTableRecord
  2
Standard
 70
0
 40
1.0
 41
2.5
 42
0.625
 43
3.75
 44
1.25
 45
0.0
 46
0.0
 47
0.0
 48
0.0
 49
2.5
140
2.5
141
2.5
142
0.0
143
0.03937007874
144
1.0
145
0.0
146
1.0
147
0.625
148
0.0
 69
0
 70
0
 71
0
 72
0
 73
0
 74
0
 75
0
 76
0
 77
1
 78
8
 79
3
170
0
171
3
172
1
173
0
174
0
175
0
176
0
177
0
178
0
179
2
271
2
272
2
273
2
274
3
275
0
276
0
277
2
278
44
279
0
280
0
281
0
282
0
283
0
284
8
285
0
286
0
288
0
289
3
290
0
371
-2
372
-2
  0
ENDTAB
  0
TABLE
  2
BLOCK_RECORD
  5
9
330
0
100
AcDbSymbolTable
 70
2
  0
BLOCK_RECORD
  5
17
330
9
100
AcDbSymbolTableRecord
100
AcDbBlockTableRecord
  2
*Model_Space
340
1A
 70
0
280
1
281
0
  0
BLOCK_RECORD
  5
1B
330
9
100
AcDbSymbolTableRecord
100
AcDbBlockTableRecord
  2
*Paper_Space
340
1E
 70
0
280
1
281
0
  0
ENDTAB
  0
ENDSEC
  0
SECTION
  2
BLOCKS
  0
BLOCK
  5
18
330
17
100
AcDbEntity
  8
0
100
AcDbBlockBegin
  2
*Model_Space
 70
0
 10
0.0
 20
0.0
 30
0.0
  3
*Model_Space
  1

  0
ENDBLK
  5
19
330
17
100
AcDbEntity
  8
0
100
AcDbBlockEnd
  0
BLOCK
  5
1C
330
1B
100
AcDbEntity
  8
0
100
AcDbBlockBegin
  2
*Paper_Space
 70
0
 10
0.0
 20
0.0
 30
0.0
  3
*Paper_Space
  1

  0
ENDBLK
  5
1D
330
1B
100
AcDbEntity
  8
0
100
AcDbBlockEnd
  0
ENDSEC
  0
SECTION
  2
ENTITIES
  0
LWPOLYLINE
  5
30
330
17
100
AcDbEntity
  8
B01
100
AcDbPolyline
 90
2
 70
0
 10
1280.0
 20
-362.5
 10
-780.0
 20
-362.5
  0
LWPOLYLINE
  5
31
330
17
100
AcDbEntity
  8
B01
100
AcDbPolyline
 90
2
 70
0
 10
-780.0
 20
-362.5
 10
1280.0
 20
-362.5
  0
LWPOLYLINE
  5
32
330
17
100
AcDbEntity
  8
B01
100
AcDbPolyline
 90
2
 70
0
 10
-780.0
 20
-362.5
 10
-780.0
 20
-362.5
  0
LWPOLYLINE
  5
33
330
17
100
AcDbEntity
  8
B01
100
AcDbPolyline
 90
2
 70
0
 10
1280.0
 20
-362.5
 10
1280.0
 20
-362.5
  0
LWPOLYLINE
  5
34
330
17
100
AcDbEntity
  8
B01
100
AcDbPolyline
 90
2
 70
0
 10
-780.0
 20
-397.5
 10
1280.0
 20
-397.5
  0
LWPOLYLINE
  5
35
330
17
100
AcDbEntity
  8
B01
100
AcDbPolyline
 90
2
 70
0
 10
-780.0
 20
-362.5
 10
-780.0
 20
-397.5
  0
LWPOLYLINE
  5
36
330
17
100
AcDbEntity
  8
B01
100
AcDbPolyline
 90
2
 70
0
 10
1280.0
 20
-397.5
 10
1280.0
 20
-362.5
  0
LWPOLYLINE
  5
37
330
17
100
AcDbEntity
  8
B01
100
AcDbPolyline
 90
2
 70
0
 10
-780.0
 20
-397.5
 10
1280.0
 20
-397.5
  0
LWPOLYLINE
  5
38
330
17
100
AcDbEntity
  8
B01
100
AcDbPolyline
 90
2
 70
0
 10
-780.0
 20
-397.5
 10
-780.0
 20
-397.5
  0
LWPOLYLINE
  5
39
330
17
100
AcDbEntity
  8
B01
100
AcDbPolyline
 90
2
 70
0
 10
1280.0
 20
-397.5
 10
1280.0
 20
-397.5
  0
LWPOLYLINE
  5
3A
330
17
100
AcDbEntity
  8
B01
100
AcDbPolyline
 90
2
 70
0
 10
-780.0
 20
-397.5
 10
-780.0
 20
-362.5
  0
LWPOLYLINE
  5
3B
330
17
100
AcDbEntity
  8
B01
100
AcDbPolyline
 90
2
 70
0
 10
1280.0
 20
-362.5
 10
1280.0
 20
-397.5
  0
LWPOLYLINE
  5
3C
330
17
100
AcDbEntity
  8
B01
100
AcDbPolyline
 90
2
 70
0
 10
-780.0
 20
-395.5
 10
1280.0
 20
-395.5
  0
LWPOLYLINE
  5
3D
330
17
100
AcDbEntity
  8
B01
100
AcDbPolyline
 90
2
 70
0
 10
1280.0
 20
-364.5
 10
-780.0
 20
-364.5
  0
LWPOLYLINE
  5
3E
330
17
100
AcDbEntity
  8
B01
100
AcDbPolyline
 90
2
 70
0
 10
-780.0
 20
-364.5
 10
-780.0
 20
-395.5
  0
LWPOLYLINE
  5
3F
330
17
100
AcDbEntity
  8
B01
100
AcDbPolyline
 90
2
 70
0
 10
1280.0
 20
-395.5
 10
1280.0
 20
-364.5
  0
LWPOLYLINE
  5
40
330
17
100
AcDbEntity
  8
B01
100
AcDbPolyline
 90
2
 70
0
 10
-780.0
 20
-395.5
 10
1280.0
 20
-395.5
  0
LWPOLYLINE
  5
41
330
17
100
AcDbEntity
  8
B01
100
AcDbPolyline
 90
2
 70
0
 10
-780.0
 20
-395.5
 10
-780.0
 20
-395.5
  0
LWPOLYLINE
  5
42
330
17
100
AcDbEntity
  8
B01
100
AcDbPolyline
 90
2
 70
0
 10
1280.0
 20
-395.5
 10
1280.0
 20
-395.5
  0
LWPOLYLINE
  5
43
330
17
100
AcDbEntity
  8
B01
100
AcDbPolyline
 90
2
 70
0
 10
-780.0
 20
-364.5
 10
1280.0
 20
-364.5
  0
LWPOLYLINE
  5
44
330
17
100
AcDbEntity
  8
B01
100
AcDbPolyline
 90
2
 70
0
 10
-780.0
 20
-395.5
 10
-780.0
 20
-364.5
  0
LWPOLYLINE
  5
45
330
17
100
AcDbEntity
  8
B01
100
AcDbPolyline
 90
2
 70
0
 10
1280.0
 20
-364.5
 10
1280.0
 20
-395.5
  0
LWPOLYLINE
  5
46
330
17
100
AcDbEntity
  8
B01
100
AcDbPolyline
 90
2
 70
0
 10
-780.0
 20
-364.5
 10
-780.0
 20
-364.5
  0
LWPOLYLINE
  5
47
330
17
100
AcDbEntity
  8
B01
100
AcDbPolyline
 90
2
 70
0
 10
1280.0
 20
-364.5
 10
1280.0
 20
-364.5
  0
LWPOLYLINE
  5
49
330
17
100
AcDbEntity
  8
B02
100
AcDbPolyline
 90
2
 70
0
 10
1280.0
 20
397.5
 10
-780.0
 20
397.5
  0
LWPOLYLINE
  5
4A
330
17
100
AcDbEntity
  8
B02
100
AcDbPolyline
 90
2
 70
0
 10
-780.0
 20
397.5
 10
1280.0
 20
397.5
  0
LWPOLYLINE
  5
4B
330
17
100
AcDbEntity
  8
B02
100
AcDbPolyline
 90
2
 70
0
 10
-780.0
 20
397.5
 10
-780.0
 20
397.5
  0
LWPOLYLINE
  5
4C
330
17
100
AcDbEntity
  8
B02
100
AcDbPolyline
 90
2
 70
0
 10
1280.0
 20
397.5
 10
1280.0
 20
397.5
  0
LWPOLYLINE
  5
4D
330
17
100
AcDbEntity
  8
B02
100
AcDbPolyline
 90
2
 70
0
 10
-780.0
 20
362.5
 10
1280.0
 20
362.5
  0
LWPOLYLINE
  5
4E
330
17
100
AcDbEntity
  8
B02
100
AcDbPolyline
 90
2
 70
0
 10
-780.0
 20
397.5
 10
-780.0
 20
362.5
  0
LWPOLYLINE
  5
4F
330
17
100
AcDbEntity
  8
B02
100
AcDbPolyline
 90
2
 70
0
 10
1280.0
 20
362.5
 10
1280.0
 20
397.5
  0
LWPOLYLINE
  5
50
330
17
100
AcDbEntity
  8
B02
100
AcDbPolyline
 90
2
 70
0
 10
-780.0
 20
362.5
 10
1280.0
 20
362.5
  0
LWPOLYLINE
  5
51
330
17
100
AcDbEntity
  8
B02
100
AcDbPolyline
 90
2
 70
0
 10
-780.0
 20
362.5
 10
-780.0
 20
362.5
  0
LWPOLYLINE
  5
52
330
17
100
AcDbEntity
  8
B02
100
AcDbPolyline
 90
2
 70
0
 10
1280.0
 20
362.5
 10
1280.0
 20
362.5
  0
LWPOLYLINE
  5
53
330
17
100
AcDbEntity
  8
B02
100
AcDbPolyline
 90
2
 70
0
 10
-780.0
 20
362.5
 10
-780.0
 20
397.5
  0
LWPOLYLINE
  5
54
330
17
100
AcDbEntity
  8
B02
100
AcDbPolyline
 90
2
 70
0
 10
1280.0
 20
397.5
 10
1280.0
 20
362.5
  0
LWPOLYLINE
  5
55
330
17
100
AcDbEntity
  8
B02
100
AcDbPolyline
 90
2
 70
0
 10
-780.0
 20
364.5
 10
1280.0
 20
364.5
  0
LWPOLYLINE
  5
56
330
17
100
AcDbEntity
  8
B02
100
AcDbPolyline
 90
2
 70
0
 10
1280.0
 20
395.5
 10
-780.0
 20
395.5
  0
LWPOLYLINE
  5
57
330
17
100
AcDbEntity
  8
B02
100
AcDbPolyline
 90
2
 70
0
 10
-780.0
 20
395.5
 10
-780.0
 20
364.5
  0
LWPOLYLINE
  5
58
330
17
100
AcDbEntity
  8
B02
100
AcDbPolyline
 90
2
 70
0
 10
1280.0
 20
364.5
 10
1280.0
 20
395.5
  0
LWPOLYLINE
  5
59
330
17
100
AcDbEntity
  8
B02
100
AcDbPolyline
 90
2
 70
0
 10
-780.0
 20
364.5
 10
1280.0
 20
364.5
  0
LWPOLYLINE
  5
5A
330
17
100
AcDbEntity
  8
B02
100
AcDbPolyline
 90
2
 70
0
 10
-780.0
 20
364.5
 10
-780.0
 20
364.5
  0
LWPOLYLINE
  5
5B
330
17
100
AcDbEntity
  8
B02
100
AcDbPolyline
 90
2
 70
0
 10
1280.0
 20
364.5
 10
1280.0
 20
364.5
  0
LWPOLYLINE
  5
5C
330
17
100
AcDbEntity
  8
B02
100
AcDbPolyline
 90
2
 70
0
 10
-780.0
 20
395.5
 10
1280.0
 20
395.5
  0
LWPOLYLINE
  5
5D
330
17
100
AcDbEntity
  8
B02
100
AcDbPolyline
 90
2
 70
0
 10
-780.0
 20
364.5
 10
-780.0
 20
395.5
  0
LWPOLYLINE
  5
5E
330
17
100
AcDbEntity
  8
B02
100
AcDbPolyline
 90
2
 70
0
 10
1280.0
 20
395.5
 10
1280.0
 20
364.5
  0
LWPOLYLINE
  5
5F
330
17
100
AcDbEntity
  8
B02
100
AcDbPolyline
 90
2
 70
0
 10
-780.0
 20
395.5
 10
-780.0
 20
395.5
  0
LWPOLYLINE
  5
60
330
17
100
AcDbEntity
  8
B02
100
AcDbPolyline
 90
2
 70
0
 10
1280.0
 20
395.5
 10
1280.0
 20
395.5
  0
LWPOLYLINE
  5
62
330
17
100
AcDbEntity
  8
B10
100
AcDbPolyline
 90
2
 70
0
 10
-717.5
 20
362.5
 10
-717.5
 20
-362.5
  0
LWPOLYLINE
  5
63
330
17
100
AcDbEntity
  8
B10
100
AcDbPolyline
 90
2
 70
0
 10
-717.5
 20
-362.5
 10
-717.5
 20
362.5
  0
LWPOLYLINE
  5
64
330
17
100
AcDbEntity
  8
B10
100
AcDbPolyline
 90
2
 70
0
 10
-717.5
 20
-362.5
 10
-717.5
 20
-362.5
  0
LWPOLYLINE
  5
65
330
17
100
AcDbEntity
  8
B10
100
AcDbPolyline
 90
2
 70
0
 10
-717.5
 20
362.5
 10
-717.5
 20
362.5
  0
LWPOLYLINE
  5
66
330
17
100
AcDbEntity
  8
B10
100
AcDbPolyline
 90
2
 70
0
 10
-682.5
 20
-362.5
 10
-682.5
 20
362.5
  0
LWPOLYLINE
  5
67
330
17
100
AcDbEntity
  8
B10
100
AcDbPolyline
 90
2
 70
0
 10
-717.5
 20
-362.5
 10
-682.5
 20
-362.5
  0
LWPOLYLINE
  5
68
330
17
100
AcDbEntity
  8
B10
100
AcDbPolyline
 90
2
 70
0
 10
-682.5
 20
362.5
 10
-717.5
 20
362.5
  0
LWPOLYLINE
  5
69
330
17
100
AcDbEntity
  8
B10
100
AcDbPolyline
 90
2
 70
0
 10
-682.5
 20
-362.5
 10
-682.5
 20
362.5
  0
LWPOLYLINE
  5
6A
330
17
100
AcDbEntity
  8
B10
100
AcDbPolyline
 90
2
 70
0
 10
-682.5
 20
-362.5
 10
-682.5
 20
-362.5
  0
LWPOLYLINE
  5
6B
330
17
100
AcDbEntity
  8
B10
100
AcDbPolyline
 90
2
 70
0
 10
-682.5
 20
362.5
 10
-682.5
 20
362.5
  0
LWPOLYLINE
  5
6C
330
17
100
AcDbEntity
  8
B10
100
AcDbPolyline
 90
2
 70
0
 10
-682.5
 20
-362.5
 10
-717.5
 20
-362.5
  0
LWPOLYLINE
  5
6D
330
17
100
AcDbEntity
  8
B10
100
AcDbPolyline
 90
2
 70
0
 10
-717.5
 20
362.5
 10
-682.5
 20
362.5
  0
LWPOLYLINE
  5
6E
330
17
100
AcDbEntity
  8
B10
100
AcDbPolyline
 90
2
 70
0
 10
-684.5
 20
-362.5
 10
-684.5
 20
362.5
  0
LWPOLYLINE
  5
6F
330
17
100
AcDbEntity
  8
B10
100
AcDbPolyline
 90
2
 70
0
 10
-715.5
 20
362.5
 10
-715.5
 20
-362.5
  0
LWPOLYLINE
  5
70
330
17
100
AcDbEntity
  8
B10
100
AcDbPolyline
 90
2
 70
0
 10
-715.5
 20
-362.5
 10
-684.5
 20
-362.5
  0
LWPOLYLINE
  5
71
330
17
100
AcDbEntity
  8
B10
100
AcDbPolyline
 90
2
 70
0
 10
-684.5
 20
362.5
 10
-715.5
 20
362.5
  0
LWPOLYLINE
  5
72
330
17
100
AcDbEntity
  8
B10
100
AcDbPolyline
 90
2
 70
0
 10
-684.5
 20
-362.5
 10
-684.5
 20
362.5
  0
LWPOLYLINE
  5
73
330
17
100
AcDbEntity
  8
B10
100
AcDbPolyline
 90
2
 70
0
 10
-684.5
 20
-362.5
 10
-684.5
 20
-362.5
  0
LWPOLYLINE
  5
74
330
17
100
AcDbEntity
  8
B10
100
AcDbPolyline
 90
2
 70
0
 10
-684.5
 20
362.5
 10
-684.5
 20
362.5
  0
LWPOLYLINE
  5
75
330
17
100
AcDbEntity
  8
B10
100
AcDbPolyline
 90
2
 70
0
 10
-715.5
 20
-362.5
 10
-715.5
 20
362.5
  0
LWPOLYLINE
  5
76
330
17
100
AcDbEntity
  8
B10
100
AcDbPolyline
 90
2
 70
0
 10
-684.5
 20
-362.5
 10
-715.5
 20
-362.5
  0
LWPOLYLINE
  5
77
330
17
100
AcDbEntity
  8
B10
100
AcDbPolyline
 90
2
 70
0
 10
-715.5
 20
362.5
 10
-684.5
 20
362.5
  0
LWPOLYLINE
  5
78
330
17
100
AcDbEntity
  8
B10
100
AcDbPolyline
 90
2
 70
0
 10
-715.5
 20
-362.5
 10
-715.5
 20
-362.5
  0
LWPOLYLINE
  5
79
330
17
100
AcDbEntity
  8
B10
100
AcDbPolyline
 90
2
 70
0
 10
-715.5
 20
362.5
 10
-715.5
 20
362.5
  0
LWPOLYLINE
  5
7B
330
17
100
AcDbEntity
  8
B200
100
AcDbPolyline
 90
2
 70
0
 10
-717.5
 20
-397.5
 10
-717.5
 20
-397.5
  0
LWPOLYLINE
  5
7C
330
17
100
AcDbEntity
  8
B200
100
AcDbPolyline
 90
2
 70
0
 10
-682.5
 20
-397.5
 10
-682.5
 20
-397.5
  0
LWPOLYLINE
  5
7D
330
17
100
AcDbEntity
  8
B200
100
AcDbPolyline
 90
2
 70
0
 10
-717.5
 20
-397.5
 10
-682.5
 20
-397.5
  0
LWPOLYLINE
  5
7E
330
17
100
AcDbEntity
  8
B200
100
AcDbPolyline
 90
2
 70
0
 10
-682.5
 20
-397.5
 10
-717.5
 20
-397.5
  0
LWPOLYLINE
  5
7F
330
17
100
AcDbEntity
  8
B200
100
AcDbPolyline
 90
2
 70
0
 10
-682.5
 20
-362.5
 10
-682.5
 20
-362.5
  0
LWPOLYLINE
  5
80
330
17
100
AcDbEntity
  8
B200
100
AcDbPolyline
 90
2
 70
0
 10
-682.5
 20
-397.5
 10
-682.5
 20
-362.5
  0
LWPOLYLINE
  5
81
330
17
100
AcDbEntity
  8
B200
100
AcDbPolyline
 90
2
 70
0
 10
-682.5
 20
-362.5
 10
-682.5
 20
-397.5
  0
LWPOLYLINE
  5
82
330
17
100
AcDbEntity
  8
B200
100
AcDbPolyline
 90
2
 70
0
 10
-717.5
 20
-362.5
 10
-717.5
 20
-362.5
  0
LWPOLYLINE
  5
83
330
17
100
AcDbEntity
  8
B200
100
AcDbPolyline
 90
2
 70
0
 10
-682.5
 20
-362.5
 10
-717.5
 20
-362.5
  0
LWPOLYLINE
  5
84
330
17
100
AcDbEntity
  8
B200
100
AcDbPolyline
 90
2
 70
0
 10
-717.5
 20
-362.5
 10
-682.5
 20
-362.5
  0
LWPOLYLINE
  5
85
330
17
100
AcDbEntity
  8
B200
100
AcDbPolyline
 90
2
 70
0
 10
-717.5
 20
-362.5
 10
-717.5
 20
-397.5
  0
LWPOLYLINE
  5
86
330
17
100
AcDbEntity
  8
B200
100
AcDbPolyline
 90
2
 70
0
 10
-717.5
 20
-397.5
 10
-717.5
 20
-362.5
  0
LWPOLYLINE
  5
87
330
17
100
AcDbEntity
  8
B200
100
AcDbPolyline
 90
2
 70
0
 10
-715.5
 20
-364.5
 10
-715.5
 20
-364.5
  0
LWPOLYLINE
  5
88
330
17
100
AcDbEntity
  8
B200
100
AcDbPolyline
 90
2
 70
0
 10
-715.5
 20
-395.5
 10
-715.5
 20
-395.5
  0
LWPOLYLINE
  5
89
330
17
100
AcDbEntity
  8
B200
100
AcDbPolyline
 90
2
 70
0
 10
-715.5
 20
-395.5
 10
-715.5
 20
-364.5
  0
LWPOLYLINE
  5
8A
330
17
100
AcDbEntity
  8
B200
100
AcDbPolyline
 90
2
 70
0
 10
-715.5
 20
-364.5
 10
-715.5
 20
-395.5
  0
LWPOLYLINE
  5
8B
330
17
100
AcDbEntity
  8
B200
100
AcDbPolyline
 90
2
 70
0
 10
-684.5
 20
-364.5
 10
-684.5
 20
-364.5
  0
LWPOLYLINE
  5
8C
330
17
100
AcDbEntity
  8
B200
100
AcDbPolyline
 90
2
 70
0
 10
-715.5
 20
-364.5
 10
-684.5
 20
-364.5
  0
LWPOLYLINE
  5
8D
330
17
100
AcDbEntity
  8
B200
100
AcDbPolyline
 90
2
 70
0
 10
-684.5
 20
-364.5
 10
-715.5
 20
-364.5
  0
LWPOLYLINE
  5
8E
330
17
100
AcDbEntity
  8
B200
100
AcDbPolyline
 90
2
 70
0
 10
-684.5
 20
-395.5
 10
-684.5
 20
-395.5
  0
LWPOLYLINE
  5
8F
330
17
100
AcDbEntity
  8
B200
100
AcDbPolyline
 90
2
 70
0
 10
-684.5
 20
-364.5
 10
-684.5
 20
-395.5
  0
LWPOLYLINE
  5
90
330
17
100
AcDbEntity
  8
B200
100
AcDbPolyline
 90
2
 70
0
 10
-684.5
 20
-395.5
 10
-684.5
 20
-364.5
  0
LWPOLYLINE
  5
91
330
17
100
AcDbEntity
  8
B200
100
AcDbPolyline
 90
2
 70
0
 10
-684.5
 20
-395.5
 10
-715.5
 20
-395.5
  0
LWPOLYLINE
  5
92
330
17
100
AcDbEntity
  8
B200
100
AcDbPolyline
 90
2
 70
0
 10
-715.5
 20
-395.5
 10
-684.5
 20
-395.5
  0
LWPOLYLINE
  5
94
330
17
100
AcDbEntity
  8
B300
100
AcDbPolyline
 90
2
 70
0
 10
-745.0
 20
-425.0
 10
-745.0
 20
-425.0
  0
LWPOLYLINE
  5
95
330
17
100
AcDbEntity
  8
B300
100
AcDbPolyline
 90
2
 70
0
 10
-745.0
 20
-425.0
 10
-745.0
 20
-335.0
  0
LWPOLYLINE
  5
96
330
17
100
AcDbEntity
  8
B300
100
AcDbPolyline
 90
2
 70
0
 10
-745.0
 20
-335.0
 10
-745.0
 20
-335.0
  0
LWPOLYLINE
  5
97
330
17
100
AcDbEntity
  8
B300
100
AcDbPolyline
 90
2
 70
0
 10
-745.0
 20
-335.0
 10
-745.0
 20
-425.0
  0
LWPOLYLINE
  5
98
330
17
100
AcDbEntity
  8
B300
100
AcDbPolyline
 90
2
 70
0
 10
-655.0
 20
-425.0
 10
-655.0
 20
-425.0
  0
LWPOLYLINE
  5
99
330
17
100
AcDbEntity
  8
B300
100
AcDbPolyline
 90
2
 70
0
 10
-655.0
 20
-335.0
 10
-655.0
 20
-425.0
  0
LWPOLYLINE
  5
9A
330
17
100
AcDbEntity
  8
B300
100
AcDbPolyline
 90
2
 70
0
 10
-655.0
 20
-335.0
 10
-655.0
 20
-335.0
  0
LWPOLYLINE
  5
9B
330
17
100
AcDbEntity
  8
B300
100
AcDbPolyline
 90
2
 70
0
 10
-655.0
 20
-425.0
 10
-655.0
 20
-335.0
  0
LWPOLYLINE
  5
9C
330
17
100
AcDbEntity
  8
B300
100
AcDbPolyline
 90
2
 70
0
 10
-745.0
 20
-425.0
 10
-655.0
 20
-425.0
  0
LWPOLYLINE
  5
9D
330
17
100
AcDbEntity
  8
B300
100
AcDbPolyline
 90
2
 70
0
 10
-655.0
 20
-425.0
 10
-745.0
 20
-425.0
  0
LWPOLYLINE
  5
9E
330
17
100
AcDbEntity
  8
B300
100
AcDbPolyline
 90
2
 70
0
 10
-655.0
 20
-335.0
 10
-745.0
 20
-335.0
  0
LWPOLYLINE
  5
9F
330
17
100
AcDbEntity
  8
B300
100
AcDbPolyline
 90
2
 70
0
 10
-745.0
 20
-335.0
 10
-655.0
 20
-335.0
  0
LWPOLYLINE
  5
A1
330
17
100
AcDbEntity
  8
B201
100
AcDbPolyline
 90
2
 70
0
 10
-717.5
 20
362.5
 10
-717.5
 20
362.5
  0
LWPOLYLINE
  5
A2
330
17
100
AcDbEntity
  8
B201
100
AcDbPolyline
 90
2
 70
0
 10
-682.5
 20
362.5
 10
-682.5
 20
362.5
  0
LWPOLYLINE
  5
A3
330
17
100
AcDbEntity
  8
B201
100
AcDbPolyline
 90
2
 70
0
 10
-717.5
 20
362.5
 10
-682.5
 20
362.5
  0
LWPOLYLINE
  5
A4
330
17
100
AcDbEntity
  8
B201
100
AcDbPolyline
 90
2
 70
0
 10
-682.5
 20
362.5
 10
-717.5
 20
362.5
  0
LWPOLYLINE
  5
A5
330
17
100
AcDbEntity
  8
B201
100
AcDbPolyline
 90
2
 70
0
 10
-682.5
 20
397.5
 10
-682.5
 20
397.5
  0
LWPOLYLINE
  5
A6
330
17
100
AcDbEntity
  8
B201
100
AcDbPolyline
 90
2
 70
0
 10
-682.5
 20
362.5
 10
-682.5
 20
397.5
  0
LWPOLYLINE
  5
A7
330
17
100
AcDbEntity
  8
B201
100
AcDbPolyline
 90
2
 70
0
 10
-682.5
 20
397.5
 10
-682.5
 20
362.5
  0
LWPOLYLINE
  5
A8
330
17
100
AcDbEntity
  8
B201
100
AcDbPolyline
 90
2
 70
0
 10
-717.5
 20
397.5
 10
-717.5
 20
397.5
  0
LWPOLYLINE
  5
A9
330
17
100
AcDbEntity
  8
B201
100
AcDbPolyline
 90
2
 70
0
 10
-682.5
 20
397.5
 10
-717.5
 20
397.5
  0
LWPOLYLINE
  5
AA
330
17
100
AcDbEntity
  8
B201
100
AcDbPolyline
 90
2
 70
0
 10
-717.5
 20
397.5
 10
-682.5
 20
397.5
  0
LWPOLYLINE
  5
AB
330
17
100
AcDbEntity
  8
B201
100
AcDbPolyline
 90
2
 70
0
 10
-717.5
 20
397.5
 10
-717.5
 20
362.5
  0
LWPOLYLINE
  5
AC
330
17
100
AcDbEntity
  8
B201
100
AcDbPolyline
 90
2
 70
0
 10
-717.5
 20
362.5
 10
-717.5
 20
397.5
  0
LWPOLYLINE
  5
AD
330
17
100
AcDbEntity
  8
B201
100
AcDbPolyline
 90
2
 70
0
 10
-715.5
 20
395.5
 10
-715.5
 20
395.5
  0
LWPOLYLINE
  5
AE
330
17
100
AcDbEntity
  8
B201
100
AcDbPolyline
 90
2
 70
0
 10
-715.5
 20
364.5
 10
-715.5
 20
364.5
  0
LWPOLYLINE
  5
AF
330
17
100
AcDbEntity
  8
B201
100
AcDbPolyline
 90
2
 70
0
 10
-715.5
 20
364.5
 10
-715.5
 20
395.5
  0
LWPOLYLINE
  5
B0
330
17
100
AcDbEntity
  8
B201
100
AcDbPolyline
 90
2
 70
0
 10
-715.5
 20
395.5
 10
-715.5
 20
364.5
  0
LWPOLYLINE
  5
B1
330
17
100
AcDbEntity
  8
B201
100
AcDbPolyline
 90
2
 70
0
 10
-684.5
 20
395.5
 10
-684.5
 20
395.5
  0
LWPOLYLINE
  5
B2
330
17
100
AcDbEntity
  8
B201
100
AcDbPolyline
 90
2
 70
0
 10
-715.5
 20
395.5
 10
-684.5
 20
395.5
  0
LWPOLYLINE
  5
B3
330
17
100
AcDbEntity
  8
B201
100
AcDbPolyline
 90
2
 70
0
 10
-684.5
 20
395.5
 10
-715.5
 20
395.5
  0
LWPOLYLINE
  5
B4
330
17
100
AcDbEntity
  8
B201
100
AcDbPolyline
 90
2
 70
0
 10
-684.5
 20
364.5
 10
-684.5
 20
364.5
  0
LWPOLYLINE
  5
B5
330
17
100
AcDbEntity
  8
B201
100
AcDbPolyline
 90
2
 70
0
 10
-684.5
 20
395.5
 10
-684.5
 20
364.5
  0
LWPOLYLINE
  5
B6
330
17
100
AcDbEntity
  8
B201
100
AcDbPolyline
 90
2
 70
0
 10
-684.5
 20
364.5
 10
-684.5
 20
395.5
  0
LWPOLYLINE
  5
B7
330
17
100
AcDbEntity
  8
B201
100
AcDbPolyline
 90
2
 70
0
 10
-684.5
 20
364.5
 10
-715.5
 20
364.5
  0
LWPOLYLINE
  5
B8
330
17
100
AcDbEntity
  8
B201
100
AcDbPolyline
 90
2
 70
0
 10
-715.5
 20
364.5
 10
-684.5
 20
364.5
  0
LWPOLYLINE
  5
BA
330
17
100
AcDbEntity
  8
B301
100
AcDbPolyline
 90
2
 70
0
 10
-745.0
 20
335.0
 10
-745.0
 20
335.0
  0
LWPOLYLINE
  5
BB
330
17
100
AcDbEntity
  8
B301
100
AcDbPolyline
 90
2
 70
0
 10
-745.0
 20
335.0
 10
-745.0
 20
425.0
  0
LWPOLYLINE
  5
BC
330
17
100
AcDbEntity
  8
B301
100
AcDbPolyline
 90
2
 70
0
 10
-745.0
 20
425.0
 10
-745.0
 20
425.0
  0
LWPOLYLINE
  5
BD
330
17
100
AcDbEntity
  8
B301
100
AcDbPolyline
 90
2
 70
0
 10
-745.0
 20
425.0
 10
-745.0
 20
335.0
  0
LWPOLYLINE
  5
BE
330
17
100
AcDbEntity
  8
B301
100
AcDbPolyline
 90
2
 70
0
 10
-655.0
 20
335.0
 10
-655.0
 20
335.0
  0
LWPOLYLINE
  5
BF
330
17
100
AcDbEntity
  8
B301
100
AcDbPolyline
 90
2
 70
0
 10
-655.0
 20
425.0
 10
-655.0
 20
335.0
  0
LWPOLYLINE
  5
C0
330
17
100
AcDbEntity
  8
B301
100
AcDbPolyline
 90
2
 70
0
 10
-655.0
 20
425.0
 10
-655.0
 20
425.0
  0
LWPOLYLINE
  5
C1
330
17
100
AcDbEntity
  8
B301
100
AcDbPolyline
 90
2
 70
0
 10
-655.0
 20
335.0
 10
-655.0
 20
425.0
  0
LWPOLYLINE
  5
C2
330
17
100
AcDbEntity
  8
B301
100
AcDbPolyline
 90
2
 70
0
 10
-745.0
 20
335.0
 10
-655.0
 20
335.0
  0
LWPOLYLINE
  5
C3
330
17
100
AcDbEntity
  8
B301
100
AcDbPolyline
 90
2
 70
0
 10
-655.0
 20
335.0
 10
-745.0
 20
335.0
  0
LWPOLYLINE
  5
C4
330
17
100
AcDbEntity
  8
B301
100
AcDbPolyline
 90
2
 70
0
 10
-655.0
 20
425.0
 10
-745.0
 20
425.0
  0
LWPOLYLINE
  5
C5
330
17
100
AcDbEntity
  8
B301
100
AcDbPolyline
 90
2
 70
0
 10
-745.0
 20
425.0
 10
-655.0
 20
425.0
  0
LWPOLYLINE
  5
C7
330
17
100
AcDbEntity
  8
B11
100
AcDbPolyline
 90
2
 70
0
 10
182.5
 20
362.5
 10
182.5
 20
-362.5
  0
LWPOLYLINE
  5
C8
330
17
100
AcDbEntity
  8
B11
100
AcDbPolyline
 90
2
 70
0
 10
182.5
 20
-362.5
 10
182.5
 20
362.5
  0
LWPOLYLINE
  5
C9
330
17
100
AcDbEntity
  8
B11
100
AcDbPolyline
 90
2
 70
0
 10
182.5
 20
-362.5
 10
182.5
 20
-362.5
  0
LWPOLYLINE
  5
CA
330
17
100
AcDbEntity
  8
B11
100
AcDbPolyline
 90
2
 70
0
 10
182.5
 20
362.5
 10
182.5
 20
362.5
  0
LWPOLYLINE
  5
CB
330
17
100
AcDbEntity
  8
B11
100
AcDbPolyline
 90
2
 70
0
 10
217.5
 20
-362.5
 10
217.5
 20
362.5
  0
LWPOLYLINE
  5
CC
330
17
100
AcDbEntity
  8
B11
100
AcDbPolyline
 90
2
 70
0
 10
182.5
 20
-362.5
 10
217.5
 20
-362.5
  0
LWPOLYLINE
  5
CD
330
17
100
AcDbEntity
  8
B11
100
AcDbPolyline
 90
2
 70
0
 10
217.5
 20
362.5
 10
182.5
 20
362.5
  0
LWPOLYLINE
  5
CE
330
17
100
AcDbEntity
  8
B11
100
AcDbPolyline
 90
2
 70
0
 10
217.5
 20
-362.5
 10
217.5
 20
362.5
  0
LWPOLYLINE
  5
CF
330
17
100
AcDbEntity
  8
B11
100
AcDbPolyline
 90
2
 70
0
 10
217.5
 20
-362.5
 10
217.5
 20
-362.5
  0
LWPOLYLINE
  5
D0
330
17
100
AcDbEntity
  8
B11
100
AcDbPolyline
 90
2
 70
0
 10
217.5
 20
362.5
 10
217.5
 20
362.5
  0
LWPOLYLINE
  5
D1
330
17
100
AcDbEntity
  8
B11
100
AcDbPolyline
 90
2
 70
0
 10
217.5
 20
-362.5
 10
182.5
 20
-362.5
  0
LWPOLYLINE
  5
D2
330
17
100
AcDbEntity
  8
B11
100
AcDbPolyline
 90
2
 70
0
 10
182.5
 20
362.5
 10
217.5
 20
362.5
  0
LWPOLYLINE
  5
D3
330
17
100
AcDbEntity
  8
B11
100
AcDbPolyline
 90
2
 70
0
 10
215.5
 20
-362.5
 10
215.5
 20
362.5
  0
LWPOLYLINE
  5
D4
330
17
100
AcDbEntity
  8
B11
100
AcDbPolyline
 90
2
 70
0
 10
184.5
 20
362.5
 10
184.5
 20
-362.5
  0
LWPOLYLINE
  5
D5
330
17
100
AcDbEntity
  8
B11
100
AcDbPolyline
 90
2
 70
0
 10
184.5
 20
-362.5
 10
215.5
 20
-362.5
  0
LWPOLYLINE
  5
D6
330
17
100
AcDbEntity
  8
B11
100
AcDbPolyline
 90
2
 70
0
 10
215.5
 20
362.5
 10
184.5
 20
362.5
  0
LWPOLYLINE
  5
D7
330
17
100
AcDbEntity
  8
B11
100
AcDbPolyline
 90
2
 70
0
 10
215.5
 20
-362.5
 10
215.5
 20
362.5
  0
LWPOLYLINE
  5
D8
330
17
100
AcDbEntity
  8
B11
100
AcDbPolyline
 90
2
 70
0
 10
215.5
 20
-362.5
 10
215.5
 20
-362.5
  0
LWPOLYLINE
  5
D9
330
17
100
AcDbEntity
  8
B11
100
AcDbPolyline
 90
2
 70
0
 10
215.5
 20
362.5
 10
215.5
 20
362.5
  0
LWPOLYLINE
  5
DA
330
17
100
AcDbEntity
  8
B11
100
AcDbPolyline
 90
2
 70
0
 10
184.5
 20
-362.5
 10
184.5
 20
362.5
  0
LWPOLYLINE
  5
DB
330
17
100
AcDbEntity
  8
B11
100
AcDbPolyline
 90
2
 70
0
 10
215.5
 20
-362.5
 10
184.5
 20
-362.5
  0
LWPOLYLINE
  5
DC
330
17
100
AcDbEntity
  8
B11
100
AcDbPolyline
 90
2
 70
0
 10
184.5
 20
362.5
 10
215.5
 20
362.5
  0
LWPOLYLINE
  5
DD
330
17
100
AcDbEntity
  8
B11
100
AcDbPolyline
 90
2
 70
0
 10
184.5
 20
-362.5
 10
184.5
 20
-362.5
  0
LWPOLYLINE
  5
DE
330
17
100
AcDbEntity
  8
B11
100
AcDbPolyline
 90
2
 70
0
 10
184.5
 20
362.5
 10
184.5
 20
362.5
  0
LWPOLYLINE
  5
E0
330
17
100
AcDbEntity
  8
B210
100
AcDbPolyline
 90
2
 70
0
 10
182.5
 20
-397.5
 10
182.5
 20
-397.5
  0
LWPOLYLINE
  5
E1
330
17
100
AcDbEntity
  8
B210
100
AcDbPolyline
 90
2
 70
0
 10
217.5
 20
-397.5
 10
217.5
 20
-397.5
  0
LWPOLYLINE
  5
E2
330
17
100
AcDbEntity
  8
B210
100
AcDbPolyline
 90
2
 70
0
 10
182.5
 20
-397.5
 10
217.5
 20
-397.5
  0
LWPOLYLINE
  5
E3
330
17
100
AcDbEntity
  8
B210
100
AcDbPolyline
 90
2
 70
0
 10
217.5
 20
-397.5
 10
182.5
 20
-397.5
  0
LWPOLYLINE
  5
E4
330
17
100
AcDbEntity
  8
B210
100
AcDbPolyline
 90
2
 70
0
 10
217.5
 20
-362.5
 10
217.5
 20
-362.5
  0
LWPOLYLINE
  5
E5
330
17
100
AcDbEntity
  8
B210
100
AcDbPolyline
 90
2
 70
0
 10
217.5
 20
-397.5
 10
217.5
 20
-362.5
  0
LWPOLYLINE
  5
E6
330
17
100
AcDbEntity
  8
B210
100
AcDbPolyline
 90
2
 70
0
 10
217.5
 20
-362.5
 10
217.5
 20
-397.5
  0
LWPOLYLINE
  5
E7
330
17
100
AcDbEntity
  8
B210
100
AcDbPolyline
 90
2
 70
0
 10
182.5
 20
-362.5
 10
182.5
 20
-362.5
  0
LWPOLYLINE
  5
E8
330
17
100
AcDbEntity
  8
B210
100
AcDbPolyline
 90
2
 70
0
 10
217.5
 20
-362.5
 10
182.5
 20
-362.5
  0
LWPOLYLINE
  5
E9
330
17
100
AcDbEntity
  8
B210
100
AcDbPolyline
 90
2
 70
0
 10
182.5
 20
-362.5
 10
217.5
 20
-362.5
  0
LWPOLYLINE
  5
EA
330
17
100
AcDbEntity
  8
B210
100
AcDbPolyline
 90
2
 70
0
 10
182.5
 20
-362.5
 10
182.5
 20
-397.5
  0
LWPOLYLINE
  5
EB
330
17
100
AcDbEntity
  8
B210
100
AcDbPolyline
 90
2
 70
0
 10
182.5
 20
-397.5
 10
182.5
 20
-362.5
  0
LWPOLYLINE
  5
EC
330
17
100
AcDbEntity
  8
B210
100
AcDbPolyline
 90
2
 70
0
 10
184.5
 20
-364.5
 10
184.5
 20
-364.5
  0
LWPOLYLINE
  5
ED
330
17
100
AcDbEntity
  8
B210
100
AcDbPolyline
 90
2
 70
0
 10
184.5
 20
-395.5
 10
184.5
 20
-395.5
  0
LWPOLYLINE
  5
EE
330
17
100
AcDbEntity
  8
B210
100
AcDbPolyline
 90
2
 70
0
 10
184.5
 20
-395.5
 10
184.5
 20
-364.5
  0
LWPOLYLINE
  5
EF
330
17
100
AcDbEntity
  8
B210
100
AcDbPolyline
 90
2
 70
0
 10
184.5
 20
-364.5
 10
184.5
 20
-395.5
  0
LWPOLYLINE
  5
F0
330
17
100
AcDbEntity
  8
B210
100
AcDbPolyline
 90
2
 70
0
 10
215.5
 20
-364.5
 10
215.5
 20
-364.5
  0
LWPOLYLINE
  5
F1
330
17
100
AcDbEntity
  8
B210
100
AcDbPolyline
 90
2
 70
0
 10
184.5
 20
-364.5
 10
215.5
 20
-364.5
  0
LWPOLYLINE
  5
F2
330
17
100
AcDbEntity
  8
B210
100
AcDbPolyline
 90
2
 70
0
 10
215.5
 20
-364.5
 10
184.5
 20
-364.5
  0
LWPOLYLINE
  5
F3
330
17
100
AcDbEntity
  8
B210
100
AcDbPolyline
 90
2
 70
0
 10
215.5
 20
-395.5
 10
215.5
 20
-395.5
  0
LWPOLYLINE
  5
F4
330
17
100
AcDbEntity
  8
B210
100
AcDbPolyline
 90
2
 70
0
 10
215.5
 20
-364.5
 10
215.5
 20
-395.5
  0
LWPOLYLINE
  5
F5
330
17
100
AcDbEntity
  8
B210
100
AcDbPolyline
 90
2
 70
0
 10
215.5
 20
-395.5
 10
215.5
 20
-364.5
  0
LWPOLYLINE
  5
F6
330
17
100
AcDbEntity
  8
B210
100
AcDbPolyline
 90
2
 70
0
 10
215.5
 20
-395.5
 10
184.5
 20
-395.5
  0
LWPOLYLINE
  5
F7
330
17
100
AcDbEntity
  8
B210
100
AcDbPolyline
 90
2
 70
0
 10
184.5
 20
-395.5
 10
215.5
 20
-395.5
  0
LWPOLYLINE
  5
F9
330
17
100
AcDbEntity
  8
B310
100
AcDbPolyline
 90
2
 70
0
 10
155.0
 20
-425.0
 10
155.0
 20
-425.0
  0
LWPOLYLINE
  5
FA
330
17
100
AcDbEntity
  8
B310
100
AcDbPolyline
 90
2
 70
0
 10
155.0
 20
-425.0
 10
155.0
 20
-335.0
  0
LWPOLYLINE
  5
FB
330
17
100
AcDbEntity
  8
B310
100
AcDbPolyline
 90
2
 70
0
 10
155.0
 20
-335.0
 10
155.0
 20
-335.0
  0
LWPOLYLINE
  5
FC
330
17
100
AcDbEntity
  8
B310
100
AcDbPolyline
 90
2
 70
0
 10
155.0
 20
-335.0
 10
155.0
 20
-425.0
  0
LWPOLYLINE
  5
FD
330
17
100
AcDbEntity
  8
B310
100
AcDbPolyline
 90
2
 70
0
 10
245.0
 20
-425.0
 10
245.0
 20
-425.0
  0
LWPOLYLINE
  5
FE
330
17
100
AcDbEntity
  8
B310
100
AcDbPolyline
 90
2
 70
0
 10
245.0
 20
-335.0
 10
245.0
 20
-425.0
  0
LWPOLYLINE
  5
FF
330
17
100
AcDbEntity
  8
B310
100
AcDbPolyline
 90
2
 70
0
 10
245.0
 20
-335.0
 10
245.0
 20
-335.0
  0
LWPOLYLINE
  5
100
330
17
100
AcDbEntity
  8
B310
100
AcDbPolyline
 90
2
 70
0
 10
245.0
 20
-425.0
 10
245.0
 20
-335.0
  0
LWPOLYLINE
  5
101
330
17
100
AcDbEntity
  8
B310
100
AcDbPolyline
 90
2
 70
0
 10
155.0
 20
-425.0
 10
245.0
 20
-425.0
  0
LWPOLYLINE
  5
102
330
17
100
AcDbEntity
  8
B310
100
AcDbPolyline
 90
2
 70
0
 10
245.0
 20
-425.0
 10
155.0
 20
-425.0
  0
LWPOLYLINE
  5
103
330
17
100
AcDbEntity
  8
B310
100
AcDbPolyline
 90
2
 70
0
 10
245.0
 20
-335.0
 10
155.0
 20
-335.0
  0
LWPOLYLINE
  5
104
330
17
100
AcDbEntity
  8
B310
100
AcDbPolyline
 90
2
 70
0
 10
155.0
 20
-335.0
 10
245.0
 20
-335.0
  0
LWPOLYLINE
  5
106
330
17
100
AcDbEntity
  8
B211
100
AcDbPolyline
 90
2
 70
0
 10
182.5
 20
362.5
 10
182.5
 20
362.5
  0
LWPOLYLINE
  5
107
330
17
100
AcDbEntity
  8
B211
100
AcDbPolyline
 90
2
 70
0
 10
217.5
 20
362.5
 10
217.5
 20
362.5
  0
LWPOLYLINE
  5
108
330
17
100
AcDbEntity
  8
B211
100
AcDbPolyline
 90
2
 70
0
 10
182.5
 20
362.5
 10
217.5
 20
362.5
  0
LWPOLYLINE
  5
109
330
17
100
AcDbEntity
  8
B211
100
AcDbPolyline
 90
2
 70
0
 10
217.5
 20
362.5
 10
182.5
 20
362.5
  0
LWPOLYLINE
  5
10A
330
17
100
AcDbEntity
  8
B211
100
AcDbPolyline
 90
2
 70
0
 10
217.5
 20
397.5
 10
217.5
 20
397.5
  0
LWPOLYLINE
  5
10B
330
17
100
AcDbEntity
  8
B211
100
AcDbPolyline
 90
2
 70
0
 10
217.5
 20
362.5
 10
217.5
 20
397.5
  0
LWPOLYLINE
  5
10C
330
17
100
AcDbEntity
  8
B211
100
AcDbPolyline
 90
2
 70
0
 10
217.5
 20
397.5
 10
217.5
 20
362.5
  0
LWPOLYLINE
  5
10D
330
17
100
AcDbEntity
  8
B211
100
AcDbPolyline
 90
2
 70
0
 10
182.5
 20
397.5
 10
182.5
 20
397.5
  0
LWPOLYLINE
  5
10E
330
17
100
AcDbEntity
  8
B211
100
AcDbPolyline
 90
2
 70
0
 10
217.5
 20
397.5
 10
182.5
 20
397.5
  0
LWPOLYLINE
  5
10F
330
17
100
AcDbEntity
  8
B211
100
AcDbPolyline
 90
2
 70
0
 10
182.5
 20
397.5
 10
217.5
 20
397.5
  0
LWPOLYLINE
  5
110
330
17
100
AcDbEntity
  8
B211
100
AcDbPolyline
 90
2
 70
0
 10
182.5
 20
397.5
 10
182.5
 20
362.5
  0
LWPOLYLINE
  5
111
330
17
100
AcDbEntity
  8
B211
100
AcDbPolyline
 90
2
 70
0
 10
182.5
 20
362.5
 10
182.5
 20
397.5
  0
LWPOLYLINE
  5
112
330
17
100
AcDbEntity
  8
B211
100
AcDbPolyline
 90
2
 70
0
 10
184.5
 20
395.5
 10
184.5
 20
395.5
  0
LWPOLYLINE
  5
113
330
17
100
AcDbEntity
  8
B211
100
AcDbPolyline
 90
2
 70
0
 10
184.5
 20
364.5
 10
184.5
 20
364.5
  0
LWPOLYLINE
  5
114
330
17
100
AcDbEntity
  8
B211
100
AcDbPolyline
 90
2
 70
0
 10
184.5
 20
364.5
 10
184.5
 20
395.5
  0
LWPOLYLINE
  5
115
330
17
100
AcDbEntity
  8
B211
100
AcDbPolyline
 90
2
 70
0
 10
184.5
 20
395.5
 10
184.5
 20
364.5
  0
LWPOLYLINE
  5
116
330
17
100
AcDbEntity
  8
B211
100
AcDbPolyline
 90
2
 70
0
 10
215.5
 20
395.5
 10
215.5
 20
395.5
  0
LWPOLYLINE
  5
117
330
17
100
AcDbEntity
  8
B211
100
AcDbPolyline
 90
2
 70
0
 10
184.5
 20
395.5
 10
215.5
 20
395.5
  0
LWPOLYLINE
  5
118
330
17
100
AcDbEntity
  8
B211
100
AcDbPolyline
 90
2
 70
0
 10
215.5
 20
395.5
 10
184.5
 20
395.5
  0
LWPOLYLINE
  5
119
330
17
100
AcDbEntity
  8
B211
100
AcDbPolyline
 90
2
 70
0
 10
215.5
 20
364.5
 10
215.5
 20
364.5
  0
LWPOLYLINE
  5
11A
330
17
100
AcDbEntity
  8
B211
100
AcDbPolyline
 90
2
 70
0
 10
215.5
 20
395.5
 10
215.5
 20
364.5
  0
LWPOLYLINE
  5
11B
330
17
100
AcDbEntity
  8
B211
100
AcDbPolyline
 90
2
 70
0
 10
215.5
 20
364.5
 10
215.5
 20
395.5
  0
LWPOLYLINE
  5
11C
330
17
100
AcDbEntity
  8
B211
100
AcDbPolyline
 90
2
 70
0
 10
215.5
 20
364.5
 10
184.5
 20
364.5
  0
LWPOLYLINE
  5
11D
330
17
100
AcDbEntity
  8
B211
100
AcDbPolyline
 90
2
 70
0
 10
184.5
 20
364.5
 10
215.5
 20
364.5
  0
LWPOLYLINE
  5
11F
330
17
100
AcDbEntity
  8
B311
100
AcDbPolyline
 90
2
 70
0
 10
155.0
 20
335.0
 10
155.0
 20
335.0
  0
LWPOLYLINE
  5
120
330
17
100
AcDbEntity
  8
B311
100
AcDbPolyline
 90
2
 70
0
 10
155.0
 20
335.0
 10
155.0
 20
425.0
  0
LWPOLYLINE
  5
121
330
17
100
AcDbEntity
  8
B311
100
AcDbPolyline
 90
2
 70
0
 10
155.0
 20
425.0
 10
155.0
 20
425.0
  0
LWPOLYLINE
  5
122
330
17
100
AcDbEntity
  8
B311
100
AcDbPolyline
 90
2
 70
0
 10
155.0
 20
425.0
 10
155.0
 20
335.0
  0
LWPOLYLINE
  5
123
330
17
100
AcDbEntity
  8
B311
100
AcDbPolyline
 90
2
 70
0
 10
245.0
 20
335.0
 10
245.0
 20
335.0
  0
LWPOLYLINE
  5
124
330
17
100
AcDbEntity
  8
B311
100
AcDbPolyline
 90
2
 70
0
 10
245.0
 20
425.0
 10
245.0
 20
335.0
  0
LWPOLYLINE
  5
125
330
17
100
AcDbEntity
  8
B311
100
AcDbPolyline
 90
2
 70
0
 10
245.0
 20
425.0
 10
245.0
 20
425.0
  0
LWPOLYLINE
  5
126
330
17
100
AcDbEntity
  8
B311
100
AcDbPolyline
 90
2
 70
0
 10
245.0
 20
335.0
 10
245.0
 20
425.0
  0
LWPOLYLINE
  5
127
330
17
100
AcDbEntity
  8
B311
100
AcDbPolyline
 90
2
 70
0
 10
155.0
 20
335.0
 10
245.0
 20
335.0
  0
LWPOLYLINE
  5
128
330
17
100
AcDbEntity
  8
B311
100
AcDbPolyline
 90
2
 70
0
 10
245.0
 20
335.0
 10
155.0
 20
335.0
  0
LWPOLYLINE
  5
129
330
17
100
AcDbEntity
  8
B311
100
AcDbPolyline
 90
2
 70
0
 10
245.0
 20
425.0
 10
155.0
 20
425.0
  0
LWPOLYLINE
  5
12A
330
17
100
AcDbEntity
  8
B311
100
AcDbPolyline
 90
2
 70
0
 10
155.0
 20
425.0
 10
245.0
 20
425.0
  0
LWPOLYLINE
  5
12C
330
17
100
AcDbEntity
  8
B12
100
AcDbPolyline
 90
2
 70
0
 10
1162.5
 20
362.5
 10
1162.5
 20
-362.5
  0
LWPOLYLINE
  5
12D
330
17
100
AcDbEntity
  8
B12
100
AcDbPolyline
 90
2
 70
0
 10
1162.5
 20
-362.5
 10
1162.5
 20
362.5
  0
LWPOLYLINE
  5
12E
330
17
100
AcDbEntity
  8
B12
100
AcDbPolyline
 90
2
 70
0
 10
1162.5
 20
-362.5
 10
1162.5
 20
-362.5
  0
LWPOLYLINE
  5
12F
330
17
100
AcDbEntity
  8
B12
100
AcDbPolyline
 90
2
 70
0
 10
1162.5
 20
362.5
 10
1162.5
 20
362.5
  0
LWPOLYLINE
  5
130
330
17
100
AcDbEntity
  8
B12
100
AcDbPolyline
 90
2
 70
0
 10
1197.5
 20
-362.5
 10
1197.5
 20
362.5
  0
LWPOLYLINE
  5
131
330
17
100
AcDbEntity
  8
B12
100
AcDbPolyline
 90
2
 70
0
 10
1162.5
 20
-362.5
 10
1197.5
 20
-362.5
  0
LWPOLYLINE
  5
132
330
17
100
AcDbEntity
  8
B12
100
AcDbPolyline
 90
2
 70
0
 10
1197.5
 20
362.5
 10
1162.5
 20
362.5
  0
LWPOLYLINE
  5
133
330
17
100
AcDbEntity
  8
B12
100
AcDbPolyline
 90
2
 70
0
 10
1197.5
 20
-362.5
 10
1197.5
 20
362.5
  0
LWPOLYLINE
  5
134
330
17
100
AcDbEntity
  8
B12
100
AcDbPolyline
 90
2
 70
0
 10
1197.5
 20
-362.5
 10
1197.5
 20
-362.5
  0
LWPOLYLINE
  5
135
330
17
100
AcDbEntity
  8
B12
100
AcDbPolyline
 90
2
 70
0
 10
1197.5
 20
362.5
 10
1197.5
 20
362.5
  0
LWPOLYLINE
  5
136
330
17
100
AcDbEntity
  8
B12
100
AcDbPolyline
 90
2
 70
0
 10
1197.5
 20
-362.5
 10
1162.5
 20
-362.5
  0
LWPOLYLINE
  5
137
330
17
100
AcDbEntity
  8
B12
100
AcDbPolyline
 90
2
 70
0
 10
1162.5
 20
362.5
 10
1197.5
 20
362.5
  0
LWPOLYLINE
  5
138
330
17
100
AcDbEntity
  8
B12
100
AcDbPolyline
 90
2
 70
0
 10
1195.5
 20
-362.5
 10
1195.5
 20
362.5
  0
LWPOLYLINE
  5
139
330
17
100
AcDbEntity
  8
B12
100
AcDbPolyline
 90
2
 70
0
 10
1164.5
 20
362.5
 10
1164.5
 20
-362.5
  0
LWPOLYLINE
  5
13A
330
17
100
AcDbEntity
  8
B12
100
AcDbPolyline
 90
2
 70
0
 10
1164.5
 20
-362.5
 10
1195.5
 20
-362.5
  0
LWPOLYLINE
  5
13B
330
17
100
AcDbEntity
  8
B12
100
AcDbPolyline
 90
2
 70
0
 10
1195.5
 20
362.5
 10
1164.5
 20
362.5
  0
LWPOLYLINE
  5
13C
330
17
100
AcDbEntity
  8
B12
100
AcDbPolyline
 90
2
 70
0
 10
1195.5
 20
-362.5
 10
1195.5
 20
362.5
  0
LWPOLYLINE
  5
13D
330
17
100
AcDbEntity
  8
B12
100
AcDbPolyline
 90
2
 70
0
 10
1195.5
 20
-362.5
 10
1195.5
 20
-362.5
  0
LWPOLYLINE
  5
13E
330
17
100
AcDbEntity
  8
B12
100
AcDbPolyline
 90
2
 70
0
 10
1195.5
 20
362.5
 10
1195.5
 20
362.5
  0
LWPOLYLINE
  5
13F
330
17
100
AcDbEntity
  8
B12
100
AcDbPolyline
 90
2
 70
0
 10
1164.5
 20
-362.5
 10
1164.5
 20
362.5
  0
LWPOLYLINE
  5
140
330
17
100
AcDbEntity
  8
B12
100
AcDbPolyline
 90
2
 70
0
 10
1195.5
 20
-362.5
 10
1164.5
 20
-362.5
  0
LWPOLYLINE
  5
141
330
17
100
AcDbEntity
  8
B12
100
AcDbPolyline
 90
2
 70
0
 10
1164.5
 20
362.5
 10
1195.5
 20
362.5
  0
LWPOLYLINE
  5
142
330
17
100
AcDbEntity
  8
B12
100
AcDbPolyline
 90
2
 70
0
 10
1164.5
 20
-362.5
 10
1164.5
 20
-362.5
  0
LWPOLYLINE
  5
143
330
17
100
AcDbEntity
  8
B12
100
AcDbPolyline
 90
2
 70
0
 10
1164.5
 20
362.5
 10
1164.5
 20
362.5
  0
LWPOLYLINE
  5
145
330
17
100
AcDbEntity
  8
B220
100
AcDbPolyline
 90
2
 70
0
 10
1162.5
 20
-397.5
 10
1162.5
 20
-397.5
  0
LWPOLYLINE
  5
146
330
17
100
AcDbEntity
  8
B220
100
AcDbPolyline
 90
2
 70
0
 10
1197.5
 20
-397.5
 10
1197.5
 20
-397.5
  0
LWPOLYLINE
  5
147
330
17
100
AcDbEntity
  8
B220
100
AcDbPolyline
 90
2
 70
0
 10
1162.5
 20
-397.5
 10
1197.5
 20
-397.5
  0
LWPOLYLINE
  5
148
330
17
100
AcDbEntity
  8
B220
100
AcDbPolyline
 90
2
 70
0
 10
1197.5
 20
-397.5
 10
1162.5
 20
-397.5
  0
LWPOLYLINE
  5
149
330
17
100
AcDbEntity
  8
B220
100
AcDbPolyline
 90
2
 70
0
 10
1197.5
 20
-362.5
 10
1197.5
 20
-362.5
  0
LWPOLYLINE
  5
14A
330
17
100
AcDbEntity
  8
B220
100
AcDbPolyline
 90
2
 70
0
 10
1197.5
 20
-397.5
 10
1197.5
 20
-362.5
  0
LWPOLYLINE
  5
14B
330
17
100
AcDbEntity
  8
B220
100
AcDbPolyline
 90
2
 70
0
 10
1197.5
 20
-362.5
 10
1197.5
 20
-397.5
  0
LWPOLYLINE
  5
14C
330
17
100
AcDbEntity
  8
B220
100
AcDbPolyline
 90
2
 70
0
 10
1162.5
 20
-362.5
 10
1162.5
 20
-362.5
  0
LWPOLYLINE
  5
14D
330
17
100
AcDbEntity
  8
B220
100
AcDbPolyline
 90
2
 70
0
 10
1197.5
 20
-362.5
 10
1162.5
 20
-362.5
  0
LWPOLYLINE
  5
14E
330
17
100
AcDbEntity
  8
B220
100
AcDbPolyline
 90
2
 70
0
 10
1162.5
 20
-362.5
 10
1197.5
 20
-362.5
  0
LWPOLYLINE
  5
14F
330
17
100
AcDbEntity
  8
B220
100
AcDbPolyline
 90
2
 70
0
 10
1162.5
 20
-362.5
 10
1162.5
 20
-397.5
  0
LWPOLYLINE
  5
150
330
17
100
AcDbEntity
  8
B220
100
AcDbPolyline
 90
2
 70
0
 10
1162.5
 20
-397.5
 10
1162.5
 20
-362.5
  0
LWPOLYLINE
  5
151
330
17
100
AcDbEntity
  8
B220
100
AcDbPolyline
 90
2
 70
0
 10
1164.5
 20
-364.5
 10
1164.5
 20
-364.5
  0
LWPOLYLINE
  5
152
330
17
100
AcDbEntity
  8
B220
100
AcDbPolyline
 90
2
 70
0
 10
1164.5
 20
-395.5
 10
1164.5
 20
-395.5
  0
LWPOLYLINE
  5
153
330
17
100
AcDbEntity
  8
B220
100
AcDbPolyline
 90
2
 70
0
 10
1164.5
 20
-395.5
 10
1164.5
 20
-364.5
  0
LWPOLYLINE
  5
154
330
17
100
AcDbEntity
  8
B220
100
AcDbPolyline
 90
2
 70
0
 10
1164.5
 20
-364.5
 10
1164.5
 20
-395.5
  0
LWPOLYLINE
  5
155
330
17
100
AcDbEntity
  8
B220
100
AcDbPolyline
 90
2
 70
0
 10
1195.5
 20
-364.5
 10
1195.5
 20
-364.5
  0
LWPOLYLINE
  5
156
330
17
100
AcDbEntity
  8
B220
100
AcDbPolyline
 90
2
 70
0
 10
1164.5
 20
-364.5
 10
1195.5
 20
-364.5
  0
LWPOLYLINE
  5
157
330
17
100
AcDbEntity
  8
B220
100
AcDbPolyline
 90
2
 70
0
 10
1195.5
 20
-364.5
 10
1164.5
 20
-364.5
  0
LWPOLYLINE
  5
158
330
17
100
AcDbEntity
  8
B220
100
AcDbPolyline
 90
2
 70
0
 10
1195.5
 20
-395.5
 10
1195.5
 20
-395.5
  0
LWPOLYLINE
  5
159
330
17
100
AcDbEntity
  8
B220
100
AcDbPolyline
 90
2
 70
0
 10
1195.5
 20
-364.5
 10
1195.5
 20
-395.5
  0
LWPOLYLINE
  5
15A
330
17
100
AcDbEntity
  8
B220
100
AcDbPolyline
 90
2
 70
0
 10
1195.5
 20
-395.5
 10
1195.5
 20
-364.5
  0
LWPOLYLINE
  5
15B
330
17
100
AcDbEntity
  8
B220
100
AcDbPolyline
 90
2
 70
0
 10
1195.5
 20
-395.5
 10
1164.5
 20
-395.5
  0
LWPOLYLINE
  5
15C
330
17
100
AcDbEntity
  8
B220
100
AcDbPolyline
 90
2
 70
0
 10
1164.5
 20
-395.5
 10
1195.5
 20
-395.5
  0
LWPOLYLINE
  5
15E
330
17
100
AcDbEntity
  8
B320
100
AcDbPolyline
 90
2
 70
0
 10
1135.0
 20
-425.0
 10
1135.0
 20
-425.0
  0
LWPOLYLINE
  5
15F
330
17
100
AcDbEntity
  8
B320
100
AcDbPolyline
 90
2
 70
0
 10
1135.0
 20
-425.0
 10
1135.0
 20
-335.0
  0
LWPOLYLINE
  5
160
330
17
100
AcDbEntity
  8
B320
100
AcDbPolyline
 90
2
 70
0
 10
1135.0
 20
-335.0
 10
1135.0
 20
-335.0
  0
LWPOLYLINE
  5
161
330
17
100
AcDbEntity
  8
B320
100
AcDbPolyline
 90
2
 70
0
 10
1135.0
 20
-335.0
 10
1135.0
 20
-425.0
  0
LWPOLYLINE
  5
162
330
17
100
AcDbEntity
  8
B320
100
AcDbPolyline
 90
2
 70
0
 10
1225.0
 20
-425.0
 10
1225.0
 20
-425.0
  0
LWPOLYLINE
  5
163
330
17
100
AcDbEntity
  8
B320
100
AcDbPolyline
 90
2
 70
0
 10
1225.0
 20
-335.0
 10
1225.0
 20
-425.0
  0
LWPOLYLINE
  5
164
330
17
100
AcDbEntity
  8
B320
100
AcDbPolyline
 90
2
 70
0
 10
1225.0
 20
-335.0
 10
1225.0
 20
-335.0
  0
LWPOLYLINE
  5
165
330
17
100
AcDbEntity
  8
B320
100
AcDbPolyline
 90
2
 70
0
 10
1225.0
 20
-425.0
 10
1225.0
 20
-335.0
  0
LWPOLYLINE
  5
166
330
17
100
AcDbEntity
  8
B320
100
AcDbPolyline
 90
2
 70
0
 10
1135.0
 20
-425.0
 10
1225.0
 20
-425.0
  0
LWPOLYLINE
  5
167
330
17
100
AcDbEntity
  8
B320
100
AcDbPolyline
 90
2
 70
0
 10
1225.0
 20
-425.0
 10
1135.0
 20
-425.0
  0
LWPOLYLINE
  5
168
330
17
100
AcDbEntity
  8
B320
100
AcDbPolyline
 90
2
 70
0
 10
1225.0
 20
-335.0
 10
1135.0
 20
-335.0
  0
LWPOLYLINE
  5
169
330
17
100
AcDbEntity
  8
B320
100
AcDbPolyline
 90
2
 70
0
 10
1135.0
 20
-335.0
 10
1225.0
 20
-335.0
  0
LWPOLYLINE
  5
16B
330
17
100
AcDbEntity
  8
B221
100
AcDbPolyline
 90
2
 70
0
 10
1162.5
 20
362.5
 10
1162.5
 20
362.5
  0
LWPOLYLINE
  5
16C
330
17
100
AcDbEntity
  8
B221
100
AcDbPolyline
 90
2
 70
0
 10
1197.5
 20
362.5
 10
1197.5
 20
362.5
  0
LWPOLYLINE
  5
16D
330
17
100
AcDbEntity
  8
B221
100
AcDbPolyline
 90
2
 70
0
 10
1162.5
 20
362.5
 10
1197.5
 20
362.5
  0
LWPOLYLINE
  5
16E
330
17
100
AcDbEntity
  8
B221
100
AcDbPolyline
 90
2
 70
0
 10
1197.5
 20
362.5
 10
1162.5
 20
362.5
  0
LWPOLYLINE
  5
16F
330
17
100
AcDbEntity
  8
B221
100
AcDbPolyline
 90
2
 70
0
 10
1197.5
 20
397.5
 10
1197.5
 20
397.5
  0
LWPOLYLINE
  5
170
330
17
100
AcDbEntity
  8
B221
100
AcDbPolyline
 90
2
 70
0
 10
1197.5
 20
362.5
 10
1197.5
 20
397.5
  0
LWPOLYLINE
  5
171
330
17
100
AcDbEntity
  8
B221
100
AcDbPolyline
 90
2
 70
0
 10
1197.5
 20
397.5
 10
1197.5
 20
362.5
  0
LWPOLYLINE
  5
172
330
17
100
AcDbEntity
  8
B221
100
AcDbPolyline
 90
2
 70
0
 10
1162.5
 20
397.5
 10
1162.5
 20
397.5
  0
LWPOLYLINE
  5
173
330
17
100
AcDbEntity
  8
B221
100
AcDbPolyline
 90
2
 70
0
 10
1197.5
 20
397.5
 10
1162.5
 20
397.5
  0
LWPOLYLINE
  5
174
330
17
100
AcDbEntity
  8
B221
100
AcDbPolyline
 90
2
 70
0
 10
1162.5
 20
397.5
 10
1197.5
 20
397.5
  0
LWPOLYLINE
  5
175
330
17
100
AcDbEntity
  8
B221
100
AcDbPolyline
 90
2
 70
0
 10
1162.5
 20
397.5
 10
1162.5
 20
362.5
  0
LWPOLYLINE
  5
176
330
17
100
AcDbEntity
  8
B221
100
AcDbPolyline
 90
2
 70
0
 10
1162.5
 20
362.5
 10
1162.5
 20
397.5
  0
LWPOLYLINE
  5
177
330
17
100
AcDbEntity
  8
B221
100
AcDbPolyline
 90
2
 70
0
 10
1164.5
 20
395.5
 10
1164.5
 20
395.5
  0
LWPOLYLINE
  5
178
330
17
100
AcDbEntity
  8
B221
100
AcDbPolyline
 90
2
 70
0
 10
1164.5
 20
364.5
 10
1164.5
 20
364.5
  0
LWPOLYLINE
  5
179
330
17
100
AcDbEntity
  8
B221
100
AcDbPolyline
 90
2
 70
0
 10
1164.5
 20
364.5
 10
1164.5
 20
395.5
  0
LWPOLYLINE
  5
17A
330
17
100
AcDbEntity
  8
B221
100
AcDbPolyline
 90
2
 70
0
 10
1164.5
 20
395.5
 10
1164.5
 20
364.5
  0
LWPOLYLINE
  5
17B
330
17
100
AcDbEntity
  8
B221
100
AcDbPolyline
 90
2
 70
0
 10
1195.5
 20
395.5
 10
1195.5
 20
395.5
  0
LWPOLYLINE
  5
17C
330
17
100
AcDbEntity
  8
B221
100
AcDbPolyline
 90
2
 70
0
 10
1164.5
 20
395.5
 10
1195.5
 20
395.5
  0
LWPOLYLINE
  5
17D
330
17
100
AcDbEntity
  8
B221
100
AcDbPolyline
 90
2
 70
0
 10
1195.5
 20
395.5
 10
1164.5
 20
395.5
  0
LWPOLYLINE
  5
17E
330
17
100
AcDbEntity
  8
B221
100
AcDbPolyline
 90
2
 70
0
 10
1195.5
 20
364.5
 10
1195.5
 20
364.5
  0
LWPOLYLINE
  5
17F
330
17
100
AcDbEntity
  8
B221
100
AcDbPolyline
 90
2
 70
0
 10
1195.5
 20
395.5
 10
1195.5
 20
364.5
  0
LWPOLYLINE
  5
180
330
17
100
AcDbEntity
  8
B221
100
AcDbPolyline
 90
2
 70
0
 10
1195.5
 20
364.5
 10
1195.5
 20
395.5
  0
LWPOLYLINE
  5
181
330
17
100
AcDbEntity
  8
B221
100
AcDbPolyline
 90
2
 70
0
 10
1195.5
 20
364.5
 10
1164.5
 20
364.5
  0
LWPOLYLINE
  5
182
330
17
100
AcDbEntity
  8
B221
100
AcDbPolyline
 90
2
 70
0
 10
1164.5
 20
364.5
 10
1195.5
 20
364.5
  0
LWPOLYLINE
  5
184
330
17
100
AcDbEntity
  8
B321
100
AcDbPolyline
 90
2
 70
0
 10
1135.0
 20
335.0
 10
1135.0
 20
335.0
  0
LWPOLYLINE
  5
185
330
17
100
AcDbEntity
  8
B321
100
AcDbPolyline
 90
2
 70
0
 10
1135.0
 20
335.0
 10
1135.0
 20
425.0
  0
LWPOLYLINE
  5
186
330
17
100
AcDbEntity
  8
B321
100
AcDbPolyline
 90
2
 70
0
 10
1135.0
 20
425.0
 10
1135.0
 20
425.0
  0
LWPOLYLINE
  5
187
330
17
100
AcDbEntity
  8
B321
100
AcDbPolyline
 90
2
 70
0
 10
1135.0
 20
425.0
 10
1135.0
 20
335.0
  0
LWPOLYLINE
  5
188
330
17
100
AcDbEntity
  8
B321
100
AcDbPolyline
 90
2
 70
0
 10
1225.0
 20
335.0
 10
1225.0
 20
335.0
  0
LWPOLYLINE
  5
189
330
17
100
AcDbEntity
  8
B321
100
AcDbPolyline
 90
2
 70
0
 10
1225.0
 20
425.0
 10
1225.0
 20
335.0
  0
LWPOLYLINE
  5
18A
330
17
100
AcDbEntity
  8
B321
100
AcDbPolyline
 90
2
 70
0
 10
1225.0
 20
425.0
 10
1225.0
 20
425.0
  0
LWPOLYLINE
  5
18B
330
17
100
AcDbEntity
  8
B321
100
AcDbPolyline
 90
2
 70
0
 10
1225.0
 20
335.0
 10
1225.0
 20
425.0
  0
LWPOLYLINE
  5
18C
330
17
100
AcDbEntity
  8
B321
100
AcDbPolyline
 90
2
 70
0
 10
1135.0
 20
335.0
 10
1225.0
 20
335.0
  0
LWPOLYLINE
  5
18D
330
17
100
AcDbEntity
  8
B321
100
AcDbPolyline
 90
2
 70
0
 10
1225.0
 20
335.0
 10
1135.0
 20
335.0
  0
LWPOLYLINE
  5
18E
330
17
100
AcDbEntity
  8
B321
100
AcDbPolyline
 90
2
 70
0
 10
1225.0
 20
425.0
 10
1135.0
 20
425.0
  0
LWPOLYLINE
  5
18F
330
17
100
AcDbEntity
  8
B321
100
AcDbPolyline
 90
2
 70
0
 10
1135.0
 20
425.0
 10
1225.0
 20
425.0
  0
LWPOLYLINE
  5
191
330
17
100
AcDbEntity
  8
B60
100
AcDbPolyline
 90
2
 70
0
 10
-537.5
 20
362.5
 10
-537.5
 20
-362.5
  0
LWPOLYLINE
  5
192
330
17
100
AcDbEntity
  8
B60
100
AcDbPolyline
 90
2
 70
0
 10
-537.5
 20
-362.5
 10
-537.5
 20
362.5
  0
LWPOLYLINE
  5
193
330
17
100
AcDbEntity
  8
B60
100
AcDbPolyline
 90
2
 70
0
 10
-537.5
 20
-362.5
 10
-537.5
 20
-362.5
  0
LWPOLYLINE
  5
194
330
17
100
AcDbEntity
  8
B60
100
AcDbPolyline
 90
2
 70
0
 10
-537.5
 20
362.5
 10
-537.5
 20
362.5
  0
LWPOLYLINE
  5
195
330
17
100
AcDbEntity
  8
B60
100
AcDbPolyline
 90
2
 70
0
 10
-502.5
 20
-362.5
 10
-502.5
 20
362.5
  0
LWPOLYLINE
  5
196
330
17
100
AcDbEntity
  8
B60
100
AcDbPolyline
 90
2
 70
0
 10
-537.5
 20
-362.5
 10
-502.5
 20
-362.5
  0
LWPOLYLINE
  5
197
330
17
100
AcDbEntity
  8
B60
100
AcDbPolyline
 90
2
 70
0
 10
-502.5
 20
362.5
 10
-537.5
 20
362.5
  0
LWPOLYLINE
  5
198
330
17
100
AcDbEntity
  8
B60
100
AcDbPolyline
 90
2
 70
0
 10
-502.5
 20
-362.5
 10
-502.5
 20
362.5
  0
LWPOLYLINE
  5
199
330
17
100
AcDbEntity
  8
B60
100
AcDbPolyline
 90
2
 70
0
 10
-502.5
 20
-362.5
 10
-502.5
 20
-362.5
  0
LWPOLYLINE
  5
19A
330
17
100
AcDbEntity
  8
B60
100
AcDbPolyline
 90
2
 70
0
 10
-502.5
 20
362.5
 10
-502.5
 20
362.5
  0
LWPOLYLINE
  5
19B
330
17
100
AcDbEntity
  8
B60
100
AcDbPolyline
 90
2
 70
0
 10
-502.5
 20
-362.5
 10
-537.5
 20
-362.5
  0
LWPOLYLINE
  5
19C
330
17
100
AcDbEntity
  8
B60
100
AcDbPolyline
 90
2
 70
0
 10
-537.5
 20
362.5
 10
-502.5
 20
362.5
  0
LWPOLYLINE
  5
19D
330
17
100
AcDbEntity
  8
B60
100
AcDbPolyline
 90
2
 70
0
 10
-504.5
 20
-362.5
 10
-504.5
 20
362.5
  0
LWPOLYLINE
  5
19E
330
17
100
AcDbEntity
  8
B60
100
AcDbPolyline
 90
2
 70
0
 10
-535.5
 20
362.5
 10
-535.5
 20
-362.5
  0
LWPOLYLINE
  5
19F
330
17
100
AcDbEntity
  8
B60
100
AcDbPolyline
 90
2
 70
0
 10
-535.5
 20
-362.5
 10
-504.5
 20
-362.5
  0
LWPOLYLINE
  5
1A0
330
17
100
AcDbEntity
  8
B60
100
AcDbPolyline
 90
2
 70
0
 10
-504.5
 20
362.5
 10
-535.5
 20
362.5
  0
LWPOLYLINE
  5
1A1
330
17
100
AcDbEntity
  8
B60
100
AcDbPolyline
 90
2
 70
0
 10
-504.5
 20
-362.5
 10
-504.5
 20
362.5
  0
LWPOLYLINE
  5
1A2
330
17
100
AcDbEntity
  8
B60
100
AcDbPolyline
 90
2
 70
0
 10
-504.5
 20
-362.5
 10
-504.5
 20
-362.5
  0
LWPOLYLINE
  5
1A3
330
17
100
AcDbEntity
  8
B60
100
AcDbPolyline
 90
2
 70
0
 10
-504.5
 20
362.5
 10
-504.5
 20
362.5
  0
LWPOLYLINE
  5
1A4
330
17
100
AcDbEntity
  8
B60
100
AcDbPolyline
 90
2
 70
0
 10
-535.5
 20
-362.5
 10
-535.5
 20
362.5
  0
LWPOLYLINE
  5
1A5
330
17
100
AcDbEntity
  8
B60
100
AcDbPolyline
 90
2
 70
0
 10
-504.5
 20
-362.5
 10
-535.5
 20
-362.5
  0
LWPOLYLINE
  5
1A6
330
17
100
AcDbEntity
  8
B60
100
AcDbPolyline
 90
2
 70
0
 10
-535.5
 20
362.5
 10
-504.5
 20
362.5
  0
LWPOLYLINE
  5
1A7
330
17
100
AcDbEntity
  8
B60
100
AcDbPolyline
 90
2
 70
0
 10
-535.5
 20
-362.5
 10
-535.5
 20
-362.5
  0
LWPOLYLINE
  5
1A8
330
17
100
AcDbEntity
  8
B60
100
AcDbPolyline
 90
2
 70
0
 10
-535.5
 20
362.5
 10
-535.5
 20
362.5
  0
LWPOLYLINE
  5
1AA
330
17
100
AcDbEntity
  8
B61
100
AcDbPolyline
 90
2
 70
0
 10
2.5
 20
362.5
 10
2.5
 20
-362.5
  0
LWPOLYLINE
  5
1AB
330
17
100
AcDbEntity
  8
B61
100
AcDbPolyline
 90
2
 70
0
 10
2.5
 20
-362.5
 10
2.5
 20
362.5
  0
LWPOLYLINE
  5
1AC
330
17
100
AcDbEntity
  8
B61
100
AcDbPolyline
 90
2
 70
0
 10
2.5
 20
-362.5
 10
2.5
 20
-362.5
  0
LWPOLYLINE
  5
1AD
330
17
100
AcDbEntity
  8
B61
100
AcDbPolyline
 90
2
 70
0
 10
2.5
 20
362.5
 10
2.5
 20
362.5
  0
LWPOLYLINE
  5
1AE
330
17
100
AcDbEntity
  8
B61
100
AcDbPolyline
 90
2
 70
0
 10
37.5
 20
-362.5
 10
37.5
 20
362.5
  0
LWPOLYLINE
  5
1AF
330
17
100
AcDbEntity
  8
B61
100
AcDbPolyline
 90
2
 70
0
 10
2.5
 20
-362.5
 10
37.5
 20
-362.5
  0
LWPOLYLINE
  5
1B0
330
17
100
AcDbEntity
  8
B61
100
AcDbPolyline
 90
2
 70
0
 10
37.5
 20
362.5
 10
2.5
 20
362.5
  0
LWPOLYLINE
  5
1B1
330
17
100
AcDbEntity
  8
B61
100
AcDbPolyline
 90
2
 70
0
 10
37.5
 20
-362.5
 10
37.5
 20
362.5
  0
LWPOLYLINE
  5
1B2
330
17
100
AcDbEntity
  8
B61
100
AcDbPolyline
 90
2
 70
0
 10
37.5
 20
-362.5
 10
37.5
 20
-362.5
  0
LWPOLYLINE
  5
1B3
330
17
100
AcDbEntity
  8
B61
100
AcDbPolyline
 90
2
 70
0
 10
37.5
 20
362.5
 10
37.5
 20
362.5
  0
LWPOLYLINE
  5
1B4
330
17
100
AcDbEntity
  8
B61
100
AcDbPolyline
 90
2
 70
0
 10
37.5
 20
-362.5
 10
2.5
 20
-362.5
  0
LWPOLYLINE
  5
1B5
330
17
100
AcDbEntity
  8
B61
100
AcDbPolyline
 90
2
 70
0
 10
2.5
 20
362.5
 10
37.5
 20
362.5
  0
LWPOLYLINE
  5
1B6
330
17
100
AcDbEntity
  8
B61
100
AcDbPolyline
 90
2
 70
0
 10
35.5
 20
-362.5
 10
35.5
 20
362.5
  0
LWPOLYLINE
  5
1B7
330
17
100
AcDbEntity
  8
B61
100
AcDbPolyline
 90
2
 70
0
 10
4.5
 20
362.5
 10
4.5
 20
-362.5
  0
LWPOLYLINE
  5
1B8
330
17
100
AcDbEntity
  8
B61
100
AcDbPolyline
 90
2
 70
0
 10
4.5
 20
-362.5
 10
35.5
 20
-362.5
  0
LWPOLYLINE
  5
1B9
330
17
100
AcDbEntity
  8
B61
100
AcDbPolyline
 90
2
 70
0
 10
35.5
 20
362.5
 10
4.5
 20
362.5
  0
LWPOLYLINE
  5
1BA
330
17
100
AcDbEntity
  8
B61
100
AcDbPolyline
 90
2
 70
0
 10
35.5
 20
-362.5
 10
35.5
 20
362.5
  0
LWPOLYLINE
  5
1BB
330
17
100
AcDbEntity
  8
B61
100
AcDbPolyline
 90
2
 70
0
 10
35.5
 20
-362.5
 10
35.5
 20
-362.5
  0
LWPOLYLINE
  5
1BC
330
17
100
AcDbEntity
  8
B61
100
AcDbPolyline
 90
2
 70
0
 10
35.5
 20
362.5
 10
35.5
 20
362.5
  0
LWPOLYLINE
  5
1BD
330
17
100
AcDbEntity
  8
B61
100
AcDbPolyline
 90
2
 70
0
 10
4.5
 20
-362.5
 10
4.5
 20
362.5
  0
LWPOLYLINE
  5
1BE
330
17
100
AcDbEntity
  8
B61
100
AcDbPolyline
 90
2
 70
0
 10
35.5
 20
-362.5
 10
4.5
 20
-362.5
  0
LWPOLYLINE
  5
1BF
330
17
100
AcDbEntity
  8
B61
100
AcDbPolyline
 90
2
 70
0
 10
4.5
 20
362.5
 10
35.5
 20
362.5
  0
LWPOLYLINE
  5
1C0
330
17
100
AcDbEntity
  8
B61
100
AcDbPolyline
 90
2
 70
0
 10
4.5
 20
-362.5
 10
4.5
 20
-362.5
  0
LWPOLYLINE
  5
1C1
330
17
100
AcDbEntity
  8
B61
100
AcDbPolyline
 90
2
 70
0
 10
4.5
 20
362.5
 10
4.5
 20
362.5
  0
LWPOLYLINE
  5
1C3
330
17
100
AcDbEntity
  8
B62
100
AcDbPolyline
 90
2
 70
0
 10
512.5
 20
362.5
 10
512.5
 20
-362.5
  0
LWPOLYLINE
  5
1C4
330
17
100
AcDbEntity
  8
B62
100
AcDbPolyline
 90
2
 70
0
 10
512.5
 20
-362.5
 10
512.5
 20
362.5
  0
LWPOLYLINE
  5
1C5
330
17
100
AcDbEntity
  8
B62
100
AcDbPolyline
 90
2
 70
0
 10
512.5
 20
-362.5
 10
512.5
 20
-362.5
  0
LWPOLYLINE
  5
1C6
330
17
100
AcDbEntity
  8
B62
100
AcDbPolyline
 90
2
 70
0
 10
512.5
 20
362.5
 10
512.5
 20
362.5
  0
LWPOLYLINE
  5
1C7
330
17
100
AcDbEntity
  8
B62
100
AcDbPolyline
 90
2
 70
0
 10
547.5
 20
-362.5
 10
547.5
 20
362.5
  0
LWPOLYLINE
  5
1C8
330
17
100
AcDbEntity
  8
B62
100
AcDbPolyline
 90
2
 70
0
 10
512.5
 20
-362.5
 10
547.5
 20
-362.5
  0
LWPOLYLINE
  5
1C9
330
17
100
AcDbEntity
  8
B62
100
AcDbPolyline
 90
2
 70
0
 10
547.5
 20
362.5
 10
512.5
 20
362.5
  0
LWPOLYLINE
  5
1CA
330
17
100
AcDbEntity
  8
B62
100
AcDbPolyline
 90
2
 70
0
 10
547.5
 20
-362.5
 10
547.5
 20
362.5
  0
LWPOLYLINE
  5
1CB
330
17
100
AcDbEntity
  8
B62
100
AcDbPolyline
 90
2
 70
0
 10
547.5
 20
-362.5
 10
547.5
 20
-362.5
  0
LWPOLYLINE
  5
1CC
330
17
100
AcDbEntity
  8
B62
100
AcDbPolyline
 90
2
 70
0
 10
547.5
 20
362.5
 10
547.5
 20
362.5
  0
LWPOLYLINE
  5
1CD
330
17
100
AcDbEntity
  8
B62
100
AcDbPolyline
 90
2
 70
0
 10
547.5
 20
-362.5
 10
512.5
 20
-362.5
  0
LWPOLYLINE
  5
1CE
330
17
100
AcDbEntity
  8
B62
100
AcDbPolyline
 90
2
 70
0
 10
512.5
 20
362.5
 10
547.5
 20
362.5
  0
LWPOLYLINE
  5
1CF
330
17
100
AcDbEntity
  8
B62
100
AcDbPolyline
 90
2
 70
0
 10
545.5
 20
-362.5
 10
545.5
 20
362.5
  0
LWPOLYLINE
  5
1D0
330
17
100
AcDbEntity
  8
B62
100
AcDbPolyline
 90
2
 70
0
 10
514.5
 20
362.5
 10
514.5
 20
-362.5
  0
LWPOLYLINE
  5
1D1
330
17
100
AcDbEntity
  8
B62
100
AcDbPolyline
 90
2
 70
0
 10
514.5
 20
-362.5
 10
545.5
 20
-362.5
  0
LWPOLYLINE
  5
1D2
330
17
100
AcDbEntity
  8
B62
100
AcDbPolyline
 90
2
 70
0
 10
545.5
 20
362.5
 10
514.5
 20
362.5
  0
LWPOLYLINE
  5
1D3
330
17
100
AcDbEntity
  8
B62
100
AcDbPolyline
 90
2
 70
0
 10
545.5
 20
-362.5
 10
545.5
 20
362.5
  0
LWPOLYLINE
  5
1D4
330
17
100
AcDbEntity
  8
B62
100
AcDbPolyline
 90
2
 70
0
 10
545.5
 20
-362.5
 10
545.5
 20
-362.5
  0
LWPOLYLINE
  5
1D5
330
17
100
AcDbEntity
  8
B62
100
AcDbPolyline
 90
2
 70
0
 10
545.5
 20
362.5
 10
545.5
 20
362.5
  0
LWPOLYLINE
  5
1D6
330
17
100
AcDbEntity
  8
B62
100
AcDbPolyline
 90
2
 70
0
 10
514.5
 20
-362.5
 10
514.5
 20
362.5
  0
LWPOLYLINE
  5
1D7
330
17
100
AcDbEntity
  8
B62
100
AcDbPolyline
 90
2
 70
0
 10
545.5
 20
-362.5
 10
514.5
 20
-362.5
  0
LWPOLYLINE
  5
1D8
330
17
100
AcDbEntity
  8
B62
100
AcDbPolyline
 90
2
 70
0
 10
514.5
 20
362.5
 10
545.5
 20
362.5
  0
LWPOLYLINE
  5
1D9
330
17
100
AcDbEntity
  8
B62
100
AcDbPolyline
 90
2
 70
0
 10
514.5
 20
-362.5
 10
514.5
 20
-362.5
  0
LWPOLYLINE
  5
1DA
330
17
100
AcDbEntity
  8
B62
100
AcDbPolyline
 90
2
 70
0
 10
514.5
 20
362.5
 10
514.5
 20
362.5
  0
LWPOLYLINE
  5
1DC
330
17
100
AcDbEntity
  8
B63
100
AcDbPolyline
 90
2
 70
0
 10
782.5
 20
362.5
 10
782.5
 20
-362.5
  0
LWPOLYLINE
  5
1DD
330
17
100
AcDbEntity
  8
B63
100
AcDbPolyline
 90
2
 70
0
 10
782.5
 20
-362.5
 10
782.5
 20
362.5
  0
LWPOLYLINE
  5
1DE
330
17
100
AcDbEntity
  8
B63
100
AcDbPolyline
 90
2
 70
0
 10
782.5
 20
-362.5
 10
782.5
 20
-362.5
  0
LWPOLYLINE
  5
1DF
330
17
100
AcDbEntity
  8
B63
100
AcDbPolyline
 90
2
 70
0
 10
782.5
 20
362.5
 10
782.5
 20
362.5
  0
LWPOLYLINE
  5
1E0
330
17
100
AcDbEntity
  8
B63
100
AcDbPolyline
 90
2
 70
0
 10
817.5
 20
-362.5
 10
817.5
 20
362.5
  0
LWPOLYLINE
  5
1E1
330
17
100
AcDbEntity
  8
B63
100
AcDbPolyline
 90
2
 70
0
 10
782.5
 20
-362.5
 10
817.5
 20
-362.5
  0
LWPOLYLINE
  5
1E2
330
17
100
AcDbEntity
  8
B63
100
AcDbPolyline
 90
2
 70
0
 10
817.5
 20
362.5
 10
782.5
 20
362.5
  0
LWPOLYLINE
  5
1E3
330
17
100
AcDbEntity
  8
B63
100
AcDbPolyline
 90
2
 70
0
 10
817.5
 20
-362.5
 10
817.5
 20
362.5
  0
LWPOLYLINE
  5
1E4
330
17
100
AcDbEntity
  8
B63
100
AcDbPolyline
 90
2
 70
0
 10
817.5
 20
-362.5
 10
817.5
 20
-362.5
  0
LWPOLYLINE
  5
1E5
330
17
100
AcDbEntity
  8
B63
100
AcDbPolyline
 90
2
 70
0
 10
817.5
 20
362.5
 10
817.5
 20
362.5
  0
LWPOLYLINE
  5
1E6
330
17
100
AcDbEntity
  8
B63
100
AcDbPolyline
 90
2
 70
0
 10
817.5
 20
-362.5
 10
782.5
 20
-362.5
  0
LWPOLYLINE
  5
1E7
330
17
100
AcDbEntity
  8
B63
100
AcDbPolyline
 90
2
 70
0
 10
782.5
 20
362.5
 10
817.5
 20
362.5
  0
LWPOLYLINE
  5
1E8
330
17
100
AcDbEntity
  8
B63
100
AcDbPolyline
 90
2
 70
0
 10
815.5
 20
-362.5
 10
815.5
 20
362.5
  0
LWPOLYLINE
  5
1E9
330
17
100
AcDbEntity
  8
B63
100
AcDbPolyline
 90
2
 70
0
 10
784.5
 20
362.5
 10
784.5
 20
-362.5
  0
LWPOLYLINE
  5
1EA
330
17
100
AcDbEntity
  8
B63
100
AcDbPolyline
 90
2
 70
0
 10
784.5
 20
-362.5
 10
815.5
 20
-362.5
  0
LWPOLYLINE
  5
1EB
330
17
100
AcDbEntity
  8
B63
100
AcDbPolyline
 90
2
 70
0
 10
815.5
 20
362.5
 10
784.5
 20
362.5
  0
LWPOLYLINE
  5
1EC
330
17
100
AcDbEntity
  8
B63
100
AcDbPolyline
 90
2
 70
0
 10
815.5
 20
-362.5
 10
815.5
 20
362.5
  0
LWPOLYLINE
  5
1ED
330
17
100
AcDbEntity
  8
B63
100
AcDbPolyline
 90
2
 70
0
 10
815.5
 20
-362.5
 10
815.5
 20
-362.5
  0
LWPOLYLINE
  5
1EE
330
17
100
AcDbEntity
  8
B63
100
AcDbPolyline
 90
2
 70
0
 10
815.5
 20
362.5
 10
815.5
 20
362.5
  0
LWPOLYLINE
  5
1EF
330
17
100
AcDbEntity
  8
B63
100
AcDbPolyline
 90
2
 70
0
 10
784.5
 20
-362.5
 10
784.5
 20
362.5
  0
LWPOLYLINE
  5
1F0
330
17
100
AcDbEntity
  8
B63
100
AcDbPolyline
 90
2
 70
0
 10
815.5
 20
-362.5
 10
784.5
 20
-362.5
  0
LWPOLYLINE
  5
1F1
330
17
100
AcDbEntity
  8
B63
100
AcDbPolyline
 90
2
 70
0
 10
784.5
 20
362.5
 10
815.5
 20
362.5
  0
LWPOLYLINE
  5
1F2
330
17
100
AcDbEntity
  8
B63
100
AcDbPolyline
 90
2
 70
0
 10
784.5
 20
-362.5
 10
784.5
 20
-362.5
  0
LWPOLYLINE
  5
1F3
330
17
100
AcDbEntity
  8
B63
100
AcDbPolyline
 90
2
 70
0
 10
784.5
 20
362.5
 10
784.5
 20
362.5
  0
LWPOLYLINE
  5
1F5
330
17
100
AcDbEntity
  8
B64
100
AcDbPolyline
 90
2
 70
0
 10
1112.5
 20
362.5
 10
1112.5
 20
-362.5
  0
LWPOLYLINE
  5
1F6
330
17
100
AcDbEntity
  8
B64
100
AcDbPolyline
 90
2
 70
0
 10
1112.5
 20
-362.5
 10
1112.5
 20
362.5
  0
LWPOLYLINE
  5
1F7
330
17
100
AcDbEntity
  8
B64
100
AcDbPolyline
 90
2
 70
0
 10
1112.5
 20
-362.5
 10
1112.5
 20
-362.5
  0
LWPOLYLINE
  5
1F8
330
17
100
AcDbEntity
  8
B64
100
AcDbPolyline
 90
2
 70
0
 10
1112.5
 20
362.5
 10
1112.5
 20
362.5
  0
LWPOLYLINE
  5
1F9
330
17
100
AcDbEntity
  8
B64
100
AcDbPolyline
 90
2
 70
0
 10
1147.5
 20
-362.5
 10
1147.5
 20
362.5
  0
LWPOLYLINE
  5
1FA
330
17
100
AcDbEntity
  8
B64
100
AcDbPolyline
 90
2
 70
0
 10
1112.5
 20
-362.5
 10
1147.5
 20
-362.5
  0
LWPOLYLINE
  5
1FB
330
17
100
AcDbEntity
  8
B64
100
AcDbPolyline
 90
2
 70
0
 10
1147.5
 20
362.5
 10
1112.5
 20
362.5
  0
LWPOLYLINE
  5
1FC
330
17
100
AcDbEntity
  8
B64
100
AcDbPolyline
 90
2
 70
0
 10
1147.5
 20
-362.5
 10
1147.5
 20
362.5
  0
LWPOLYLINE
  5
1FD
330
17
100
AcDbEntity
  8
B64
100
AcDbPolyline
 90
2
 70
0
 10
1147.5
 20
-362.5
 10
1147.5
 20
-362.5
  0
LWPOLYLINE
  5
1FE
330
17
100
AcDbEntity
  8
B64
100
AcDbPolyline
 90
2
 70
0
 10
1147.5
 20
362.5
 10
1147.5
 20
362.5
  0
LWPOLYLINE
  5
1FF
330
17
100
AcDbEntity
  8
B64
100
AcDbPolyline
 90
2
 70
0
 10
1147.5
 20
-362.5
 10
1112.5
 20
-362.5
  0
LWPOLYLINE
  5
200
330
17
100
AcDbEntity
  8
B64
100
AcDbPolyline
 90
2
 70
0
 10
1112.5
 20
362.5
 10
1147.5
 20
362.5
  0
LWPOLYLINE
  5
201
330
17
100
AcDbEntity
  8
B64
100
AcDbPolyline
 90
2
 70
0
 10
1145.5
 20
-362.5
 10
1145.5
 20
362.5
  0
LWPOLYLINE
  5
202
330
17
100
AcDbEntity
  8
B64
100
AcDbPolyline
 90
2
 70
0
 10
1114.5
 20
362.5
 10
1114.5
 20
-362.5
  0
LWPOLYLINE
  5
203
330
17
100
AcDbEntity
  8
B64
100
AcDbPolyline
 90
2
 70
0
 10
1114.5
 20
-362.5
 10
1145.5
 20
-362.5
  0
LWPOLYLINE
  5
204
330
17
100
AcDbEntity
  8
B64
100
AcDbPolyline
 90
2
 70
0
 10
1145.5
 20
362.5
 10
1114.5
 20
362.5
  0
LWPOLYLINE
  5
205
330
17
100
AcDbEntity
  8
B64
100
AcDbPolyline
 90
2
 70
0
 10
1145.5
 20
-362.5
 10
1145.5
 20
362.5
  0
LWPOLYLINE
  5
206
330
17
100
AcDbEntity
  8
B64
100
AcDbPolyline
 90
2
 70
0
 10
1145.5
 20
-362.5
 10
1145.5
 20
-362.5
  0
LWPOLYLINE
  5
207
330
17
100
AcDbEntity
  8
B64
100
AcDbPolyline
 90
2
 70
0
 10
1145.5
 20
362.5
 10
1145.5
 20
362.5
  0
LWPOLYLINE
  5
208
330
17
100
AcDbEntity
  8
B64
100
AcDbPolyline
 90
2
 70
0
 10
1114.5
 20
-362.5
 10
1114.5
 20
362.5
  0
LWPOLYLINE
  5
209
330
17
100
AcDbEntity
  8
B64
100
AcDbPolyline
 90
2
 70
0
 10
1145.5
 20
-362.5
 10
1114.5
 20
-362.5
  0
LWPOLYLINE
  5
20A
330
17
100
AcDbEntity
  8
B64
100
AcDbPolyline
 90
2
 70
0
 10
1114.5
 20
362.5
 10
1145.5
 20
362.5
  0
LWPOLYLINE
  5
20B
330
17
100
AcDbEntity
  8
B64
100
AcDbPolyline
 90
2
 70
0
 10
1114.5
 20
-362.5
 10
1114.5
 20
-362.5
  0
LWPOLYLINE
  5
20C
330
17
100
AcDbEntity
  8
B64
100
AcDbPolyline
 90
2
 70
0
 10
1114.5
 20
362.5
 10
1114.5
 20
362.5
  0
LWPOLYLINE
  5
20E
330
17
100
AcDbEntity
  8
B400
100
AcDbPolyline
 90
2
 70
0
 10
2.5
 20
-357.5
 10
2.5
 20
-357.5
  0
LWPOLYLINE
  5
20F
330
17
100
AcDbEntity
  8
B400
100
AcDbPolyline
 90
2
 70
0
 10
37.5
 20
-357.5
 10
37.5
 20
-357.5
  0
LWPOLYLINE
  5
210
330
17
100
AcDbEntity
  8
B400
100
AcDbPolyline
 90
2
 70
0
 10
2.5
 20
-357.5
 10
37.5
 20
-357.5
  0
LWPOLYLINE
  5
211
330
17
100
AcDbEntity
  8
B400
100
AcDbPolyline
 90
2
 70
0
 10
37.5
 20
-357.5
 10
2.5
 20
-357.5
  0
LWPOLYLINE
  5
212
330
17
100
AcDbEntity
  8
B400
100
AcDbPolyline
 90
2
 70
0
 10
37.5
 20
-322.5
 10
37.5
 20
-322.5
  0
LWPOLYLINE
  5
213
330
17
100
AcDbEntity
  8
B400
100
AcDbPolyline
 90
2
 70
0
 10
37.5
 20
-357.5
 10
37.5
 20
-322.5
  0
LWPOLYLINE
  5
214
330
17
100
AcDbEntity
  8
B400
100
AcDbPolyline
 90
2
 70
0
 10
37.5
 20
-322.5
 10
37.5
 20
-357.5
  0
LWPOLYLINE
  5
215
330
17
100
AcDbEntity
  8
B400
100
AcDbPolyline
 90
2
 70
0
 10
2.5
 20
-322.5
 10
2.5
 20
-322.5
  0
LWPOLYLINE
  5
216
330
17
100
AcDbEntity
  8
B400
100
AcDbPolyline
 90
2
 70
0
 10
37.5
 20
-322.5
 10
2.5
 20
-322.5
  0
LWPOLYLINE
  5
217
330
17
100
AcDbEntity
  8
B400
100
AcDbPolyline
 90
2
 70
0
 10
2.5
 20
-322.5
 10
37.5
 20
-322.5
  0
LWPOLYLINE
  5
218
330
17
100
AcDbEntity
  8
B400
100
AcDbPolyline
 90
2
 70
0
 10
2.5
 20
-322.5
 10
2.5
 20
-357.5
  0
LWPOLYLINE
  5
219
330
17
100
AcDbEntity
  8
B400
100
AcDbPolyline
 90
2
 70
0
 10
2.5
 20
-357.5
 10
2.5
 20
-322.5
  0
LWPOLYLINE
  5
21A
330
17
100
AcDbEntity
  8
B400
100
AcDbPolyline
 90
2
 70
0
 10
4.5
 20
-324.5
 10
4.5
 20
-324.5
  0
LWPOLYLINE
  5
21B
330
17
100
AcDbEntity
  8
B400
100
AcDbPolyline
 90
2
 70
0
 10
4.5
 20
-355.5
 10
4.5
 20
-355.5
  0
LWPOLYLINE
  5
21C
330
17
100
AcDbEntity
  8
B400
100
AcDbPolyline
 90
2
 70
0
 10
4.5
 20
-355.5
 10
4.5
 20
-324.5
  0
LWPOLYLINE
  5
21D
330
17
100
AcDbEntity
  8
B400
100
AcDbPolyline
 90
2
 70
0
 10
4.5
 20
-324.5
 10
4.5
 20
-355.5
  0
LWPOLYLINE
  5
21E
330
17
100
AcDbEntity
  8
B400
100
AcDbPolyline
 90
2
 70
0
 10
35.5
 20
-324.5
 10
35.5
 20
-324.5
  0
LWPOLYLINE
  5
21F
330
17
100
AcDbEntity
  8
B400
100
AcDbPolyline
 90
2
 70
0
 10
4.5
 20
-324.5
 10
35.5
 20
-324.5
  0
LWPOLYLINE
  5
220
330
17
100
AcDbEntity
  8
B400
100
AcDbPolyline
 90
2
 70
0
 10
35.5
 20
-324.5
 10
4.5
 20
-324.5
  0
LWPOLYLINE
  5
221
330
17
100
AcDbEntity
  8
B400
100
AcDbPolyline
 90
2
 70
0
 10
35.5
 20
-355.5
 10
35.5
 20
-355.5
  0
LWPOLYLINE
  5
222
330
17
100
AcDbEntity
  8
B400
100
AcDbPolyline
 90
2
 70
0
 10
35.5
 20
-324.5
 10
35.5
 20
-355.5
  0
LWPOLYLINE
  5
223
330
17
100
AcDbEntity
  8
B400
100
AcDbPolyline
 90
2
 70
0
 10
35.5
 20
-355.5
 10
35.5
 20
-324.5
  0
LWPOLYLINE
  5
224
330
17
100
AcDbEntity
  8
B400
100
AcDbPolyline
 90
2
 70
0
 10
35.5
 20
-355.5
 10
4.5
 20
-355.5
  0
LWPOLYLINE
  5
225
330
17
100
AcDbEntity
  8
B400
100
AcDbPolyline
 90
2
 70
0
 10
4.5
 20
-355.5
 10
35.5
 20
-355.5
  0
LWPOLYLINE
  5
227
330
17
100
AcDbEntity
  8
B401
100
AcDbPolyline
 90
2
 70
0
 10
2.5
 20
322.5
 10
2.5
 20
322.5
  0
LWPOLYLINE
  5
228
330
17
100
AcDbEntity
  8
B401
100
AcDbPolyline
 90
2
 70
0
 10
37.5
 20
322.5
 10
37.5
 20
322.5
  0
LWPOLYLINE
  5
229
330
17
100
AcDbEntity
  8
B401
100
AcDbPolyline
 90
2
 70
0
 10
2.5
 20
322.5
 10
37.5
 20
322.5
  0
LWPOLYLINE
  5
22A
330
17
100
AcDbEntity
  8
B401
100
AcDbPolyline
 90
2
 70
0
 10
37.5
 20
322.5
 10
2.5
 20
322.5
  0
LWPOLYLINE
  5
22B
330
17
100
AcDbEntity
  8
B401
100
AcDbPolyline
 90
2
 70
0
 10
37.5
 20
357.5
 10
37.5
 20
357.5
  0
LWPOLYLINE
  5
22C
330
17
100
AcDbEntity
  8
B401
100
AcDbPolyline
 90
2
 70
0
 10
37.5
 20
322.5
 10
37.5
 20
357.5
  0
LWPOLYLINE
  5
22D
330
17
100
AcDbEntity
  8
B401
100
AcDbPolyline
 90
2
 70
0
 10
37.5
 20
357.5
 10
37.5
 20
322.5
  0
LWPOLYLINE
  5
22E
330
17
100
AcDbEntity
  8
B401
100
AcDbPolyline
 90
2
 70
0
 10
2.5
 20
357.5
 10
2.5
 20
357.5
  0
LWPOLYLINE
  5
22F
330
17
100
AcDbEntity
  8
B401
100
AcDbPolyline
 90
2
 70
0
 10
37.5
 20
357.5
 10
2.5
 20
357.5
  0
LWPOLYLINE
  5
230
330
17
100
AcDbEntity
  8
B401
100
AcDbPolyline
 90
2
 70
0
 10
2.5
 20
357.5
 10
37.5
 20
357.5
  0
LWPOLYLINE
  5
231
330
17
100
AcDbEntity
  8
B401
100
AcDbPolyline
 90
2
 70
0
 10
2.5
 20
357.5
 10
2.5
 20
322.5
  0
LWPOLYLINE
  5
232
330
17
100
AcDbEntity
  8
B401
100
AcDbPolyline
 90
2
 70
0
 10
2.5
 20
322.5
 10
2.5
 20
357.5
  0
LWPOLYLINE
  5
233
330
17
100
AcDbEntity
  8
B401
100
AcDbPolyline
 90
2
 70
0
 10
4.5
 20
355.5
 10
4.5
 20
355.5
  0
LWPOLYLINE
  5
234
330
17
100
AcDbEntity
  8
B401
100
AcDbPolyline
 90
2
 70
0
 10
4.5
 20
324.5
 10
4.5
 20
324.5
  0
LWPOLYLINE
  5
235
330
17
100
AcDbEntity
  8
B401
100
AcDbPolyline
 90
2
 70
0
 10
4.5
 20
324.5
 10
4.5
 20
355.5
  0
LWPOLYLINE
  5
236
330
17
100
AcDbEntity
  8
B401
100
AcDbPolyline
 90
2
 70
0
 10
4.5
 20
355.5
 10
4.5
 20
324.5
  0
LWPOLYLINE
  5
237
330
17
100
AcDbEntity
  8
B401
100
AcDbPolyline
 90
2
 70
0
 10
35.5
 20
355.5
 10
35.5
 20
355.5
  0
LWPOLYLINE
  5
238
330
17
100
AcDbEntity
  8
B401
100
AcDbPolyline
 90
2
 70
0
 10
4.5
 20
355.5
 10
35.5
 20
355.5
  0
LWPOLYLINE
  5
239
330
17
100
AcDbEntity
  8
B401
100
AcDbPolyline
 90
2
 70
0
 10
35.5
 20
355.5
 10
4.5
 20
355.5
  0
LWPOLYLINE
  5
23A
330
17
100
AcDbEntity
  8
B401
100
AcDbPolyline
 90
2
 70
0
 10
35.5
 20
324.5
 10
35.5
 20
324.5
  0
LWPOLYLINE
  5
23B
330
17
100
AcDbEntity
  8
B401
100
AcDbPolyline
 90
2
 70
0
 10
35.5
 20
355.5
 10
35.5
 20
324.5
  0
LWPOLYLINE
  5
23C
330
17
100
AcDbEntity
  8
B401
100
AcDbPolyline
 90
2
 70
0
 10
35.5
 20
324.5
 10
35.5
 20
355.5
  0
LWPOLYLINE
  5
23D
330
17
100
AcDbEntity
  8
B401
100
AcDbPolyline
 90
2
 70
0
 10
35.5
 20
324.5
 10
4.5
 20
324.5
  0
LWPOLYLINE
  5
23E
330
17
100
AcDbEntity
  8
B401
100
AcDbPolyline
 90
2
 70
0
 10
4.5
 20
324.5
 10
35.5
 20
324.5
  0
LWPOLYLINE
  5
240
330
17
100
AcDbEntity
  8
B50
100
AcDbPolyline
 90
2
 70
0
 10
2.5
 20
350.0
 10
2.5
 20
-350.0
  0
LWPOLYLINE
  5
241
330
17
100
AcDbEntity
  8
B50
100
AcDbPolyline
 90
2
 70
0
 10
2.5
 20
-350.0
 10
2.5
 20
350.0
  0
LWPOLYLINE
  5
242
330
17
100
AcDbEntity
  8
B50
100
AcDbPolyline
 90
2
 70
0
 10
2.5
 20
-350.0
 10
2.5
 20
-350.0
  0
LWPOLYLINE
  5
243
330
17
100
AcDbEntity
  8
B50
100
AcDbPolyline
 90
2
 70
0
 10
2.5
 20
350.0
 10
2.5
 20
350.0
  0
LWPOLYLINE
  5
244
330
17
100
AcDbEntity
  8
B50
100
AcDbPolyline
 90
2
 70
0
 10
37.5
 20
-350.0
 10
37.5
 20
350.0
  0
LWPOLYLINE
  5
245
330
17
100
AcDbEntity
  8
B50
100
AcDbPolyline
 90
2
 70
0
 10
2.5
 20
-350.0
 10
37.5
 20
-350.0
  0
LWPOLYLINE
  5
246
330
17
100
AcDbEntity
  8
B50
100
AcDbPolyline
 90
2
 70
0
 10
37.5
 20
350.0
 10
2.5
 20
350.0
  0
LWPOLYLINE
  5
247
330
17
100
AcDbEntity
  8
B50
100
AcDbPolyline
 90
2
 70
0
 10
37.5
 20
-350.0
 10
37.5
 20
350.0
  0
LWPOLYLINE
  5
248
330
17
100
AcDbEntity
  8
B50
100
AcDbPolyline
 90
2
 70
0
 10
37.5
 20
-350.0
 10
37.5
 20
-350.0
  0
LWPOLYLINE
  5
249
330
17
100
AcDbEntity
  8
B50
100
AcDbPolyline
 90
2
 70
0
 10
37.5
 20
350.0
 10
37.5
 20
350.0
  0
LWPOLYLINE
  5
24A
330
17
100
AcDbEntity
  8
B50
100
AcDbPolyline
 90
2
 70
0
 10
37.5
 20
-350.0
 10
2.5
 20
-350.0
  0
LWPOLYLINE
  5
24B
330
17
100
AcDbEntity
  8
B50
100
AcDbPolyline
 90
2
 70
0
 10
2.5
 20
350.0
 10
37.5
 20
350.0
  0
LWPOLYLINE
  5
24C
330
17
100
AcDbEntity
  8
B50
100
AcDbPolyline
 90
2
 70
0
 10
35.5
 20
-350.0
 10
35.5
 20
350.0
  0
LWPOLYLINE
  5
24D
330
17
100
AcDbEntity
  8
B50
100
AcDbPolyline
 90
2
 70
0
 10
4.5
 20
350.0
 10
4.5
 20
-350.0
  0
LWPOLYLINE
  5
24E
330
17
100
AcDbEntity
  8
B50
100
AcDbPolyline
 90
2
 70
0
 10
4.5
 20
-350.0
 10
35.5
 20
-350.0
  0
LWPOLYLINE
  5
24F
330
17
100
AcDbEntity
  8
B50
100
AcDbPolyline
 90
2
 70
0
 10
35.5
 20
350.0
 10
4.5
 20
350.0
  0
LWPOLYLINE
  5
250
330
17
100
AcDbEntity
  8
B50
100
AcDbPolyline
 90
2
 70
0
 10
35.5
 20
-350.0
 10
35.5
 20
350.0
  0
LWPOLYLINE
  5
251
330
17
100
AcDbEntity
  8
B50
100
AcDbPolyline
 90
2
 70
0
 10
35.5
 20
-350.0
 10
35.5
 20
-350.0
  0
LWPOLYLINE
  5
252
330
17
100
AcDbEntity
  8
B50
100
AcDbPolyline
 90
2
 70
0
 10
35.5
 20
350.0
 10
35.5
 20
350.0
  0
LWPOLYLINE
  5
253
330
17
100
AcDbEntity
  8
B50
100
AcDbPolyline
 90
2
 70
0
 10
4.5
 20
-350.0
 10
4.5
 20
350.0
  0
LWPOLYLINE
  5
254
330
17
100
AcDbEntity
  8
B50
100
AcDbPolyline
 90
2
 70
0
 10
35.5
 20
-350.0
 10
4.5
 20
-350.0
  0
LWPOLYLINE
  5
255
330
17
100
AcDbEntity
  8
B50
100
AcDbPolyline
 90
2
 70
0
 10
4.5
 20
350.0
 10
35.5
 20
350.0
  0
LWPOLYLINE
  5
256
330
17
100
AcDbEntity
  8
B50
100
AcDbPolyline
 90
2
 70
0
 10
4.5
 20
-350.0
 10
4.5
 20
-350.0
  0
LWPOLYLINE
  5
257
330
17
100
AcDbEntity
  8
B50
100
AcDbPolyline
 90
2
 70
0
 10
4.5
 20
350.0
 10
4.5
 20
350.0
  0
LWPOLYLINE
  5
259
330
17
100
AcDbEntity
  8
B410
100
AcDbPolyline
 90
2
 70
0
 10
512.5
 20
-357.5
 10
512.5
 20
-357.5
  0
LWPOLYLINE
  5
25A
330
17
100
AcDbEntity
  8
B410
100
AcDbPolyline
 90
2
 70
0
 10
547.5
 20
-357.5
 10
547.5
 20
-357.5
  0
LWPOLYLINE
  5
25B
330
17
100
AcDbEntity
  8
B410
100
AcDbPolyline
 90
2
 70
0
 10
512.5
 20
-357.5
 10
547.5
 20
-357.5
  0
LWPOLYLINE
  5
25C
330
17
100
AcDbEntity
  8
B410
100
AcDbPolyline
 90
2
 70
0
 10
547.5
 20
-357.5
 10
512.5
 20
-357.5
  0
LWPOLYLINE
  5
25D
330
17
100
AcDbEntity
  8
B410
100
AcDbPolyline
 90
2
 70
0
 10
547.5
 20
-322.5
 10
547.5
 20
-322.5
  0
LWPOLYLINE
  5
25E
330
17
100
AcDbEntity
  8
B410
100
AcDbPolyline
 90
2
 70
0
 10
547.5
 20
-357.5
 10
547.5
 20
-322.5
  0
LWPOLYLINE
  5
25F
330
17
100
AcDbEntity
  8
B410
100
AcDbPolyline
 90
2
 70
0
 10
547.5
 20
-322.5
 10
547.5
 20
-357.5
  0
LWPOLYLINE
  5
260
330
17
100
AcDbEntity
  8
B410
100
AcDbPolyline
 90
2
 70
0
 10
512.5
 20
-322.5
 10
512.5
 20
-322.5
  0
LWPOLYLINE
  5
261
330
17
100
AcDbEntity
  8
B410
100
AcDbPolyline
 90
2
 70
0
 10
547.5
 20
-322.5
 10
512.5
 20
-322.5
  0
LWPOLYLINE
  5
262
330
17
100
AcDbEntity
  8
B410
100
AcDbPolyline
 90
2
 70
0
 10
512.5
 20
-322.5
 10
547.5
 20
-322.5
  0
LWPOLYLINE
  5
263
330
17
100
AcDbEntity
  8
B410
100
AcDbPolyline
 90
2
 70
0
 10
512.5
 20
-322.5
 10
512.5
 20
-357.5
  0
LWPOLYLINE
  5
264
330
17
100
AcDbEntity
  8
B410
100
AcDbPolyline
 90
2
 70
0
 10
512.5
 20
-357.5
 10
512.5
 20
-322.5
  0
LWPOLYLINE
  5
265
330
17
100
AcDbEntity
  8
B410
100
AcDbPolyline
 90
2
 70
0
 10
514.5
 20
-324.5
 10
514.5
 20
-324.5
  0
LWPOLYLINE
  5
266
330
17
100
AcDbEntity
  8
B410
100
AcDbPolyline
 90
2
 70
0
 10
514.5
 20
-355.5
 10
514.5
 20
-355.5
  0
LWPOLYLINE
  5
267
330
17
100
AcDbEntity
  8
B410
100
AcDbPolyline
 90
2
 70
0
 10
514.5
 20
-355.5
 10
514.5
 20
-324.5
  0
LWPOLYLINE
  5
268
330
17
100
AcDbEntity
  8
B410
100
AcDbPolyline
 90
2
 70
0
 10
514.5
 20
-324.5
 10
514.5
 20
-355.5
  0
LWPOLYLINE
  5
269
330
17
100
AcDbEntity
  8
B410
100
AcDbPolyline
 90
2
 70
0
 10
545.5
 20
-324.5
 10
545.5
 20
-324.5
  0
LWPOLYLINE
  5
26A
330
17
100
AcDbEntity
  8
B410
100
AcDbPolyline
 90
2
 70
0
 10
514.5
 20
-324.5
 10
545.5
 20
-324.5
  0
LWPOLYLINE
  5
26B
330
17
100
AcDbEntity
  8
B410
100
AcDbPolyline
 90
2
 70
0
 10
545.5
 20
-324.5
 10
514.5
 20
-324.5
  0
LWPOLYLINE
  5
26C
330
17
100
AcDbEntity
  8
B410
100
AcDbPolyline
 90
2
 70
0
 10
545.5
 20
-355.5
 10
545.5
 20
-355.5
  0
LWPOLYLINE
  5
26D
330
17
100
AcDbEntity
  8
B410
100
AcDbPolyline
 90
2
 70
0
 10
545.5
 20
-324.5
 10
545.5
 20
-355.5
  0
LWPOLYLINE
  5
26E
330
17
100
AcDbEntity
  8
B410
100
AcDbPolyline
 90
2
 70
0
 10
545.5
 20
-355.5
 10
545.5
 20
-324.5
  0
LWPOLYLINE
  5
26F
330
17
100
AcDbEntity
  8
B410
100
AcDbPolyline
 90
2
 70
0
 10
545.5
 20
-355.5
 10
514.5
 20
-355.5
  0
LWPOLYLINE
  5
270
330
17
100
AcDbEntity
  8
B410
100
AcDbPolyline
 90
2
 70
0
 10
514.5
 20
-355.5
 10
545.5
 20
-355.5
  0
LWPOLYLINE
  5
272
330
17
100
AcDbEntity
  8
B411
100
AcDbPolyline
 90
2
 70
0
 10
512.5
 20
322.5
 10
512.5
 20
322.5
  0
LWPOLYLINE
  5
273
330
17
100
AcDbEntity
  8
B411
100
AcDbPolyline
 90
2
 70
0
 10
547.5
 20
322.5
 10
547.5
 20
322.5
  0
LWPOLYLINE
  5
274
330
17
100
AcDbEntity
  8
B411
100
AcDbPolyline
 90
2
 70
0
 10
512.5
 20
322.5
 10
547.5
 20
322.5
  0
LWPOLYLINE
  5
275
330
17
100
AcDbEntity
  8
B411
100
AcDbPolyline
 90
2
 70
0
 10
547.5
 20
322.5
 10
512.5
 20
322.5
  0
LWPOLYLINE
  5
276
330
17
100
AcDbEntity
  8
B411
100
AcDbPolyline
 90
2
 70
0
 10
547.5
 20
357.5
 10
547.5
 20
357.5
  0
LWPOLYLINE
  5
277
330
17
100
AcDbEntity
  8
B411
100
AcDbPolyline
 90
2
 70
0
 10
547.5
 20
322.5
 10
547.5
 20
357.5
  0
LWPOLYLINE
  5
278
330
17
100
AcDbEntity
  8
B411
100
AcDbPolyline
 90
2
 70
0
 10
547.5
 20
357.5
 10
547.5
 20
322.5
  0
LWPOLYLINE
  5
279
330
17
100
AcDbEntity
  8
B411
100
AcDbPolyline
 90
2
 70
0
 10
512.5
 20
357.5
 10
512.5
 20
357.5
  0
LWPOLYLINE
  5
27A
330
17
100
AcDbEntity
  8
B411
100
AcDbPolyline
 90
2
 70
0
 10
547.5
 20
357.5
 10
512.5
 20
357.5
  0
LWPOLYLINE
  5
27B
330
17
100
AcDbEntity
  8
B411
100
AcDbPolyline
 90
2
 70
0
 10
512.5
 20
357.5
 10
547.5
 20
357.5
  0
LWPOLYLINE
  5
27C
330
17
100
AcDbEntity
  8
B411
100
AcDbPolyline
 90
2
 70
0
 10
512.5
 20
357.5
 10
512.5
 20
322.5
  0
LWPOLYLINE
  5
27D
330
17
100
AcDbEntity
  8
B411
100
AcDbPolyline
 90
2
 70
0
 10
512.5
 20
322.5
 10
512.5
 20
357.5
  0
LWPOLYLINE
  5
27E
330
17
100
AcDbEntity
  8
B411
100
AcDbPolyline
 90
2
 70
0
 10
514.5
 20
355.5
 10
514.5
 20
355.5
  0
LWPOLYLINE
  5
27F
330
17
100
AcDbEntity
  8
B411
100
AcDbPolyline
 90
2
 70
0
 10
514.5
 20
324.5
 10
514.5
 20
324.5
  0
LWPOLYLINE
  5
280
330
17
100
AcDbEntity
  8
B411
100
AcDbPolyline
 90
2
 70
0
 10
514.5
 20
324.5
 10
514.5
 20
355.5
  0
LWPOLYLINE
  5
281
330
17
100
AcDbEntity
  8
B411
100
AcDbPolyline
 90
2
 70
0
 10
514.5
 20
355.5
 10
514.5
 20
324.5
  0
LWPOLYLINE
  5
282
330
17
100
AcDbEntity
  8
B411
100
AcDbPolyline
 90
2
 70
0
 10
545.5
 20
355.5
 10
545.5
 20
355.5
  0
LWPOLYLINE
  5
283
330
17
100
AcDbEntity
  8
B411
100
AcDbPolyline
 90
2
 70
0
 10
514.5
 20
355.5
 10
545.5
 20
355.5
  0
LWPOLYLINE
  5
284
330
17
100
AcDbEntity
  8
B411
100
AcDbPolyline
 90
2
 70
0
 10
545.5
 20
355.5
 10
514.5
 20
355.5
  0
LWPOLYLINE
  5
285
330
17
100
AcDbEntity
  8
B411
100
AcDbPolyline
 90
2
 70
0
 10
545.5
 20
324.5
 10
545.5
 20
324.5
  0
LWPOLYLINE
  5
286
330
17
100
AcDbEntity
  8
B411
100
AcDbPolyline
 90
2
 70
0
 10
545.5
 20
355.5
 10
545.5
 20
324.5
  0
LWPOLYLINE
  5
287
330
17
100
AcDbEntity
  8
B411
100
AcDbPolyline
 90
2
 70
0
 10
545.5
 20
324.5
 10
545.5
 20
355.5
  0
LWPOLYLINE
  5
288
330
17
100
AcDbEntity
  8
B411
100
AcDbPolyline
 90
2
 70
0
 10
545.5
 20
324.5
 10
514.5
 20
324.5
  0
LWPOLYLINE
  5
289
330
17
100
AcDbEntity
  8
B411
100
AcDbPolyline
 90
2
 70
0
 10
514.5
 20
324.5
 10
545.5
 20
324.5
  0
LWPOLYLINE
  5
28B
330
17
100
AcDbEntity
  8
B51
100
AcDbPolyline
 90
2
 70
0
 10
512.5
 20
350.0
 10
512.5
 20
-350.0
  0
LWPOLYLINE
  5
28C
330
17
100
AcDbEntity
  8
B51
100
AcDbPolyline
 90
2
 70
0
 10
512.5
 20
-350.0
 10
512.5
 20
350.0
  0
LWPOLYLINE
  5
28D
330
17
100
AcDbEntity
  8
B51
100
AcDbPolyline
 90
2
 70
0
 10
512.5
 20
-350.0
 10
512.5
 20
-350.0
  0
LWPOLYLINE
  5
28E
330
17
100
AcDbEntity
  8
B51
100
AcDbPolyline
 90
2
 70
0
 10
512.5
 20
350.0
 10
512.5
 20
350.0
  0
LWPOLYLINE
  5
28F
330
17
100
AcDbEntity
  8
B51
100
AcDbPolyline
 90
2
 70
0
 10
547.5
 20
-350.0
 10
547.5
 20
350.0
  0
LWPOLYLINE
  5
290
330
17
100
AcDbEntity
  8
B51
100
AcDbPolyline
 90
2
 70
0
 10
512.5
 20
-350.0
 10
547.5
 20
-350.0
  0
LWPOLYLINE
  5
291
330
17
100
AcDbEntity
  8
B51
100
AcDbPolyline
 90
2
 70
0
 10
547.5
 20
350.0
 10
512.5
 20
350.0
  0
LWPOLYLINE
  5
292
330
17
100
AcDbEntity
  8
B51
100
AcDbPolyline
 90
2
 70
0
 10
547.5
 20
-350.0
 10
547.5
 20
350.0
  0
LWPOLYLINE
  5
293
330
17
100
AcDbEntity
  8
B51
100
AcDbPolyline
 90
2
 70
0
 10
547.5
 20
-350.0
 10
547.5
 20
-350.0
  0
LWPOLYLINE
  5
294
330
17
100
AcDbEntity
  8
B51
100
AcDbPolyline
 90
2
 70
0
 10
547.5
 20
350.0
 10
547.5
 20
350.0
  0
LWPOLYLINE
  5
295
330
17
100
AcDbEntity
  8
B51
100
AcDbPolyline
 90
2
 70
0
 10
547.5
 20
-350.0
 10
512.5
 20
-350.0
  0
LWPOLYLINE
  5
296
330
17
100
AcDbEntity
  8
B51
100
AcDbPolyline
 90
2
 70
0
 10
512.5
 20
350.0
 10
547.5
 20
350.0
  0
LWPOLYLINE
  5
297
330
17
100
AcDbEntity
  8
B51
100
AcDbPolyline
 90
2
 70
0
 10
545.5
 20
-350.0
 10
545.5
 20
350.0
  0
LWPOLYLINE
  5
298
330
17
100
AcDbEntity
  8
B51
100
AcDbPolyline
 90
2
 70
0
 10
514.5
 20
350.0
 10
514.5
 20
-350.0
  0
LWPOLYLINE
  5
299
330
17
100
AcDbEntity
  8
B51
100
AcDbPolyline
 90
2
 70
0
 10
514.5
 20
-350.0
 10
545.5
 20
-350.0
  0
LWPOLYLINE
  5
29A
330
17
100
AcDbEntity
  8
B51
100
AcDbPolyline
 90
2
 70
0
 10
545.5
 20
350.0
 10
514.5
 20
350.0
  0
LWPOLYLINE
  5
29B
330
17
100
AcDbEntity
  8
B51
100
AcDbPolyline
 90
2
 70
0
 10
545.5
 20
-350.0
 10
545.5
 20
350.0
  0
LWPOLYLINE
  5
29C
330
17
100
AcDbEntity
  8
B51
100
AcDbPolyline
 90
2
 70
0
 10
545.5
 20
-350.0
 10
545.5
 20
-350.0
  0
LWPOLYLINE
  5
29D
330
17
100
AcDbEntity
  8
B51
100
AcDbPolyline
 90
2
 70
0
 10
545.5
 20
350.0
 10
545.5
 20
350.0
  0
LWPOLYLINE
  5
29E
330
17
100
AcDbEntity
  8
B51
100
AcDbPolyline
 90
2
 70
0
 10
514.5
 20
-350.0
 10
514.5
 20
350.0
  0
LWPOLYLINE
  5
29F
330
17
100
AcDbEntity
  8
B51
100
AcDbPolyline
 90
2
 70
0
 10
545.5
 20
-350.0
 10
514.5
 20
-350.0
  0
LWPOLYLINE
  5
2A0
330
17
100
AcDbEntity
  8
B51
100
AcDbPolyline
 90
2
 70
0
 10
514.5
 20
350.0
 10
545.5
 20
350.0
  0
LWPOLYLINE
  5
2A1
330
17
100
AcDbEntity
  8
B51
100
AcDbPolyline
 90
2
 70
0
 10
514.5
 20
-350.0
 10
514.5
 20
-350.0
  0
LWPOLYLINE
  5
2A2
330
17
100
AcDbEntity
  8
B51
100
AcDbPolyline
 90
2
 70
0
 10
514.5
 20
350.0
 10
514.5
 20
350.0
  0
LWPOLYLINE
  5
2A4
330
17
100
AcDbEntity
  8
R010
100
AcDbPolyline
 90
2
 70
0
 10
-22.73944981629907
 20
-322.5
 10
-650.8958931738609
 20
-322.5
  0
LWPOLYLINE
  5
2A5
330
17
100
AcDbEntity
  8
R010
100
AcDbPolyline
 90
2
 70
0
 10
-628.3983268348322
 20
-322.5
 10
-0.24188347727027804
 20
-322.5
  0
LWPOLYLINE
  5
2A6
330
17
100
AcDbEntity
  8
R010
100
AcDbPolyline
 90
2
 70
0
 10
-650.8958931738609
 20
-322.5
 10
-628.3983268348322
 20
-322.5
  0
LWPOLYLINE
  5
2A7
330
17
100
AcDbEntity
  8
R010
100
AcDbPolyline
 90
2
 70
0
 10
-0.24188347727027804
 20
-322.5
 10
-22.73944981629907
 20
-322.5
  0
LWPOLYLINE
  5
2A8
330
17
100
AcDbEntity
  8
R010
100
AcDbPolyline
 90
2
 70
0
 10
-628.3983268348322
 20
-357.5
 10
-0.24188347727027804
 20
-357.5
  0
LWPOLYLINE
  5
2A9
330
17
100
AcDbEntity
  8
R010
100
AcDbPolyline
 90
2
 70
0
 10
-628.3983268348322
 20
-322.5
 10
-628.3983268348322
 20
-357.5
  0
LWPOLYLINE
  5
2AA
330
17
100
AcDbEntity
  8
R010
100
AcDbPolyline
 90
2
 70
0
 10
-0.24188347727027804
 20
-357.5
 10
-0.24188347727027804
 20
-322.5
  0
LWPOLYLINE
  5
2AB
330
17
100
AcDbEntity
  8
R010
100
AcDbPolyline
 90
2
 70
0
 10
-650.8958931738609
 20
-357.5
 10
-22.73944981629907
 20
-357.5
  0
LWPOLYLINE
  5
2AC
330
17
100
AcDbEntity
  8
R010
100
AcDbPolyline
 90
2
 70
0
 10
-628.3983268348322
 20
-357.5
 10
-650.8958931738609
 20
-357.5
  0
LWPOLYLINE
  5
2AD
330
17
100
AcDbEntity
  8
R010
100
AcDbPolyline
 90
2
 70
0
 10
-22.73944981629907
 20
-357.5
 10
-0.24188347727027804
 20
-357.5
  0
LWPOLYLINE
  5
2AE
330
17
100
AcDbEntity
  8
R010
100
AcDbPolyline
 90
2
 70
0
 10
-650.8958931738609
 20
-357.5
 10
-650.8958931738609
 20
-322.5
  0
LWPOLYLINE
  5
2AF
330
17
100
AcDbEntity
  8
R010
100
AcDbPolyline
 90
2
 70
0
 10
-22.73944981629907
 20
-322.5
 10
-22.73944981629907
 20
-357.5
  0
LWPOLYLINE
  5
2B0
330
17
100
AcDbEntity
  8
R010
100
AcDbPolyline
 90
2
 70
0
 10
-649.610317954488
 20
-355.5
 10
-21.453874596926
 20
-355.5
  0
LWPOLYLINE
  5
2B1
330
17
100
AcDbEntity
  8
R010
100
AcDbPolyline
 90
2
 70
0
 10
-21.453874596926
 20
-324.5
 10
-649.610317954488
 20
-324.5
  0
LWPOLYLINE
  5
2B2
330
17
100
AcDbEntity
  8
R010
100
AcDbPolyline
 90
2
 70
0
 10
-649.610317954488
 20
-324.5
 10
-649.610317954488
 20
-355.5
  0
LWPOLYLINE
  5
2B3
330
17
100
AcDbEntity
  8
R010
100
AcDbPolyline
 90
2
 70
0
 10
-21.453874596926
 20
-355.5
 10
-21.453874596926
 20
-324.5
  0
LWPOLYLINE
  5
2B4
330
17
100
AcDbEntity
  8
R010
100
AcDbPolyline
 90
2
 70
0
 10
-629.6839020542052
 20
-355.5
 10
-1.5274586966433503
 20
-355.5
  0
LWPOLYLINE
  5
2B5
330
17
100
AcDbEntity
  8
R010
100
AcDbPolyline
 90
2
 70
0
 10
-649.610317954488
 20
-355.5
 10
-629.6839020542052
 20
-355.5
  0
LWPOLYLINE
  5
2B6
330
17
100
AcDbEntity
  8
R010
100
AcDbPolyline
 90
2
 70
0
 10
-1.5274586966433503
 20
-355.5
 10
-21.453874596926
 20
-355.5
  0
LWPOLYLINE
  5
2B7
330
17
100
AcDbEntity
  8
R010
100
AcDbPolyline
 90
2
 70
0
 10
-629.6839020542052
 20
-324.5
 10
-1.5274586966433503
 20
-324.5
  0
LWPOLYLINE
  5
2B8
330
17
100
AcDbEntity
  8
R010
100
AcDbPolyline
 90
2
 70
0
 10
-629.6839020542052
 20
-355.5
 10
-629.6839020542052
 20
-324.5
  0
LWPOLYLINE
  5
2B9
330
17
100
AcDbEntity
  8
R010
100
AcDbPolyline
 90
2
 70
0
 10
-1.5274586966433503
 20
-324.5
 10
-1.5274586966433503
 20
-355.5
  0
LWPOLYLINE
  5
2BA
330
17
100
AcDbEntity
  8
R010
100
AcDbPolyline
 90
2
 70
0
 10
-629.6839020542052
 20
-324.5
 10
-649.610317954488
 20
-324.5
  0
LWPOLYLINE
  5
2BB
330
17
100
AcDbEntity
  8
R010
100
AcDbPolyline
 90
2
 70
0
 10
-21.453874596926
 20
-324.5
 10
-1.5274586966433503
 20
-324.5
  0
LWPOLYLINE
  5
2BD
330
17
100
AcDbEntity
  8
R011
100
AcDbPolyline
 90
2
 70
0
 10
-22.73944981629907
 20
357.5
 10
-650.8958931738609
 20
357.5
  0
LWPOLYLINE
  5
2BE
330
17
100
AcDbEntity
  8
R011
100
AcDbPolyline
 90
2
 70
0
 10
-628.3983268348322
 20
357.5
 10
-0.24188347727027804
 20
357.5
  0
LWPOLYLINE
  5
2BF
330
17
100
AcDbEntity
  8
R011
100
AcDbPolyline
 90
2
 70
0
 10
-650.8958931738609
 20
357.5
 10
-628.3983268348322
 20
357.5
  0
LWPOLYLINE
  5
2C0
330
17
100
AcDbEntity
  8
R011
100
AcDbPolyline
 90
2
 70
0
 10
-0.24188347727027804
 20
357.5
 10
-22.73944981629907
 20
357.5
  0
LWPOLYLINE
  5
2C1
330
17
100
AcDbEntity
  8
R011
100
AcDbPolyline
 90
2
 70
0
 10
-628.3983268348322
 20
322.5
 10
-0.24188347727027804
 20
322.5
  0
LWPOLYLINE
  5
2C2
330
17
100
AcDbEntity
  8
R011
100
AcDbPolyline
 90
2
 70
0
 10
-628.3983268348322
 20
357.5
 10
-628.3983268348322
 20
322.5
  0
LWPOLYLINE
  5
2C3
330
17
100
AcDbEntity
  8
R011
100
AcDbPolyline
 90
2
 70
0
 10
-0.24188347727027804
 20
322.5
 10
-0.24188347727027804
 20
357.5
  0
LWPOLYLINE
  5
2C4
330
17
100
AcDbEntity
  8
R011
100
AcDbPolyline
 90
2
 70
0
 10
-650.8958931738609
 20
322.5
 10
-22.73944981629907
 20
322.5
  0
LWPOLYLINE
  5
2C5
330
17
100
AcDbEntity
  8
R011
100
AcDbPolyline
 90
2
 70
0
 10
-628.3983268348322
 20
322.5
 10
-650.8958931738609
 20
322.5
  0
LWPOLYLINE
  5
2C6
330
17
100
AcDbEntity
  8
R011
100
AcDbPolyline
 90
2
 70
0
 10
-22.73944981629907
 20
322.5
 10
-0.24188347727027804
 20
322.5
  0
LWPOLYLINE
  5
2C7
330
17
100
AcDbEntity
  8
R011
100
AcDbPolyline
 90
2
 70
0
 10
-650.8958931738609
 20
322.5
 10
-650.8958931738609
 20
357.5
  0
LWPOLYLINE
  5
2C8
330
17
100
AcDbEntity
  8
R011
100
AcDbPolyline
 90
2
 70
0
 10
-22.73944981629907
 20
357.5
 10
-22.73944981629907
 20
322.5
  0
LWPOLYLINE
  5
2C9
330
17
100
AcDbEntity
  8
R011
100
AcDbPolyline
 90
2
 70
0
 10
-649.610317954488
 20
324.5
 10
-21.453874596926
 20
324.5
  0
LWPOLYLINE
  5
2CA
330
17
100
AcDbEntity
  8
R011
100
AcDbPolyline
 90
2
 70
0
 10
-21.453874596926
 20
355.5
 10
-649.610317954488
 20
355.5
  0
LWPOLYLINE
  5
2CB
330
17
100
AcDbEntity
  8
R011
100
AcDbPolyline
 90
2
 70
0
 10
-649.610317954488
 20
355.5
 10
-649.610317954488
 20
324.5
  0
LWPOLYLINE
  5
2CC
330
17
100
AcDbEntity
  8
R011
100
AcDbPolyline
 90
2
 70
0
 10
-21.453874596926
 20
324.5
 10
-21.453874596926
 20
355.5
  0
LWPOLYLINE
  5
2CD
330
17
100
AcDbEntity
  8
R011
100
AcDbPolyline
 90
2
 70
0
 10
-629.6839020542052
 20
324.5
 10
-1.5274586966433503
 20
324.5
  0
LWPOLYLINE
  5
2CE
330
17
100
AcDbEntity
  8
R011
100
AcDbPolyline
 90
2
 70
0
 10
-649.610317954488
 20
324.5
 10
-629.6839020542052
 20
324.5
  0
LWPOLYLINE
  5
2CF
330
17
100
AcDbEntity
  8
R011
100
AcDbPolyline
 90
2
 70
0
 10
-1.5274586966433503
 20
324.5
 10
-21.453874596926
 20
324.5
  0
LWPOLYLINE
  5
2D0
330
17
100
AcDbEntity
  8
R011
100
AcDbPolyline
 90
2
 70
0
 10
-629.6839020542052
 20
355.5
 10
-1.5274586966433503
 20
355.5
  0
LWPOLYLINE
  5
2D1
330
17
100
AcDbEntity
  8
R011
100
AcDbPolyline
 90
2
 70
0
 10
-629.6839020542052
 20
324.5
 10
-629.6839020542052
 20
355.5
  0
LWPOLYLINE
  5
2D2
330
17
100
AcDbEntity
  8
R011
100
AcDbPolyline
 90
2
 70
0
 10
-1.5274586966433503
 20
355.5
 10
-1.5274586966433503
 20
324.5
  0
LWPOLYLINE
  5
2D3
330
17
100
AcDbEntity
  8
R011
100
AcDbPolyline
 90
2
 70
0
 10
-629.6839020542052
 20
355.5
 10
-649.610317954488
 20
355.5
  0
LWPOLYLINE
  5
2D4
330
17
100
AcDbEntity
  8
R011
100
AcDbPolyline
 90
2
 70
0
 10
-21.453874596926
 20
355.5
 10
-1.5274586966433503
 20
355.5
  0
LWPOLYLINE
  5
2D6
330
17
100
AcDbEntity
  8
R020
100
AcDbPolyline
 90
2
 70
0
 10
-652.8110042816586
 20
322.5
 10
-652.8110042816586
 20
-322.5
  0
LWPOLYLINE
  5
2D7
330
17
100
AcDbEntity
  8
R020
100
AcDbPolyline
 90
2
 70
0
 10
-630.3134379426297
 20
-322.5
 10
-630.3134379426297
 20
322.5
  0
LWPOLYLINE
  5
2D8
330
17
100
AcDbEntity
  8
R020
100
AcDbPolyline
 90
2
 70
0
 10
-652.8110042816586
 20
-322.5
 10
-630.3134379426297
 20
-322.5
  0
LWPOLYLINE
  5
2D9
330
17
100
AcDbEntity
  8
R020
100
AcDbPolyline
 90
2
 70
0
 10
-630.3134379426297
 20
322.5
 10
-652.8110042816586
 20
322.5
  0
LWPOLYLINE
  5
2DA
330
17
100
AcDbEntity
  8
R020
100
AcDbPolyline
 90
2
 70
0
 10
-603.5018824334654
 20
-322.5
 10
-603.5018824334654
 20
322.5
  0
LWPOLYLINE
  5
2DB
330
17
100
AcDbEntity
  8
R020
100
AcDbPolyline
 90
2
 70
0
 10
-630.3134379426297
 20
-322.5
 10
-603.5018824334654
 20
-322.5
  0
LWPOLYLINE
  5
2DC
330
17
100
AcDbEntity
  8
R020
100
AcDbPolyline
 90
2
 70
0
 10
-603.5018824334654
 20
322.5
 10
-630.3134379426297
 20
322.5
  0
LWPOLYLINE
  5
2DD
330
17
100
AcDbEntity
  8
R020
100
AcDbPolyline
 90
2
 70
0
 10
-625.9994487724944
 20
-322.5
 10
-625.9994487724944
 20
322.5
  0
LWPOLYLINE
  5
2DE
330
17
100
AcDbEntity
  8
R020
100
AcDbPolyline
 90
2
 70
0
 10
-603.5018824334654
 20
-322.5
 10
-625.9994487724944
 20
-322.5
  0
LWPOLYLINE
  5
2DF
330
17
100
AcDbEntity
  8
R020
100
AcDbPolyline
 90
2
 70
0
 10
-625.9994487724944
 20
322.5
 10
-603.5018824334654
 20
322.5
  0
LWPOLYLINE
  5
2E0
330
17
100
AcDbEntity
  8
R020
100
AcDbPolyline
 90
2
 70
0
 10
-625.9994487724944
 20
-322.5
 10
-652.8110042816586
 20
-322.5
  0
LWPOLYLINE
  5
2E1
330
17
100
AcDbEntity
  8
R020
100
AcDbPolyline
 90
2
 70
0
 10
-652.8110042816586
 20
322.5
 10
-625.9994487724944
 20
322.5
  0
LWPOLYLINE
  5
2E2
330
17
100
AcDbEntity
  8
R020
100
AcDbPolyline
 90
2
 70
0
 10
-626.2459624393591
 20
-322.5
 10
-626.2459624393591
 20
322.5
  0
LWPOLYLINE
  5
2E3
330
17
100
AcDbEntity
  8
R020
100
AcDbPolyline
 90
2
 70
0
 10
-649.9933401760475
 20
322.5
 10
-649.9933401760475
 20
-322.5
  0
LWPOLYLINE
  5
2E4
330
17
100
AcDbEntity
  8
R020
100
AcDbPolyline
 90
2
 70
0
 10
-649.9933401760475
 20
-322.5
 10
-626.2459624393591
 20
-322.5
  0
LWPOLYLINE
  5
2E5
330
17
100
AcDbEntity
  8
R020
100
AcDbPolyline
 90
2
 70
0
 10
-626.2459624393591
 20
322.5
 10
-649.9933401760475
 20
322.5
  0
LWPOLYLINE
  5
2E6
330
17
100
AcDbEntity
  8
R020
100
AcDbPolyline
 90
2
 70
0
 10
-606.3195465390766
 20
-322.5
 10
-606.3195465390766
 20
322.5
  0
LWPOLYLINE
  5
2E7
330
17
100
AcDbEntity
  8
R020
100
AcDbPolyline
 90
2
 70
0
 10
-626.2459624393591
 20
-322.5
 10
-606.3195465390766
 20
-322.5
  0
LWPOLYLINE
  5
2E8
330
17
100
AcDbEntity
  8
R020
100
AcDbPolyline
 90
2
 70
0
 10
-606.3195465390766
 20
322.5
 10
-626.2459624393591
 20
322.5
  0
LWPOLYLINE
  5
2E9
330
17
100
AcDbEntity
  8
R020
100
AcDbPolyline
 90
2
 70
0
 10
-630.0669242757649
 20
-322.5
 10
-630.0669242757649
 20
322.5
  0
LWPOLYLINE
  5
2EA
330
17
100
AcDbEntity
  8
R020
100
AcDbPolyline
 90
2
 70
0
 10
-606.3195465390766
 20
-322.5
 10
-630.0669242757649
 20
-322.5
  0
LWPOLYLINE
  5
2EB
330
17
100
AcDbEntity
  8
R020
100
AcDbPolyline
 90
2
 70
0
 10
-630.0669242757649
 20
322.5
 10
-606.3195465390766
 20
322.5
  0
LWPOLYLINE
  5
2EC
330
17
100
AcDbEntity
  8
R020
100
AcDbPolyline
 90
2
 70
0
 10
-630.0669242757649
 20
-322.5
 10
-649.9933401760475
 20
-322.5
  0
LWPOLYLINE
  5
2ED
330
17
100
AcDbEntity
  8
R020
100
AcDbPolyline
 90
2
 70
0
 10
-649.9933401760475
 20
322.5
 10
-630.0669242757649
 20
322.5
  0
LWPOLYLINE
  5
2EF
330
17
100
AcDbEntity
  8
R021
100
AcDbPolyline
 90
2
 70
0
 10
-47.63589421766585
 20
322.5
 10
-47.63589421766585
 20
-322.5
  0
LWPOLYLINE
  5
2F0
330
17
100
AcDbEntity
  8
R021
100
AcDbPolyline
 90
2
 70
0
 10
-25.13832787863703
 20
-322.5
 10
-25.13832787863703
 20
322.5
  0
LWPOLYLINE
  5
2F1
330
17
100
AcDbEntity
  8
R021
100
AcDbPolyline
 90
2
 70
0
 10
-47.63589421766585
 20
-322.5
 10
-25.13832787863703
 20
-322.5
  0
LWPOLYLINE
  5
2F2
330
17
100
AcDbEntity
  8
R021
100
AcDbPolyline
 90
2
 70
0
 10
-25.13832787863703
 20
322.5
 10
-47.63589421766585
 20
322.5
  0
LWPOLYLINE
  5
2F3
330
17
100
AcDbEntity
  8
R021
100
AcDbPolyline
 90
2
 70
0
 10
1.673227630527208
 20
-322.5
 10
1.673227630527208
 20
322.5
  0
LWPOLYLINE
  5
2F4
330
17
100
AcDbEntity
  8
R021
100
AcDbPolyline
 90
2
 70
0
 10
-25.13832787863703
 20
-322.5
 10
1.673227630527208
 20
-322.5
  0
LWPOLYLINE
  5
2F5
330
17
100
AcDbEntity
  8
R021
100
AcDbPolyline
 90
2
 70
0
 10
1.673227630527208
 20
322.5
 10
-25.13832787863703
 20
322.5
  0
LWPOLYLINE
  5
2F6
330
17
100
AcDbEntity
  8
R021
100
AcDbPolyline
 90
2
 70
0
 10
-20.824338708501642
 20
-322.5
 10
-20.824338708501642
 20
322.5
  0
LWPOLYLINE
  5
2F7
330
17
100
AcDbEntity
  8
R021
100
AcDbPolyline
 90
2
 70
0
 10
1.673227630527208
 20
-322.5
 10
-20.824338708501642
 20
-322.5
  0
LWPOLYLINE
  5
2F8
330
17
100
AcDbEntity
  8
R021
100
AcDbPolyline
 90
2
 70
0
 10
-20.824338708501642
 20
322.5
 10
1.673227630527208
 20
322.5
  0
LWPOLYLINE
  5
2F9
330
17
100
AcDbEntity
  8
R021
100
AcDbPolyline
 90
2
 70
0
 10
-20.824338708501642
 20
-322.5
 10
-47.63589421766585
 20
-322.5
  0
LWPOLYLINE
  5
2FA
330
17
100
AcDbEntity
  8
R021
100
AcDbPolyline
 90
2
 70
0
 10
-47.63589421766585
 20
322.5
 10
-20.824338708501642
 20
322.5
  0
LWPOLYLINE
  5
2FB
330
17
100
AcDbEntity
  8
R021
100
AcDbPolyline
 90
2
 70
0
 10
-21.070852375366513
 20
-322.5
 10
-21.070852375366513
 20
322.5
  0
LWPOLYLINE
  5
2FC
330
17
100
AcDbEntity
  8
R021
100
AcDbPolyline
 90
2
 70
0
 10
-44.818230112054835
 20
322.5
 10
-44.818230112054835
 20
-322.5
  0
LWPOLYLINE
  5
2FD
330
17
100
AcDbEntity
  8
R021
100
AcDbPolyline
 90
2
 70
0
 10
-44.818230112054835
 20
-322.5
 10
-21.070852375366513
 20
-322.5
  0
LWPOLYLINE
  5
2FE
330
17
100
AcDbEntity
  8
R021
100
AcDbPolyline
 90
2
 70
0
 10
-21.070852375366513
 20
322.5
 10
-44.818230112054835
 20
322.5
  0
LWPOLYLINE
  5
2FF
330
17
100
AcDbEntity
  8
R021
100
AcDbPolyline
 90
2
 70
0
 10
-1.1444364750838645
 20
-322.5
 10
-1.1444364750838645
 20
322.5
  0
LWPOLYLINE
  5
300
330
17
100
AcDbEntity
  8
R021
100
AcDbPolyline
 90
2
 70
0
 10
-21.070852375366513
 20
-322.5
 10
-1.1444364750838645
 20
-322.5
  0
LWPOLYLINE
  5
301
330
17
100
AcDbEntity
  8
R021
100
AcDbPolyline
 90
2
 70
0
 10
-1.1444364750838645
 20
322.5
 10
-21.070852375366513
 20
322.5
  0
LWPOLYLINE
  5
302
330
17
100
AcDbEntity
  8
R021
100
AcDbPolyline
 90
2
 70
0
 10
-24.891814211772157
 20
-322.5
 10
-24.891814211772157
 20
322.5
  0
LWPOLYLINE
  5
303
330
17
100
AcDbEntity
  8
R021
100
AcDbPolyline
 90
2
 70
0
 10
-1.1444364750838645
 20
-322.5
 10
-24.891814211772157
 20
-322.5
  0
LWPOLYLINE
  5
304
330
17
100
AcDbEntity
  8
R021
100
AcDbPolyline
 90
2
 70
0
 10
-24.891814211772157
 20
322.5
 10
-1.1444364750838645
 20
322.5
  0
LWPOLYLINE
  5
305
330
17
100
AcDbEntity
  8
R021
100
AcDbPolyline
 90
2
 70
0
 10
-24.891814211772157
 20
-322.5
 10
-44.818230112054835
 20
-322.5
  0
LWPOLYLINE
  5
306
330
17
100
AcDbEntity
  8
R021
100
AcDbPolyline
 90
2
 70
0
 10
-44.818230112054835
 20
322.5
 10
-24.891814211772157
 20
322.5
  0
LWPOLYLINE
  5
308
330
17
100
AcDbEntity
  8
R1000
100
AcDbPolyline
 90
2
 70
0
 10
-572.8601047087063
 20
-357.5
 10
-614.9925490802502
 20
-357.5
  0
LWPOLYLINE
  5
309
330
17
100
AcDbEntity
  8
R1000
100
AcDbPolyline
 90
2
 70
0
 10
-613.5269933301648
 20
-321.75
 10
-571.3945489586209
 20
-321.75
  0
LWPOLYLINE
  5
30A
330
17
100
AcDbEntity
  8
R1000
100
AcDbPolyline
 90
2
 70
0
 10
-614.9925490802502
 20
-357.5
 10
-613.5269933301648
 20
-321.75
  0
LWPOLYLINE
  5
30B
330
17
100
AcDbEntity
  8
R1000
100
AcDbPolyline
 90
2
 70
0
 10
-571.3945489586209
 20
-321.75
 10
-572.8601047087063
 20
-357.5
  0
LWPOLYLINE
  5
30C
330
17
100
AcDbEntity
  8
R1000
100
AcDbPolyline
 90
2
 70
0
 10
-612.2157066064043
 20
-286.0
 10
-570.0832622348604
 20
-286.0
  0
LWPOLYLINE
  5
30D
330
17
100
AcDbEntity
  8
R1000
100
AcDbPolyline
 90
2
 70
0
 10
-613.5269933301648
 20
-321.75
 10
-612.2157066064043
 20
-286.0
  0
LWPOLYLINE
  5
30E
330
17
100
AcDbEntity
  8
R1000
100
AcDbPolyline
 90
2
 70
0
 10
-570.0832622348604
 20
-286.0
 10
-571.3945489586209
 20
-321.75
  0
LWPOLYLINE
  5
30F
330
17
100
AcDbEntity
  8
R1000
100
AcDbPolyline
 90
2
 70
0
 10
-611.0586889089685
 20
-250.25
 10
-568.9262445374246
 20
-250.25
  0
LWPOLYLINE
  5
310
330
17
100
AcDbEntity
  8
R1000
100
AcDbPolyline
 90
2
 70
0
 10
-612.2157066064043
 20
-286.0
 10
-611.0586889089685
 20
-250.25
  0
LWPOLYLINE
  5
311
330
17
100
AcDbEntity
  8
R1000
100
AcDbPolyline
 90
2
 70
0
 10
-568.9262445374246
 20
-250.25
 10
-570.0832622348604
 20
-286.0
  0
LWPOLYLINE
  5
312
330
17
100
AcDbEntity
  8
R1000
100
AcDbPolyline
 90
2
 70
0
 10
-610.0559402378575
 20
-214.5
 10
-567.9234958663136
 20
-214.5
  0
LWPOLYLINE
  5
313
330
17
100
AcDbEntity
  8
R1000
100
AcDbPolyline
 90
2
 70
0
 10
-611.0586889089685
 20
-250.25
 10
-610.0559402378575
 20
-214.5
  0
LWPOLYLINE
  5
314
330
17
100
AcDbEntity
  8
R1000
100
AcDbPolyline
 90
2
 70
0
 10
-567.9234958663136
 20
-214.5
 10
-568.9262445374246
 20
-250.25
  0
LWPOLYLINE
  5
315
330
17
100
AcDbEntity
  8
R1000
100
AcDbPolyline
 90
2
 70
0
 10
-609.2074605930713
 20
-178.75
 10
-567.0750162215274
 20
-178.75
  0
LWPOLYLINE
  5
316
330
17
100
AcDbEntity
  8
R1000
100
AcDbPolyline
 90
2
 70
0
 10
-610.0559402378575
 20
-214.5
 10
-609.2074605930713
 20
-178.75
  0
LWPOLYLINE
  5
317
330
17
100
AcDbEntity
  8
R1000
100
AcDbPolyline
 90
2
 70
0
 10
-567.0750162215274
 20
-178.75
 10
-567.9234958663136
 20
-214.5
  0
LWPOLYLINE
  5
318
330
17
100
AcDbEntity
  8
R1000
100
AcDbPolyline
 90
2
 70
0
 10
-608.5132499746098
 20
-143.0
 10
-566.3808056030659
 20
-143.0
  0
LWPOLYLINE
  5
319
330
17
100
AcDbEntity
  8
R1000
100
AcDbPolyline
 90
2
 70
0
 10
-609.2074605930713
 20
-178.75
 10
-608.5132499746098
 20
-143.0
  0
LWPOLYLINE
  5
31A
330
17
100
AcDbEntity
  8
R1000
100
AcDbPolyline
 90
2
 70
0
 10
-566.3808056030659
 20
-143.0
 10
-567.0750162215274
 20
-178.75
  0
LWPOLYLINE
  5
31B
330
17
100
AcDbEntity
  8
R1000
100
AcDbPolyline
 90
2
 70
0
 10
-607.9733083824731
 20
-107.25
 10
-565.8408640109292
 20
-107.25
  0
LWPOLYLINE
  5
31C
330
17
100
AcDbEntity
  8
R1000
100
AcDbPolyline
 90
2
 70
0
 10
-608.5132499746098
 20
-143.0
 10
-607.9733083824731
 20
-107.25
  0
LWPOLYLINE
  5
31D
330
17
100
AcDbEntity
  8
R1000
100
AcDbPolyline
 90
2
 70
0
 10
-565.8408640109292
 20
-107.25
 10
-566.3808056030659
 20
-143.0
  0
LWPOLYLINE
  5
31E
330
17
100
AcDbEntity
  8
R1000
100
AcDbPolyline
 90
2
 70
0
 10
-607.5876358166613
 20
-71.5
 10
-565.4551914451174
 20
-71.5
  0
LWPOLYLINE
  5
31F
330
17
100
AcDbEntity
  8
R1000
100
AcDbPolyline
 90
2
 70
0
 10
-607.9733083824731
 20
-107.25
 10
-607.5876358166613
 20
-71.5
  0
LWPOLYLINE
  5
320
330
17
100
AcDbEntity
  8
R1000
100
AcDbPolyline
 90
2
 70
0
 10
-565.4551914451174
 20
-71.5
 10
-565.8408640109292
 20
-107.25
  0
LWPOLYLINE
  5
321
330
17
100
AcDbEntity
  8
R1000
100
AcDbPolyline
 90
2
 70
0
 10
-607.3562322771741
 20
-35.75
 10
-565.2237879056302
 20
-35.75
  0
LWPOLYLINE
  5
322
330
17
100
AcDbEntity
  8
R1000
100
AcDbPolyline
 90
2
 70
0
 10
-607.5876358166613
 20
-71.5
 10
-607.3562322771741
 20
-35.75
  0
LWPOLYLINE
  5
323
330
17
100
AcDbEntity
  8
R1000
100
AcDbPolyline
 90
2
 70
0
 10
-565.2237879056302
 20
-35.75
 10
-565.4551914451174
 20
-71.5
  0
LWPOLYLINE
  5
324
330
17
100
AcDbEntity
  8
R1000
100
AcDbPolyline
 90
2
 70
0
 10
-607.2790977640117
 20
0.0
 10
-565.1466533924678
 20
0.0
  0
LWPOLYLINE
  5
325
330
17
100
AcDbEntity
  8
R1000
100
AcDbPolyline
 90
2
 70
0
 10
-607.3562322771741
 20
-35.75
 10
-607.2790977640117
 20
0.0
  0
LWPOLYLINE
  5
326
330
17
100
AcDbEntity
  8
R1000
100
AcDbPolyline
 90
2
 70
0
 10
-565.1466533924678
 20
0.0
 10
-565.2237879056302
 20
-35.75
  0
LWPOLYLINE
  5
327
330
17
100
AcDbEntity
  8
R1000
100
AcDbPolyline
 90
2
 70
0
 10
-607.3562322771741
 20
35.75
 10
-565.2237879056302
 20
35.75
  0
LWPOLYLINE
  5
328
330
17
100
AcDbEntity
  8
R1000
100
AcDbPolyline
 90
2
 70
0
 10
-607.2790977640117
 20
0.0
 10
-607.3562322771741
 20
35.75
  0
LWPOLYLINE
  5
329
330
17
100
AcDbEntity
  8
R1000
100
AcDbPolyline
 90
2
 70
0
 10
-565.2237879056302
 20
35.75
 10
-565.1466533924678
 20
0.0
  0
LWPOLYLINE
  5
32A
330
17
100
AcDbEntity
  8
R1000
100
AcDbPolyline
 90
2
 70
0
 10
-607.5876358166613
 20
71.5
 10
-565.4551914451174
 20
71.5
  0
LWPOLYLINE
  5
32B
330
17
100
AcDbEntity
  8
R1000
100
AcDbPolyline
 90
2
 70
0
 10
-607.3562322771741
 20
35.75
 10
-607.5876358166613
 20
71.5
  0
LWPOLYLINE
  5
32C
330
17
100
AcDbEntity
  8
R1000
100
AcDbPolyline
 90
2
 70
0
 10
-565.4551914451174
 20
71.5
 10
-565.2237879056302
 20
35.75
  0
LWPOLYLINE
  5
32D
330
17
100
AcDbEntity
  8
R1000
100
AcDbPolyline
 90
2
 70
0
 10
-607.9733083824731
 20
107.25
 10
-565.8408640109292
 20
107.25
  0
LWPOLYLINE
  5
32E
330
17
100
AcDbEntity
  8
R1000
100
AcDbPolyline
 90
2
 70
0
 10
-607.5876358166613
 20
71.5
 10
-607.9733083824731
 20
107.25
  0
LWPOLYLINE
  5
32F
330
17
100
AcDbEntity
  8
R1000
100
AcDbPolyline
 90
2
 70
0
 10
-565.8408640109292
 20
107.25
 10
-565.4551914451174
 20
71.5
  0
LWPOLYLINE
  5
330
330
17
100
AcDbEntity
  8
R1000
100
AcDbPolyline
 90
2
 70
0
 10
-608.5132499746098
 20
143.0
 10
-566.3808056030659
 20
143.0
  0
LWPOLYLINE
  5
331
330
17
100
AcDbEntity
  8
R1000
100
AcDbPolyline
 90
2
 70
0
 10
-607.9733083824731
 20
107.25
 10
-608.5132499746098
 20
143.0
  0
LWPOLYLINE
  5
332
330
17
100
AcDbEntity
  8
R1000
100
AcDbPolyline
 90
2
 70
0
 10
-566.3808056030659
 20
143.0
 10
-565.8408640109292
 20
107.25
  0
LWPOLYLINE
  5
333
330
17
100
AcDbEntity
  8
R1000
100
AcDbPolyline
 90
2
 70
0
 10
-609.2074605930713
 20
178.75
 10
-567.0750162215274
 20
178.75
  0
LWPOLYLINE
  5
334
330
17
100
AcDbEntity
  8
R1000
100
AcDbPolyline
 90
2
 70
0
 10
-608.5132499746098
 20
143.0
 10
-609.2074605930713
 20
178.75
  0
LWPOLYLINE
  5
335
330
17
100
AcDbEntity
  8
R1000
100
AcDbPolyline
 90
2
 70
0
 10
-567.0750162215274
 20
178.75
 10
-566.3808056030659
 20
143.0
  0
LWPOLYLINE
  5
336
330
17
100
AcDbEntity
  8
R1000
100
AcDbPolyline
 90
2
 70
0
 10
-610.0559402378575
 20
214.5
 10
-567.9234958663136
 20
214.5
  0
LWPOLYLINE
  5
337
330
17
100
AcDbEntity
  8
R1000
100
AcDbPolyline
 90
2
 70
0
 10
-609.2074605930713
 20
178.75
 10
-610.0559402378575
 20
214.5
  0
LWPOLYLINE
  5
338
330
17
100
AcDbEntity
  8
R1000
100
AcDbPolyline
 90
2
 70
0
 10
-567.9234958663136
 20
214.5
 10
-567.0750162215274
 20
178.75
  0
LWPOLYLINE
  5
339
330
17
100
AcDbEntity
  8
R1000
100
AcDbPolyline
 90
2
 70
0
 10
-611.0586889089685
 20
250.25
 10
-568.9262445374246
 20
250.25
  0
LWPOLYLINE
  5
33A
330
17
100
AcDbEntity
  8
R1000
100
AcDbPolyline
 90
2
 70
0
 10
-610.0559402378575
 20
214.5
 10
-611.0586889089685
 20
250.25
  0
LWPOLYLINE
  5
33B
330
17
100
AcDbEntity
  8
R1000
100
AcDbPolyline
 90
2
 70
0
 10
-568.9262445374246
 20
250.25
 10
-567.9234958663136
 20
214.5
  0
LWPOLYLINE
  5
33C
330
17
100
AcDbEntity
  8
R1000
100
AcDbPolyline
 90
2
 70
0
 10
-612.2157066064043
 20
286.0
 10
-570.0832622348604
 20
286.0
  0
LWPOLYLINE
  5
33D
330
17
100
AcDbEntity
  8
R1000
100
AcDbPolyline
 90
2
 70
0
 10
-611.0586889089685
 20
250.25
 10
-612.2157066064043
 20
286.0
  0
LWPOLYLINE
  5
33E
330
17
100
AcDbEntity
  8
R1000
100
AcDbPolyline
 90
2
 70
0
 10
-570.0832622348604
 20
286.0
 10
-568.9262445374246
 20
250.25
  0
LWPOLYLINE
  5
33F
330
17
100
AcDbEntity
  8
R1000
100
AcDbPolyline
 90
2
 70
0
 10
-613.5269933301648
 20
321.75
 10
-571.3945489586209
 20
321.75
  0
LWPOLYLINE
  5
340
330
17
100
AcDbEntity
  8
R1000
100
AcDbPolyline
 90
2
 70
0
 10
-612.2157066064043
 20
286.0
 10
-613.5269933301648
 20
321.75
  0
LWPOLYLINE
  5
341
330
17
100
AcDbEntity
  8
R1000
100
AcDbPolyline
 90
2
 70
0
 10
-571.3945489586209
 20
321.75
 10
-570.0832622348604
 20
286.0
  0
LWPOLYLINE
  5
342
330
17
100
AcDbEntity
  8
R1000
100
AcDbPolyline
 90
2
 70
0
 10
-614.9925490802502
 20
357.5
 10
-572.8601047087063
 20
357.5
  0
LWPOLYLINE
  5
343
330
17
100
AcDbEntity
  8
R1000
100
AcDbPolyline
 90
2
 70
0
 10
-613.5269933301648
 20
321.75
 10
-614.9925490802502
 20
357.5
  0
LWPOLYLINE
  5
344
330
17
100
AcDbEntity
  8
R1000
100
AcDbPolyline
 90
2
 70
0
 10
-572.8601047087063
 20
357.5
 10
-571.3945489586209
 20
321.75
  0
LWPOLYLINE
  5
345
330
17
100
AcDbEntity
  8
R1000
100
AcDbPolyline
 90
2
 70
0
 10
-609.2074605930713
 20
357.5
 10
-567.0750162215274
 20
357.5
  0
LWPOLYLINE
  5
346
330
17
100
AcDbEntity
  8
R1000
100
AcDbPolyline
 90
2
 70
0
 10
-614.9925490802502
 20
357.5
 10
-609.2074605930713
 20
357.5
  0
LWPOLYLINE
  5
347
330
17
100
AcDbEntity
  8
R1000
100
AcDbPolyline
 90
2
 70
0
 10
-567.0750162215274
 20
357.5
 10
-572.8601047087063
 20
357.5
  0
LWPOLYLINE
  5
348
330
17
100
AcDbEntity
  8
R1000
100
AcDbPolyline
 90
2
 70
0
 10
-607.7419048429861
 20
321.75
 10
-565.6094604714422
 20
321.75
  0
LWPOLYLINE
  5
349
330
17
100
AcDbEntity
  8
R1000
100
AcDbPolyline
 90
2
 70
0
 10
-609.2074605930713
 20
357.5
 10
-607.7419048429861
 20
321.75
  0
LWPOLYLINE
  5
34A
330
17
100
AcDbEntity
  8
R1000
100
AcDbPolyline
 90
2
 70
0
 10
-565.6094604714422
 20
321.75
 10
-567.0750162215274
 20
357.5
  0
LWPOLYLINE
  5
34B
330
17
100
AcDbEntity
  8
R1000
100
AcDbPolyline
 90
2
 70
0
 10
-606.4306181192255
 20
286.0
 10
-564.2981737476816
 20
286.0
  0
LWPOLYLINE
  5
34C
330
17
100
AcDbEntity
  8
R1000
100
AcDbPolyline
 90
2
 70
0
 10
-607.7419048429861
 20
321.75
 10
-606.4306181192255
 20
286.0
  0
LWPOLYLINE
  5
34D
330
17
100
AcDbEntity
  8
R1000
100
AcDbPolyline
 90
2
 70
0
 10
-564.2981737476816
 20
286.0
 10
-565.6094604714422
 20
321.75
  0
LWPOLYLINE
  5
34E
330
17
100
AcDbEntity
  8
R1000
100
AcDbPolyline
 90
2
 70
0
 10
-605.2736004217898
 20
250.25
 10
-563.1411560502459
 20
250.25
  0
LWPOLYLINE
  5
34F
330
17
100
AcDbEntity
  8
R1000
100
AcDbPolyline
 90
2
 70
0
 10
-606.4306181192255
 20
286.0
 10
-605.2736004217898
 20
250.25
  0
LWPOLYLINE
  5
350
330
17
100
AcDbEntity
  8
R1000
100
AcDbPolyline
 90
2
 70
0
 10
-563.1411560502459
 20
250.25
 10
-564.2981737476816
 20
286.0
  0
LWPOLYLINE
  5
351
330
17
100
AcDbEntity
  8
R1000
100
AcDbPolyline
 90
2
 70
0
 10
-604.2708517506787
 20
214.5
 10
-562.1384073791348
 20
214.5
  0
LWPOLYLINE
  5
352
330
17
100
AcDbEntity
  8
R1000
100
AcDbPolyline
 90
2
 70
0
 10
-605.2736004217898
 20
250.25
 10
-604.2708517506787
 20
214.5
  0
LWPOLYLINE
  5
353
330
17
100
AcDbEntity
  8
R1000
100
AcDbPolyline
 90
2
 70
0
 10
-562.1384073791348
 20
214.5
 10
-563.1411560502459
 20
250.25
  0
LWPOLYLINE
  5
354
330
17
100
AcDbEntity
  8
R1000
100
AcDbPolyline
 90
2
 70
0
 10
-603.4223721058925
 20
178.75
 10
-561.2899277343486
 20
178.75
  0
LWPOLYLINE
  5
355
330
17
100
AcDbEntity
  8
R1000
100
AcDbPolyline
 90
2
 70
0
 10
-604.2708517506787
 20
214.5
 10
-603.4223721058925
 20
178.75
  0
LWPOLYLINE
  5
356
330
17
100
AcDbEntity
  8
R1000
100
AcDbPolyline
 90
2
 70
0
 10
-561.2899277343486
 20
178.75
 10
-562.1384073791348
 20
214.5
  0
LWPOLYLINE
  5
357
330
17
100
AcDbEntity
  8
R1000
100
AcDbPolyline
 90
2
 70
0
 10
-602.728161487431
 20
143.0
 10
-560.595717115887
 20
143.0
  0
LWPOLYLINE
  5
358
330
17
100
AcDbEntity
  8
R1000
100
AcDbPolyline
 90
2
 70
0
 10
-603.4223721058925
 20
178.75
 10
-602.728161487431
 20
143.0
  0
LWPOLYLINE
  5
359
330
17
100
AcDbEntity
  8
R1000
100
AcDbPolyline
 90
2
 70
0
 10
-560.595717115887
 20
143.0
 10
-561.2899277343486
 20
178.75
  0
LWPOLYLINE
  5
35A
330
17
100
AcDbEntity
  8
R1000
100
AcDbPolyline
 90
2
 70
0
 10
-602.1882198952942
 20
107.25
 10
-560.0557755237503
 20
107.25
  0
LWPOLYLINE
  5
35B
330
17
100
AcDbEntity
  8
R1000
100
AcDbPolyline
 90
2
 70
0
 10
-602.728161487431
 20
143.0
 10
-602.1882198952942
 20
107.25
  0
LWPOLYLINE
  5
35C
330
17
100
AcDbEntity
  8
R1000
100
AcDbPolyline
 90
2
 70
0
 10
-560.0557755237503
 20
107.25
 10
-560.595717115887
 20
143.0
  0
LWPOLYLINE
  5
35D
330
17
100
AcDbEntity
  8
R1000
100
AcDbPolyline
 90
2
 70
0
 10
-601.8025473294824
 20
71.5
 10
-559.6701029579385
 20
71.5
  0
LWPOLYLINE
  5
35E
330
17
100
AcDbEntity
  8
R1000
100
AcDbPolyline
 90
2
 70
0
 10
-602.1882198952942
 20
107.25
 10
-601.8025473294824
 20
71.5
  0
LWPOLYLINE
  5
35F
330
17
100
AcDbEntity
  8
R1000
100
AcDbPolyline
 90
2
 70
0
 10
-559.6701029579385
 20
71.5
 10
-560.0557755237503
 20
107.25
  0
LWPOLYLINE
  5
360
330
17
100
AcDbEntity
  8
R1000
100
AcDbPolyline
 90
2
 70
0
 10
-601.5711437899952
 20
35.75
 10
-559.4386994184513
 20
35.75
  0
LWPOLYLINE
  5
361
330
17
100
AcDbEntity
  8
R1000
100
AcDbPolyline
 90
2
 70
0
 10
-601.8025473294824
 20
71.5
 10
-601.5711437899952
 20
35.75
  0
LWPOLYLINE
  5
362
330
17
100
AcDbEntity
  8
R1000
100
AcDbPolyline
 90
2
 70
0
 10
-559.4386994184513
 20
35.75
 10
-559.6701029579385
 20
71.5
  0
LWPOLYLINE
  5
363
330
17
100
AcDbEntity
  8
R1000
100
AcDbPolyline
 90
2
 70
0
 10
-601.4940092768328
 20
0.0
 10
-559.3615649052889
 20
0.0
  0
LWPOLYLINE
  5
364
330
17
100
AcDbEntity
  8
R1000
100
AcDbPolyline
 90
2
 70
0
 10
-601.5711437899952
 20
35.75
 10
-601.4940092768328
 20
0.0
  0
LWPOLYLINE
  5
365
330
17
100
AcDbEntity
  8
R1000
100
AcDbPolyline
 90
2
 70
0
 10
-559.3615649052889
 20
0.0
 10
-559.4386994184513
 20
35.75
  0
LWPOLYLINE
  5
366
330
17
100
AcDbEntity
  8
R1000
100
AcDbPolyline
 90
2
 70
0
 10
-601.5711437899952
 20
-35.75
 10
-559.4386994184513
 20
-35.75
  0
LWPOLYLINE
  5
367
330
17
100
AcDbEntity
  8
R1000
100
AcDbPolyline
 90
2
 70
0
 10
-601.4940092768328
 20
0.0
 10
-601.5711437899952
 20
-35.75
  0
LWPOLYLINE
  5
368
330
17
100
AcDbEntity
  8
R1000
100
AcDbPolyline
 90
2
 70
0
 10
-559.4386994184513
 20
-35.75
 10
-559.3615649052889
 20
0.0
  0
LWPOLYLINE
  5
369
330
17
100
AcDbEntity
  8
R1000
100
AcDbPolyline
 90
2
 70
0
 10
-601.8025473294824
 20
-71.5
 10
-559.6701029579385
 20
-71.5
  0
LWPOLYLINE
  5
36A
330
17
100
AcDbEntity
  8
R1000
100
AcDbPolyline
 90
2
 70
0
 10
-601.5711437899952
 20
-35.75
 10
-601.8025473294824
 20
-71.5
  0
LWPOLYLINE
  5
36B
330
17
100
AcDbEntity
  8
R1000
100
AcDbPolyline
 90
2
 70
0
 10
-559.6701029579385
 20
-71.5
 10
-559.4386994184513
 20
-35.75
  0
LWPOLYLINE
  5
36C
330
17
100
AcDbEntity
  8
R1000
100
AcDbPolyline
 90
2
 70
0
 10
-602.1882198952942
 20
-107.25
 10
-560.0557755237503
 20
-107.25
  0
LWPOLYLINE
  5
36D
330
17
100
AcDbEntity
  8
R1000
100
AcDbPolyline
 90
2
 70
0
 10
-601.8025473294824
 20
-71.5
 10
-602.1882198952942
 20
-107.25
  0
LWPOLYLINE
  5
36E
330
17
100
AcDbEntity
  8
R1000
100
AcDbPolyline
 90
2
 70
0
 10
-560.0557755237503
 20
-107.25
 10
-559.6701029579385
 20
-71.5
  0
LWPOLYLINE
  5
36F
330
17
100
AcDbEntity
  8
R1000
100
AcDbPolyline
 90
2
 70
0
 10
-602.728161487431
 20
-143.0
 10
-560.595717115887
 20
-143.0
  0
LWPOLYLINE
  5
370
330
17
100
AcDbEntity
  8
R1000
100
AcDbPolyline
 90
2
 70
0
 10
-602.1882198952942
 20
-107.25
 10
-602.728161487431
 20
-143.0
  0
LWPOLYLINE
  5
371
330
17
100
AcDbEntity
  8
R1000
100
AcDbPolyline
 90
2
 70
0
 10
-560.595717115887
 20
-143.0
 10
-560.0557755237503
 20
-107.25
  0
LWPOLYLINE
  5
372
330
17
100
AcDbEntity
  8
R1000
100
AcDbPolyline
 90
2
 70
0
 10
-603.4223721058925
 20
-178.75
 10
-561.2899277343486
 20
-178.75
  0
LWPOLYLINE
  5
373
330
17
100
AcDbEntity
  8
R1000
100
AcDbPolyline
 90
2
 70
0
 10
-602.728161487431
 20
-143.0
 10
-603.4223721058925
 20
-178.75
  0
LWPOLYLINE
  5
374
330
17
100
AcDbEntity
  8
R1000
100
AcDbPolyline
 90
2
 70
0
 10
-561.2899277343486
 20
-178.75
 10
-560.595717115887
 20
-143.0
  0
LWPOLYLINE
  5
375
330
17
100
AcDbEntity
  8
R1000
100
AcDbPolyline
 90
2
 70
0
 10
-604.2708517506787
 20
-214.5
 10
-562.1384073791348
 20
-214.5
  0
LWPOLYLINE
  5
376
330
17
100
AcDbEntity
  8
R1000
100
AcDbPolyline
 90
2
 70
0
 10
-603.4223721058925
 20
-178.75
 10
-604.2708517506787
 20
-214.5
  0
LWPOLYLINE
  5
377
330
17
100
AcDbEntity
  8
R1000
100
AcDbPolyline
 90
2
 70
0
 10
-562.1384073791348
 20
-214.5
 10
-561.2899277343486
 20
-178.75
  0
LWPOLYLINE
  5
378
330
17
100
AcDbEntity
  8
R1000
100
AcDbPolyline
 90
2
 70
0
 10
-605.2736004217898
 20
-250.25
 10
-563.1411560502459
 20
-250.25
  0
LWPOLYLINE
  5
379
330
17
100
AcDbEntity
  8
R1000
100
AcDbPolyline
 90
2
 70
0
 10
-604.2708517506787
 20
-214.5
 10
-605.2736004217898
 20
-250.25
  0
LWPOLYLINE
  5
37A
330
17
100
AcDbEntity
  8
R1000
100
AcDbPolyline
 90
2
 70
0
 10
-563.1411560502459
 20
-250.25
 10
-562.1384073791348
 20
-214.5
  0
LWPOLYLINE
  5
37B
330
17
100
AcDbEntity
  8
R1000
100
AcDbPolyline
 90
2
 70
0
 10
-606.4306181192255
 20
-286.0
 10
-564.2981737476816
 20
-286.0
  0
LWPOLYLINE
  5
37C
330
17
100
AcDbEntity
  8
R1000
100
AcDbPolyline
 90
2
 70
0
 10
-605.2736004217898
 20
-250.25
 10
-606.4306181192255
 20
-286.0
  0
LWPOLYLINE
  5
37D
330
17
100
AcDbEntity
  8
R1000
100
AcDbPolyline
 90
2
 70
0
 10
-564.2981737476816
 20
-286.0
 10
-563.1411560502459
 20
-250.25
  0
LWPOLYLINE
  5
37E
330
17
100
AcDbEntity
  8
R1000
100
AcDbPolyline
 90
2
 70
0
 10
-607.7419048429861
 20
-321.75
 10
-565.6094604714422
 20
-321.75
  0
LWPOLYLINE
  5
37F
330
17
100
AcDbEntity
  8
R1000
100
AcDbPolyline
 90
2
 70
0
 10
-606.4306181192255
 20
-286.0
 10
-607.7419048429861
 20
-321.75
  0
LWPOLYLINE
  5
380
330
17
100
AcDbEntity
  8
R1000
100
AcDbPolyline
 90
2
 70
0
 10
-565.6094604714422
 20
-321.75
 10
-564.2981737476816
 20
-286.0
  0
LWPOLYLINE
  5
381
330
17
100
AcDbEntity
  8
R1000
100
AcDbPolyline
 90
2
 70
0
 10
-609.2074605930713
 20
-357.5
 10
-567.0750162215274
 20
-357.5
  0
LWPOLYLINE
  5
382
330
17
100
AcDbEntity
  8
R1000
100
AcDbPolyline
 90
2
 70
0
 10
-607.7419048429861
 20
-321.75
 10
-609.2074605930713
 20
-357.5
  0
LWPOLYLINE
  5
383
330
17
100
AcDbEntity
  8
R1000
100
AcDbPolyline
 90
2
 70
0
 10
-567.0750162215274
 20
-357.5
 10
-565.6094604714422
 20
-321.75
  0
LWPOLYLINE
  5
384
330
17
100
AcDbEntity
  8
R1000
100
AcDbPolyline
 90
2
 70
0
 10
-609.2074605930713
 20
-357.5
 10
-614.9925490802502
 20
-357.5
  0
LWPOLYLINE
  5
385
330
17
100
AcDbEntity
  8
R1000
100
AcDbPolyline
 90
2
 70
0
 10
-572.8601047087063
 20
-357.5
 10
-567.0750162215274
 20
-357.5
  0
LWPOLYLINE
  5
387
330
17
100
AcDbEntity
  8
R1001
100
AcDbPolyline
 90
2
 70
0
 10
-492.97261278344143
 20
-357.5
 10
-535.1050571549852
 20
-357.5
  0
LWPOLYLINE
  5
388
330
17
100
AcDbEntity
  8
R1001
100
AcDbPolyline
 90
2
 70
0
 10
-533.6395014048999
 20
-321.75
 10
-491.5070570333561
 20
-321.75
  0
LWPOLYLINE
  5
389
330
17
100
AcDbEntity
  8
R1001
100
AcDbPolyline
 90
2
 70
0
 10
-535.1050571549852
 20
-357.5
 10
-533.6395014048999
 20
-321.75
  0
LWPOLYLINE
  5
38A
330
17
100
AcDbEntity
  8
R1001
100
AcDbPolyline
 90
2
 70
0
 10
-491.5070570333561
 20
-321.75
 10
-492.97261278344143
 20
-357.5
  0
LWPOLYLINE
  5
38B
330
17
100
AcDbEntity
  8
R1001
100
AcDbPolyline
 90
2
 70
0
 10
-532.3282146811393
 20
-286.0
 10
-490.19577030959556
 20
-286.0
  0
LWPOLYLINE
  5
38C
330
17
100
AcDbEntity
  8
R1001
100
AcDbPolyline
 90
2
 70
0
 10
-533.6395014048999
 20
-321.75
 10
-532.3282146811393
 20
-286.0
  0
LWPOLYLINE
  5
38D
330
17
100
AcDbEntity
  8
R1001
100
AcDbPolyline
 90
2
 70
0
 10
-490.19577030959556
 20
-286.0
 10
-491.5070570333561
 20
-321.75
  0
LWPOLYLINE
  5
38E
330
17
100
AcDbEntity
  8
R1001
100
AcDbPolyline
 90
2
 70
0
 10
-531.1711969837036
 20
-250.25
 10
-489.0387526121598
 20
-250.25
  0
LWPOLYLINE
  5
38F
330
17
100
AcDbEntity
  8
R1001
100
AcDbPolyline
 90
2
 70
0
 10
-532.3282146811393
 20
-286.0
 10
-531.1711969837036
 20
-250.25
  0
LWPOLYLINE
  5
390
330
17
100
AcDbEntity
  8
R1001
100
AcDbPolyline
 90
2
 70
0
 10
-489.0387526121598
 20
-250.25
 10
-490.19577030959556
 20
-286.0
  0
LWPOLYLINE
  5
391
330
17
100
AcDbEntity
  8
R1001
100
AcDbPolyline
 90
2
 70
0
 10
-530.1684483125925
 20
-214.5
 10
-488.03600394104876
 20
-214.5
  0
LWPOLYLINE
  5
392
330
17
100
AcDbEntity
  8
R1001
100
AcDbPolyline
 90
2
 70
0
 10
-531.1711969837036
 20
-250.25
 10
-530.1684483125925
 20
-214.5
  0
LWPOLYLINE
  5
393
330
17
100
AcDbEntity
  8
R1001
100
AcDbPolyline
 90
2
 70
0
 10
-488.03600394104876
 20
-214.5
 10
-489.0387526121598
 20
-250.25
  0
LWPOLYLINE
  5
394
330
17
100
AcDbEntity
  8
R1001
100
AcDbPolyline
 90
2
 70
0
 10
-529.3199686678063
 20
-178.75
 10
-487.18752429626255
 20
-178.75
  0
LWPOLYLINE
  5
395
330
17
100
AcDbEntity
  8
R1001
100
AcDbPolyline
 90
2
 70
0
 10
-530.1684483125925
 20
-214.5
 10
-529.3199686678063
 20
-178.75
  0
LWPOLYLINE
  5
396
330
17
100
AcDbEntity
  8
R1001
100
AcDbPolyline
 90
2
 70
0
 10
-487.18752429626255
 20
-178.75
 10
-488.03600394104876
 20
-214.5
  0
LWPOLYLINE
  5
397
330
17
100
AcDbEntity
  8
R1001
100
AcDbPolyline
 90
2
 70
0
 10
-528.6257580493449
 20
-143.0
 10
-486.4933136778011
 20
-143.0
  0
LWPOLYLINE
  5
398
330
17
100
AcDbEntity
  8
R1001
100
AcDbPolyline
 90
2
 70
0
 10
-529.3199686678063
 20
-178.75
 10
-528.6257580493449
 20
-143.0
  0
LWPOLYLINE
  5
399
330
17
100
AcDbEntity
  8
R1001
100
AcDbPolyline
 90
2
 70
0
 10
-486.4933136778011
 20
-143.0
 10
-487.18752429626255
 20
-178.75
  0
LWPOLYLINE
  5
39A
330
17
100
AcDbEntity
  8
R1001
100
AcDbPolyline
 90
2
 70
0
 10
-528.0858164572082
 20
-107.25
 10
-485.9533720856644
 20
-107.25
  0
LWPOLYLINE
  5
39B
330
17
100
AcDbEntity
  8
R1001
100
AcDbPolyline
 90
2
 70
0
 10
-528.6257580493449
 20
-143.0
 10
-528.0858164572082
 20
-107.25
  0
LWPOLYLINE
  5
39C
330
17
100
AcDbEntity
  8
R1001
100
AcDbPolyline
 90
2
 70
0
 10
-485.9533720856644
 20
-107.25
 10
-486.4933136778011
 20
-143.0
  0
LWPOLYLINE
  5
39D
330
17
100
AcDbEntity
  8
R1001
100
AcDbPolyline
 90
2
 70
0
 10
-527.7001438913962
 20
-71.5
 10
-485.5676995198525
 20
-71.5
  0
LWPOLYLINE
  5
39E
330
17
100
AcDbEntity
  8
R1001
100
AcDbPolyline
 90
2
 70
0
 10
-528.0858164572082
 20
-107.25
 10
-527.7001438913962
 20
-71.5
  0
LWPOLYLINE
  5
39F
330
17
100
AcDbEntity
  8
R1001
100
AcDbPolyline
 90
2
 70
0
 10
-485.5676995198525
 20
-71.5
 10
-485.9533720856644
 20
-107.25
  0
LWPOLYLINE
  5
3A0
330
17
100
AcDbEntity
  8
R1001
100
AcDbPolyline
 90
2
 70
0
 10
-527.4687403519091
 20
-35.75
 10
-485.3362959803653
 20
-35.75
  0
LWPOLYLINE
  5
3A1
330
17
100
AcDbEntity
  8
R1001
100
AcDbPolyline
 90
2
 70
0
 10
-527.7001438913962
 20
-71.5
 10
-527.4687403519091
 20
-35.75
  0
LWPOLYLINE
  5
3A2
330
17
100
AcDbEntity
  8
R1001
100
AcDbPolyline
 90
2
 70
0
 10
-485.3362959803653
 20
-35.75
 10
-485.5676995198525
 20
-71.5
  0
LWPOLYLINE
  5
3A3
330
17
100
AcDbEntity
  8
R1001
100
AcDbPolyline
 90
2
 70
0
 10
-527.3916058387467
 20
0.0
 10
-485.25916146720294
 20
0.0
  0
LWPOLYLINE
  5
3A4
330
17
100
AcDbEntity
  8
R1001
100
AcDbPolyline
 90
2
 70
0
 10
-527.4687403519091
 20
-35.75
 10
-527.3916058387467
 20
0.0
  0
LWPOLYLINE
  5
3A5
330
17
100
AcDbEntity
  8
R1001
100
AcDbPolyline
 90
2
 70
0
 10
-485.25916146720294
 20
0.0
 10
-485.3362959803653
 20
-35.75
  0
LWPOLYLINE
  5
3A6
330
17
100
AcDbEntity
  8
R1001
100
AcDbPolyline
 90
2
 70
0
 10
-527.4687403519091
 20
35.75
 10
-485.3362959803653
 20
35.75
  0
LWPOLYLINE
  5
3A7
330
17
100
AcDbEntity
  8
R1001
100
AcDbPolyline
 90
2
 70
0
 10
-527.3916058387467
 20
0.0
 10
-527.4687403519091
 20
35.75
  0
LWPOLYLINE
  5
3A8
330
17
100
AcDbEntity
  8
R1001
100
AcDbPolyline
 90
2
 70
0
 10
-485.3362959803653
 20
35.75
 10
-485.25916146720294
 20
0.0
  0
LWPOLYLINE
  5
3A9
330
17
100
AcDbEntity
  8
R1001
100
AcDbPolyline
 90
2
 70
0
 10
-527.7001438913962
 20
71.5
 10
-485.5676995198525
 20
71.5
  0
LWPOLYLINE
  5
3AA
330
17
100
AcDbEntity
  8
R1001
100
AcDbPolyline
 90
2
 70
0
 10
-527.4687403519091
 20
35.75
 10
-527.7001438913962
 20
71.5
  0
LWPOLYLINE
  5
3AB
330
17
100
AcDbEntity
  8
R1001
100
AcDbPolyline
 90
2
 70
0
 10
-485.5676995198525
 20
71.5
 10
-485.3362959803653
 20
35.75
  0
LWPOLYLINE
  5
3AC
330
17
100
AcDbEntity
  8
R1001
100
AcDbPolyline
 90
2
 70
0
 10
-528.0858164572082
 20
107.25
 10
-485.9533720856644
 20
107.25
  0
LWPOLYLINE
  5
3AD
330
17
100
AcDbEntity
  8
R1001
100
AcDbPolyline
 90
2
 70
0
 10
-527.7001438913962
 20
71.5
 10
-528.0858164572082
 20
107.25
  0
LWPOLYLINE
  5
3AE
330
17
100
AcDbEntity
  8
R1001
100
AcDbPolyline
 90
2
 70
0
 10
-485.9533720856644
 20
107.25
 10
-485.5676995198525
 20
71.5
  0
LWPOLYLINE
  5
3AF
330
17
100
AcDbEntity
  8
R1001
100
AcDbPolyline
 90
2
 70
0
 10
-528.6257580493449
 20
143.0
 10
-486.4933136778011
 20
143.0
  0
LWPOLYLINE
  5
3B0
330
17
100
AcDbEntity
  8
R1001
100
AcDbPolyline
 90
2
 70
0
 10
-528.0858164572082
 20
107.25
 10
-528.6257580493449
 20
143.0
  0
LWPOLYLINE
  5
3B1
330
17
100
AcDbEntity
  8
R1001
100
AcDbPolyline
 90
2
 70
0
 10
-486.4933136778011
 20
143.0
 10
-485.9533720856644
 20
107.25
  0
LWPOLYLINE
  5
3B2
330
17
100
AcDbEntity
  8
R1001
100
AcDbPolyline
 90
2
 70
0
 10
-529.3199686678063
 20
178.75
 10
-487.18752429626255
 20
178.75
  0
LWPOLYLINE
  5
3B3
330
17
100
AcDbEntity
  8
R1001
100
AcDbPolyline
 90
2
 70
0
 10
-528.6257580493449
 20
143.0
 10
-529.3199686678063
 20
178.75
  0
LWPOLYLINE
  5
3B4
330
17
100
AcDbEntity
  8
R1001
100
AcDbPolyline
 90
2
 70
0
 10
-487.18752429626255
 20
178.75
 10
-486.4933136778011
 20
143.0
  0
LWPOLYLINE
  5
3B5
330
17
100
AcDbEntity
  8
R1001
100
AcDbPolyline
 90
2
 70
0
 10
-530.1684483125925
 20
214.5
 10
-488.03600394104876
 20
214.5
  0
LWPOLYLINE
  5
3B6
330
17
100
AcDbEntity
  8
R1001
100
AcDbPolyline
 90
2
 70
0
 10
-529.3199686678063
 20
178.75
 10
-530.1684483125925
 20
214.5
  0
LWPOLYLINE
  5
3B7
330
17
100
AcDbEntity
  8
R1001
100
AcDbPolyline
 90
2
 70
0
 10
-488.03600394104876
 20
214.5
 10
-487.18752429626255
 20
178.75
  0
LWPOLYLINE
  5
3B8
330
17
100
AcDbEntity
  8
R1001
100
AcDbPolyline
 90
2
 70
0
 10
-531.1711969837036
 20
250.25
 10
-489.0387526121598
 20
250.25
  0
LWPOLYLINE
  5
3B9
330
17
100
AcDbEntity
  8
R1001
100
AcDbPolyline
 90
2
 70
0
 10
-530.1684483125925
 20
214.5
 10
-531.1711969837036
 20
250.25
  0
LWPOLYLINE
  5
3BA
330
17
100
AcDbEntity
  8
R1001
100
AcDbPolyline
 90
2
 70
0
 10
-489.0387526121598
 20
250.25
 10
-488.03600394104876
 20
214.5
  0
LWPOLYLINE
  5
3BB
330
17
100
AcDbEntity
  8
R1001
100
AcDbPolyline
 90
2
 70
0
 10
-532.3282146811393
 20
286.0
 10
-490.19577030959556
 20
286.0
  0
LWPOLYLINE
  5
3BC
330
17
100
AcDbEntity
  8
R1001
100
AcDbPolyline
 90
2
 70
0
 10
-531.1711969837036
 20
250.25
 10
-532.3282146811393
 20
286.0
  0
LWPOLYLINE
  5
3BD
330
17
100
AcDbEntity
  8
R1001
100
AcDbPolyline
 90
2
 70
0
 10
-490.19577030959556
 20
286.0
 10
-489.0387526121598
 20
250.25
  0
LWPOLYLINE
  5
3BE
330
17
100
AcDbEntity
  8
R1001
100
AcDbPolyline
 90
2
 70
0
 10
-533.6395014048999
 20
321.75
 10
-491.5070570333561
 20
321.75
  0
LWPOLYLINE
  5
3BF
330
17
100
AcDbEntity
  8
R1001
100
AcDbPolyline
 90
2
 70
0
 10
-532.3282146811393
 20
286.0
 10
-533.6395014048999
 20
321.75
  0
LWPOLYLINE
  5
3C0
330
17
100
AcDbEntity
  8
R1001
100
AcDbPolyline
 90
2
 70
0
 10
-491.5070570333561
 20
321.75
 10
-490.19577030959556
 20
286.0
  0
LWPOLYLINE
  5
3C1
330
17
100
AcDbEntity
  8
R1001
100
AcDbPolyline
 90
2
 70
0
 10
-535.1050571549852
 20
357.5
 10
-492.97261278344143
 20
357.5
  0
LWPOLYLINE
  5
3C2
330
17
100
AcDbEntity
  8
R1001
100
AcDbPolyline
 90
2
 70
0
 10
-533.6395014048999
 20
321.75
 10
-535.1050571549852
 20
357.5
  0
LWPOLYLINE
  5
3C3
330
17
100
AcDbEntity
  8
R1001
100
AcDbPolyline
 90
2
 70
0
 10
-492.97261278344143
 20
357.5
 10
-491.5070570333561
 20
321.75
  0
LWPOLYLINE
  5
3C4
330
17
100
AcDbEntity
  8
R1001
100
AcDbPolyline
 90
2
 70
0
 10
-529.3199686678063
 20
357.5
 10
-487.18752429626255
 20
357.5
  0
LWPOLYLINE
  5
3C5
330
17
100
AcDbEntity
  8
R1001
100
AcDbPolyline
 90
2
 70
0
 10
-535.1050571549852
 20
357.5
 10
-529.3199686678063
 20
357.5
  0
LWPOLYLINE
  5
3C6
330
17
100
AcDbEntity
  8
R1001
100
AcDbPolyline
 90
2
 70
0
 10
-487.18752429626255
 20
357.5
 10
-492.97261278344143
 20
357.5
  0
LWPOLYLINE
  5
3C7
330
17
100
AcDbEntity
  8
R1001
100
AcDbPolyline
 90
2
 70
0
 10
-527.854412917721
 20
321.75
 10
-485.72196854617727
 20
321.75
  0
LWPOLYLINE
  5
3C8
330
17
100
AcDbEntity
  8
R1001
100
AcDbPolyline
 90
2
 70
0
 10
-529.3199686678063
 20
357.5
 10
-527.854412917721
 20
321.75
  0
LWPOLYLINE
  5
3C9
330
17
100
AcDbEntity
  8
R1001
100
AcDbPolyline
 90
2
 70
0
 10
-485.72196854617727
 20
321.75
 10
-487.18752429626255
 20
357.5
  0
LWPOLYLINE
  5
3CA
330
17
100
AcDbEntity
  8
R1001
100
AcDbPolyline
 90
2
 70
0
 10
-526.5431261939605
 20
286.0
 10
-484.41068182241673
 20
286.0
  0
LWPOLYLINE
  5
3CB
330
17
100
AcDbEntity
  8
R1001
100
AcDbPolyline
 90
2
 70
0
 10
-527.854412917721
 20
321.75
 10
-526.5431261939605
 20
286.0
  0
LWPOLYLINE
  5
3CC
330
17
100
AcDbEntity
  8
R1001
100
AcDbPolyline
 90
2
 70
0
 10
-484.41068182241673
 20
286.0
 10
-485.72196854617727
 20
321.75
  0
LWPOLYLINE
  5
3CD
330
17
100
AcDbEntity
  8
R1001
100
AcDbPolyline
 90
2
 70
0
 10
-525.3861084965247
 20
250.25
 10
-483.25366412498096
 20
250.25
  0
LWPOLYLINE
  5
3CE
330
17
100
AcDbEntity
  8
R1001
100
AcDbPolyline
 90
2
 70
0
 10
-526.5431261939605
 20
286.0
 10
-525.3861084965247
 20
250.25
  0
LWPOLYLINE
  5
3CF
330
17
100
AcDbEntity
  8
R1001
100
AcDbPolyline
 90
2
 70
0
 10
-483.25366412498096
 20
250.25
 10
-484.41068182241673
 20
286.0
  0
LWPOLYLINE
  5
3D0
330
17
100
AcDbEntity
  8
R1001
100
AcDbPolyline
 90
2
 70
0
 10
-524.3833598254137
 20
214.5
 10
-482.25091545386994
 20
214.5
  0
LWPOLYLINE
  5
3D1
330
17
100
AcDbEntity
  8
R1001
100
AcDbPolyline
 90
2
 70
0
 10
-525.3861084965247
 20
250.25
 10
-524.3833598254137
 20
214.5
  0
LWPOLYLINE
  5
3D2
330
17
100
AcDbEntity
  8
R1001
100
AcDbPolyline
 90
2
 70
0
 10
-482.25091545386994
 20
214.5
 10
-483.25366412498096
 20
250.25
  0
LWPOLYLINE
  5
3D3
330
17
100
AcDbEntity
  8
R1001
100
AcDbPolyline
 90
2
 70
0
 10
-523.5348801806275
 20
178.75
 10
-481.4024358090837
 20
178.75
  0
LWPOLYLINE
  5
3D4
330
17
100
AcDbEntity
  8
R1001
100
AcDbPolyline
 90
2
 70
0
 10
-524.3833598254137
 20
214.5
 10
-523.5348801806275
 20
178.75
  0
LWPOLYLINE
  5
3D5
330
17
100
AcDbEntity
  8
R1001
100
AcDbPolyline
 90
2
 70
0
 10
-481.4024358090837
 20
178.75
 10
-482.25091545386994
 20
214.5
  0
LWPOLYLINE
  5
3D6
330
17
100
AcDbEntity
  8
R1001
100
AcDbPolyline
 90
2
 70
0
 10
-522.8406695621661
 20
143.0
 10
-480.7082251906223
 20
143.0
  0
LWPOLYLINE
  5
3D7
330
17
100
AcDbEntity
  8
R1001
100
AcDbPolyline
 90
2
 70
0
 10
-523.5348801806275
 20
178.75
 10
-522.8406695621661
 20
143.0
  0
LWPOLYLINE
  5
3D8
330
17
100
AcDbEntity
  8
R1001
100
AcDbPolyline
 90
2
 70
0
 10
-480.7082251906223
 20
143.0
 10
-481.4024358090837
 20
178.75
  0
LWPOLYLINE
  5
3D9
330
17
100
AcDbEntity
  8
R1001
100
AcDbPolyline
 90
2
 70
0
 10
-522.3007279700294
 20
107.25
 10
-480.1682835984855
 20
107.25
  0
LWPOLYLINE
  5
3DA
330
17
100
AcDbEntity
  8
R1001
100
AcDbPolyline
 90
2
 70
0
 10
-522.8406695621661
 20
143.0
 10
-522.3007279700294
 20
107.25
  0
LWPOLYLINE
  5
3DB
330
17
100
AcDbEntity
  8
R1001
100
AcDbPolyline
 90
2
 70
0
 10
-480.1682835984855
 20
107.25
 10
-480.7082251906223
 20
143.0
  0
LWPOLYLINE
  5
3DC
330
17
100
AcDbEntity
  8
R1001
100
AcDbPolyline
 90
2
 70
0
 10
-521.9150554042174
 20
71.5
 10
-479.7826110326736
 20
71.5
  0
LWPOLYLINE
  5
3DD
330
17
100
AcDbEntity
  8
R1001
100
AcDbPolyline
 90
2
 70
0
 10
-522.3007279700294
 20
107.25
 10
-521.9150554042174
 20
71.5
  0
LWPOLYLINE
  5
3DE
330
17
100
AcDbEntity
  8
R1001
100
AcDbPolyline
 90
2
 70
0
 10
-479.7826110326736
 20
71.5
 10
-480.1682835984855
 20
107.25
  0
LWPOLYLINE
  5
3DF
330
17
100
AcDbEntity
  8
R1001
100
AcDbPolyline
 90
2
 70
0
 10
-521.6836518647303
 20
35.75
 10
-479.5512074931865
 20
35.75
  0
LWPOLYLINE
  5
3E0
330
17
100
AcDbEntity
  8
R1001
100
AcDbPolyline
 90
2
 70
0
 10
-521.9150554042174
 20
71.5
 10
-521.6836518647303
 20
35.75
  0
LWPOLYLINE
  5
3E1
330
17
100
AcDbEntity
  8
R1001
100
AcDbPolyline
 90
2
 70
0
 10
-479.5512074931865
 20
35.75
 10
-479.7826110326736
 20
71.5
  0
LWPOLYLINE
  5
3E2
330
17
100
AcDbEntity
  8
R1001
100
AcDbPolyline
 90
2
 70
0
 10
-521.6065173515678
 20
0.0
 10
-479.47407298002406
 20
0.0
  0
LWPOLYLINE
  5
3E3
330
17
100
AcDbEntity
  8
R1001
100
AcDbPolyline
 90
2
 70
0
 10
-521.6836518647303
 20
35.75
 10
-521.6065173515678
 20
0.0
  0
LWPOLYLINE
  5
3E4
330
17
100
AcDbEntity
  8
R1001
100
AcDbPolyline
 90
2
 70
0
 10
-479.47407298002406
 20
0.0
 10
-479.5512074931865
 20
35.75
  0
LWPOLYLINE
  5
3E5
330
17
100
AcDbEntity
  8
R1001
100
AcDbPolyline
 90
2
 70
0
 10
-521.6836518647303
 20
-35.75
 10
-479.5512074931865
 20
-35.75
  0
LWPOLYLINE
  5
3E6
330
17
100
AcDbEntity
  8
R1001
100
AcDbPolyline
 90
2
 70
0
 10
-521.6065173515678
 20
0.0
 10
-521.6836518647303
 20
-35.75
  0
LWPOLYLINE
  5
3E7
330
17
100
AcDbEntity
  8
R1001
100
AcDbPolyline
 90
2
 70
0
 10
-479.5512074931865
 20
-35.75
 10
-479.47407298002406
 20
0.0
  0
LWPOLYLINE
  5
3E8
330
17
100
AcDbEntity
  8
R1001
100
AcDbPolyline
 90
2
 70
0
 10
-521.9150554042174
 20
-71.5
 10
-479.7826110326736
 20
-71.5
  0
LWPOLYLINE
  5
3E9
330
17
100
AcDbEntity
  8
R1001
100
AcDbPolyline
 90
2
 70
0
 10
-521.6836518647303
 20
-35.75
 10
-521.9150554042174
 20
-71.5
  0
LWPOLYLINE
  5
3EA
330
17
100
AcDbEntity
  8
R1001
100
AcDbPolyline
 90
2
 70
0
 10
-479.7826110326736
 20
-71.5
 10
-479.5512074931865
 20
-35.75
  0
LWPOLYLINE
  5
3EB
330
17
100
AcDbEntity
  8
R1001
100
AcDbPolyline
 90
2
 70
0
 10
-522.3007279700294
 20
-107.25
 10
-480.1682835984855
 20
-107.25
  0
LWPOLYLINE
  5
3EC
330
17
100
AcDbEntity
  8
R1001
100
AcDbPolyline
 90
2
 70
0
 10
-521.9150554042174
 20
-71.5
 10
-522.3007279700294
 20
-107.25
  0
LWPOLYLINE
  5
3ED
330
17
100
AcDbEntity
  8
R1001
100
AcDbPolyline
 90
2
 70
0
 10
-480.1682835984855
 20
-107.25
 10
-479.7826110326736
 20
-71.5
  0
LWPOLYLINE
  5
3EE
330
17
100
AcDbEntity
  8
R1001
100
AcDbPolyline
 90
2
 70
0
 10
-522.8406695621661
 20
-143.0
 10
-480.7082251906223
 20
-143.0
  0
LWPOLYLINE
  5
3EF
330
17
100
AcDbEntity
  8
R1001
100
AcDbPolyline
 90
2
 70
0
 10
-522.3007279700294
 20
-107.25
 10
-522.8406695621661
 20
-143.0
  0
LWPOLYLINE
  5
3F0
330
17
100
AcDbEntity
  8
R1001
100
AcDbPolyline
 90
2
 70
0
 10
-480.7082251906223
 20
-143.0
 10
-480.1682835984855
 20
-107.25
  0
LWPOLYLINE
  5
3F1
330
17
100
AcDbEntity
  8
R1001
100
AcDbPolyline
 90
2
 70
0
 10
-523.5348801806275
 20
-178.75
 10
-481.4024358090837
 20
-178.75
  0
LWPOLYLINE
  5
3F2
330
17
100
AcDbEntity
  8
R1001
100
AcDbPolyline
 90
2
 70
0
 10
-522.8406695621661
 20
-143.0
 10
-523.5348801806275
 20
-178.75
  0
LWPOLYLINE
  5
3F3
330
17
100
AcDbEntity
  8
R1001
100
AcDbPolyline
 90
2
 70
0
 10
-481.4024358090837
 20
-178.75
 10
-480.7082251906223
 20
-143.0
  0
LWPOLYLINE
  5
3F4
330
17
100
AcDbEntity
  8
R1001
100
AcDbPolyline
 90
2
 70
0
 10
-524.3833598254137
 20
-214.5
 10
-482.25091545386994
 20
-214.5
  0
LWPOLYLINE
  5
3F5
330
17
100
AcDbEntity
  8
R1001
100
AcDbPolyline
 90
2
 70
0
 10
-523.5348801806275
 20
-178.75
 10
-524.3833598254137
 20
-214.5
  0
LWPOLYLINE
  5
3F6
330
17
100
AcDbEntity
  8
R1001
100
AcDbPolyline
 90
2
 70
0
 10
-482.25091545386994
 20
-214.5
 10
-481.4024358090837
 20
-178.75
  0
LWPOLYLINE
  5
3F7
330
17
100
AcDbEntity
  8
R1001
100
AcDbPolyline
 90
2
 70
0
 10
-525.3861084965247
 20
-250.25
 10
-483.25366412498096
 20
-250.25
  0
LWPOLYLINE
  5
3F8
330
17
100
AcDbEntity
  8
R1001
100
AcDbPolyline
 90
2
 70
0
 10
-524.3833598254137
 20
-214.5
 10
-525.3861084965247
 20
-250.25
  0
LWPOLYLINE
  5
3F9
330
17
100
AcDbEntity
  8
R1001
100
AcDbPolyline
 90
2
 70
0
 10
-483.25366412498096
 20
-250.25
 10
-482.25091545386994
 20
-214.5
  0
LWPOLYLINE
  5
3FA
330
17
100
AcDbEntity
  8
R1001
100
AcDbPolyline
 90
2
 70
0
 10
-526.5431261939605
 20
-286.0
 10
-484.41068182241673
 20
-286.0
  0
LWPOLYLINE
  5
3FB
330
17
100
AcDbEntity
  8
R1001
100
AcDbPolyline
 90
2
 70
0
 10
-525.3861084965247
 20
-250.25
 10
-526.5431261939605
 20
-286.0
  0
LWPOLYLINE
  5
3FC
330
17
100
AcDbEntity
  8
R1001
100
AcDbPolyline
 90
2
 70
0
 10
-484.41068182241673
 20
-286.0
 10
-483.25366412498096
 20
-250.25
  0
LWPOLYLINE
  5
3FD
330
17
100
AcDbEntity
  8
R1001
100
AcDbPolyline
 90
2
 70
0
 10
-527.854412917721
 20
-321.75
 10
-485.72196854617727
 20
-321.75
  0
LWPOLYLINE
  5
3FE
330
17
100
AcDbEntity
  8
R1001
100
AcDbPolyline
 90
2
 70
0
 10
-526.5431261939605
 20
-286.0
 10
-527.854412917721
 20
-321.75
  0
LWPOLYLINE
  5
3FF
330
17
100
AcDbEntity
  8
R1001
100
AcDbPolyline
 90
2
 70
0
 10
-485.72196854617727
 20
-321.75
 10
-484.41068182241673
 20
-286.0
  0
LWPOLYLINE
  5
400
330
17
100
AcDbEntity
  8
R1001
100
AcDbPolyline
 90
2
 70
0
 10
-529.3199686678063
 20
-357.5
 10
-487.18752429626255
 20
-357.5
  0
LWPOLYLINE
  5
401
330
17
100
AcDbEntity
  8
R1001
100
AcDbPolyline
 90
2
 70
0
 10
-527.854412917721
 20
-321.75
 10
-529.3199686678063
 20
-357.5
  0
LWPOLYLINE
  5
402
330
17
100
AcDbEntity
  8
R1001
100
AcDbPolyline
 90
2
 70
0
 10
-487.18752429626255
 20
-357.5
 10
-485.72196854617727
 20
-321.75
  0
LWPOLYLINE
  5
403
330
17
100
AcDbEntity
  8
R1001
100
AcDbPolyline
 90
2
 70
0
 10
-529.3199686678063
 20
-357.5
 10
-535.1050571549852
 20
-357.5
  0
LWPOLYLINE
  5
404
330
17
100
AcDbEntity
  8
R1001
100
AcDbPolyline
 90
2
 70
0
 10
-492.97261278344143
 20
-357.5
 10
-487.18752429626255
 20
-357.5
  0
LWPOLYLINE
  5
406
330
17
100
AcDbEntity
  8
R1002
100
AcDbPolyline
 90
2
 70
0
 10
-413.08512085817665
 20
-357.5
 10
-455.21756522972044
 20
-357.5
  0
LWPOLYLINE
  5
407
330
17
100
AcDbEntity
  8
R1002
100
AcDbPolyline
 90
2
 70
0
 10
-453.7520094796351
 20
-321.75
 10
-411.6195651080913
 20
-321.75
  0
LWPOLYLINE
  5
408
330
17
100
AcDbEntity
  8
R1002
100
AcDbPolyline
 90
2
 70
0
 10
-455.21756522972044
 20
-357.5
 10
-453.7520094796351
 20
-321.75
  0
LWPOLYLINE
  5
409
330
17
100
AcDbEntity
  8
R1002
100
AcDbPolyline
 90
2
 70
0
 10
-411.6195651080913
 20
-321.75
 10
-413.08512085817665
 20
-357.5
  0
LWPOLYLINE
  5
40A
330
17
100
AcDbEntity
  8
R1002
100
AcDbPolyline
 90
2
 70
0
 10
-452.44072275587456
 20
-286.0
 10
-410.3082783843308
 20
-286.0
  0
LWPOLYLINE
  5
40B
330
17
100
AcDbEntity
  8
R1002
100
AcDbPolyline
 90
2
 70
0
 10
-453.7520094796351
 20
-321.75
 10
-452.44072275587456
 20
-286.0
  0
LWPOLYLINE
  5
40C
330
17
100
AcDbEntity
  8
R1002
100
AcDbPolyline
 90
2
 70
0
 10
-410.3082783843308
 20
-286.0
 10
-411.6195651080913
 20
-321.75
  0
LWPOLYLINE
  5
40D
330
17
100
AcDbEntity
  8
R1002
100
AcDbPolyline
 90
2
 70
0
 10
-451.2837050584388
 20
-250.25
 10
-409.151260686895
 20
-250.25
  0
LWPOLYLINE
  5
40E
330
17
100
AcDbEntity
  8
R1002
100
AcDbPolyline
 90
2
 70
0
 10
-452.44072275587456
 20
-286.0
 10
-451.2837050584388
 20
-250.25
  0
LWPOLYLINE
  5
40F
330
17
100
AcDbEntity
  8
R1002
100
AcDbPolyline
 90
2
 70
0
 10
-409.151260686895
 20
-250.25
 10
-410.3082783843308
 20
-286.0
  0
LWPOLYLINE
  5
410
330
17
100
AcDbEntity
  8
R1002
100
AcDbPolyline
 90
2
 70
0
 10
-450.28095638732776
 20
-214.5
 10
-408.148512015784
 20
-214.5
  0
LWPOLYLINE
  5
411
330
17
100
AcDbEntity
  8
R1002
100
AcDbPolyline
 90
2
 70
0
 10
-451.2837050584388
 20
-250.25
 10
-450.28095638732776
 20
-214.5
  0
LWPOLYLINE
  5
412
330
17
100
AcDbEntity
  8
R1002
100
AcDbPolyline
 90
2
 70
0
 10
-408.148512015784
 20
-214.5
 10
-409.151260686895
 20
-250.25
  0
LWPOLYLINE
  5
413
330
17
100
AcDbEntity
  8
R1002
100
AcDbPolyline
 90
2
 70
0
 10
-449.43247674254155
 20
-178.75
 10
-407.30003237099777
 20
-178.75
  0
LWPOLYLINE
  5
414
330
17
100
AcDbEntity
  8
R1002
100
AcDbPolyline
 90
2
 70
0
 10
-450.28095638732776
 20
-214.5
 10
-449.43247674254155
 20
-178.75
  0
LWPOLYLINE
  5
415
330
17
100
AcDbEntity
  8
R1002
100
AcDbPolyline
 90
2
 70
0
 10
-407.30003237099777
 20
-178.75
 10
-408.148512015784
 20
-214.5
  0
LWPOLYLINE
  5
416
330
17
100
AcDbEntity
  8
R1002
100
AcDbPolyline
 90
2
 70
0
 10
-448.7382661240801
 20
-143.0
 10
-406.6058217525363
 20
-143.0
  0
LWPOLYLINE
  5
417
330
17
100
AcDbEntity
  8
R1002
100
AcDbPolyline
 90
2
 70
0
 10
-449.43247674254155
 20
-178.75
 10
-448.7382661240801
 20
-143.0
  0
LWPOLYLINE
  5
418
330
17
100
AcDbEntity
  8
R1002
100
AcDbPolyline
 90
2
 70
0
 10
-406.6058217525363
 20
-143.0
 10
-407.30003237099777
 20
-178.75
  0
LWPOLYLINE
  5
419
330
17
100
AcDbEntity
  8
R1002
100
AcDbPolyline
 90
2
 70
0
 10
-448.1983245319434
 20
-107.25
 10
-406.0658801603996
 20
-107.25
  0
LWPOLYLINE
  5
41A
330
17
100
AcDbEntity
  8
R1002
100
AcDbPolyline
 90
2
 70
0
 10
-448.7382661240801
 20
-143.0
 10
-448.1983245319434
 20
-107.25
  0
LWPOLYLINE
  5
41B
330
17
100
AcDbEntity
  8
R1002
100
AcDbPolyline
 90
2
 70
0
 10
-406.0658801603996
 20
-107.25
 10
-406.6058217525363
 20
-143.0
  0
LWPOLYLINE
  5
41C
330
17
100
AcDbEntity
  8
R1002
100
AcDbPolyline
 90
2
 70
0
 10
-447.8126519661315
 20
-71.5
 10
-405.6802075945877
 20
-71.5
  0
LWPOLYLINE
  5
41D
330
17
100
AcDbEntity
  8
R1002
100
AcDbPolyline
 90
2
 70
0
 10
-448.1983245319434
 20
-107.25
 10
-447.8126519661315
 20
-71.5
  0
LWPOLYLINE
  5
41E
330
17
100
AcDbEntity
  8
R1002
100
AcDbPolyline
 90
2
 70
0
 10
-405.6802075945877
 20
-71.5
 10
-406.0658801603996
 20
-107.25
  0
LWPOLYLINE
  5
41F
330
17
100
AcDbEntity
  8
R1002
100
AcDbPolyline
 90
2
 70
0
 10
-447.5812484266443
 20
-35.75
 10
-405.44880405510054
 20
-35.75
  0
LWPOLYLINE
  5
420
330
17
100
AcDbEntity
  8
R1002
100
AcDbPolyline
 90
2
 70
0
 10
-447.8126519661315
 20
-71.5
 10
-447.5812484266443
 20
-35.75
  0
LWPOLYLINE
  5
421
330
17
100
AcDbEntity
  8
R1002
100
AcDbPolyline
 90
2
 70
0
 10
-405.44880405510054
 20
-35.75
 10
-405.6802075945877
 20
-71.5
  0
LWPOLYLINE
  5
422
330
17
100
AcDbEntity
  8
R1002
100
AcDbPolyline
 90
2
 70
0
 10
-447.50411391348194
 20
0.0
 10
-405.37166954193816
 20
0.0
  0
LWPOLYLINE
  5
423
330
17
100
AcDbEntity
  8
R1002
100
AcDbPolyline
 90
2
 70
0
 10
-447.5812484266443
 20
-35.75
 10
-447.50411391348194
 20
0.0
  0
LWPOLYLINE
  5
424
330
17
100
AcDbEntity
  8
R1002
100
AcDbPolyline
 90
2
 70
0
 10
-405.37166954193816
 20
0.0
 10
-405.44880405510054
 20
-35.75
  0
LWPOLYLINE
  5
425
330
17
100
AcDbEntity
  8
R1002
100
AcDbPolyline
 90
2
 70
0
 10
-447.5812484266443
 20
35.75
 10
-405.44880405510054
 20
35.75
  0
LWPOLYLINE
  5
426
330
17
100
AcDbEntity
  8
R1002
100
AcDbPolyline
 90
2
 70
0
 10
-447.50411391348194
 20
0.0
 10
-447.5812484266443
 20
35.75
  0
LWPOLYLINE
  5
427
330
17
100
AcDbEntity
  8
R1002
100
AcDbPolyline
 90
2
 70
0
 10
-405.44880405510054
 20
35.75
 10
-405.37166954193816
 20
0.0
  0
LWPOLYLINE
  5
428
330
17
100
AcDbEntity
  8
R1002
100
AcDbPolyline
 90
2
 70
0
 10
-447.8126519661315
 20
71.5
 10
-405.6802075945877
 20
71.5
  0
LWPOLYLINE
  5
429
330
17
100
AcDbEntity
  8
R1002
100
AcDbPolyline
 90
2
 70
0
 10
-447.5812484266443
 20
35.75
 10
-447.8126519661315
 20
71.5
  0
LWPOLYLINE
  5
42A
330
17
100
AcDbEntity
  8
R1002
100
AcDbPolyline
 90
2
 70
0
 10
-405.6802075945877
 20
71.5
 10
-405.44880405510054
 20
35.75
  0
LWPOLYLINE
  5
42B
330
17
100
AcDbEntity
  8
R1002
100
AcDbPolyline
 90
2
 70
0
 10
-448.1983245319434
 20
107.25
 10
-406.0658801603996
 20
107.25
  0
LWPOLYLINE
  5
42C
330
17
100
AcDbEntity
  8
R1002
100
AcDbPolyline
 90
2
 70
0
 10
-447.8126519661315
 20
71.5
 10
-448.1983245319434
 20
107.25
  0
LWPOLYLINE
  5
42D
330
17
100
AcDbEntity
  8
R1002
100
AcDbPolyline
 90
2
 70
0
 10
-406.0658801603996
 20
107.25
 10
-405.6802075945877
 20
71.5
  0
LWPOLYLINE
  5
42E
330
17
100
AcDbEntity
  8
R1002
100
AcDbPolyline
 90
2
 70
0
 10
-448.7382661240801
 20
143.0
 10
-406.6058217525363
 20
143.0
  0
LWPOLYLINE
  5
42F
330
17
100
AcDbEntity
  8
R1002
100
AcDbPolyline
 90
2
 70
0
 10
-448.1983245319434
 20
107.25
 10
-448.7382661240801
 20
143.0
  0
LWPOLYLINE
  5
430
330
17
100
AcDbEntity
  8
R1002
100
AcDbPolyline
 90
2
 70
0
 10
-406.6058217525363
 20
143.0
 10
-406.0658801603996
 20
107.25
  0
LWPOLYLINE
  5
431
330
17
100
AcDbEntity
  8
R1002
100
AcDbPolyline
 90
2
 70
0
 10
-449.43247674254155
 20
178.75
 10
-407.30003237099777
 20
178.75
  0
LWPOLYLINE
  5
432
330
17
100
AcDbEntity
  8
R1002
100
AcDbPolyline
 90
2
 70
0
 10
-448.7382661240801
 20
143.0
 10
-449.43247674254155
 20
178.75
  0
LWPOLYLINE
  5
433
330
17
100
AcDbEntity
  8
R1002
100
AcDbPolyline
 90
2
 70
0
 10
-407.30003237099777
 20
178.75
 10
-406.6058217525363
 20
143.0
  0
LWPOLYLINE
  5
434
330
17
100
AcDbEntity
  8
R1002
100
AcDbPolyline
 90
2
 70
0
 10
-450.28095638732776
 20
214.5
 10
-408.148512015784
 20
214.5
  0
LWPOLYLINE
  5
435
330
17
100
AcDbEntity
  8
R1002
100
AcDbPolyline
 90
2
 70
0
 10
-449.43247674254155
 20
178.75
 10
-450.28095638732776
 20
214.5
  0
LWPOLYLINE
  5
436
330
17
100
AcDbEntity
  8
R1002
100
AcDbPolyline
 90
2
 70
0
 10
-408.148512015784
 20
214.5
 10
-407.30003237099777
 20
178.75
  0
LWPOLYLINE
  5
437
330
17
100
AcDbEntity
  8
R1002
100
AcDbPolyline
 90
2
 70
0
 10
-451.2837050584388
 20
250.25
 10
-409.151260686895
 20
250.25
  0
LWPOLYLINE
  5
438
330
17
100
AcDbEntity
  8
R1002
100
AcDbPolyline
 90
2
 70
0
 10
-450.28095638732776
 20
214.5
 10
-451.2837050584388
 20
250.25
  0
LWPOLYLINE
  5
439
330
17
100
AcDbEntity
  8
R1002
100
AcDbPolyline
 90
2
 70
0
 10
-409.151260686895
 20
250.25
 10
-408.148512015784
 20
214.5
  0
LWPOLYLINE
  5
43A
330
17
100
AcDbEntity
  8
R1002
100
AcDbPolyline
 90
2
 70
0
 10
-452.44072275587456
 20
286.0
 10
-410.3082783843308
 20
286.0
  0
LWPOLYLINE
  5
43B
330
17
100
AcDbEntity
  8
R1002
100
AcDbPolyline
 90
2
 70
0
 10
-451.2837050584388
 20
250.25
 10
-452.44072275587456
 20
286.0
  0
LWPOLYLINE
  5
43C
330
17
100
AcDbEntity
  8
R1002
100
AcDbPolyline
 90
2
 70
0
 10
-410.3082783843308
 20
286.0
 10
-409.151260686895
 20
250.25
  0
LWPOLYLINE
  5
43D
330
17
100
AcDbEntity
  8
R1002
100
AcDbPolyline
 90
2
 70
0
 10
-453.7520094796351
 20
321.75
 10
-411.6195651080913
 20
321.75
  0
LWPOLYLINE
  5
43E
330
17
100
AcDbEntity
  8
R1002
100
AcDbPolyline
 90
2
 70
0
 10
-452.44072275587456
 20
286.0
 10
-453.7520094796351
 20
321.75
  0
LWPOLYLINE
  5
43F
330
17
100
AcDbEntity
  8
R1002
100
AcDbPolyline
 90
2
 70
0
 10
-411.6195651080913
 20
321.75
 10
-410.3082783843308
 20
286.0
  0
LWPOLYLINE
  5
440
330
17
100
AcDbEntity
  8
R1002
100
AcDbPolyline
 90
2
 70
0
 10
-455.21756522972044
 20
357.5
 10
-413.08512085817665
 20
357.5
  0
LWPOLYLINE
  5
441
330
17
100
AcDbEntity
  8
R1002
100
AcDbPolyline
 90
2
 70
0
 10
-453.7520094796351
 20
321.75
 10
-455.21756522972044
 20
357.5
  0
LWPOLYLINE
  5
442
330
17
100
AcDbEntity
  8
R1002
100
AcDbPolyline
 90
2
 70
0
 10
-413.08512085817665
 20
357.5
 10
-411.6195651080913
 20
321.75
  0
LWPOLYLINE
  5
443
330
17
100
AcDbEntity
  8
R1002
100
AcDbPolyline
 90
2
 70
0
 10
-449.43247674254155
 20
357.5
 10
-407.30003237099777
 20
357.5
  0
LWPOLYLINE
  5
444
330
17
100
AcDbEntity
  8
R1002
100
AcDbPolyline
 90
2
 70
0
 10
-455.21756522972044
 20
357.5
 10
-449.43247674254155
 20
357.5
  0
LWPOLYLINE
  5
445
330
17
100
AcDbEntity
  8
R1002
100
AcDbPolyline
 90
2
 70
0
 10
-407.30003237099777
 20
357.5
 10
-413.08512085817665
 20
357.5
  0
LWPOLYLINE
  5
446
330
17
100
AcDbEntity
  8
R1002
100
AcDbPolyline
 90
2
 70
0
 10
-447.96692099245627
 20
321.75
 10
-405.8344766209125
 20
321.75
  0
LWPOLYLINE
  5
447
330
17
100
AcDbEntity
  8
R1002
100
AcDbPolyline
 90
2
 70
0
 10
-449.43247674254155
 20
357.5
 10
-447.96692099245627
 20
321.75
  0
LWPOLYLINE
  5
448
330
17
100
AcDbEntity
  8
R1002
100
AcDbPolyline
 90
2
 70
0
 10
-405.8344766209125
 20
321.75
 10
-407.30003237099777
 20
357.5
  0
LWPOLYLINE
  5
449
330
17
100
AcDbEntity
  8
R1002
100
AcDbPolyline
 90
2
 70
0
 10
-446.65563426869574
 20
286.0
 10
-404.52318989715195
 20
286.0
  0
LWPOLYLINE
  5
44A
330
17
100
AcDbEntity
  8
R1002
100
AcDbPolyline
 90
2
 70
0
 10
-447.96692099245627
 20
321.75
 10
-446.65563426869574
 20
286.0
  0
LWPOLYLINE
  5
44B
330
17
100
AcDbEntity
  8
R1002
100
AcDbPolyline
 90
2
 70
0
 10
-404.52318989715195
 20
286.0
 10
-405.8344766209125
 20
321.75
  0
LWPOLYLINE
  5
44C
330
17
100
AcDbEntity
  8
R1002
100
AcDbPolyline
 90
2
 70
0
 10
-445.49861657125996
 20
250.25
 10
-403.3661721997162
 20
250.25
  0
LWPOLYLINE
  5
44D
330
17
100
AcDbEntity
  8
R1002
100
AcDbPolyline
 90
2
 70
0
 10
-446.65563426869574
 20
286.0
 10
-445.49861657125996
 20
250.25
  0
LWPOLYLINE
  5
44E
330
17
100
AcDbEntity
  8
R1002
100
AcDbPolyline
 90
2
 70
0
 10
-403.3661721997162
 20
250.25
 10
-404.52318989715195
 20
286.0
  0
LWPOLYLINE
  5
44F
330
17
100
AcDbEntity
  8
R1002
100
AcDbPolyline
 90
2
 70
0
 10
-444.49586790014894
 20
214.5
 10
-402.36342352860515
 20
214.5
  0
LWPOLYLINE
  5
450
330
17
100
AcDbEntity
  8
R1002
100
AcDbPolyline
 90
2
 70
0
 10
-445.49861657125996
 20
250.25
 10
-444.49586790014894
 20
214.5
  0
LWPOLYLINE
  5
451
330
17
100
AcDbEntity
  8
R1002
100
AcDbPolyline
 90
2
 70
0
 10
-402.36342352860515
 20
214.5
 10
-403.3661721997162
 20
250.25
  0
LWPOLYLINE
  5
452
330
17
100
AcDbEntity
  8
R1002
100
AcDbPolyline
 90
2
 70
0
 10
-443.6473882553627
 20
178.75
 10
-401.51494388381894
 20
178.75
  0
LWPOLYLINE
  5
453
330
17
100
AcDbEntity
  8
R1002
100
AcDbPolyline
 90
2
 70
0
 10
-444.49586790014894
 20
214.5
 10
-443.6473882553627
 20
178.75
  0
LWPOLYLINE
  5
454
330
17
100
AcDbEntity
  8
R1002
100
AcDbPolyline
 90
2
 70
0
 10
-401.51494388381894
 20
178.75
 10
-402.36342352860515
 20
214.5
  0
LWPOLYLINE
  5
455
330
17
100
AcDbEntity
  8
R1002
100
AcDbPolyline
 90
2
 70
0
 10
-442.9531776369013
 20
143.0
 10
-400.8207332653575
 20
143.0
  0
LWPOLYLINE
  5
456
330
17
100
AcDbEntity
  8
R1002
100
AcDbPolyline
 90
2
 70
0
 10
-443.6473882553627
 20
178.75
 10
-442.9531776369013
 20
143.0
  0
LWPOLYLINE
  5
457
330
17
100
AcDbEntity
  8
R1002
100
AcDbPolyline
 90
2
 70
0
 10
-400.8207332653575
 20
143.0
 10
-401.51494388381894
 20
178.75
  0
LWPOLYLINE
  5
458
330
17
100
AcDbEntity
  8
R1002
100
AcDbPolyline
 90
2
 70
0
 10
-442.4132360447645
 20
107.25
 10
-400.28079167322073
 20
107.25
  0
LWPOLYLINE
  5
459
330
17
100
AcDbEntity
  8
R1002
100
AcDbPolyline
 90
2
 70
0
 10
-442.9531776369013
 20
143.0
 10
-442.4132360447645
 20
107.25
  0
LWPOLYLINE
  5
45A
330
17
100
AcDbEntity
  8
R1002
100
AcDbPolyline
 90
2
 70
0
 10
-400.28079167322073
 20
107.25
 10
-400.8207332653575
 20
143.0
  0
LWPOLYLINE
  5
45B
330
17
100
AcDbEntity
  8
R1002
100
AcDbPolyline
 90
2
 70
0
 10
-442.02756347895263
 20
71.5
 10
-399.89511910740885
 20
71.5
  0
LWPOLYLINE
  5
45C
330
17
100
AcDbEntity
  8
R1002
100
AcDbPolyline
 90
2
 70
0
 10
-442.4132360447645
 20
107.25
 10
-442.02756347895263
 20
71.5
  0
LWPOLYLINE
  5
45D
330
17
100
AcDbEntity
  8
R1002
100
AcDbPolyline
 90
2
 70
0
 10
-399.89511910740885
 20
71.5
 10
-400.28079167322073
 20
107.25
  0
LWPOLYLINE
  5
45E
330
17
100
AcDbEntity
  8
R1002
100
AcDbPolyline
 90
2
 70
0
 10
-441.7961599394655
 20
35.75
 10
-399.6637155679217
 20
35.75
  0
LWPOLYLINE
  5
45F
330
17
100
AcDbEntity
  8
R1002
100
AcDbPolyline
 90
2
 70
0
 10
-442.02756347895263
 20
71.5
 10
-441.7961599394655
 20
35.75
  0
LWPOLYLINE
  5
460
330
17
100
AcDbEntity
  8
R1002
100
AcDbPolyline
 90
2
 70
0
 10
-399.6637155679217
 20
35.75
 10
-399.89511910740885
 20
71.5
  0
LWPOLYLINE
  5
461
330
17
100
AcDbEntity
  8
R1002
100
AcDbPolyline
 90
2
 70
0
 10
-441.71902542630306
 20
0.0
 10
-399.5865810547593
 20
0.0
  0
LWPOLYLINE
  5
462
330
17
100
AcDbEntity
  8
R1002
100
AcDbPolyline
 90
2
 70
0
 10
-441.7961599394655
 20
35.75
 10
-441.71902542630306
 20
0.0
  0
LWPOLYLINE
  5
463
330
17
100
AcDbEntity
  8
R1002
100
AcDbPolyline
 90
2
 70
0
 10
-399.5865810547593
 20
0.0
 10
-399.6637155679217
 20
35.75
  0
LWPOLYLINE
  5
464
330
17
100
AcDbEntity
  8
R1002
100
AcDbPolyline
 90
2
 70
0
 10
-441.7961599394655
 20
-35.75
 10
-399.6637155679217
 20
-35.75
  0
LWPOLYLINE
  5
465
330
17
100
AcDbEntity
  8
R1002
100
AcDbPolyline
 90
2
 70
0
 10
-441.71902542630306
 20
0.0
 10
-441.7961599394655
 20
-35.75
  0
LWPOLYLINE
  5
466
330
17
100
AcDbEntity
  8
R1002
100
AcDbPolyline
 90
2
 70
0
 10
-399.6637155679217
 20
-35.75
 10
-399.5865810547593
 20
0.0
  0
LWPOLYLINE
  5
467
330
17
100
AcDbEntity
  8
R1002
100
AcDbPolyline
 90
2
 70
0
 10
-442.02756347895263
 20
-71.5
 10
-399.89511910740885
 20
-71.5
  0
LWPOLYLINE
  5
468
330
17
100
AcDbEntity
  8
R1002
100
AcDbPolyline
 90
2
 70
0
 10
-441.7961599394655
 20
-35.75
 10
-442.02756347895263
 20
-71.5
  0
LWPOLYLINE
  5
469
330
17
100
AcDbEntity
  8
R1002
100
AcDbPolyline
 90
2
 70
0
 10
-399.89511910740885
 20
-71.5
 10
-399.6637155679217
 20
-35.75
  0
LWPOLYLINE
  5
46A
330
17
100
AcDbEntity
  8
R1002
100
AcDbPolyline
 90
2
 70
0
 10
-442.4132360447645
 20
-107.25
 10
-400.28079167322073
 20
-107.25
  0
LWPOLYLINE
  5
46B
330
17
100
AcDbEntity
  8
R1002
100
AcDbPolyline
 90
2
 70
0
 10
-442.02756347895263
 20
-71.5
 10
-442.4132360447645
 20
-107.25
  0
LWPOLYLINE
  5
46C
330
17
100
AcDbEntity
  8
R1002
100
AcDbPolyline
 90
2
 70
0
 10
-400.28079167322073
 20
-107.25
 10
-399.89511910740885
 20
-71.5
  0
LWPOLYLINE
  5
46D
330
17
100
AcDbEntity
  8
R1002
100
AcDbPolyline
 90
2
 70
0
 10
-442.9531776369013
 20
-143.0
 10
-400.8207332653575
 20
-143.0
  0
LWPOLYLINE
  5
46E
330
17
100
AcDbEntity
  8
R1002
100
AcDbPolyline
 90
2
 70
0
 10
-442.4132360447645
 20
-107.25
 10
-442.9531776369013
 20
-143.0
  0
LWPOLYLINE
  5
46F
330
17
100
AcDbEntity
  8
R1002
100
AcDbPolyline
 90
2
 70
0
 10
-400.8207332653575
 20
-143.0
 10
-400.28079167322073
 20
-107.25
  0
LWPOLYLINE
  5
470
330
17
100
AcDbEntity
  8
R1002
100
AcDbPolyline
 90
2
 70
0
 10
-443.6473882553627
 20
-178.75
 10
-401.51494388381894
 20
-178.75
  0
LWPOLYLINE
  5
471
330
17
100
AcDbEntity
  8
R1002
100
AcDbPolyline
 90
2
 70
0
 10
-442.9531776369013
 20
-143.0
 10
-443.6473882553627
 20
-178.75
  0
LWPOLYLINE
  5
472
330
17
100
AcDbEntity
  8
R1002
100
AcDbPolyline
 90
2
 70
0
 10
-401.51494388381894
 20
-178.75
 10
-400.8207332653575
 20
-143.0
  0
LWPOLYLINE
  5
473
330
17
100
AcDbEntity
  8
R1002
100
AcDbPolyline
 90
2
 70
0
 10
-444.49586790014894
 20
-214.5
 10
-402.36342352860515
 20
-214.5
  0
LWPOLYLINE
  5
474
330
17
100
AcDbEntity
  8
R1002
100
AcDbPolyline
 90
2
 70
0
 10
-443.6473882553627
 20
-178.75
 10
-444.49586790014894
 20
-214.5
  0
LWPOLYLINE
  5
475
330
17
100
AcDbEntity
  8
R1002
100
AcDbPolyline
 90
2
 70
0
 10
-402.36342352860515
 20
-214.5
 10
-401.51494388381894
 20
-178.75
  0
LWPOLYLINE
  5
476
330
17
100
AcDbEntity
  8
R1002
100
AcDbPolyline
 90
2
 70
0
 10
-445.49861657125996
 20
-250.25
 10
-403.3661721997162
 20
-250.25
  0
LWPOLYLINE
  5
477
330
17
100
AcDbEntity
  8
R1002
100
AcDbPolyline
 90
2
 70
0
 10
-444.49586790014894
 20
-214.5
 10
-445.49861657125996
 20
-250.25
  0
LWPOLYLINE
  5
478
330
17
100
AcDbEntity
  8
R1002
100
AcDbPolyline
 90
2
 70
0
 10
-403.3661721997162
 20
-250.25
 10
-402.36342352860515
 20
-214.5
  0
LWPOLYLINE
  5
479
330
17
100
AcDbEntity
  8
R1002
100
AcDbPolyline
 90
2
 70
0
 10
-446.65563426869574
 20
-286.0
 10
-404.52318989715195
 20
-286.0
  0
LWPOLYLINE
  5
47A
330
17
100
AcDbEntity
  8
R1002
100
AcDbPolyline
 90
2
 70
0
 10
-445.49861657125996
 20
-250.25
 10
-446.65563426869574
 20
-286.0
  0
LWPOLYLINE
  5
47B
330
17
100
AcDbEntity
  8
R1002
100
AcDbPolyline
 90
2
 70
0
 10
-404.52318989715195
 20
-286.0
 10
-403.3661721997162
 20
-250.25
  0
LWPOLYLINE
  5
47C
330
17
100
AcDbEntity
  8
R1002
100
AcDbPolyline
 90
2
 70
0
 10
-447.96692099245627
 20
-321.75
 10
-405.8344766209125
 20
-321.75
  0
LWPOLYLINE
  5
47D
330
17
100
AcDbEntity
  8
R1002
100
AcDbPolyline
 90
2
 70
0
 10
-446.65563426869574
 20
-286.0
 10
-447.96692099245627
 20
-321.75
  0
LWPOLYLINE
  5
47E
330
17
100
AcDbEntity
  8
R1002
100
AcDbPolyline
 90
2
 70
0
 10
-405.8344766209125
 20
-321.75
 10
-404.52318989715195
 20
-286.0
  0
LWPOLYLINE
  5
47F
330
17
100
AcDbEntity
  8
R1002
100
AcDbPolyline
 90
2
 70
0
 10
-449.43247674254155
 20
-357.5
 10
-407.30003237099777
 20
-357.5
  0
LWPOLYLINE
  5
480
330
17
100
AcDbEntity
  8
R1002
100
AcDbPolyline
 90
2
 70
0
 10
-447.96692099245627
 20
-321.75
 10
-449.43247674254155
 20
-357.5
  0
LWPOLYLINE
  5
481
330
17
100
AcDbEntity
  8
R1002
100
AcDbPolyline
 90
2
 70
0
 10
-407.30003237099777
 20
-357.5
 10
-405.8344766209125
 20
-321.75
  0
LWPOLYLINE
  5
482
330
17
100
AcDbEntity
  8
R1002
100
AcDbPolyline
 90
2
 70
0
 10
-449.43247674254155
 20
-357.5
 10
-455.21756522972044
 20
-357.5
  0
LWPOLYLINE
  5
483
330
17
100
AcDbEntity
  8
R1002
100
AcDbPolyline
 90
2
 70
0
 10
-413.08512085817665
 20
-357.5
 10
-407.30003237099777
 20
-357.5
  0
LWPOLYLINE
  5
485
330
17
100
AcDbEntity
  8
R1003
100
AcDbPolyline
 90
2
 70
0
 10
-333.1976289329118
 20
-357.5
 10
-375.3300733044556
 20
-357.5
  0
LWPOLYLINE
  5
486
330
17
100
AcDbEntity
  8
R1003
100
AcDbPolyline
 90
2
 70
0
 10
-373.86451755437025
 20
-321.75
 10
-331.73207318282647
 20
-321.75
  0
LWPOLYLINE
  5
487
330
17
100
AcDbEntity
  8
R1003
100
AcDbPolyline
 90
2
 70
0
 10
-375.3300733044556
 20
-357.5
 10
-373.86451755437025
 20
-321.75
  0
LWPOLYLINE
  5
488
330
17
100
AcDbEntity
  8
R1003
100
AcDbPolyline
 90
2
 70
0
 10
-331.73207318282647
 20
-321.75
 10
-333.1976289329118
 20
-357.5
  0
LWPOLYLINE
  5
489
330
17
100
AcDbEntity
  8
R1003
100
AcDbPolyline
 90
2
 70
0
 10
-372.5532308306097
 20
-286.0
 10
-330.42078645906594
 20
-286.0
  0
LWPOLYLINE
  5
48A
330
17
100
AcDbEntity
  8
R1003
100
AcDbPolyline
 90
2
 70
0
 10
-373.86451755437025
 20
-321.75
 10
-372.5532308306097
 20
-286.0
  0
LWPOLYLINE
  5
48B
330
17
100
AcDbEntity
  8
R1003
100
AcDbPolyline
 90
2
 70
0
 10
-330.42078645906594
 20
-286.0
 10
-331.73207318282647
 20
-321.75
  0
LWPOLYLINE
  5
48C
330
17
100
AcDbEntity
  8
R1003
100
AcDbPolyline
 90
2
 70
0
 10
-371.39621313317394
 20
-250.25
 10
-329.26376876163016
 20
-250.25
  0
LWPOLYLINE
  5
48D
330
17
100
AcDbEntity
  8
R1003
100
AcDbPolyline
 90
2
 70
0
 10
-372.5532308306097
 20
-286.0
 10
-371.39621313317394
 20
-250.25
  0
LWPOLYLINE
  5
48E
330
17
100
AcDbEntity
  8
R1003
100
AcDbPolyline
 90
2
 70
0
 10
-329.26376876163016
 20
-250.25
 10
-330.42078645906594
 20
-286.0
  0
LWPOLYLINE
  5
48F
330
17
100
AcDbEntity
  8
R1003
100
AcDbPolyline
 90
2
 70
0
 10
-370.3934644620629
 20
-214.5
 10
-328.26102009051914
 20
-214.5
  0
LWPOLYLINE
  5
490
330
17
100
AcDbEntity
  8
R1003
100
AcDbPolyline
 90
2
 70
0
 10
-371.39621313317394
 20
-250.25
 10
-370.3934644620629
 20
-214.5
  0
LWPOLYLINE
  5
491
330
17
100
AcDbEntity
  8
R1003
100
AcDbPolyline
 90
2
 70
0
 10
-328.26102009051914
 20
-214.5
 10
-329.26376876163016
 20
-250.25
  0
LWPOLYLINE
  5
492
330
17
100
AcDbEntity
  8
R1003
100
AcDbPolyline
 90
2
 70
0
 10
-369.5449848172767
 20
-178.75
 10
-327.41254044573293
 20
-178.75
  0
LWPOLYLINE
  5
493
330
17
100
AcDbEntity
  8
R1003
100
AcDbPolyline
 90
2
 70
0
 10
-370.3934644620629
 20
-214.5
 10
-369.5449848172767
 20
-178.75
  0
LWPOLYLINE
  5
494
330
17
100
AcDbEntity
  8
R1003
100
AcDbPolyline
 90
2
 70
0
 10
-327.41254044573293
 20
-178.75
 10
-328.26102009051914
 20
-214.5
  0
LWPOLYLINE
  5
495
330
17
100
AcDbEntity
  8
R1003
100
AcDbPolyline
 90
2
 70
0
 10
-368.85077419881526
 20
-143.0
 10
-326.7183298272715
 20
-143.0
  0
LWPOLYLINE
  5
496
330
17
100
AcDbEntity
  8
R1003
100
AcDbPolyline
 90
2
 70
0
 10
-369.5449848172767
 20
-178.75
 10
-368.85077419881526
 20
-143.0
  0
LWPOLYLINE
  5
497
330
17
100
AcDbEntity
  8
R1003
100
AcDbPolyline
 90
2
 70
0
 10
-326.7183298272715
 20
-143.0
 10
-327.41254044573293
 20
-178.75
  0
LWPOLYLINE
  5
498
330
17
100
AcDbEntity
  8
R1003
100
AcDbPolyline
 90
2
 70
0
 10
-368.31083260667856
 20
-107.25
 10
-326.1783882351348
 20
-107.25
  0
LWPOLYLINE
  5
499
330
17
100
AcDbEntity
  8
R1003
100
AcDbPolyline
 90
2
 70
0
 10
-368.85077419881526
 20
-143.0
 10
-368.31083260667856
 20
-107.25
  0
LWPOLYLINE
  5
49A
330
17
100
AcDbEntity
  8
R1003
100
AcDbPolyline
 90
2
 70
0
 10
-326.1783882351348
 20
-107.25
 10
-326.7183298272715
 20
-143.0
  0
LWPOLYLINE
  5
49B
330
17
100
AcDbEntity
  8
R1003
100
AcDbPolyline
 90
2
 70
0
 10
-367.9251600408667
 20
-71.5
 10
-325.7927156693229
 20
-71.5
  0
LWPOLYLINE
  5
49C
330
17
100
AcDbEntity
  8
R1003
100
AcDbPolyline
 90
2
 70
0
 10
-368.31083260667856
 20
-107.25
 10
-367.9251600408667
 20
-71.5
  0
LWPOLYLINE
  5
49D
330
17
100
AcDbEntity
  8
R1003
100
AcDbPolyline
 90
2
 70
0
 10
-325.7927156693229
 20
-71.5
 10
-326.1783882351348
 20
-107.25
  0
LWPOLYLINE
  5
49E
330
17
100
AcDbEntity
  8
R1003
100
AcDbPolyline
 90
2
 70
0
 10
-367.6937565013795
 20
-35.75
 10
-325.5613121298357
 20
-35.75
  0
LWPOLYLINE
  5
49F
330
17
100
AcDbEntity
  8
R1003
100
AcDbPolyline
 90
2
 70
0
 10
-367.9251600408667
 20
-71.5
 10
-367.6937565013795
 20
-35.75
  0
LWPOLYLINE
  5
4A0
330
17
100
AcDbEntity
  8
R1003
100
AcDbPolyline
 90
2
 70
0
 10
-325.5613121298357
 20
-35.75
 10
-325.7927156693229
 20
-71.5
  0
LWPOLYLINE
  5
4A1
330
17
100
AcDbEntity
  8
R1003
100
AcDbPolyline
 90
2
 70
0
 10
-367.6166219882171
 20
0.0
 10
-325.4841776166733
 20
0.0
  0
LWPOLYLINE
  5
4A2
330
17
100
AcDbEntity
  8
R1003
100
AcDbPolyline
 90
2
 70
0
 10
-367.6937565013795
 20
-35.75
 10
-367.6166219882171
 20
0.0
  0
LWPOLYLINE
  5
4A3
330
17
100
AcDbEntity
  8
R1003
100
AcDbPolyline
 90
2
 70
0
 10
-325.4841776166733
 20
0.0
 10
-325.5613121298357
 20
-35.75
  0
LWPOLYLINE
  5
4A4
330
17
100
AcDbEntity
  8
R1003
100
AcDbPolyline
 90
2
 70
0
 10
-367.6937565013795
 20
35.75
 10
-325.5613121298357
 20
35.75
  0
LWPOLYLINE
  5
4A5
330
17
100
AcDbEntity
  8
R1003
100
AcDbPolyline
 90
2
 70
0
 10
-367.6166219882171
 20
0.0
 10
-367.6937565013795
 20
35.75
  0
LWPOLYLINE
  5
4A6
330
17
100
AcDbEntity
  8
R1003
100
AcDbPolyline
 90
2
 70
0
 10
-325.5613121298357
 20
35.75
 10
-325.4841776166733
 20
0.0
  0
LWPOLYLINE
  5
4A7
330
17
100
AcDbEntity
  8
R1003
100
AcDbPolyline
 90
2
 70
0
 10
-367.9251600408667
 20
71.5
 10
-325.7927156693229
 20
71.5
  0
LWPOLYLINE
  5
4A8
330
17
100
AcDbEntity
  8
R1003
100
AcDbPolyline
 90
2
 70
0
 10
-367.6937565013795
 20
35.75
 10
-367.9251600408667
 20
71.5
  0
LWPOLYLINE
  5
4A9
330
17
100
AcDbEntity
  8
R1003
100
AcDbPolyline
 90
2
 70
0
 10
-325.7927156693229
 20
71.5
 10
-325.5613121298357
 20
35.75
  0
LWPOLYLINE
  5
4AA
330
17
100
AcDbEntity
  8
R1003
100
AcDbPolyline
 90
2
 70
0
 10
-368.31083260667856
 20
107.25
 10
-326.1783882351348
 20
107.25
  0
LWPOLYLINE
  5
4AB
330
17
100
AcDbEntity
  8
R1003
100
AcDbPolyline
 90
2
 70
0
 10
-367.9251600408667
 20
71.5
 10
-368.31083260667856
 20
107.25
  0
LWPOLYLINE
  5
4AC
330
17
100
AcDbEntity
  8
R1003
100
AcDbPolyline
 90
2
 70
0
 10
-326.1783882351348
 20
107.25
 10
-325.7927156693229
 20
71.5
  0
LWPOLYLINE
  5
4AD
330
17
100
AcDbEntity
  8
R1003
100
AcDbPolyline
 90
2
 70
0
 10
-368.85077419881526
 20
143.0
 10
-326.7183298272715
 20
143.0
  0
LWPOLYLINE
  5
4AE
330
17
100
AcDbEntity
  8
R1003
100
AcDbPolyline
 90
2
 70
0
 10
-368.31083260667856
 20
107.25
 10
-368.85077419881526
 20
143.0
  0
LWPOLYLINE
  5
4AF
330
17
100
AcDbEntity
  8
R1003
100
AcDbPolyline
 90
2
 70
0
 10
-326.7183298272715
 20
143.0
 10
-326.1783882351348
 20
107.25
  0
LWPOLYLINE
  5
4B0
330
17
100
AcDbEntity
  8
R1003
100
AcDbPolyline
 90
2
 70
0
 10
-369.5449848172767
 20
178.75
 10
-327.41254044573293
 20
178.75
  0
LWPOLYLINE
  5
4B1
330
17
100
AcDbEntity
  8
R1003
100
AcDbPolyline
 90
2
 70
0
 10
-368.85077419881526
 20
143.0
 10
-369.5449848172767
 20
178.75
  0
LWPOLYLINE
  5
4B2
330
17
100
AcDbEntity
  8
R1003
100
AcDbPolyline
 90
2
 70
0
 10
-327.41254044573293
 20
178.75
 10
-326.7183298272715
 20
143.0
  0
LWPOLYLINE
  5
4B3
330
17
100
AcDbEntity
  8
R1003
100
AcDbPolyline
 90
2
 70
0
 10
-370.3934644620629
 20
214.5
 10
-328.26102009051914
 20
214.5
  0
LWPOLYLINE
  5
4B4
330
17
100
AcDbEntity
  8
R1003
100
AcDbPolyline
 90
2
 70
0
 10
-369.5449848172767
 20
178.75
 10
-370.3934644620629
 20
214.5
  0
LWPOLYLINE
  5
4B5
330
17
100
AcDbEntity
  8
R1003
100
AcDbPolyline
 90
2
 70
0
 10
-328.26102009051914
 20
214.5
 10
-327.41254044573293
 20
178.75
  0
LWPOLYLINE
  5
4B6
330
17
100
AcDbEntity
  8
R1003
100
AcDbPolyline
 90
2
 70
0
 10
-371.39621313317394
 20
250.25
 10
-329.26376876163016
 20
250.25
  0
LWPOLYLINE
  5
4B7
330
17
100
AcDbEntity
  8
R1003
100
AcDbPolyline
 90
2
 70
0
 10
-370.3934644620629
 20
214.5
 10
-371.39621313317394
 20
250.25
  0
LWPOLYLINE
  5
4B8
330
17
100
AcDbEntity
  8
R1003
100
AcDbPolyline
 90
2
 70
0
 10
-329.26376876163016
 20
250.25
 10
-328.26102009051914
 20
214.5
  0
LWPOLYLINE
  5
4B9
330
17
100
AcDbEntity
  8
R1003
100
AcDbPolyline
 90
2
 70
0
 10
-372.5532308306097
 20
286.0
 10
-330.42078645906594
 20
286.0
  0
LWPOLYLINE
  5
4BA
330
17
100
AcDbEntity
  8
R1003
100
AcDbPolyline
 90
2
 70
0
 10
-371.39621313317394
 20
250.25
 10
-372.5532308306097
 20
286.0
  0
LWPOLYLINE
  5
4BB
330
17
100
AcDbEntity
  8
R1003
100
AcDbPolyline
 90
2
 70
0
 10
-330.42078645906594
 20
286.0
 10
-329.26376876163016
 20
250.25
  0
LWPOLYLINE
  5
4BC
330
17
100
AcDbEntity
  8
R1003
100
AcDbPolyline
 90
2
 70
0
 10
-373.86451755437025
 20
321.75
 10
-331.73207318282647
 20
321.75
  0
LWPOLYLINE
  5
4BD
330
17
100
AcDbEntity
  8
R1003
100
AcDbPolyline
 90
2
 70
0
 10
-372.5532308306097
 20
286.0
 10
-373.86451755437025
 20
321.75
  0
LWPOLYLINE
  5
4BE
330
17
100
AcDbEntity
  8
R1003
100
AcDbPolyline
 90
2
 70
0
 10
-331.73207318282647
 20
321.75
 10
-330.42078645906594
 20
286.0
  0
LWPOLYLINE
  5
4BF
330
17
100
AcDbEntity
  8
R1003
100
AcDbPolyline
 90
2
 70
0
 10
-375.3300733044556
 20
357.5
 10
-333.1976289329118
 20
357.5
  0
LWPOLYLINE
  5
4C0
330
17
100
AcDbEntity
  8
R1003
100
AcDbPolyline
 90
2
 70
0
 10
-373.86451755437025
 20
321.75
 10
-375.3300733044556
 20
357.5
  0
LWPOLYLINE
  5
4C1
330
17
100
AcDbEntity
  8
R1003
100
AcDbPolyline
 90
2
 70
0
 10
-333.1976289329118
 20
357.5
 10
-331.73207318282647
 20
321.75
  0
LWPOLYLINE
  5
4C2
330
17
100
AcDbEntity
  8
R1003
100
AcDbPolyline
 90
2
 70
0
 10
-369.5449848172767
 20
357.5
 10
-327.41254044573293
 20
357.5
  0
LWPOLYLINE
  5
4C3
330
17
100
AcDbEntity
  8
R1003
100
AcDbPolyline
 90
2
 70
0
 10
-375.3300733044556
 20
357.5
 10
-369.5449848172767
 20
357.5
  0
LWPOLYLINE
  5
4C4
330
17
100
AcDbEntity
  8
R1003
100
AcDbPolyline
 90
2
 70
0
 10
-327.41254044573293
 20
357.5
 10
-333.1976289329118
 20
357.5
  0
LWPOLYLINE
  5
4C5
330
17
100
AcDbEntity
  8
R1003
100
AcDbPolyline
 90
2
 70
0
 10
-368.0794290671914
 20
321.75
 10
-325.94698469564764
 20
321.75
  0
LWPOLYLINE
  5
4C6
330
17
100
AcDbEntity
  8
R1003
100
AcDbPolyline
 90
2
 70
0
 10
-369.5449848172767
 20
357.5
 10
-368.0794290671914
 20
321.75
  0
LWPOLYLINE
  5
4C7
330
17
100
AcDbEntity
  8
R1003
100
AcDbPolyline
 90
2
 70
0
 10
-325.94698469564764
 20
321.75
 10
-327.41254044573293
 20
357.5
  0
LWPOLYLINE
  5
4C8
330
17
100
AcDbEntity
  8
R1003
100
AcDbPolyline
 90
2
 70
0
 10
-366.7681423434309
 20
286.0
 10
-324.6356979718871
 20
286.0
  0
LWPOLYLINE
  5
4C9
330
17
100
AcDbEntity
  8
R1003
100
AcDbPolyline
 90
2
 70
0
 10
-368.0794290671914
 20
321.75
 10
-366.7681423434309
 20
286.0
  0
LWPOLYLINE
  5
4CA
330
17
100
AcDbEntity
  8
R1003
100
AcDbPolyline
 90
2
 70
0
 10
-324.6356979718871
 20
286.0
 10
-325.94698469564764
 20
321.75
  0
LWPOLYLINE
  5
4CB
330
17
100
AcDbEntity
  8
R1003
100
AcDbPolyline
 90
2
 70
0
 10
-365.6111246459951
 20
250.25
 10
-323.47868027445134
 20
250.25
  0
LWPOLYLINE
  5
4CC
330
17
100
AcDbEntity
  8
R1003
100
AcDbPolyline
 90
2
 70
0
 10
-366.7681423434309
 20
286.0
 10
-365.6111246459951
 20
250.25
  0
LWPOLYLINE
  5
4CD
330
17
100
AcDbEntity
  8
R1003
100
AcDbPolyline
 90
2
 70
0
 10
-323.47868027445134
 20
250.25
 10
-324.6356979718871
 20
286.0
  0
LWPOLYLINE
  5
4CE
330
17
100
AcDbEntity
  8
R1003
100
AcDbPolyline
 90
2
 70
0
 10
-364.6083759748841
 20
214.5
 10
-322.4759316033403
 20
214.5
  0
LWPOLYLINE
  5
4CF
330
17
100
AcDbEntity
  8
R1003
100
AcDbPolyline
 90
2
 70
0
 10
-365.6111246459951
 20
250.25
 10
-364.6083759748841
 20
214.5
  0
LWPOLYLINE
  5
4D0
330
17
100
AcDbEntity
  8
R1003
100
AcDbPolyline
 90
2
 70
0
 10
-322.4759316033403
 20
214.5
 10
-323.47868027445134
 20
250.25
  0
LWPOLYLINE
  5
4D1
330
17
100
AcDbEntity
  8
R1003
100
AcDbPolyline
 90
2
 70
0
 10
-363.7598963300979
 20
178.75
 10
-321.6274519585541
 20
178.75
  0
LWPOLYLINE
  5
4D2
330
17
100
AcDbEntity
  8
R1003
100
AcDbPolyline
 90
2
 70
0
 10
-364.6083759748841
 20
214.5
 10
-363.7598963300979
 20
178.75
  0
LWPOLYLINE
  5
4D3
330
17
100
AcDbEntity
  8
R1003
100
AcDbPolyline
 90
2
 70
0
 10
-321.6274519585541
 20
178.75
 10
-322.4759316033403
 20
214.5
  0
LWPOLYLINE
  5
4D4
330
17
100
AcDbEntity
  8
R1003
100
AcDbPolyline
 90
2
 70
0
 10
-363.06568571163643
 20
143.0
 10
-320.93324134009265
 20
143.0
  0
LWPOLYLINE
  5
4D5
330
17
100
AcDbEntity
  8
R1003
100
AcDbPolyline
 90
2
 70
0
 10
-363.7598963300979
 20
178.75
 10
-363.06568571163643
 20
143.0
  0
LWPOLYLINE
  5
4D6
330
17
100
AcDbEntity
  8
R1003
100
AcDbPolyline
 90
2
 70
0
 10
-320.93324134009265
 20
143.0
 10
-321.6274519585541
 20
178.75
  0
LWPOLYLINE
  5
4D7
330
17
100
AcDbEntity
  8
R1003
100
AcDbPolyline
 90
2
 70
0
 10
-362.5257441194997
 20
107.25
 10
-320.3932997479559
 20
107.25
  0
LWPOLYLINE
  5
4D8
330
17
100
AcDbEntity
  8
R1003
100
AcDbPolyline
 90
2
 70
0
 10
-363.06568571163643
 20
143.0
 10
-362.5257441194997
 20
107.25
  0
LWPOLYLINE
  5
4D9
330
17
100
AcDbEntity
  8
R1003
100
AcDbPolyline
 90
2
 70
0
 10
-320.3932997479559
 20
107.25
 10
-320.93324134009265
 20
143.0
  0
LWPOLYLINE
  5
4DA
330
17
100
AcDbEntity
  8
R1003
100
AcDbPolyline
 90
2
 70
0
 10
-362.1400715536878
 20
71.5
 10
-320.007627182144
 20
71.5
  0
LWPOLYLINE
  5
4DB
330
17
100
AcDbEntity
  8
R1003
100
AcDbPolyline
 90
2
 70
0
 10
-362.5257441194997
 20
107.25
 10
-362.1400715536878
 20
71.5
  0
LWPOLYLINE
  5
4DC
330
17
100
AcDbEntity
  8
R1003
100
AcDbPolyline
 90
2
 70
0
 10
-320.007627182144
 20
71.5
 10
-320.3932997479559
 20
107.25
  0
LWPOLYLINE
  5
4DD
330
17
100
AcDbEntity
  8
R1003
100
AcDbPolyline
 90
2
 70
0
 10
-361.90866801420066
 20
35.75
 10
-319.7762236426569
 20
35.75
  0
LWPOLYLINE
  5
4DE
330
17
100
AcDbEntity
  8
R1003
100
AcDbPolyline
 90
2
 70
0
 10
-362.1400715536878
 20
71.5
 10
-361.90866801420066
 20
35.75
  0
LWPOLYLINE
  5
4DF
330
17
100
AcDbEntity
  8
R1003
100
AcDbPolyline
 90
2
 70
0
 10
-319.7762236426569
 20
35.75
 10
-320.007627182144
 20
71.5
  0
LWPOLYLINE
  5
4E0
330
17
100
AcDbEntity
  8
R1003
100
AcDbPolyline
 90
2
 70
0
 10
-361.8315335010382
 20
0.0
 10
-319.69908912949444
 20
0.0
  0
LWPOLYLINE
  5
4E1
330
17
100
AcDbEntity
  8
R1003
100
AcDbPolyline
 90
2
 70
0
 10
-361.90866801420066
 20
35.75
 10
-361.8315335010382
 20
0.0
  0
LWPOLYLINE
  5
4E2
330
17
100
AcDbEntity
  8
R1003
100
AcDbPolyline
 90
2
 70
0
 10
-319.69908912949444
 20
0.0
 10
-319.7762236426569
 20
35.75
  0
LWPOLYLINE
  5
4E3
330
17
100
AcDbEntity
  8
R1003
100
AcDbPolyline
 90
2
 70
0
 10
-361.90866801420066
 20
-35.75
 10
-319.7762236426569
 20
-35.75
  0
LWPOLYLINE
  5
4E4
330
17
100
AcDbEntity
  8
R1003
100
AcDbPolyline
 90
2
 70
0
 10
-361.8315335010382
 20
0.0
 10
-361.90866801420066
 20
-35.75
  0
LWPOLYLINE
  5
4E5
330
17
100
AcDbEntity
  8
R1003
100
AcDbPolyline
 90
2
 70
0
 10
-319.7762236426569
 20
-35.75
 10
-319.69908912949444
 20
0.0
  0
LWPOLYLINE
  5
4E6
330
17
100
AcDbEntity
  8
R1003
100
AcDbPolyline
 90
2
 70
0
 10
-362.1400715536878
 20
-71.5
 10
-320.007627182144
 20
-71.5
  0
LWPOLYLINE
  5
4E7
330
17
100
AcDbEntity
  8
R1003
100
AcDbPolyline
 90
2
 70
0
 10
-361.90866801420066
 20
-35.75
 10
-362.1400715536878
 20
-71.5
  0
LWPOLYLINE
  5
4E8
330
17
100
AcDbEntity
  8
R1003
100
AcDbPolyline
 90
2
 70
0
 10
-320.007627182144
 20
-71.5
 10
-319.7762236426569
 20
-35.75
  0
LWPOLYLINE
  5
4E9
330
17
100
AcDbEntity
  8
R1003
100
AcDbPolyline
 90
2
 70
0
 10
-362.5257441194997
 20
-107.25
 10
-320.3932997479559
 20
-107.25
  0
LWPOLYLINE
  5
4EA
330
17
100
AcDbEntity
  8
R1003
100
AcDbPolyline
 90
2
 70
0
 10
-362.1400715536878
 20
-71.5
 10
-362.5257441194997
 20
-107.25
  0
LWPOLYLINE
  5
4EB
330
17
100
AcDbEntity
  8
R1003
100
AcDbPolyline
 90
2
 70
0
 10
-320.3932997479559
 20
-107.25
 10
-320.007627182144
 20
-71.5
  0
LWPOLYLINE
  5
4EC
330
17
100
AcDbEntity
  8
R1003
100
AcDbPolyline
 90
2
 70
0
 10
-363.06568571163643
 20
-143.0
 10
-320.93324134009265
 20
-143.0
  0
LWPOLYLINE
  5
4ED
330
17
100
AcDbEntity
  8
R1003
100
AcDbPolyline
 90
2
 70
0
 10
-362.5257441194997
 20
-107.25
 10
-363.06568571163643
 20
-143.0
  0
LWPOLYLINE
  5
4EE
330
17
100
AcDbEntity
  8
R1003
100
AcDbPolyline
 90
2
 70
0
 10
-320.93324134009265
 20
-143.0
 10
-320.3932997479559
 20
-107.25
  0
LWPOLYLINE
  5
4EF
330
17
100
AcDbEntity
  8
R1003
100
AcDbPolyline
 90
2
 70
0
 10
-363.7598963300979
 20
-178.75
 10
-321.6274519585541
 20
-178.75
  0
LWPOLYLINE
  5
4F0
330
17
100
AcDbEntity
  8
R1003
100
AcDbPolyline
 90
2
 70
0
 10
-363.06568571163643
 20
-143.0
 10
-363.7598963300979
 20
-178.75
  0
LWPOLYLINE
  5
4F1
330
17
100
AcDbEntity
  8
R1003
100
AcDbPolyline
 90
2
 70
0
 10
-321.6274519585541
 20
-178.75
 10
-320.93324134009265
 20
-143.0
  0
LWPOLYLINE
  5
4F2
330
17
100
AcDbEntity
  8
R1003
100
AcDbPolyline
 90
2
 70
0
 10
-364.6083759748841
 20
-214.5
 10
-322.4759316033403
 20
-214.5
  0
LWPOLYLINE
  5
4F3
330
17
100
AcDbEntity
  8
R1003
100
AcDbPolyline
 90
2
 70
0
 10
-363.7598963300979
 20
-178.75
 10
-364.6083759748841
 20
-214.5
  0
LWPOLYLINE
  5
4F4
330
17
100
AcDbEntity
  8
R1003
100
AcDbPolyline
 90
2
 70
0
 10
-322.4759316033403
 20
-214.5
 10
-321.6274519585541
 20
-178.75
  0
LWPOLYLINE
  5
4F5
330
17
100
AcDbEntity
  8
R1003
100
AcDbPolyline
 90
2
 70
0
 10
-365.6111246459951
 20
-250.25
 10
-323.47868027445134
 20
-250.25
  0
LWPOLYLINE
  5
4F6
330
17
100
AcDbEntity
  8
R1003
100
AcDbPolyline
 90
2
 70
0
 10
-364.6083759748841
 20
-214.5
 10
-365.6111246459951
 20
-250.25
  0
LWPOLYLINE
  5
4F7
330
17
100
AcDbEntity
  8
R1003
100
AcDbPolyline
 90
2
 70
0
 10
-323.47868027445134
 20
-250.25
 10
-322.4759316033403
 20
-214.5
  0
LWPOLYLINE
  5
4F8
330
17
100
AcDbEntity
  8
R1003
100
AcDbPolyline
 90
2
 70
0
 10
-366.7681423434309
 20
-286.0
 10
-324.6356979718871
 20
-286.0
  0
LWPOLYLINE
  5
4F9
330
17
100
AcDbEntity
  8
R1003
100
AcDbPolyline
 90
2
 70
0
 10
-365.6111246459951
 20
-250.25
 10
-366.7681423434309
 20
-286.0
  0
LWPOLYLINE
  5
4FA
330
17
100
AcDbEntity
  8
R1003
100
AcDbPolyline
 90
2
 70
0
 10
-324.6356979718871
 20
-286.0
 10
-323.47868027445134
 20
-250.25
  0
LWPOLYLINE
  5
4FB
330
17
100
AcDbEntity
  8
R1003
100
AcDbPolyline
 90
2
 70
0
 10
-368.0794290671914
 20
-321.75
 10
-325.94698469564764
 20
-321.75
  0
LWPOLYLINE
  5
4FC
330
17
100
AcDbEntity
  8
R1003
100
AcDbPolyline
 90
2
 70
0
 10
-366.7681423434309
 20
-286.0
 10
-368.0794290671914
 20
-321.75
  0
LWPOLYLINE
  5
4FD
330
17
100
AcDbEntity
  8
R1003
100
AcDbPolyline
 90
2
 70
0
 10
-325.94698469564764
 20
-321.75
 10
-324.6356979718871
 20
-286.0
  0
LWPOLYLINE
  5
4FE
330
17
100
AcDbEntity
  8
R1003
100
AcDbPolyline
 90
2
 70
0
 10
-369.5449848172767
 20
-357.5
 10
-327.41254044573293
 20
-357.5
  0
LWPOLYLINE
  5
4FF
330
17
100
AcDbEntity
  8
R1003
100
AcDbPolyline
 90
2
 70
0
 10
-368.0794290671914
 20
-321.75
 10
-369.5449848172767
 20
-357.5
  0
LWPOLYLINE
  5
500
330
17
100
AcDbEntity
  8
R1003
100
AcDbPolyline
 90
2
 70
0
 10
-327.41254044573293
 20
-357.5
 10
-325.94698469564764
 20
-321.75
  0
LWPOLYLINE
  5
501
330
17
100
AcDbEntity
  8
R1003
100
AcDbPolyline
 90
2
 70
0
 10
-369.5449848172767
 20
-357.5
 10
-375.3300733044556
 20
-357.5
  0
LWPOLYLINE
  5
502
330
17
100
AcDbEntity
  8
R1003
100
AcDbPolyline
 90
2
 70
0
 10
-333.1976289329118
 20
-357.5
 10
-327.41254044573293
 20
-357.5
  0
LWPOLYLINE
  5
504
330
17
100
AcDbEntity
  8
R1004
100
AcDbPolyline
 90
2
 70
0
 10
-253.31013700764692
 20
-357.5
 10
-295.4425813791907
 20
-357.5
  0
LWPOLYLINE
  5
505
330
17
100
AcDbEntity
  8
R1004
100
AcDbPolyline
 90
2
 70
0
 10
-293.97702562910536
 20
-321.75
 10
-251.84458125756157
 20
-321.75
  0
LWPOLYLINE
  5
506
330
17
100
AcDbEntity
  8
R1004
100
AcDbPolyline
 90
2
 70
0
 10
-295.4425813791907
 20
-357.5
 10
-293.97702562910536
 20
-321.75
  0
LWPOLYLINE
  5
507
330
17
100
AcDbEntity
  8
R1004
100
AcDbPolyline
 90
2
 70
0
 10
-251.84458125756157
 20
-321.75
 10
-253.31013700764692
 20
-357.5
  0
LWPOLYLINE
  5
508
330
17
100
AcDbEntity
  8
R1004
100
AcDbPolyline
 90
2
 70
0
 10
-292.6657389053448
 20
-286.0
 10
-250.53329453380104
 20
-286.0
  0
LWPOLYLINE
  5
509
330
17
100
AcDbEntity
  8
R1004
100
AcDbPolyline
 90
2
 70
0
 10
-293.97702562910536
 20
-321.75
 10
-292.6657389053448
 20
-286.0
  0
LWPOLYLINE
  5
50A
330
17
100
AcDbEntity
  8
R1004
100
AcDbPolyline
 90
2
 70
0
 10
-250.53329453380104
 20
-286.0
 10
-251.84458125756157
 20
-321.75
  0
LWPOLYLINE
  5
50B
330
17
100
AcDbEntity
  8
R1004
100
AcDbPolyline
 90
2
 70
0
 10
-291.50872120790905
 20
-250.25
 10
-249.37627683636526
 20
-250.25
  0
LWPOLYLINE
  5
50C
330
17
100
AcDbEntity
  8
R1004
100
AcDbPolyline
 90
2
 70
0
 10
-292.6657389053448
 20
-286.0
 10
-291.50872120790905
 20
-250.25
  0
LWPOLYLINE
  5
50D
330
17
100
AcDbEntity
  8
R1004
100
AcDbPolyline
 90
2
 70
0
 10
-249.37627683636526
 20
-250.25
 10
-250.53329453380104
 20
-286.0
  0
LWPOLYLINE
  5
50E
330
17
100
AcDbEntity
  8
R1004
100
AcDbPolyline
 90
2
 70
0
 10
-290.505972536798
 20
-214.5
 10
-248.37352816525424
 20
-214.5
  0
LWPOLYLINE
  5
50F
330
17
100
AcDbEntity
  8
R1004
100
AcDbPolyline
 90
2
 70
0
 10
-291.50872120790905
 20
-250.25
 10
-290.505972536798
 20
-214.5
  0
LWPOLYLINE
  5
510
330
17
100
AcDbEntity
  8
R1004
100
AcDbPolyline
 90
2
 70
0
 10
-248.37352816525424
 20
-214.5
 10
-249.37627683636526
 20
-250.25
  0
LWPOLYLINE
  5
511
330
17
100
AcDbEntity
  8
R1004
100
AcDbPolyline
 90
2
 70
0
 10
-289.6574928920118
 20
-178.75
 10
-247.52504852046803
 20
-178.75
  0
LWPOLYLINE
  5
512
330
17
100
AcDbEntity
  8
R1004
100
AcDbPolyline
 90
2
 70
0
 10
-290.505972536798
 20
-214.5
 10
-289.6574928920118
 20
-178.75
  0
LWPOLYLINE
  5
513
330
17
100
AcDbEntity
  8
R1004
100
AcDbPolyline
 90
2
 70
0
 10
-247.52504852046803
 20
-178.75
 10
-248.37352816525424
 20
-214.5
  0
LWPOLYLINE
  5
514
330
17
100
AcDbEntity
  8
R1004
100
AcDbPolyline
 90
2
 70
0
 10
-288.96328227355036
 20
-143.0
 10
-246.83083790200658
 20
-143.0
  0
LWPOLYLINE
  5
515
330
17
100
AcDbEntity
  8
R1004
100
AcDbPolyline
 90
2
 70
0
 10
-289.6574928920118
 20
-178.75
 10
-288.96328227355036
 20
-143.0
  0
LWPOLYLINE
  5
516
330
17
100
AcDbEntity
  8
R1004
100
AcDbPolyline
 90
2
 70
0
 10
-246.83083790200658
 20
-143.0
 10
-247.52504852046803
 20
-178.75
  0
LWPOLYLINE
  5
517
330
17
100
AcDbEntity
  8
R1004
100
AcDbPolyline
 90
2
 70
0
 10
-288.42334068141366
 20
-107.25
 10
-246.29089630986988
 20
-107.25
  0
LWPOLYLINE
  5
518
330
17
100
AcDbEntity
  8
R1004
100
AcDbPolyline
 90
2
 70
0
 10
-288.96328227355036
 20
-143.0
 10
-288.42334068141366
 20
-107.25
  0
LWPOLYLINE
  5
519
330
17
100
AcDbEntity
  8
R1004
100
AcDbPolyline
 90
2
 70
0
 10
-246.29089630986988
 20
-107.25
 10
-246.83083790200658
 20
-143.0
  0
LWPOLYLINE
  5
51A
330
17
100
AcDbEntity
  8
R1004
100
AcDbPolyline
 90
2
 70
0
 10
-288.0376681156018
 20
-71.5
 10
-245.905223744058
 20
-71.5
  0
LWPOLYLINE
  5
51B
330
17
100
AcDbEntity
  8
R1004
100
AcDbPolyline
 90
2
 70
0
 10
-288.42334068141366
 20
-107.25
 10
-288.0376681156018
 20
-71.5
  0
LWPOLYLINE
  5
51C
330
17
100
AcDbEntity
  8
R1004
100
AcDbPolyline
 90
2
 70
0
 10
-245.905223744058
 20
-71.5
 10
-246.29089630986988
 20
-107.25
  0
LWPOLYLINE
  5
51D
330
17
100
AcDbEntity
  8
R1004
100
AcDbPolyline
 90
2
 70
0
 10
-287.8062645761146
 20
-35.75
 10
-245.6738202045708
 20
-35.75
  0
LWPOLYLINE
  5
51E
330
17
100
AcDbEntity
  8
R1004
100
AcDbPolyline
 90
2
 70
0
 10
-288.0376681156018
 20
-71.5
 10
-287.8062645761146
 20
-35.75
  0
LWPOLYLINE
  5
51F
330
17
100
AcDbEntity
  8
R1004
100
AcDbPolyline
 90
2
 70
0
 10
-245.6738202045708
 20
-35.75
 10
-245.905223744058
 20
-71.5
  0
LWPOLYLINE
  5
520
330
17
100
AcDbEntity
  8
R1004
100
AcDbPolyline
 90
2
 70
0
 10
-287.7291300629522
 20
0.0
 10
-245.59668569140842
 20
0.0
  0
LWPOLYLINE
  5
521
330
17
100
AcDbEntity
  8
R1004
100
AcDbPolyline
 90
2
 70
0
 10
-287.8062645761146
 20
-35.75
 10
-287.7291300629522
 20
0.0
  0
LWPOLYLINE
  5
522
330
17
100
AcDbEntity
  8
R1004
100
AcDbPolyline
 90
2
 70
0
 10
-245.59668569140842
 20
0.0
 10
-245.6738202045708
 20
-35.75
  0
LWPOLYLINE
  5
523
330
17
100
AcDbEntity
  8
R1004
100
AcDbPolyline
 90
2
 70
0
 10
-287.8062645761146
 20
35.75
 10
-245.6738202045708
 20
35.75
  0
LWPOLYLINE
  5
524
330
17
100
AcDbEntity
  8
R1004
100
AcDbPolyline
 90
2
 70
0
 10
-287.7291300629522
 20
0.0
 10
-287.8062645761146
 20
35.75
  0
LWPOLYLINE
  5
525
330
17
100
AcDbEntity
  8
R1004
100
AcDbPolyline
 90
2
 70
0
 10
-245.6738202045708
 20
35.75
 10
-245.59668569140842
 20
0.0
  0
LWPOLYLINE
  5
526
330
17
100
AcDbEntity
  8
R1004
100
AcDbPolyline
 90
2
 70
0
 10
-288.0376681156018
 20
71.5
 10
-245.905223744058
 20
71.5
  0
LWPOLYLINE
  5
527
330
17
100
AcDbEntity
  8
R1004
100
AcDbPolyline
 90
2
 70
0
 10
-287.8062645761146
 20
35.75
 10
-288.0376681156018
 20
71.5
  0
LWPOLYLINE
  5
528
330
17
100
AcDbEntity
  8
R1004
100
AcDbPolyline
 90
2
 70
0
 10
-245.905223744058
 20
71.5
 10
-245.6738202045708
 20
35.75
  0
LWPOLYLINE
  5
529
330
17
100
AcDbEntity
  8
R1004
100
AcDbPolyline
 90
2
 70
0
 10
-288.42334068141366
 20
107.25
 10
-246.29089630986988
 20
107.25
  0
LWPOLYLINE
  5
52A
330
17
100
AcDbEntity
  8
R1004
100
AcDbPolyline
 90
2
 70
0
 10
-288.0376681156018
 20
71.5
 10
-288.42334068141366
 20
107.25
  0
LWPOLYLINE
  5
52B
330
17
100
AcDbEntity
  8
R1004
100
AcDbPolyline
 90
2
 70
0
 10
-246.29089630986988
 20
107.25
 10
-245.905223744058
 20
71.5
  0
LWPOLYLINE
  5
52C
330
17
100
AcDbEntity
  8
R1004
100
AcDbPolyline
 90
2
 70
0
 10
-288.96328227355036
 20
143.0
 10
-246.83083790200658
 20
143.0
  0
LWPOLYLINE
  5
52D
330
17
100
AcDbEntity
  8
R1004
100
AcDbPolyline
 90
2
 70
0
 10
-288.42334068141366
 20
107.25
 10
-288.96328227355036
 20
143.0
  0
LWPOLYLINE
  5
52E
330
17
100
AcDbEntity
  8
R1004
100
AcDbPolyline
 90
2
 70
0
 10
-246.83083790200658
 20
143.0
 10
-246.29089630986988
 20
107.25
  0
LWPOLYLINE
  5
52F
330
17
100
AcDbEntity
  8
R1004
100
AcDbPolyline
 90
2
 70
0
 10
-289.6574928920118
 20
178.75
 10
-247.52504852046803
 20
178.75
  0
LWPOLYLINE
  5
530
330
17
100
AcDbEntity
  8
R1004
100
AcDbPolyline
 90
2
 70
0
 10
-288.96328227355036
 20
143.0
 10
-289.6574928920118
 20
178.75
  0
LWPOLYLINE
  5
531
330
17
100
AcDbEntity
  8
R1004
100
AcDbPolyline
 90
2
 70
0
 10
-247.52504852046803
 20
178.75
 10
-246.83083790200658
 20
143.0
  0
LWPOLYLINE
  5
532
330
17
100
AcDbEntity
  8
R1004
100
AcDbPolyline
 90
2
 70
0
 10
-290.505972536798
 20
214.5
 10
-248.37352816525424
 20
214.5
  0
LWPOLYLINE
  5
533
330
17
100
AcDbEntity
  8
R1004
100
AcDbPolyline
 90
2
 70
0
 10
-289.6574928920118
 20
178.75
 10
-290.505972536798
 20
214.5
  0
LWPOLYLINE
  5
534
330
17
100
AcDbEntity
  8
R1004
100
AcDbPolyline
 90
2
 70
0
 10
-248.37352816525424
 20
214.5
 10
-247.52504852046803
 20
178.75
  0
LWPOLYLINE
  5
535
330
17
100
AcDbEntity
  8
R1004
100
AcDbPolyline
 90
2
 70
0
 10
-291.50872120790905
 20
250.25
 10
-249.37627683636526
 20
250.25
  0
LWPOLYLINE
  5
536
330
17
100
AcDbEntity
  8
R1004
100
AcDbPolyline
 90
2
 70
0
 10
-290.505972536798
 20
214.5
 10
-291.50872120790905
 20
250.25
  0
LWPOLYLINE
  5
537
330
17
100
AcDbEntity
  8
R1004
100
AcDbPolyline
 90
2
 70
0
 10
-249.37627683636526
 20
250.25
 10
-248.37352816525424
 20
214.5
  0
LWPOLYLINE
  5
538
330
17
100
AcDbEntity
  8
R1004
100
AcDbPolyline
 90
2
 70
0
 10
-292.6657389053448
 20
286.0
 10
-250.53329453380104
 20
286.0
  0
LWPOLYLINE
  5
539
330
17
100
AcDbEntity
  8
R1004
100
AcDbPolyline
 90
2
 70
0
 10
-291.50872120790905
 20
250.25
 10
-292.6657389053448
 20
286.0
  0
LWPOLYLINE
  5
53A
330
17
100
AcDbEntity
  8
R1004
100
AcDbPolyline
 90
2
 70
0
 10
-250.53329453380104
 20
286.0
 10
-249.37627683636526
 20
250.25
  0
LWPOLYLINE
  5
53B
330
17
100
AcDbEntity
  8
R1004
100
AcDbPolyline
 90
2
 70
0
 10
-293.97702562910536
 20
321.75
 10
-251.84458125756157
 20
321.75
  0
LWPOLYLINE
  5
53C
330
17
100
AcDbEntity
  8
R1004
100
AcDbPolyline
 90
2
 70
0
 10
-292.6657389053448
 20
286.0
 10
-293.97702562910536
 20
321.75
  0
LWPOLYLINE
  5
53D
330
17
100
AcDbEntity
  8
R1004
100
AcDbPolyline
 90
2
 70
0
 10
-251.84458125756157
 20
321.75
 10
-250.53329453380104
 20
286.0
  0
LWPOLYLINE
  5
53E
330
17
100
AcDbEntity
  8
R1004
100
AcDbPolyline
 90
2
 70
0
 10
-295.4425813791907
 20
357.5
 10
-253.31013700764692
 20
357.5
  0
LWPOLYLINE
  5
53F
330
17
100
AcDbEntity
  8
R1004
100
AcDbPolyline
 90
2
 70
0
 10
-293.97702562910536
 20
321.75
 10
-295.4425813791907
 20
357.5
  0
LWPOLYLINE
  5
540
330
17
100
AcDbEntity
  8
R1004
100
AcDbPolyline
 90
2
 70
0
 10
-253.31013700764692
 20
357.5
 10
-251.84458125756157
 20
321.75
  0
LWPOLYLINE
  5
541
330
17
100
AcDbEntity
  8
R1004
100
AcDbPolyline
 90
2
 70
0
 10
-289.6574928920118
 20
357.5
 10
-247.52504852046803
 20
357.5
  0
LWPOLYLINE
  5
542
330
17
100
AcDbEntity
  8
R1004
100
AcDbPolyline
 90
2
 70
0
 10
-295.4425813791907
 20
357.5
 10
-289.6574928920118
 20
357.5
  0
LWPOLYLINE
  5
543
330
17
100
AcDbEntity
  8
R1004
100
AcDbPolyline
 90
2
 70
0
 10
-247.52504852046803
 20
357.5
 10
-253.31013700764692
 20
357.5
  0
LWPOLYLINE
  5
544
330
17
100
AcDbEntity
  8
R1004
100
AcDbPolyline
 90
2
 70
0
 10
-288.19193714192653
 20
321.75
 10
-246.05949277038275
 20
321.75
  0
LWPOLYLINE
  5
545
330
17
100
AcDbEntity
  8
R1004
100
AcDbPolyline
 90
2
 70
0
 10
-289.6574928920118
 20
357.5
 10
-288.19193714192653
 20
321.75
  0
LWPOLYLINE
  5
546
330
17
100
AcDbEntity
  8
R1004
100
AcDbPolyline
 90
2
 70
0
 10
-246.05949277038275
 20
321.75
 10
-247.52504852046803
 20
357.5
  0
LWPOLYLINE
  5
547
330
17
100
AcDbEntity
  8
R1004
100
AcDbPolyline
 90
2
 70
0
 10
-286.880650418166
 20
286.0
 10
-244.74820604662222
 20
286.0
  0
LWPOLYLINE
  5
548
330
17
100
AcDbEntity
  8
R1004
100
AcDbPolyline
 90
2
 70
0
 10
-288.19193714192653
 20
321.75
 10
-286.880650418166
 20
286.0
  0
LWPOLYLINE
  5
549
330
17
100
AcDbEntity
  8
R1004
100
AcDbPolyline
 90
2
 70
0
 10
-244.74820604662222
 20
286.0
 10
-246.05949277038275
 20
321.75
  0
LWPOLYLINE
  5
54A
330
17
100
AcDbEntity
  8
R1004
100
AcDbPolyline
 90
2
 70
0
 10
-285.7236327207302
 20
250.25
 10
-243.59118834918644
 20
250.25
  0
LWPOLYLINE
  5
54B
330
17
100
AcDbEntity
  8
R1004
100
AcDbPolyline
 90
2
 70
0
 10
-286.880650418166
 20
286.0
 10
-285.7236327207302
 20
250.25
  0
LWPOLYLINE
  5
54C
330
17
100
AcDbEntity
  8
R1004
100
AcDbPolyline
 90
2
 70
0
 10
-243.59118834918644
 20
250.25
 10
-244.74820604662222
 20
286.0
  0
LWPOLYLINE
  5
54D
330
17
100
AcDbEntity
  8
R1004
100
AcDbPolyline
 90
2
 70
0
 10
-284.7208840496192
 20
214.5
 10
-242.58843967807542
 20
214.5
  0
LWPOLYLINE
  5
54E
330
17
100
AcDbEntity
  8
R1004
100
AcDbPolyline
 90
2
 70
0
 10
-285.7236327207302
 20
250.25
 10
-284.7208840496192
 20
214.5
  0
LWPOLYLINE
  5
54F
330
17
100
AcDbEntity
  8
R1004
100
AcDbPolyline
 90
2
 70
0
 10
-242.58843967807542
 20
214.5
 10
-243.59118834918644
 20
250.25
  0
LWPOLYLINE
  5
550
330
17
100
AcDbEntity
  8
R1004
100
AcDbPolyline
 90
2
 70
0
 10
-283.872404404833
 20
178.75
 10
-241.7399600332892
 20
178.75
  0
LWPOLYLINE
  5
551
330
17
100
AcDbEntity
  8
R1004
100
AcDbPolyline
 90
2
 70
0
 10
-284.7208840496192
 20
214.5
 10
-283.872404404833
 20
178.75
  0
LWPOLYLINE
  5
552
330
17
100
AcDbEntity
  8
R1004
100
AcDbPolyline
 90
2
 70
0
 10
-241.7399600332892
 20
178.75
 10
-242.58843967807542
 20
214.5
  0
LWPOLYLINE
  5
553
330
17
100
AcDbEntity
  8
R1004
100
AcDbPolyline
 90
2
 70
0
 10
-283.17819378637154
 20
143.0
 10
-241.04574941482775
 20
143.0
  0
LWPOLYLINE
  5
554
330
17
100
AcDbEntity
  8
R1004
100
AcDbPolyline
 90
2
 70
0
 10
-283.872404404833
 20
178.75
 10
-283.17819378637154
 20
143.0
  0
LWPOLYLINE
  5
555
330
17
100
AcDbEntity
  8
R1004
100
AcDbPolyline
 90
2
 70
0
 10
-241.04574941482775
 20
143.0
 10
-241.7399600332892
 20
178.75
  0
LWPOLYLINE
  5
556
330
17
100
AcDbEntity
  8
R1004
100
AcDbPolyline
 90
2
 70
0
 10
-282.6382521942348
 20
107.25
 10
-240.505807822691
 20
107.25
  0
LWPOLYLINE
  5
557
330
17
100
AcDbEntity
  8
R1004
100
AcDbPolyline
 90
2
 70
0
 10
-283.17819378637154
 20
143.0
 10
-282.6382521942348
 20
107.25
  0
LWPOLYLINE
  5
558
330
17
100
AcDbEntity
  8
R1004
100
AcDbPolyline
 90
2
 70
0
 10
-240.505807822691
 20
107.25
 10
-241.04574941482775
 20
143.0
  0
LWPOLYLINE
  5
559
330
17
100
AcDbEntity
  8
R1004
100
AcDbPolyline
 90
2
 70
0
 10
-282.2525796284229
 20
71.5
 10
-240.1201352568791
 20
71.5
  0
LWPOLYLINE
  5
55A
330
17
100
AcDbEntity
  8
R1004
100
AcDbPolyline
 90
2
 70
0
 10
-282.6382521942348
 20
107.25
 10
-282.2525796284229
 20
71.5
  0
LWPOLYLINE
  5
55B
330
17
100
AcDbEntity
  8
R1004
100
AcDbPolyline
 90
2
 70
0
 10
-240.1201352568791
 20
71.5
 10
-240.505807822691
 20
107.25
  0
LWPOLYLINE
  5
55C
330
17
100
AcDbEntity
  8
R1004
100
AcDbPolyline
 90
2
 70
0
 10
-282.02117608893576
 20
35.75
 10
-239.88873171739198
 20
35.75
  0
LWPOLYLINE
  5
55D
330
17
100
AcDbEntity
  8
R1004
100
AcDbPolyline
 90
2
 70
0
 10
-282.2525796284229
 20
71.5
 10
-282.02117608893576
 20
35.75
  0
LWPOLYLINE
  5
55E
330
17
100
AcDbEntity
  8
R1004
100
AcDbPolyline
 90
2
 70
0
 10
-239.88873171739198
 20
35.75
 10
-240.1201352568791
 20
71.5
  0
LWPOLYLINE
  5
55F
330
17
100
AcDbEntity
  8
R1004
100
AcDbPolyline
 90
2
 70
0
 10
-281.9440415757733
 20
0.0
 10
-239.81159720422954
 20
0.0
  0
LWPOLYLINE
  5
560
330
17
100
AcDbEntity
  8
R1004
100
AcDbPolyline
 90
2
 70
0
 10
-282.02117608893576
 20
35.75
 10
-281.9440415757733
 20
0.0
  0
LWPOLYLINE
  5
561
330
17
100
AcDbEntity
  8
R1004
100
AcDbPolyline
 90
2
 70
0
 10
-239.81159720422954
 20
0.0
 10
-239.88873171739198
 20
35.75
  0
LWPOLYLINE
  5
562
330
17
100
AcDbEntity
  8
R1004
100
AcDbPolyline
 90
2
 70
0
 10
-282.02117608893576
 20
-35.75
 10
-239.88873171739198
 20
-35.75
  0
LWPOLYLINE
  5
563
330
17
100
AcDbEntity
  8
R1004
100
AcDbPolyline
 90
2
 70
0
 10
-281.9440415757733
 20
0.0
 10
-282.02117608893576
 20
-35.75
  0
LWPOLYLINE
  5
564
330
17
100
AcDbEntity
  8
R1004
100
AcDbPolyline
 90
2
 70
0
 10
-239.88873171739198
 20
-35.75
 10
-239.81159720422954
 20
0.0
  0
LWPOLYLINE
  5
565
330
17
100
AcDbEntity
  8
R1004
100
AcDbPolyline
 90
2
 70
0
 10
-282.2525796284229
 20
-71.5
 10
-240.1201352568791
 20
-71.5
  0
LWPOLYLINE
  5
566
330
17
100
AcDbEntity
  8
R1004
100
AcDbPolyline
 90
2
 70
0
 10
-282.02117608893576
 20
-35.75
 10
-282.2525796284229
 20
-71.5
  0
LWPOLYLINE
  5
567
330
17
100
AcDbEntity
  8
R1004
100
AcDbPolyline
 90
2
 70
0
 10
-240.1201352568791
 20
-71.5
 10
-239.88873171739198
 20
-35.75
  0
LWPOLYLINE
  5
568
330
17
100
AcDbEntity
  8
R1004
100
AcDbPolyline
 90
2
 70
0
 10
-282.6382521942348
 20
-107.25
 10
-240.505807822691
 20
-107.25
  0
LWPOLYLINE
  5
569
330
17
100
AcDbEntity
  8
R1004
100
AcDbPolyline
 90
2
 70
0
 10
-282.2525796284229
 20
-71.5
 10
-282.6382521942348
 20
-107.25
  0
LWPOLYLINE
  5
56A
330
17
100
AcDbEntity
  8
R1004
100
AcDbPolyline
 90
2
 70
0
 10
-240.505807822691
 20
-107.25
 10
-240.1201352568791
 20
-71.5
  0
LWPOLYLINE
  5
56B
330
17
100
AcDbEntity
  8
R1004
100
AcDbPolyline
 90
2
 70
0
 10
-283.17819378637154
 20
-143.0
 10
-241.04574941482775
 20
-143.0
  0
LWPOLYLINE
  5
56C
330
17
100
AcDbEntity
  8
R1004
100
AcDbPolyline
 90
2
 70
0
 10
-282.6382521942348
 20
-107.25
 10
-283.17819378637154
 20
-143.0
  0
LWPOLYLINE
  5
56D
330
17
100
AcDbEntity
  8
R1004
100
AcDbPolyline
 90
2
 70
0
 10
-241.04574941482775
 20
-143.0
 10
-240.505807822691
 20
-107.25
  0
LWPOLYLINE
  5
56E
330
17
100
AcDbEntity
  8
R1004
100
AcDbPolyline
 90
2
 70
0
 10
-283.872404404833
 20
-178.75
 10
-241.7399600332892
 20
-178.75
  0
LWPOLYLINE
  5
56F
330
17
100
AcDbEntity
  8
R1004
100
AcDbPolyline
 90
2
 70
0
 10
-283.17819378637154
 20
-143.0
 10
-283.872404404833
 20
-178.75
  0
LWPOLYLINE
  5
570
330
17
100
AcDbEntity
  8
R1004
100
AcDbPolyline
 90
2
 70
0
 10
-241.7399600332892
 20
-178.75
 10
-241.04574941482775
 20
-143.0
  0
LWPOLYLINE
  5
571
330
17
100
AcDbEntity
  8
R1004
100
AcDbPolyline
 90
2
 70
0
 10
-284.7208840496192
 20
-214.5
 10
-242.58843967807542
 20
-214.5
  0
LWPOLYLINE
  5
572
330
17
100
AcDbEntity
  8
R1004
100
AcDbPolyline
 90
2
 70
0
 10
-283.872404404833
 20
-178.75
 10
-284.7208840496192
 20
-214.5
  0
LWPOLYLINE
  5
573
330
17
100
AcDbEntity
  8
R1004
100
AcDbPolyline
 90
2
 70
0
 10
-242.58843967807542
 20
-214.5
 10
-241.7399600332892
 20
-178.75
  0
LWPOLYLINE
  5
574
330
17
100
AcDbEntity
  8
R1004
100
AcDbPolyline
 90
2
 70
0
 10
-285.7236327207302
 20
-250.25
 10
-243.59118834918644
 20
-250.25
  0
LWPOLYLINE
  5
575
330
17
100
AcDbEntity
  8
R1004
100
AcDbPolyline
 90
2
 70
0
 10
-284.7208840496192
 20
-214.5
 10
-285.7236327207302
 20
-250.25
  0
LWPOLYLINE
  5
576
330
17
100
AcDbEntity
  8
R1004
100
AcDbPolyline
 90
2
 70
0
 10
-243.59118834918644
 20
-250.25
 10
-242.58843967807542
 20
-214.5
  0
LWPOLYLINE
  5
577
330
17
100
AcDbEntity
  8
R1004
100
AcDbPolyline
 90
2
 70
0
 10
-286.880650418166
 20
-286.0
 10
-244.74820604662222
 20
-286.0
  0
LWPOLYLINE
  5
578
330
17
100
AcDbEntity
  8
R1004
100
AcDbPolyline
 90
2
 70
0
 10
-285.7236327207302
 20
-250.25
 10
-286.880650418166
 20
-286.0
  0
LWPOLYLINE
  5
579
330
17
100
AcDbEntity
  8
R1004
100
AcDbPolyline
 90
2
 70
0
 10
-244.74820604662222
 20
-286.0
 10
-243.59118834918644
 20
-250.25
  0
LWPOLYLINE
  5
57A
330
17
100
AcDbEntity
  8
R1004
100
AcDbPolyline
 90
2
 70
0
 10
-288.19193714192653
 20
-321.75
 10
-246.05949277038275
 20
-321.75
  0
LWPOLYLINE
  5
57B
330
17
100
AcDbEntity
  8
R1004
100
AcDbPolyline
 90
2
 70
0
 10
-286.880650418166
 20
-286.0
 10
-288.19193714192653
 20
-321.75
  0
LWPOLYLINE
  5
57C
330
17
100
AcDbEntity
  8
R1004
100
AcDbPolyline
 90
2
 70
0
 10
-246.05949277038275
 20
-321.75
 10
-244.74820604662222
 20
-286.0
  0
LWPOLYLINE
  5
57D
330
17
100
AcDbEntity
  8
R1004
100
AcDbPolyline
 90
2
 70
0
 10
-289.6574928920118
 20
-357.5
 10
-247.52504852046803
 20
-357.5
  0
LWPOLYLINE
  5
57E
330
17
100
AcDbEntity
  8
R1004
100
AcDbPolyline
 90
2
 70
0
 10
-288.19193714192653
 20
-321.75
 10
-289.6574928920118
 20
-357.5
  0
LWPOLYLINE
  5
57F
330
17
100
AcDbEntity
  8
R1004
100
AcDbPolyline
 90
2
 70
0
 10
-247.52504852046803
 20
-357.5
 10
-246.05949277038275
 20
-321.75
  0
LWPOLYLINE
  5
580
330
17
100
AcDbEntity
  8
R1004
100
AcDbPolyline
 90
2
 70
0
 10
-289.6574928920118
 20
-357.5
 10
-295.4425813791907
 20
-357.5
  0
LWPOLYLINE
  5
581
330
17
100
AcDbEntity
  8
R1004
100
AcDbPolyline
 90
2
 70
0
 10
-253.31013700764692
 20
-357.5
 10
-247.52504852046803
 20
-357.5
  0
LWPOLYLINE
  5
583
330
17
100
AcDbEntity
  8
R1005
100
AcDbPolyline
 90
2
 70
0
 10
-173.42264508238208
 20
-357.5
 10
-215.55508945392586
 20
-357.5
  0
LWPOLYLINE
  5
584
330
17
100
AcDbEntity
  8
R1005
100
AcDbPolyline
 90
2
 70
0
 10
-214.08953370384052
 20
-321.75
 10
-171.95708933229673
 20
-321.75
  0
LWPOLYLINE
  5
585
330
17
100
AcDbEntity
  8
R1005
100
AcDbPolyline
 90
2
 70
0
 10
-215.55508945392586
 20
-357.5
 10
-214.08953370384052
 20
-321.75
  0
LWPOLYLINE
  5
586
330
17
100
AcDbEntity
  8
R1005
100
AcDbPolyline
 90
2
 70
0
 10
-171.95708933229673
 20
-321.75
 10
-173.42264508238208
 20
-357.5
  0
LWPOLYLINE
  5
587
330
17
100
AcDbEntity
  8
R1005
100
AcDbPolyline
 90
2
 70
0
 10
-212.77824698007998
 20
-286.0
 10
-170.6458026085362
 20
-286.0
  0
LWPOLYLINE
  5
588
330
17
100
AcDbEntity
  8
R1005
100
AcDbPolyline
 90
2
 70
0
 10
-214.08953370384052
 20
-321.75
 10
-212.77824698007998
 20
-286.0
  0
LWPOLYLINE
  5
589
330
17
100
AcDbEntity
  8
R1005
100
AcDbPolyline
 90
2
 70
0
 10
-170.6458026085362
 20
-286.0
 10
-171.95708933229673
 20
-321.75
  0
LWPOLYLINE
  5
58A
330
17
100
AcDbEntity
  8
R1005
100
AcDbPolyline
 90
2
 70
0
 10
-211.6212292826442
 20
-250.25
 10
-169.48878491110042
 20
-250.25
  0
LWPOLYLINE
  5
58B
330
17
100
AcDbEntity
  8
R1005
100
AcDbPolyline
 90
2
 70
0
 10
-212.77824698007998
 20
-286.0
 10
-211.6212292826442
 20
-250.25
  0
LWPOLYLINE
  5
58C
330
17
100
AcDbEntity
  8
R1005
100
AcDbPolyline
 90
2
 70
0
 10
-169.48878491110042
 20
-250.25
 10
-170.6458026085362
 20
-286.0
  0
LWPOLYLINE
  5
58D
330
17
100
AcDbEntity
  8
R1005
100
AcDbPolyline
 90
2
 70
0
 10
-210.6184806115332
 20
-214.5
 10
-168.4860362399894
 20
-214.5
  0
LWPOLYLINE
  5
58E
330
17
100
AcDbEntity
  8
R1005
100
AcDbPolyline
 90
2
 70
0
 10
-211.6212292826442
 20
-250.25
 10
-210.6184806115332
 20
-214.5
  0
LWPOLYLINE
  5
58F
330
17
100
AcDbEntity
  8
R1005
100
AcDbPolyline
 90
2
 70
0
 10
-168.4860362399894
 20
-214.5
 10
-169.48878491110042
 20
-250.25
  0
LWPOLYLINE
  5
590
330
17
100
AcDbEntity
  8
R1005
100
AcDbPolyline
 90
2
 70
0
 10
-209.77000096674698
 20
-178.75
 10
-167.6375565952032
 20
-178.75
  0
LWPOLYLINE
  5
591
330
17
100
AcDbEntity
  8
R1005
100
AcDbPolyline
 90
2
 70
0
 10
-210.6184806115332
 20
-214.5
 10
-209.77000096674698
 20
-178.75
  0
LWPOLYLINE
  5
592
330
17
100
AcDbEntity
  8
R1005
100
AcDbPolyline
 90
2
 70
0
 10
-167.6375565952032
 20
-178.75
 10
-168.4860362399894
 20
-214.5
  0
LWPOLYLINE
  5
593
330
17
100
AcDbEntity
  8
R1005
100
AcDbPolyline
 90
2
 70
0
 10
-209.07579034828552
 20
-143.0
 10
-166.94334597674174
 20
-143.0
  0
LWPOLYLINE
  5
594
330
17
100
AcDbEntity
  8
R1005
100
AcDbPolyline
 90
2
 70
0
 10
-209.77000096674698
 20
-178.75
 10
-209.07579034828552
 20
-143.0
  0
LWPOLYLINE
  5
595
330
17
100
AcDbEntity
  8
R1005
100
AcDbPolyline
 90
2
 70
0
 10
-166.94334597674174
 20
-143.0
 10
-167.6375565952032
 20
-178.75
  0
LWPOLYLINE
  5
596
330
17
100
AcDbEntity
  8
R1005
100
AcDbPolyline
 90
2
 70
0
 10
-208.53584875614882
 20
-107.25
 10
-166.40340438460504
 20
-107.25
  0
LWPOLYLINE
  5
597
330
17
100
AcDbEntity
  8
R1005
100
AcDbPolyline
 90
2
 70
0
 10
-209.07579034828552
 20
-143.0
 10
-208.53584875614882
 20
-107.25
  0
LWPOLYLINE
  5
598
330
17
100
AcDbEntity
  8
R1005
100
AcDbPolyline
 90
2
 70
0
 10
-166.40340438460504
 20
-107.25
 10
-166.94334597674174
 20
-143.0
  0
LWPOLYLINE
  5
599
330
17
100
AcDbEntity
  8
R1005
100
AcDbPolyline
 90
2
 70
0
 10
-208.15017619033694
 20
-71.5
 10
-166.01773181879315
 20
-71.5
  0
LWPOLYLINE
  5
59A
330
17
100
AcDbEntity
  8
R1005
100
AcDbPolyline
 90
2
 70
0
 10
-208.53584875614882
 20
-107.25
 10
-208.15017619033694
 20
-71.5
  0
LWPOLYLINE
  5
59B
330
17
100
AcDbEntity
  8
R1005
100
AcDbPolyline
 90
2
 70
0
 10
-166.01773181879315
 20
-71.5
 10
-166.40340438460504
 20
-107.25
  0
LWPOLYLINE
  5
59C
330
17
100
AcDbEntity
  8
R1005
100
AcDbPolyline
 90
2
 70
0
 10
-207.91877265084975
 20
-35.75
 10
-165.78632827930596
 20
-35.75
  0
LWPOLYLINE
  5
59D
330
17
100
AcDbEntity
  8
R1005
100
AcDbPolyline
 90
2
 70
0
 10
-208.15017619033694
 20
-71.5
 10
-207.91877265084975
 20
-35.75
  0
LWPOLYLINE
  5
59E
330
17
100
AcDbEntity
  8
R1005
100
AcDbPolyline
 90
2
 70
0
 10
-165.78632827930596
 20
-35.75
 10
-166.01773181879315
 20
-71.5
  0
LWPOLYLINE
  5
59F
330
17
100
AcDbEntity
  8
R1005
100
AcDbPolyline
 90
2
 70
0
 10
-207.84163813768737
 20
0.0
 10
-165.70919376614358
 20
0.0
  0
LWPOLYLINE
  5
5A0
330
17
100
AcDbEntity
  8
R1005
100
AcDbPolyline
 90
2
 70
0
 10
-207.91877265084975
 20
-35.75
 10
-207.84163813768737
 20
0.0
  0
LWPOLYLINE
  5
5A1
330
17
100
AcDbEntity
  8
R1005
100
AcDbPolyline
 90
2
 70
0
 10
-165.70919376614358
 20
0.0
 10
-165.78632827930596
 20
-35.75
  0
LWPOLYLINE
  5
5A2
330
17
100
AcDbEntity
  8
R1005
100
AcDbPolyline
 90
2
 70
0
 10
-207.91877265084975
 20
35.75
 10
-165.78632827930596
 20
35.75
  0
LWPOLYLINE
  5
5A3
330
17
100
AcDbEntity
  8
R1005
100
AcDbPolyline
 90
2
 70
0
 10
-207.84163813768737
 20
0.0
 10
-207.91877265084975
 20
35.75
  0
LWPOLYLINE
  5
5A4
330
17
100
AcDbEntity
  8
R1005
100
AcDbPolyline
 90
2
 70
0
 10
-165.78632827930596
 20
35.75
 10
-165.70919376614358
 20
0.0
  0
LWPOLYLINE
  5
5A5
330
17
100
AcDbEntity
  8
R1005
100
AcDbPolyline
 90
2
 70
0
 10
-208.15017619033694
 20
71.5
 10
-166.01773181879315
 20
71.5
  0
LWPOLYLINE
  5
5A6
330
17
100
AcDbEntity
  8
R1005
100
AcDbPolyline
 90
2
 70
0
 10
-207.91877265084975
 20
35.75
 10
-208.15017619033694
 20
71.5
  0
LWPOLYLINE
  5
5A7
330
17
100
AcDbEntity
  8
R1005
100
AcDbPolyline
 90
2
 70
0
 10
-166.01773181879315
 20
71.5
 10
-165.78632827930596
 20
35.75
  0
LWPOLYLINE
  5
5A8
330
17
100
AcDbEntity
  8
R1005
100
AcDbPolyline
 90
2
 70
0
 10
-208.53584875614882
 20
107.25
 10
-166.40340438460504
 20
107.25
  0
LWPOLYLINE
  5
5A9
330
17
100
AcDbEntity
  8
R1005
100
AcDbPolyline
 90
2
 70
0
 10
-208.15017619033694
 20
71.5
 10
-208.53584875614882
 20
107.25
  0
LWPOLYLINE
  5
5AA
330
17
100
AcDbEntity
  8
R1005
100
AcDbPolyline
 90
2
 70
0
 10
-166.40340438460504
 20
107.25
 10
-166.01773181879315
 20
71.5
  0
LWPOLYLINE
  5
5AB
330
17
100
AcDbEntity
  8
R1005
100
AcDbPolyline
 90
2
 70
0
 10
-209.07579034828552
 20
143.0
 10
-166.94334597674174
 20
143.0
  0
LWPOLYLINE
  5
5AC
330
17
100
AcDbEntity
  8
R1005
100
AcDbPolyline
 90
2
 70
0
 10
-208.53584875614882
 20
107.25
 10
-209.07579034828552
 20
143.0
  0
LWPOLYLINE
  5
5AD
330
17
100
AcDbEntity
  8
R1005
100
AcDbPolyline
 90
2
 70
0
 10
-166.94334597674174
 20
143.0
 10
-166.40340438460504
 20
107.25
  0
LWPOLYLINE
  5
5AE
330
17
100
AcDbEntity
  8
R1005
100
AcDbPolyline
 90
2
 70
0
 10
-209.77000096674698
 20
178.75
 10
-167.6375565952032
 20
178.75
  0
LWPOLYLINE
  5
5AF
330
17
100
AcDbEntity
  8
R1005
100
AcDbPolyline
 90
2
 70
0
 10
-209.07579034828552
 20
143.0
 10
-209.77000096674698
 20
178.75
  0
LWPOLYLINE
  5
5B0
330
17
100
AcDbEntity
  8
R1005
100
AcDbPolyline
 90
2
 70
0
 10
-167.6375565952032
 20
178.75
 10
-166.94334597674174
 20
143.0
  0
LWPOLYLINE
  5
5B1
330
17
100
AcDbEntity
  8
R1005
100
AcDbPolyline
 90
2
 70
0
 10
-210.6184806115332
 20
214.5
 10
-168.4860362399894
 20
214.5
  0
LWPOLYLINE
  5
5B2
330
17
100
AcDbEntity
  8
R1005
100
AcDbPolyline
 90
2
 70
0
 10
-209.77000096674698
 20
178.75
 10
-210.6184806115332
 20
214.5
  0
LWPOLYLINE
  5
5B3
330
17
100
AcDbEntity
  8
R1005
100
AcDbPolyline
 90
2
 70
0
 10
-168.4860362399894
 20
214.5
 10
-167.6375565952032
 20
178.75
  0
LWPOLYLINE
  5
5B4
330
17
100
AcDbEntity
  8
R1005
100
AcDbPolyline
 90
2
 70
0
 10
-211.6212292826442
 20
250.25
 10
-169.48878491110042
 20
250.25
  0
LWPOLYLINE
  5
5B5
330
17
100
AcDbEntity
  8
R1005
100
AcDbPolyline
 90
2
 70
0
 10
-210.6184806115332
 20
214.5
 10
-211.6212292826442
 20
250.25
  0
LWPOLYLINE
  5
5B6
330
17
100
AcDbEntity
  8
R1005
100
AcDbPolyline
 90
2
 70
0
 10
-169.48878491110042
 20
250.25
 10
-168.4860362399894
 20
214.5
  0
LWPOLYLINE
  5
5B7
330
17
100
AcDbEntity
  8
R1005
100
AcDbPolyline
 90
2
 70
0
 10
-212.77824698007998
 20
286.0
 10
-170.6458026085362
 20
286.0
  0
LWPOLYLINE
  5
5B8
330
17
100
AcDbEntity
  8
R1005
100
AcDbPolyline
 90
2
 70
0
 10
-211.6212292826442
 20
250.25
 10
-212.77824698007998
 20
286.0
  0
LWPOLYLINE
  5
5B9
330
17
100
AcDbEntity
  8
R1005
100
AcDbPolyline
 90
2
 70
0
 10
-170.6458026085362
 20
286.0
 10
-169.48878491110042
 20
250.25
  0
LWPOLYLINE
  5
5BA
330
17
100
AcDbEntity
  8
R1005
100
AcDbPolyline
 90
2
 70
0
 10
-214.08953370384052
 20
321.75
 10
-171.95708933229673
 20
321.75
  0
LWPOLYLINE
  5
5BB
330
17
100
AcDbEntity
  8
R1005
100
AcDbPolyline
 90
2
 70
0
 10
-212.77824698007998
 20
286.0
 10
-214.08953370384052
 20
321.75
  0
LWPOLYLINE
  5
5BC
330
17
100
AcDbEntity
  8
R1005
100
AcDbPolyline
 90
2
 70
0
 10
-171.95708933229673
 20
321.75
 10
-170.6458026085362
 20
286.0
  0
LWPOLYLINE
  5
5BD
330
17
100
AcDbEntity
  8
R1005
100
AcDbPolyline
 90
2
 70
0
 10
-215.55508945392586
 20
357.5
 10
-173.42264508238208
 20
357.5
  0
LWPOLYLINE
  5
5BE
330
17
100
AcDbEntity
  8
R1005
100
AcDbPolyline
 90
2
 70
0
 10
-214.08953370384052
 20
321.75
 10
-215.55508945392586
 20
357.5
  0
LWPOLYLINE
  5
5BF
330
17
100
AcDbEntity
  8
R1005
100
AcDbPolyline
 90
2
 70
0
 10
-173.42264508238208
 20
357.5
 10
-171.95708933229673
 20
321.75
  0
LWPOLYLINE
  5
5C0
330
17
100
AcDbEntity
  8
R1005
100
AcDbPolyline
 90
2
 70
0
 10
-209.77000096674698
 20
357.5
 10
-167.6375565952032
 20
357.5
  0
LWPOLYLINE
  5
5C1
330
17
100
AcDbEntity
  8
R1005
100
AcDbPolyline
 90
2
 70
0
 10
-215.55508945392586
 20
357.5
 10
-209.77000096674698
 20
357.5
  0
LWPOLYLINE
  5
5C2
330
17
100
AcDbEntity
  8
R1005
100
AcDbPolyline
 90
2
 70
0
 10
-167.6375565952032
 20
357.5
 10
-173.42264508238208
 20
357.5
  0
LWPOLYLINE
  5
5C3
330
17
100
AcDbEntity
  8
R1005
100
AcDbPolyline
 90
2
 70
0
 10
-208.3044452166617
 20
321.75
 10
-166.1720008451179
 20
321.75
  0
LWPOLYLINE
  5
5C4
330
17
100
AcDbEntity
  8
R1005
100
AcDbPolyline
 90
2
 70
0
 10
-209.77000096674698
 20
357.5
 10
-208.3044452166617
 20
321.75
  0
LWPOLYLINE
  5
5C5
330
17
100
AcDbEntity
  8
R1005
100
AcDbPolyline
 90
2
 70
0
 10
-166.1720008451179
 20
321.75
 10
-167.6375565952032
 20
357.5
  0
LWPOLYLINE
  5
5C6
330
17
100
AcDbEntity
  8
R1005
100
AcDbPolyline
 90
2
 70
0
 10
-206.99315849290116
 20
286.0
 10
-164.86071412135738
 20
286.0
  0
LWPOLYLINE
  5
5C7
330
17
100
AcDbEntity
  8
R1005
100
AcDbPolyline
 90
2
 70
0
 10
-208.3044452166617
 20
321.75
 10
-206.99315849290116
 20
286.0
  0
LWPOLYLINE
  5
5C8
330
17
100
AcDbEntity
  8
R1005
100
AcDbPolyline
 90
2
 70
0
 10
-164.86071412135738
 20
286.0
 10
-166.1720008451179
 20
321.75
  0
LWPOLYLINE
  5
5C9
330
17
100
AcDbEntity
  8
R1005
100
AcDbPolyline
 90
2
 70
0
 10
-205.83614079546538
 20
250.25
 10
-163.7036964239216
 20
250.25
  0
LWPOLYLINE
  5
5CA
330
17
100
AcDbEntity
  8
R1005
100
AcDbPolyline
 90
2
 70
0
 10
-206.99315849290116
 20
286.0
 10
-205.83614079546538
 20
250.25
  0
LWPOLYLINE
  5
5CB
330
17
100
AcDbEntity
  8
R1005
100
AcDbPolyline
 90
2
 70
0
 10
-163.7036964239216
 20
250.25
 10
-164.86071412135738
 20
286.0
  0
LWPOLYLINE
  5
5CC
330
17
100
AcDbEntity
  8
R1005
100
AcDbPolyline
 90
2
 70
0
 10
-204.83339212435436
 20
214.5
 10
-162.70094775281058
 20
214.5
  0
LWPOLYLINE
  5
5CD
330
17
100
AcDbEntity
  8
R1005
100
AcDbPolyline
 90
2
 70
0
 10
-205.83614079546538
 20
250.25
 10
-204.83339212435436
 20
214.5
  0
LWPOLYLINE
  5
5CE
330
17
100
AcDbEntity
  8
R1005
100
AcDbPolyline
 90
2
 70
0
 10
-162.70094775281058
 20
214.5
 10
-163.7036964239216
 20
250.25
  0
LWPOLYLINE
  5
5CF
330
17
100
AcDbEntity
  8
R1005
100
AcDbPolyline
 90
2
 70
0
 10
-203.98491247956815
 20
178.75
 10
-161.85246810802437
 20
178.75
  0
LWPOLYLINE
  5
5D0
330
17
100
AcDbEntity
  8
R1005
100
AcDbPolyline
 90
2
 70
0
 10
-204.83339212435436
 20
214.5
 10
-203.98491247956815
 20
178.75
  0
LWPOLYLINE
  5
5D1
330
17
100
AcDbEntity
  8
R1005
100
AcDbPolyline
 90
2
 70
0
 10
-161.85246810802437
 20
178.75
 10
-162.70094775281058
 20
214.5
  0
LWPOLYLINE
  5
5D2
330
17
100
AcDbEntity
  8
R1005
100
AcDbPolyline
 90
2
 70
0
 10
-203.2907018611067
 20
143.0
 10
-161.1582574895629
 20
143.0
  0
LWPOLYLINE
  5
5D3
330
17
100
AcDbEntity
  8
R1005
100
AcDbPolyline
 90
2
 70
0
 10
-203.98491247956815
 20
178.75
 10
-203.2907018611067
 20
143.0
  0
LWPOLYLINE
  5
5D4
330
17
100
AcDbEntity
  8
R1005
100
AcDbPolyline
 90
2
 70
0
 10
-161.1582574895629
 20
143.0
 10
-161.85246810802437
 20
178.75
  0
LWPOLYLINE
  5
5D5
330
17
100
AcDbEntity
  8
R1005
100
AcDbPolyline
 90
2
 70
0
 10
-202.75076026896994
 20
107.25
 10
-160.61831589742616
 20
107.25
  0
LWPOLYLINE
  5
5D6
330
17
100
AcDbEntity
  8
R1005
100
AcDbPolyline
 90
2
 70
0
 10
-203.2907018611067
 20
143.0
 10
-202.75076026896994
 20
107.25
  0
LWPOLYLINE
  5
5D7
330
17
100
AcDbEntity
  8
R1005
100
AcDbPolyline
 90
2
 70
0
 10
-160.61831589742616
 20
107.25
 10
-161.1582574895629
 20
143.0
  0
LWPOLYLINE
  5
5D8
330
17
100
AcDbEntity
  8
R1005
100
AcDbPolyline
 90
2
 70
0
 10
-202.36508770315805
 20
71.5
 10
-160.23264333161427
 20
71.5
  0
LWPOLYLINE
  5
5D9
330
17
100
AcDbEntity
  8
R1005
100
AcDbPolyline
 90
2
 70
0
 10
-202.75076026896994
 20
107.25
 10
-202.36508770315805
 20
71.5
  0
LWPOLYLINE
  5
5DA
330
17
100
AcDbEntity
  8
R1005
100
AcDbPolyline
 90
2
 70
0
 10
-160.23264333161427
 20
71.5
 10
-160.61831589742616
 20
107.25
  0
LWPOLYLINE
  5
5DB
330
17
100
AcDbEntity
  8
R1005
100
AcDbPolyline
 90
2
 70
0
 10
-202.13368416367092
 20
35.75
 10
-160.00123979212714
 20
35.75
  0
LWPOLYLINE
  5
5DC
330
17
100
AcDbEntity
  8
R1005
100
AcDbPolyline
 90
2
 70
0
 10
-202.36508770315805
 20
71.5
 10
-202.13368416367092
 20
35.75
  0
LWPOLYLINE
  5
5DD
330
17
100
AcDbEntity
  8
R1005
100
AcDbPolyline
 90
2
 70
0
 10
-160.00123979212714
 20
35.75
 10
-160.23264333161427
 20
71.5
  0
LWPOLYLINE
  5
5DE
330
17
100
AcDbEntity
  8
R1005
100
AcDbPolyline
 90
2
 70
0
 10
-202.0565496505085
 20
0.0
 10
-159.9241052789647
 20
0.0
  0
LWPOLYLINE
  5
5DF
330
17
100
AcDbEntity
  8
R1005
100
AcDbPolyline
 90
2
 70
0
 10
-202.13368416367092
 20
35.75
 10
-202.0565496505085
 20
0.0
  0
LWPOLYLINE
  5
5E0
330
17
100
AcDbEntity
  8
R1005
100
AcDbPolyline
 90
2
 70
0
 10
-159.9241052789647
 20
0.0
 10
-160.00123979212714
 20
35.75
  0
LWPOLYLINE
  5
5E1
330
17
100
AcDbEntity
  8
R1005
100
AcDbPolyline
 90
2
 70
0
 10
-202.13368416367092
 20
-35.75
 10
-160.00123979212714
 20
-35.75
  0
LWPOLYLINE
  5
5E2
330
17
100
AcDbEntity
  8
R1005
100
AcDbPolyline
 90
2
 70
0
 10
-202.0565496505085
 20
0.0
 10
-202.13368416367092
 20
-35.75
  0
LWPOLYLINE
  5
5E3
330
17
100
AcDbEntity
  8
R1005
100
AcDbPolyline
 90
2
 70
0
 10
-160.00123979212714
 20
-35.75
 10
-159.9241052789647
 20
0.0
  0
LWPOLYLINE
  5
5E4
330
17
100
AcDbEntity
  8
R1005
100
AcDbPolyline
 90
2
 70
0
 10
-202.36508770315805
 20
-71.5
 10
-160.23264333161427
 20
-71.5
  0
LWPOLYLINE
  5
5E5
330
17
100
AcDbEntity
  8
R1005
100
AcDbPolyline
 90
2
 70
0
 10
-202.13368416367092
 20
-35.75
 10
-202.36508770315805
 20
-71.5
  0
LWPOLYLINE
  5
5E6
330
17
100
AcDbEntity
  8
R1005
100
AcDbPolyline
 90
2
 70
0
 10
-160.23264333161427
 20
-71.5
 10
-160.00123979212714
 20
-35.75
  0
LWPOLYLINE
  5
5E7
330
17
100
AcDbEntity
  8
R1005
100
AcDbPolyline
 90
2
 70
0
 10
-202.75076026896994
 20
-107.25
 10
-160.61831589742616
 20
-107.25
  0
LWPOLYLINE
  5
5E8
330
17
100
AcDbEntity
  8
R1005
100
AcDbPolyline
 90
2
 70
0
 10
-202.36508770315805
 20
-71.5
 10
-202.75076026896994
 20
-107.25
  0
LWPOLYLINE
  5
5E9
330
17
100
AcDbEntity
  8
R1005
100
AcDbPolyline
 90
2
 70
0
 10
-160.61831589742616
 20
-107.25
 10
-160.23264333161427
 20
-71.5
  0
LWPOLYLINE
  5
5EA
330
17
100
AcDbEntity
  8
R1005
100
AcDbPolyline
 90
2
 70
0
 10
-203.2907018611067
 20
-143.0
 10
-161.1582574895629
 20
-143.0
  0
LWPOLYLINE
  5
5EB
330
17
100
AcDbEntity
  8
R1005
100
AcDbPolyline
 90
2
 70
0
 10
-202.75076026896994
 20
-107.25
 10
-203.2907018611067
 20
-143.0
  0
LWPOLYLINE
  5
5EC
330
17
100
AcDbEntity
  8
R1005
100
AcDbPolyline
 90
2
 70
0
 10
-161.1582574895629
 20
-143.0
 10
-160.61831589742616
 20
-107.25
  0
LWPOLYLINE
  5
5ED
330
17
100
AcDbEntity
  8
R1005
100
AcDbPolyline
 90
2
 70
0
 10
-203.98491247956815
 20
-178.75
 10
-161.85246810802437
 20
-178.75
  0
LWPOLYLINE
  5
5EE
330
17
100
AcDbEntity
  8
R1005
100
AcDbPolyline
 90
2
 70
0
 10
-203.2907018611067
 20
-143.0
 10
-203.98491247956815
 20
-178.75
  0
LWPOLYLINE
  5
5EF
330
17
100
AcDbEntity
  8
R1005
100
AcDbPolyline
 90
2
 70
0
 10
-161.85246810802437
 20
-178.75
 10
-161.1582574895629
 20
-143.0
  0
LWPOLYLINE
  5
5F0
330
17
100
AcDbEntity
  8
R1005
100
AcDbPolyline
 90
2
 70
0
 10
-204.83339212435436
 20
-214.5
 10
-162.70094775281058
 20
-214.5
  0
LWPOLYLINE
  5
5F1
330
17
100
AcDbEntity
  8
R1005
100
AcDbPolyline
 90
2
 70
0
 10
-203.98491247956815
 20
-178.75
 10
-204.83339212435436
 20
-214.5
  0
LWPOLYLINE
  5
5F2
330
17
100
AcDbEntity
  8
R1005
100
AcDbPolyline
 90
2
 70
0
 10
-162.70094775281058
 20
-214.5
 10
-161.85246810802437
 20
-178.75
  0
LWPOLYLINE
  5
5F3
330
17
100
AcDbEntity
  8
R1005
100
AcDbPolyline
 90
2
 70
0
 10
-205.83614079546538
 20
-250.25
 10
-163.7036964239216
 20
-250.25
  0
LWPOLYLINE
  5
5F4
330
17
100
AcDbEntity
  8
R1005
100
AcDbPolyline
 90
2
 70
0
 10
-204.83339212435436
 20
-214.5
 10
-205.83614079546538
 20
-250.25
  0
LWPOLYLINE
  5
5F5
330
17
100
AcDbEntity
  8
R1005
100
AcDbPolyline
 90
2
 70
0
 10
-163.7036964239216
 20
-250.25
 10
-162.70094775281058
 20
-214.5
  0
LWPOLYLINE
  5
5F6
330
17
100
AcDbEntity
  8
R1005
100
AcDbPolyline
 90
2
 70
0
 10
-206.99315849290116
 20
-286.0
 10
-164.86071412135738
 20
-286.0
  0
LWPOLYLINE
  5
5F7
330
17
100
AcDbEntity
  8
R1005
100
AcDbPolyline
 90
2
 70
0
 10
-205.83614079546538
 20
-250.25
 10
-206.99315849290116
 20
-286.0
  0
LWPOLYLINE
  5
5F8
330
17
100
AcDbEntity
  8
R1005
100
AcDbPolyline
 90
2
 70
0
 10
-164.86071412135738
 20
-286.0
 10
-163.7036964239216
 20
-250.25
  0
LWPOLYLINE
  5
5F9
330
17
100
AcDbEntity
  8
R1005
100
AcDbPolyline
 90
2
 70
0
 10
-208.3044452166617
 20
-321.75
 10
-166.1720008451179
 20
-321.75
  0
LWPOLYLINE
  5
5FA
330
17
100
AcDbEntity
  8
R1005
100
AcDbPolyline
 90
2
 70
0
 10
-206.99315849290116
 20
-286.0
 10
-208.3044452166617
 20
-321.75
  0
LWPOLYLINE
  5
5FB
330
17
100
AcDbEntity
  8
R1005
100
AcDbPolyline
 90
2
 70
0
 10
-166.1720008451179
 20
-321.75
 10
-164.86071412135738
 20
-286.0
  0
LWPOLYLINE
  5
5FC
330
17
100
AcDbEntity
  8
R1005
100
AcDbPolyline
 90
2
 70
0
 10
-209.77000096674698
 20
-357.5
 10
-167.6375565952032
 20
-357.5
  0
LWPOLYLINE
  5
5FD
330
17
100
AcDbEntity
  8
R1005
100
AcDbPolyline
 90
2
 70
0
 10
-208.3044452166617
 20
-321.75
 10
-209.77000096674698
 20
-357.5
  0
LWPOLYLINE
  5
5FE
330
17
100
AcDbEntity
  8
R1005
100
AcDbPolyline
 90
2
 70
0
 10
-167.6375565952032
 20
-357.5
 10
-166.1720008451179
 20
-321.75
  0
LWPOLYLINE
  5
5FF
330
17
100
AcDbEntity
  8
R1005
100
AcDbPolyline
 90
2
 70
0
 10
-209.77000096674698
 20
-357.5
 10
-215.55508945392586
 20
-357.5
  0
LWPOLYLINE
  5
600
330
17
100
AcDbEntity
  8
R1005
100
AcDbPolyline
 90
2
 70
0
 10
-173.42264508238208
 20
-357.5
 10
-167.6375565952032
 20
-357.5
  0
LWPOLYLINE
  5
602
330
17
100
AcDbEntity
  8
R1006
100
AcDbPolyline
 90
2
 70
0
 10
-93.53515315711726
 20
-357.5
 10
-135.66759752866105
 20
-357.5
  0
LWPOLYLINE
  5
603
330
17
100
AcDbEntity
  8
R1006
100
AcDbPolyline
 90
2
 70
0
 10
-134.2020417785757
 20
-321.75
 10
-92.06959740703192
 20
-321.75
  0
LWPOLYLINE
  5
604
330
17
100
AcDbEntity
  8
R1006
100
AcDbPolyline
 90
2
 70
0
 10
-135.66759752866105
 20
-357.5
 10
-134.2020417785757
 20
-321.75
  0
LWPOLYLINE
  5
605
330
17
100
AcDbEntity
  8
R1006
100
AcDbPolyline
 90
2
 70
0
 10
-92.06959740703192
 20
-321.75
 10
-93.53515315711726
 20
-357.5
  0
LWPOLYLINE
  5
606
330
17
100
AcDbEntity
  8
R1006
100
AcDbPolyline
 90
2
 70
0
 10
-132.89075505481517
 20
-286.0
 10
-90.75831068327139
 20
-286.0
  0
LWPOLYLINE
  5
607
330
17
100
AcDbEntity
  8
R1006
100
AcDbPolyline
 90
2
 70
0
 10
-134.2020417785757
 20
-321.75
 10
-132.89075505481517
 20
-286.0
  0
LWPOLYLINE
  5
608
330
17
100
AcDbEntity
  8
R1006
100
AcDbPolyline
 90
2
 70
0
 10
-90.75831068327139
 20
-286.0
 10
-92.06959740703192
 20
-321.75
  0
LWPOLYLINE
  5
609
330
17
100
AcDbEntity
  8
R1006
100
AcDbPolyline
 90
2
 70
0
 10
-131.7337373573794
 20
-250.25
 10
-89.60129298583561
 20
-250.25
  0
LWPOLYLINE
  5
60A
330
17
100
AcDbEntity
  8
R1006
100
AcDbPolyline
 90
2
 70
0
 10
-132.89075505481517
 20
-286.0
 10
-131.7337373573794
 20
-250.25
  0
LWPOLYLINE
  5
60B
330
17
100
AcDbEntity
  8
R1006
100
AcDbPolyline
 90
2
 70
0
 10
-89.60129298583561
 20
-250.25
 10
-90.75831068327139
 20
-286.0
  0
LWPOLYLINE
  5
60C
330
17
100
AcDbEntity
  8
R1006
100
AcDbPolyline
 90
2
 70
0
 10
-130.73098868626838
 20
-214.5
 10
-88.59854431472459
 20
-214.5
  0
LWPOLYLINE
  5
60D
330
17
100
AcDbEntity
  8
R1006
100
AcDbPolyline
 90
2
 70
0
 10
-131.7337373573794
 20
-250.25
 10
-130.73098868626838
 20
-214.5
  0
LWPOLYLINE
  5
60E
330
17
100
AcDbEntity
  8
R1006
100
AcDbPolyline
 90
2
 70
0
 10
-88.59854431472459
 20
-214.5
 10
-89.60129298583561
 20
-250.25
  0
LWPOLYLINE
  5
60F
330
17
100
AcDbEntity
  8
R1006
100
AcDbPolyline
 90
2
 70
0
 10
-129.88250904148217
 20
-178.75
 10
-87.75006466993838
 20
-178.75
  0
LWPOLYLINE
  5
610
330
17
100
AcDbEntity
  8
R1006
100
AcDbPolyline
 90
2
 70
0
 10
-130.73098868626838
 20
-214.5
 10
-129.88250904148217
 20
-178.75
  0
LWPOLYLINE
  5
611
330
17
100
AcDbEntity
  8
R1006
100
AcDbPolyline
 90
2
 70
0
 10
-87.75006466993838
 20
-178.75
 10
-88.59854431472459
 20
-214.5
  0
LWPOLYLINE
  5
612
330
17
100
AcDbEntity
  8
R1006
100
AcDbPolyline
 90
2
 70
0
 10
-129.1882984230207
 20
-143.0
 10
-87.05585405147693
 20
-143.0
  0
LWPOLYLINE
  5
613
330
17
100
AcDbEntity
  8
R1006
100
AcDbPolyline
 90
2
 70
0
 10
-129.88250904148217
 20
-178.75
 10
-129.1882984230207
 20
-143.0
  0
LWPOLYLINE
  5
614
330
17
100
AcDbEntity
  8
R1006
100
AcDbPolyline
 90
2
 70
0
 10
-87.05585405147693
 20
-143.0
 10
-87.75006466993838
 20
-178.75
  0
LWPOLYLINE
  5
615
330
17
100
AcDbEntity
  8
R1006
100
AcDbPolyline
 90
2
 70
0
 10
-128.648356830884
 20
-107.25
 10
-86.51591245934023
 20
-107.25
  0
LWPOLYLINE
  5
616
330
17
100
AcDbEntity
  8
R1006
100
AcDbPolyline
 90
2
 70
0
 10
-129.1882984230207
 20
-143.0
 10
-128.648356830884
 20
-107.25
  0
LWPOLYLINE
  5
617
330
17
100
AcDbEntity
  8
R1006
100
AcDbPolyline
 90
2
 70
0
 10
-86.51591245934023
 20
-107.25
 10
-87.05585405147693
 20
-143.0
  0
LWPOLYLINE
  5
618
330
17
100
AcDbEntity
  8
R1006
100
AcDbPolyline
 90
2
 70
0
 10
-128.26268426507212
 20
-71.5
 10
-86.13023989352834
 20
-71.5
  0
LWPOLYLINE
  5
619
330
17
100
AcDbEntity
  8
R1006
100
AcDbPolyline
 90
2
 70
0
 10
-128.648356830884
 20
-107.25
 10
-128.26268426507212
 20
-71.5
  0
LWPOLYLINE
  5
61A
330
17
100
AcDbEntity
  8
R1006
100
AcDbPolyline
 90
2
 70
0
 10
-86.13023989352834
 20
-71.5
 10
-86.51591245934023
 20
-107.25
  0
LWPOLYLINE
  5
61B
330
17
100
AcDbEntity
  8
R1006
100
AcDbPolyline
 90
2
 70
0
 10
-128.03128072558493
 20
-35.75
 10
-85.89883635404115
 20
-35.75
  0
LWPOLYLINE
  5
61C
330
17
100
AcDbEntity
  8
R1006
100
AcDbPolyline
 90
2
 70
0
 10
-128.26268426507212
 20
-71.5
 10
-128.03128072558493
 20
-35.75
  0
LWPOLYLINE
  5
61D
330
17
100
AcDbEntity
  8
R1006
100
AcDbPolyline
 90
2
 70
0
 10
-85.89883635404115
 20
-35.75
 10
-86.13023989352834
 20
-71.5
  0
LWPOLYLINE
  5
61E
330
17
100
AcDbEntity
  8
R1006
100
AcDbPolyline
 90
2
 70
0
 10
-127.95414621242256
 20
0.0
 10
-85.82170184087877
 20
0.0
  0
LWPOLYLINE
  5
61F
330
17
100
AcDbEntity
  8
R1006
100
AcDbPolyline
 90
2
 70
0
 10
-128.03128072558493
 20
-35.75
 10
-127.95414621242256
 20
0.0
  0
LWPOLYLINE
  5
620
330
17
100
AcDbEntity
  8
R1006
100
AcDbPolyline
 90
2
 70
0
 10
-85.82170184087877
 20
0.0
 10
-85.89883635404115
 20
-35.75
  0
LWPOLYLINE
  5
621
330
17
100
AcDbEntity
  8
R1006
100
AcDbPolyline
 90
2
 70
0
 10
-128.03128072558493
 20
35.75
 10
-85.89883635404115
 20
35.75
  0
LWPOLYLINE
  5
622
330
17
100
AcDbEntity
  8
R1006
100
AcDbPolyline
 90
2
 70
0
 10
-127.95414621242256
 20
0.0
 10
-128.03128072558493
 20
35.75
  0
LWPOLYLINE
  5
623
330
17
100
AcDbEntity
  8
R1006
100
AcDbPolyline
 90
2
 70
0
 10
-85.89883635404115
 20
35.75
 10
-85.82170184087877
 20
0.0
  0
LWPOLYLINE
  5
624
330
17
100
AcDbEntity
  8
R1006
100
AcDbPolyline
 90
2
 70
0
 10
-128.26268426507212
 20
71.5
 10
-86.13023989352834
 20
71.5
  0
LWPOLYLINE
  5
625
330
17
100
AcDbEntity
  8
R1006
100
AcDbPolyline
 90
2
 70
0
 10
-128.03128072558493
 20
35.75
 10
-128.26268426507212
 20
71.5
  0
LWPOLYLINE
  5
626
330
17
100
AcDbEntity
  8
R1006
100
AcDbPolyline
 90
2
 70
0
 10
-86.13023989352834
 20
71.5
 10
-85.89883635404115
 20
35.75
  0
LWPOLYLINE
  5
627
330
17
100
AcDbEntity
  8
R1006
100
AcDbPolyline
 90
2
 70
0
 10
-128.648356830884
 20
107.25
 10
-86.51591245934023
 20
107.25
  0
LWPOLYLINE
  5
628
330
17
100
AcDbEntity
  8
R1006
100
AcDbPolyline
 90
2
 70
0
 10
-128.26268426507212
 20
71.5
 10
-128.648356830884
 20
107.25
  0
LWPOLYLINE
  5
629
330
17
100
AcDbEntity
  8
R1006
100
AcDbPolyline
 90
2
 70
0
 10
-86.51591245934023
 20
107.25
 10
-86.13023989352834
 20
71.5
  0
LWPOLYLINE
  5
62A
330
17
100
AcDbEntity
  8
R1006
100
AcDbPolyline
 90
2
 70
0
 10
-129.1882984230207
 20
143.0
 10
-87.05585405147693
 20
143.0
  0
LWPOLYLINE
  5
62B
330
17
100
AcDbEntity
  8
R1006
100
AcDbPolyline
 90
2
 70
0
 10
-128.648356830884
 20
107.25
 10
-129.1882984230207
 20
143.0
  0
LWPOLYLINE
  5
62C
330
17
100
AcDbEntity
  8
R1006
100
AcDbPolyline
 90
2
 70
0
 10
-87.05585405147693
 20
143.0
 10
-86.51591245934023
 20
107.25
  0
LWPOLYLINE
  5
62D
330
17
100
AcDbEntity
  8
R1006
100
AcDbPolyline
 90
2
 70
0
 10
-129.88250904148217
 20
178.75
 10
-87.75006466993838
 20
178.75
  0
LWPOLYLINE
  5
62E
330
17
100
AcDbEntity
  8
R1006
100
AcDbPolyline
 90
2
 70
0
 10
-129.1882984230207
 20
143.0
 10
-129.88250904148217
 20
178.75
  0
LWPOLYLINE
  5
62F
330
17
100
AcDbEntity
  8
R1006
100
AcDbPolyline
 90
2
 70
0
 10
-87.75006466993838
 20
178.75
 10
-87.05585405147693
 20
143.0
  0
LWPOLYLINE
  5
630
330
17
100
AcDbEntity
  8
R1006
100
AcDbPolyline
 90
2
 70
0
 10
-130.73098868626838
 20
214.5
 10
-88.59854431472459
 20
214.5
  0
LWPOLYLINE
  5
631
330
17
100
AcDbEntity
  8
R1006
100
AcDbPolyline
 90
2
 70
0
 10
-129.88250904148217
 20
178.75
 10
-130.73098868626838
 20
214.5
  0
LWPOLYLINE
  5
632
330
17
100
AcDbEntity
  8
R1006
100
AcDbPolyline
 90
2
 70
0
 10
-88.59854431472459
 20
214.5
 10
-87.75006466993838
 20
178.75
  0
LWPOLYLINE
  5
633
330
17
100
AcDbEntity
  8
R1006
100
AcDbPolyline
 90
2
 70
0
 10
-131.7337373573794
 20
250.25
 10
-89.60129298583561
 20
250.25
  0
LWPOLYLINE
  5
634
330
17
100
AcDbEntity
  8
R1006
100
AcDbPolyline
 90
2
 70
0
 10
-130.73098868626838
 20
214.5
 10
-131.7337373573794
 20
250.25
  0
LWPOLYLINE
  5
635
330
17
100
AcDbEntity
  8
R1006
100
AcDbPolyline
 90
2
 70
0
 10
-89.60129298583561
 20
250.25
 10
-88.59854431472459
 20
214.5
  0
LWPOLYLINE
  5
636
330
17
100
AcDbEntity
  8
R1006
100
AcDbPolyline
 90
2
 70
0
 10
-132.89075505481517
 20
286.0
 10
-90.75831068327139
 20
286.0
  0
LWPOLYLINE
  5
637
330
17
100
AcDbEntity
  8
R1006
100
AcDbPolyline
 90
2
 70
0
 10
-131.7337373573794
 20
250.25
 10
-132.89075505481517
 20
286.0
  0
LWPOLYLINE
  5
638
330
17
100
AcDbEntity
  8
R1006
100
AcDbPolyline
 90
2
 70
0
 10
-90.75831068327139
 20
286.0
 10
-89.60129298583561
 20
250.25
  0
LWPOLYLINE
  5
639
330
17
100
AcDbEntity
  8
R1006
100
AcDbPolyline
 90
2
 70
0
 10
-134.2020417785757
 20
321.75
 10
-92.06959740703192
 20
321.75
  0
LWPOLYLINE
  5
63A
330
17
100
AcDbEntity
  8
R1006
100
AcDbPolyline
 90
2
 70
0
 10
-132.89075505481517
 20
286.0
 10
-134.2020417785757
 20
321.75
  0
LWPOLYLINE
  5
63B
330
17
100
AcDbEntity
  8
R1006
100
AcDbPolyline
 90
2
 70
0
 10
-92.06959740703192
 20
321.75
 10
-90.75831068327139
 20
286.0
  0
LWPOLYLINE
  5
63C
330
17
100
AcDbEntity
  8
R1006
100
AcDbPolyline
 90
2
 70
0
 10
-135.66759752866105
 20
357.5
 10
-93.53515315711726
 20
357.5
  0
LWPOLYLINE
  5
63D
330
17
100
AcDbEntity
  8
R1006
100
AcDbPolyline
 90
2
 70
0
 10
-134.2020417785757
 20
321.75
 10
-135.66759752866105
 20
357.5
  0
LWPOLYLINE
  5
63E
330
17
100
AcDbEntity
  8
R1006
100
AcDbPolyline
 90
2
 70
0
 10
-93.53515315711726
 20
357.5
 10
-92.06959740703192
 20
321.75
  0
LWPOLYLINE
  5
63F
330
17
100
AcDbEntity
  8
R1006
100
AcDbPolyline
 90
2
 70
0
 10
-129.88250904148217
 20
357.5
 10
-87.75006466993838
 20
357.5
  0
LWPOLYLINE
  5
640
330
17
100
AcDbEntity
  8
R1006
100
AcDbPolyline
 90
2
 70
0
 10
-135.66759752866105
 20
357.5
 10
-129.88250904148217
 20
357.5
  0
LWPOLYLINE
  5
641
330
17
100
AcDbEntity
  8
R1006
100
AcDbPolyline
 90
2
 70
0
 10
-87.75006466993838
 20
357.5
 10
-93.53515315711726
 20
357.5
  0
LWPOLYLINE
  5
642
330
17
100
AcDbEntity
  8
R1006
100
AcDbPolyline
 90
2
 70
0
 10
-128.41695329139688
 20
321.75
 10
-86.2845089198531
 20
321.75
  0
LWPOLYLINE
  5
643
330
17
100
AcDbEntity
  8
R1006
100
AcDbPolyline
 90
2
 70
0
 10
-129.88250904148217
 20
357.5
 10
-128.41695329139688
 20
321.75
  0
LWPOLYLINE
  5
644
330
17
100
AcDbEntity
  8
R1006
100
AcDbPolyline
 90
2
 70
0
 10
-86.2845089198531
 20
321.75
 10
-87.75006466993838
 20
357.5
  0
LWPOLYLINE
  5
645
330
17
100
AcDbEntity
  8
R1006
100
AcDbPolyline
 90
2
 70
0
 10
-127.10566656763635
 20
286.0
 10
-84.97322219609256
 20
286.0
  0
LWPOLYLINE
  5
646
330
17
100
AcDbEntity
  8
R1006
100
AcDbPolyline
 90
2
 70
0
 10
-128.41695329139688
 20
321.75
 10
-127.10566656763635
 20
286.0
  0
LWPOLYLINE
  5
647
330
17
100
AcDbEntity
  8
R1006
100
AcDbPolyline
 90
2
 70
0
 10
-84.97322219609256
 20
286.0
 10
-86.2845089198531
 20
321.75
  0
LWPOLYLINE
  5
648
330
17
100
AcDbEntity
  8
R1006
100
AcDbPolyline
 90
2
 70
0
 10
-125.94864887020057
 20
250.25
 10
-83.81620449865679
 20
250.25
  0
LWPOLYLINE
  5
649
330
17
100
AcDbEntity
  8
R1006
100
AcDbPolyline
 90
2
 70
0
 10
-127.10566656763635
 20
286.0
 10
-125.94864887020057
 20
250.25
  0
LWPOLYLINE
  5
64A
330
17
100
AcDbEntity
  8
R1006
100
AcDbPolyline
 90
2
 70
0
 10
-83.81620449865679
 20
250.25
 10
-84.97322219609256
 20
286.0
  0
LWPOLYLINE
  5
64B
330
17
100
AcDbEntity
  8
R1006
100
AcDbPolyline
 90
2
 70
0
 10
-124.94590019908955
 20
214.5
 10
-82.81345582754577
 20
214.5
  0
LWPOLYLINE
  5
64C
330
17
100
AcDbEntity
  8
R1006
100
AcDbPolyline
 90
2
 70
0
 10
-125.94864887020057
 20
250.25
 10
-124.94590019908955
 20
214.5
  0
LWPOLYLINE
  5
64D
330
17
100
AcDbEntity
  8
R1006
100
AcDbPolyline
 90
2
 70
0
 10
-82.81345582754577
 20
214.5
 10
-83.81620449865679
 20
250.25
  0
LWPOLYLINE
  5
64E
330
17
100
AcDbEntity
  8
R1006
100
AcDbPolyline
 90
2
 70
0
 10
-124.09742055430334
 20
178.75
 10
-81.96497618275956
 20
178.75
  0
LWPOLYLINE
  5
64F
330
17
100
AcDbEntity
  8
R1006
100
AcDbPolyline
 90
2
 70
0
 10
-124.94590019908955
 20
214.5
 10
-124.09742055430334
 20
178.75
  0
LWPOLYLINE
  5
650
330
17
100
AcDbEntity
  8
R1006
100
AcDbPolyline
 90
2
 70
0
 10
-81.96497618275956
 20
178.75
 10
-82.81345582754577
 20
214.5
  0
LWPOLYLINE
  5
651
330
17
100
AcDbEntity
  8
R1006
100
AcDbPolyline
 90
2
 70
0
 10
-123.40320993584189
 20
143.0
 10
-81.2707655642981
 20
143.0
  0
LWPOLYLINE
  5
652
330
17
100
AcDbEntity
  8
R1006
100
AcDbPolyline
 90
2
 70
0
 10
-124.09742055430334
 20
178.75
 10
-123.40320993584189
 20
143.0
  0
LWPOLYLINE
  5
653
330
17
100
AcDbEntity
  8
R1006
100
AcDbPolyline
 90
2
 70
0
 10
-81.2707655642981
 20
143.0
 10
-81.96497618275956
 20
178.75
  0
LWPOLYLINE
  5
654
330
17
100
AcDbEntity
  8
R1006
100
AcDbPolyline
 90
2
 70
0
 10
-122.86326834370513
 20
107.25
 10
-80.73082397216135
 20
107.25
  0
LWPOLYLINE
  5
655
330
17
100
AcDbEntity
  8
R1006
100
AcDbPolyline
 90
2
 70
0
 10
-123.40320993584189
 20
143.0
 10
-122.86326834370513
 20
107.25
  0
LWPOLYLINE
  5
656
330
17
100
AcDbEntity
  8
R1006
100
AcDbPolyline
 90
2
 70
0
 10
-80.73082397216135
 20
107.25
 10
-81.2707655642981
 20
143.0
  0
LWPOLYLINE
  5
657
330
17
100
AcDbEntity
  8
R1006
100
AcDbPolyline
 90
2
 70
0
 10
-122.47759577789324
 20
71.5
 10
-80.34515140634946
 20
71.5
  0
LWPOLYLINE
  5
658
330
17
100
AcDbEntity
  8
R1006
100
AcDbPolyline
 90
2
 70
0
 10
-122.86326834370513
 20
107.25
 10
-122.47759577789324
 20
71.5
  0
LWPOLYLINE
  5
659
330
17
100
AcDbEntity
  8
R1006
100
AcDbPolyline
 90
2
 70
0
 10
-80.34515140634946
 20
71.5
 10
-80.73082397216135
 20
107.25
  0
LWPOLYLINE
  5
65A
330
17
100
AcDbEntity
  8
R1006
100
AcDbPolyline
 90
2
 70
0
 10
-122.24619223840611
 20
35.75
 10
-80.11374786686233
 20
35.75
  0
LWPOLYLINE
  5
65B
330
17
100
AcDbEntity
  8
R1006
100
AcDbPolyline
 90
2
 70
0
 10
-122.47759577789324
 20
71.5
 10
-122.24619223840611
 20
35.75
  0
LWPOLYLINE
  5
65C
330
17
100
AcDbEntity
  8
R1006
100
AcDbPolyline
 90
2
 70
0
 10
-80.11374786686233
 20
35.75
 10
-80.34515140634946
 20
71.5
  0
LWPOLYLINE
  5
65D
330
17
100
AcDbEntity
  8
R1006
100
AcDbPolyline
 90
2
 70
0
 10
-122.16905772524368
 20
0.0
 10
-80.03661335369989
 20
0.0
  0
LWPOLYLINE
  5
65E
330
17
100
AcDbEntity
  8
R1006
100
AcDbPolyline
 90
2
 70
0
 10
-122.24619223840611
 20
35.75
 10
-122.16905772524368
 20
0.0
  0
LWPOLYLINE
  5
65F
330
17
100
AcDbEntity
  8
R1006
100
AcDbPolyline
 90
2
 70
0
 10
-80.03661335369989
 20
0.0
 10
-80.11374786686233
 20
35.75
  0
LWPOLYLINE
  5
660
330
17
100
AcDbEntity
  8
R1006
100
AcDbPolyline
 90
2
 70
0
 10
-122.24619223840611
 20
-35.75
 10
-80.11374786686233
 20
-35.75
  0
LWPOLYLINE
  5
661
330
17
100
AcDbEntity
  8
R1006
100
AcDbPolyline
 90
2
 70
0
 10
-122.16905772524368
 20
0.0
 10
-122.24619223840611
 20
-35.75
  0
LWPOLYLINE
  5
662
330
17
100
AcDbEntity
  8
R1006
100
AcDbPolyline
 90
2
 70
0
 10
-80.11374786686233
 20
-35.75
 10
-80.03661335369989
 20
0.0
  0
LWPOLYLINE
  5
663
330
17
100
AcDbEntity
  8
R1006
100
AcDbPolyline
 90
2
 70
0
 10
-122.47759577789324
 20
-71.5
 10
-80.34515140634946
 20
-71.5
  0
LWPOLYLINE
  5
664
330
17
100
AcDbEntity
  8
R1006
100
AcDbPolyline
 90
2
 70
0
 10
-122.24619223840611
 20
-35.75
 10
-122.47759577789324
 20
-71.5
  0
LWPOLYLINE
  5
665
330
17
100
AcDbEntity
  8
R1006
100
AcDbPolyline
 90
2
 70
0
 10
-80.34515140634946
 20
-71.5
 10
-80.11374786686233
 20
-35.75
  0
LWPOLYLINE
  5
666
330
17
100
AcDbEntity
  8
R1006
100
AcDbPolyline
 90
2
 70
0
 10
-122.86326834370513
 20
-107.25
 10
-80.73082397216135
 20
-107.25
  0
LWPOLYLINE
  5
667
330
17
100
AcDbEntity
  8
R1006
100
AcDbPolyline
 90
2
 70
0
 10
-122.47759577789324
 20
-71.5
 10
-122.86326834370513
 20
-107.25
  0
LWPOLYLINE
  5
668
330
17
100
AcDbEntity
  8
R1006
100
AcDbPolyline
 90
2
 70
0
 10
-80.73082397216135
 20
-107.25
 10
-80.34515140634946
 20
-71.5
  0
LWPOLYLINE
  5
669
330
17
100
AcDbEntity
  8
R1006
100
AcDbPolyline
 90
2
 70
0
 10
-123.40320993584189
 20
-143.0
 10
-81.2707655642981
 20
-143.0
  0
LWPOLYLINE
  5
66A
330
17
100
AcDbEntity
  8
R1006
100
AcDbPolyline
 90
2
 70
0
 10
-122.86326834370513
 20
-107.25
 10
-123.40320993584189
 20
-143.0
  0
LWPOLYLINE
  5
66B
330
17
100
AcDbEntity
  8
R1006
100
AcDbPolyline
 90
2
 70
0
 10
-81.2707655642981
 20
-143.0
 10
-80.73082397216135
 20
-107.25
  0
LWPOLYLINE
  5
66C
330
17
100
AcDbEntity
  8
R1006
100
AcDbPolyline
 90
2
 70
0
 10
-124.09742055430334
 20
-178.75
 10
-81.96497618275956
 20
-178.75
  0
LWPOLYLINE
  5
66D
330
17
100
AcDbEntity
  8
R1006
100
AcDbPolyline
 90
2
 70
0
 10
-123.40320993584189
 20
-143.0
 10
-124.09742055430334
 20
-178.75
  0
LWPOLYLINE
  5
66E
330
17
100
AcDbEntity
  8
R1006
100
AcDbPolyline
 90
2
 70
0
 10
-81.96497618275956
 20
-178.75
 10
-81.2707655642981
 20
-143.0
  0
LWPOLYLINE
  5
66F
330
17
100
AcDbEntity
  8
R1006
100
AcDbPolyline
 90
2
 70
0
 10
-124.94590019908955
 20
-214.5
 10
-82.81345582754577
 20
-214.5
  0
LWPOLYLINE
  5
670
330
17
100
AcDbEntity
  8
R1006
100
AcDbPolyline
 90
2
 70
0
 10
-124.09742055430334
 20
-178.75
 10
-124.94590019908955
 20
-214.5
  0
LWPOLYLINE
  5
671
330
17
100
AcDbEntity
  8
R1006
100
AcDbPolyline
 90
2
 70
0
 10
-82.81345582754577
 20
-214.5
 10
-81.96497618275956
 20
-178.75
  0
LWPOLYLINE
  5
672
330
17
100
AcDbEntity
  8
R1006
100
AcDbPolyline
 90
2
 70
0
 10
-125.94864887020057
 20
-250.25
 10
-83.81620449865679
 20
-250.25
  0
LWPOLYLINE
  5
673
330
17
100
AcDbEntity
  8
R1006
100
AcDbPolyline
 90
2
 70
0
 10
-124.94590019908955
 20
-214.5
 10
-125.94864887020057
 20
-250.25
  0
LWPOLYLINE
  5
674
330
17
100
AcDbEntity
  8
R1006
100
AcDbPolyline
 90
2
 70
0
 10
-83.81620449865679
 20
-250.25
 10
-82.81345582754577
 20
-214.5
  0
LWPOLYLINE
  5
675
330
17
100
AcDbEntity
  8
R1006
100
AcDbPolyline
 90
2
 70
0
 10
-127.10566656763635
 20
-286.0
 10
-84.97322219609256
 20
-286.0
  0
LWPOLYLINE
  5
676
330
17
100
AcDbEntity
  8
R1006
100
AcDbPolyline
 90
2
 70
0
 10
-125.94864887020057
 20
-250.25
 10
-127.10566656763635
 20
-286.0
  0
LWPOLYLINE
  5
677
330
17
100
AcDbEntity
  8
R1006
100
AcDbPolyline
 90
2
 70
0
 10
-84.97322219609256
 20
-286.0
 10
-83.81620449865679
 20
-250.25
  0
LWPOLYLINE
  5
678
330
17
100
AcDbEntity
  8
R1006
100
AcDbPolyline
 90
2
 70
0
 10
-128.41695329139688
 20
-321.75
 10
-86.2845089198531
 20
-321.75
  0
LWPOLYLINE
  5
679
330
17
100
AcDbEntity
  8
R1006
100
AcDbPolyline
 90
2
 70
0
 10
-127.10566656763635
 20
-286.0
 10
-128.41695329139688
 20
-321.75
  0
LWPOLYLINE
  5
67A
330
17
100
AcDbEntity
  8
R1006
100
AcDbPolyline
 90
2
 70
0
 10
-86.2845089198531
 20
-321.75
 10
-84.97322219609256
 20
-286.0
  0
LWPOLYLINE
  5
67B
330
17
100
AcDbEntity
  8
R1006
100
AcDbPolyline
 90
2
 70
0
 10
-129.88250904148217
 20
-357.5
 10
-87.75006466993838
 20
-357.5
  0
LWPOLYLINE
  5
67C
330
17
100
AcDbEntity
  8
R1006
100
AcDbPolyline
 90
2
 70
0
 10
-128.41695329139688
 20
-321.75
 10
-129.88250904148217
 20
-357.5
  0
LWPOLYLINE
  5
67D
330
17
100
AcDbEntity
  8
R1006
100
AcDbPolyline
 90
2
 70
0
 10
-87.75006466993838
 20
-357.5
 10
-86.2845089198531
 20
-321.75
  0
LWPOLYLINE
  5
67E
330
17
100
AcDbEntity
  8
R1006
100
AcDbPolyline
 90
2
 70
0
 10
-129.88250904148217
 20
-357.5
 10
-135.66759752866105
 20
-357.5
  0
LWPOLYLINE
  5
67F
330
17
100
AcDbEntity
  8
R1006
100
AcDbPolyline
 90
2
 70
0
 10
-93.53515315711726
 20
-357.5
 10
-87.75006466993838
 20
-357.5
  0
LWPOLYLINE
  5
681
330
17
100
AcDbEntity
  8
R1007
100
AcDbPolyline
 90
2
 70
0
 10
-13.647661231852396
 20
-357.5
 10
-55.78010560339618
 20
-357.5
  0
LWPOLYLINE
  5
682
330
17
100
AcDbEntity
  8
R1007
100
AcDbPolyline
 90
2
 70
0
 10
-54.31454985331084
 20
-321.75
 10
-12.182105481767053
 20
-321.75
  0
LWPOLYLINE
  5
683
330
17
100
AcDbEntity
  8
R1007
100
AcDbPolyline
 90
2
 70
0
 10
-55.78010560339618
 20
-357.5
 10
-54.31454985331084
 20
-321.75
  0
LWPOLYLINE
  5
684
330
17
100
AcDbEntity
  8
R1007
100
AcDbPolyline
 90
2
 70
0
 10
-12.182105481767053
 20
-321.75
 10
-13.647661231852396
 20
-357.5
  0
LWPOLYLINE
  5
685
330
17
100
AcDbEntity
  8
R1007
100
AcDbPolyline
 90
2
 70
0
 10
-53.003263129550305
 20
-286.0
 10
-10.870818758006521
 20
-286.0
  0
LWPOLYLINE
  5
686
330
17
100
AcDbEntity
  8
R1007
100
AcDbPolyline
 90
2
 70
0
 10
-54.31454985331084
 20
-321.75
 10
-53.003263129550305
 20
-286.0
  0
LWPOLYLINE
  5
687
330
17
100
AcDbEntity
  8
R1007
100
AcDbPolyline
 90
2
 70
0
 10
-10.870818758006521
 20
-286.0
 10
-12.182105481767053
 20
-321.75
  0
LWPOLYLINE
  5
688
330
17
100
AcDbEntity
  8
R1007
100
AcDbPolyline
 90
2
 70
0
 10
-51.84624543211453
 20
-250.25
 10
-9.713801060570745
 20
-250.25
  0
LWPOLYLINE
  5
689
330
17
100
AcDbEntity
  8
R1007
100
AcDbPolyline
 90
2
 70
0
 10
-53.003263129550305
 20
-286.0
 10
-51.84624543211453
 20
-250.25
  0
LWPOLYLINE
  5
68A
330
17
100
AcDbEntity
  8
R1007
100
AcDbPolyline
 90
2
 70
0
 10
-9.713801060570745
 20
-250.25
 10
-10.870818758006521
 20
-286.0
  0
LWPOLYLINE
  5
68B
330
17
100
AcDbEntity
  8
R1007
100
AcDbPolyline
 90
2
 70
0
 10
-50.84349676100351
 20
-214.5
 10
-8.711052389459724
 20
-214.5
  0
LWPOLYLINE
  5
68C
330
17
100
AcDbEntity
  8
R1007
100
AcDbPolyline
 90
2
 70
0
 10
-51.84624543211453
 20
-250.25
 10
-50.84349676100351
 20
-214.5
  0
LWPOLYLINE
  5
68D
330
17
100
AcDbEntity
  8
R1007
100
AcDbPolyline
 90
2
 70
0
 10
-8.711052389459724
 20
-214.5
 10
-9.713801060570745
 20
-250.25
  0
LWPOLYLINE
  5
68E
330
17
100
AcDbEntity
  8
R1007
100
AcDbPolyline
 90
2
 70
0
 10
-49.9950171162173
 20
-178.75
 10
-7.862572744673514
 20
-178.75
  0
LWPOLYLINE
  5
68F
330
17
100
AcDbEntity
  8
R1007
100
AcDbPolyline
 90
2
 70
0
 10
-50.84349676100351
 20
-214.5
 10
-49.9950171162173
 20
-178.75
  0
LWPOLYLINE
  5
690
330
17
100
AcDbEntity
  8
R1007
100
AcDbPolyline
 90
2
 70
0
 10
-7.862572744673514
 20
-178.75
 10
-8.711052389459724
 20
-214.5
  0
LWPOLYLINE
  5
691
330
17
100
AcDbEntity
  8
R1007
100
AcDbPolyline
 90
2
 70
0
 10
-49.30080649775584
 20
-143.0
 10
-7.16836212621206
 20
-143.0
  0
LWPOLYLINE
  5
692
330
17
100
AcDbEntity
  8
R1007
100
AcDbPolyline
 90
2
 70
0
 10
-49.9950171162173
 20
-178.75
 10
-49.30080649775584
 20
-143.0
  0
LWPOLYLINE
  5
693
330
17
100
AcDbEntity
  8
R1007
100
AcDbPolyline
 90
2
 70
0
 10
-7.16836212621206
 20
-143.0
 10
-7.862572744673514
 20
-178.75
  0
LWPOLYLINE
  5
694
330
17
100
AcDbEntity
  8
R1007
100
AcDbPolyline
 90
2
 70
0
 10
-48.760864905619144
 20
-107.25
 10
-6.62842053407536
 20
-107.25
  0
LWPOLYLINE
  5
695
330
17
100
AcDbEntity
  8
R1007
100
AcDbPolyline
 90
2
 70
0
 10
-49.30080649775584
 20
-143.0
 10
-48.760864905619144
 20
-107.25
  0
LWPOLYLINE
  5
696
330
17
100
AcDbEntity
  8
R1007
100
AcDbPolyline
 90
2
 70
0
 10
-6.62842053407536
 20
-107.25
 10
-7.16836212621206
 20
-143.0
  0
LWPOLYLINE
  5
697
330
17
100
AcDbEntity
  8
R1007
100
AcDbPolyline
 90
2
 70
0
 10
-48.375192339807256
 20
-71.5
 10
-6.242747968263473
 20
-71.5
  0
LWPOLYLINE
  5
698
330
17
100
AcDbEntity
  8
R1007
100
AcDbPolyline
 90
2
 70
0
 10
-48.760864905619144
 20
-107.25
 10
-48.375192339807256
 20
-71.5
  0
LWPOLYLINE
  5
699
330
17
100
AcDbEntity
  8
R1007
100
AcDbPolyline
 90
2
 70
0
 10
-6.242747968263473
 20
-71.5
 10
-6.62842053407536
 20
-107.25
  0
LWPOLYLINE
  5
69A
330
17
100
AcDbEntity
  8
R1007
100
AcDbPolyline
 90
2
 70
0
 10
-48.14378880032007
 20
-35.75
 10
-6.011344428776283
 20
-35.75
  0
LWPOLYLINE
  5
69B
330
17
100
AcDbEntity
  8
R1007
100
AcDbPolyline
 90
2
 70
0
 10
-48.375192339807256
 20
-71.5
 10
-48.14378880032007
 20
-35.75
  0
LWPOLYLINE
  5
69C
330
17
100
AcDbEntity
  8
R1007
100
AcDbPolyline
 90
2
 70
0
 10
-6.011344428776283
 20
-35.75
 10
-6.242747968263473
 20
-71.5
  0
LWPOLYLINE
  5
69D
330
17
100
AcDbEntity
  8
R1007
100
AcDbPolyline
 90
2
 70
0
 10
-48.06665428715769
 20
0.0
 10
-5.934209915613906
 20
0.0
  0
LWPOLYLINE
  5
69E
330
17
100
AcDbEntity
  8
R1007
100
AcDbPolyline
 90
2
 70
0
 10
-48.14378880032007
 20
-35.75
 10
-48.06665428715769
 20
0.0
  0
LWPOLYLINE
  5
69F
330
17
100
AcDbEntity
  8
R1007
100
AcDbPolyline
 90
2
 70
0
 10
-5.934209915613906
 20
0.0
 10
-6.011344428776283
 20
-35.75
  0
LWPOLYLINE
  5
6A0
330
17
100
AcDbEntity
  8
R1007
100
AcDbPolyline
 90
2
 70
0
 10
-48.14378880032007
 20
35.75
 10
-6.011344428776283
 20
35.75
  0
LWPOLYLINE
  5
6A1
330
17
100
AcDbEntity
  8
R1007
100
AcDbPolyline
 90
2
 70
0
 10
-48.06665428715769
 20
0.0
 10
-48.14378880032007
 20
35.75
  0
LWPOLYLINE
  5
6A2
330
17
100
AcDbEntity
  8
R1007
100
AcDbPolyline
 90
2
 70
0
 10
-6.011344428776283
 20
35.75
 10
-5.934209915613906
 20
0.0
  0
LWPOLYLINE
  5
6A3
330
17
100
AcDbEntity
  8
R1007
100
AcDbPolyline
 90
2
 70
0
 10
-48.375192339807256
 20
71.5
 10
-6.242747968263473
 20
71.5
  0
LWPOLYLINE
  5
6A4
330
17
100
AcDbEntity
  8
R1007
100
AcDbPolyline
 90
2
 70
0
 10
-48.14378880032007
 20
35.75
 10
-48.375192339807256
 20
71.5
  0
LWPOLYLINE
  5
6A5
330
17
100
AcDbEntity
  8
R1007
100
AcDbPolyline
 90
2
 70
0
 10
-6.242747968263473
 20
71.5
 10
-6.011344428776283
 20
35.75
  0
LWPOLYLINE
  5
6A6
330
17
100
AcDbEntity
  8
R1007
100
AcDbPolyline
 90
2
 70
0
 10
-48.760864905619144
 20
107.25
 10
-6.62842053407536
 20
107.25
  0
LWPOLYLINE
  5
6A7
330
17
100
AcDbEntity
  8
R1007
100
AcDbPolyline
 90
2
 70
0
 10
-48.375192339807256
 20
71.5
 10
-48.760864905619144
 20
107.25
  0
LWPOLYLINE
  5
6A8
330
17
100
AcDbEntity
  8
R1007
100
AcDbPolyline
 90
2
 70
0
 10
-6.62842053407536
 20
107.25
 10
-6.242747968263473
 20
71.5
  0
LWPOLYLINE
  5
6A9
330
17
100
AcDbEntity
  8
R1007
100
AcDbPolyline
 90
2
 70
0
 10
-49.30080649775584
 20
143.0
 10
-7.16836212621206
 20
143.0
  0
LWPOLYLINE
  5
6AA
330
17
100
AcDbEntity
  8
R1007
100
AcDbPolyline
 90
2
 70
0
 10
-48.760864905619144
 20
107.25
 10
-49.30080649775584
 20
143.0
  0
LWPOLYLINE
  5
6AB
330
17
100
AcDbEntity
  8
R1007
100
AcDbPolyline
 90
2
 70
0
 10
-7.16836212621206
 20
143.0
 10
-6.62842053407536
 20
107.25
  0
LWPOLYLINE
  5
6AC
330
17
100
AcDbEntity
  8
R1007
100
AcDbPolyline
 90
2
 70
0
 10
-49.9950171162173
 20
178.75
 10
-7.862572744673514
 20
178.75
  0
LWPOLYLINE
  5
6AD
330
17
100
AcDbEntity
  8
R1007
100
AcDbPolyline
 90
2
 70
0
 10
-49.30080649775584
 20
143.0
 10
-49.9950171162173
 20
178.75
  0
LWPOLYLINE
  5
6AE
330
17
100
AcDbEntity
  8
R1007
100
AcDbPolyline
 90
2
 70
0
 10
-7.862572744673514
 20
178.75
 10
-7.16836212621206
 20
143.0
  0
LWPOLYLINE
  5
6AF
330
17
100
AcDbEntity
  8
R1007
100
AcDbPolyline
 90
2
 70
0
 10
-50.84349676100351
 20
214.5
 10
-8.711052389459724
 20
214.5
  0
LWPOLYLINE
  5
6B0
330
17
100
AcDbEntity
  8
R1007
100
AcDbPolyline
 90
2
 70
0
 10
-49.9950171162173
 20
178.75
 10
-50.84349676100351
 20
214.5
  0
LWPOLYLINE
  5
6B1
330
17
100
AcDbEntity
  8
R1007
100
AcDbPolyline
 90
2
 70
0
 10
-8.711052389459724
 20
214.5
 10
-7.862572744673514
 20
178.75
  0
LWPOLYLINE
  5
6B2
330
17
100
AcDbEntity
  8
R1007
100
AcDbPolyline
 90
2
 70
0
 10
-51.84624543211453
 20
250.25
 10
-9.713801060570745
 20
250.25
  0
LWPOLYLINE
  5
6B3
330
17
100
AcDbEntity
  8
R1007
100
AcDbPolyline
 90
2
 70
0
 10
-50.84349676100351
 20
214.5
 10
-51.84624543211453
 20
250.25
  0
LWPOLYLINE
  5
6B4
330
17
100
AcDbEntity
  8
R1007
100
AcDbPolyline
 90
2
 70
0
 10
-9.713801060570745
 20
250.25
 10
-8.711052389459724
 20
214.5
  0
LWPOLYLINE
  5
6B5
330
17
100
AcDbEntity
  8
R1007
100
AcDbPolyline
 90
2
 70
0
 10
-53.003263129550305
 20
286.0
 10
-10.870818758006521
 20
286.0
  0
LWPOLYLINE
  5
6B6
330
17
100
AcDbEntity
  8
R1007
100
AcDbPolyline
 90
2
 70
0
 10
-51.84624543211453
 20
250.25
 10
-53.003263129550305
 20
286.0
  0
LWPOLYLINE
  5
6B7
330
17
100
AcDbEntity
  8
R1007
100
AcDbPolyline
 90
2
 70
0
 10
-10.870818758006521
 20
286.0
 10
-9.713801060570745
 20
250.25
  0
LWPOLYLINE
  5
6B8
330
17
100
AcDbEntity
  8
R1007
100
AcDbPolyline
 90
2
 70
0
 10
-54.31454985331084
 20
321.75
 10
-12.182105481767053
 20
321.75
  0
LWPOLYLINE
  5
6B9
330
17
100
AcDbEntity
  8
R1007
100
AcDbPolyline
 90
2
 70
0
 10
-53.003263129550305
 20
286.0
 10
-54.31454985331084
 20
321.75
  0
LWPOLYLINE
  5
6BA
330
17
100
AcDbEntity
  8
R1007
100
AcDbPolyline
 90
2
 70
0
 10
-12.182105481767053
 20
321.75
 10
-10.870818758006521
 20
286.0
  0
LWPOLYLINE
  5
6BB
330
17
100
AcDbEntity
  8
R1007
100
AcDbPolyline
 90
2
 70
0
 10
-55.78010560339618
 20
357.5
 10
-13.647661231852396
 20
357.5
  0
LWPOLYLINE
  5
6BC
330
17
100
AcDbEntity
  8
R1007
100
AcDbPolyline
 90
2
 70
0
 10
-54.31454985331084
 20
321.75
 10
-55.78010560339618
 20
357.5
  0
LWPOLYLINE
  5
6BD
330
17
100
AcDbEntity
  8
R1007
100
AcDbPolyline
 90
2
 70
0
 10
-13.647661231852396
 20
357.5
 10
-12.182105481767053
 20
321.75
  0
LWPOLYLINE
  5
6BE
330
17
100
AcDbEntity
  8
R1007
100
AcDbPolyline
 90
2
 70
0
 10
-49.9950171162173
 20
357.5
 10
-7.862572744673514
 20
357.5
  0
LWPOLYLINE
  5
6BF
330
17
100
AcDbEntity
  8
R1007
100
AcDbPolyline
 90
2
 70
0
 10
-55.78010560339618
 20
357.5
 10
-49.9950171162173
 20
357.5
  0
LWPOLYLINE
  5
6C0
330
17
100
AcDbEntity
  8
R1007
100
AcDbPolyline
 90
2
 70
0
 10
-7.862572744673514
 20
357.5
 10
-13.647661231852396
 20
357.5
  0
LWPOLYLINE
  5
6C1
330
17
100
AcDbEntity
  8
R1007
100
AcDbPolyline
 90
2
 70
0
 10
-48.52946136613201
 20
321.75
 10
-6.397016994588228
 20
321.75
  0
LWPOLYLINE
  5
6C2
330
17
100
AcDbEntity
  8
R1007
100
AcDbPolyline
 90
2
 70
0
 10
-49.9950171162173
 20
357.5
 10
-48.52946136613201
 20
321.75
  0
LWPOLYLINE
  5
6C3
330
17
100
AcDbEntity
  8
R1007
100
AcDbPolyline
 90
2
 70
0
 10
-6.397016994588228
 20
321.75
 10
-7.862572744673514
 20
357.5
  0
LWPOLYLINE
  5
6C4
330
17
100
AcDbEntity
  8
R1007
100
AcDbPolyline
 90
2
 70
0
 10
-47.21817464237148
 20
286.0
 10
-5.085730270827696
 20
286.0
  0
LWPOLYLINE
  5
6C5
330
17
100
AcDbEntity
  8
R1007
100
AcDbPolyline
 90
2
 70
0
 10
-48.52946136613201
 20
321.75
 10
-47.21817464237148
 20
286.0
  0
LWPOLYLINE
  5
6C6
330
17
100
AcDbEntity
  8
R1007
100
AcDbPolyline
 90
2
 70
0
 10
-5.085730270827696
 20
286.0
 10
-6.397016994588228
 20
321.75
  0
LWPOLYLINE
  5
6C7
330
17
100
AcDbEntity
  8
R1007
100
AcDbPolyline
 90
2
 70
0
 10
-46.0611569449357
 20
250.25
 10
-3.9287125733919197
 20
250.25
  0
LWPOLYLINE
  5
6C8
330
17
100
AcDbEntity
  8
R1007
100
AcDbPolyline
 90
2
 70
0
 10
-47.21817464237148
 20
286.0
 10
-46.0611569449357
 20
250.25
  0
LWPOLYLINE
  5
6C9
330
17
100
AcDbEntity
  8
R1007
100
AcDbPolyline
 90
2
 70
0
 10
-3.9287125733919197
 20
250.25
 10
-5.085730270827696
 20
286.0
  0
LWPOLYLINE
  5
6CA
330
17
100
AcDbEntity
  8
R1007
100
AcDbPolyline
 90
2
 70
0
 10
-45.05840827382468
 20
214.5
 10
-2.9259639022808983
 20
214.5
  0
LWPOLYLINE
  5
6CB
330
17
100
AcDbEntity
  8
R1007
100
AcDbPolyline
 90
2
 70
0
 10
-46.0611569449357
 20
250.25
 10
-45.05840827382468
 20
214.5
  0
LWPOLYLINE
  5
6CC
330
17
100
AcDbEntity
  8
R1007
100
AcDbPolyline
 90
2
 70
0
 10
-2.9259639022808983
 20
214.5
 10
-3.9287125733919197
 20
250.25
  0
LWPOLYLINE
  5
6CD
330
17
100
AcDbEntity
  8
R1007
100
AcDbPolyline
 90
2
 70
0
 10
-44.20992862903847
 20
178.75
 10
-2.077484257494689
 20
178.75
  0
LWPOLYLINE
  5
6CE
330
17
100
AcDbEntity
  8
R1007
100
AcDbPolyline
 90
2
 70
0
 10
-45.05840827382468
 20
214.5
 10
-44.20992862903847
 20
178.75
  0
LWPOLYLINE
  5
6CF
330
17
100
AcDbEntity
  8
R1007
100
AcDbPolyline
 90
2
 70
0
 10
-2.077484257494689
 20
178.75
 10
-2.9259639022808983
 20
214.5
  0
LWPOLYLINE
  5
6D0
330
17
100
AcDbEntity
  8
R1007
100
AcDbPolyline
 90
2
 70
0
 10
-43.51571801057702
 20
143.0
 10
-1.3832736390332343
 20
143.0
  0
LWPOLYLINE
  5
6D1
330
17
100
AcDbEntity
  8
R1007
100
AcDbPolyline
 90
2
 70
0
 10
-44.20992862903847
 20
178.75
 10
-43.51571801057702
 20
143.0
  0
LWPOLYLINE
  5
6D2
330
17
100
AcDbEntity
  8
R1007
100
AcDbPolyline
 90
2
 70
0
 10
-1.3832736390332343
 20
143.0
 10
-2.077484257494689
 20
178.75
  0
LWPOLYLINE
  5
6D3
330
17
100
AcDbEntity
  8
R1007
100
AcDbPolyline
 90
2
 70
0
 10
-42.97577641844026
 20
107.25
 10
-0.843332046896478
 20
107.25
  0
LWPOLYLINE
  5
6D4
330
17
100
AcDbEntity
  8
R1007
100
AcDbPolyline
 90
2
 70
0
 10
-43.51571801057702
 20
143.0
 10
-42.97577641844026
 20
107.25
  0
LWPOLYLINE
  5
6D5
330
17
100
AcDbEntity
  8
R1007
100
AcDbPolyline
 90
2
 70
0
 10
-0.843332046896478
 20
107.25
 10
-1.3832736390332343
 20
143.0
  0
LWPOLYLINE
  5
6D6
330
17
100
AcDbEntity
  8
R1007
100
AcDbPolyline
 90
2
 70
0
 10
-42.590103852628374
 20
71.5
 10
-0.4576594810845904
 20
71.5
  0
LWPOLYLINE
  5
6D7
330
17
100
AcDbEntity
  8
R1007
100
AcDbPolyline
 90
2
 70
0
 10
-42.97577641844026
 20
107.25
 10
-42.590103852628374
 20
71.5
  0
LWPOLYLINE
  5
6D8
330
17
100
AcDbEntity
  8
R1007
100
AcDbPolyline
 90
2
 70
0
 10
-0.4576594810845904
 20
71.5
 10
-0.843332046896478
 20
107.25
  0
LWPOLYLINE
  5
6D9
330
17
100
AcDbEntity
  8
R1007
100
AcDbPolyline
 90
2
 70
0
 10
-42.35870031314124
 20
35.75
 10
-0.22625594159745788
 20
35.75
  0
LWPOLYLINE
  5
6DA
330
17
100
AcDbEntity
  8
R1007
100
AcDbPolyline
 90
2
 70
0
 10
-42.590103852628374
 20
71.5
 10
-42.35870031314124
 20
35.75
  0
LWPOLYLINE
  5
6DB
330
17
100
AcDbEntity
  8
R1007
100
AcDbPolyline
 90
2
 70
0
 10
-0.22625594159745788
 20
35.75
 10
-0.4576594810845904
 20
71.5
  0
LWPOLYLINE
  5
6DC
330
17
100
AcDbEntity
  8
R1007
100
AcDbPolyline
 90
2
 70
0
 10
-42.28156579997881
 20
0.0
 10
-0.14912142843502352
 20
0.0
  0
LWPOLYLINE
  5
6DD
330
17
100
AcDbEntity
  8
R1007
100
AcDbPolyline
 90
2
 70
0
 10
-42.35870031314124
 20
35.75
 10
-42.28156579997881
 20
0.0
  0
LWPOLYLINE
  5
6DE
330
17
100
AcDbEntity
  8
R1007
100
AcDbPolyline
 90
2
 70
0
 10
-0.14912142843502352
 20
0.0
 10
-0.22625594159745788
 20
35.75
  0
LWPOLYLINE
  5
6DF
330
17
100
AcDbEntity
  8
R1007
100
AcDbPolyline
 90
2
 70
0
 10
-42.35870031314124
 20
-35.75
 10
-0.22625594159745788
 20
-35.75
  0
LWPOLYLINE
  5
6E0
330
17
100
AcDbEntity
  8
R1007
100
AcDbPolyline
 90
2
 70
0
 10
-42.28156579997881
 20
0.0
 10
-42.35870031314124
 20
-35.75
  0
LWPOLYLINE
  5
6E1
330
17
100
AcDbEntity
  8
R1007
100
AcDbPolyline
 90
2
 70
0
 10
-0.22625594159745788
 20
-35.75
 10
-0.14912142843502352
 20
0.0
  0
LWPOLYLINE
  5
6E2
330
17
100
AcDbEntity
  8
R1007
100
AcDbPolyline
 90
2
 70
0
 10
-42.590103852628374
 20
-71.5
 10
-0.4576594810845904
 20
-71.5
  0
LWPOLYLINE
  5
6E3
330
17
100
AcDbEntity
  8
R1007
100
AcDbPolyline
 90
2
 70
0
 10
-42.35870031314124
 20
-35.75
 10
-42.590103852628374
 20
-71.5
  0
LWPOLYLINE
  5
6E4
330
17
100
AcDbEntity
  8
R1007
100
AcDbPolyline
 90
2
 70
0
 10
-0.4576594810845904
 20
-71.5
 10
-0.22625594159745788
 20
-35.75
  0
LWPOLYLINE
  5
6E5
330
17
100
AcDbEntity
  8
R1007
100
AcDbPolyline
 90
2
 70
0
 10
-42.97577641844026
 20
-107.25
 10
-0.843332046896478
 20
-107.25
  0
LWPOLYLINE
  5
6E6
330
17
100
AcDbEntity
  8
R1007
100
AcDbPolyline
 90
2
 70
0
 10
-42.590103852628374
 20
-71.5
 10
-42.97577641844026
 20
-107.25
  0
LWPOLYLINE
  5
6E7
330
17
100
AcDbEntity
  8
R1007
100
AcDbPolyline
 90
2
 70
0
 10
-0.843332046896478
 20
-107.25
 10
-0.4576594810845904
 20
-71.5
  0
LWPOLYLINE
  5
6E8
330
17
100
AcDbEntity
  8
R1007
100
AcDbPolyline
 90
2
 70
0
 10
-43.51571801057702
 20
-143.0
 10
-1.3832736390332343
 20
-143.0
  0
LWPOLYLINE
  5
6E9
330
17
100
AcDbEntity
  8
R1007
100
AcDbPolyline
 90
2
 70
0
 10
-42.97577641844026
 20
-107.25
 10
-43.51571801057702
 20
-143.0
  0
LWPOLYLINE
  5
6EA
330
17
100
AcDbEntity
  8
R1007
100
AcDbPolyline
 90
2
 70
0
 10
-1.3832736390332343
 20
-143.0
 10
-0.843332046896478
 20
-107.25
  0
LWPOLYLINE
  5
6EB
330
17
100
AcDbEntity
  8
R1007
100
AcDbPolyline
 90
2
 70
0
 10
-44.20992862903847
 20
-178.75
 10
-2.077484257494689
 20
-178.75
  0
LWPOLYLINE
  5
6EC
330
17
100
AcDbEntity
  8
R1007
100
AcDbPolyline
 90
2
 70
0
 10
-43.51571801057702
 20
-143.0
 10
-44.20992862903847
 20
-178.75
  0
LWPOLYLINE
  5
6ED
330
17
100
AcDbEntity
  8
R1007
100
AcDbPolyline
 90
2
 70
0
 10
-2.077484257494689
 20
-178.75
 10
-1.3832736390332343
 20
-143.0
  0
LWPOLYLINE
  5
6EE
330
17
100
AcDbEntity
  8
R1007
100
AcDbPolyline
 90
2
 70
0
 10
-45.05840827382468
 20
-214.5
 10
-2.9259639022808983
 20
-214.5
  0
LWPOLYLINE
  5
6EF
330
17
100
AcDbEntity
  8
R1007
100
AcDbPolyline
 90
2
 70
0
 10
-44.20992862903847
 20
-178.75
 10
-45.05840827382468
 20
-214.5
  0
LWPOLYLINE
  5
6F0
330
17
100
AcDbEntity
  8
R1007
100
AcDbPolyline
 90
2
 70
0
 10
-2.9259639022808983
 20
-214.5
 10
-2.077484257494689
 20
-178.75
  0
LWPOLYLINE
  5
6F1
330
17
100
AcDbEntity
  8
R1007
100
AcDbPolyline
 90
2
 70
0
 10
-46.0611569449357
 20
-250.25
 10
-3.9287125733919197
 20
-250.25
  0
LWPOLYLINE
  5
6F2
330
17
100
AcDbEntity
  8
R1007
100
AcDbPolyline
 90
2
 70
0
 10
-45.05840827382468
 20
-214.5
 10
-46.0611569449357
 20
-250.25
  0
LWPOLYLINE
  5
6F3
330
17
100
AcDbEntity
  8
R1007
100
AcDbPolyline
 90
2
 70
0
 10
-3.9287125733919197
 20
-250.25
 10
-2.9259639022808983
 20
-214.5
  0
LWPOLYLINE
  5
6F4
330
17
100
AcDbEntity
  8
R1007
100
AcDbPolyline
 90
2
 70
0
 10
-47.21817464237148
 20
-286.0
 10
-5.085730270827696
 20
-286.0
  0
LWPOLYLINE
  5
6F5
330
17
100
AcDbEntity
  8
R1007
100
AcDbPolyline
 90
2
 70
0
 10
-46.0611569449357
 20
-250.25
 10
-47.21817464237148
 20
-286.0
  0
LWPOLYLINE
  5
6F6
330
17
100
AcDbEntity
  8
R1007
100
AcDbPolyline
 90
2
 70
0
 10
-5.085730270827696
 20
-286.0
 10
-3.9287125733919197
 20
-250.25
  0
LWPOLYLINE
  5
6F7
330
17
100
AcDbEntity
  8
R1007
100
AcDbPolyline
 90
2
 70
0
 10
-48.52946136613201
 20
-321.75
 10
-6.397016994588228
 20
-321.75
  0
LWPOLYLINE
  5
6F8
330
17
100
AcDbEntity
  8
R1007
100
AcDbPolyline
 90
2
 70
0
 10
-47.21817464237148
 20
-286.0
 10
-48.52946136613201
 20
-321.75
  0
LWPOLYLINE
  5
6F9
330
17
100
AcDbEntity
  8
R1007
100
AcDbPolyline
 90
2
 70
0
 10
-6.397016994588228
 20
-321.75
 10
-5.085730270827696
 20
-286.0
  0
LWPOLYLINE
  5
6FA
330
17
100
AcDbEntity
  8
R1007
100
AcDbPolyline
 90
2
 70
0
 10
-49.9950171162173
 20
-357.5
 10
-7.862572744673514
 20
-357.5
  0
LWPOLYLINE
  5
6FB
330
17
100
AcDbEntity
  8
R1007
100
AcDbPolyline
 90
2
 70
0
 10
-48.52946136613201
 20
-321.75
 10
-49.9950171162173
 20
-357.5
  0
LWPOLYLINE
  5
6FC
330
17
100
AcDbEntity
  8
R1007
100
AcDbPolyline
 90
2
 70
0
 10
-7.862572744673514
 20
-357.5
 10
-6.397016994588228
 20
-321.75
  0
LWPOLYLINE
  5
6FD
330
17
100
AcDbEntity
  8
R1007
100
AcDbPolyline
 90
2
 70
0
 10
-49.9950171162173
 20
-357.5
 10
-55.78010560339618
 20
-357.5
  0
LWPOLYLINE
  5
6FE
330
17
100
AcDbEntity
  8
R1007
100
AcDbPolyline
 90
2
 70
0
 10
-13.647661231852396
 20
-357.5
 10
-7.862572744673514
 20
-357.5
  0
LWPOLYLINE
  5
700
330
17
100
AcDbEntity
  8
R200
100
AcDbPolyline
 90
2
 70
0
 10
-579.1985712512876
 20
-300.0
 10
-579.1985712512876
 20
300.0
  0
LWPOLYLINE
  5
701
330
17
100
AcDbEntity
  8
R200
100
AcDbPolyline
 90
2
 70
0
 10
-624.1937039293454
 20
-300.0
 10
-579.1985712512876
 20
-300.0
  0
LWPOLYLINE
  5
702
330
17
100
AcDbEntity
  8
R200
100
AcDbPolyline
 90
2
 70
0
 10
-579.1985712512876
 20
300.0
 10
-624.1937039293454
 20
300.0
  0
LWPOLYLINE
  5
703
330
17
100
AcDbEntity
  8
R200
100
AcDbPolyline
 90
2
 70
0
 10
-624.1937039293454
 20
300.0
 10
-624.1937039293454
 20
-300.0
  0
LWPOLYLINE
  5
704
330
17
100
AcDbEntity
  8
R200
100
AcDbPolyline
 90
16
 70
0
 10
-579.1985712512875
 20
-300.0
 10
-579.0936594609885
 20
-302.6132115816913
 10
-578.7800735256204
 20
-305.197792270444
 10
-578.261249158313
 20
-307.7254248593737
 10
-577.5428707074055
 20
-310.16841607689497
 10
-576.6328088775366
 20
-312.49999999999994
 10
-575.5410344965568
 20
-314.6946313073118
 10
-574.2795092730527
 20
-316.7282651589714
 10
-572.862054741364
 20
-318.57862063693483
 10
-571.3042008299615
 20
-320.2254248593736
 10
-569.6230157123003
 20
-321.65063509461095
 10
-567.8369188043403
 20
-322.838636441065
 10
-565.9654789575695
 20
-323.7764129073788
 10
-564.0292000585736
 20
-324.4536900183451
 10
-562.049296384162
 20
-324.8630473842068
 10
-560.0474601733131
 20
-325.0
  0
LWPOLYLINE
  5
705
330
17
100
AcDbEntity
  8
R200
100
AcDbPolyline
 90
16
 70
0
 10
-579.1985712512875
 20
300.0
 10
-579.0936594609885
 20
302.61321158169136
 10
-578.7800735256204
 20
305.197792270444
 10
-578.261249158313
 20
307.7254248593737
 10
-577.5428707074055
 20
310.16841607689497
 10
-576.6328088775365
 20
312.5
 10
-575.5410344965568
 20
314.69463130731185
 10
-574.2795092730526
 20
316.72826515897145
 10
-572.862054741364
 20
318.57862063693483
 10
-571.3042008299615
 20
320.2254248593737
 10
-569.6230157123003
 20
321.65063509461095
 10
-567.8369188043401
 20
322.83863644106503
 10
-565.9654789575695
 20
323.77641290737887
 10
-564.0292000585735
 20
324.4536900183451
 10
-562.0492963841618
 20
324.8630473842068
 10
-560.0474601733131
 20
325.0
  0
LWPOLYLINE
  5
706
330
17
100
AcDbEntity
  8
R200
100
AcDbPolyline
 90
2
 70
0
 10
-560.0474601733131
 20
-325.0
 10
37.46720545948966
 20
-325.0
  0
LWPOLYLINE
  5
707
330
17
100
AcDbEntity
  8
R200
100
AcDbPolyline
 90
2
 70
0
 10
37.46720545948966
 20
325.0
 10
-560.0474601733131
 20
325.0
  0
LWPOLYLINE
  5
708
330
17
100
AcDbEntity
  8
R200
100
AcDbPolyline
 90
16
 70
0
 10
56.61831653746411
 20
-300.0
 10
56.513404747165154
 20
-302.6132115816913
 10
56.19981881179699
 20
-305.197792270444
 10
55.68099444448957
 20
-307.7254248593737
 10
54.962615993582126
 20
-310.16841607689497
 10
54.05255416371314
 20
-312.49999999999994
 10
52.96077978273333
 20
-314.6946313073118
 10
51.6992545592292
 20
-316.7282651589714
 10
50.28180002754059
 20
-318.57862063693483
 10
48.723946116138094
 20
-320.2254248593736
 10
47.04276099847694
 20
-321.65063509461095
 10
45.25666409051682
 20
-322.838636441065
 10
43.38522424374616
 20
-323.7764129073788
 10
41.44894534475013
 20
-324.4536900183451
 10
39.46904167033855
 20
-324.8630473842068
 10
37.46720545948967
 20
-325.0
  0
LWPOLYLINE
  5
709
330
17
100
AcDbEntity
  8
R200
100
AcDbPolyline
 90
16
 70
0
 10
56.61831653746411
 20
300.0
 10
56.513404747165154
 20
302.61321158169136
 10
56.19981881179698
 20
305.197792270444
 10
55.68099444448957
 20
307.7254248593737
 10
54.96261599358212
 20
310.16841607689497
 10
54.052554163713125
 20
312.5
 10
52.96077978273331
 20
314.69463130731185
 10
51.69925455922918
 20
316.72826515897145
 10
50.28180002754055
 20
318.57862063693483
 10
48.723946116138045
 20
320.2254248593737
 10
47.04276099847688
 20
321.65063509461095
 10
45.25666409051675
 20
322.83863644106503
 10
43.38522424374607
 20
323.77641290737887
 10
41.44894534475004
 20
324.4536900183451
 10
39.46904167033845
 20
324.8630473842068
 10
37.467205459489655
 20
325.0
  0
LWPOLYLINE
  5
70A
330
17
100
AcDbEntity
  8
R200
100
AcDbPolyline
 90
2
 70
0
 10
56.618316537464125
 20
-300.0
 10
56.618316537464125
 20
300.0
  0
LWPOLYLINE
  5
70B
330
17
100
AcDbEntity
  8
R200
100
AcDbPolyline
 90
16
 70
0
 10
-624.1937039293452
 20
-300.0
 10
-624.0887921390463
 20
-302.6132115816913
 10
-623.7752062036782
 20
-305.197792270444
 10
-623.2563818363708
 20
-307.7254248593737
 10
-622.5380033854633
 20
-310.16841607689497
 10
-621.6279415555944
 20
-312.49999999999994
 10
-620.5361671746145
 20
-314.6946313073118
 10
-619.2746419511104
 20
-316.7282651589714
 10
-617.8571874194217
 20
-318.57862063693483
 10
-616.2993335080192
 20
-320.2254248593736
 10
-614.6181483903581
 20
-321.65063509461095
 10
-612.832051482398
 20
-322.838636441065
 10
-610.9606116356273
 20
-323.7764129073788
 10
-609.0243327366313
 20
-324.4536900183451
 10
-607.0444290622197
 20
-324.8630473842068
 10
-605.0425928513708
 20
-325.0
  0
LWPOLYLINE
  5
70C
330
17
100
AcDbEntity
  8
R200
100
AcDbPolyline
 90
2
 70
0
 10
-605.0425928513708
 20
-325.0
 10
-560.0474601733131
 20
-325.0
  0
LWPOLYLINE
  5
70D
330
17
100
AcDbEntity
  8
R200
100
AcDbPolyline
 90
16
 70
0
 10
-624.1937039293452
 20
300.0
 10
-624.0887921390463
 20
302.61321158169136
 10
-623.7752062036782
 20
305.197792270444
 10
-623.2563818363708
 20
307.7254248593737
 10
-622.5380033854633
 20
310.16841607689497
 10
-621.6279415555944
 20
312.5
 10
-620.5361671746145
 20
314.69463130731185
 10
-619.2746419511103
 20
316.72826515897145
 10
-617.8571874194217
 20
318.57862063693483
 10
-616.2993335080192
 20
320.2254248593737
 10
-614.6181483903581
 20
321.65063509461095
 10
-612.8320514823979
 20
322.83863644106503
 10
-610.9606116356273
 20
323.77641290737887
 10
-609.0243327366312
 20
324.4536900183451
 10
-607.0444290622196
 20
324.8630473842068
 10
-605.0425928513708
 20
325.0
  0
LWPOLYLINE
  5
70E
330
17
100
AcDbEntity
  8
R200
100
AcDbPolyline
 90
2
 70
0
 10
-560.0474601733131
 20
325.0
 10
-605.0425928513708
 20
325.0
  0
LWPOLYLINE
  5
70F
330
17
100
AcDbEntity
  8
R200
100
AcDbPolyline
 90
2
 70
0
 10
-7.527927218568038
 20
-325.0
 10
-605.0425928513708
 20
-325.0
  0
LWPOLYLINE
  5
710
330
17
100
AcDbEntity
  8
R200
100
AcDbPolyline
 90
2
 70
0
 10
-605.0425928513708
 20
325.0
 10
-7.527927218568038
 20
325.0
  0
LWPOLYLINE
  5
711
330
17
100
AcDbEntity
  8
R200
100
AcDbPolyline
 90
16
 70
0
 10
11.623183859406414
 20
-300.0
 10
11.51827206910745
 20
-302.6132115816913
 10
11.204686133739283
 20
-305.197792270444
 10
10.685861766431874
 20
-307.7254248593737
 10
9.967483315524426
 20
-310.16841607689497
 10
9.05742148565544
 20
-312.49999999999994
 10
7.965647104675634
 20
-314.6946313073118
 10
6.704121881171506
 20
-316.7282651589714
 10
5.28666734948289
 20
-318.57862063693483
 10
3.7288134380803974
 20
-320.2254248593736
 10
2.047628320419241
 20
-321.65063509461095
 10
0.2615314124591208
 20
-322.838636441065
 10
-1.6099084343115448
 20
-323.7764129073788
 10
-3.546187333307571
 20
-324.4536900183451
 10
-5.526091007719151
 20
-324.8630473842068
 10
-7.527927218568034
 20
-325.0
  0
LWPOLYLINE
  5
712
330
17
100
AcDbEntity
  8
R200
100
AcDbPolyline
 90
16
 70
0
 10
11.623183859406414
 20
300.0
 10
11.51827206910745
 20
302.61321158169136
 10
11.20468613373928
 20
305.197792270444
 10
10.68586176643187
 20
307.7254248593737
 10
9.967483315524422
 20
310.16841607689497
 10
9.057421485655425
 20
312.5
 10
7.965647104675613
 20
314.69463130731185
 10
6.70412188117148
 20
316.72826515897145
 10
5.286667349482849
 20
318.57862063693483
 10
3.728813438080346
 20
320.2254248593737
 10
2.0476283204191805
 20
321.65063509461095
 10
0.2615314124590489
 20
322.83863644106503
 10
-1.6099084343116283
 20
323.77641290737887
 10
-3.5461873333076657
 20
324.4536900183451
 10
-5.526091007719255
 20
324.8630473842068
 10
-7.527927218568045
 20
325.0
  0
LWPOLYLINE
  5
713
330
17
100
AcDbEntity
  8
R200
100
AcDbPolyline
 90
2
 70
0
 10
11.623183859406424
 20
300.0
 10
11.623183859406424
 20
-300.0
  0
LWPOLYLINE
  5
714
330
17
100
AcDbEntity
  8
R200
100
AcDbPolyline
 90
2
 70
0
 10
-7.527927218568038
 20
-325.0
 10
37.46720545948966
 20
-325.0
  0
LWPOLYLINE
  5
715
330
17
100
AcDbEntity
  8
R200
100
AcDbPolyline
 90
2
 70
0
 10
37.46720545948966
 20
325.0
 10
-7.527927218568038
 20
325.0
  0
LWPOLYLINE
  5
716
330
17
100
AcDbEntity
  8
R200
100
AcDbPolyline
 90
2
 70
0
 10
11.623183859406424
 20
-300.0
 10
56.618316537464125
 20
-300.0
  0
LWPOLYLINE
  5
717
330
17
100
AcDbEntity
  8
R200
100
AcDbPolyline
 90
2
 70
0
 10
56.618316537464125
 20
300.0
 10
11.623183859406424
 20
300.0
  0
LWPOLYLINE
  5
719
330
17
100
AcDbEntity
  8
S010
100
AcDbPolyline
 90
2
 70
0
 10
535.0
 20
-322.5
 10
15.0
 20
-322.5
  0
LWPOLYLINE
  5
71A
330
17
100
AcDbEntity
  8
S010
100
AcDbPolyline
 90
2
 70
0
 10
15.0
 20
-322.5
 10
535.0
 20
-322.5
  0
LWPOLYLINE
  5
71B
330
17
100
AcDbEntity
  8
S010
100
AcDbPolyline
 90
2
 70
0
 10
15.0
 20
-322.5
 10
15.0
 20
-322.5
  0
LWPOLYLINE
  5
71C
330
17
100
AcDbEntity
  8
S010
100
AcDbPolyline
 90
2
 70
0
 10
535.0
 20
-322.5
 10
535.0
 20
-322.5
  0
LWPOLYLINE
  5
71D
330
17
100
AcDbEntity
  8
S010
100
AcDbPolyline
 90
2
 70
0
 10
15.0
 20
-357.5
 10
535.0
 20
-357.5
  0
LWPOLYLINE
  5
71E
330
17
100
AcDbEntity
  8
S010
100
AcDbPolyline
 90
2
 70
0
 10
15.0
 20
-322.5
 10
15.0
 20
-357.5
  0
LWPOLYLINE
  5
71F
330
17
100
AcDbEntity
  8
S010
100
AcDbPolyline
 90
2
 70
0
 10
535.0
 20
-357.5
 10
535.0
 20
-322.5
  0
LWPOLYLINE
  5
720
330
17
100
AcDbEntity
  8
S010
100
AcDbPolyline
 90
2
 70
0
 10
15.0
 20
-357.5
 10
535.0
 20
-357.5
  0
LWPOLYLINE
  5
721
330
17
100
AcDbEntity
  8
S010
100
AcDbPolyline
 90
2
 70
0
 10
15.0
 20
-357.5
 10
15.0
 20
-357.5
  0
LWPOLYLINE
  5
722
330
17
100
AcDbEntity
  8
S010
100
AcDbPolyline
 90
2
 70
0
 10
535.0
 20
-357.5
 10
535.0
 20
-357.5
  0
LWPOLYLINE
  5
723
330
17
100
AcDbEntity
  8
S010
100
AcDbPolyline
 90
2
 70
0
 10
15.0
 20
-357.5
 10
15.0
 20
-322.5
  0
LWPOLYLINE
  5
724
330
17
100
AcDbEntity
  8
S010
100
AcDbPolyline
 90
2
 70
0
 10
535.0
 20
-322.5
 10
535.0
 20
-357.5
  0
LWPOLYLINE
  5
725
330
17
100
AcDbEntity
  8
S010
100
AcDbPolyline
 90
2
 70
0
 10
15.0
 20
-355.5
 10
535.0
 20
-355.5
  0
LWPOLYLINE
  5
726
330
17
100
AcDbEntity
  8
S010
100
AcDbPolyline
 90
2
 70
0
 10
535.0
 20
-324.5
 10
15.0
 20
-324.5
  0
LWPOLYLINE
  5
727
330
17
100
AcDbEntity
  8
S010
100
AcDbPolyline
 90
2
 70
0
 10
15.0
 20
-324.5
 10
15.0
 20
-355.5
  0
LWPOLYLINE
  5
728
330
17
100
AcDbEntity
  8
S010
100
AcDbPolyline
 90
2
 70
0
 10
535.0
 20
-355.5
 10
535.0
 20
-324.5
  0
LWPOLYLINE
  5
729
330
17
100
AcDbEntity
  8
S010
100
AcDbPolyline
 90
2
 70
0
 10
15.0
 20
-355.5
 10
535.0
 20
-355.5
  0
LWPOLYLINE
  5
72A
330
17
100
AcDbEntity
  8
S010
100
AcDbPolyline
 90
2
 70
0
 10
15.0
 20
-355.5
 10
15.0
 20
-355.5
  0
LWPOLYLINE
  5
72B
330
17
100
AcDbEntity
  8
S010
100
AcDbPolyline
 90
2
 70
0
 10
535.0
 20
-355.5
 10
535.0
 20
-355.5
  0
LWPOLYLINE
  5
72C
330
17
100
AcDbEntity
  8
S010
100
AcDbPolyline
 90
2
 70
0
 10
15.0
 20
-324.5
 10
535.0
 20
-324.5
  0
LWPOLYLINE
  5
72D
330
17
100
AcDbEntity
  8
S010
100
AcDbPolyline
 90
2
 70
0
 10
15.0
 20
-355.5
 10
15.0
 20
-324.5
  0
LWPOLYLINE
  5
72E
330
17
100
AcDbEntity
  8
S010
100
AcDbPolyline
 90
2
 70
0
 10
535.0
 20
-324.5
 10
535.0
 20
-355.5
  0
LWPOLYLINE
  5
72F
330
17
100
AcDbEntity
  8
S010
100
AcDbPolyline
 90
2
 70
0
 10
15.0
 20
-324.5
 10
15.0
 20
-324.5
  0
LWPOLYLINE
  5
730
330
17
100
AcDbEntity
  8
S010
100
AcDbPolyline
 90
2
 70
0
 10
535.0
 20
-324.5
 10
535.0
 20
-324.5
  0
LWPOLYLINE
  5
732
330
17
100
AcDbEntity
  8
S011
100
AcDbPolyline
 90
2
 70
0
 10
535.0
 20
357.5
 10
15.0
 20
357.5
  0
LWPOLYLINE
  5
733
330
17
100
AcDbEntity
  8
S011
100
AcDbPolyline
 90
2
 70
0
 10
15.0
 20
357.5
 10
535.0
 20
357.5
  0
LWPOLYLINE
  5
734
330
17
100
AcDbEntity
  8
S011
100
AcDbPolyline
 90
2
 70
0
 10
15.0
 20
357.5
 10
15.0
 20
357.5
  0
LWPOLYLINE
  5
735
330
17
100
AcDbEntity
  8
S011
100
AcDbPolyline
 90
2
 70
0
 10
535.0
 20
357.5
 10
535.0
 20
357.5
  0
LWPOLYLINE
  5
736
330
17
100
AcDbEntity
  8
S011
100
AcDbPolyline
 90
2
 70
0
 10
15.0
 20
322.5
 10
535.0
 20
322.5
  0
LWPOLYLINE
  5
737
330
17
100
AcDbEntity
  8
S011
100
AcDbPolyline
 90
2
 70
0
 10
15.0
 20
357.5
 10
15.0
 20
322.5
  0
LWPOLYLINE
  5
738
330
17
100
AcDbEntity
  8
S011
100
AcDbPolyline
 90
2
 70
0
 10
535.0
 20
322.5
 10
535.0
 20
357.5
  0
LWPOLYLINE
  5
739
330
17
100
AcDbEntity
  8
S011
100
AcDbPolyline
 90
2
 70
0
 10
15.0
 20
322.5
 10
535.0
 20
322.5
  0
LWPOLYLINE
  5
73A
330
17
100
AcDbEntity
  8
S011
100
AcDbPolyline
 90
2
 70
0
 10
15.0
 20
322.5
 10
15.0
 20
322.5
  0
LWPOLYLINE
  5
73B
330
17
100
AcDbEntity
  8
S011
100
AcDbPolyline
 90
2
 70
0
 10
535.0
 20
322.5
 10
535.0
 20
322.5
  0
LWPOLYLINE
  5
73C
330
17
100
AcDbEntity
  8
S011
100
AcDbPolyline
 90
2
 70
0
 10
15.0
 20
322.5
 10
15.0
 20
357.5
  0
LWPOLYLINE
  5
73D
330
17
100
AcDbEntity
  8
S011
100
AcDbPolyline
 90
2
 70
0
 10
535.0
 20
357.5
 10
535.0
 20
322.5
  0
LWPOLYLINE
  5
73E
330
17
100
AcDbEntity
  8
S011
100
AcDbPolyline
 90
2
 70
0
 10
15.0
 20
324.5
 10
535.0
 20
324.5
  0
LWPOLYLINE
  5
73F
330
17
100
AcDbEntity
  8
S011
100
AcDbPolyline
 90
2
 70
0
 10
535.0
 20
355.5
 10
15.0
 20
355.5
  0
LWPOLYLINE
  5
740
330
17
100
AcDbEntity
  8
S011
100
AcDbPolyline
 90
2
 70
0
 10
15.0
 20
355.5
 10
15.0
 20
324.5
  0
LWPOLYLINE
  5
741
330
17
100
AcDbEntity
  8
S011
100
AcDbPolyline
 90
2
 70
0
 10
535.0
 20
324.5
 10
535.0
 20
355.5
  0
LWPOLYLINE
  5
742
330
17
100
AcDbEntity
  8
S011
100
AcDbPolyline
 90
2
 70
0
 10
15.0
 20
324.5
 10
535.0
 20
324.5
  0
LWPOLYLINE
  5
743
330
17
100
AcDbEntity
  8
S011
100
AcDbPolyline
 90
2
 70
0
 10
15.0
 20
324.5
 10
15.0
 20
324.5
  0
LWPOLYLINE
  5
744
330
17
100
AcDbEntity
  8
S011
100
AcDbPolyline
 90
2
 70
0
 10
535.0
 20
324.5
 10
535.0
 20
324.5
  0
LWPOLYLINE
  5
745
330
17
100
AcDbEntity
  8
S011
100
AcDbPolyline
 90
2
 70
0
 10
15.0
 20
355.5
 10
535.0
 20
355.5
  0
LWPOLYLINE
  5
746
330
17
100
AcDbEntity
  8
S011
100
AcDbPolyline
 90
2
 70
0
 10
15.0
 20
324.5
 10
15.0
 20
355.5
  0
LWPOLYLINE
  5
747
330
17
100
AcDbEntity
  8
S011
100
AcDbPolyline
 90
2
 70
0
 10
535.0
 20
355.5
 10
535.0
 20
324.5
  0
LWPOLYLINE
  5
748
330
17
100
AcDbEntity
  8
S011
100
AcDbPolyline
 90
2
 70
0
 10
15.0
 20
355.5
 10
15.0
 20
355.5
  0
LWPOLYLINE
  5
749
330
17
100
AcDbEntity
  8
S011
100
AcDbPolyline
 90
2
 70
0
 10
535.0
 20
355.5
 10
535.0
 20
355.5
  0
LWPOLYLINE
  5
74B
330
17
100
AcDbEntity
  8
S020
100
AcDbPolyline
 90
2
 70
0
 10
12.5
 20
322.5
 10
12.5
 20
-322.5
  0
LWPOLYLINE
  5
74C
330
17
100
AcDbEntity
  8
S020
100
AcDbPolyline
 90
2
 70
0
 10
12.5
 20
-322.5
 10
12.5
 20
322.5
  0
LWPOLYLINE
  5
74D
330
17
100
AcDbEntity
  8
S020
100
AcDbPolyline
 90
2
 70
0
 10
12.5
 20
-322.5
 10
12.5
 20
-322.5
  0
LWPOLYLINE
  5
74E
330
17
100
AcDbEntity
  8
S020
100
AcDbPolyline
 90
2
 70
0
 10
12.5
 20
322.5
 10
12.5
 20
322.5
  0
LWPOLYLINE
  5
74F
330
17
100
AcDbEntity
  8
S020
100
AcDbPolyline
 90
2
 70
0
 10
47.5
 20
-322.5
 10
47.5
 20
322.5
  0
LWPOLYLINE
  5
750
330
17
100
AcDbEntity
  8
S020
100
AcDbPolyline
 90
2
 70
0
 10
12.5
 20
-322.5
 10
47.5
 20
-322.5
  0
LWPOLYLINE
  5
751
330
17
100
AcDbEntity
  8
S020
100
AcDbPolyline
 90
2
 70
0
 10
47.5
 20
322.5
 10
12.5
 20
322.5
  0
LWPOLYLINE
  5
752
330
17
100
AcDbEntity
  8
S020
100
AcDbPolyline
 90
2
 70
0
 10
47.5
 20
-322.5
 10
47.5
 20
322.5
  0
LWPOLYLINE
  5
753
330
17
100
AcDbEntity
  8
S020
100
AcDbPolyline
 90
2
 70
0
 10
47.5
 20
-322.5
 10
47.5
 20
-322.5
  0
LWPOLYLINE
  5
754
330
17
100
AcDbEntity
  8
S020
100
AcDbPolyline
 90
2
 70
0
 10
47.5
 20
322.5
 10
47.5
 20
322.5
  0
LWPOLYLINE
  5
755
330
17
100
AcDbEntity
  8
S020
100
AcDbPolyline
 90
2
 70
0
 10
47.5
 20
-322.5
 10
12.5
 20
-322.5
  0
LWPOLYLINE
  5
756
330
17
100
AcDbEntity
  8
S020
100
AcDbPolyline
 90
2
 70
0
 10
12.5
 20
322.5
 10
47.5
 20
322.5
  0
LWPOLYLINE
  5
757
330
17
100
AcDbEntity
  8
S020
100
AcDbPolyline
 90
2
 70
0
 10
45.5
 20
-322.5
 10
45.5
 20
322.5
  0
LWPOLYLINE
  5
758
330
17
100
AcDbEntity
  8
S020
100
AcDbPolyline
 90
2
 70
0
 10
14.5
 20
322.5
 10
14.5
 20
-322.5
  0
LWPOLYLINE
  5
759
330
17
100
AcDbEntity
  8
S020
100
AcDbPolyline
 90
2
 70
0
 10
14.5
 20
-322.5
 10
45.5
 20
-322.5
  0
LWPOLYLINE
  5
75A
330
17
100
AcDbEntity
  8
S020
100
AcDbPolyline
 90
2
 70
0
 10
45.5
 20
322.5
 10
14.5
 20
322.5
  0
LWPOLYLINE
  5
75B
330
17
100
AcDbEntity
  8
S020
100
AcDbPolyline
 90
2
 70
0
 10
45.5
 20
-322.5
 10
45.5
 20
322.5
  0
LWPOLYLINE
  5
75C
330
17
100
AcDbEntity
  8
S020
100
AcDbPolyline
 90
2
 70
0
 10
45.5
 20
-322.5
 10
45.5
 20
-322.5
  0
LWPOLYLINE
  5
75D
330
17
100
AcDbEntity
  8
S020
100
AcDbPolyline
 90
2
 70
0
 10
45.5
 20
322.5
 10
45.5
 20
322.5
  0
LWPOLYLINE
  5
75E
330
17
100
AcDbEntity
  8
S020
100
AcDbPolyline
 90
2
 70
0
 10
14.5
 20
-322.5
 10
14.5
 20
322.5
  0
LWPOLYLINE
  5
75F
330
17
100
AcDbEntity
  8
S020
100
AcDbPolyline
 90
2
 70
0
 10
45.5
 20
-322.5
 10
14.5
 20
-322.5
  0
LWPOLYLINE
  5
760
330
17
100
AcDbEntity
  8
S020
100
AcDbPolyline
 90
2
 70
0
 10
14.5
 20
322.5
 10
45.5
 20
322.5
  0
LWPOLYLINE
  5
761
330
17
100
AcDbEntity
  8
S020
100
AcDbPolyline
 90
2
 70
0
 10
14.5
 20
-322.5
 10
14.5
 20
-322.5
  0
LWPOLYLINE
  5
762
330
17
100
AcDbEntity
  8
S020
100
AcDbPolyline
 90
2
 70
0
 10
14.5
 20
322.5
 10
14.5
 20
322.5
  0
LWPOLYLINE
  5
764
330
17
100
AcDbEntity
  8
S021
100
AcDbPolyline
 90
2
 70
0
 10
502.5
 20
322.5
 10
502.5
 20
-322.5
  0
LWPOLYLINE
  5
765
330
17
100
AcDbEntity
  8
S021
100
AcDbPolyline
 90
2
 70
0
 10
502.5
 20
-322.5
 10
502.5
 20
322.5
  0
LWPOLYLINE
  5
766
330
17
100
AcDbEntity
  8
S021
100
AcDbPolyline
 90
2
 70
0
 10
502.5
 20
-322.5
 10
502.5
 20
-322.5
  0
LWPOLYLINE
  5
767
330
17
100
AcDbEntity
  8
S021
100
AcDbPolyline
 90
2
 70
0
 10
502.5
 20
322.5
 10
502.5
 20
322.5
  0
LWPOLYLINE
  5
768
330
17
100
AcDbEntity
  8
S021
100
AcDbPolyline
 90
2
 70
0
 10
537.5
 20
-322.5
 10
537.5
 20
322.5
  0
LWPOLYLINE
  5
769
330
17
100
AcDbEntity
  8
S021
100
AcDbPolyline
 90
2
 70
0
 10
502.5
 20
-322.5
 10
537.5
 20
-322.5
  0
LWPOLYLINE
  5
76A
330
17
100
AcDbEntity
  8
S021
100
AcDbPolyline
 90
2
 70
0
 10
537.5
 20
322.5
 10
502.5
 20
322.5
  0
LWPOLYLINE
  5
76B
330
17
100
AcDbEntity
  8
S021
100
AcDbPolyline
 90
2
 70
0
 10
537.5
 20
-322.5
 10
537.5
 20
322.5
  0
LWPOLYLINE
  5
76C
330
17
100
AcDbEntity
  8
S021
100
AcDbPolyline
 90
2
 70
0
 10
537.5
 20
-322.5
 10
537.5
 20
-322.5
  0
LWPOLYLINE
  5
76D
330
17
100
AcDbEntity
  8
S021
100
AcDbPolyline
 90
2
 70
0
 10
537.5
 20
322.5
 10
537.5
 20
322.5
  0
LWPOLYLINE
  5
76E
330
17
100
AcDbEntity
  8
S021
100
AcDbPolyline
 90
2
 70
0
 10
537.5
 20
-322.5
 10
502.5
 20
-322.5
  0
LWPOLYLINE
  5
76F
330
17
100
AcDbEntity
  8
S021
100
AcDbPolyline
 90
2
 70
0
 10
502.5
 20
322.5
 10
537.5
 20
322.5
  0
LWPOLYLINE
  5
770
330
17
100
AcDbEntity
  8
S021
100
AcDbPolyline
 90
2
 70
0
 10
535.5
 20
-322.5
 10
535.5
 20
322.5
  0
LWPOLYLINE
  5
771
330
17
100
AcDbEntity
  8
S021
100
AcDbPolyline
 90
2
 70
0
 10
504.5
 20
322.5
 10
504.5
 20
-322.5
  0
LWPOLYLINE
  5
772
330
17
100
AcDbEntity
  8
S021
100
AcDbPolyline
 90
2
 70
0
 10
504.5
 20
-322.5
 10
535.5
 20
-322.5
  0
LWPOLYLINE
  5
773
330
17
100
AcDbEntity
  8
S021
100
AcDbPolyline
 90
2
 70
0
 10
535.5
 20
322.5
 10
504.5
 20
322.5
  0
LWPOLYLINE
  5
774
330
17
100
AcDbEntity
  8
S021
100
AcDbPolyline
 90
2
 70
0
 10
535.5
 20
-322.5
 10
535.5
 20
322.5
  0
LWPOLYLINE
  5
775
330
17
100
AcDbEntity
  8
S021
100
AcDbPolyline
 90
2
 70
0
 10
535.5
 20
-322.5
 10
535.5
 20
-322.5
  0
LWPOLYLINE
  5
776
330
17
100
AcDbEntity
  8
S021
100
AcDbPolyline
 90
2
 70
0
 10
535.5
 20
322.5
 10
535.5
 20
322.5
  0
LWPOLYLINE
  5
777
330
17
100
AcDbEntity
  8
S021
100
AcDbPolyline
 90
2
 70
0
 10
504.5
 20
-322.5
 10
504.5
 20
322.5
  0
LWPOLYLINE
  5
778
330
17
100
AcDbEntity
  8
S021
100
AcDbPolyline
 90
2
 70
0
 10
535.5
 20
-322.5
 10
504.5
 20
-322.5
  0
LWPOLYLINE
  5
779
330
17
100
AcDbEntity
  8
S021
100
AcDbPolyline
 90
2
 70
0
 10
504.5
 20
322.5
 10
535.5
 20
322.5
  0
LWPOLYLINE
  5
77A
330
17
100
AcDbEntity
  8
S021
100
AcDbPolyline
 90
2
 70
0
 10
504.5
 20
-322.5
 10
504.5
 20
-322.5
  0
LWPOLYLINE
  5
77B
330
17
100
AcDbEntity
  8
S021
100
AcDbPolyline
 90
2
 70
0
 10
504.5
 20
322.5
 10
504.5
 20
322.5
  0
LWPOLYLINE
  5
77D
330
17
100
AcDbEntity
  8
S1000
100
AcDbPolyline
 90
2
 70
0
 10
87.5
 20
-357.5
 10
32.5
 20
-357.5
  0
LWPOLYLINE
  5
77E
330
17
100
AcDbEntity
  8
S1000
100
AcDbPolyline
 90
2
 70
0
 10
32.5
 20
-321.75
 10
87.5
 20
-321.75
  0
LWPOLYLINE
  5
77F
330
17
100
AcDbEntity
  8
S1000
100
AcDbPolyline
 90
2
 70
0
 10
32.5
 20
-357.5
 10
32.5
 20
-321.75
  0
LWPOLYLINE
  5
780
330
17
100
AcDbEntity
  8
S1000
100
AcDbPolyline
 90
2
 70
0
 10
87.5
 20
-321.75
 10
87.5
 20
-357.5
  0
LWPOLYLINE
  5
781
330
17
100
AcDbEntity
  8
S1000
100
AcDbPolyline
 90
2
 70
0
 10
32.5
 20
-286.0
 10
87.5
 20
-286.0
  0
LWPOLYLINE
  5
782
330
17
100
AcDbEntity
  8
S1000
100
AcDbPolyline
 90
2
 70
0
 10
32.5
 20
-321.75
 10
32.5
 20
-286.0
  0
LWPOLYLINE
  5
783
330
17
100
AcDbEntity
  8
S1000
100
AcDbPolyline
 90
2
 70
0
 10
87.5
 20
-286.0
 10
87.5
 20
-321.75
  0
LWPOLYLINE
  5
784
330
17
100
AcDbEntity
  8
S1000
100
AcDbPolyline
 90
2
 70
0
 10
32.5
 20
-250.25
 10
87.5
 20
-250.25
  0
LWPOLYLINE
  5
785
330
17
100
AcDbEntity
  8
S1000
100
AcDbPolyline
 90
2
 70
0
 10
32.5
 20
-286.0
 10
32.5
 20
-250.25
  0
LWPOLYLINE
  5
786
330
17
100
AcDbEntity
  8
S1000
100
AcDbPolyline
 90
2
 70
0
 10
87.5
 20
-250.25
 10
87.5
 20
-286.0
  0
LWPOLYLINE
  5
787
330
17
100
AcDbEntity
  8
S1000
100
AcDbPolyline
 90
2
 70
0
 10
32.5
 20
-214.5
 10
87.5
 20
-214.5
  0
LWPOLYLINE
  5
788
330
17
100
AcDbEntity
  8
S1000
100
AcDbPolyline
 90
2
 70
0
 10
32.5
 20
-250.25
 10
32.5
 20
-214.5
  0
LWPOLYLINE
  5
789
330
17
100
AcDbEntity
  8
S1000
100
AcDbPolyline
 90
2
 70
0
 10
87.5
 20
-214.5
 10
87.5
 20
-250.25
  0
LWPOLYLINE
  5
78A
330
17
100
AcDbEntity
  8
S1000
100
AcDbPolyline
 90
2
 70
0
 10
32.5
 20
-178.75
 10
87.5
 20
-178.75
  0
LWPOLYLINE
  5
78B
330
17
100
AcDbEntity
  8
S1000
100
AcDbPolyline
 90
2
 70
0
 10
32.5
 20
-214.5
 10
32.5
 20
-178.75
  0
LWPOLYLINE
  5
78C
330
17
100
AcDbEntity
  8
S1000
100
AcDbPolyline
 90
2
 70
0
 10
87.5
 20
-178.75
 10
87.5
 20
-214.5
  0
LWPOLYLINE
  5
78D
330
17
100
AcDbEntity
  8
S1000
100
AcDbPolyline
 90
2
 70
0
 10
32.5
 20
-143.0
 10
87.5
 20
-143.0
  0
LWPOLYLINE
  5
78E
330
17
100
AcDbEntity
  8
S1000
100
AcDbPolyline
 90
2
 70
0
 10
32.5
 20
-178.75
 10
32.5
 20
-143.0
  0
LWPOLYLINE
  5
78F
330
17
100
AcDbEntity
  8
S1000
100
AcDbPolyline
 90
2
 70
0
 10
87.5
 20
-143.0
 10
87.5
 20
-178.75
  0
LWPOLYLINE
  5
790
330
17
100
AcDbEntity
  8
S1000
100
AcDbPolyline
 90
2
 70
0
 10
32.5
 20
-107.25
 10
87.5
 20
-107.25
  0
LWPOLYLINE
  5
791
330
17
100
AcDbEntity
  8
S1000
100
AcDbPolyline
 90
2
 70
0
 10
32.5
 20
-143.0
 10
32.5
 20
-107.25
  0
LWPOLYLINE
  5
792
330
17
100
AcDbEntity
  8
S1000
100
AcDbPolyline
 90
2
 70
0
 10
87.5
 20
-107.25
 10
87.5
 20
-143.0
  0
LWPOLYLINE
  5
793
330
17
100
AcDbEntity
  8
S1000
100
AcDbPolyline
 90
2
 70
0
 10
32.5
 20
-71.5
 10
87.5
 20
-71.5
  0
LWPOLYLINE
  5
794
330
17
100
AcDbEntity
  8
S1000
100
AcDbPolyline
 90
2
 70
0
 10
32.5
 20
-107.25
 10
32.5
 20
-71.5
  0
LWPOLYLINE
  5
795
330
17
100
AcDbEntity
  8
S1000
100
AcDbPolyline
 90
2
 70
0
 10
87.5
 20
-71.5
 10
87.5
 20
-107.25
  0
LWPOLYLINE
  5
796
330
17
100
AcDbEntity
  8
S1000
100
AcDbPolyline
 90
2
 70
0
 10
32.5
 20
-35.75
 10
87.5
 20
-35.75
  0
LWPOLYLINE
  5
797
330
17
100
AcDbEntity
  8
S1000
100
AcDbPolyline
 90
2
 70
0
 10
32.5
 20
-71.5
 10
32.5
 20
-35.75
  0
LWPOLYLINE
  5
798
330
17
100
AcDbEntity
  8
S1000
100
AcDbPolyline
 90
2
 70
0
 10
87.5
 20
-35.75
 10
87.5
 20
-71.5
  0
LWPOLYLINE
  5
799
330
17
100
AcDbEntity
  8
S1000
100
AcDbPolyline
 90
2
 70
0
 10
32.5
 20
0.0
 10
87.5
 20
0.0
  0
LWPOLYLINE
  5
79A
330
17
100
AcDbEntity
  8
S1000
100
AcDbPolyline
 90
2
 70
0
 10
32.5
 20
-35.75
 10
32.5
 20
0.0
  0
LWPOLYLINE
  5
79B
330
17
100
AcDbEntity
  8
S1000
100
AcDbPolyline
 90
2
 70
0
 10
87.5
 20
0.0
 10
87.5
 20
-35.75
  0
LWPOLYLINE
  5
79C
330
17
100
AcDbEntity
  8
S1000
100
AcDbPolyline
 90
2
 70
0
 10
32.5
 20
35.75
 10
87.5
 20
35.75
  0
LWPOLYLINE
  5
79D
330
17
100
AcDbEntity
  8
S1000
100
AcDbPolyline
 90
2
 70
0
 10
32.5
 20
0.0
 10
32.5
 20
35.75
  0
LWPOLYLINE
  5
79E
330
17
100
AcDbEntity
  8
S1000
100
AcDbPolyline
 90
2
 70
0
 10
87.5
 20
35.75
 10
87.5
 20
0.0
  0
LWPOLYLINE
  5
79F
330
17
100
AcDbEntity
  8
S1000
100
AcDbPolyline
 90
2
 70
0
 10
32.5
 20
71.5
 10
87.5
 20
71.5
  0
LWPOLYLINE
  5
7A0
330
17
100
AcDbEntity
  8
S1000
100
AcDbPolyline
 90
2
 70
0
 10
32.5
 20
35.75
 10
32.5
 20
71.5
  0
LWPOLYLINE
  5
7A1
330
17
100
AcDbEntity
  8
S1000
100
AcDbPolyline
 90
2
 70
0
 10
87.5
 20
71.5
 10
87.5
 20
35.75
  0
LWPOLYLINE
  5
7A2
330
17
100
AcDbEntity
  8
S1000
100
AcDbPolyline
 90
2
 70
0
 10
32.5
 20
107.25
 10
87.5
 20
107.25
  0
LWPOLYLINE
  5
7A3
330
17
100
AcDbEntity
  8
S1000
100
AcDbPolyline
 90
2
 70
0
 10
32.5
 20
71.5
 10
32.5
 20
107.25
  0
LWPOLYLINE
  5
7A4
330
17
100
AcDbEntity
  8
S1000
100
AcDbPolyline
 90
2
 70
0
 10
87.5
 20
107.25
 10
87.5
 20
71.5
  0
LWPOLYLINE
  5
7A5
330
17
100
AcDbEntity
  8
S1000
100
AcDbPolyline
 90
2
 70
0
 10
32.5
 20
143.0
 10
87.5
 20
143.0
  0
LWPOLYLINE
  5
7A6
330
17
100
AcDbEntity
  8
S1000
100
AcDbPolyline
 90
2
 70
0
 10
32.5
 20
107.25
 10
32.5
 20
143.0
  0
LWPOLYLINE
  5
7A7
330
17
100
AcDbEntity
  8
S1000
100
AcDbPolyline
 90
2
 70
0
 10
87.5
 20
143.0
 10
87.5
 20
107.25
  0
LWPOLYLINE
  5
7A8
330
17
100
AcDbEntity
  8
S1000
100
AcDbPolyline
 90
2
 70
0
 10
32.5
 20
178.75
 10
87.5
 20
178.75
  0
LWPOLYLINE
  5
7A9
330
17
100
AcDbEntity
  8
S1000
100
AcDbPolyline
 90
2
 70
0
 10
32.5
 20
143.0
 10
32.5
 20
178.75
  0
LWPOLYLINE
  5
7AA
330
17
100
AcDbEntity
  8
S1000
100
AcDbPolyline
 90
2
 70
0
 10
87.5
 20
178.75
 10
87.5
 20
143.0
  0
LWPOLYLINE
  5
7AB
330
17
100
AcDbEntity
  8
S1000
100
AcDbPolyline
 90
2
 70
0
 10
32.5
 20
214.5
 10
87.5
 20
214.5
  0
LWPOLYLINE
  5
7AC
330
17
100
AcDbEntity
  8
S1000
100
AcDbPolyline
 90
2
 70
0
 10
32.5
 20
178.75
 10
32.5
 20
214.5
  0
LWPOLYLINE
  5
7AD
330
17
100
AcDbEntity
  8
S1000
100
AcDbPolyline
 90
2
 70
0
 10
87.5
 20
214.5
 10
87.5
 20
178.75
  0
LWPOLYLINE
  5
7AE
330
17
100
AcDbEntity
  8
S1000
100
AcDbPolyline
 90
2
 70
0
 10
32.5
 20
250.25
 10
87.5
 20
250.25
  0
LWPOLYLINE
  5
7AF
330
17
100
AcDbEntity
  8
S1000
100
AcDbPolyline
 90
2
 70
0
 10
32.5
 20
214.5
 10
32.5
 20
250.25
  0
LWPOLYLINE
  5
7B0
330
17
100
AcDbEntity
  8
S1000
100
AcDbPolyline
 90
2
 70
0
 10
87.5
 20
250.25
 10
87.5
 20
214.5
  0
LWPOLYLINE
  5
7B1
330
17
100
AcDbEntity
  8
S1000
100
AcDbPolyline
 90
2
 70
0
 10
32.5
 20
286.0
 10
87.5
 20
286.0
  0
LWPOLYLINE
  5
7B2
330
17
100
AcDbEntity
  8
S1000
100
AcDbPolyline
 90
2
 70
0
 10
32.5
 20
250.25
 10
32.5
 20
286.0
  0
LWPOLYLINE
  5
7B3
330
17
100
AcDbEntity
  8
S1000
100
AcDbPolyline
 90
2
 70
0
 10
87.5
 20
286.0
 10
87.5
 20
250.25
  0
LWPOLYLINE
  5
7B4
330
17
100
AcDbEntity
  8
S1000
100
AcDbPolyline
 90
2
 70
0
 10
32.5
 20
321.75
 10
87.5
 20
321.75
  0
LWPOLYLINE
  5
7B5
330
17
100
AcDbEntity
  8
S1000
100
AcDbPolyline
 90
2
 70
0
 10
32.5
 20
286.0
 10
32.5
 20
321.75
  0
LWPOLYLINE
  5
7B6
330
17
100
AcDbEntity
  8
S1000
100
AcDbPolyline
 90
2
 70
0
 10
87.5
 20
321.75
 10
87.5
 20
286.0
  0
LWPOLYLINE
  5
7B7
330
17
100
AcDbEntity
  8
S1000
100
AcDbPolyline
 90
2
 70
0
 10
32.5
 20
357.5
 10
87.5
 20
357.5
  0
LWPOLYLINE
  5
7B8
330
17
100
AcDbEntity
  8
S1000
100
AcDbPolyline
 90
2
 70
0
 10
32.5
 20
321.75
 10
32.5
 20
357.5
  0
LWPOLYLINE
  5
7B9
330
17
100
AcDbEntity
  8
S1000
100
AcDbPolyline
 90
2
 70
0
 10
87.5
 20
357.5
 10
87.5
 20
321.75
  0
LWPOLYLINE
  5
7BA
330
17
100
AcDbEntity
  8
S1000
100
AcDbPolyline
 90
2
 70
0
 10
32.5
 20
357.5
 10
87.5
 20
357.5
  0
LWPOLYLINE
  5
7BB
330
17
100
AcDbEntity
  8
S1000
100
AcDbPolyline
 90
2
 70
0
 10
32.5
 20
357.5
 10
32.5
 20
357.5
  0
LWPOLYLINE
  5
7BC
330
17
100
AcDbEntity
  8
S1000
100
AcDbPolyline
 90
2
 70
0
 10
87.5
 20
357.5
 10
87.5
 20
357.5
  0
LWPOLYLINE
  5
7BD
330
17
100
AcDbEntity
  8
S1000
100
AcDbPolyline
 90
2
 70
0
 10
32.5
 20
321.75
 10
87.5
 20
321.75
  0
LWPOLYLINE
  5
7BE
330
17
100
AcDbEntity
  8
S1000
100
AcDbPolyline
 90
2
 70
0
 10
32.5
 20
357.5
 10
32.5
 20
321.75
  0
LWPOLYLINE
  5
7BF
330
17
100
AcDbEntity
  8
S1000
100
AcDbPolyline
 90
2
 70
0
 10
87.5
 20
321.75
 10
87.5
 20
357.5
  0
LWPOLYLINE
  5
7C0
330
17
100
AcDbEntity
  8
S1000
100
AcDbPolyline
 90
2
 70
0
 10
32.5
 20
286.0
 10
87.5
 20
286.0
  0
LWPOLYLINE
  5
7C1
330
17
100
AcDbEntity
  8
S1000
100
AcDbPolyline
 90
2
 70
0
 10
32.5
 20
321.75
 10
32.5
 20
286.0
  0
LWPOLYLINE
  5
7C2
330
17
100
AcDbEntity
  8
S1000
100
AcDbPolyline
 90
2
 70
0
 10
87.5
 20
286.0
 10
87.5
 20
321.75
  0
LWPOLYLINE
  5
7C3
330
17
100
AcDbEntity
  8
S1000
100
AcDbPolyline
 90
2
 70
0
 10
32.5
 20
250.25
 10
87.5
 20
250.25
  0
LWPOLYLINE
  5
7C4
330
17
100
AcDbEntity
  8
S1000
100
AcDbPolyline
 90
2
 70
0
 10
32.5
 20
286.0
 10
32.5
 20
250.25
  0
LWPOLYLINE
  5
7C5
330
17
100
AcDbEntity
  8
S1000
100
AcDbPolyline
 90
2
 70
0
 10
87.5
 20
250.25
 10
87.5
 20
286.0
  0
LWPOLYLINE
  5
7C6
330
17
100
AcDbEntity
  8
S1000
100
AcDbPolyline
 90
2
 70
0
 10
32.5
 20
214.5
 10
87.5
 20
214.5
  0
LWPOLYLINE
  5
7C7
330
17
100
AcDbEntity
  8
S1000
100
AcDbPolyline
 90
2
 70
0
 10
32.5
 20
250.25
 10
32.5
 20
214.5
  0
LWPOLYLINE
  5
7C8
330
17
100
AcDbEntity
  8
S1000
100
AcDbPolyline
 90
2
 70
0
 10
87.5
 20
214.5
 10
87.5
 20
250.25
  0
LWPOLYLINE
  5
7C9
330
17
100
AcDbEntity
  8
S1000
100
AcDbPolyline
 90
2
 70
0
 10
32.5
 20
178.75
 10
87.5
 20
178.75
  0
LWPOLYLINE
  5
7CA
330
17
100
AcDbEntity
  8
S1000
100
AcDbPolyline
 90
2
 70
0
 10
32.5
 20
214.5
 10
32.5
 20
178.75
  0
LWPOLYLINE
  5
7CB
330
17
100
AcDbEntity
  8
S1000
100
AcDbPolyline
 90
2
 70
0
 10
87.5
 20
178.75
 10
87.5
 20
214.5
  0
LWPOLYLINE
  5
7CC
330
17
100
AcDbEntity
  8
S1000
100
AcDbPolyline
 90
2
 70
0
 10
32.5
 20
143.0
 10
87.5
 20
143.0
  0
LWPOLYLINE
  5
7CD
330
17
100
AcDbEntity
  8
S1000
100
AcDbPolyline
 90
2
 70
0
 10
32.5
 20
178.75
 10
32.5
 20
143.0
  0
LWPOLYLINE
  5
7CE
330
17
100
AcDbEntity
  8
S1000
100
AcDbPolyline
 90
2
 70
0
 10
87.5
 20
143.0
 10
87.5
 20
178.75
  0
LWPOLYLINE
  5
7CF
330
17
100
AcDbEntity
  8
S1000
100
AcDbPolyline
 90
2
 70
0
 10
32.5
 20
107.25
 10
87.5
 20
107.25
  0
LWPOLYLINE
  5
7D0
330
17
100
AcDbEntity
  8
S1000
100
AcDbPolyline
 90
2
 70
0
 10
32.5
 20
143.0
 10
32.5
 20
107.25
  0
LWPOLYLINE
  5
7D1
330
17
100
AcDbEntity
  8
S1000
100
AcDbPolyline
 90
2
 70
0
 10
87.5
 20
107.25
 10
87.5
 20
143.0
  0
LWPOLYLINE
  5
7D2
330
17
100
AcDbEntity
  8
S1000
100
AcDbPolyline
 90
2
 70
0
 10
32.5
 20
71.5
 10
87.5
 20
71.5
  0
LWPOLYLINE
  5
7D3
330
17
100
AcDbEntity
  8
S1000
100
AcDbPolyline
 90
2
 70
0
 10
32.5
 20
107.25
 10
32.5
 20
71.5
  0
LWPOLYLINE
  5
7D4
330
17
100
AcDbEntity
  8
S1000
100
AcDbPolyline
 90
2
 70
0
 10
87.5
 20
71.5
 10
87.5
 20
107.25
  0
LWPOLYLINE
  5
7D5
330
17
100
AcDbEntity
  8
S1000
100
AcDbPolyline
 90
2
 70
0
 10
32.5
 20
35.75
 10
87.5
 20
35.75
  0
LWPOLYLINE
  5
7D6
330
17
100
AcDbEntity
  8
S1000
100
AcDbPolyline
 90
2
 70
0
 10
32.5
 20
71.5
 10
32.5
 20
35.75
  0
LWPOLYLINE
  5
7D7
330
17
100
AcDbEntity
  8
S1000
100
AcDbPolyline
 90
2
 70
0
 10
87.5
 20
35.75
 10
87.5
 20
71.5
  0
LWPOLYLINE
  5
7D8
330
17
100
AcDbEntity
  8
S1000
100
AcDbPolyline
 90
2
 70
0
 10
32.5
 20
0.0
 10
87.5
 20
0.0
  0
LWPOLYLINE
  5
7D9
330
17
100
AcDbEntity
  8
S1000
100
AcDbPolyline
 90
2
 70
0
 10
32.5
 20
35.75
 10
32.5
 20
0.0
  0
LWPOLYLINE
  5
7DA
330
17
100
AcDbEntity
  8
S1000
100
AcDbPolyline
 90
2
 70
0
 10
87.5
 20
0.0
 10
87.5
 20
35.75
  0
LWPOLYLINE
  5
7DB
330
17
100
AcDbEntity
  8
S1000
100
AcDbPolyline
 90
2
 70
0
 10
32.5
 20
-35.75
 10
87.5
 20
-35.75
  0
LWPOLYLINE
  5
7DC
330
17
100
AcDbEntity
  8
S1000
100
AcDbPolyline
 90
2
 70
0
 10
32.5
 20
0.0
 10
32.5
 20
-35.75
  0
LWPOLYLINE
  5
7DD
330
17
100
AcDbEntity
  8
S1000
100
AcDbPolyline
 90
2
 70
0
 10
87.5
 20
-35.75
 10
87.5
 20
0.0
  0
LWPOLYLINE
  5
7DE
330
17
100
AcDbEntity
  8
S1000
100
AcDbPolyline
 90
2
 70
0
 10
32.5
 20
-71.5
 10
87.5
 20
-71.5
  0
LWPOLYLINE
  5
7DF
330
17
100
AcDbEntity
  8
S1000
100
AcDbPolyline
 90
2
 70
0
 10
32.5
 20
-35.75
 10
32.5
 20
-71.5
  0
LWPOLYLINE
  5
7E0
330
17
100
AcDbEntity
  8
S1000
100
AcDbPolyline
 90
2
 70
0
 10
87.5
 20
-71.5
 10
87.5
 20
-35.75
  0
LWPOLYLINE
  5
7E1
330
17
100
AcDbEntity
  8
S1000
100
AcDbPolyline
 90
2
 70
0
 10
32.5
 20
-107.25
 10
87.5
 20
-107.25
  0
LWPOLYLINE
  5
7E2
330
17
100
AcDbEntity
  8
S1000
100
AcDbPolyline
 90
2
 70
0
 10
32.5
 20
-71.5
 10
32.5
 20
-107.25
  0
LWPOLYLINE
  5
7E3
330
17
100
AcDbEntity
  8
S1000
100
AcDbPolyline
 90
2
 70
0
 10
87.5
 20
-107.25
 10
87.5
 20
-71.5
  0
LWPOLYLINE
  5
7E4
330
17
100
AcDbEntity
  8
S1000
100
AcDbPolyline
 90
2
 70
0
 10
32.5
 20
-143.0
 10
87.5
 20
-143.0
  0
LWPOLYLINE
  5
7E5
330
17
100
AcDbEntity
  8
S1000
100
AcDbPolyline
 90
2
 70
0
 10
32.5
 20
-107.25
 10
32.5
 20
-143.0
  0
LWPOLYLINE
  5
7E6
330
17
100
AcDbEntity
  8
S1000
100
AcDbPolyline
 90
2
 70
0
 10
87.5
 20
-143.0
 10
87.5
 20
-107.25
  0
LWPOLYLINE
  5
7E7
330
17
100
AcDbEntity
  8
S1000
100
AcDbPolyline
 90
2
 70
0
 10
32.5
 20
-178.75
 10
87.5
 20
-178.75
  0
LWPOLYLINE
  5
7E8
330
17
100
AcDbEntity
  8
S1000
100
AcDbPolyline
 90
2
 70
0
 10
32.5
 20
-143.0
 10
32.5
 20
-178.75
  0
LWPOLYLINE
  5
7E9
330
17
100
AcDbEntity
  8
S1000
100
AcDbPolyline
 90
2
 70
0
 10
87.5
 20
-178.75
 10
87.5
 20
-143.0
  0
LWPOLYLINE
  5
7EA
330
17
100
AcDbEntity
  8
S1000
100
AcDbPolyline
 90
2
 70
0
 10
32.5
 20
-214.5
 10
87.5
 20
-214.5
  0
LWPOLYLINE
  5
7EB
330
17
100
AcDbEntity
  8
S1000
100
AcDbPolyline
 90
2
 70
0
 10
32.5
 20
-178.75
 10
32.5
 20
-214.5
  0
LWPOLYLINE
  5
7EC
330
17
100
AcDbEntity
  8
S1000
100
AcDbPolyline
 90
2
 70
0
 10
87.5
 20
-214.5
 10
87.5
 20
-178.75
  0
LWPOLYLINE
  5
7ED
330
17
100
AcDbEntity
  8
S1000
100
AcDbPolyline
 90
2
 70
0
 10
32.5
 20
-250.25
 10
87.5
 20
-250.25
  0
LWPOLYLINE
  5
7EE
330
17
100
AcDbEntity
  8
S1000
100
AcDbPolyline
 90
2
 70
0
 10
32.5
 20
-214.5
 10
32.5
 20
-250.25
  0
LWPOLYLINE
  5
7EF
330
17
100
AcDbEntity
  8
S1000
100
AcDbPolyline
 90
2
 70
0
 10
87.5
 20
-250.25
 10
87.5
 20
-214.5
  0
LWPOLYLINE
  5
7F0
330
17
100
AcDbEntity
  8
S1000
100
AcDbPolyline
 90
2
 70
0
 10
32.5
 20
-286.0
 10
87.5
 20
-286.0
  0
LWPOLYLINE
  5
7F1
330
17
100
AcDbEntity
  8
S1000
100
AcDbPolyline
 90
2
 70
0
 10
32.5
 20
-250.25
 10
32.5
 20
-286.0
  0
LWPOLYLINE
  5
7F2
330
17
100
AcDbEntity
  8
S1000
100
AcDbPolyline
 90
2
 70
0
 10
87.5
 20
-286.0
 10
87.5
 20
-250.25
  0
LWPOLYLINE
  5
7F3
330
17
100
AcDbEntity
  8
S1000
100
AcDbPolyline
 90
2
 70
0
 10
32.5
 20
-321.75
 10
87.5
 20
-321.75
  0
LWPOLYLINE
  5
7F4
330
17
100
AcDbEntity
  8
S1000
100
AcDbPolyline
 90
2
 70
0
 10
32.5
 20
-286.0
 10
32.5
 20
-321.75
  0
LWPOLYLINE
  5
7F5
330
17
100
AcDbEntity
  8
S1000
100
AcDbPolyline
 90
2
 70
0
 10
87.5
 20
-321.75
 10
87.5
 20
-286.0
  0
LWPOLYLINE
  5
7F6
330
17
100
AcDbEntity
  8
S1000
100
AcDbPolyline
 90
2
 70
0
 10
32.5
 20
-357.5
 10
87.5
 20
-357.5
  0
LWPOLYLINE
  5
7F7
330
17
100
AcDbEntity
  8
S1000
100
AcDbPolyline
 90
2
 70
0
 10
32.5
 20
-321.75
 10
32.5
 20
-357.5
  0
LWPOLYLINE
  5
7F8
330
17
100
AcDbEntity
  8
S1000
100
AcDbPolyline
 90
2
 70
0
 10
87.5
 20
-357.5
 10
87.5
 20
-321.75
  0
LWPOLYLINE
  5
7F9
330
17
100
AcDbEntity
  8
S1000
100
AcDbPolyline
 90
2
 70
0
 10
32.5
 20
-357.5
 10
32.5
 20
-357.5
  0
LWPOLYLINE
  5
7FA
330
17
100
AcDbEntity
  8
S1000
100
AcDbPolyline
 90
2
 70
0
 10
87.5
 20
-357.5
 10
87.5
 20
-357.5
  0
LWPOLYLINE
  5
7FC
330
17
100
AcDbEntity
  8
S1001
100
AcDbPolyline
 90
2
 70
0
 10
195.0
 20
-357.5
 10
140.0
 20
-357.5
  0
LWPOLYLINE
  5
7FD
330
17
100
AcDbEntity
  8
S1001
100
AcDbPolyline
 90
2
 70
0
 10
140.0
 20
-321.75
 10
195.0
 20
-321.75
  0
LWPOLYLINE
  5
7FE
330
17
100
AcDbEntity
  8
S1001
100
AcDbPolyline
 90
2
 70
0
 10
140.0
 20
-357.5
 10
140.0
 20
-321.75
  0
LWPOLYLINE
  5
7FF
330
17
100
AcDbEntity
  8
S1001
100
AcDbPolyline
 90
2
 70
0
 10
195.0
 20
-321.75
 10
195.0
 20
-357.5
  0
LWPOLYLINE
  5
800
330
17
100
AcDbEntity
  8
S1001
100
AcDbPolyline
 90
2
 70
0
 10
140.0
 20
-286.0
 10
195.0
 20
-286.0
  0
LWPOLYLINE
  5
801
330
17
100
AcDbEntity
  8
S1001
100
AcDbPolyline
 90
2
 70
0
 10
140.0
 20
-321.75
 10
140.0
 20
-286.0
  0
LWPOLYLINE
  5
802
330
17
100
AcDbEntity
  8
S1001
100
AcDbPolyline
 90
2
 70
0
 10
195.0
 20
-286.0
 10
195.0
 20
-321.75
  0
LWPOLYLINE
  5
803
330
17
100
AcDbEntity
  8
S1001
100
AcDbPolyline
 90
2
 70
0
 10
140.0
 20
-250.25
 10
195.0
 20
-250.25
  0
LWPOLYLINE
  5
804
330
17
100
AcDbEntity
  8
S1001
100
AcDbPolyline
 90
2
 70
0
 10
140.0
 20
-286.0
 10
140.0
 20
-250.25
  0
LWPOLYLINE
  5
805
330
17
100
AcDbEntity
  8
S1001
100
AcDbPolyline
 90
2
 70
0
 10
195.0
 20
-250.25
 10
195.0
 20
-286.0
  0
LWPOLYLINE
  5
806
330
17
100
AcDbEntity
  8
S1001
100
AcDbPolyline
 90
2
 70
0
 10
140.0
 20
-214.5
 10
195.0
 20
-214.5
  0
LWPOLYLINE
  5
807
330
17
100
AcDbEntity
  8
S1001
100
AcDbPolyline
 90
2
 70
0
 10
140.0
 20
-250.25
 10
140.0
 20
-214.5
  0
LWPOLYLINE
  5
808
330
17
100
AcDbEntity
  8
S1001
100
AcDbPolyline
 90
2
 70
0
 10
195.0
 20
-214.5
 10
195.0
 20
-250.25
  0
LWPOLYLINE
  5
809
330
17
100
AcDbEntity
  8
S1001
100
AcDbPolyline
 90
2
 70
0
 10
140.0
 20
-178.75
 10
195.0
 20
-178.75
  0
LWPOLYLINE
  5
80A
330
17
100
AcDbEntity
  8
S1001
100
AcDbPolyline
 90
2
 70
0
 10
140.0
 20
-214.5
 10
140.0
 20
-178.75
  0
LWPOLYLINE
  5
80B
330
17
100
AcDbEntity
  8
S1001
100
AcDbPolyline
 90
2
 70
0
 10
195.0
 20
-178.75
 10
195.0
 20
-214.5
  0
LWPOLYLINE
  5
80C
330
17
100
AcDbEntity
  8
S1001
100
AcDbPolyline
 90
2
 70
0
 10
140.0
 20
-143.0
 10
195.0
 20
-143.0
  0
LWPOLYLINE
  5
80D
330
17
100
AcDbEntity
  8
S1001
100
AcDbPolyline
 90
2
 70
0
 10
140.0
 20
-178.75
 10
140.0
 20
-143.0
  0
LWPOLYLINE
  5
80E
330
17
100
AcDbEntity
  8
S1001
100
AcDbPolyline
 90
2
 70
0
 10
195.0
 20
-143.0
 10
195.0
 20
-178.75
  0
LWPOLYLINE
  5
80F
330
17
100
AcDbEntity
  8
S1001
100
AcDbPolyline
 90
2
 70
0
 10
140.0
 20
-107.25
 10
195.0
 20
-107.25
  0
LWPOLYLINE
  5
810
330
17
100
AcDbEntity
  8
S1001
100
AcDbPolyline
 90
2
 70
0
 10
140.0
 20
-143.0
 10
140.0
 20
-107.25
  0
LWPOLYLINE
  5
811
330
17
100
AcDbEntity
  8
S1001
100
AcDbPolyline
 90
2
 70
0
 10
195.0
 20
-107.25
 10
195.0
 20
-143.0
  0
LWPOLYLINE
  5
812
330
17
100
AcDbEntity
  8
S1001
100
AcDbPolyline
 90
2
 70
0
 10
140.0
 20
-71.5
 10
195.0
 20
-71.5
  0
LWPOLYLINE
  5
813
330
17
100
AcDbEntity
  8
S1001
100
AcDbPolyline
 90
2
 70
0
 10
140.0
 20
-107.25
 10
140.0
 20
-71.5
  0
LWPOLYLINE
  5
814
330
17
100
AcDbEntity
  8
S1001
100
AcDbPolyline
 90
2
 70
0
 10
195.0
 20
-71.5
 10
195.0
 20
-107.25
  0
LWPOLYLINE
  5
815
330
17
100
AcDbEntity
  8
S1001
100
AcDbPolyline
 90
2
 70
0
 10
140.0
 20
-35.75
 10
195.0
 20
-35.75
  0
LWPOLYLINE
  5
816
330
17
100
AcDbEntity
  8
S1001
100
AcDbPolyline
 90
2
 70
0
 10
140.0
 20
-71.5
 10
140.0
 20
-35.75
  0
LWPOLYLINE
  5
817
330
17
100
AcDbEntity
  8
S1001
100
AcDbPolyline
 90
2
 70
0
 10
195.0
 20
-35.75
 10
195.0
 20
-71.5
  0
LWPOLYLINE
  5
818
330
17
100
AcDbEntity
  8
S1001
100
AcDbPolyline
 90
2
 70
0
 10
140.0
 20
0.0
 10
195.0
 20
0.0
  0
LWPOLYLINE
  5
819
330
17
100
AcDbEntity
  8
S1001
100
AcDbPolyline
 90
2
 70
0
 10
140.0
 20
-35.75
 10
140.0
 20
0.0
  0
LWPOLYLINE
  5
81A
330
17
100
AcDbEntity
  8
S1001
100
AcDbPolyline
 90
2
 70
0
 10
195.0
 20
0.0
 10
195.0
 20
-35.75
  0
LWPOLYLINE
  5
81B
330
17
100
AcDbEntity
  8
S1001
100
AcDbPolyline
 90
2
 70
0
 10
140.0
 20
35.75
 10
195.0
 20
35.75
  0
LWPOLYLINE
  5
81C
330
17
100
AcDbEntity
  8
S1001
100
AcDbPolyline
 90
2
 70
0
 10
140.0
 20
0.0
 10
140.0
 20
35.75
  0
LWPOLYLINE
  5
81D
330
17
100
AcDbEntity
  8
S1001
100
AcDbPolyline
 90
2
 70
0
 10
195.0
 20
35.75
 10
195.0
 20
0.0
  0
LWPOLYLINE
  5
81E
330
17
100
AcDbEntity
  8
S1001
100
AcDbPolyline
 90
2
 70
0
 10
140.0
 20
71.5
 10
195.0
 20
71.5
  0
LWPOLYLINE
  5
81F
330
17
100
AcDbEntity
  8
S1001
100
AcDbPolyline
 90
2
 70
0
 10
140.0
 20
35.75
 10
140.0
 20
71.5
  0
LWPOLYLINE
  5
820
330
17
100
AcDbEntity
  8
S1001
100
AcDbPolyline
 90
2
 70
0
 10
195.0
 20
71.5
 10
195.0
 20
35.75
  0
LWPOLYLINE
  5
821
330
17
100
AcDbEntity
  8
S1001
100
AcDbPolyline
 90
2
 70
0
 10
140.0
 20
107.25
 10
195.0
 20
107.25
  0
LWPOLYLINE
  5
822
330
17
100
AcDbEntity
  8
S1001
100
AcDbPolyline
 90
2
 70
0
 10
140.0
 20
71.5
 10
140.0
 20
107.25
  0
LWPOLYLINE
  5
823
330
17
100
AcDbEntity
  8
S1001
100
AcDbPolyline
 90
2
 70
0
 10
195.0
 20
107.25
 10
195.0
 20
71.5
  0
LWPOLYLINE
  5
824
330
17
100
AcDbEntity
  8
S1001
100
AcDbPolyline
 90
2
 70
0
 10
140.0
 20
143.0
 10
195.0
 20
143.0
  0
LWPOLYLINE
  5
825
330
17
100
AcDbEntity
  8
S1001
100
AcDbPolyline
 90
2
 70
0
 10
140.0
 20
107.25
 10
140.0
 20
143.0
  0
LWPOLYLINE
  5
826
330
17
100
AcDbEntity
  8
S1001
100
AcDbPolyline
 90
2
 70
0
 10
195.0
 20
143.0
 10
195.0
 20
107.25
  0
LWPOLYLINE
  5
827
330
17
100
AcDbEntity
  8
S1001
100
AcDbPolyline
 90
2
 70
0
 10
140.0
 20
178.75
 10
195.0
 20
178.75
  0
LWPOLYLINE
  5
828
330
17
100
AcDbEntity
  8
S1001
100
AcDbPolyline
 90
2
 70
0
 10
140.0
 20
143.0
 10
140.0
 20
178.75
  0
LWPOLYLINE
  5
829
330
17
100
AcDbEntity
  8
S1001
100
AcDbPolyline
 90
2
 70
0
 10
195.0
 20
178.75
 10
195.0
 20
143.0
  0
LWPOLYLINE
  5
82A
330
17
100
AcDbEntity
  8
S1001
100
AcDbPolyline
 90
2
 70
0
 10
140.0
 20
214.5
 10
195.0
 20
214.5
  0
LWPOLYLINE
  5
82B
330
17
100
AcDbEntity
  8
S1001
100
AcDbPolyline
 90
2
 70
0
 10
140.0
 20
178.75
 10
140.0
 20
214.5
  0
LWPOLYLINE
  5
82C
330
17
100
AcDbEntity
  8
S1001
100
AcDbPolyline
 90
2
 70
0
 10
195.0
 20
214.5
 10
195.0
 20
178.75
  0
LWPOLYLINE
  5
82D
330
17
100
AcDbEntity
  8
S1001
100
AcDbPolyline
 90
2
 70
0
 10
140.0
 20
250.25
 10
195.0
 20
250.25
  0
LWPOLYLINE
  5
82E
330
17
100
AcDbEntity
  8
S1001
100
AcDbPolyline
 90
2
 70
0
 10
140.0
 20
214.5
 10
140.0
 20
250.25
  0
LWPOLYLINE
  5
82F
330
17
100
AcDbEntity
  8
S1001
100
AcDbPolyline
 90
2
 70
0
 10
195.0
 20
250.25
 10
195.0
 20
214.5
  0
LWPOLYLINE
  5
830
330
17
100
AcDbEntity
  8
S1001
100
AcDbPolyline
 90
2
 70
0
 10
140.0
 20
286.0
 10
195.0
 20
286.0
  0
LWPOLYLINE
  5
831
330
17
100
AcDbEntity
  8
S1001
100
AcDbPolyline
 90
2
 70
0
 10
140.0
 20
250.25
 10
140.0
 20
286.0
  0
LWPOLYLINE
  5
832
330
17
100
AcDbEntity
  8
S1001
100
AcDbPolyline
 90
2
 70
0
 10
195.0
 20
286.0
 10
195.0
 20
250.25
  0
LWPOLYLINE
  5
833
330
17
100
AcDbEntity
  8
S1001
100
AcDbPolyline
 90
2
 70
0
 10
140.0
 20
321.75
 10
195.0
 20
321.75
  0
LWPOLYLINE
  5
834
330
17
100
AcDbEntity
  8
S1001
100
AcDbPolyline
 90
2
 70
0
 10
140.0
 20
286.0
 10
140.0
 20
321.75
  0
LWPOLYLINE
  5
835
330
17
100
AcDbEntity
  8
S1001
100
AcDbPolyline
 90
2
 70
0
 10
195.0
 20
321.75
 10
195.0
 20
286.0
  0
LWPOLYLINE
  5
836
330
17
100
AcDbEntity
  8
S1001
100
AcDbPolyline
 90
2
 70
0
 10
140.0
 20
357.5
 10
195.0
 20
357.5
  0
LWPOLYLINE
  5
837
330
17
100
AcDbEntity
  8
S1001
100
AcDbPolyline
 90
2
 70
0
 10
140.0
 20
321.75
 10
140.0
 20
357.5
  0
LWPOLYLINE
  5
838
330
17
100
AcDbEntity
  8
S1001
100
AcDbPolyline
 90
2
 70
0
 10
195.0
 20
357.5
 10
195.0
 20
321.75
  0
LWPOLYLINE
  5
839
330
17
100
AcDbEntity
  8
S1001
100
AcDbPolyline
 90
2
 70
0
 10
140.0
 20
357.5
 10
195.0
 20
357.5
  0
LWPOLYLINE
  5
83A
330
17
100
AcDbEntity
  8
S1001
100
AcDbPolyline
 90
2
 70
0
 10
140.0
 20
357.5
 10
140.0
 20
357.5
  0
LWPOLYLINE
  5
83B
330
17
100
AcDbEntity
  8
S1001
100
AcDbPolyline
 90
2
 70
0
 10
195.0
 20
357.5
 10
195.0
 20
357.5
  0
LWPOLYLINE
  5
83C
330
17
100
AcDbEntity
  8
S1001
100
AcDbPolyline
 90
2
 70
0
 10
140.0
 20
321.75
 10
195.0
 20
321.75
  0
LWPOLYLINE
  5
83D
330
17
100
AcDbEntity
  8
S1001
100
AcDbPolyline
 90
2
 70
0
 10
140.0
 20
357.5
 10
140.0
 20
321.75
  0
LWPOLYLINE
  5
83E
330
17
100
AcDbEntity
  8
S1001
100
AcDbPolyline
 90
2
 70
0
 10
195.0
 20
321.75
 10
195.0
 20
357.5
  0
LWPOLYLINE
  5
83F
330
17
100
AcDbEntity
  8
S1001
100
AcDbPolyline
 90
2
 70
0
 10
140.0
 20
286.0
 10
195.0
 20
286.0
  0
LWPOLYLINE
  5
840
330
17
100
AcDbEntity
  8
S1001
100
AcDbPolyline
 90
2
 70
0
 10
140.0
 20
321.75
 10
140.0
 20
286.0
  0
LWPOLYLINE
  5
841
330
17
100
AcDbEntity
  8
S1001
100
AcDbPolyline
 90
2
 70
0
 10
195.0
 20
286.0
 10
195.0
 20
321.75
  0
LWPOLYLINE
  5
842
330
17
100
AcDbEntity
  8
S1001
100
AcDbPolyline
 90
2
 70
0
 10
140.0
 20
250.25
 10
195.0
 20
250.25
  0
LWPOLYLINE
  5
843
330
17
100
AcDbEntity
  8
S1001
100
AcDbPolyline
 90
2
 70
0
 10
140.0
 20
286.0
 10
140.0
 20
250.25
  0
LWPOLYLINE
  5
844
330
17
100
AcDbEntity
  8
S1001
100
AcDbPolyline
 90
2
 70
0
 10
195.0
 20
250.25
 10
195.0
 20
286.0
  0
LWPOLYLINE
  5
845
330
17
100
AcDbEntity
  8
S1001
100
AcDbPolyline
 90
2
 70
0
 10
140.0
 20
214.5
 10
195.0
 20
214.5
  0
LWPOLYLINE
  5
846
330
17
100
AcDbEntity
  8
S1001
100
AcDbPolyline
 90
2
 70
0
 10
140.0
 20
250.25
 10
140.0
 20
214.5
  0
LWPOLYLINE
  5
847
330
17
100
AcDbEntity
  8
S1001
100
AcDbPolyline
 90
2
 70
0
 10
195.0
 20
214.5
 10
195.0
 20
250.25
  0
LWPOLYLINE
  5
848
330
17
100
AcDbEntity
  8
S1001
100
AcDbPolyline
 90
2
 70
0
 10
140.0
 20
178.75
 10
195.0
 20
178.75
  0
LWPOLYLINE
  5
849
330
17
100
AcDbEntity
  8
S1001
100
AcDbPolyline
 90
2
 70
0
 10
140.0
 20
214.5
 10
140.0
 20
178.75
  0
LWPOLYLINE
  5
84A
330
17
100
AcDbEntity
  8
S1001
100
AcDbPolyline
 90
2
 70
0
 10
195.0
 20
178.75
 10
195.0
 20
214.5
  0
LWPOLYLINE
  5
84B
330
17
100
AcDbEntity
  8
S1001
100
AcDbPolyline
 90
2
 70
0
 10
140.0
 20
143.0
 10
195.0
 20
143.0
  0
LWPOLYLINE
  5
84C
330
17
100
AcDbEntity
  8
S1001
100
AcDbPolyline
 90
2
 70
0
 10
140.0
 20
178.75
 10
140.0
 20
143.0
  0
LWPOLYLINE
  5
84D
330
17
100
AcDbEntity
  8
S1001
100
AcDbPolyline
 90
2
 70
0
 10
195.0
 20
143.0
 10
195.0
 20
178.75
  0
LWPOLYLINE
  5
84E
330
17
100
AcDbEntity
  8
S1001
100
AcDbPolyline
 90
2
 70
0
 10
140.0
 20
107.25
 10
195.0
 20
107.25
  0
LWPOLYLINE
  5
84F
330
17
100
AcDbEntity
  8
S1001
100
AcDbPolyline
 90
2
 70
0
 10
140.0
 20
143.0
 10
140.0
 20
107.25
  0
LWPOLYLINE
  5
850
330
17
100
AcDbEntity
  8
S1001
100
AcDbPolyline
 90
2
 70
0
 10
195.0
 20
107.25
 10
195.0
 20
143.0
  0
LWPOLYLINE
  5
851
330
17
100
AcDbEntity
  8
S1001
100
AcDbPolyline
 90
2
 70
0
 10
140.0
 20
71.5
 10
195.0
 20
71.5
  0
LWPOLYLINE
  5
852
330
17
100
AcDbEntity
  8
S1001
100
AcDbPolyline
 90
2
 70
0
 10
140.0
 20
107.25
 10
140.0
 20
71.5
  0
LWPOLYLINE
  5
853
330
17
100
AcDbEntity
  8
S1001
100
AcDbPolyline
 90
2
 70
0
 10
195.0
 20
71.5
 10
195.0
 20
107.25
  0
LWPOLYLINE
  5
854
330
17
100
AcDbEntity
  8
S1001
100
AcDbPolyline
 90
2
 70
0
 10
140.0
 20
35.75
 10
195.0
 20
35.75
  0
LWPOLYLINE
  5
855
330
17
100
AcDbEntity
  8
S1001
100
AcDbPolyline
 90
2
 70
0
 10
140.0
 20
71.5
 10
140.0
 20
35.75
  0
LWPOLYLINE
  5
856
330
17
100
AcDbEntity
  8
S1001
100
AcDbPolyline
 90
2
 70
0
 10
195.0
 20
35.75
 10
195.0
 20
71.5
  0
LWPOLYLINE
  5
857
330
17
100
AcDbEntity
  8
S1001
100
AcDbPolyline
 90
2
 70
0
 10
140.0
 20
0.0
 10
195.0
 20
0.0
  0
LWPOLYLINE
  5
858
330
17
100
AcDbEntity
  8
S1001
100
AcDbPolyline
 90
2
 70
0
 10
140.0
 20
35.75
 10
140.0
 20
0.0
  0
LWPOLYLINE
  5
859
330
17
100
AcDbEntity
  8
S1001
100
AcDbPolyline
 90
2
 70
0
 10
195.0
 20
0.0
 10
195.0
 20
35.75
  0
LWPOLYLINE
  5
85A
330
17
100
AcDbEntity
  8
S1001
100
AcDbPolyline
 90
2
 70
0
 10
140.0
 20
-35.75
 10
195.0
 20
-35.75
  0
LWPOLYLINE
  5
85B
330
17
100
AcDbEntity
  8
S1001
100
AcDbPolyline
 90
2
 70
0
 10
140.0
 20
0.0
 10
140.0
 20
-35.75
  0
LWPOLYLINE
  5
85C
330
17
100
AcDbEntity
  8
S1001
100
AcDbPolyline
 90
2
 70
0
 10
195.0
 20
-35.75
 10
195.0
 20
0.0
  0
LWPOLYLINE
  5
85D
330
17
100
AcDbEntity
  8
S1001
100
AcDbPolyline
 90
2
 70
0
 10
140.0
 20
-71.5
 10
195.0
 20
-71.5
  0
LWPOLYLINE
  5
85E
330
17
100
AcDbEntity
  8
S1001
100
AcDbPolyline
 90
2
 70
0
 10
140.0
 20
-35.75
 10
140.0
 20
-71.5
  0
LWPOLYLINE
  5
85F
330
17
100
AcDbEntity
  8
S1001
100
AcDbPolyline
 90
2
 70
0
 10
195.0
 20
-71.5
 10
195.0
 20
-35.75
  0
LWPOLYLINE
  5
860
330
17
100
AcDbEntity
  8
S1001
100
AcDbPolyline
 90
2
 70
0
 10
140.0
 20
-107.25
 10
195.0
 20
-107.25
  0
LWPOLYLINE
  5
861
330
17
100
AcDbEntity
  8
S1001
100
AcDbPolyline
 90
2
 70
0
 10
140.0
 20
-71.5
 10
140.0
 20
-107.25
  0
LWPOLYLINE
  5
862
330
17
100
AcDbEntity
  8
S1001
100
AcDbPolyline
 90
2
 70
0
 10
195.0
 20
-107.25
 10
195.0
 20
-71.5
  0
LWPOLYLINE
  5
863
330
17
100
AcDbEntity
  8
S1001
100
AcDbPolyline
 90
2
 70
0
 10
140.0
 20
-143.0
 10
195.0
 20
-143.0
  0
LWPOLYLINE
  5
864
330
17
100
AcDbEntity
  8
S1001
100
AcDbPolyline
 90
2
 70
0
 10
140.0
 20
-107.25
 10
140.0
 20
-143.0
  0
LWPOLYLINE
  5
865
330
17
100
AcDbEntity
  8
S1001
100
AcDbPolyline
 90
2
 70
0
 10
195.0
 20
-143.0
 10
195.0
 20
-107.25
  0
LWPOLYLINE
  5
866
330
17
100
AcDbEntity
  8
S1001
100
AcDbPolyline
 90
2
 70
0
 10
140.0
 20
-178.75
 10
195.0
 20
-178.75
  0
LWPOLYLINE
  5
867
330
17
100
AcDbEntity
  8
S1001
100
AcDbPolyline
 90
2
 70
0
 10
140.0
 20
-143.0
 10
140.0
 20
-178.75
  0
LWPOLYLINE
  5
868
330
17
100
AcDbEntity
  8
S1001
100
AcDbPolyline
 90
2
 70
0
 10
195.0
 20
-178.75
 10
195.0
 20
-143.0
  0
LWPOLYLINE
  5
869
330
17
100
AcDbEntity
  8
S1001
100
AcDbPolyline
 90
2
 70
0
 10
140.0
 20
-214.5
 10
195.0
 20
-214.5
  0
LWPOLYLINE
  5
86A
330
17
100
AcDbEntity
  8
S1001
100
AcDbPolyline
 90
2
 70
0
 10
140.0
 20
-178.75
 10
140.0
 20
-214.5
  0
LWPOLYLINE
  5
86B
330
17
100
AcDbEntity
  8
S1001
100
AcDbPolyline
 90
2
 70
0
 10
195.0
 20
-214.5
 10
195.0
 20
-178.75
  0
LWPOLYLINE
  5
86C
330
17
100
AcDbEntity
  8
S1001
100
AcDbPolyline
 90
2
 70
0
 10
140.0
 20
-250.25
 10
195.0
 20
-250.25
  0
LWPOLYLINE
  5
86D
330
17
100
AcDbEntity
  8
S1001
100
AcDbPolyline
 90
2
 70
0
 10
140.0
 20
-214.5
 10
140.0
 20
-250.25
  0
LWPOLYLINE
  5
86E
330
17
100
AcDbEntity
  8
S1001
100
AcDbPolyline
 90
2
 70
0
 10
195.0
 20
-250.25
 10
195.0
 20
-214.5
  0
LWPOLYLINE
  5
86F
330
17
100
AcDbEntity
  8
S1001
100
AcDbPolyline
 90
2
 70
0
 10
140.0
 20
-286.0
 10
195.0
 20
-286.0
  0
LWPOLYLINE
  5
870
330
17
100
AcDbEntity
  8
S1001
100
AcDbPolyline
 90
2
 70
0
 10
140.0
 20
-250.25
 10
140.0
 20
-286.0
  0
LWPOLYLINE
  5
871
330
17
100
AcDbEntity
  8
S1001
100
AcDbPolyline
 90
2
 70
0
 10
195.0
 20
-286.0
 10
195.0
 20
-250.25
  0
LWPOLYLINE
  5
872
330
17
100
AcDbEntity
  8
S1001
100
AcDbPolyline
 90
2
 70
0
 10
140.0
 20
-321.75
 10
195.0
 20
-321.75
  0
LWPOLYLINE
  5
873
330
17
100
AcDbEntity
  8
S1001
100
AcDbPolyline
 90
2
 70
0
 10
140.0
 20
-286.0
 10
140.0
 20
-321.75
  0
LWPOLYLINE
  5
874
330
17
100
AcDbEntity
  8
S1001
100
AcDbPolyline
 90
2
 70
0
 10
195.0
 20
-321.75
 10
195.0
 20
-286.0
  0
LWPOLYLINE
  5
875
330
17
100
AcDbEntity
  8
S1001
100
AcDbPolyline
 90
2
 70
0
 10
140.0
 20
-357.5
 10
195.0
 20
-357.5
  0
LWPOLYLINE
  5
876
330
17
100
AcDbEntity
  8
S1001
100
AcDbPolyline
 90
2
 70
0
 10
140.0
 20
-321.75
 10
140.0
 20
-357.5
  0
LWPOLYLINE
  5
877
330
17
100
AcDbEntity
  8
S1001
100
AcDbPolyline
 90
2
 70
0
 10
195.0
 20
-357.5
 10
195.0
 20
-321.75
  0
LWPOLYLINE
  5
878
330
17
100
AcDbEntity
  8
S1001
100
AcDbPolyline
 90
2
 70
0
 10
140.0
 20
-357.5
 10
140.0
 20
-357.5
  0
LWPOLYLINE
  5
879
330
17
100
AcDbEntity
  8
S1001
100
AcDbPolyline
 90
2
 70
0
 10
195.0
 20
-357.5
 10
195.0
 20
-357.5
  0
LWPOLYLINE
  5
87B
330
17
100
AcDbEntity
  8
S1002
100
AcDbPolyline
 90
2
 70
0
 10
302.5
 20
-357.5
 10
247.5
 20
-357.5
  0
LWPOLYLINE
  5
87C
330
17
100
AcDbEntity
  8
S1002
100
AcDbPolyline
 90
2
 70
0
 10
247.5
 20
-321.75
 10
302.5
 20
-321.75
  0
LWPOLYLINE
  5
87D
330
17
100
AcDbEntity
  8
S1002
100
AcDbPolyline
 90
2
 70
0
 10
247.5
 20
-357.5
 10
247.5
 20
-321.75
  0
LWPOLYLINE
  5
87E
330
17
100
AcDbEntity
  8
S1002
100
AcDbPolyline
 90
2
 70
0
 10
302.5
 20
-321.75
 10
302.5
 20
-357.5
  0
LWPOLYLINE
  5
87F
330
17
100
AcDbEntity
  8
S1002
100
AcDbPolyline
 90
2
 70
0
 10
247.5
 20
-286.0
 10
302.5
 20
-286.0
  0
LWPOLYLINE
  5
880
330
17
100
AcDbEntity
  8
S1002
100
AcDbPolyline
 90
2
 70
0
 10
247.5
 20
-321.75
 10
247.5
 20
-286.0
  0
LWPOLYLINE
  5
881
330
17
100
AcDbEntity
  8
S1002
100
AcDbPolyline
 90
2
 70
0
 10
302.5
 20
-286.0
 10
302.5
 20
-321.75
  0
LWPOLYLINE
  5
882
330
17
100
AcDbEntity
  8
S1002
100
AcDbPolyline
 90
2
 70
0
 10
247.5
 20
-250.25
 10
302.5
 20
-250.25
  0
LWPOLYLINE
  5
883
330
17
100
AcDbEntity
  8
S1002
100
AcDbPolyline
 90
2
 70
0
 10
247.5
 20
-286.0
 10
247.5
 20
-250.25
  0
LWPOLYLINE
  5
884
330
17
100
AcDbEntity
  8
S1002
100
AcDbPolyline
 90
2
 70
0
 10
302.5
 20
-250.25
 10
302.5
 20
-286.0
  0
LWPOLYLINE
  5
885
330
17
100
AcDbEntity
  8
S1002
100
AcDbPolyline
 90
2
 70
0
 10
247.5
 20
-214.5
 10
302.5
 20
-214.5
  0
LWPOLYLINE
  5
886
330
17
100
AcDbEntity
  8
S1002
100
AcDbPolyline
 90
2
 70
0
 10
247.5
 20
-250.25
 10
247.5
 20
-214.5
  0
LWPOLYLINE
  5
887
330
17
100
AcDbEntity
  8
S1002
100
AcDbPolyline
 90
2
 70
0
 10
302.5
 20
-214.5
 10
302.5
 20
-250.25
  0
LWPOLYLINE
  5
888
330
17
100
AcDbEntity
  8
S1002
100
AcDbPolyline
 90
2
 70
0
 10
247.5
 20
-178.75
 10
302.5
 20
-178.75
  0
LWPOLYLINE
  5
889
330
17
100
AcDbEntity
  8
S1002
100
AcDbPolyline
 90
2
 70
0
 10
247.5
 20
-214.5
 10
247.5
 20
-178.75
  0
LWPOLYLINE
  5
88A
330
17
100
AcDbEntity
  8
S1002
100
AcDbPolyline
 90
2
 70
0
 10
302.5
 20
-178.75
 10
302.5
 20
-214.5
  0
LWPOLYLINE
  5
88B
330
17
100
AcDbEntity
  8
S1002
100
AcDbPolyline
 90
2
 70
0
 10
247.5
 20
-143.0
 10
302.5
 20
-143.0
  0
LWPOLYLINE
  5
88C
330
17
100
AcDbEntity
  8
S1002
100
AcDbPolyline
 90
2
 70
0
 10
247.5
 20
-178.75
 10
247.5
 20
-143.0
  0
LWPOLYLINE
  5
88D
330
17
100
AcDbEntity
  8
S1002
100
AcDbPolyline
 90
2
 70
0
 10
302.5
 20
-143.0
 10
302.5
 20
-178.75
  0
LWPOLYLINE
  5
88E
330
17
100
AcDbEntity
  8
S1002
100
AcDbPolyline
 90
2
 70
0
 10
247.5
 20
-107.25
 10
302.5
 20
-107.25
  0
LWPOLYLINE
  5
88F
330
17
100
AcDbEntity
  8
S1002
100
AcDbPolyline
 90
2
 70
0
 10
247.5
 20
-143.0
 10
247.5
 20
-107.25
  0
LWPOLYLINE
  5
890
330
17
100
AcDbEntity
  8
S1002
100
AcDbPolyline
 90
2
 70
0
 10
302.5
 20
-107.25
 10
302.5
 20
-143.0
  0
LWPOLYLINE
  5
891
330
17
100
AcDbEntity
  8
S1002
100
AcDbPolyline
 90
2
 70
0
 10
247.5
 20
-71.5
 10
302.5
 20
-71.5
  0
LWPOLYLINE
  5
892
330
17
100
AcDbEntity
  8
S1002
100
AcDbPolyline
 90
2
 70
0
 10
247.5
 20
-107.25
 10
247.5
 20
-71.5
  0
LWPOLYLINE
  5
893
330
17
100
AcDbEntity
  8
S1002
100
AcDbPolyline
 90
2
 70
0
 10
302.5
 20
-71.5
 10
302.5
 20
-107.25
  0
LWPOLYLINE
  5
894
330
17
100
AcDbEntity
  8
S1002
100
AcDbPolyline
 90
2
 70
0
 10
247.5
 20
-35.75
 10
302.5
 20
-35.75
  0
LWPOLYLINE
  5
895
330
17
100
AcDbEntity
  8
S1002
100
AcDbPolyline
 90
2
 70
0
 10
247.5
 20
-71.5
 10
247.5
 20
-35.75
  0
LWPOLYLINE
  5
896
330
17
100
AcDbEntity
  8
S1002
100
AcDbPolyline
 90
2
 70
0
 10
302.5
 20
-35.75
 10
302.5
 20
-71.5
  0
LWPOLYLINE
  5
897
330
17
100
AcDbEntity
  8
S1002
100
AcDbPolyline
 90
2
 70
0
 10
247.5
 20
0.0
 10
302.5
 20
0.0
  0
LWPOLYLINE
  5
898
330
17
100
AcDbEntity
  8
S1002
100
AcDbPolyline
 90
2
 70
0
 10
247.5
 20
-35.75
 10
247.5
 20
0.0
  0
LWPOLYLINE
  5
899
330
17
100
AcDbEntity
  8
S1002
100
AcDbPolyline
 90
2
 70
0
 10
302.5
 20
0.0
 10
302.5
 20
-35.75
  0
LWPOLYLINE
  5
89A
330
17
100
AcDbEntity
  8
S1002
100
AcDbPolyline
 90
2
 70
0
 10
247.5
 20
35.75
 10
302.5
 20
35.75
  0
LWPOLYLINE
  5
89B
330
17
100
AcDbEntity
  8
S1002
100
AcDbPolyline
 90
2
 70
0
 10
247.5
 20
0.0
 10
247.5
 20
35.75
  0
LWPOLYLINE
  5
89C
330
17
100
AcDbEntity
  8
S1002
100
AcDbPolyline
 90
2
 70
0
 10
302.5
 20
35.75
 10
302.5
 20
0.0
  0
LWPOLYLINE
  5
89D
330
17
100
AcDbEntity
  8
S1002
100
AcDbPolyline
 90
2
 70
0
 10
247.5
 20
71.5
 10
302.5
 20
71.5
  0
LWPOLYLINE
  5
89E
330
17
100
AcDbEntity
  8
S1002
100
AcDbPolyline
 90
2
 70
0
 10
247.5
 20
35.75
 10
247.5
 20
71.5
  0
LWPOLYLINE
  5
89F
330
17
100
AcDbEntity
  8
S1002
100
AcDbPolyline
 90
2
 70
0
 10
302.5
 20
71.5
 10
302.5
 20
35.75
  0
LWPOLYLINE
  5
8A0
330
17
100
AcDbEntity
  8
S1002
100
AcDbPolyline
 90
2
 70
0
 10
247.5
 20
107.25
 10
302.5
 20
107.25
  0
LWPOLYLINE
  5
8A1
330
17
100
AcDbEntity
  8
S1002
100
AcDbPolyline
 90
2
 70
0
 10
247.5
 20
71.5
 10
247.5
 20
107.25
  0
LWPOLYLINE
  5
8A2
330
17
100
AcDbEntity
  8
S1002
100
AcDbPolyline
 90
2
 70
0
 10
302.5
 20
107.25
 10
302.5
 20
71.5
  0
LWPOLYLINE
  5
8A3
330
17
100
AcDbEntity
  8
S1002
100
AcDbPolyline
 90
2
 70
0
 10
247.5
 20
143.0
 10
302.5
 20
143.0
  0
LWPOLYLINE
  5
8A4
330
17
100
AcDbEntity
  8
S1002
100
AcDbPolyline
 90
2
 70
0
 10
247.5
 20
107.25
 10
247.5
 20
143.0
  0
LWPOLYLINE
  5
8A5
330
17
100
AcDbEntity
  8
S1002
100
AcDbPolyline
 90
2
 70
0
 10
302.5
 20
143.0
 10
302.5
 20
107.25
  0
LWPOLYLINE
  5
8A6
330
17
100
AcDbEntity
  8
S1002
100
AcDbPolyline
 90
2
 70
0
 10
247.5
 20
178.75
 10
302.5
 20
178.75
  0
LWPOLYLINE
  5
8A7
330
17
100
AcDbEntity
  8
S1002
100
AcDbPolyline
 90
2
 70
0
 10
247.5
 20
143.0
 10
247.5
 20
178.75
  0
LWPOLYLINE
  5
8A8
330
17
100
AcDbEntity
  8
S1002
100
AcDbPolyline
 90
2
 70
0
 10
302.5
 20
178.75
 10
302.5
 20
143.0
  0
LWPOLYLINE
  5
8A9
330
17
100
AcDbEntity
  8
S1002
100
AcDbPolyline
 90
2
 70
0
 10
247.5
 20
214.5
 10
302.5
 20
214.5
  0
LWPOLYLINE
  5
8AA
330
17
100
AcDbEntity
  8
S1002
100
AcDbPolyline
 90
2
 70
0
 10
247.5
 20
178.75
 10
247.5
 20
214.5
  0
LWPOLYLINE
  5
8AB
330
17
100
AcDbEntity
  8
S1002
100
AcDbPolyline
 90
2
 70
0
 10
302.5
 20
214.5
 10
302.5
 20
178.75
  0
LWPOLYLINE
  5
8AC
330
17
100
AcDbEntity
  8
S1002
100
AcDbPolyline
 90
2
 70
0
 10
247.5
 20
250.25
 10
302.5
 20
250.25
  0
LWPOLYLINE
  5
8AD
330
17
100
AcDbEntity
  8
S1002
100
AcDbPolyline
 90
2
 70
0
 10
247.5
 20
214.5
 10
247.5
 20
250.25
  0
LWPOLYLINE
  5
8AE
330
17
100
AcDbEntity
  8
S1002
100
AcDbPolyline
 90
2
 70
0
 10
302.5
 20
250.25
 10
302.5
 20
214.5
  0
LWPOLYLINE
  5
8AF
330
17
100
AcDbEntity
  8
S1002
100
AcDbPolyline
 90
2
 70
0
 10
247.5
 20
286.0
 10
302.5
 20
286.0
  0
LWPOLYLINE
  5
8B0
330
17
100
AcDbEntity
  8
S1002
100
AcDbPolyline
 90
2
 70
0
 10
247.5
 20
250.25
 10
247.5
 20
286.0
  0
LWPOLYLINE
  5
8B1
330
17
100
AcDbEntity
  8
S1002
100
AcDbPolyline
 90
2
 70
0
 10
302.5
 20
286.0
 10
302.5
 20
250.25
  0
LWPOLYLINE
  5
8B2
330
17
100
AcDbEntity
  8
S1002
100
AcDbPolyline
 90
2
 70
0
 10
247.5
 20
321.75
 10
302.5
 20
321.75
  0
LWPOLYLINE
  5
8B3
330
17
100
AcDbEntity
  8
S1002
100
AcDbPolyline
 90
2
 70
0
 10
247.5
 20
286.0
 10
247.5
 20
321.75
  0
LWPOLYLINE
  5
8B4
330
17
100
AcDbEntity
  8
S1002
100
AcDbPolyline
 90
2
 70
0
 10
302.5
 20
321.75
 10
302.5
 20
286.0
  0
LWPOLYLINE
  5
8B5
330
17
100
AcDbEntity
  8
S1002
100
AcDbPolyline
 90
2
 70
0
 10
247.5
 20
357.5
 10
302.5
 20
357.5
  0
LWPOLYLINE
  5
8B6
330
17
100
AcDbEntity
  8
S1002
100
AcDbPolyline
 90
2
 70
0
 10
247.5
 20
321.75
 10
247.5
 20
357.5
  0
LWPOLYLINE
  5
8B7
330
17
100
AcDbEntity
  8
S1002
100
AcDbPolyline
 90
2
 70
0
 10
302.5
 20
357.5
 10
302.5
 20
321.75
  0
LWPOLYLINE
  5
8B8
330
17
100
AcDbEntity
  8
S1002
100
AcDbPolyline
 90
2
 70
0
 10
247.5
 20
357.5
 10
302.5
 20
357.5
  0
LWPOLYLINE
  5
8B9
330
17
100
AcDbEntity
  8
S1002
100
AcDbPolyline
 90
2
 70
0
 10
247.5
 20
357.5
 10
247.5
 20
357.5
  0
LWPOLYLINE
  5
8BA
330
17
100
AcDbEntity
  8
S1002
100
AcDbPolyline
 90
2
 70
0
 10
302.5
 20
357.5
 10
302.5
 20
357.5
  0
LWPOLYLINE
  5
8BB
330
17
100
AcDbEntity
  8
S1002
100
AcDbPolyline
 90
2
 70
0
 10
247.5
 20
321.75
 10
302.5
 20
321.75
  0
LWPOLYLINE
  5
8BC
330
17
100
AcDbEntity
  8
S1002
100
AcDbPolyline
 90
2
 70
0
 10
247.5
 20
357.5
 10
247.5
 20
321.75
  0
LWPOLYLINE
  5
8BD
330
17
100
AcDbEntity
  8
S1002
100
AcDbPolyline
 90
2
 70
0
 10
302.5
 20
321.75
 10
302.5
 20
357.5
  0
LWPOLYLINE
  5
8BE
330
17
100
AcDbEntity
  8
S1002
100
AcDbPolyline
 90
2
 70
0
 10
247.5
 20
286.0
 10
302.5
 20
286.0
  0
LWPOLYLINE
  5
8BF
330
17
100
AcDbEntity
  8
S1002
100
AcDbPolyline
 90
2
 70
0
 10
247.5
 20
321.75
 10
247.5
 20
286.0
  0
LWPOLYLINE
  5
8C0
330
17
100
AcDbEntity
  8
S1002
100
AcDbPolyline
 90
2
 70
0
 10
302.5
 20
286.0
 10
302.5
 20
321.75
  0
LWPOLYLINE
  5
8C1
330
17
100
AcDbEntity
  8
S1002
100
AcDbPolyline
 90
2
 70
0
 10
247.5
 20
250.25
 10
302.5
 20
250.25
  0
LWPOLYLINE
  5
8C2
330
17
100
AcDbEntity
  8
S1002
100
AcDbPolyline
 90
2
 70
0
 10
247.5
 20
286.0
 10
247.5
 20
250.25
  0
LWPOLYLINE
  5
8C3
330
17
100
AcDbEntity
  8
S1002
100
AcDbPolyline
 90
2
 70
0
 10
302.5
 20
250.25
 10
302.5
 20
286.0
  0
LWPOLYLINE
  5
8C4
330
17
100
AcDbEntity
  8
S1002
100
AcDbPolyline
 90
2
 70
0
 10
247.5
 20
214.5
 10
302.5
 20
214.5
  0
LWPOLYLINE
  5
8C5
330
17
100
AcDbEntity
  8
S1002
100
AcDbPolyline
 90
2
 70
0
 10
247.5
 20
250.25
 10
247.5
 20
214.5
  0
LWPOLYLINE
  5
8C6
330
17
100
AcDbEntity
  8
S1002
100
AcDbPolyline
 90
2
 70
0
 10
302.5
 20
214.5
 10
302.5
 20
250.25
  0
LWPOLYLINE
  5
8C7
330
17
100
AcDbEntity
  8
S1002
100
AcDbPolyline
 90
2
 70
0
 10
247.5
 20
178.75
 10
302.5
 20
178.75
  0
LWPOLYLINE
  5
8C8
330
17
100
AcDbEntity
  8
S1002
100
AcDbPolyline
 90
2
 70
0
 10
247.5
 20
214.5
 10
247.5
 20
178.75
  0
LWPOLYLINE
  5
8C9
330
17
100
AcDbEntity
  8
S1002
100
AcDbPolyline
 90
2
 70
0
 10
302.5
 20
178.75
 10
302.5
 20
214.5
  0
LWPOLYLINE
  5
8CA
330
17
100
AcDbEntity
  8
S1002
100
AcDbPolyline
 90
2
 70
0
 10
247.5
 20
143.0
 10
302.5
 20
143.0
  0
LWPOLYLINE
  5
8CB
330
17
100
AcDbEntity
  8
S1002
100
AcDbPolyline
 90
2
 70
0
 10
247.5
 20
178.75
 10
247.5
 20
143.0
  0
LWPOLYLINE
  5
8CC
330
17
100
AcDbEntity
  8
S1002
100
AcDbPolyline
 90
2
 70
0
 10
302.5
 20
143.0
 10
302.5
 20
178.75
  0
LWPOLYLINE
  5
8CD
330
17
100
AcDbEntity
  8
S1002
100
AcDbPolyline
 90
2
 70
0
 10
247.5
 20
107.25
 10
302.5
 20
107.25
  0
LWPOLYLINE
  5
8CE
330
17
100
AcDbEntity
  8
S1002
100
AcDbPolyline
 90
2
 70
0
 10
247.5
 20
143.0
 10
247.5
 20
107.25
  0
LWPOLYLINE
  5
8CF
330
17
100
AcDbEntity
  8
S1002
100
AcDbPolyline
 90
2
 70
0
 10
302.5
 20
107.25
 10
302.5
 20
143.0
  0
LWPOLYLINE
  5
8D0
330
17
100
AcDbEntity
  8
S1002
100
AcDbPolyline
 90
2
 70
0
 10
247.5
 20
71.5
 10
302.5
 20
71.5
  0
LWPOLYLINE
  5
8D1
330
17
100
AcDbEntity
  8
S1002
100
AcDbPolyline
 90
2
 70
0
 10
247.5
 20
107.25
 10
247.5
 20
71.5
  0
LWPOLYLINE
  5
8D2
330
17
100
AcDbEntity
  8
S1002
100
AcDbPolyline
 90
2
 70
0
 10
302.5
 20
71.5
 10
302.5
 20
107.25
  0
LWPOLYLINE
  5
8D3
330
17
100
AcDbEntity
  8
S1002
100
AcDbPolyline
 90
2
 70
0
 10
247.5
 20
35.75
 10
302.5
 20
35.75
  0
LWPOLYLINE
  5
8D4
330
17
100
AcDbEntity
  8
S1002
100
AcDbPolyline
 90
2
 70
0
 10
247.5
 20
71.5
 10
247.5
 20
35.75
  0
LWPOLYLINE
  5
8D5
330
17
100
AcDbEntity
  8
S1002
100
AcDbPolyline
 90
2
 70
0
 10
302.5
 20
35.75
 10
302.5
 20
71.5
  0
LWPOLYLINE
  5
8D6
330
17
100
AcDbEntity
  8
S1002
100
AcDbPolyline
 90
2
 70
0
 10
247.5
 20
0.0
 10
302.5
 20
0.0
  0
LWPOLYLINE
  5
8D7
330
17
100
AcDbEntity
  8
S1002
100
AcDbPolyline
 90
2
 70
0
 10
247.5
 20
35.75
 10
247.5
 20
0.0
  0
LWPOLYLINE
  5
8D8
330
17
100
AcDbEntity
  8
S1002
100
AcDbPolyline
 90
2
 70
0
 10
302.5
 20
0.0
 10
302.5
 20
35.75
  0
LWPOLYLINE
  5
8D9
330
17
100
AcDbEntity
  8
S1002
100
AcDbPolyline
 90
2
 70
0
 10
247.5
 20
-35.75
 10
302.5
 20
-35.75
  0
LWPOLYLINE
  5
8DA
330
17
100
AcDbEntity
  8
S1002
100
AcDbPolyline
 90
2
 70
0
 10
247.5
 20
0.0
 10
247.5
 20
-35.75
  0
LWPOLYLINE
  5
8DB
330
17
100
AcDbEntity
  8
S1002
100
AcDbPolyline
 90
2
 70
0
 10
302.5
 20
-35.75
 10
302.5
 20
0.0
  0
LWPOLYLINE
  5
8DC
330
17
100
AcDbEntity
  8
S1002
100
AcDbPolyline
 90
2
 70
0
 10
247.5
 20
-71.5
 10
302.5
 20
-71.5
  0
LWPOLYLINE
  5
8DD
330
17
100
AcDbEntity
  8
S1002
100
AcDbPolyline
 90
2
 70
0
 10
247.5
 20
-35.75
 10
247.5
 20
-71.5
  0
LWPOLYLINE
  5
8DE
330
17
100
AcDbEntity
  8
S1002
100
AcDbPolyline
 90
2
 70
0
 10
302.5
 20
-71.5
 10
302.5
 20
-35.75
  0
LWPOLYLINE
  5
8DF
330
17
100
AcDbEntity
  8
S1002
100
AcDbPolyline
 90
2
 70
0
 10
247.5
 20
-107.25
 10
302.5
 20
-107.25
  0
LWPOLYLINE
  5
8E0
330
17
100
AcDbEntity
  8
S1002
100
AcDbPolyline
 90
2
 70
0
 10
247.5
 20
-71.5
 10
247.5
 20
-107.25
  0
LWPOLYLINE
  5
8E1
330
17
100
AcDbEntity
  8
S1002
100
AcDbPolyline
 90
2
 70
0
 10
302.5
 20
-107.25
 10
302.5
 20
-71.5
  0
LWPOLYLINE
  5
8E2
330
17
100
AcDbEntity
  8
S1002
100
AcDbPolyline
 90
2
 70
0
 10
247.5
 20
-143.0
 10
302.5
 20
-143.0
  0
LWPOLYLINE
  5
8E3
330
17
100
AcDbEntity
  8
S1002
100
AcDbPolyline
 90
2
 70
0
 10
247.5
 20
-107.25
 10
247.5
 20
-143.0
  0
LWPOLYLINE
  5
8E4
330
17
100
AcDbEntity
  8
S1002
100
AcDbPolyline
 90
2
 70
0
 10
302.5
 20
-143.0
 10
302.5
 20
-107.25
  0
LWPOLYLINE
  5
8E5
330
17
100
AcDbEntity
  8
S1002
100
AcDbPolyline
 90
2
 70
0
 10
247.5
 20
-178.75
 10
302.5
 20
-178.75
  0
LWPOLYLINE
  5
8E6
330
17
100
AcDbEntity
  8
S1002
100
AcDbPolyline
 90
2
 70
0
 10
247.5
 20
-143.0
 10
247.5
 20
-178.75
  0
LWPOLYLINE
  5
8E7
330
17
100
AcDbEntity
  8
S1002
100
AcDbPolyline
 90
2
 70
0
 10
302.5
 20
-178.75
 10
302.5
 20
-143.0
  0
LWPOLYLINE
  5
8E8
330
17
100
AcDbEntity
  8
S1002
100
AcDbPolyline
 90
2
 70
0
 10
247.5
 20
-214.5
 10
302.5
 20
-214.5
  0
LWPOLYLINE
  5
8E9
330
17
100
AcDbEntity
  8
S1002
100
AcDbPolyline
 90
2
 70
0
 10
247.5
 20
-178.75
 10
247.5
 20
-214.5
  0
LWPOLYLINE
  5
8EA
330
17
100
AcDbEntity
  8
S1002
100
AcDbPolyline
 90
2
 70
0
 10
302.5
 20
-214.5
 10
302.5
 20
-178.75
  0
LWPOLYLINE
  5
8EB
330
17
100
AcDbEntity
  8
S1002
100
AcDbPolyline
 90
2
 70
0
 10
247.5
 20
-250.25
 10
302.5
 20
-250.25
  0
LWPOLYLINE
  5
8EC
330
17
100
AcDbEntity
  8
S1002
100
AcDbPolyline
 90
2
 70
0
 10
247.5
 20
-214.5
 10
247.5
 20
-250.25
  0
LWPOLYLINE
  5
8ED
330
17
100
AcDbEntity
  8
S1002
100
AcDbPolyline
 90
2
 70
0
 10
302.5
 20
-250.25
 10
302.5
 20
-214.5
  0
LWPOLYLINE
  5
8EE
330
17
100
AcDbEntity
  8
S1002
100
AcDbPolyline
 90
2
 70
0
 10
247.5
 20
-286.0
 10
302.5
 20
-286.0
  0
LWPOLYLINE
  5
8EF
330
17
100
AcDbEntity
  8
S1002
100
AcDbPolyline
 90
2
 70
0
 10
247.5
 20
-250.25
 10
247.5
 20
-286.0
  0
LWPOLYLINE
  5
8F0
330
17
100
AcDbEntity
  8
S1002
100
AcDbPolyline
 90
2
 70
0
 10
302.5
 20
-286.0
 10
302.5
 20
-250.25
  0
LWPOLYLINE
  5
8F1
330
17
100
AcDbEntity
  8
S1002
100
AcDbPolyline
 90
2
 70
0
 10
247.5
 20
-321.75
 10
302.5
 20
-321.75
  0
LWPOLYLINE
  5
8F2
330
17
100
AcDbEntity
  8
S1002
100
AcDbPolyline
 90
2
 70
0
 10
247.5
 20
-286.0
 10
247.5
 20
-321.75
  0
LWPOLYLINE
  5
8F3
330
17
100
AcDbEntity
  8
S1002
100
AcDbPolyline
 90
2
 70
0
 10
302.5
 20
-321.75
 10
302.5
 20
-286.0
  0
LWPOLYLINE
  5
8F4
330
17
100
AcDbEntity
  8
S1002
100
AcDbPolyline
 90
2
 70
0
 10
247.5
 20
-357.5
 10
302.5
 20
-357.5
  0
LWPOLYLINE
  5
8F5
330
17
100
AcDbEntity
  8
S1002
100
AcDbPolyline
 90
2
 70
0
 10
247.5
 20
-321.75
 10
247.5
 20
-357.5
  0
LWPOLYLINE
  5
8F6
330
17
100
AcDbEntity
  8
S1002
100
AcDbPolyline
 90
2
 70
0
 10
302.5
 20
-357.5
 10
302.5
 20
-321.75
  0
LWPOLYLINE
  5
8F7
330
17
100
AcDbEntity
  8
S1002
100
AcDbPolyline
 90
2
 70
0
 10
247.5
 20
-357.5
 10
247.5
 20
-357.5
  0
LWPOLYLINE
  5
8F8
330
17
100
AcDbEntity
  8
S1002
100
AcDbPolyline
 90
2
 70
0
 10
302.5
 20
-357.5
 10
302.5
 20
-357.5
  0
LWPOLYLINE
  5
8FA
330
17
100
AcDbEntity
  8
S1003
100
AcDbPolyline
 90
2
 70
0
 10
410.0
 20
-357.5
 10
355.0
 20
-357.5
  0
LWPOLYLINE
  5
8FB
330
17
100
AcDbEntity
  8
S1003
100
AcDbPolyline
 90
2
 70
0
 10
355.0
 20
-321.75
 10
410.0
 20
-321.75
  0
LWPOLYLINE
  5
8FC
330
17
100
AcDbEntity
  8
S1003
100
AcDbPolyline
 90
2
 70
0
 10
355.0
 20
-357.5
 10
355.0
 20
-321.75
  0
LWPOLYLINE
  5
8FD
330
17
100
AcDbEntity
  8
S1003
100
AcDbPolyline
 90
2
 70
0
 10
410.0
 20
-321.75
 10
410.0
 20
-357.5
  0
LWPOLYLINE
  5
8FE
330
17
100
AcDbEntity
  8
S1003
100
AcDbPolyline
 90
2
 70
0
 10
355.0
 20
-286.0
 10
410.0
 20
-286.0
  0
LWPOLYLINE
  5
8FF
330
17
100
AcDbEntity
  8
S1003
100
AcDbPolyline
 90
2
 70
0
 10
355.0
 20
-321.75
 10
355.0
 20
-286.0
  0
LWPOLYLINE
  5
900
330
17
100
AcDbEntity
  8
S1003
100
AcDbPolyline
 90
2
 70
0
 10
410.0
 20
-286.0
 10
410.0
 20
-321.75
  0
LWPOLYLINE
  5
901
330
17
100
AcDbEntity
  8
S1003
100
AcDbPolyline
 90
2
 70
0
 10
355.0
 20
-250.25
 10
410.0
 20
-250.25
  0
LWPOLYLINE
  5
902
330
17
100
AcDbEntity
  8
S1003
100
AcDbPolyline
 90
2
 70
0
 10
355.0
 20
-286.0
 10
355.0
 20
-250.25
  0
LWPOLYLINE
  5
903
330
17
100
AcDbEntity
  8
S1003
100
AcDbPolyline
 90
2
 70
0
 10
410.0
 20
-250.25
 10
410.0
 20
-286.0
  0
LWPOLYLINE
  5
904
330
17
100
AcDbEntity
  8
S1003
100
AcDbPolyline
 90
2
 70
0
 10
355.0
 20
-214.5
 10
410.0
 20
-214.5
  0
LWPOLYLINE
  5
905
330
17
100
AcDbEntity
  8
S1003
100
AcDbPolyline
 90
2
 70
0
 10
355.0
 20
-250.25
 10
355.0
 20
-214.5
  0
LWPOLYLINE
  5
906
330
17
100
AcDbEntity
  8
S1003
100
AcDbPolyline
 90
2
 70
0
 10
410.0
 20
-214.5
 10
410.0
 20
-250.25
  0
LWPOLYLINE
  5
907
330
17
100
AcDbEntity
  8
S1003
100
AcDbPolyline
 90
2
 70
0
 10
355.0
 20
-178.75
 10
410.0
 20
-178.75
  0
LWPOLYLINE
  5
908
330
17
100
AcDbEntity
  8
S1003
100
AcDbPolyline
 90
2
 70
0
 10
355.0
 20
-214.5
 10
355.0
 20
-178.75
  0
LWPOLYLINE
  5
909
330
17
100
AcDbEntity
  8
S1003
100
AcDbPolyline
 90
2
 70
0
 10
410.0
 20
-178.75
 10
410.0
 20
-214.5
  0
LWPOLYLINE
  5
90A
330
17
100
AcDbEntity
  8
S1003
100
AcDbPolyline
 90
2
 70
0
 10
355.0
 20
-143.0
 10
410.0
 20
-143.0
  0
LWPOLYLINE
  5
90B
330
17
100
AcDbEntity
  8
S1003
100
AcDbPolyline
 90
2
 70
0
 10
355.0
 20
-178.75
 10
355.0
 20
-143.0
  0
LWPOLYLINE
  5
90C
330
17
100
AcDbEntity
  8
S1003
100
AcDbPolyline
 90
2
 70
0
 10
410.0
 20
-143.0
 10
410.0
 20
-178.75
  0
LWPOLYLINE
  5
90D
330
17
100
AcDbEntity
  8
S1003
100
AcDbPolyline
 90
2
 70
0
 10
355.0
 20
-107.25
 10
410.0
 20
-107.25
  0
LWPOLYLINE
  5
90E
330
17
100
AcDbEntity
  8
S1003
100
AcDbPolyline
 90
2
 70
0
 10
355.0
 20
-143.0
 10
355.0
 20
-107.25
  0
LWPOLYLINE
  5
90F
330
17
100
AcDbEntity
  8
S1003
100
AcDbPolyline
 90
2
 70
0
 10
410.0
 20
-107.25
 10
410.0
 20
-143.0
  0
LWPOLYLINE
  5
910
330
17
100
AcDbEntity
  8
S1003
100
AcDbPolyline
 90
2
 70
0
 10
355.0
 20
-71.5
 10
410.0
 20
-71.5
  0
LWPOLYLINE
  5
911
330
17
100
AcDbEntity
  8
S1003
100
AcDbPolyline
 90
2
 70
0
 10
355.0
 20
-107.25
 10
355.0
 20
-71.5
  0
LWPOLYLINE
  5
912
330
17
100
AcDbEntity
  8
S1003
100
AcDbPolyline
 90
2
 70
0
 10
410.0
 20
-71.5
 10
410.0
 20
-107.25
  0
LWPOLYLINE
  5
913
330
17
100
AcDbEntity
  8
S1003
100
AcDbPolyline
 90
2
 70
0
 10
355.0
 20
-35.75
 10
410.0
 20
-35.75
  0
LWPOLYLINE
  5
914
330
17
100
AcDbEntity
  8
S1003
100
AcDbPolyline
 90
2
 70
0
 10
355.0
 20
-71.5
 10
355.0
 20
-35.75
  0
LWPOLYLINE
  5
915
330
17
100
AcDbEntity
  8
S1003
100
AcDbPolyline
 90
2
 70
0
 10
410.0
 20
-35.75
 10
410.0
 20
-71.5
  0
LWPOLYLINE
  5
916
330
17
100
AcDbEntity
  8
S1003
100
AcDbPolyline
 90
2
 70
0
 10
355.0
 20
0.0
 10
410.0
 20
0.0
  0
LWPOLYLINE
  5
917
330
17
100
AcDbEntity
  8
S1003
100
AcDbPolyline
 90
2
 70
0
 10
355.0
 20
-35.75
 10
355.0
 20
0.0
  0
LWPOLYLINE
  5
918
330
17
100
AcDbEntity
  8
S1003
100
AcDbPolyline
 90
2
 70
0
 10
410.0
 20
0.0
 10
410.0
 20
-35.75
  0
LWPOLYLINE
  5
919
330
17
100
AcDbEntity
  8
S1003
100
AcDbPolyline
 90
2
 70
0
 10
355.0
 20
35.75
 10
410.0
 20
35.75
  0
LWPOLYLINE
  5
91A
330
17
100
AcDbEntity
  8
S1003
100
AcDbPolyline
 90
2
 70
0
 10
355.0
 20
0.0
 10
355.0
 20
35.75
  0
LWPOLYLINE
  5
91B
330
17
100
AcDbEntity
  8
S1003
100
AcDbPolyline
 90
2
 70
0
 10
410.0
 20
35.75
 10
410.0
 20
0.0
  0
LWPOLYLINE
  5
91C
330
17
100
AcDbEntity
  8
S1003
100
AcDbPolyline
 90
2
 70
0
 10
355.0
 20
71.5
 10
410.0
 20
71.5
  0
LWPOLYLINE
  5
91D
330
17
100
AcDbEntity
  8
S1003
100
AcDbPolyline
 90
2
 70
0
 10
355.0
 20
35.75
 10
355.0
 20
71.5
  0
LWPOLYLINE
  5
91E
330
17
100
AcDbEntity
  8
S1003
100
AcDbPolyline
 90
2
 70
0
 10
410.0
 20
71.5
 10
410.0
 20
35.75
  0
LWPOLYLINE
  5
91F
330
17
100
AcDbEntity
  8
S1003
100
AcDbPolyline
 90
2
 70
0
 10
355.0
 20
107.25
 10
410.0
 20
107.25
  0
LWPOLYLINE
  5
920
330
17
100
AcDbEntity
  8
S1003
100
AcDbPolyline
 90
2
 70
0
 10
355.0
 20
71.5
 10
355.0
 20
107.25
  0
LWPOLYLINE
  5
921
330
17
100
AcDbEntity
  8
S1003
100
AcDbPolyline
 90
2
 70
0
 10
410.0
 20
107.25
 10
410.0
 20
71.5
  0
LWPOLYLINE
  5
922
330
17
100
AcDbEntity
  8
S1003
100
AcDbPolyline
 90
2
 70
0
 10
355.0
 20
143.0
 10
410.0
 20
143.0
  0
LWPOLYLINE
  5
923
330
17
100
AcDbEntity
  8
S1003
100
AcDbPolyline
 90
2
 70
0
 10
355.0
 20
107.25
 10
355.0
 20
143.0
  0
LWPOLYLINE
  5
924
330
17
100
AcDbEntity
  8
S1003
100
AcDbPolyline
 90
2
 70
0
 10
410.0
 20
143.0
 10
410.0
 20
107.25
  0
LWPOLYLINE
  5
925
330
17
100
AcDbEntity
  8
S1003
100
AcDbPolyline
 90
2
 70
0
 10
355.0
 20
178.75
 10
410.0
 20
178.75
  0
LWPOLYLINE
  5
926
330
17
100
AcDbEntity
  8
S1003
100
AcDbPolyline
 90
2
 70
0
 10
355.0
 20
143.0
 10
355.0
 20
178.75
  0
LWPOLYLINE
  5
927
330
17
100
AcDbEntity
  8
S1003
100
AcDbPolyline
 90
2
 70
0
 10
410.0
 20
178.75
 10
410.0
 20
143.0
  0
LWPOLYLINE
  5
928
330
17
100
AcDbEntity
  8
S1003
100
AcDbPolyline
 90
2
 70
0
 10
355.0
 20
214.5
 10
410.0
 20
214.5
  0
LWPOLYLINE
  5
929
330
17
100
AcDbEntity
  8
S1003
100
AcDbPolyline
 90
2
 70
0
 10
355.0
 20
178.75
 10
355.0
 20
214.5
  0
LWPOLYLINE
  5
92A
330
17
100
AcDbEntity
  8
S1003
100
AcDbPolyline
 90
2
 70
0
 10
410.0
 20
214.5
 10
410.0
 20
178.75
  0
LWPOLYLINE
  5
92B
330
17
100
AcDbEntity
  8
S1003
100
AcDbPolyline
 90
2
 70
0
 10
355.0
 20
250.25
 10
410.0
 20
250.25
  0
LWPOLYLINE
  5
92C
330
17
100
AcDbEntity
  8
S1003
100
AcDbPolyline
 90
2
 70
0
 10
355.0
 20
214.5
 10
355.0
 20
250.25
  0
LWPOLYLINE
  5
92D
330
17
100
AcDbEntity
  8
S1003
100
AcDbPolyline
 90
2
 70
0
 10
410.0
 20
250.25
 10
410.0
 20
214.5
  0
LWPOLYLINE
  5
92E
330
17
100
AcDbEntity
  8
S1003
100
AcDbPolyline
 90
2
 70
0
 10
355.0
 20
286.0
 10
410.0
 20
286.0
  0
LWPOLYLINE
  5
92F
330
17
100
AcDbEntity
  8
S1003
100
AcDbPolyline
 90
2
 70
0
 10
355.0
 20
250.25
 10
355.0
 20
286.0
  0
LWPOLYLINE
  5
930
330
17
100
AcDbEntity
  8
S1003
100
AcDbPolyline
 90
2
 70
0
 10
410.0
 20
286.0
 10
410.0
 20
250.25
  0
LWPOLYLINE
  5
931
330
17
100
AcDbEntity
  8
S1003
100
AcDbPolyline
 90
2
 70
0
 10
355.0
 20
321.75
 10
410.0
 20
321.75
  0
LWPOLYLINE
  5
932
330
17
100
AcDbEntity
  8
S1003
100
AcDbPolyline
 90
2
 70
0
 10
355.0
 20
286.0
 10
355.0
 20
321.75
  0
LWPOLYLINE
  5
933
330
17
100
AcDbEntity
  8
S1003
100
AcDbPolyline
 90
2
 70
0
 10
410.0
 20
321.75
 10
410.0
 20
286.0
  0
LWPOLYLINE
  5
934
330
17
100
AcDbEntity
  8
S1003
100
AcDbPolyline
 90
2
 70
0
 10
355.0
 20
357.5
 10
410.0
 20
357.5
  0
LWPOLYLINE
  5
935
330
17
100
AcDbEntity
  8
S1003
100
AcDbPolyline
 90
2
 70
0
 10
355.0
 20
321.75
 10
355.0
 20
357.5
  0
LWPOLYLINE
  5
936
330
17
100
AcDbEntity
  8
S1003
100
AcDbPolyline
 90
2
 70
0
 10
410.0
 20
357.5
 10
410.0
 20
321.75
  0
LWPOLYLINE
  5
937
330
17
100
AcDbEntity
  8
S1003
100
AcDbPolyline
 90
2
 70
0
 10
355.0
 20
357.5
 10
410.0
 20
357.5
  0
LWPOLYLINE
  5
938
330
17
100
AcDbEntity
  8
S1003
100
AcDbPolyline
 90
2
 70
0
 10
355.0
 20
357.5
 10
355.0
 20
357.5
  0
LWPOLYLINE
  5
939
330
17
100
AcDbEntity
  8
S1003
100
AcDbPolyline
 90
2
 70
0
 10
410.0
 20
357.5
 10
410.0
 20
357.5
  0
LWPOLYLINE
  5
93A
330
17
100
AcDbEntity
  8
S1003
100
AcDbPolyline
 90
2
 70
0
 10
355.0
 20
321.75
 10
410.0
 20
321.75
  0
LWPOLYLINE
  5
93B
330
17
100
AcDbEntity
  8
S1003
100
AcDbPolyline
 90
2
 70
0
 10
355.0
 20
357.5
 10
355.0
 20
321.75
  0
LWPOLYLINE
  5
93C
330
17
100
AcDbEntity
  8
S1003
100
AcDbPolyline
 90
2
 70
0
 10
410.0
 20
321.75
 10
410.0
 20
357.5
  0
LWPOLYLINE
  5
93D
330
17
100
AcDbEntity
  8
S1003
100
AcDbPolyline
 90
2
 70
0
 10
355.0
 20
286.0
 10
410.0
 20
286.0
  0
LWPOLYLINE
  5
93E
330
17
100
AcDbEntity
  8
S1003
100
AcDbPolyline
 90
2
 70
0
 10
355.0
 20
321.75
 10
355.0
 20
286.0
  0
LWPOLYLINE
  5
93F
330
17
100
AcDbEntity
  8
S1003
100
AcDbPolyline
 90
2
 70
0
 10
410.0
 20
286.0
 10
410.0
 20
321.75
  0
LWPOLYLINE
  5
940
330
17
100
AcDbEntity
  8
S1003
100
AcDbPolyline
 90
2
 70
0
 10
355.0
 20
250.25
 10
410.0
 20
250.25
  0
LWPOLYLINE
  5
941
330
17
100
AcDbEntity
  8
S1003
100
AcDbPolyline
 90
2
 70
0
 10
355.0
 20
286.0
 10
355.0
 20
250.25
  0
LWPOLYLINE
  5
942
330
17
100
AcDbEntity
  8
S1003
100
AcDbPolyline
 90
2
 70
0
 10
410.0
 20
250.25
 10
410.0
 20
286.0
  0
LWPOLYLINE
  5
943
330
17
100
AcDbEntity
  8
S1003
100
AcDbPolyline
 90
2
 70
0
 10
355.0
 20
214.5
 10
410.0
 20
214.5
  0
LWPOLYLINE
  5
944
330
17
100
AcDbEntity
  8
S1003
100
AcDbPolyline
 90
2
 70
0
 10
355.0
 20
250.25
 10
355.0
 20
214.5
  0
LWPOLYLINE
  5
945
330
17
100
AcDbEntity
  8
S1003
100
AcDbPolyline
 90
2
 70
0
 10
410.0
 20
214.5
 10
410.0
 20
250.25
  0
LWPOLYLINE
  5
946
330
17
100
AcDbEntity
  8
S1003
100
AcDbPolyline
 90
2
 70
0
 10
355.0
 20
178.75
 10
410.0
 20
178.75
  0
LWPOLYLINE
  5
947
330
17
100
AcDbEntity
  8
S1003
100
AcDbPolyline
 90
2
 70
0
 10
355.0
 20
214.5
 10
355.0
 20
178.75
  0
LWPOLYLINE
  5
948
330
17
100
AcDbEntity
  8
S1003
100
AcDbPolyline
 90
2
 70
0
 10
410.0
 20
178.75
 10
410.0
 20
214.5
  0
LWPOLYLINE
  5
949
330
17
100
AcDbEntity
  8
S1003
100
AcDbPolyline
 90
2
 70
0
 10
355.0
 20
143.0
 10
410.0
 20
143.0
  0
LWPOLYLINE
  5
94A
330
17
100
AcDbEntity
  8
S1003
100
AcDbPolyline
 90
2
 70
0
 10
355.0
 20
178.75
 10
355.0
 20
143.0
  0
LWPOLYLINE
  5
94B
330
17
100
AcDbEntity
  8
S1003
100
AcDbPolyline
 90
2
 70
0
 10
410.0
 20
143.0
 10
410.0
 20
178.75
  0
LWPOLYLINE
  5
94C
330
17
100
AcDbEntity
  8
S1003
100
AcDbPolyline
 90
2
 70
0
 10
355.0
 20
107.25
 10
410.0
 20
107.25
  0
LWPOLYLINE
  5
94D
330
17
100
AcDbEntity
  8
S1003
100
AcDbPolyline
 90
2
 70
0
 10
355.0
 20
143.0
 10
355.0
 20
107.25
  0
LWPOLYLINE
  5
94E
330
17
100
AcDbEntity
  8
S1003
100
AcDbPolyline
 90
2
 70
0
 10
410.0
 20
107.25
 10
410.0
 20
143.0
  0
LWPOLYLINE
  5
94F
330
17
100
AcDbEntity
  8
S1003
100
AcDbPolyline
 90
2
 70
0
 10
355.0
 20
71.5
 10
410.0
 20
71.5
  0
LWPOLYLINE
  5
950
330
17
100
AcDbEntity
  8
S1003
100
AcDbPolyline
 90
2
 70
0
 10
355.0
 20
107.25
 10
355.0
 20
71.5
  0
LWPOLYLINE
  5
951
330
17
100
AcDbEntity
  8
S1003
100
AcDbPolyline
 90
2
 70
0
 10
410.0
 20
71.5
 10
410.0
 20
107.25
  0
LWPOLYLINE
  5
952
330
17
100
AcDbEntity
  8
S1003
100
AcDbPolyline
 90
2
 70
0
 10
355.0
 20
35.75
 10
410.0
 20
35.75
  0
LWPOLYLINE
  5
953
330
17
100
AcDbEntity
  8
S1003
100
AcDbPolyline
 90
2
 70
0
 10
355.0
 20
71.5
 10
355.0
 20
35.75
  0
LWPOLYLINE
  5
954
330
17
100
AcDbEntity
  8
S1003
100
AcDbPolyline
 90
2
 70
0
 10
410.0
 20
35.75
 10
410.0
 20
71.5
  0
LWPOLYLINE
  5
955
330
17
100
AcDbEntity
  8
S1003
100
AcDbPolyline
 90
2
 70
0
 10
355.0
 20
0.0
 10
410.0
 20
0.0
  0
LWPOLYLINE
  5
956
330
17
100
AcDbEntity
  8
S1003
100
AcDbPolyline
 90
2
 70
0
 10
355.0
 20
35.75
 10
355.0
 20
0.0
  0
LWPOLYLINE
  5
957
330
17
100
AcDbEntity
  8
S1003
100
AcDbPolyline
 90
2
 70
0
 10
410.0
 20
0.0
 10
410.0
 20
35.75
  0
LWPOLYLINE
  5
958
330
17
100
AcDbEntity
  8
S1003
100
AcDbPolyline
 90
2
 70
0
 10
355.0
 20
-35.75
 10
410.0
 20
-35.75
  0
LWPOLYLINE
  5
959
330
17
100
AcDbEntity
  8
S1003
100
AcDbPolyline
 90
2
 70
0
 10
355.0
 20
0.0
 10
355.0
 20
-35.75
  0
LWPOLYLINE
  5
95A
330
17
100
AcDbEntity
  8
S1003
100
AcDbPolyline
 90
2
 70
0
 10
410.0
 20
-35.75
 10
410.0
 20
0.0
  0
LWPOLYLINE
  5
95B
330
17
100
AcDbEntity
  8
S1003
100
AcDbPolyline
 90
2
 70
0
 10
355.0
 20
-71.5
 10
410.0
 20
-71.5
  0
LWPOLYLINE
  5
95C
330
17
100
AcDbEntity
  8
S1003
100
AcDbPolyline
 90
2
 70
0
 10
355.0
 20
-35.75
 10
355.0
 20
-71.5
  0
LWPOLYLINE
  5
95D
330
17
100
AcDbEntity
  8
S1003
100
AcDbPolyline
 90
2
 70
0
 10
410.0
 20
-71.5
 10
410.0
 20
-35.75
  0
LWPOLYLINE
  5
95E
330
17
100
AcDbEntity
  8
S1003
100
AcDbPolyline
 90
2
 70
0
 10
355.0
 20
-107.25
 10
410.0
 20
-107.25
  0
LWPOLYLINE
  5
95F
330
17
100
AcDbEntity
  8
S1003
100
AcDbPolyline
 90
2
 70
0
 10
355.0
 20
-71.5
 10
355.0
 20
-107.25
  0
LWPOLYLINE
  5
960
330
17
100
AcDbEntity
  8
S1003
100
AcDbPolyline
 90
2
 70
0
 10
410.0
 20
-107.25
 10
410.0
 20
-71.5
  0
LWPOLYLINE
  5
961
330
17
100
AcDbEntity
  8
S1003
100
AcDbPolyline
 90
2
 70
0
 10
355.0
 20
-143.0
 10
410.0
 20
-143.0
  0
LWPOLYLINE
  5
962
330
17
100
AcDbEntity
  8
S1003
100
AcDbPolyline
 90
2
 70
0
 10
355.0
 20
-107.25
 10
355.0
 20
-143.0
  0
LWPOLYLINE
  5
963
330
17
100
AcDbEntity
  8
S1003
100
AcDbPolyline
 90
2
 70
0
 10
410.0
 20
-143.0
 10
410.0
 20
-107.25
  0
LWPOLYLINE
  5
964
330
17
100
AcDbEntity
  8
S1003
100
AcDbPolyline
 90
2
 70
0
 10
355.0
 20
-178.75
 10
410.0
 20
-178.75
  0
LWPOLYLINE
  5
965
330
17
100
AcDbEntity
  8
S1003
100
AcDbPolyline
 90
2
 70
0
 10
355.0
 20
-143.0
 10
355.0
 20
-178.75
  0
LWPOLYLINE
  5
966
330
17
100
AcDbEntity
  8
S1003
100
AcDbPolyline
 90
2
 70
0
 10
410.0
 20
-178.75
 10
410.0
 20
-143.0
  0
LWPOLYLINE
  5
967
330
17
100
AcDbEntity
  8
S1003
100
AcDbPolyline
 90
2
 70
0
 10
355.0
 20
-214.5
 10
410.0
 20
-214.5
  0
LWPOLYLINE
  5
968
330
17
100
AcDbEntity
  8
S1003
100
AcDbPolyline
 90
2
 70
0
 10
355.0
 20
-178.75
 10
355.0
 20
-214.5
  0
LWPOLYLINE
  5
969
330
17
100
AcDbEntity
  8
S1003
100
AcDbPolyline
 90
2
 70
0
 10
410.0
 20
-214.5
 10
410.0
 20
-178.75
  0
LWPOLYLINE
  5
96A
330
17
100
AcDbEntity
  8
S1003
100
AcDbPolyline
 90
2
 70
0
 10
355.0
 20
-250.25
 10
410.0
 20
-250.25
  0
LWPOLYLINE
  5
96B
330
17
100
AcDbEntity
  8
S1003
100
AcDbPolyline
 90
2
 70
0
 10
355.0
 20
-214.5
 10
355.0
 20
-250.25
  0
LWPOLYLINE
  5
96C
330
17
100
AcDbEntity
  8
S1003
100
AcDbPolyline
 90
2
 70
0
 10
410.0
 20
-250.25
 10
410.0
 20
-214.5
  0
LWPOLYLINE
  5
96D
330
17
100
AcDbEntity
  8
S1003
100
AcDbPolyline
 90
2
 70
0
 10
355.0
 20
-286.0
 10
410.0
 20
-286.0
  0
LWPOLYLINE
  5
96E
330
17
100
AcDbEntity
  8
S1003
100
AcDbPolyline
 90
2
 70
0
 10
355.0
 20
-250.25
 10
355.0
 20
-286.0
  0
LWPOLYLINE
  5
96F
330
17
100
AcDbEntity
  8
S1003
100
AcDbPolyline
 90
2
 70
0
 10
410.0
 20
-286.0
 10
410.0
 20
-250.25
  0
LWPOLYLINE
  5
970
330
17
100
AcDbEntity
  8
S1003
100
AcDbPolyline
 90
2
 70
0
 10
355.0
 20
-321.75
 10
410.0
 20
-321.75
  0
LWPOLYLINE
  5
971
330
17
100
AcDbEntity
  8
S1003
100
AcDbPolyline
 90
2
 70
0
 10
355.0
 20
-286.0
 10
355.0
 20
-321.75
  0
LWPOLYLINE
  5
972
330
17
100
AcDbEntity
  8
S1003
100
AcDbPolyline
 90
2
 70
0
 10
410.0
 20
-321.75
 10
410.0
 20
-286.0
  0
LWPOLYLINE
  5
973
330
17
100
AcDbEntity
  8
S1003
100
AcDbPolyline
 90
2
 70
0
 10
355.0
 20
-357.5
 10
410.0
 20
-357.5
  0
LWPOLYLINE
  5
974
330
17
100
AcDbEntity
  8
S1003
100
AcDbPolyline
 90
2
 70
0
 10
355.0
 20
-321.75
 10
355.0
 20
-357.5
  0
LWPOLYLINE
  5
975
330
17
100
AcDbEntity
  8
S1003
100
AcDbPolyline
 90
2
 70
0
 10
410.0
 20
-357.5
 10
410.0
 20
-321.75
  0
LWPOLYLINE
  5
976
330
17
100
AcDbEntity
  8
S1003
100
AcDbPolyline
 90
2
 70
0
 10
355.0
 20
-357.5
 10
355.0
 20
-357.5
  0
LWPOLYLINE
  5
977
330
17
100
AcDbEntity
  8
S1003
100
AcDbPolyline
 90
2
 70
0
 10
410.0
 20
-357.5
 10
410.0
 20
-357.5
  0
LWPOLYLINE
  5
979
330
17
100
AcDbEntity
  8
S1004
100
AcDbPolyline
 90
2
 70
0
 10
517.5
 20
-357.5
 10
462.5
 20
-357.5
  0
LWPOLYLINE
  5
97A
330
17
100
AcDbEntity
  8
S1004
100
AcDbPolyline
 90
2
 70
0
 10
462.5
 20
-321.75
 10
517.5
 20
-321.75
  0
LWPOLYLINE
  5
97B
330
17
100
AcDbEntity
  8
S1004
100
AcDbPolyline
 90
2
 70
0
 10
462.5
 20
-357.5
 10
462.5
 20
-321.75
  0
LWPOLYLINE
  5
97C
330
17
100
AcDbEntity
  8
S1004
100
AcDbPolyline
 90
2
 70
0
 10
517.5
 20
-321.75
 10
517.5
 20
-357.5
  0
LWPOLYLINE
  5
97D
330
17
100
AcDbEntity
  8
S1004
100
AcDbPolyline
 90
2
 70
0
 10
462.5
 20
-286.0
 10
517.5
 20
-286.0
  0
LWPOLYLINE
  5
97E
330
17
100
AcDbEntity
  8
S1004
100
AcDbPolyline
 90
2
 70
0
 10
462.5
 20
-321.75
 10
462.5
 20
-286.0
  0
LWPOLYLINE
  5
97F
330
17
100
AcDbEntity
  8
S1004
100
AcDbPolyline
 90
2
 70
0
 10
517.5
 20
-286.0
 10
517.5
 20
-321.75
  0
LWPOLYLINE
  5
980
330
17
100
AcDbEntity
  8
S1004
100
AcDbPolyline
 90
2
 70
0
 10
462.5
 20
-250.25
 10
517.5
 20
-250.25
  0
LWPOLYLINE
  5
981
330
17
100
AcDbEntity
  8
S1004
100
AcDbPolyline
 90
2
 70
0
 10
462.5
 20
-286.0
 10
462.5
 20
-250.25
  0
LWPOLYLINE
  5
982
330
17
100
AcDbEntity
  8
S1004
100
AcDbPolyline
 90
2
 70
0
 10
517.5
 20
-250.25
 10
517.5
 20
-286.0
  0
LWPOLYLINE
  5
983
330
17
100
AcDbEntity
  8
S1004
100
AcDbPolyline
 90
2
 70
0
 10
462.5
 20
-214.5
 10
517.5
 20
-214.5
  0
LWPOLYLINE
  5
984
330
17
100
AcDbEntity
  8
S1004
100
AcDbPolyline
 90
2
 70
0
 10
462.5
 20
-250.25
 10
462.5
 20
-214.5
  0
LWPOLYLINE
  5
985
330
17
100
AcDbEntity
  8
S1004
100
AcDbPolyline
 90
2
 70
0
 10
517.5
 20
-214.5
 10
517.5
 20
-250.25
  0
LWPOLYLINE
  5
986
330
17
100
AcDbEntity
  8
S1004
100
AcDbPolyline
 90
2
 70
0
 10
462.5
 20
-178.75
 10
517.5
 20
-178.75
  0
LWPOLYLINE
  5
987
330
17
100
AcDbEntity
  8
S1004
100
AcDbPolyline
 90
2
 70
0
 10
462.5
 20
-214.5
 10
462.5
 20
-178.75
  0
LWPOLYLINE
  5
988
330
17
100
AcDbEntity
  8
S1004
100
AcDbPolyline
 90
2
 70
0
 10
517.5
 20
-178.75
 10
517.5
 20
-214.5
  0
LWPOLYLINE
  5
989
330
17
100
AcDbEntity
  8
S1004
100
AcDbPolyline
 90
2
 70
0
 10
462.5
 20
-143.0
 10
517.5
 20
-143.0
  0
LWPOLYLINE
  5
98A
330
17
100
AcDbEntity
  8
S1004
100
AcDbPolyline
 90
2
 70
0
 10
462.5
 20
-178.75
 10
462.5
 20
-143.0
  0
LWPOLYLINE
  5
98B
330
17
100
AcDbEntity
  8
S1004
100
AcDbPolyline
 90
2
 70
0
 10
517.5
 20
-143.0
 10
517.5
 20
-178.75
  0
LWPOLYLINE
  5
98C
330
17
100
AcDbEntity
  8
S1004
100
AcDbPolyline
 90
2
 70
0
 10
462.5
 20
-107.25
 10
517.5
 20
-107.25
  0
LWPOLYLINE
  5
98D
330
17
100
AcDbEntity
  8
S1004
100
AcDbPolyline
 90
2
 70
0
 10
462.5
 20
-143.0
 10
462.5
 20
-107.25
  0
LWPOLYLINE
  5
98E
330
17
100
AcDbEntity
  8
S1004
100
AcDbPolyline
 90
2
 70
0
 10
517.5
 20
-107.25
 10
517.5
 20
-143.0
  0
LWPOLYLINE
  5
98F
330
17
100
AcDbEntity
  8
S1004
100
AcDbPolyline
 90
2
 70
0
 10
462.5
 20
-71.5
 10
517.5
 20
-71.5
  0
LWPOLYLINE
  5
990
330
17
100
AcDbEntity
  8
S1004
100
AcDbPolyline
 90
2
 70
0
 10
462.5
 20
-107.25
 10
462.5
 20
-71.5
  0
LWPOLYLINE
  5
991
330
17
100
AcDbEntity
  8
S1004
100
AcDbPolyline
 90
2
 70
0
 10
517.5
 20
-71.5
 10
517.5
 20
-107.25
  0
LWPOLYLINE
  5
992
330
17
100
AcDbEntity
  8
S1004
100
AcDbPolyline
 90
2
 70
0
 10
462.5
 20
-35.75
 10
517.5
 20
-35.75
  0
LWPOLYLINE
  5
993
330
17
100
AcDbEntity
  8
S1004
100
AcDbPolyline
 90
2
 70
0
 10
462.5
 20
-71.5
 10
462.5
 20
-35.75
  0
LWPOLYLINE
  5
994
330
17
100
AcDbEntity
  8
S1004
100
AcDbPolyline
 90
2
 70
0
 10
517.5
 20
-35.75
 10
517.5
 20
-71.5
  0
LWPOLYLINE
  5
995
330
17
100
AcDbEntity
  8
S1004
100
AcDbPolyline
 90
2
 70
0
 10
462.5
 20
0.0
 10
517.5
 20
0.0
  0
LWPOLYLINE
  5
996
330
17
100
AcDbEntity
  8
S1004
100
AcDbPolyline
 90
2
 70
0
 10
462.5
 20
-35.75
 10
462.5
 20
0.0
  0
LWPOLYLINE
  5
997
330
17
100
AcDbEntity
  8
S1004
100
AcDbPolyline
 90
2
 70
0
 10
517.5
 20
0.0
 10
517.5
 20
-35.75
  0
LWPOLYLINE
  5
998
330
17
100
AcDbEntity
  8
S1004
100
AcDbPolyline
 90
2
 70
0
 10
462.5
 20
35.75
 10
517.5
 20
35.75
  0
LWPOLYLINE
  5
999
330
17
100
AcDbEntity
  8
S1004
100
AcDbPolyline
 90
2
 70
0
 10
462.5
 20
0.0
 10
462.5
 20
35.75
  0
LWPOLYLINE
  5
99A
330
17
100
AcDbEntity
  8
S1004
100
AcDbPolyline
 90
2
 70
0
 10
517.5
 20
35.75
 10
517.5
 20
0.0
  0
LWPOLYLINE
  5
99B
330
17
100
AcDbEntity
  8
S1004
100
AcDbPolyline
 90
2
 70
0
 10
462.5
 20
71.5
 10
517.5
 20
71.5
  0
LWPOLYLINE
  5
99C
330
17
100
AcDbEntity
  8
S1004
100
AcDbPolyline
 90
2
 70
0
 10
462.5
 20
35.75
 10
462.5
 20
71.5
  0
LWPOLYLINE
  5
99D
330
17
100
AcDbEntity
  8
S1004
100
AcDbPolyline
 90
2
 70
0
 10
517.5
 20
71.5
 10
517.5
 20
35.75
  0
LWPOLYLINE
  5
99E
330
17
100
AcDbEntity
  8
S1004
100
AcDbPolyline
 90
2
 70
0
 10
462.5
 20
107.25
 10
517.5
 20
107.25
  0
LWPOLYLINE
  5
99F
330
17
100
AcDbEntity
  8
S1004
100
AcDbPolyline
 90
2
 70
0
 10
462.5
 20
71.5
 10
462.5
 20
107.25
  0
LWPOLYLINE
  5
9A0
330
17
100
AcDbEntity
  8
S1004
100
AcDbPolyline
 90
2
 70
0
 10
517.5
 20
107.25
 10
517.5
 20
71.5
  0
LWPOLYLINE
  5
9A1
330
17
100
AcDbEntity
  8
S1004
100
AcDbPolyline
 90
2
 70
0
 10
462.5
 20
143.0
 10
517.5
 20
143.0
  0
LWPOLYLINE
  5
9A2
330
17
100
AcDbEntity
  8
S1004
100
AcDbPolyline
 90
2
 70
0
 10
462.5
 20
107.25
 10
462.5
 20
143.0
  0
LWPOLYLINE
  5
9A3
330
17
100
AcDbEntity
  8
S1004
100
AcDbPolyline
 90
2
 70
0
 10
517.5
 20
143.0
 10
517.5
 20
107.25
  0
LWPOLYLINE
  5
9A4
330
17
100
AcDbEntity
  8
S1004
100
AcDbPolyline
 90
2
 70
0
 10
462.5
 20
178.75
 10
517.5
 20
178.75
  0
LWPOLYLINE
  5
9A5
330
17
100
AcDbEntity
  8
S1004
100
AcDbPolyline
 90
2
 70
0
 10
462.5
 20
143.0
 10
462.5
 20
178.75
  0
LWPOLYLINE
  5
9A6
330
17
100
AcDbEntity
  8
S1004
100
AcDbPolyline
 90
2
 70
0
 10
517.5
 20
178.75
 10
517.5
 20
143.0
  0
LWPOLYLINE
  5
9A7
330
17
100
AcDbEntity
  8
S1004
100
AcDbPolyline
 90
2
 70
0
 10
462.5
 20
214.5
 10
517.5
 20
214.5
  0
LWPOLYLINE
  5
9A8
330
17
100
AcDbEntity
  8
S1004
100
AcDbPolyline
 90
2
 70
0
 10
462.5
 20
178.75
 10
462.5
 20
214.5
  0
LWPOLYLINE
  5
9A9
330
17
100
AcDbEntity
  8
S1004
100
AcDbPolyline
 90
2
 70
0
 10
517.5
 20
214.5
 10
517.5
 20
178.75
  0
LWPOLYLINE
  5
9AA
330
17
100
AcDbEntity
  8
S1004
100
AcDbPolyline
 90
2
 70
0
 10
462.5
 20
250.25
 10
517.5
 20
250.25
  0
LWPOLYLINE
  5
9AB
330
17
100
AcDbEntity
  8
S1004
100
AcDbPolyline
 90
2
 70
0
 10
462.5
 20
214.5
 10
462.5
 20
250.25
  0
LWPOLYLINE
  5
9AC
330
17
100
AcDbEntity
  8
S1004
100
AcDbPolyline
 90
2
 70
0
 10
517.5
 20
250.25
 10
517.5
 20
214.5
  0
LWPOLYLINE
  5
9AD
330
17
100
AcDbEntity
  8
S1004
100
AcDbPolyline
 90
2
 70
0
 10
462.5
 20
286.0
 10
517.5
 20
286.0
  0
LWPOLYLINE
  5
9AE
330
17
100
AcDbEntity
  8
S1004
100
AcDbPolyline
 90
2
 70
0
 10
462.5
 20
250.25
 10
462.5
 20
286.0
  0
LWPOLYLINE
  5
9AF
330
17
100
AcDbEntity
  8
S1004
100
AcDbPolyline
 90
2
 70
0
 10
517.5
 20
286.0
 10
517.5
 20
250.25
  0
LWPOLYLINE
  5
9B0
330
17
100
AcDbEntity
  8
S1004
100
AcDbPolyline
 90
2
 70
0
 10
462.5
 20
321.75
 10
517.5
 20
321.75
  0
LWPOLYLINE
  5
9B1
330
17
100
AcDbEntity
  8
S1004
100
AcDbPolyline
 90
2
 70
0
 10
462.5
 20
286.0
 10
462.5
 20
321.75
  0
LWPOLYLINE
  5
9B2
330
17
100
AcDbEntity
  8
S1004
100
AcDbPolyline
 90
2
 70
0
 10
517.5
 20
321.75
 10
517.5
 20
286.0
  0
LWPOLYLINE
  5
9B3
330
17
100
AcDbEntity
  8
S1004
100
AcDbPolyline
 90
2
 70
0
 10
462.5
 20
357.5
 10
517.5
 20
357.5
  0
LWPOLYLINE
  5
9B4
330
17
100
AcDbEntity
  8
S1004
100
AcDbPolyline
 90
2
 70
0
 10
462.5
 20
321.75
 10
462.5
 20
357.5
  0
LWPOLYLINE
  5
9B5
330
17
100
AcDbEntity
  8
S1004
100
AcDbPolyline
 90
2
 70
0
 10
517.5
 20
357.5
 10
517.5
 20
321.75
  0
LWPOLYLINE
  5
9B6
330
17
100
AcDbEntity
  8
S1004
100
AcDbPolyline
 90
2
 70
0
 10
462.5
 20
357.5
 10
517.5
 20
357.5
  0
LWPOLYLINE
  5
9B7
330
17
100
AcDbEntity
  8
S1004
100
AcDbPolyline
 90
2
 70
0
 10
462.5
 20
357.5
 10
462.5
 20
357.5
  0
LWPOLYLINE
  5
9B8
330
17
100
AcDbEntity
  8
S1004
100
AcDbPolyline
 90
2
 70
0
 10
517.5
 20
357.5
 10
517.5
 20
357.5
  0
LWPOLYLINE
  5
9B9
330
17
100
AcDbEntity
  8
S1004
100
AcDbPolyline
 90
2
 70
0
 10
462.5
 20
321.75
 10
517.5
 20
321.75
  0
LWPOLYLINE
  5
9BA
330
17
100
AcDbEntity
  8
S1004
100
AcDbPolyline
 90
2
 70
0
 10
462.5
 20
357.5
 10
462.5
 20
321.75
  0
LWPOLYLINE
  5
9BB
330
17
100
AcDbEntity
  8
S1004
100
AcDbPolyline
 90
2
 70
0
 10
517.5
 20
321.75
 10
517.5
 20
357.5
  0
LWPOLYLINE
  5
9BC
330
17
100
AcDbEntity
  8
S1004
100
AcDbPolyline
 90
2
 70
0
 10
462.5
 20
286.0
 10
517.5
 20
286.0
  0
LWPOLYLINE
  5
9BD
330
17
100
AcDbEntity
  8
S1004
100
AcDbPolyline
 90
2
 70
0
 10
462.5
 20
321.75
 10
462.5
 20
286.0
  0
LWPOLYLINE
  5
9BE
330
17
100
AcDbEntity
  8
S1004
100
AcDbPolyline
 90
2
 70
0
 10
517.5
 20
286.0
 10
517.5
 20
321.75
  0
LWPOLYLINE
  5
9BF
330
17
100
AcDbEntity
  8
S1004
100
AcDbPolyline
 90
2
 70
0
 10
462.5
 20
250.25
 10
517.5
 20
250.25
  0
LWPOLYLINE
  5
9C0
330
17
100
AcDbEntity
  8
S1004
100
AcDbPolyline
 90
2
 70
0
 10
462.5
 20
286.0
 10
462.5
 20
250.25
  0
LWPOLYLINE
  5
9C1
330
17
100
AcDbEntity
  8
S1004
100
AcDbPolyline
 90
2
 70
0
 10
517.5
 20
250.25
 10
517.5
 20
286.0
  0
LWPOLYLINE
  5
9C2
330
17
100
AcDbEntity
  8
S1004
100
AcDbPolyline
 90
2
 70
0
 10
462.5
 20
214.5
 10
517.5
 20
214.5
  0
LWPOLYLINE
  5
9C3
330
17
100
AcDbEntity
  8
S1004
100
AcDbPolyline
 90
2
 70
0
 10
462.5
 20
250.25
 10
462.5
 20
214.5
  0
LWPOLYLINE
  5
9C4
330
17
100
AcDbEntity
  8
S1004
100
AcDbPolyline
 90
2
 70
0
 10
517.5
 20
214.5
 10
517.5
 20
250.25
  0
LWPOLYLINE
  5
9C5
330
17
100
AcDbEntity
  8
S1004
100
AcDbPolyline
 90
2
 70
0
 10
462.5
 20
178.75
 10
517.5
 20
178.75
  0
LWPOLYLINE
  5
9C6
330
17
100
AcDbEntity
  8
S1004
100
AcDbPolyline
 90
2
 70
0
 10
462.5
 20
214.5
 10
462.5
 20
178.75
  0
LWPOLYLINE
  5
9C7
330
17
100
AcDbEntity
  8
S1004
100
AcDbPolyline
 90
2
 70
0
 10
517.5
 20
178.75
 10
517.5
 20
214.5
  0
LWPOLYLINE
  5
9C8
330
17
100
AcDbEntity
  8
S1004
100
AcDbPolyline
 90
2
 70
0
 10
462.5
 20
143.0
 10
517.5
 20
143.0
  0
LWPOLYLINE
  5
9C9
330
17
100
AcDbEntity
  8
S1004
100
AcDbPolyline
 90
2
 70
0
 10
462.5
 20
178.75
 10
462.5
 20
143.0
  0
LWPOLYLINE
  5
9CA
330
17
100
AcDbEntity
  8
S1004
100
AcDbPolyline
 90
2
 70
0
 10
517.5
 20
143.0
 10
517.5
 20
178.75
  0
LWPOLYLINE
  5
9CB
330
17
100
AcDbEntity
  8
S1004
100
AcDbPolyline
 90
2
 70
0
 10
462.5
 20
107.25
 10
517.5
 20
107.25
  0
LWPOLYLINE
  5
9CC
330
17
100
AcDbEntity
  8
S1004
100
AcDbPolyline
 90
2
 70
0
 10
462.5
 20
143.0
 10
462.5
 20
107.25
  0
LWPOLYLINE
  5
9CD
330
17
100
AcDbEntity
  8
S1004
100
AcDbPolyline
 90
2
 70
0
 10
517.5
 20
107.25
 10
517.5
 20
143.0
  0
LWPOLYLINE
  5
9CE
330
17
100
AcDbEntity
  8
S1004
100
AcDbPolyline
 90
2
 70
0
 10
462.5
 20
71.5
 10
517.5
 20
71.5
  0
LWPOLYLINE
  5
9CF
330
17
100
AcDbEntity
  8
S1004
100
AcDbPolyline
 90
2
 70
0
 10
462.5
 20
107.25
 10
462.5
 20
71.5
  0
LWPOLYLINE
  5
9D0
330
17
100
AcDbEntity
  8
S1004
100
AcDbPolyline
 90
2
 70
0
 10
517.5
 20
71.5
 10
517.5
 20
107.25
  0
LWPOLYLINE
  5
9D1
330
17
100
AcDbEntity
  8
S1004
100
AcDbPolyline
 90
2
 70
0
 10
462.5
 20
35.75
 10
517.5
 20
35.75
  0
LWPOLYLINE
  5
9D2
330
17
100
AcDbEntity
  8
S1004
100
AcDbPolyline
 90
2
 70
0
 10
462.5
 20
71.5
 10
462.5
 20
35.75
  0
LWPOLYLINE
  5
9D3
330
17
100
AcDbEntity
  8
S1004
100
AcDbPolyline
 90
2
 70
0
 10
517.5
 20
35.75
 10
517.5
 20
71.5
  0
LWPOLYLINE
  5
9D4
330
17
100
AcDbEntity
  8
S1004
100
AcDbPolyline
 90
2
 70
0
 10
462.5
 20
0.0
 10
517.5
 20
0.0
  0
LWPOLYLINE
  5
9D5
330
17
100
AcDbEntity
  8
S1004
100
AcDbPolyline
 90
2
 70
0
 10
462.5
 20
35.75
 10
462.5
 20
0.0
  0
LWPOLYLINE
  5
9D6
330
17
100
AcDbEntity
  8
S1004
100
AcDbPolyline
 90
2
 70
0
 10
517.5
 20
0.0
 10
517.5
 20
35.75
  0
LWPOLYLINE
  5
9D7
330
17
100
AcDbEntity
  8
S1004
100
AcDbPolyline
 90
2
 70
0
 10
462.5
 20
-35.75
 10
517.5
 20
-35.75
  0
LWPOLYLINE
  5
9D8
330
17
100
AcDbEntity
  8
S1004
100
AcDbPolyline
 90
2
 70
0
 10
462.5
 20
0.0
 10
462.5
 20
-35.75
  0
LWPOLYLINE
  5
9D9
330
17
100
AcDbEntity
  8
S1004
100
AcDbPolyline
 90
2
 70
0
 10
517.5
 20
-35.75
 10
517.5
 20
0.0
  0
LWPOLYLINE
  5
9DA
330
17
100
AcDbEntity
  8
S1004
100
AcDbPolyline
 90
2
 70
0
 10
462.5
 20
-71.5
 10
517.5
 20
-71.5
  0
LWPOLYLINE
  5
9DB
330
17
100
AcDbEntity
  8
S1004
100
AcDbPolyline
 90
2
 70
0
 10
462.5
 20
-35.75
 10
462.5
 20
-71.5
  0
LWPOLYLINE
  5
9DC
330
17
100
AcDbEntity
  8
S1004
100
AcDbPolyline
 90
2
 70
0
 10
517.5
 20
-71.5
 10
517.5
 20
-35.75
  0
LWPOLYLINE
  5
9DD
330
17
100
AcDbEntity
  8
S1004
100
AcDbPolyline
 90
2
 70
0
 10
462.5
 20
-107.25
 10
517.5
 20
-107.25
  0
LWPOLYLINE
  5
9DE
330
17
100
AcDbEntity
  8
S1004
100
AcDbPolyline
 90
2
 70
0
 10
462.5
 20
-71.5
 10
462.5
 20
-107.25
  0
LWPOLYLINE
  5
9DF
330
17
100
AcDbEntity
  8
S1004
100
AcDbPolyline
 90
2
 70
0
 10
517.5
 20
-107.25
 10
517.5
 20
-71.5
  0
LWPOLYLINE
  5
9E0
330
17
100
AcDbEntity
  8
S1004
100
AcDbPolyline
 90
2
 70
0
 10
462.5
 20
-143.0
 10
517.5
 20
-143.0
  0
LWPOLYLINE
  5
9E1
330
17
100
AcDbEntity
  8
S1004
100
AcDbPolyline
 90
2
 70
0
 10
462.5
 20
-107.25
 10
462.5
 20
-143.0
  0
LWPOLYLINE
  5
9E2
330
17
100
AcDbEntity
  8
S1004
100
AcDbPolyline
 90
2
 70
0
 10
517.5
 20
-143.0
 10
517.5
 20
-107.25
  0
LWPOLYLINE
  5
9E3
330
17
100
AcDbEntity
  8
S1004
100
AcDbPolyline
 90
2
 70
0
 10
462.5
 20
-178.75
 10
517.5
 20
-178.75
  0
LWPOLYLINE
  5
9E4
330
17
100
AcDbEntity
  8
S1004
100
AcDbPolyline
 90
2
 70
0
 10
462.5
 20
-143.0
 10
462.5
 20
-178.75
  0
LWPOLYLINE
  5
9E5
330
17
100
AcDbEntity
  8
S1004
100
AcDbPolyline
 90
2
 70
0
 10
517.5
 20
-178.75
 10
517.5
 20
-143.0
  0
LWPOLYLINE
  5
9E6
330
17
100
AcDbEntity
  8
S1004
100
AcDbPolyline
 90
2
 70
0
 10
462.5
 20
-214.5
 10
517.5
 20
-214.5
  0
LWPOLYLINE
  5
9E7
330
17
100
AcDbEntity
  8
S1004
100
AcDbPolyline
 90
2
 70
0
 10
462.5
 20
-178.75
 10
462.5
 20
-214.5
  0
LWPOLYLINE
  5
9E8
330
17
100
AcDbEntity
  8
S1004
100
AcDbPolyline
 90
2
 70
0
 10
517.5
 20
-214.5
 10
517.5
 20
-178.75
  0
LWPOLYLINE
  5
9E9
330
17
100
AcDbEntity
  8
S1004
100
AcDbPolyline
 90
2
 70
0
 10
462.5
 20
-250.25
 10
517.5
 20
-250.25
  0
LWPOLYLINE
  5
9EA
330
17
100
AcDbEntity
  8
S1004
100
AcDbPolyline
 90
2
 70
0
 10
462.5
 20
-214.5
 10
462.5
 20
-250.25
  0
LWPOLYLINE
  5
9EB
330
17
100
AcDbEntity
  8
S1004
100
AcDbPolyline
 90
2
 70
0
 10
517.5
 20
-250.25
 10
517.5
 20
-214.5
  0
LWPOLYLINE
  5
9EC
330
17
100
AcDbEntity
  8
S1004
100
AcDbPolyline
 90
2
 70
0
 10
462.5
 20
-286.0
 10
517.5
 20
-286.0
  0
LWPOLYLINE
  5
9ED
330
17
100
AcDbEntity
  8
S1004
100
AcDbPolyline
 90
2
 70
0
 10
462.5
 20
-250.25
 10
462.5
 20
-286.0
  0
LWPOLYLINE
  5
9EE
330
17
100
AcDbEntity
  8
S1004
100
AcDbPolyline
 90
2
 70
0
 10
517.5
 20
-286.0
 10
517.5
 20
-250.25
  0
LWPOLYLINE
  5
9EF
330
17
100
AcDbEntity
  8
S1004
100
AcDbPolyline
 90
2
 70
0
 10
462.5
 20
-321.75
 10
517.5
 20
-321.75
  0
LWPOLYLINE
  5
9F0
330
17
100
AcDbEntity
  8
S1004
100
AcDbPolyline
 90
2
 70
0
 10
462.5
 20
-286.0
 10
462.5
 20
-321.75
  0
LWPOLYLINE
  5
9F1
330
17
100
AcDbEntity
  8
S1004
100
AcDbPolyline
 90
2
 70
0
 10
517.5
 20
-321.75
 10
517.5
 20
-286.0
  0
LWPOLYLINE
  5
9F2
330
17
100
AcDbEntity
  8
S1004
100
AcDbPolyline
 90
2
 70
0
 10
462.5
 20
-357.5
 10
517.5
 20
-357.5
  0
LWPOLYLINE
  5
9F3
330
17
100
AcDbEntity
  8
S1004
100
AcDbPolyline
 90
2
 70
0
 10
462.5
 20
-321.75
 10
462.5
 20
-357.5
  0
LWPOLYLINE
  5
9F4
330
17
100
AcDbEntity
  8
S1004
100
AcDbPolyline
 90
2
 70
0
 10
517.5
 20
-357.5
 10
517.5
 20
-321.75
  0
LWPOLYLINE
  5
9F5
330
17
100
AcDbEntity
  8
S1004
100
AcDbPolyline
 90
2
 70
0
 10
462.5
 20
-357.5
 10
462.5
 20
-357.5
  0
LWPOLYLINE
  5
9F6
330
17
100
AcDbEntity
  8
S1004
100
AcDbPolyline
 90
2
 70
0
 10
517.5
 20
-357.5
 10
517.5
 20
-357.5
  0
LWPOLYLINE
  5
9F8
330
17
100
AcDbEntity
  8
S200
100
AcDbPolyline
 90
2
 70
0
 10
9.999999999999993
 20
-300.0
 10
9.999999999999993
 20
300.0
  0
LWPOLYLINE
  5
9F9
330
17
100
AcDbEntity
  8
S200
100
AcDbPolyline
 90
2
 70
0
 10
9.999999999999993
 20
-300.0
 10
9.999999999999993
 20
-300.0
  0
LWPOLYLINE
  5
9FA
330
17
100
AcDbEntity
  8
S200
100
AcDbPolyline
 90
2
 70
0
 10
9.999999999999993
 20
300.0
 10
9.999999999999993
 20
300.0
  0
LWPOLYLINE
  5
9FB
330
17
100
AcDbEntity
  8
S200
100
AcDbPolyline
 90
2
 70
0
 10
9.999999999999993
 20
300.0
 10
9.999999999999993
 20
-300.0
  0
LWPOLYLINE
  5
9FC
330
17
100
AcDbEntity
  8
S200
100
AcDbPolyline
 90
16
 70
0
 10
9.999999999999993
 20
-300.0
 10
10.13695261579316
 20
-302.6132115816913
 10
10.546309981654847
 20
-305.197792270444
 10
11.223587092621145
 20
-307.7254248593737
 10
12.161363558934958
 20
-310.16841607689497
 10
13.349364905389006
 20
-312.49999999999994
 10
14.774575140626279
 20
-314.6946313073118
 10
16.4213793630651
 20
-316.7282651589714
 10
18.27173484102849
 20
-318.57862063693483
 10
20.305368692688106
 20
-320.2254248593736
 10
22.499999999999922
 20
-321.65063509461095
 10
24.83158392310491
 20
-322.838636441065
 10
27.27457514062622
 20
-323.7764129073788
 10
29.80220772955591
 20
-324.4536900183451
 10
32.38678841830855
 20
-324.8630473842068
 10
34.999999999999986
 20
-325.0
  0
LWPOLYLINE
  5
9FD
330
17
100
AcDbEntity
  8
S200
100
AcDbPolyline
 90
16
 70
0
 10
9.999999999999993
 20
300.0
 10
10.13695261579316
 20
302.61321158169136
 10
10.54630998165485
 20
305.197792270444
 10
11.223587092621152
 20
307.7254248593737
 10
12.161363558934966
 20
310.16841607689497
 10
13.349364905389024
 20
312.5
 10
14.774575140626308
 20
314.69463130731185
 10
16.421379363065135
 20
316.72826515897145
 10
18.271734841028543
 20
318.57862063693483
 10
20.305368692688173
 20
320.2254248593737
 10
22.500000000000004
 20
321.65063509461095
 10
24.831583923105
 20
322.83863644106503
 10
27.274575140626325
 20
323.77641290737887
 10
29.80220772955603
 20
324.4536900183451
 10
32.38678841830868
 20
324.8630473842068
 10
34.99999999999999
 20
325.0
  0
LWPOLYLINE
  5
9FE
330
17
100
AcDbEntity
  8
S200
100
AcDbPolyline
 90
2
 70
0
 10
34.99999999999999
 20
-325.0
 10
515.0
 20
-325.0
  0
LWPOLYLINE
  5
9FF
330
17
100
AcDbEntity
  8
S200
100
AcDbPolyline
 90
2
 70
0
 10
515.0
 20
325.0
 10
34.99999999999999
 20
325.0
  0
LWPOLYLINE
  5
A00
330
17
100
AcDbEntity
  8
S200
100
AcDbPolyline
 90
16
 70
0
 10
540.0
 20
-300.0
 10
539.8630473842069
 20
-302.6132115816913
 10
539.4536900183451
 20
-305.197792270444
 10
538.7764129073788
 20
-307.7254248593737
 10
537.8386364410651
 20
-310.16841607689497
 10
536.650635094611
 20
-312.49999999999994
 10
535.2254248593737
 20
-314.6946313073118
 10
533.5786206369349
 20
-316.7282651589714
 10
531.7282651589715
 20
-318.57862063693483
 10
529.6946313073119
 20
-320.2254248593736
 10
527.5000000000001
 20
-321.65063509461095
 10
525.168416076895
 20
-322.838636441065
 10
522.7254248593738
 20
-323.7764129073788
 10
520.1977922704441
 20
-324.4536900183451
 10
517.6132115816914
 20
-324.8630473842068
 10
515.0
 20
-325.0
  0
LWPOLYLINE
  5
A01
330
17
100
AcDbEntity
  8
S200
100
AcDbPolyline
 90
16
 70
0
 10
540.0
 20
300.0
 10
539.8630473842069
 20
302.61321158169136
 10
539.4536900183451
 20
305.197792270444
 10
538.7764129073788
 20
307.7254248593737
 10
537.838636441065
 20
310.16841607689497
 10
536.650635094611
 20
312.5
 10
535.2254248593737
 20
314.69463130731185
 10
533.5786206369348
 20
316.72826515897145
 10
531.7282651589715
 20
318.57862063693483
 10
529.6946313073119
 20
320.2254248593737
 10
527.5
 20
321.65063509461095
 10
525.168416076895
 20
322.83863644106503
 10
522.7254248593737
 20
323.77641290737887
 10
520.197792270444
 20
324.4536900183451
 10
517.6132115816913
 20
324.8630473842068
 10
515.0
 20
325.0
  0
LWPOLYLINE
  5
A02
330
17
100
AcDbEntity
  8
S200
100
AcDbPolyline
 90
2
 70
0
 10
540.0
 20
-300.0
 10
540.0
 20
300.0
  0
LWPOLYLINE
  5
A03
330
17
100
AcDbEntity
  8
S200
100
AcDbPolyline
 90
16
 70
0
 10
9.999999999999993
 20
-300.0
 10
10.13695261579316
 20
-302.6132115816913
 10
10.546309981654847
 20
-305.197792270444
 10
11.223587092621145
 20
-307.7254248593737
 10
12.161363558934958
 20
-310.16841607689497
 10
13.349364905389006
 20
-312.49999999999994
 10
14.774575140626279
 20
-314.6946313073118
 10
16.4213793630651
 20
-316.7282651589714
 10
18.27173484102849
 20
-318.57862063693483
 10
20.305368692688106
 20
-320.2254248593736
 10
22.499999999999922
 20
-321.65063509461095
 10
24.83158392310491
 20
-322.838636441065
 10
27.27457514062622
 20
-323.7764129073788
 10
29.80220772955591
 20
-324.4536900183451
 10
32.38678841830855
 20
-324.8630473842068
 10
34.999999999999986
 20
-325.0
  0
LWPOLYLINE
  5
A04
330
17
100
AcDbEntity
  8
S200
100
AcDbPolyline
 90
2
 70
0
 10
34.99999999999999
 20
-325.0
 10
34.99999999999999
 20
-325.0
  0
LWPOLYLINE
  5
A05
330
17
100
AcDbEntity
  8
S200
100
AcDbPolyline
 90
16
 70
0
 10
9.999999999999993
 20
300.0
 10
10.13695261579316
 20
302.61321158169136
 10
10.54630998165485
 20
305.197792270444
 10
11.223587092621152
 20
307.7254248593737
 10
12.161363558934966
 20
310.16841607689497
 10
13.349364905389024
 20
312.5
 10
14.774575140626308
 20
314.69463130731185
 10
16.421379363065135
 20
316.72826515897145
 10
18.271734841028543
 20
318.57862063693483
 10
20.305368692688173
 20
320.2254248593737
 10
22.500000000000004
 20
321.65063509461095
 10
24.831583923105
 20
322.83863644106503
 10
27.274575140626325
 20
323.77641290737887
 10
29.80220772955603
 20
324.4536900183451
 10
32.38678841830868
 20
324.8630473842068
 10
34.99999999999999
 20
325.0
  0
LWPOLYLINE
  5
A06
330
17
100
AcDbEntity
  8
S200
100
AcDbPolyline
 90
2
 70
0
 10
34.99999999999999
 20
325.0
 10
34.99999999999999
 20
325.0
  0
LWPOLYLINE
  5
A07
330
17
100
AcDbEntity
  8
S200
100
AcDbPolyline
 90
2
 70
0
 10
515.0
 20
-325.0
 10
34.99999999999999
 20
-325.0
  0
LWPOLYLINE
  5
A08
330
17
100
AcDbEntity
  8
S200
100
AcDbPolyline
 90
2
 70
0
 10
34.99999999999999
 20
325.0
 10
515.0
 20
325.0
  0
LWPOLYLINE
  5
A09
330
17
100
AcDbEntity
  8
S200
100
AcDbPolyline
 90
16
 70
0
 10
540.0
 20
-300.0
 10
539.8630473842069
 20
-302.6132115816913
 10
539.4536900183451
 20
-305.197792270444
 10
538.7764129073788
 20
-307.7254248593737
 10
537.8386364410651
 20
-310.16841607689497
 10
536.650635094611
 20
-312.49999999999994
 10
535.2254248593737
 20
-314.6946313073118
 10
533.5786206369349
 20
-316.7282651589714
 10
531.7282651589715
 20
-318.57862063693483
 10
529.6946313073119
 20
-320.2254248593736
 10
527.5000000000001
 20
-321.65063509461095
 10
525.168416076895
 20
-322.838636441065
 10
522.7254248593738
 20
-323.7764129073788
 10
520.1977922704441
 20
-324.4536900183451
 10
517.6132115816914
 20
-324.8630473842068
 10
515.0
 20
-325.0
  0
LWPOLYLINE
  5
A0A
330
17
100
AcDbEntity
  8
S200
100
AcDbPolyline
 90
16
 70
0
 10
540.0
 20
300.0
 10
539.8630473842069
 20
302.61321158169136
 10
539.4536900183451
 20
305.197792270444
 10
538.7764129073788
 20
307.7254248593737
 10
537.838636441065
 20
310.16841607689497
 10
536.650635094611
 20
312.5
 10
535.2254248593737
 20
314.69463130731185
 10
533.5786206369348
 20
316.72826515897145
 10
531.7282651589715
 20
318.57862063693483
 10
529.6946313073119
 20
320.2254248593737
 10
527.5
 20
321.65063509461095
 10
525.168416076895
 20
322.83863644106503
 10
522.7254248593737
 20
323.77641290737887
 10
520.197792270444
 20
324.4536900183451
 10
517.6132115816913
 20
324.8630473842068
 10
515.0
 20
325.0
  0
LWPOLYLINE
  5
A0B
330
17
100
AcDbEntity
  8
S200
100
AcDbPolyline
 90
2
 70
0
 10
540.0
 20
300.0
 10
540.0
 20
-300.0
  0
LWPOLYLINE
  5
A0C
330
17
100
AcDbEntity
  8
S200
100
AcDbPolyline
 90
2
 70
0
 10
515.0
 20
-325.0
 10
515.0
 20
-325.0
  0
LWPOLYLINE
  5
A0D
330
17
100
AcDbEntity
  8
S200
100
AcDbPolyline
 90
2
 70
0
 10
515.0
 20
325.0
 10
515.0
 20
325.0
  0
LWPOLYLINE
  5
A0E
330
17
100
AcDbEntity
  8
S200
100
AcDbPolyline
 90
2
 70
0
 10
540.0
 20
-300.0
 10
540.0
 20
-300.0
  0
LWPOLYLINE
  5
A0F
330
17
100
AcDbEntity
  8
S200
100
AcDbPolyline
 90
2
 70
0
 10
540.0
 20
300.0
 10
540.0
 20
300.0
  0
LWPOLYLINE
  5
A11
330
17
100
AcDbEntity
  8
L010
100
AcDbPolyline
 90
2
 70
0
 10
1324.9249046953316
 20
-322.5
 10
562.4184917643223
 20
-322.5
  0
LWPOLYLINE
  5
A12
330
17
100
AcDbEntity
  8
L010
100
AcDbPolyline
 90
2
 70
0
 10
567.2895502979246
 20
-322.5
 10
1329.7959632289337
 20
-322.5
  0
LWPOLYLINE
  5
A13
330
17
100
AcDbEntity
  8
L010
100
AcDbPolyline
 90
2
 70
0
 10
562.4184917643223
 20
-322.5
 10
567.2895502979246
 20
-322.5
  0
LWPOLYLINE
  5
A14
330
17
100
AcDbEntity
  8
L010
100
AcDbPolyline
 90
2
 70
0
 10
1329.7959632289337
 20
-322.5
 10
1324.9249046953316
 20
-322.5
  0
LWPOLYLINE
  5
A15
330
17
100
AcDbEntity
  8
L010
100
AcDbPolyline
 90
2
 70
0
 10
567.2895502979246
 20
-357.5
 10
1329.7959632289337
 20
-357.5
  0
LWPOLYLINE
  5
A16
330
17
100
AcDbEntity
  8
L010
100
AcDbPolyline
 90
2
 70
0
 10
567.2895502979246
 20
-322.5
 10
567.2895502979246
 20
-357.5
  0
LWPOLYLINE
  5
A17
330
17
100
AcDbEntity
  8
L010
100
AcDbPolyline
 90
2
 70
0
 10
1329.7959632289337
 20
-357.5
 10
1329.7959632289337
 20
-322.5
  0
LWPOLYLINE
  5
A18
330
17
100
AcDbEntity
  8
L010
100
AcDbPolyline
 90
2
 70
0
 10
562.4184917643223
 20
-357.5
 10
1324.9249046953316
 20
-357.5
  0
LWPOLYLINE
  5
A19
330
17
100
AcDbEntity
  8
L010
100
AcDbPolyline
 90
2
 70
0
 10
567.2895502979246
 20
-357.5
 10
562.4184917643223
 20
-357.5
  0
LWPOLYLINE
  5
A1A
330
17
100
AcDbEntity
  8
L010
100
AcDbPolyline
 90
2
 70
0
 10
1324.9249046953316
 20
-357.5
 10
1329.7959632289337
 20
-357.5
  0
LWPOLYLINE
  5
A1B
330
17
100
AcDbEntity
  8
L010
100
AcDbPolyline
 90
2
 70
0
 10
562.4184917643223
 20
-357.5
 10
562.4184917643223
 20
-322.5
  0
LWPOLYLINE
  5
A1C
330
17
100
AcDbEntity
  8
L010
100
AcDbPolyline
 90
2
 70
0
 10
1324.9249046953316
 20
-322.5
 10
1324.9249046953316
 20
-357.5
  0
LWPOLYLINE
  5
A1D
330
17
100
AcDbEntity
  8
L010
100
AcDbPolyline
 90
2
 70
0
 10
562.6968379662425
 20
-355.5
 10
1325.2032508972516
 20
-355.5
  0
LWPOLYLINE
  5
A1E
330
17
100
AcDbEntity
  8
L010
100
AcDbPolyline
 90
2
 70
0
 10
1325.2032508972516
 20
-324.5
 10
562.6968379662425
 20
-324.5
  0
LWPOLYLINE
  5
A1F
330
17
100
AcDbEntity
  8
L010
100
AcDbPolyline
 90
2
 70
0
 10
562.6968379662425
 20
-324.5
 10
562.6968379662425
 20
-355.5
  0
LWPOLYLINE
  5
A20
330
17
100
AcDbEntity
  8
L010
100
AcDbPolyline
 90
2
 70
0
 10
1325.2032508972516
 20
-355.5
 10
1325.2032508972516
 20
-324.5
  0
LWPOLYLINE
  5
A21
330
17
100
AcDbEntity
  8
L010
100
AcDbPolyline
 90
2
 70
0
 10
567.0112040960045
 20
-355.5
 10
1329.5176170270138
 20
-355.5
  0
LWPOLYLINE
  5
A22
330
17
100
AcDbEntity
  8
L010
100
AcDbPolyline
 90
2
 70
0
 10
562.6968379662425
 20
-355.5
 10
567.0112040960045
 20
-355.5
  0
LWPOLYLINE
  5
A23
330
17
100
AcDbEntity
  8
L010
100
AcDbPolyline
 90
2
 70
0
 10
1329.5176170270138
 20
-355.5
 10
1325.2032508972516
 20
-355.5
  0
LWPOLYLINE
  5
A24
330
17
100
AcDbEntity
  8
L010
100
AcDbPolyline
 90
2
 70
0
 10
567.0112040960045
 20
-324.5
 10
1329.5176170270138
 20
-324.5
  0
LWPOLYLINE
  5
A25
330
17
100
AcDbEntity
  8
L010
100
AcDbPolyline
 90
2
 70
0
 10
567.0112040960045
 20
-355.5
 10
567.0112040960045
 20
-324.5
  0
LWPOLYLINE
  5
A26
330
17
100
AcDbEntity
  8
L010
100
AcDbPolyline
 90
2
 70
0
 10
1329.5176170270138
 20
-324.5
 10
1329.5176170270138
 20
-355.5
  0
LWPOLYLINE
  5
A27
330
17
100
AcDbEntity
  8
L010
100
AcDbPolyline
 90
2
 70
0
 10
567.0112040960045
 20
-324.5
 10
562.6968379662425
 20
-324.5
  0
LWPOLYLINE
  5
A28
330
17
100
AcDbEntity
  8
L010
100
AcDbPolyline
 90
2
 70
0
 10
1325.2032508972516
 20
-324.5
 10
1329.5176170270138
 20
-324.5
  0
LWPOLYLINE
  5
A2A
330
17
100
AcDbEntity
  8
L011
100
AcDbPolyline
 90
2
 70
0
 10
1324.9249046953316
 20
357.5
 10
562.4184917643223
 20
357.5
  0
LWPOLYLINE
  5
A2B
330
17
100
AcDbEntity
  8
L011
100
AcDbPolyline
 90
2
 70
0
 10
567.2895502979246
 20
357.5
 10
1329.7959632289337
 20
357.5
  0
LWPOLYLINE
  5
A2C
330
17
100
AcDbEntity
  8
L011
100
AcDbPolyline
 90
2
 70
0
 10
562.4184917643223
 20
357.5
 10
567.2895502979246
 20
357.5
  0
LWPOLYLINE
  5
A2D
330
17
100
AcDbEntity
  8
L011
100
AcDbPolyline
 90
2
 70
0
 10
1329.7959632289337
 20
357.5
 10
1324.9249046953316
 20
357.5
  0
LWPOLYLINE
  5
A2E
330
17
100
AcDbEntity
  8
L011
100
AcDbPolyline
 90
2
 70
0
 10
567.2895502979246
 20
322.5
 10
1329.7959632289337
 20
322.5
  0
LWPOLYLINE
  5
A2F
330
17
100
AcDbEntity
  8
L011
100
AcDbPolyline
 90
2
 70
0
 10
567.2895502979246
 20
357.5
 10
567.2895502979246
 20
322.5
  0
LWPOLYLINE
  5
A30
330
17
100
AcDbEntity
  8
L011
100
AcDbPolyline
 90
2
 70
0
 10
1329.7959632289337
 20
322.5
 10
1329.7959632289337
 20
357.5
  0
LWPOLYLINE
  5
A31
330
17
100
AcDbEntity
  8
L011
100
AcDbPolyline
 90
2
 70
0
 10
562.4184917643223
 20
322.5
 10
1324.9249046953316
 20
322.5
  0
LWPOLYLINE
  5
A32
330
17
100
AcDbEntity
  8
L011
100
AcDbPolyline
 90
2
 70
0
 10
567.2895502979246
 20
322.5
 10
562.4184917643223
 20
322.5
  0
LWPOLYLINE
  5
A33
330
17
100
AcDbEntity
  8
L011
100
AcDbPolyline
 90
2
 70
0
 10
1324.9249046953316
 20
322.5
 10
1329.7959632289337
 20
322.5
  0
LWPOLYLINE
  5
A34
330
17
100
AcDbEntity
  8
L011
100
AcDbPolyline
 90
2
 70
0
 10
562.4184917643223
 20
322.5
 10
562.4184917643223
 20
357.5
  0
LWPOLYLINE
  5
A35
330
17
100
AcDbEntity
  8
L011
100
AcDbPolyline
 90
2
 70
0
 10
1324.9249046953316
 20
357.5
 10
1324.9249046953316
 20
322.5
  0
LWPOLYLINE
  5
A36
330
17
100
AcDbEntity
  8
L011
100
AcDbPolyline
 90
2
 70
0
 10
562.6968379662425
 20
324.5
 10
1325.2032508972516
 20
324.5
  0
LWPOLYLINE
  5
A37
330
17
100
AcDbEntity
  8
L011
100
AcDbPolyline
 90
2
 70
0
 10
1325.2032508972516
 20
355.5
 10
562.6968379662425
 20
355.5
  0
LWPOLYLINE
  5
A38
330
17
100
AcDbEntity
  8
L011
100
AcDbPolyline
 90
2
 70
0
 10
562.6968379662425
 20
355.5
 10
562.6968379662425
 20
324.5
  0
LWPOLYLINE
  5
A39
330
17
100
AcDbEntity
  8
L011
100
AcDbPolyline
 90
2
 70
0
 10
1325.2032508972516
 20
324.5
 10
1325.2032508972516
 20
355.5
  0
LWPOLYLINE
  5
A3A
330
17
100
AcDbEntity
  8
L011
100
AcDbPolyline
 90
2
 70
0
 10
567.0112040960045
 20
324.5
 10
1329.5176170270138
 20
324.5
  0
LWPOLYLINE
  5
A3B
330
17
100
AcDbEntity
  8
L011
100
AcDbPolyline
 90
2
 70
0
 10
562.6968379662425
 20
324.5
 10
567.0112040960045
 20
324.5
  0
LWPOLYLINE
  5
A3C
330
17
100
AcDbEntity
  8
L011
100
AcDbPolyline
 90
2
 70
0
 10
1329.5176170270138
 20
324.5
 10
1325.2032508972516
 20
324.5
  0
LWPOLYLINE
  5
A3D
330
17
100
AcDbEntity
  8
L011
100
AcDbPolyline
 90
2
 70
0
 10
567.0112040960045
 20
355.5
 10
1329.5176170270138
 20
355.5
  0
LWPOLYLINE
  5
A3E
330
17
100
AcDbEntity
  8
L011
100
AcDbPolyline
 90
2
 70
0
 10
567.0112040960045
 20
324.5
 10
567.0112040960045
 20
355.5
  0
LWPOLYLINE
  5
A3F
330
17
100
AcDbEntity
  8
L011
100
AcDbPolyline
 90
2
 70
0
 10
1329.5176170270138
 20
355.5
 10
1329.5176170270138
 20
324.5
  0
LWPOLYLINE
  5
A40
330
17
100
AcDbEntity
  8
L011
100
AcDbPolyline
 90
2
 70
0
 10
567.0112040960045
 20
355.5
 10
562.6968379662425
 20
355.5
  0
LWPOLYLINE
  5
A41
330
17
100
AcDbEntity
  8
L011
100
AcDbPolyline
 90
2
 70
0
 10
1325.2032508972516
 20
355.5
 10
1329.5176170270138
 20
355.5
  0
LWPOLYLINE
  5
A43
330
17
100
AcDbEntity
  8
L020
100
AcDbPolyline
 90
2
 70
0
 10
559.9428215924685
 20
322.5
 10
559.9428215924685
 20
-322.5
  0
LWPOLYLINE
  5
A44
330
17
100
AcDbEntity
  8
L020
100
AcDbPolyline
 90
2
 70
0
 10
564.8138801260708
 20
-322.5
 10
564.8138801260708
 20
322.5
  0
LWPOLYLINE
  5
A45
330
17
100
AcDbEntity
  8
L020
100
AcDbPolyline
 90
2
 70
0
 10
559.9428215924685
 20
-322.5
 10
564.8138801260708
 20
-322.5
  0
LWPOLYLINE
  5
A46
330
17
100
AcDbEntity
  8
L020
100
AcDbPolyline
 90
2
 70
0
 10
564.8138801260708
 20
322.5
 10
559.9428215924685
 20
322.5
  0
LWPOLYLINE
  5
A47
330
17
100
AcDbEntity
  8
L020
100
AcDbPolyline
 90
2
 70
0
 10
599.4732625320257
 20
-322.5
 10
599.4732625320257
 20
322.5
  0
LWPOLYLINE
  5
A48
330
17
100
AcDbEntity
  8
L020
100
AcDbPolyline
 90
2
 70
0
 10
564.8138801260708
 20
-322.5
 10
599.4732625320257
 20
-322.5
  0
LWPOLYLINE
  5
A49
330
17
100
AcDbEntity
  8
L020
100
AcDbPolyline
 90
2
 70
0
 10
599.4732625320257
 20
322.5
 10
564.8138801260708
 20
322.5
  0
LWPOLYLINE
  5
A4A
330
17
100
AcDbEntity
  8
L020
100
AcDbPolyline
 90
2
 70
0
 10
594.6022039984234
 20
-322.5
 10
594.6022039984234
 20
322.5
  0
LWPOLYLINE
  5
A4B
330
17
100
AcDbEntity
  8
L020
100
AcDbPolyline
 90
2
 70
0
 10
599.4732625320257
 20
-322.5
 10
594.6022039984234
 20
-322.5
  0
LWPOLYLINE
  5
A4C
330
17
100
AcDbEntity
  8
L020
100
AcDbPolyline
 90
2
 70
0
 10
594.6022039984234
 20
322.5
 10
599.4732625320257
 20
322.5
  0
LWPOLYLINE
  5
A4D
330
17
100
AcDbEntity
  8
L020
100
AcDbPolyline
 90
2
 70
0
 10
594.6022039984234
 20
-322.5
 10
559.9428215924685
 20
-322.5
  0
LWPOLYLINE
  5
A4E
330
17
100
AcDbEntity
  8
L020
100
AcDbPolyline
 90
2
 70
0
 10
559.9428215924685
 20
322.5
 10
594.6022039984234
 20
322.5
  0
LWPOLYLINE
  5
A4F
330
17
100
AcDbEntity
  8
L020
100
AcDbPolyline
 90
2
 70
0
 10
592.9000140628604
 20
-322.5
 10
592.9000140628604
 20
322.5
  0
LWPOLYLINE
  5
A50
330
17
100
AcDbEntity
  8
L020
100
AcDbPolyline
 90
2
 70
0
 10
562.2017039318717
 20
322.5
 10
562.2017039318717
 20
-322.5
  0
LWPOLYLINE
  5
A51
330
17
100
AcDbEntity
  8
L020
100
AcDbPolyline
 90
2
 70
0
 10
562.2017039318717
 20
-322.5
 10
592.9000140628604
 20
-322.5
  0
LWPOLYLINE
  5
A52
330
17
100
AcDbEntity
  8
L020
100
AcDbPolyline
 90
2
 70
0
 10
592.9000140628604
 20
322.5
 10
562.2017039318717
 20
322.5
  0
LWPOLYLINE
  5
A53
330
17
100
AcDbEntity
  8
L020
100
AcDbPolyline
 90
2
 70
0
 10
597.2143801926223
 20
-322.5
 10
597.2143801926223
 20
322.5
  0
LWPOLYLINE
  5
A54
330
17
100
AcDbEntity
  8
L020
100
AcDbPolyline
 90
2
 70
0
 10
592.9000140628604
 20
-322.5
 10
597.2143801926223
 20
-322.5
  0
LWPOLYLINE
  5
A55
330
17
100
AcDbEntity
  8
L020
100
AcDbPolyline
 90
2
 70
0
 10
597.2143801926223
 20
322.5
 10
592.9000140628604
 20
322.5
  0
LWPOLYLINE
  5
A56
330
17
100
AcDbEntity
  8
L020
100
AcDbPolyline
 90
2
 70
0
 10
566.5160700616337
 20
-322.5
 10
566.5160700616337
 20
322.5
  0
LWPOLYLINE
  5
A57
330
17
100
AcDbEntity
  8
L020
100
AcDbPolyline
 90
2
 70
0
 10
597.2143801926223
 20
-322.5
 10
566.5160700616337
 20
-322.5
  0
LWPOLYLINE
  5
A58
330
17
100
AcDbEntity
  8
L020
100
AcDbPolyline
 90
2
 70
0
 10
566.5160700616337
 20
322.5
 10
597.2143801926223
 20
322.5
  0
LWPOLYLINE
  5
A59
330
17
100
AcDbEntity
  8
L020
100
AcDbPolyline
 90
2
 70
0
 10
566.5160700616337
 20
-322.5
 10
562.2017039318717
 20
-322.5
  0
LWPOLYLINE
  5
A5A
330
17
100
AcDbEntity
  8
L020
100
AcDbPolyline
 90
2
 70
0
 10
562.2017039318717
 20
322.5
 10
566.5160700616337
 20
322.5
  0
LWPOLYLINE
  5
A5C
330
17
100
AcDbEntity
  8
L021
100
AcDbPolyline
 90
2
 70
0
 10
1292.7411924612306
 20
322.5
 10
1292.7411924612306
 20
-322.5
  0
LWPOLYLINE
  5
A5D
330
17
100
AcDbEntity
  8
L021
100
AcDbPolyline
 90
2
 70
0
 10
1297.612250994833
 20
-322.5
 10
1297.612250994833
 20
322.5
  0
LWPOLYLINE
  5
A5E
330
17
100
AcDbEntity
  8
L021
100
AcDbPolyline
 90
2
 70
0
 10
1292.7411924612306
 20
-322.5
 10
1297.612250994833
 20
-322.5
  0
LWPOLYLINE
  5
A5F
330
17
100
AcDbEntity
  8
L021
100
AcDbPolyline
 90
2
 70
0
 10
1297.612250994833
 20
322.5
 10
1292.7411924612306
 20
322.5
  0
LWPOLYLINE
  5
A60
330
17
100
AcDbEntity
  8
L021
100
AcDbPolyline
 90
2
 70
0
 10
1332.2716334007876
 20
-322.5
 10
1332.2716334007876
 20
322.5
  0
LWPOLYLINE
  5
A61
330
17
100
AcDbEntity
  8
L021
100
AcDbPolyline
 90
2
 70
0
 10
1297.612250994833
 20
-322.5
 10
1332.2716334007876
 20
-322.5
  0
LWPOLYLINE
  5
A62
330
17
100
AcDbEntity
  8
L021
100
AcDbPolyline
 90
2
 70
0
 10
1332.2716334007876
 20
322.5
 10
1297.612250994833
 20
322.5
  0
LWPOLYLINE
  5
A63
330
17
100
AcDbEntity
  8
L021
100
AcDbPolyline
 90
2
 70
0
 10
1327.4005748671855
 20
-322.5
 10
1327.4005748671855
 20
322.5
  0
LWPOLYLINE
  5
A64
330
17
100
AcDbEntity
  8
L021
100
AcDbPolyline
 90
2
 70
0
 10
1332.2716334007876
 20
-322.5
 10
1327.4005748671855
 20
-322.5
  0
LWPOLYLINE
  5
A65
330
17
100
AcDbEntity
  8
L021
100
AcDbPolyline
 90
2
 70
0
 10
1327.4005748671855
 20
322.5
 10
1332.2716334007876
 20
322.5
  0
LWPOLYLINE
  5
A66
330
17
100
AcDbEntity
  8
L021
100
AcDbPolyline
 90
2
 70
0
 10
1327.4005748671855
 20
-322.5
 10
1292.7411924612306
 20
-322.5
  0
LWPOLYLINE
  5
A67
330
17
100
AcDbEntity
  8
L021
100
AcDbPolyline
 90
2
 70
0
 10
1292.7411924612306
 20
322.5
 10
1327.4005748671855
 20
322.5
  0
LWPOLYLINE
  5
A68
330
17
100
AcDbEntity
  8
L021
100
AcDbPolyline
 90
2
 70
0
 10
1325.6983849316223
 20
-322.5
 10
1325.6983849316223
 20
322.5
  0
LWPOLYLINE
  5
A69
330
17
100
AcDbEntity
  8
L021
100
AcDbPolyline
 90
2
 70
0
 10
1295.0000748006337
 20
322.5
 10
1295.0000748006337
 20
-322.5
  0
LWPOLYLINE
  5
A6A
330
17
100
AcDbEntity
  8
L021
100
AcDbPolyline
 90
2
 70
0
 10
1295.0000748006337
 20
-322.5
 10
1325.6983849316223
 20
-322.5
  0
LWPOLYLINE
  5
A6B
330
17
100
AcDbEntity
  8
L021
100
AcDbPolyline
 90
2
 70
0
 10
1325.6983849316223
 20
322.5
 10
1295.0000748006337
 20
322.5
  0
LWPOLYLINE
  5
A6C
330
17
100
AcDbEntity
  8
L021
100
AcDbPolyline
 90
2
 70
0
 10
1330.0127510613845
 20
-322.5
 10
1330.0127510613845
 20
322.5
  0
LWPOLYLINE
  5
A6D
330
17
100
AcDbEntity
  8
L021
100
AcDbPolyline
 90
2
 70
0
 10
1325.6983849316223
 20
-322.5
 10
1330.0127510613845
 20
-322.5
  0
LWPOLYLINE
  5
A6E
330
17
100
AcDbEntity
  8
L021
100
AcDbPolyline
 90
2
 70
0
 10
1330.0127510613845
 20
322.5
 10
1325.6983849316223
 20
322.5
  0
LWPOLYLINE
  5
A6F
330
17
100
AcDbEntity
  8
L021
100
AcDbPolyline
 90
2
 70
0
 10
1299.314440930396
 20
-322.5
 10
1299.314440930396
 20
322.5
  0
LWPOLYLINE
  5
A70
330
17
100
AcDbEntity
  8
L021
100
AcDbPolyline
 90
2
 70
0
 10
1330.0127510613845
 20
-322.5
 10
1299.314440930396
 20
-322.5
  0
LWPOLYLINE
  5
A71
330
17
100
AcDbEntity
  8
L021
100
AcDbPolyline
 90
2
 70
0
 10
1299.314440930396
 20
322.5
 10
1330.0127510613845
 20
322.5
  0
LWPOLYLINE
  5
A72
330
17
100
AcDbEntity
  8
L021
100
AcDbPolyline
 90
2
 70
0
 10
1299.314440930396
 20
-322.5
 10
1295.0000748006337
 20
-322.5
  0
LWPOLYLINE
  5
A73
330
17
100
AcDbEntity
  8
L021
100
AcDbPolyline
 90
2
 70
0
 10
1295.0000748006337
 20
322.5
 10
1299.314440930396
 20
322.5
  0
LWPOLYLINE
  5
A75
330
17
100
AcDbEntity
  8
L1000
100
AcDbPolyline
 90
2
 70
0
 10
639.0839852816885
 20
-357.5
 10
584.6192415009021
 20
-357.5
  0
LWPOLYLINE
  5
A76
330
17
100
AcDbEntity
  8
L1000
100
AcDbPolyline
 90
2
 70
0
 10
584.7778988359967
 20
-321.75
 10
639.242642616783
 20
-321.75
  0
LWPOLYLINE
  5
A77
330
17
100
AcDbEntity
  8
L1000
100
AcDbPolyline
 90
2
 70
0
 10
584.6192415009021
 20
-357.5
 10
584.7778988359967
 20
-321.75
  0
LWPOLYLINE
  5
A78
330
17
100
AcDbEntity
  8
L1000
100
AcDbPolyline
 90
2
 70
0
 10
639.242642616783
 20
-321.75
 10
639.0839852816885
 20
-357.5
  0
LWPOLYLINE
  5
A79
330
17
100
AcDbEntity
  8
L1000
100
AcDbPolyline
 90
2
 70
0
 10
584.9198553989759
 20
-286.0
 10
639.3845991797622
 20
-286.0
  0
LWPOLYLINE
  5
A7A
330
17
100
AcDbEntity
  8
L1000
100
AcDbPolyline
 90
2
 70
0
 10
584.7778988359967
 20
-321.75
 10
584.9198553989759
 20
-286.0
  0
LWPOLYLINE
  5
A7B
330
17
100
AcDbEntity
  8
L1000
100
AcDbPolyline
 90
2
 70
0
 10
639.3845991797622
 20
-286.0
 10
639.242642616783
 20
-321.75
  0
LWPOLYLINE
  5
A7C
330
17
100
AcDbEntity
  8
L1000
100
AcDbPolyline
 90
2
 70
0
 10
585.04511118984
 20
-250.25
 10
639.5098549706263
 20
-250.25
  0
LWPOLYLINE
  5
A7D
330
17
100
AcDbEntity
  8
L1000
100
AcDbPolyline
 90
2
 70
0
 10
584.9198553989759
 20
-286.0
 10
585.04511118984
 20
-250.25
  0
LWPOLYLINE
  5
A7E
330
17
100
AcDbEntity
  8
L1000
100
AcDbPolyline
 90
2
 70
0
 10
639.5098549706263
 20
-250.25
 10
639.3845991797622
 20
-286.0
  0
LWPOLYLINE
  5
A7F
330
17
100
AcDbEntity
  8
L1000
100
AcDbPolyline
 90
2
 70
0
 10
585.1536662085888
 20
-214.5
 10
639.6184099893751
 20
-214.5
  0
LWPOLYLINE
  5
A80
330
17
100
AcDbEntity
  8
L1000
100
AcDbPolyline
 90
2
 70
0
 10
585.04511118984
 20
-250.25
 10
585.1536662085888
 20
-214.5
  0
LWPOLYLINE
  5
A81
330
17
100
AcDbEntity
  8
L1000
100
AcDbPolyline
 90
2
 70
0
 10
639.6184099893751
 20
-214.5
 10
639.5098549706263
 20
-250.25
  0
LWPOLYLINE
  5
A82
330
17
100
AcDbEntity
  8
L1000
100
AcDbPolyline
 90
2
 70
0
 10
585.2455204552224
 20
-178.75
 10
639.7102642360087
 20
-178.75
  0
LWPOLYLINE
  5
A83
330
17
100
AcDbEntity
  8
L1000
100
AcDbPolyline
 90
2
 70
0
 10
585.1536662085888
 20
-214.5
 10
585.2455204552224
 20
-178.75
  0
LWPOLYLINE
  5
A84
330
17
100
AcDbEntity
  8
L1000
100
AcDbPolyline
 90
2
 70
0
 10
639.7102642360087
 20
-178.75
 10
639.6184099893751
 20
-214.5
  0
LWPOLYLINE
  5
A85
330
17
100
AcDbEntity
  8
L1000
100
AcDbPolyline
 90
2
 70
0
 10
585.3206739297409
 20
-143.0
 10
639.7854177105272
 20
-143.0
  0
LWPOLYLINE
  5
A86
330
17
100
AcDbEntity
  8
L1000
100
AcDbPolyline
 90
2
 70
0
 10
585.2455204552224
 20
-178.75
 10
585.3206739297409
 20
-143.0
  0
LWPOLYLINE
  5
A87
330
17
100
AcDbEntity
  8
L1000
100
AcDbPolyline
 90
2
 70
0
 10
639.7854177105272
 20
-143.0
 10
639.7102642360087
 20
-178.75
  0
LWPOLYLINE
  5
A88
330
17
100
AcDbEntity
  8
L1000
100
AcDbPolyline
 90
2
 70
0
 10
585.3791266321441
 20
-107.25
 10
639.8438704129304
 20
-107.25
  0
LWPOLYLINE
  5
A89
330
17
100
AcDbEntity
  8
L1000
100
AcDbPolyline
 90
2
 70
0
 10
585.3206739297409
 20
-143.0
 10
585.3791266321441
 20
-107.25
  0
LWPOLYLINE
  5
A8A
330
17
100
AcDbEntity
  8
L1000
100
AcDbPolyline
 90
2
 70
0
 10
639.8438704129304
 20
-107.25
 10
639.7854177105272
 20
-143.0
  0
LWPOLYLINE
  5
A8B
330
17
100
AcDbEntity
  8
L1000
100
AcDbPolyline
 90
2
 70
0
 10
585.4208785624321
 20
-71.5
 10
639.8856223432184
 20
-71.5
  0
LWPOLYLINE
  5
A8C
330
17
100
AcDbEntity
  8
L1000
100
AcDbPolyline
 90
2
 70
0
 10
585.3791266321441
 20
-107.25
 10
585.4208785624321
 20
-71.5
  0
LWPOLYLINE
  5
A8D
330
17
100
AcDbEntity
  8
L1000
100
AcDbPolyline
 90
2
 70
0
 10
639.8856223432184
 20
-71.5
 10
639.8438704129304
 20
-107.25
  0
LWPOLYLINE
  5
A8E
330
17
100
AcDbEntity
  8
L1000
100
AcDbPolyline
 90
2
 70
0
 10
585.4459297206049
 20
-35.75
 10
639.9106735013912
 20
-35.75
  0
LWPOLYLINE
  5
A8F
330
17
100
AcDbEntity
  8
L1000
100
AcDbPolyline
 90
2
 70
0
 10
585.4208785624321
 20
-71.5
 10
585.4459297206049
 20
-35.75
  0
LWPOLYLINE
  5
A90
330
17
100
AcDbEntity
  8
L1000
100
AcDbPolyline
 90
2
 70
0
 10
639.9106735013912
 20
-35.75
 10
639.8856223432184
 20
-71.5
  0
LWPOLYLINE
  5
A91
330
17
100
AcDbEntity
  8
L1000
100
AcDbPolyline
 90
2
 70
0
 10
585.4542801066625
 20
0.0
 10
639.9190238874488
 20
0.0
  0
LWPOLYLINE
  5
A92
330
17
100
AcDbEntity
  8
L1000
100
AcDbPolyline
 90
2
 70
0
 10
585.4459297206049
 20
-35.75
 10
585.4542801066625
 20
0.0
  0
LWPOLYLINE
  5
A93
330
17
100
AcDbEntity
  8
L1000
100
AcDbPolyline
 90
2
 70
0
 10
639.9190238874488
 20
0.0
 10
639.9106735013912
 20
-35.75
  0
LWPOLYLINE
  5
A94
330
17
100
AcDbEntity
  8
L1000
100
AcDbPolyline
 90
2
 70
0
 10
585.4459297206049
 20
35.75
 10
639.9106735013912
 20
35.75
  0
LWPOLYLINE
  5
A95
330
17
100
AcDbEntity
  8
L1000
100
AcDbPolyline
 90
2
 70
0
 10
585.4542801066625
 20
0.0
 10
585.4459297206049
 20
35.75
  0
LWPOLYLINE
  5
A96
330
17
100
AcDbEntity
  8
L1000
100
AcDbPolyline
 90
2
 70
0
 10
639.9106735013912
 20
35.75
 10
639.9190238874488
 20
0.0
  0
LWPOLYLINE
  5
A97
330
17
100
AcDbEntity
  8
L1000
100
AcDbPolyline
 90
2
 70
0
 10
585.4208785624321
 20
71.5
 10
639.8856223432184
 20
71.5
  0
LWPOLYLINE
  5
A98
330
17
100
AcDbEntity
  8
L1000
100
AcDbPolyline
 90
2
 70
0
 10
585.4459297206049
 20
35.75
 10
585.4208785624321
 20
71.5
  0
LWPOLYLINE
  5
A99
330
17
100
AcDbEntity
  8
L1000
100
AcDbPolyline
 90
2
 70
0
 10
639.8856223432184
 20
71.5
 10
639.9106735013912
 20
35.75
  0
LWPOLYLINE
  5
A9A
330
17
100
AcDbEntity
  8
L1000
100
AcDbPolyline
 90
2
 70
0
 10
585.3791266321441
 20
107.25
 10
639.8438704129304
 20
107.25
  0
LWPOLYLINE
  5
A9B
330
17
100
AcDbEntity
  8
L1000
100
AcDbPolyline
 90
2
 70
0
 10
585.4208785624321
 20
71.5
 10
585.3791266321441
 20
107.25
  0
LWPOLYLINE
  5
A9C
330
17
100
AcDbEntity
  8
L1000
100
AcDbPolyline
 90
2
 70
0
 10
639.8438704129304
 20
107.25
 10
639.8856223432184
 20
71.5
  0
LWPOLYLINE
  5
A9D
330
17
100
AcDbEntity
  8
L1000
100
AcDbPolyline
 90
2
 70
0
 10
585.3206739297409
 20
143.0
 10
639.7854177105272
 20
143.0
  0
LWPOLYLINE
  5
A9E
330
17
100
AcDbEntity
  8
L1000
100
AcDbPolyline
 90
2
 70
0
 10
585.3791266321441
 20
107.25
 10
585.3206739297409
 20
143.0
  0
LWPOLYLINE
  5
A9F
330
17
100
AcDbEntity
  8
L1000
100
AcDbPolyline
 90
2
 70
0
 10
639.7854177105272
 20
143.0
 10
639.8438704129304
 20
107.25
  0
LWPOLYLINE
  5
AA0
330
17
100
AcDbEntity
  8
L1000
100
AcDbPolyline
 90
2
 70
0
 10
585.2455204552224
 20
178.75
 10
639.7102642360087
 20
178.75
  0
LWPOLYLINE
  5
AA1
330
17
100
AcDbEntity
  8
L1000
100
AcDbPolyline
 90
2
 70
0
 10
585.3206739297409
 20
143.0
 10
585.2455204552224
 20
178.75
  0
LWPOLYLINE
  5
AA2
330
17
100
AcDbEntity
  8
L1000
100
AcDbPolyline
 90
2
 70
0
 10
639.7102642360087
 20
178.75
 10
639.7854177105272
 20
143.0
  0
LWPOLYLINE
  5
AA3
330
17
100
AcDbEntity
  8
L1000
100
AcDbPolyline
 90
2
 70
0
 10
585.1536662085888
 20
214.5
 10
639.6184099893751
 20
214.5
  0
LWPOLYLINE
  5
AA4
330
17
100
AcDbEntity
  8
L1000
100
AcDbPolyline
 90
2
 70
0
 10
585.2455204552224
 20
178.75
 10
585.1536662085888
 20
214.5
  0
LWPOLYLINE
  5
AA5
330
17
100
AcDbEntity
  8
L1000
100
AcDbPolyline
 90
2
 70
0
 10
639.6184099893751
 20
214.5
 10
639.7102642360087
 20
178.75
  0
LWPOLYLINE
  5
AA6
330
17
100
AcDbEntity
  8
L1000
100
AcDbPolyline
 90
2
 70
0
 10
585.04511118984
 20
250.25
 10
639.5098549706263
 20
250.25
  0
LWPOLYLINE
  5
AA7
330
17
100
AcDbEntity
  8
L1000
100
AcDbPolyline
 90
2
 70
0
 10
585.1536662085888
 20
214.5
 10
585.04511118984
 20
250.25
  0
LWPOLYLINE
  5
AA8
330
17
100
AcDbEntity
  8
L1000
100
AcDbPolyline
 90
2
 70
0
 10
639.5098549706263
 20
250.25
 10
639.6184099893751
 20
214.5
  0
LWPOLYLINE
  5
AA9
330
17
100
AcDbEntity
  8
L1000
100
AcDbPolyline
 90
2
 70
0
 10
584.9198553989759
 20
286.0
 10
639.3845991797622
 20
286.0
  0
LWPOLYLINE
  5
AAA
330
17
100
AcDbEntity
  8
L1000
100
AcDbPolyline
 90
2
 70
0
 10
585.04511118984
 20
250.25
 10
584.9198553989759
 20
286.0
  0
LWPOLYLINE
  5
AAB
330
17
100
AcDbEntity
  8
L1000
100
AcDbPolyline
 90
2
 70
0
 10
639.3845991797622
 20
286.0
 10
639.5098549706263
 20
250.25
  0
LWPOLYLINE
  5
AAC
330
17
100
AcDbEntity
  8
L1000
100
AcDbPolyline
 90
2
 70
0
 10
584.7778988359967
 20
321.75
 10
639.242642616783
 20
321.75
  0
LWPOLYLINE
  5
AAD
330
17
100
AcDbEntity
  8
L1000
100
AcDbPolyline
 90
2
 70
0
 10
584.9198553989759
 20
286.0
 10
584.7778988359967
 20
321.75
  0
LWPOLYLINE
  5
AAE
330
17
100
AcDbEntity
  8
L1000
100
AcDbPolyline
 90
2
 70
0
 10
639.242642616783
 20
321.75
 10
639.3845991797622
 20
286.0
  0
LWPOLYLINE
  5
AAF
330
17
100
AcDbEntity
  8
L1000
100
AcDbPolyline
 90
2
 70
0
 10
584.6192415009021
 20
357.5
 10
639.0839852816885
 20
357.5
  0
LWPOLYLINE
  5
AB0
330
17
100
AcDbEntity
  8
L1000
100
AcDbPolyline
 90
2
 70
0
 10
584.7778988359967
 20
321.75
 10
584.6192415009021
 20
357.5
  0
LWPOLYLINE
  5
AB1
330
17
100
AcDbEntity
  8
L1000
100
AcDbPolyline
 90
2
 70
0
 10
639.0839852816885
 20
357.5
 10
639.242642616783
 20
321.75
  0
LWPOLYLINE
  5
AB2
330
17
100
AcDbEntity
  8
L1000
100
AcDbPolyline
 90
2
 70
0
 10
585.8717994095427
 20
357.5
 10
640.336543190329
 20
357.5
  0
LWPOLYLINE
  5
AB3
330
17
100
AcDbEntity
  8
L1000
100
AcDbPolyline
 90
2
 70
0
 10
584.6192415009021
 20
357.5
 10
585.8717994095427
 20
357.5
  0
LWPOLYLINE
  5
AB4
330
17
100
AcDbEntity
  8
L1000
100
AcDbPolyline
 90
2
 70
0
 10
640.336543190329
 20
357.5
 10
639.0839852816885
 20
357.5
  0
LWPOLYLINE
  5
AB5
330
17
100
AcDbEntity
  8
L1000
100
AcDbPolyline
 90
2
 70
0
 10
586.0304567446371
 20
321.75
 10
640.4952005254236
 20
321.75
  0
LWPOLYLINE
  5
AB6
330
17
100
AcDbEntity
  8
L1000
100
AcDbPolyline
 90
2
 70
0
 10
585.8717994095427
 20
357.5
 10
586.0304567446371
 20
321.75
  0
LWPOLYLINE
  5
AB7
330
17
100
AcDbEntity
  8
L1000
100
AcDbPolyline
 90
2
 70
0
 10
640.4952005254236
 20
321.75
 10
640.336543190329
 20
357.5
  0
LWPOLYLINE
  5
AB8
330
17
100
AcDbEntity
  8
L1000
100
AcDbPolyline
 90
2
 70
0
 10
586.1724133076165
 20
286.0
 10
640.6371570884028
 20
286.0
  0
LWPOLYLINE
  5
AB9
330
17
100
AcDbEntity
  8
L1000
100
AcDbPolyline
 90
2
 70
0
 10
586.0304567446371
 20
321.75
 10
586.1724133076165
 20
286.0
  0
LWPOLYLINE
  5
ABA
330
17
100
AcDbEntity
  8
L1000
100
AcDbPolyline
 90
2
 70
0
 10
640.6371570884028
 20
286.0
 10
640.4952005254236
 20
321.75
  0
LWPOLYLINE
  5
ABB
330
17
100
AcDbEntity
  8
L1000
100
AcDbPolyline
 90
2
 70
0
 10
586.2976690984806
 20
250.25
 10
640.7624128792669
 20
250.25
  0
LWPOLYLINE
  5
ABC
330
17
100
AcDbEntity
  8
L1000
100
AcDbPolyline
 90
2
 70
0
 10
586.1724133076165
 20
286.0
 10
586.2976690984806
 20
250.25
  0
LWPOLYLINE
  5
ABD
330
17
100
AcDbEntity
  8
L1000
100
AcDbPolyline
 90
2
 70
0
 10
640.7624128792669
 20
250.25
 10
640.6371570884028
 20
286.0
  0
LWPOLYLINE
  5
ABE
330
17
100
AcDbEntity
  8
L1000
100
AcDbPolyline
 90
2
 70
0
 10
586.4062241172294
 20
214.5
 10
640.8709678980157
 20
214.5
  0
LWPOLYLINE
  5
ABF
330
17
100
AcDbEntity
  8
L1000
100
AcDbPolyline
 90
2
 70
0
 10
586.2976690984806
 20
250.25
 10
586.4062241172294
 20
214.5
  0
LWPOLYLINE
  5
AC0
330
17
100
AcDbEntity
  8
L1000
100
AcDbPolyline
 90
2
 70
0
 10
640.8709678980157
 20
214.5
 10
640.7624128792669
 20
250.25
  0
LWPOLYLINE
  5
AC1
330
17
100
AcDbEntity
  8
L1000
100
AcDbPolyline
 90
2
 70
0
 10
586.498078363863
 20
178.75
 10
640.9628221446493
 20
178.75
  0
LWPOLYLINE
  5
AC2
330
17
100
AcDbEntity
  8
L1000
100
AcDbPolyline
 90
2
 70
0
 10
586.4062241172294
 20
214.5
 10
586.498078363863
 20
178.75
  0
LWPOLYLINE
  5
AC3
330
17
100
AcDbEntity
  8
L1000
100
AcDbPolyline
 90
2
 70
0
 10
640.9628221446493
 20
178.75
 10
640.8709678980157
 20
214.5
  0
LWPOLYLINE
  5
AC4
330
17
100
AcDbEntity
  8
L1000
100
AcDbPolyline
 90
2
 70
0
 10
586.5732318383815
 20
143.0
 10
641.0379756191678
 20
143.0
  0
LWPOLYLINE
  5
AC5
330
17
100
AcDbEntity
  8
L1000
100
AcDbPolyline
 90
2
 70
0
 10
586.498078363863
 20
178.75
 10
586.5732318383815
 20
143.0
  0
LWPOLYLINE
  5
AC6
330
17
100
AcDbEntity
  8
L1000
100
AcDbPolyline
 90
2
 70
0
 10
641.0379756191678
 20
143.0
 10
640.9628221446493
 20
178.75
  0
LWPOLYLINE
  5
AC7
330
17
100
AcDbEntity
  8
L1000
100
AcDbPolyline
 90
2
 70
0
 10
586.6316845407847
 20
107.25
 10
641.096428321571
 20
107.25
  0
LWPOLYLINE
  5
AC8
330
17
100
AcDbEntity
  8
L1000
100
AcDbPolyline
 90
2
 70
0
 10
586.5732318383815
 20
143.0
 10
586.6316845407847
 20
107.25
  0
LWPOLYLINE
  5
AC9
330
17
100
AcDbEntity
  8
L1000
100
AcDbPolyline
 90
2
 70
0
 10
641.096428321571
 20
107.25
 10
641.0379756191678
 20
143.0
  0
LWPOLYLINE
  5
ACA
330
17
100
AcDbEntity
  8
L1000
100
AcDbPolyline
 90
2
 70
0
 10
586.6734364710727
 20
71.5
 10
641.138180251859
 20
71.5
  0
LWPOLYLINE
  5
ACB
330
17
100
AcDbEntity
  8
L1000
100
AcDbPolyline
 90
2
 70
0
 10
586.6316845407847
 20
107.25
 10
586.6734364710727
 20
71.5
  0
LWPOLYLINE
  5
ACC
330
17
100
AcDbEntity
  8
L1000
100
AcDbPolyline
 90
2
 70
0
 10
641.138180251859
 20
71.5
 10
641.096428321571
 20
107.25
  0
LWPOLYLINE
  5
ACD
330
17
100
AcDbEntity
  8
L1000
100
AcDbPolyline
 90
2
 70
0
 10
586.6984876292455
 20
35.75
 10
641.1632314100318
 20
35.75
  0
LWPOLYLINE
  5
ACE
330
17
100
AcDbEntity
  8
L1000
100
AcDbPolyline
 90
2
 70
0
 10
586.6734364710727
 20
71.5
 10
586.6984876292455
 20
35.75
  0
LWPOLYLINE
  5
ACF
330
17
100
AcDbEntity
  8
L1000
100
AcDbPolyline
 90
2
 70
0
 10
641.1632314100318
 20
35.75
 10
641.138180251859
 20
71.5
  0
LWPOLYLINE
  5
AD0
330
17
100
AcDbEntity
  8
L1000
100
AcDbPolyline
 90
2
 70
0
 10
586.7068380153031
 20
0.0
 10
641.1715817960894
 20
0.0
  0
LWPOLYLINE
  5
AD1
330
17
100
AcDbEntity
  8
L1000
100
AcDbPolyline
 90
2
 70
0
 10
586.6984876292455
 20
35.75
 10
586.7068380153031
 20
0.0
  0
LWPOLYLINE
  5
AD2
330
17
100
AcDbEntity
  8
L1000
100
AcDbPolyline
 90
2
 70
0
 10
641.1715817960894
 20
0.0
 10
641.1632314100318
 20
35.75
  0
LWPOLYLINE
  5
AD3
330
17
100
AcDbEntity
  8
L1000
100
AcDbPolyline
 90
2
 70
0
 10
586.6984876292455
 20
-35.75
 10
641.1632314100318
 20
-35.75
  0
LWPOLYLINE
  5
AD4
330
17
100
AcDbEntity
  8
L1000
100
AcDbPolyline
 90
2
 70
0
 10
586.7068380153031
 20
0.0
 10
586.6984876292455
 20
-35.75
  0
LWPOLYLINE
  5
AD5
330
17
100
AcDbEntity
  8
L1000
100
AcDbPolyline
 90
2
 70
0
 10
641.1632314100318
 20
-35.75
 10
641.1715817960894
 20
0.0
  0
LWPOLYLINE
  5
AD6
330
17
100
AcDbEntity
  8
L1000
100
AcDbPolyline
 90
2
 70
0
 10
586.6734364710727
 20
-71.5
 10
641.138180251859
 20
-71.5
  0
LWPOLYLINE
  5
AD7
330
17
100
AcDbEntity
  8
L1000
100
AcDbPolyline
 90
2
 70
0
 10
586.6984876292455
 20
-35.75
 10
586.6734364710727
 20
-71.5
  0
LWPOLYLINE
  5
AD8
330
17
100
AcDbEntity
  8
L1000
100
AcDbPolyline
 90
2
 70
0
 10
641.138180251859
 20
-71.5
 10
641.1632314100318
 20
-35.75
  0
LWPOLYLINE
  5
AD9
330
17
100
AcDbEntity
  8
L1000
100
AcDbPolyline
 90
2
 70
0
 10
586.6316845407847
 20
-107.25
 10
641.096428321571
 20
-107.25
  0
LWPOLYLINE
  5
ADA
330
17
100
AcDbEntity
  8
L1000
100
AcDbPolyline
 90
2
 70
0
 10
586.6734364710727
 20
-71.5
 10
586.6316845407847
 20
-107.25
  0
LWPOLYLINE
  5
ADB
330
17
100
AcDbEntity
  8
L1000
100
AcDbPolyline
 90
2
 70
0
 10
641.096428321571
 20
-107.25
 10
641.138180251859
 20
-71.5
  0
LWPOLYLINE
  5
ADC
330
17
100
AcDbEntity
  8
L1000
100
AcDbPolyline
 90
2
 70
0
 10
586.5732318383815
 20
-143.0
 10
641.0379756191678
 20
-143.0
  0
LWPOLYLINE
  5
ADD
330
17
100
AcDbEntity
  8
L1000
100
AcDbPolyline
 90
2
 70
0
 10
586.6316845407847
 20
-107.25
 10
586.5732318383815
 20
-143.0
  0
LWPOLYLINE
  5
ADE
330
17
100
AcDbEntity
  8
L1000
100
AcDbPolyline
 90
2
 70
0
 10
641.0379756191678
 20
-143.0
 10
641.096428321571
 20
-107.25
  0
LWPOLYLINE
  5
ADF
330
17
100
AcDbEntity
  8
L1000
100
AcDbPolyline
 90
2
 70
0
 10
586.498078363863
 20
-178.75
 10
640.9628221446493
 20
-178.75
  0
LWPOLYLINE
  5
AE0
330
17
100
AcDbEntity
  8
L1000
100
AcDbPolyline
 90
2
 70
0
 10
586.5732318383815
 20
-143.0
 10
586.498078363863
 20
-178.75
  0
LWPOLYLINE
  5
AE1
330
17
100
AcDbEntity
  8
L1000
100
AcDbPolyline
 90
2
 70
0
 10
640.9628221446493
 20
-178.75
 10
641.0379756191678
 20
-143.0
  0
LWPOLYLINE
  5
AE2
330
17
100
AcDbEntity
  8
L1000
100
AcDbPolyline
 90
2
 70
0
 10
586.4062241172294
 20
-214.5
 10
640.8709678980157
 20
-214.5
  0
LWPOLYLINE
  5
AE3
330
17
100
AcDbEntity
  8
L1000
100
AcDbPolyline
 90
2
 70
0
 10
586.498078363863
 20
-178.75
 10
586.4062241172294
 20
-214.5
  0
LWPOLYLINE
  5
AE4
330
17
100
AcDbEntity
  8
L1000
100
AcDbPolyline
 90
2
 70
0
 10
640.8709678980157
 20
-214.5
 10
640.9628221446493
 20
-178.75
  0
LWPOLYLINE
  5
AE5
330
17
100
AcDbEntity
  8
L1000
100
AcDbPolyline
 90
2
 70
0
 10
586.2976690984806
 20
-250.25
 10
640.7624128792669
 20
-250.25
  0
LWPOLYLINE
  5
AE6
330
17
100
AcDbEntity
  8
L1000
100
AcDbPolyline
 90
2
 70
0
 10
586.4062241172294
 20
-214.5
 10
586.2976690984806
 20
-250.25
  0
LWPOLYLINE
  5
AE7
330
17
100
AcDbEntity
  8
L1000
100
AcDbPolyline
 90
2
 70
0
 10
640.7624128792669
 20
-250.25
 10
640.8709678980157
 20
-214.5
  0
LWPOLYLINE
  5
AE8
330
17
100
AcDbEntity
  8
L1000
100
AcDbPolyline
 90
2
 70
0
 10
586.1724133076165
 20
-286.0
 10
640.6371570884028
 20
-286.0
  0
LWPOLYLINE
  5
AE9
330
17
100
AcDbEntity
  8
L1000
100
AcDbPolyline
 90
2
 70
0
 10
586.2976690984806
 20
-250.25
 10
586.1724133076165
 20
-286.0
  0
LWPOLYLINE
  5
AEA
330
17
100
AcDbEntity
  8
L1000
100
AcDbPolyline
 90
2
 70
0
 10
640.6371570884028
 20
-286.0
 10
640.7624128792669
 20
-250.25
  0
LWPOLYLINE
  5
AEB
330
17
100
AcDbEntity
  8
L1000
100
AcDbPolyline
 90
2
 70
0
 10
586.0304567446371
 20
-321.75
 10
640.4952005254236
 20
-321.75
  0
LWPOLYLINE
  5
AEC
330
17
100
AcDbEntity
  8
L1000
100
AcDbPolyline
 90
2
 70
0
 10
586.1724133076165
 20
-286.0
 10
586.0304567446371
 20
-321.75
  0
LWPOLYLINE
  5
AED
330
17
100
AcDbEntity
  8
L1000
100
AcDbPolyline
 90
2
 70
0
 10
640.4952005254236
 20
-321.75
 10
640.6371570884028
 20
-286.0
  0
LWPOLYLINE
  5
AEE
330
17
100
AcDbEntity
  8
L1000
100
AcDbPolyline
 90
2
 70
0
 10
585.8717994095427
 20
-357.5
 10
640.336543190329
 20
-357.5
  0
LWPOLYLINE
  5
AEF
330
17
100
AcDbEntity
  8
L1000
100
AcDbPolyline
 90
2
 70
0
 10
586.0304567446371
 20
-321.75
 10
585.8717994095427
 20
-357.5
  0
LWPOLYLINE
  5
AF0
330
17
100
AcDbEntity
  8
L1000
100
AcDbPolyline
 90
2
 70
0
 10
640.336543190329
 20
-357.5
 10
640.4952005254236
 20
-321.75
  0
LWPOLYLINE
  5
AF1
330
17
100
AcDbEntity
  8
L1000
100
AcDbPolyline
 90
2
 70
0
 10
585.8717994095427
 20
-357.5
 10
584.6192415009021
 20
-357.5
  0
LWPOLYLINE
  5
AF2
330
17
100
AcDbEntity
  8
L1000
100
AcDbPolyline
 90
2
 70
0
 10
639.0839852816885
 20
-357.5
 10
640.336543190329
 20
-357.5
  0
LWPOLYLINE
  5
AF4
330
17
100
AcDbEntity
  8
L1001
100
AcDbPolyline
 90
2
 70
0
 10
735.2814548165838
 20
-357.5
 10
680.8167110357975
 20
-357.5
  0
LWPOLYLINE
  5
AF5
330
17
100
AcDbEntity
  8
L1001
100
AcDbPolyline
 90
2
 70
0
 10
680.975368370892
 20
-321.75
 10
735.4401121516784
 20
-321.75
  0
LWPOLYLINE
  5
AF6
330
17
100
AcDbEntity
  8
L1001
100
AcDbPolyline
 90
2
 70
0
 10
680.8167110357975
 20
-357.5
 10
680.975368370892
 20
-321.75
  0
LWPOLYLINE
  5
AF7
330
17
100
AcDbEntity
  8
L1001
100
AcDbPolyline
 90
2
 70
0
 10
735.4401121516784
 20
-321.75
 10
735.2814548165838
 20
-357.5
  0
LWPOLYLINE
  5
AF8
330
17
100
AcDbEntity
  8
L1001
100
AcDbPolyline
 90
2
 70
0
 10
681.1173249338713
 20
-286.0
 10
735.5820687146576
 20
-286.0
  0
LWPOLYLINE
  5
AF9
330
17
100
AcDbEntity
  8
L1001
100
AcDbPolyline
 90
2
 70
0
 10
680.975368370892
 20
-321.75
 10
681.1173249338713
 20
-286.0
  0
LWPOLYLINE
  5
AFA
330
17
100
AcDbEntity
  8
L1001
100
AcDbPolyline
 90
2
 70
0
 10
735.5820687146576
 20
-286.0
 10
735.4401121516784
 20
-321.75
  0
LWPOLYLINE
  5
AFB
330
17
100
AcDbEntity
  8
L1001
100
AcDbPolyline
 90
2
 70
0
 10
681.2425807247354
 20
-250.25
 10
735.7073245055217
 20
-250.25
  0
LWPOLYLINE
  5
AFC
330
17
100
AcDbEntity
  8
L1001
100
AcDbPolyline
 90
2
 70
0
 10
681.1173249338713
 20
-286.0
 10
681.2425807247354
 20
-250.25
  0
LWPOLYLINE
  5
AFD
330
17
100
AcDbEntity
  8
L1001
100
AcDbPolyline
 90
2
 70
0
 10
735.7073245055217
 20
-250.25
 10
735.5820687146576
 20
-286.0
  0
LWPOLYLINE
  5
AFE
330
17
100
AcDbEntity
  8
L1001
100
AcDbPolyline
 90
2
 70
0
 10
681.3511357434842
 20
-214.5
 10
735.8158795242705
 20
-214.5
  0
LWPOLYLINE
  5
AFF
330
17
100
AcDbEntity
  8
L1001
100
AcDbPolyline
 90
2
 70
0
 10
681.2425807247354
 20
-250.25
 10
681.3511357434842
 20
-214.5
  0
LWPOLYLINE
  5
B00
330
17
100
AcDbEntity
  8
L1001
100
AcDbPolyline
 90
2
 70
0
 10
735.8158795242705
 20
-214.5
 10
735.7073245055217
 20
-250.25
  0
LWPOLYLINE
  5
B01
330
17
100
AcDbEntity
  8
L1001
100
AcDbPolyline
 90
2
 70
0
 10
681.4429899901178
 20
-178.75
 10
735.9077337709041
 20
-178.75
  0
LWPOLYLINE
  5
B02
330
17
100
AcDbEntity
  8
L1001
100
AcDbPolyline
 90
2
 70
0
 10
681.3511357434842
 20
-214.5
 10
681.4429899901178
 20
-178.75
  0
LWPOLYLINE
  5
B03
330
17
100
AcDbEntity
  8
L1001
100
AcDbPolyline
 90
2
 70
0
 10
735.9077337709041
 20
-178.75
 10
735.8158795242705
 20
-214.5
  0
LWPOLYLINE
  5
B04
330
17
100
AcDbEntity
  8
L1001
100
AcDbPolyline
 90
2
 70
0
 10
681.5181434646363
 20
-143.0
 10
735.9828872454226
 20
-143.0
  0
LWPOLYLINE
  5
B05
330
17
100
AcDbEntity
  8
L1001
100
AcDbPolyline
 90
2
 70
0
 10
681.4429899901178
 20
-178.75
 10
681.5181434646363
 20
-143.0
  0
LWPOLYLINE
  5
B06
330
17
100
AcDbEntity
  8
L1001
100
AcDbPolyline
 90
2
 70
0
 10
735.9828872454226
 20
-143.0
 10
735.9077337709041
 20
-178.75
  0
LWPOLYLINE
  5
B07
330
17
100
AcDbEntity
  8
L1001
100
AcDbPolyline
 90
2
 70
0
 10
681.5765961670395
 20
-107.25
 10
736.0413399478258
 20
-107.25
  0
LWPOLYLINE
  5
B08
330
17
100
AcDbEntity
  8
L1001
100
AcDbPolyline
 90
2
 70
0
 10
681.5181434646363
 20
-143.0
 10
681.5765961670395
 20
-107.25
  0
LWPOLYLINE
  5
B09
330
17
100
AcDbEntity
  8
L1001
100
AcDbPolyline
 90
2
 70
0
 10
736.0413399478258
 20
-107.25
 10
735.9828872454226
 20
-143.0
  0
LWPOLYLINE
  5
B0A
330
17
100
AcDbEntity
  8
L1001
100
AcDbPolyline
 90
2
 70
0
 10
681.6183480973275
 20
-71.5
 10
736.0830918781138
 20
-71.5
  0
LWPOLYLINE
  5
B0B
330
17
100
AcDbEntity
  8
L1001
100
AcDbPolyline
 90
2
 70
0
 10
681.5765961670395
 20
-107.25
 10
681.6183480973275
 20
-71.5
  0
LWPOLYLINE
  5
B0C
330
17
100
AcDbEntity
  8
L1001
100
AcDbPolyline
 90
2
 70
0
 10
736.0830918781138
 20
-71.5
 10
736.0413399478258
 20
-107.25
  0
LWPOLYLINE
  5
B0D
330
17
100
AcDbEntity
  8
L1001
100
AcDbPolyline
 90
2
 70
0
 10
681.6433992555003
 20
-35.75
 10
736.1081430362866
 20
-35.75
  0
LWPOLYLINE
  5
B0E
330
17
100
AcDbEntity
  8
L1001
100
AcDbPolyline
 90
2
 70
0
 10
681.6183480973275
 20
-71.5
 10
681.6433992555003
 20
-35.75
  0
LWPOLYLINE
  5
B0F
330
17
100
AcDbEntity
  8
L1001
100
AcDbPolyline
 90
2
 70
0
 10
736.1081430362866
 20
-35.75
 10
736.0830918781138
 20
-71.5
  0
LWPOLYLINE
  5
B10
330
17
100
AcDbEntity
  8
L1001
100
AcDbPolyline
 90
2
 70
0
 10
681.6517496415579
 20
0.0
 10
736.1164934223442
 20
0.0
  0
LWPOLYLINE
  5
B11
330
17
100
AcDbEntity
  8
L1001
100
AcDbPolyline
 90
2
 70
0
 10
681.6433992555003
 20
-35.75
 10
681.6517496415579
 20
0.0
  0
LWPOLYLINE
  5
B12
330
17
100
AcDbEntity
  8
L1001
100
AcDbPolyline
 90
2
 70
0
 10
736.1164934223442
 20
0.0
 10
736.1081430362866
 20
-35.75
  0
LWPOLYLINE
  5
B13
330
17
100
AcDbEntity
  8
L1001
100
AcDbPolyline
 90
2
 70
0
 10
681.6433992555003
 20
35.75
 10
736.1081430362866
 20
35.75
  0
LWPOLYLINE
  5
B14
330
17
100
AcDbEntity
  8
L1001
100
AcDbPolyline
 90
2
 70
0
 10
681.6517496415579
 20
0.0
 10
681.6433992555003
 20
35.75
  0
LWPOLYLINE
  5
B15
330
17
100
AcDbEntity
  8
L1001
100
AcDbPolyline
 90
2
 70
0
 10
736.1081430362866
 20
35.75
 10
736.1164934223442
 20
0.0
  0
LWPOLYLINE
  5
B16
330
17
100
AcDbEntity
  8
L1001
100
AcDbPolyline
 90
2
 70
0
 10
681.6183480973275
 20
71.5
 10
736.0830918781138
 20
71.5
  0
LWPOLYLINE
  5
B17
330
17
100
AcDbEntity
  8
L1001
100
AcDbPolyline
 90
2
 70
0
 10
681.6433992555003
 20
35.75
 10
681.6183480973275
 20
71.5
  0
LWPOLYLINE
  5
B18
330
17
100
AcDbEntity
  8
L1001
100
AcDbPolyline
 90
2
 70
0
 10
736.0830918781138
 20
71.5
 10
736.1081430362866
 20
35.75
  0
LWPOLYLINE
  5
B19
330
17
100
AcDbEntity
  8
L1001
100
AcDbPolyline
 90
2
 70
0
 10
681.5765961670395
 20
107.25
 10
736.0413399478258
 20
107.25
  0
LWPOLYLINE
  5
B1A
330
17
100
AcDbEntity
  8
L1001
100
AcDbPolyline
 90
2
 70
0
 10
681.6183480973275
 20
71.5
 10
681.5765961670395
 20
107.25
  0
LWPOLYLINE
  5
B1B
330
17
100
AcDbEntity
  8
L1001
100
AcDbPolyline
 90
2
 70
0
 10
736.0413399478258
 20
107.25
 10
736.0830918781138
 20
71.5
  0
LWPOLYLINE
  5
B1C
330
17
100
AcDbEntity
  8
L1001
100
AcDbPolyline
 90
2
 70
0
 10
681.5181434646363
 20
143.0
 10
735.9828872454226
 20
143.0
  0
LWPOLYLINE
  5
B1D
330
17
100
AcDbEntity
  8
L1001
100
AcDbPolyline
 90
2
 70
0
 10
681.5765961670395
 20
107.25
 10
681.5181434646363
 20
143.0
  0
LWPOLYLINE
  5
B1E
330
17
100
AcDbEntity
  8
L1001
100
AcDbPolyline
 90
2
 70
0
 10
735.9828872454226
 20
143.0
 10
736.0413399478258
 20
107.25
  0
LWPOLYLINE
  5
B1F
330
17
100
AcDbEntity
  8
L1001
100
AcDbPolyline
 90
2
 70
0
 10
681.4429899901178
 20
178.75
 10
735.9077337709041
 20
178.75
  0
LWPOLYLINE
  5
B20
330
17
100
AcDbEntity
  8
L1001
100
AcDbPolyline
 90
2
 70
0
 10
681.5181434646363
 20
143.0
 10
681.4429899901178
 20
178.75
  0
LWPOLYLINE
  5
B21
330
17
100
AcDbEntity
  8
L1001
100
AcDbPolyline
 90
2
 70
0
 10
735.9077337709041
 20
178.75
 10
735.9828872454226
 20
143.0
  0
LWPOLYLINE
  5
B22
330
17
100
AcDbEntity
  8
L1001
100
AcDbPolyline
 90
2
 70
0
 10
681.3511357434842
 20
214.5
 10
735.8158795242705
 20
214.5
  0
LWPOLYLINE
  5
B23
330
17
100
AcDbEntity
  8
L1001
100
AcDbPolyline
 90
2
 70
0
 10
681.4429899901178
 20
178.75
 10
681.3511357434842
 20
214.5
  0
LWPOLYLINE
  5
B24
330
17
100
AcDbEntity
  8
L1001
100
AcDbPolyline
 90
2
 70
0
 10
735.8158795242705
 20
214.5
 10
735.9077337709041
 20
178.75
  0
LWPOLYLINE
  5
B25
330
17
100
AcDbEntity
  8
L1001
100
AcDbPolyline
 90
2
 70
0
 10
681.2425807247354
 20
250.25
 10
735.7073245055217
 20
250.25
  0
LWPOLYLINE
  5
B26
330
17
100
AcDbEntity
  8
L1001
100
AcDbPolyline
 90
2
 70
0
 10
681.3511357434842
 20
214.5
 10
681.2425807247354
 20
250.25
  0
LWPOLYLINE
  5
B27
330
17
100
AcDbEntity
  8
L1001
100
AcDbPolyline
 90
2
 70
0
 10
735.7073245055217
 20
250.25
 10
735.8158795242705
 20
214.5
  0
LWPOLYLINE
  5
B28
330
17
100
AcDbEntity
  8
L1001
100
AcDbPolyline
 90
2
 70
0
 10
681.1173249338713
 20
286.0
 10
735.5820687146576
 20
286.0
  0
LWPOLYLINE
  5
B29
330
17
100
AcDbEntity
  8
L1001
100
AcDbPolyline
 90
2
 70
0
 10
681.2425807247354
 20
250.25
 10
681.1173249338713
 20
286.0
  0
LWPOLYLINE
  5
B2A
330
17
100
AcDbEntity
  8
L1001
100
AcDbPolyline
 90
2
 70
0
 10
735.5820687146576
 20
286.0
 10
735.7073245055217
 20
250.25
  0
LWPOLYLINE
  5
B2B
330
17
100
AcDbEntity
  8
L1001
100
AcDbPolyline
 90
2
 70
0
 10
680.975368370892
 20
321.75
 10
735.4401121516784
 20
321.75
  0
LWPOLYLINE
  5
B2C
330
17
100
AcDbEntity
  8
L1001
100
AcDbPolyline
 90
2
 70
0
 10
681.1173249338713
 20
286.0
 10
680.975368370892
 20
321.75
  0
LWPOLYLINE
  5
B2D
330
17
100
AcDbEntity
  8
L1001
100
AcDbPolyline
 90
2
 70
0
 10
735.4401121516784
 20
321.75
 10
735.5820687146576
 20
286.0
  0
LWPOLYLINE
  5
B2E
330
17
100
AcDbEntity
  8
L1001
100
AcDbPolyline
 90
2
 70
0
 10
680.8167110357975
 20
357.5
 10
735.2814548165838
 20
357.5
  0
LWPOLYLINE
  5
B2F
330
17
100
AcDbEntity
  8
L1001
100
AcDbPolyline
 90
2
 70
0
 10
680.975368370892
 20
321.75
 10
680.8167110357975
 20
357.5
  0
LWPOLYLINE
  5
B30
330
17
100
AcDbEntity
  8
L1001
100
AcDbPolyline
 90
2
 70
0
 10
735.2814548165838
 20
357.5
 10
735.4401121516784
 20
321.75
  0
LWPOLYLINE
  5
B31
330
17
100
AcDbEntity
  8
L1001
100
AcDbPolyline
 90
2
 70
0
 10
682.0692689444381
 20
357.5
 10
736.5340127252244
 20
357.5
  0
LWPOLYLINE
  5
B32
330
17
100
AcDbEntity
  8
L1001
100
AcDbPolyline
 90
2
 70
0
 10
680.8167110357975
 20
357.5
 10
682.0692689444381
 20
357.5
  0
LWPOLYLINE
  5
B33
330
17
100
AcDbEntity
  8
L1001
100
AcDbPolyline
 90
2
 70
0
 10
736.5340127252244
 20
357.5
 10
735.2814548165838
 20
357.5
  0
LWPOLYLINE
  5
B34
330
17
100
AcDbEntity
  8
L1001
100
AcDbPolyline
 90
2
 70
0
 10
682.2279262795325
 20
321.75
 10
736.692670060319
 20
321.75
  0
LWPOLYLINE
  5
B35
330
17
100
AcDbEntity
  8
L1001
100
AcDbPolyline
 90
2
 70
0
 10
682.0692689444381
 20
357.5
 10
682.2279262795325
 20
321.75
  0
LWPOLYLINE
  5
B36
330
17
100
AcDbEntity
  8
L1001
100
AcDbPolyline
 90
2
 70
0
 10
736.692670060319
 20
321.75
 10
736.5340127252244
 20
357.5
  0
LWPOLYLINE
  5
B37
330
17
100
AcDbEntity
  8
L1001
100
AcDbPolyline
 90
2
 70
0
 10
682.3698828425119
 20
286.0
 10
736.8346266232982
 20
286.0
  0
LWPOLYLINE
  5
B38
330
17
100
AcDbEntity
  8
L1001
100
AcDbPolyline
 90
2
 70
0
 10
682.2279262795325
 20
321.75
 10
682.3698828425119
 20
286.0
  0
LWPOLYLINE
  5
B39
330
17
100
AcDbEntity
  8
L1001
100
AcDbPolyline
 90
2
 70
0
 10
736.8346266232982
 20
286.0
 10
736.692670060319
 20
321.75
  0
LWPOLYLINE
  5
B3A
330
17
100
AcDbEntity
  8
L1001
100
AcDbPolyline
 90
2
 70
0
 10
682.495138633376
 20
250.25
 10
736.9598824141623
 20
250.25
  0
LWPOLYLINE
  5
B3B
330
17
100
AcDbEntity
  8
L1001
100
AcDbPolyline
 90
2
 70
0
 10
682.3698828425119
 20
286.0
 10
682.495138633376
 20
250.25
  0
LWPOLYLINE
  5
B3C
330
17
100
AcDbEntity
  8
L1001
100
AcDbPolyline
 90
2
 70
0
 10
736.9598824141623
 20
250.25
 10
736.8346266232982
 20
286.0
  0
LWPOLYLINE
  5
B3D
330
17
100
AcDbEntity
  8
L1001
100
AcDbPolyline
 90
2
 70
0
 10
682.6036936521248
 20
214.5
 10
737.0684374329111
 20
214.5
  0
LWPOLYLINE
  5
B3E
330
17
100
AcDbEntity
  8
L1001
100
AcDbPolyline
 90
2
 70
0
 10
682.495138633376
 20
250.25
 10
682.6036936521248
 20
214.5
  0
LWPOLYLINE
  5
B3F
330
17
100
AcDbEntity
  8
L1001
100
AcDbPolyline
 90
2
 70
0
 10
737.0684374329111
 20
214.5
 10
736.9598824141623
 20
250.25
  0
LWPOLYLINE
  5
B40
330
17
100
AcDbEntity
  8
L1001
100
AcDbPolyline
 90
2
 70
0
 10
682.6955478987584
 20
178.75
 10
737.1602916795447
 20
178.75
  0
LWPOLYLINE
  5
B41
330
17
100
AcDbEntity
  8
L1001
100
AcDbPolyline
 90
2
 70
0
 10
682.6036936521248
 20
214.5
 10
682.6955478987584
 20
178.75
  0
LWPOLYLINE
  5
B42
330
17
100
AcDbEntity
  8
L1001
100
AcDbPolyline
 90
2
 70
0
 10
737.1602916795447
 20
178.75
 10
737.0684374329111
 20
214.5
  0
LWPOLYLINE
  5
B43
330
17
100
AcDbEntity
  8
L1001
100
AcDbPolyline
 90
2
 70
0
 10
682.7707013732769
 20
143.0
 10
737.2354451540632
 20
143.0
  0
LWPOLYLINE
  5
B44
330
17
100
AcDbEntity
  8
L1001
100
AcDbPolyline
 90
2
 70
0
 10
682.6955478987584
 20
178.75
 10
682.7707013732769
 20
143.0
  0
LWPOLYLINE
  5
B45
330
17
100
AcDbEntity
  8
L1001
100
AcDbPolyline
 90
2
 70
0
 10
737.2354451540632
 20
143.0
 10
737.1602916795447
 20
178.75
  0
LWPOLYLINE
  5
B46
330
17
100
AcDbEntity
  8
L1001
100
AcDbPolyline
 90
2
 70
0
 10
682.8291540756801
 20
107.25
 10
737.2938978564664
 20
107.25
  0
LWPOLYLINE
  5
B47
330
17
100
AcDbEntity
  8
L1001
100
AcDbPolyline
 90
2
 70
0
 10
682.7707013732769
 20
143.0
 10
682.8291540756801
 20
107.25
  0
LWPOLYLINE
  5
B48
330
17
100
AcDbEntity
  8
L1001
100
AcDbPolyline
 90
2
 70
0
 10
737.2938978564664
 20
107.25
 10
737.2354451540632
 20
143.0
  0
LWPOLYLINE
  5
B49
330
17
100
AcDbEntity
  8
L1001
100
AcDbPolyline
 90
2
 70
0
 10
682.8709060059681
 20
71.5
 10
737.3356497867544
 20
71.5
  0
LWPOLYLINE
  5
B4A
330
17
100
AcDbEntity
  8
L1001
100
AcDbPolyline
 90
2
 70
0
 10
682.8291540756801
 20
107.25
 10
682.8709060059681
 20
71.5
  0
LWPOLYLINE
  5
B4B
330
17
100
AcDbEntity
  8
L1001
100
AcDbPolyline
 90
2
 70
0
 10
737.3356497867544
 20
71.5
 10
737.2938978564664
 20
107.25
  0
LWPOLYLINE
  5
B4C
330
17
100
AcDbEntity
  8
L1001
100
AcDbPolyline
 90
2
 70
0
 10
682.8959571641409
 20
35.75
 10
737.3607009449272
 20
35.75
  0
LWPOLYLINE
  5
B4D
330
17
100
AcDbEntity
  8
L1001
100
AcDbPolyline
 90
2
 70
0
 10
682.8709060059681
 20
71.5
 10
682.8959571641409
 20
35.75
  0
LWPOLYLINE
  5
B4E
330
17
100
AcDbEntity
  8
L1001
100
AcDbPolyline
 90
2
 70
0
 10
737.3607009449272
 20
35.75
 10
737.3356497867544
 20
71.5
  0
LWPOLYLINE
  5
B4F
330
17
100
AcDbEntity
  8
L1001
100
AcDbPolyline
 90
2
 70
0
 10
682.9043075501985
 20
0.0
 10
737.3690513309848
 20
0.0
  0
LWPOLYLINE
  5
B50
330
17
100
AcDbEntity
  8
L1001
100
AcDbPolyline
 90
2
 70
0
 10
682.8959571641409
 20
35.75
 10
682.9043075501985
 20
0.0
  0
LWPOLYLINE
  5
B51
330
17
100
AcDbEntity
  8
L1001
100
AcDbPolyline
 90
2
 70
0
 10
737.3690513309848
 20
0.0
 10
737.3607009449272
 20
35.75
  0
LWPOLYLINE
  5
B52
330
17
100
AcDbEntity
  8
L1001
100
AcDbPolyline
 90
2
 70
0
 10
682.8959571641409
 20
-35.75
 10
737.3607009449272
 20
-35.75
  0
LWPOLYLINE
  5
B53
330
17
100
AcDbEntity
  8
L1001
100
AcDbPolyline
 90
2
 70
0
 10
682.9043075501985
 20
0.0
 10
682.8959571641409
 20
-35.75
  0
LWPOLYLINE
  5
B54
330
17
100
AcDbEntity
  8
L1001
100
AcDbPolyline
 90
2
 70
0
 10
737.3607009449272
 20
-35.75
 10
737.3690513309848
 20
0.0
  0
LWPOLYLINE
  5
B55
330
17
100
AcDbEntity
  8
L1001
100
AcDbPolyline
 90
2
 70
0
 10
682.8709060059681
 20
-71.5
 10
737.3356497867544
 20
-71.5
  0
LWPOLYLINE
  5
B56
330
17
100
AcDbEntity
  8
L1001
100
AcDbPolyline
 90
2
 70
0
 10
682.8959571641409
 20
-35.75
 10
682.8709060059681
 20
-71.5
  0
LWPOLYLINE
  5
B57
330
17
100
AcDbEntity
  8
L1001
100
AcDbPolyline
 90
2
 70
0
 10
737.3356497867544
 20
-71.5
 10
737.3607009449272
 20
-35.75
  0
LWPOLYLINE
  5
B58
330
17
100
AcDbEntity
  8
L1001
100
AcDbPolyline
 90
2
 70
0
 10
682.8291540756801
 20
-107.25
 10
737.2938978564664
 20
-107.25
  0
LWPOLYLINE
  5
B59
330
17
100
AcDbEntity
  8
L1001
100
AcDbPolyline
 90
2
 70
0
 10
682.8709060059681
 20
-71.5
 10
682.8291540756801
 20
-107.25
  0
LWPOLYLINE
  5
B5A
330
17
100
AcDbEntity
  8
L1001
100
AcDbPolyline
 90
2
 70
0
 10
737.2938978564664
 20
-107.25
 10
737.3356497867544
 20
-71.5
  0
LWPOLYLINE
  5
B5B
330
17
100
AcDbEntity
  8
L1001
100
AcDbPolyline
 90
2
 70
0
 10
682.7707013732769
 20
-143.0
 10
737.2354451540632
 20
-143.0
  0
LWPOLYLINE
  5
B5C
330
17
100
AcDbEntity
  8
L1001
100
AcDbPolyline
 90
2
 70
0
 10
682.8291540756801
 20
-107.25
 10
682.7707013732769
 20
-143.0
  0
LWPOLYLINE
  5
B5D
330
17
100
AcDbEntity
  8
L1001
100
AcDbPolyline
 90
2
 70
0
 10
737.2354451540632
 20
-143.0
 10
737.2938978564664
 20
-107.25
  0
LWPOLYLINE
  5
B5E
330
17
100
AcDbEntity
  8
L1001
100
AcDbPolyline
 90
2
 70
0
 10
682.6955478987584
 20
-178.75
 10
737.1602916795447
 20
-178.75
  0
LWPOLYLINE
  5
B5F
330
17
100
AcDbEntity
  8
L1001
100
AcDbPolyline
 90
2
 70
0
 10
682.7707013732769
 20
-143.0
 10
682.6955478987584
 20
-178.75
  0
LWPOLYLINE
  5
B60
330
17
100
AcDbEntity
  8
L1001
100
AcDbPolyline
 90
2
 70
0
 10
737.1602916795447
 20
-178.75
 10
737.2354451540632
 20
-143.0
  0
LWPOLYLINE
  5
B61
330
17
100
AcDbEntity
  8
L1001
100
AcDbPolyline
 90
2
 70
0
 10
682.6036936521248
 20
-214.5
 10
737.0684374329111
 20
-214.5
  0
LWPOLYLINE
  5
B62
330
17
100
AcDbEntity
  8
L1001
100
AcDbPolyline
 90
2
 70
0
 10
682.6955478987584
 20
-178.75
 10
682.6036936521248
 20
-214.5
  0
LWPOLYLINE
  5
B63
330
17
100
AcDbEntity
  8
L1001
100
AcDbPolyline
 90
2
 70
0
 10
737.0684374329111
 20
-214.5
 10
737.1602916795447
 20
-178.75
  0
LWPOLYLINE
  5
B64
330
17
100
AcDbEntity
  8
L1001
100
AcDbPolyline
 90
2
 70
0
 10
682.495138633376
 20
-250.25
 10
736.9598824141623
 20
-250.25
  0
LWPOLYLINE
  5
B65
330
17
100
AcDbEntity
  8
L1001
100
AcDbPolyline
 90
2
 70
0
 10
682.6036936521248
 20
-214.5
 10
682.495138633376
 20
-250.25
  0
LWPOLYLINE
  5
B66
330
17
100
AcDbEntity
  8
L1001
100
AcDbPolyline
 90
2
 70
0
 10
736.9598824141623
 20
-250.25
 10
737.0684374329111
 20
-214.5
  0
LWPOLYLINE
  5
B67
330
17
100
AcDbEntity
  8
L1001
100
AcDbPolyline
 90
2
 70
0
 10
682.3698828425119
 20
-286.0
 10
736.8346266232982
 20
-286.0
  0
LWPOLYLINE
  5
B68
330
17
100
AcDbEntity
  8
L1001
100
AcDbPolyline
 90
2
 70
0
 10
682.495138633376
 20
-250.25
 10
682.3698828425119
 20
-286.0
  0
LWPOLYLINE
  5
B69
330
17
100
AcDbEntity
  8
L1001
100
AcDbPolyline
 90
2
 70
0
 10
736.8346266232982
 20
-286.0
 10
736.9598824141623
 20
-250.25
  0
LWPOLYLINE
  5
B6A
330
17
100
AcDbEntity
  8
L1001
100
AcDbPolyline
 90
2
 70
0
 10
682.2279262795325
 20
-321.75
 10
736.692670060319
 20
-321.75
  0
LWPOLYLINE
  5
B6B
330
17
100
AcDbEntity
  8
L1001
100
AcDbPolyline
 90
2
 70
0
 10
682.3698828425119
 20
-286.0
 10
682.2279262795325
 20
-321.75
  0
LWPOLYLINE
  5
B6C
330
17
100
AcDbEntity
  8
L1001
100
AcDbPolyline
 90
2
 70
0
 10
736.692670060319
 20
-321.75
 10
736.8346266232982
 20
-286.0
  0
LWPOLYLINE
  5
B6D
330
17
100
AcDbEntity
  8
L1001
100
AcDbPolyline
 90
2
 70
0
 10
682.0692689444381
 20
-357.5
 10
736.5340127252244
 20
-357.5
  0
LWPOLYLINE
  5
B6E
330
17
100
AcDbEntity
  8
L1001
100
AcDbPolyline
 90
2
 70
0
 10
682.2279262795325
 20
-321.75
 10
682.0692689444381
 20
-357.5
  0
LWPOLYLINE
  5
B6F
330
17
100
AcDbEntity
  8
L1001
100
AcDbPolyline
 90
2
 70
0
 10
736.5340127252244
 20
-357.5
 10
736.692670060319
 20
-321.75
  0
LWPOLYLINE
  5
B70
330
17
100
AcDbEntity
  8
L1001
100
AcDbPolyline
 90
2
 70
0
 10
682.0692689444381
 20
-357.5
 10
680.8167110357975
 20
-357.5
  0
LWPOLYLINE
  5
B71
330
17
100
AcDbEntity
  8
L1001
100
AcDbPolyline
 90
2
 70
0
 10
735.2814548165838
 20
-357.5
 10
736.5340127252244
 20
-357.5
  0
LWPOLYLINE
  5
B73
330
17
100
AcDbEntity
  8
L1002
100
AcDbPolyline
 90
2
 70
0
 10
831.4789243514792
 20
-357.5
 10
777.0141805706929
 20
-357.5
  0
LWPOLYLINE
  5
B74
330
17
100
AcDbEntity
  8
L1002
100
AcDbPolyline
 90
2
 70
0
 10
777.1728379057874
 20
-321.75
 10
831.6375816865738
 20
-321.75
  0
LWPOLYLINE
  5
B75
330
17
100
AcDbEntity
  8
L1002
100
AcDbPolyline
 90
2
 70
0
 10
777.0141805706929
 20
-357.5
 10
777.1728379057874
 20
-321.75
  0
LWPOLYLINE
  5
B76
330
17
100
AcDbEntity
  8
L1002
100
AcDbPolyline
 90
2
 70
0
 10
831.6375816865738
 20
-321.75
 10
831.4789243514792
 20
-357.5
  0
LWPOLYLINE
  5
B77
330
17
100
AcDbEntity
  8
L1002
100
AcDbPolyline
 90
2
 70
0
 10
777.3147944687666
 20
-286.0
 10
831.779538249553
 20
-286.0
  0
LWPOLYLINE
  5
B78
330
17
100
AcDbEntity
  8
L1002
100
AcDbPolyline
 90
2
 70
0
 10
777.1728379057874
 20
-321.75
 10
777.3147944687666
 20
-286.0
  0
LWPOLYLINE
  5
B79
330
17
100
AcDbEntity
  8
L1002
100
AcDbPolyline
 90
2
 70
0
 10
831.779538249553
 20
-286.0
 10
831.6375816865738
 20
-321.75
  0
LWPOLYLINE
  5
B7A
330
17
100
AcDbEntity
  8
L1002
100
AcDbPolyline
 90
2
 70
0
 10
777.4400502596308
 20
-250.25
 10
831.9047940404171
 20
-250.25
  0
LWPOLYLINE
  5
B7B
330
17
100
AcDbEntity
  8
L1002
100
AcDbPolyline
 90
2
 70
0
 10
777.3147944687666
 20
-286.0
 10
777.4400502596308
 20
-250.25
  0
LWPOLYLINE
  5
B7C
330
17
100
AcDbEntity
  8
L1002
100
AcDbPolyline
 90
2
 70
0
 10
831.9047940404171
 20
-250.25
 10
831.779538249553
 20
-286.0
  0
LWPOLYLINE
  5
B7D
330
17
100
AcDbEntity
  8
L1002
100
AcDbPolyline
 90
2
 70
0
 10
777.5486052783796
 20
-214.5
 10
832.0133490591659
 20
-214.5
  0
LWPOLYLINE
  5
B7E
330
17
100
AcDbEntity
  8
L1002
100
AcDbPolyline
 90
2
 70
0
 10
777.4400502596308
 20
-250.25
 10
777.5486052783796
 20
-214.5
  0
LWPOLYLINE
  5
B7F
330
17
100
AcDbEntity
  8
L1002
100
AcDbPolyline
 90
2
 70
0
 10
832.0133490591659
 20
-214.5
 10
831.9047940404171
 20
-250.25
  0
LWPOLYLINE
  5
B80
330
17
100
AcDbEntity
  8
L1002
100
AcDbPolyline
 90
2
 70
0
 10
777.6404595250132
 20
-178.75
 10
832.1052033057995
 20
-178.75
  0
LWPOLYLINE
  5
B81
330
17
100
AcDbEntity
  8
L1002
100
AcDbPolyline
 90
2
 70
0
 10
777.5486052783796
 20
-214.5
 10
777.6404595250132
 20
-178.75
  0
LWPOLYLINE
  5
B82
330
17
100
AcDbEntity
  8
L1002
100
AcDbPolyline
 90
2
 70
0
 10
832.1052033057995
 20
-178.75
 10
832.0133490591659
 20
-214.5
  0
LWPOLYLINE
  5
B83
330
17
100
AcDbEntity
  8
L1002
100
AcDbPolyline
 90
2
 70
0
 10
777.7156129995317
 20
-143.0
 10
832.180356780318
 20
-143.0
  0
LWPOLYLINE
  5
B84
330
17
100
AcDbEntity
  8
L1002
100
AcDbPolyline
 90
2
 70
0
 10
777.6404595250132
 20
-178.75
 10
777.7156129995317
 20
-143.0
  0
LWPOLYLINE
  5
B85
330
17
100
AcDbEntity
  8
L1002
100
AcDbPolyline
 90
2
 70
0
 10
832.180356780318
 20
-143.0
 10
832.1052033057995
 20
-178.75
  0
LWPOLYLINE
  5
B86
330
17
100
AcDbEntity
  8
L1002
100
AcDbPolyline
 90
2
 70
0
 10
777.7740657019349
 20
-107.25
 10
832.2388094827212
 20
-107.25
  0
LWPOLYLINE
  5
B87
330
17
100
AcDbEntity
  8
L1002
100
AcDbPolyline
 90
2
 70
0
 10
777.7156129995317
 20
-143.0
 10
777.7740657019349
 20
-107.25
  0
LWPOLYLINE
  5
B88
330
17
100
AcDbEntity
  8
L1002
100
AcDbPolyline
 90
2
 70
0
 10
832.2388094827212
 20
-107.25
 10
832.180356780318
 20
-143.0
  0
LWPOLYLINE
  5
B89
330
17
100
AcDbEntity
  8
L1002
100
AcDbPolyline
 90
2
 70
0
 10
777.8158176322229
 20
-71.5
 10
832.2805614130092
 20
-71.5
  0
LWPOLYLINE
  5
B8A
330
17
100
AcDbEntity
  8
L1002
100
AcDbPolyline
 90
2
 70
0
 10
777.7740657019349
 20
-107.25
 10
777.8158176322229
 20
-71.5
  0
LWPOLYLINE
  5
B8B
330
17
100
AcDbEntity
  8
L1002
100
AcDbPolyline
 90
2
 70
0
 10
832.2805614130092
 20
-71.5
 10
832.2388094827212
 20
-107.25
  0
LWPOLYLINE
  5
B8C
330
17
100
AcDbEntity
  8
L1002
100
AcDbPolyline
 90
2
 70
0
 10
777.8408687903957
 20
-35.75
 10
832.305612571182
 20
-35.75
  0
LWPOLYLINE
  5
B8D
330
17
100
AcDbEntity
  8
L1002
100
AcDbPolyline
 90
2
 70
0
 10
777.8158176322229
 20
-71.5
 10
777.8408687903957
 20
-35.75
  0
LWPOLYLINE
  5
B8E
330
17
100
AcDbEntity
  8
L1002
100
AcDbPolyline
 90
2
 70
0
 10
832.305612571182
 20
-35.75
 10
832.2805614130092
 20
-71.5
  0
LWPOLYLINE
  5
B8F
330
17
100
AcDbEntity
  8
L1002
100
AcDbPolyline
 90
2
 70
0
 10
777.8492191764533
 20
0.0
 10
832.3139629572396
 20
0.0
  0
LWPOLYLINE
  5
B90
330
17
100
AcDbEntity
  8
L1002
100
AcDbPolyline
 90
2
 70
0
 10
777.8408687903957
 20
-35.75
 10
777.8492191764533
 20
0.0
  0
LWPOLYLINE
  5
B91
330
17
100
AcDbEntity
  8
L1002
100
AcDbPolyline
 90
2
 70
0
 10
832.3139629572396
 20
0.0
 10
832.305612571182
 20
-35.75
  0
LWPOLYLINE
  5
B92
330
17
100
AcDbEntity
  8
L1002
100
AcDbPolyline
 90
2
 70
0
 10
777.8408687903957
 20
35.75
 10
832.305612571182
 20
35.75
  0
LWPOLYLINE
  5
B93
330
17
100
AcDbEntity
  8
L1002
100
AcDbPolyline
 90
2
 70
0
 10
777.8492191764533
 20
0.0
 10
777.8408687903957
 20
35.75
  0
LWPOLYLINE
  5
B94
330
17
100
AcDbEntity
  8
L1002
100
AcDbPolyline
 90
2
 70
0
 10
832.305612571182
 20
35.75
 10
832.3139629572396
 20
0.0
  0
LWPOLYLINE
  5
B95
330
17
100
AcDbEntity
  8
L1002
100
AcDbPolyline
 90
2
 70
0
 10
777.8158176322229
 20
71.5
 10
832.2805614130092
 20
71.5
  0
LWPOLYLINE
  5
B96
330
17
100
AcDbEntity
  8
L1002
100
AcDbPolyline
 90
2
 70
0
 10
777.8408687903957
 20
35.75
 10
777.8158176322229
 20
71.5
  0
LWPOLYLINE
  5
B97
330
17
100
AcDbEntity
  8
L1002
100
AcDbPolyline
 90
2
 70
0
 10
832.2805614130092
 20
71.5
 10
832.305612571182
 20
35.75
  0
LWPOLYLINE
  5
B98
330
17
100
AcDbEntity
  8
L1002
100
AcDbPolyline
 90
2
 70
0
 10
777.7740657019349
 20
107.25
 10
832.2388094827212
 20
107.25
  0
LWPOLYLINE
  5
B99
330
17
100
AcDbEntity
  8
L1002
100
AcDbPolyline
 90
2
 70
0
 10
777.8158176322229
 20
71.5
 10
777.7740657019349
 20
107.25
  0
LWPOLYLINE
  5
B9A
330
17
100
AcDbEntity
  8
L1002
100
AcDbPolyline
 90
2
 70
0
 10
832.2388094827212
 20
107.25
 10
832.2805614130092
 20
71.5
  0
LWPOLYLINE
  5
B9B
330
17
100
AcDbEntity
  8
L1002
100
AcDbPolyline
 90
2
 70
0
 10
777.7156129995317
 20
143.0
 10
832.180356780318
 20
143.0
  0
LWPOLYLINE
  5
B9C
330
17
100
AcDbEntity
  8
L1002
100
AcDbPolyline
 90
2
 70
0
 10
777.7740657019349
 20
107.25
 10
777.7156129995317
 20
143.0
  0
LWPOLYLINE
  5
B9D
330
17
100
AcDbEntity
  8
L1002
100
AcDbPolyline
 90
2
 70
0
 10
832.180356780318
 20
143.0
 10
832.2388094827212
 20
107.25
  0
LWPOLYLINE
  5
B9E
330
17
100
AcDbEntity
  8
L1002
100
AcDbPolyline
 90
2
 70
0
 10
777.6404595250132
 20
178.75
 10
832.1052033057995
 20
178.75
  0
LWPOLYLINE
  5
B9F
330
17
100
AcDbEntity
  8
L1002
100
AcDbPolyline
 90
2
 70
0
 10
777.7156129995317
 20
143.0
 10
777.6404595250132
 20
178.75
  0
LWPOLYLINE
  5
BA0
330
17
100
AcDbEntity
  8
L1002
100
AcDbPolyline
 90
2
 70
0
 10
832.1052033057995
 20
178.75
 10
832.180356780318
 20
143.0
  0
LWPOLYLINE
  5
BA1
330
17
100
AcDbEntity
  8
L1002
100
AcDbPolyline
 90
2
 70
0
 10
777.5486052783796
 20
214.5
 10
832.0133490591659
 20
214.5
  0
LWPOLYLINE
  5
BA2
330
17
100
AcDbEntity
  8
L1002
100
AcDbPolyline
 90
2
 70
0
 10
777.6404595250132
 20
178.75
 10
777.5486052783796
 20
214.5
  0
LWPOLYLINE
  5
BA3
330
17
100
AcDbEntity
  8
L1002
100
AcDbPolyline
 90
2
 70
0
 10
832.0133490591659
 20
214.5
 10
832.1052033057995
 20
178.75
  0
LWPOLYLINE
  5
BA4
330
17
100
AcDbEntity
  8
L1002
100
AcDbPolyline
 90
2
 70
0
 10
777.4400502596308
 20
250.25
 10
831.9047940404171
 20
250.25
  0
LWPOLYLINE
  5
BA5
330
17
100
AcDbEntity
  8
L1002
100
AcDbPolyline
 90
2
 70
0
 10
777.5486052783796
 20
214.5
 10
777.4400502596308
 20
250.25
  0
LWPOLYLINE
  5
BA6
330
17
100
AcDbEntity
  8
L1002
100
AcDbPolyline
 90
2
 70
0
 10
831.9047940404171
 20
250.25
 10
832.0133490591659
 20
214.5
  0
LWPOLYLINE
  5
BA7
330
17
100
AcDbEntity
  8
L1002
100
AcDbPolyline
 90
2
 70
0
 10
777.3147944687666
 20
286.0
 10
831.779538249553
 20
286.0
  0
LWPOLYLINE
  5
BA8
330
17
100
AcDbEntity
  8
L1002
100
AcDbPolyline
 90
2
 70
0
 10
777.4400502596308
 20
250.25
 10
777.3147944687666
 20
286.0
  0
LWPOLYLINE
  5
BA9
330
17
100
AcDbEntity
  8
L1002
100
AcDbPolyline
 90
2
 70
0
 10
831.779538249553
 20
286.0
 10
831.9047940404171
 20
250.25
  0
LWPOLYLINE
  5
BAA
330
17
100
AcDbEntity
  8
L1002
100
AcDbPolyline
 90
2
 70
0
 10
777.1728379057874
 20
321.75
 10
831.6375816865738
 20
321.75
  0
LWPOLYLINE
  5
BAB
330
17
100
AcDbEntity
  8
L1002
100
AcDbPolyline
 90
2
 70
0
 10
777.3147944687666
 20
286.0
 10
777.1728379057874
 20
321.75
  0
LWPOLYLINE
  5
BAC
330
17
100
AcDbEntity
  8
L1002
100
AcDbPolyline
 90
2
 70
0
 10
831.6375816865738
 20
321.75
 10
831.779538249553
 20
286.0
  0
LWPOLYLINE
  5
BAD
330
17
100
AcDbEntity
  8
L1002
100
AcDbPolyline
 90
2
 70
0
 10
777.0141805706929
 20
357.5
 10
831.4789243514792
 20
357.5
  0
LWPOLYLINE
  5
BAE
330
17
100
AcDbEntity
  8
L1002
100
AcDbPolyline
 90
2
 70
0
 10
777.1728379057874
 20
321.75
 10
777.0141805706929
 20
357.5
  0
LWPOLYLINE
  5
BAF
330
17
100
AcDbEntity
  8
L1002
100
AcDbPolyline
 90
2
 70
0
 10
831.4789243514792
 20
357.5
 10
831.6375816865738
 20
321.75
  0
LWPOLYLINE
  5
BB0
330
17
100
AcDbEntity
  8
L1002
100
AcDbPolyline
 90
2
 70
0
 10
778.2667384793335
 20
357.5
 10
832.7314822601198
 20
357.5
  0
LWPOLYLINE
  5
BB1
330
17
100
AcDbEntity
  8
L1002
100
AcDbPolyline
 90
2
 70
0
 10
777.0141805706929
 20
357.5
 10
778.2667384793335
 20
357.5
  0
LWPOLYLINE
  5
BB2
330
17
100
AcDbEntity
  8
L1002
100
AcDbPolyline
 90
2
 70
0
 10
832.7314822601198
 20
357.5
 10
831.4789243514792
 20
357.5
  0
LWPOLYLINE
  5
BB3
330
17
100
AcDbEntity
  8
L1002
100
AcDbPolyline
 90
2
 70
0
 10
778.4253958144279
 20
321.75
 10
832.8901395952144
 20
321.75
  0
LWPOLYLINE
  5
BB4
330
17
100
AcDbEntity
  8
L1002
100
AcDbPolyline
 90
2
 70
0
 10
778.2667384793335
 20
357.5
 10
778.4253958144279
 20
321.75
  0
LWPOLYLINE
  5
BB5
330
17
100
AcDbEntity
  8
L1002
100
AcDbPolyline
 90
2
 70
0
 10
832.8901395952144
 20
321.75
 10
832.7314822601198
 20
357.5
  0
LWPOLYLINE
  5
BB6
330
17
100
AcDbEntity
  8
L1002
100
AcDbPolyline
 90
2
 70
0
 10
778.5673523774072
 20
286.0
 10
833.0320961581936
 20
286.0
  0
LWPOLYLINE
  5
BB7
330
17
100
AcDbEntity
  8
L1002
100
AcDbPolyline
 90
2
 70
0
 10
778.4253958144279
 20
321.75
 10
778.5673523774072
 20
286.0
  0
LWPOLYLINE
  5
BB8
330
17
100
AcDbEntity
  8
L1002
100
AcDbPolyline
 90
2
 70
0
 10
833.0320961581936
 20
286.0
 10
832.8901395952144
 20
321.75
  0
LWPOLYLINE
  5
BB9
330
17
100
AcDbEntity
  8
L1002
100
AcDbPolyline
 90
2
 70
0
 10
778.6926081682714
 20
250.25
 10
833.1573519490577
 20
250.25
  0
LWPOLYLINE
  5
BBA
330
17
100
AcDbEntity
  8
L1002
100
AcDbPolyline
 90
2
 70
0
 10
778.5673523774072
 20
286.0
 10
778.6926081682714
 20
250.25
  0
LWPOLYLINE
  5
BBB
330
17
100
AcDbEntity
  8
L1002
100
AcDbPolyline
 90
2
 70
0
 10
833.1573519490577
 20
250.25
 10
833.0320961581936
 20
286.0
  0
LWPOLYLINE
  5
BBC
330
17
100
AcDbEntity
  8
L1002
100
AcDbPolyline
 90
2
 70
0
 10
778.8011631870202
 20
214.5
 10
833.2659069678065
 20
214.5
  0
LWPOLYLINE
  5
BBD
330
17
100
AcDbEntity
  8
L1002
100
AcDbPolyline
 90
2
 70
0
 10
778.6926081682714
 20
250.25
 10
778.8011631870202
 20
214.5
  0
LWPOLYLINE
  5
BBE
330
17
100
AcDbEntity
  8
L1002
100
AcDbPolyline
 90
2
 70
0
 10
833.2659069678065
 20
214.5
 10
833.1573519490577
 20
250.25
  0
LWPOLYLINE
  5
BBF
330
17
100
AcDbEntity
  8
L1002
100
AcDbPolyline
 90
2
 70
0
 10
778.8930174336538
 20
178.75
 10
833.3577612144401
 20
178.75
  0
LWPOLYLINE
  5
BC0
330
17
100
AcDbEntity
  8
L1002
100
AcDbPolyline
 90
2
 70
0
 10
778.8011631870202
 20
214.5
 10
778.8930174336538
 20
178.75
  0
LWPOLYLINE
  5
BC1
330
17
100
AcDbEntity
  8
L1002
100
AcDbPolyline
 90
2
 70
0
 10
833.3577612144401
 20
178.75
 10
833.2659069678065
 20
214.5
  0
LWPOLYLINE
  5
BC2
330
17
100
AcDbEntity
  8
L1002
100
AcDbPolyline
 90
2
 70
0
 10
778.9681709081723
 20
143.0
 10
833.4329146889586
 20
143.0
  0
LWPOLYLINE
  5
BC3
330
17
100
AcDbEntity
  8
L1002
100
AcDbPolyline
 90
2
 70
0
 10
778.8930174336538
 20
178.75
 10
778.9681709081723
 20
143.0
  0
LWPOLYLINE
  5
BC4
330
17
100
AcDbEntity
  8
L1002
100
AcDbPolyline
 90
2
 70
0
 10
833.4329146889586
 20
143.0
 10
833.3577612144401
 20
178.75
  0
LWPOLYLINE
  5
BC5
330
17
100
AcDbEntity
  8
L1002
100
AcDbPolyline
 90
2
 70
0
 10
779.0266236105755
 20
107.25
 10
833.4913673913618
 20
107.25
  0
LWPOLYLINE
  5
BC6
330
17
100
AcDbEntity
  8
L1002
100
AcDbPolyline
 90
2
 70
0
 10
778.9681709081723
 20
143.0
 10
779.0266236105755
 20
107.25
  0
LWPOLYLINE
  5
BC7
330
17
100
AcDbEntity
  8
L1002
100
AcDbPolyline
 90
2
 70
0
 10
833.4913673913618
 20
107.25
 10
833.4329146889586
 20
143.0
  0
LWPOLYLINE
  5
BC8
330
17
100
AcDbEntity
  8
L1002
100
AcDbPolyline
 90
2
 70
0
 10
779.0683755408635
 20
71.5
 10
833.5331193216498
 20
71.5
  0
LWPOLYLINE
  5
BC9
330
17
100
AcDbEntity
  8
L1002
100
AcDbPolyline
 90
2
 70
0
 10
779.0266236105755
 20
107.25
 10
779.0683755408635
 20
71.5
  0
LWPOLYLINE
  5
BCA
330
17
100
AcDbEntity
  8
L1002
100
AcDbPolyline
 90
2
 70
0
 10
833.5331193216498
 20
71.5
 10
833.4913673913618
 20
107.25
  0
LWPOLYLINE
  5
BCB
330
17
100
AcDbEntity
  8
L1002
100
AcDbPolyline
 90
2
 70
0
 10
779.0934266990363
 20
35.75
 10
833.5581704798226
 20
35.75
  0
LWPOLYLINE
  5
BCC
330
17
100
AcDbEntity
  8
L1002
100
AcDbPolyline
 90
2
 70
0
 10
779.0683755408635
 20
71.5
 10
779.0934266990363
 20
35.75
  0
LWPOLYLINE
  5
BCD
330
17
100
AcDbEntity
  8
L1002
100
AcDbPolyline
 90
2
 70
0
 10
833.5581704798226
 20
35.75
 10
833.5331193216498
 20
71.5
  0
LWPOLYLINE
  5
BCE
330
17
100
AcDbEntity
  8
L1002
100
AcDbPolyline
 90
2
 70
0
 10
779.1017770850939
 20
0.0
 10
833.5665208658802
 20
0.0
  0
LWPOLYLINE
  5
BCF
330
17
100
AcDbEntity
  8
L1002
100
AcDbPolyline
 90
2
 70
0
 10
779.0934266990363
 20
35.75
 10
779.1017770850939
 20
0.0
  0
LWPOLYLINE
  5
BD0
330
17
100
AcDbEntity
  8
L1002
100
AcDbPolyline
 90
2
 70
0
 10
833.5665208658802
 20
0.0
 10
833.5581704798226
 20
35.75
  0
LWPOLYLINE
  5
BD1
330
17
100
AcDbEntity
  8
L1002
100
AcDbPolyline
 90
2
 70
0
 10
779.0934266990363
 20
-35.75
 10
833.5581704798226
 20
-35.75
  0
LWPOLYLINE
  5
BD2
330
17
100
AcDbEntity
  8
L1002
100
AcDbPolyline
 90
2
 70
0
 10
779.1017770850939
 20
0.0
 10
779.0934266990363
 20
-35.75
  0
LWPOLYLINE
  5
BD3
330
17
100
AcDbEntity
  8
L1002
100
AcDbPolyline
 90
2
 70
0
 10
833.5581704798226
 20
-35.75
 10
833.5665208658802
 20
0.0
  0
LWPOLYLINE
  5
BD4
330
17
100
AcDbEntity
  8
L1002
100
AcDbPolyline
 90
2
 70
0
 10
779.0683755408635
 20
-71.5
 10
833.5331193216498
 20
-71.5
  0
LWPOLYLINE
  5
BD5
330
17
100
AcDbEntity
  8
L1002
100
AcDbPolyline
 90
2
 70
0
 10
779.0934266990363
 20
-35.75
 10
779.0683755408635
 20
-71.5
  0
LWPOLYLINE
  5
BD6
330
17
100
AcDbEntity
  8
L1002
100
AcDbPolyline
 90
2
 70
0
 10
833.5331193216498
 20
-71.5
 10
833.5581704798226
 20
-35.75
  0
LWPOLYLINE
  5
BD7
330
17
100
AcDbEntity
  8
L1002
100
AcDbPolyline
 90
2
 70
0
 10
779.0266236105755
 20
-107.25
 10
833.4913673913618
 20
-107.25
  0
LWPOLYLINE
  5
BD8
330
17
100
AcDbEntity
  8
L1002
100
AcDbPolyline
 90
2
 70
0
 10
779.0683755408635
 20
-71.5
 10
779.0266236105755
 20
-107.25
  0
LWPOLYLINE
  5
BD9
330
17
100
AcDbEntity
  8
L1002
100
AcDbPolyline
 90
2
 70
0
 10
833.4913673913618
 20
-107.25
 10
833.5331193216498
 20
-71.5
  0
LWPOLYLINE
  5
BDA
330
17
100
AcDbEntity
  8
L1002
100
AcDbPolyline
 90
2
 70
0
 10
778.9681709081723
 20
-143.0
 10
833.4329146889586
 20
-143.0
  0
LWPOLYLINE
  5
BDB
330
17
100
AcDbEntity
  8
L1002
100
AcDbPolyline
 90
2
 70
0
 10
779.0266236105755
 20
-107.25
 10
778.9681709081723
 20
-143.0
  0
LWPOLYLINE
  5
BDC
330
17
100
AcDbEntity
  8
L1002
100
AcDbPolyline
 90
2
 70
0
 10
833.4329146889586
 20
-143.0
 10
833.4913673913618
 20
-107.25
  0
LWPOLYLINE
  5
BDD
330
17
100
AcDbEntity
  8
L1002
100
AcDbPolyline
 90
2
 70
0
 10
778.8930174336538
 20
-178.75
 10
833.3577612144401
 20
-178.75
  0
LWPOLYLINE
  5
BDE
330
17
100
AcDbEntity
  8
L1002
100
AcDbPolyline
 90
2
 70
0
 10
778.9681709081723
 20
-143.0
 10
778.8930174336538
 20
-178.75
  0
LWPOLYLINE
  5
BDF
330
17
100
AcDbEntity
  8
L1002
100
AcDbPolyline
 90
2
 70
0
 10
833.3577612144401
 20
-178.75
 10
833.4329146889586
 20
-143.0
  0
LWPOLYLINE
  5
BE0
330
17
100
AcDbEntity
  8
L1002
100
AcDbPolyline
 90
2
 70
0
 10
778.8011631870202
 20
-214.5
 10
833.2659069678065
 20
-214.5
  0
LWPOLYLINE
  5
BE1
330
17
100
AcDbEntity
  8
L1002
100
AcDbPolyline
 90
2
 70
0
 10
778.8930174336538
 20
-178.75
 10
778.8011631870202
 20
-214.5
  0
LWPOLYLINE
  5
BE2
330
17
100
AcDbEntity
  8
L1002
100
AcDbPolyline
 90
2
 70
0
 10
833.2659069678065
 20
-214.5
 10
833.3577612144401
 20
-178.75
  0
LWPOLYLINE
  5
BE3
330
17
100
AcDbEntity
  8
L1002
100
AcDbPolyline
 90
2
 70
0
 10
778.6926081682714
 20
-250.25
 10
833.1573519490577
 20
-250.25
  0
LWPOLYLINE
  5
BE4
330
17
100
AcDbEntity
  8
L1002
100
AcDbPolyline
 90
2
 70
0
 10
778.8011631870202
 20
-214.5
 10
778.6926081682714
 20
-250.25
  0
LWPOLYLINE
  5
BE5
330
17
100
AcDbEntity
  8
L1002
100
AcDbPolyline
 90
2
 70
0
 10
833.1573519490577
 20
-250.25
 10
833.2659069678065
 20
-214.5
  0
LWPOLYLINE
  5
BE6
330
17
100
AcDbEntity
  8
L1002
100
AcDbPolyline
 90
2
 70
0
 10
778.5673523774072
 20
-286.0
 10
833.0320961581936
 20
-286.0
  0
LWPOLYLINE
  5
BE7
330
17
100
AcDbEntity
  8
L1002
100
AcDbPolyline
 90
2
 70
0
 10
778.6926081682714
 20
-250.25
 10
778.5673523774072
 20
-286.0
  0
LWPOLYLINE
  5
BE8
330
17
100
AcDbEntity
  8
L1002
100
AcDbPolyline
 90
2
 70
0
 10
833.0320961581936
 20
-286.0
 10
833.1573519490577
 20
-250.25
  0
LWPOLYLINE
  5
BE9
330
17
100
AcDbEntity
  8
L1002
100
AcDbPolyline
 90
2
 70
0
 10
778.4253958144279
 20
-321.75
 10
832.8901395952144
 20
-321.75
  0
LWPOLYLINE
  5
BEA
330
17
100
AcDbEntity
  8
L1002
100
AcDbPolyline
 90
2
 70
0
 10
778.5673523774072
 20
-286.0
 10
778.4253958144279
 20
-321.75
  0
LWPOLYLINE
  5
BEB
330
17
100
AcDbEntity
  8
L1002
100
AcDbPolyline
 90
2
 70
0
 10
832.8901395952144
 20
-321.75
 10
833.0320961581936
 20
-286.0
  0
LWPOLYLINE
  5
BEC
330
17
100
AcDbEntity
  8
L1002
100
AcDbPolyline
 90
2
 70
0
 10
778.2667384793335
 20
-357.5
 10
832.7314822601198
 20
-357.5
  0
LWPOLYLINE
  5
BED
330
17
100
AcDbEntity
  8
L1002
100
AcDbPolyline
 90
2
 70
0
 10
778.4253958144279
 20
-321.75
 10
778.2667384793335
 20
-357.5
  0
LWPOLYLINE
  5
BEE
330
17
100
AcDbEntity
  8
L1002
100
AcDbPolyline
 90
2
 70
0
 10
832.7314822601198
 20
-357.5
 10
832.8901395952144
 20
-321.75
  0
LWPOLYLINE
  5
BEF
330
17
100
AcDbEntity
  8
L1002
100
AcDbPolyline
 90
2
 70
0
 10
778.2667384793335
 20
-357.5
 10
777.0141805706929
 20
-357.5
  0
LWPOLYLINE
  5
BF0
330
17
100
AcDbEntity
  8
L1002
100
AcDbPolyline
 90
2
 70
0
 10
831.4789243514792
 20
-357.5
 10
832.7314822601198
 20
-357.5
  0
LWPOLYLINE
  5
BF2
330
17
100
AcDbEntity
  8
L1003
100
AcDbPolyline
 90
2
 70
0
 10
927.6763938863747
 20
-357.5
 10
873.2116501055883
 20
-357.5
  0
LWPOLYLINE
  5
BF3
330
17
100
AcDbEntity
  8
L1003
100
AcDbPolyline
 90
2
 70
0
 10
873.3703074406828
 20
-321.75
 10
927.8350512214693
 20
-321.75
  0
LWPOLYLINE
  5
BF4
330
17
100
AcDbEntity
  8
L1003
100
AcDbPolyline
 90
2
 70
0
 10
873.2116501055883
 20
-357.5
 10
873.3703074406828
 20
-321.75
  0
LWPOLYLINE
  5
BF5
330
17
100
AcDbEntity
  8
L1003
100
AcDbPolyline
 90
2
 70
0
 10
927.8350512214693
 20
-321.75
 10
927.6763938863747
 20
-357.5
  0
LWPOLYLINE
  5
BF6
330
17
100
AcDbEntity
  8
L1003
100
AcDbPolyline
 90
2
 70
0
 10
873.512264003662
 20
-286.0
 10
927.9770077844485
 20
-286.0
  0
LWPOLYLINE
  5
BF7
330
17
100
AcDbEntity
  8
L1003
100
AcDbPolyline
 90
2
 70
0
 10
873.3703074406828
 20
-321.75
 10
873.512264003662
 20
-286.0
  0
LWPOLYLINE
  5
BF8
330
17
100
AcDbEntity
  8
L1003
100
AcDbPolyline
 90
2
 70
0
 10
927.9770077844485
 20
-286.0
 10
927.8350512214693
 20
-321.75
  0
LWPOLYLINE
  5
BF9
330
17
100
AcDbEntity
  8
L1003
100
AcDbPolyline
 90
2
 70
0
 10
873.6375197945262
 20
-250.25
 10
928.1022635753126
 20
-250.25
  0
LWPOLYLINE
  5
BFA
330
17
100
AcDbEntity
  8
L1003
100
AcDbPolyline
 90
2
 70
0
 10
873.512264003662
 20
-286.0
 10
873.6375197945262
 20
-250.25
  0
LWPOLYLINE
  5
BFB
330
17
100
AcDbEntity
  8
L1003
100
AcDbPolyline
 90
2
 70
0
 10
928.1022635753126
 20
-250.25
 10
927.9770077844485
 20
-286.0
  0
LWPOLYLINE
  5
BFC
330
17
100
AcDbEntity
  8
L1003
100
AcDbPolyline
 90
2
 70
0
 10
873.746074813275
 20
-214.5
 10
928.2108185940614
 20
-214.5
  0
LWPOLYLINE
  5
BFD
330
17
100
AcDbEntity
  8
L1003
100
AcDbPolyline
 90
2
 70
0
 10
873.6375197945262
 20
-250.25
 10
873.746074813275
 20
-214.5
  0
LWPOLYLINE
  5
BFE
330
17
100
AcDbEntity
  8
L1003
100
AcDbPolyline
 90
2
 70
0
 10
928.2108185940614
 20
-214.5
 10
928.1022635753126
 20
-250.25
  0
LWPOLYLINE
  5
BFF
330
17
100
AcDbEntity
  8
L1003
100
AcDbPolyline
 90
2
 70
0
 10
873.8379290599086
 20
-178.75
 10
928.302672840695
 20
-178.75
  0
LWPOLYLINE
  5
C00
330
17
100
AcDbEntity
  8
L1003
100
AcDbPolyline
 90
2
 70
0
 10
873.746074813275
 20
-214.5
 10
873.8379290599086
 20
-178.75
  0
LWPOLYLINE
  5
C01
330
17
100
AcDbEntity
  8
L1003
100
AcDbPolyline
 90
2
 70
0
 10
928.302672840695
 20
-178.75
 10
928.2108185940614
 20
-214.5
  0
LWPOLYLINE
  5
C02
330
17
100
AcDbEntity
  8
L1003
100
AcDbPolyline
 90
2
 70
0
 10
873.9130825344271
 20
-143.0
 10
928.3778263152135
 20
-143.0
  0
LWPOLYLINE
  5
C03
330
17
100
AcDbEntity
  8
L1003
100
AcDbPolyline
 90
2
 70
0
 10
873.8379290599086
 20
-178.75
 10
873.9130825344271
 20
-143.0
  0
LWPOLYLINE
  5
C04
330
17
100
AcDbEntity
  8
L1003
100
AcDbPolyline
 90
2
 70
0
 10
928.3778263152135
 20
-143.0
 10
928.302672840695
 20
-178.75
  0
LWPOLYLINE
  5
C05
330
17
100
AcDbEntity
  8
L1003
100
AcDbPolyline
 90
2
 70
0
 10
873.9715352368303
 20
-107.25
 10
928.4362790176167
 20
-107.25
  0
LWPOLYLINE
  5
C06
330
17
100
AcDbEntity
  8
L1003
100
AcDbPolyline
 90
2
 70
0
 10
873.9130825344271
 20
-143.0
 10
873.9715352368303
 20
-107.25
  0
LWPOLYLINE
  5
C07
330
17
100
AcDbEntity
  8
L1003
100
AcDbPolyline
 90
2
 70
0
 10
928.4362790176167
 20
-107.25
 10
928.3778263152135
 20
-143.0
  0
LWPOLYLINE
  5
C08
330
17
100
AcDbEntity
  8
L1003
100
AcDbPolyline
 90
2
 70
0
 10
874.0132871671183
 20
-71.5
 10
928.4780309479047
 20
-71.5
  0
LWPOLYLINE
  5
C09
330
17
100
AcDbEntity
  8
L1003
100
AcDbPolyline
 90
2
 70
0
 10
873.9715352368303
 20
-107.25
 10
874.0132871671183
 20
-71.5
  0
LWPOLYLINE
  5
C0A
330
17
100
AcDbEntity
  8
L1003
100
AcDbPolyline
 90
2
 70
0
 10
928.4780309479047
 20
-71.5
 10
928.4362790176167
 20
-107.25
  0
LWPOLYLINE
  5
C0B
330
17
100
AcDbEntity
  8
L1003
100
AcDbPolyline
 90
2
 70
0
 10
874.0383383252911
 20
-35.75
 10
928.5030821060775
 20
-35.75
  0
LWPOLYLINE
  5
C0C
330
17
100
AcDbEntity
  8
L1003
100
AcDbPolyline
 90
2
 70
0
 10
874.0132871671183
 20
-71.5
 10
874.0383383252911
 20
-35.75
  0
LWPOLYLINE
  5
C0D
330
17
100
AcDbEntity
  8
L1003
100
AcDbPolyline
 90
2
 70
0
 10
928.5030821060775
 20
-35.75
 10
928.4780309479047
 20
-71.5
  0
LWPOLYLINE
  5
C0E
330
17
100
AcDbEntity
  8
L1003
100
AcDbPolyline
 90
2
 70
0
 10
874.0466887113487
 20
0.0
 10
928.5114324921351
 20
0.0
  0
LWPOLYLINE
  5
C0F
330
17
100
AcDbEntity
  8
L1003
100
AcDbPolyline
 90
2
 70
0
 10
874.0383383252911
 20
-35.75
 10
874.0466887113487
 20
0.0
  0
LWPOLYLINE
  5
C10
330
17
100
AcDbEntity
  8
L1003
100
AcDbPolyline
 90
2
 70
0
 10
928.5114324921351
 20
0.0
 10
928.5030821060775
 20
-35.75
  0
LWPOLYLINE
  5
C11
330
17
100
AcDbEntity
  8
L1003
100
AcDbPolyline
 90
2
 70
0
 10
874.0383383252911
 20
35.75
 10
928.5030821060775
 20
35.75
  0
LWPOLYLINE
  5
C12
330
17
100
AcDbEntity
  8
L1003
100
AcDbPolyline
 90
2
 70
0
 10
874.0466887113487
 20
0.0
 10
874.0383383252911
 20
35.75
  0
LWPOLYLINE
  5
C13
330
17
100
AcDbEntity
  8
L1003
100
AcDbPolyline
 90
2
 70
0
 10
928.5030821060775
 20
35.75
 10
928.5114324921351
 20
0.0
  0
LWPOLYLINE
  5
C14
330
17
100
AcDbEntity
  8
L1003
100
AcDbPolyline
 90
2
 70
0
 10
874.0132871671183
 20
71.5
 10
928.4780309479047
 20
71.5
  0
LWPOLYLINE
  5
C15
330
17
100
AcDbEntity
  8
L1003
100
AcDbPolyline
 90
2
 70
0
 10
874.0383383252911
 20
35.75
 10
874.0132871671183
 20
71.5
  0
LWPOLYLINE
  5
C16
330
17
100
AcDbEntity
  8
L1003
100
AcDbPolyline
 90
2
 70
0
 10
928.4780309479047
 20
71.5
 10
928.5030821060775
 20
35.75
  0
LWPOLYLINE
  5
C17
330
17
100
AcDbEntity
  8
L1003
100
AcDbPolyline
 90
2
 70
0
 10
873.9715352368303
 20
107.25
 10
928.4362790176167
 20
107.25
  0
LWPOLYLINE
  5
C18
330
17
100
AcDbEntity
  8
L1003
100
AcDbPolyline
 90
2
 70
0
 10
874.0132871671183
 20
71.5
 10
873.9715352368303
 20
107.25
  0
LWPOLYLINE
  5
C19
330
17
100
AcDbEntity
  8
L1003
100
AcDbPolyline
 90
2
 70
0
 10
928.4362790176167
 20
107.25
 10
928.4780309479047
 20
71.5
  0
LWPOLYLINE
  5
C1A
330
17
100
AcDbEntity
  8
L1003
100
AcDbPolyline
 90
2
 70
0
 10
873.9130825344271
 20
143.0
 10
928.3778263152135
 20
143.0
  0
LWPOLYLINE
  5
C1B
330
17
100
AcDbEntity
  8
L1003
100
AcDbPolyline
 90
2
 70
0
 10
873.9715352368303
 20
107.25
 10
873.9130825344271
 20
143.0
  0
LWPOLYLINE
  5
C1C
330
17
100
AcDbEntity
  8
L1003
100
AcDbPolyline
 90
2
 70
0
 10
928.3778263152135
 20
143.0
 10
928.4362790176167
 20
107.25
  0
LWPOLYLINE
  5
C1D
330
17
100
AcDbEntity
  8
L1003
100
AcDbPolyline
 90
2
 70
0
 10
873.8379290599086
 20
178.75
 10
928.302672840695
 20
178.75
  0
LWPOLYLINE
  5
C1E
330
17
100
AcDbEntity
  8
L1003
100
AcDbPolyline
 90
2
 70
0
 10
873.9130825344271
 20
143.0
 10
873.8379290599086
 20
178.75
  0
LWPOLYLINE
  5
C1F
330
17
100
AcDbEntity
  8
L1003
100
AcDbPolyline
 90
2
 70
0
 10
928.302672840695
 20
178.75
 10
928.3778263152135
 20
143.0
  0
LWPOLYLINE
  5
C20
330
17
100
AcDbEntity
  8
L1003
100
AcDbPolyline
 90
2
 70
0
 10
873.746074813275
 20
214.5
 10
928.2108185940614
 20
214.5
  0
LWPOLYLINE
  5
C21
330
17
100
AcDbEntity
  8
L1003
100
AcDbPolyline
 90
2
 70
0
 10
873.8379290599086
 20
178.75
 10
873.746074813275
 20
214.5
  0
LWPOLYLINE
  5
C22
330
17
100
AcDbEntity
  8
L1003
100
AcDbPolyline
 90
2
 70
0
 10
928.2108185940614
 20
214.5
 10
928.302672840695
 20
178.75
  0
LWPOLYLINE
  5
C23
330
17
100
AcDbEntity
  8
L1003
100
AcDbPolyline
 90
2
 70
0
 10
873.6375197945262
 20
250.25
 10
928.1022635753126
 20
250.25
  0
LWPOLYLINE
  5
C24
330
17
100
AcDbEntity
  8
L1003
100
AcDbPolyline
 90
2
 70
0
 10
873.746074813275
 20
214.5
 10
873.6375197945262
 20
250.25
  0
LWPOLYLINE
  5
C25
330
17
100
AcDbEntity
  8
L1003
100
AcDbPolyline
 90
2
 70
0
 10
928.1022635753126
 20
250.25
 10
928.2108185940614
 20
214.5
  0
LWPOLYLINE
  5
C26
330
17
100
AcDbEntity
  8
L1003
100
AcDbPolyline
 90
2
 70
0
 10
873.512264003662
 20
286.0
 10
927.9770077844485
 20
286.0
  0
LWPOLYLINE
  5
C27
330
17
100
AcDbEntity
  8
L1003
100
AcDbPolyline
 90
2
 70
0
 10
873.6375197945262
 20
250.25
 10
873.512264003662
 20
286.0
  0
LWPOLYLINE
  5
C28
330
17
100
AcDbEntity
  8
L1003
100
AcDbPolyline
 90
2
 70
0
 10
927.9770077844485
 20
286.0
 10
928.1022635753126
 20
250.25
  0
LWPOLYLINE
  5
C29
330
17
100
AcDbEntity
  8
L1003
100
AcDbPolyline
 90
2
 70
0
 10
873.3703074406828
 20
321.75
 10
927.8350512214693
 20
321.75
  0
LWPOLYLINE
  5
C2A
330
17
100
AcDbEntity
  8
L1003
100
AcDbPolyline
 90
2
 70
0
 10
873.512264003662
 20
286.0
 10
873.3703074406828
 20
321.75
  0
LWPOLYLINE
  5
C2B
330
17
100
AcDbEntity
  8
L1003
100
AcDbPolyline
 90
2
 70
0
 10
927.8350512214693
 20
321.75
 10
927.9770077844485
 20
286.0
  0
LWPOLYLINE
  5
C2C
330
17
100
AcDbEntity
  8
L1003
100
AcDbPolyline
 90
2
 70
0
 10
873.2116501055883
 20
357.5
 10
927.6763938863747
 20
357.5
  0
LWPOLYLINE
  5
C2D
330
17
100
AcDbEntity
  8
L1003
100
AcDbPolyline
 90
2
 70
0
 10
873.3703074406828
 20
321.75
 10
873.2116501055883
 20
357.5
  0
LWPOLYLINE
  5
C2E
330
17
100
AcDbEntity
  8
L1003
100
AcDbPolyline
 90
2
 70
0
 10
927.6763938863747
 20
357.5
 10
927.8350512214693
 20
321.75
  0
LWPOLYLINE
  5
C2F
330
17
100
AcDbEntity
  8
L1003
100
AcDbPolyline
 90
2
 70
0
 10
874.4642080142289
 20
357.5
 10
928.9289517950153
 20
357.5
  0
LWPOLYLINE
  5
C30
330
17
100
AcDbEntity
  8
L1003
100
AcDbPolyline
 90
2
 70
0
 10
873.2116501055883
 20
357.5
 10
874.4642080142289
 20
357.5
  0
LWPOLYLINE
  5
C31
330
17
100
AcDbEntity
  8
L1003
100
AcDbPolyline
 90
2
 70
0
 10
928.9289517950153
 20
357.5
 10
927.6763938863747
 20
357.5
  0
LWPOLYLINE
  5
C32
330
17
100
AcDbEntity
  8
L1003
100
AcDbPolyline
 90
2
 70
0
 10
874.6228653493233
 20
321.75
 10
929.0876091301097
 20
321.75
  0
LWPOLYLINE
  5
C33
330
17
100
AcDbEntity
  8
L1003
100
AcDbPolyline
 90
2
 70
0
 10
874.4642080142289
 20
357.5
 10
874.6228653493233
 20
321.75
  0
LWPOLYLINE
  5
C34
330
17
100
AcDbEntity
  8
L1003
100
AcDbPolyline
 90
2
 70
0
 10
929.0876091301097
 20
321.75
 10
928.9289517950153
 20
357.5
  0
LWPOLYLINE
  5
C35
330
17
100
AcDbEntity
  8
L1003
100
AcDbPolyline
 90
2
 70
0
 10
874.7648219123026
 20
286.0
 10
929.2295656930891
 20
286.0
  0
LWPOLYLINE
  5
C36
330
17
100
AcDbEntity
  8
L1003
100
AcDbPolyline
 90
2
 70
0
 10
874.6228653493233
 20
321.75
 10
874.7648219123026
 20
286.0
  0
LWPOLYLINE
  5
C37
330
17
100
AcDbEntity
  8
L1003
100
AcDbPolyline
 90
2
 70
0
 10
929.2295656930891
 20
286.0
 10
929.0876091301097
 20
321.75
  0
LWPOLYLINE
  5
C38
330
17
100
AcDbEntity
  8
L1003
100
AcDbPolyline
 90
2
 70
0
 10
874.8900777031668
 20
250.25
 10
929.3548214839532
 20
250.25
  0
LWPOLYLINE
  5
C39
330
17
100
AcDbEntity
  8
L1003
100
AcDbPolyline
 90
2
 70
0
 10
874.7648219123026
 20
286.0
 10
874.8900777031668
 20
250.25
  0
LWPOLYLINE
  5
C3A
330
17
100
AcDbEntity
  8
L1003
100
AcDbPolyline
 90
2
 70
0
 10
929.3548214839532
 20
250.25
 10
929.2295656930891
 20
286.0
  0
LWPOLYLINE
  5
C3B
330
17
100
AcDbEntity
  8
L1003
100
AcDbPolyline
 90
2
 70
0
 10
874.9986327219156
 20
214.5
 10
929.463376502702
 20
214.5
  0
LWPOLYLINE
  5
C3C
330
17
100
AcDbEntity
  8
L1003
100
AcDbPolyline
 90
2
 70
0
 10
874.8900777031668
 20
250.25
 10
874.9986327219156
 20
214.5
  0
LWPOLYLINE
  5
C3D
330
17
100
AcDbEntity
  8
L1003
100
AcDbPolyline
 90
2
 70
0
 10
929.463376502702
 20
214.5
 10
929.3548214839532
 20
250.25
  0
LWPOLYLINE
  5
C3E
330
17
100
AcDbEntity
  8
L1003
100
AcDbPolyline
 90
2
 70
0
 10
875.0904869685492
 20
178.75
 10
929.5552307493356
 20
178.75
  0
LWPOLYLINE
  5
C3F
330
17
100
AcDbEntity
  8
L1003
100
AcDbPolyline
 90
2
 70
0
 10
874.9986327219156
 20
214.5
 10
875.0904869685492
 20
178.75
  0
LWPOLYLINE
  5
C40
330
17
100
AcDbEntity
  8
L1003
100
AcDbPolyline
 90
2
 70
0
 10
929.5552307493356
 20
178.75
 10
929.463376502702
 20
214.5
  0
LWPOLYLINE
  5
C41
330
17
100
AcDbEntity
  8
L1003
100
AcDbPolyline
 90
2
 70
0
 10
875.1656404430677
 20
143.0
 10
929.6303842238541
 20
143.0
  0
LWPOLYLINE
  5
C42
330
17
100
AcDbEntity
  8
L1003
100
AcDbPolyline
 90
2
 70
0
 10
875.0904869685492
 20
178.75
 10
875.1656404430677
 20
143.0
  0
LWPOLYLINE
  5
C43
330
17
100
AcDbEntity
  8
L1003
100
AcDbPolyline
 90
2
 70
0
 10
929.6303842238541
 20
143.0
 10
929.5552307493356
 20
178.75
  0
LWPOLYLINE
  5
C44
330
17
100
AcDbEntity
  8
L1003
100
AcDbPolyline
 90
2
 70
0
 10
875.2240931454709
 20
107.25
 10
929.6888369262573
 20
107.25
  0
LWPOLYLINE
  5
C45
330
17
100
AcDbEntity
  8
L1003
100
AcDbPolyline
 90
2
 70
0
 10
875.1656404430677
 20
143.0
 10
875.2240931454709
 20
107.25
  0
LWPOLYLINE
  5
C46
330
17
100
AcDbEntity
  8
L1003
100
AcDbPolyline
 90
2
 70
0
 10
929.6888369262573
 20
107.25
 10
929.6303842238541
 20
143.0
  0
LWPOLYLINE
  5
C47
330
17
100
AcDbEntity
  8
L1003
100
AcDbPolyline
 90
2
 70
0
 10
875.2658450757589
 20
71.5
 10
929.7305888565453
 20
71.5
  0
LWPOLYLINE
  5
C48
330
17
100
AcDbEntity
  8
L1003
100
AcDbPolyline
 90
2
 70
0
 10
875.2240931454709
 20
107.25
 10
875.2658450757589
 20
71.5
  0
LWPOLYLINE
  5
C49
330
17
100
AcDbEntity
  8
L1003
100
AcDbPolyline
 90
2
 70
0
 10
929.7305888565453
 20
71.5
 10
929.6888369262573
 20
107.25
  0
LWPOLYLINE
  5
C4A
330
17
100
AcDbEntity
  8
L1003
100
AcDbPolyline
 90
2
 70
0
 10
875.2908962339317
 20
35.75
 10
929.7556400147181
 20
35.75
  0
LWPOLYLINE
  5
C4B
330
17
100
AcDbEntity
  8
L1003
100
AcDbPolyline
 90
2
 70
0
 10
875.2658450757589
 20
71.5
 10
875.2908962339317
 20
35.75
  0
LWPOLYLINE
  5
C4C
330
17
100
AcDbEntity
  8
L1003
100
AcDbPolyline
 90
2
 70
0
 10
929.7556400147181
 20
35.75
 10
929.7305888565453
 20
71.5
  0
LWPOLYLINE
  5
C4D
330
17
100
AcDbEntity
  8
L1003
100
AcDbPolyline
 90
2
 70
0
 10
875.2992466199893
 20
0.0
 10
929.7639904007757
 20
0.0
  0
LWPOLYLINE
  5
C4E
330
17
100
AcDbEntity
  8
L1003
100
AcDbPolyline
 90
2
 70
0
 10
875.2908962339317
 20
35.75
 10
875.2992466199893
 20
0.0
  0
LWPOLYLINE
  5
C4F
330
17
100
AcDbEntity
  8
L1003
100
AcDbPolyline
 90
2
 70
0
 10
929.7639904007757
 20
0.0
 10
929.7556400147181
 20
35.75
  0
LWPOLYLINE
  5
C50
330
17
100
AcDbEntity
  8
L1003
100
AcDbPolyline
 90
2
 70
0
 10
875.2908962339317
 20
-35.75
 10
929.7556400147181
 20
-35.75
  0
LWPOLYLINE
  5
C51
330
17
100
AcDbEntity
  8
L1003
100
AcDbPolyline
 90
2
 70
0
 10
875.2992466199893
 20
0.0
 10
875.2908962339317
 20
-35.75
  0
LWPOLYLINE
  5
C52
330
17
100
AcDbEntity
  8
L1003
100
AcDbPolyline
 90
2
 70
0
 10
929.7556400147181
 20
-35.75
 10
929.7639904007757
 20
0.0
  0
LWPOLYLINE
  5
C53
330
17
100
AcDbEntity
  8
L1003
100
AcDbPolyline
 90
2
 70
0
 10
875.2658450757589
 20
-71.5
 10
929.7305888565453
 20
-71.5
  0
LWPOLYLINE
  5
C54
330
17
100
AcDbEntity
  8
L1003
100
AcDbPolyline
 90
2
 70
0
 10
875.2908962339317
 20
-35.75
 10
875.2658450757589
 20
-71.5
  0
LWPOLYLINE
  5
C55
330
17
100
AcDbEntity
  8
L1003
100
AcDbPolyline
 90
2
 70
0
 10
929.7305888565453
 20
-71.5
 10
929.7556400147181
 20
-35.75
  0
LWPOLYLINE
  5
C56
330
17
100
AcDbEntity
  8
L1003
100
AcDbPolyline
 90
2
 70
0
 10
875.2240931454709
 20
-107.25
 10
929.6888369262573
 20
-107.25
  0
LWPOLYLINE
  5
C57
330
17
100
AcDbEntity
  8
L1003
100
AcDbPolyline
 90
2
 70
0
 10
875.2658450757589
 20
-71.5
 10
875.2240931454709
 20
-107.25
  0
LWPOLYLINE
  5
C58
330
17
100
AcDbEntity
  8
L1003
100
AcDbPolyline
 90
2
 70
0
 10
929.6888369262573
 20
-107.25
 10
929.7305888565453
 20
-71.5
  0
LWPOLYLINE
  5
C59
330
17
100
AcDbEntity
  8
L1003
100
AcDbPolyline
 90
2
 70
0
 10
875.1656404430677
 20
-143.0
 10
929.6303842238541
 20
-143.0
  0
LWPOLYLINE
  5
C5A
330
17
100
AcDbEntity
  8
L1003
100
AcDbPolyline
 90
2
 70
0
 10
875.2240931454709
 20
-107.25
 10
875.1656404430677
 20
-143.0
  0
LWPOLYLINE
  5
C5B
330
17
100
AcDbEntity
  8
L1003
100
AcDbPolyline
 90
2
 70
0
 10
929.6303842238541
 20
-143.0
 10
929.6888369262573
 20
-107.25
  0
LWPOLYLINE
  5
C5C
330
17
100
AcDbEntity
  8
L1003
100
AcDbPolyline
 90
2
 70
0
 10
875.0904869685492
 20
-178.75
 10
929.5552307493356
 20
-178.75
  0
LWPOLYLINE
  5
C5D
330
17
100
AcDbEntity
  8
L1003
100
AcDbPolyline
 90
2
 70
0
 10
875.1656404430677
 20
-143.0
 10
875.0904869685492
 20
-178.75
  0
LWPOLYLINE
  5
C5E
330
17
100
AcDbEntity
  8
L1003
100
AcDbPolyline
 90
2
 70
0
 10
929.5552307493356
 20
-178.75
 10
929.6303842238541
 20
-143.0
  0
LWPOLYLINE
  5
C5F
330
17
100
AcDbEntity
  8
L1003
100
AcDbPolyline
 90
2
 70
0
 10
874.9986327219156
 20
-214.5
 10
929.463376502702
 20
-214.5
  0
LWPOLYLINE
  5
C60
330
17
100
AcDbEntity
  8
L1003
100
AcDbPolyline
 90
2
 70
0
 10
875.0904869685492
 20
-178.75
 10
874.9986327219156
 20
-214.5
  0
LWPOLYLINE
  5
C61
330
17
100
AcDbEntity
  8
L1003
100
AcDbPolyline
 90
2
 70
0
 10
929.463376502702
 20
-214.5
 10
929.5552307493356
 20
-178.75
  0
LWPOLYLINE
  5
C62
330
17
100
AcDbEntity
  8
L1003
100
AcDbPolyline
 90
2
 70
0
 10
874.8900777031668
 20
-250.25
 10
929.3548214839532
 20
-250.25
  0
LWPOLYLINE
  5
C63
330
17
100
AcDbEntity
  8
L1003
100
AcDbPolyline
 90
2
 70
0
 10
874.9986327219156
 20
-214.5
 10
874.8900777031668
 20
-250.25
  0
LWPOLYLINE
  5
C64
330
17
100
AcDbEntity
  8
L1003
100
AcDbPolyline
 90
2
 70
0
 10
929.3548214839532
 20
-250.25
 10
929.463376502702
 20
-214.5
  0
LWPOLYLINE
  5
C65
330
17
100
AcDbEntity
  8
L1003
100
AcDbPolyline
 90
2
 70
0
 10
874.7648219123026
 20
-286.0
 10
929.2295656930891
 20
-286.0
  0
LWPOLYLINE
  5
C66
330
17
100
AcDbEntity
  8
L1003
100
AcDbPolyline
 90
2
 70
0
 10
874.8900777031668
 20
-250.25
 10
874.7648219123026
 20
-286.0
  0
LWPOLYLINE
  5
C67
330
17
100
AcDbEntity
  8
L1003
100
AcDbPolyline
 90
2
 70
0
 10
929.2295656930891
 20
-286.0
 10
929.3548214839532
 20
-250.25
  0
LWPOLYLINE
  5
C68
330
17
100
AcDbEntity
  8
L1003
100
AcDbPolyline
 90
2
 70
0
 10
874.6228653493233
 20
-321.75
 10
929.0876091301097
 20
-321.75
  0
LWPOLYLINE
  5
C69
330
17
100
AcDbEntity
  8
L1003
100
AcDbPolyline
 90
2
 70
0
 10
874.7648219123026
 20
-286.0
 10
874.6228653493233
 20
-321.75
  0
LWPOLYLINE
  5
C6A
330
17
100
AcDbEntity
  8
L1003
100
AcDbPolyline
 90
2
 70
0
 10
929.0876091301097
 20
-321.75
 10
929.2295656930891
 20
-286.0
  0
LWPOLYLINE
  5
C6B
330
17
100
AcDbEntity
  8
L1003
100
AcDbPolyline
 90
2
 70
0
 10
874.4642080142289
 20
-357.5
 10
928.9289517950153
 20
-357.5
  0
LWPOLYLINE
  5
C6C
330
17
100
AcDbEntity
  8
L1003
100
AcDbPolyline
 90
2
 70
0
 10
874.6228653493233
 20
-321.75
 10
874.4642080142289
 20
-357.5
  0
LWPOLYLINE
  5
C6D
330
17
100
AcDbEntity
  8
L1003
100
AcDbPolyline
 90
2
 70
0
 10
928.9289517950153
 20
-357.5
 10
929.0876091301097
 20
-321.75
  0
LWPOLYLINE
  5
C6E
330
17
100
AcDbEntity
  8
L1003
100
AcDbPolyline
 90
2
 70
0
 10
874.4642080142289
 20
-357.5
 10
873.2116501055883
 20
-357.5
  0
LWPOLYLINE
  5
C6F
330
17
100
AcDbEntity
  8
L1003
100
AcDbPolyline
 90
2
 70
0
 10
927.6763938863747
 20
-357.5
 10
928.9289517950153
 20
-357.5
  0
LWPOLYLINE
  5
C71
330
17
100
AcDbEntity
  8
L1004
100
AcDbPolyline
 90
2
 70
0
 10
1023.87386342127
 20
-357.5
 10
969.4091196404837
 20
-357.5
  0
LWPOLYLINE
  5
C72
330
17
100
AcDbEntity
  8
L1004
100
AcDbPolyline
 90
2
 70
0
 10
969.5677769755782
 20
-321.75
 10
1024.0325207563644
 20
-321.75
  0
LWPOLYLINE
  5
C73
330
17
100
AcDbEntity
  8
L1004
100
AcDbPolyline
 90
2
 70
0
 10
969.4091196404837
 20
-357.5
 10
969.5677769755782
 20
-321.75
  0
LWPOLYLINE
  5
C74
330
17
100
AcDbEntity
  8
L1004
100
AcDbPolyline
 90
2
 70
0
 10
1024.0325207563644
 20
-321.75
 10
1023.87386342127
 20
-357.5
  0
LWPOLYLINE
  5
C75
330
17
100
AcDbEntity
  8
L1004
100
AcDbPolyline
 90
2
 70
0
 10
969.7097335385574
 20
-286.0
 10
1024.1744773193439
 20
-286.0
  0
LWPOLYLINE
  5
C76
330
17
100
AcDbEntity
  8
L1004
100
AcDbPolyline
 90
2
 70
0
 10
969.5677769755782
 20
-321.75
 10
969.7097335385574
 20
-286.0
  0
LWPOLYLINE
  5
C77
330
17
100
AcDbEntity
  8
L1004
100
AcDbPolyline
 90
2
 70
0
 10
1024.1744773193439
 20
-286.0
 10
1024.0325207563644
 20
-321.75
  0
LWPOLYLINE
  5
C78
330
17
100
AcDbEntity
  8
L1004
100
AcDbPolyline
 90
2
 70
0
 10
969.8349893294215
 20
-250.25
 10
1024.2997331102079
 20
-250.25
  0
LWPOLYLINE
  5
C79
330
17
100
AcDbEntity
  8
L1004
100
AcDbPolyline
 90
2
 70
0
 10
969.7097335385574
 20
-286.0
 10
969.8349893294215
 20
-250.25
  0
LWPOLYLINE
  5
C7A
330
17
100
AcDbEntity
  8
L1004
100
AcDbPolyline
 90
2
 70
0
 10
1024.2997331102079
 20
-250.25
 10
1024.1744773193439
 20
-286.0
  0
LWPOLYLINE
  5
C7B
330
17
100
AcDbEntity
  8
L1004
100
AcDbPolyline
 90
2
 70
0
 10
969.9435443481703
 20
-214.5
 10
1024.4082881289567
 20
-214.5
  0
LWPOLYLINE
  5
C7C
330
17
100
AcDbEntity
  8
L1004
100
AcDbPolyline
 90
2
 70
0
 10
969.8349893294215
 20
-250.25
 10
969.9435443481703
 20
-214.5
  0
LWPOLYLINE
  5
C7D
330
17
100
AcDbEntity
  8
L1004
100
AcDbPolyline
 90
2
 70
0
 10
1024.4082881289567
 20
-214.5
 10
1024.2997331102079
 20
-250.25
  0
LWPOLYLINE
  5
C7E
330
17
100
AcDbEntity
  8
L1004
100
AcDbPolyline
 90
2
 70
0
 10
970.035398594804
 20
-178.75
 10
1024.5001423755903
 20
-178.75
  0
LWPOLYLINE
  5
C7F
330
17
100
AcDbEntity
  8
L1004
100
AcDbPolyline
 90
2
 70
0
 10
969.9435443481703
 20
-214.5
 10
970.035398594804
 20
-178.75
  0
LWPOLYLINE
  5
C80
330
17
100
AcDbEntity
  8
L1004
100
AcDbPolyline
 90
2
 70
0
 10
1024.5001423755903
 20
-178.75
 10
1024.4082881289567
 20
-214.5
  0
LWPOLYLINE
  5
C81
330
17
100
AcDbEntity
  8
L1004
100
AcDbPolyline
 90
2
 70
0
 10
970.1105520693225
 20
-143.0
 10
1024.5752958501087
 20
-143.0
  0
LWPOLYLINE
  5
C82
330
17
100
AcDbEntity
  8
L1004
100
AcDbPolyline
 90
2
 70
0
 10
970.035398594804
 20
-178.75
 10
970.1105520693225
 20
-143.0
  0
LWPOLYLINE
  5
C83
330
17
100
AcDbEntity
  8
L1004
100
AcDbPolyline
 90
2
 70
0
 10
1024.5752958501087
 20
-143.0
 10
1024.5001423755903
 20
-178.75
  0
LWPOLYLINE
  5
C84
330
17
100
AcDbEntity
  8
L1004
100
AcDbPolyline
 90
2
 70
0
 10
970.1690047717257
 20
-107.25
 10
1024.6337485525119
 20
-107.25
  0
LWPOLYLINE
  5
C85
330
17
100
AcDbEntity
  8
L1004
100
AcDbPolyline
 90
2
 70
0
 10
970.1105520693225
 20
-143.0
 10
970.1690047717257
 20
-107.25
  0
LWPOLYLINE
  5
C86
330
17
100
AcDbEntity
  8
L1004
100
AcDbPolyline
 90
2
 70
0
 10
1024.6337485525119
 20
-107.25
 10
1024.5752958501087
 20
-143.0
  0
LWPOLYLINE
  5
C87
330
17
100
AcDbEntity
  8
L1004
100
AcDbPolyline
 90
2
 70
0
 10
970.2107567020137
 20
-71.5
 10
1024.6755004828
 20
-71.5
  0
LWPOLYLINE
  5
C88
330
17
100
AcDbEntity
  8
L1004
100
AcDbPolyline
 90
2
 70
0
 10
970.1690047717257
 20
-107.25
 10
970.2107567020137
 20
-71.5
  0
LWPOLYLINE
  5
C89
330
17
100
AcDbEntity
  8
L1004
100
AcDbPolyline
 90
2
 70
0
 10
1024.6755004828
 20
-71.5
 10
1024.6337485525119
 20
-107.25
  0
LWPOLYLINE
  5
C8A
330
17
100
AcDbEntity
  8
L1004
100
AcDbPolyline
 90
2
 70
0
 10
970.2358078601865
 20
-35.75
 10
1024.700551640973
 20
-35.75
  0
LWPOLYLINE
  5
C8B
330
17
100
AcDbEntity
  8
L1004
100
AcDbPolyline
 90
2
 70
0
 10
970.2107567020137
 20
-71.5
 10
970.2358078601865
 20
-35.75
  0
LWPOLYLINE
  5
C8C
330
17
100
AcDbEntity
  8
L1004
100
AcDbPolyline
 90
2
 70
0
 10
1024.700551640973
 20
-35.75
 10
1024.6755004828
 20
-71.5
  0
LWPOLYLINE
  5
C8D
330
17
100
AcDbEntity
  8
L1004
100
AcDbPolyline
 90
2
 70
0
 10
970.2441582462441
 20
0.0
 10
1024.7089020270305
 20
0.0
  0
LWPOLYLINE
  5
C8E
330
17
100
AcDbEntity
  8
L1004
100
AcDbPolyline
 90
2
 70
0
 10
970.2358078601865
 20
-35.75
 10
970.2441582462441
 20
0.0
  0
LWPOLYLINE
  5
C8F
330
17
100
AcDbEntity
  8
L1004
100
AcDbPolyline
 90
2
 70
0
 10
1024.7089020270305
 20
0.0
 10
1024.700551640973
 20
-35.75
  0
LWPOLYLINE
  5
C90
330
17
100
AcDbEntity
  8
L1004
100
AcDbPolyline
 90
2
 70
0
 10
970.2358078601865
 20
35.75
 10
1024.700551640973
 20
35.75
  0
LWPOLYLINE
  5
C91
330
17
100
AcDbEntity
  8
L1004
100
AcDbPolyline
 90
2
 70
0
 10
970.2441582462441
 20
0.0
 10
970.2358078601865
 20
35.75
  0
LWPOLYLINE
  5
C92
330
17
100
AcDbEntity
  8
L1004
100
AcDbPolyline
 90
2
 70
0
 10
1024.700551640973
 20
35.75
 10
1024.7089020270305
 20
0.0
  0
LWPOLYLINE
  5
C93
330
17
100
AcDbEntity
  8
L1004
100
AcDbPolyline
 90
2
 70
0
 10
970.2107567020137
 20
71.5
 10
1024.6755004828
 20
71.5
  0
LWPOLYLINE
  5
C94
330
17
100
AcDbEntity
  8
L1004
100
AcDbPolyline
 90
2
 70
0
 10
970.2358078601865
 20
35.75
 10
970.2107567020137
 20
71.5
  0
LWPOLYLINE
  5
C95
330
17
100
AcDbEntity
  8
L1004
100
AcDbPolyline
 90
2
 70
0
 10
1024.6755004828
 20
71.5
 10
1024.700551640973
 20
35.75
  0
LWPOLYLINE
  5
C96
330
17
100
AcDbEntity
  8
L1004
100
AcDbPolyline
 90
2
 70
0
 10
970.1690047717257
 20
107.25
 10
1024.6337485525119
 20
107.25
  0
LWPOLYLINE
  5
C97
330
17
100
AcDbEntity
  8
L1004
100
AcDbPolyline
 90
2
 70
0
 10
970.2107567020137
 20
71.5
 10
970.1690047717257
 20
107.25
  0
LWPOLYLINE
  5
C98
330
17
100
AcDbEntity
  8
L1004
100
AcDbPolyline
 90
2
 70
0
 10
1024.6337485525119
 20
107.25
 10
1024.6755004828
 20
71.5
  0
LWPOLYLINE
  5
C99
330
17
100
AcDbEntity
  8
L1004
100
AcDbPolyline
 90
2
 70
0
 10
970.1105520693225
 20
143.0
 10
1024.5752958501087
 20
143.0
  0
LWPOLYLINE
  5
C9A
330
17
100
AcDbEntity
  8
L1004
100
AcDbPolyline
 90
2
 70
0
 10
970.1690047717257
 20
107.25
 10
970.1105520693225
 20
143.0
  0
LWPOLYLINE
  5
C9B
330
17
100
AcDbEntity
  8
L1004
100
AcDbPolyline
 90
2
 70
0
 10
1024.5752958501087
 20
143.0
 10
1024.6337485525119
 20
107.25
  0
LWPOLYLINE
  5
C9C
330
17
100
AcDbEntity
  8
L1004
100
AcDbPolyline
 90
2
 70
0
 10
970.035398594804
 20
178.75
 10
1024.5001423755903
 20
178.75
  0
LWPOLYLINE
  5
C9D
330
17
100
AcDbEntity
  8
L1004
100
AcDbPolyline
 90
2
 70
0
 10
970.1105520693225
 20
143.0
 10
970.035398594804
 20
178.75
  0
LWPOLYLINE
  5
C9E
330
17
100
AcDbEntity
  8
L1004
100
AcDbPolyline
 90
2
 70
0
 10
1024.5001423755903
 20
178.75
 10
1024.5752958501087
 20
143.0
  0
LWPOLYLINE
  5
C9F
330
17
100
AcDbEntity
  8
L1004
100
AcDbPolyline
 90
2
 70
0
 10
969.9435443481703
 20
214.5
 10
1024.4082881289567
 20
214.5
  0
LWPOLYLINE
  5
CA0
330
17
100
AcDbEntity
  8
L1004
100
AcDbPolyline
 90
2
 70
0
 10
970.035398594804
 20
178.75
 10
969.9435443481703
 20
214.5
  0
LWPOLYLINE
  5
CA1
330
17
100
AcDbEntity
  8
L1004
100
AcDbPolyline
 90
2
 70
0
 10
1024.4082881289567
 20
214.5
 10
1024.5001423755903
 20
178.75
  0
LWPOLYLINE
  5
CA2
330
17
100
AcDbEntity
  8
L1004
100
AcDbPolyline
 90
2
 70
0
 10
969.8349893294215
 20
250.25
 10
1024.2997331102079
 20
250.25
  0
LWPOLYLINE
  5
CA3
330
17
100
AcDbEntity
  8
L1004
100
AcDbPolyline
 90
2
 70
0
 10
969.9435443481703
 20
214.5
 10
969.8349893294215
 20
250.25
  0
LWPOLYLINE
  5
CA4
330
17
100
AcDbEntity
  8
L1004
100
AcDbPolyline
 90
2
 70
0
 10
1024.2997331102079
 20
250.25
 10
1024.4082881289567
 20
214.5
  0
LWPOLYLINE
  5
CA5
330
17
100
AcDbEntity
  8
L1004
100
AcDbPolyline
 90
2
 70
0
 10
969.7097335385574
 20
286.0
 10
1024.1744773193439
 20
286.0
  0
LWPOLYLINE
  5
CA6
330
17
100
AcDbEntity
  8
L1004
100
AcDbPolyline
 90
2
 70
0
 10
969.8349893294215
 20
250.25
 10
969.7097335385574
 20
286.0
  0
LWPOLYLINE
  5
CA7
330
17
100
AcDbEntity
  8
L1004
100
AcDbPolyline
 90
2
 70
0
 10
1024.1744773193439
 20
286.0
 10
1024.2997331102079
 20
250.25
  0
LWPOLYLINE
  5
CA8
330
17
100
AcDbEntity
  8
L1004
100
AcDbPolyline
 90
2
 70
0
 10
969.5677769755782
 20
321.75
 10
1024.0325207563644
 20
321.75
  0
LWPOLYLINE
  5
CA9
330
17
100
AcDbEntity
  8
L1004
100
AcDbPolyline
 90
2
 70
0
 10
969.7097335385574
 20
286.0
 10
969.5677769755782
 20
321.75
  0
LWPOLYLINE
  5
CAA
330
17
100
AcDbEntity
  8
L1004
100
AcDbPolyline
 90
2
 70
0
 10
1024.0325207563644
 20
321.75
 10
1024.1744773193439
 20
286.0
  0
LWPOLYLINE
  5
CAB
330
17
100
AcDbEntity
  8
L1004
100
AcDbPolyline
 90
2
 70
0
 10
969.4091196404837
 20
357.5
 10
1023.87386342127
 20
357.5
  0
LWPOLYLINE
  5
CAC
330
17
100
AcDbEntity
  8
L1004
100
AcDbPolyline
 90
2
 70
0
 10
969.5677769755782
 20
321.75
 10
969.4091196404837
 20
357.5
  0
LWPOLYLINE
  5
CAD
330
17
100
AcDbEntity
  8
L1004
100
AcDbPolyline
 90
2
 70
0
 10
1023.87386342127
 20
357.5
 10
1024.0325207563644
 20
321.75
  0
LWPOLYLINE
  5
CAE
330
17
100
AcDbEntity
  8
L1004
100
AcDbPolyline
 90
2
 70
0
 10
970.6616775491243
 20
357.5
 10
1025.1264213299105
 20
357.5
  0
LWPOLYLINE
  5
CAF
330
17
100
AcDbEntity
  8
L1004
100
AcDbPolyline
 90
2
 70
0
 10
969.4091196404837
 20
357.5
 10
970.6616775491243
 20
357.5
  0
LWPOLYLINE
  5
CB0
330
17
100
AcDbEntity
  8
L1004
100
AcDbPolyline
 90
2
 70
0
 10
1025.1264213299105
 20
357.5
 10
1023.87386342127
 20
357.5
  0
LWPOLYLINE
  5
CB1
330
17
100
AcDbEntity
  8
L1004
100
AcDbPolyline
 90
2
 70
0
 10
970.8203348842187
 20
321.75
 10
1025.2850786650051
 20
321.75
  0
LWPOLYLINE
  5
CB2
330
17
100
AcDbEntity
  8
L1004
100
AcDbPolyline
 90
2
 70
0
 10
970.6616775491243
 20
357.5
 10
970.8203348842187
 20
321.75
  0
LWPOLYLINE
  5
CB3
330
17
100
AcDbEntity
  8
L1004
100
AcDbPolyline
 90
2
 70
0
 10
1025.2850786650051
 20
321.75
 10
1025.1264213299105
 20
357.5
  0
LWPOLYLINE
  5
CB4
330
17
100
AcDbEntity
  8
L1004
100
AcDbPolyline
 90
2
 70
0
 10
970.9622914471981
 20
286.0
 10
1025.4270352279843
 20
286.0
  0
LWPOLYLINE
  5
CB5
330
17
100
AcDbEntity
  8
L1004
100
AcDbPolyline
 90
2
 70
0
 10
970.8203348842187
 20
321.75
 10
970.9622914471981
 20
286.0
  0
LWPOLYLINE
  5
CB6
330
17
100
AcDbEntity
  8
L1004
100
AcDbPolyline
 90
2
 70
0
 10
1025.4270352279843
 20
286.0
 10
1025.2850786650051
 20
321.75
  0
LWPOLYLINE
  5
CB7
330
17
100
AcDbEntity
  8
L1004
100
AcDbPolyline
 90
2
 70
0
 10
971.0875472380621
 20
250.25
 10
1025.5522910188483
 20
250.25
  0
LWPOLYLINE
  5
CB8
330
17
100
AcDbEntity
  8
L1004
100
AcDbPolyline
 90
2
 70
0
 10
970.9622914471981
 20
286.0
 10
971.0875472380621
 20
250.25
  0
LWPOLYLINE
  5
CB9
330
17
100
AcDbEntity
  8
L1004
100
AcDbPolyline
 90
2
 70
0
 10
1025.5522910188483
 20
250.25
 10
1025.4270352279843
 20
286.0
  0
LWPOLYLINE
  5
CBA
330
17
100
AcDbEntity
  8
L1004
100
AcDbPolyline
 90
2
 70
0
 10
971.196102256811
 20
214.5
 10
1025.6608460375971
 20
214.5
  0
LWPOLYLINE
  5
CBB
330
17
100
AcDbEntity
  8
L1004
100
AcDbPolyline
 90
2
 70
0
 10
971.0875472380621
 20
250.25
 10
971.196102256811
 20
214.5
  0
LWPOLYLINE
  5
CBC
330
17
100
AcDbEntity
  8
L1004
100
AcDbPolyline
 90
2
 70
0
 10
1025.6608460375971
 20
214.5
 10
1025.5522910188483
 20
250.25
  0
LWPOLYLINE
  5
CBD
330
17
100
AcDbEntity
  8
L1004
100
AcDbPolyline
 90
2
 70
0
 10
971.2879565034445
 20
178.75
 10
1025.752700284231
 20
178.75
  0
LWPOLYLINE
  5
CBE
330
17
100
AcDbEntity
  8
L1004
100
AcDbPolyline
 90
2
 70
0
 10
971.196102256811
 20
214.5
 10
971.2879565034445
 20
178.75
  0
LWPOLYLINE
  5
CBF
330
17
100
AcDbEntity
  8
L1004
100
AcDbPolyline
 90
2
 70
0
 10
1025.752700284231
 20
178.75
 10
1025.6608460375971
 20
214.5
  0
LWPOLYLINE
  5
CC0
330
17
100
AcDbEntity
  8
L1004
100
AcDbPolyline
 90
2
 70
0
 10
971.363109977963
 20
143.0
 10
1025.8278537587494
 20
143.0
  0
LWPOLYLINE
  5
CC1
330
17
100
AcDbEntity
  8
L1004
100
AcDbPolyline
 90
2
 70
0
 10
971.2879565034445
 20
178.75
 10
971.363109977963
 20
143.0
  0
LWPOLYLINE
  5
CC2
330
17
100
AcDbEntity
  8
L1004
100
AcDbPolyline
 90
2
 70
0
 10
1025.8278537587494
 20
143.0
 10
1025.752700284231
 20
178.75
  0
LWPOLYLINE
  5
CC3
330
17
100
AcDbEntity
  8
L1004
100
AcDbPolyline
 90
2
 70
0
 10
971.4215626803662
 20
107.25
 10
1025.8863064611526
 20
107.25
  0
LWPOLYLINE
  5
CC4
330
17
100
AcDbEntity
  8
L1004
100
AcDbPolyline
 90
2
 70
0
 10
971.363109977963
 20
143.0
 10
971.4215626803662
 20
107.25
  0
LWPOLYLINE
  5
CC5
330
17
100
AcDbEntity
  8
L1004
100
AcDbPolyline
 90
2
 70
0
 10
1025.8863064611526
 20
107.25
 10
1025.8278537587494
 20
143.0
  0
LWPOLYLINE
  5
CC6
330
17
100
AcDbEntity
  8
L1004
100
AcDbPolyline
 90
2
 70
0
 10
971.4633146106544
 20
71.5
 10
1025.9280583914406
 20
71.5
  0
LWPOLYLINE
  5
CC7
330
17
100
AcDbEntity
  8
L1004
100
AcDbPolyline
 90
2
 70
0
 10
971.4215626803662
 20
107.25
 10
971.4633146106544
 20
71.5
  0
LWPOLYLINE
  5
CC8
330
17
100
AcDbEntity
  8
L1004
100
AcDbPolyline
 90
2
 70
0
 10
1025.9280583914406
 20
71.5
 10
1025.8863064611526
 20
107.25
  0
LWPOLYLINE
  5
CC9
330
17
100
AcDbEntity
  8
L1004
100
AcDbPolyline
 90
2
 70
0
 10
971.4883657688272
 20
35.75
 10
1025.9531095496134
 20
35.75
  0
LWPOLYLINE
  5
CCA
330
17
100
AcDbEntity
  8
L1004
100
AcDbPolyline
 90
2
 70
0
 10
971.4633146106544
 20
71.5
 10
971.4883657688272
 20
35.75
  0
LWPOLYLINE
  5
CCB
330
17
100
AcDbEntity
  8
L1004
100
AcDbPolyline
 90
2
 70
0
 10
1025.9531095496134
 20
35.75
 10
1025.9280583914406
 20
71.5
  0
LWPOLYLINE
  5
CCC
330
17
100
AcDbEntity
  8
L1004
100
AcDbPolyline
 90
2
 70
0
 10
971.4967161548848
 20
0.0
 10
1025.961459935671
 20
0.0
  0
LWPOLYLINE
  5
CCD
330
17
100
AcDbEntity
  8
L1004
100
AcDbPolyline
 90
2
 70
0
 10
971.4883657688272
 20
35.75
 10
971.4967161548848
 20
0.0
  0
LWPOLYLINE
  5
CCE
330
17
100
AcDbEntity
  8
L1004
100
AcDbPolyline
 90
2
 70
0
 10
1025.961459935671
 20
0.0
 10
1025.9531095496134
 20
35.75
  0
LWPOLYLINE
  5
CCF
330
17
100
AcDbEntity
  8
L1004
100
AcDbPolyline
 90
2
 70
0
 10
971.4883657688272
 20
-35.75
 10
1025.9531095496134
 20
-35.75
  0
LWPOLYLINE
  5
CD0
330
17
100
AcDbEntity
  8
L1004
100
AcDbPolyline
 90
2
 70
0
 10
971.4967161548848
 20
0.0
 10
971.4883657688272
 20
-35.75
  0
LWPOLYLINE
  5
CD1
330
17
100
AcDbEntity
  8
L1004
100
AcDbPolyline
 90
2
 70
0
 10
1025.9531095496134
 20
-35.75
 10
1025.961459935671
 20
0.0
  0
LWPOLYLINE
  5
CD2
330
17
100
AcDbEntity
  8
L1004
100
AcDbPolyline
 90
2
 70
0
 10
971.4633146106544
 20
-71.5
 10
1025.9280583914406
 20
-71.5
  0
LWPOLYLINE
  5
CD3
330
17
100
AcDbEntity
  8
L1004
100
AcDbPolyline
 90
2
 70
0
 10
971.4883657688272
 20
-35.75
 10
971.4633146106544
 20
-71.5
  0
LWPOLYLINE
  5
CD4
330
17
100
AcDbEntity
  8
L1004
100
AcDbPolyline
 90
2
 70
0
 10
1025.9280583914406
 20
-71.5
 10
1025.9531095496134
 20
-35.75
  0
LWPOLYLINE
  5
CD5
330
17
100
AcDbEntity
  8
L1004
100
AcDbPolyline
 90
2
 70
0
 10
971.4215626803662
 20
-107.25
 10
1025.8863064611526
 20
-107.25
  0
LWPOLYLINE
  5
CD6
330
17
100
AcDbEntity
  8
L1004
100
AcDbPolyline
 90
2
 70
0
 10
971.4633146106544
 20
-71.5
 10
971.4215626803662
 20
-107.25
  0
LWPOLYLINE
  5
CD7
330
17
100
AcDbEntity
  8
L1004
100
AcDbPolyline
 90
2
 70
0
 10
1025.8863064611526
 20
-107.25
 10
1025.9280583914406
 20
-71.5
  0
LWPOLYLINE
  5
CD8
330
17
100
AcDbEntity
  8
L1004
100
AcDbPolyline
 90
2
 70
0
 10
971.363109977963
 20
-143.0
 10
1025.8278537587494
 20
-143.0
  0
LWPOLYLINE
  5
CD9
330
17
100
AcDbEntity
  8
L1004
100
AcDbPolyline
 90
2
 70
0
 10
971.4215626803662
 20
-107.25
 10
971.363109977963
 20
-143.0
  0
LWPOLYLINE
  5
CDA
330
17
100
AcDbEntity
  8
L1004
100
AcDbPolyline
 90
2
 70
0
 10
1025.8278537587494
 20
-143.0
 10
1025.8863064611526
 20
-107.25
  0
LWPOLYLINE
  5
CDB
330
17
100
AcDbEntity
  8
L1004
100
AcDbPolyline
 90
2
 70
0
 10
971.2879565034445
 20
-178.75
 10
1025.752700284231
 20
-178.75
  0
LWPOLYLINE
  5
CDC
330
17
100
AcDbEntity
  8
L1004
100
AcDbPolyline
 90
2
 70
0
 10
971.363109977963
 20
-143.0
 10
971.2879565034445
 20
-178.75
  0
LWPOLYLINE
  5
CDD
330
17
100
AcDbEntity
  8
L1004
100
AcDbPolyline
 90
2
 70
0
 10
1025.752700284231
 20
-178.75
 10
1025.8278537587494
 20
-143.0
  0
LWPOLYLINE
  5
CDE
330
17
100
AcDbEntity
  8
L1004
100
AcDbPolyline
 90
2
 70
0
 10
971.196102256811
 20
-214.5
 10
1025.6608460375971
 20
-214.5
  0
LWPOLYLINE
  5
CDF
330
17
100
AcDbEntity
  8
L1004
100
AcDbPolyline
 90
2
 70
0
 10
971.2879565034445
 20
-178.75
 10
971.196102256811
 20
-214.5
  0
LWPOLYLINE
  5
CE0
330
17
100
AcDbEntity
  8
L1004
100
AcDbPolyline
 90
2
 70
0
 10
1025.6608460375971
 20
-214.5
 10
1025.752700284231
 20
-178.75
  0
LWPOLYLINE
  5
CE1
330
17
100
AcDbEntity
  8
L1004
100
AcDbPolyline
 90
2
 70
0
 10
971.0875472380621
 20
-250.25
 10
1025.5522910188483
 20
-250.25
  0
LWPOLYLINE
  5
CE2
330
17
100
AcDbEntity
  8
L1004
100
AcDbPolyline
 90
2
 70
0
 10
971.196102256811
 20
-214.5
 10
971.0875472380621
 20
-250.25
  0
LWPOLYLINE
  5
CE3
330
17
100
AcDbEntity
  8
L1004
100
AcDbPolyline
 90
2
 70
0
 10
1025.5522910188483
 20
-250.25
 10
1025.6608460375971
 20
-214.5
  0
LWPOLYLINE
  5
CE4
330
17
100
AcDbEntity
  8
L1004
100
AcDbPolyline
 90
2
 70
0
 10
970.9622914471981
 20
-286.0
 10
1025.4270352279843
 20
-286.0
  0
LWPOLYLINE
  5
CE5
330
17
100
AcDbEntity
  8
L1004
100
AcDbPolyline
 90
2
 70
0
 10
971.0875472380621
 20
-250.25
 10
970.9622914471981
 20
-286.0
  0
LWPOLYLINE
  5
CE6
330
17
100
AcDbEntity
  8
L1004
100
AcDbPolyline
 90
2
 70
0
 10
1025.4270352279843
 20
-286.0
 10
1025.5522910188483
 20
-250.25
  0
LWPOLYLINE
  5
CE7
330
17
100
AcDbEntity
  8
L1004
100
AcDbPolyline
 90
2
 70
0
 10
970.8203348842187
 20
-321.75
 10
1025.2850786650051
 20
-321.75
  0
LWPOLYLINE
  5
CE8
330
17
100
AcDbEntity
  8
L1004
100
AcDbPolyline
 90
2
 70
0
 10
970.9622914471981
 20
-286.0
 10
970.8203348842187
 20
-321.75
  0
LWPOLYLINE
  5
CE9
330
17
100
AcDbEntity
  8
L1004
100
AcDbPolyline
 90
2
 70
0
 10
1025.2850786650051
 20
-321.75
 10
1025.4270352279843
 20
-286.0
  0
LWPOLYLINE
  5
CEA
330
17
100
AcDbEntity
  8
L1004
100
AcDbPolyline
 90
2
 70
0
 10
970.6616775491243
 20
-357.5
 10
1025.1264213299105
 20
-357.5
  0
LWPOLYLINE
  5
CEB
330
17
100
AcDbEntity
  8
L1004
100
AcDbPolyline
 90
2
 70
0
 10
970.8203348842187
 20
-321.75
 10
970.6616775491243
 20
-357.5
  0
LWPOLYLINE
  5
CEC
330
17
100
AcDbEntity
  8
L1004
100
AcDbPolyline
 90
2
 70
0
 10
1025.1264213299105
 20
-357.5
 10
1025.2850786650051
 20
-321.75
  0
LWPOLYLINE
  5
CED
330
17
100
AcDbEntity
  8
L1004
100
AcDbPolyline
 90
2
 70
0
 10
970.6616775491243
 20
-357.5
 10
969.4091196404837
 20
-357.5
  0
LWPOLYLINE
  5
CEE
330
17
100
AcDbEntity
  8
L1004
100
AcDbPolyline
 90
2
 70
0
 10
1023.87386342127
 20
-357.5
 10
1025.1264213299105
 20
-357.5
  0
LWPOLYLINE
  5
CF0
330
17
100
AcDbEntity
  8
L1005
100
AcDbPolyline
 90
2
 70
0
 10
1120.0713329561656
 20
-357.5
 10
1065.6065891753794
 20
-357.5
  0
LWPOLYLINE
  5
CF1
330
17
100
AcDbEntity
  8
L1005
100
AcDbPolyline
 90
2
 70
0
 10
1065.7652465104738
 20
-321.75
 10
1120.22999029126
 20
-321.75
  0
LWPOLYLINE
  5
CF2
330
17
100
AcDbEntity
  8
L1005
100
AcDbPolyline
 90
2
 70
0
 10
1065.6065891753794
 20
-357.5
 10
1065.7652465104738
 20
-321.75
  0
LWPOLYLINE
  5
CF3
330
17
100
AcDbEntity
  8
L1005
100
AcDbPolyline
 90
2
 70
0
 10
1120.22999029126
 20
-321.75
 10
1120.0713329561656
 20
-357.5
  0
LWPOLYLINE
  5
CF4
330
17
100
AcDbEntity
  8
L1005
100
AcDbPolyline
 90
2
 70
0
 10
1065.907203073453
 20
-286.0
 10
1120.3719468542392
 20
-286.0
  0
LWPOLYLINE
  5
CF5
330
17
100
AcDbEntity
  8
L1005
100
AcDbPolyline
 90
2
 70
0
 10
1065.7652465104738
 20
-321.75
 10
1065.907203073453
 20
-286.0
  0
LWPOLYLINE
  5
CF6
330
17
100
AcDbEntity
  8
L1005
100
AcDbPolyline
 90
2
 70
0
 10
1120.3719468542392
 20
-286.0
 10
1120.22999029126
 20
-321.75
  0
LWPOLYLINE
  5
CF7
330
17
100
AcDbEntity
  8
L1005
100
AcDbPolyline
 90
2
 70
0
 10
1066.032458864317
 20
-250.25
 10
1120.4972026451032
 20
-250.25
  0
LWPOLYLINE
  5
CF8
330
17
100
AcDbEntity
  8
L1005
100
AcDbPolyline
 90
2
 70
0
 10
1065.907203073453
 20
-286.0
 10
1066.032458864317
 20
-250.25
  0
LWPOLYLINE
  5
CF9
330
17
100
AcDbEntity
  8
L1005
100
AcDbPolyline
 90
2
 70
0
 10
1120.4972026451032
 20
-250.25
 10
1120.3719468542392
 20
-286.0
  0
LWPOLYLINE
  5
CFA
330
17
100
AcDbEntity
  8
L1005
100
AcDbPolyline
 90
2
 70
0
 10
1066.141013883066
 20
-214.5
 10
1120.6057576638523
 20
-214.5
  0
LWPOLYLINE
  5
CFB
330
17
100
AcDbEntity
  8
L1005
100
AcDbPolyline
 90
2
 70
0
 10
1066.032458864317
 20
-250.25
 10
1066.141013883066
 20
-214.5
  0
LWPOLYLINE
  5
CFC
330
17
100
AcDbEntity
  8
L1005
100
AcDbPolyline
 90
2
 70
0
 10
1120.6057576638523
 20
-214.5
 10
1120.4972026451032
 20
-250.25
  0
LWPOLYLINE
  5
CFD
330
17
100
AcDbEntity
  8
L1005
100
AcDbPolyline
 90
2
 70
0
 10
1066.2328681296997
 20
-178.75
 10
1120.6976119104859
 20
-178.75
  0
LWPOLYLINE
  5
CFE
330
17
100
AcDbEntity
  8
L1005
100
AcDbPolyline
 90
2
 70
0
 10
1066.141013883066
 20
-214.5
 10
1066.2328681296997
 20
-178.75
  0
LWPOLYLINE
  5
CFF
330
17
100
AcDbEntity
  8
L1005
100
AcDbPolyline
 90
2
 70
0
 10
1120.6976119104859
 20
-178.75
 10
1120.6057576638523
 20
-214.5
  0
LWPOLYLINE
  5
D00
330
17
100
AcDbEntity
  8
L1005
100
AcDbPolyline
 90
2
 70
0
 10
1066.308021604218
 20
-143.0
 10
1120.7727653850043
 20
-143.0
  0
LWPOLYLINE
  5
D01
330
17
100
AcDbEntity
  8
L1005
100
AcDbPolyline
 90
2
 70
0
 10
1066.2328681296997
 20
-178.75
 10
1066.308021604218
 20
-143.0
  0
LWPOLYLINE
  5
D02
330
17
100
AcDbEntity
  8
L1005
100
AcDbPolyline
 90
2
 70
0
 10
1120.7727653850043
 20
-143.0
 10
1120.6976119104859
 20
-178.75
  0
LWPOLYLINE
  5
D03
330
17
100
AcDbEntity
  8
L1005
100
AcDbPolyline
 90
2
 70
0
 10
1066.3664743066213
 20
-107.25
 10
1120.8312180874075
 20
-107.25
  0
LWPOLYLINE
  5
D04
330
17
100
AcDbEntity
  8
L1005
100
AcDbPolyline
 90
2
 70
0
 10
1066.308021604218
 20
-143.0
 10
1066.3664743066213
 20
-107.25
  0
LWPOLYLINE
  5
D05
330
17
100
AcDbEntity
  8
L1005
100
AcDbPolyline
 90
2
 70
0
 10
1120.8312180874075
 20
-107.25
 10
1120.7727653850043
 20
-143.0
  0
LWPOLYLINE
  5
D06
330
17
100
AcDbEntity
  8
L1005
100
AcDbPolyline
 90
2
 70
0
 10
1066.4082262369093
 20
-71.5
 10
1120.8729700176955
 20
-71.5
  0
LWPOLYLINE
  5
D07
330
17
100
AcDbEntity
  8
L1005
100
AcDbPolyline
 90
2
 70
0
 10
1066.3664743066213
 20
-107.25
 10
1066.4082262369093
 20
-71.5
  0
LWPOLYLINE
  5
D08
330
17
100
AcDbEntity
  8
L1005
100
AcDbPolyline
 90
2
 70
0
 10
1120.8729700176955
 20
-71.5
 10
1120.8312180874075
 20
-107.25
  0
LWPOLYLINE
  5
D09
330
17
100
AcDbEntity
  8
L1005
100
AcDbPolyline
 90
2
 70
0
 10
1066.433277395082
 20
-35.75
 10
1120.8980211758683
 20
-35.75
  0
LWPOLYLINE
  5
D0A
330
17
100
AcDbEntity
  8
L1005
100
AcDbPolyline
 90
2
 70
0
 10
1066.4082262369093
 20
-71.5
 10
1066.433277395082
 20
-35.75
  0
LWPOLYLINE
  5
D0B
330
17
100
AcDbEntity
  8
L1005
100
AcDbPolyline
 90
2
 70
0
 10
1120.8980211758683
 20
-35.75
 10
1120.8729700176955
 20
-71.5
  0
LWPOLYLINE
  5
D0C
330
17
100
AcDbEntity
  8
L1005
100
AcDbPolyline
 90
2
 70
0
 10
1066.4416277811397
 20
0.0
 10
1120.9063715619259
 20
0.0
  0
LWPOLYLINE
  5
D0D
330
17
100
AcDbEntity
  8
L1005
100
AcDbPolyline
 90
2
 70
0
 10
1066.433277395082
 20
-35.75
 10
1066.4416277811397
 20
0.0
  0
LWPOLYLINE
  5
D0E
330
17
100
AcDbEntity
  8
L1005
100
AcDbPolyline
 90
2
 70
0
 10
1120.9063715619259
 20
0.0
 10
1120.8980211758683
 20
-35.75
  0
LWPOLYLINE
  5
D0F
330
17
100
AcDbEntity
  8
L1005
100
AcDbPolyline
 90
2
 70
0
 10
1066.433277395082
 20
35.75
 10
1120.8980211758683
 20
35.75
  0
LWPOLYLINE
  5
D10
330
17
100
AcDbEntity
  8
L1005
100
AcDbPolyline
 90
2
 70
0
 10
1066.4416277811397
 20
0.0
 10
1066.433277395082
 20
35.75
  0
LWPOLYLINE
  5
D11
330
17
100
AcDbEntity
  8
L1005
100
AcDbPolyline
 90
2
 70
0
 10
1120.8980211758683
 20
35.75
 10
1120.9063715619259
 20
0.0
  0
LWPOLYLINE
  5
D12
330
17
100
AcDbEntity
  8
L1005
100
AcDbPolyline
 90
2
 70
0
 10
1066.4082262369093
 20
71.5
 10
1120.8729700176955
 20
71.5
  0
LWPOLYLINE
  5
D13
330
17
100
AcDbEntity
  8
L1005
100
AcDbPolyline
 90
2
 70
0
 10
1066.433277395082
 20
35.75
 10
1066.4082262369093
 20
71.5
  0
LWPOLYLINE
  5
D14
330
17
100
AcDbEntity
  8
L1005
100
AcDbPolyline
 90
2
 70
0
 10
1120.8729700176955
 20
71.5
 10
1120.8980211758683
 20
35.75
  0
LWPOLYLINE
  5
D15
330
17
100
AcDbEntity
  8
L1005
100
AcDbPolyline
 90
2
 70
0
 10
1066.3664743066213
 20
107.25
 10
1120.8312180874075
 20
107.25
  0
LWPOLYLINE
  5
D16
330
17
100
AcDbEntity
  8
L1005
100
AcDbPolyline
 90
2
 70
0
 10
1066.4082262369093
 20
71.5
 10
1066.3664743066213
 20
107.25
  0
LWPOLYLINE
  5
D17
330
17
100
AcDbEntity
  8
L1005
100
AcDbPolyline
 90
2
 70
0
 10
1120.8312180874075
 20
107.25
 10
1120.8729700176955
 20
71.5
  0
LWPOLYLINE
  5
D18
330
17
100
AcDbEntity
  8
L1005
100
AcDbPolyline
 90
2
 70
0
 10
1066.308021604218
 20
143.0
 10
1120.7727653850043
 20
143.0
  0
LWPOLYLINE
  5
D19
330
17
100
AcDbEntity
  8
L1005
100
AcDbPolyline
 90
2
 70
0
 10
1066.3664743066213
 20
107.25
 10
1066.308021604218
 20
143.0
  0
LWPOLYLINE
  5
D1A
330
17
100
AcDbEntity
  8
L1005
100
AcDbPolyline
 90
2
 70
0
 10
1120.7727653850043
 20
143.0
 10
1120.8312180874075
 20
107.25
  0
LWPOLYLINE
  5
D1B
330
17
100
AcDbEntity
  8
L1005
100
AcDbPolyline
 90
2
 70
0
 10
1066.2328681296997
 20
178.75
 10
1120.6976119104859
 20
178.75
  0
LWPOLYLINE
  5
D1C
330
17
100
AcDbEntity
  8
L1005
100
AcDbPolyline
 90
2
 70
0
 10
1066.308021604218
 20
143.0
 10
1066.2328681296997
 20
178.75
  0
LWPOLYLINE
  5
D1D
330
17
100
AcDbEntity
  8
L1005
100
AcDbPolyline
 90
2
 70
0
 10
1120.6976119104859
 20
178.75
 10
1120.7727653850043
 20
143.0
  0
LWPOLYLINE
  5
D1E
330
17
100
AcDbEntity
  8
L1005
100
AcDbPolyline
 90
2
 70
0
 10
1066.141013883066
 20
214.5
 10
1120.6057576638523
 20
214.5
  0
LWPOLYLINE
  5
D1F
330
17
100
AcDbEntity
  8
L1005
100
AcDbPolyline
 90
2
 70
0
 10
1066.2328681296997
 20
178.75
 10
1066.141013883066
 20
214.5
  0
LWPOLYLINE
  5
D20
330
17
100
AcDbEntity
  8
L1005
100
AcDbPolyline
 90
2
 70
0
 10
1120.6057576638523
 20
214.5
 10
1120.6976119104859
 20
178.75
  0
LWPOLYLINE
  5
D21
330
17
100
AcDbEntity
  8
L1005
100
AcDbPolyline
 90
2
 70
0
 10
1066.032458864317
 20
250.25
 10
1120.4972026451032
 20
250.25
  0
LWPOLYLINE
  5
D22
330
17
100
AcDbEntity
  8
L1005
100
AcDbPolyline
 90
2
 70
0
 10
1066.141013883066
 20
214.5
 10
1066.032458864317
 20
250.25
  0
LWPOLYLINE
  5
D23
330
17
100
AcDbEntity
  8
L1005
100
AcDbPolyline
 90
2
 70
0
 10
1120.4972026451032
 20
250.25
 10
1120.6057576638523
 20
214.5
  0
LWPOLYLINE
  5
D24
330
17
100
AcDbEntity
  8
L1005
100
AcDbPolyline
 90
2
 70
0
 10
1065.907203073453
 20
286.0
 10
1120.3719468542392
 20
286.0
  0
LWPOLYLINE
  5
D25
330
17
100
AcDbEntity
  8
L1005
100
AcDbPolyline
 90
2
 70
0
 10
1066.032458864317
 20
250.25
 10
1065.907203073453
 20
286.0
  0
LWPOLYLINE
  5
D26
330
17
100
AcDbEntity
  8
L1005
100
AcDbPolyline
 90
2
 70
0
 10
1120.3719468542392
 20
286.0
 10
1120.4972026451032
 20
250.25
  0
LWPOLYLINE
  5
D27
330
17
100
AcDbEntity
  8
L1005
100
AcDbPolyline
 90
2
 70
0
 10
1065.7652465104738
 20
321.75
 10
1120.22999029126
 20
321.75
  0
LWPOLYLINE
  5
D28
330
17
100
AcDbEntity
  8
L1005
100
AcDbPolyline
 90
2
 70
0
 10
1065.907203073453
 20
286.0
 10
1065.7652465104738
 20
321.75
  0
LWPOLYLINE
  5
D29
330
17
100
AcDbEntity
  8
L1005
100
AcDbPolyline
 90
2
 70
0
 10
1120.22999029126
 20
321.75
 10
1120.3719468542392
 20
286.0
  0
LWPOLYLINE
  5
D2A
330
17
100
AcDbEntity
  8
L1005
100
AcDbPolyline
 90
2
 70
0
 10
1065.6065891753794
 20
357.5
 10
1120.0713329561656
 20
357.5
  0
LWPOLYLINE
  5
D2B
330
17
100
AcDbEntity
  8
L1005
100
AcDbPolyline
 90
2
 70
0
 10
1065.7652465104738
 20
321.75
 10
1065.6065891753794
 20
357.5
  0
LWPOLYLINE
  5
D2C
330
17
100
AcDbEntity
  8
L1005
100
AcDbPolyline
 90
2
 70
0
 10
1120.0713329561656
 20
357.5
 10
1120.22999029126
 20
321.75
  0
LWPOLYLINE
  5
D2D
330
17
100
AcDbEntity
  8
L1005
100
AcDbPolyline
 90
2
 70
0
 10
1066.85914708402
 20
357.5
 10
1121.3238908648061
 20
357.5
  0
LWPOLYLINE
  5
D2E
330
17
100
AcDbEntity
  8
L1005
100
AcDbPolyline
 90
2
 70
0
 10
1065.6065891753794
 20
357.5
 10
1066.85914708402
 20
357.5
  0
LWPOLYLINE
  5
D2F
330
17
100
AcDbEntity
  8
L1005
100
AcDbPolyline
 90
2
 70
0
 10
1121.3238908648061
 20
357.5
 10
1120.0713329561656
 20
357.5
  0
LWPOLYLINE
  5
D30
330
17
100
AcDbEntity
  8
L1005
100
AcDbPolyline
 90
2
 70
0
 10
1067.0178044191143
 20
321.75
 10
1121.4825481999005
 20
321.75
  0
LWPOLYLINE
  5
D31
330
17
100
AcDbEntity
  8
L1005
100
AcDbPolyline
 90
2
 70
0
 10
1066.85914708402
 20
357.5
 10
1067.0178044191143
 20
321.75
  0
LWPOLYLINE
  5
D32
330
17
100
AcDbEntity
  8
L1005
100
AcDbPolyline
 90
2
 70
0
 10
1121.4825481999005
 20
321.75
 10
1121.3238908648061
 20
357.5
  0
LWPOLYLINE
  5
D33
330
17
100
AcDbEntity
  8
L1005
100
AcDbPolyline
 90
2
 70
0
 10
1067.1597609820938
 20
286.0
 10
1121.62450476288
 20
286.0
  0
LWPOLYLINE
  5
D34
330
17
100
AcDbEntity
  8
L1005
100
AcDbPolyline
 90
2
 70
0
 10
1067.0178044191143
 20
321.75
 10
1067.1597609820938
 20
286.0
  0
LWPOLYLINE
  5
D35
330
17
100
AcDbEntity
  8
L1005
100
AcDbPolyline
 90
2
 70
0
 10
1121.62450476288
 20
286.0
 10
1121.4825481999005
 20
321.75
  0
LWPOLYLINE
  5
D36
330
17
100
AcDbEntity
  8
L1005
100
AcDbPolyline
 90
2
 70
0
 10
1067.2850167729578
 20
250.25
 10
1121.749760553744
 20
250.25
  0
LWPOLYLINE
  5
D37
330
17
100
AcDbEntity
  8
L1005
100
AcDbPolyline
 90
2
 70
0
 10
1067.1597609820938
 20
286.0
 10
1067.2850167729578
 20
250.25
  0
LWPOLYLINE
  5
D38
330
17
100
AcDbEntity
  8
L1005
100
AcDbPolyline
 90
2
 70
0
 10
1121.749760553744
 20
250.25
 10
1121.62450476288
 20
286.0
  0
LWPOLYLINE
  5
D39
330
17
100
AcDbEntity
  8
L1005
100
AcDbPolyline
 90
2
 70
0
 10
1067.3935717917066
 20
214.5
 10
1121.8583155724928
 20
214.5
  0
LWPOLYLINE
  5
D3A
330
17
100
AcDbEntity
  8
L1005
100
AcDbPolyline
 90
2
 70
0
 10
1067.2850167729578
 20
250.25
 10
1067.3935717917066
 20
214.5
  0
LWPOLYLINE
  5
D3B
330
17
100
AcDbEntity
  8
L1005
100
AcDbPolyline
 90
2
 70
0
 10
1121.8583155724928
 20
214.5
 10
1121.749760553744
 20
250.25
  0
LWPOLYLINE
  5
D3C
330
17
100
AcDbEntity
  8
L1005
100
AcDbPolyline
 90
2
 70
0
 10
1067.4854260383402
 20
178.75
 10
1121.9501698191264
 20
178.75
  0
LWPOLYLINE
  5
D3D
330
17
100
AcDbEntity
  8
L1005
100
AcDbPolyline
 90
2
 70
0
 10
1067.3935717917066
 20
214.5
 10
1067.4854260383402
 20
178.75
  0
LWPOLYLINE
  5
D3E
330
17
100
AcDbEntity
  8
L1005
100
AcDbPolyline
 90
2
 70
0
 10
1121.9501698191264
 20
178.75
 10
1121.8583155724928
 20
214.5
  0
LWPOLYLINE
  5
D3F
330
17
100
AcDbEntity
  8
L1005
100
AcDbPolyline
 90
2
 70
0
 10
1067.5605795128586
 20
143.0
 10
1122.0253232936448
 20
143.0
  0
LWPOLYLINE
  5
D40
330
17
100
AcDbEntity
  8
L1005
100
AcDbPolyline
 90
2
 70
0
 10
1067.4854260383402
 20
178.75
 10
1067.5605795128586
 20
143.0
  0
LWPOLYLINE
  5
D41
330
17
100
AcDbEntity
  8
L1005
100
AcDbPolyline
 90
2
 70
0
 10
1122.0253232936448
 20
143.0
 10
1121.9501698191264
 20
178.75
  0
LWPOLYLINE
  5
D42
330
17
100
AcDbEntity
  8
L1005
100
AcDbPolyline
 90
2
 70
0
 10
1067.6190322152618
 20
107.25
 10
1122.083775996048
 20
107.25
  0
LWPOLYLINE
  5
D43
330
17
100
AcDbEntity
  8
L1005
100
AcDbPolyline
 90
2
 70
0
 10
1067.5605795128586
 20
143.0
 10
1067.6190322152618
 20
107.25
  0
LWPOLYLINE
  5
D44
330
17
100
AcDbEntity
  8
L1005
100
AcDbPolyline
 90
2
 70
0
 10
1122.083775996048
 20
107.25
 10
1122.0253232936448
 20
143.0
  0
LWPOLYLINE
  5
D45
330
17
100
AcDbEntity
  8
L1005
100
AcDbPolyline
 90
2
 70
0
 10
1067.66078414555
 20
71.5
 10
1122.1255279263362
 20
71.5
  0
LWPOLYLINE
  5
D46
330
17
100
AcDbEntity
  8
L1005
100
AcDbPolyline
 90
2
 70
0
 10
1067.6190322152618
 20
107.25
 10
1067.66078414555
 20
71.5
  0
LWPOLYLINE
  5
D47
330
17
100
AcDbEntity
  8
L1005
100
AcDbPolyline
 90
2
 70
0
 10
1122.1255279263362
 20
71.5
 10
1122.083775996048
 20
107.25
  0
LWPOLYLINE
  5
D48
330
17
100
AcDbEntity
  8
L1005
100
AcDbPolyline
 90
2
 70
0
 10
1067.6858353037228
 20
35.75
 10
1122.150579084509
 20
35.75
  0
LWPOLYLINE
  5
D49
330
17
100
AcDbEntity
  8
L1005
100
AcDbPolyline
 90
2
 70
0
 10
1067.66078414555
 20
71.5
 10
1067.6858353037228
 20
35.75
  0
LWPOLYLINE
  5
D4A
330
17
100
AcDbEntity
  8
L1005
100
AcDbPolyline
 90
2
 70
0
 10
1122.150579084509
 20
35.75
 10
1122.1255279263362
 20
71.5
  0
LWPOLYLINE
  5
D4B
330
17
100
AcDbEntity
  8
L1005
100
AcDbPolyline
 90
2
 70
0
 10
1067.6941856897804
 20
0.0
 10
1122.1589294705666
 20
0.0
  0
LWPOLYLINE
  5
D4C
330
17
100
AcDbEntity
  8
L1005
100
AcDbPolyline
 90
2
 70
0
 10
1067.6858353037228
 20
35.75
 10
1067.6941856897804
 20
0.0
  0
LWPOLYLINE
  5
D4D
330
17
100
AcDbEntity
  8
L1005
100
AcDbPolyline
 90
2
 70
0
 10
1122.1589294705666
 20
0.0
 10
1122.150579084509
 20
35.75
  0
LWPOLYLINE
  5
D4E
330
17
100
AcDbEntity
  8
L1005
100
AcDbPolyline
 90
2
 70
0
 10
1067.6858353037228
 20
-35.75
 10
1122.150579084509
 20
-35.75
  0
LWPOLYLINE
  5
D4F
330
17
100
AcDbEntity
  8
L1005
100
AcDbPolyline
 90
2
 70
0
 10
1067.6941856897804
 20
0.0
 10
1067.6858353037228
 20
-35.75
  0
LWPOLYLINE
  5
D50
330
17
100
AcDbEntity
  8
L1005
100
AcDbPolyline
 90
2
 70
0
 10
1122.150579084509
 20
-35.75
 10
1122.1589294705666
 20
0.0
  0
LWPOLYLINE
  5
D51
330
17
100
AcDbEntity
  8
L1005
100
AcDbPolyline
 90
2
 70
0
 10
1067.66078414555
 20
-71.5
 10
1122.1255279263362
 20
-71.5
  0
LWPOLYLINE
  5
D52
330
17
100
AcDbEntity
  8
L1005
100
AcDbPolyline
 90
2
 70
0
 10
1067.6858353037228
 20
-35.75
 10
1067.66078414555
 20
-71.5
  0
LWPOLYLINE
  5
D53
330
17
100
AcDbEntity
  8
L1005
100
AcDbPolyline
 90
2
 70
0
 10
1122.1255279263362
 20
-71.5
 10
1122.150579084509
 20
-35.75
  0
LWPOLYLINE
  5
D54
330
17
100
AcDbEntity
  8
L1005
100
AcDbPolyline
 90
2
 70
0
 10
1067.6190322152618
 20
-107.25
 10
1122.083775996048
 20
-107.25
  0
LWPOLYLINE
  5
D55
330
17
100
AcDbEntity
  8
L1005
100
AcDbPolyline
 90
2
 70
0
 10
1067.66078414555
 20
-71.5
 10
1067.6190322152618
 20
-107.25
  0
LWPOLYLINE
  5
D56
330
17
100
AcDbEntity
  8
L1005
100
AcDbPolyline
 90
2
 70
0
 10
1122.083775996048
 20
-107.25
 10
1122.1255279263362
 20
-71.5
  0
LWPOLYLINE
  5
D57
330
17
100
AcDbEntity
  8
L1005
100
AcDbPolyline
 90
2
 70
0
 10
1067.5605795128586
 20
-143.0
 10
1122.0253232936448
 20
-143.0
  0
LWPOLYLINE
  5
D58
330
17
100
AcDbEntity
  8
L1005
100
AcDbPolyline
 90
2
 70
0
 10
1067.6190322152618
 20
-107.25
 10
1067.5605795128586
 20
-143.0
  0
LWPOLYLINE
  5
D59
330
17
100
AcDbEntity
  8
L1005
100
AcDbPolyline
 90
2
 70
0
 10
1122.0253232936448
 20
-143.0
 10
1122.083775996048
 20
-107.25
  0
LWPOLYLINE
  5
D5A
330
17
100
AcDbEntity
  8
L1005
100
AcDbPolyline
 90
2
 70
0
 10
1067.4854260383402
 20
-178.75
 10
1121.9501698191264
 20
-178.75
  0
LWPOLYLINE
  5
D5B
330
17
100
AcDbEntity
  8
L1005
100
AcDbPolyline
 90
2
 70
0
 10
1067.5605795128586
 20
-143.0
 10
1067.4854260383402
 20
-178.75
  0
LWPOLYLINE
  5
D5C
330
17
100
AcDbEntity
  8
L1005
100
AcDbPolyline
 90
2
 70
0
 10
1121.9501698191264
 20
-178.75
 10
1122.0253232936448
 20
-143.0
  0
LWPOLYLINE
  5
D5D
330
17
100
AcDbEntity
  8
L1005
100
AcDbPolyline
 90
2
 70
0
 10
1067.3935717917066
 20
-214.5
 10
1121.8583155724928
 20
-214.5
  0
LWPOLYLINE
  5
D5E
330
17
100
AcDbEntity
  8
L1005
100
AcDbPolyline
 90
2
 70
0
 10
1067.4854260383402
 20
-178.75
 10
1067.3935717917066
 20
-214.5
  0
LWPOLYLINE
  5
D5F
330
17
100
AcDbEntity
  8
L1005
100
AcDbPolyline
 90
2
 70
0
 10
1121.8583155724928
 20
-214.5
 10
1121.9501698191264
 20
-178.75
  0
LWPOLYLINE
  5
D60
330
17
100
AcDbEntity
  8
L1005
100
AcDbPolyline
 90
2
 70
0
 10
1067.2850167729578
 20
-250.25
 10
1121.749760553744
 20
-250.25
  0
LWPOLYLINE
  5
D61
330
17
100
AcDbEntity
  8
L1005
100
AcDbPolyline
 90
2
 70
0
 10
1067.3935717917066
 20
-214.5
 10
1067.2850167729578
 20
-250.25
  0
LWPOLYLINE
  5
D62
330
17
100
AcDbEntity
  8
L1005
100
AcDbPolyline
 90
2
 70
0
 10
1121.749760553744
 20
-250.25
 10
1121.8583155724928
 20
-214.5
  0
LWPOLYLINE
  5
D63
330
17
100
AcDbEntity
  8
L1005
100
AcDbPolyline
 90
2
 70
0
 10
1067.1597609820938
 20
-286.0
 10
1121.62450476288
 20
-286.0
  0
LWPOLYLINE
  5
D64
330
17
100
AcDbEntity
  8
L1005
100
AcDbPolyline
 90
2
 70
0
 10
1067.2850167729578
 20
-250.25
 10
1067.1597609820938
 20
-286.0
  0
LWPOLYLINE
  5
D65
330
17
100
AcDbEntity
  8
L1005
100
AcDbPolyline
 90
2
 70
0
 10
1121.62450476288
 20
-286.0
 10
1121.749760553744
 20
-250.25
  0
LWPOLYLINE
  5
D66
330
17
100
AcDbEntity
  8
L1005
100
AcDbPolyline
 90
2
 70
0
 10
1067.0178044191143
 20
-321.75
 10
1121.4825481999005
 20
-321.75
  0
LWPOLYLINE
  5
D67
330
17
100
AcDbEntity
  8
L1005
100
AcDbPolyline
 90
2
 70
0
 10
1067.1597609820938
 20
-286.0
 10
1067.0178044191143
 20
-321.75
  0
LWPOLYLINE
  5
D68
330
17
100
AcDbEntity
  8
L1005
100
AcDbPolyline
 90
2
 70
0
 10
1121.4825481999005
 20
-321.75
 10
1121.62450476288
 20
-286.0
  0
LWPOLYLINE
  5
D69
330
17
100
AcDbEntity
  8
L1005
100
AcDbPolyline
 90
2
 70
0
 10
1066.85914708402
 20
-357.5
 10
1121.3238908648061
 20
-357.5
  0
LWPOLYLINE
  5
D6A
330
17
100
AcDbEntity
  8
L1005
100
AcDbPolyline
 90
2
 70
0
 10
1067.0178044191143
 20
-321.75
 10
1066.85914708402
 20
-357.5
  0
LWPOLYLINE
  5
D6B
330
17
100
AcDbEntity
  8
L1005
100
AcDbPolyline
 90
2
 70
0
 10
1121.3238908648061
 20
-357.5
 10
1121.4825481999005
 20
-321.75
  0
LWPOLYLINE
  5
D6C
330
17
100
AcDbEntity
  8
L1005
100
AcDbPolyline
 90
2
 70
0
 10
1066.85914708402
 20
-357.5
 10
1065.6065891753794
 20
-357.5
  0
LWPOLYLINE
  5
D6D
330
17
100
AcDbEntity
  8
L1005
100
AcDbPolyline
 90
2
 70
0
 10
1120.0713329561656
 20
-357.5
 10
1121.3238908648061
 20
-357.5
  0
LWPOLYLINE
  5
D6F
330
17
100
AcDbEntity
  8
L1006
100
AcDbPolyline
 90
2
 70
0
 10
1216.268802491061
 20
-357.5
 10
1161.8040587102748
 20
-357.5
  0
LWPOLYLINE
  5
D70
330
17
100
AcDbEntity
  8
L1006
100
AcDbPolyline
 90
2
 70
0
 10
1161.9627160453692
 20
-321.75
 10
1216.4274598261554
 20
-321.75
  0
LWPOLYLINE
  5
D71
330
17
100
AcDbEntity
  8
L1006
100
AcDbPolyline
 90
2
 70
0
 10
1161.8040587102748
 20
-357.5
 10
1161.9627160453692
 20
-321.75
  0
LWPOLYLINE
  5
D72
330
17
100
AcDbEntity
  8
L1006
100
AcDbPolyline
 90
2
 70
0
 10
1216.4274598261554
 20
-321.75
 10
1216.268802491061
 20
-357.5
  0
LWPOLYLINE
  5
D73
330
17
100
AcDbEntity
  8
L1006
100
AcDbPolyline
 90
2
 70
0
 10
1162.1046726083484
 20
-286.0
 10
1216.5694163891346
 20
-286.0
  0
LWPOLYLINE
  5
D74
330
17
100
AcDbEntity
  8
L1006
100
AcDbPolyline
 90
2
 70
0
 10
1161.9627160453692
 20
-321.75
 10
1162.1046726083484
 20
-286.0
  0
LWPOLYLINE
  5
D75
330
17
100
AcDbEntity
  8
L1006
100
AcDbPolyline
 90
2
 70
0
 10
1216.5694163891346
 20
-286.0
 10
1216.4274598261554
 20
-321.75
  0
LWPOLYLINE
  5
D76
330
17
100
AcDbEntity
  8
L1006
100
AcDbPolyline
 90
2
 70
0
 10
1162.2299283992124
 20
-250.25
 10
1216.6946721799986
 20
-250.25
  0
LWPOLYLINE
  5
D77
330
17
100
AcDbEntity
  8
L1006
100
AcDbPolyline
 90
2
 70
0
 10
1162.1046726083484
 20
-286.0
 10
1162.2299283992124
 20
-250.25
  0
LWPOLYLINE
  5
D78
330
17
100
AcDbEntity
  8
L1006
100
AcDbPolyline
 90
2
 70
0
 10
1216.6946721799986
 20
-250.25
 10
1216.5694163891346
 20
-286.0
  0
LWPOLYLINE
  5
D79
330
17
100
AcDbEntity
  8
L1006
100
AcDbPolyline
 90
2
 70
0
 10
1162.3384834179615
 20
-214.5
 10
1216.8032271987477
 20
-214.5
  0
LWPOLYLINE
  5
D7A
330
17
100
AcDbEntity
  8
L1006
100
AcDbPolyline
 90
2
 70
0
 10
1162.2299283992124
 20
-250.25
 10
1162.3384834179615
 20
-214.5
  0
LWPOLYLINE
  5
D7B
330
17
100
AcDbEntity
  8
L1006
100
AcDbPolyline
 90
2
 70
0
 10
1216.8032271987477
 20
-214.5
 10
1216.6946721799986
 20
-250.25
  0
LWPOLYLINE
  5
D7C
330
17
100
AcDbEntity
  8
L1006
100
AcDbPolyline
 90
2
 70
0
 10
1162.430337664595
 20
-178.75
 10
1216.8950814453813
 20
-178.75
  0
LWPOLYLINE
  5
D7D
330
17
100
AcDbEntity
  8
L1006
100
AcDbPolyline
 90
2
 70
0
 10
1162.3384834179615
 20
-214.5
 10
1162.430337664595
 20
-178.75
  0
LWPOLYLINE
  5
D7E
330
17
100
AcDbEntity
  8
L1006
100
AcDbPolyline
 90
2
 70
0
 10
1216.8950814453813
 20
-178.75
 10
1216.8032271987477
 20
-214.5
  0
LWPOLYLINE
  5
D7F
330
17
100
AcDbEntity
  8
L1006
100
AcDbPolyline
 90
2
 70
0
 10
1162.5054911391135
 20
-143.0
 10
1216.9702349198997
 20
-143.0
  0
LWPOLYLINE
  5
D80
330
17
100
AcDbEntity
  8
L1006
100
AcDbPolyline
 90
2
 70
0
 10
1162.430337664595
 20
-178.75
 10
1162.5054911391135
 20
-143.0
  0
LWPOLYLINE
  5
D81
330
17
100
AcDbEntity
  8
L1006
100
AcDbPolyline
 90
2
 70
0
 10
1216.9702349198997
 20
-143.0
 10
1216.8950814453813
 20
-178.75
  0
LWPOLYLINE
  5
D82
330
17
100
AcDbEntity
  8
L1006
100
AcDbPolyline
 90
2
 70
0
 10
1162.5639438415167
 20
-107.25
 10
1217.0286876223029
 20
-107.25
  0
LWPOLYLINE
  5
D83
330
17
100
AcDbEntity
  8
L1006
100
AcDbPolyline
 90
2
 70
0
 10
1162.5054911391135
 20
-143.0
 10
1162.5639438415167
 20
-107.25
  0
LWPOLYLINE
  5
D84
330
17
100
AcDbEntity
  8
L1006
100
AcDbPolyline
 90
2
 70
0
 10
1217.0286876223029
 20
-107.25
 10
1216.9702349198997
 20
-143.0
  0
LWPOLYLINE
  5
D85
330
17
100
AcDbEntity
  8
L1006
100
AcDbPolyline
 90
2
 70
0
 10
1162.6056957718047
 20
-71.5
 10
1217.0704395525909
 20
-71.5
  0
LWPOLYLINE
  5
D86
330
17
100
AcDbEntity
  8
L1006
100
AcDbPolyline
 90
2
 70
0
 10
1162.5639438415167
 20
-107.25
 10
1162.6056957718047
 20
-71.5
  0
LWPOLYLINE
  5
D87
330
17
100
AcDbEntity
  8
L1006
100
AcDbPolyline
 90
2
 70
0
 10
1217.0704395525909
 20
-71.5
 10
1217.0286876223029
 20
-107.25
  0
LWPOLYLINE
  5
D88
330
17
100
AcDbEntity
  8
L1006
100
AcDbPolyline
 90
2
 70
0
 10
1162.6307469299775
 20
-35.75
 10
1217.0954907107637
 20
-35.75
  0
LWPOLYLINE
  5
D89
330
17
100
AcDbEntity
  8
L1006
100
AcDbPolyline
 90
2
 70
0
 10
1162.6056957718047
 20
-71.5
 10
1162.6307469299775
 20
-35.75
  0
LWPOLYLINE
  5
D8A
330
17
100
AcDbEntity
  8
L1006
100
AcDbPolyline
 90
2
 70
0
 10
1217.0954907107637
 20
-35.75
 10
1217.0704395525909
 20
-71.5
  0
LWPOLYLINE
  5
D8B
330
17
100
AcDbEntity
  8
L1006
100
AcDbPolyline
 90
2
 70
0
 10
1162.639097316035
 20
0.0
 10
1217.1038410968213
 20
0.0
  0
LWPOLYLINE
  5
D8C
330
17
100
AcDbEntity
  8
L1006
100
AcDbPolyline
 90
2
 70
0
 10
1162.6307469299775
 20
-35.75
 10
1162.639097316035
 20
0.0
  0
LWPOLYLINE
  5
D8D
330
17
100
AcDbEntity
  8
L1006
100
AcDbPolyline
 90
2
 70
0
 10
1217.1038410968213
 20
0.0
 10
1217.0954907107637
 20
-35.75
  0
LWPOLYLINE
  5
D8E
330
17
100
AcDbEntity
  8
L1006
100
AcDbPolyline
 90
2
 70
0
 10
1162.6307469299775
 20
35.75
 10
1217.0954907107637
 20
35.75
  0
LWPOLYLINE
  5
D8F
330
17
100
AcDbEntity
  8
L1006
100
AcDbPolyline
 90
2
 70
0
 10
1162.639097316035
 20
0.0
 10
1162.6307469299775
 20
35.75
  0
LWPOLYLINE
  5
D90
330
17
100
AcDbEntity
  8
L1006
100
AcDbPolyline
 90
2
 70
0
 10
1217.0954907107637
 20
35.75
 10
1217.1038410968213
 20
0.0
  0
LWPOLYLINE
  5
D91
330
17
100
AcDbEntity
  8
L1006
100
AcDbPolyline
 90
2
 70
0
 10
1162.6056957718047
 20
71.5
 10
1217.0704395525909
 20
71.5
  0
LWPOLYLINE
  5
D92
330
17
100
AcDbEntity
  8
L1006
100
AcDbPolyline
 90
2
 70
0
 10
1162.6307469299775
 20
35.75
 10
1162.6056957718047
 20
71.5
  0
LWPOLYLINE
  5
D93
330
17
100
AcDbEntity
  8
L1006
100
AcDbPolyline
 90
2
 70
0
 10
1217.0704395525909
 20
71.5
 10
1217.0954907107637
 20
35.75
  0
LWPOLYLINE
  5
D94
330
17
100
AcDbEntity
  8
L1006
100
AcDbPolyline
 90
2
 70
0
 10
1162.5639438415167
 20
107.25
 10
1217.0286876223029
 20
107.25
  0
LWPOLYLINE
  5
D95
330
17
100
AcDbEntity
  8
L1006
100
AcDbPolyline
 90
2
 70
0
 10
1162.6056957718047
 20
71.5
 10
1162.5639438415167
 20
107.25
  0
LWPOLYLINE
  5
D96
330
17
100
AcDbEntity
  8
L1006
100
AcDbPolyline
 90
2
 70
0
 10
1217.0286876223029
 20
107.25
 10
1217.0704395525909
 20
71.5
  0
LWPOLYLINE
  5
D97
330
17
100
AcDbEntity
  8
L1006
100
AcDbPolyline
 90
2
 70
0
 10
1162.5054911391135
 20
143.0
 10
1216.9702349198997
 20
143.0
  0
LWPOLYLINE
  5
D98
330
17
100
AcDbEntity
  8
L1006
100
AcDbPolyline
 90
2
 70
0
 10
1162.5639438415167
 20
107.25
 10
1162.5054911391135
 20
143.0
  0
LWPOLYLINE
  5
D99
330
17
100
AcDbEntity
  8
L1006
100
AcDbPolyline
 90
2
 70
0
 10
1216.9702349198997
 20
143.0
 10
1217.0286876223029
 20
107.25
  0
LWPOLYLINE
  5
D9A
330
17
100
AcDbEntity
  8
L1006
100
AcDbPolyline
 90
2
 70
0
 10
1162.430337664595
 20
178.75
 10
1216.8950814453813
 20
178.75
  0
LWPOLYLINE
  5
D9B
330
17
100
AcDbEntity
  8
L1006
100
AcDbPolyline
 90
2
 70
0
 10
1162.5054911391135
 20
143.0
 10
1162.430337664595
 20
178.75
  0
LWPOLYLINE
  5
D9C
330
17
100
AcDbEntity
  8
L1006
100
AcDbPolyline
 90
2
 70
0
 10
1216.8950814453813
 20
178.75
 10
1216.9702349198997
 20
143.0
  0
LWPOLYLINE
  5
D9D
330
17
100
AcDbEntity
  8
L1006
100
AcDbPolyline
 90
2
 70
0
 10
1162.3384834179615
 20
214.5
 10
1216.8032271987477
 20
214.5
  0
LWPOLYLINE
  5
D9E
330
17
100
AcDbEntity
  8
L1006
100
AcDbPolyline
 90
2
 70
0
 10
1162.430337664595
 20
178.75
 10
1162.3384834179615
 20
214.5
  0
LWPOLYLINE
  5
D9F
330
17
100
AcDbEntity
  8
L1006
100
AcDbPolyline
 90
2
 70
0
 10
1216.8032271987477
 20
214.5
 10
1216.8950814453813
 20
178.75
  0
LWPOLYLINE
  5
DA0
330
17
100
AcDbEntity
  8
L1006
100
AcDbPolyline
 90
2
 70
0
 10
1162.2299283992124
 20
250.25
 10
1216.6946721799986
 20
250.25
  0
LWPOLYLINE
  5
DA1
330
17
100
AcDbEntity
  8
L1006
100
AcDbPolyline
 90
2
 70
0
 10
1162.3384834179615
 20
214.5
 10
1162.2299283992124
 20
250.25
  0
LWPOLYLINE
  5
DA2
330
17
100
AcDbEntity
  8
L1006
100
AcDbPolyline
 90
2
 70
0
 10
1216.6946721799986
 20
250.25
 10
1216.8032271987477
 20
214.5
  0
LWPOLYLINE
  5
DA3
330
17
100
AcDbEntity
  8
L1006
100
AcDbPolyline
 90
2
 70
0
 10
1162.1046726083484
 20
286.0
 10
1216.5694163891346
 20
286.0
  0
LWPOLYLINE
  5
DA4
330
17
100
AcDbEntity
  8
L1006
100
AcDbPolyline
 90
2
 70
0
 10
1162.2299283992124
 20
250.25
 10
1162.1046726083484
 20
286.0
  0
LWPOLYLINE
  5
DA5
330
17
100
AcDbEntity
  8
L1006
100
AcDbPolyline
 90
2
 70
0
 10
1216.5694163891346
 20
286.0
 10
1216.6946721799986
 20
250.25
  0
LWPOLYLINE
  5
DA6
330
17
100
AcDbEntity
  8
L1006
100
AcDbPolyline
 90
2
 70
0
 10
1161.9627160453692
 20
321.75
 10
1216.4274598261554
 20
321.75
  0
LWPOLYLINE
  5
DA7
330
17
100
AcDbEntity
  8
L1006
100
AcDbPolyline
 90
2
 70
0
 10
1162.1046726083484
 20
286.0
 10
1161.9627160453692
 20
321.75
  0
LWPOLYLINE
  5
DA8
330
17
100
AcDbEntity
  8
L1006
100
AcDbPolyline
 90
2
 70
0
 10
1216.4274598261554
 20
321.75
 10
1216.5694163891346
 20
286.0
  0
LWPOLYLINE
  5
DA9
330
17
100
AcDbEntity
  8
L1006
100
AcDbPolyline
 90
2
 70
0
 10
1161.8040587102748
 20
357.5
 10
1216.268802491061
 20
357.5
  0
LWPOLYLINE
  5
DAA
330
17
100
AcDbEntity
  8
L1006
100
AcDbPolyline
 90
2
 70
0
 10
1161.9627160453692
 20
321.75
 10
1161.8040587102748
 20
357.5
  0
LWPOLYLINE
  5
DAB
330
17
100
AcDbEntity
  8
L1006
100
AcDbPolyline
 90
2
 70
0
 10
1216.268802491061
 20
357.5
 10
1216.4274598261554
 20
321.75
  0
LWPOLYLINE
  5
DAC
330
17
100
AcDbEntity
  8
L1006
100
AcDbPolyline
 90
2
 70
0
 10
1163.0566166189153
 20
357.5
 10
1217.5213603997015
 20
357.5
  0
LWPOLYLINE
  5
DAD
330
17
100
AcDbEntity
  8
L1006
100
AcDbPolyline
 90
2
 70
0
 10
1161.8040587102748
 20
357.5
 10
1163.0566166189153
 20
357.5
  0
LWPOLYLINE
  5
DAE
330
17
100
AcDbEntity
  8
L1006
100
AcDbPolyline
 90
2
 70
0
 10
1217.5213603997015
 20
357.5
 10
1216.268802491061
 20
357.5
  0
LWPOLYLINE
  5
DAF
330
17
100
AcDbEntity
  8
L1006
100
AcDbPolyline
 90
2
 70
0
 10
1163.2152739540097
 20
321.75
 10
1217.680017734796
 20
321.75
  0
LWPOLYLINE
  5
DB0
330
17
100
AcDbEntity
  8
L1006
100
AcDbPolyline
 90
2
 70
0
 10
1163.0566166189153
 20
357.5
 10
1163.2152739540097
 20
321.75
  0
LWPOLYLINE
  5
DB1
330
17
100
AcDbEntity
  8
L1006
100
AcDbPolyline
 90
2
 70
0
 10
1217.680017734796
 20
321.75
 10
1217.5213603997015
 20
357.5
  0
LWPOLYLINE
  5
DB2
330
17
100
AcDbEntity
  8
L1006
100
AcDbPolyline
 90
2
 70
0
 10
1163.3572305169891
 20
286.0
 10
1217.8219742977753
 20
286.0
  0
LWPOLYLINE
  5
DB3
330
17
100
AcDbEntity
  8
L1006
100
AcDbPolyline
 90
2
 70
0
 10
1163.2152739540097
 20
321.75
 10
1163.3572305169891
 20
286.0
  0
LWPOLYLINE
  5
DB4
330
17
100
AcDbEntity
  8
L1006
100
AcDbPolyline
 90
2
 70
0
 10
1217.8219742977753
 20
286.0
 10
1217.680017734796
 20
321.75
  0
LWPOLYLINE
  5
DB5
330
17
100
AcDbEntity
  8
L1006
100
AcDbPolyline
 90
2
 70
0
 10
1163.4824863078532
 20
250.25
 10
1217.9472300886393
 20
250.25
  0
LWPOLYLINE
  5
DB6
330
17
100
AcDbEntity
  8
L1006
100
AcDbPolyline
 90
2
 70
0
 10
1163.3572305169891
 20
286.0
 10
1163.4824863078532
 20
250.25
  0
LWPOLYLINE
  5
DB7
330
17
100
AcDbEntity
  8
L1006
100
AcDbPolyline
 90
2
 70
0
 10
1217.9472300886393
 20
250.25
 10
1217.8219742977753
 20
286.0
  0
LWPOLYLINE
  5
DB8
330
17
100
AcDbEntity
  8
L1006
100
AcDbPolyline
 90
2
 70
0
 10
1163.591041326602
 20
214.5
 10
1218.0557851073881
 20
214.5
  0
LWPOLYLINE
  5
DB9
330
17
100
AcDbEntity
  8
L1006
100
AcDbPolyline
 90
2
 70
0
 10
1163.4824863078532
 20
250.25
 10
1163.591041326602
 20
214.5
  0
LWPOLYLINE
  5
DBA
330
17
100
AcDbEntity
  8
L1006
100
AcDbPolyline
 90
2
 70
0
 10
1218.0557851073881
 20
214.5
 10
1217.9472300886393
 20
250.25
  0
LWPOLYLINE
  5
DBB
330
17
100
AcDbEntity
  8
L1006
100
AcDbPolyline
 90
2
 70
0
 10
1163.6828955732356
 20
178.75
 10
1218.1476393540217
 20
178.75
  0
LWPOLYLINE
  5
DBC
330
17
100
AcDbEntity
  8
L1006
100
AcDbPolyline
 90
2
 70
0
 10
1163.591041326602
 20
214.5
 10
1163.6828955732356
 20
178.75
  0
LWPOLYLINE
  5
DBD
330
17
100
AcDbEntity
  8
L1006
100
AcDbPolyline
 90
2
 70
0
 10
1218.1476393540217
 20
178.75
 10
1218.0557851073881
 20
214.5
  0
LWPOLYLINE
  5
DBE
330
17
100
AcDbEntity
  8
L1006
100
AcDbPolyline
 90
2
 70
0
 10
1163.758049047754
 20
143.0
 10
1218.2227928285402
 20
143.0
  0
LWPOLYLINE
  5
DBF
330
17
100
AcDbEntity
  8
L1006
100
AcDbPolyline
 90
2
 70
0
 10
1163.6828955732356
 20
178.75
 10
1163.758049047754
 20
143.0
  0
LWPOLYLINE
  5
DC0
330
17
100
AcDbEntity
  8
L1006
100
AcDbPolyline
 90
2
 70
0
 10
1218.2227928285402
 20
143.0
 10
1218.1476393540217
 20
178.75
  0
LWPOLYLINE
  5
DC1
330
17
100
AcDbEntity
  8
L1006
100
AcDbPolyline
 90
2
 70
0
 10
1163.8165017501572
 20
107.25
 10
1218.2812455309434
 20
107.25
  0
LWPOLYLINE
  5
DC2
330
17
100
AcDbEntity
  8
L1006
100
AcDbPolyline
 90
2
 70
0
 10
1163.758049047754
 20
143.0
 10
1163.8165017501572
 20
107.25
  0
LWPOLYLINE
  5
DC3
330
17
100
AcDbEntity
  8
L1006
100
AcDbPolyline
 90
2
 70
0
 10
1218.2812455309434
 20
107.25
 10
1218.2227928285402
 20
143.0
  0
LWPOLYLINE
  5
DC4
330
17
100
AcDbEntity
  8
L1006
100
AcDbPolyline
 90
2
 70
0
 10
1163.8582536804454
 20
71.5
 10
1218.3229974612316
 20
71.5
  0
LWPOLYLINE
  5
DC5
330
17
100
AcDbEntity
  8
L1006
100
AcDbPolyline
 90
2
 70
0
 10
1163.8165017501572
 20
107.25
 10
1163.8582536804454
 20
71.5
  0
LWPOLYLINE
  5
DC6
330
17
100
AcDbEntity
  8
L1006
100
AcDbPolyline
 90
2
 70
0
 10
1218.3229974612316
 20
71.5
 10
1218.2812455309434
 20
107.25
  0
LWPOLYLINE
  5
DC7
330
17
100
AcDbEntity
  8
L1006
100
AcDbPolyline
 90
2
 70
0
 10
1163.8833048386182
 20
35.75
 10
1218.3480486194044
 20
35.75
  0
LWPOLYLINE
  5
DC8
330
17
100
AcDbEntity
  8
L1006
100
AcDbPolyline
 90
2
 70
0
 10
1163.8582536804454
 20
71.5
 10
1163.8833048386182
 20
35.75
  0
LWPOLYLINE
  5
DC9
330
17
100
AcDbEntity
  8
L1006
100
AcDbPolyline
 90
2
 70
0
 10
1218.3480486194044
 20
35.75
 10
1218.3229974612316
 20
71.5
  0
LWPOLYLINE
  5
DCA
330
17
100
AcDbEntity
  8
L1006
100
AcDbPolyline
 90
2
 70
0
 10
1163.8916552246758
 20
0.0
 10
1218.356399005462
 20
0.0
  0
LWPOLYLINE
  5
DCB
330
17
100
AcDbEntity
  8
L1006
100
AcDbPolyline
 90
2
 70
0
 10
1163.8833048386182
 20
35.75
 10
1163.8916552246758
 20
0.0
  0
LWPOLYLINE
  5
DCC
330
17
100
AcDbEntity
  8
L1006
100
AcDbPolyline
 90
2
 70
0
 10
1218.356399005462
 20
0.0
 10
1218.3480486194044
 20
35.75
  0
LWPOLYLINE
  5
DCD
330
17
100
AcDbEntity
  8
L1006
100
AcDbPolyline
 90
2
 70
0
 10
1163.8833048386182
 20
-35.75
 10
1218.3480486194044
 20
-35.75
  0
LWPOLYLINE
  5
DCE
330
17
100
AcDbEntity
  8
L1006
100
AcDbPolyline
 90
2
 70
0
 10
1163.8916552246758
 20
0.0
 10
1163.8833048386182
 20
-35.75
  0
LWPOLYLINE
  5
DCF
330
17
100
AcDbEntity
  8
L1006
100
AcDbPolyline
 90
2
 70
0
 10
1218.3480486194044
 20
-35.75
 10
1218.356399005462
 20
0.0
  0
LWPOLYLINE
  5
DD0
330
17
100
AcDbEntity
  8
L1006
100
AcDbPolyline
 90
2
 70
0
 10
1163.8582536804454
 20
-71.5
 10
1218.3229974612316
 20
-71.5
  0
LWPOLYLINE
  5
DD1
330
17
100
AcDbEntity
  8
L1006
100
AcDbPolyline
 90
2
 70
0
 10
1163.8833048386182
 20
-35.75
 10
1163.8582536804454
 20
-71.5
  0
LWPOLYLINE
  5
DD2
330
17
100
AcDbEntity
  8
L1006
100
AcDbPolyline
 90
2
 70
0
 10
1218.3229974612316
 20
-71.5
 10
1218.3480486194044
 20
-35.75
  0
LWPOLYLINE
  5
DD3
330
17
100
AcDbEntity
  8
L1006
100
AcDbPolyline
 90
2
 70
0
 10
1163.8165017501572
 20
-107.25
 10
1218.2812455309434
 20
-107.25
  0
LWPOLYLINE
  5
DD4
330
17
100
AcDbEntity
  8
L1006
100
AcDbPolyline
 90
2
 70
0
 10
1163.8582536804454
 20
-71.5
 10
1163.8165017501572
 20
-107.25
  0
LWPOLYLINE
  5
DD5
330
17
100
AcDbEntity
  8
L1006
100
AcDbPolyline
 90
2
 70
0
 10
1218.2812455309434
 20
-107.25
 10
1218.3229974612316
 20
-71.5
  0
LWPOLYLINE
  5
DD6
330
17
100
AcDbEntity
  8
L1006
100
AcDbPolyline
 90
2
 70
0
 10
1163.758049047754
 20
-143.0
 10
1218.2227928285402
 20
-143.0
  0
LWPOLYLINE
  5
DD7
330
17
100
AcDbEntity
  8
L1006
100
AcDbPolyline
 90
2
 70
0
 10
1163.8165017501572
 20
-107.25
 10
1163.758049047754
 20
-143.0
  0
LWPOLYLINE
  5
DD8
330
17
100
AcDbEntity
  8
L1006
100
AcDbPolyline
 90
2
 70
0
 10
1218.2227928285402
 20
-143.0
 10
1218.2812455309434
 20
-107.25
  0
LWPOLYLINE
  5
DD9
330
17
100
AcDbEntity
  8
L1006
100
AcDbPolyline
 90
2
 70
0
 10
1163.6828955732356
 20
-178.75
 10
1218.1476393540217
 20
-178.75
  0
LWPOLYLINE
  5
DDA
330
17
100
AcDbEntity
  8
L1006
100
AcDbPolyline
 90
2
 70
0
 10
1163.758049047754
 20
-143.0
 10
1163.6828955732356
 20
-178.75
  0
LWPOLYLINE
  5
DDB
330
17
100
AcDbEntity
  8
L1006
100
AcDbPolyline
 90
2
 70
0
 10
1218.1476393540217
 20
-178.75
 10
1218.2227928285402
 20
-143.0
  0
LWPOLYLINE
  5
DDC
330
17
100
AcDbEntity
  8
L1006
100
AcDbPolyline
 90
2
 70
0
 10
1163.591041326602
 20
-214.5
 10
1218.0557851073881
 20
-214.5
  0
LWPOLYLINE
  5
DDD
330
17
100
AcDbEntity
  8
L1006
100
AcDbPolyline
 90
2
 70
0
 10
1163.6828955732356
 20
-178.75
 10
1163.591041326602
 20
-214.5
  0
LWPOLYLINE
  5
DDE
330
17
100
AcDbEntity
  8
L1006
100
AcDbPolyline
 90
2
 70
0
 10
1218.0557851073881
 20
-214.5
 10
1218.1476393540217
 20
-178.75
  0
LWPOLYLINE
  5
DDF
330
17
100
AcDbEntity
  8
L1006
100
AcDbPolyline
 90
2
 70
0
 10
1163.4824863078532
 20
-250.25
 10
1217.9472300886393
 20
-250.25
  0
LWPOLYLINE
  5
DE0
330
17
100
AcDbEntity
  8
L1006
100
AcDbPolyline
 90
2
 70
0
 10
1163.591041326602
 20
-214.5
 10
1163.4824863078532
 20
-250.25
  0
LWPOLYLINE
  5
DE1
330
17
100
AcDbEntity
  8
L1006
100
AcDbPolyline
 90
2
 70
0
 10
1217.9472300886393
 20
-250.25
 10
1218.0557851073881
 20
-214.5
  0
LWPOLYLINE
  5
DE2
330
17
100
AcDbEntity
  8
L1006
100
AcDbPolyline
 90
2
 70
0
 10
1163.3572305169891
 20
-286.0
 10
1217.8219742977753
 20
-286.0
  0
LWPOLYLINE
  5
DE3
330
17
100
AcDbEntity
  8
L1006
100
AcDbPolyline
 90
2
 70
0
 10
1163.4824863078532
 20
-250.25
 10
1163.3572305169891
 20
-286.0
  0
LWPOLYLINE
  5
DE4
330
17
100
AcDbEntity
  8
L1006
100
AcDbPolyline
 90
2
 70
0
 10
1217.8219742977753
 20
-286.0
 10
1217.9472300886393
 20
-250.25
  0
LWPOLYLINE
  5
DE5
330
17
100
AcDbEntity
  8
L1006
100
AcDbPolyline
 90
2
 70
0
 10
1163.2152739540097
 20
-321.75
 10
1217.680017734796
 20
-321.75
  0
LWPOLYLINE
  5
DE6
330
17
100
AcDbEntity
  8
L1006
100
AcDbPolyline
 90
2
 70
0
 10
1163.3572305169891
 20
-286.0
 10
1163.2152739540097
 20
-321.75
  0
LWPOLYLINE
  5
DE7
330
17
100
AcDbEntity
  8
L1006
100
AcDbPolyline
 90
2
 70
0
 10
1217.680017734796
 20
-321.75
 10
1217.8219742977753
 20
-286.0
  0
LWPOLYLINE
  5
DE8
330
17
100
AcDbEntity
  8
L1006
100
AcDbPolyline
 90
2
 70
0
 10
1163.0566166189153
 20
-357.5
 10
1217.5213603997015
 20
-357.5
  0
LWPOLYLINE
  5
DE9
330
17
100
AcDbEntity
  8
L1006
100
AcDbPolyline
 90
2
 70
0
 10
1163.2152739540097
 20
-321.75
 10
1163.0566166189153
 20
-357.5
  0
LWPOLYLINE
  5
DEA
330
17
100
AcDbEntity
  8
L1006
100
AcDbPolyline
 90
2
 70
0
 10
1217.5213603997015
 20
-357.5
 10
1217.680017734796
 20
-321.75
  0
LWPOLYLINE
  5
DEB
330
17
100
AcDbEntity
  8
L1006
100
AcDbPolyline
 90
2
 70
0
 10
1163.0566166189153
 20
-357.5
 10
1161.8040587102748
 20
-357.5
  0
LWPOLYLINE
  5
DEC
330
17
100
AcDbEntity
  8
L1006
100
AcDbPolyline
 90
2
 70
0
 10
1216.268802491061
 20
-357.5
 10
1217.5213603997015
 20
-357.5
  0
LWPOLYLINE
  5
DEE
330
17
100
AcDbEntity
  8
L1007
100
AcDbPolyline
 90
2
 70
0
 10
1312.4662720259564
 20
-357.5
 10
1258.0015282451698
 20
-357.5
  0
LWPOLYLINE
  5
DEF
330
17
100
AcDbEntity
  8
L1007
100
AcDbPolyline
 90
2
 70
0
 10
1258.1601855802644
 20
-321.75
 10
1312.6249293610508
 20
-321.75
  0
LWPOLYLINE
  5
DF0
330
17
100
AcDbEntity
  8
L1007
100
AcDbPolyline
 90
2
 70
0
 10
1258.0015282451698
 20
-357.5
 10
1258.1601855802644
 20
-321.75
  0
LWPOLYLINE
  5
DF1
330
17
100
AcDbEntity
  8
L1007
100
AcDbPolyline
 90
2
 70
0
 10
1312.6249293610508
 20
-321.75
 10
1312.4662720259564
 20
-357.5
  0
LWPOLYLINE
  5
DF2
330
17
100
AcDbEntity
  8
L1007
100
AcDbPolyline
 90
2
 70
0
 10
1258.3021421432436
 20
-286.0
 10
1312.76688592403
 20
-286.0
  0
LWPOLYLINE
  5
DF3
330
17
100
AcDbEntity
  8
L1007
100
AcDbPolyline
 90
2
 70
0
 10
1258.1601855802644
 20
-321.75
 10
1258.3021421432436
 20
-286.0
  0
LWPOLYLINE
  5
DF4
330
17
100
AcDbEntity
  8
L1007
100
AcDbPolyline
 90
2
 70
0
 10
1312.76688592403
 20
-286.0
 10
1312.6249293610508
 20
-321.75
  0
LWPOLYLINE
  5
DF5
330
17
100
AcDbEntity
  8
L1007
100
AcDbPolyline
 90
2
 70
0
 10
1258.4273979341076
 20
-250.25
 10
1312.892141714894
 20
-250.25
  0
LWPOLYLINE
  5
DF6
330
17
100
AcDbEntity
  8
L1007
100
AcDbPolyline
 90
2
 70
0
 10
1258.3021421432436
 20
-286.0
 10
1258.4273979341076
 20
-250.25
  0
LWPOLYLINE
  5
DF7
330
17
100
AcDbEntity
  8
L1007
100
AcDbPolyline
 90
2
 70
0
 10
1312.892141714894
 20
-250.25
 10
1312.76688592403
 20
-286.0
  0
LWPOLYLINE
  5
DF8
330
17
100
AcDbEntity
  8
L1007
100
AcDbPolyline
 90
2
 70
0
 10
1258.5359529528566
 20
-214.5
 10
1313.000696733643
 20
-214.5
  0
LWPOLYLINE
  5
DF9
330
17
100
AcDbEntity
  8
L1007
100
AcDbPolyline
 90
2
 70
0
 10
1258.4273979341076
 20
-250.25
 10
1258.5359529528566
 20
-214.5
  0
LWPOLYLINE
  5
DFA
330
17
100
AcDbEntity
  8
L1007
100
AcDbPolyline
 90
2
 70
0
 10
1313.000696733643
 20
-214.5
 10
1312.892141714894
 20
-250.25
  0
LWPOLYLINE
  5
DFB
330
17
100
AcDbEntity
  8
L1007
100
AcDbPolyline
 90
2
 70
0
 10
1258.6278071994902
 20
-178.75
 10
1313.0925509802767
 20
-178.75
  0
LWPOLYLINE
  5
DFC
330
17
100
AcDbEntity
  8
L1007
100
AcDbPolyline
 90
2
 70
0
 10
1258.5359529528566
 20
-214.5
 10
1258.6278071994902
 20
-178.75
  0
LWPOLYLINE
  5
DFD
330
17
100
AcDbEntity
  8
L1007
100
AcDbPolyline
 90
2
 70
0
 10
1313.0925509802767
 20
-178.75
 10
1313.000696733643
 20
-214.5
  0
LWPOLYLINE
  5
DFE
330
17
100
AcDbEntity
  8
L1007
100
AcDbPolyline
 90
2
 70
0
 10
1258.7029606740086
 20
-143.0
 10
1313.167704454795
 20
-143.0
  0
LWPOLYLINE
  5
DFF
330
17
100
AcDbEntity
  8
L1007
100
AcDbPolyline
 90
2
 70
0
 10
1258.6278071994902
 20
-178.75
 10
1258.7029606740086
 20
-143.0
  0
LWPOLYLINE
  5
E00
330
17
100
AcDbEntity
  8
L1007
100
AcDbPolyline
 90
2
 70
0
 10
1313.167704454795
 20
-143.0
 10
1313.0925509802767
 20
-178.75
  0
LWPOLYLINE
  5
E01
330
17
100
AcDbEntity
  8
L1007
100
AcDbPolyline
 90
2
 70
0
 10
1258.7614133764118
 20
-107.25
 10
1313.2261571571983
 20
-107.25
  0
LWPOLYLINE
  5
E02
330
17
100
AcDbEntity
  8
L1007
100
AcDbPolyline
 90
2
 70
0
 10
1258.7029606740086
 20
-143.0
 10
1258.7614133764118
 20
-107.25
  0
LWPOLYLINE
  5
E03
330
17
100
AcDbEntity
  8
L1007
100
AcDbPolyline
 90
2
 70
0
 10
1313.2261571571983
 20
-107.25
 10
1313.167704454795
 20
-143.0
  0
LWPOLYLINE
  5
E04
330
17
100
AcDbEntity
  8
L1007
100
AcDbPolyline
 90
2
 70
0
 10
1258.8031653066998
 20
-71.5
 10
1313.2679090874863
 20
-71.5
  0
LWPOLYLINE
  5
E05
330
17
100
AcDbEntity
  8
L1007
100
AcDbPolyline
 90
2
 70
0
 10
1258.7614133764118
 20
-107.25
 10
1258.8031653066998
 20
-71.5
  0
LWPOLYLINE
  5
E06
330
17
100
AcDbEntity
  8
L1007
100
AcDbPolyline
 90
2
 70
0
 10
1313.2679090874863
 20
-71.5
 10
1313.2261571571983
 20
-107.25
  0
LWPOLYLINE
  5
E07
330
17
100
AcDbEntity
  8
L1007
100
AcDbPolyline
 90
2
 70
0
 10
1258.8282164648726
 20
-35.75
 10
1313.292960245659
 20
-35.75
  0
LWPOLYLINE
  5
E08
330
17
100
AcDbEntity
  8
L1007
100
AcDbPolyline
 90
2
 70
0
 10
1258.8031653066998
 20
-71.5
 10
1258.8282164648726
 20
-35.75
  0
LWPOLYLINE
  5
E09
330
17
100
AcDbEntity
  8
L1007
100
AcDbPolyline
 90
2
 70
0
 10
1313.292960245659
 20
-35.75
 10
1313.2679090874863
 20
-71.5
  0
LWPOLYLINE
  5
E0A
330
17
100
AcDbEntity
  8
L1007
100
AcDbPolyline
 90
2
 70
0
 10
1258.8365668509302
 20
0.0
 10
1313.3013106317167
 20
0.0
  0
LWPOLYLINE
  5
E0B
330
17
100
AcDbEntity
  8
L1007
100
AcDbPolyline
 90
2
 70
0
 10
1258.8282164648726
 20
-35.75
 10
1258.8365668509302
 20
0.0
  0
LWPOLYLINE
  5
E0C
330
17
100
AcDbEntity
  8
L1007
100
AcDbPolyline
 90
2
 70
0
 10
1313.3013106317167
 20
0.0
 10
1313.292960245659
 20
-35.75
  0
LWPOLYLINE
  5
E0D
330
17
100
AcDbEntity
  8
L1007
100
AcDbPolyline
 90
2
 70
0
 10
1258.8282164648726
 20
35.75
 10
1313.292960245659
 20
35.75
  0
LWPOLYLINE
  5
E0E
330
17
100
AcDbEntity
  8
L1007
100
AcDbPolyline
 90
2
 70
0
 10
1258.8365668509302
 20
0.0
 10
1258.8282164648726
 20
35.75
  0
LWPOLYLINE
  5
E0F
330
17
100
AcDbEntity
  8
L1007
100
AcDbPolyline
 90
2
 70
0
 10
1313.292960245659
 20
35.75
 10
1313.3013106317167
 20
0.0
  0
LWPOLYLINE
  5
E10
330
17
100
AcDbEntity
  8
L1007
100
AcDbPolyline
 90
2
 70
0
 10
1258.8031653066998
 20
71.5
 10
1313.2679090874863
 20
71.5
  0
LWPOLYLINE
  5
E11
330
17
100
AcDbEntity
  8
L1007
100
AcDbPolyline
 90
2
 70
0
 10
1258.8282164648726
 20
35.75
 10
1258.8031653066998
 20
71.5
  0
LWPOLYLINE
  5
E12
330
17
100
AcDbEntity
  8
L1007
100
AcDbPolyline
 90
2
 70
0
 10
1313.2679090874863
 20
71.5
 10
1313.292960245659
 20
35.75
  0
LWPOLYLINE
  5
E13
330
17
100
AcDbEntity
  8
L1007
100
AcDbPolyline
 90
2
 70
0
 10
1258.7614133764118
 20
107.25
 10
1313.2261571571983
 20
107.25
  0
LWPOLYLINE
  5
E14
330
17
100
AcDbEntity
  8
L1007
100
AcDbPolyline
 90
2
 70
0
 10
1258.8031653066998
 20
71.5
 10
1258.7614133764118
 20
107.25
  0
LWPOLYLINE
  5
E15
330
17
100
AcDbEntity
  8
L1007
100
AcDbPolyline
 90
2
 70
0
 10
1313.2261571571983
 20
107.25
 10
1313.2679090874863
 20
71.5
  0
LWPOLYLINE
  5
E16
330
17
100
AcDbEntity
  8
L1007
100
AcDbPolyline
 90
2
 70
0
 10
1258.7029606740086
 20
143.0
 10
1313.167704454795
 20
143.0
  0
LWPOLYLINE
  5
E17
330
17
100
AcDbEntity
  8
L1007
100
AcDbPolyline
 90
2
 70
0
 10
1258.7614133764118
 20
107.25
 10
1258.7029606740086
 20
143.0
  0
LWPOLYLINE
  5
E18
330
17
100
AcDbEntity
  8
L1007
100
AcDbPolyline
 90
2
 70
0
 10
1313.167704454795
 20
143.0
 10
1313.2261571571983
 20
107.25
  0
LWPOLYLINE
  5
E19
330
17
100
AcDbEntity
  8
L1007
100
AcDbPolyline
 90
2
 70
0
 10
1258.6278071994902
 20
178.75
 10
1313.0925509802767
 20
178.75
  0
LWPOLYLINE
  5
E1A
330
17
100
AcDbEntity
  8
L1007
100
AcDbPolyline
 90
2
 70
0
 10
1258.7029606740086
 20
143.0
 10
1258.6278071994902
 20
178.75
  0
LWPOLYLINE
  5
E1B
330
17
100
AcDbEntity
  8
L1007
100
AcDbPolyline
 90
2
 70
0
 10
1313.0925509802767
 20
178.75
 10
1313.167704454795
 20
143.0
  0
LWPOLYLINE
  5
E1C
330
17
100
AcDbEntity
  8
L1007
100
AcDbPolyline
 90
2
 70
0
 10
1258.5359529528566
 20
214.5
 10
1313.000696733643
 20
214.5
  0
LWPOLYLINE
  5
E1D
330
17
100
AcDbEntity
  8
L1007
100
AcDbPolyline
 90
2
 70
0
 10
1258.6278071994902
 20
178.75
 10
1258.5359529528566
 20
214.5
  0
LWPOLYLINE
  5
E1E
330
17
100
AcDbEntity
  8
L1007
100
AcDbPolyline
 90
2
 70
0
 10
1313.000696733643
 20
214.5
 10
1313.0925509802767
 20
178.75
  0
LWPOLYLINE
  5
E1F
330
17
100
AcDbEntity
  8
L1007
100
AcDbPolyline
 90
2
 70
0
 10
1258.4273979341076
 20
250.25
 10
1312.892141714894
 20
250.25
  0
LWPOLYLINE
  5
E20
330
17
100
AcDbEntity
  8
L1007
100
AcDbPolyline
 90
2
 70
0
 10
1258.5359529528566
 20
214.5
 10
1258.4273979341076
 20
250.25
  0
LWPOLYLINE
  5
E21
330
17
100
AcDbEntity
  8
L1007
100
AcDbPolyline
 90
2
 70
0
 10
1312.892141714894
 20
250.25
 10
1313.000696733643
 20
214.5
  0
LWPOLYLINE
  5
E22
330
17
100
AcDbEntity
  8
L1007
100
AcDbPolyline
 90
2
 70
0
 10
1258.3021421432436
 20
286.0
 10
1312.76688592403
 20
286.0
  0
LWPOLYLINE
  5
E23
330
17
100
AcDbEntity
  8
L1007
100
AcDbPolyline
 90
2
 70
0
 10
1258.4273979341076
 20
250.25
 10
1258.3021421432436
 20
286.0
  0
LWPOLYLINE
  5
E24
330
17
100
AcDbEntity
  8
L1007
100
AcDbPolyline
 90
2
 70
0
 10
1312.76688592403
 20
286.0
 10
1312.892141714894
 20
250.25
  0
LWPOLYLINE
  5
E25
330
17
100
AcDbEntity
  8
L1007
100
AcDbPolyline
 90
2
 70
0
 10
1258.1601855802644
 20
321.75
 10
1312.6249293610508
 20
321.75
  0
LWPOLYLINE
  5
E26
330
17
100
AcDbEntity
  8
L1007
100
AcDbPolyline
 90
2
 70
0
 10
1258.3021421432436
 20
286.0
 10
1258.1601855802644
 20
321.75
  0
LWPOLYLINE
  5
E27
330
17
100
AcDbEntity
  8
L1007
100
AcDbPolyline
 90
2
 70
0
 10
1312.6249293610508
 20
321.75
 10
1312.76688592403
 20
286.0
  0
LWPOLYLINE
  5
E28
330
17
100
AcDbEntity
  8
L1007
100
AcDbPolyline
 90
2
 70
0
 10
1258.0015282451698
 20
357.5
 10
1312.4662720259564
 20
357.5
  0
LWPOLYLINE
  5
E29
330
17
100
AcDbEntity
  8
L1007
100
AcDbPolyline
 90
2
 70
0
 10
1258.1601855802644
 20
321.75
 10
1258.0015282451698
 20
357.5
  0
LWPOLYLINE
  5
E2A
330
17
100
AcDbEntity
  8
L1007
100
AcDbPolyline
 90
2
 70
0
 10
1312.4662720259564
 20
357.5
 10
1312.6249293610508
 20
321.75
  0
LWPOLYLINE
  5
E2B
330
17
100
AcDbEntity
  8
L1007
100
AcDbPolyline
 90
2
 70
0
 10
1259.2540861538105
 20
357.5
 10
1313.718829934597
 20
357.5
  0
LWPOLYLINE
  5
E2C
330
17
100
AcDbEntity
  8
L1007
100
AcDbPolyline
 90
2
 70
0
 10
1258.0015282451698
 20
357.5
 10
1259.2540861538105
 20
357.5
  0
LWPOLYLINE
  5
E2D
330
17
100
AcDbEntity
  8
L1007
100
AcDbPolyline
 90
2
 70
0
 10
1313.718829934597
 20
357.5
 10
1312.4662720259564
 20
357.5
  0
LWPOLYLINE
  5
E2E
330
17
100
AcDbEntity
  8
L1007
100
AcDbPolyline
 90
2
 70
0
 10
1259.4127434889049
 20
321.75
 10
1313.8774872696913
 20
321.75
  0
LWPOLYLINE
  5
E2F
330
17
100
AcDbEntity
  8
L1007
100
AcDbPolyline
 90
2
 70
0
 10
1259.2540861538105
 20
357.5
 10
1259.4127434889049
 20
321.75
  0
LWPOLYLINE
  5
E30
330
17
100
AcDbEntity
  8
L1007
100
AcDbPolyline
 90
2
 70
0
 10
1313.8774872696913
 20
321.75
 10
1313.718829934597
 20
357.5
  0
LWPOLYLINE
  5
E31
330
17
100
AcDbEntity
  8
L1007
100
AcDbPolyline
 90
2
 70
0
 10
1259.5547000518843
 20
286.0
 10
1314.0194438326707
 20
286.0
  0
LWPOLYLINE
  5
E32
330
17
100
AcDbEntity
  8
L1007
100
AcDbPolyline
 90
2
 70
0
 10
1259.4127434889049
 20
321.75
 10
1259.5547000518843
 20
286.0
  0
LWPOLYLINE
  5
E33
330
17
100
AcDbEntity
  8
L1007
100
AcDbPolyline
 90
2
 70
0
 10
1314.0194438326707
 20
286.0
 10
1313.8774872696913
 20
321.75
  0
LWPOLYLINE
  5
E34
330
17
100
AcDbEntity
  8
L1007
100
AcDbPolyline
 90
2
 70
0
 10
1259.6799558427483
 20
250.25
 10
1314.1446996235347
 20
250.25
  0
LWPOLYLINE
  5
E35
330
17
100
AcDbEntity
  8
L1007
100
AcDbPolyline
 90
2
 70
0
 10
1259.5547000518843
 20
286.0
 10
1259.6799558427483
 20
250.25
  0
LWPOLYLINE
  5
E36
330
17
100
AcDbEntity
  8
L1007
100
AcDbPolyline
 90
2
 70
0
 10
1314.1446996235347
 20
250.25
 10
1314.0194438326707
 20
286.0
  0
LWPOLYLINE
  5
E37
330
17
100
AcDbEntity
  8
L1007
100
AcDbPolyline
 90
2
 70
0
 10
1259.7885108614971
 20
214.5
 10
1314.2532546422835
 20
214.5
  0
LWPOLYLINE
  5
E38
330
17
100
AcDbEntity
  8
L1007
100
AcDbPolyline
 90
2
 70
0
 10
1259.6799558427483
 20
250.25
 10
1259.7885108614971
 20
214.5
  0
LWPOLYLINE
  5
E39
330
17
100
AcDbEntity
  8
L1007
100
AcDbPolyline
 90
2
 70
0
 10
1314.2532546422835
 20
214.5
 10
1314.1446996235347
 20
250.25
  0
LWPOLYLINE
  5
E3A
330
17
100
AcDbEntity
  8
L1007
100
AcDbPolyline
 90
2
 70
0
 10
1259.8803651081307
 20
178.75
 10
1314.3451088889171
 20
178.75
  0
LWPOLYLINE
  5
E3B
330
17
100
AcDbEntity
  8
L1007
100
AcDbPolyline
 90
2
 70
0
 10
1259.7885108614971
 20
214.5
 10
1259.8803651081307
 20
178.75
  0
LWPOLYLINE
  5
E3C
330
17
100
AcDbEntity
  8
L1007
100
AcDbPolyline
 90
2
 70
0
 10
1314.3451088889171
 20
178.75
 10
1314.2532546422835
 20
214.5
  0
LWPOLYLINE
  5
E3D
330
17
100
AcDbEntity
  8
L1007
100
AcDbPolyline
 90
2
 70
0
 10
1259.9555185826491
 20
143.0
 10
1314.4202623634355
 20
143.0
  0
LWPOLYLINE
  5
E3E
330
17
100
AcDbEntity
  8
L1007
100
AcDbPolyline
 90
2
 70
0
 10
1259.8803651081307
 20
178.75
 10
1259.9555185826491
 20
143.0
  0
LWPOLYLINE
  5
E3F
330
17
100
AcDbEntity
  8
L1007
100
AcDbPolyline
 90
2
 70
0
 10
1314.4202623634355
 20
143.0
 10
1314.3451088889171
 20
178.75
  0
LWPOLYLINE
  5
E40
330
17
100
AcDbEntity
  8
L1007
100
AcDbPolyline
 90
2
 70
0
 10
1260.0139712850523
 20
107.25
 10
1314.4787150658387
 20
107.25
  0
LWPOLYLINE
  5
E41
330
17
100
AcDbEntity
  8
L1007
100
AcDbPolyline
 90
2
 70
0
 10
1259.9555185826491
 20
143.0
 10
1260.0139712850523
 20
107.25
  0
LWPOLYLINE
  5
E42
330
17
100
AcDbEntity
  8
L1007
100
AcDbPolyline
 90
2
 70
0
 10
1314.4787150658387
 20
107.25
 10
1314.4202623634355
 20
143.0
  0
LWPOLYLINE
  5
E43
330
17
100
AcDbEntity
  8
L1007
100
AcDbPolyline
 90
2
 70
0
 10
1260.0557232153405
 20
71.5
 10
1314.520466996127
 20
71.5
  0
LWPOLYLINE
  5
E44
330
17
100
AcDbEntity
  8
L1007
100
AcDbPolyline
 90
2
 70
0
 10
1260.0139712850523
 20
107.25
 10
1260.0557232153405
 20
71.5
  0
LWPOLYLINE
  5
E45
330
17
100
AcDbEntity
  8
L1007
100
AcDbPolyline
 90
2
 70
0
 10
1314.520466996127
 20
71.5
 10
1314.4787150658387
 20
107.25
  0
LWPOLYLINE
  5
E46
330
17
100
AcDbEntity
  8
L1007
100
AcDbPolyline
 90
2
 70
0
 10
1260.0807743735133
 20
35.75
 10
1314.5455181542998
 20
35.75
  0
LWPOLYLINE
  5
E47
330
17
100
AcDbEntity
  8
L1007
100
AcDbPolyline
 90
2
 70
0
 10
1260.0557232153405
 20
71.5
 10
1260.0807743735133
 20
35.75
  0
LWPOLYLINE
  5
E48
330
17
100
AcDbEntity
  8
L1007
100
AcDbPolyline
 90
2
 70
0
 10
1314.5455181542998
 20
35.75
 10
1314.520466996127
 20
71.5
  0
LWPOLYLINE
  5
E49
330
17
100
AcDbEntity
  8
L1007
100
AcDbPolyline
 90
2
 70
0
 10
1260.089124759571
 20
0.0
 10
1314.5538685403574
 20
0.0
  0
LWPOLYLINE
  5
E4A
330
17
100
AcDbEntity
  8
L1007
100
AcDbPolyline
 90
2
 70
0
 10
1260.0807743735133
 20
35.75
 10
1260.089124759571
 20
0.0
  0
LWPOLYLINE
  5
E4B
330
17
100
AcDbEntity
  8
L1007
100
AcDbPolyline
 90
2
 70
0
 10
1314.5538685403574
 20
0.0
 10
1314.5455181542998
 20
35.75
  0
LWPOLYLINE
  5
E4C
330
17
100
AcDbEntity
  8
L1007
100
AcDbPolyline
 90
2
 70
0
 10
1260.0807743735133
 20
-35.75
 10
1314.5455181542998
 20
-35.75
  0
LWPOLYLINE
  5
E4D
330
17
100
AcDbEntity
  8
L1007
100
AcDbPolyline
 90
2
 70
0
 10
1260.089124759571
 20
0.0
 10
1260.0807743735133
 20
-35.75
  0
LWPOLYLINE
  5
E4E
330
17
100
AcDbEntity
  8
L1007
100
AcDbPolyline
 90
2
 70
0
 10
1314.5455181542998
 20
-35.75
 10
1314.5538685403574
 20
0.0
  0
LWPOLYLINE
  5
E4F
330
17
100
AcDbEntity
  8
L1007
100
AcDbPolyline
 90
2
 70
0
 10
1260.0557232153405
 20
-71.5
 10
1314.520466996127
 20
-71.5
  0
LWPOLYLINE
  5
E50
330
17
100
AcDbEntity
  8
L1007
100
AcDbPolyline
 90
2
 70
0
 10
1260.0807743735133
 20
-35.75
 10
1260.0557232153405
 20
-71.5
  0
LWPOLYLINE
  5
E51
330
17
100
AcDbEntity
  8
L1007
100
AcDbPolyline
 90
2
 70
0
 10
1314.520466996127
 20
-71.5
 10
1314.5455181542998
 20
-35.75
  0
LWPOLYLINE
  5
E52
330
17
100
AcDbEntity
  8
L1007
100
AcDbPolyline
 90
2
 70
0
 10
1260.0139712850523
 20
-107.25
 10
1314.4787150658387
 20
-107.25
  0
LWPOLYLINE
  5
E53
330
17
100
AcDbEntity
  8
L1007
100
AcDbPolyline
 90
2
 70
0
 10
1260.0557232153405
 20
-71.5
 10
1260.0139712850523
 20
-107.25
  0
LWPOLYLINE
  5
E54
330
17
100
AcDbEntity
  8
L1007
100
AcDbPolyline
 90
2
 70
0
 10
1314.4787150658387
 20
-107.25
 10
1314.520466996127
 20
-71.5
  0
LWPOLYLINE
  5
E55
330
17
100
AcDbEntity
  8
L1007
100
AcDbPolyline
 90
2
 70
0
 10
1259.9555185826491
 20
-143.0
 10
1314.4202623634355
 20
-143.0
  0
LWPOLYLINE
  5
E56
330
17
100
AcDbEntity
  8
L1007
100
AcDbPolyline
 90
2
 70
0
 10
1260.0139712850523
 20
-107.25
 10
1259.9555185826491
 20
-143.0
  0
LWPOLYLINE
  5
E57
330
17
100
AcDbEntity
  8
L1007
100
AcDbPolyline
 90
2
 70
0
 10
1314.4202623634355
 20
-143.0
 10
1314.4787150658387
 20
-107.25
  0
LWPOLYLINE
  5
E58
330
17
100
AcDbEntity
  8
L1007
100
AcDbPolyline
 90
2
 70
0
 10
1259.8803651081307
 20
-178.75
 10
1314.3451088889171
 20
-178.75
  0
LWPOLYLINE
  5
E59
330
17
100
AcDbEntity
  8
L1007
100
AcDbPolyline
 90
2
 70
0
 10
1259.9555185826491
 20
-143.0
 10
1259.8803651081307
 20
-178.75
  0
LWPOLYLINE
  5
E5A
330
17
100
AcDbEntity
  8
L1007
100
AcDbPolyline
 90
2
 70
0
 10
1314.3451088889171
 20
-178.75
 10
1314.4202623634355
 20
-143.0
  0
LWPOLYLINE
  5
E5B
330
17
100
AcDbEntity
  8
L1007
100
AcDbPolyline
 90
2
 70
0
 10
1259.7885108614971
 20
-214.5
 10
1314.2532546422835
 20
-214.5
  0
LWPOLYLINE
  5
E5C
330
17
100
AcDbEntity
  8
L1007
100
AcDbPolyline
 90
2
 70
0
 10
1259.8803651081307
 20
-178.75
 10
1259.7885108614971
 20
-214.5
  0
LWPOLYLINE
  5
E5D
330
17
100
AcDbEntity
  8
L1007
100
AcDbPolyline
 90
2
 70
0
 10
1314.2532546422835
 20
-214.5
 10
1314.3451088889171
 20
-178.75
  0
LWPOLYLINE
  5
E5E
330
17
100
AcDbEntity
  8
L1007
100
AcDbPolyline
 90
2
 70
0
 10
1259.6799558427483
 20
-250.25
 10
1314.1446996235347
 20
-250.25
  0
LWPOLYLINE
  5
E5F
330
17
100
AcDbEntity
  8
L1007
100
AcDbPolyline
 90
2
 70
0
 10
1259.7885108614971
 20
-214.5
 10
1259.6799558427483
 20
-250.25
  0
LWPOLYLINE
  5
E60
330
17
100
AcDbEntity
  8
L1007
100
AcDbPolyline
 90
2
 70
0
 10
1314.1446996235347
 20
-250.25
 10
1314.2532546422835
 20
-214.5
  0
LWPOLYLINE
  5
E61
330
17
100
AcDbEntity
  8
L1007
100
AcDbPolyline
 90
2
 70
0
 10
1259.5547000518843
 20
-286.0
 10
1314.0194438326707
 20
-286.0
  0
LWPOLYLINE
  5
E62
330
17
100
AcDbEntity
  8
L1007
100
AcDbPolyline
 90
2
 70
0
 10
1259.6799558427483
 20
-250.25
 10
1259.5547000518843
 20
-286.0
  0
LWPOLYLINE
  5
E63
330
17
100
AcDbEntity
  8
L1007
100
AcDbPolyline
 90
2
 70
0
 10
1314.0194438326707
 20
-286.0
 10
1314.1446996235347
 20
-250.25
  0
LWPOLYLINE
  5
E64
330
17
100
AcDbEntity
  8
L1007
100
AcDbPolyline
 90
2
 70
0
 10
1259.4127434889049
 20
-321.75
 10
1313.8774872696913
 20
-321.75
  0
LWPOLYLINE
  5
E65
330
17
100
AcDbEntity
  8
L1007
100
AcDbPolyline
 90
2
 70
0
 10
1259.5547000518843
 20
-286.0
 10
1259.4127434889049
 20
-321.75
  0
LWPOLYLINE
  5
E66
330
17
100
AcDbEntity
  8
L1007
100
AcDbPolyline
 90
2
 70
0
 10
1313.8774872696913
 20
-321.75
 10
1314.0194438326707
 20
-286.0
  0
LWPOLYLINE
  5
E67
330
17
100
AcDbEntity
  8
L1007
100
AcDbPolyline
 90
2
 70
0
 10
1259.2540861538105
 20
-357.5
 10
1313.718829934597
 20
-357.5
  0
LWPOLYLINE
  5
E68
330
17
100
AcDbEntity
  8
L1007
100
AcDbPolyline
 90
2
 70
0
 10
1259.4127434889049
 20
-321.75
 10
1259.2540861538105
 20
-357.5
  0
LWPOLYLINE
  5
E69
330
17
100
AcDbEntity
  8
L1007
100
AcDbPolyline
 90
2
 70
0
 10
1313.718829934597
 20
-357.5
 10
1313.8774872696913
 20
-321.75
  0
LWPOLYLINE
  5
E6A
330
17
100
AcDbEntity
  8
L1007
100
AcDbPolyline
 90
2
 70
0
 10
1259.2540861538105
 20
-357.5
 10
1258.0015282451698
 20
-357.5
  0
LWPOLYLINE
  5
E6B
330
17
100
AcDbEntity
  8
L1007
100
AcDbPolyline
 90
2
 70
0
 10
1312.4662720259564
 20
-357.5
 10
1313.718829934597
 20
-357.5
  0
LWPOLYLINE
  5
E6D
330
17
100
AcDbEntity
  8
L200
100
AcDbPolyline
 90
2
 70
0
 10
573.8199907834222
 20
-300.0
 10
573.8199907834222
 20
300.0
  0
LWPOLYLINE
  5
E6E
330
17
100
AcDbEntity
  8
L200
100
AcDbPolyline
 90
2
 70
0
 10
564.0778737162177
 20
-300.0
 10
573.8199907834222
 20
-300.0
  0
LWPOLYLINE
  5
E6F
330
17
100
AcDbEntity
  8
L200
100
AcDbPolyline
 90
2
 70
0
 10
573.8199907834222
 20
300.0
 10
564.0778737162177
 20
300.0
  0
LWPOLYLINE
  5
E70
330
17
100
AcDbEntity
  8
L200
100
AcDbPolyline
 90
2
 70
0
 10
564.0778737162177
 20
300.0
 10
564.0778737162177
 20
-300.0
  0
LWPOLYLINE
  5
E71
330
17
100
AcDbEntity
  8
L200
100
AcDbPolyline
 90
16
 70
0
 10
573.8199907834222
 20
-300.0
 10
573.9556105857728
 20
-302.6132115816913
 10
574.3609841138898
 20
-305.197792270444
 10
575.0316700105693
 20
-307.7254248593737
 10
575.9603201007772
 20
-310.16841607689497
 10
577.1367598997925
 20
-312.49999999999994
 10
578.5481000869917
 20
-314.6946313073118
 10
580.1788777239417
 20
-316.7282651589714
 10
582.0112256695899
 20
-318.57862063693483
 10
584.0250683364003
 20
-320.2254248593736
 10
586.1983416426917
 20
-321.65063509461095
 10
588.5072347513338
 20
-322.838636441065
 10
590.9264509462613
 20
-323.7764129073788
 10
593.429484788589
 20
-324.4536900183451
 10
595.9889125157467
 20
-324.8630473842068
 10
598.5766925019615
 20
-325.0
  0
LWPOLYLINE
  5
E72
330
17
100
AcDbEntity
  8
L200
100
AcDbPolyline
 90
16
 70
0
 10
573.8199907834222
 20
300.0
 10
573.9556105857728
 20
302.61321158169136
 10
574.3609841138898
 20
305.197792270444
 10
575.0316700105693
 20
307.7254248593737
 10
575.9603201007772
 20
310.16841607689497
 10
577.1367598997927
 20
312.5
 10
578.5481000869918
 20
314.69463130731185
 10
580.1788777239417
 20
316.72826515897145
 10
582.01122566959
 20
318.57862063693483
 10
584.0250683364004
 20
320.2254248593737
 10
586.1983416426918
 20
321.65063509461095
 10
588.507234751334
 20
322.83863644106503
 10
590.9264509462614
 20
323.77641290737887
 10
593.4294847885891
 20
324.4536900183451
 10
595.988912515747
 20
324.8630473842068
 10
598.5766925019615
 20
325.0
  0
LWPOLYLINE
  5
E73
330
17
100
AcDbEntity
  8
L200
100
AcDbPolyline
 90
2
 70
0
 10
598.5766925019615
 20
-325.0
 10
1321.4723826833078
 20
-325.0
  0
LWPOLYLINE
  5
E74
330
17
100
AcDbEntity
  8
L200
100
AcDbPolyline
 90
2
 70
0
 10
1321.4723826833078
 20
325.0
 10
598.5766925019615
 20
325.0
  0
LWPOLYLINE
  5
E75
330
17
100
AcDbEntity
  8
L200
100
AcDbPolyline
 90
16
 70
0
 10
1346.229084401847
 20
-300.0
 10
1346.0934645994964
 20
-302.6132115816913
 10
1345.6880910713794
 20
-305.197792270444
 10
1345.0174051747001
 20
-307.7254248593737
 10
1344.0887550844923
 20
-310.16841607689497
 10
1342.9123152854768
 20
-312.49999999999994
 10
1341.5009750982776
 20
-314.6946313073118
 10
1339.8701974613277
 20
-316.7282651589714
 10
1338.0378495156795
 20
-318.57862063693483
 10
1336.024006848869
 20
-320.2254248593736
 10
1333.8507335425775
 20
-321.65063509461095
 10
1331.5418404339355
 20
-322.838636441065
 10
1329.122624239008
 20
-323.7764129073788
 10
1326.6195903966805
 20
-324.4536900183451
 10
1324.0601626695225
 20
-324.8630473842068
 10
1321.4723826833078
 20
-325.0
  0
LWPOLYLINE
  5
E76
330
17
100
AcDbEntity
  8
L200
100
AcDbPolyline
 90
16
 70
0
 10
1346.229084401847
 20
300.0
 10
1346.0934645994964
 20
302.61321158169136
 10
1345.6880910713794
 20
305.197792270444
 10
1345.0174051747001
 20
307.7254248593737
 10
1344.088755084492
 20
310.16841607689497
 10
1342.9123152854768
 20
312.5
 10
1341.5009750982776
 20
314.69463130731185
 10
1339.8701974613275
 20
316.72826515897145
 10
1338.0378495156795
 20
318.57862063693483
 10
1336.024006848869
 20
320.2254248593737
 10
1333.8507335425775
 20
321.65063509461095
 10
1331.5418404339355
 20
322.83863644106503
 10
1329.122624239008
 20
323.77641290737887
 10
1326.6195903966802
 20
324.4536900183451
 10
1324.0601626695225
 20
324.8630473842068
 10
1321.4723826833078
 20
325.0
  0
LWPOLYLINE
  5
E77
330
17
100
AcDbEntity
  8
L200
100
AcDbPolyline
 90
2
 70
0
 10
1346.229084401847
 20
-300.0
 10
1346.229084401847
 20
300.0
  0
LWPOLYLINE
  5
E78
330
17
100
AcDbEntity
  8
L200
100
AcDbPolyline
 90
16
 70
0
 10
564.0778737162177
 20
-300.0
 10
564.2134935185683
 20
-302.6132115816913
 10
564.6188670466853
 20
-305.197792270444
 10
565.2895529433648
 20
-307.7254248593737
 10
566.2182030335726
 20
-310.16841607689497
 10
567.394642832588
 20
-312.49999999999994
 10
568.8059830197872
 20
-314.6946313073118
 10
570.4367606567372
 20
-316.7282651589714
 10
572.2691086023854
 20
-318.57862063693483
 10
574.2829512691958
 20
-320.2254248593736
 10
576.4562245754872
 20
-321.65063509461095
 10
578.7651176841293
 20
-322.838636441065
 10
581.1843338790568
 20
-323.7764129073788
 10
583.6873677213845
 20
-324.4536900183451
 10
586.2467954485422
 20
-324.8630473842068
 10
588.834575434757
 20
-325.0
  0
LWPOLYLINE
  5
E79
330
17
100
AcDbEntity
  8
L200
100
AcDbPolyline
 90
2
 70
0
 10
588.834575434757
 20
-325.0
 10
598.5766925019615
 20
-325.0
  0
LWPOLYLINE
  5
E7A
330
17
100
AcDbEntity
  8
L200
100
AcDbPolyline
 90
16
 70
0
 10
564.0778737162177
 20
300.0
 10
564.2134935185683
 20
302.61321158169136
 10
564.6188670466853
 20
305.197792270444
 10
565.2895529433648
 20
307.7254248593737
 10
566.2182030335726
 20
310.16841607689497
 10
567.3946428325881
 20
312.5
 10
568.8059830197873
 20
314.69463130731185
 10
570.4367606567372
 20
316.72826515897145
 10
572.2691086023854
 20
318.57862063693483
 10
574.2829512691959
 20
320.2254248593737
 10
576.4562245754873
 20
321.65063509461095
 10
578.7651176841295
 20
322.83863644106503
 10
581.1843338790569
 20
323.77641290737887
 10
583.6873677213846
 20
324.4536900183451
 10
586.2467954485425
 20
324.8630473842068
 10
588.834575434757
 20
325.0
  0
LWPOLYLINE
  5
E7B
330
17
100
AcDbEntity
  8
L200
100
AcDbPolyline
 90
2
 70
0
 10
598.5766925019615
 20
325.0
 10
588.834575434757
 20
325.0
  0
LWPOLYLINE
  5
E7C
330
17
100
AcDbEntity
  8
L200
100
AcDbPolyline
 90
2
 70
0
 10
1311.7302656161032
 20
-325.0
 10
588.834575434757
 20
-325.0
  0
LWPOLYLINE
  5
E7D
330
17
100
AcDbEntity
  8
L200
100
AcDbPolyline
 90
2
 70
0
 10
588.834575434757
 20
325.0
 10
1311.7302656161032
 20
325.0
  0
LWPOLYLINE
  5
E7E
330
17
100
AcDbEntity
  8
L200
100
AcDbPolyline
 90
16
 70
0
 10
1336.4869673346425
 20
-300.0
 10
1336.3513475322918
 20
-302.6132115816913
 10
1335.9459740041748
 20
-305.197792270444
 10
1335.2752881074955
 20
-307.7254248593737
 10
1334.3466380172877
 20
-310.16841607689497
 10
1333.1701982182722
 20
-312.49999999999994
 10
1331.758858031073
 20
-314.6946313073118
 10
1330.1280803941231
 20
-316.7282651589714
 10
1328.2957324484748
 20
-318.57862063693483
 10
1326.2818897816644
 20
-320.2254248593736
 10
1324.1086164753729
 20
-321.65063509461095
 10
1321.7997233667309
 20
-322.838636441065
 10
1319.3805071718034
 20
-323.7764129073788
 10
1316.8774733294758
 20
-324.4536900183451
 10
1314.3180456023179
 20
-324.8630473842068
 10
1311.7302656161032
 20
-325.0
  0
LWPOLYLINE
  5
E7F
330
17
100
AcDbEntity
  8
L200
100
AcDbPolyline
 90
16
 70
0
 10
1336.4869673346425
 20
300.0
 10
1336.3513475322918
 20
302.61321158169136
 10
1335.9459740041748
 20
305.197792270444
 10
1335.2752881074955
 20
307.7254248593737
 10
1334.3466380172874
 20
310.16841607689497
 10
1333.1701982182722
 20
312.5
 10
1331.758858031073
 20
314.69463130731185
 10
1330.128080394123
 20
316.72826515897145
 10
1328.2957324484748
 20
318.57862063693483
 10
1326.2818897816644
 20
320.2254248593737
 10
1324.1086164753729
 20
321.65063509461095
 10
1321.7997233667309
 20
322.83863644106503
 10
1319.3805071718034
 20
323.77641290737887
 10
1316.8774733294756
 20
324.4536900183451
 10
1314.3180456023179
 20
324.8630473842068
 10
1311.7302656161032
 20
325.0
  0
LWPOLYLINE
  5
E80
330
17
100
AcDbEntity
  8
L200
100
AcDbPolyline
 90
2
 70
0
 10
1336.4869673346425
 20
300.0
 10
1336.4869673346425
 20
-300.0
  0
LWPOLYLINE
  5
E81
330
17
100
AcDbEntity
  8
L200
100
AcDbPolyline
 90
2
 70
0
 10
1311.7302656161032
 20
-325.0
 10
1321.4723826833078
 20
-325.0
  0
LWPOLYLINE
  5
E82
330
17
100
AcDbEntity
  8
L200
100
AcDbPolyline
 90
2
 70
0
 10
1321.4723826833078
 20
325.0
 10
1311.7302656161032
 20
325.0
  0
LWPOLYLINE
  5
E83
330
17
100
AcDbEntity
  8
L200
100
AcDbPolyline
 90
2
 70
0
 10
1336.4869673346425
 20
-300.0
 10
1346.229084401847
 20
-300.0
  0
LWPOLYLINE
  5
E84
330
17
100
AcDbEntity
  8
L200
100
AcDbPolyline
 90
2
 70
0
 10
1346.229084401847
 20
300.0
 10
1336.4869673346425
 20
300.0
  0
LWPOLYLINE
  5
E86
330
17
100
AcDbEntity
  8
H000
100
AcDbPolyline
 90
2
 70
0
 10
43.0
 20
-346.0
 10
43.0
 20
-340.0
  0
LWPOLYLINE
  5
E87
330
17
100
AcDbEntity
  8
H000
100
AcDbPolyline
 90
16
 70
0
 10
43.0
 20
-340.0
 10
39.72681989798533
 20
-340.0
 10
30.405591591021544
 20
-340.0
 10
16.455387591698862
 20
-340.0
 10
2.6329906181668092e-15
 20
-340.0
 10
-16.45538759169886
 20
-340.0
 10
-30.40559159102154
 20
-340.0
 10
-39.72681989798533
 20
-340.0
 10
-43.0
 20
-340.0
 10
-39.72681989798534
 20
-340.0
 10
-30.40559159102155
 20
-340.0
 10
-16.455387591698884
 20
-340.0
 10
-7.898971854500428e-15
 20
-340.0
 10
16.45538759169887
 20
-340.0
 10
30.405591591021565
 20
-340.0
 10
39.72681989798535
 20
-340.0
  0
LWPOLYLINE
  5
E88
330
17
100
AcDbEntity
  8
H000
100
AcDbPolyline
 90
16
 70
0
 10
43.0
 20
-346.0
 10
39.72681989798533
 20
-346.0
 10
30.405591591021544
 20
-346.0
 10
16.455387591698862
 20
-346.0
 10
2.6329906181668092e-15
 20
-346.0
 10
-16.45538759169886
 20
-346.0
 10
-30.40559159102154
 20
-346.0
 10
-39.72681989798533
 20
-346.0
 10
-43.0
 20
-346.0
 10
-39.72681989798534
 20
-346.0
 10
-30.40559159102155
 20
-346.0
 10
-16.455387591698884
 20
-346.0
 10
-7.898971854500428e-15
 20
-346.0
 10
16.45538759169887
 20
-346.0
 10
30.405591591021565
 20
-346.0
 10
39.72681989798535
 20
-346.0
  0
LWPOLYLINE
  5
E89
330
17
100
AcDbEntity
  8
H000
100
AcDbPolyline
 90
2
 70
0
 10
6.200000000000205
 20
-340.0
 10
6.200000000000205
 20
-346.0
  0
LWPOLYLINE
  5
E8A
330
17
100
AcDbEntity
  8
H000
100
AcDbPolyline
 90
16
 70
0
 10
6.200000000000205
 20
-340.0
 10
5.728053101570183
 20
-340.0
 10
4.3840620433568
 20
-340.0
 10
2.3726372806637626
 20
-340.0
 10
2.0594130638809956e-13
 20
-340.0
 10
-2.372637280663351
 20
-340.0
 10
-4.384062043356389
 20
-340.0
 10
-5.728053101569773
 20
-340.0
 10
-6.199999999999795
 20
-340.0
 10
-5.728053101569773
 20
-340.0
 10
-4.384062043356391
 20
-340.0
 10
-2.3726372806633544
 20
-340.0
 10
2.0442274435715685e-13
 20
-340.0
 10
2.372637280663764
 20
-340.0
 10
4.384062043356803
 20
-340.0
 10
5.728053101570186
 20
-340.0
  0
LWPOLYLINE
  5
E8B
330
17
100
AcDbEntity
  8
H000
100
AcDbPolyline
 90
16
 70
0
 10
6.200000000000205
 20
-346.0
 10
5.728053101570183
 20
-346.0
 10
4.3840620433568
 20
-346.0
 10
2.3726372806637626
 20
-346.0
 10
2.0594130638809956e-13
 20
-346.0
 10
-2.372637280663351
 20
-346.0
 10
-4.384062043356389
 20
-346.0
 10
-5.728053101569773
 20
-346.0
 10
-6.199999999999795
 20
-346.0
 10
-5.728053101569773
 20
-346.0
 10
-4.384062043356391
 20
-346.0
 10
-2.3726372806633544
 20
-346.0
 10
2.0442274435715685e-13
 20
-346.0
 10
2.372637280663764
 20
-346.0
 10
4.384062043356803
 20
-346.0
 10
5.728053101570186
 20
-346.0
  0
LWPOLYLINE
  5
E8D
330
17
100
AcDbEntity
  8
H100
100
AcDbPolyline
 90
2
 70
0
 10
6.0
 20
-354.0
 10
6.0
 20
-332.0
  0
LWPOLYLINE
  5
E8E
330
17
100
AcDbEntity
  8
H100
100
AcDbPolyline
 90
16
 70
0
 10
6.0
 20
-332.0
 10
5.54327719506772
 20
-332.0
 10
4.242640687119286
 20
-332.0
 10
2.296100594190539
 20
-332.0
 10
3.6739403974420594e-16
 20
-332.0
 10
-2.2961005941905386
 20
-332.0
 10
-4.242640687119285
 20
-332.0
 10
-5.54327719506772
 20
-332.0
 10
-6.0
 20
-332.0
 10
-5.543277195067721
 20
-332.0
 10
-4.242640687119286
 20
-332.0
 10
-2.296100594190542
 20
-332.0
 10
-1.102182119232618e-15
 20
-332.0
 10
2.29610059419054
 20
-332.0
 10
4.242640687119288
 20
-332.0
 10
5.5432771950677235
 20
-332.0
  0
LWPOLYLINE
  5
E8F
330
17
100
AcDbEntity
  8
H100
100
AcDbPolyline
 90
16
 70
0
 10
6.0
 20
-354.0
 10
5.54327719506772
 20
-354.0
 10
4.242640687119286
 20
-354.0
 10
2.296100594190539
 20
-354.0
 10
3.6739403974420594e-16
 20
-354.0
 10
-2.2961005941905386
 20
-354.0
 10
-4.242640687119285
 20
-354.0
 10
-5.54327719506772
 20
-354.0
 10
-6.0
 20
-354.0
 10
-5.543277195067721
 20
-354.0
 10
-4.242640687119286
 20
-354.0
 10
-2.296100594190542
 20
-354.0
 10
-1.102182119232618e-15
 20
-354.0
 10
2.29610059419054
 20
-354.0
 10
4.242640687119288
 20
-354.0
 10
5.5432771950677235
 20
-354.0
  0
LWPOLYLINE
  5
E91
330
17
100
AcDbEntity
  8
H001
100
AcDbPolyline
 90
2
 70
0
 10
43.0
 20
334.0
 10
43.0
 20
340.0
  0
LWPOLYLINE
  5
E92
330
17
100
AcDbEntity
  8
H001
100
AcDbPolyline
 90
16
 70
0
 10
43.0
 20
340.0
 10
39.72681989798533
 20
340.0
 10
30.405591591021544
 20
340.0
 10
16.455387591698862
 20
340.0
 10
2.6329906181668092e-15
 20
340.0
 10
-16.45538759169886
 20
340.0
 10
-30.40559159102154
 20
340.0
 10
-39.72681989798533
 20
340.0
 10
-43.0
 20
340.0
 10
-39.72681989798534
 20
340.0
 10
-30.40559159102155
 20
340.0
 10
-16.455387591698884
 20
340.0
 10
-7.898971854500428e-15
 20
340.0
 10
16.45538759169887
 20
340.0
 10
30.405591591021565
 20
340.0
 10
39.72681989798535
 20
340.0
  0
LWPOLYLINE
  5
E93
330
17
100
AcDbEntity
  8
H001
100
AcDbPolyline
 90
16
 70
0
 10
43.0
 20
334.0
 10
39.72681989798533
 20
334.0
 10
30.405591591021544
 20
334.0
 10
16.455387591698862
 20
334.0
 10
2.6329906181668092e-15
 20
334.0
 10
-16.45538759169886
 20
334.0
 10
-30.40559159102154
 20
334.0
 10
-39.72681989798533
 20
334.0
 10
-43.0
 20
334.0
 10
-39.72681989798534
 20
334.0
 10
-30.40559159102155
 20
334.0
 10
-16.455387591698884
 20
334.0
 10
-7.898971854500428e-15
 20
334.0
 10
16.45538759169887
 20
334.0
 10
30.405591591021565
 20
334.0
 10
39.72681989798535
 20
334.0
  0
LWPOLYLINE
  5
E94
330
17
100
AcDbEntity
  8
H001
100
AcDbPolyline
 90
2
 70
0
 10
6.200000000000205
 20
340.0
 10
6.200000000000205
 20
334.0
  0
LWPOLYLINE
  5
E95
330
17
100
AcDbEntity
  8
H001
100
AcDbPolyline
 90
16
 70
0
 10
6.200000000000205
 20
340.0
 10
5.728053101570183
 20
340.0
 10
4.3840620433568
 20
340.0
 10
2.3726372806637626
 20
340.0
 10
2.0594130638809956e-13
 20
340.0
 10
-2.372637280663351
 20
340.0
 10
-4.384062043356389
 20
340.0
 10
-5.728053101569773
 20
340.0
 10
-6.199999999999795
 20
340.0
 10
-5.728053101569773
 20
340.0
 10
-4.384062043356391
 20
340.0
 10
-2.3726372806633544
 20
340.0
 10
2.0442274435715685e-13
 20
340.0
 10
2.372637280663764
 20
340.0
 10
4.384062043356803
 20
340.0
 10
5.728053101570186
 20
340.0
  0
LWPOLYLINE
  5
E96
330
17
100
AcDbEntity
  8
H001
100
AcDbPolyline
 90
16
 70
0
 10
6.200000000000205
 20
334.0
 10
5.728053101570183
 20
334.0
 10
4.3840620433568
 20
334.0
 10
2.3726372806637626
 20
334.0
 10
2.0594130638809956e-13
 20
334.0
 10
-2.372637280663351
 20
334.0
 10
-4.384062043356389
 20
334.0
 10
-5.728053101569773
 20
334.0
 10
-6.199999999999795
 20
334.0
 10
-5.728053101569773
 20
334.0
 10
-4.384062043356391
 20
334.0
 10
-2.3726372806633544
 20
334.0
 10
2.0442274435715685e-13
 20
334.0
 10
2.372637280663764
 20
334.0
 10
4.384062043356803
 20
334.0
 10
5.728053101570186
 20
334.0
  0
LWPOLYLINE
  5
E98
330
17
100
AcDbEntity
  8
H101
100
AcDbPolyline
 90
2
 70
0
 10
6.0
 20
326.0
 10
6.0
 20
348.0
  0
LWPOLYLINE
  5
E99
330
17
100
AcDbEntity
  8
H101
100
AcDbPolyline
 90
16
 70
0
 10
6.0
 20
348.0
 10
5.54327719506772
 20
348.0
 10
4.242640687119286
 20
348.0
 10
2.296100594190539
 20
348.0
 10
3.6739403974420594e-16
 20
348.0
 10
-2.2961005941905386
 20
348.0
 10
-4.242640687119285
 20
348.0
 10
-5.54327719506772
 20
348.0
 10
-6.0
 20
348.0
 10
-5.543277195067721
 20
348.0
 10
-4.242640687119286
 20
348.0
 10
-2.296100594190542
 20
348.0
 10
-1.102182119232618e-15
 20
348.0
 10
2.29610059419054
 20
348.0
 10
4.242640687119288
 20
348.0
 10
5.5432771950677235
 20
348.0
  0
LWPOLYLINE
  5
E9A
330
17
100
AcDbEntity
  8
H101
100
AcDbPolyline
 90
16
 70
0
 10
6.0
 20
326.0
 10
5.54327719506772
 20
326.0
 10
4.242640687119286
 20
326.0
 10
2.296100594190539
 20
326.0
 10
3.6739403974420594e-16
 20
326.0
 10
-2.2961005941905386
 20
326.0
 10
-4.242640687119285
 20
326.0
 10
-5.54327719506772
 20
326.0
 10
-6.0
 20
326.0
 10
-5.543277195067721
 20
326.0
 10
-4.242640687119286
 20
326.0
 10
-2.296100594190542
 20
326.0
 10
-1.102182119232618e-15
 20
326.0
 10
2.29610059419054
 20
326.0
 10
4.242640687119288
 20
326.0
 10
5.5432771950677235
 20
326.0
  0
LWPOLYLINE
  5
E9C
330
17
100
AcDbEntity
  8
H010
100
AcDbPolyline
 90
2
 70
0
 10
593.0
 20
-346.0
 10
593.0
 20
-340.0
  0
LWPOLYLINE
  5
E9D
330
17
100
AcDbEntity
  8
H010
100
AcDbPolyline
 90
16
 70
0
 10
593.0
 20
-340.0
 10
589.7268198979854
 20
-340.0
 10
580.4055915910216
 20
-340.0
 10
566.4553875916988
 20
-340.0
 10
550.0
 20
-340.0
 10
533.5446124083012
 20
-340.0
 10
519.5944084089784
 20
-340.0
 10
510.2731801020147
 20
-340.0
 10
507.0
 20
-340.0
 10
510.27318010201463
 20
-340.0
 10
519.5944084089784
 20
-340.0
 10
533.5446124083011
 20
-340.0
 10
550.0
 20
-340.0
 10
566.4553875916989
 20
-340.0
 10
580.4055915910216
 20
-340.0
 10
589.7268198979854
 20
-340.0
  0
LWPOLYLINE
  5
E9E
330
17
100
AcDbEntity
  8
H010
100
AcDbPolyline
 90
16
 70
0
 10
593.0
 20
-346.0
 10
589.7268198979854
 20
-346.0
 10
580.4055915910216
 20
-346.0
 10
566.4553875916988
 20
-346.0
 10
550.0
 20
-346.0
 10
533.5446124083012
 20
-346.0
 10
519.5944084089784
 20
-346.0
 10
510.2731801020147
 20
-346.0
 10
507.0
 20
-346.0
 10
510.27318010201463
 20
-346.0
 10
519.5944084089784
 20
-346.0
 10
533.5446124083011
 20
-346.0
 10
550.0
 20
-346.0
 10
566.4553875916989
 20
-346.0
 10
580.4055915910216
 20
-346.0
 10
589.7268198979854
 20
-346.0
  0
LWPOLYLINE
  5
E9F
330
17
100
AcDbEntity
  8
H010
100
AcDbPolyline
 90
2
 70
0
 10
556.2000000000003
 20
-340.0
 10
556.2000000000003
 20
-346.0
  0
LWPOLYLINE
  5
EA0
330
17
100
AcDbEntity
  8
H010
100
AcDbPolyline
 90
16
 70
0
 10
556.2000000000003
 20
-340.0
 10
555.7280531015703
 20
-340.0
 10
554.3840620433568
 20
-340.0
 10
552.3726372806638
 20
-340.0
 10
550.0000000000002
 20
-340.0
 10
547.6273627193367
 20
-340.0
 10
545.6159379566436
 20
-340.0
 10
544.2719468984302
 20
-340.0
 10
543.8000000000002
 20
-340.0
 10
544.2719468984302
 20
-340.0
 10
545.6159379566436
 20
-340.0
 10
547.6273627193367
 20
-340.0
 10
550.0000000000002
 20
-340.0
 10
552.3726372806638
 20
-340.0
 10
554.3840620433568
 20
-340.0
 10
555.7280531015703
 20
-340.0
  0
LWPOLYLINE
  5
EA1
330
17
100
AcDbEntity
  8
H010
100
AcDbPolyline
 90
16
 70
0
 10
556.2000000000003
 20
-346.0
 10
555.7280531015703
 20
-346.0
 10
554.3840620433568
 20
-346.0
 10
552.3726372806638
 20
-346.0
 10
550.0000000000002
 20
-346.0
 10
547.6273627193367
 20
-346.0
 10
545.6159379566436
 20
-346.0
 10
544.2719468984302
 20
-346.0
 10
543.8000000000002
 20
-346.0
 10
544.2719468984302
 20
-346.0
 10
545.6159379566436
 20
-346.0
 10
547.6273627193367
 20
-346.0
 10
550.0000000000002
 20
-346.0
 10
552.3726372806638
 20
-346.0
 10
554.3840620433568
 20
-346.0
 10
555.7280531015703
 20
-346.0
  0
LWPOLYLINE
  5
EA3
330
17
100
AcDbEntity
  8
H110
100
AcDbPolyline
 90
2
 70
0
 10
556.0
 20
-354.0
 10
556.0
 20
-332.0
  0
LWPOLYLINE
  5
EA4
330
17
100
AcDbEntity
  8
H110
100
AcDbPolyline
 90
16
 70
0
 10
556.0
 20
-332.0
 10
555.5432771950677
 20
-332.0
 10
554.2426406871193
 20
-332.0
 10
552.2961005941905
 20
-332.0
 10
550.0
 20
-332.0
 10
547.7038994058095
 20
-332.0
 10
545.7573593128807
 20
-332.0
 10
544.4567228049323
 20
-332.0
 10
544.0
 20
-332.0
 10
544.4567228049323
 20
-332.0
 10
545.7573593128807
 20
-332.0
 10
547.7038994058095
 20
-332.0
 10
550.0
 20
-332.0
 10
552.2961005941905
 20
-332.0
 10
554.2426406871193
 20
-332.0
 10
555.5432771950677
 20
-332.0
  0
LWPOLYLINE
  5
EA5
330
17
100
AcDbEntity
  8
H110
100
AcDbPolyline
 90
16
 70
0
 10
556.0
 20
-354.0
 10
555.5432771950677
 20
-354.0
 10
554.2426406871193
 20
-354.0
 10
552.2961005941905
 20
-354.0
 10
550.0
 20
-354.0
 10
547.7038994058095
 20
-354.0
 10
545.7573593128807
 20
-354.0
 10
544.4567228049323
 20
-354.0
 10
544.0
 20
-354.0
 10
544.4567228049323
 20
-354.0
 10
545.7573593128807
 20
-354.0
 10
547.7038994058095
 20
-354.0
 10
550.0
 20
-354.0
 10
552.2961005941905
 20
-354.0
 10
554.2426406871193
 20
-354.0
 10
555.5432771950677
 20
-354.0
  0
LWPOLYLINE
  5
EA7
330
17
100
AcDbEntity
  8
H011
100
AcDbPolyline
 90
2
 70
0
 10
593.0
 20
334.0
 10
593.0
 20
340.0
  0
LWPOLYLINE
  5
EA8
330
17
100
AcDbEntity
  8
H011
100
AcDbPolyline
 90
16
 70
0
 10
593.0
 20
340.0
 10
589.7268198979854
 20
340.0
 10
580.4055915910216
 20
340.0
 10
566.4553875916988
 20
340.0
 10
550.0
 20
340.0
 10
533.5446124083012
 20
340.0
 10
519.5944084089784
 20
340.0
 10
510.2731801020147
 20
340.0
 10
507.0
 20
340.0
 10
510.27318010201463
 20
340.0
 10
519.5944084089784
 20
340.0
 10
533.5446124083011
 20
340.0
 10
550.0
 20
340.0
 10
566.4553875916989
 20
340.0
 10
580.4055915910216
 20
340.0
 10
589.7268198979854
 20
340.0
  0
LWPOLYLINE
  5
EA9
330
17
100
AcDbEntity
  8
H011
100
AcDbPolyline
 90
16
 70
0
 10
593.0
 20
334.0
 10
589.7268198979854
 20
334.0
 10
580.4055915910216
 20
334.0
 10
566.4553875916988
 20
334.0
 10
550.0
 20
334.0
 10
533.5446124083012
 20
334.0
 10
519.5944084089784
 20
334.0
 10
510.2731801020147
 20
334.0
 10
507.0
 20
334.0
 10
510.27318010201463
 20
334.0
 10
519.5944084089784
 20
334.0
 10
533.5446124083011
 20
334.0
 10
550.0
 20
334.0
 10
566.4553875916989
 20
334.0
 10
580.4055915910216
 20
334.0
 10
589.7268198979854
 20
334.0
  0
LWPOLYLINE
  5
EAA
330
17
100
AcDbEntity
  8
H011
100
AcDbPolyline
 90
2
 70
0
 10
556.2000000000003
 20
340.0
 10
556.2000000000003
 20
334.0
  0
LWPOLYLINE
  5
EAB
330
17
100
AcDbEntity
  8
H011
100
AcDbPolyline
 90
16
 70
0
 10
556.2000000000003
 20
340.0
 10
555.7280531015703
 20
340.0
 10
554.3840620433568
 20
340.0
 10
552.3726372806638
 20
340.0
 10
550.0000000000002
 20
340.0
 10
547.6273627193367
 20
340.0
 10
545.6159379566436
 20
340.0
 10
544.2719468984302
 20
340.0
 10
543.8000000000002
 20
340.0
 10
544.2719468984302
 20
340.0
 10
545.6159379566436
 20
340.0
 10
547.6273627193367
 20
340.0
 10
550.0000000000002
 20
340.0
 10
552.3726372806638
 20
340.0
 10
554.3840620433568
 20
340.0
 10
555.7280531015703
 20
340.0
  0
LWPOLYLINE
  5
EAC
330
17
100
AcDbEntity
  8
H011
100
AcDbPolyline
 90
16
 70
0
 10
556.2000000000003
 20
334.0
 10
555.7280531015703
 20
334.0
 10
554.3840620433568
 20
334.0
 10
552.3726372806638
 20
334.0
 10
550.0000000000002
 20
334.0
 10
547.6273627193367
 20
334.0
 10
545.6159379566436
 20
334.0
 10
544.2719468984302
 20
334.0
 10
543.8000000000002
 20
334.0
 10
544.2719468984302
 20
334.0
 10
545.6159379566436
 20
334.0
 10
547.6273627193367
 20
334.0
 10
550.0000000000002
 20
334.0
 10
552.3726372806638
 20
334.0
 10
554.3840620433568
 20
334.0
 10
555.7280531015703
 20
334.0
  0
LWPOLYLINE
  5
EAE
330
17
100
AcDbEntity
  8
H111
100
AcDbPolyline
 90
2
 70
0
 10
556.0
 20
326.0
 10
556.0
 20
348.0
  0
LWPOLYLINE
  5
EAF
330
17
100
AcDbEntity
  8
H111
100
AcDbPolyline
 90
16
 70
0
 10
556.0
 20
348.0
 10
555.5432771950677
 20
348.0
 10
554.2426406871193
 20
348.0
 10
552.2961005941905
 20
348.0
 10
550.0
 20
348.0
 10
547.7038994058095
 20
348.0
 10
545.7573593128807
 20
348.0
 10
544.4567228049323
 20
348.0
 10
544.0
 20
348.0
 10
544.4567228049323
 20
348.0
 10
545.7573593128807
 20
348.0
 10
547.7038994058095
 20
348.0
 10
550.0
 20
348.0
 10
552.2961005941905
 20
348.0
 10
554.2426406871193
 20
348.0
 10
555.5432771950677
 20
348.0
  0
LWPOLYLINE
  5
EB0
330
17
100
AcDbEntity
  8
H111
100
AcDbPolyline
 90
16
 70
0
 10
556.0
 20
326.0
 10
555.5432771950677
 20
326.0
 10
554.2426406871193
 20
326.0
 10
552.2961005941905
 20
326.0
 10
550.0
 20
326.0
 10
547.7038994058095
 20
326.0
 10
545.7573593128807
 20
326.0
 10
544.4567228049323
 20
326.0
 10
544.0
 20
326.0
 10
544.4567228049323
 20
326.0
 10
545.7573593128807
 20
326.0
 10
547.7038994058095
 20
326.0
 10
550.0
 20
326.0
 10
552.2961005941905
 20
326.0
 10
554.2426406871193
 20
326.0
 10
555.5432771950677
 20
326.0
  0
LWPOLYLINE
  5
EB2
330
17
100
AcDbEntity
  8
T00
100
AcDbPolyline
 90
2
 70
0
 10
-433.65795754139714
 20
-352.5
 10
-532.3335138259592
 20
-352.5
  0
LWPOLYLINE
  5
EB3
330
17
100
AcDbEntity
  8
T00
100
AcDbPolyline
 90
2
 70
0
 10
-507.6664861740408
 20
-352.5
 10
-408.9909298894787
 20
-352.5
  0
LWPOLYLINE
  5
EB4
330
17
100
AcDbEntity
  8
T00
100
AcDbPolyline
 90
2
 70
0
 10
-532.3335138259592
 20
-352.5
 10
-507.6664861740408
 20
-352.5
  0
LWPOLYLINE
  5
EB5
330
17
100
AcDbEntity
  8
T00
100
AcDbPolyline
 90
2
 70
0
 10
-408.9909298894787
 20
-352.5
 10
-433.65795754139714
 20
-352.5
  0
LWPOLYLINE
  5
EB6
330
17
100
AcDbEntity
  8
T00
100
AcDbPolyline
 90
2
 70
0
 10
-507.6664861740408
 20
-327.5
 10
-408.9909298894787
 20
-327.5
  0
LWPOLYLINE
  5
EB7
330
17
100
AcDbEntity
  8
T00
100
AcDbPolyline
 90
2
 70
0
 10
-507.6664861740408
 20
-352.5
 10
-507.6664861740408
 20
-327.5
  0
LWPOLYLINE
  5
EB8
330
17
100
AcDbEntity
  8
T00
100
AcDbPolyline
 90
2
 70
0
 10
-408.9909298894787
 20
-327.5
 10
-408.9909298894787
 20
-352.5
  0
LWPOLYLINE
  5
EB9
330
17
100
AcDbEntity
  8
T00
100
AcDbPolyline
 90
2
 70
0
 10
-532.3335138259592
 20
-327.5
 10
-433.65795754139714
 20
-327.5
  0
LWPOLYLINE
  5
EBA
330
17
100
AcDbEntity
  8
T00
100
AcDbPolyline
 90
2
 70
0
 10
-507.6664861740408
 20
-327.5
 10
-532.3335138259592
 20
-327.5
  0
LWPOLYLINE
  5
EBB
330
17
100
AcDbEntity
  8
T00
100
AcDbPolyline
 90
2
 70
0
 10
-433.65795754139714
 20
-327.5
 10
-408.9909298894787
 20
-327.5
  0
LWPOLYLINE
  5
EBC
330
17
100
AcDbEntity
  8
T00
100
AcDbPolyline
 90
2
 70
0
 10
-532.3335138259592
 20
-327.5
 10
-532.3335138259592
 20
-352.5
  0
LWPOLYLINE
  5
EBD
330
17
100
AcDbEntity
  8
T00
100
AcDbPolyline
 90
2
 70
0
 10
-433.65795754139714
 20
-352.5
 10
-433.65795754139714
 20
-327.5
  0
LWPOLYLINE
  5
EBE
330
17
100
AcDbEntity
  8
T00
100
AcDbPolyline
 90
2
 70
0
 10
-530.3601516138058
 20
-329.5
 10
-431.6845953292437
 20
-329.5
  0
LWPOLYLINE
  5
EBF
330
17
100
AcDbEntity
  8
T00
100
AcDbPolyline
 90
2
 70
0
 10
-431.6845953292437
 20
-350.5
 10
-530.3601516138058
 20
-350.5
  0
LWPOLYLINE
  5
EC0
330
17
100
AcDbEntity
  8
T00
100
AcDbPolyline
 90
2
 70
0
 10
-530.3601516138058
 20
-350.5
 10
-530.3601516138058
 20
-329.5
  0
LWPOLYLINE
  5
EC1
330
17
100
AcDbEntity
  8
T00
100
AcDbPolyline
 90
2
 70
0
 10
-431.6845953292437
 20
-329.5
 10
-431.6845953292437
 20
-350.5
  0
LWPOLYLINE
  5
EC2
330
17
100
AcDbEntity
  8
T00
100
AcDbPolyline
 90
2
 70
0
 10
-509.6398483861943
 20
-329.5
 10
-410.96429210163217
 20
-329.5
  0
LWPOLYLINE
  5
EC3
330
17
100
AcDbEntity
  8
T00
100
AcDbPolyline
 90
2
 70
0
 10
-530.3601516138058
 20
-329.5
 10
-509.6398483861943
 20
-329.5
  0
LWPOLYLINE
  5
EC4
330
17
100
AcDbEntity
  8
T00
100
AcDbPolyline
 90
2
 70
0
 10
-410.96429210163217
 20
-329.5
 10
-431.6845953292437
 20
-329.5
  0
LWPOLYLINE
  5
EC5
330
17
100
AcDbEntity
  8
T00
100
AcDbPolyline
 90
2
 70
0
 10
-509.6398483861943
 20
-350.5
 10
-410.96429210163217
 20
-350.5
  0
LWPOLYLINE
  5
EC6
330
17
100
AcDbEntity
  8
T00
100
AcDbPolyline
 90
2
 70
0
 10
-509.6398483861943
 20
-329.5
 10
-509.6398483861943
 20
-350.5
  0
LWPOLYLINE
  5
EC7
330
17
100
AcDbEntity
  8
T00
100
AcDbPolyline
 90
2
 70
0
 10
-410.96429210163217
 20
-350.5
 10
-410.96429210163217
 20
-329.5
  0
LWPOLYLINE
  5
EC8
330
17
100
AcDbEntity
  8
T00
100
AcDbPolyline
 90
2
 70
0
 10
-509.6398483861943
 20
-350.5
 10
-530.3601516138058
 20
-350.5
  0
LWPOLYLINE
  5
EC9
330
17
100
AcDbEntity
  8
T00
100
AcDbPolyline
 90
2
 70
0
 10
-431.6845953292437
 20
-350.5
 10
-410.96429210163217
 20
-350.5
  0
LWPOLYLINE
  5
ECB
330
17
100
AcDbEntity
  8
T01
100
AcDbPolyline
 90
2
 70
0
 10
-433.65795754139714
 20
327.5
 10
-532.3335138259592
 20
327.5
  0
LWPOLYLINE
  5
ECC
330
17
100
AcDbEntity
  8
T01
100
AcDbPolyline
 90
2
 70
0
 10
-507.6664861740408
 20
327.5
 10
-408.9909298894787
 20
327.5
  0
LWPOLYLINE
  5
ECD
330
17
100
AcDbEntity
  8
T01
100
AcDbPolyline
 90
2
 70
0
 10
-532.3335138259592
 20
327.5
 10
-507.6664861740408
 20
327.5
  0
LWPOLYLINE
  5
ECE
330
17
100
AcDbEntity
  8
T01
100
AcDbPolyline
 90
2
 70
0
 10
-408.9909298894787
 20
327.5
 10
-433.65795754139714
 20
327.5
  0
LWPOLYLINE
  5
ECF
330
17
100
AcDbEntity
  8
T01
100
AcDbPolyline
 90
2
 70
0
 10
-507.6664861740408
 20
352.5
 10
-408.9909298894787
 20
352.5
  0
LWPOLYLINE
  5
ED0
330
17
100
AcDbEntity
  8
T01
100
AcDbPolyline
 90
2
 70
0
 10
-507.6664861740408
 20
327.5
 10
-507.6664861740408
 20
352.5
  0
LWPOLYLINE
  5
ED1
330
17
100
AcDbEntity
  8
T01
100
AcDbPolyline
 90
2
 70
0
 10
-408.9909298894787
 20
352.5
 10
-408.9909298894787
 20
327.5
  0
LWPOLYLINE
  5
ED2
330
17
100
AcDbEntity
  8
T01
100
AcDbPolyline
 90
2
 70
0
 10
-532.3335138259592
 20
352.5
 10
-433.65795754139714
 20
352.5
  0
LWPOLYLINE
  5
ED3
330
17
100
AcDbEntity
  8
T01
100
AcDbPolyline
 90
2
 70
0
 10
-507.6664861740408
 20
352.5
 10
-532.3335138259592
 20
352.5
  0
LWPOLYLINE
  5
ED4
330
17
100
AcDbEntity
  8
T01
100
AcDbPolyline
 90
2
 70
0
 10
-433.65795754139714
 20
352.5
 10
-408.9909298894787
 20
352.5
  0
LWPOLYLINE
  5
ED5
330
17
100
AcDbEntity
  8
T01
100
AcDbPolyline
 90
2
 70
0
 10
-532.3335138259592
 20
352.5
 10
-532.3335138259592
 20
327.5
  0
LWPOLYLINE
  5
ED6
330
17
100
AcDbEntity
  8
T01
100
AcDbPolyline
 90
2
 70
0
 10
-433.65795754139714
 20
327.5
 10
-433.65795754139714
 20
352.5
  0
LWPOLYLINE
  5
ED7
330
17
100
AcDbEntity
  8
T01
100
AcDbPolyline
 90
2
 70
0
 10
-530.3601516138058
 20
350.5
 10
-431.6845953292437
 20
350.5
  0
LWPOLYLINE
  5
ED8
330
17
100
AcDbEntity
  8
T01
100
AcDbPolyline
 90
2
 70
0
 10
-431.6845953292437
 20
329.5
 10
-530.3601516138058
 20
329.5
  0
LWPOLYLINE
  5
ED9
330
17
100
AcDbEntity
  8
T01
100
AcDbPolyline
 90
2
 70
0
 10
-530.3601516138058
 20
329.5
 10
-530.3601516138058
 20
350.5
  0
LWPOLYLINE
  5
EDA
330
17
100
AcDbEntity
  8
T01
100
AcDbPolyline
 90
2
 70
0
 10
-431.6845953292437
 20
350.5
 10
-431.6845953292437
 20
329.5
  0
LWPOLYLINE
  5
EDB
330
17
100
AcDbEntity
  8
T01
100
AcDbPolyline
 90
2
 70
0
 10
-509.6398483861943
 20
350.5
 10
-410.96429210163217
 20
350.5
  0
LWPOLYLINE
  5
EDC
330
17
100
AcDbEntity
  8
T01
100
AcDbPolyline
 90
2
 70
0
 10
-530.3601516138058
 20
350.5
 10
-509.6398483861943
 20
350.5
  0
LWPOLYLINE
  5
EDD
330
17
100
AcDbEntity
  8
T01
100
AcDbPolyline
 90
2
 70
0
 10
-410.96429210163217
 20
350.5
 10
-431.6845953292437
 20
350.5
  0
LWPOLYLINE
  5
EDE
330
17
100
AcDbEntity
  8
T01
100
AcDbPolyline
 90
2
 70
0
 10
-509.6398483861943
 20
329.5
 10
-410.96429210163217
 20
329.5
  0
LWPOLYLINE
  5
EDF
330
17
100
AcDbEntity
  8
T01
100
AcDbPolyline
 90
2
 70
0
 10
-509.6398483861943
 20
350.5
 10
-509.6398483861943
 20
329.5
  0
LWPOLYLINE
  5
EE0
330
17
100
AcDbEntity
  8
T01
100
AcDbPolyline
 90
2
 70
0
 10
-410.96429210163217
 20
329.5
 10
-410.96429210163217
 20
350.5
  0
LWPOLYLINE
  5
EE1
330
17
100
AcDbEntity
  8
T01
100
AcDbPolyline
 90
2
 70
0
 10
-509.6398483861943
 20
329.5
 10
-530.3601516138058
 20
329.5
  0
LWPOLYLINE
  5
EE2
330
17
100
AcDbEntity
  8
T01
100
AcDbPolyline
 90
2
 70
0
 10
-431.6845953292437
 20
329.5
 10
-410.96429210163217
 20
329.5
  0
LWPOLYLINE
  5
EE4
330
17
100
AcDbEntity
  8
T10
100
AcDbPolyline
 90
2
 70
0
 10
1131.7086203755152
 20
-352.5
 10
1117.547779130573
 20
-352.5
  0
LWPOLYLINE
  5
EE5
330
17
100
AcDbEntity
  8
T10
100
AcDbPolyline
 90
2
 70
0
 10
1142.452220869427
 20
-352.5
 10
1156.6130621143693
 20
-352.5
  0
LWPOLYLINE
  5
EE6
330
17
100
AcDbEntity
  8
T10
100
AcDbPolyline
 90
2
 70
0
 10
1117.547779130573
 20
-352.5
 10
1142.452220869427
 20
-352.5
  0
LWPOLYLINE
  5
EE7
330
17
100
AcDbEntity
  8
T10
100
AcDbPolyline
 90
2
 70
0
 10
1156.6130621143693
 20
-352.5
 10
1131.7086203755152
 20
-352.5
  0
LWPOLYLINE
  5
EE8
330
17
100
AcDbEntity
  8
T10
100
AcDbPolyline
 90
2
 70
0
 10
1142.452220869427
 20
-327.5
 10
1156.6130621143693
 20
-327.5
  0
LWPOLYLINE
  5
EE9
330
17
100
AcDbEntity
  8
T10
100
AcDbPolyline
 90
2
 70
0
 10
1142.452220869427
 20
-352.5
 10
1142.452220869427
 20
-327.5
  0
LWPOLYLINE
  5
EEA
330
17
100
AcDbEntity
  8
T10
100
AcDbPolyline
 90
2
 70
0
 10
1156.6130621143693
 20
-327.5
 10
1156.6130621143693
 20
-352.5
  0
LWPOLYLINE
  5
EEB
330
17
100
AcDbEntity
  8
T10
100
AcDbPolyline
 90
2
 70
0
 10
1117.547779130573
 20
-327.5
 10
1131.7086203755152
 20
-327.5
  0
LWPOLYLINE
  5
EEC
330
17
100
AcDbEntity
  8
T10
100
AcDbPolyline
 90
2
 70
0
 10
1142.452220869427
 20
-327.5
 10
1117.547779130573
 20
-327.5
  0
LWPOLYLINE
  5
EED
330
17
100
AcDbEntity
  8
T10
100
AcDbPolyline
 90
2
 70
0
 10
1131.7086203755152
 20
-327.5
 10
1156.6130621143693
 20
-327.5
  0
LWPOLYLINE
  5
EEE
330
17
100
AcDbEntity
  8
T10
100
AcDbPolyline
 90
2
 70
0
 10
1117.547779130573
 20
-327.5
 10
1117.547779130573
 20
-352.5
  0
LWPOLYLINE
  5
EEF
330
17
100
AcDbEntity
  8
T10
100
AcDbPolyline
 90
2
 70
0
 10
1131.7086203755152
 20
-352.5
 10
1131.7086203755152
 20
-327.5
  0
LWPOLYLINE
  5
EF0
330
17
100
AcDbEntity
  8
T10
100
AcDbPolyline
 90
2
 70
0
 10
1119.5401344696813
 20
-329.5
 10
1133.7009757146236
 20
-329.5
  0
LWPOLYLINE
  5
EF1
330
17
100
AcDbEntity
  8
T10
100
AcDbPolyline
 90
2
 70
0
 10
1133.7009757146236
 20
-350.5
 10
1119.5401344696813
 20
-350.5
  0
LWPOLYLINE
  5
EF2
330
17
100
AcDbEntity
  8
T10
100
AcDbPolyline
 90
2
 70
0
 10
1119.5401344696813
 20
-350.5
 10
1119.5401344696813
 20
-329.5
  0
LWPOLYLINE
  5
EF3
330
17
100
AcDbEntity
  8
T10
100
AcDbPolyline
 90
2
 70
0
 10
1133.7009757146236
 20
-329.5
 10
1133.7009757146236
 20
-350.5
  0
LWPOLYLINE
  5
EF4
330
17
100
AcDbEntity
  8
T10
100
AcDbPolyline
 90
2
 70
0
 10
1140.4598655303187
 20
-329.5
 10
1154.620706775261
 20
-329.5
  0
LWPOLYLINE
  5
EF5
330
17
100
AcDbEntity
  8
T10
100
AcDbPolyline
 90
2
 70
0
 10
1119.5401344696813
 20
-329.5
 10
1140.4598655303187
 20
-329.5
  0
LWPOLYLINE
  5
EF6
330
17
100
AcDbEntity
  8
T10
100
AcDbPolyline
 90
2
 70
0
 10
1154.620706775261
 20
-329.5
 10
1133.7009757146236
 20
-329.5
  0
LWPOLYLINE
  5
EF7
330
17
100
AcDbEntity
  8
T10
100
AcDbPolyline
 90
2
 70
0
 10
1140.4598655303187
 20
-350.5
 10
1154.620706775261
 20
-350.5
  0
LWPOLYLINE
  5
EF8
330
17
100
AcDbEntity
  8
T10
100
AcDbPolyline
 90
2
 70
0
 10
1140.4598655303187
 20
-329.5
 10
1140.4598655303187
 20
-350.5
  0
LWPOLYLINE
  5
EF9
330
17
100
AcDbEntity
  8
T10
100
AcDbPolyline
 90
2
 70
0
 10
1154.620706775261
 20
-350.5
 10
1154.620706775261
 20
-329.5
  0
LWPOLYLINE
  5
EFA
330
17
100
AcDbEntity
  8
T10
100
AcDbPolyline
 90
2
 70
0
 10
1140.4598655303187
 20
-350.5
 10
1119.5401344696813
 20
-350.5
  0
LWPOLYLINE
  5
EFB
330
17
100
AcDbEntity
  8
T10
100
AcDbPolyline
 90
2
 70
0
 10
1133.7009757146236
 20
-350.5
 10
1154.620706775261
 20
-350.5
  0
LWPOLYLINE
  5
EFD
330
17
100
AcDbEntity
  8
T11
100
AcDbPolyline
 90
2
 70
0
 10
1131.7086203755152
 20
327.5
 10
1117.547779130573
 20
327.5
  0
LWPOLYLINE
  5
EFE
330
17
100
AcDbEntity
  8
T11
100
AcDbPolyline
 90
2
 70
0
 10
1142.452220869427
 20
327.5
 10
1156.6130621143693
 20
327.5
  0
LWPOLYLINE
  5
EFF
330
17
100
AcDbEntity
  8
T11
100
AcDbPolyline
 90
2
 70
0
 10
1117.547779130573
 20
327.5
 10
1142.452220869427
 20
327.5
  0
LWPOLYLINE
  5
F00
330
17
100
AcDbEntity
  8
T11
100
AcDbPolyline
 90
2
 70
0
 10
1156.6130621143693
 20
327.5
 10
1131.7086203755152
 20
327.5
  0
LWPOLYLINE
  5
F01
330
17
100
AcDbEntity
  8
T11
100
AcDbPolyline
 90
2
 70
0
 10
1142.452220869427
 20
352.5
 10
1156.6130621143693
 20
352.5
  0
LWPOLYLINE
  5
F02
330
17
100
AcDbEntity
  8
T11
100
AcDbPolyline
 90
2
 70
0
 10
1142.452220869427
 20
327.5
 10
1142.452220869427
 20
352.5
  0
LWPOLYLINE
  5
F03
330
17
100
AcDbEntity
  8
T11
100
AcDbPolyline
 90
2
 70
0
 10
1156.6130621143693
 20
352.5
 10
1156.6130621143693
 20
327.5
  0
LWPOLYLINE
  5
F04
330
17
100
AcDbEntity
  8
T11
100
AcDbPolyline
 90
2
 70
0
 10
1117.547779130573
 20
352.5
 10
1131.7086203755152
 20
352.5
  0
LWPOLYLINE
  5
F05
330
17
100
AcDbEntity
  8
T11
100
AcDbPolyline
 90
2
 70
0
 10
1142.452220869427
 20
352.5
 10
1117.547779130573
 20
352.5
  0
LWPOLYLINE
  5
F06
330
17
100
AcDbEntity
  8
T11
100
AcDbPolyline
 90
2
 70
0
 10
1131.7086203755152
 20
352.5
 10
1156.6130621143693
 20
352.5
  0
LWPOLYLINE
  5
F07
330
17
100
AcDbEntity
  8
T11
100
AcDbPolyline
 90
2
 70
0
 10
1117.547779130573
 20
352.5
 10
1117.547779130573
 20
327.5
  0
LWPOLYLINE
  5
F08
330
17
100
AcDbEntity
  8
T11
100
AcDbPolyline
 90
2
 70
0
 10
1131.7086203755152
 20
327.5
 10
1131.7086203755152
 20
352.5
  0
LWPOLYLINE
  5
F09
330
17
100
AcDbEntity
  8
T11
100
AcDbPolyline
 90
2
 70
0
 10
1119.5401344696813
 20
350.5
 10
1133.7009757146236
 20
350.5
  0
LWPOLYLINE
  5
F0A
330
17
100
AcDbEntity
  8
T11
100
AcDbPolyline
 90
2
 70
0
 10
1133.7009757146236
 20
329.5
 10
1119.5401344696813
 20
329.5
  0
LWPOLYLINE
  5
F0B
330
17
100
AcDbEntity
  8
T11
100
AcDbPolyline
 90
2
 70
0
 10
1119.5401344696813
 20
329.5
 10
1119.5401344696813
 20
350.5
  0
LWPOLYLINE
  5
F0C
330
17
100
AcDbEntity
  8
T11
100
AcDbPolyline
 90
2
 70
0
 10
1133.7009757146236
 20
350.5
 10
1133.7009757146236
 20
329.5
  0
LWPOLYLINE
  5
F0D
330
17
100
AcDbEntity
  8
T11
100
AcDbPolyline
 90
2
 70
0
 10
1140.4598655303187
 20
350.5
 10
1154.620706775261
 20
350.5
  0
LWPOLYLINE
  5
F0E
330
17
100
AcDbEntity
  8
T11
100
AcDbPolyline
 90
2
 70
0
 10
1119.5401344696813
 20
350.5
 10
1140.4598655303187
 20
350.5
  0
LWPOLYLINE
  5
F0F
330
17
100
AcDbEntity
  8
T11
100
AcDbPolyline
 90
2
 70
0
 10
1154.620706775261
 20
350.5
 10
1133.7009757146236
 20
350.5
  0
LWPOLYLINE
  5
F10
330
17
100
AcDbEntity
  8
T11
100
AcDbPolyline
 90
2
 70
0
 10
1140.4598655303187
 20
329.5
 10
1154.620706775261
 20
329.5
  0
LWPOLYLINE
  5
F11
330
17
100
AcDbEntity
  8
T11
100
AcDbPolyline
 90
2
 70
0
 10
1140.4598655303187
 20
350.5
 10
1140.4598655303187
 20
329.5
  0
LWPOLYLINE
  5
F12
330
17
100
AcDbEntity
  8
T11
100
AcDbPolyline
 90
2
 70
0
 10
1154.620706775261
 20
329.5
 10
1154.620706775261
 20
350.5
  0
LWPOLYLINE
  5
F13
330
17
100
AcDbEntity
  8
T11
100
AcDbPolyline
 90
2
 70
0
 10
1140.4598655303187
 20
329.5
 10
1119.5401344696813
 20
329.5
  0
LWPOLYLINE
  5
F14
330
17
100
AcDbEntity
  8
T11
100
AcDbPolyline
 90
2
 70
0
 10
1133.7009757146236
 20
329.5
 10
1154.620706775261
 20
329.5
  0
LWPOLYLINE
  5
F16
330
17
100
AcDbEntity
  8
C1
100
AcDbPolyline
 90
2
 70
0
 10
-510.25457137057964
 20
-395.0
 10
2.995205519135652
 20
-395.0
  0
LWPOLYLINE
  5
F17
330
17
100
AcDbEntity
  8
C1
100
AcDbPolyline
 90
2
 70
0
 10
22.29234791181659
 20
-391.6207202426551
 10
-490.9574289778987
 20
-391.6207202426551
  0
LWPOLYLINE
  5
F18
330
17
100
AcDbEntity
  8
C1
100
AcDbPolyline
 90
2
 70
0
 10
-490.9574289778987
 20
-391.6207202426551
 10
-510.25457137057964
 20
-395.0
  0
LWPOLYLINE
  5
F19
330
17
100
AcDbEntity
  8
C1
100
AcDbPolyline
 90
2
 70
0
 10
2.995205519135652
 20
-395.0
 10
22.29234791181659
 20
-391.6207202426551
  0
LWPOLYLINE
  5
F1A
330
17
100
AcDbEntity
  8
C1
100
AcDbPolyline
 90
2
 70
0
 10
41.259310847980146
 20
-381.54070138418194
 10
-471.99046604173515
 20
-381.54070138418194
  0
LWPOLYLINE
  5
F1B
330
17
100
AcDbEntity
  8
C1
100
AcDbPolyline
 90
2
 70
0
 10
-471.99046604173515
 20
-381.54070138418194
 10
-490.9574289778987
 20
-391.6207202426551
  0
LWPOLYLINE
  5
F1C
330
17
100
AcDbEntity
  8
C1
100
AcDbPolyline
 90
2
 70
0
 10
22.29234791181659
 20
-391.6207202426551
 10
41.259310847980146
 20
-381.54070138418194
  0
LWPOLYLINE
  5
F1D
330
17
100
AcDbEntity
  8
C1
100
AcDbPolyline
 90
2
 70
0
 10
59.57156433315288
 20
-364.9324153419583
 10
-453.6782125565624
 20
-364.9324153419583
  0
LWPOLYLINE
  5
F1E
330
17
100
AcDbEntity
  8
C1
100
AcDbPolyline
 90
2
 70
0
 10
-453.6782125565624
 20
-364.9324153419583
 10
-471.99046604173515
 20
-381.54070138418194
  0
LWPOLYLINE
  5
F1F
330
17
100
AcDbEntity
  8
C1
100
AcDbPolyline
 90
2
 70
0
 10
41.259310847980146
 20
-381.54070138418194
 10
59.57156433315288
 20
-364.9324153419583
  0
LWPOLYLINE
  5
F20
330
17
100
AcDbEntity
  8
C1
100
AcDbPolyline
 90
2
 70
0
 10
76.9157806330877
 20
-342.0800344948533
 10
-436.3339962566276
 20
-342.0800344948533
  0
LWPOLYLINE
  5
F21
330
17
100
AcDbEntity
  8
C1
100
AcDbPolyline
 90
2
 70
0
 10
-436.3339962566276
 20
-342.0800344948533
 10
-453.6782125565624
 20
-364.9324153419583
  0
LWPOLYLINE
  5
F22
330
17
100
AcDbEntity
  8
C1
100
AcDbPolyline
 90
2
 70
0
 10
59.57156433315288
 20
-364.9324153419583
 10
76.9157806330877
 20
-342.0800344948533
  0
LWPOLYLINE
  5
F23
330
17
100
AcDbEntity
  8
C1
100
AcDbPolyline
 90
2
 70
0
 10
92.99519539816754
 20
-313.37456941503785
 10
-420.25458149154775
 20
-313.37456941503785
  0
LWPOLYLINE
  5
F24
330
17
100
AcDbEntity
  8
C1
100
AcDbPolyline
 90
2
 70
0
 10
-420.25458149154775
 20
-313.37456941503785
 10
-436.3339962566276
 20
-342.0800344948533
  0
LWPOLYLINE
  5
F25
330
17
100
AcDbEntity
  8
C1
100
AcDbPolyline
 90
2
 70
0
 10
76.9157806330877
 20
-342.0800344948533
 10
92.99519539816754
 20
-313.37456941503785
  0
LWPOLYLINE
  5
F26
330
17
100
AcDbEntity
  8
C1
100
AcDbPolyline
 90
2
 70
0
 10
107.53468538370566
 20
-279.30717856868625
 10
-405.7150915060096
 20
-279.30717856868625
  0
LWPOLYLINE
  5
F27
330
17
100
AcDbEntity
  8
C1
100
AcDbPolyline
 90
2
 70
0
 10
-405.7150915060096
 20
-279.30717856868625
 10
-420.25458149154775
 20
-313.37456941503785
  0
LWPOLYLINE
  5
F28
330
17
100
AcDbEntity
  8
C1
100
AcDbPolyline
 90
2
 70
0
 10
92.99519539816754
 20
-313.37456941503785
 10
107.53468538370566
 20
-279.30717856868625
  0
LWPOLYLINE
  5
F29
330
17
100
AcDbEntity
  8
C1
100
AcDbPolyline
 90
2
 70
0
 10
120.28547588494166
 20
-240.46076445844466
 10
-392.96430100477363
 20
-240.46076445844466
  0
LWPOLYLINE
  5
F2A
330
17
100
AcDbEntity
  8
C1
100
AcDbPolyline
 90
2
 70
0
 10
-392.96430100477363
 20
-240.46076445844466
 10
-405.7150915060096
 20
-279.30717856868625
  0
LWPOLYLINE
  5
F2B
330
17
100
AcDbEntity
  8
C1
100
AcDbPolyline
 90
2
 70
0
 10
107.53468538370566
 20
-279.30717856868625
 10
120.28547588494166
 20
-240.46076445844466
  0
LWPOLYLINE
  5
F2C
330
17
100
AcDbEntity
  8
C1
100
AcDbPolyline
 90
2
 70
0
 10
131.02939734121207
 20
-197.50000000000009
 10
-382.2203795485032
 20
-197.50000000000009
  0
LWPOLYLINE
  5
F2D
330
17
100
AcDbEntity
  8
C1
100
AcDbPolyline
 90
2
 70
0
 10
-382.2203795485032
 20
-197.50000000000009
 10
-392.96430100477363
 20
-240.46076445844466
  0
LWPOLYLINE
  5
F2E
330
17
100
AcDbEntity
  8
C1
100
AcDbPolyline
 90
2
 70
0
 10
120.28547588494166
 20
-240.46076445844466
 10
131.02939734121207
 20
-197.50000000000009
  0
LWPOLYLINE
  5
F2F
330
17
100
AcDbEntity
  8
C1
100
AcDbPolyline
 90
2
 70
0
 10
139.58261827762254
 20
-151.15995578421044
 10
-373.66715861209275
 20
-151.15995578421044
  0
LWPOLYLINE
  5
F30
330
17
100
AcDbEntity
  8
C1
100
AcDbPolyline
 90
2
 70
0
 10
-373.66715861209275
 20
-151.15995578421044
 10
-382.2203795485032
 20
-197.50000000000009
  0
LWPOLYLINE
  5
F31
330
17
100
AcDbEntity
  8
C1
100
AcDbPolyline
 90
2
 70
0
 10
131.02939734121207
 20
-197.50000000000009
 10
139.58261827762254
 20
-151.15995578421044
  0
LWPOLYLINE
  5
F32
330
17
100
AcDbEntity
  8
C1
100
AcDbPolyline
 90
2
 70
0
 10
145.79879071255016
 20
-102.23352281549565
 10
-367.45098617716513
 20
-102.23352281549565
  0
LWPOLYLINE
  5
F33
330
17
100
AcDbEntity
  8
C1
100
AcDbPolyline
 90
2
 70
0
 10
-367.45098617716513
 20
-102.23352281549565
 10
-373.66715861209275
 20
-151.15995578421044
  0
LWPOLYLINE
  5
F34
330
17
100
AcDbEntity
  8
C1
100
AcDbPolyline
 90
2
 70
0
 10
139.58261827762254
 20
-151.15995578421044
 10
145.79879071255016
 20
-102.23352281549565
  0
LWPOLYLINE
  5
F35
330
17
100
AcDbEntity
  8
C1
100
AcDbPolyline
 90
2
 70
0
 10
149.57155421218465
 20
-51.55784592692038
 10
-363.67822267753064
 20
-51.55784592692038
  0
LWPOLYLINE
  5
F36
330
17
100
AcDbEntity
  8
C1
100
AcDbPolyline
 90
2
 70
0
 10
-363.67822267753064
 20
-51.55784592692038
 10
-367.45098617716513
 20
-102.23352281549565
  0
LWPOLYLINE
  5
F37
330
17
100
AcDbEntity
  8
C1
100
AcDbPolyline
 90
2
 70
0
 10
145.79879071255016
 20
-102.23352281549565
 10
149.57155421218465
 20
-51.55784592692038
  0
LWPOLYLINE
  5
F38
330
17
100
AcDbEntity
  8
C1
100
AcDbPolyline
 90
2
 70
0
 10
150.8363557470397
 20
2.4186774283160226e-14
 10
-362.4134211426756
 20
2.4186774283160226e-14
  0
LWPOLYLINE
  5
F39
330
17
100
AcDbEntity
  8
C1
100
AcDbPolyline
 90
2
 70
0
 10
-362.4134211426756
 20
2.4186774283160226e-14
 10
-363.67822267753064
 20
-51.55784592692038
  0
LWPOLYLINE
  5
F3A
330
17
100
AcDbEntity
  8
C1
100
AcDbPolyline
 90
2
 70
0
 10
149.57155421218465
 20
-51.55784592692038
 10
150.8363557470397
 20
2.4186774283160226e-14
  0
LWPOLYLINE
  5
F3B
330
17
100
AcDbEntity
  8
C1
100
AcDbPolyline
 90
2
 70
0
 10
149.57155421218465
 20
51.55784592692043
 10
-363.67822267753064
 20
51.55784592692043
  0
LWPOLYLINE
  5
F3C
330
17
100
AcDbEntity
  8
C1
100
AcDbPolyline
 90
2
 70
0
 10
-363.67822267753064
 20
51.55784592692043
 10
-362.4134211426756
 20
2.4186774283160226e-14
  0
LWPOLYLINE
  5
F3D
330
17
100
AcDbEntity
  8
C1
100
AcDbPolyline
 90
2
 70
0
 10
150.8363557470397
 20
2.4186774283160226e-14
 10
149.57155421218465
 20
51.55784592692043
  0
LWPOLYLINE
  5
F3E
330
17
100
AcDbEntity
  8
C1
100
AcDbPolyline
 90
2
 70
0
 10
145.79879071255016
 20
102.23352281549569
 10
-367.45098617716513
 20
102.23352281549569
  0
LWPOLYLINE
  5
F3F
330
17
100
AcDbEntity
  8
C1
100
AcDbPolyline
 90
2
 70
0
 10
-367.45098617716513
 20
102.23352281549569
 10
-363.67822267753064
 20
51.55784592692043
  0
LWPOLYLINE
  5
F40
330
17
100
AcDbEntity
  8
C1
100
AcDbPolyline
 90
2
 70
0
 10
149.57155421218465
 20
51.55784592692043
 10
145.79879071255016
 20
102.23352281549569
  0
LWPOLYLINE
  5
F41
330
17
100
AcDbEntity
  8
C1
100
AcDbPolyline
 90
2
 70
0
 10
139.5826182776226
 20
151.1599557842104
 10
-373.6671586120927
 20
151.1599557842104
  0
LWPOLYLINE
  5
F42
330
17
100
AcDbEntity
  8
C1
100
AcDbPolyline
 90
2
 70
0
 10
-373.6671586120927
 20
151.1599557842104
 10
-367.45098617716513
 20
102.23352281549569
  0
LWPOLYLINE
  5
F43
330
17
100
AcDbEntity
  8
C1
100
AcDbPolyline
 90
2
 70
0
 10
145.79879071255016
 20
102.23352281549569
 10
139.5826182776226
 20
151.1599557842104
  0
LWPOLYLINE
  5
F44
330
17
100
AcDbEntity
  8
C1
100
AcDbPolyline
 90
2
 70
0
 10
131.02939734121207
 20
197.49999999999994
 10
-382.2203795485032
 20
197.49999999999994
  0
LWPOLYLINE
  5
F45
330
17
100
AcDbEntity
  8
C1
100
AcDbPolyline
 90
2
 70
0
 10
-382.2203795485032
 20
197.49999999999994
 10
-373.6671586120927
 20
151.1599557842104
  0
LWPOLYLINE
  5
F46
330
17
100
AcDbEntity
  8
C1
100
AcDbPolyline
 90
2
 70
0
 10
139.5826182776226
 20
151.1599557842104
 10
131.02939734121207
 20
197.49999999999994
  0
LWPOLYLINE
  5
F47
330
17
100
AcDbEntity
  8
C1
100
AcDbPolyline
 90
2
 70
0
 10
120.2854758849416
 20
240.46076445844471
 10
-392.9643010047737
 20
240.46076445844471
  0
LWPOLYLINE
  5
F48
330
17
100
AcDbEntity
  8
C1
100
AcDbPolyline
 90
2
 70
0
 10
-392.9643010047737
 20
240.46076445844471
 10
-382.2203795485032
 20
197.49999999999994
  0
LWPOLYLINE
  5
F49
330
17
100
AcDbEntity
  8
C1
100
AcDbPolyline
 90
2
 70
0
 10
131.02939734121207
 20
197.49999999999994
 10
120.2854758849416
 20
240.46076445844471
  0
LWPOLYLINE
  5
F4A
330
17
100
AcDbEntity
  8
C1
100
AcDbPolyline
 90
2
 70
0
 10
107.53468538370566
 20
279.3071785686863
 10
-405.7150915060096
 20
279.3071785686863
  0
LWPOLYLINE
  5
F4B
330
17
100
AcDbEntity
  8
C1
100
AcDbPolyline
 90
2
 70
0
 10
-405.7150915060096
 20
279.3071785686863
 10
-392.9643010047737
 20
240.46076445844471
  0
LWPOLYLINE
  5
F4C
330
17
100
AcDbEntity
  8
C1
100
AcDbPolyline
 90
2
 70
0
 10
120.2854758849416
 20
240.46076445844471
 10
107.53468538370566
 20
279.3071785686863
  0
LWPOLYLINE
  5
F4D
330
17
100
AcDbEntity
  8
C1
100
AcDbPolyline
 90
2
 70
0
 10
92.99519539816748
 20
313.37456941503785
 10
-420.2545814915478
 20
313.37456941503785
  0
LWPOLYLINE
  5
F4E
330
17
100
AcDbEntity
  8
C1
100
AcDbPolyline
 90
2
 70
0
 10
-420.2545814915478
 20
313.37456941503785
 10
-405.7150915060096
 20
279.3071785686863
  0
LWPOLYLINE
  5
F4F
330
17
100
AcDbEntity
  8
C1
100
AcDbPolyline
 90
2
 70
0
 10
107.53468538370566
 20
279.3071785686863
 10
92.99519539816748
 20
313.37456941503785
  0
LWPOLYLINE
  5
F50
330
17
100
AcDbEntity
  8
C1
100
AcDbPolyline
 90
2
 70
0
 10
76.9157806330877
 20
342.0800344948533
 10
-436.3339962566276
 20
342.0800344948533
  0
LWPOLYLINE
  5
F51
330
17
100
AcDbEntity
  8
C1
100
AcDbPolyline
 90
2
 70
0
 10
-436.3339962566276
 20
342.0800344948533
 10
-420.2545814915478
 20
313.37456941503785
  0
LWPOLYLINE
  5
F52
330
17
100
AcDbEntity
  8
C1
100
AcDbPolyline
 90
2
 70
0
 10
92.99519539816748
 20
313.37456941503785
 10
76.9157806330877
 20
342.0800344948533
  0
LWPOLYLINE
  5
F53
330
17
100
AcDbEntity
  8
C1
100
AcDbPolyline
 90
2
 70
0
 10
59.57156433315288
 20
364.9324153419583
 10
-453.6782125565624
 20
364.9324153419583
  0
LWPOLYLINE
  5
F54
330
17
100
AcDbEntity
  8
C1
100
AcDbPolyline
 90
2
 70
0
 10
-453.6782125565624
 20
364.9324153419583
 10
-436.3339962566276
 20
342.0800344948533
  0
LWPOLYLINE
  5
F55
330
17
100
AcDbEntity
  8
C1
100
AcDbPolyline
 90
2
 70
0
 10
76.9157806330877
 20
342.0800344948533
 10
59.57156433315288
 20
364.9324153419583
  0
LWPOLYLINE
  5
F56
330
17
100
AcDbEntity
  8
C1
100
AcDbPolyline
 90
2
 70
0
 10
41.259310847980146
 20
381.54070138418194
 10
-471.99046604173515
 20
381.54070138418194
  0
LWPOLYLINE
  5
F57
330
17
100
AcDbEntity
  8
C1
100
AcDbPolyline
 90
2
 70
0
 10
-471.99046604173515
 20
381.54070138418194
 10
-453.6782125565624
 20
364.9324153419583
  0
LWPOLYLINE
  5
F58
330
17
100
AcDbEntity
  8
C1
100
AcDbPolyline
 90
2
 70
0
 10
59.57156433315288
 20
364.9324153419583
 10
41.259310847980146
 20
381.54070138418194
  0
LWPOLYLINE
  5
F59
330
17
100
AcDbEntity
  8
C1
100
AcDbPolyline
 90
2
 70
0
 10
22.29234791181665
 20
391.6207202426551
 10
-490.95742897789864
 20
391.6207202426551
  0
LWPOLYLINE
  5
F5A
330
17
100
AcDbEntity
  8
C1
100
AcDbPolyline
 90
2
 70
0
 10
-490.95742897789864
 20
391.6207202426551
 10
-471.99046604173515
 20
381.54070138418194
  0
LWPOLYLINE
  5
F5B
330
17
100
AcDbEntity
  8
C1
100
AcDbPolyline
 90
2
 70
0
 10
41.259310847980146
 20
381.54070138418194
 10
22.29234791181665
 20
391.6207202426551
  0
LWPOLYLINE
  5
F5C
330
17
100
AcDbEntity
  8
C1
100
AcDbPolyline
 90
2
 70
0
 10
2.995205519135652
 20
395.0
 10
-510.25457137057964
 20
395.0
  0
LWPOLYLINE
  5
F5D
330
17
100
AcDbEntity
  8
C1
100
AcDbPolyline
 90
2
 70
0
 10
-510.25457137057964
 20
395.0
 10
-490.95742897789864
 20
391.6207202426551
  0
LWPOLYLINE
  5
F5E
330
17
100
AcDbEntity
  8
C1
100
AcDbPolyline
 90
2
 70
0
 10
22.29234791181665
 20
391.6207202426551
 10
2.995205519135652
 20
395.0
  0
LWPOLYLINE
  5
F5F
330
17
100
AcDbEntity
  8
C1
100
AcDbPolyline
 90
2
 70
0
 10
2.995205519135652
 20
379.0
 10
-510.25457137057964
 20
379.0
  0
LWPOLYLINE
  5
F60
330
17
100
AcDbEntity
  8
C1
100
AcDbPolyline
 90
2
 70
0
 10
-510.25457137057964
 20
379.0
 10
-510.25457137057964
 20
395.0
  0
LWPOLYLINE
  5
F61
330
17
100
AcDbEntity
  8
C1
100
AcDbPolyline
 90
2
 70
0
 10
2.995205519135652
 20
395.0
 10
2.995205519135652
 20
379.0
  0
LWPOLYLINE
  5
F62
330
17
100
AcDbEntity
  8
C1
100
AcDbPolyline
 90
2
 70
0
 10
20.949938006238824
 20
375.75760246067415
 10
-492.29983888347647
 20
375.75760246067415
  0
LWPOLYLINE
  5
F63
330
17
100
AcDbEntity
  8
C1
100
AcDbPolyline
 90
2
 70
0
 10
-492.29983888347647
 20
375.75760246067415
 10
-510.25457137057964
 20
379.0
  0
LWPOLYLINE
  5
F64
330
17
100
AcDbEntity
  8
C1
100
AcDbPolyline
 90
2
 70
0
 10
2.995205519135652
 20
379.0
 10
20.949938006238824
 20
375.75760246067415
  0
LWPOLYLINE
  5
F65
330
17
100
AcDbEntity
  8
C1
100
AcDbPolyline
 90
2
 70
0
 10
38.5974600424953
 20
366.0858881635569
 10
-474.65231684722
 20
366.0858881635569
  0
LWPOLYLINE
  5
F66
330
17
100
AcDbEntity
  8
C1
100
AcDbPolyline
 90
2
 70
0
 10
-474.65231684722
 20
366.0858881635569
 10
-492.29983888347647
 20
375.75760246067415
  0
LWPOLYLINE
  5
F67
330
17
100
AcDbEntity
  8
C1
100
AcDbPolyline
 90
2
 70
0
 10
20.949938006238824
 20
375.75760246067415
 10
38.5974600424953
 20
366.0858881635569
  0
LWPOLYLINE
  5
F68
330
17
100
AcDbEntity
  8
C1
100
AcDbPolyline
 90
2
 70
0
 10
55.63581763304734
 20
350.15034282177766
 10
-457.61395925666795
 20
350.15034282177766
  0
LWPOLYLINE
  5
F69
330
17
100
AcDbEntity
  8
C1
100
AcDbPolyline
 90
2
 70
0
 10
-457.61395925666795
 20
350.15034282177766
 10
-474.65231684722
 20
366.0858881635569
  0
LWPOLYLINE
  5
F6A
330
17
100
AcDbEntity
  8
C1
100
AcDbPolyline
 90
2
 70
0
 10
38.5974600424953
 20
366.0858881635569
 10
55.63581763304734
 20
350.15034282177766
  0
LWPOLYLINE
  5
F6B
330
17
100
AcDbEntity
  8
C1
100
AcDbPolyline
 90
2
 70
0
 10
71.77347975559536
 20
328.2236280343023
 10
-441.47629713411993
 20
328.2236280343023
  0
LWPOLYLINE
  5
F6C
330
17
100
AcDbEntity
  8
C1
100
AcDbPolyline
 90
2
 70
0
 10
-441.47629713411993
 20
328.2236280343023
 10
-457.61395925666795
 20
350.15034282177766
  0
LWPOLYLINE
  5
F6D
330
17
100
AcDbEntity
  8
C1
100
AcDbPolyline
 90
2
 70
0
 10
55.63581763304734
 20
350.15034282177766
 10
71.77347975559536
 20
328.2236280343023
  0
LWPOLYLINE
  5
F6E
330
17
100
AcDbEntity
  8
C1
100
AcDbPolyline
 90
2
 70
0
 10
86.73432653701747
 20
300.6809159703781
 10
-426.5154503526978
 20
300.6809159703781
  0
LWPOLYLINE
  5
F6F
330
17
100
AcDbEntity
  8
C1
100
AcDbPolyline
 90
2
 70
0
 10
-426.5154503526978
 20
300.6809159703781
 10
-441.47629713411993
 20
328.2236280343023
  0
LWPOLYLINE
  5
F70
330
17
100
AcDbEntity
  8
C1
100
AcDbPolyline
 90
2
 70
0
 10
71.77347975559536
 20
328.2236280343023
 10
86.73432653701747
 20
300.6809159703781
  0
LWPOLYLINE
  5
F71
330
17
100
AcDbEntity
  8
C1
100
AcDbPolyline
 90
2
 70
0
 10
100.26237374095297
 20
267.9934700697015
 10
-412.9874031487623
 20
267.9934700697015
  0
LWPOLYLINE
  5
F72
330
17
100
AcDbEntity
  8
C1
100
AcDbPolyline
 90
2
 70
0
 10
-412.9874031487623
 20
267.9934700697015
 10
-426.5154503526978
 20
300.6809159703781
  0
LWPOLYLINE
  5
F73
330
17
100
AcDbEntity
  8
C1
100
AcDbPolyline
 90
2
 70
0
 10
86.73432653701747
 20
300.6809159703781
 10
100.26237374095297
 20
267.9934700697015
  0
LWPOLYLINE
  5
F74
330
17
100
AcDbEntity
  8
C1
100
AcDbPolyline
 90
2
 70
0
 10
112.12615272905947
 20
230.72058159430512
 10
-401.1236241606558
 20
230.72058159430512
  0
LWPOLYLINE
  5
F75
330
17
100
AcDbEntity
  8
C1
100
AcDbPolyline
 90
2
 70
0
 10
-401.1236241606558
 20
230.72058159430512
 10
-412.9874031487623
 20
267.9934700697015
  0
LWPOLYLINE
  5
F76
330
17
100
AcDbEntity
  8
C1
100
AcDbPolyline
 90
2
 70
0
 10
100.26237374095297
 20
267.9934700697015
 10
112.12615272905947
 20
230.72058159430512
  0
LWPOLYLINE
  5
F77
330
17
100
AcDbEntity
  8
C1
100
AcDbPolyline
 90
2
 70
0
 10
122.12267095358942
 20
189.50000000000003
 10
-391.1271059361259
 20
189.50000000000003
  0
LWPOLYLINE
  5
F78
330
17
100
AcDbEntity
  8
C1
100
AcDbPolyline
 90
2
 70
0
 10
-391.1271059361259
 20
189.50000000000003
 10
-401.1236241606558
 20
230.72058159430512
  0
LWPOLYLINE
  5
F79
330
17
100
AcDbEntity
  8
C1
100
AcDbPolyline
 90
2
 70
0
 10
112.12615272905947
 20
230.72058159430512
 10
122.12267095358942
 20
189.50000000000003
  0
LWPOLYLINE
  5
F7A
330
17
100
AcDbEntity
  8
C1
100
AcDbPolyline
 90
2
 70
0
 10
130.08088521616259
 20
145.03702086636906
 10
-383.1688916735527
 20
145.03702086636906
  0
LWPOLYLINE
  5
F7B
330
17
100
AcDbEntity
  8
C1
100
AcDbPolyline
 90
2
 70
0
 10
-383.1688916735527
 20
145.03702086636906
 10
-391.1271059361259
 20
189.50000000000003
  0
LWPOLYLINE
  5
F7C
330
17
100
AcDbEntity
  8
C1
100
AcDbPolyline
 90
2
 70
0
 10
122.12267095358942
 20
189.50000000000003
 10
130.08088521616259
 20
145.03702086636906
  0
LWPOLYLINE
  5
F7D
330
17
100
AcDbEntity
  8
C1
100
AcDbPolyline
 90
2
 70
0
 10
135.8646282643126
 20
98.09241809385536
 10
-377.3851486254027
 20
98.09241809385536
  0
LWPOLYLINE
  5
F7E
330
17
100
AcDbEntity
  8
C1
100
AcDbPolyline
 90
2
 70
0
 10
-377.3851486254027
 20
98.09241809385536
 10
-383.1688916735527
 20
145.03702086636906
  0
LWPOLYLINE
  5
F7F
330
17
100
AcDbEntity
  8
C1
100
AcDbPolyline
 90
2
 70
0
 10
130.08088521616259
 20
145.03702086636906
 10
135.8646282643126
 20
98.09241809385536
  0
LWPOLYLINE
  5
F80
330
17
100
AcDbEntity
  8
C1
100
AcDbPolyline
 90
2
 70
0
 10
139.37493865092904
 20
49.4694268513996
 10
-373.87483823878625
 20
49.4694268513996
  0
LWPOLYLINE
  5
F81
330
17
100
AcDbEntity
  8
C1
100
AcDbPolyline
 90
2
 70
0
 10
-373.87483823878625
 20
49.4694268513996
 10
-377.3851486254027
 20
98.09241809385536
  0
LWPOLYLINE
  5
F82
330
17
100
AcDbEntity
  8
C1
100
AcDbPolyline
 90
2
 70
0
 10
135.8646282643126
 20
98.09241809385536
 10
139.37493865092904
 20
49.4694268513996
  0
LWPOLYLINE
  5
F83
330
17
100
AcDbEntity
  8
C1
100
AcDbPolyline
 90
2
 70
0
 10
140.55175399205507
 20
2.3207056843842342e-14
 10
-372.6980228976602
 20
2.3207056843842342e-14
  0
LWPOLYLINE
  5
F84
330
17
100
AcDbEntity
  8
C1
100
AcDbPolyline
 90
2
 70
0
 10
-372.6980228976602
 20
2.3207056843842342e-14
 10
-373.87483823878625
 20
49.4694268513996
  0
LWPOLYLINE
  5
F85
330
17
100
AcDbEntity
  8
C1
100
AcDbPolyline
 90
2
 70
0
 10
139.37493865092904
 20
49.4694268513996
 10
140.55175399205507
 20
2.3207056843842342e-14
  0
LWPOLYLINE
  5
F86
330
17
100
AcDbEntity
  8
C1
100
AcDbPolyline
 90
2
 70
0
 10
139.37493865092904
 20
-49.469426851399554
 10
-373.87483823878625
 20
-49.469426851399554
  0
LWPOLYLINE
  5
F87
330
17
100
AcDbEntity
  8
C1
100
AcDbPolyline
 90
2
 70
0
 10
-373.87483823878625
 20
-49.469426851399554
 10
-372.6980228976602
 20
2.3207056843842342e-14
  0
LWPOLYLINE
  5
F88
330
17
100
AcDbEntity
  8
C1
100
AcDbPolyline
 90
2
 70
0
 10
140.55175399205507
 20
2.3207056843842342e-14
 10
139.37493865092904
 20
-49.469426851399554
  0
LWPOLYLINE
  5
F89
330
17
100
AcDbEntity
  8
C1
100
AcDbPolyline
 90
2
 70
0
 10
135.8646282643126
 20
-98.09241809385531
 10
-377.3851486254027
 20
-98.09241809385531
  0
LWPOLYLINE
  5
F8A
330
17
100
AcDbEntity
  8
C1
100
AcDbPolyline
 90
2
 70
0
 10
-377.3851486254027
 20
-98.09241809385531
 10
-373.87483823878625
 20
-49.469426851399554
  0
LWPOLYLINE
  5
F8B
330
17
100
AcDbEntity
  8
C1
100
AcDbPolyline
 90
2
 70
0
 10
139.37493865092904
 20
-49.469426851399554
 10
135.8646282643126
 20
-98.09241809385531
  0
LWPOLYLINE
  5
F8C
330
17
100
AcDbEntity
  8
C1
100
AcDbPolyline
 90
2
 70
0
 10
130.08088521616259
 20
-145.03702086636892
 10
-383.1688916735527
 20
-145.03702086636892
  0
LWPOLYLINE
  5
F8D
330
17
100
AcDbEntity
  8
C1
100
AcDbPolyline
 90
2
 70
0
 10
-383.1688916735527
 20
-145.03702086636892
 10
-377.3851486254027
 20
-98.09241809385531
  0
LWPOLYLINE
  5
F8E
330
17
100
AcDbEntity
  8
C1
100
AcDbPolyline
 90
2
 70
0
 10
135.8646282643126
 20
-98.09241809385531
 10
130.08088521616259
 20
-145.03702086636892
  0
LWPOLYLINE
  5
F8F
330
17
100
AcDbEntity
  8
C1
100
AcDbPolyline
 90
2
 70
0
 10
122.12267095358942
 20
-189.49999999999991
 10
-391.1271059361259
 20
-189.49999999999991
  0
LWPOLYLINE
  5
F90
330
17
100
AcDbEntity
  8
C1
100
AcDbPolyline
 90
2
 70
0
 10
-391.1271059361259
 20
-189.49999999999991
 10
-383.1688916735527
 20
-145.03702086636892
  0
LWPOLYLINE
  5
F91
330
17
100
AcDbEntity
  8
C1
100
AcDbPolyline
 90
2
 70
0
 10
130.08088521616259
 20
-145.03702086636892
 10
122.12267095358942
 20
-189.49999999999991
  0
LWPOLYLINE
  5
F92
330
17
100
AcDbEntity
  8
C1
100
AcDbPolyline
 90
2
 70
0
 10
112.12615272905947
 20
-230.72058159430512
 10
-401.1236241606558
 20
-230.72058159430512
  0
LWPOLYLINE
  5
F93
330
17
100
AcDbEntity
  8
C1
100
AcDbPolyline
 90
2
 70
0
 10
-401.1236241606558
 20
-230.72058159430512
 10
-391.1271059361259
 20
-189.49999999999991
  0
LWPOLYLINE
  5
F94
330
17
100
AcDbEntity
  8
C1
100
AcDbPolyline
 90
2
 70
0
 10
122.12267095358942
 20
-189.49999999999991
 10
112.12615272905947
 20
-230.72058159430512
  0
LWPOLYLINE
  5
F95
330
17
100
AcDbEntity
  8
C1
100
AcDbPolyline
 90
2
 70
0
 10
100.26237374095297
 20
-267.9934700697015
 10
-412.9874031487623
 20
-267.9934700697015
  0
LWPOLYLINE
  5
F96
330
17
100
AcDbEntity
  8
C1
100
AcDbPolyline
 90
2
 70
0
 10
-412.9874031487623
 20
-267.9934700697015
 10
-401.1236241606558
 20
-230.72058159430512
  0
LWPOLYLINE
  5
F97
330
17
100
AcDbEntity
  8
C1
100
AcDbPolyline
 90
2
 70
0
 10
112.12615272905947
 20
-230.72058159430512
 10
100.26237374095297
 20
-267.9934700697015
  0
LWPOLYLINE
  5
F98
330
17
100
AcDbEntity
  8
C1
100
AcDbPolyline
 90
2
 70
0
 10
86.73432653701747
 20
-300.68091597037807
 10
-426.5154503526978
 20
-300.68091597037807
  0
LWPOLYLINE
  5
F99
330
17
100
AcDbEntity
  8
C1
100
AcDbPolyline
 90
2
 70
0
 10
-426.5154503526978
 20
-300.68091597037807
 10
-412.9874031487623
 20
-267.9934700697015
  0
LWPOLYLINE
  5
F9A
330
17
100
AcDbEntity
  8
C1
100
AcDbPolyline
 90
2
 70
0
 10
100.26237374095297
 20
-267.9934700697015
 10
86.73432653701747
 20
-300.68091597037807
  0
LWPOLYLINE
  5
F9B
330
17
100
AcDbEntity
  8
C1
100
AcDbPolyline
 90
2
 70
0
 10
71.77347975559536
 20
-328.2236280343023
 10
-441.47629713411993
 20
-328.2236280343023
  0
LWPOLYLINE
  5
F9C
330
17
100
AcDbEntity
  8
C1
100
AcDbPolyline
 90
2
 70
0
 10
-441.47629713411993
 20
-328.2236280343023
 10
-426.5154503526978
 20
-300.68091597037807
  0
LWPOLYLINE
  5
F9D
330
17
100
AcDbEntity
  8
C1
100
AcDbPolyline
 90
2
 70
0
 10
86.73432653701747
 20
-300.68091597037807
 10
71.77347975559536
 20
-328.2236280343023
  0
LWPOLYLINE
  5
F9E
330
17
100
AcDbEntity
  8
C1
100
AcDbPolyline
 90
2
 70
0
 10
55.63581763304734
 20
-350.15034282177766
 10
-457.61395925666795
 20
-350.15034282177766
  0
LWPOLYLINE
  5
F9F
330
17
100
AcDbEntity
  8
C1
100
AcDbPolyline
 90
2
 70
0
 10
-457.61395925666795
 20
-350.15034282177766
 10
-441.47629713411993
 20
-328.2236280343023
  0
LWPOLYLINE
  5
FA0
330
17
100
AcDbEntity
  8
C1
100
AcDbPolyline
 90
2
 70
0
 10
71.77347975559536
 20
-328.2236280343023
 10
55.63581763304734
 20
-350.15034282177766
  0
LWPOLYLINE
  5
FA1
330
17
100
AcDbEntity
  8
C1
100
AcDbPolyline
 90
2
 70
0
 10
38.5974600424953
 20
-366.08588816355683
 10
-474.65231684722
 20
-366.08588816355683
  0
LWPOLYLINE
  5
FA2
330
17
100
AcDbEntity
  8
C1
100
AcDbPolyline
 90
2
 70
0
 10
-474.65231684722
 20
-366.08588816355683
 10
-457.61395925666795
 20
-350.15034282177766
  0
LWPOLYLINE
  5
FA3
330
17
100
AcDbEntity
  8
C1
100
AcDbPolyline
 90
2
 70
0
 10
55.63581763304734
 20
-350.15034282177766
 10
38.5974600424953
 20
-366.08588816355683
  0
LWPOLYLINE
  5
FA4
330
17
100
AcDbEntity
  8
C1
100
AcDbPolyline
 90
2
 70
0
 10
20.949938006238824
 20
-375.75760246067415
 10
-492.29983888347647
 20
-375.75760246067415
  0
LWPOLYLINE
  5
FA5
330
17
100
AcDbEntity
  8
C1
100
AcDbPolyline
 90
2
 70
0
 10
-492.29983888347647
 20
-375.75760246067415
 10
-474.65231684722
 20
-366.08588816355683
  0
LWPOLYLINE
  5
FA6
330
17
100
AcDbEntity
  8
C1
100
AcDbPolyline
 90
2
 70
0
 10
38.5974600424953
 20
-366.08588816355683
 10
20.949938006238824
 20
-375.75760246067415
  0
LWPOLYLINE
  5
FA7
330
17
100
AcDbEntity
  8
C1
100
AcDbPolyline
 90
2
 70
0
 10
2.995205519135652
 20
-379.0
 10
-510.25457137057964
 20
-379.0
  0
LWPOLYLINE
  5
FA8
330
17
100
AcDbEntity
  8
C1
100
AcDbPolyline
 90
2
 70
0
 10
-510.25457137057964
 20
-379.0
 10
-492.29983888347647
 20
-375.75760246067415
  0
LWPOLYLINE
  5
FA9
330
17
100
AcDbEntity
  8
C1
100
AcDbPolyline
 90
2
 70
0
 10
20.949938006238824
 20
-375.75760246067415
 10
2.995205519135652
 20
-379.0
  0
LWPOLYLINE
  5
FAA
330
17
100
AcDbEntity
  8
C1
100
AcDbPolyline
 90
2
 70
0
 10
-510.25457137057964
 20
-395.0
 10
-510.25457137057964
 20
-379.0
  0
LWPOLYLINE
  5
FAB
330
17
100
AcDbEntity
  8
C1
100
AcDbPolyline
 90
2
 70
0
 10
2.995205519135652
 20
-379.0
 10
2.995205519135652
 20
-395.0
  0
LWPOLYLINE
  5
FAD
330
17
100
AcDbEntity
  8
C2
100
AcDbPolyline
 90
2
 70
0
 10
0.0
 20
-395.0
 10
530.0
 20
-395.0
  0
LWPOLYLINE
  5
FAE
330
17
100
AcDbEntity
  8
C2
100
AcDbPolyline
 90
2
 70
0
 10
530.0
 20
-391.6207202426551
 10
0.0
 20
-391.6207202426551
  0
LWPOLYLINE
  5
FAF
330
17
100
AcDbEntity
  8
C2
100
AcDbPolyline
 90
2
 70
0
 10
0.0
 20
-391.6207202426551
 10
0.0
 20
-395.0
  0
LWPOLYLINE
  5
FB0
330
17
100
AcDbEntity
  8
C2
100
AcDbPolyline
 90
2
 70
0
 10
530.0
 20
-395.0
 10
530.0
 20
-391.6207202426551
  0
LWPOLYLINE
  5
FB1
330
17
100
AcDbEntity
  8
C2
100
AcDbPolyline
 90
2
 70
0
 10
530.0
 20
-381.54070138418194
 10
0.0
 20
-381.54070138418194
  0
LWPOLYLINE
  5
FB2
330
17
100
AcDbEntity
  8
C2
100
AcDbPolyline
 90
2
 70
0
 10
0.0
 20
-381.54070138418194
 10
0.0
 20
-391.6207202426551
  0
LWPOLYLINE
  5
FB3
330
17
100
AcDbEntity
  8
C2
100
AcDbPolyline
 90
2
 70
0
 10
530.0
 20
-391.6207202426551
 10
530.0
 20
-381.54070138418194
  0
LWPOLYLINE
  5
FB4
330
17
100
AcDbEntity
  8
C2
100
AcDbPolyline
 90
2
 70
0
 10
530.0
 20
-364.9324153419583
 10
0.0
 20
-364.9324153419583
  0
LWPOLYLINE
  5
FB5
330
17
100
AcDbEntity
  8
C2
100
AcDbPolyline
 90
2
 70
0
 10
0.0
 20
-364.9324153419583
 10
0.0
 20
-381.54070138418194
  0
LWPOLYLINE
  5
FB6
330
17
100
AcDbEntity
  8
C2
100
AcDbPolyline
 90
2
 70
0
 10
530.0
 20
-381.54070138418194
 10
530.0
 20
-364.9324153419583
  0
LWPOLYLINE
  5
FB7
330
17
100
AcDbEntity
  8
C2
100
AcDbPolyline
 90
2
 70
0
 10
530.0
 20
-342.0800344948533
 10
0.0
 20
-342.0800344948533
  0
LWPOLYLINE
  5
FB8
330
17
100
AcDbEntity
  8
C2
100
AcDbPolyline
 90
2
 70
0
 10
0.0
 20
-342.0800344948533
 10
0.0
 20
-364.9324153419583
  0
LWPOLYLINE
  5
FB9
330
17
100
AcDbEntity
  8
C2
100
AcDbPolyline
 90
2
 70
0
 10
530.0
 20
-364.9324153419583
 10
530.0
 20
-342.0800344948533
  0
LWPOLYLINE
  5
FBA
330
17
100
AcDbEntity
  8
C2
100
AcDbPolyline
 90
2
 70
0
 10
530.0
 20
-313.37456941503785
 10
0.0
 20
-313.37456941503785
  0
LWPOLYLINE
  5
FBB
330
17
100
AcDbEntity
  8
C2
100
AcDbPolyline
 90
2
 70
0
 10
0.0
 20
-313.37456941503785
 10
0.0
 20
-342.0800344948533
  0
LWPOLYLINE
  5
FBC
330
17
100
AcDbEntity
  8
C2
100
AcDbPolyline
 90
2
 70
0
 10
530.0
 20
-342.0800344948533
 10
530.0
 20
-313.37456941503785
  0
LWPOLYLINE
  5
FBD
330
17
100
AcDbEntity
  8
C2
100
AcDbPolyline
 90
2
 70
0
 10
530.0
 20
-279.30717856868625
 10
0.0
 20
-279.30717856868625
  0
LWPOLYLINE
  5
FBE
330
17
100
AcDbEntity
  8
C2
100
AcDbPolyline
 90
2
 70
0
 10
0.0
 20
-279.30717856868625
 10
0.0
 20
-313.37456941503785
  0
LWPOLYLINE
  5
FBF
330
17
100
AcDbEntity
  8
C2
100
AcDbPolyline
 90
2
 70
0
 10
530.0
 20
-313.37456941503785
 10
530.0
 20
-279.30717856868625
  0
LWPOLYLINE
  5
FC0
330
17
100
AcDbEntity
  8
C2
100
AcDbPolyline
 90
2
 70
0
 10
530.0
 20
-240.46076445844466
 10
0.0
 20
-240.46076445844466
  0
LWPOLYLINE
  5
FC1
330
17
100
AcDbEntity
  8
C2
100
AcDbPolyline
 90
2
 70
0
 10
0.0
 20
-240.46076445844466
 10
0.0
 20
-279.30717856868625
  0
LWPOLYLINE
  5
FC2
330
17
100
AcDbEntity
  8
C2
100
AcDbPolyline
 90
2
 70
0
 10
530.0
 20
-279.30717856868625
 10
530.0
 20
-240.46076445844466
  0
LWPOLYLINE
  5
FC3
330
17
100
AcDbEntity
  8
C2
100
AcDbPolyline
 90
2
 70
0
 10
530.0
 20
-197.50000000000009
 10
0.0
 20
-197.50000000000009
  0
LWPOLYLINE
  5
FC4
330
17
100
AcDbEntity
  8
C2
100
AcDbPolyline
 90
2
 70
0
 10
0.0
 20
-197.50000000000009
 10
0.0
 20
-240.46076445844466
  0
LWPOLYLINE
  5
FC5
330
17
100
AcDbEntity
  8
C2
100
AcDbPolyline
 90
2
 70
0
 10
530.0
 20
-240.46076445844466
 10
530.0
 20
-197.50000000000009
  0
LWPOLYLINE
  5
FC6
330
17
100
AcDbEntity
  8
C2
100
AcDbPolyline
 90
2
 70
0
 10
530.0
 20
-151.15995578421044
 10
0.0
 20
-151.15995578421044
  0
LWPOLYLINE
  5
FC7
330
17
100
AcDbEntity
  8
C2
100
AcDbPolyline
 90
2
 70
0
 10
0.0
 20
-151.15995578421044
 10
0.0
 20
-197.50000000000009
  0
LWPOLYLINE
  5
FC8
330
17
100
AcDbEntity
  8
C2
100
AcDbPolyline
 90
2
 70
0
 10
530.0
 20
-197.50000000000009
 10
530.0
 20
-151.15995578421044
  0
LWPOLYLINE
  5
FC9
330
17
100
AcDbEntity
  8
C2
100
AcDbPolyline
 90
2
 70
0
 10
530.0
 20
-102.23352281549565
 10
0.0
 20
-102.23352281549565
  0
LWPOLYLINE
  5
FCA
330
17
100
AcDbEntity
  8
C2
100
AcDbPolyline
 90
2
 70
0
 10
0.0
 20
-102.23352281549565
 10
0.0
 20
-151.15995578421044
  0
LWPOLYLINE
  5
FCB
330
17
100
AcDbEntity
  8
C2
100
AcDbPolyline
 90
2
 70
0
 10
530.0
 20
-151.15995578421044
 10
530.0
 20
-102.23352281549565
  0
LWPOLYLINE
  5
FCC
330
17
100
AcDbEntity
  8
C2
100
AcDbPolyline
 90
2
 70
0
 10
530.0
 20
-51.55784592692038
 10
0.0
 20
-51.55784592692038
  0
LWPOLYLINE
  5
FCD
330
17
100
AcDbEntity
  8
C2
100
AcDbPolyline
 90
2
 70
0
 10
0.0
 20
-51.55784592692038
 10
0.0
 20
-102.23352281549565
  0
LWPOLYLINE
  5
FCE
330
17
100
AcDbEntity
  8
C2
100
AcDbPolyline
 90
2
 70
0
 10
530.0
 20
-102.23352281549565
 10
530.0
 20
-51.55784592692038
  0
LWPOLYLINE
  5
FCF
330
17
100
AcDbEntity
  8
C2
100
AcDbPolyline
 90
2
 70
0
 10
530.0
 20
2.4186774283160226e-14
 10
0.0
 20
2.4186774283160226e-14
  0
LWPOLYLINE
  5
FD0
330
17
100
AcDbEntity
  8
C2
100
AcDbPolyline
 90
2
 70
0
 10
0.0
 20
2.4186774283160226e-14
 10
0.0
 20
-51.55784592692038
  0
LWPOLYLINE
  5
FD1
330
17
100
AcDbEntity
  8
C2
100
AcDbPolyline
 90
2
 70
0
 10
530.0
 20
-51.55784592692038
 10
530.0
 20
2.4186774283160226e-14
  0
LWPOLYLINE
  5
FD2
330
17
100
AcDbEntity
  8
C2
100
AcDbPolyline
 90
2
 70
0
 10
530.0
 20
51.55784592692043
 10
0.0
 20
51.55784592692043
  0
LWPOLYLINE
  5
FD3
330
17
100
AcDbEntity
  8
C2
100
AcDbPolyline
 90
2
 70
0
 10
0.0
 20
51.55784592692043
 10
0.0
 20
2.4186774283160226e-14
  0
LWPOLYLINE
  5
FD4
330
17
100
AcDbEntity
  8
C2
100
AcDbPolyline
 90
2
 70
0
 10
530.0
 20
2.4186774283160226e-14
 10
530.0
 20
51.55784592692043
  0
LWPOLYLINE
  5
FD5
330
17
100
AcDbEntity
  8
C2
100
AcDbPolyline
 90
2
 70
0
 10
530.0
 20
102.23352281549569
 10
0.0
 20
102.23352281549569
  0
LWPOLYLINE
  5
FD6
330
17
100
AcDbEntity
  8
C2
100
AcDbPolyline
 90
2
 70
0
 10
0.0
 20
102.23352281549569
 10
0.0
 20
51.55784592692043
  0
LWPOLYLINE
  5
FD7
330
17
100
AcDbEntity
  8
C2
100
AcDbPolyline
 90
2
 70
0
 10
530.0
 20
51.55784592692043
 10
530.0
 20
102.23352281549569
  0
LWPOLYLINE
  5
FD8
330
17
100
AcDbEntity
  8
C2
100
AcDbPolyline
 90
2
 70
0
 10
530.0
 20
151.1599557842104
 10
0.0
 20
151.1599557842104
  0
LWPOLYLINE
  5
FD9
330
17
100
AcDbEntity
  8
C2
100
AcDbPolyline
 90
2
 70
0
 10
0.0
 20
151.1599557842104
 10
0.0
 20
102.23352281549569
  0
LWPOLYLINE
  5
FDA
330
17
100
AcDbEntity
  8
C2
100
AcDbPolyline
 90
2
 70
0
 10
530.0
 20
102.23352281549569
 10
530.0
 20
151.1599557842104
  0
LWPOLYLINE
  5
FDB
330
17
100
AcDbEntity
  8
C2
100
AcDbPolyline
 90
2
 70
0
 10
530.0
 20
197.49999999999994
 10
0.0
 20
197.49999999999994
  0
LWPOLYLINE
  5
FDC
330
17
100
AcDbEntity
  8
C2
100
AcDbPolyline
 90
2
 70
0
 10
0.0
 20
197.49999999999994
 10
0.0
 20
151.1599557842104
  0
LWPOLYLINE
  5
FDD
330
17
100
AcDbEntity
  8
C2
100
AcDbPolyline
 90
2
 70
0
 10
530.0
 20
151.1599557842104
 10
530.0
 20
197.49999999999994
  0
LWPOLYLINE
  5
FDE
330
17
100
AcDbEntity
  8
C2
100
AcDbPolyline
 90
2
 70
0
 10
530.0
 20
240.46076445844471
 10
0.0
 20
240.46076445844471
  0
LWPOLYLINE
  5
FDF
330
17
100
AcDbEntity
  8
C2
100
AcDbPolyline
 90
2
 70
0
 10
0.0
 20
240.46076445844471
 10
0.0
 20
197.49999999999994
  0
LWPOLYLINE
  5
FE0
330
17
100
AcDbEntity
  8
C2
100
AcDbPolyline
 90
2
 70
0
 10
530.0
 20
197.49999999999994
 10
530.0
 20
240.46076445844471
  0
LWPOLYLINE
  5
FE1
330
17
100
AcDbEntity
  8
C2
100
AcDbPolyline
 90
2
 70
0
 10
530.0
 20
279.3071785686863
 10
0.0
 20
279.3071785686863
  0
LWPOLYLINE
  5
FE2
330
17
100
AcDbEntity
  8
C2
100
AcDbPolyline
 90
2
 70
0
 10
0.0
 20
279.3071785686863
 10
0.0
 20
240.46076445844471
  0
LWPOLYLINE
  5
FE3
330
17
100
AcDbEntity
  8
C2
100
AcDbPolyline
 90
2
 70
0
 10
530.0
 20
240.46076445844471
 10
530.0
 20
279.3071785686863
  0
LWPOLYLINE
  5
FE4
330
17
100
AcDbEntity
  8
C2
100
AcDbPolyline
 90
2
 70
0
 10
530.0
 20
313.37456941503785
 10
0.0
 20
313.37456941503785
  0
LWPOLYLINE
  5
FE5
330
17
100
AcDbEntity
  8
C2
100
AcDbPolyline
 90
2
 70
0
 10
0.0
 20
313.37456941503785
 10
0.0
 20
279.3071785686863
  0
LWPOLYLINE
  5
FE6
330
17
100
AcDbEntity
  8
C2
100
AcDbPolyline
 90
2
 70
0
 10
530.0
 20
279.3071785686863
 10
530.0
 20
313.37456941503785
  0
LWPOLYLINE
  5
FE7
330
17
100
AcDbEntity
  8
C2
100
AcDbPolyline
 90
2
 70
0
 10
530.0
 20
342.0800344948533
 10
0.0
 20
342.0800344948533
  0
LWPOLYLINE
  5
FE8
330
17
100
AcDbEntity
  8
C2
100
AcDbPolyline
 90
2
 70
0
 10
0.0
 20
342.0800344948533
 10
0.0
 20
313.37456941503785
  0
LWPOLYLINE
  5
FE9
330
17
100
AcDbEntity
  8
C2
100
AcDbPolyline
 90
2
 70
0
 10
530.0
 20
313.37456941503785
 10
530.0
 20
342.0800344948533
  0
LWPOLYLINE
  5
FEA
330
17
100
AcDbEntity
  8
C2
100
AcDbPolyline
 90
2
 70
0
 10
530.0
 20
364.9324153419583
 10
0.0
 20
364.9324153419583
  0
LWPOLYLINE
  5
FEB
330
17
100
AcDbEntity
  8
C2
100
AcDbPolyline
 90
2
 70
0
 10
0.0
 20
364.9324153419583
 10
0.0
 20
342.0800344948533
  0
LWPOLYLINE
  5
FEC
330
17
100
AcDbEntity
  8
C2
100
AcDbPolyline
 90
2
 70
0
 10
530.0
 20
342.0800344948533
 10
530.0
 20
364.9324153419583
  0
LWPOLYLINE
  5
FED
330
17
100
AcDbEntity
  8
C2
100
AcDbPolyline
 90
2
 70
0
 10
530.0
 20
381.54070138418194
 10
0.0
 20
381.54070138418194
  0
LWPOLYLINE
  5
FEE
330
17
100
AcDbEntity
  8
C2
100
AcDbPolyline
 90
2
 70
0
 10
0.0
 20
381.54070138418194
 10
0.0
 20
364.9324153419583
  0
LWPOLYLINE
  5
FEF
330
17
100
AcDbEntity
  8
C2
100
AcDbPolyline
 90
2
 70
0
 10
530.0
 20
364.9324153419583
 10
530.0
 20
381.54070138418194
  0
LWPOLYLINE
  5
FF0
330
17
100
AcDbEntity
  8
C2
100
AcDbPolyline
 90
2
 70
0
 10
530.0
 20
391.6207202426551
 10
0.0
 20
391.6207202426551
  0
LWPOLYLINE
  5
FF1
330
17
100
AcDbEntity
  8
C2
100
AcDbPolyline
 90
2
 70
0
 10
0.0
 20
391.6207202426551
 10
0.0
 20
381.54070138418194
  0
LWPOLYLINE
  5
FF2
330
17
100
AcDbEntity
  8
C2
100
AcDbPolyline
 90
2
 70
0
 10
530.0
 20
381.54070138418194
 10
530.0
 20
391.6207202426551
  0
LWPOLYLINE
  5
FF3
330
17
100
AcDbEntity
  8
C2
100
AcDbPolyline
 90
2
 70
0
 10
530.0
 20
395.0
 10
0.0
 20
395.0
  0
LWPOLYLINE
  5
FF4
330
17
100
AcDbEntity
  8
C2
100
AcDbPolyline
 90
2
 70
0
 10
0.0
 20
395.0
 10
0.0
 20
391.6207202426551
  0
LWPOLYLINE
  5
FF5
330
17
100
AcDbEntity
  8
C2
100
AcDbPolyline
 90
2
 70
0
 10
530.0
 20
391.6207202426551
 10
530.0
 20
395.0
  0
LWPOLYLINE
  5
FF6
330
17
100
AcDbEntity
  8
C2
100
AcDbPolyline
 90
2
 70
0
 10
530.0
 20
379.0
 10
0.0
 20
379.0
  0
LWPOLYLINE
  5
FF7
330
17
100
AcDbEntity
  8
C2
100
AcDbPolyline
 90
2
 70
0
 10
0.0
 20
379.0
 10
0.0
 20
395.0
  0
LWPOLYLINE
  5
FF8
330
17
100
AcDbEntity
  8
C2
100
AcDbPolyline
 90
2
 70
0
 10
530.0
 20
395.0
 10
530.0
 20
379.0
  0
LWPOLYLINE
  5
FF9
330
17
100
AcDbEntity
  8
C2
100
AcDbPolyline
 90
2
 70
0
 10
530.0
 20
375.75760246067415
 10
0.0
 20
375.75760246067415
  0
LWPOLYLINE
  5
FFA
330
17
100
AcDbEntity
  8
C2
100
AcDbPolyline
 90
2
 70
0
 10
0.0
 20
375.75760246067415
 10
0.0
 20
379.0
  0
LWPOLYLINE
  5
FFB
330
17
100
AcDbEntity
  8
C2
100
AcDbPolyline
 90
2
 70
0
 10
530.0
 20
379.0
 10
530.0
 20
375.75760246067415
  0
LWPOLYLINE
  5
FFC
330
17
100
AcDbEntity
  8
C2
100
AcDbPolyline
 90
2
 70
0
 10
530.0
 20
366.0858881635569
 10
0.0
 20
366.0858881635569
  0
LWPOLYLINE
  5
FFD
330
17
100
AcDbEntity
  8
C2
100
AcDbPolyline
 90
2
 70
0
 10
0.0
 20
366.0858881635569
 10
0.0
 20
375.75760246067415
  0
LWPOLYLINE
  5
FFE
330
17
100
AcDbEntity
  8
C2
100
AcDbPolyline
 90
2
 70
0
 10
530.0
 20
375.75760246067415
 10
530.0
 20
366.0858881635569
  0
LWPOLYLINE
  5
FFF
330
17
100
AcDbEntity
  8
C2
100
AcDbPolyline
 90
2
 70
0
 10
530.0
 20
350.15034282177766
 10
0.0
 20
350.15034282177766
  0
LWPOLYLINE
  5
1000
330
17
100
AcDbEntity
  8
C2
100
AcDbPolyline
 90
2
 70
0
 10
0.0
 20
350.15034282177766
 10
0.0
 20
366.0858881635569
  0
LWPOLYLINE
  5
1001
330
17
100
AcDbEntity
  8
C2
100
AcDbPolyline
 90
2
 70
0
 10
530.0
 20
366.0858881635569
 10
530.0
 20
350.15034282177766
  0
LWPOLYLINE
  5
1002
330
17
100
AcDbEntity
  8
C2
100
AcDbPolyline
 90
2
 70
0
 10
530.0
 20
328.2236280343023
 10
0.0
 20
328.2236280343023
  0
LWPOLYLINE
  5
1003
330
17
100
AcDbEntity
  8
C2
100
AcDbPolyline
 90
2
 70
0
 10
0.0
 20
328.2236280343023
 10
0.0
 20
350.15034282177766
  0
LWPOLYLINE
  5
1004
330
17
100
AcDbEntity
  8
C2
100
AcDbPolyline
 90
2
 70
0
 10
530.0
 20
350.15034282177766
 10
530.0
 20
328.2236280343023
  0
LWPOLYLINE
  5
1005
330
17
100
AcDbEntity
  8
C2
100
AcDbPolyline
 90
2
 70
0
 10
530.0
 20
300.6809159703781
 10
0.0
 20
300.6809159703781
  0
LWPOLYLINE
  5
1006
330
17
100
AcDbEntity
  8
C2
100
AcDbPolyline
 90
2
 70
0
 10
0.0
 20
300.6809159703781
 10
0.0
 20
328.2236280343023
  0
LWPOLYLINE
  5
1007
330
17
100
AcDbEntity
  8
C2
100
AcDbPolyline
 90
2
 70
0
 10
530.0
 20
328.2236280343023
 10
530.0
 20
300.6809159703781
  0
LWPOLYLINE
  5
1008
330
17
100
AcDbEntity
  8
C2
100
AcDbPolyline
 90
2
 70
0
 10
530.0
 20
267.9934700697015
 10
0.0
 20
267.9934700697015
  0
LWPOLYLINE
  5
1009
330
17
100
AcDbEntity
  8
C2
100
AcDbPolyline
 90
2
 70
0
 10
0.0
 20
267.9934700697015
 10
0.0
 20
300.6809159703781
  0
LWPOLYLINE
  5
100A
330
17
100
AcDbEntity
  8
C2
100
AcDbPolyline
 90
2
 70
0
 10
530.0
 20
300.6809159703781
 10
530.0
 20
267.9934700697015
  0
LWPOLYLINE
  5
100B
330
17
100
AcDbEntity
  8
C2
100
AcDbPolyline
 90
2
 70
0
 10
530.0
 20
230.72058159430512
 10
0.0
 20
230.72058159430512
  0
LWPOLYLINE
  5
100C
330
17
100
AcDbEntity
  8
C2
100
AcDbPolyline
 90
2
 70
0
 10
0.0
 20
230.72058159430512
 10
0.0
 20
267.9934700697015
  0
LWPOLYLINE
  5
100D
330
17
100
AcDbEntity
  8
C2
100
AcDbPolyline
 90
2
 70
0
 10
530.0
 20
267.9934700697015
 10
530.0
 20
230.72058159430512
  0
LWPOLYLINE
  5
100E
330
17
100
AcDbEntity
  8
C2
100
AcDbPolyline
 90
2
 70
0
 10
530.0
 20
189.50000000000003
 10
0.0
 20
189.50000000000003
  0
LWPOLYLINE
  5
100F
330
17
100
AcDbEntity
  8
C2
100
AcDbPolyline
 90
2
 70
0
 10
0.0
 20
189.50000000000003
 10
0.0
 20
230.72058159430512
  0
LWPOLYLINE
  5
1010
330
17
100
AcDbEntity
  8
C2
100
AcDbPolyline
 90
2
 70
0
 10
530.0
 20
230.72058159430512
 10
530.0
 20
189.50000000000003
  0
LWPOLYLINE
  5
1011
330
17
100
AcDbEntity
  8
C2
100
AcDbPolyline
 90
2
 70
0
 10
530.0
 20
145.03702086636906
 10
0.0
 20
145.03702086636906
  0
LWPOLYLINE
  5
1012
330
17
100
AcDbEntity
  8
C2
100
AcDbPolyline
 90
2
 70
0
 10
0.0
 20
145.03702086636906
 10
0.0
 20
189.50000000000003
  0
LWPOLYLINE
  5
1013
330
17
100
AcDbEntity
  8
C2
100
AcDbPolyline
 90
2
 70
0
 10
530.0
 20
189.50000000000003
 10
530.0
 20
145.03702086636906
  0
LWPOLYLINE
  5
1014
330
17
100
AcDbEntity
  8
C2
100
AcDbPolyline
 90
2
 70
0
 10
530.0
 20
98.09241809385536
 10
0.0
 20
98.09241809385536
  0
LWPOLYLINE
  5
1015
330
17
100
AcDbEntity
  8
C2
100
AcDbPolyline
 90
2
 70
0
 10
0.0
 20
98.09241809385536
 10
0.0
 20
145.03702086636906
  0
LWPOLYLINE
  5
1016
330
17
100
AcDbEntity
  8
C2
100
AcDbPolyline
 90
2
 70
0
 10
530.0
 20
145.03702086636906
 10
530.0
 20
98.09241809385536
  0
LWPOLYLINE
  5
1017
330
17
100
AcDbEntity
  8
C2
100
AcDbPolyline
 90
2
 70
0
 10
530.0
 20
49.4694268513996
 10
0.0
 20
49.4694268513996
  0
LWPOLYLINE
  5
1018
330
17
100
AcDbEntity
  8
C2
100
AcDbPolyline
 90
2
 70
0
 10
0.0
 20
49.4694268513996
 10
0.0
 20
98.09241809385536
  0
LWPOLYLINE
  5
1019
330
17
100
AcDbEntity
  8
C2
100
AcDbPolyline
 90
2
 70
0
 10
530.0
 20
98.09241809385536
 10
530.0
 20
49.4694268513996
  0
LWPOLYLINE
  5
101A
330
17
100
AcDbEntity
  8
C2
100
AcDbPolyline
 90
2
 70
0
 10
530.0
 20
2.3207056843842342e-14
 10
0.0
 20
2.3207056843842342e-14
  0
LWPOLYLINE
  5
101B
330
17
100
AcDbEntity
  8
C2
100
AcDbPolyline
 90
2
 70
0
 10
0.0
 20
2.3207056843842342e-14
 10
0.0
 20
49.4694268513996
  0
LWPOLYLINE
  5
101C
330
17
100
AcDbEntity
  8
C2
100
AcDbPolyline
 90
2
 70
0
 10
530.0
 20
49.4694268513996
 10
530.0
 20
2.3207056843842342e-14
  0
LWPOLYLINE
  5
101D
330
17
100
AcDbEntity
  8
C2
100
AcDbPolyline
 90
2
 70
0
 10
530.0
 20
-49.469426851399554
 10
0.0
 20
-49.469426851399554
  0
LWPOLYLINE
  5
101E
330
17
100
AcDbEntity
  8
C2
100
AcDbPolyline
 90
2
 70
0
 10
0.0
 20
-49.469426851399554
 10
0.0
 20
2.3207056843842342e-14
  0
LWPOLYLINE
  5
101F
330
17
100
AcDbEntity
  8
C2
100
AcDbPolyline
 90
2
 70
0
 10
530.0
 20
2.3207056843842342e-14
 10
530.0
 20
-49.469426851399554
  0
LWPOLYLINE
  5
1020
330
17
100
AcDbEntity
  8
C2
100
AcDbPolyline
 90
2
 70
0
 10
530.0
 20
-98.09241809385531
 10
0.0
 20
-98.09241809385531
  0
LWPOLYLINE
  5
1021
330
17
100
AcDbEntity
  8
C2
100
AcDbPolyline
 90
2
 70
0
 10
0.0
 20
-98.09241809385531
 10
0.0
 20
-49.469426851399554
  0
LWPOLYLINE
  5
1022
330
17
100
AcDbEntity
  8
C2
100
AcDbPolyline
 90
2
 70
0
 10
530.0
 20
-49.469426851399554
 10
530.0
 20
-98.09241809385531
  0
LWPOLYLINE
  5
1023
330
17
100
AcDbEntity
  8
C2
100
AcDbPolyline
 90
2
 70
0
 10
530.0
 20
-145.03702086636892
 10
0.0
 20
-145.03702086636892
  0
LWPOLYLINE
  5
1024
330
17
100
AcDbEntity
  8
C2
100
AcDbPolyline
 90
2
 70
0
 10
0.0
 20
-145.03702086636892
 10
0.0
 20
-98.09241809385531
  0
LWPOLYLINE
  5
1025
330
17
100
AcDbEntity
  8
C2
100
AcDbPolyline
 90
2
 70
0
 10
530.0
 20
-98.09241809385531
 10
530.0
 20
-145.03702086636892
  0
LWPOLYLINE
  5
1026
330
17
100
AcDbEntity
  8
C2
100
AcDbPolyline
 90
2
 70
0
 10
530.0
 20
-189.49999999999991
 10
0.0
 20
-189.49999999999991
  0
LWPOLYLINE
  5
1027
330
17
100
AcDbEntity
  8
C2
100
AcDbPolyline
 90
2
 70
0
 10
0.0
 20
-189.49999999999991
 10
0.0
 20
-145.03702086636892
  0
LWPOLYLINE
  5
1028
330
17
100
AcDbEntity
  8
C2
100
AcDbPolyline
 90
2
 70
0
 10
530.0
 20
-145.03702086636892
 10
530.0
 20
-189.49999999999991
  0
LWPOLYLINE
  5
1029
330
17
100
AcDbEntity
  8
C2
100
AcDbPolyline
 90
2
 70
0
 10
530.0
 20
-230.72058159430512
 10
0.0
 20
-230.72058159430512
  0
LWPOLYLINE
  5
102A
330
17
100
AcDbEntity
  8
C2
100
AcDbPolyline
 90
2
 70
0
 10
0.0
 20
-230.72058159430512
 10
0.0
 20
-189.49999999999991
  0
LWPOLYLINE
  5
102B
330
17
100
AcDbEntity
  8
C2
100
AcDbPolyline
 90
2
 70
0
 10
530.0
 20
-189.49999999999991
 10
530.0
 20
-230.72058159430512
  0
LWPOLYLINE
  5
102C
330
17
100
AcDbEntity
  8
C2
100
AcDbPolyline
 90
2
 70
0
 10
530.0
 20
-267.9934700697015
 10
0.0
 20
-267.9934700697015
  0
LWPOLYLINE
  5
102D
330
17
100
AcDbEntity
  8
C2
100
AcDbPolyline
 90
2
 70
0
 10
0.0
 20
-267.9934700697015
 10
0.0
 20
-230.72058159430512
  0
LWPOLYLINE
  5
102E
330
17
100
AcDbEntity
  8
C2
100
AcDbPolyline
 90
2
 70
0
 10
530.0
 20
-230.72058159430512
 10
530.0
 20
-267.9934700697015
  0
LWPOLYLINE
  5
102F
330
17
100
AcDbEntity
  8
C2
100
AcDbPolyline
 90
2
 70
0
 10
530.0
 20
-300.68091597037807
 10
0.0
 20
-300.68091597037807
  0
LWPOLYLINE
  5
1030
330
17
100
AcDbEntity
  8
C2
100
AcDbPolyline
 90
2
 70
0
 10
0.0
 20
-300.68091597037807
 10
0.0
 20
-267.9934700697015
  0
LWPOLYLINE
  5
1031
330
17
100
AcDbEntity
  8
C2
100
AcDbPolyline
 90
2
 70
0
 10
530.0
 20
-267.9934700697015
 10
530.0
 20
-300.68091597037807
  0
LWPOLYLINE
  5
1032
330
17
100
AcDbEntity
  8
C2
100
AcDbPolyline
 90
2
 70
0
 10
530.0
 20
-328.2236280343023
 10
0.0
 20
-328.2236280343023
  0
LWPOLYLINE
  5
1033
330
17
100
AcDbEntity
  8
C2
100
AcDbPolyline
 90
2
 70
0
 10
0.0
 20
-328.2236280343023
 10
0.0
 20
-300.68091597037807
  0
LWPOLYLINE
  5
1034
330
17
100
AcDbEntity
  8
C2
100
AcDbPolyline
 90
2
 70
0
 10
530.0
 20
-300.68091597037807
 10
530.0
 20
-328.2236280343023
  0
LWPOLYLINE
  5
1035
330
17
100
AcDbEntity
  8
C2
100
AcDbPolyline
 90
2
 70
0
 10
530.0
 20
-350.15034282177766
 10
0.0
 20
-350.15034282177766
  0
LWPOLYLINE
  5
1036
330
17
100
AcDbEntity
  8
C2
100
AcDbPolyline
 90
2
 70
0
 10
0.0
 20
-350.15034282177766
 10
0.0
 20
-328.2236280343023
  0
LWPOLYLINE
  5
1037
330
17
100
AcDbEntity
  8
C2
100
AcDbPolyline
 90
2
 70
0
 10
530.0
 20
-328.2236280343023
 10
530.0
 20
-350.15034282177766
  0
LWPOLYLINE
  5
1038
330
17
100
AcDbEntity
  8
C2
100
AcDbPolyline
 90
2
 70
0
 10
530.0
 20
-366.08588816355683
 10
0.0
 20
-366.08588816355683
  0
LWPOLYLINE
  5
1039
330
17
100
AcDbEntity
  8
C2
100
AcDbPolyline
 90
2
 70
0
 10
0.0
 20
-366.08588816355683
 10
0.0
 20
-350.15034282177766
  0
LWPOLYLINE
  5
103A
330
17
100
AcDbEntity
  8
C2
100
AcDbPolyline
 90
2
 70
0
 10
530.0
 20
-350.15034282177766
 10
530.0
 20
-366.08588816355683
  0
LWPOLYLINE
  5
103B
330
17
100
AcDbEntity
  8
C2
100
AcDbPolyline
 90
2
 70
0
 10
530.0
 20
-375.75760246067415
 10
0.0
 20
-375.75760246067415
  0
LWPOLYLINE
  5
103C
330
17
100
AcDbEntity
  8
C2
100
AcDbPolyline
 90
2
 70
0
 10
0.0
 20
-375.75760246067415
 10
0.0
 20
-366.08588816355683
  0
LWPOLYLINE
  5
103D
330
17
100
AcDbEntity
  8
C2
100
AcDbPolyline
 90
2
 70
0
 10
530.0
 20
-366.08588816355683
 10
530.0
 20
-375.75760246067415
  0
LWPOLYLINE
  5
103E
330
17
100
AcDbEntity
  8
C2
100
AcDbPolyline
 90
2
 70
0
 10
530.0
 20
-379.0
 10
0.0
 20
-379.0
  0
LWPOLYLINE
  5
103F
330
17
100
AcDbEntity
  8
C2
100
AcDbPolyline
 90
2
 70
0
 10
0.0
 20
-379.0
 10
0.0
 20
-375.75760246067415
  0
LWPOLYLINE
  5
1040
330
17
100
AcDbEntity
  8
C2
100
AcDbPolyline
 90
2
 70
0
 10
530.0
 20
-375.75760246067415
 10
530.0
 20
-379.0
  0
LWPOLYLINE
  5
1041
330
17
100
AcDbEntity
  8
C2
100
AcDbPolyline
 90
2
 70
0
 10
0.0
 20
-395.0
 10
0.0
 20
-379.0
  0
LWPOLYLINE
  5
1042
330
17
100
AcDbEntity
  8
C2
100
AcDbPolyline
 90
2
 70
0
 10
530.0
 20
-379.0
 10
530.0
 20
-395.0
  0
LWPOLYLINE
  5
1044
330
17
100
AcDbEntity
  8
C3
100
AcDbPolyline
 90
2
 70
0
 10
578.77133112713
 20
-395.0
 10
1311.569701995892
 20
-395.0
  0
LWPOLYLINE
  5
1045
330
17
100
AcDbEntity
  8
C3
100
AcDbPolyline
 90
2
 70
0
 10
1315.0211916321691
 20
-391.6207202426551
 10
582.2228207634071
 20
-391.6207202426551
  0
LWPOLYLINE
  5
1046
330
17
100
AcDbEntity
  8
C3
100
AcDbPolyline
 90
2
 70
0
 10
582.2228207634071
 20
-391.6207202426551
 10
578.77133112713
 20
-395.0
  0
LWPOLYLINE
  5
1047
330
17
100
AcDbEntity
  8
C3
100
AcDbPolyline
 90
2
 70
0
 10
1311.569701995892
 20
-395.0
 10
1315.0211916321691
 20
-391.6207202426551
  0
LWPOLYLINE
  5
1048
330
17
100
AcDbEntity
  8
C3
100
AcDbPolyline
 90
2
 70
0
 10
1318.4136253238357
 20
-381.54070138418194
 10
585.6152544550738
 20
-381.54070138418194
  0
LWPOLYLINE
  5
1049
330
17
100
AcDbEntity
  8
C3
100
AcDbPolyline
 90
2
 70
0
 10
585.6152544550738
 20
-381.54070138418194
 10
582.2228207634071
 20
-391.6207202426551
  0
LWPOLYLINE
  5
104A
330
17
100
AcDbEntity
  8
C3
100
AcDbPolyline
 90
2
 70
0
 10
1315.0211916321691
 20
-391.6207202426551
 10
1318.4136253238357
 20
-381.54070138418194
  0
LWPOLYLINE
  5
104B
330
17
100
AcDbEntity
  8
C3
100
AcDbPolyline
 90
2
 70
0
 10
1321.6889575898674
 20
-364.9324153419583
 10
588.8905867211054
 20
-364.9324153419583
  0
LWPOLYLINE
  5
104C
330
17
100
AcDbEntity
  8
C3
100
AcDbPolyline
 90
2
 70
0
 10
588.8905867211054
 20
-364.9324153419583
 10
585.6152544550738
 20
-381.54070138418194
  0
LWPOLYLINE
  5
104D
330
17
100
AcDbEntity
  8
C3
100
AcDbPolyline
 90
2
 70
0
 10
1318.4136253238357
 20
-381.54070138418194
 10
1321.6889575898674
 20
-364.9324153419583
  0
LWPOLYLINE
  5
104E
330
17
100
AcDbEntity
  8
C3
100
AcDbPolyline
 90
2
 70
0
 10
1324.7911465870982
 20
-342.0800344948533
 10
591.9927757183362
 20
-342.0800344948533
  0
LWPOLYLINE
  5
104F
330
17
100
AcDbEntity
  8
C3
100
AcDbPolyline
 90
2
 70
0
 10
591.9927757183362
 20
-342.0800344948533
 10
588.8905867211054
 20
-364.9324153419583
  0
LWPOLYLINE
  5
1050
330
17
100
AcDbEntity
  8
C3
100
AcDbPolyline
 90
2
 70
0
 10
1321.6889575898674
 20
-364.9324153419583
 10
1324.7911465870982
 20
-342.0800344948533
  0
LWPOLYLINE
  5
1051
330
17
100
AcDbEntity
  8
C3
100
AcDbPolyline
 90
2
 70
0
 10
1327.6671130016966
 20
-313.37456941503785
 10
594.8687421329347
 20
-313.37456941503785
  0
LWPOLYLINE
  5
1052
330
17
100
AcDbEntity
  8
C3
100
AcDbPolyline
 90
2
 70
0
 10
594.8687421329347
 20
-313.37456941503785
 10
591.9927757183362
 20
-342.0800344948533
  0
LWPOLYLINE
  5
1053
330
17
100
AcDbEntity
  8
C3
100
AcDbPolyline
 90
2
 70
0
 10
1324.7911465870982
 20
-342.0800344948533
 10
1327.6671130016966
 20
-313.37456941503785
  0
LWPOLYLINE
  5
1054
330
17
100
AcDbEntity
  8
C3
100
AcDbPolyline
 90
2
 70
0
 10
1330.2676482509403
 20
-279.30717856868625
 10
597.4692773821782
 20
-279.30717856868625
  0
LWPOLYLINE
  5
1055
330
17
100
AcDbEntity
  8
C3
100
AcDbPolyline
 90
2
 70
0
 10
597.4692773821782
 20
-279.30717856868625
 10
594.8687421329347
 20
-313.37456941503785
  0
LWPOLYLINE
  5
1056
330
17
100
AcDbEntity
  8
C3
100
AcDbPolyline
 90
2
 70
0
 10
1327.6671130016966
 20
-313.37456941503785
 10
1330.2676482509403
 20
-279.30717856868625
  0
LWPOLYLINE
  5
1057
330
17
100
AcDbEntity
  8
C3
100
AcDbPolyline
 90
2
 70
0
 10
1332.5482564557099
 20
-240.46076445844466
 10
599.7498855869479
 20
-240.46076445844466
  0
LWPOLYLINE
  5
1058
330
17
100
AcDbEntity
  8
C3
100
AcDbPolyline
 90
2
 70
0
 10
599.7498855869479
 20
-240.46076445844466
 10
597.4692773821782
 20
-279.30717856868625
  0
LWPOLYLINE
  5
1059
330
17
100
AcDbEntity
  8
C3
100
AcDbPolyline
 90
2
 70
0
 10
1330.2676482509403
 20
-279.30717856868625
 10
1332.5482564557099
 20
-240.46076445844466
  0
LWPOLYLINE
  5
105A
330
17
100
AcDbEntity
  8
C3
100
AcDbPolyline
 90
2
 70
0
 10
1334.469915777318
 20
-197.50000000000009
 10
601.6715449085559
 20
-197.50000000000009
  0
LWPOLYLINE
  5
105B
330
17
100
AcDbEntity
  8
C3
100
AcDbPolyline
 90
2
 70
0
 10
601.6715449085559
 20
-197.50000000000009
 10
599.7498855869479
 20
-240.46076445844466
  0
LWPOLYLINE
  5
105C
330
17
100
AcDbEntity
  8
C3
100
AcDbPolyline
 90
2
 70
0
 10
1332.5482564557099
 20
-240.46076445844466
 10
1334.469915777318
 20
-197.50000000000009
  0
LWPOLYLINE
  5
105D
330
17
100
AcDbEntity
  8
C3
100
AcDbPolyline
 90
2
 70
0
 10
1335.999746091987
 20
-151.15995578421044
 10
603.201375223225
 20
-151.15995578421044
  0
LWPOLYLINE
  5
105E
330
17
100
AcDbEntity
  8
C3
100
AcDbPolyline
 90
2
 70
0
 10
603.201375223225
 20
-151.15995578421044
 10
601.6715449085559
 20
-197.50000000000009
  0
LWPOLYLINE
  5
105F
330
17
100
AcDbEntity
  8
C3
100
AcDbPolyline
 90
2
 70
0
 10
1334.469915777318
 20
-197.50000000000009
 10
1335.999746091987
 20
-151.15995578421044
  0
LWPOLYLINE
  5
1060
330
17
100
AcDbEntity
  8
C3
100
AcDbPolyline
 90
2
 70
0
 10
1337.111571578884
 20
-102.23352281549565
 10
604.313200710122
 20
-102.23352281549565
  0
LWPOLYLINE
  5
1061
330
17
100
AcDbEntity
  8
C3
100
AcDbPolyline
 90
2
 70
0
 10
604.313200710122
 20
-102.23352281549565
 10
603.201375223225
 20
-151.15995578421044
  0
LWPOLYLINE
  5
1062
330
17
100
AcDbEntity
  8
C3
100
AcDbPolyline
 90
2
 70
0
 10
1335.999746091987
 20
-151.15995578421044
 10
1337.111571578884
 20
-102.23352281549565
  0
LWPOLYLINE
  5
1063
330
17
100
AcDbEntity
  8
C3
100
AcDbPolyline
 90
2
 70
0
 10
1337.786368595672
 20
-51.55784592692038
 10
604.98799772691
 20
-51.55784592692038
  0
LWPOLYLINE
  5
1064
330
17
100
AcDbEntity
  8
C3
100
AcDbPolyline
 90
2
 70
0
 10
604.98799772691
 20
-51.55784592692038
 10
604.313200710122
 20
-102.23352281549565
  0
LWPOLYLINE
  5
1065
330
17
100
AcDbEntity
  8
C3
100
AcDbPolyline
 90
2
 70
0
 10
1337.111571578884
 20
-102.23352281549565
 10
1337.786368595672
 20
-51.55784592692038
  0
LWPOLYLINE
  5
1066
330
17
100
AcDbEntity
  8
C3
100
AcDbPolyline
 90
2
 70
0
 10
1338.0125911783045
 20
2.4186774283160226e-14
 10
605.2142203095425
 20
2.4186774283160226e-14
  0
LWPOLYLINE
  5
1067
330
17
100
AcDbEntity
  8
C3
100
AcDbPolyline
 90
2
 70
0
 10
605.2142203095425
 20
2.4186774283160226e-14
 10
604.98799772691
 20
-51.55784592692038
  0
LWPOLYLINE
  5
1068
330
17
100
AcDbEntity
  8
C3
100
AcDbPolyline
 90
2
 70
0
 10
1337.786368595672
 20
-51.55784592692038
 10
1338.0125911783045
 20
2.4186774283160226e-14
  0
LWPOLYLINE
  5
1069
330
17
100
AcDbEntity
  8
C3
100
AcDbPolyline
 90
2
 70
0
 10
1337.786368595672
 20
51.55784592692043
 10
604.98799772691
 20
51.55784592692043
  0
LWPOLYLINE
  5
106A
330
17
100
AcDbEntity
  8
C3
100
AcDbPolyline
 90
2
 70
0
 10
604.98799772691
 20
51.55784592692043
 10
605.2142203095425
 20
2.4186774283160226e-14
  0
LWPOLYLINE
  5
106B
330
17
100
AcDbEntity
  8
C3
100
AcDbPolyline
 90
2
 70
0
 10
1338.0125911783045
 20
2.4186774283160226e-14
 10
1337.786368595672
 20
51.55784592692043
  0
LWPOLYLINE
  5
106C
330
17
100
AcDbEntity
  8
C3
100
AcDbPolyline
 90
2
 70
0
 10
1337.111571578884
 20
102.23352281549569
 10
604.313200710122
 20
102.23352281549569
  0
LWPOLYLINE
  5
106D
330
17
100
AcDbEntity
  8
C3
100
AcDbPolyline
 90
2
 70
0
 10
604.313200710122
 20
102.23352281549569
 10
604.98799772691
 20
51.55784592692043
  0
LWPOLYLINE
  5
106E
330
17
100
AcDbEntity
  8
C3
100
AcDbPolyline
 90
2
 70
0
 10
1337.786368595672
 20
51.55784592692043
 10
1337.111571578884
 20
102.23352281549569
  0
LWPOLYLINE
  5
106F
330
17
100
AcDbEntity
  8
C3
100
AcDbPolyline
 90
2
 70
0
 10
1335.999746091987
 20
151.1599557842104
 10
603.201375223225
 20
151.1599557842104
  0
LWPOLYLINE
  5
1070
330
17
100
AcDbEntity
  8
C3
100
AcDbPolyline
 90
2
 70
0
 10
603.201375223225
 20
151.1599557842104
 10
604.313200710122
 20
102.23352281549569
  0
LWPOLYLINE
  5
1071
330
17
100
AcDbEntity
  8
C3
100
AcDbPolyline
 90
2
 70
0
 10
1337.111571578884
 20
102.23352281549569
 10
1335.999746091987
 20
151.1599557842104
  0
LWPOLYLINE
  5
1072
330
17
100
AcDbEntity
  8
C3
100
AcDbPolyline
 90
2
 70
0
 10
1334.469915777318
 20
197.49999999999994
 10
601.6715449085559
 20
197.49999999999994
  0
LWPOLYLINE
  5
1073
330
17
100
AcDbEntity
  8
C3
100
AcDbPolyline
 90
2
 70
0
 10
601.6715449085559
 20
197.49999999999994
 10
603.201375223225
 20
151.1599557842104
  0
LWPOLYLINE
  5
1074
330
17
100
AcDbEntity
  8
C3
100
AcDbPolyline
 90
2
 70
0
 10
1335.999746091987
 20
151.1599557842104
 10
1334.469915777318
 20
197.49999999999994
  0
LWPOLYLINE
  5
1075
330
17
100
AcDbEntity
  8
C3
100
AcDbPolyline
 90
2
 70
0
 10
1332.5482564557099
 20
240.46076445844471
 10
599.7498855869479
 20
240.46076445844471
  0
LWPOLYLINE
  5
1076
330
17
100
AcDbEntity
  8
C3
100
AcDbPolyline
 90
2
 70
0
 10
599.7498855869479
 20
240.46076445844471
 10
601.6715449085559
 20
197.49999999999994
  0
LWPOLYLINE
  5
1077
330
17
100
AcDbEntity
  8
C3
100
AcDbPolyline
 90
2
 70
0
 10
1334.469915777318
 20
197.49999999999994
 10
1332.5482564557099
 20
240.46076445844471
  0
LWPOLYLINE
  5
1078
330
17
100
AcDbEntity
  8
C3
100
AcDbPolyline
 90
2
 70
0
 10
1330.2676482509403
 20
279.3071785686863
 10
597.4692773821782
 20
279.3071785686863
  0
LWPOLYLINE
  5
1079
330
17
100
AcDbEntity
  8
C3
100
AcDbPolyline
 90
2
 70
0
 10
597.4692773821782
 20
279.3071785686863
 10
599.7498855869479
 20
240.46076445844471
  0
LWPOLYLINE
  5
107A
330
17
100
AcDbEntity
  8
C3
100
AcDbPolyline
 90
2
 70
0
 10
1332.5482564557099
 20
240.46076445844471
 10
1330.2676482509403
 20
279.3071785686863
  0
LWPOLYLINE
  5
107B
330
17
100
AcDbEntity
  8
C3
100
AcDbPolyline
 90
2
 70
0
 10
1327.6671130016966
 20
313.37456941503785
 10
594.8687421329347
 20
313.37456941503785
  0
LWPOLYLINE
  5
107C
330
17
100
AcDbEntity
  8
C3
100
AcDbPolyline
 90
2
 70
0
 10
594.8687421329347
 20
313.37456941503785
 10
597.4692773821782
 20
279.3071785686863
  0
LWPOLYLINE
  5
107D
330
17
100
AcDbEntity
  8
C3
100
AcDbPolyline
 90
2
 70
0
 10
1330.2676482509403
 20
279.3071785686863
 10
1327.6671130016966
 20
313.37456941503785
  0
LWPOLYLINE
  5
107E
330
17
100
AcDbEntity
  8
C3
100
AcDbPolyline
 90
2
 70
0
 10
1324.7911465870982
 20
342.0800344948533
 10
591.9927757183362
 20
342.0800344948533
  0
LWPOLYLINE
  5
107F
330
17
100
AcDbEntity
  8
C3
100
AcDbPolyline
 90
2
 70
0
 10
591.9927757183362
 20
342.0800344948533
 10
594.8687421329347
 20
313.37456941503785
  0
LWPOLYLINE
  5
1080
330
17
100
AcDbEntity
  8
C3
100
AcDbPolyline
 90
2
 70
0
 10
1327.6671130016966
 20
313.37456941503785
 10
1324.7911465870982
 20
342.0800344948533
  0
LWPOLYLINE
  5
1081
330
17
100
AcDbEntity
  8
C3
100
AcDbPolyline
 90
2
 70
0
 10
1321.6889575898674
 20
364.9324153419583
 10
588.8905867211054
 20
364.9324153419583
  0
LWPOLYLINE
  5
1082
330
17
100
AcDbEntity
  8
C3
100
AcDbPolyline
 90
2
 70
0
 10
588.8905867211054
 20
364.9324153419583
 10
591.9927757183362
 20
342.0800344948533
  0
LWPOLYLINE
  5
1083
330
17
100
AcDbEntity
  8
C3
100
AcDbPolyline
 90
2
 70
0
 10
1324.7911465870982
 20
342.0800344948533
 10
1321.6889575898674
 20
364.9324153419583
  0
LWPOLYLINE
  5
1084
330
17
100
AcDbEntity
  8
C3
100
AcDbPolyline
 90
2
 70
0
 10
1318.4136253238357
 20
381.54070138418194
 10
585.6152544550738
 20
381.54070138418194
  0
LWPOLYLINE
  5
1085
330
17
100
AcDbEntity
  8
C3
100
AcDbPolyline
 90
2
 70
0
 10
585.6152544550738
 20
381.54070138418194
 10
588.8905867211054
 20
364.9324153419583
  0
LWPOLYLINE
  5
1086
330
17
100
AcDbEntity
  8
C3
100
AcDbPolyline
 90
2
 70
0
 10
1321.6889575898674
 20
364.9324153419583
 10
1318.4136253238357
 20
381.54070138418194
  0
LWPOLYLINE
  5
1087
330
17
100
AcDbEntity
  8
C3
100
AcDbPolyline
 90
2
 70
0
 10
1315.0211916321691
 20
391.6207202426551
 10
582.2228207634071
 20
391.6207202426551
  0
LWPOLYLINE
  5
1088
330
17
100
AcDbEntity
  8
C3
100
AcDbPolyline
 90
2
 70
0
 10
582.2228207634071
 20
391.6207202426551
 10
585.6152544550738
 20
381.54070138418194
  0
LWPOLYLINE
  5
1089
330
17
100
AcDbEntity
  8
C3
100
AcDbPolyline
 90
2
 70
0
 10
1318.4136253238357
 20
381.54070138418194
 10
1315.0211916321691
 20
391.6207202426551
  0
LWPOLYLINE
  5
108A
330
17
100
AcDbEntity
  8
C3
100
AcDbPolyline
 90
2
 70
0
 10
1311.569701995892
 20
395.0
 10
578.77133112713
 20
395.0
  0
LWPOLYLINE
  5
108B
330
17
100
AcDbEntity
  8
C3
100
AcDbPolyline
 90
2
 70
0
 10
578.77133112713
 20
395.0
 10
582.2228207634071
 20
391.6207202426551
  0
LWPOLYLINE
  5
108C
330
17
100
AcDbEntity
  8
C3
100
AcDbPolyline
 90
2
 70
0
 10
1315.0211916321691
 20
391.6207202426551
 10
1311.569701995892
 20
395.0
  0
LWPOLYLINE
  5
108D
330
17
100
AcDbEntity
  8
C3
100
AcDbPolyline
 90
2
 70
0
 10
1311.569701995892
 20
379.0
 10
578.77133112713
 20
379.0
  0
LWPOLYLINE
  5
108E
330
17
100
AcDbEntity
  8
C3
100
AcDbPolyline
 90
2
 70
0
 10
578.77133112713
 20
379.0
 10
578.77133112713
 20
395.0
  0
LWPOLYLINE
  5
108F
330
17
100
AcDbEntity
  8
C3
100
AcDbPolyline
 90
2
 70
0
 10
1311.569701995892
 20
395.0
 10
1311.569701995892
 20
379.0
  0
LWPOLYLINE
  5
1090
330
17
100
AcDbEntity
  8
C3
100
AcDbPolyline
 90
2
 70
0
 10
1314.7305398733247
 20
375.75760246067415
 10
581.9321690045628
 20
375.75760246067415
  0
LWPOLYLINE
  5
1091
330
17
100
AcDbEntity
  8
C3
100
AcDbPolyline
 90
2
 70
0
 10
581.9321690045628
 20
375.75760246067415
 10
578.77133112713
 20
379.0
  0
LWPOLYLINE
  5
1092
330
17
100
AcDbEntity
  8
C3
100
AcDbPolyline
 90
2
 70
0
 10
1311.569701995892
 20
379.0
 10
1314.7305398733247
 20
375.75760246067415
  0
LWPOLYLINE
  5
1093
330
17
100
AcDbEntity
  8
C3
100
AcDbPolyline
 90
2
 70
0
 10
1317.8372949383247
 20
366.0858881635569
 10
585.0389240695628
 20
366.0858881635569
  0
LWPOLYLINE
  5
1094
330
17
100
AcDbEntity
  8
C3
100
AcDbPolyline
 90
2
 70
0
 10
585.0389240695628
 20
366.0858881635569
 10
581.9321690045628
 20
375.75760246067415
  0
LWPOLYLINE
  5
1095
330
17
100
AcDbEntity
  8
C3
100
AcDbPolyline
 90
2
 70
0
 10
1314.7305398733247
 20
375.75760246067415
 10
1317.8372949383247
 20
366.0858881635569
  0
LWPOLYLINE
  5
1096
330
17
100
AcDbEntity
  8
C3
100
AcDbPolyline
 90
2
 70
0
 10
1320.8368097503746
 20
350.15034282177766
 10
588.0384388816126
 20
350.15034282177766
  0
LWPOLYLINE
  5
1097
330
17
100
AcDbEntity
  8
C3
100
AcDbPolyline
 90
2
 70
0
 10
588.0384388816126
 20
350.15034282177766
 10
585.0389240695628
 20
366.0858881635569
  0
LWPOLYLINE
  5
1098
330
17
100
AcDbEntity
  8
C3
100
AcDbPolyline
 90
2
 70
0
 10
1317.8372949383247
 20
366.0858881635569
 10
1320.8368097503746
 20
350.15034282177766
  0
LWPOLYLINE
  5
1099
330
17
100
AcDbEntity
  8
C3
100
AcDbPolyline
 90
2
 70
0
 10
1323.6777617794178
 20
328.2236280343023
 10
590.8793909106557
 20
328.2236280343023
  0
LWPOLYLINE
  5
109A
330
17
100
AcDbEntity
  8
C3
100
AcDbPolyline
 90
2
 70
0
 10
590.8793909106557
 20
328.2236280343023
 10
588.0384388816126
 20
350.15034282177766
  0
LWPOLYLINE
  5
109B
330
17
100
AcDbEntity
  8
C3
100
AcDbPolyline
 90
2
 70
0
 10
1320.8368097503746
 20
350.15034282177766
 10
1323.6777617794178
 20
328.2236280343023
  0
LWPOLYLINE
  5
109C
330
17
100
AcDbEntity
  8
C3
100
AcDbPolyline
 90
2
 70
0
 10
1326.3115415485763
 20
300.6809159703781
 10
593.5131706798143
 20
300.6809159703781
  0
LWPOLYLINE
  5
109D
330
17
100
AcDbEntity
  8
C3
100
AcDbPolyline
 90
2
 70
0
 10
593.5131706798143
 20
300.6809159703781
 10
590.8793909106557
 20
328.2236280343023
  0
LWPOLYLINE
  5
109E
330
17
100
AcDbEntity
  8
C3
100
AcDbPolyline
 90
2
 70
0
 10
1323.6777617794178
 20
328.2236280343023
 10
1326.3115415485763
 20
300.6809159703781
  0
LWPOLYLINE
  5
109F
330
17
100
AcDbEntity
  8
C3
100
AcDbPolyline
 90
2
 70
0
 10
1328.6930843557784
 20
267.9934700697015
 10
595.8947134870162
 20
267.9934700697015
  0
LWPOLYLINE
  5
10A0
330
17
100
AcDbEntity
  8
C3
100
AcDbPolyline
 90
2
 70
0
 10
595.8947134870162
 20
267.9934700697015
 10
593.5131706798143
 20
300.6809159703781
  0
LWPOLYLINE
  5
10A1
330
17
100
AcDbEntity
  8
C3
100
AcDbPolyline
 90
2
 70
0
 10
1326.3115415485763
 20
300.6809159703781
 10
1328.6930843557784
 20
267.9934700697015
  0
LWPOLYLINE
  5
10A2
330
17
100
AcDbEntity
  8
C3
100
AcDbPolyline
 90
2
 70
0
 10
1330.7816413433043
 20
230.72058159430512
 10
597.9832704745422
 20
230.72058159430512
  0
LWPOLYLINE
  5
10A3
330
17
100
AcDbEntity
  8
C3
100
AcDbPolyline
 90
2
 70
0
 10
597.9832704745422
 20
230.72058159430512
 10
595.8947134870162
 20
267.9934700697015
  0
LWPOLYLINE
  5
10A4
330
17
100
AcDbEntity
  8
C3
100
AcDbPolyline
 90
2
 70
0
 10
1328.6930843557784
 20
267.9934700697015
 10
1330.7816413433043
 20
230.72058159430512
  0
LWPOLYLINE
  5
10A5
330
17
100
AcDbEntity
  8
C3
100
AcDbPolyline
 90
2
 70
0
 10
1332.54147672204
 20
189.50000000000003
 10
599.7431058532779
 20
189.50000000000003
  0
LWPOLYLINE
  5
10A6
330
17
100
AcDbEntity
  8
C3
100
AcDbPolyline
 90
2
 70
0
 10
599.7431058532779
 20
189.50000000000003
 10
597.9832704745422
 20
230.72058159430512
  0
LWPOLYLINE
  5
10A7
330
17
100
AcDbEntity
  8
C3
100
AcDbPolyline
 90
2
 70
0
 10
1330.7816413433043
 20
230.72058159430512
 10
1332.54147672204
 20
189.50000000000003
  0
LWPOLYLINE
  5
10A8
330
17
100
AcDbEntity
  8
C3
100
AcDbPolyline
 90
2
 70
0
 10
1333.942479220737
 20
145.03702086636906
 10
601.1441083519749
 20
145.03702086636906
  0
LWPOLYLINE
  5
10A9
330
17
100
AcDbEntity
  8
C3
100
AcDbPolyline
 90
2
 70
0
 10
601.1441083519749
 20
145.03702086636906
 10
599.7431058532779
 20
189.50000000000003
  0
LWPOLYLINE
  5
10AA
330
17
100
AcDbEntity
  8
C3
100
AcDbPolyline
 90
2
 70
0
 10
1332.54147672204
 20
189.50000000000003
 10
1333.942479220737
 20
145.03702086636906
  0
LWPOLYLINE
  5
10AB
330
17
100
AcDbEntity
  8
C3
100
AcDbPolyline
 90
2
 70
0
 10
1334.960677298211
 20
98.09241809385536
 10
602.162306429449
 20
98.09241809385536
  0
LWPOLYLINE
  5
10AC
330
17
100
AcDbEntity
  8
C3
100
AcDbPolyline
 90
2
 70
0
 10
602.162306429449
 20
98.09241809385536
 10
601.1441083519749
 20
145.03702086636906
  0
LWPOLYLINE
  5
10AD
330
17
100
AcDbEntity
  8
C3
100
AcDbPolyline
 90
2
 70
0
 10
1333.942479220737
 20
145.03702086636906
 10
1334.960677298211
 20
98.09241809385536
  0
LWPOLYLINE
  5
10AE
330
17
100
AcDbEntity
  8
C3
100
AcDbPolyline
 90
2
 70
0
 10
1335.578649303059
 20
49.4694268513996
 10
602.7802784342969
 20
49.4694268513996
  0
LWPOLYLINE
  5
10AF
330
17
100
AcDbEntity
  8
C3
100
AcDbPolyline
 90
2
 70
0
 10
602.7802784342969
 20
49.4694268513996
 10
602.162306429449
 20
98.09241809385536
  0
LWPOLYLINE
  5
10B0
330
17
100
AcDbEntity
  8
C3
100
AcDbPolyline
 90
2
 70
0
 10
1334.960677298211
 20
98.09241809385536
 10
1335.578649303059
 20
49.4694268513996
  0
LWPOLYLINE
  5
10B1
330
17
100
AcDbEntity
  8
C3
100
AcDbPolyline
 90
2
 70
0
 10
1335.7858215629435
 20
2.3207056843842342e-14
 10
602.9874506941815
 20
2.3207056843842342e-14
  0
LWPOLYLINE
  5
10B2
330
17
100
AcDbEntity
  8
C3
100
AcDbPolyline
 90
2
 70
0
 10
602.9874506941815
 20
2.3207056843842342e-14
 10
602.7802784342969
 20
49.4694268513996
  0
LWPOLYLINE
  5
10B3
330
17
100
AcDbEntity
  8
C3
100
AcDbPolyline
 90
2
 70
0
 10
1335.578649303059
 20
49.4694268513996
 10
1335.7858215629435
 20
2.3207056843842342e-14
  0
LWPOLYLINE
  5
10B4
330
17
100
AcDbEntity
  8
C3
100
AcDbPolyline
 90
2
 70
0
 10
1335.578649303059
 20
-49.469426851399554
 10
602.7802784342969
 20
-49.469426851399554
  0
LWPOLYLINE
  5
10B5
330
17
100
AcDbEntity
  8
C3
100
AcDbPolyline
 90
2
 70
0
 10
602.7802784342969
 20
-49.469426851399554
 10
602.9874506941815
 20
2.3207056843842342e-14
  0
LWPOLYLINE
  5
10B6
330
17
100
AcDbEntity
  8
C3
100
AcDbPolyline
 90
2
 70
0
 10
1335.7858215629435
 20
2.3207056843842342e-14
 10
1335.578649303059
 20
-49.469426851399554
  0
LWPOLYLINE
  5
10B7
330
17
100
AcDbEntity
  8
C3
100
AcDbPolyline
 90
2
 70
0
 10
1334.960677298211
 20
-98.09241809385531
 10
602.162306429449
 20
-98.09241809385531
  0
LWPOLYLINE
  5
10B8
330
17
100
AcDbEntity
  8
C3
100
AcDbPolyline
 90
2
 70
0
 10
602.162306429449
 20
-98.09241809385531
 10
602.7802784342969
 20
-49.469426851399554
  0
LWPOLYLINE
  5
10B9
330
17
100
AcDbEntity
  8
C3
100
AcDbPolyline
 90
2
 70
0
 10
1335.578649303059
 20
-49.469426851399554
 10
1334.960677298211
 20
-98.09241809385531
  0
LWPOLYLINE
  5
10BA
330
17
100
AcDbEntity
  8
C3
100
AcDbPolyline
 90
2
 70
0
 10
1333.942479220737
 20
-145.03702086636892
 10
601.1441083519749
 20
-145.03702086636892
  0
LWPOLYLINE
  5
10BB
330
17
100
AcDbEntity
  8
C3
100
AcDbPolyline
 90
2
 70
0
 10
601.1441083519749
 20
-145.03702086636892
 10
602.162306429449
 20
-98.09241809385531
  0
LWPOLYLINE
  5
10BC
330
17
100
AcDbEntity
  8
C3
100
AcDbPolyline
 90
2
 70
0
 10
1334.960677298211
 20
-98.09241809385531
 10
1333.942479220737
 20
-145.03702086636892
  0
LWPOLYLINE
  5
10BD
330
17
100
AcDbEntity
  8
C3
100
AcDbPolyline
 90
2
 70
0
 10
1332.54147672204
 20
-189.49999999999991
 10
599.7431058532779
 20
-189.49999999999991
  0
LWPOLYLINE
  5
10BE
330
17
100
AcDbEntity
  8
C3
100
AcDbPolyline
 90
2
 70
0
 10
599.7431058532779
 20
-189.49999999999991
 10
601.1441083519749
 20
-145.03702086636892
  0
LWPOLYLINE
  5
10BF
330
17
100
AcDbEntity
  8
C3
100
AcDbPolyline
 90
2
 70
0
 10
1333.942479220737
 20
-145.03702086636892
 10
1332.54147672204
 20
-189.49999999999991
  0
LWPOLYLINE
  5
10C0
330
17
100
AcDbEntity
  8
C3
100
AcDbPolyline
 90
2
 70
0
 10
1330.7816413433043
 20
-230.72058159430512
 10
597.9832704745422
 20
-230.72058159430512
  0
LWPOLYLINE
  5
10C1
330
17
100
AcDbEntity
  8
C3
100
AcDbPolyline
 90
2
 70
0
 10
597.9832704745422
 20
-230.72058159430512
 10
599.7431058532779
 20
-189.49999999999991
  0
LWPOLYLINE
  5
10C2
330
17
100
AcDbEntity
  8
C3
100
AcDbPolyline
 90
2
 70
0
 10
1332.54147672204
 20
-189.49999999999991
 10
1330.7816413433043
 20
-230.72058159430512
  0
LWPOLYLINE
  5
10C3
330
17
100
AcDbEntity
  8
C3
100
AcDbPolyline
 90
2
 70
0
 10
1328.6930843557784
 20
-267.9934700697015
 10
595.8947134870162
 20
-267.9934700697015
  0
LWPOLYLINE
  5
10C4
330
17
100
AcDbEntity
  8
C3
100
AcDbPolyline
 90
2
 70
0
 10
595.8947134870162
 20
-267.9934700697015
 10
597.9832704745422
 20
-230.72058159430512
  0
LWPOLYLINE
  5
10C5
330
17
100
AcDbEntity
  8
C3
100
AcDbPolyline
 90
2
 70
0
 10
1330.7816413433043
 20
-230.72058159430512
 10
1328.6930843557784
 20
-267.9934700697015
  0
LWPOLYLINE
  5
10C6
330
17
100
AcDbEntity
  8
C3
100
AcDbPolyline
 90
2
 70
0
 10
1326.3115415485763
 20
-300.68091597037807
 10
593.5131706798143
 20
-300.68091597037807
  0
LWPOLYLINE
  5
10C7
330
17
100
AcDbEntity
  8
C3
100
AcDbPolyline
 90
2
 70
0
 10
593.5131706798143
 20
-300.68091597037807
 10
595.8947134870162
 20
-267.9934700697015
  0
LWPOLYLINE
  5
10C8
330
17
100
AcDbEntity
  8
C3
100
AcDbPolyline
 90
2
 70
0
 10
1328.6930843557784
 20
-267.9934700697015
 10
1326.3115415485763
 20
-300.68091597037807
  0
LWPOLYLINE
  5
10C9
330
17
100
AcDbEntity
  8
C3
100
AcDbPolyline
 90
2
 70
0
 10
1323.6777617794178
 20
-328.2236280343023
 10
590.8793909106557
 20
-328.2236280343023
  0
LWPOLYLINE
  5
10CA
330
17
100
AcDbEntity
  8
C3
100
AcDbPolyline
 90
2
 70
0
 10
590.8793909106557
 20
-328.2236280343023
 10
593.5131706798143
 20
-300.68091597037807
  0
LWPOLYLINE
  5
10CB
330
17
100
AcDbEntity
  8
C3
100
AcDbPolyline
 90
2
 70
0
 10
1326.3115415485763
 20
-300.68091597037807
 10
1323.6777617794178
 20
-328.2236280343023
  0
LWPOLYLINE
  5
10CC
330
17
100
AcDbEntity
  8
C3
100
AcDbPolyline
 90
2
 70
0
 10
1320.8368097503746
 20
-350.15034282177766
 10
588.0384388816126
 20
-350.15034282177766
  0
LWPOLYLINE
  5
10CD
330
17
100
AcDbEntity
  8
C3
100
AcDbPolyline
 90
2
 70
0
 10
588.0384388816126
 20
-350.15034282177766
 10
590.8793909106557
 20
-328.2236280343023
  0
LWPOLYLINE
  5
10CE
330
17
100
AcDbEntity
  8
C3
100
AcDbPolyline
 90
2
 70
0
 10
1323.6777617794178
 20
-328.2236280343023
 10
1320.8368097503746
 20
-350.15034282177766
  0
LWPOLYLINE
  5
10CF
330
17
100
AcDbEntity
  8
C3
100
AcDbPolyline
 90
2
 70
0
 10
1317.8372949383247
 20
-366.08588816355683
 10
585.0389240695628
 20
-366.08588816355683
  0
LWPOLYLINE
  5
10D0
330
17
100
AcDbEntity
  8
C3
100
AcDbPolyline
 90
2
 70
0
 10
585.0389240695628
 20
-366.08588816355683
 10
588.0384388816126
 20
-350.15034282177766
  0
LWPOLYLINE
  5
10D1
330
17
100
AcDbEntity
  8
C3
100
AcDbPolyline
 90
2
 70
0
 10
1320.8368097503746
 20
-350.15034282177766
 10
1317.8372949383247
 20
-366.08588816355683
  0
LWPOLYLINE
  5
10D2
330
17
100
AcDbEntity
  8
C3
100
AcDbPolyline
 90
2
 70
0
 10
1314.7305398733247
 20
-375.75760246067415
 10
581.9321690045628
 20
-375.75760246067415
  0
LWPOLYLINE
  5
10D3
330
17
100
AcDbEntity
  8
C3
100
AcDbPolyline
 90
2
 70
0
 10
581.9321690045628
 20
-375.75760246067415
 10
585.0389240695628
 20
-366.08588816355683
  0
LWPOLYLINE
  5
10D4
330
17
100
AcDbEntity
  8
C3
100
AcDbPolyline
 90
2
 70
0
 10
1317.8372949383247
 20
-366.08588816355683
 10
1314.7305398733247
 20
-375.75760246067415
  0
LWPOLYLINE
  5
10D5
330
17
100
AcDbEntity
  8
C3
100
AcDbPolyline
 90
2
 70
0
 10
1311.569701995892
 20
-379.0
 10
578.77133112713
 20
-379.0
  0
LWPOLYLINE
  5
10D6
330
17
100
AcDbEntity
  8
C3
100
AcDbPolyline
 90
2
 70
0
 10
578.77133112713
 20
-379.0
 10
581.9321690045628
 20
-375.75760246067415
  0
LWPOLYLINE
  5
10D7
330
17
100
AcDbEntity
  8
C3
100
AcDbPolyline
 90
2
 70
0
 10
1314.7305398733247
 20
-375.75760246067415
 10
1311.569701995892
 20
-379.0
  0
LWPOLYLINE
  5
10D8
330
17
100
AcDbEntity
  8
C3
100
AcDbPolyline
 90
2
 70
0
 10
578.77133112713
 20
-395.0
 10
578.77133112713
 20
-379.0
  0
LWPOLYLINE
  5
10D9
330
17
100
AcDbEntity
  8
C3
100
AcDbPolyline
 90
2
 70
0
 10
1311.569701995892
 20
-379.0
 10
1311.569701995892
 20
-395.0
  0
LWPOLYLINE
  5
10DB
330
17
100
AcDbEntity
  8
C31
100
AcDbPolyline
 90
2
 70
0
 10
1311.569701995892
 20
-395.0
 10
1327.4139910957572
 20
-395.0
  0
LWPOLYLINE
  5
10DC
330
17
100
AcDbEntity
  8
C31
100
AcDbPolyline
 90
2
 70
0
 10
1330.8654807320343
 20
-391.6207202426551
 10
1315.0211916321691
 20
-391.6207202426551
  0
LWPOLYLINE
  5
10DD
330
17
100
AcDbEntity
  8
C31
100
AcDbPolyline
 90
2
 70
0
 10
1315.0211916321691
 20
-391.6207202426551
 10
1311.569701995892
 20
-395.0
  0
LWPOLYLINE
  5
10DE
330
17
100
AcDbEntity
  8
C31
100
AcDbPolyline
 90
2
 70
0
 10
1327.4139910957572
 20
-395.0
 10
1330.8654807320343
 20
-391.6207202426551
  0
LWPOLYLINE
  5
10DF
330
17
100
AcDbEntity
  8
C31
100
AcDbPolyline
 90
2
 70
0
 10
1334.2579144237009
 20
-381.54070138418194
 10
1318.4136253238357
 20
-381.54070138418194
  0
LWPOLYLINE
  5
10E0
330
17
100
AcDbEntity
  8
C31
100
AcDbPolyline
 90
2
 70
0
 10
1318.4136253238357
 20
-381.54070138418194
 10
1315.0211916321691
 20
-391.6207202426551
  0
LWPOLYLINE
  5
10E1
330
17
100
AcDbEntity
  8
C31
100
AcDbPolyline
 90
2
 70
0
 10
1330.8654807320343
 20
-391.6207202426551
 10
1334.2579144237009
 20
-381.54070138418194
  0
LWPOLYLINE
  5
10E2
330
17
100
AcDbEntity
  8
C31
100
AcDbPolyline
 90
2
 70
0
 10
1337.5332466897326
 20
-364.9324153419583
 10
1321.6889575898674
 20
-364.9324153419583
  0
LWPOLYLINE
  5
10E3
330
17
100
AcDbEntity
  8
C31
100
AcDbPolyline
 90
2
 70
0
 10
1321.6889575898674
 20
-364.9324153419583
 10
1318.4136253238357
 20
-381.54070138418194
  0
LWPOLYLINE
  5
10E4
330
17
100
AcDbEntity
  8
C31
100
AcDbPolyline
 90
2
 70
0
 10
1334.2579144237009
 20
-381.54070138418194
 10
1337.5332466897326
 20
-364.9324153419583
  0
LWPOLYLINE
  5
10E5
330
17
100
AcDbEntity
  8
C31
100
AcDbPolyline
 90
2
 70
0
 10
1340.6354356869633
 20
-342.0800344948533
 10
1324.7911465870982
 20
-342.0800344948533
  0
LWPOLYLINE
  5
10E6
330
17
100
AcDbEntity
  8
C31
100
AcDbPolyline
 90
2
 70
0
 10
1324.7911465870982
 20
-342.0800344948533
 10
1321.6889575898674
 20
-364.9324153419583
  0
LWPOLYLINE
  5
10E7
330
17
100
AcDbEntity
  8
C31
100
AcDbPolyline
 90
2
 70
0
 10
1337.5332466897326
 20
-364.9324153419583
 10
1340.6354356869633
 20
-342.0800344948533
  0
LWPOLYLINE
  5
10E8
330
17
100
AcDbEntity
  8
C31
100
AcDbPolyline
 90
2
 70
0
 10
1343.5114021015618
 20
-313.37456941503785
 10
1327.6671130016966
 20
-313.37456941503785
  0
LWPOLYLINE
  5
10E9
330
17
100
AcDbEntity
  8
C31
100
AcDbPolyline
 90
2
 70
0
 10
1327.6671130016966
 20
-313.37456941503785
 10
1324.7911465870982
 20
-342.0800344948533
  0
LWPOLYLINE
  5
10EA
330
17
100
AcDbEntity
  8
C31
100
AcDbPolyline
 90
2
 70
0
 10
1340.6354356869633
 20
-342.0800344948533
 10
1343.5114021015618
 20
-313.37456941503785
  0
LWPOLYLINE
  5
10EB
330
17
100
AcDbEntity
  8
C31
100
AcDbPolyline
 90
2
 70
0
 10
1346.1119373508054
 20
-279.30717856868625
 10
1330.2676482509403
 20
-279.30717856868625
  0
LWPOLYLINE
  5
10EC
330
17
100
AcDbEntity
  8
C31
100
AcDbPolyline
 90
2
 70
0
 10
1330.2676482509403
 20
-279.30717856868625
 10
1327.6671130016966
 20
-313.37456941503785
  0
LWPOLYLINE
  5
10ED
330
17
100
AcDbEntity
  8
C31
100
AcDbPolyline
 90
2
 70
0
 10
1343.5114021015618
 20
-313.37456941503785
 10
1346.1119373508054
 20
-279.30717856868625
  0
LWPOLYLINE
  5
10EE
330
17
100
AcDbEntity
  8
C31
100
AcDbPolyline
 90
2
 70
0
 10
1348.392545555575
 20
-240.46076445844466
 10
1332.5482564557099
 20
-240.46076445844466
  0
LWPOLYLINE
  5
10EF
330
17
100
AcDbEntity
  8
C31
100
AcDbPolyline
 90
2
 70
0
 10
1332.5482564557099
 20
-240.46076445844466
 10
1330.2676482509403
 20
-279.30717856868625
  0
LWPOLYLINE
  5
10F0
330
17
100
AcDbEntity
  8
C31
100
AcDbPolyline
 90
2
 70
0
 10
1346.1119373508054
 20
-279.30717856868625
 10
1348.392545555575
 20
-240.46076445844466
  0
LWPOLYLINE
  5
10F1
330
17
100
AcDbEntity
  8
C31
100
AcDbPolyline
 90
2
 70
0
 10
1350.314204877183
 20
-197.50000000000009
 10
1334.469915777318
 20
-197.50000000000009
  0
LWPOLYLINE
  5
10F2
330
17
100
AcDbEntity
  8
C31
100
AcDbPolyline
 90
2
 70
0
 10
1334.469915777318
 20
-197.50000000000009
 10
1332.5482564557099
 20
-240.46076445844466
  0
LWPOLYLINE
  5
10F3
330
17
100
AcDbEntity
  8
C31
100
AcDbPolyline
 90
2
 70
0
 10
1348.392545555575
 20
-240.46076445844466
 10
1350.314204877183
 20
-197.50000000000009
  0
LWPOLYLINE
  5
10F4
330
17
100
AcDbEntity
  8
C31
100
AcDbPolyline
 90
2
 70
0
 10
1351.844035191852
 20
-151.15995578421044
 10
1335.999746091987
 20
-151.15995578421044
  0
LWPOLYLINE
  5
10F5
330
17
100
AcDbEntity
  8
C31
100
AcDbPolyline
 90
2
 70
0
 10
1335.999746091987
 20
-151.15995578421044
 10
1334.469915777318
 20
-197.50000000000009
  0
LWPOLYLINE
  5
10F6
330
17
100
AcDbEntity
  8
C31
100
AcDbPolyline
 90
2
 70
0
 10
1350.314204877183
 20
-197.50000000000009
 10
1351.844035191852
 20
-151.15995578421044
  0
LWPOLYLINE
  5
10F7
330
17
100
AcDbEntity
  8
C31
100
AcDbPolyline
 90
2
 70
0
 10
1352.955860678749
 20
-102.23352281549565
 10
1337.111571578884
 20
-102.23352281549565
  0
LWPOLYLINE
  5
10F8
330
17
100
AcDbEntity
  8
C31
100
AcDbPolyline
 90
2
 70
0
 10
1337.111571578884
 20
-102.23352281549565
 10
1335.999746091987
 20
-151.15995578421044
  0
LWPOLYLINE
  5
10F9
330
17
100
AcDbEntity
  8
C31
100
AcDbPolyline
 90
2
 70
0
 10
1351.844035191852
 20
-151.15995578421044
 10
1352.955860678749
 20
-102.23352281549565
  0
LWPOLYLINE
  5
10FA
330
17
100
AcDbEntity
  8
C31
100
AcDbPolyline
 90
2
 70
0
 10
1353.6306576955371
 20
-51.55784592692038
 10
1337.786368595672
 20
-51.55784592692038
  0
LWPOLYLINE
  5
10FB
330
17
100
AcDbEntity
  8
C31
100
AcDbPolyline
 90
2
 70
0
 10
1337.786368595672
 20
-51.55784592692038
 10
1337.111571578884
 20
-102.23352281549565
  0
LWPOLYLINE
  5
10FC
330
17
100
AcDbEntity
  8
C31
100
AcDbPolyline
 90
2
 70
0
 10
1352.955860678749
 20
-102.23352281549565
 10
1353.6306576955371
 20
-51.55784592692038
  0
LWPOLYLINE
  5
10FD
330
17
100
AcDbEntity
  8
C31
100
AcDbPolyline
 90
2
 70
0
 10
1353.8568802781697
 20
2.4186774283160226e-14
 10
1338.0125911783045
 20
2.4186774283160226e-14
  0
LWPOLYLINE
  5
10FE
330
17
100
AcDbEntity
  8
C31
100
AcDbPolyline
 90
2
 70
0
 10
1338.0125911783045
 20
2.4186774283160226e-14
 10
1337.786368595672
 20
-51.55784592692038
  0
LWPOLYLINE
  5
10FF
330
17
100
AcDbEntity
  8
C31
100
AcDbPolyline
 90
2
 70
0
 10
1353.6306576955371
 20
-51.55784592692038
 10
1353.8568802781697
 20
2.4186774283160226e-14
  0
LWPOLYLINE
  5
1100
330
17
100
AcDbEntity
  8
C31
100
AcDbPolyline
 90
2
 70
0
 10
1353.6306576955371
 20
51.55784592692043
 10
1337.786368595672
 20
51.55784592692043
  0
LWPOLYLINE
  5
1101
330
17
100
AcDbEntity
  8
C31
100
AcDbPolyline
 90
2
 70
0
 10
1337.786368595672
 20
51.55784592692043
 10
1338.0125911783045
 20
2.4186774283160226e-14
  0
LWPOLYLINE
  5
1102
330
17
100
AcDbEntity
  8
C31
100
AcDbPolyline
 90
2
 70
0
 10
1353.8568802781697
 20
2.4186774283160226e-14
 10
1353.6306576955371
 20
51.55784592692043
  0
LWPOLYLINE
  5
1103
330
17
100
AcDbEntity
  8
C31
100
AcDbPolyline
 90
2
 70
0
 10
1352.955860678749
 20
102.23352281549569
 10
1337.111571578884
 20
102.23352281549569
  0
LWPOLYLINE
  5
1104
330
17
100
AcDbEntity
  8
C31
100
AcDbPolyline
 90
2
 70
0
 10
1337.111571578884
 20
102.23352281549569
 10
1337.786368595672
 20
51.55784592692043
  0
LWPOLYLINE
  5
1105
330
17
100
AcDbEntity
  8
C31
100
AcDbPolyline
 90
2
 70
0
 10
1353.6306576955371
 20
51.55784592692043
 10
1352.955860678749
 20
102.23352281549569
  0
LWPOLYLINE
  5
1106
330
17
100
AcDbEntity
  8
C31
100
AcDbPolyline
 90
2
 70
0
 10
1351.844035191852
 20
151.1599557842104
 10
1335.999746091987
 20
151.1599557842104
  0
LWPOLYLINE
  5
1107
330
17
100
AcDbEntity
  8
C31
100
AcDbPolyline
 90
2
 70
0
 10
1335.999746091987
 20
151.1599557842104
 10
1337.111571578884
 20
102.23352281549569
  0
LWPOLYLINE
  5
1108
330
17
100
AcDbEntity
  8
C31
100
AcDbPolyline
 90
2
 70
0
 10
1352.955860678749
 20
102.23352281549569
 10
1351.844035191852
 20
151.1599557842104
  0
LWPOLYLINE
  5
1109
330
17
100
AcDbEntity
  8
C31
100
AcDbPolyline
 90
2
 70
0
 10
1350.314204877183
 20
197.49999999999994
 10
1334.469915777318
 20
197.49999999999994
  0
LWPOLYLINE
  5
110A
330
17
100
AcDbEntity
  8
C31
100
AcDbPolyline
 90
2
 70
0
 10
1334.469915777318
 20
197.49999999999994
 10
1335.999746091987
 20
151.1599557842104
  0
LWPOLYLINE
  5
110B
330
17
100
AcDbEntity
  8
C31
100
AcDbPolyline
 90
2
 70
0
 10
1351.844035191852
 20
151.1599557842104
 10
1350.314204877183
 20
197.49999999999994
  0
LWPOLYLINE
  5
110C
330
17
100
AcDbEntity
  8
C31
100
AcDbPolyline
 90
2
 70
0
 10
1348.392545555575
 20
240.46076445844471
 10
1332.5482564557099
 20
240.46076445844471
  0
LWPOLYLINE
  5
110D
330
17
100
AcDbEntity
  8
C31
100
AcDbPolyline
 90
2
 70
0
 10
1332.5482564557099
 20
240.46076445844471
 10
1334.469915777318
 20
197.49999999999994
  0
LWPOLYLINE
  5
110E
330
17
100
AcDbEntity
  8
C31
100
AcDbPolyline
 90
2
 70
0
 10
1350.314204877183
 20
197.49999999999994
 10
1348.392545555575
 20
240.46076445844471
  0
LWPOLYLINE
  5
110F
330
17
100
AcDbEntity
  8
C31
100
AcDbPolyline
 90
2
 70
0
 10
1346.1119373508054
 20
279.3071785686863
 10
1330.2676482509403
 20
279.3071785686863
  0
LWPOLYLINE
  5
1110
330
17
100
AcDbEntity
  8
C31
100
AcDbPolyline
 90
2
 70
0
 10
1330.2676482509403
 20
279.3071785686863
 10
1332.5482564557099
 20
240.46076445844471
  0
LWPOLYLINE
  5
1111
330
17
100
AcDbEntity
  8
C31
100
AcDbPolyline
 90
2
 70
0
 10
1348.392545555575
 20
240.46076445844471
 10
1346.1119373508054
 20
279.3071785686863
  0
LWPOLYLINE
  5
1112
330
17
100
AcDbEntity
  8
C31
100
AcDbPolyline
 90
2
 70
0
 10
1343.5114021015618
 20
313.37456941503785
 10
1327.6671130016966
 20
313.37456941503785
  0
LWPOLYLINE
  5
1113
330
17
100
AcDbEntity
  8
C31
100
AcDbPolyline
 90
2
 70
0
 10
1327.6671130016966
 20
313.37456941503785
 10
1330.2676482509403
 20
279.3071785686863
  0
LWPOLYLINE
  5
1114
330
17
100
AcDbEntity
  8
C31
100
AcDbPolyline
 90
2
 70
0
 10
1346.1119373508054
 20
279.3071785686863
 10
1343.5114021015618
 20
313.37456941503785
  0
LWPOLYLINE
  5
1115
330
17
100
AcDbEntity
  8
C31
100
AcDbPolyline
 90
2
 70
0
 10
1340.6354356869633
 20
342.0800344948533
 10
1324.7911465870982
 20
342.0800344948533
  0
LWPOLYLINE
  5
1116
330
17
100
AcDbEntity
  8
C31
100
AcDbPolyline
 90
2
 70
0
 10
1324.7911465870982
 20
342.0800344948533
 10
1327.6671130016966
 20
313.37456941503785
  0
LWPOLYLINE
  5
1117
330
17
100
AcDbEntity
  8
C31
100
AcDbPolyline
 90
2
 70
0
 10
1343.5114021015618
 20
313.37456941503785
 10
1340.6354356869633
 20
342.0800344948533
  0
LWPOLYLINE
  5
1118
330
17
100
AcDbEntity
  8
C31
100
AcDbPolyline
 90
2
 70
0
 10
1337.5332466897326
 20
364.9324153419583
 10
1321.6889575898674
 20
364.9324153419583
  0
LWPOLYLINE
  5
1119
330
17
100
AcDbEntity
  8
C31
100
AcDbPolyline
 90
2
 70
0
 10
1321.6889575898674
 20
364.9324153419583
 10
1324.7911465870982
 20
342.0800344948533
  0
LWPOLYLINE
  5
111A
330
17
100
AcDbEntity
  8
C31
100
AcDbPolyline
 90
2
 70
0
 10
1340.6354356869633
 20
342.0800344948533
 10
1337.5332466897326
 20
364.9324153419583
  0
LWPOLYLINE
  5
111B
330
17
100
AcDbEntity
  8
C31
100
AcDbPolyline
 90
2
 70
0
 10
1334.2579144237009
 20
381.54070138418194
 10
1318.4136253238357
 20
381.54070138418194
  0
LWPOLYLINE
  5
111C
330
17
100
AcDbEntity
  8
C31
100
AcDbPolyline
 90
2
 70
0
 10
1318.4136253238357
 20
381.54070138418194
 10
1321.6889575898674
 20
364.9324153419583
  0
LWPOLYLINE
  5
111D
330
17
100
AcDbEntity
  8
C31
100
AcDbPolyline
 90
2
 70
0
 10
1337.5332466897326
 20
364.9324153419583
 10
1334.2579144237009
 20
381.54070138418194
  0
LWPOLYLINE
  5
111E
330
17
100
AcDbEntity
  8
C31
100
AcDbPolyline
 90
2
 70
0
 10
1330.8654807320343
 20
391.6207202426551
 10
1315.0211916321691
 20
391.6207202426551
  0
LWPOLYLINE
  5
111F
330
17
100
AcDbEntity
  8
C31
100
AcDbPolyline
 90
2
 70
0
 10
1315.0211916321691
 20
391.6207202426551
 10
1318.4136253238357
 20
381.54070138418194
  0
LWPOLYLINE
  5
1120
330
17
100
AcDbEntity
  8
C31
100
AcDbPolyline
 90
2
 70
0
 10
1334.2579144237009
 20
381.54070138418194
 10
1330.8654807320343
 20
391.6207202426551
  0
LWPOLYLINE
  5
1121
330
17
100
AcDbEntity
  8
C31
100
AcDbPolyline
 90
2
 70
0
 10
1327.4139910957572
 20
395.0
 10
1311.569701995892
 20
395.0
  0
LWPOLYLINE
  5
1122
330
17
100
AcDbEntity
  8
C31
100
AcDbPolyline
 90
2
 70
0
 10
1311.569701995892
 20
395.0
 10
1315.0211916321691
 20
391.6207202426551
  0
LWPOLYLINE
  5
1123
330
17
100
AcDbEntity
  8
C31
100
AcDbPolyline
 90
2
 70
0
 10
1330.8654807320343
 20
391.6207202426551
 10
1327.4139910957572
 20
395.0
  0
LWPOLYLINE
  5
1124
330
17
100
AcDbEntity
  8
C31
100
AcDbPolyline
 90
2
 70
0
 10
1311.569701995892
 20
-395.0
 10
1311.569701995892
 20
395.0
  0
LWPOLYLINE
  5
1125
330
17
100
AcDbEntity
  8
C31
100
AcDbPolyline
 90
2
 70
0
 10
1327.4139910957572
 20
395.0
 10
1327.4139910957572
 20
-395.0
  0
LWPOLYLINE
  5
1127
330
17
100
AcDbEntity
  8
C40
100
AcDbPolyline
 90
2
 70
0
 10
45.0
 20
-380.0
 10
45.0
 20
-360.0
  0
LWPOLYLINE
  5
1128
330
17
100
AcDbEntity
  8
C40
100
AcDbPolyline
 90
2
 70
0
 10
45.0
 20
-380.0
 10
45.0
 20
-380.0
  0
LWPOLYLINE
  5
1129
330
17
100
AcDbEntity
  8
C40
100
AcDbPolyline
 90
2
 70
0
 10
45.0
 20
-360.0
 10
45.0
 20
-360.0
  0
LWPOLYLINE
  5
112A
330
17
100
AcDbEntity
  8
C40
100
AcDbPolyline
 90
2
 70
0
 10
45.0
 20
-360.0
 10
45.0
 20
-380.0
  0
LWPOLYLINE
  5
112B
330
17
100
AcDbEntity
  8
C40
100
AcDbPolyline
 90
16
 70
0
 10
45.0
 20
-380.0
 10
45.21912418526907
 20
-384.1811385307061
 10
45.874095970647765
 20
-388.3164676327103
 10
46.95773934819385
 20
-392.36067977499783
 10
48.458181694295945
 20
-396.26946572303194
 10
50.35898384862242
 20
-399.99999999999994
 10
52.63932022500206
 20
-403.51141009169885
 10
55.27420698090417
 20
-406.7652242543543
 10
58.23477574564559
 20
-409.7257930190957
 10
61.48858990830098
 20
-412.36067977499783
 10
64.99999999999989
 20
-414.64101615137747
 10
68.73053427696786
 20
-416.541818305704
 10
72.63932022500197
 20
-418.0422606518061
 10
76.68353236728947
 20
-419.12590402935217
 10
80.8188614692937
 20
-419.7808758147309
 10
84.99999999999999
 20
-420.0
  0
LWPOLYLINE
  5
112C
330
17
100
AcDbEntity
  8
C40
100
AcDbPolyline
 90
16
 70
0
 10
45.0
 20
-360.0
 10
45.21912418526907
 20
-355.8188614692939
 10
45.87409597064777
 20
-351.6835323672896
 10
46.957739348193854
 20
-347.6393202250021
 10
48.45818169429596
 20
-343.730534276968
 10
50.35898384862245
 20
-340.0
 10
52.6393202250021
 20
-336.4885899083011
 10
55.27420698090423
 20
-333.23477574564566
 10
58.23477574564568
 20
-330.27420698090424
 10
61.48858990830109
 20
-327.6393202250021
 10
65.00000000000001
 20
-325.3589838486224
 10
68.73053427696802
 20
-323.45818169429594
 10
72.63932022500214
 20
-321.95773934819385
 10
76.68353236728966
 20
-320.8740959706478
 10
80.8188614692939
 20
-320.21912418526904
 10
85.0
 20
-320.0
  0
LWPOLYLINE
  5
112D
330
17
100
AcDbEntity
  8
C40
100
AcDbPolyline
 90
2
 70
0
 10
85.0
 20
-420.0
 10
475.0
 20
-420.0
  0
LWPOLYLINE
  5
112E
330
17
100
AcDbEntity
  8
C40
100
AcDbPolyline
 90
2
 70
0
 10
475.0
 20
-320.0
 10
85.0
 20
-320.0
  0
LWPOLYLINE
  5
112F
330
17
100
AcDbEntity
  8
C40
100
AcDbPolyline
 90
16
 70
0
 10
515.0
 20
-380.0
 10
514.780875814731
 20
-384.1811385307061
 10
514.1259040293522
 20
-388.3164676327103
 10
513.0422606518061
 20
-392.36067977499783
 10
511.54181830570406
 20
-396.26946572303194
 10
509.6410161513776
 20
-399.99999999999994
 10
507.36067977499795
 20
-403.51141009169885
 10
504.7257930190958
 20
-406.7652242543543
 10
501.7652242543544
 20
-409.7257930190957
 10
498.511410091699
 20
-412.36067977499783
 10
495.0000000000001
 20
-414.64101615137747
 10
491.2694657230321
 20
-416.541818305704
 10
487.36067977499806
 20
-418.0422606518061
 10
483.31646763271056
 20
-419.12590402935217
 10
479.18113853070633
 20
-419.7808758147309
 10
475.0
 20
-420.0
  0
LWPOLYLINE
  5
1130
330
17
100
AcDbEntity
  8
C40
100
AcDbPolyline
 90
16
 70
0
 10
515.0
 20
-360.0
 10
514.780875814731
 20
-355.8188614692939
 10
514.1259040293522
 20
-351.6835323672896
 10
513.0422606518061
 20
-347.6393202250021
 10
511.54181830570406
 20
-343.730534276968
 10
509.6410161513775
 20
-340.0
 10
507.3606797749979
 20
-336.4885899083011
 10
504.72579301909576
 20
-333.23477574564566
 10
501.76522425435434
 20
-330.27420698090424
 10
498.5114100916989
 20
-327.6393202250021
 10
495.0
 20
-325.3589838486224
 10
491.269465723032
 20
-323.45818169429594
 10
487.3606797749979
 20
-321.95773934819385
 10
483.3164676327103
 20
-320.8740959706478
 10
479.1811385307061
 20
-320.21912418526904
 10
475.0
 20
-320.0
  0
LWPOLYLINE
  5
1131
330
17
100
AcDbEntity
  8
C40
100
AcDbPolyline
 90
2
 70
0
 10
515.0
 20
-380.0
 10
515.0
 20
-360.0
  0
LWPOLYLINE
  5
1132
330
17
100
AcDbEntity
  8
C40
100
AcDbPolyline
 90
16
 70
0
 10
45.0
 20
-380.0
 10
45.21912418526907
 20
-384.1811385307061
 10
45.874095970647765
 20
-388.3164676327103
 10
46.95773934819385
 20
-392.36067977499783
 10
48.458181694295945
 20
-396.26946572303194
 10
50.35898384862242
 20
-399.99999999999994
 10
52.63932022500206
 20
-403.51141009169885
 10
55.27420698090417
 20
-406.7652242543543
 10
58.23477574564559
 20
-409.7257930190957
 10
61.48858990830098
 20
-412.36067977499783
 10
64.99999999999989
 20
-414.64101615137747
 10
68.73053427696786
 20
-416.541818305704
 10
72.63932022500197
 20
-418.0422606518061
 10
76.68353236728947
 20
-419.12590402935217
 10
80.8188614692937
 20
-419.7808758147309
 10
84.99999999999999
 20
-420.0
  0
LWPOLYLINE
  5
1133
330
17
100
AcDbEntity
  8
C40
100
AcDbPolyline
 90
2
 70
0
 10
85.0
 20
-420.0
 10
85.0
 20
-420.0
  0
LWPOLYLINE
  5
1134
330
17
100
AcDbEntity
  8
C40
100
AcDbPolyline
 90
16
 70
0
 10
45.0
 20
-360.0
 10
45.21912418526907
 20
-355.8188614692939
 10
45.87409597064777
 20
-351.6835323672896
 10
46.957739348193854
 20
-347.6393202250021
 10
48.45818169429596
 20
-343.730534276968
 10
50.35898384862245
 20
-340.0
 10
52.6393202250021
 20
-336.4885899083011
 10
55.27420698090423
 20
-333.23477574564566
 10
58.23477574564568
 20
-330.27420698090424
 10
61.48858990830109
 20
-327.6393202250021
 10
65.00000000000001
 20
-325.3589838486224
 10
68.73053427696802
 20
-323.45818169429594
 10
72.63932022500214
 20
-321.95773934819385
 10
76.68353236728966
 20
-320.8740959706478
 10
80.8188614692939
 20
-320.21912418526904
 10
85.0
 20
-320.0
  0
LWPOLYLINE
  5
1135
330
17
100
AcDbEntity
  8
C40
100
AcDbPolyline
 90
2
 70
0
 10
85.0
 20
-320.0
 10
85.0
 20
-320.0
  0
LWPOLYLINE
  5
1136
330
17
100
AcDbEntity
  8
C40
100
AcDbPolyline
 90
2
 70
0
 10
475.0
 20
-420.0
 10
85.0
 20
-420.0
  0
LWPOLYLINE
  5
1137
330
17
100
AcDbEntity
  8
C40
100
AcDbPolyline
 90
2
 70
0
 10
85.0
 20
-320.0
 10
475.0
 20
-320.0
  0
LWPOLYLINE
  5
1138
330
17
100
AcDbEntity
  8
C40
100
AcDbPolyline
 90
16
 70
0
 10
515.0
 20
-380.0
 10
514.780875814731
 20
-384.1811385307061
 10
514.1259040293522
 20
-388.3164676327103
 10
513.0422606518061
 20
-392.36067977499783
 10
511.54181830570406
 20
-396.26946572303194
 10
509.6410161513776
 20
-399.99999999999994
 10
507.36067977499795
 20
-403.51141009169885
 10
504.7257930190958
 20
-406.7652242543543
 10
501.7652242543544
 20
-409.7257930190957
 10
498.511410091699
 20
-412.36067977499783
 10
495.0000000000001
 20
-414.64101615137747
 10
491.2694657230321
 20
-416.541818305704
 10
487.36067977499806
 20
-418.0422606518061
 10
483.31646763271056
 20
-419.12590402935217
 10
479.18113853070633
 20
-419.7808758147309
 10
475.0
 20
-420.0
  0
LWPOLYLINE
  5
1139
330
17
100
AcDbEntity
  8
C40
100
AcDbPolyline
 90
16
 70
0
 10
515.0
 20
-360.0
 10
514.780875814731
 20
-355.8188614692939
 10
514.1259040293522
 20
-351.6835323672896
 10
513.0422606518061
 20
-347.6393202250021
 10
511.54181830570406
 20
-343.730534276968
 10
509.6410161513775
 20
-340.0
 10
507.3606797749979
 20
-336.4885899083011
 10
504.72579301909576
 20
-333.23477574564566
 10
501.76522425435434
 20
-330.27420698090424
 10
498.5114100916989
 20
-327.6393202250021
 10
495.0
 20
-325.3589838486224
 10
491.269465723032
 20
-323.45818169429594
 10
487.3606797749979
 20
-321.95773934819385
 10
483.3164676327103
 20
-320.8740959706478
 10
479.1811385307061
 20
-320.21912418526904
 10
475.0
 20
-320.0
  0
LWPOLYLINE
  5
113A
330
17
100
AcDbEntity
  8
C40
100
AcDbPolyline
 90
2
 70
0
 10
515.0
 20
-360.0
 10
515.0
 20
-380.0
  0
LWPOLYLINE
  5
113B
330
17
100
AcDbEntity
  8
C40
100
AcDbPolyline
 90
2
 70
0
 10
475.0
 20
-420.0
 10
475.0
 20
-420.0
  0
LWPOLYLINE
  5
113C
330
17
100
AcDbEntity
  8
C40
100
AcDbPolyline
 90
2
 70
0
 10
475.0
 20
-320.0
 10
475.0
 20
-320.0
  0
LWPOLYLINE
  5
113D
330
17
100
AcDbEntity
  8
C40
100
AcDbPolyline
 90
2
 70
0
 10
515.0
 20
-380.0
 10
515.0
 20
-380.0
  0
LWPOLYLINE
  5
113E
330
17
100
AcDbEntity
  8
C40
100
AcDbPolyline
 90
2
 70
0
 10
515.0
 20
-360.0
 10
515.0
 20
-360.0
  0
LWPOLYLINE
  5
1140
330
17
100
AcDbEntity
  8
C41
100
AcDbPolyline
 90
2
 70
0
 10
45.0
 20
360.0
 10
45.0
 20
380.0
  0
LWPOLYLINE
  5
1141
330
17
100
AcDbEntity
  8
C41
100
AcDbPolyline
 90
2
 70
0
 10
45.0
 20
360.0
 10
45.0
 20
360.0
  0
LWPOLYLINE
  5
1142
330
17
100
AcDbEntity
  8
C41
100
AcDbPolyline
 90
2
 70
0
 10
45.0
 20
380.0
 10
45.0
 20
380.0
  0
LWPOLYLINE
  5
1143
330
17
100
AcDbEntity
  8
C41
100
AcDbPolyline
 90
2
 70
0
 10
45.0
 20
380.0
 10
45.0
 20
360.0
  0
LWPOLYLINE
  5
1144
330
17
100
AcDbEntity
  8
C41
100
AcDbPolyline
 90
16
 70
0
 10
45.0
 20
360.0
 10
45.21912418526907
 20
355.8188614692939
 10
45.874095970647765
 20
351.6835323672897
 10
46.95773934819385
 20
347.63932022500217
 10
48.458181694295945
 20
343.73053427696806
 10
50.35898384862242
 20
340.00000000000006
 10
52.63932022500206
 20
336.48858990830115
 10
55.27420698090417
 20
333.2347757456457
 10
58.23477574564559
 20
330.2742069809043
 10
61.48858990830098
 20
327.63932022500217
 10
64.99999999999989
 20
325.35898384862253
 10
68.73053427696786
 20
323.458181694296
 10
72.63932022500197
 20
321.9577393481939
 10
76.68353236728947
 20
320.87409597064783
 10
80.8188614692937
 20
320.2191241852691
 10
84.99999999999999
 20
320.0
  0
LWPOLYLINE
  5
1145
330
17
100
AcDbEntity
  8
C41
100
AcDbPolyline
 90
16
 70
0
 10
45.0
 20
380.0
 10
45.21912418526907
 20
384.1811385307061
 10
45.87409597064777
 20
388.3164676327104
 10
46.957739348193854
 20
392.3606797749979
 10
48.45818169429596
 20
396.269465723032
 10
50.35898384862245
 20
400.0
 10
52.6393202250021
 20
403.5114100916989
 10
55.27420698090423
 20
406.76522425435434
 10
58.23477574564568
 20
409.72579301909576
 10
61.48858990830109
 20
412.3606797749979
 10
65.00000000000001
 20
414.6410161513776
 10
68.73053427696802
 20
416.54181830570406
 10
72.63932022500214
 20
418.04226065180615
 10
76.68353236728966
 20
419.1259040293522
 10
80.8188614692939
 20
419.78087581473096
 10
85.0
 20
420.0
  0
LWPOLYLINE
  5
1146
330
17
100
AcDbEntity
  8
C41
100
AcDbPolyline
 90
2
 70
0
 10
85.0
 20
320.0
 10
475.0
 20
320.0
  0
LWPOLYLINE
  5
1147
330
17
100
AcDbEntity
  8
C41
100
AcDbPolyline
 90
2
 70
0
 10
475.0
 20
420.0
 10
85.0
 20
420.0
  0
LWPOLYLINE
  5
1148
330
17
100
AcDbEntity
  8
C41
100
AcDbPolyline
 90
16
 70
0
 10
515.0
 20
360.0
 10
514.780875814731
 20
355.8188614692939
 10
514.1259040293522
 20
351.6835323672897
 10
513.0422606518061
 20
347.63932022500217
 10
511.54181830570406
 20
343.73053427696806
 10
509.6410161513776
 20
340.00000000000006
 10
507.36067977499795
 20
336.48858990830115
 10
504.7257930190958
 20
333.2347757456457
 10
501.7652242543544
 20
330.2742069809043
 10
498.511410091699
 20
327.63932022500217
 10
495.0000000000001
 20
325.35898384862253
 10
491.2694657230321
 20
323.458181694296
 10
487.36067977499806
 20
321.9577393481939
 10
483.31646763271056
 20
320.87409597064783
 10
479.18113853070633
 20
320.2191241852691
 10
475.0
 20
320.0
  0
LWPOLYLINE
  5
1149
330
17
100
AcDbEntity
  8
C41
100
AcDbPolyline
 90
16
 70
0
 10
515.0
 20
380.0
 10
514.780875814731
 20
384.1811385307061
 10
514.1259040293522
 20
388.3164676327104
 10
513.0422606518061
 20
392.3606797749979
 10
511.54181830570406
 20
396.269465723032
 10
509.6410161513775
 20
400.0
 10
507.3606797749979
 20
403.5114100916989
 10
504.72579301909576
 20
406.76522425435434
 10
501.76522425435434
 20
409.72579301909576
 10
498.5114100916989
 20
412.3606797749979
 10
495.0
 20
414.6410161513776
 10
491.269465723032
 20
416.54181830570406
 10
487.3606797749979
 20
418.04226065180615
 10
483.3164676327103
 20
419.1259040293522
 10
479.1811385307061
 20
419.78087581473096
 10
475.0
 20
420.0
  0
LWPOLYLINE
  5
114A
330
17
100
AcDbEntity
  8
C41
100
AcDbPolyline
 90
2
 70
0
 10
515.0
 20
360.0
 10
515.0
 20
380.0
  0
LWPOLYLINE
  5
114B
330
17
100
AcDbEntity
  8
C41
100
AcDbPolyline
 90
16
 70
0
 10
45.0
 20
360.0
 10
45.21912418526907
 20
355.8188614692939
 10
45.874095970647765
 20
351.6835323672897
 10
46.95773934819385
 20
347.63932022500217
 10
48.458181694295945
 20
343.73053427696806
 10
50.35898384862242
 20
340.00000000000006
 10
52.63932022500206
 20
336.48858990830115
 10
55.27420698090417
 20
333.2347757456457
 10
58.23477574564559
 20
330.2742069809043
 10
61.48858990830098
 20
327.63932022500217
 10
64.99999999999989
 20
325.35898384862253
 10
68.73053427696786
 20
323.458181694296
 10
72.63932022500197
 20
321.9577393481939
 10
76.68353236728947
 20
320.87409597064783
 10
80.8188614692937
 20
320.2191241852691
 10
84.99999999999999
 20
320.0
  0
LWPOLYLINE
  5
114C
330
17
100
AcDbEntity
  8
C41
100
AcDbPolyline
 90
2
 70
0
 10
85.0
 20
320.0
 10
85.0
 20
320.0
  0
LWPOLYLINE
  5
114D
330
17
100
AcDbEntity
  8
C41
100
AcDbPolyline
 90
16
 70
0
 10
45.0
 20
380.0
 10
45.21912418526907
 20
384.1811385307061
 10
45.87409597064777
 20
388.3164676327104
 10
46.957739348193854
 20
392.3606797749979
 10
48.45818169429596
 20
396.269465723032
 10
50.35898384862245
 20
400.0
 10
52.6393202250021
 20
403.5114100916989
 10
55.27420698090423
 20
406.76522425435434
 10
58.23477574564568
 20
409.72579301909576
 10
61.48858990830109
 20
412.3606797749979
 10
65.00000000000001
 20
414.6410161513776
 10
68.73053427696802
 20
416.54181830570406
 10
72.63932022500214
 20
418.04226065180615
 10
76.68353236728966
 20
419.1259040293522
 10
80.8188614692939
 20
419.78087581473096
 10
85.0
 20
420.0
  0
LWPOLYLINE
  5
114E
330
17
100
AcDbEntity
  8
C41
100
AcDbPolyline
 90
2
 70
0
 10
85.0
 20
420.0
 10
85.0
 20
420.0
  0
LWPOLYLINE
  5
114F
330
17
100
AcDbEntity
  8
C41
100
AcDbPolyline
 90
2
 70
0
 10
475.0
 20
320.0
 10
85.0
 20
320.0
  0
LWPOLYLINE
  5
1150
330
17
100
AcDbEntity
  8
C41
100
AcDbPolyline
 90
2
 70
0
 10
85.0
 20
420.0
 10
475.0
 20
420.0
  0
LWPOLYLINE
  5
1151
330
17
100
AcDbEntity
  8
C41
100
AcDbPolyline
 90
16
 70
0
 10
515.0
 20
360.0
 10
514.780875814731
 20
355.8188614692939
 10
514.1259040293522
 20
351.6835323672897
 10
513.0422606518061
 20
347.63932022500217
 10
511.54181830570406
 20
343.73053427696806
 10
509.6410161513776
 20
340.00000000000006
 10
507.36067977499795
 20
336.48858990830115
 10
504.7257930190958
 20
333.2347757456457
 10
501.7652242543544
 20
330.2742069809043
 10
498.511410091699
 20
327.63932022500217
 10
495.0000000000001
 20
325.35898384862253
 10
491.2694657230321
 20
323.458181694296
 10
487.36067977499806
 20
321.9577393481939
 10
483.31646763271056
 20
320.87409597064783
 10
479.18113853070633
 20
320.2191241852691
 10
475.0
 20
320.0
  0
LWPOLYLINE
  5
1152
330
17
100
AcDbEntity
  8
C41
100
AcDbPolyline
 90
16
 70
0
 10
515.0
 20
380.0
 10
514.780875814731
 20
384.1811385307061
 10
514.1259040293522
 20
388.3164676327104
 10
513.0422606518061
 20
392.3606797749979
 10
511.54181830570406
 20
396.269465723032
 10
509.6410161513775
 20
400.0
 10
507.3606797749979
 20
403.5114100916989
 10
504.72579301909576
 20
406.76522425435434
 10
501.76522425435434
 20
409.72579301909576
 10
498.5114100916989
 20
412.3606797749979
 10
495.0
 20
414.6410161513776
 10
491.269465723032
 20
416.54181830570406
 10
487.3606797749979
 20
418.04226065180615
 10
483.3164676327103
 20
419.1259040293522
 10
479.1811385307061
 20
419.78087581473096
 10
475.0
 20
420.0
  0
LWPOLYLINE
  5
1153
330
17
100
AcDbEntity
  8
C41
100
AcDbPolyline
 90
2
 70
0
 10
515.0
 20
380.0
 10
515.0
 20
360.0
  0
LWPOLYLINE
  5
1154
330
17
100
AcDbEntity
  8
C41
100
AcDbPolyline
 90
2
 70
0
 10
475.0
 20
320.0
 10
475.0
 20
320.0
  0
LWPOLYLINE
  5
1155
330
17
100
AcDbEntity
  8
C41
100
AcDbPolyline
 90
2
 70
0
 10
475.0
 20
420.0
 10
475.0
 20
420.0
  0
LWPOLYLINE
  5
1156
330
17
100
AcDbEntity
  8
C41
100
AcDbPolyline
 90
2
 70
0
 10
515.0
 20
360.0
 10
515.0
 20
360.0
  0
LWPOLYLINE
  5
1157
330
17
100
AcDbEntity
  8
C41
100
AcDbPolyline
 90
2
 70
0
 10
515.0
 20
380.0
 10
515.0
 20
380.0
  0
LWPOLYLINE
  5
1159
330
17
100
AcDbEntity
  8
EH0
100
AcDbPolyline
 90
2
 70
0
 10
-433.6501270586818
 20
-379.0
 10
-110.73882972095697
 20
-379.0
  0
LWPOLYLINE
  5
115A
330
17
100
AcDbEntity
  8
EH0
100
AcDbPolyline
 90
2
 70
0
 10
-92.7840972338538
 20
-375.75760246067415
 10
-415.6953945715786
 20
-375.75760246067415
  0
LWPOLYLINE
  5
115B
330
17
100
AcDbEntity
  8
EH0
100
AcDbPolyline
 90
2
 70
0
 10
-415.6953945715786
 20
-375.75760246067415
 10
-433.6501270586818
 20
-379.0
  0
LWPOLYLINE
  5
115C
330
17
100
AcDbEntity
  8
EH0
100
AcDbPolyline
 90
2
 70
0
 10
-110.73882972095697
 20
-379.0
 10
-92.7840972338538
 20
-375.75760246067415
  0
LWPOLYLINE
  5
115D
330
17
100
AcDbEntity
  8
EH0
100
AcDbPolyline
 90
2
 70
0
 10
-75.13657519759732
 20
-366.08588816355683
 10
-398.04787253532214
 20
-366.08588816355683
  0
LWPOLYLINE
  5
115E
330
17
100
AcDbEntity
  8
EH0
100
AcDbPolyline
 90
2
 70
0
 10
-398.04787253532214
 20
-366.08588816355683
 10
-415.6953945715786
 20
-375.75760246067415
  0
LWPOLYLINE
  5
115F
330
17
100
AcDbEntity
  8
EH0
100
AcDbPolyline
 90
2
 70
0
 10
-92.7840972338538
 20
-375.75760246067415
 10
-75.13657519759732
 20
-366.08588816355683
  0
LWPOLYLINE
  5
1160
330
17
100
AcDbEntity
  8
EH0
100
AcDbPolyline
 90
2
 70
0
 10
-58.098217607045285
 20
-350.15034282177766
 10
-381.0095149447701
 20
-350.15034282177766
  0
LWPOLYLINE
  5
1161
330
17
100
AcDbEntity
  8
EH0
100
AcDbPolyline
 90
2
 70
0
 10
-381.0095149447701
 20
-350.15034282177766
 10
-398.04787253532214
 20
-366.08588816355683
  0
LWPOLYLINE
  5
1162
330
17
100
AcDbEntity
  8
EH0
100
AcDbPolyline
 90
2
 70
0
 10
-75.13657519759732
 20
-366.08588816355683
 10
-58.098217607045285
 20
-350.15034282177766
  0
LWPOLYLINE
  5
1163
330
17
100
AcDbEntity
  8
EH0
100
AcDbPolyline
 90
2
 70
0
 10
-41.96055548449726
 20
-328.2236280343023
 10
-364.8718528222221
 20
-328.2236280343023
  0
LWPOLYLINE
  5
1164
330
17
100
AcDbEntity
  8
EH0
100
AcDbPolyline
 90
2
 70
0
 10
-364.8718528222221
 20
-328.2236280343023
 10
-381.0095149447701
 20
-350.15034282177766
  0
LWPOLYLINE
  5
1165
330
17
100
AcDbEntity
  8
EH0
100
AcDbPolyline
 90
2
 70
0
 10
-58.098217607045285
 20
-350.15034282177766
 10
-41.96055548449726
 20
-328.2236280343023
  0
LWPOLYLINE
  5
1166
330
17
100
AcDbEntity
  8
EH0
100
AcDbPolyline
 90
2
 70
0
 10
-26.999708703075157
 20
-300.68091597037807
 10
-349.9110060408
 20
-300.68091597037807
  0
LWPOLYLINE
  5
1167
330
17
100
AcDbEntity
  8
EH0
100
AcDbPolyline
 90
2
 70
0
 10
-349.9110060408
 20
-300.68091597037807
 10
-364.8718528222221
 20
-328.2236280343023
  0
LWPOLYLINE
  5
1168
330
17
100
AcDbEntity
  8
EH0
100
AcDbPolyline
 90
2
 70
0
 10
-41.96055548449726
 20
-328.2236280343023
 10
-26.999708703075157
 20
-300.68091597037807
  0
LWPOLYLINE
  5
1169
330
17
100
AcDbEntity
  8
EH0
100
AcDbPolyline
 90
2
 70
0
 10
-13.471661499139657
 20
-267.9934700697015
 10
-336.3829588368645
 20
-267.9934700697015
  0
LWPOLYLINE
  5
116A
330
17
100
AcDbEntity
  8
EH0
100
AcDbPolyline
 90
2
 70
0
 10
-336.3829588368645
 20
-267.9934700697015
 10
-349.9110060408
 20
-300.68091597037807
  0
LWPOLYLINE
  5
116B
330
17
100
AcDbEntity
  8
EH0
100
AcDbPolyline
 90
2
 70
0
 10
-26.999708703075157
 20
-300.68091597037807
 10
-13.471661499139657
 20
-267.9934700697015
  0
LWPOLYLINE
  5
116C
330
17
100
AcDbEntity
  8
EH0
100
AcDbPolyline
 90
2
 70
0
 10
-1.6078825110331536
 20
-230.72058159430512
 10
-324.519179848758
 20
-230.72058159430512
  0
LWPOLYLINE
  5
116D
330
17
100
AcDbEntity
  8
EH0
100
AcDbPolyline
 90
2
 70
0
 10
-324.519179848758
 20
-230.72058159430512
 10
-336.3829588368645
 20
-267.9934700697015
  0
LWPOLYLINE
  5
116E
330
17
100
AcDbEntity
  8
EH0
100
AcDbPolyline
 90
2
 70
0
 10
-13.471661499139657
 20
-267.9934700697015
 10
-1.6078825110331536
 20
-230.72058159430512
  0
LWPOLYLINE
  5
116F
330
17
100
AcDbEntity
  8
EH0
100
AcDbPolyline
 90
2
 70
0
 10
8.38863571349674
 20
-189.50000000000009
 10
-314.5226616242281
 20
-189.50000000000009
  0
LWPOLYLINE
  5
1170
330
17
100
AcDbEntity
  8
EH0
100
AcDbPolyline
 90
2
 70
0
 10
-314.5226616242281
 20
-189.50000000000009
 10
-324.519179848758
 20
-230.72058159430512
  0
LWPOLYLINE
  5
1171
330
17
100
AcDbEntity
  8
EH0
100
AcDbPolyline
 90
2
 70
0
 10
-1.6078825110331536
 20
-230.72058159430512
 10
8.38863571349674
 20
-189.50000000000009
  0
LWPOLYLINE
  5
1172
330
17
100
AcDbEntity
  8
EH0
100
AcDbPolyline
 90
2
 70
0
 10
16.34684997606996
 20
-145.037020866369
 10
-306.56444736165486
 20
-145.037020866369
  0
LWPOLYLINE
  5
1173
330
17
100
AcDbEntity
  8
EH0
100
AcDbPolyline
 90
2
 70
0
 10
-306.56444736165486
 20
-145.037020866369
 10
-314.5226616242281
 20
-189.50000000000009
  0
LWPOLYLINE
  5
1174
330
17
100
AcDbEntity
  8
EH0
100
AcDbPolyline
 90
2
 70
0
 10
8.38863571349674
 20
-189.50000000000009
 10
16.34684997606996
 20
-145.037020866369
  0
LWPOLYLINE
  5
1175
330
17
100
AcDbEntity
  8
EH0
100
AcDbPolyline
 90
2
 70
0
 10
22.13059302421999
 20
-98.09241809385531
 10
-300.7807043135048
 20
-98.09241809385531
  0
LWPOLYLINE
  5
1176
330
17
100
AcDbEntity
  8
EH0
100
AcDbPolyline
 90
2
 70
0
 10
-300.7807043135048
 20
-98.09241809385531
 10
-306.56444736165486
 20
-145.037020866369
  0
LWPOLYLINE
  5
1177
330
17
100
AcDbEntity
  8
EH0
100
AcDbPolyline
 90
2
 70
0
 10
16.34684997606996
 20
-145.037020866369
 10
22.13059302421999
 20
-98.09241809385531
  0
LWPOLYLINE
  5
1178
330
17
100
AcDbEntity
  8
EH0
100
AcDbPolyline
 90
2
 70
0
 10
25.640903410836415
 20
-49.469426851399554
 10
-297.2703939268884
 20
-49.469426851399554
  0
LWPOLYLINE
  5
1179
330
17
100
AcDbEntity
  8
EH0
100
AcDbPolyline
 90
2
 70
0
 10
-297.2703939268884
 20
-49.469426851399554
 10
-300.7807043135048
 20
-98.09241809385531
  0
LWPOLYLINE
  5
117A
330
17
100
AcDbEntity
  8
EH0
100
AcDbPolyline
 90
2
 70
0
 10
22.13059302421999
 20
-98.09241809385531
 10
25.640903410836415
 20
-49.469426851399554
  0
LWPOLYLINE
  5
117B
330
17
100
AcDbEntity
  8
EH0
100
AcDbPolyline
 90
2
 70
0
 10
26.817718751962445
 20
2.3207056843842342e-14
 10
-296.0935785857624
 20
2.3207056843842342e-14
  0
LWPOLYLINE
  5
117C
330
17
100
AcDbEntity
  8
EH0
100
AcDbPolyline
 90
2
 70
0
 10
-296.0935785857624
 20
2.3207056843842342e-14
 10
-297.2703939268884
 20
-49.469426851399554
  0
LWPOLYLINE
  5
117D
330
17
100
AcDbEntity
  8
EH0
100
AcDbPolyline
 90
2
 70
0
 10
25.640903410836415
 20
-49.469426851399554
 10
26.817718751962445
 20
2.3207056843842342e-14
  0
LWPOLYLINE
  5
117E
330
17
100
AcDbEntity
  8
EH0
100
AcDbPolyline
 90
2
 70
0
 10
25.640903410836415
 20
49.4694268513996
 10
-297.2703939268884
 20
49.4694268513996
  0
LWPOLYLINE
  5
117F
330
17
100
AcDbEntity
  8
EH0
100
AcDbPolyline
 90
2
 70
0
 10
-297.2703939268884
 20
49.4694268513996
 10
-296.0935785857624
 20
2.3207056843842342e-14
  0
LWPOLYLINE
  5
1180
330
17
100
AcDbEntity
  8
EH0
100
AcDbPolyline
 90
2
 70
0
 10
26.817718751962445
 20
2.3207056843842342e-14
 10
25.640903410836415
 20
49.4694268513996
  0
LWPOLYLINE
  5
1181
330
17
100
AcDbEntity
  8
EH0
100
AcDbPolyline
 90
2
 70
0
 10
22.13059302421999
 20
98.09241809385536
 10
-300.7807043135048
 20
98.09241809385536
  0
LWPOLYLINE
  5
1182
330
17
100
AcDbEntity
  8
EH0
100
AcDbPolyline
 90
2
 70
0
 10
-300.7807043135048
 20
98.09241809385536
 10
-297.2703939268884
 20
49.4694268513996
  0
LWPOLYLINE
  5
1183
330
17
100
AcDbEntity
  8
EH0
100
AcDbPolyline
 90
2
 70
0
 10
25.640903410836415
 20
49.4694268513996
 10
22.13059302421999
 20
98.09241809385536
  0
LWPOLYLINE
  5
1184
330
17
100
AcDbEntity
  8
EH0
100
AcDbPolyline
 90
2
 70
0
 10
16.34684997606996
 20
145.03702086636898
 10
-306.56444736165486
 20
145.03702086636898
  0
LWPOLYLINE
  5
1185
330
17
100
AcDbEntity
  8
EH0
100
AcDbPolyline
 90
2
 70
0
 10
-306.56444736165486
 20
145.03702086636898
 10
-300.7807043135048
 20
98.09241809385536
  0
LWPOLYLINE
  5
1186
330
17
100
AcDbEntity
  8
EH0
100
AcDbPolyline
 90
2
 70
0
 10
22.13059302421999
 20
98.09241809385536
 10
16.34684997606996
 20
145.03702086636898
  0
LWPOLYLINE
  5
1187
330
17
100
AcDbEntity
  8
EH0
100
AcDbPolyline
 90
2
 70
0
 10
8.388635713496797
 20
189.49999999999997
 10
-314.522661624228
 20
189.49999999999997
  0
LWPOLYLINE
  5
1188
330
17
100
AcDbEntity
  8
EH0
100
AcDbPolyline
 90
2
 70
0
 10
-314.522661624228
 20
189.49999999999997
 10
-306.56444736165486
 20
145.03702086636898
  0
LWPOLYLINE
  5
1189
330
17
100
AcDbEntity
  8
EH0
100
AcDbPolyline
 90
2
 70
0
 10
16.34684997606996
 20
145.03702086636898
 10
8.388635713496797
 20
189.49999999999997
  0
LWPOLYLINE
  5
118A
330
17
100
AcDbEntity
  8
EH0
100
AcDbPolyline
 90
2
 70
0
 10
-1.6078825110331536
 20
230.72058159430517
 10
-324.519179848758
 20
230.72058159430517
  0
LWPOLYLINE
  5
118B
330
17
100
AcDbEntity
  8
EH0
100
AcDbPolyline
 90
2
 70
0
 10
-324.519179848758
 20
230.72058159430517
 10
-314.522661624228
 20
189.49999999999997
  0
LWPOLYLINE
  5
118C
330
17
100
AcDbEntity
  8
EH0
100
AcDbPolyline
 90
2
 70
0
 10
8.388635713496797
 20
189.49999999999997
 10
-1.6078825110331536
 20
230.72058159430517
  0
LWPOLYLINE
  5
118D
330
17
100
AcDbEntity
  8
EH0
100
AcDbPolyline
 90
2
 70
0
 10
-13.471661499139657
 20
267.9934700697015
 10
-336.3829588368645
 20
267.9934700697015
  0
LWPOLYLINE
  5
118E
330
17
100
AcDbEntity
  8
EH0
100
AcDbPolyline
 90
2
 70
0
 10
-336.3829588368645
 20
267.9934700697015
 10
-324.519179848758
 20
230.72058159430517
  0
LWPOLYLINE
  5
118F
330
17
100
AcDbEntity
  8
EH0
100
AcDbPolyline
 90
2
 70
0
 10
-1.6078825110331536
 20
230.72058159430517
 10
-13.471661499139657
 20
267.9934700697015
  0
LWPOLYLINE
  5
1190
330
17
100
AcDbEntity
  8
EH0
100
AcDbPolyline
 90
2
 70
0
 10
-26.999708703075157
 20
300.68091597037807
 10
-349.9110060408
 20
300.68091597037807
  0
LWPOLYLINE
  5
1191
330
17
100
AcDbEntity
  8
EH0
100
AcDbPolyline
 90
2
 70
0
 10
-349.9110060408
 20
300.68091597037807
 10
-336.3829588368645
 20
267.9934700697015
  0
LWPOLYLINE
  5
1192
330
17
100
AcDbEntity
  8
EH0
100
AcDbPolyline
 90
2
 70
0
 10
-13.471661499139657
 20
267.9934700697015
 10
-26.999708703075157
 20
300.68091597037807
  0
LWPOLYLINE
  5
1193
330
17
100
AcDbEntity
  8
EH0
100
AcDbPolyline
 90
2
 70
0
 10
-41.96055548449726
 20
328.2236280343023
 10
-364.8718528222221
 20
328.2236280343023
  0
LWPOLYLINE
  5
1194
330
17
100
AcDbEntity
  8
EH0
100
AcDbPolyline
 90
2
 70
0
 10
-364.8718528222221
 20
328.2236280343023
 10
-349.9110060408
 20
300.68091597037807
  0
LWPOLYLINE
  5
1195
330
17
100
AcDbEntity
  8
EH0
100
AcDbPolyline
 90
2
 70
0
 10
-26.999708703075157
 20
300.68091597037807
 10
-41.96055548449726
 20
328.2236280343023
  0
LWPOLYLINE
  5
1196
330
17
100
AcDbEntity
  8
EH0
100
AcDbPolyline
 90
2
 70
0
 10
-58.098217607045285
 20
350.15034282177766
 10
-381.0095149447701
 20
350.15034282177766
  0
LWPOLYLINE
  5
1197
330
17
100
AcDbEntity
  8
EH0
100
AcDbPolyline
 90
2
 70
0
 10
-381.0095149447701
 20
350.15034282177766
 10
-364.8718528222221
 20
328.2236280343023
  0
LWPOLYLINE
  5
1198
330
17
100
AcDbEntity
  8
EH0
100
AcDbPolyline
 90
2
 70
0
 10
-41.96055548449726
 20
328.2236280343023
 10
-58.098217607045285
 20
350.15034282177766
  0
LWPOLYLINE
  5
1199
330
17
100
AcDbEntity
  8
EH0
100
AcDbPolyline
 90
2
 70
0
 10
-75.13657519759732
 20
366.08588816355683
 10
-398.04787253532214
 20
366.08588816355683
  0
LWPOLYLINE
  5
119A
330
17
100
AcDbEntity
  8
EH0
100
AcDbPolyline
 90
2
 70
0
 10
-398.04787253532214
 20
366.08588816355683
 10
-381.0095149447701
 20
350.15034282177766
  0
LWPOLYLINE
  5
119B
330
17
100
AcDbEntity
  8
EH0
100
AcDbPolyline
 90
2
 70
0
 10
-58.098217607045285
 20
350.15034282177766
 10
-75.13657519759732
 20
366.08588816355683
  0
LWPOLYLINE
  5
119C
330
17
100
AcDbEntity
  8
EH0
100
AcDbPolyline
 90
2
 70
0
 10
-92.7840972338538
 20
375.75760246067415
 10
-415.6953945715786
 20
375.75760246067415
  0
LWPOLYLINE
  5
119D
330
17
100
AcDbEntity
  8
EH0
100
AcDbPolyline
 90
2
 70
0
 10
-415.6953945715786
 20
375.75760246067415
 10
-398.04787253532214
 20
366.08588816355683
  0
LWPOLYLINE
  5
119E
330
17
100
AcDbEntity
  8
EH0
100
AcDbPolyline
 90
2
 70
0
 10
-75.13657519759732
 20
366.08588816355683
 10
-92.7840972338538
 20
375.75760246067415
  0
LWPOLYLINE
  5
119F
330
17
100
AcDbEntity
  8
EH0
100
AcDbPolyline
 90
2
 70
0
 10
-110.73882972095697
 20
379.0
 10
-433.6501270586818
 20
379.0
  0
LWPOLYLINE
  5
11A0
330
17
100
AcDbEntity
  8
EH0
100
AcDbPolyline
 90
2
 70
0
 10
-433.6501270586818
 20
379.0
 10
-415.6953945715786
 20
375.75760246067415
  0
LWPOLYLINE
  5
11A1
330
17
100
AcDbEntity
  8
EH0
100
AcDbPolyline
 90
2
 70
0
 10
-92.7840972338538
 20
375.75760246067415
 10
-110.73882972095697
 20
379.0
  0
LWPOLYLINE
  5
11A2
330
17
100
AcDbEntity
  8
EH0
100
AcDbPolyline
 90
2
 70
0
 10
-110.73882972095697
 20
375.0
 10
-433.6501270586818
 20
375.0
  0
LWPOLYLINE
  5
11A3
330
17
100
AcDbEntity
  8
EH0
100
AcDbPolyline
 90
2
 70
0
 10
-433.6501270586818
 20
375.0
 10
-433.6501270586818
 20
379.0
  0
LWPOLYLINE
  5
11A4
330
17
100
AcDbEntity
  8
EH0
100
AcDbPolyline
 90
2
 70
0
 10
-110.73882972095697
 20
379.0
 10
-110.73882972095697
 20
375.0
  0
LWPOLYLINE
  5
11A5
330
17
100
AcDbEntity
  8
EH0
100
AcDbPolyline
 90
2
 70
0
 10
-93.11969971024826
 20
371.7918230151789
 10
-416.0309970479731
 20
371.7918230151789
  0
LWPOLYLINE
  5
11A6
330
17
100
AcDbEntity
  8
EH0
100
AcDbPolyline
 90
2
 70
0
 10
-416.0309970479731
 20
371.7918230151789
 10
-433.6501270586818
 20
375.0
  0
LWPOLYLINE
  5
11A7
330
17
100
AcDbEntity
  8
EH0
100
AcDbPolyline
 90
2
 70
0
 10
-110.73882972095697
 20
375.0
 10
-93.11969971024826
 20
371.7918230151789
  0
LWPOLYLINE
  5
11A8
330
17
100
AcDbEntity
  8
EH0
100
AcDbPolyline
 90
2
 70
0
 10
-75.80203789896859
 20
362.2221848584006
 10
-398.7133352366934
 20
362.2221848584006
  0
LWPOLYLINE
  5
11A9
330
17
100
AcDbEntity
  8
EH0
100
AcDbPolyline
 90
2
 70
0
 10
-398.7133352366934
 20
362.2221848584006
 10
-416.0309970479731
 20
371.7918230151789
  0
LWPOLYLINE
  5
11AA
330
17
100
AcDbEntity
  8
EH0
100
AcDbPolyline
 90
2
 70
0
 10
-93.11969971024826
 20
371.7918230151789
 10
-75.80203789896859
 20
362.2221848584006
  0
LWPOLYLINE
  5
11AB
330
17
100
AcDbEntity
  8
EH0
100
AcDbPolyline
 90
2
 70
0
 10
-59.08215428207171
 20
346.45482469173254
 10
-381.99345161979653
 20
346.45482469173254
  0
LWPOLYLINE
  5
11AC
330
17
100
AcDbEntity
  8
EH0
100
AcDbPolyline
 90
2
 70
0
 10
-381.99345161979653
 20
346.45482469173254
 10
-398.7133352366934
 20
362.2221848584006
  0
LWPOLYLINE
  5
11AD
330
17
100
AcDbEntity
  8
EH0
100
AcDbPolyline
 90
2
 70
0
 10
-75.80203789896859
 20
362.2221848584006
 10
-59.08215428207171
 20
346.45482469173254
  0
LWPOLYLINE
  5
11AE
330
17
100
AcDbEntity
  8
EH0
100
AcDbPolyline
 90
2
 70
0
 10
-43.246130703870335
 20
324.7595264191645
 10
-366.15742804159515
 20
324.7595264191645
  0
LWPOLYLINE
  5
11AF
330
17
100
AcDbEntity
  8
EH0
100
AcDbPolyline
 90
2
 70
0
 10
-366.15742804159515
 20
324.7595264191645
 10
-381.99345161979653
 20
346.45482469173254
  0
LWPOLYLINE
  5
11B0
330
17
100
AcDbEntity
  8
EH0
100
AcDbPolyline
 90
2
 70
0
 10
-59.08215428207171
 20
346.45482469173254
 10
-43.246130703870335
 20
324.7595264191645
  0
LWPOLYLINE
  5
11B1
330
17
100
AcDbEntity
  8
EH0
100
AcDbPolyline
 90
2
 70
0
 10
-28.564925918362633
 20
297.5075026092132
 10
-351.47622325608745
 20
297.5075026092132
  0
LWPOLYLINE
  5
11B2
330
17
100
AcDbEntity
  8
EH0
100
AcDbPolyline
 90
2
 70
0
 10
-351.47622325608745
 20
297.5075026092132
 10
-366.15742804159515
 20
324.7595264191645
  0
LWPOLYLINE
  5
11B3
330
17
100
AcDbEntity
  8
EH0
100
AcDbPolyline
 90
2
 70
0
 10
-43.246130703870335
 20
324.7595264191645
 10
-28.564925918362633
 20
297.5075026092132
  0
LWPOLYLINE
  5
11B4
330
17
100
AcDbEntity
  8
EH0
100
AcDbPolyline
 90
2
 70
0
 10
-15.289739409827803
 20
265.16504294495536
 10
-338.2010367475526
 20
265.16504294495536
  0
LWPOLYLINE
  5
11B5
330
17
100
AcDbEntity
  8
EH0
100
AcDbPolyline
 90
2
 70
0
 10
-338.2010367475526
 20
265.16504294495536
 10
-351.47622325608745
 20
297.5075026092132
  0
LWPOLYLINE
  5
11B6
330
17
100
AcDbEntity
  8
EH0
100
AcDbPolyline
 90
2
 70
0
 10
-28.564925918362633
 20
297.5075026092132
 10
-15.289739409827803
 20
265.16504294495536
  0
LWPOLYLINE
  5
11B7
330
17
100
AcDbEntity
  8
EH0
100
AcDbPolyline
 90
2
 70
0
 10
-3.647713300003659
 20
228.28553587827025
 10
-326.5590106377285
 20
228.28553587827025
  0
LWPOLYLINE
  5
11B8
330
17
100
AcDbEntity
  8
EH0
100
AcDbPolyline
 90
2
 70
0
 10
-326.5590106377285
 20
228.28553587827025
 10
-338.2010367475526
 20
265.16504294495536
  0
LWPOLYLINE
  5
11B9
330
17
100
AcDbEntity
  8
EH0
100
AcDbPolyline
 90
2
 70
0
 10
-15.289739409827803
 20
265.16504294495536
 10
-3.647713300003659
 20
228.28553587827025
  0
LWPOLYLINE
  5
11BA
330
17
100
AcDbEntity
  8
EH0
100
AcDbPolyline
 90
2
 70
0
 10
6.161954116591119
 20
187.50000000000003
 10
-316.7493432211337
 20
187.50000000000003
  0
LWPOLYLINE
  5
11BB
330
17
100
AcDbEntity
  8
EH0
100
AcDbPolyline
 90
2
 70
0
 10
-316.7493432211337
 20
187.50000000000003
 10
-326.5590106377285
 20
228.28553587827025
  0
LWPOLYLINE
  5
11BC
330
17
100
AcDbEntity
  8
EH0
100
AcDbPolyline
 90
2
 70
0
 10
-3.647713300003659
 20
228.28553587827025
 10
6.161954116591119
 20
187.50000000000003
  0
LWPOLYLINE
  5
11BD
330
17
100
AcDbEntity
  8
EH0
100
AcDbPolyline
 90
2
 70
0
 10
13.971416710705
 20
143.5062871369087
 10
-308.9398806270198
 20
143.5062871369087
  0
LWPOLYLINE
  5
11BE
330
17
100
AcDbEntity
  8
EH0
100
AcDbPolyline
 90
2
 70
0
 10
-308.9398806270198
 20
143.5062871369087
 10
-316.7493432211337
 20
187.50000000000003
  0
LWPOLYLINE
  5
11BF
330
17
100
AcDbEntity
  8
EH0
100
AcDbPolyline
 90
2
 70
0
 10
6.161954116591119
 20
187.50000000000003
 10
13.971416710705
 20
143.5062871369087
  0
LWPOLYLINE
  5
11C0
330
17
100
AcDbEntity
  8
EH0
100
AcDbPolyline
 90
2
 70
0
 10
19.647052412160633
 20
97.05714191344528
 10
-303.2642449255642
 20
97.05714191344528
  0
LWPOLYLINE
  5
11C1
330
17
100
AcDbEntity
  8
EH0
100
AcDbPolyline
 90
2
 70
0
 10
-303.2642449255642
 20
97.05714191344528
 10
-308.9398806270198
 20
143.5062871369087
  0
LWPOLYLINE
  5
11C2
330
17
100
AcDbEntity
  8
EH0
100
AcDbPolyline
 90
2
 70
0
 10
13.971416710705
 20
143.5062871369087
 10
19.647052412160633
 20
97.05714191344528
  0
LWPOLYLINE
  5
11C3
330
17
100
AcDbEntity
  8
EH0
100
AcDbPolyline
 90
2
 70
0
 10
23.09174952052257
 20
48.94732208251939
 10
-299.81954781720225
 20
48.94732208251939
  0
LWPOLYLINE
  5
11C4
330
17
100
AcDbEntity
  8
EH0
100
AcDbPolyline
 90
2
 70
0
 10
-299.81954781720225
 20
48.94732208251939
 10
-303.2642449255642
 20
97.05714191344528
  0
LWPOLYLINE
  5
11C5
330
17
100
AcDbEntity
  8
EH0
100
AcDbPolyline
 90
2
 70
0
 10
19.647052412160633
 20
97.05714191344528
 10
23.09174952052257
 20
48.94732208251939
  0
LWPOLYLINE
  5
11C6
330
17
100
AcDbEntity
  8
EH0
100
AcDbPolyline
 90
2
 70
0
 10
24.2465683132163
 20
2.2962127484012872e-14
 10
-298.6647290245085
 20
2.2962127484012872e-14
  0
LWPOLYLINE
  5
11C7
330
17
100
AcDbEntity
  8
EH0
100
AcDbPolyline
 90
2
 70
0
 10
-298.6647290245085
 20
2.2962127484012872e-14
 10
-299.81954781720225
 20
48.94732208251939
  0
LWPOLYLINE
  5
11C8
330
17
100
AcDbEntity
  8
EH0
100
AcDbPolyline
 90
2
 70
0
 10
23.09174952052257
 20
48.94732208251939
 10
24.2465683132163
 20
2.2962127484012872e-14
  0
LWPOLYLINE
  5
11C9
330
17
100
AcDbEntity
  8
EH0
100
AcDbPolyline
 90
2
 70
0
 10
23.09174952052257
 20
-48.94732208251935
 10
-299.81954781720225
 20
-48.94732208251935
  0
LWPOLYLINE
  5
11CA
330
17
100
AcDbEntity
  8
EH0
100
AcDbPolyline
 90
2
 70
0
 10
-299.81954781720225
 20
-48.94732208251935
 10
-298.6647290245085
 20
2.2962127484012872e-14
  0
LWPOLYLINE
  5
11CB
330
17
100
AcDbEntity
  8
EH0
100
AcDbPolyline
 90
2
 70
0
 10
24.2465683132163
 20
2.2962127484012872e-14
 10
23.09174952052257
 20
-48.94732208251935
  0
LWPOLYLINE
  5
11CC
330
17
100
AcDbEntity
  8
EH0
100
AcDbPolyline
 90
2
 70
0
 10
19.647052412160633
 20
-97.05714191344524
 10
-303.2642449255642
 20
-97.05714191344524
  0
LWPOLYLINE
  5
11CD
330
17
100
AcDbEntity
  8
EH0
100
AcDbPolyline
 90
2
 70
0
 10
-303.2642449255642
 20
-97.05714191344524
 10
-299.81954781720225
 20
-48.94732208251935
  0
LWPOLYLINE
  5
11CE
330
17
100
AcDbEntity
  8
EH0
100
AcDbPolyline
 90
2
 70
0
 10
23.09174952052257
 20
-48.94732208251935
 10
19.647052412160633
 20
-97.05714191344524
  0
LWPOLYLINE
  5
11CF
330
17
100
AcDbEntity
  8
EH0
100
AcDbPolyline
 90
2
 70
0
 10
13.971416710705
 20
-143.50628713690855
 10
-308.9398806270198
 20
-143.50628713690855
  0
LWPOLYLINE
  5
11D0
330
17
100
AcDbEntity
  8
EH0
100
AcDbPolyline
 90
2
 70
0
 10
-308.9398806270198
 20
-143.50628713690855
 10
-303.2642449255642
 20
-97.05714191344524
  0
LWPOLYLINE
  5
11D1
330
17
100
AcDbEntity
  8
EH0
100
AcDbPolyline
 90
2
 70
0
 10
19.647052412160633
 20
-97.05714191344524
 10
13.971416710705
 20
-143.50628713690855
  0
LWPOLYLINE
  5
11D2
330
17
100
AcDbEntity
  8
EH0
100
AcDbPolyline
 90
2
 70
0
 10
6.161954116591119
 20
-187.49999999999991
 10
-316.7493432211337
 20
-187.49999999999991
  0
LWPOLYLINE
  5
11D3
330
17
100
AcDbEntity
  8
EH0
100
AcDbPolyline
 90
2
 70
0
 10
-316.7493432211337
 20
-187.49999999999991
 10
-308.9398806270198
 20
-143.50628713690855
  0
LWPOLYLINE
  5
11D4
330
17
100
AcDbEntity
  8
EH0
100
AcDbPolyline
 90
2
 70
0
 10
13.971416710705
 20
-143.50628713690855
 10
6.161954116591119
 20
-187.49999999999991
  0
LWPOLYLINE
  5
11D5
330
17
100
AcDbEntity
  8
EH0
100
AcDbPolyline
 90
2
 70
0
 10
-3.647713300003659
 20
-228.28553587827025
 10
-326.5590106377285
 20
-228.28553587827025
  0
LWPOLYLINE
  5
11D6
330
17
100
AcDbEntity
  8
EH0
100
AcDbPolyline
 90
2
 70
0
 10
-326.5590106377285
 20
-228.28553587827025
 10
-316.7493432211337
 20
-187.49999999999991
  0
LWPOLYLINE
  5
11D7
330
17
100
AcDbEntity
  8
EH0
100
AcDbPolyline
 90
2
 70
0
 10
6.161954116591119
 20
-187.49999999999991
 10
-3.647713300003659
 20
-228.28553587827025
  0
LWPOLYLINE
  5
11D8
330
17
100
AcDbEntity
  8
EH0
100
AcDbPolyline
 90
2
 70
0
 10
-15.289739409827746
 20
-265.1650429449553
 10
-338.20103674755256
 20
-265.1650429449553
  0
LWPOLYLINE
  5
11D9
330
17
100
AcDbEntity
  8
EH0
100
AcDbPolyline
 90
2
 70
0
 10
-338.20103674755256
 20
-265.1650429449553
 10
-326.5590106377285
 20
-228.28553587827025
  0
LWPOLYLINE
  5
11DA
330
17
100
AcDbEntity
  8
EH0
100
AcDbPolyline
 90
2
 70
0
 10
-3.647713300003659
 20
-228.28553587827025
 10
-15.289739409827746
 20
-265.1650429449553
  0
LWPOLYLINE
  5
11DB
330
17
100
AcDbEntity
  8
EH0
100
AcDbPolyline
 90
2
 70
0
 10
-28.564925918362633
 20
-297.50750260921313
 10
-351.47622325608745
 20
-297.50750260921313
  0
LWPOLYLINE
  5
11DC
330
17
100
AcDbEntity
  8
EH0
100
AcDbPolyline
 90
2
 70
0
 10
-351.47622325608745
 20
-297.50750260921313
 10
-338.20103674755256
 20
-265.1650429449553
  0
LWPOLYLINE
  5
11DD
330
17
100
AcDbEntity
  8
EH0
100
AcDbPolyline
 90
2
 70
0
 10
-15.289739409827746
 20
-265.1650429449553
 10
-28.564925918362633
 20
-297.50750260921313
  0
LWPOLYLINE
  5
11DE
330
17
100
AcDbEntity
  8
EH0
100
AcDbPolyline
 90
2
 70
0
 10
-43.246130703870335
 20
-324.7595264191645
 10
-366.15742804159515
 20
-324.7595264191645
  0
LWPOLYLINE
  5
11DF
330
17
100
AcDbEntity
  8
EH0
100
AcDbPolyline
 90
2
 70
0
 10
-366.15742804159515
 20
-324.7595264191645
 10
-351.47622325608745
 20
-297.50750260921313
  0
LWPOLYLINE
  5
11E0
330
17
100
AcDbEntity
  8
EH0
100
AcDbPolyline
 90
2
 70
0
 10
-28.564925918362633
 20
-297.50750260921313
 10
-43.246130703870335
 20
-324.7595264191645
  0
LWPOLYLINE
  5
11E1
330
17
100
AcDbEntity
  8
EH0
100
AcDbPolyline
 90
2
 70
0
 10
-59.082154282071656
 20
-346.45482469173254
 10
-381.9934516197965
 20
-346.45482469173254
  0
LWPOLYLINE
  5
11E2
330
17
100
AcDbEntity
  8
EH0
100
AcDbPolyline
 90
2
 70
0
 10
-381.9934516197965
 20
-346.45482469173254
 10
-366.15742804159515
 20
-324.7595264191645
  0
LWPOLYLINE
  5
11E3
330
17
100
AcDbEntity
  8
EH0
100
AcDbPolyline
 90
2
 70
0
 10
-43.246130703870335
 20
-324.7595264191645
 10
-59.082154282071656
 20
-346.45482469173254
  0
LWPOLYLINE
  5
11E4
330
17
100
AcDbEntity
  8
EH0
100
AcDbPolyline
 90
2
 70
0
 10
-75.80203789896848
 20
-362.22218485840057
 10
-398.7133352366933
 20
-362.22218485840057
  0
LWPOLYLINE
  5
11E5
330
17
100
AcDbEntity
  8
EH0
100
AcDbPolyline
 90
2
 70
0
 10
-398.7133352366933
 20
-362.22218485840057
 10
-381.9934516197965
 20
-346.45482469173254
  0
LWPOLYLINE
  5
11E6
330
17
100
AcDbEntity
  8
EH0
100
AcDbPolyline
 90
2
 70
0
 10
-59.082154282071656
 20
-346.45482469173254
 10
-75.80203789896848
 20
-362.22218485840057
  0
LWPOLYLINE
  5
11E7
330
17
100
AcDbEntity
  8
EH0
100
AcDbPolyline
 90
2
 70
0
 10
-93.1196997102482
 20
-371.7918230151789
 10
-416.030997047973
 20
-371.7918230151789
  0
LWPOLYLINE
  5
11E8
330
17
100
AcDbEntity
  8
EH0
100
AcDbPolyline
 90
2
 70
0
 10
-416.030997047973
 20
-371.7918230151789
 10
-398.7133352366933
 20
-362.22218485840057
  0
LWPOLYLINE
  5
11E9
330
17
100
AcDbEntity
  8
EH0
100
AcDbPolyline
 90
2
 70
0
 10
-75.80203789896848
 20
-362.22218485840057
 10
-93.1196997102482
 20
-371.7918230151789
  0
LWPOLYLINE
  5
11EA
330
17
100
AcDbEntity
  8
EH0
100
AcDbPolyline
 90
2
 70
0
 10
-110.73882972095697
 20
-375.0
 10
-433.6501270586818
 20
-375.0
  0
LWPOLYLINE
  5
11EB
330
17
100
AcDbEntity
  8
EH0
100
AcDbPolyline
 90
2
 70
0
 10
-433.6501270586818
 20
-375.0
 10
-416.030997047973
 20
-371.7918230151789
  0
LWPOLYLINE
  5
11EC
330
17
100
AcDbEntity
  8
EH0
100
AcDbPolyline
 90
2
 70
0
 10
-93.1196997102482
 20
-371.7918230151789
 10
-110.73882972095697
 20
-375.0
  0
LWPOLYLINE
  5
11ED
330
17
100
AcDbEntity
  8
EH0
100
AcDbPolyline
 90
2
 70
0
 10
-433.6501270586818
 20
-379.0
 10
-433.6501270586818
 20
-375.0
  0
LWPOLYLINE
  5
11EE
330
17
100
AcDbEntity
  8
EH0
100
AcDbPolyline
 90
2
 70
0
 10
-110.73882972095697
 20
-375.0
 10
-110.73882972095697
 20
-379.0
  0
LWPOLYLINE
  5
11F0
330
17
100
AcDbEntity
  8
EH1
100
AcDbPolyline
 90
2
 70
0
 10
593.6253521582536
 20
-379.0
 10
1089.7972285167177
 20
-379.0
  0
LWPOLYLINE
  5
11F1
330
17
100
AcDbEntity
  8
EH1
100
AcDbPolyline
 90
2
 70
0
 10
1092.9580663941504
 20
-375.75760246067415
 10
596.7861900356863
 20
-375.75760246067415
  0
LWPOLYLINE
  5
11F2
330
17
100
AcDbEntity
  8
EH1
100
AcDbPolyline
 90
2
 70
0
 10
596.7861900356863
 20
-375.75760246067415
 10
593.6253521582536
 20
-379.0
  0
LWPOLYLINE
  5
11F3
330
17
100
AcDbEntity
  8
EH1
100
AcDbPolyline
 90
2
 70
0
 10
1089.7972285167177
 20
-379.0
 10
1092.9580663941504
 20
-375.75760246067415
  0
LWPOLYLINE
  5
11F4
330
17
100
AcDbEntity
  8
EH1
100
AcDbPolyline
 90
2
 70
0
 10
1096.0648214591504
 20
-366.08588816355683
 10
599.8929451006863
 20
-366.08588816355683
  0
LWPOLYLINE
  5
11F5
330
17
100
AcDbEntity
  8
EH1
100
AcDbPolyline
 90
2
 70
0
 10
599.8929451006863
 20
-366.08588816355683
 10
596.7861900356863
 20
-375.75760246067415
  0
LWPOLYLINE
  5
11F6
330
17
100
AcDbEntity
  8
EH1
100
AcDbPolyline
 90
2
 70
0
 10
1092.9580663941504
 20
-375.75760246067415
 10
1096.0648214591504
 20
-366.08588816355683
  0
LWPOLYLINE
  5
11F7
330
17
100
AcDbEntity
  8
EH1
100
AcDbPolyline
 90
2
 70
0
 10
1099.0643362712003
 20
-350.15034282177766
 10
602.8924599127363
 20
-350.15034282177766
  0
LWPOLYLINE
  5
11F8
330
17
100
AcDbEntity
  8
EH1
100
AcDbPolyline
 90
2
 70
0
 10
602.8924599127363
 20
-350.15034282177766
 10
599.8929451006863
 20
-366.08588816355683
  0
LWPOLYLINE
  5
11F9
330
17
100
AcDbEntity
  8
EH1
100
AcDbPolyline
 90
2
 70
0
 10
1096.0648214591504
 20
-366.08588816355683
 10
1099.0643362712003
 20
-350.15034282177766
  0
LWPOLYLINE
  5
11FA
330
17
100
AcDbEntity
  8
EH1
100
AcDbPolyline
 90
2
 70
0
 10
1101.9052883002435
 20
-328.2236280343023
 10
605.7334119417793
 20
-328.2236280343023
  0
LWPOLYLINE
  5
11FB
330
17
100
AcDbEntity
  8
EH1
100
AcDbPolyline
 90
2
 70
0
 10
605.7334119417793
 20
-328.2236280343023
 10
602.8924599127363
 20
-350.15034282177766
  0
LWPOLYLINE
  5
11FC
330
17
100
AcDbEntity
  8
EH1
100
AcDbPolyline
 90
2
 70
0
 10
1099.0643362712003
 20
-350.15034282177766
 10
1101.9052883002435
 20
-328.2236280343023
  0
LWPOLYLINE
  5
11FD
330
17
100
AcDbEntity
  8
EH1
100
AcDbPolyline
 90
2
 70
0
 10
1104.539068069402
 20
-300.68091597037807
 10
608.3671917109378
 20
-300.68091597037807
  0
LWPOLYLINE
  5
11FE
330
17
100
AcDbEntity
  8
EH1
100
AcDbPolyline
 90
2
 70
0
 10
608.3671917109378
 20
-300.68091597037807
 10
605.7334119417793
 20
-328.2236280343023
  0
LWPOLYLINE
  5
11FF
330
17
100
AcDbEntity
  8
EH1
100
AcDbPolyline
 90
2
 70
0
 10
1101.9052883002435
 20
-328.2236280343023
 10
1104.539068069402
 20
-300.68091597037807
  0
LWPOLYLINE
  5
1200
330
17
100
AcDbEntity
  8
EH1
100
AcDbPolyline
 90
2
 70
0
 10
1106.920610876604
 20
-267.9934700697015
 10
610.7487345181398
 20
-267.9934700697015
  0
LWPOLYLINE
  5
1201
330
17
100
AcDbEntity
  8
EH1
100
AcDbPolyline
 90
2
 70
0
 10
610.7487345181398
 20
-267.9934700697015
 10
608.3671917109378
 20
-300.68091597037807
  0
LWPOLYLINE
  5
1202
330
17
100
AcDbEntity
  8
EH1
100
AcDbPolyline
 90
2
 70
0
 10
1104.539068069402
 20
-300.68091597037807
 10
1106.920610876604
 20
-267.9934700697015
  0
LWPOLYLINE
  5
1203
330
17
100
AcDbEntity
  8
EH1
100
AcDbPolyline
 90
2
 70
0
 10
1109.00916786413
 20
-230.72058159430512
 10
612.8372915056658
 20
-230.72058159430512
  0
LWPOLYLINE
  5
1204
330
17
100
AcDbEntity
  8
EH1
100
AcDbPolyline
 90
2
 70
0
 10
612.8372915056658
 20
-230.72058159430512
 10
610.7487345181398
 20
-267.9934700697015
  0
LWPOLYLINE
  5
1205
330
17
100
AcDbEntity
  8
EH1
100
AcDbPolyline
 90
2
 70
0
 10
1106.920610876604
 20
-267.9934700697015
 10
1109.00916786413
 20
-230.72058159430512
  0
LWPOLYLINE
  5
1206
330
17
100
AcDbEntity
  8
EH1
100
AcDbPolyline
 90
2
 70
0
 10
1110.7690032428657
 20
-189.50000000000009
 10
614.5971268844015
 20
-189.50000000000009
  0
LWPOLYLINE
  5
1207
330
17
100
AcDbEntity
  8
EH1
100
AcDbPolyline
 90
2
 70
0
 10
614.5971268844015
 20
-189.50000000000009
 10
612.8372915056658
 20
-230.72058159430512
  0
LWPOLYLINE
  5
1208
330
17
100
AcDbEntity
  8
EH1
100
AcDbPolyline
 90
2
 70
0
 10
1109.00916786413
 20
-230.72058159430512
 10
1110.7690032428657
 20
-189.50000000000009
  0
LWPOLYLINE
  5
1209
330
17
100
AcDbEntity
  8
EH1
100
AcDbPolyline
 90
2
 70
0
 10
1112.1700057415626
 20
-145.037020866369
 10
615.9981293830984
 20
-145.037020866369
  0
LWPOLYLINE
  5
120A
330
17
100
AcDbEntity
  8
EH1
100
AcDbPolyline
 90
2
 70
0
 10
615.9981293830984
 20
-145.037020866369
 10
614.5971268844015
 20
-189.50000000000009
  0
LWPOLYLINE
  5
120B
330
17
100
AcDbEntity
  8
EH1
100
AcDbPolyline
 90
2
 70
0
 10
1110.7690032428657
 20
-189.50000000000009
 10
1112.1700057415626
 20
-145.037020866369
  0
LWPOLYLINE
  5
120C
330
17
100
AcDbEntity
  8
EH1
100
AcDbPolyline
 90
2
 70
0
 10
1113.1882038190367
 20
-98.09241809385531
 10
617.0163274605726
 20
-98.09241809385531
  0
LWPOLYLINE
  5
120D
330
17
100
AcDbEntity
  8
EH1
100
AcDbPolyline
 90
2
 70
0
 10
617.0163274605726
 20
-98.09241809385531
 10
615.9981293830984
 20
-145.037020866369
  0
LWPOLYLINE
  5
120E
330
17
100
AcDbEntity
  8
EH1
100
AcDbPolyline
 90
2
 70
0
 10
1112.1700057415626
 20
-145.037020866369
 10
1113.1882038190367
 20
-98.09241809385531
  0
LWPOLYLINE
  5
120F
330
17
100
AcDbEntity
  8
EH1
100
AcDbPolyline
 90
2
 70
0
 10
1113.8061758238846
 20
-49.469426851399554
 10
617.6342994654204
 20
-49.469426851399554
  0
LWPOLYLINE
  5
1210
330
17
100
AcDbEntity
  8
EH1
100
AcDbPolyline
 90
2
 70
0
 10
617.6342994654204
 20
-49.469426851399554
 10
617.0163274605726
 20
-98.09241809385531
  0
LWPOLYLINE
  5
1211
330
17
100
AcDbEntity
  8
EH1
100
AcDbPolyline
 90
2
 70
0
 10
1113.1882038190367
 20
-98.09241809385531
 10
1113.8061758238846
 20
-49.469426851399554
  0
LWPOLYLINE
  5
1212
330
17
100
AcDbEntity
  8
EH1
100
AcDbPolyline
 90
2
 70
0
 10
1114.0133480837692
 20
2.3207056843842342e-14
 10
617.8414717253049
 20
2.3207056843842342e-14
  0
LWPOLYLINE
  5
1213
330
17
100
AcDbEntity
  8
EH1
100
AcDbPolyline
 90
2
 70
0
 10
617.8414717253049
 20
2.3207056843842342e-14
 10
617.6342994654204
 20
-49.469426851399554
  0
LWPOLYLINE
  5
1214
330
17
100
AcDbEntity
  8
EH1
100
AcDbPolyline
 90
2
 70
0
 10
1113.8061758238846
 20
-49.469426851399554
 10
1114.0133480837692
 20
2.3207056843842342e-14
  0
LWPOLYLINE
  5
1215
330
17
100
AcDbEntity
  8
EH1
100
AcDbPolyline
 90
2
 70
0
 10
1113.8061758238846
 20
49.4694268513996
 10
617.6342994654204
 20
49.4694268513996
  0
LWPOLYLINE
  5
1216
330
17
100
AcDbEntity
  8
EH1
100
AcDbPolyline
 90
2
 70
0
 10
617.6342994654204
 20
49.4694268513996
 10
617.8414717253049
 20
2.3207056843842342e-14
  0
LWPOLYLINE
  5
1217
330
17
100
AcDbEntity
  8
EH1
100
AcDbPolyline
 90
2
 70
0
 10
1114.0133480837692
 20
2.3207056843842342e-14
 10
1113.8061758238846
 20
49.4694268513996
  0
LWPOLYLINE
  5
1218
330
17
100
AcDbEntity
  8
EH1
100
AcDbPolyline
 90
2
 70
0
 10
1113.1882038190367
 20
98.09241809385536
 10
617.0163274605726
 20
98.09241809385536
  0
LWPOLYLINE
  5
1219
330
17
100
AcDbEntity
  8
EH1
100
AcDbPolyline
 90
2
 70
0
 10
617.0163274605726
 20
98.09241809385536
 10
617.6342994654204
 20
49.4694268513996
  0
LWPOLYLINE
  5
121A
330
17
100
AcDbEntity
  8
EH1
100
AcDbPolyline
 90
2
 70
0
 10
1113.8061758238846
 20
49.4694268513996
 10
1113.1882038190367
 20
98.09241809385536
  0
LWPOLYLINE
  5
121B
330
17
100
AcDbEntity
  8
EH1
100
AcDbPolyline
 90
2
 70
0
 10
1112.1700057415626
 20
145.03702086636898
 10
615.9981293830984
 20
145.03702086636898
  0
LWPOLYLINE
  5
121C
330
17
100
AcDbEntity
  8
EH1
100
AcDbPolyline
 90
2
 70
0
 10
615.9981293830984
 20
145.03702086636898
 10
617.0163274605726
 20
98.09241809385536
  0
LWPOLYLINE
  5
121D
330
17
100
AcDbEntity
  8
EH1
100
AcDbPolyline
 90
2
 70
0
 10
1113.1882038190367
 20
98.09241809385536
 10
1112.1700057415626
 20
145.03702086636898
  0
LWPOLYLINE
  5
121E
330
17
100
AcDbEntity
  8
EH1
100
AcDbPolyline
 90
2
 70
0
 10
1110.7690032428657
 20
189.49999999999997
 10
614.5971268844015
 20
189.49999999999997
  0
LWPOLYLINE
  5
121F
330
17
100
AcDbEntity
  8
EH1
100
AcDbPolyline
 90
2
 70
0
 10
614.5971268844015
 20
189.49999999999997
 10
615.9981293830984
 20
145.03702086636898
  0
LWPOLYLINE
  5
1220
330
17
100
AcDbEntity
  8
EH1
100
AcDbPolyline
 90
2
 70
0
 10
1112.1700057415626
 20
145.03702086636898
 10
1110.7690032428657
 20
189.49999999999997
  0
LWPOLYLINE
  5
1221
330
17
100
AcDbEntity
  8
EH1
100
AcDbPolyline
 90
2
 70
0
 10
1109.00916786413
 20
230.72058159430517
 10
612.8372915056658
 20
230.72058159430517
  0
LWPOLYLINE
  5
1222
330
17
100
AcDbEntity
  8
EH1
100
AcDbPolyline
 90
2
 70
0
 10
612.8372915056658
 20
230.72058159430517
 10
614.5971268844015
 20
189.49999999999997
  0
LWPOLYLINE
  5
1223
330
17
100
AcDbEntity
  8
EH1
100
AcDbPolyline
 90
2
 70
0
 10
1110.7690032428657
 20
189.49999999999997
 10
1109.00916786413
 20
230.72058159430517
  0
LWPOLYLINE
  5
1224
330
17
100
AcDbEntity
  8
EH1
100
AcDbPolyline
 90
2
 70
0
 10
1106.920610876604
 20
267.9934700697015
 10
610.7487345181398
 20
267.9934700697015
  0
LWPOLYLINE
  5
1225
330
17
100
AcDbEntity
  8
EH1
100
AcDbPolyline
 90
2
 70
0
 10
610.7487345181398
 20
267.9934700697015
 10
612.8372915056658
 20
230.72058159430517
  0
LWPOLYLINE
  5
1226
330
17
100
AcDbEntity
  8
EH1
100
AcDbPolyline
 90
2
 70
0
 10
1109.00916786413
 20
230.72058159430517
 10
1106.920610876604
 20
267.9934700697015
  0
LWPOLYLINE
  5
1227
330
17
100
AcDbEntity
  8
EH1
100
AcDbPolyline
 90
2
 70
0
 10
1104.539068069402
 20
300.68091597037807
 10
608.3671917109378
 20
300.68091597037807
  0
LWPOLYLINE
  5
1228
330
17
100
AcDbEntity
  8
EH1
100
AcDbPolyline
 90
2
 70
0
 10
608.3671917109378
 20
300.68091597037807
 10
610.7487345181398
 20
267.9934700697015
  0
LWPOLYLINE
  5
1229
330
17
100
AcDbEntity
  8
EH1
100
AcDbPolyline
 90
2
 70
0
 10
1106.920610876604
 20
267.9934700697015
 10
1104.539068069402
 20
300.68091597037807
  0
LWPOLYLINE
  5
122A
330
17
100
AcDbEntity
  8
EH1
100
AcDbPolyline
 90
2
 70
0
 10
1101.9052883002435
 20
328.2236280343023
 10
605.7334119417793
 20
328.2236280343023
  0
LWPOLYLINE
  5
122B
330
17
100
AcDbEntity
  8
EH1
100
AcDbPolyline
 90
2
 70
0
 10
605.7334119417793
 20
328.2236280343023
 10
608.3671917109378
 20
300.68091597037807
  0
LWPOLYLINE
  5
122C
330
17
100
AcDbEntity
  8
EH1
100
AcDbPolyline
 90
2
 70
0
 10
1104.539068069402
 20
300.68091597037807
 10
1101.9052883002435
 20
328.2236280343023
  0
LWPOLYLINE
  5
122D
330
17
100
AcDbEntity
  8
EH1
100
AcDbPolyline
 90
2
 70
0
 10
1099.0643362712003
 20
350.15034282177766
 10
602.8924599127363
 20
350.15034282177766
  0
LWPOLYLINE
  5
122E
330
17
100
AcDbEntity
  8
EH1
100
AcDbPolyline
 90
2
 70
0
 10
602.8924599127363
 20
350.15034282177766
 10
605.7334119417793
 20
328.2236280343023
  0
LWPOLYLINE
  5
122F
330
17
100
AcDbEntity
  8
EH1
100
AcDbPolyline
 90
2
 70
0
 10
1101.9052883002435
 20
328.2236280343023
 10
1099.0643362712003
 20
350.15034282177766
  0
LWPOLYLINE
  5
1230
330
17
100
AcDbEntity
  8
EH1
100
AcDbPolyline
 90
2
 70
0
 10
1096.0648214591504
 20
366.08588816355683
 10
599.8929451006863
 20
366.08588816355683
  0
LWPOLYLINE
  5
1231
330
17
100
AcDbEntity
  8
EH1
100
AcDbPolyline
 90
2
 70
0
 10
599.8929451006863
 20
366.08588816355683
 10
602.8924599127363
 20
350.15034282177766
  0
LWPOLYLINE
  5
1232
330
17
100
AcDbEntity
  8
EH1
100
AcDbPolyline
 90
2
 70
0
 10
1099.0643362712003
 20
350.15034282177766
 10
1096.0648214591504
 20
366.08588816355683
  0
LWPOLYLINE
  5
1233
330
17
100
AcDbEntity
  8
EH1
100
AcDbPolyline
 90
2
 70
0
 10
1092.9580663941504
 20
375.75760246067415
 10
596.7861900356863
 20
375.75760246067415
  0
LWPOLYLINE
  5
1234
330
17
100
AcDbEntity
  8
EH1
100
AcDbPolyline
 90
2
 70
0
 10
596.7861900356863
 20
375.75760246067415
 10
599.8929451006863
 20
366.08588816355683
  0
LWPOLYLINE
  5
1235
330
17
100
AcDbEntity
  8
EH1
100
AcDbPolyline
 90
2
 70
0
 10
1096.0648214591504
 20
366.08588816355683
 10
1092.9580663941504
 20
375.75760246067415
  0
LWPOLYLINE
  5
1236
330
17
100
AcDbEntity
  8
EH1
100
AcDbPolyline
 90
2
 70
0
 10
1089.7972285167177
 20
379.0
 10
593.6253521582536
 20
379.0
  0
LWPOLYLINE
  5
1237
330
17
100
AcDbEntity
  8
EH1
100
AcDbPolyline
 90
2
 70
0
 10
593.6253521582536
 20
379.0
 10
596.7861900356863
 20
375.75760246067415
  0
LWPOLYLINE
  5
1238
330
17
100
AcDbEntity
  8
EH1
100
AcDbPolyline
 90
2
 70
0
 10
1092.9580663941504
 20
375.75760246067415
 10
1089.7972285167177
 20
379.0
  0
LWPOLYLINE
  5
1239
330
17
100
AcDbEntity
  8
EH1
100
AcDbPolyline
 90
2
 70
0
 10
1089.7972285167177
 20
375.0
 10
593.6253521582536
 20
375.0
  0
LWPOLYLINE
  5
123A
330
17
100
AcDbEntity
  8
EH1
100
AcDbPolyline
 90
2
 70
0
 10
593.6253521582536
 20
375.0
 10
593.6253521582536
 20
379.0
  0
LWPOLYLINE
  5
123B
330
17
100
AcDbEntity
  8
EH1
100
AcDbPolyline
 90
2
 70
0
 10
1089.7972285167177
 20
379.0
 10
1089.7972285167177
 20
375.0
  0
LWPOLYLINE
  5
123C
330
17
100
AcDbEntity
  8
EH1
100
AcDbPolyline
 90
2
 70
0
 10
1092.8854034544393
 20
371.7918230151789
 10
596.7135270959752
 20
371.7918230151789
  0
LWPOLYLINE
  5
123D
330
17
100
AcDbEntity
  8
EH1
100
AcDbPolyline
 90
2
 70
0
 10
596.7135270959752
 20
371.7918230151789
 10
593.6253521582536
 20
375.0
  0
LWPOLYLINE
  5
123E
330
17
100
AcDbEntity
  8
EH1
100
AcDbPolyline
 90
2
 70
0
 10
1089.7972285167177
 20
375.0
 10
1092.8854034544393
 20
371.7918230151789
  0
LWPOLYLINE
  5
123F
330
17
100
AcDbEntity
  8
EH1
100
AcDbPolyline
 90
2
 70
0
 10
1095.9207388627726
 20
362.2221848584006
 10
599.7488625043086
 20
362.2221848584006
  0
LWPOLYLINE
  5
1240
330
17
100
AcDbEntity
  8
EH1
100
AcDbPolyline
 90
2
 70
0
 10
599.7488625043086
 20
362.2221848584006
 10
596.7135270959752
 20
371.7918230151789
  0
LWPOLYLINE
  5
1241
330
17
100
AcDbEntity
  8
EH1
100
AcDbPolyline
 90
2
 70
0
 10
1092.8854034544393
 20
371.7918230151789
 10
1095.9207388627726
 20
362.2221848584006
  0
LWPOLYLINE
  5
1242
330
17
100
AcDbEntity
  8
EH1
100
AcDbPolyline
 90
2
 70
0
 10
1098.8512993113272
 20
346.45482469173254
 10
602.6794229528631
 20
346.45482469173254
  0
LWPOLYLINE
  5
1243
330
17
100
AcDbEntity
  8
EH1
100
AcDbPolyline
 90
2
 70
0
 10
602.6794229528631
 20
346.45482469173254
 10
599.7488625043086
 20
362.2221848584006
  0
LWPOLYLINE
  5
1244
330
17
100
AcDbEntity
  8
EH1
100
AcDbPolyline
 90
2
 70
0
 10
1095.9207388627726
 20
362.2221848584006
 10
1098.8512993113272
 20
346.45482469173254
  0
LWPOLYLINE
  5
1245
330
17
100
AcDbEntity
  8
EH1
100
AcDbPolyline
 90
2
 70
0
 10
1101.6269420983233
 20
324.7595264191645
 10
605.4550657398592
 20
324.7595264191645
  0
LWPOLYLINE
  5
1246
330
17
100
AcDbEntity
  8
EH1
100
AcDbPolyline
 90
2
 70
0
 10
605.4550657398592
 20
324.7595264191645
 10
602.6794229528631
 20
346.45482469173254
  0
LWPOLYLINE
  5
1247
330
17
100
AcDbEntity
  8
EH1
100
AcDbPolyline
 90
2
 70
0
 10
1098.8512993113272
 20
346.45482469173254
 10
1101.6269420983233
 20
324.7595264191645
  0
LWPOLYLINE
  5
1248
330
17
100
AcDbEntity
  8
EH1
100
AcDbPolyline
 90
2
 70
0
 10
1104.200175206122
 20
297.5075026092132
 10
608.0282988476578
 20
297.5075026092132
  0
LWPOLYLINE
  5
1249
330
17
100
AcDbEntity
  8
EH1
100
AcDbPolyline
 90
2
 70
0
 10
608.0282988476578
 20
297.5075026092132
 10
605.4550657398592
 20
324.7595264191645
  0
LWPOLYLINE
  5
124A
330
17
100
AcDbEntity
  8
EH1
100
AcDbPolyline
 90
2
 70
0
 10
1101.6269420983233
 20
324.7595264191645
 10
1104.200175206122
 20
297.5075026092132
  0
LWPOLYLINE
  5
124B
330
17
100
AcDbEntity
  8
EH1
100
AcDbPolyline
 90
2
 70
0
 10
1106.5269699028136
 20
265.16504294495536
 10
610.3550935443494
 20
265.16504294495536
  0
LWPOLYLINE
  5
124C
330
17
100
AcDbEntity
  8
EH1
100
AcDbPolyline
 90
2
 70
0
 10
610.3550935443494
 20
265.16504294495536
 10
608.0282988476578
 20
297.5075026092132
  0
LWPOLYLINE
  5
124D
330
17
100
AcDbEntity
  8
EH1
100
AcDbPolyline
 90
2
 70
0
 10
1104.200175206122
 20
297.5075026092132
 10
1106.5269699028136
 20
265.16504294495536
  0
LWPOLYLINE
  5
124E
330
17
100
AcDbEntity
  8
EH1
100
AcDbPolyline
 90
2
 70
0
 10
1108.5675140860285
 20
228.28553587827025
 10
612.3956377275643
 20
228.28553587827025
  0
LWPOLYLINE
  5
124F
330
17
100
AcDbEntity
  8
EH1
100
AcDbPolyline
 90
2
 70
0
 10
612.3956377275643
 20
228.28553587827025
 10
610.3550935443494
 20
265.16504294495536
  0
LWPOLYLINE
  5
1250
330
17
100
AcDbEntity
  8
EH1
100
AcDbPolyline
 90
2
 70
0
 10
1106.5269699028136
 20
265.16504294495536
 10
1108.5675140860285
 20
228.28553587827025
  0
LWPOLYLINE
  5
1251
330
17
100
AcDbEntity
  8
EH1
100
AcDbPolyline
 90
2
 70
0
 10
1110.286893479046
 20
187.50000000000003
 10
614.115017120582
 20
187.50000000000003
  0
LWPOLYLINE
  5
1252
330
17
100
AcDbEntity
  8
EH1
100
AcDbPolyline
 90
2
 70
0
 10
614.115017120582
 20
187.50000000000003
 10
612.3956377275643
 20
228.28553587827025
  0
LWPOLYLINE
  5
1253
330
17
100
AcDbEntity
  8
EH1
100
AcDbPolyline
 90
2
 70
0
 10
1108.5675140860285
 20
228.28553587827025
 10
1110.286893479046
 20
187.50000000000003
  0
LWPOLYLINE
  5
1254
330
17
100
AcDbEntity
  8
EH1
100
AcDbPolyline
 90
2
 70
0
 10
1111.65568902375
 20
143.5062871369087
 10
615.4838126652859
 20
143.5062871369087
  0
LWPOLYLINE
  5
1255
330
17
100
AcDbEntity
  8
EH1
100
AcDbPolyline
 90
2
 70
0
 10
615.4838126652859
 20
143.5062871369087
 10
614.115017120582
 20
187.50000000000003
  0
LWPOLYLINE
  5
1256
330
17
100
AcDbEntity
  8
EH1
100
AcDbPolyline
 90
2
 70
0
 10
1110.286893479046
 20
187.50000000000003
 10
1111.65568902375
 20
143.5062871369087
  0
LWPOLYLINE
  5
1257
330
17
100
AcDbEntity
  8
EH1
100
AcDbPolyline
 90
2
 70
0
 10
1112.6504802488685
 20
97.05714191344528
 10
616.4786038904043
 20
97.05714191344528
  0
LWPOLYLINE
  5
1258
330
17
100
AcDbEntity
  8
EH1
100
AcDbPolyline
 90
2
 70
0
 10
616.4786038904043
 20
97.05714191344528
 10
615.4838126652859
 20
143.5062871369087
  0
LWPOLYLINE
  5
1259
330
17
100
AcDbEntity
  8
EH1
100
AcDbPolyline
 90
2
 70
0
 10
1111.65568902375
 20
143.5062871369087
 10
1112.6504802488685
 20
97.05714191344528
  0
LWPOLYLINE
  5
125A
330
17
100
AcDbEntity
  8
EH1
100
AcDbPolyline
 90
2
 70
0
 10
1113.2542460007314
 20
48.94732208251939
 10
617.0823696422672
 20
48.94732208251939
  0
LWPOLYLINE
  5
125B
330
17
100
AcDbEntity
  8
EH1
100
AcDbPolyline
 90
2
 70
0
 10
617.0823696422672
 20
48.94732208251939
 10
616.4786038904043
 20
97.05714191344528
  0
LWPOLYLINE
  5
125C
330
17
100
AcDbEntity
  8
EH1
100
AcDbPolyline
 90
2
 70
0
 10
1112.6504802488685
 20
97.05714191344528
 10
1113.2542460007314
 20
48.94732208251939
  0
LWPOLYLINE
  5
125D
330
17
100
AcDbEntity
  8
EH1
100
AcDbPolyline
 90
2
 70
0
 10
1113.4566556799289
 20
2.2962127484012872e-14
 10
617.2847793214647
 20
2.2962127484012872e-14
  0
LWPOLYLINE
  5
125E
330
17
100
AcDbEntity
  8
EH1
100
AcDbPolyline
 90
2
 70
0
 10
617.2847793214647
 20
2.2962127484012872e-14
 10
617.0823696422672
 20
48.94732208251939
  0
LWPOLYLINE
  5
125F
330
17
100
AcDbEntity
  8
EH1
100
AcDbPolyline
 90
2
 70
0
 10
1113.2542460007314
 20
48.94732208251939
 10
1113.4566556799289
 20
2.2962127484012872e-14
  0
LWPOLYLINE
  5
1260
330
17
100
AcDbEntity
  8
EH1
100
AcDbPolyline
 90
2
 70
0
 10
1113.2542460007314
 20
-48.94732208251935
 10
617.0823696422672
 20
-48.94732208251935
  0
LWPOLYLINE
  5
1261
330
17
100
AcDbEntity
  8
EH1
100
AcDbPolyline
 90
2
 70
0
 10
617.0823696422672
 20
-48.94732208251935
 10
617.2847793214647
 20
2.2962127484012872e-14
  0
LWPOLYLINE
  5
1262
330
17
100
AcDbEntity
  8
EH1
100
AcDbPolyline
 90
2
 70
0
 10
1113.4566556799289
 20
2.2962127484012872e-14
 10
1113.2542460007314
 20
-48.94732208251935
  0
LWPOLYLINE
  5
1263
330
17
100
AcDbEntity
  8
EH1
100
AcDbPolyline
 90
2
 70
0
 10
1112.6504802488685
 20
-97.05714191344524
 10
616.4786038904043
 20
-97.05714191344524
  0
LWPOLYLINE
  5
1264
330
17
100
AcDbEntity
  8
EH1
100
AcDbPolyline
 90
2
 70
0
 10
616.4786038904043
 20
-97.05714191344524
 10
617.0823696422672
 20
-48.94732208251935
  0
LWPOLYLINE
  5
1265
330
17
100
AcDbEntity
  8
EH1
100
AcDbPolyline
 90
2
 70
0
 10
1113.2542460007314
 20
-48.94732208251935
 10
1112.6504802488685
 20
-97.05714191344524
  0
LWPOLYLINE
  5
1266
330
17
100
AcDbEntity
  8
EH1
100
AcDbPolyline
 90
2
 70
0
 10
1111.65568902375
 20
-143.50628713690855
 10
615.4838126652859
 20
-143.50628713690855
  0
LWPOLYLINE
  5
1267
330
17
100
AcDbEntity
  8
EH1
100
AcDbPolyline
 90
2
 70
0
 10
615.4838126652859
 20
-143.50628713690855
 10
616.4786038904043
 20
-97.05714191344524
  0
LWPOLYLINE
  5
1268
330
17
100
AcDbEntity
  8
EH1
100
AcDbPolyline
 90
2
 70
0
 10
1112.6504802488685
 20
-97.05714191344524
 10
1111.65568902375
 20
-143.50628713690855
  0
LWPOLYLINE
  5
1269
330
17
100
AcDbEntity
  8
EH1
100
AcDbPolyline
 90
2
 70
0
 10
1110.286893479046
 20
-187.49999999999991
 10
614.115017120582
 20
-187.49999999999991
  0
LWPOLYLINE
  5
126A
330
17
100
AcDbEntity
  8
EH1
100
AcDbPolyline
 90
2
 70
0
 10
614.115017120582
 20
-187.49999999999991
 10
615.4838126652859
 20
-143.50628713690855
  0
LWPOLYLINE
  5
126B
330
17
100
AcDbEntity
  8
EH1
100
AcDbPolyline
 90
2
 70
0
 10
1111.65568902375
 20
-143.50628713690855
 10
1110.286893479046
 20
-187.49999999999991
  0
LWPOLYLINE
  5
126C
330
17
100
AcDbEntity
  8
EH1
100
AcDbPolyline
 90
2
 70
0
 10
1108.5675140860285
 20
-228.28553587827025
 10
612.3956377275643
 20
-228.28553587827025
  0
LWPOLYLINE
  5
126D
330
17
100
AcDbEntity
  8
EH1
100
AcDbPolyline
 90
2
 70
0
 10
612.3956377275643
 20
-228.28553587827025
 10
614.115017120582
 20
-187.49999999999991
  0
LWPOLYLINE
  5
126E
330
17
100
AcDbEntity
  8
EH1
100
AcDbPolyline
 90
2
 70
0
 10
1110.286893479046
 20
-187.49999999999991
 10
1108.5675140860285
 20
-228.28553587827025
  0
LWPOLYLINE
  5
126F
330
17
100
AcDbEntity
  8
EH1
100
AcDbPolyline
 90
2
 70
0
 10
1106.5269699028136
 20
-265.1650429449553
 10
610.3550935443494
 20
-265.1650429449553
  0
LWPOLYLINE
  5
1270
330
17
100
AcDbEntity
  8
EH1
100
AcDbPolyline
 90
2
 70
0
 10
610.3550935443494
 20
-265.1650429449553
 10
612.3956377275643
 20
-228.28553587827025
  0
LWPOLYLINE
  5
1271
330
17
100
AcDbEntity
  8
EH1
100
AcDbPolyline
 90
2
 70
0
 10
1108.5675140860285
 20
-228.28553587827025
 10
1106.5269699028136
 20
-265.1650429449553
  0
LWPOLYLINE
  5
1272
330
17
100
AcDbEntity
  8
EH1
100
AcDbPolyline
 90
2
 70
0
 10
1104.200175206122
 20
-297.50750260921313
 10
608.0282988476578
 20
-297.50750260921313
  0
LWPOLYLINE
  5
1273
330
17
100
AcDbEntity
  8
EH1
100
AcDbPolyline
 90
2
 70
0
 10
608.0282988476578
 20
-297.50750260921313
 10
610.3550935443494
 20
-265.1650429449553
  0
LWPOLYLINE
  5
1274
330
17
100
AcDbEntity
  8
EH1
100
AcDbPolyline
 90
2
 70
0
 10
1106.5269699028136
 20
-265.1650429449553
 10
1104.200175206122
 20
-297.50750260921313
  0
LWPOLYLINE
  5
1275
330
17
100
AcDbEntity
  8
EH1
100
AcDbPolyline
 90
2
 70
0
 10
1101.6269420983233
 20
-324.7595264191645
 10
605.4550657398592
 20
-324.7595264191645
  0
LWPOLYLINE
  5
1276
330
17
100
AcDbEntity
  8
EH1
100
AcDbPolyline
 90
2
 70
0
 10
605.4550657398592
 20
-324.7595264191645
 10
608.0282988476578
 20
-297.50750260921313
  0
LWPOLYLINE
  5
1277
330
17
100
AcDbEntity
  8
EH1
100
AcDbPolyline
 90
2
 70
0
 10
1104.200175206122
 20
-297.50750260921313
 10
1101.6269420983233
 20
-324.7595264191645
  0
LWPOLYLINE
  5
1278
330
17
100
AcDbEntity
  8
EH1
100
AcDbPolyline
 90
2
 70
0
 10
1098.8512993113272
 20
-346.45482469173254
 10
602.6794229528631
 20
-346.45482469173254
  0
LWPOLYLINE
  5
1279
330
17
100
AcDbEntity
  8
EH1
100
AcDbPolyline
 90
2
 70
0
 10
602.6794229528631
 20
-346.45482469173254
 10
605.4550657398592
 20
-324.7595264191645
  0
LWPOLYLINE
  5
127A
330
17
100
AcDbEntity
  8
EH1
100
AcDbPolyline
 90
2
 70
0
 10
1101.6269420983233
 20
-324.7595264191645
 10
1098.8512993113272
 20
-346.45482469173254
  0
LWPOLYLINE
  5
127B
330
17
100
AcDbEntity
  8
EH1
100
AcDbPolyline
 90
2
 70
0
 10
1095.9207388627726
 20
-362.22218485840057
 10
599.7488625043086
 20
-362.22218485840057
  0
LWPOLYLINE
  5
127C
330
17
100
AcDbEntity
  8
EH1
100
AcDbPolyline
 90
2
 70
0
 10
599.7488625043086
 20
-362.22218485840057
 10
602.6794229528631
 20
-346.45482469173254
  0
LWPOLYLINE
  5
127D
330
17
100
AcDbEntity
  8
EH1
100
AcDbPolyline
 90
2
 70
0
 10
1098.8512993113272
 20
-346.45482469173254
 10
1095.9207388627726
 20
-362.22218485840057
  0
LWPOLYLINE
  5
127E
330
17
100
AcDbEntity
  8
EH1
100
AcDbPolyline
 90
2
 70
0
 10
1092.8854034544393
 20
-371.7918230151789
 10
596.7135270959752
 20
-371.7918230151789
  0
LWPOLYLINE
  5
127F
330
17
100
AcDbEntity
  8
EH1
100
AcDbPolyline
 90
2
 70
0
 10
596.7135270959752
 20
-371.7918230151789
 10
599.7488625043086
 20
-362.22218485840057
  0
LWPOLYLINE
  5
1280
330
17
100
AcDbEntity
  8
EH1
100
AcDbPolyline
 90
2
 70
0
 10
1095.9207388627726
 20
-362.22218485840057
 10
1092.8854034544393
 20
-371.7918230151789
  0
LWPOLYLINE
  5
1281
330
17
100
AcDbEntity
  8
EH1
100
AcDbPolyline
 90
2
 70
0
 10
1089.7972285167177
 20
-375.0
 10
593.6253521582536
 20
-375.0
  0
LWPOLYLINE
  5
1282
330
17
100
AcDbEntity
  8
EH1
100
AcDbPolyline
 90
2
 70
0
 10
593.6253521582536
 20
-375.0
 10
596.7135270959752
 20
-371.7918230151789
  0
LWPOLYLINE
  5
1283
330
17
100
AcDbEntity
  8
EH1
100
AcDbPolyline
 90
2
 70
0
 10
1092.8854034544393
 20
-371.7918230151789
 10
1089.7972285167177
 20
-375.0
  0
LWPOLYLINE
  5
1284
330
17
100
AcDbEntity
  8
EH1
100
AcDbPolyline
 90
2
 70
0
 10
593.6253521582536
 20
-379.0
 10
593.6253521582536
 20
-375.0
  0
LWPOLYLINE
  5
1285
330
17
100
AcDbEntity
  8
EH1
100
AcDbPolyline
 90
2
 70
0
 10
1089.7972285167177
 20
-375.0
 10
1089.7972285167177
 20
-379.0
  0
LWPOLYLINE
  5
1287
330
17
100
AcDbEntity
  8
EH2
100
AcDbPolyline
 90
2
 70
0
 10
1101.6804453416166
 20
-379.0
 10
1300.1491958850022
 20
-379.0
  0
LWPOLYLINE
  5
1288
330
17
100
AcDbEntity
  8
EH2
100
AcDbPolyline
 90
2
 70
0
 10
1303.3100337624348
 20
-375.75760246067415
 10
1104.8412832190493
 20
-375.75760246067415
  0
LWPOLYLINE
  5
1289
330
17
100
AcDbEntity
  8
EH2
100
AcDbPolyline
 90
2
 70
0
 10
1104.8412832190493
 20
-375.75760246067415
 10
1101.6804453416166
 20
-379.0
  0
LWPOLYLINE
  5
128A
330
17
100
AcDbEntity
  8
EH2
100
AcDbPolyline
 90
2
 70
0
 10
1300.1491958850022
 20
-379.0
 10
1303.3100337624348
 20
-375.75760246067415
  0
LWPOLYLINE
  5
128B
330
17
100
AcDbEntity
  8
EH2
100
AcDbPolyline
 90
2
 70
0
 10
1306.4167888274349
 20
-366.08588816355683
 10
1107.9480382840493
 20
-366.08588816355683
  0
LWPOLYLINE
  5
128C
330
17
100
AcDbEntity
  8
EH2
100
AcDbPolyline
 90
2
 70
0
 10
1107.9480382840493
 20
-366.08588816355683
 10
1104.8412832190493
 20
-375.75760246067415
  0
LWPOLYLINE
  5
128D
330
17
100
AcDbEntity
  8
EH2
100
AcDbPolyline
 90
2
 70
0
 10
1303.3100337624348
 20
-375.75760246067415
 10
1306.4167888274349
 20
-366.08588816355683
  0
LWPOLYLINE
  5
128E
330
17
100
AcDbEntity
  8
EH2
100
AcDbPolyline
 90
2
 70
0
 10
1309.4163036394848
 20
-350.15034282177766
 10
1110.9475530960992
 20
-350.15034282177766
  0
LWPOLYLINE
  5
128F
330
17
100
AcDbEntity
  8
EH2
100
AcDbPolyline
 90
2
 70
0
 10
1110.9475530960992
 20
-350.15034282177766
 10
1107.9480382840493
 20
-366.08588816355683
  0
LWPOLYLINE
  5
1290
330
17
100
AcDbEntity
  8
EH2
100
AcDbPolyline
 90
2
 70
0
 10
1306.4167888274349
 20
-366.08588816355683
 10
1309.4163036394848
 20
-350.15034282177766
  0
LWPOLYLINE
  5
1291
330
17
100
AcDbEntity
  8
EH2
100
AcDbPolyline
 90
2
 70
0
 10
1312.257255668528
 20
-328.2236280343023
 10
1113.7885051251424
 20
-328.2236280343023
  0
LWPOLYLINE
  5
1292
330
17
100
AcDbEntity
  8
EH2
100
AcDbPolyline
 90
2
 70
0
 10
1113.7885051251424
 20
-328.2236280343023
 10
1110.9475530960992
 20
-350.15034282177766
  0
LWPOLYLINE
  5
1293
330
17
100
AcDbEntity
  8
EH2
100
AcDbPolyline
 90
2
 70
0
 10
1309.4163036394848
 20
-350.15034282177766
 10
1312.257255668528
 20
-328.2236280343023
  0
LWPOLYLINE
  5
1294
330
17
100
AcDbEntity
  8
EH2
100
AcDbPolyline
 90
2
 70
0
 10
1314.8910354376865
 20
-300.68091597037807
 10
1116.422284894301
 20
-300.68091597037807
  0
LWPOLYLINE
  5
1295
330
17
100
AcDbEntity
  8
EH2
100
AcDbPolyline
 90
2
 70
0
 10
1116.422284894301
 20
-300.68091597037807
 10
1113.7885051251424
 20
-328.2236280343023
  0
LWPOLYLINE
  5
1296
330
17
100
AcDbEntity
  8
EH2
100
AcDbPolyline
 90
2
 70
0
 10
1312.257255668528
 20
-328.2236280343023
 10
1314.8910354376865
 20
-300.68091597037807
  0
LWPOLYLINE
  5
1297
330
17
100
AcDbEntity
  8
EH2
100
AcDbPolyline
 90
2
 70
0
 10
1317.2725782448886
 20
-267.9934700697015
 10
1118.803827701503
 20
-267.9934700697015
  0
LWPOLYLINE
  5
1298
330
17
100
AcDbEntity
  8
EH2
100
AcDbPolyline
 90
2
 70
0
 10
1118.803827701503
 20
-267.9934700697015
 10
1116.422284894301
 20
-300.68091597037807
  0
LWPOLYLINE
  5
1299
330
17
100
AcDbEntity
  8
EH2
100
AcDbPolyline
 90
2
 70
0
 10
1314.8910354376865
 20
-300.68091597037807
 10
1317.2725782448886
 20
-267.9934700697015
  0
LWPOLYLINE
  5
129A
330
17
100
AcDbEntity
  8
EH2
100
AcDbPolyline
 90
2
 70
0
 10
1319.3611352324144
 20
-230.72058159430512
 10
1120.8923846890289
 20
-230.72058159430512
  0
LWPOLYLINE
  5
129B
330
17
100
AcDbEntity
  8
EH2
100
AcDbPolyline
 90
2
 70
0
 10
1120.8923846890289
 20
-230.72058159430512
 10
1118.803827701503
 20
-267.9934700697015
  0
LWPOLYLINE
  5
129C
330
17
100
AcDbEntity
  8
EH2
100
AcDbPolyline
 90
2
 70
0
 10
1317.2725782448886
 20
-267.9934700697015
 10
1319.3611352324144
 20
-230.72058159430512
  0
LWPOLYLINE
  5
129D
330
17
100
AcDbEntity
  8
EH2
100
AcDbPolyline
 90
2
 70
0
 10
1321.1209706111501
 20
-189.50000000000009
 10
1122.6522200677646
 20
-189.50000000000009
  0
LWPOLYLINE
  5
129E
330
17
100
AcDbEntity
  8
EH2
100
AcDbPolyline
 90
2
 70
0
 10
1122.6522200677646
 20
-189.50000000000009
 10
1120.8923846890289
 20
-230.72058159430512
  0
LWPOLYLINE
  5
129F
330
17
100
AcDbEntity
  8
EH2
100
AcDbPolyline
 90
2
 70
0
 10
1319.3611352324144
 20
-230.72058159430512
 10
1321.1209706111501
 20
-189.50000000000009
  0
LWPOLYLINE
  5
12A0
330
17
100
AcDbEntity
  8
EH2
100
AcDbPolyline
 90
2
 70
0
 10
1322.521973109847
 20
-145.037020866369
 10
1124.0532225664615
 20
-145.037020866369
  0
LWPOLYLINE
  5
12A1
330
17
100
AcDbEntity
  8
EH2
100
AcDbPolyline
 90
2
 70
0
 10
1124.0532225664615
 20
-145.037020866369
 10
1122.6522200677646
 20
-189.50000000000009
  0
LWPOLYLINE
  5
12A2
330
17
100
AcDbEntity
  8
EH2
100
AcDbPolyline
 90
2
 70
0
 10
1321.1209706111501
 20
-189.50000000000009
 10
1322.521973109847
 20
-145.037020866369
  0
LWPOLYLINE
  5
12A3
330
17
100
AcDbEntity
  8
EH2
100
AcDbPolyline
 90
2
 70
0
 10
1323.5401711873212
 20
-98.09241809385531
 10
1125.0714206439357
 20
-98.09241809385531
  0
LWPOLYLINE
  5
12A4
330
17
100
AcDbEntity
  8
EH2
100
AcDbPolyline
 90
2
 70
0
 10
1125.0714206439357
 20
-98.09241809385531
 10
1124.0532225664615
 20
-145.037020866369
  0
LWPOLYLINE
  5
12A5
330
17
100
AcDbEntity
  8
EH2
100
AcDbPolyline
 90
2
 70
0
 10
1322.521973109847
 20
-145.037020866369
 10
1323.5401711873212
 20
-98.09241809385531
  0
LWPOLYLINE
  5
12A6
330
17
100
AcDbEntity
  8
EH2
100
AcDbPolyline
 90
2
 70
0
 10
1324.158143192169
 20
-49.469426851399554
 10
1125.6893926487835
 20
-49.469426851399554
  0
LWPOLYLINE
  5
12A7
330
17
100
AcDbEntity
  8
EH2
100
AcDbPolyline
 90
2
 70
0
 10
1125.6893926487835
 20
-49.469426851399554
 10
1125.0714206439357
 20
-98.09241809385531
  0
LWPOLYLINE
  5
12A8
330
17
100
AcDbEntity
  8
EH2
100
AcDbPolyline
 90
2
 70
0
 10
1323.5401711873212
 20
-98.09241809385531
 10
1324.158143192169
 20
-49.469426851399554
  0
LWPOLYLINE
  5
12A9
330
17
100
AcDbEntity
  8
EH2
100
AcDbPolyline
 90
2
 70
0
 10
1324.3653154520537
 20
2.3207056843842342e-14
 10
1125.896564908668
 20
2.3207056843842342e-14
  0
LWPOLYLINE
  5
12AA
330
17
100
AcDbEntity
  8
EH2
100
AcDbPolyline
 90
2
 70
0
 10
1125.896564908668
 20
2.3207056843842342e-14
 10
1125.6893926487835
 20
-49.469426851399554
  0
LWPOLYLINE
  5
12AB
330
17
100
AcDbEntity
  8
EH2
100
AcDbPolyline
 90
2
 70
0
 10
1324.158143192169
 20
-49.469426851399554
 10
1324.3653154520537
 20
2.3207056843842342e-14
  0
LWPOLYLINE
  5
12AC
330
17
100
AcDbEntity
  8
EH2
100
AcDbPolyline
 90
2
 70
0
 10
1324.158143192169
 20
49.4694268513996
 10
1125.6893926487835
 20
49.4694268513996
  0
LWPOLYLINE
  5
12AD
330
17
100
AcDbEntity
  8
EH2
100
AcDbPolyline
 90
2
 70
0
 10
1125.6893926487835
 20
49.4694268513996
 10
1125.896564908668
 20
2.3207056843842342e-14
  0
LWPOLYLINE
  5
12AE
330
17
100
AcDbEntity
  8
EH2
100
AcDbPolyline
 90
2
 70
0
 10
1324.3653154520537
 20
2.3207056843842342e-14
 10
1324.158143192169
 20
49.4694268513996
  0
LWPOLYLINE
  5
12AF
330
17
100
AcDbEntity
  8
EH2
100
AcDbPolyline
 90
2
 70
0
 10
1323.5401711873212
 20
98.09241809385536
 10
1125.0714206439357
 20
98.09241809385536
  0
LWPOLYLINE
  5
12B0
330
17
100
AcDbEntity
  8
EH2
100
AcDbPolyline
 90
2
 70
0
 10
1125.0714206439357
 20
98.09241809385536
 10
1125.6893926487835
 20
49.4694268513996
  0
LWPOLYLINE
  5
12B1
330
17
100
AcDbEntity
  8
EH2
100
AcDbPolyline
 90
2
 70
0
 10
1324.158143192169
 20
49.4694268513996
 10
1323.5401711873212
 20
98.09241809385536
  0
LWPOLYLINE
  5
12B2
330
17
100
AcDbEntity
  8
EH2
100
AcDbPolyline
 90
2
 70
0
 10
1322.521973109847
 20
145.03702086636898
 10
1124.0532225664615
 20
145.03702086636898
  0
LWPOLYLINE
  5
12B3
330
17
100
AcDbEntity
  8
EH2
100
AcDbPolyline
 90
2
 70
0
 10
1124.0532225664615
 20
145.03702086636898
 10
1125.0714206439357
 20
98.09241809385536
  0
LWPOLYLINE
  5
12B4
330
17
100
AcDbEntity
  8
EH2
100
AcDbPolyline
 90
2
 70
0
 10
1323.5401711873212
 20
98.09241809385536
 10
1322.521973109847
 20
145.03702086636898
  0
LWPOLYLINE
  5
12B5
330
17
100
AcDbEntity
  8
EH2
100
AcDbPolyline
 90
2
 70
0
 10
1321.1209706111501
 20
189.49999999999997
 10
1122.6522200677646
 20
189.49999999999997
  0
LWPOLYLINE
  5
12B6
330
17
100
AcDbEntity
  8
EH2
100
AcDbPolyline
 90
2
 70
0
 10
1122.6522200677646
 20
189.49999999999997
 10
1124.0532225664615
 20
145.03702086636898
  0
LWPOLYLINE
  5
12B7
330
17
100
AcDbEntity
  8
EH2
100
AcDbPolyline
 90
2
 70
0
 10
1322.521973109847
 20
145.03702086636898
 10
1321.1209706111501
 20
189.49999999999997
  0
LWPOLYLINE
  5
12B8
330
17
100
AcDbEntity
  8
EH2
100
AcDbPolyline
 90
2
 70
0
 10
1319.3611352324144
 20
230.72058159430517
 10
1120.8923846890289
 20
230.72058159430517
  0
LWPOLYLINE
  5
12B9
330
17
100
AcDbEntity
  8
EH2
100
AcDbPolyline
 90
2
 70
0
 10
1120.8923846890289
 20
230.72058159430517
 10
1122.6522200677646
 20
189.49999999999997
  0
LWPOLYLINE
  5
12BA
330
17
100
AcDbEntity
  8
EH2
100
AcDbPolyline
 90
2
 70
0
 10
1321.1209706111501
 20
189.49999999999997
 10
1319.3611352324144
 20
230.72058159430517
  0
LWPOLYLINE
  5
12BB
330
17
100
AcDbEntity
  8
EH2
100
AcDbPolyline
 90
2
 70
0
 10
1317.2725782448886
 20
267.9934700697015
 10
1118.803827701503
 20
267.9934700697015
  0
LWPOLYLINE
  5
12BC
330
17
100
AcDbEntity
  8
EH2
100
AcDbPolyline
 90
2
 70
0
 10
1118.803827701503
 20
267.9934700697015
 10
1120.8923846890289
 20
230.72058159430517
  0
LWPOLYLINE
  5
12BD
330
17
100
AcDbEntity
  8
EH2
100
AcDbPolyline
 90
2
 70
0
 10
1319.3611352324144
 20
230.72058159430517
 10
1317.2725782448886
 20
267.9934700697015
  0
LWPOLYLINE
  5
12BE
330
17
100
AcDbEntity
  8
EH2
100
AcDbPolyline
 90
2
 70
0
 10
1314.8910354376865
 20
300.68091597037807
 10
1116.422284894301
 20
300.68091597037807
  0
LWPOLYLINE
  5
12BF
330
17
100
AcDbEntity
  8
EH2
100
AcDbPolyline
 90
2
 70
0
 10
1116.422284894301
 20
300.68091597037807
 10
1118.803827701503
 20
267.9934700697015
  0
LWPOLYLINE
  5
12C0
330
17
100
AcDbEntity
  8
EH2
100
AcDbPolyline
 90
2
 70
0
 10
1317.2725782448886
 20
267.9934700697015
 10
1314.8910354376865
 20
300.68091597037807
  0
LWPOLYLINE
  5
12C1
330
17
100
AcDbEntity
  8
EH2
100
AcDbPolyline
 90
2
 70
0
 10
1312.257255668528
 20
328.2236280343023
 10
1113.7885051251424
 20
328.2236280343023
  0
LWPOLYLINE
  5
12C2
330
17
100
AcDbEntity
  8
EH2
100
AcDbPolyline
 90
2
 70
0
 10
1113.7885051251424
 20
328.2236280343023
 10
1116.422284894301
 20
300.68091597037807
  0
LWPOLYLINE
  5
12C3
330
17
100
AcDbEntity
  8
EH2
100
AcDbPolyline
 90
2
 70
0
 10
1314.8910354376865
 20
300.68091597037807
 10
1312.257255668528
 20
328.2236280343023
  0
LWPOLYLINE
  5
12C4
330
17
100
AcDbEntity
  8
EH2
100
AcDbPolyline
 90
2
 70
0
 10
1309.4163036394848
 20
350.15034282177766
 10
1110.9475530960992
 20
350.15034282177766
  0
LWPOLYLINE
  5
12C5
330
17
100
AcDbEntity
  8
EH2
100
AcDbPolyline
 90
2
 70
0
 10
1110.9475530960992
 20
350.15034282177766
 10
1113.7885051251424
 20
328.2236280343023
  0
LWPOLYLINE
  5
12C6
330
17
100
AcDbEntity
  8
EH2
100
AcDbPolyline
 90
2
 70
0
 10
1312.257255668528
 20
328.2236280343023
 10
1309.4163036394848
 20
350.15034282177766
  0
LWPOLYLINE
  5
12C7
330
17
100
AcDbEntity
  8
EH2
100
AcDbPolyline
 90
2
 70
0
 10
1306.4167888274349
 20
366.08588816355683
 10
1107.9480382840493
 20
366.08588816355683
  0
LWPOLYLINE
  5
12C8
330
17
100
AcDbEntity
  8
EH2
100
AcDbPolyline
 90
2
 70
0
 10
1107.9480382840493
 20
366.08588816355683
 10
1110.9475530960992
 20
350.15034282177766
  0
LWPOLYLINE
  5
12C9
330
17
100
AcDbEntity
  8
EH2
100
AcDbPolyline
 90
2
 70
0
 10
1309.4163036394848
 20
350.15034282177766
 10
1306.4167888274349
 20
366.08588816355683
  0
LWPOLYLINE
  5
12CA
330
17
100
AcDbEntity
  8
EH2
100
AcDbPolyline
 90
2
 70
0
 10
1303.3100337624348
 20
375.75760246067415
 10
1104.8412832190493
 20
375.75760246067415
  0
LWPOLYLINE
  5
12CB
330
17
100
AcDbEntity
  8
EH2
100
AcDbPolyline
 90
2
 70
0
 10
1104.8412832190493
 20
375.75760246067415
 10
1107.9480382840493
 20
366.08588816355683
  0
LWPOLYLINE
  5
12CC
330
17
100
AcDbEntity
  8
EH2
100
AcDbPolyline
 90
2
 70
0
 10
1306.4167888274349
 20
366.08588816355683
 10
1303.3100337624348
 20
375.75760246067415
  0
LWPOLYLINE
  5
12CD
330
17
100
AcDbEntity
  8
EH2
100
AcDbPolyline
 90
2
 70
0
 10
1300.1491958850022
 20
379.0
 10
1101.6804453416166
 20
379.0
  0
LWPOLYLINE
  5
12CE
330
17
100
AcDbEntity
  8
EH2
100
AcDbPolyline
 90
2
 70
0
 10
1101.6804453416166
 20
379.0
 10
1104.8412832190493
 20
375.75760246067415
  0
LWPOLYLINE
  5
12CF
330
17
100
AcDbEntity
  8
EH2
100
AcDbPolyline
 90
2
 70
0
 10
1303.3100337624348
 20
375.75760246067415
 10
1300.1491958850022
 20
379.0
  0
LWPOLYLINE
  5
12D0
330
17
100
AcDbEntity
  8
EH2
100
AcDbPolyline
 90
2
 70
0
 10
1300.1491958850022
 20
375.0
 10
1101.6804453416166
 20
375.0
  0
LWPOLYLINE
  5
12D1
330
17
100
AcDbEntity
  8
EH2
100
AcDbPolyline
 90
2
 70
0
 10
1101.6804453416166
 20
375.0
 10
1101.6804453416166
 20
379.0
  0
LWPOLYLINE
  5
12D2
330
17
100
AcDbEntity
  8
EH2
100
AcDbPolyline
 90
2
 70
0
 10
1300.1491958850022
 20
379.0
 10
1300.1491958850022
 20
375.0
  0
LWPOLYLINE
  5
12D3
330
17
100
AcDbEntity
  8
EH2
100
AcDbPolyline
 90
2
 70
0
 10
1303.2373708227237
 20
371.7918230151789
 10
1104.7686202793382
 20
371.7918230151789
  0
LWPOLYLINE
  5
12D4
330
17
100
AcDbEntity
  8
EH2
100
AcDbPolyline
 90
2
 70
0
 10
1104.7686202793382
 20
371.7918230151789
 10
1101.6804453416166
 20
375.0
  0
LWPOLYLINE
  5
12D5
330
17
100
AcDbEntity
  8
EH2
100
AcDbPolyline
 90
2
 70
0
 10
1300.1491958850022
 20
375.0
 10
1303.2373708227237
 20
371.7918230151789
  0
LWPOLYLINE
  5
12D6
330
17
100
AcDbEntity
  8
EH2
100
AcDbPolyline
 90
2
 70
0
 10
1306.272706231057
 20
362.2221848584006
 10
1107.8039556876715
 20
362.2221848584006
  0
LWPOLYLINE
  5
12D7
330
17
100
AcDbEntity
  8
EH2
100
AcDbPolyline
 90
2
 70
0
 10
1107.8039556876715
 20
362.2221848584006
 10
1104.7686202793382
 20
371.7918230151789
  0
LWPOLYLINE
  5
12D8
330
17
100
AcDbEntity
  8
EH2
100
AcDbPolyline
 90
2
 70
0
 10
1303.2373708227237
 20
371.7918230151789
 10
1306.272706231057
 20
362.2221848584006
  0
LWPOLYLINE
  5
12D9
330
17
100
AcDbEntity
  8
EH2
100
AcDbPolyline
 90
2
 70
0
 10
1309.2032666796117
 20
346.45482469173254
 10
1110.7345161362261
 20
346.45482469173254
  0
LWPOLYLINE
  5
12DA
330
17
100
AcDbEntity
  8
EH2
100
AcDbPolyline
 90
2
 70
0
 10
1110.7345161362261
 20
346.45482469173254
 10
1107.8039556876715
 20
362.2221848584006
  0
LWPOLYLINE
  5
12DB
330
17
100
AcDbEntity
  8
EH2
100
AcDbPolyline
 90
2
 70
0
 10
1306.272706231057
 20
362.2221848584006
 10
1309.2032666796117
 20
346.45482469173254
  0
LWPOLYLINE
  5
12DC
330
17
100
AcDbEntity
  8
EH2
100
AcDbPolyline
 90
2
 70
0
 10
1311.9789094666078
 20
324.7595264191645
 10
1113.5101589232222
 20
324.7595264191645
  0
LWPOLYLINE
  5
12DD
330
17
100
AcDbEntity
  8
EH2
100
AcDbPolyline
 90
2
 70
0
 10
1113.5101589232222
 20
324.7595264191645
 10
1110.7345161362261
 20
346.45482469173254
  0
LWPOLYLINE
  5
12DE
330
17
100
AcDbEntity
  8
EH2
100
AcDbPolyline
 90
2
 70
0
 10
1309.2032666796117
 20
346.45482469173254
 10
1311.9789094666078
 20
324.7595264191645
  0
LWPOLYLINE
  5
12DF
330
17
100
AcDbEntity
  8
EH2
100
AcDbPolyline
 90
2
 70
0
 10
1314.5521425744064
 20
297.5075026092132
 10
1116.0833920310208
 20
297.5075026092132
  0
LWPOLYLINE
  5
12E0
330
17
100
AcDbEntity
  8
EH2
100
AcDbPolyline
 90
2
 70
0
 10
1116.0833920310208
 20
297.5075026092132
 10
1113.5101589232222
 20
324.7595264191645
  0
LWPOLYLINE
  5
12E1
330
17
100
AcDbEntity
  8
EH2
100
AcDbPolyline
 90
2
 70
0
 10
1311.9789094666078
 20
324.7595264191645
 10
1314.5521425744064
 20
297.5075026092132
  0
LWPOLYLINE
  5
12E2
330
17
100
AcDbEntity
  8
EH2
100
AcDbPolyline
 90
2
 70
0
 10
1316.878937271098
 20
265.16504294495536
 10
1118.4101867277125
 20
265.16504294495536
  0
LWPOLYLINE
  5
12E3
330
17
100
AcDbEntity
  8
EH2
100
AcDbPolyline
 90
2
 70
0
 10
1118.4101867277125
 20
265.16504294495536
 10
1116.0833920310208
 20
297.5075026092132
  0
LWPOLYLINE
  5
12E4
330
17
100
AcDbEntity
  8
EH2
100
AcDbPolyline
 90
2
 70
0
 10
1314.5521425744064
 20
297.5075026092132
 10
1316.878937271098
 20
265.16504294495536
  0
LWPOLYLINE
  5
12E5
330
17
100
AcDbEntity
  8
EH2
100
AcDbPolyline
 90
2
 70
0
 10
1318.919481454313
 20
228.28553587827025
 10
1120.4507309109274
 20
228.28553587827025
  0
LWPOLYLINE
  5
12E6
330
17
100
AcDbEntity
  8
EH2
100
AcDbPolyline
 90
2
 70
0
 10
1120.4507309109274
 20
228.28553587827025
 10
1118.4101867277125
 20
265.16504294495536
  0
LWPOLYLINE
  5
12E7
330
17
100
AcDbEntity
  8
EH2
100
AcDbPolyline
 90
2
 70
0
 10
1316.878937271098
 20
265.16504294495536
 10
1318.919481454313
 20
228.28553587827025
  0
LWPOLYLINE
  5
12E8
330
17
100
AcDbEntity
  8
EH2
100
AcDbPolyline
 90
2
 70
0
 10
1320.6388608473305
 20
187.50000000000003
 10
1122.1701103039452
 20
187.50000000000003
  0
LWPOLYLINE
  5
12E9
330
17
100
AcDbEntity
  8
EH2
100
AcDbPolyline
 90
2
 70
0
 10
1122.1701103039452
 20
187.50000000000003
 10
1120.4507309109274
 20
228.28553587827025
  0
LWPOLYLINE
  5
12EA
330
17
100
AcDbEntity
  8
EH2
100
AcDbPolyline
 90
2
 70
0
 10
1318.919481454313
 20
228.28553587827025
 10
1320.6388608473305
 20
187.50000000000003
  0
LWPOLYLINE
  5
12EB
330
17
100
AcDbEntity
  8
EH2
100
AcDbPolyline
 90
2
 70
0
 10
1322.0076563920345
 20
143.5062871369087
 10
1123.538905848649
 20
143.5062871369087
  0
LWPOLYLINE
  5
12EC
330
17
100
AcDbEntity
  8
EH2
100
AcDbPolyline
 90
2
 70
0
 10
1123.538905848649
 20
143.5062871369087
 10
1122.1701103039452
 20
187.50000000000003
  0
LWPOLYLINE
  5
12ED
330
17
100
AcDbEntity
  8
EH2
100
AcDbPolyline
 90
2
 70
0
 10
1320.6388608473305
 20
187.50000000000003
 10
1322.0076563920345
 20
143.5062871369087
  0
LWPOLYLINE
  5
12EE
330
17
100
AcDbEntity
  8
EH2
100
AcDbPolyline
 90
2
 70
0
 10
1323.002447617153
 20
97.05714191344528
 10
1124.5336970737674
 20
97.05714191344528
  0
LWPOLYLINE
  5
12EF
330
17
100
AcDbEntity
  8
EH2
100
AcDbPolyline
 90
2
 70
0
 10
1124.5336970737674
 20
97.05714191344528
 10
1123.538905848649
 20
143.5062871369087
  0
LWPOLYLINE
  5
12F0
330
17
100
AcDbEntity
  8
EH2
100
AcDbPolyline
 90
2
 70
0
 10
1322.0076563920345
 20
143.5062871369087
 10
1323.002447617153
 20
97.05714191344528
  0
LWPOLYLINE
  5
12F1
330
17
100
AcDbEntity
  8
EH2
100
AcDbPolyline
 90
2
 70
0
 10
1323.606213369016
 20
48.94732208251939
 10
1125.1374628256303
 20
48.94732208251939
  0
LWPOLYLINE
  5
12F2
330
17
100
AcDbEntity
  8
EH2
100
AcDbPolyline
 90
2
 70
0
 10
1125.1374628256303
 20
48.94732208251939
 10
1124.5336970737674
 20
97.05714191344528
  0
LWPOLYLINE
  5
12F3
330
17
100
AcDbEntity
  8
EH2
100
AcDbPolyline
 90
2
 70
0
 10
1323.002447617153
 20
97.05714191344528
 10
1323.606213369016
 20
48.94732208251939
  0
LWPOLYLINE
  5
12F4
330
17
100
AcDbEntity
  8
EH2
100
AcDbPolyline
 90
2
 70
0
 10
1323.8086230482133
 20
2.2962127484012872e-14
 10
1125.3398725048278
 20
2.2962127484012872e-14
  0
LWPOLYLINE
  5
12F5
330
17
100
AcDbEntity
  8
EH2
100
AcDbPolyline
 90
2
 70
0
 10
1125.3398725048278
 20
2.2962127484012872e-14
 10
1125.1374628256303
 20
48.94732208251939
  0
LWPOLYLINE
  5
12F6
330
17
100
AcDbEntity
  8
EH2
100
AcDbPolyline
 90
2
 70
0
 10
1323.606213369016
 20
48.94732208251939
 10
1323.8086230482133
 20
2.2962127484012872e-14
  0
LWPOLYLINE
  5
12F7
330
17
100
AcDbEntity
  8
EH2
100
AcDbPolyline
 90
2
 70
0
 10
1323.606213369016
 20
-48.94732208251935
 10
1125.1374628256303
 20
-48.94732208251935
  0
LWPOLYLINE
  5
12F8
330
17
100
AcDbEntity
  8
EH2
100
AcDbPolyline
 90
2
 70
0
 10
1125.1374628256303
 20
-48.94732208251935
 10
1125.3398725048278
 20
2.2962127484012872e-14
  0
LWPOLYLINE
  5
12F9
330
17
100
AcDbEntity
  8
EH2
100
AcDbPolyline
 90
2
 70
0
 10
1323.8086230482133
 20
2.2962127484012872e-14
 10
1323.606213369016
 20
-48.94732208251935
  0
LWPOLYLINE
  5
12FA
330
17
100
AcDbEntity
  8
EH2
100
AcDbPolyline
 90
2
 70
0
 10
1323.002447617153
 20
-97.05714191344524
 10
1124.5336970737674
 20
-97.05714191344524
  0
LWPOLYLINE
  5
12FB
330
17
100
AcDbEntity
  8
EH2
100
AcDbPolyline
 90
2
 70
0
 10
1124.5336970737674
 20
-97.05714191344524
 10
1125.1374628256303
 20
-48.94732208251935
  0
LWPOLYLINE
  5
12FC
330
17
100
AcDbEntity
  8
EH2
100
AcDbPolyline
 90
2
 70
0
 10
1323.606213369016
 20
-48.94732208251935
 10
1323.002447617153
 20
-97.05714191344524
  0
LWPOLYLINE
  5
12FD
330
17
100
AcDbEntity
  8
EH2
100
AcDbPolyline
 90
2
 70
0
 10
1322.0076563920345
 20
-143.50628713690855
 10
1123.538905848649
 20
-143.50628713690855
  0
LWPOLYLINE
  5
12FE
330
17
100
AcDbEntity
  8
EH2
100
AcDbPolyline
 90
2
 70
0
 10
1123.538905848649
 20
-143.50628713690855
 10
1124.5336970737674
 20
-97.05714191344524
  0
LWPOLYLINE
  5
12FF
330
17
100
AcDbEntity
  8
EH2
100
AcDbPolyline
 90
2
 70
0
 10
1323.002447617153
 20
-97.05714191344524
 10
1322.0076563920345
 20
-143.50628713690855
  0
LWPOLYLINE
  5
1300
330
17
100
AcDbEntity
  8
EH2
100
AcDbPolyline
 90
2
 70
0
 10
1320.6388608473305
 20
-187.49999999999991
 10
1122.1701103039452
 20
-187.49999999999991
  0
LWPOLYLINE
  5
1301
330
17
100
AcDbEntity
  8
EH2
100
AcDbPolyline
 90
2
 70
0
 10
1122.1701103039452
 20
-187.49999999999991
 10
1123.538905848649
 20
-143.50628713690855
  0
LWPOLYLINE
  5
1302
330
17
100
AcDbEntity
  8
EH2
100
AcDbPolyline
 90
2
 70
0
 10
1322.0076563920345
 20
-143.50628713690855
 10
1320.6388608473305
 20
-187.49999999999991
  0
LWPOLYLINE
  5
1303
330
17
100
AcDbEntity
  8
EH2
100
AcDbPolyline
 90
2
 70
0
 10
1318.919481454313
 20
-228.28553587827025
 10
1120.4507309109274
 20
-228.28553587827025
  0
LWPOLYLINE
  5
1304
330
17
100
AcDbEntity
  8
EH2
100
AcDbPolyline
 90
2
 70
0
 10
1120.4507309109274
 20
-228.28553587827025
 10
1122.1701103039452
 20
-187.49999999999991
  0
LWPOLYLINE
  5
1305
330
17
100
AcDbEntity
  8
EH2
100
AcDbPolyline
 90
2
 70
0
 10
1320.6388608473305
 20
-187.49999999999991
 10
1318.919481454313
 20
-228.28553587827025
  0
LWPOLYLINE
  5
1306
330
17
100
AcDbEntity
  8
EH2
100
AcDbPolyline
 90
2
 70
0
 10
1316.878937271098
 20
-265.1650429449553
 10
1118.4101867277125
 20
-265.1650429449553
  0
LWPOLYLINE
  5
1307
330
17
100
AcDbEntity
  8
EH2
100
AcDbPolyline
 90
2
 70
0
 10
1118.4101867277125
 20
-265.1650429449553
 10
1120.4507309109274
 20
-228.28553587827025
  0
LWPOLYLINE
  5
1308
330
17
100
AcDbEntity
  8
EH2
100
AcDbPolyline
 90
2
 70
0
 10
1318.919481454313
 20
-228.28553587827025
 10
1316.878937271098
 20
-265.1650429449553
  0
LWPOLYLINE
  5
1309
330
17
100
AcDbEntity
  8
EH2
100
AcDbPolyline
 90
2
 70
0
 10
1314.5521425744064
 20
-297.50750260921313
 10
1116.0833920310208
 20
-297.50750260921313
  0
LWPOLYLINE
  5
130A
330
17
100
AcDbEntity
  8
EH2
100
AcDbPolyline
 90
2
 70
0
 10
1116.0833920310208
 20
-297.50750260921313
 10
1118.4101867277125
 20
-265.1650429449553
  0
LWPOLYLINE
  5
130B
330
17
100
AcDbEntity
  8
EH2
100
AcDbPolyline
 90
2
 70
0
 10
1316.878937271098
 20
-265.1650429449553
 10
1314.5521425744064
 20
-297.50750260921313
  0
LWPOLYLINE
  5
130C
330
17
100
AcDbEntity
  8
EH2
100
AcDbPolyline
 90
2
 70
0
 10
1311.9789094666078
 20
-324.7595264191645
 10
1113.5101589232222
 20
-324.7595264191645
  0
LWPOLYLINE
  5
130D
330
17
100
AcDbEntity
  8
EH2
100
AcDbPolyline
 90
2
 70
0
 10
1113.5101589232222
 20
-324.7595264191645
 10
1116.0833920310208
 20
-297.50750260921313
  0
LWPOLYLINE
  5
130E
330
17
100
AcDbEntity
  8
EH2
100
AcDbPolyline
 90
2
 70
0
 10
1314.5521425744064
 20
-297.50750260921313
 10
1311.9789094666078
 20
-324.7595264191645
  0
LWPOLYLINE
  5
130F
330
17
100
AcDbEntity
  8
EH2
100
AcDbPolyline
 90
2
 70
0
 10
1309.2032666796117
 20
-346.45482469173254
 10
1110.7345161362261
 20
-346.45482469173254
  0
LWPOLYLINE
  5
1310
330
17
100
AcDbEntity
  8
EH2
100
AcDbPolyline
 90
2
 70
0
 10
1110.7345161362261
 20
-346.45482469173254
 10
1113.5101589232222
 20
-324.7595264191645
  0
LWPOLYLINE
  5
1311
330
17
100
AcDbEntity
  8
EH2
100
AcDbPolyline
 90
2
 70
0
 10
1311.9789094666078
 20
-324.7595264191645
 10
1309.2032666796117
 20
-346.45482469173254
  0
LWPOLYLINE
  5
1312
330
17
100
AcDbEntity
  8
EH2
100
AcDbPolyline
 90
2
 70
0
 10
1306.272706231057
 20
-362.22218485840057
 10
1107.8039556876715
 20
-362.22218485840057
  0
LWPOLYLINE
  5
1313
330
17
100
AcDbEntity
  8
EH2
100
AcDbPolyline
 90
2
 70
0
 10
1107.8039556876715
 20
-362.22218485840057
 10
1110.7345161362261
 20
-346.45482469173254
  0
LWPOLYLINE
  5
1314
330
17
100
AcDbEntity
  8
EH2
100
AcDbPolyline
 90
2
 70
0
 10
1309.2032666796117
 20
-346.45482469173254
 10
1306.272706231057
 20
-362.22218485840057
  0
LWPOLYLINE
  5
1315
330
17
100
AcDbEntity
  8
EH2
100
AcDbPolyline
 90
2
 70
0
 10
1303.2373708227237
 20
-371.7918230151789
 10
1104.7686202793382
 20
-371.7918230151789
  0
LWPOLYLINE
  5
1316
330
17
100
AcDbEntity
  8
EH2
100
AcDbPolyline
 90
2
 70
0
 10
1104.7686202793382
 20
-371.7918230151789
 10
1107.8039556876715
 20
-362.22218485840057
  0
LWPOLYLINE
  5
1317
330
17
100
AcDbEntity
  8
EH2
100
AcDbPolyline
 90
2
 70
0
 10
1306.272706231057
 20
-362.22218485840057
 10
1303.2373708227237
 20
-371.7918230151789
  0
LWPOLYLINE
  5
1318
330
17
100
AcDbEntity
  8
EH2
100
AcDbPolyline
 90
2
 70
0
 10
1300.1491958850022
 20
-375.0
 10
1101.6804453416166
 20
-375.0
  0
LWPOLYLINE
  5
1319
330
17
100
AcDbEntity
  8
EH2
100
AcDbPolyline
 90
2
 70
0
 10
1101.6804453416166
 20
-375.0
 10
1104.7686202793382
 20
-371.7918230151789
  0
LWPOLYLINE
  5
131A
330
17
100
AcDbEntity
  8
EH2
100
AcDbPolyline
 90
2
 70
0
 10
1303.2373708227237
 20
-371.7918230151789
 10
1300.1491958850022
 20
-375.0
  0
LWPOLYLINE
  5
131B
330
17
100
AcDbEntity
  8
EH2
100
AcDbPolyline
 90
2
 70
0
 10
1101.6804453416166
 20
-379.0
 10
1101.6804453416166
 20
-375.0
  0
LWPOLYLINE
  5
131C
330
17
100
AcDbEntity
  8
EH2
100
AcDbPolyline
 90
2
 70
0
 10
1300.1491958850022
 20
-375.0
 10
1300.1491958850022
 20
-379.0
  0
LWPOLYLINE
  5
131E
330
17
100
AcDbEntity
  8
D00
100
AcDbPolyline
 90
2
 70
0
 10
237.5
 20
-382.5
 10
237.5
 20
-382.5
  0
LWPOLYLINE
  5
131F
330
17
100
AcDbEntity
  8
D00
100
AcDbPolyline
 90
2
 70
0
 10
262.5
 20
-382.5
 10
262.5
 20
-382.5
  0
LWPOLYLINE
  5
1320
330
17
100
AcDbEntity
  8
D00
100
AcDbPolyline
 90
2
 70
0
 10
237.5
 20
-382.5
 10
262.5
 20
-382.5
  0
LWPOLYLINE
  5
1321
330
17
100
AcDbEntity
  8
D00
100
AcDbPolyline
 90
2
 70
0
 10
262.5
 20
-382.5
 10
237.5
 20
-382.5
  0
LWPOLYLINE
  5
1322
330
17
100
AcDbEntity
  8
D00
100
AcDbPolyline
 90
2
 70
0
 10
262.5
 20
-357.5
 10
262.5
 20
-357.5
  0
LWPOLYLINE
  5
1323
330
17
100
AcDbEntity
  8
D00
100
AcDbPolyline
 90
2
 70
0
 10
262.5
 20
-382.5
 10
262.5
 20
-357.5
  0
LWPOLYLINE
  5
1324
330
17
100
AcDbEntity
  8
D00
100
AcDbPolyline
 90
2
 70
0
 10
262.5
 20
-357.5
 10
262.5
 20
-382.5
  0
LWPOLYLINE
  5
1325
330
17
100
AcDbEntity
  8
D00
100
AcDbPolyline
 90
2
 70
0
 10
237.5
 20
-357.5
 10
237.5
 20
-357.5
  0
LWPOLYLINE
  5
1326
330
17
100
AcDbEntity
  8
D00
100
AcDbPolyline
 90
2
 70
0
 10
262.5
 20
-357.5
 10
237.5
 20
-357.5
  0
LWPOLYLINE
  5
1327
330
17
100
AcDbEntity
  8
D00
100
AcDbPolyline
 90
2
 70
0
 10
237.5
 20
-357.5
 10
262.5
 20
-357.5
  0
LWPOLYLINE
  5
1328
330
17
100
AcDbEntity
  8
D00
100
AcDbPolyline
 90
2
 70
0
 10
237.5
 20
-357.5
 10
237.5
 20
-382.5
  0
LWPOLYLINE
  5
1329
330
17
100
AcDbEntity
  8
D00
100
AcDbPolyline
 90
2
 70
0
 10
237.5
 20
-382.5
 10
237.5
 20
-357.5
  0
LWPOLYLINE
  5
132A
330
17
100
AcDbEntity
  8
D00
100
AcDbPolyline
 90
2
 70
0
 10
239.5
 20
-359.5
 10
239.5
 20
-359.5
  0
LWPOLYLINE
  5
132B
330
17
100
AcDbEntity
  8
D00
100
AcDbPolyline
 90
2
 70
0
 10
239.5
 20
-380.5
 10
239.5
 20
-380.5
  0
LWPOLYLINE
  5
132C
330
17
100
AcDbEntity
  8
D00
100
AcDbPolyline
 90
2
 70
0
 10
239.5
 20
-380.5
 10
239.5
 20
-359.5
  0
LWPOLYLINE
  5
132D
330
17
100
AcDbEntity
  8
D00
100
AcDbPolyline
 90
2
 70
0
 10
239.5
 20
-359.5
 10
239.5
 20
-380.5
  0
LWPOLYLINE
  5
132E
330
17
100
AcDbEntity
  8
D00
100
AcDbPolyline
 90
2
 70
0
 10
260.5
 20
-359.5
 10
260.5
 20
-359.5
  0
LWPOLYLINE
  5
132F
330
17
100
AcDbEntity
  8
D00
100
AcDbPolyline
 90
2
 70
0
 10
239.5
 20
-359.5
 10
260.5
 20
-359.5
  0
LWPOLYLINE
  5
1330
330
17
100
AcDbEntity
  8
D00
100
AcDbPolyline
 90
2
 70
0
 10
260.5
 20
-359.5
 10
239.5
 20
-359.5
  0
LWPOLYLINE
  5
1331
330
17
100
AcDbEntity
  8
D00
100
AcDbPolyline
 90
2
 70
0
 10
260.5
 20
-380.5
 10
260.5
 20
-380.5
  0
LWPOLYLINE
  5
1332
330
17
100
AcDbEntity
  8
D00
100
AcDbPolyline
 90
2
 70
0
 10
260.5
 20
-359.5
 10
260.5
 20
-380.5
  0
LWPOLYLINE
  5
1333
330
17
100
AcDbEntity
  8
D00
100
AcDbPolyline
 90
2
 70
0
 10
260.5
 20
-380.5
 10
260.5
 20
-359.5
  0
LWPOLYLINE
  5
1334
330
17
100
AcDbEntity
  8
D00
100
AcDbPolyline
 90
2
 70
0
 10
260.5
 20
-380.5
 10
239.5
 20
-380.5
  0
LWPOLYLINE
  5
1335
330
17
100
AcDbEntity
  8
D00
100
AcDbPolyline
 90
2
 70
0
 10
239.5
 20
-380.5
 10
260.5
 20
-380.5
  0
LWPOLYLINE
  5
1337
330
17
100
AcDbEntity
  8
D10
100
AcDbPolyline
 90
2
 70
0
 10
240.0
 20
-270.09999999999997
 10
240.0
 20
-370.0
  0
LWPOLYLINE
  5
1338
330
17
100
AcDbEntity
  8
D10
100
AcDbPolyline
 90
2
 70
0
 10
240.0
 20
-370.0
 10
240.0
 20
-270.09999999999997
  0
LWPOLYLINE
  5
1339
330
17
100
AcDbEntity
  8
D10
100
AcDbPolyline
 90
2
 70
0
 10
240.0
 20
-370.0
 10
240.0
 20
-370.0
  0
LWPOLYLINE
  5
133A
330
17
100
AcDbEntity
  8
D10
100
AcDbPolyline
 90
2
 70
0
 10
240.0
 20
-270.09999999999997
 10
240.0
 20
-270.09999999999997
  0
LWPOLYLINE
  5
133B
330
17
100
AcDbEntity
  8
D10
100
AcDbPolyline
 90
2
 70
0
 10
260.0
 20
-370.0
 10
260.0
 20
-270.09999999999997
  0
LWPOLYLINE
  5
133C
330
17
100
AcDbEntity
  8
D10
100
AcDbPolyline
 90
2
 70
0
 10
240.0
 20
-370.0
 10
260.0
 20
-370.0
  0
LWPOLYLINE
  5
133D
330
17
100
AcDbEntity
  8
D10
100
AcDbPolyline
 90
2
 70
0
 10
260.0
 20
-270.09999999999997
 10
240.0
 20
-270.09999999999997
  0
LWPOLYLINE
  5
133E
330
17
100
AcDbEntity
  8
D10
100
AcDbPolyline
 90
2
 70
0
 10
260.0
 20
-370.0
 10
260.0
 20
-270.09999999999997
  0
LWPOLYLINE
  5
133F
330
17
100
AcDbEntity
  8
D10
100
AcDbPolyline
 90
2
 70
0
 10
260.0
 20
-370.0
 10
260.0
 20
-370.0
  0
LWPOLYLINE
  5
1340
330
17
100
AcDbEntity
  8
D10
100
AcDbPolyline
 90
2
 70
0
 10
260.0
 20
-270.09999999999997
 10
260.0
 20
-270.09999999999997
  0
LWPOLYLINE
  5
1341
330
17
100
AcDbEntity
  8
D10
100
AcDbPolyline
 90
2
 70
0
 10
260.0
 20
-370.0
 10
240.0
 20
-370.0
  0
LWPOLYLINE
  5
1342
330
17
100
AcDbEntity
  8
D10
100
AcDbPolyline
 90
2
 70
0
 10
240.0
 20
-270.09999999999997
 10
260.0
 20
-270.09999999999997
  0
LWPOLYLINE
  5
1343
330
17
100
AcDbEntity
  8
D10
100
AcDbPolyline
 90
2
 70
0
 10
258.0
 20
-370.0
 10
258.0
 20
-270.09999999999997
  0
LWPOLYLINE
  5
1344
330
17
100
AcDbEntity
  8
D10
100
AcDbPolyline
 90
2
 70
0
 10
242.0
 20
-270.09999999999997
 10
242.0
 20
-370.0
  0
LWPOLYLINE
  5
1345
330
17
100
AcDbEntity
  8
D10
100
AcDbPolyline
 90
2
 70
0
 10
242.0
 20
-370.0
 10
258.0
 20
-370.0
  0
LWPOLYLINE
  5
1346
330
17
100
AcDbEntity
  8
D10
100
AcDbPolyline
 90
2
 70
0
 10
258.0
 20
-270.09999999999997
 10
242.0
 20
-270.09999999999997
  0
LWPOLYLINE
  5
1347
330
17
100
AcDbEntity
  8
D10
100
AcDbPolyline
 90
2
 70
0
 10
258.0
 20
-370.0
 10
258.0
 20
-270.09999999999997
  0
LWPOLYLINE
  5
1348
330
17
100
AcDbEntity
  8
D10
100
AcDbPolyline
 90
2
 70
0
 10
258.0
 20
-370.0
 10
258.0
 20
-370.0
  0
LWPOLYLINE
  5
1349
330
17
100
AcDbEntity
  8
D10
100
AcDbPolyline
 90
2
 70
0
 10
258.0
 20
-270.09999999999997
 10
258.0
 20
-270.09999999999997
  0
LWPOLYLINE
  5
134A
330
17
100
AcDbEntity
  8
D10
100
AcDbPolyline
 90
2
 70
0
 10
242.0
 20
-370.0
 10
242.0
 20
-270.09999999999997
  0
LWPOLYLINE
  5
134B
330
17
100
AcDbEntity
  8
D10
100
AcDbPolyline
 90
2
 70
0
 10
258.0
 20
-370.0
 10
242.0
 20
-370.0
  0
LWPOLYLINE
  5
134C
330
17
100
AcDbEntity
  8
D10
100
AcDbPolyline
 90
2
 70
0
 10
242.0
 20
-270.09999999999997
 10
258.0
 20
-270.09999999999997
  0
LWPOLYLINE
  5
134D
330
17
100
AcDbEntity
  8
D10
100
AcDbPolyline
 90
2
 70
0
 10
242.0
 20
-370.0
 10
242.0
 20
-370.0
  0
LWPOLYLINE
  5
134E
330
17
100
AcDbEntity
  8
D10
100
AcDbPolyline
 90
2
 70
0
 10
242.0
 20
-270.09999999999997
 10
242.0
 20
-270.09999999999997
  0
LWPOLYLINE
  5
1350
330
17
100
AcDbEntity
  8
D01
100
AcDbPolyline
 90
2
 70
0
 10
237.5
 20
357.5
 10
237.5
 20
357.5
  0
LWPOLYLINE
  5
1351
330
17
100
AcDbEntity
  8
D01
100
AcDbPolyline
 90
2
 70
0
 10
262.5
 20
357.5
 10
262.5
 20
357.5
  0
LWPOLYLINE
  5
1352
330
17
100
AcDbEntity
  8
D01
100
AcDbPolyline
 90
2
 70
0
 10
237.5
 20
357.5
 10
262.5
 20
357.5
  0
LWPOLYLINE
  5
1353
330
17
100
AcDbEntity
  8
D01
100
AcDbPolyline
 90
2
 70
0
 10
262.5
 20
357.5
 10
237.5
 20
357.5
  0
LWPOLYLINE
  5
1354
330
17
100
AcDbEntity
  8
D01
100
AcDbPolyline
 90
2
 70
0
 10
262.5
 20
382.5
 10
262.5
 20
382.5
  0
LWPOLYLINE
  5
1355
330
17
100
AcDbEntity
  8
D01
100
AcDbPolyline
 90
2
 70
0
 10
262.5
 20
357.5
 10
262.5
 20
382.5
  0
LWPOLYLINE
  5
1356
330
17
100
AcDbEntity
  8
D01
100
AcDbPolyline
 90
2
 70
0
 10
262.5
 20
382.5
 10
262.5
 20
357.5
  0
LWPOLYLINE
  5
1357
330
17
100
AcDbEntity
  8
D01
100
AcDbPolyline
 90
2
 70
0
 10
237.5
 20
382.5
 10
237.5
 20
382.5
  0
LWPOLYLINE
  5
1358
330
17
100
AcDbEntity
  8
D01
100
AcDbPolyline
 90
2
 70
0
 10
262.5
 20
382.5
 10
237.5
 20
382.5
  0
LWPOLYLINE
  5
1359
330
17
100
AcDbEntity
  8
D01
100
AcDbPolyline
 90
2
 70
0
 10
237.5
 20
382.5
 10
262.5
 20
382.5
  0
LWPOLYLINE
  5
135A
330
17
100
AcDbEntity
  8
D01
100
AcDbPolyline
 90
2
 70
0
 10
237.5
 20
382.5
 10
237.5
 20
357.5
  0
LWPOLYLINE
  5
135B
330
17
100
AcDbEntity
  8
D01
100
AcDbPolyline
 90
2
 70
0
 10
237.5
 20
357.5
 10
237.5
 20
382.5
  0
LWPOLYLINE
  5
135C
330
17
100
AcDbEntity
  8
D01
100
AcDbPolyline
 90
2
 70
0
 10
239.5
 20
380.5
 10
239.5
 20
380.5
  0
LWPOLYLINE
  5
135D
330
17
100
AcDbEntity
  8
D01
100
AcDbPolyline
 90
2
 70
0
 10
239.5
 20
359.5
 10
239.5
 20
359.5
  0
LWPOLYLINE
  5
135E
330
17
100
AcDbEntity
  8
D01
100
AcDbPolyline
 90
2
 70
0
 10
239.5
 20
359.5
 10
239.5
 20
380.5
  0
LWPOLYLINE
  5
135F
330
17
100
AcDbEntity
  8
D01
100
AcDbPolyline
 90
2
 70
0
 10
239.5
 20
380.5
 10
239.5
 20
359.5
  0
LWPOLYLINE
  5
1360
330
17
100
AcDbEntity
  8
D01
100
AcDbPolyline
 90
2
 70
0
 10
260.5
 20
380.5
 10
260.5
 20
380.5
  0
LWPOLYLINE
  5
1361
330
17
100
AcDbEntity
  8
D01
100
AcDbPolyline
 90
2
 70
0
 10
239.5
 20
380.5
 10
260.5
 20
380.5
  0
LWPOLYLINE
  5
1362
330
17
100
AcDbEntity
  8
D01
100
AcDbPolyline
 90
2
 70
0
 10
260.5
 20
380.5
 10
239.5
 20
380.5
  0
LWPOLYLINE
  5
1363
330
17
100
AcDbEntity
  8
D01
100
AcDbPolyline
 90
2
 70
0
 10
260.5
 20
359.5
 10
260.5
 20
359.5
  0
LWPOLYLINE
  5
1364
330
17
100
AcDbEntity
  8
D01
100
AcDbPolyline
 90
2
 70
0
 10
260.5
 20
380.5
 10
260.5
 20
359.5
  0
LWPOLYLINE
  5
1365
330
17
100
AcDbEntity
  8
D01
100
AcDbPolyline
 90
2
 70
0
 10
260.5
 20
359.5
 10
260.5
 20
380.5
  0
LWPOLYLINE
  5
1366
330
17
100
AcDbEntity
  8
D01
100
AcDbPolyline
 90
2
 70
0
 10
260.5
 20
359.5
 10
239.5
 20
359.5
  0
LWPOLYLINE
  5
1367
330
17
100
AcDbEntity
  8
D01
100
AcDbPolyline
 90
2
 70
0
 10
239.5
 20
359.5
 10
260.5
 20
359.5
  0
LWPOLYLINE
  5
1369
330
17
100
AcDbEntity
  8
D11
100
AcDbPolyline
 90
2
 70
0
 10
240.0
 20
270.09999999999997
 10
240.0
 20
370.0
  0
LWPOLYLINE
  5
136A
330
17
100
AcDbEntity
  8
D11
100
AcDbPolyline
 90
2
 70
0
 10
240.0
 20
370.0
 10
240.0
 20
270.09999999999997
  0
LWPOLYLINE
  5
136B
330
17
100
AcDbEntity
  8
D11
100
AcDbPolyline
 90
2
 70
0
 10
240.0
 20
370.0
 10
240.0
 20
370.0
  0
LWPOLYLINE
  5
136C
330
17
100
AcDbEntity
  8
D11
100
AcDbPolyline
 90
2
 70
0
 10
240.0
 20
270.09999999999997
 10
240.0
 20
270.09999999999997
  0
LWPOLYLINE
  5
136D
330
17
100
AcDbEntity
  8
D11
100
AcDbPolyline
 90
2
 70
0
 10
260.0
 20
370.0
 10
260.0
 20
270.09999999999997
  0
LWPOLYLINE
  5
136E
330
17
100
AcDbEntity
  8
D11
100
AcDbPolyline
 90
2
 70
0
 10
240.0
 20
370.0
 10
260.0
 20
370.0
  0
LWPOLYLINE
  5
136F
330
17
100
AcDbEntity
  8
D11
100
AcDbPolyline
 90
2
 70
0
 10
260.0
 20
270.09999999999997
 10
240.0
 20
270.09999999999997
  0
LWPOLYLINE
  5
1370
330
17
100
AcDbEntity
  8
D11
100
AcDbPolyline
 90
2
 70
0
 10
260.0
 20
370.0
 10
260.0
 20
270.09999999999997
  0
LWPOLYLINE
  5
1371
330
17
100
AcDbEntity
  8
D11
100
AcDbPolyline
 90
2
 70
0
 10
260.0
 20
370.0
 10
260.0
 20
370.0
  0
LWPOLYLINE
  5
1372
330
17
100
AcDbEntity
  8
D11
100
AcDbPolyline
 90
2
 70
0
 10
260.0
 20
270.09999999999997
 10
260.0
 20
270.09999999999997
  0
LWPOLYLINE
  5
1373
330
17
100
AcDbEntity
  8
D11
100
AcDbPolyline
 90
2
 70
0
 10
260.0
 20
370.0
 10
240.0
 20
370.0
  0
LWPOLYLINE
  5
1374
330
17
100
AcDbEntity
  8
D11
100
AcDbPolyline
 90
2
 70
0
 10
240.0
 20
270.09999999999997
 10
260.0
 20
270.09999999999997
  0
LWPOLYLINE
  5
1375
330
17
100
AcDbEntity
  8
D11
100
AcDbPolyline
 90
2
 70
0
 10
258.0
 20
370.0
 10
258.0
 20
270.09999999999997
  0
LWPOLYLINE
  5
1376
330
17
100
AcDbEntity
  8
D11
100
AcDbPolyline
 90
2
 70
0
 10
242.0
 20
270.09999999999997
 10
242.0
 20
370.0
  0
LWPOLYLINE
  5
1377
330
17
100
AcDbEntity
  8
D11
100
AcDbPolyline
 90
2
 70
0
 10
242.0
 20
370.0
 10
258.0
 20
370.0
  0
LWPOLYLINE
  5
1378
330
17
100
AcDbEntity
  8
D11
100
AcDbPolyline
 90
2
 70
0
 10
258.0
 20
270.09999999999997
 10
242.0
 20
270.09999999999997
  0
LWPOLYLINE
  5
1379
330
17
100
AcDbEntity
  8
D11
100
AcDbPolyline
 90
2
 70
0
 10
258.0
 20
370.0
 10
258.0
 20
270.09999999999997
  0
LWPOLYLINE
  5
137A
330
17
100
AcDbEntity
  8
D11
100
AcDbPolyline
 90
2
 70
0
 10
258.0
 20
370.0
 10
258.0
 20
370.0
  0
LWPOLYLINE
  5
137B
330
17
100
AcDbEntity
  8
D11
100
AcDbPolyline
 90
2
 70
0
 10
258.0
 20
270.09999999999997
 10
258.0
 20
270.09999999999997
  0
LWPOLYLINE
  5
137C
330
17
100
AcDbEntity
  8
D11
100
AcDbPolyline
 90
2
 70
0
 10
242.0
 20
370.0
 10
242.0
 20
270.09999999999997
  0
LWPOLYLINE
  5
137D
330
17
100
AcDbEntity
  8
D11
100
AcDbPolyline
 90
2
 70
0
 10
258.0
 20
370.0
 10
242.0
 20
370.0
  0
LWPOLYLINE
  5
137E
330
17
100
AcDbEntity
  8
D11
100
AcDbPolyline
 90
2
 70
0
 10
242.0
 20
270.09999999999997
 10
258.0
 20
270.09999999999997
  0
LWPOLYLINE
  5
137F
330
17
100
AcDbEntity
  8
D11
100
AcDbPolyline
 90
2
 70
0
 10
242.0
 20
370.0
 10
242.0
 20
370.0
  0
LWPOLYLINE
  5
1380
330
17
100
AcDbEntity
  8
D11
100
AcDbPolyline
 90
2
 70
0
 10
242.0
 20
270.09999999999997
 10
242.0
 20
270.09999999999997
  0
LWPOLYLINE
  5
1382
330
17
100
AcDbEntity
  8
D20
100
AcDbPolyline
 90
2
 70
0
 10
-15.0
 20
-300.0
 10
-15.0
 20
-300.0
  0
LWPOLYLINE
  5
1383
330
17
100
AcDbEntity
  8
D20
100
AcDbPolyline
 90
2
 70
0
 10
-15.0
 20
-300.0
 10
-15.0
 20
300.0
  0
LWPOLYLINE
  5
1384
330
17
100
AcDbEntity
  8
D20
100
AcDbPolyline
 90
2
 70
0
 10
-15.0
 20
300.0
 10
-15.0
 20
300.0
  0
LWPOLYLINE
  5
1385
330
17
100
AcDbEntity
  8
D20
100
AcDbPolyline
 90
2
 70
0
 10
-15.0
 20
300.0
 10
-15.0
 20
-300.0
  0
LWPOLYLINE
  5
1386
330
17
100
AcDbEntity
  8
D20
100
AcDbPolyline
 90
2
 70
0
 10
-15.0
 20
-300.0
 10
445.0
 20
-300.0
  0
LWPOLYLINE
  5
1387
330
17
100
AcDbEntity
  8
D20
100
AcDbPolyline
 90
2
 70
0
 10
445.0
 20
-300.0
 10
445.0
 20
-300.0
  0
LWPOLYLINE
  5
1388
330
17
100
AcDbEntity
  8
D20
100
AcDbPolyline
 90
2
 70
0
 10
445.0
 20
-300.0
 10
-15.0
 20
-300.0
  0
LWPOLYLINE
  5
1389
330
17
100
AcDbEntity
  8
D20
100
AcDbPolyline
 90
2
 70
0
 10
445.0
 20
300.0
 10
-15.0
 20
300.0
  0
LWPOLYLINE
  5
138A
330
17
100
AcDbEntity
  8
D20
100
AcDbPolyline
 90
2
 70
0
 10
445.0
 20
-300.0
 10
445.0
 20
300.0
  0
LWPOLYLINE
  5
138B
330
17
100
AcDbEntity
  8
D20
100
AcDbPolyline
 90
2
 70
0
 10
395.0
 20
-234.0
 10
75.0
 20
-234.0
  0
LWPOLYLINE
  5
138C
330
17
100
AcDbEntity
  8
D20
100
AcDbPolyline
 90
2
 70
0
 10
395.0
 20
-206.0
 10
395.0
 20
-234.0
  0
LWPOLYLINE
  5
138D
330
17
100
AcDbEntity
  8
D20
100
AcDbPolyline
 90
2
 70
0
 10
75.0
 20
-234.0
 10
75.0
 20
-206.0
  0
LWPOLYLINE
  5
138E
330
17
100
AcDbEntity
  8
D20
100
AcDbPolyline
 90
2
 70
0
 10
75.0
 20
-206.0
 10
395.0
 20
-206.0
  0
LWPOLYLINE
  5
138F
330
17
100
AcDbEntity
  8
D20
100
AcDbPolyline
 90
2
 70
0
 10
395.0
 20
-184.0
 10
75.0
 20
-184.0
  0
LWPOLYLINE
  5
1390
330
17
100
AcDbEntity
  8
D20
100
AcDbPolyline
 90
2
 70
0
 10
395.0
 20
-156.0
 10
395.0
 20
-184.0
  0
LWPOLYLINE
  5
1391
330
17
100
AcDbEntity
  8
D20
100
AcDbPolyline
 90
2
 70
0
 10
75.0
 20
-184.0
 10
75.0
 20
-156.0
  0
LWPOLYLINE
  5
1392
330
17
100
AcDbEntity
  8
D20
100
AcDbPolyline
 90
2
 70
0
 10
75.0
 20
-156.0
 10
395.0
 20
-156.0
  0
LWPOLYLINE
  5
1393
330
17
100
AcDbEntity
  8
D20
100
AcDbPolyline
 90
2
 70
0
 10
395.0
 20
156.0
 10
75.0
 20
156.0
  0
LWPOLYLINE
  5
1394
330
17
100
AcDbEntity
  8
D20
100
AcDbPolyline
 90
2
 70
0
 10
395.0
 20
184.0
 10
395.0
 20
156.0
  0
LWPOLYLINE
  5
1395
330
17
100
AcDbEntity
  8
D20
100
AcDbPolyline
 90
2
 70
0
 10
75.0
 20
156.0
 10
75.0
 20
184.0
  0
LWPOLYLINE
  5
1396
330
17
100
AcDbEntity
  8
D20
100
AcDbPolyline
 90
2
 70
0
 10
75.0
 20
184.0
 10
395.0
 20
184.0
  0
LWPOLYLINE
  5
1397
330
17
100
AcDbEntity
  8
D20
100
AcDbPolyline
 90
2
 70
0
 10
395.0
 20
206.0
 10
75.0
 20
206.0
  0
LWPOLYLINE
  5
1398
330
17
100
AcDbEntity
  8
D20
100
AcDbPolyline
 90
2
 70
0
 10
395.0
 20
234.0
 10
395.0
 20
206.0
  0
LWPOLYLINE
  5
1399
330
17
100
AcDbEntity
  8
D20
100
AcDbPolyline
 90
2
 70
0
 10
75.0
 20
234.0
 10
395.0
 20
234.0
  0
LWPOLYLINE
  5
139A
330
17
100
AcDbEntity
  8
D20
100
AcDbPolyline
 90
2
 70
0
 10
75.0
 20
206.0
 10
75.0
 20
234.0
  0
LWPOLYLINE
  5
139B
330
17
100
AcDbEntity
  8
D20
100
AcDbPolyline
 90
2
 70
0
 10
445.0
 20
300.0
 10
-15.0
 20
300.0
  0
LWPOLYLINE
  5
139C
330
17
100
AcDbEntity
  8
D20
100
AcDbPolyline
 90
2
 70
0
 10
445.0
 20
300.0
 10
445.0
 20
300.0
  0
LWPOLYLINE
  5
139D
330
17
100
AcDbEntity
  8
D20
100
AcDbPolyline
 90
2
 70
0
 10
445.0
 20
300.0
 10
445.0
 20
-300.0
  0
LWPOLYLINE
  5
139E
330
17
100
AcDbEntity
  8
D20
100
AcDbPolyline
 90
2
 70
0
 10
75.0
 20
-234.0
 10
395.0
 20
-234.0
  0
LWPOLYLINE
  5
139F
330
17
100
AcDbEntity
  8
D20
100
AcDbPolyline
 90
2
 70
0
 10
395.0
 20
-234.0
 10
395.0
 20
-206.0
  0
LWPOLYLINE
  5
13A0
330
17
100
AcDbEntity
  8
D20
100
AcDbPolyline
 90
2
 70
0
 10
75.0
 20
-206.0
 10
75.0
 20
-234.0
  0
LWPOLYLINE
  5
13A1
330
17
100
AcDbEntity
  8
D20
100
AcDbPolyline
 90
2
 70
0
 10
395.0
 20
-206.0
 10
75.0
 20
-206.0
  0
LWPOLYLINE
  5
13A2
330
17
100
AcDbEntity
  8
D20
100
AcDbPolyline
 90
2
 70
0
 10
75.0
 20
-184.0
 10
395.0
 20
-184.0
  0
LWPOLYLINE
  5
13A3
330
17
100
AcDbEntity
  8
D20
100
AcDbPolyline
 90
2
 70
0
 10
395.0
 20
-184.0
 10
395.0
 20
-156.0
  0
LWPOLYLINE
  5
13A4
330
17
100
AcDbEntity
  8
D20
100
AcDbPolyline
 90
2
 70
0
 10
75.0
 20
-156.0
 10
75.0
 20
-184.0
  0
LWPOLYLINE
  5
13A5
330
17
100
AcDbEntity
  8
D20
100
AcDbPolyline
 90
2
 70
0
 10
395.0
 20
-156.0
 10
75.0
 20
-156.0
  0
LWPOLYLINE
  5
13A6
330
17
100
AcDbEntity
  8
D20
100
AcDbPolyline
 90
2
 70
0
 10
75.0
 20
156.0
 10
395.0
 20
156.0
  0
LWPOLYLINE
  5
13A7
330
17
100
AcDbEntity
  8
D20
100
AcDbPolyline
 90
2
 70
0
 10
395.0
 20
156.0
 10
395.0
 20
184.0
  0
LWPOLYLINE
  5
13A8
330
17
100
AcDbEntity
  8
D20
100
AcDbPolyline
 90
2
 70
0
 10
75.0
 20
184.0
 10
75.0
 20
156.0
  0
LWPOLYLINE
  5
13A9
330
17
100
AcDbEntity
  8
D20
100
AcDbPolyline
 90
2
 70
0
 10
395.0
 20
184.0
 10
75.0
 20
184.0
  0
LWPOLYLINE
  5
13AA
330
17
100
AcDbEntity
  8
D20
100
AcDbPolyline
 90
2
 70
0
 10
75.0
 20
206.0
 10
395.0
 20
206.0
  0
LWPOLYLINE
  5
13AB
330
17
100
AcDbEntity
  8
D20
100
AcDbPolyline
 90
2
 70
0
 10
395.0
 20
206.0
 10
395.0
 20
234.0
  0
LWPOLYLINE
  5
13AC
330
17
100
AcDbEntity
  8
D20
100
AcDbPolyline
 90
2
 70
0
 10
395.0
 20
234.0
 10
75.0
 20
234.0
  0
LWPOLYLINE
  5
13AD
330
17
100
AcDbEntity
  8
D20
100
AcDbPolyline
 90
2
 70
0
 10
75.0
 20
234.0
 10
75.0
 20
206.0
  0
LWPOLYLINE
  5
13AE
330
17
100
AcDbEntity
  8
D20
100
AcDbPolyline
 90
2
 70
0
 10
395.0
 20
-234.0
 10
395.0
 20
-234.0
  0
LWPOLYLINE
  5
13AF
330
17
100
AcDbEntity
  8
D20
100
AcDbPolyline
 90
2
 70
0
 10
75.0
 20
-234.0
 10
75.0
 20
-234.0
  0
LWPOLYLINE
  5
13B0
330
17
100
AcDbEntity
  8
D20
100
AcDbPolyline
 90
2
 70
0
 10
395.0
 20
-206.0
 10
395.0
 20
-206.0
  0
LWPOLYLINE
  5
13B1
330
17
100
AcDbEntity
  8
D20
100
AcDbPolyline
 90
2
 70
0
 10
75.0
 20
-206.0
 10
75.0
 20
-206.0
  0
LWPOLYLINE
  5
13B2
330
17
100
AcDbEntity
  8
D20
100
AcDbPolyline
 90
2
 70
0
 10
395.0
 20
-184.0
 10
395.0
 20
-184.0
  0
LWPOLYLINE
  5
13B3
330
17
100
AcDbEntity
  8
D20
100
AcDbPolyline
 90
2
 70
0
 10
75.0
 20
-184.0
 10
75.0
 20
-184.0
  0
LWPOLYLINE
  5
13B4
330
17
100
AcDbEntity
  8
D20
100
AcDbPolyline
 90
2
 70
0
 10
395.0
 20
-156.0
 10
395.0
 20
-156.0
  0
LWPOLYLINE
  5
13B5
330
17
100
AcDbEntity
  8
D20
100
AcDbPolyline
 90
2
 70
0
 10
75.0
 20
-156.0
 10
75.0
 20
-156.0
  0
LWPOLYLINE
  5
13B6
330
17
100
AcDbEntity
  8
D20
100
AcDbPolyline
 90
2
 70
0
 10
395.0
 20
156.0
 10
395.0
 20
156.0
  0
LWPOLYLINE
  5
13B7
330
17
100
AcDbEntity
  8
D20
100
AcDbPolyline
 90
2
 70
0
 10
75.0
 20
156.0
 10
75.0
 20
156.0
  0
LWPOLYLINE
  5
13B8
330
17
100
AcDbEntity
  8
D20
100
AcDbPolyline
 90
2
 70
0
 10
395.0
 20
184.0
 10
395.0
 20
184.0
  0
LWPOLYLINE
  5
13B9
330
17
100
AcDbEntity
  8
D20
100
AcDbPolyline
 90
2
 70
0
 10
75.0
 20
184.0
 10
75.0
 20
184.0
  0
LWPOLYLINE
  5
13BA
330
17
100
AcDbEntity
  8
D20
100
AcDbPolyline
 90
2
 70
0
 10
395.0
 20
206.0
 10
395.0
 20
206.0
  0
LWPOLYLINE
  5
13BB
330
17
100
AcDbEntity
  8
D20
100
AcDbPolyline
 90
2
 70
0
 10
75.0
 20
206.0
 10
75.0
 20
206.0
  0
LWPOLYLINE
  5
13BC
330
17
100
AcDbEntity
  8
D20
100
AcDbPolyline
 90
2
 70
0
 10
395.0
 20
234.0
 10
395.0
 20
234.0
  0
LWPOLYLINE
  5
13BD
330
17
100
AcDbEntity
  8
D20
100
AcDbPolyline
 90
2
 70
0
 10
75.0
 20
234.0
 10
75.0
 20
234.0
  0
LWPOLYLINE
  5
13BF
330
17
100
AcDbEntity
  8
D21
100
AcDbPolyline
 90
2
 70
0
 10
90.0
 20
-195.0
 10
90.0
 20
-195.0
  0
LWPOLYLINE
  5
13C0
330
17
100
AcDbEntity
  8
D21
100
AcDbPolyline
 90
2
 70
0
 10
90.0
 20
-195.0
 10
90.0
 20
195.0
  0
LWPOLYLINE
  5
13C1
330
17
100
AcDbEntity
  8
D21
100
AcDbPolyline
 90
2
 70
0
 10
90.0
 20
195.0
 10
90.0
 20
195.0
  0
LWPOLYLINE
  5
13C2
330
17
100
AcDbEntity
  8
D21
100
AcDbPolyline
 90
2
 70
0
 10
90.0
 20
195.0
 10
90.0
 20
-195.0
  0
LWPOLYLINE
  5
13C3
330
17
100
AcDbEntity
  8
D21
100
AcDbPolyline
 90
2
 70
0
 10
380.0
 20
-195.0
 10
380.0
 20
-195.0
  0
LWPOLYLINE
  5
13C4
330
17
100
AcDbEntity
  8
D21
100
AcDbPolyline
 90
2
 70
0
 10
380.0
 20
195.0
 10
380.0
 20
-195.0
  0
LWPOLYLINE
  5
13C5
330
17
100
AcDbEntity
  8
D21
100
AcDbPolyline
 90
2
 70
0
 10
380.0
 20
195.0
 10
380.0
 20
195.0
  0
LWPOLYLINE
  5
13C6
330
17
100
AcDbEntity
  8
D21
100
AcDbPolyline
 90
2
 70
0
 10
380.0
 20
-195.0
 10
380.0
 20
195.0
  0
LWPOLYLINE
  5
13C7
330
17
100
AcDbEntity
  8
D21
100
AcDbPolyline
 90
2
 70
0
 10
90.0
 20
-195.0
 10
380.0
 20
-195.0
  0
LWPOLYLINE
  5
13C8
330
17
100
AcDbEntity
  8
D21
100
AcDbPolyline
 90
2
 70
0
 10
380.0
 20
-195.0
 10
90.0
 20
-195.0
  0
LWPOLYLINE
  5
13C9
330
17
100
AcDbEntity
  8
D21
100
AcDbPolyline
 90
2
 70
0
 10
380.0
 20
195.0
 10
90.0
 20
195.0
  0
LWPOLYLINE
  5
13CA
330
17
100
AcDbEntity
  8
D21
100
AcDbPolyline
 90
2
 70
0
 10
90.0
 20
195.0
 10
380.0
 20
195.0
  0
LWPOLYLINE
  5
13CC
330
17
100
AcDbEntity
  8
D22
100
AcDbPolyline
 90
2
 70
0
 10
384.13111439559714
 20
-195.0
 10
334.2323085993349
 20
-195.0
  0
LWPOLYLINE
  5
13CD
330
17
100
AcDbEntity
  8
D22
100
AcDbPolyline
 90
2
 70
0
 10
334.2323085993349
 20
-195.0
 10
334.2323085993349
 20
195.0
  0
LWPOLYLINE
  5
13CE
330
17
100
AcDbEntity
  8
D22
100
AcDbPolyline
 90
2
 70
0
 10
334.2323085993349
 20
195.0
 10
384.13111439559714
 20
195.0
  0
LWPOLYLINE
  5
13CF
330
17
100
AcDbEntity
  8
D22
100
AcDbPolyline
 90
2
 70
0
 10
384.13111439559714
 20
195.0
 10
384.13111439559714
 20
-195.0
  0
LWPOLYLINE
  5
13D0
330
17
100
AcDbEntity
  8
D22
100
AcDbPolyline
 90
2
 70
0
 10
345.97007980814055
 20
-195.0
 10
395.8688856044028
 20
-195.0
  0
LWPOLYLINE
  5
13D1
330
17
100
AcDbEntity
  8
D22
100
AcDbPolyline
 90
2
 70
0
 10
345.97007980814055
 20
195.0
 10
345.97007980814055
 20
-195.0
  0
LWPOLYLINE
  5
13D2
330
17
100
AcDbEntity
  8
D22
100
AcDbPolyline
 90
2
 70
0
 10
395.8688856044028
 20
195.0
 10
345.97007980814055
 20
195.0
  0
LWPOLYLINE
  5
13D3
330
17
100
AcDbEntity
  8
D22
100
AcDbPolyline
 90
2
 70
0
 10
395.8688856044028
 20
-195.0
 10
395.8688856044028
 20
195.0
  0
LWPOLYLINE
  5
13D4
330
17
100
AcDbEntity
  8
D22
100
AcDbPolyline
 90
2
 70
0
 10
384.13111439559714
 20
-195.0
 10
395.8688856044028
 20
-195.0
  0
LWPOLYLINE
  5
13D5
330
17
100
AcDbEntity
  8
D22
100
AcDbPolyline
 90
2
 70
0
 10
345.97007980814055
 20
-195.0
 10
334.2323085993349
 20
-195.0
  0
LWPOLYLINE
  5
13D6
330
17
100
AcDbEntity
  8
D22
100
AcDbPolyline
 90
2
 70
0
 10
395.8688856044028
 20
195.0
 10
384.13111439559714
 20
195.0
  0
LWPOLYLINE
  5
13D7
330
17
100
AcDbEntity
  8
D22
100
AcDbPolyline
 90
2
 70
0
 10
334.2323085993349
 20
195.0
 10
345.97007980814055
 20
195.0
  0
LWPOLYLINE
  5
13D9
330
17
100
AcDbEntity
  8
D23
100
AcDbPolyline
 90
2
 70
0
 10
-20.0
 20
-345.0
 10
360.0
 20
-345.0
  0
LWPOLYLINE
  5
13DA
330
17
100
AcDbEntity
  8
D23
100
AcDbPolyline
 90
2
 70
0
 10
360.0
 20
-342.04847717396456
 10
-20.0
 20
-342.04847717396456
  0
LWPOLYLINE
  5
13DB
330
17
100
AcDbEntity
  8
D23
100
AcDbPolyline
 90
2
 70
0
 10
-20.0
 20
-342.04847717396456
 10
-20.0
 20
-345.0
  0
LWPOLYLINE
  5
13DC
330
17
100
AcDbEntity
  8
D23
100
AcDbPolyline
 90
2
 70
0
 10
360.0
 20
-345.0
 10
360.0
 20
-342.04847717396456
  0
LWPOLYLINE
  5
13DD
330
17
100
AcDbEntity
  8
D23
100
AcDbPolyline
 90
2
 70
0
 10
360.0
 20
-333.24441006972853
 10
-20.0
 20
-333.24441006972853
  0
LWPOLYLINE
  5
13DE
330
17
100
AcDbEntity
  8
D23
100
AcDbPolyline
 90
2
 70
0
 10
-20.0
 20
-333.24441006972853
 10
-20.0
 20
-342.04847717396456
  0
LWPOLYLINE
  5
13DF
330
17
100
AcDbEntity
  8
D23
100
AcDbPolyline
 90
2
 70
0
 10
360.0
 20
-342.04847717396456
 10
360.0
 20
-333.24441006972853
  0
LWPOLYLINE
  5
13E0
330
17
100
AcDbEntity
  8
D23
100
AcDbPolyline
 90
2
 70
0
 10
360.0
 20
-318.73843871639394
 10
-20.0
 20
-318.73843871639394
  0
LWPOLYLINE
  5
13E1
330
17
100
AcDbEntity
  8
D23
100
AcDbPolyline
 90
2
 70
0
 10
-20.0
 20
-318.73843871639394
 10
-20.0
 20
-333.24441006972853
  0
LWPOLYLINE
  5
13E2
330
17
100
AcDbEntity
  8
D23
100
AcDbPolyline
 90
2
 70
0
 10
360.0
 20
-333.24441006972853
 10
360.0
 20
-318.73843871639394
  0
LWPOLYLINE
  5
13E3
330
17
100
AcDbEntity
  8
D23
100
AcDbPolyline
 90
2
 70
0
 10
360.0
 20
-298.77876430563134
 10
-20.0
 20
-298.77876430563134
  0
LWPOLYLINE
  5
13E4
330
17
100
AcDbEntity
  8
D23
100
AcDbPolyline
 90
2
 70
0
 10
-20.0
 20
-298.77876430563134
 10
-20.0
 20
-318.73843871639394
  0
LWPOLYLINE
  5
13E5
330
17
100
AcDbEntity
  8
D23
100
AcDbPolyline
 90
2
 70
0
 10
360.0
 20
-318.73843871639394
 10
360.0
 20
-298.77876430563134
  0
LWPOLYLINE
  5
13E6
330
17
100
AcDbEntity
  8
D23
100
AcDbPolyline
 90
2
 70
0
 10
360.0
 20
-273.7069024004761
 10
-20.0
 20
-273.7069024004761
  0
LWPOLYLINE
  5
13E7
330
17
100
AcDbEntity
  8
D23
100
AcDbPolyline
 90
2
 70
0
 10
-20.0
 20
-273.7069024004761
 10
-20.0
 20
-298.77876430563134
  0
LWPOLYLINE
  5
13E8
330
17
100
AcDbEntity
  8
D23
100
AcDbPolyline
 90
2
 70
0
 10
360.0
 20
-298.77876430563134
 10
360.0
 20
-273.7069024004761
  0
LWPOLYLINE
  5
13E9
330
17
100
AcDbEntity
  8
D23
100
AcDbPolyline
 90
2
 70
0
 10
360.0
 20
-243.95183950935888
 10
-20.0
 20
-243.95183950935888
  0
LWPOLYLINE
  5
13EA
330
17
100
AcDbEntity
  8
D23
100
AcDbPolyline
 90
2
 70
0
 10
-20.0
 20
-243.95183950935888
 10
-20.0
 20
-273.7069024004761
  0
LWPOLYLINE
  5
13EB
330
17
100
AcDbEntity
  8
D23
100
AcDbPolyline
 90
2
 70
0
 10
360.0
 20
-273.7069024004761
 10
360.0
 20
-243.95183950935888
  0
LWPOLYLINE
  5
13EC
330
17
100
AcDbEntity
  8
D23
100
AcDbPolyline
 90
2
 70
0
 10
360.0
 20
-210.02269300800862
 10
-20.0
 20
-210.02269300800862
  0
LWPOLYLINE
  5
13ED
330
17
100
AcDbEntity
  8
D23
100
AcDbPolyline
 90
2
 70
0
 10
-20.0
 20
-210.02269300800862
 10
-20.0
 20
-243.95183950935888
  0
LWPOLYLINE
  5
13EE
330
17
100
AcDbEntity
  8
D23
100
AcDbPolyline
 90
2
 70
0
 10
360.0
 20
-243.95183950935888
 10
360.0
 20
-210.02269300800862
  0
LWPOLYLINE
  5
13EF
330
17
100
AcDbEntity
  8
D23
100
AcDbPolyline
 90
2
 70
0
 10
360.0
 20
-172.50000000000009
 10
-20.0
 20
-172.50000000000009
  0
LWPOLYLINE
  5
13F0
330
17
100
AcDbEntity
  8
D23
100
AcDbPolyline
 90
2
 70
0
 10
-20.0
 20
-172.50000000000009
 10
-20.0
 20
-210.02269300800862
  0
LWPOLYLINE
  5
13F1
330
17
100
AcDbEntity
  8
D23
100
AcDbPolyline
 90
2
 70
0
 10
360.0
 20
-210.02269300800862
 10
360.0
 20
-172.50000000000009
  0
LWPOLYLINE
  5
13F2
330
17
100
AcDbEntity
  8
D23
100
AcDbPolyline
 90
2
 70
0
 10
360.0
 20
-132.02578416595597
 10
-20.0
 20
-132.02578416595597
  0
LWPOLYLINE
  5
13F3
330
17
100
AcDbEntity
  8
D23
100
AcDbPolyline
 90
2
 70
0
 10
-20.0
 20
-132.02578416595597
 10
-20.0
 20
-172.50000000000009
  0
LWPOLYLINE
  5
13F4
330
17
100
AcDbEntity
  8
D23
100
AcDbPolyline
 90
2
 70
0
 10
360.0
 20
-172.50000000000009
 10
360.0
 20
-132.02578416595597
  0
LWPOLYLINE
  5
13F5
330
17
100
AcDbEntity
  8
D23
100
AcDbPolyline
 90
2
 70
0
 10
360.0
 20
-89.29257056036961
 10
-20.0
 20
-89.29257056036961
  0
LWPOLYLINE
  5
13F6
330
17
100
AcDbEntity
  8
D23
100
AcDbPolyline
 90
2
 70
0
 10
-20.0
 20
-89.29257056036961
 10
-20.0
 20
-132.02578416595597
  0
LWPOLYLINE
  5
13F7
330
17
100
AcDbEntity
  8
D23
100
AcDbPolyline
 90
2
 70
0
 10
360.0
 20
-132.02578416595597
 10
360.0
 20
-89.29257056036961
  0
LWPOLYLINE
  5
13F8
330
17
100
AcDbEntity
  8
D23
100
AcDbPolyline
 90
2
 70
0
 10
360.0
 20
-45.031536315917805
 10
-20.0
 20
-45.031536315917805
  0
LWPOLYLINE
  5
13F9
330
17
100
AcDbEntity
  8
D23
100
AcDbPolyline
 90
2
 70
0
 10
-20.0
 20
-45.031536315917805
 10
-20.0
 20
-89.29257056036961
  0
LWPOLYLINE
  5
13FA
330
17
100
AcDbEntity
  8
D23
100
AcDbPolyline
 90
2
 70
0
 10
360.0
 20
-89.29257056036961
 10
360.0
 20
-45.031536315917805
  0
LWPOLYLINE
  5
13FB
330
17
100
AcDbEntity
  8
D23
100
AcDbPolyline
 90
2
 70
0
 10
360.0
 20
2.112515728529184e-14
 10
-20.0
 20
2.112515728529184e-14
  0
LWPOLYLINE
  5
13FC
330
17
100
AcDbEntity
  8
D23
100
AcDbPolyline
 90
2
 70
0
 10
-20.0
 20
2.112515728529184e-14
 10
-20.0
 20
-45.031536315917805
  0
LWPOLYLINE
  5
13FD
330
17
100
AcDbEntity
  8
D23
100
AcDbPolyline
 90
2
 70
0
 10
360.0
 20
-45.031536315917805
 10
360.0
 20
2.112515728529184e-14
  0
LWPOLYLINE
  5
13FE
330
17
100
AcDbEntity
  8
D23
100
AcDbPolyline
 90
2
 70
0
 10
360.0
 20
45.03153631591784
 10
-20.0
 20
45.03153631591784
  0
LWPOLYLINE
  5
13FF
330
17
100
AcDbEntity
  8
D23
100
AcDbPolyline
 90
2
 70
0
 10
-20.0
 20
45.03153631591784
 10
-20.0
 20
2.112515728529184e-14
  0
LWPOLYLINE
  5
1400
330
17
100
AcDbEntity
  8
D23
100
AcDbPolyline
 90
2
 70
0
 10
360.0
 20
2.112515728529184e-14
 10
360.0
 20
45.03153631591784
  0
LWPOLYLINE
  5
1401
330
17
100
AcDbEntity
  8
D23
100
AcDbPolyline
 90
2
 70
0
 10
360.0
 20
89.29257056036965
 10
-20.0
 20
89.29257056036965
  0
LWPOLYLINE
  5
1402
330
17
100
AcDbEntity
  8
D23
100
AcDbPolyline
 90
2
 70
0
 10
-20.0
 20
89.29257056036965
 10
-20.0
 20
45.03153631591784
  0
LWPOLYLINE
  5
1403
330
17
100
AcDbEntity
  8
D23
100
AcDbPolyline
 90
2
 70
0
 10
360.0
 20
45.03153631591784
 10
360.0
 20
89.29257056036965
  0
LWPOLYLINE
  5
1404
330
17
100
AcDbEntity
  8
D23
100
AcDbPolyline
 90
2
 70
0
 10
360.0
 20
132.0257841659559
 10
-20.0
 20
132.0257841659559
  0
LWPOLYLINE
  5
1405
330
17
100
AcDbEntity
  8
D23
100
AcDbPolyline
 90
2
 70
0
 10
-20.0
 20
132.0257841659559
 10
-20.0
 20
89.29257056036965
  0
LWPOLYLINE
  5
1406
330
17
100
AcDbEntity
  8
D23
100
AcDbPolyline
 90
2
 70
0
 10
360.0
 20
89.29257056036965
 10
360.0
 20
132.0257841659559
  0
LWPOLYLINE
  5
1407
330
17
100
AcDbEntity
  8
D23
100
AcDbPolyline
 90
2
 70
0
 10
360.0
 20
172.49999999999997
 10
-20.0
 20
172.49999999999997
  0
LWPOLYLINE
  5
1408
330
17
100
AcDbEntity
  8
D23
100
AcDbPolyline
 90
2
 70
0
 10
-20.0
 20
172.49999999999997
 10
-20.0
 20
132.0257841659559
  0
LWPOLYLINE
  5
1409
330
17
100
AcDbEntity
  8
D23
100
AcDbPolyline
 90
2
 70
0
 10
360.0
 20
132.0257841659559
 10
360.0
 20
172.49999999999997
  0
LWPOLYLINE
  5
140A
330
17
100
AcDbEntity
  8
D23
100
AcDbPolyline
 90
2
 70
0
 10
360.0
 20
210.02269300800867
 10
-20.0
 20
210.02269300800867
  0
LWPOLYLINE
  5
140B
330
17
100
AcDbEntity
  8
D23
100
AcDbPolyline
 90
2
 70
0
 10
-20.0
 20
210.02269300800867
 10
-20.0
 20
172.49999999999997
  0
LWPOLYLINE
  5
140C
330
17
100
AcDbEntity
  8
D23
100
AcDbPolyline
 90
2
 70
0
 10
360.0
 20
172.49999999999997
 10
360.0
 20
210.02269300800867
  0
LWPOLYLINE
  5
140D
330
17
100
AcDbEntity
  8
D23
100
AcDbPolyline
 90
2
 70
0
 10
360.0
 20
243.9518395093589
 10
-20.0
 20
243.9518395093589
  0
LWPOLYLINE
  5
140E
330
17
100
AcDbEntity
  8
D23
100
AcDbPolyline
 90
2
 70
0
 10
-20.0
 20
243.9518395093589
 10
-20.0
 20
210.02269300800867
  0
LWPOLYLINE
  5
140F
330
17
100
AcDbEntity
  8
D23
100
AcDbPolyline
 90
2
 70
0
 10
360.0
 20
210.02269300800867
 10
360.0
 20
243.9518395093589
  0
LWPOLYLINE
  5
1410
330
17
100
AcDbEntity
  8
D23
100
AcDbPolyline
 90
2
 70
0
 10
360.0
 20
273.7069024004761
 10
-20.0
 20
273.7069024004761
  0
LWPOLYLINE
  5
1411
330
17
100
AcDbEntity
  8
D23
100
AcDbPolyline
 90
2
 70
0
 10
-20.0
 20
273.7069024004761
 10
-20.0
 20
243.9518395093589
  0
LWPOLYLINE
  5
1412
330
17
100
AcDbEntity
  8
D23
100
AcDbPolyline
 90
2
 70
0
 10
360.0
 20
243.9518395093589
 10
360.0
 20
273.7069024004761
  0
LWPOLYLINE
  5
1413
330
17
100
AcDbEntity
  8
D23
100
AcDbPolyline
 90
2
 70
0
 10
360.0
 20
298.77876430563134
 10
-20.0
 20
298.77876430563134
  0
LWPOLYLINE
  5
1414
330
17
100
AcDbEntity
  8
D23
100
AcDbPolyline
 90
2
 70
0
 10
-20.0
 20
298.77876430563134
 10
-20.0
 20
273.7069024004761
  0
LWPOLYLINE
  5
1415
330
17
100
AcDbEntity
  8
D23
100
AcDbPolyline
 90
2
 70
0
 10
360.0
 20
273.7069024004761
 10
360.0
 20
298.77876430563134
  0
LWPOLYLINE
  5
1416
330
17
100
AcDbEntity
  8
D23
100
AcDbPolyline
 90
2
 70
0
 10
360.0
 20
318.73843871639394
 10
-20.0
 20
318.73843871639394
  0
LWPOLYLINE
  5
1417
330
17
100
AcDbEntity
  8
D23
100
AcDbPolyline
 90
2
 70
0
 10
-20.0
 20
318.73843871639394
 10
-20.0
 20
298.77876430563134
  0
LWPOLYLINE
  5
1418
330
17
100
AcDbEntity
  8
D23
100
AcDbPolyline
 90
2
 70
0
 10
360.0
 20
298.77876430563134
 10
360.0
 20
318.73843871639394
  0
LWPOLYLINE
  5
1419
330
17
100
AcDbEntity
  8
D23
100
AcDbPolyline
 90
2
 70
0
 10
360.0
 20
333.24441006972853
 10
-20.0
 20
333.24441006972853
  0
LWPOLYLINE
  5
141A
330
17
100
AcDbEntity
  8
D23
100
AcDbPolyline
 90
2
 70
0
 10
-20.0
 20
333.24441006972853
 10
-20.0
 20
318.73843871639394
  0
LWPOLYLINE
  5
141B
330
17
100
AcDbEntity
  8
D23
100
AcDbPolyline
 90
2
 70
0
 10
360.0
 20
318.73843871639394
 10
360.0
 20
333.24441006972853
  0
LWPOLYLINE
  5
141C
330
17
100
AcDbEntity
  8
D23
100
AcDbPolyline
 90
2
 70
0
 10
360.0
 20
342.04847717396456
 10
-20.0
 20
342.04847717396456
  0
LWPOLYLINE
  5
141D
330
17
100
AcDbEntity
  8
D23
100
AcDbPolyline
 90
2
 70
0
 10
-20.0
 20
342.04847717396456
 10
-20.0
 20
333.24441006972853
  0
LWPOLYLINE
  5
141E
330
17
100
AcDbEntity
  8
D23
100
AcDbPolyline
 90
2
 70
0
 10
360.0
 20
333.24441006972853
 10
360.0
 20
342.04847717396456
  0
LWPOLYLINE
  5
141F
330
17
100
AcDbEntity
  8
D23
100
AcDbPolyline
 90
2
 70
0
 10
360.0
 20
345.0
 10
-20.0
 20
345.0
  0
LWPOLYLINE
  5
1420
330
17
100
AcDbEntity
  8
D23
100
AcDbPolyline
 90
2
 70
0
 10
-20.0
 20
345.0
 10
-20.0
 20
342.04847717396456
  0
LWPOLYLINE
  5
1421
330
17
100
AcDbEntity
  8
D23
100
AcDbPolyline
 90
2
 70
0
 10
360.0
 20
342.04847717396456
 10
360.0
 20
345.0
  0
LWPOLYLINE
  5
1422
330
17
100
AcDbEntity
  8
D23
100
AcDbPolyline
 90
2
 70
0
 10
360.0
 20
333.0
 10
-20.0
 20
333.0
  0
LWPOLYLINE
  5
1423
330
17
100
AcDbEntity
  8
D23
100
AcDbPolyline
 90
2
 70
0
 10
-20.0
 20
333.0
 10
-20.0
 20
345.0
  0
LWPOLYLINE
  5
1424
330
17
100
AcDbEntity
  8
D23
100
AcDbPolyline
 90
2
 70
0
 10
360.0
 20
345.0
 10
360.0
 20
333.0
  0
LWPOLYLINE
  5
1425
330
17
100
AcDbEntity
  8
D23
100
AcDbPolyline
 90
2
 70
0
 10
360.0
 20
330.15113883747887
 10
-20.0
 20
330.15113883747887
  0
LWPOLYLINE
  5
1426
330
17
100
AcDbEntity
  8
D23
100
AcDbPolyline
 90
2
 70
0
 10
-20.0
 20
330.15113883747887
 10
-20.0
 20
333.0
  0
LWPOLYLINE
  5
1427
330
17
100
AcDbEntity
  8
D23
100
AcDbPolyline
 90
2
 70
0
 10
360.0
 20
333.0
 10
360.0
 20
330.15113883747887
  0
LWPOLYLINE
  5
1428
330
17
100
AcDbEntity
  8
D23
100
AcDbPolyline
 90
2
 70
0
 10
360.0
 20
321.65330015425974
 10
-20.0
 20
321.65330015425974
  0
LWPOLYLINE
  5
1429
330
17
100
AcDbEntity
  8
D23
100
AcDbPolyline
 90
2
 70
0
 10
-20.0
 20
321.65330015425974
 10
-20.0
 20
330.15113883747887
  0
LWPOLYLINE
  5
142A
330
17
100
AcDbEntity
  8
D23
100
AcDbPolyline
 90
2
 70
0
 10
360.0
 20
330.15113883747887
 10
360.0
 20
321.65330015425974
  0
LWPOLYLINE
  5
142B
330
17
100
AcDbEntity
  8
D23
100
AcDbPolyline
 90
2
 70
0
 10
360.0
 20
307.6518843262585
 10
-20.0
 20
307.6518843262585
  0
LWPOLYLINE
  5
142C
330
17
100
AcDbEntity
  8
D23
100
AcDbPolyline
 90
2
 70
0
 10
-20.0
 20
307.6518843262585
 10
-20.0
 20
321.65330015425974
  0
LWPOLYLINE
  5
142D
330
17
100
AcDbEntity
  8
D23
100
AcDbPolyline
 90
2
 70
0
 10
360.0
 20
321.65330015425974
 10
360.0
 20
307.6518843262585
  0
LWPOLYLINE
  5
142E
330
17
100
AcDbEntity
  8
D23
100
AcDbPolyline
 90
2
 70
0
 10
360.0
 20
288.3864594602181
 10
-20.0
 20
288.3864594602181
  0
LWPOLYLINE
  5
142F
330
17
100
AcDbEntity
  8
D23
100
AcDbPolyline
 90
2
 70
0
 10
-20.0
 20
288.3864594602181
 10
-20.0
 20
307.6518843262585
  0
LWPOLYLINE
  5
1430
330
17
100
AcDbEntity
  8
D23
100
AcDbPolyline
 90
2
 70
0
 10
360.0
 20
307.6518843262585
 10
360.0
 20
288.3864594602181
  0
LWPOLYLINE
  5
1431
330
17
100
AcDbEntity
  8
D23
100
AcDbPolyline
 90
2
 70
0
 10
360.0
 20
264.1866623169813
 10
-20.0
 20
264.1866623169813
  0
LWPOLYLINE
  5
1432
330
17
100
AcDbEntity
  8
D23
100
AcDbPolyline
 90
2
 70
0
 10
-20.0
 20
264.1866623169813
 10
-20.0
 20
288.3864594602181
  0
LWPOLYLINE
  5
1433
330
17
100
AcDbEntity
  8
D23
100
AcDbPolyline
 90
2
 70
0
 10
360.0
 20
288.3864594602181
 10
360.0
 20
264.1866623169813
  0
LWPOLYLINE
  5
1434
330
17
100
AcDbEntity
  8
D23
100
AcDbPolyline
 90
2
 70
0
 10
360.0
 20
235.46655813512035
 10
-20.0
 20
235.46655813512035
  0
LWPOLYLINE
  5
1435
330
17
100
AcDbEntity
  8
D23
100
AcDbPolyline
 90
2
 70
0
 10
-20.0
 20
235.46655813512035
 10
-20.0
 20
264.1866623169813
  0
LWPOLYLINE
  5
1436
330
17
100
AcDbEntity
  8
D23
100
AcDbPolyline
 90
2
 70
0
 10
360.0
 20
264.1866623169813
 10
360.0
 20
235.46655813512035
  0
LWPOLYLINE
  5
1437
330
17
100
AcDbEntity
  8
D23
100
AcDbPolyline
 90
2
 70
0
 10
360.0
 20
202.71755585990397
 10
-20.0
 20
202.71755585990397
  0
LWPOLYLINE
  5
1438
330
17
100
AcDbEntity
  8
D23
100
AcDbPolyline
 90
2
 70
0
 10
-20.0
 20
202.71755585990397
 10
-20.0
 20
235.46655813512035
  0
LWPOLYLINE
  5
1439
330
17
100
AcDbEntity
  8
D23
100
AcDbPolyline
 90
2
 70
0
 10
360.0
 20
235.46655813512035
 10
360.0
 20
202.71755585990397
  0
LWPOLYLINE
  5
143A
330
17
100
AcDbEntity
  8
D23
100
AcDbPolyline
 90
2
 70
0
 10
360.0
 20
166.50000000000003
 10
-20.0
 20
166.50000000000003
  0
LWPOLYLINE
  5
143B
330
17
100
AcDbEntity
  8
D23
100
AcDbPolyline
 90
2
 70
0
 10
-20.0
 20
166.50000000000003
 10
-20.0
 20
202.71755585990397
  0
LWPOLYLINE
  5
143C
330
17
100
AcDbEntity
  8
D23
100
AcDbPolyline
 90
2
 70
0
 10
360.0
 20
202.71755585990397
 10
360.0
 20
166.50000000000003
  0
LWPOLYLINE
  5
143D
330
17
100
AcDbEntity
  8
D23
100
AcDbPolyline
 90
2
 70
0
 10
360.0
 20
127.43358297757491
 10
-20.0
 20
127.43358297757491
  0
LWPOLYLINE
  5
143E
330
17
100
AcDbEntity
  8
D23
100
AcDbPolyline
 90
2
 70
0
 10
-20.0
 20
127.43358297757491
 10
-20.0
 20
166.50000000000003
  0
LWPOLYLINE
  5
143F
330
17
100
AcDbEntity
  8
D23
100
AcDbPolyline
 90
2
 70
0
 10
360.0
 20
166.50000000000003
 10
360.0
 20
127.43358297757491
  0
LWPOLYLINE
  5
1440
330
17
100
AcDbEntity
  8
D23
100
AcDbPolyline
 90
2
 70
0
 10
360.0
 20
86.1867420191394
 10
-20.0
 20
86.1867420191394
  0
LWPOLYLINE
  5
1441
330
17
100
AcDbEntity
  8
D23
100
AcDbPolyline
 90
2
 70
0
 10
-20.0
 20
86.1867420191394
 10
-20.0
 20
127.43358297757491
  0
LWPOLYLINE
  5
1442
330
17
100
AcDbEntity
  8
D23
100
AcDbPolyline
 90
2
 70
0
 10
360.0
 20
127.43358297757491
 10
360.0
 20
86.1867420191394
  0
LWPOLYLINE
  5
1443
330
17
100
AcDbEntity
  8
D23
100
AcDbPolyline
 90
2
 70
0
 10
360.0
 20
43.46522200927722
 10
-20.0
 20
43.46522200927722
  0
LWPOLYLINE
  5
1444
330
17
100
AcDbEntity
  8
D23
100
AcDbPolyline
 90
2
 70
0
 10
-20.0
 20
43.46522200927722
 10
-20.0
 20
86.1867420191394
  0
LWPOLYLINE
  5
1445
330
17
100
AcDbEntity
  8
D23
100
AcDbPolyline
 90
2
 70
0
 10
360.0
 20
86.1867420191394
 10
360.0
 20
43.46522200927722
  0
LWPOLYLINE
  5
1446
330
17
100
AcDbEntity
  8
D23
100
AcDbPolyline
 90
2
 70
0
 10
360.0
 20
2.039036920580343e-14
 10
-20.0
 20
2.039036920580343e-14
  0
LWPOLYLINE
  5
1447
330
17
100
AcDbEntity
  8
D23
100
AcDbPolyline
 90
2
 70
0
 10
-20.0
 20
2.039036920580343e-14
 10
-20.0
 20
43.46522200927722
  0
LWPOLYLINE
  5
1448
330
17
100
AcDbEntity
  8
D23
100
AcDbPolyline
 90
2
 70
0
 10
360.0
 20
43.46522200927722
 10
360.0
 20
2.039036920580343e-14
  0
LWPOLYLINE
  5
1449
330
17
100
AcDbEntity
  8
D23
100
AcDbPolyline
 90
2
 70
0
 10
360.0
 20
-43.465222009277184
 10
-20.0
 20
-43.465222009277184
  0
LWPOLYLINE
  5
144A
330
17
100
AcDbEntity
  8
D23
100
AcDbPolyline
 90
2
 70
0
 10
-20.0
 20
-43.465222009277184
 10
-20.0
 20
2.039036920580343e-14
  0
LWPOLYLINE
  5
144B
330
17
100
AcDbEntity
  8
D23
100
AcDbPolyline
 90
2
 70
0
 10
360.0
 20
2.039036920580343e-14
 10
360.0
 20
-43.465222009277184
  0
LWPOLYLINE
  5
144C
330
17
100
AcDbEntity
  8
D23
100
AcDbPolyline
 90
2
 70
0
 10
360.0
 20
-86.18674201913937
 10
-20.0
 20
-86.18674201913937
  0
LWPOLYLINE
  5
144D
330
17
100
AcDbEntity
  8
D23
100
AcDbPolyline
 90
2
 70
0
 10
-20.0
 20
-86.18674201913937
 10
-20.0
 20
-43.465222009277184
  0
LWPOLYLINE
  5
144E
330
17
100
AcDbEntity
  8
D23
100
AcDbPolyline
 90
2
 70
0
 10
360.0
 20
-43.465222009277184
 10
360.0
 20
-86.18674201913937
  0
LWPOLYLINE
  5
144F
330
17
100
AcDbEntity
  8
D23
100
AcDbPolyline
 90
2
 70
0
 10
360.0
 20
-127.4335829775748
 10
-20.0
 20
-127.4335829775748
  0
LWPOLYLINE
  5
1450
330
17
100
AcDbEntity
  8
D23
100
AcDbPolyline
 90
2
 70
0
 10
-20.0
 20
-127.4335829775748
 10
-20.0
 20
-86.18674201913937
  0
LWPOLYLINE
  5
1451
330
17
100
AcDbEntity
  8
D23
100
AcDbPolyline
 90
2
 70
0
 10
360.0
 20
-86.18674201913937
 10
360.0
 20
-127.4335829775748
  0
LWPOLYLINE
  5
1452
330
17
100
AcDbEntity
  8
D23
100
AcDbPolyline
 90
2
 70
0
 10
360.0
 20
-166.49999999999991
 10
-20.0
 20
-166.49999999999991
  0
LWPOLYLINE
  5
1453
330
17
100
AcDbEntity
  8
D23
100
AcDbPolyline
 90
2
 70
0
 10
-20.0
 20
-166.49999999999991
 10
-20.0
 20
-127.4335829775748
  0
LWPOLYLINE
  5
1454
330
17
100
AcDbEntity
  8
D23
100
AcDbPolyline
 90
2
 70
0
 10
360.0
 20
-127.4335829775748
 10
360.0
 20
-166.49999999999991
  0
LWPOLYLINE
  5
1455
330
17
100
AcDbEntity
  8
D23
100
AcDbPolyline
 90
2
 70
0
 10
360.0
 20
-202.71755585990397
 10
-20.0
 20
-202.71755585990397
  0
LWPOLYLINE
  5
1456
330
17
100
AcDbEntity
  8
D23
100
AcDbPolyline
 90
2
 70
0
 10
-20.0
 20
-202.71755585990397
 10
-20.0
 20
-166.49999999999991
  0
LWPOLYLINE
  5
1457
330
17
100
AcDbEntity
  8
D23
100
AcDbPolyline
 90
2
 70
0
 10
360.0
 20
-166.49999999999991
 10
360.0
 20
-202.71755585990397
  0
LWPOLYLINE
  5
1458
330
17
100
AcDbEntity
  8
D23
100
AcDbPolyline
 90
2
 70
0
 10
360.0
 20
-235.4665581351203
 10
-20.0
 20
-235.4665581351203
  0
LWPOLYLINE
  5
1459
330
17
100
AcDbEntity
  8
D23
100
AcDbPolyline
 90
2
 70
0
 10
-20.0
 20
-235.4665581351203
 10
-20.0
 20
-202.71755585990397
  0
LWPOLYLINE
  5
145A
330
17
100
AcDbEntity
  8
D23
100
AcDbPolyline
 90
2
 70
0
 10
360.0
 20
-202.71755585990397
 10
360.0
 20
-235.4665581351203
  0
LWPOLYLINE
  5
145B
330
17
100
AcDbEntity
  8
D23
100
AcDbPolyline
 90
2
 70
0
 10
360.0
 20
-264.18666231698126
 10
-20.0
 20
-264.18666231698126
  0
LWPOLYLINE
  5
145C
330
17
100
AcDbEntity
  8
D23
100
AcDbPolyline
 90
2
 70
0
 10
-20.0
 20
-264.18666231698126
 10
-20.0
 20
-235.4665581351203
  0
LWPOLYLINE
  5
145D
330
17
100
AcDbEntity
  8
D23
100
AcDbPolyline
 90
2
 70
0
 10
360.0
 20
-235.4665581351203
 10
360.0
 20
-264.18666231698126
  0
LWPOLYLINE
  5
145E
330
17
100
AcDbEntity
  8
D23
100
AcDbPolyline
 90
2
 70
0
 10
360.0
 20
-288.3864594602181
 10
-20.0
 20
-288.3864594602181
  0
LWPOLYLINE
  5
145F
330
17
100
AcDbEntity
  8
D23
100
AcDbPolyline
 90
2
 70
0
 10
-20.0
 20
-288.3864594602181
 10
-20.0
 20
-264.18666231698126
  0
LWPOLYLINE
  5
1460
330
17
100
AcDbEntity
  8
D23
100
AcDbPolyline
 90
2
 70
0
 10
360.0
 20
-264.18666231698126
 10
360.0
 20
-288.3864594602181
  0
LWPOLYLINE
  5
1461
330
17
100
AcDbEntity
  8
D23
100
AcDbPolyline
 90
2
 70
0
 10
360.0
 20
-307.6518843262585
 10
-20.0
 20
-307.6518843262585
  0
LWPOLYLINE
  5
1462
330
17
100
AcDbEntity
  8
D23
100
AcDbPolyline
 90
2
 70
0
 10
-20.0
 20
-307.6518843262585
 10
-20.0
 20
-288.3864594602181
  0
LWPOLYLINE
  5
1463
330
17
100
AcDbEntity
  8
D23
100
AcDbPolyline
 90
2
 70
0
 10
360.0
 20
-288.3864594602181
 10
360.0
 20
-307.6518843262585
  0
LWPOLYLINE
  5
1464
330
17
100
AcDbEntity
  8
D23
100
AcDbPolyline
 90
2
 70
0
 10
360.0
 20
-321.65330015425974
 10
-20.0
 20
-321.65330015425974
  0
LWPOLYLINE
  5
1465
330
17
100
AcDbEntity
  8
D23
100
AcDbPolyline
 90
2
 70
0
 10
-20.0
 20
-321.65330015425974
 10
-20.0
 20
-307.6518843262585
  0
LWPOLYLINE
  5
1466
330
17
100
AcDbEntity
  8
D23
100
AcDbPolyline
 90
2
 70
0
 10
360.0
 20
-307.6518843262585
 10
360.0
 20
-321.65330015425974
  0
LWPOLYLINE
  5
1467
330
17
100
AcDbEntity
  8
D23
100
AcDbPolyline
 90
2
 70
0
 10
360.0
 20
-330.15113883747887
 10
-20.0
 20
-330.15113883747887
  0
LWPOLYLINE
  5
1468
330
17
100
AcDbEntity
  8
D23
100
AcDbPolyline
 90
2
 70
0
 10
-20.0
 20
-330.15113883747887
 10
-20.0
 20
-321.65330015425974
  0
LWPOLYLINE
  5
1469
330
17
100
AcDbEntity
  8
D23
100
AcDbPolyline
 90
2
 70
0
 10
360.0
 20
-321.65330015425974
 10
360.0
 20
-330.15113883747887
  0
LWPOLYLINE
  5
146A
330
17
100
AcDbEntity
  8
D23
100
AcDbPolyline
 90
2
 70
0
 10
360.0
 20
-333.0
 10
-20.0
 20
-333.0
  0
LWPOLYLINE
  5
146B
330
17
100
AcDbEntity
  8
D23
100
AcDbPolyline
 90
2
 70
0
 10
-20.0
 20
-333.0
 10
-20.0
 20
-330.15113883747887
  0
LWPOLYLINE
  5
146C
330
17
100
AcDbEntity
  8
D23
100
AcDbPolyline
 90
2
 70
0
 10
360.0
 20
-330.15113883747887
 10
360.0
 20
-333.0
  0
LWPOLYLINE
  5
146D
330
17
100
AcDbEntity
  8
D23
100
AcDbPolyline
 90
2
 70
0
 10
-20.0
 20
-345.0
 10
-20.0
 20
-333.0
  0
LWPOLYLINE
  5
146E
330
17
100
AcDbEntity
  8
D23
100
AcDbPolyline
 90
2
 70
0
 10
360.0
 20
-333.0
 10
360.0
 20
-345.0
  0
LWPOLYLINE
  5
1470
330
17
100
AcDbEntity
  8
EH3
100
AcDbPolyline
 90
2
 70
0
 10
0.0
 20
-333.0
 10
233.35621827057733
 20
-333.0
  0
LWPOLYLINE
  5
1471
330
17
100
AcDbEntity
  8
EH3
100
AcDbPolyline
 90
2
 70
0
 10
233.35621827057733
 20
-330.15113883747887
 10
0.0
 20
-330.15113883747887
  0
LWPOLYLINE
  5
1472
330
17
100
AcDbEntity
  8
EH3
100
AcDbPolyline
 90
2
 70
0
 10
0.0
 20
-330.15113883747887
 10
0.0
 20
-333.0
  0
LWPOLYLINE
  5
1473
330
17
100
AcDbEntity
  8
EH3
100
AcDbPolyline
 90
2
 70
0
 10
233.35621827057733
 20
-333.0
 10
233.35621827057733
 20
-330.15113883747887
  0
LWPOLYLINE
  5
1474
330
17
100
AcDbEntity
  8
EH3
100
AcDbPolyline
 90
2
 70
0
 10
233.35621827057733
 20
-321.65330015425974
 10
0.0
 20
-321.65330015425974
  0
LWPOLYLINE
  5
1475
330
17
100
AcDbEntity
  8
EH3
100
AcDbPolyline
 90
2
 70
0
 10
0.0
 20
-321.65330015425974
 10
0.0
 20
-330.15113883747887
  0
LWPOLYLINE
  5
1476
330
17
100
AcDbEntity
  8
EH3
100
AcDbPolyline
 90
2
 70
0
 10
233.35621827057733
 20
-330.15113883747887
 10
233.35621827057733
 20
-321.65330015425974
  0
LWPOLYLINE
  5
1477
330
17
100
AcDbEntity
  8
EH3
100
AcDbPolyline
 90
2
 70
0
 10
233.35621827057733
 20
-307.6518843262585
 10
0.0
 20
-307.6518843262585
  0
LWPOLYLINE
  5
1478
330
17
100
AcDbEntity
  8
EH3
100
AcDbPolyline
 90
2
 70
0
 10
0.0
 20
-307.6518843262585
 10
0.0
 20
-321.65330015425974
  0
LWPOLYLINE
  5
1479
330
17
100
AcDbEntity
  8
EH3
100
AcDbPolyline
 90
2
 70
0
 10
233.35621827057733
 20
-321.65330015425974
 10
233.35621827057733
 20
-307.6518843262585
  0
LWPOLYLINE
  5
147A
330
17
100
AcDbEntity
  8
EH3
100
AcDbPolyline
 90
2
 70
0
 10
233.35621827057733
 20
-288.3864594602181
 10
0.0
 20
-288.3864594602181
  0
LWPOLYLINE
  5
147B
330
17
100
AcDbEntity
  8
EH3
100
AcDbPolyline
 90
2
 70
0
 10
0.0
 20
-288.3864594602181
 10
0.0
 20
-307.6518843262585
  0
LWPOLYLINE
  5
147C
330
17
100
AcDbEntity
  8
EH3
100
AcDbPolyline
 90
2
 70
0
 10
233.35621827057733
 20
-307.6518843262585
 10
233.35621827057733
 20
-288.3864594602181
  0
LWPOLYLINE
  5
147D
330
17
100
AcDbEntity
  8
EH3
100
AcDbPolyline
 90
2
 70
0
 10
233.35621827057733
 20
-264.18666231698126
 10
0.0
 20
-264.18666231698126
  0
LWPOLYLINE
  5
147E
330
17
100
AcDbEntity
  8
EH3
100
AcDbPolyline
 90
2
 70
0
 10
0.0
 20
-264.18666231698126
 10
0.0
 20
-288.3864594602181
  0
LWPOLYLINE
  5
147F
330
17
100
AcDbEntity
  8
EH3
100
AcDbPolyline
 90
2
 70
0
 10
233.35621827057733
 20
-288.3864594602181
 10
233.35621827057733
 20
-264.18666231698126
  0
LWPOLYLINE
  5
1480
330
17
100
AcDbEntity
  8
EH3
100
AcDbPolyline
 90
2
 70
0
 10
233.35621827057733
 20
-235.4665581351203
 10
0.0
 20
-235.4665581351203
  0
LWPOLYLINE
  5
1481
330
17
100
AcDbEntity
  8
EH3
100
AcDbPolyline
 90
2
 70
0
 10
0.0
 20
-235.4665581351203
 10
0.0
 20
-264.18666231698126
  0
LWPOLYLINE
  5
1482
330
17
100
AcDbEntity
  8
EH3
100
AcDbPolyline
 90
2
 70
0
 10
233.35621827057733
 20
-264.18666231698126
 10
233.35621827057733
 20
-235.4665581351203
  0
LWPOLYLINE
  5
1483
330
17
100
AcDbEntity
  8
EH3
100
AcDbPolyline
 90
2
 70
0
 10
233.35621827057733
 20
-202.71755585990397
 10
0.0
 20
-202.71755585990397
  0
LWPOLYLINE
  5
1484
330
17
100
AcDbEntity
  8
EH3
100
AcDbPolyline
 90
2
 70
0
 10
0.0
 20
-202.71755585990397
 10
0.0
 20
-235.4665581351203
  0
LWPOLYLINE
  5
1485
330
17
100
AcDbEntity
  8
EH3
100
AcDbPolyline
 90
2
 70
0
 10
233.35621827057733
 20
-235.4665581351203
 10
233.35621827057733
 20
-202.71755585990397
  0
LWPOLYLINE
  5
1486
330
17
100
AcDbEntity
  8
EH3
100
AcDbPolyline
 90
2
 70
0
 10
233.35621827057733
 20
-166.50000000000009
 10
0.0
 20
-166.50000000000009
  0
LWPOLYLINE
  5
1487
330
17
100
AcDbEntity
  8
EH3
100
AcDbPolyline
 90
2
 70
0
 10
0.0
 20
-166.50000000000009
 10
0.0
 20
-202.71755585990397
  0
LWPOLYLINE
  5
1488
330
17
100
AcDbEntity
  8
EH3
100
AcDbPolyline
 90
2
 70
0
 10
233.35621827057733
 20
-202.71755585990397
 10
233.35621827057733
 20
-166.50000000000009
  0
LWPOLYLINE
  5
1489
330
17
100
AcDbEntity
  8
EH3
100
AcDbPolyline
 90
2
 70
0
 10
233.35621827057733
 20
-127.43358297757487
 10
0.0
 20
-127.43358297757487
  0
LWPOLYLINE
  5
148A
330
17
100
AcDbEntity
  8
EH3
100
AcDbPolyline
 90
2
 70
0
 10
0.0
 20
-127.43358297757487
 10
0.0
 20
-166.50000000000009
  0
LWPOLYLINE
  5
148B
330
17
100
AcDbEntity
  8
EH3
100
AcDbPolyline
 90
2
 70
0
 10
233.35621827057733
 20
-166.50000000000009
 10
233.35621827057733
 20
-127.43358297757487
  0
LWPOLYLINE
  5
148C
330
17
100
AcDbEntity
  8
EH3
100
AcDbPolyline
 90
2
 70
0
 10
233.35621827057733
 20
-86.18674201913937
 10
0.0
 20
-86.18674201913937
  0
LWPOLYLINE
  5
148D
330
17
100
AcDbEntity
  8
EH3
100
AcDbPolyline
 90
2
 70
0
 10
0.0
 20
-86.18674201913937
 10
0.0
 20
-127.43358297757487
  0
LWPOLYLINE
  5
148E
330
17
100
AcDbEntity
  8
EH3
100
AcDbPolyline
 90
2
 70
0
 10
233.35621827057733
 20
-127.43358297757487
 10
233.35621827057733
 20
-86.18674201913937
  0
LWPOLYLINE
  5
148F
330
17
100
AcDbEntity
  8
EH3
100
AcDbPolyline
 90
2
 70
0
 10
233.35621827057733
 20
-43.465222009277184
 10
0.0
 20
-43.465222009277184
  0
LWPOLYLINE
  5
1490
330
17
100
AcDbEntity
  8
EH3
100
AcDbPolyline
 90
2
 70
0
 10
0.0
 20
-43.465222009277184
 10
0.0
 20
-86.18674201913937
  0
LWPOLYLINE
  5
1491
330
17
100
AcDbEntity
  8
EH3
100
AcDbPolyline
 90
2
 70
0
 10
233.35621827057733
 20
-86.18674201913937
 10
233.35621827057733
 20
-43.465222009277184
  0
LWPOLYLINE
  5
1492
330
17
100
AcDbEntity
  8
EH3
100
AcDbPolyline
 90
2
 70
0
 10
233.35621827057733
 20
2.039036920580343e-14
 10
0.0
 20
2.039036920580343e-14
  0
LWPOLYLINE
  5
1493
330
17
100
AcDbEntity
  8
EH3
100
AcDbPolyline
 90
2
 70
0
 10
0.0
 20
2.039036920580343e-14
 10
0.0
 20
-43.465222009277184
  0
LWPOLYLINE
  5
1494
330
17
100
AcDbEntity
  8
EH3
100
AcDbPolyline
 90
2
 70
0
 10
233.35621827057733
 20
-43.465222009277184
 10
233.35621827057733
 20
2.039036920580343e-14
  0
LWPOLYLINE
  5
1495
330
17
100
AcDbEntity
  8
EH3
100
AcDbPolyline
 90
2
 70
0
 10
233.35621827057733
 20
43.46522200927722
 10
0.0
 20
43.46522200927722
  0
LWPOLYLINE
  5
1496
330
17
100
AcDbEntity
  8
EH3
100
AcDbPolyline
 90
2
 70
0
 10
0.0
 20
43.46522200927722
 10
0.0
 20
2.039036920580343e-14
  0
LWPOLYLINE
  5
1497
330
17
100
AcDbEntity
  8
EH3
100
AcDbPolyline
 90
2
 70
0
 10
233.35621827057733
 20
2.039036920580343e-14
 10
233.35621827057733
 20
43.46522200927722
  0
LWPOLYLINE
  5
1498
330
17
100
AcDbEntity
  8
EH3
100
AcDbPolyline
 90
2
 70
0
 10
233.35621827057733
 20
86.1867420191394
 10
0.0
 20
86.1867420191394
  0
LWPOLYLINE
  5
1499
330
17
100
AcDbEntity
  8
EH3
100
AcDbPolyline
 90
2
 70
0
 10
0.0
 20
86.1867420191394
 10
0.0
 20
43.46522200927722
  0
LWPOLYLINE
  5
149A
330
17
100
AcDbEntity
  8
EH3
100
AcDbPolyline
 90
2
 70
0
 10
233.35621827057733
 20
43.46522200927722
 10
233.35621827057733
 20
86.1867420191394
  0
LWPOLYLINE
  5
149B
330
17
100
AcDbEntity
  8
EH3
100
AcDbPolyline
 90
2
 70
0
 10
233.35621827057733
 20
127.43358297757484
 10
0.0
 20
127.43358297757484
  0
LWPOLYLINE
  5
149C
330
17
100
AcDbEntity
  8
EH3
100
AcDbPolyline
 90
2
 70
0
 10
0.0
 20
127.43358297757484
 10
0.0
 20
86.1867420191394
  0
LWPOLYLINE
  5
149D
330
17
100
AcDbEntity
  8
EH3
100
AcDbPolyline
 90
2
 70
0
 10
233.35621827057733
 20
86.1867420191394
 10
233.35621827057733
 20
127.43358297757484
  0
LWPOLYLINE
  5
149E
330
17
100
AcDbEntity
  8
EH3
100
AcDbPolyline
 90
2
 70
0
 10
233.35621827057733
 20
166.49999999999997
 10
0.0
 20
166.49999999999997
  0
LWPOLYLINE
  5
149F
330
17
100
AcDbEntity
  8
EH3
100
AcDbPolyline
 90
2
 70
0
 10
0.0
 20
166.49999999999997
 10
0.0
 20
127.43358297757484
  0
LWPOLYLINE
  5
14A0
330
17
100
AcDbEntity
  8
EH3
100
AcDbPolyline
 90
2
 70
0
 10
233.35621827057733
 20
127.43358297757484
 10
233.35621827057733
 20
166.49999999999997
  0
LWPOLYLINE
  5
14A1
330
17
100
AcDbEntity
  8
EH3
100
AcDbPolyline
 90
2
 70
0
 10
233.35621827057733
 20
202.71755585990402
 10
0.0
 20
202.71755585990402
  0
LWPOLYLINE
  5
14A2
330
17
100
AcDbEntity
  8
EH3
100
AcDbPolyline
 90
2
 70
0
 10
0.0
 20
202.71755585990402
 10
0.0
 20
166.49999999999997
  0
LWPOLYLINE
  5
14A3
330
17
100
AcDbEntity
  8
EH3
100
AcDbPolyline
 90
2
 70
0
 10
233.35621827057733
 20
166.49999999999997
 10
233.35621827057733
 20
202.71755585990402
  0
LWPOLYLINE
  5
14A4
330
17
100
AcDbEntity
  8
EH3
100
AcDbPolyline
 90
2
 70
0
 10
233.35621827057733
 20
235.46655813512035
 10
0.0
 20
235.46655813512035
  0
LWPOLYLINE
  5
14A5
330
17
100
AcDbEntity
  8
EH3
100
AcDbPolyline
 90
2
 70
0
 10
0.0
 20
235.46655813512035
 10
0.0
 20
202.71755585990402
  0
LWPOLYLINE
  5
14A6
330
17
100
AcDbEntity
  8
EH3
100
AcDbPolyline
 90
2
 70
0
 10
233.35621827057733
 20
202.71755585990402
 10
233.35621827057733
 20
235.46655813512035
  0
LWPOLYLINE
  5
14A7
330
17
100
AcDbEntity
  8
EH3
100
AcDbPolyline
 90
2
 70
0
 10
233.35621827057733
 20
264.18666231698126
 10
0.0
 20
264.18666231698126
  0
LWPOLYLINE
  5
14A8
330
17
100
AcDbEntity
  8
EH3
100
AcDbPolyline
 90
2
 70
0
 10
0.0
 20
264.18666231698126
 10
0.0
 20
235.46655813512035
  0
LWPOLYLINE
  5
14A9
330
17
100
AcDbEntity
  8
EH3
100
AcDbPolyline
 90
2
 70
0
 10
233.35621827057733
 20
235.46655813512035
 10
233.35621827057733
 20
264.18666231698126
  0
LWPOLYLINE
  5
14AA
330
17
100
AcDbEntity
  8
EH3
100
AcDbPolyline
 90
2
 70
0
 10
233.35621827057733
 20
288.3864594602181
 10
0.0
 20
288.3864594602181
  0
LWPOLYLINE
  5
14AB
330
17
100
AcDbEntity
  8
EH3
100
AcDbPolyline
 90
2
 70
0
 10
0.0
 20
288.3864594602181
 10
0.0
 20
264.18666231698126
  0
LWPOLYLINE
  5
14AC
330
17
100
AcDbEntity
  8
EH3
100
AcDbPolyline
 90
2
 70
0
 10
233.35621827057733
 20
264.18666231698126
 10
233.35621827057733
 20
288.3864594602181
  0
LWPOLYLINE
  5
14AD
330
17
100
AcDbEntity
  8
EH3
100
AcDbPolyline
 90
2
 70
0
 10
233.35621827057733
 20
307.6518843262585
 10
0.0
 20
307.6518843262585
  0
LWPOLYLINE
  5
14AE
330
17
100
AcDbEntity
  8
EH3
100
AcDbPolyline
 90
2
 70
0
 10
0.0
 20
307.6518843262585
 10
0.0
 20
288.3864594602181
  0
LWPOLYLINE
  5
14AF
330
17
100
AcDbEntity
  8
EH3
100
AcDbPolyline
 90
2
 70
0
 10
233.35621827057733
 20
288.3864594602181
 10
233.35621827057733
 20
307.6518843262585
  0
LWPOLYLINE
  5
14B0
330
17
100
AcDbEntity
  8
EH3
100
AcDbPolyline
 90
2
 70
0
 10
233.35621827057733
 20
321.65330015425974
 10
0.0
 20
321.65330015425974
  0
LWPOLYLINE
  5
14B1
330
17
100
AcDbEntity
  8
EH3
100
AcDbPolyline
 90
2
 70
0
 10
0.0
 20
321.65330015425974
 10
0.0
 20
307.6518843262585
  0
LWPOLYLINE
  5
14B2
330
17
100
AcDbEntity
  8
EH3
100
AcDbPolyline
 90
2
 70
0
 10
233.35621827057733
 20
307.6518843262585
 10
233.35621827057733
 20
321.65330015425974
  0
LWPOLYLINE
  5
14B3
330
17
100
AcDbEntity
  8
EH3
100
AcDbPolyline
 90
2
 70
0
 10
233.35621827057733
 20
330.15113883747887
 10
0.0
 20
330.15113883747887
  0
LWPOLYLINE
  5
14B4
330
17
100
AcDbEntity
  8
EH3
100
AcDbPolyline
 90
2
 70
0
 10
0.0
 20
330.15113883747887
 10
0.0
 20
321.65330015425974
  0
LWPOLYLINE
  5
14B5
330
17
100
AcDbEntity
  8
EH3
100
AcDbPolyline
 90
2
 70
0
 10
233.35621827057733
 20
321.65330015425974
 10
233.35621827057733
 20
330.15113883747887
  0
LWPOLYLINE
  5
14B6
330
17
100
AcDbEntity
  8
EH3
100
AcDbPolyline
 90
2
 70
0
 10
233.35621827057733
 20
333.0
 10
0.0
 20
333.0
  0
LWPOLYLINE
  5
14B7
330
17
100
AcDbEntity
  8
EH3
100
AcDbPolyline
 90
2
 70
0
 10
0.0
 20
333.0
 10
0.0
 20
330.15113883747887
  0
LWPOLYLINE
  5
14B8
330
17
100
AcDbEntity
  8
EH3
100
AcDbPolyline
 90
2
 70
0
 10
233.35621827057733
 20
330.15113883747887
 10
233.35621827057733
 20
333.0
  0
LWPOLYLINE
  5
14B9
330
17
100
AcDbEntity
  8
EH3
100
AcDbPolyline
 90
2
 70
0
 10
233.35621827057733
 20
329.0
 10
0.0
 20
329.0
  0
LWPOLYLINE
  5
14BA
330
17
100
AcDbEntity
  8
EH3
100
AcDbPolyline
 90
2
 70
0
 10
0.0
 20
329.0
 10
0.0
 20
333.0
  0
LWPOLYLINE
  5
14BB
330
17
100
AcDbEntity
  8
EH3
100
AcDbPolyline
 90
2
 70
0
 10
233.35621827057733
 20
333.0
 10
233.35621827057733
 20
329.0
  0
LWPOLYLINE
  5
14BC
330
17
100
AcDbEntity
  8
EH3
100
AcDbPolyline
 90
2
 70
0
 10
233.35621827057733
 20
326.18535939198364
 10
0.0
 20
326.18535939198364
  0
LWPOLYLINE
  5
14BD
330
17
100
AcDbEntity
  8
EH3
100
AcDbPolyline
 90
2
 70
0
 10
0.0
 20
326.18535939198364
 10
0.0
 20
329.0
  0
LWPOLYLINE
  5
14BE
330
17
100
AcDbEntity
  8
EH3
100
AcDbPolyline
 90
2
 70
0
 10
233.35621827057733
 20
329.0
 10
233.35621827057733
 20
326.18535939198364
  0
LWPOLYLINE
  5
14BF
330
17
100
AcDbEntity
  8
EH3
100
AcDbPolyline
 90
2
 70
0
 10
233.35621827057733
 20
317.7895968491035
 10
0.0
 20
317.7895968491035
  0
LWPOLYLINE
  5
14C0
330
17
100
AcDbEntity
  8
EH3
100
AcDbPolyline
 90
2
 70
0
 10
0.0
 20
317.7895968491035
 10
0.0
 20
326.18535939198364
  0
LWPOLYLINE
  5
14C1
330
17
100
AcDbEntity
  8
EH3
100
AcDbPolyline
 90
2
 70
0
 10
233.35621827057733
 20
326.18535939198364
 10
233.35621827057733
 20
317.7895968491035
  0
LWPOLYLINE
  5
14C2
330
17
100
AcDbEntity
  8
EH3
100
AcDbPolyline
 90
2
 70
0
 10
233.35621827057733
 20
303.9563661962133
 10
0.0
 20
303.9563661962133
  0
LWPOLYLINE
  5
14C3
330
17
100
AcDbEntity
  8
EH3
100
AcDbPolyline
 90
2
 70
0
 10
0.0
 20
303.9563661962133
 10
0.0
 20
317.7895968491035
  0
LWPOLYLINE
  5
14C4
330
17
100
AcDbEntity
  8
EH3
100
AcDbPolyline
 90
2
 70
0
 10
233.35621827057733
 20
317.7895968491035
 10
233.35621827057733
 20
303.9563661962133
  0
LWPOLYLINE
  5
14C5
330
17
100
AcDbEntity
  8
EH3
100
AcDbPolyline
 90
2
 70
0
 10
233.35621827057733
 20
284.92235784508034
 10
0.0
 20
284.92235784508034
  0
LWPOLYLINE
  5
14C6
330
17
100
AcDbEntity
  8
EH3
100
AcDbPolyline
 90
2
 70
0
 10
0.0
 20
284.92235784508034
 10
0.0
 20
303.9563661962133
  0
LWPOLYLINE
  5
14C7
330
17
100
AcDbEntity
  8
EH3
100
AcDbPolyline
 90
2
 70
0
 10
233.35621827057733
 20
303.9563661962133
 10
233.35621827057733
 20
284.92235784508034
  0
LWPOLYLINE
  5
14C8
330
17
100
AcDbEntity
  8
EH3
100
AcDbPolyline
 90
2
 70
0
 10
233.35621827057733
 20
261.0132489558164
 10
0.0
 20
261.0132489558164
  0
LWPOLYLINE
  5
14C9
330
17
100
AcDbEntity
  8
EH3
100
AcDbPolyline
 90
2
 70
0
 10
0.0
 20
261.0132489558164
 10
0.0
 20
284.92235784508034
  0
LWPOLYLINE
  5
14CA
330
17
100
AcDbEntity
  8
EH3
100
AcDbPolyline
 90
2
 70
0
 10
233.35621827057733
 20
284.92235784508034
 10
233.35621827057733
 20
261.0132489558164
  0
LWPOLYLINE
  5
14CB
330
17
100
AcDbEntity
  8
EH3
100
AcDbPolyline
 90
2
 70
0
 10
233.35621827057733
 20
232.63813101037414
 10
0.0
 20
232.63813101037414
  0
LWPOLYLINE
  5
14CC
330
17
100
AcDbEntity
  8
EH3
100
AcDbPolyline
 90
2
 70
0
 10
0.0
 20
232.63813101037414
 10
0.0
 20
261.0132489558164
  0
LWPOLYLINE
  5
14CD
330
17
100
AcDbEntity
  8
EH3
100
AcDbPolyline
 90
2
 70
0
 10
233.35621827057733
 20
261.0132489558164
 10
233.35621827057733
 20
232.63813101037414
  0
LWPOLYLINE
  5
14CE
330
17
100
AcDbEntity
  8
EH3
100
AcDbPolyline
 90
2
 70
0
 10
233.35621827057733
 20
200.2825101438691
 10
0.0
 20
200.2825101438691
  0
LWPOLYLINE
  5
14CF
330
17
100
AcDbEntity
  8
EH3
100
AcDbPolyline
 90
2
 70
0
 10
0.0
 20
200.2825101438691
 10
0.0
 20
232.63813101037414
  0
LWPOLYLINE
  5
14D0
330
17
100
AcDbEntity
  8
EH3
100
AcDbPolyline
 90
2
 70
0
 10
233.35621827057733
 20
232.63813101037414
 10
233.35621827057733
 20
200.2825101438691
  0
LWPOLYLINE
  5
14D1
330
17
100
AcDbEntity
  8
EH3
100
AcDbPolyline
 90
2
 70
0
 10
233.35621827057733
 20
164.50000000000003
 10
0.0
 20
164.50000000000003
  0
LWPOLYLINE
  5
14D2
330
17
100
AcDbEntity
  8
EH3
100
AcDbPolyline
 90
2
 70
0
 10
0.0
 20
164.50000000000003
 10
0.0
 20
200.2825101438691
  0
LWPOLYLINE
  5
14D3
330
17
100
AcDbEntity
  8
EH3
100
AcDbPolyline
 90
2
 70
0
 10
233.35621827057733
 20
200.2825101438691
 10
233.35621827057733
 20
164.50000000000003
  0
LWPOLYLINE
  5
14D4
330
17
100
AcDbEntity
  8
EH3
100
AcDbPolyline
 90
2
 70
0
 10
233.35621827057733
 20
125.90284924811456
 10
0.0
 20
125.90284924811456
  0
LWPOLYLINE
  5
14D5
330
17
100
AcDbEntity
  8
EH3
100
AcDbPolyline
 90
2
 70
0
 10
0.0
 20
125.90284924811456
 10
0.0
 20
164.50000000000003
  0
LWPOLYLINE
  5
14D6
330
17
100
AcDbEntity
  8
EH3
100
AcDbPolyline
 90
2
 70
0
 10
233.35621827057733
 20
164.50000000000003
 10
233.35621827057733
 20
125.90284924811456
  0
LWPOLYLINE
  5
14D7
330
17
100
AcDbEntity
  8
EH3
100
AcDbPolyline
 90
2
 70
0
 10
233.35621827057733
 20
85.15146583872932
 10
0.0
 20
85.15146583872932
  0
LWPOLYLINE
  5
14D8
330
17
100
AcDbEntity
  8
EH3
100
AcDbPolyline
 90
2
 70
0
 10
0.0
 20
85.15146583872932
 10
0.0
 20
125.90284924811456
  0
LWPOLYLINE
  5
14D9
330
17
100
AcDbEntity
  8
EH3
100
AcDbPolyline
 90
2
 70
0
 10
233.35621827057733
 20
125.90284924811456
 10
233.35621827057733
 20
85.15146583872932
  0
LWPOLYLINE
  5
14DA
330
17
100
AcDbEntity
  8
EH3
100
AcDbPolyline
 90
2
 70
0
 10
233.35621827057733
 20
42.943117240397015
 10
0.0
 20
42.943117240397015
  0
LWPOLYLINE
  5
14DB
330
17
100
AcDbEntity
  8
EH3
100
AcDbPolyline
 90
2
 70
0
 10
0.0
 20
42.943117240397015
 10
0.0
 20
85.15146583872932
  0
LWPOLYLINE
  5
14DC
330
17
100
AcDbEntity
  8
EH3
100
AcDbPolyline
 90
2
 70
0
 10
233.35621827057733
 20
85.15146583872932
 10
233.35621827057733
 20
42.943117240397015
  0
LWPOLYLINE
  5
14DD
330
17
100
AcDbEntity
  8
EH3
100
AcDbPolyline
 90
2
 70
0
 10
233.35621827057733
 20
2.014543984597396e-14
 10
0.0
 20
2.014543984597396e-14
  0
LWPOLYLINE
  5
14DE
330
17
100
AcDbEntity
  8
EH3
100
AcDbPolyline
 90
2
 70
0
 10
0.0
 20
2.014543984597396e-14
 10
0.0
 20
42.943117240397015
  0
LWPOLYLINE
  5
14DF
330
17
100
AcDbEntity
  8
EH3
100
AcDbPolyline
 90
2
 70
0
 10
233.35621827057733
 20
42.943117240397015
 10
233.35621827057733
 20
2.014543984597396e-14
  0
LWPOLYLINE
  5
14E0
330
17
100
AcDbEntity
  8
EH3
100
AcDbPolyline
 90
2
 70
0
 10
233.35621827057733
 20
-42.94311724039698
 10
0.0
 20
-42.94311724039698
  0
LWPOLYLINE
  5
14E1
330
17
100
AcDbEntity
  8
EH3
100
AcDbPolyline
 90
2
 70
0
 10
0.0
 20
-42.94311724039698
 10
0.0
 20
2.014543984597396e-14
  0
LWPOLYLINE
  5
14E2
330
17
100
AcDbEntity
  8
EH3
100
AcDbPolyline
 90
2
 70
0
 10
233.35621827057733
 20
2.014543984597396e-14
 10
233.35621827057733
 20
-42.94311724039698
  0
LWPOLYLINE
  5
14E3
330
17
100
AcDbEntity
  8
EH3
100
AcDbPolyline
 90
2
 70
0
 10
233.35621827057733
 20
-85.15146583872928
 10
0.0
 20
-85.15146583872928
  0
LWPOLYLINE
  5
14E4
330
17
100
AcDbEntity
  8
EH3
100
AcDbPolyline
 90
2
 70
0
 10
0.0
 20
-85.15146583872928
 10
0.0
 20
-42.94311724039698
  0
LWPOLYLINE
  5
14E5
330
17
100
AcDbEntity
  8
EH3
100
AcDbPolyline
 90
2
 70
0
 10
233.35621827057733
 20
-42.94311724039698
 10
233.35621827057733
 20
-85.15146583872928
  0
LWPOLYLINE
  5
14E6
330
17
100
AcDbEntity
  8
EH3
100
AcDbPolyline
 90
2
 70
0
 10
233.35621827057733
 20
-125.90284924811445
 10
0.0
 20
-125.90284924811445
  0
LWPOLYLINE
  5
14E7
330
17
100
AcDbEntity
  8
EH3
100
AcDbPolyline
 90
2
 70
0
 10
0.0
 20
-125.90284924811445
 10
0.0
 20
-85.15146583872928
  0
LWPOLYLINE
  5
14E8
330
17
100
AcDbEntity
  8
EH3
100
AcDbPolyline
 90
2
 70
0
 10
233.35621827057733
 20
-85.15146583872928
 10
233.35621827057733
 20
-125.90284924811445
  0
LWPOLYLINE
  5
14E9
330
17
100
AcDbEntity
  8
EH3
100
AcDbPolyline
 90
2
 70
0
 10
233.35621827057733
 20
-164.49999999999991
 10
0.0
 20
-164.49999999999991
  0
LWPOLYLINE
  5
14EA
330
17
100
AcDbEntity
  8
EH3
100
AcDbPolyline
 90
2
 70
0
 10
0.0
 20
-164.49999999999991
 10
0.0
 20
-125.90284924811445
  0
LWPOLYLINE
  5
14EB
330
17
100
AcDbEntity
  8
EH3
100
AcDbPolyline
 90
2
 70
0
 10
233.35621827057733
 20
-125.90284924811445
 10
233.35621827057733
 20
-164.49999999999991
  0
LWPOLYLINE
  5
14EC
330
17
100
AcDbEntity
  8
EH3
100
AcDbPolyline
 90
2
 70
0
 10
233.35621827057733
 20
-200.2825101438691
 10
0.0
 20
-200.2825101438691
  0
LWPOLYLINE
  5
14ED
330
17
100
AcDbEntity
  8
EH3
100
AcDbPolyline
 90
2
 70
0
 10
0.0
 20
-200.2825101438691
 10
0.0
 20
-164.49999999999991
  0
LWPOLYLINE
  5
14EE
330
17
100
AcDbEntity
  8
EH3
100
AcDbPolyline
 90
2
 70
0
 10
233.35621827057733
 20
-164.49999999999991
 10
233.35621827057733
 20
-200.2825101438691
  0
LWPOLYLINE
  5
14EF
330
17
100
AcDbEntity
  8
EH3
100
AcDbPolyline
 90
2
 70
0
 10
233.35621827057733
 20
-232.6381310103741
 10
0.0
 20
-232.6381310103741
  0
LWPOLYLINE
  5
14F0
330
17
100
AcDbEntity
  8
EH3
100
AcDbPolyline
 90
2
 70
0
 10
0.0
 20
-232.6381310103741
 10
0.0
 20
-200.2825101438691
  0
LWPOLYLINE
  5
14F1
330
17
100
AcDbEntity
  8
EH3
100
AcDbPolyline
 90
2
 70
0
 10
233.35621827057733
 20
-200.2825101438691
 10
233.35621827057733
 20
-232.6381310103741
  0
LWPOLYLINE
  5
14F2
330
17
100
AcDbEntity
  8
EH3
100
AcDbPolyline
 90
2
 70
0
 10
233.35621827057733
 20
-261.0132489558163
 10
0.0
 20
-261.0132489558163
  0
LWPOLYLINE
  5
14F3
330
17
100
AcDbEntity
  8
EH3
100
AcDbPolyline
 90
2
 70
0
 10
0.0
 20
-261.0132489558163
 10
0.0
 20
-232.6381310103741
  0
LWPOLYLINE
  5
14F4
330
17
100
AcDbEntity
  8
EH3
100
AcDbPolyline
 90
2
 70
0
 10
233.35621827057733
 20
-232.6381310103741
 10
233.35621827057733
 20
-261.0132489558163
  0
LWPOLYLINE
  5
14F5
330
17
100
AcDbEntity
  8
EH3
100
AcDbPolyline
 90
2
 70
0
 10
233.35621827057733
 20
-284.92235784508034
 10
0.0
 20
-284.92235784508034
  0
LWPOLYLINE
  5
14F6
330
17
100
AcDbEntity
  8
EH3
100
AcDbPolyline
 90
2
 70
0
 10
0.0
 20
-284.92235784508034
 10
0.0
 20
-261.0132489558163
  0
LWPOLYLINE
  5
14F7
330
17
100
AcDbEntity
  8
EH3
100
AcDbPolyline
 90
2
 70
0
 10
233.35621827057733
 20
-261.0132489558163
 10
233.35621827057733
 20
-284.92235784508034
  0
LWPOLYLINE
  5
14F8
330
17
100
AcDbEntity
  8
EH3
100
AcDbPolyline
 90
2
 70
0
 10
233.35621827057733
 20
-303.9563661962133
 10
0.0
 20
-303.9563661962133
  0
LWPOLYLINE
  5
14F9
330
17
100
AcDbEntity
  8
EH3
100
AcDbPolyline
 90
2
 70
0
 10
0.0
 20
-303.9563661962133
 10
0.0
 20
-284.92235784508034
  0
LWPOLYLINE
  5
14FA
330
17
100
AcDbEntity
  8
EH3
100
AcDbPolyline
 90
2
 70
0
 10
233.35621827057733
 20
-284.92235784508034
 10
233.35621827057733
 20
-303.9563661962133
  0
LWPOLYLINE
  5
14FB
330
17
100
AcDbEntity
  8
EH3
100
AcDbPolyline
 90
2
 70
0
 10
233.35621827057733
 20
-317.7895968491034
 10
0.0
 20
-317.7895968491034
  0
LWPOLYLINE
  5
14FC
330
17
100
AcDbEntity
  8
EH3
100
AcDbPolyline
 90
2
 70
0
 10
0.0
 20
-317.7895968491034
 10
0.0
 20
-303.9563661962133
  0
LWPOLYLINE
  5
14FD
330
17
100
AcDbEntity
  8
EH3
100
AcDbPolyline
 90
2
 70
0
 10
233.35621827057733
 20
-303.9563661962133
 10
233.35621827057733
 20
-317.7895968491034
  0
LWPOLYLINE
  5
14FE
330
17
100
AcDbEntity
  8
EH3
100
AcDbPolyline
 90
2
 70
0
 10
233.35621827057733
 20
-326.18535939198364
 10
0.0
 20
-326.18535939198364
  0
LWPOLYLINE
  5
14FF
330
17
100
AcDbEntity
  8
EH3
100
AcDbPolyline
 90
2
 70
0
 10
0.0
 20
-326.18535939198364
 10
0.0
 20
-317.7895968491034
  0
LWPOLYLINE
  5
1500
330
17
100
AcDbEntity
  8
EH3
100
AcDbPolyline
 90
2
 70
0
 10
233.35621827057733
 20
-317.7895968491034
 10
233.35621827057733
 20
-326.18535939198364
  0
LWPOLYLINE
  5
1501
330
17
100
AcDbEntity
  8
EH3
100
AcDbPolyline
 90
2
 70
0
 10
233.35621827057733
 20
-329.0
 10
0.0
 20
-329.0
  0
LWPOLYLINE
  5
1502
330
17
100
AcDbEntity
  8
EH3
100
AcDbPolyline
 90
2
 70
0
 10
0.0
 20
-329.0
 10
0.0
 20
-326.18535939198364
  0
LWPOLYLINE
  5
1503
330
17
100
AcDbEntity
  8
EH3
100
AcDbPolyline
 90
2
 70
0
 10
233.35621827057733
 20
-326.18535939198364
 10
233.35621827057733
 20
-329.0
  0
LWPOLYLINE
  5
1504
330
17
100
AcDbEntity
  8
EH3
100
AcDbPolyline
 90
2
 70
0
 10
0.0
 20
-333.0
 10
0.0
 20
-329.0
  0
LWPOLYLINE
  5
1505
330
17
100
AcDbEntity
  8
EH3
100
AcDbPolyline
 90
2
 70
0
 10
233.35621827057733
 20
-329.0
 10
233.35621827057733
 20
-333.0
  0
LWPOLYLINE
  5
1507
330
17
100
AcDbEntity
  8
E09
100
AcDbPolyline
 90
2
 70
0
 10
475.0
 20
-375.0
 10
475.0
 20
-375.0
  0
LWPOLYLINE
  5
1508
330
17
100
AcDbEntity
  8
E09
100
AcDbPolyline
 90
2
 70
0
 10
475.0
 20
-375.0
 10
475.0
 20
-165.0
  0
LWPOLYLINE
  5
1509
330
17
100
AcDbEntity
  8
E09
100
AcDbPolyline
 90
2
 70
0
 10
475.0
 20
-165.0
 10
475.0
 20
-165.0
  0
LWPOLYLINE
  5
150A
330
17
100
AcDbEntity
  8
E09
100
AcDbPolyline
 90
2
 70
0
 10
475.0
 20
-165.0
 10
475.0
 20
-375.0
  0
LWPOLYLINE
  5
150B
330
17
100
AcDbEntity
  8
E09
100
AcDbPolyline
 90
2
 70
0
 10
825.0
 20
-375.0
 10
825.0
 20
-375.0
  0
LWPOLYLINE
  5
150C
330
17
100
AcDbEntity
  8
E09
100
AcDbPolyline
 90
2
 70
0
 10
825.0
 20
-165.0
 10
825.0
 20
-375.0
  0
LWPOLYLINE
  5
150D
330
17
100
AcDbEntity
  8
E09
100
AcDbPolyline
 90
2
 70
0
 10
825.0
 20
-165.0
 10
825.0
 20
-165.0
  0
LWPOLYLINE
  5
150E
330
17
100
AcDbEntity
  8
E09
100
AcDbPolyline
 90
2
 70
0
 10
825.0
 20
-375.0
 10
825.0
 20
-165.0
  0
LWPOLYLINE
  5
150F
330
17
100
AcDbEntity
  8
E09
100
AcDbPolyline
 90
2
 70
0
 10
475.0
 20
-375.0
 10
825.0
 20
-375.0
  0
LWPOLYLINE
  5
1510
330
17
100
AcDbEntity
  8
E09
100
AcDbPolyline
 90
2
 70
0
 10
825.0
 20
-375.0
 10
475.0
 20
-375.0
  0
LWPOLYLINE
  5
1511
330
17
100
AcDbEntity
  8
E09
100
AcDbPolyline
 90
2
 70
0
 10
825.0
 20
-165.0
 10
475.0
 20
-165.0
  0
LWPOLYLINE
  5
1512
330
17
100
AcDbEntity
  8
E09
100
AcDbPolyline
 90
2
 70
0
 10
475.0
 20
-165.0
 10
825.0
 20
-165.0
  0
LWPOLYLINE
  5
1514
330
17
100
AcDbEntity
  8
E10
100
AcDbPolyline
 90
2
 70
0
 10
500.0
 20
-365.0
 10
500.0
 20
-365.0
  0
LWPOLYLINE
  5
1515
330
17
100
AcDbEntity
  8
E10
100
AcDbPolyline
 90
2
 70
0
 10
500.0
 20
-365.0
 10
500.0
 20
-185.0
  0
LWPOLYLINE
  5
1516
330
17
100
AcDbEntity
  8
E10
100
AcDbPolyline
 90
2
 70
0
 10
500.0
 20
-185.0
 10
500.0
 20
-185.0
  0
LWPOLYLINE
  5
1517
330
17
100
AcDbEntity
  8
E10
100
AcDbPolyline
 90
2
 70
0
 10
500.0
 20
-185.0
 10
500.0
 20
-365.0
  0
LWPOLYLINE
  5
1518
330
17
100
AcDbEntity
  8
E10
100
AcDbPolyline
 90
2
 70
0
 10
800.0
 20
-365.0
 10
800.0
 20
-365.0
  0
LWPOLYLINE
  5
1519
330
17
100
AcDbEntity
  8
E10
100
AcDbPolyline
 90
2
 70
0
 10
800.0
 20
-185.0
 10
800.0
 20
-365.0
  0
LWPOLYLINE
  5
151A
330
17
100
AcDbEntity
  8
E10
100
AcDbPolyline
 90
2
 70
0
 10
800.0
 20
-185.0
 10
800.0
 20
-185.0
  0
LWPOLYLINE
  5
151B
330
17
100
AcDbEntity
  8
E10
100
AcDbPolyline
 90
2
 70
0
 10
800.0
 20
-365.0
 10
800.0
 20
-185.0
  0
LWPOLYLINE
  5
151C
330
17
100
AcDbEntity
  8
E10
100
AcDbPolyline
 90
2
 70
0
 10
500.0
 20
-365.0
 10
800.0
 20
-365.0
  0
LWPOLYLINE
  5
151D
330
17
100
AcDbEntity
  8
E10
100
AcDbPolyline
 90
2
 70
0
 10
800.0
 20
-365.0
 10
500.0
 20
-365.0
  0
LWPOLYLINE
  5
151E
330
17
100
AcDbEntity
  8
E10
100
AcDbPolyline
 90
2
 70
0
 10
800.0
 20
-185.0
 10
500.0
 20
-185.0
  0
LWPOLYLINE
  5
151F
330
17
100
AcDbEntity
  8
E10
100
AcDbPolyline
 90
2
 70
0
 10
500.0
 20
-185.0
 10
800.0
 20
-185.0
  0
LWPOLYLINE
  5
1521
330
17
100
AcDbEntity
  8
E12
100
AcDbPolyline
 90
2
 70
0
 10
135.0
 20
-95.0
 10
135.0
 20
-95.0
  0
LWPOLYLINE
  5
1522
330
17
100
AcDbEntity
  8
E12
100
AcDbPolyline
 90
2
 70
0
 10
135.0
 20
-95.0
 10
135.0
 20
95.0
  0
LWPOLYLINE
  5
1523
330
17
100
AcDbEntity
  8
E12
100
AcDbPolyline
 90
2
 70
0
 10
135.0
 20
95.0
 10
135.0
 20
95.0
  0
LWPOLYLINE
  5
1524
330
17
100
AcDbEntity
  8
E12
100
AcDbPolyline
 90
2
 70
0
 10
135.0
 20
95.0
 10
135.0
 20
-95.0
  0
LWPOLYLINE
  5
1525
330
17
100
AcDbEntity
  8
E12
100
AcDbPolyline
 90
2
 70
0
 10
365.0
 20
-95.0
 10
365.0
 20
-95.0
  0
LWPOLYLINE
  5
1526
330
17
100
AcDbEntity
  8
E12
100
AcDbPolyline
 90
2
 70
0
 10
365.0
 20
95.0
 10
365.0
 20
-95.0
  0
LWPOLYLINE
  5
1527
330
17
100
AcDbEntity
  8
E12
100
AcDbPolyline
 90
2
 70
0
 10
365.0
 20
95.0
 10
365.0
 20
95.0
  0
LWPOLYLINE
  5
1528
330
17
100
AcDbEntity
  8
E12
100
AcDbPolyline
 90
2
 70
0
 10
365.0
 20
-95.0
 10
365.0
 20
95.0
  0
LWPOLYLINE
  5
1529
330
17
100
AcDbEntity
  8
E12
100
AcDbPolyline
 90
2
 70
0
 10
135.0
 20
-95.0
 10
365.0
 20
-95.0
  0
LWPOLYLINE
  5
152A
330
17
100
AcDbEntity
  8
E12
100
AcDbPolyline
 90
2
 70
0
 10
365.0
 20
-95.0
 10
135.0
 20
-95.0
  0
LWPOLYLINE
  5
152B
330
17
100
AcDbEntity
  8
E12
100
AcDbPolyline
 90
2
 70
0
 10
365.0
 20
95.0
 10
135.0
 20
95.0
  0
LWPOLYLINE
  5
152C
330
17
100
AcDbEntity
  8
E12
100
AcDbPolyline
 90
2
 70
0
 10
135.0
 20
95.0
 10
365.0
 20
95.0
  0
LWPOLYLINE
  5
152E
330
17
100
AcDbEntity
  8
E13
100
AcDbPolyline
 90
2
 70
0
 10
150.0
 20
-80.0
 10
150.0
 20
-80.0
  0
LWPOLYLINE
  5
152F
330
17
100
AcDbEntity
  8
E13
100
AcDbPolyline
 90
2
 70
0
 10
150.0
 20
-80.0
 10
150.0
 20
80.0
  0
LWPOLYLINE
  5
1530
330
17
100
AcDbEntity
  8
E13
100
AcDbPolyline
 90
2
 70
0
 10
150.0
 20
80.0
 10
150.0
 20
80.0
  0
LWPOLYLINE
  5
1531
330
17
100
AcDbEntity
  8
E13
100
AcDbPolyline
 90
2
 70
0
 10
150.0
 20
80.0
 10
150.0
 20
-80.0
  0
LWPOLYLINE
  5
1532
330
17
100
AcDbEntity
  8
E13
100
AcDbPolyline
 90
2
 70
0
 10
350.0
 20
-80.0
 10
350.0
 20
-80.0
  0
LWPOLYLINE
  5
1533
330
17
100
AcDbEntity
  8
E13
100
AcDbPolyline
 90
2
 70
0
 10
350.0
 20
80.0
 10
350.0
 20
-80.0
  0
LWPOLYLINE
  5
1534
330
17
100
AcDbEntity
  8
E13
100
AcDbPolyline
 90
2
 70
0
 10
350.0
 20
80.0
 10
350.0
 20
80.0
  0
LWPOLYLINE
  5
1535
330
17
100
AcDbEntity
  8
E13
100
AcDbPolyline
 90
2
 70
0
 10
350.0
 20
-80.0
 10
350.0
 20
80.0
  0
LWPOLYLINE
  5
1536
330
17
100
AcDbEntity
  8
E13
100
AcDbPolyline
 90
2
 70
0
 10
150.0
 20
-80.0
 10
350.0
 20
-80.0
  0
LWPOLYLINE
  5
1537
330
17
100
AcDbEntity
  8
E13
100
AcDbPolyline
 90
2
 70
0
 10
350.0
 20
-80.0
 10
150.0
 20
-80.0
  0
LWPOLYLINE
  5
1538
330
17
100
AcDbEntity
  8
E13
100
AcDbPolyline
 90
2
 70
0
 10
350.0
 20
80.0
 10
150.0
 20
80.0
  0
LWPOLYLINE
  5
1539
330
17
100
AcDbEntity
  8
E13
100
AcDbPolyline
 90
2
 70
0
 10
150.0
 20
80.0
 10
350.0
 20
80.0
  0
LWPOLYLINE
  5
153B
330
17
100
AcDbEntity
  8
E14
100
AcDbPolyline
 90
2
 70
0
 10
177.5
 20
-61.0
 10
177.5
 20
-61.0
  0
LWPOLYLINE
  5
153C
330
17
100
AcDbEntity
  8
E14
100
AcDbPolyline
 90
2
 70
0
 10
177.5
 20
-61.0
 10
177.5
 20
61.0
  0
LWPOLYLINE
  5
153D
330
17
100
AcDbEntity
  8
E14
100
AcDbPolyline
 90
2
 70
0
 10
177.5
 20
61.0
 10
177.5
 20
61.0
  0
LWPOLYLINE
  5
153E
330
17
100
AcDbEntity
  8
E14
100
AcDbPolyline
 90
2
 70
0
 10
177.5
 20
61.0
 10
177.5
 20
-61.0
  0
LWPOLYLINE
  5
153F
330
17
100
AcDbEntity
  8
E14
100
AcDbPolyline
 90
2
 70
0
 10
322.5
 20
-61.0
 10
322.5
 20
-61.0
  0
LWPOLYLINE
  5
1540
330
17
100
AcDbEntity
  8
E14
100
AcDbPolyline
 90
2
 70
0
 10
322.5
 20
61.0
 10
322.5
 20
-61.0
  0
LWPOLYLINE
  5
1541
330
17
100
AcDbEntity
  8
E14
100
AcDbPolyline
 90
2
 70
0
 10
322.5
 20
61.0
 10
322.5
 20
61.0
  0
LWPOLYLINE
  5
1542
330
17
100
AcDbEntity
  8
E14
100
AcDbPolyline
 90
2
 70
0
 10
322.5
 20
-61.0
 10
322.5
 20
61.0
  0
LWPOLYLINE
  5
1543
330
17
100
AcDbEntity
  8
E14
100
AcDbPolyline
 90
2
 70
0
 10
177.5
 20
-61.0
 10
322.5
 20
-61.0
  0
LWPOLYLINE
  5
1544
330
17
100
AcDbEntity
  8
E14
100
AcDbPolyline
 90
2
 70
0
 10
322.5
 20
-61.0
 10
177.5
 20
-61.0
  0
LWPOLYLINE
  5
1545
330
17
100
AcDbEntity
  8
E14
100
AcDbPolyline
 90
2
 70
0
 10
322.5
 20
61.0
 10
177.5
 20
61.0
  0
LWPOLYLINE
  5
1546
330
17
100
AcDbEntity
  8
E14
100
AcDbPolyline
 90
2
 70
0
 10
177.5
 20
61.0
 10
322.5
 20
61.0
  0
LWPOLYLINE
  5
1548
330
17
100
AcDbEntity
  8
E11
100
AcDbPolyline
 90
2
 70
0
 10
15.0
 20
-435.0
 10
15.0
 20
-435.0
  0
LWPOLYLINE
  5
1549
330
17
100
AcDbEntity
  8
E11
100
AcDbPolyline
 90
2
 70
0
 10
15.0
 20
-435.0
 10
15.0
 20
-375.0
  0
LWPOLYLINE
  5
154A
330
17
100
AcDbEntity
  8
E11
100
AcDbPolyline
 90
2
 70
0
 10
15.0
 20
-375.0
 10
15.0
 20
-375.0
  0
LWPOLYLINE
  5
154B
330
17
100
AcDbEntity
  8
E11
100
AcDbPolyline
 90
2
 70
0
 10
15.0
 20
-375.0
 10
15.0
 20
-435.0
  0
LWPOLYLINE
  5
154C
330
17
100
AcDbEntity
  8
E11
100
AcDbPolyline
 90
2
 70
0
 10
185.0
 20
-435.0
 10
185.0
 20
-435.0
  0
LWPOLYLINE
  5
154D
330
17
100
AcDbEntity
  8
E11
100
AcDbPolyline
 90
2
 70
0
 10
185.0
 20
-375.0
 10
185.0
 20
-435.0
  0
LWPOLYLINE
  5
154E
330
17
100
AcDbEntity
  8
E11
100
AcDbPolyline
 90
2
 70
0
 10
185.0
 20
-375.0
 10
185.0
 20
-375.0
  0
LWPOLYLINE
  5
154F
330
17
100
AcDbEntity
  8
E11
100
AcDbPolyline
 90
2
 70
0
 10
185.0
 20
-435.0
 10
185.0
 20
-375.0
  0
LWPOLYLINE
  5
1550
330
17
100
AcDbEntity
  8
E11
100
AcDbPolyline
 90
2
 70
0
 10
15.0
 20
-435.0
 10
185.0
 20
-435.0
  0
LWPOLYLINE
  5
1551
330
17
100
AcDbEntity
  8
E11
100
AcDbPolyline
 90
2
 70
0
 10
185.0
 20
-435.0
 10
15.0
 20
-435.0
  0
LWPOLYLINE
  5
1552
330
17
100
AcDbEntity
  8
E11
100
AcDbPolyline
 90
2
 70
0
 10
185.0
 20
-375.0
 10
15.0
 20
-375.0
  0
LWPOLYLINE
  5
1553
330
17
100
AcDbEntity
  8
E11
100
AcDbPolyline
 90
2
 70
0
 10
15.0
 20
-375.0
 10
185.0
 20
-375.0
  0
ENDSEC
  0
SECTION
  2
OBJECTS
  0
DICTIONARY
  5
A
330
0
100
AcDbDictionary
281
1
  3
ACAD_COLOR
350
B
  3
ACAD_GROUP
350
C
  3
ACAD_LAYOUT
350
D
  3
ACAD_MATERIAL
350
E
  3
ACAD_MLEADERSTYLE
350
F
  3
ACAD_MLINESTYLE
350
10
  3
ACAD_PLOTSETTINGS
350
11
  3
ACAD_PLOTSTYLENAME
350
12
  3
ACAD_SCALELIST
350
14
  3
ACAD_TABLESTYLE
350
15
  3
ACAD_VISUALSTYLE
350
16
  3
EZDXF_META
350
2D
  0
DICTIONARY
  5
B
330
A
100
AcDbDictionary
281
1
  0
DICTIONARY
  5
C
330
A
100
AcDbDictionary
281
1
  0
DICTIONARY
  5
D
330
A
100
AcDbDictionary
281
1
  3
Model
350
1A
  3
Layout1
350
1E
  0
DICTIONARY
  5
E
330
A
100
AcDbDictionary
281
1
  3
ByBlock
350
1F
  3
ByLayer
350
20
  3
Global
350
21
  0
DICTIONARY
  5
F
330
A
100
AcDbDictionary
281
1
  3
Standard
350
2C
  0
DICTIONARY
  5
10
330
A
100
AcDbDictionary
281
1
  3
Standard
350
22
  0
DICTIONARY
  5
11
330
A
100
AcDbDictionary
281
1
  0
ACDBDICTIONARYWDFLT
  5
12
330
A
100
AcDbDictionary
281
1
  3
Normal
350
13
100
AcDbDictionaryWithDefault
340
13
  0
ACDBPLACEHOLDER
  5
13
330
12
  0
DICTIONARY
  5
14
330
A
100
AcDbDictionary
281
1
  0
DICTIONARY
  5
15
330
A
100
AcDbDictionary
281
1
  0
DICTIONARY
  5
16
330
A
100
AcDbDictionary
281
1
  0
LAYOUT
  5
1A
330
D
100
AcDbPlotSettings
  1

  4
A3
  6

 40
7.5
 41
20.0
 42
7.5
 43
20.0
 44
420.0
 45
297.0
 46
0.0
 47
0.0
 48
0.0
 49
0.0
140
0.0
141
0.0
142
1.0
143
1.0
 70
1024
 72
1
 73
0
 74
5
  7

 75
16
 76
0
 77
2
 78
300
147
1.0
148
0.0
149
0.0
100
AcDbLayout
  1
Model
 70
1
 71
0
 10
0.0
 20
0.0
 11
420.0
 21
297.0
 12
0.0
 22
0.0
 32
0.0
 14
1e+20
 24
1e+20
 34
1e+20
 15
-1e+20
 25
-1e+20
 35
-1e+20
146
0.0
 13
0.0
 23
0.0
 33
0.0
 16
1.0
 26
0.0
 36
0.0
 17
0.0
 27
1.0
 37
0.0
 76
1
330
17
  0
LAYOUT
  5
1E
330
D
100
AcDbPlotSettings
  1

  4
A3
  6

 40
7.5
 41
20.0
 42
7.5
 43
20.0
 44
420.0
 45
297.0
 46
0.0
 47
0.0
 48
0.0
 49
0.0
140
0.0
141
0.0
142
1.0
143
1.0
 70
0
 72
1
 73
0
 74
5
  7

 75
16
 76
0
 77
2
 78
300
147
1.0
148
0.0
149
0.0
100
AcDbLayout
  1
Layout1
 70
1
 71
1
 10
0.0
 20
0.0
 11
420.0
 21
297.0
 12
0.0
 22
0.0
 32
0.0
 14
1e+20
 24
1e+20
 34
1e+20
 15
-1e+20
 25
-1e+20
 35
-1e+20
146
0.0
 13
0.0
 23
0.0
 33
0.0
 16
1.0
 26
0.0
 36
0.0
 17
0.0
 27
1.0
 37
0.0
 76
1
330
1B
  0
MATERIAL
  5
1F
102
{ACAD_REACTORS
330
E
102
}
330
E
100
AcDbMaterial
  1
ByBlock
  2

 70
0
 40
1.0
 71
1
 41
1.0
 91
-1023410177
 42
1.0
 72
1
  3

 73
1
 74
1
 75
1
 44
0.5
 73
0
 45
1.0
 46
1.0
 77
1
  4

 78
1
 79
1
170
1
 48
1.0
171
1
  6

172
1
173
1
174
1
140
1.0
141
1.0
175
1
  7

176
1
177
1
178
1
143
1.0
179
1
  8

270
1
271
1
272
1
145
1.0
146
1.0
273
1
  9

274
1
275
1
276
1
 42
1.0
 72
1
  3

 73
1
 74
1
 75
1
 94
63
  0
MATERIAL
  5
20
102
{ACAD_REACTORS
330
E
102
}
330
E
100
AcDbMaterial
  1
ByLayer
  2

 70
0
 40
1.0
 71
1
 41
1.0
 91
-1023410177
 42
1.0
 72
1
  3

 73
1
 74
1
 75
1
 44
0.5
 73
0
 45
1.0
 46
1.0
 77
1
  4

 78
1
 79
1
170
1
 48
1.0
171
1
  6

172
1
173
1
174
1
140
1.0
141
1.0
175
1
  7

176
1
177
1
178
1
143
1.0
179
1
  8

270
1
271
1
272
1
145
1.0
146
1.0
273
1
  9

274
1
275
1
276
1
 42
1.0
 72
1
  3

 73
1
 74
1
 75
1
 94
63
  0
MATERIAL
  5
21
102
{ACAD_REACTORS
330
E
102
}
330
E
100
AcDbMaterial
  1
Global
  2

 70
0
 40
1.0
 71
1
 41
1.0
 91
-1023410177
 42
1.0
 72
1
  3

 73
1
 74
1
 75
1
 44
0.5
 73
0
 45
1.0
 46
1.0
 77
1
  4

 78
1
 79
1
170
1
 48
1.0
171
1
  6

172
1
173
1
174
1
140
1.0
141
1.0
175
1
  7

176
1
177
1
178
1
143
1.0
179
1
  8

270
1
271
1
272
1
145
1.0
146
1.0
273
1
  9

274
1
275
1
276
1
 42
1.0
 72
1
  3

 73
1
 74
1
 75
1
 94
63
  0
MLINESTYLE
  5
22
102
{ACAD_REACTORS
330
10
102
}
330
10
100
AcDbMlineStyle
  2
Standard
 70
0
  3

 62
256
 51
90.0
 52
90.0
 71
2
 49
0.5
 62
256
  6
BYLAYER
 49
-0.5
 62
256
  6
BYLAYER
  0
MLEADERSTYLE
  5
2C
102
{ACAD_REACTORS
330
F
102
}
330
F
100
AcDbMLeaderStyle
179
2
170
2
171
1
172
0
 90
2
 40
0.0
 41
0.0
173
1
 91
-1056964608
 92
-2
290
1
 42
2.0
291
1
 43
8.0
  3
Standard
 44
4.0
300

342
29
174
1
175
1
176
0
178
1
 93
-1056964608
 45
4.0
292
0
297
0
 46
4.0
 94
-1056964608
 47
1.0
 49
1.0
140
1.0
294
1
141
0.0
177
0
142
1.0
295
0
296
0
143
3.75
271
0
272
9
273
9
  0
DICTIONARY
  5
2D
330
A
100
AcDbDictionary
280
1
281
1
  3
CREATED_BY_EZDXF
350
2E
  3
WRITTEN_BY_EZDXF
350
1556
  0
DICTIONARYVAR
  5
2E
330
2D
100
DictionaryVariables
280
0
  1
1.4.4 @ 2026-10-02T16:51:19.411544+00:00
  0
DICTIONARYVAR
  5
1556
330
2D
100
DictionaryVariables
280
0
  1
1.4.4 @ 2026-10-02T16:51:19.729985+00:00
  0
ENDSEC
  0
EOF
